draw,orientation,seed,graph_hash,matching_validated
0,L12,14695065022089789519,56fff8ddbbccad763648755c45db51aaf60a2b860566f19b4923585c53f0e68d,True
0,L21,10225073507998830416,b2f644be5d4ef11772a49cdb09d3bd7d397252aefa1df6bec3c0084fc777e5fc,True
0,L13,16716827141560161430,0f03827550968a631ac719a5b8455070d84ec2eb9f6d8889874b6af6d790cc2d,True
0,L31,4871775552951786494,13d87c57acaf49a7f75663dc93d587b5851d266e67603d223555a33753bb130b,True
0,L23,17315666583308459350,80eed5cce4ffb1578ed473d44fe09fdebf25e9c74ba86cce8783e05e10cd484f,True
0,L32,67706871949429382,ee381e5ed63ab262061f718eb2ffefd76fa58bc22daf5c52eba4c0660398f786,True
1,L12,7402974467818387182,75eabdff3ef749cfca88f0158596ed4c47d82d5128941a7d7b30d3be083041a3,True
1,L21,11274377363940413260,210151233ddefd5ca1d78709d131dc3d8c99a8aa44ec747a5bf0434919b74877,True
1,L13,8881130073203001791,09842e988fa6bacd88eb7cbfd9ba88215866d6cf33e2556ee12ef2d2a5b7179b,True
1,L31,11626066982833049692,d8e5b75e4780afd7cd420896b54076200b56ccb9f6bd0f1d38ed1ae3a1e0f7f6,True
1,L23,15188005812585425838,9307de3bf90fefbd0dbe7661970c2d5acd8de06a4dfd86b4343671519033c1c5,True
1,L32,9684806553003914382,25a8d11704b03bd37e0a50c1bd5503c63bc2301aeece81b7aa32b68908ab4cb5,True
2,L12,8109044732933823063,156034aed10a32cd4a15b53eab7529319b31cb0272ecffb97d343229e7e3822b,True
2,L21,17432403796180967358,eb28cef8994c20d3a14a3e72cfd3d68f788e0da5892fe1ffc6484f0fff681803,True
2,L13,14320779487667535764,54a9f060c57763fdb019c1d1a0e6e27e2cec0ec0a1dbd91535d54ad6d99ce4d3,True
2,L31,6040018549537489448,83d30c357f1175313db4f95da20c03b7b46c7711861c3a03d242813b2d092489,True
2,L23,11389457969058330003,bfd873031ecd1d72ac009157d4def2ab3b66588b90028fa50029c0ca92667d97,True
2,L32,1814653341477533099,6aa0ded07a4d726d89f9b9407312bf29d0d194a941578485772b5400c12506b4,True
3,L12,421155024072014026,faa75a7b8d18a9d84cfec8a416d7814d1d6ebca981b08c8db6f763cb6c29ccf3,True
3,L21,6003663747661382578,40e5da72cbb947d4b247b512cb1bbd80459075793b9d2ec8df9f7ee1c1e8bcb0,True
3,L13,6804187194438828345,8f4b66b8565d8b53878f996f96c45c293f0b83adb336e614aa36947b8ff8624d,True
3,L31,8824154248662536975,308283d5adf27e2a93e1243e29ad41b56862bd8e63a89ed52bca79fc86a39db6,True
3,L23,16026550886471466827,4f8da85d725c37174f5b3d36cc427308a878b84a8bdc0a414dbfe1e4b367ada1,True
3,L32,17291379457775397737,aa9c96a470584e0a265aead7b8f6cabe532814537be6da2173d6dad874cc9cf8,True
4,L12,16879256485967920189,ece2083c81f1907114710bd274f0a0e4a0efc6f24746bf72c9d372838e69522f,True
4,L21,6343015785461762662,5e120a857c20ce6363ca930304a9b8e003a65b9bf129da25418e0cd3c6501eaa,True
4,L13,8267025750259129374,1021248f2520b13890b25bbab630c7433b14ac70ccf88efac2acf5b666c3b984,True
4,L31,10292140788575978124,88d8887530b3a919be22f5be3406fe347f5a3fa4b86160fb076659524ddffd70,True
4,L23,513417865374397602,fc1b582bfa924aa61444d2dc5af3ce510e1ac4ff2add90d4553dd64b80bd936b,True
4,L32,15603426858696793753,475a07e7f5c260c2eee34f2021481edf2c8102783c97735e3780bab1f0453971,True
5,L12,4691847673296864346,d63a76513b6ef9cd1cffe6ba464149d8428f5fda64eff6513a835e4b6ea89044,True
5,L21,9531917205967336632,445a1c339e29c59bcb837c7542df77e6f0a82939124ed1d8651e3d6c3c7be654,True
5,L13,4309535695315841030,5d7f3e6720f7caa0e1c58b01eacaea7cc1055f52f0c29f0190474539286705a8,True
5,L31,10377950512006051652,84326de7f415aad90287545f12c853abc3f946e391fcfe20869951557b537472,True
5,L23,4979477957341247581,3e639aae0410bb7e0761d73651e51a1b85792cc9603a4c0481e2cb949790e390,True
5,L32,5812402665328468437,6c9b05a317c1f67647f09afdb79b24ea4aaedeb99dbcfcaff3a2b03c70d67280,True
6,L12,14187577292606893150,b8c4ba5d825b795d22daea9e86766e1234978f79ba88ffb5a3707e0dbefb7b15,True
6,L21,7166968279418314567,8edc298b8818909037def8e93f676850712686f8b816c3562501d52506f7ae9a,True
6,L13,721410555690851558,58b01db2ee969744310666dc18b1b54d1a139b910ddfdcd17d6df4ebe4fd02f7,True
6,L31,13876060914281471075,5e0e766942ea9e14387f33d8a81cadc44fd1bea372ce670cbbff9cd695ee2731,True
6,L23,2323465862883150581,4ecbb01ada9535274567eee26440f73288ab462e1c611127ed9bb4fcec74b69a,True
6,L32,6389872214975770567,5bc023d0ef8441f5ce998d0011b386ef944437887a03fd5f85ace66ae70e0fd5,True
7,L12,11912490911998907074,fbd13fba81f8556cc12eb58378268a05e3e246197dc4f39a05c86ecdf3770e30,True
7,L21,4263008659695805719,0bb9ac0dc9ffca823c35f976874ccdcd070696243354d4b13b7a6e0038473296,True
7,L13,4420365071688925847,64610f0fdb89077d23444babc366692d150313489883ac01125559636d19ef80,True
7,L31,17272726467805536797,6fbe55174a35fa1735fc39c41a7624e424292fb6ed8f29d0b6e21870daecc65d,True
7,L23,15870716061126013932,fac95b46f9a770c59cb45a2467cb16380f2d0810fa10c93b822f375bcd1c0412,True
7,L32,18198571681635205151,998acf3bd2d2d3e913afea4f965f9c6a725cf3db393bff87cc1110fd8cecd39a,True
8,L12,18150366204787753949,09a23133ca1ff7b21a48a83b0a26f36e3b16ff34f6bceaa63826f3904e5412e0,True
8,L21,14986641933538620520,a4769a4323168c13c14e41770753df672e5496cddf464204fcd6543d03332c6a,True
8,L13,1553766337673307729,c260d48c1072c817f8a69e9c03f9bffc8aaa372e19b03bad69a040b7ace222cf,True
8,L31,12050891774123851184,91d550d08243f17be91d453d0de842ab5855ea01a730a967b1c27d1cfb45db1f,True
8,L23,12844075552374132920,ae96762ed01794c0a744fb3e7b8cadbecd3964ec803bbf1301cbb1b4a4ff1f55,True
8,L32,833806916255339457,6920d99423d6373ac8f4626cb15a967b01b3b7b469a06e6776fb0b6441e8c6fd,True
9,L12,13321304823088614189,c1d3cee3fdf1bfd91fe48071f1d945d029eb435dd18caab033e2824026c8025e,True
9,L21,4354586545798725900,30a26e28706fad64156648e964fad19871f1dbd640538b7afdc65d56dc2efd94,True
9,L13,16888996227720605158,027e987b093185876678f1a1c0ab1e1c64b7abe6e71df1916d131437833dca16,True
9,L31,16602876622649985366,27c31dff8a9b136c44b8a80bb88e11c674625411828adc5f4ce755fea1e614c5,True
9,L23,6888966472807199407,5a2509c80e346a2b1141ab1b386c0f6d0e8201dff75c5c907af5684fe968d8f7,True
9,L32,17520656431508935589,29d044fcb98fd342e4699447bf7b0a98c5173fdb7498bd1688a0e9304504e811,True
10,L12,15531349996633738945,c121c77e71985504bc1859dd8183ab9a511e91cce71d8bc9de380cb193adfa80,True
10,L21,7306800858821676130,3ee2d46a37af89ed85ab8369e1fa52303526e742825d2e48832cdf1948639fc6,True
10,L13,11624397917659779381,5066d412a1f51880a7cb5f6c3e8fd833c6735f3f1d325db9ef7d68913c88f815,True
10,L31,12907920407092957216,f7c55dc91c153091a18a71237978941cb3a2457fc0a4f2fd1b02dedec84004ea,True
10,L23,13589726268476067849,b7115cac97ef63e8a678109d90b54ff99dd3b7c5a39874db935f2731af8f6a56,True
10,L32,1799783914621451380,f66ae7235b176052ba7ae2abfe2a4443331babeed544a26e9841aad9112265c0,True
11,L12,5048501034416214352,7f8bd5aba6df76f065703acf3115403cc0e33e37253c5353c4380634f56fc9e4,True
11,L21,10930659347476580695,67c7d8a38a03128f43436a773aca88bc57c9cbfca494be174a0815582391ff42,True
11,L13,6496760451473200855,8d27042b62aef45333a20bc0bc6344cfcafce80eff24119a272df64ce4ac86d7,True
11,L31,18443604068100993339,53a5db7962d52a7ed0ee4de55fb8052fa09242de87745de84779b56d09baabf6,True
11,L23,12535864771592936039,04f51a01f5301890c253c839220ce0969616ecc1d3bd364987a4655f9d77332f,True
11,L32,15567751595376536656,53022fee3fd4a5b423cc7a8a05af5abe70cdea7a66b2a37a4a1ea60adbb2133b,True
12,L12,6239729714786974643,ecec0874461246f9ceca5cc15656739d182fb4dda5ccf8ddc92c30a3aa83596e,True
12,L21,17738303995614936603,5191d9605c76f3137d6505eefd103cddfac838f1176cd082fd74f0ef0bc5d375,True
12,L13,16482595028229592344,d5e852152db501bc5c88d782b754e185df7b5ad7f3074d31b1079203450c5c35,True
12,L31,15880520746519481596,3211b7411a69574795ce8e032a5453403d009ffef5c3cccd35d16fec9cab2d15,True
12,L23,8390360345012637432,de18859d08c5b45e1e1fe21b5cb2047ceea3c2dd6bd301fe14a79d357faf8a30,True
12,L32,8662196192138377439,058e6caa613b32402c3fdb38721a7b2659fdef852cbdc61c53931a88f210bb63,True
13,L12,15346373444010079317,f545813f512a7b851d93cdb3be60ba7390d13142339e23bf6b1db064ecfcd76c,True
13,L21,10668421606194251098,a2a49d5e185aaefbb4fc18cd69c28c562f7db93ddeda9ee299fbb2ad609257ea,True
13,L13,12750731933065690150,7bd1ffceda31a1126c816580f0fe1bbc14a03de8583c88afd75ce32e72a5ff15,True
13,L31,15559062068462857334,df5e37cb5d116663628a2f44b6c8ca2dd79cc7e74d7abc80d5faa2c2752b9523,True
13,L23,13010779913367749490,f324f693f8b982f98ca75fcd34f9b5bd309e3772f4706b1d92a6e126717aa336,True
13,L32,6813639925240896371,b3acb8fdb88fd8a857b340a9e51340c2695646dcf2ca6d7da2a9c16bfefaf267,True
14,L12,15662096667175928576,287c387699e6bd5594485007b13d2b5f0be536303d9077adfc5314f308feb129,True
14,L21,18349662025729363060,dda0dc5fb784f17247109939f6349f54692d474c8ba6aacb25999fdef5f48162,True
14,L13,14554934279037908408,b63ed152a489703bb8202dac9381ebdcb5dd1717fc0a835912a55f1b05cab8da,True
14,L31,12438900110438404006,64c2836b6798310e5c6ae7d8d9e62d64aecc16cf4c67bb9150f141196bba18e4,True
14,L23,15972796288440997149,9c6414c4000bc0a0574238b4f4f58698443bc7ab5f97ab29237046f8bc58df4a,True
14,L32,5003291194477997005,27703a1f9b5da76319e15a5ce86f4f78da4d6e02299b7f44249483a5cd557da3,True
15,L12,10860061339755727618,046d8a68f873fe717f493e5bd08ac8eaccaf3526d832fc622f5808cec51cfd5e,True
15,L21,51738364663631097,ddafc3becc9ca5dd485b260bd47054f618bd1ec2d3ae3aeb06468ec899cc218e,True
15,L13,15633081878877108083,16470a6420e8c0db791e2f0578ab1287e8879f9e67f934edca1d026454ac3644,True
15,L31,6068897920625550183,de98410634903681589e45ba86766034e96871670d65faafd7fa3b2514dfca6d,True
15,L23,1673253814758710411,7a35c8ab41536efd7d61636bb9c6c3c4ce200bc4a82c9946593205c7c8b18c10,True
15,L32,7479231662702021737,cacdde11470833bdbd9907947b3a18cf8d56a0e10f4b87bbcc6dcdce2546598b,True
16,L12,14399545391331224759,15aa33d78f4fd7cd444a5bf1d5d7f1e06d2c941916baec33df3297aa25967975,True
16,L21,3710333235614421848,e77e6ab25e6051484ccc144f61df3432b909edabffcd69e5fde69f69aeb70839,True
16,L13,8951085219186369599,a5fd2b541f4b95d249f9af60790d7f3a0d1bd0b39658be2dbd701733c382579d,True
16,L31,4858033268928141850,bb9d4d824da50ac0026f5b7104737c9d7d359fc542dcb6235dcb898e98e63461,True
16,L23,7605544202930400600,eb93b0f2e3dd72ff4dcb3ff83cf7edbfe7b00b3cb4bbf51638506be89a40beaf,True
16,L32,3703454752606392241,fbc024c290bd075f3c2c3f823bd0b5c73a4ca563c133cc8db581540552f85a20,True
17,L12,1894643259764568615,f86d791f7263fd3ce17e8d3450d177b0b8d18e55c215d784beaea3b063f3150e,True
17,L21,10320606369932852886,fc548cab45443ff5b7b86a8d27c5b0866ddeb80993cf85e8a8f304ec0398edfb,True
17,L13,12718097407357454804,43cb0b3eb72d4057c680a44b3f832569f1f98a9c831b9ce668b6ea7b18718254,True
17,L31,1105797091662124198,f6052e2699cbbb27554cdbf2f9b05afb80c95b2af7a68b3a342d39a19aa7bef8,True
17,L23,5735531048256395724,35f26cd342fd2a0d342248b7da4fd4f5bd7cb8a736677aabce598d21b9952f76,True
17,L32,15280794129225541165,78120e2c48fd5ca46c51330a99f0a10816a4871798999ac4e0ab06d1d03da7ca,True
18,L12,3002659514306319712,69340ee58415139fff3d3f747734da22988191c06fead1b8174e27013cdcbc78,True
18,L21,8518598778790683717,4db6c85a9bd9d63ceb9d9acc2ac5c5a407ff1c960b06ab76fd975789664badd6,True
18,L13,1596531690427207911,f863fd71b7ec7b8a5b33c8f3ec7dabe56edf3fc425c110086b8fe11ca2052fc6,True
18,L31,11859788210434410020,4628472b25fa1457f5c39e7cd5e0f94de330968698f5025519e194ae5b1afa07,True
18,L23,4466343738899656784,c61c28c25f1327dd4e0dd1492b39cf587c64c0332fd49fa9cbfa136c0216a56f,True
18,L32,13387836938116069827,947a115bd69db148b28fa4aa517746a56ef61cfffa9aaf4290a7ed63e4d2a146,True
19,L12,10797556116205848517,406a720661efe58b1546ba3a938d4ae7724cba27ff5c4ec5e172612c7a90ac7e,True
19,L21,8757004912485221597,f4529aee52e0067c6307d7c29af50ccc61fefecd0f8aa5ada7056ba8bf6d8b83,True
19,L13,8148932278450225907,cd3dd3db6fcf67fd6a58f1b90ae20535d35b581b7885ff830006779f6d0370c5,True
19,L31,15202312518560407882,054f95891ec0f78fe88f3be8237b3429e25d80de51eef5bf7dfad9f5b6ab8522,True
19,L23,15515017341391074420,57cd781ccf5e506dd3d1d202aa15000e666cae65346068794810576593c0310a,True
19,L32,9941753548498276232,ecc41dbad43b469ea2118618a5ec9080bff13825187babcf06ca1d552275157d,True
20,L12,2408737512471872408,4034b1ca68f26e71a1f3811d80012ba00c61f2101bf149500a6a74978184431d,True
20,L21,15417445735994460283,03b3abe6c1517d8153af418134ea23c8c81814aafbd495392bebae85b79d28b1,True
20,L13,8311218680167864585,61d7b612cd16f709db47d09b0c156778f046374f8440db9348920e18ddbbee66,True
20,L31,786199733014497289,89791b68ef08be46fa1c08d17c140fdb31b696ab25cef9ffeed44eac927bde14,True
20,L23,15369167374528674278,03120ebfbc26c4f1dc1dbdfcbe9c928544b857db0bae24ce5e6762af3cce0eab,True
20,L32,17609494815858904052,bdc2015c4ae2030a750285025f8c0b5e74af331e90a0bc89ea61f375c6a88770,True
21,L12,14100593382028599628,2ac5764dc17f53ecd07bb75f9ad9d0128f29505068e5149f71ed4b54ce63f3fd,True
21,L21,5469053918721735262,cf84d6390a16060f0f78d81fd1024e29f8d4f2899196d8da96a54800efaedb2b,True
21,L13,16257545475141289285,797bcd3c044dee26f092060460a7a20f3e831f0c6cc06afea5187bd245e1e0fb,True
21,L31,14673156435541629150,620ea06c7cb9a30bfe6e6ae103e7db917cfed6039f374525e60235a336d55133,True
21,L23,11402881997930999111,83678805ff629eae06e2b4e87956427e7126d1649c4d1bcfae29a298f6e137bf,True
21,L32,5562649701105456241,16890ff5c09c80ba46c368f88f162ee63bcdef91b572ffa7b1bc74ddcb1261db,True
22,L12,16979236984020537565,f6b0341fb59cfda98a48efb26805319739c1bdf99616d930e7a7fe73a604958d,True
22,L21,3530739541589355434,1ec3265c42815185545720a763f2f9815f3c7db897d7a884d698bec674edf6bb,True
22,L13,13672633307708824380,c5ecca0bfcb43b22c87cc71ee44b27d117f2bff7b97891d0565df3c3be106627,True
22,L31,3504018429365418556,dff1f92b2b3e9b2ff236442aa0e184d1133b844723023e1f298e24e076dcc898,True
22,L23,13702481372400388077,dced23f2e7cabad7484eafba240f2d61b5d1285e24afd2f4f9d6a6d909a32f8b,True
22,L32,12461512608599508931,e3b27514a77850beb3013aca63499bcc4980933fdcccdbba4e966a262a55753e,True
23,L12,16017120524082998480,84804121c8faf455628c6610b533c10af7a7a65559525c410c7d2e74878cb08e,True
23,L21,17336945636372818914,38cacad675c8973215150eba6655ad4328dfd9aa4da5f3e8488b3e6b23464dd8,True
23,L13,14703168841967209432,5f59a730940381d6bb64d2b8b32baf724308a189ba380bcfe3a0ad1521b570eb,True
23,L31,14685167922122220059,0f30e22cdb8af7f0027f418803da2769a8512abe38d225eea34a80e4f63c22c0,True
23,L23,5223045111805897464,edae0bb4385319083125b1cec24adb2800c84d59692499855cdebe1f38b3d546,True
23,L32,16018272212778075610,0a46d37b2b0f692e35011172ba6963bdea857713d865d7238b3d981df39d973f,True
24,L12,9148220275732118588,453cc620db679f3c64ce598159a5741e8822d6632e7e20df045ddb5616135301,True
24,L21,18333033662715741400,19c4d73a5e499403b980a638c41cd2a972b5b183450263d9010c9d383f47acc1,True
24,L13,975682458281385875,831631d8977228a700eda0c424a0d279a328e7f6589d76ac1875a26a4a3b7a60,True
24,L31,15710361661142783713,5b6373f197f7e1cb27db0155eab986116734008fd11091d8cb3502d59097792e,True
24,L23,14652535654036505869,a9c84114b890ffc198ec3780eb8ed009af315483e18061c2b35c70154a4097dd,True
24,L32,3246233111665161790,721f2e8cb54213d4150befdf1c5f295fbef2355f259c9ff34e4208a841a9852d,True
25,L12,15370323819301413693,6bdd13fac611fa2866644690e08f32065da75d2142f98ddc746ce14261222917,True
25,L21,11781956688771061887,475283d1019f88672831214903db3ee9c7b0e3c7b5f4c03044af49904ce9536a,True
25,L13,10706203926387480412,878d52081da24b74aabe322b4bc3fb54f0c198da70306586c942329db36fb718,True
25,L31,11347371005786044759,e7695a00d1a171a152bdb29e22d9f1d1d9cf2961b7acff94a7d8630410783b6e,True
25,L23,774509150357720092,adce5bab87e6c359c9b3ca2341e0ce9c093694a8b20283176a6a18226f96260e,True
25,L32,9404424767816475693,b822d900e52bb981e4b9e92ee10ca155736c99b18e5512fb33c21421cd0f53f2,True
26,L12,311544718687761018,974d141bd899163a55bdd791ba2016a18f2c736de97b8af7b7502faf609500cd,True
26,L21,18162177590798916674,d4d8ea1b31c330057ea3917e4cf0b5e8b56e799df954e6ace858a551c33b9261,True
26,L13,9210224246477753228,18e26cf71631552c5e0be1878f0dfcb4be0b5b27d8b37c98d2b22cb1988a5099,True
26,L31,6998652683610826289,8812665f965712d22332f24dbe73dd15a1e725c939e8dfdd991b0510e664a99d,True
26,L23,13625709742069221728,5f1b8e68d769d5966e54bd86a120f24e480ebc6d620c2494904f7535145cf02e,True
26,L32,10671763667433891441,98f29c1147418a34a8aac9a073d85a29bb20f27308147fc6efbb809cf29433d5,True
27,L12,9186159499583621390,041fa83e6ef5c595eca8cbed75855e10aa060e575a6e44976e2ca9f2726da364,True
27,L21,17949754048586113715,61ed968f5cd334c946846b7dac4c26455f429d9513a1c8d468414ec015c94165,True
27,L13,7054245347644135277,74743eae3f2a25707cd6de2337402363b26b8d83da416a67598dbfc88ae0195b,True
27,L31,11785797999584502680,6697dc1f5fe0ff8f1ccddf560d2aa81f8ea5252a9dfa0224fe1c41402bbbf3e9,True
27,L23,8093668553025705455,7f05334b404cab4f506d82a00b21d23f508f163e7b1a62755115345b9dfa159b,True
27,L32,15359113907028406253,8a8a12122ffcf7211388591f52398e4a94917f59162454bb6f7c5277f98a3c8e,True
28,L12,4065591371271089847,072f2e49e5d1ae8e5497ad49f27e95f4c27f85c2680f6da8e7a4bca8250dfebd,True
28,L21,18386617243808432382,9624652e90202abba3c6ffc335af505ca13ea066307f91ad6659885bd76ef09d,True
28,L13,440823856209922352,0be3acfc6010e2e5054886e479bc095e79c930994b0bd44d33bc7c69376ae059,True
28,L31,11584126301623447781,5ef3fb321a4b3abc25c475c49a0b12c6bbfe479e93b3352b25b8388569ccb24a,True
28,L23,6108774129053901817,fdc6109443908dffcfb3b999232d28062fc53098eb215c914dbc50fa19ad6488,True
28,L32,8500539387457030381,b13fc3309beee4c30182b7bed3482aaa47deb7f82ff9684495a79b16471379ef,True
29,L12,872250877948958344,c7c37958e22cfb8eeba4aeda7494f292cf7b0909fdc413fe21de0a2ba5dfa49b,True
29,L21,5538666361128781340,29389dfe5cc08efbf6960fce6b7b312f7e05d407a968b2c543b892f393232ee2,True
29,L13,13672224519936694513,0c4fee9921e565906a770fe11772af771349753be5b89403c2a086ca463c5440,True
29,L31,17093373622546491288,11ccaf09e4ecf9225873da14446fe78863dd70c9a4404331be385c4e5eed8642,True
29,L23,5649515015575786628,08df3b120bee2ee97e995a01975d25519bbf43072d3e8fbfa75ff8a1161e2233,True
29,L32,363836814672582431,fd9a202bc39500e61db9afb04e834fa822fa8d5a6761843742ceb55ba45f655e,True
30,L12,17671352615776266987,39a926b842c4fb94eb9d0a478eafff0bfc5c8b2bc369bdb24676aec6fb1b69ec,True
30,L21,5910500816730775463,6ddd143ff7e1102e0da5270de9a6db14a1ff42de47ab2aac8e3e8d7ba80791f6,True
30,L13,2744924967083443555,0144a1944d77b972afe0b8725e52ecaf204715b8bc3b043ff536cddd00ad910b,True
30,L31,10590774007775228636,00277f200dbe5e9e0b7ee080849da250c4102e772a31841cb1b8d00b7384944e,True
30,L23,267199212582918463,8f93a03ab8bbfeed30e2400a8680311945732e29eee3dd17cfd96c0eee6d560e,True
30,L32,15577878854536098396,ca15a5c1766500dc0c713469c2216ec3856880213a445210fd3e083904944748,True
31,L12,13919423820376849086,d6f3c17b371329fad452bac1affb046229ece4bd9c12e3ceda38c52b446f9e25,True
31,L21,1672490680570404636,af80759e378e814fd4c038952e63e38cc10997a3f7a740cacfbde960397c7c8a,True
31,L13,5987802595336313413,145d454615927286bc8f54ead791a91762309edc8bd6605991531b15405855fd,True
31,L31,4785038902672674072,32237ec198a770428a3409a7d86833dacd32f5f6c2f5f87f15a96eb1a38da947,True
31,L23,9215959659188197657,b1a9c0a7993846b6747ab5f769cc542ecbc8a996168801978fed391261ed14a3,True
31,L32,11201341027308624352,7c49a536d7158ac59f2a9b236a86e8c562bf76a1ae567871da9c39ee61862e86,True
32,L12,10694299025557656145,3fae6a58c160a9a641d160bf1bc7886f319a8a1fbe3af51af9ac80ff4b504b89,True
32,L21,1347955447790696511,5b48637614ee82e7af9d508c5443f506f4a43cfb8598329135c79d916c9d8f53,True
32,L13,5645467988552642054,814b8888b262b93e8e9dd8ff77db72704a4962222e07a1691377d87fca8e277d,True
32,L31,10408705685908194474,3d6d9e17ed1411dc8f991445f0fe255c7624b9cd87abf75ff5cb14c8f5b7a5da,True
32,L23,117839721923200002,22903bafef8953f8c933a28304d9c590745ff42990189b53db6392a6d7c178f6,True
32,L32,18280733393494993470,cb60fa1008e95d8de7f90bc774c9a105ce6b1addd611e8c81624a16e42428dba,True
33,L12,7545285808662585704,05232f27d98a929340afb9eff5da38677fc9d83e17ea14ec05d45c3c26b8ec6d,True
33,L21,13321737378305746991,c15ee6642aa941a0ed9d1ed0236b990d1b7494dcb419a6b83cfe420e4fbd72b8,True
33,L13,4308318524765565598,ade9213196e10c09398f0e1535a7601e3b7832b547c19747ad77f50de2c2ac4b,True
33,L31,17806298216309339882,e7ce62d319f5e6db66123b3780d3c83f0a60e9b76b7b8921699d36a60e8ba9a1,True
33,L23,13607805507083693357,67f4c55ce1bf3a427ecbd11a9b75e3d060da29f748f2c0c2d2130119e1dbddb7,True
33,L32,1110676779415489592,ae9a046d2c3829f97ff2b21461a5ddaa45579d4a66f6503ba555d74969e6de46,True
34,L12,13191726550240280350,2c1c9b24ab13c4085580d0860918891586fce966a1185412bb842c222a08bda0,True
34,L21,5439312421659707250,3d391570868f3bfab78e493f2fb84ef6de3b26f84d671f4afc43530631ecd8c9,True
34,L13,4850837773911047894,a6c2b940903b8b799680c7fbb8af7ac7dcef2c6223b60fe9fa772d91aa136943,True
34,L31,14356796649834807257,8bcd9f9c87bb39964d78629fc43a9a94ed77afc240d0035642710fa75f7a84fc,True
34,L23,11270655966964919756,c88c342fad3788d9ad7ebad502a5d33a3d198c466d10953c2e09a06d5f6ed09e,True
34,L32,1854539635491417357,89cc72e90b8bcd8edbea343a6f5a8878a33fce1bd32001cf9b846d083d5baf32,True
35,L12,6601373781538479515,119d2c84d77c57e3847c2a5d29c79ae723291bef3e076c86806ee8dec65edb96,True
35,L21,18406561011710252210,e5aa795819c760133033347c2a47b5b0ab35f7d0599b26df3027c9c2d4b5c2ce,True
35,L13,9578747109932261745,783a90b70a6716a7b8095a963bbb7d91fd3fe8fff4090202dcc44c5f86c16bab,True
35,L31,7852552296348819774,a1216dc7a618307b891e98e81db939e2358788594741e010bddef4e81215e8f1,True
35,L23,1978304291302688603,ae42edb551050a33711d2eaabaee4b42c1f62ac2914cdf2d0410e8d520419dae,True
35,L32,17646946259420537042,d727695e9f8edf7da29a7add390768db84fa3a3e715320d596af39758277c9f1,True
36,L12,11376796641950069830,04cf3b183a6bd0a8475167c77f5db94dbb4a6df1fb1e6a4660fe4c51ecae11e6,True
36,L21,570992539377680271,e4c366555197228441ee4f647354bfeff6f91b1112717bfbcba6f333280168e7,True
36,L13,17674656202940771654,9690baad1861b1c77a5f6d1c34872c026e82dabb7b42c0871efb31193e6aff34,True
36,L31,3256650595631729072,395268403df992802d58d00488bb2010df7a3ef5acbffad9a16c531e931993b9,True
36,L23,3720029211277855144,e640055e38741d3c09c772032273e350945260c3c5b4893d25c61a97e9ca7084,True
36,L32,3297625180715425107,d409fbb8a611fbc984fdb8eea64d9413933ae913e06cc07cb8078d4bab85519d,True
37,L12,12201672294398229131,d214cfd80b44d8cd6f475409ea92b599607de9bf94b097e37edfda1604d0c88d,True
37,L21,14760121439828666666,5ec21abda7c43c96d82eb933280bf764374ce41f29d863f8beaff6103942177e,True
37,L13,18122616356095268894,43b1ea8da00c7c82a1b7eadaa387a2c434eaa770633ad80e3f2a007ce5c57640,True
37,L31,2816255395179536101,75c61d0307a9586f0a8213ad1299e94952ca3fe38d7d25e6f0c51f8fffd4b312,True
37,L23,6920137258095239427,e09853f1b594d7a6a31264f625c973f5c0b701080110ee245bfef867b9b0c55f,True
37,L32,5929741375416640890,06099a562ce28805c33a8b43103b155106df421dfbe6b5cac37f30532f6824dc,True
38,L12,15977738152534048725,f9e692389c75a5b04b97f2f48e91f53fe7ce4e3d3e8d5a80b43c38597f378d35,True
38,L21,1985831022747774931,50fdb6b52dc3a91a0a5cc717c06ae1bb377f7d7541119bf3516416485240f21f,True
38,L13,16204180330039502966,3a037ba4a22ac50671bf298533d8916c925c9e54acdda1fe94e1334422cb1c54,True
38,L31,16781174656379003524,3c7bcb3df9ecbe604edbc8abe45aded382ad3c570c7375df6d3d64aa5e2ae497,True
38,L23,16119368647594565553,fef751e8b83d5656e4525c3222b8513e8457cf8e7f085e0b95595bd619c4c4a9,True
38,L32,18227683474230987442,2233add27924a6b88c3922a615b4a4b51ef3e174e99adb42d05e5e702229e428,True
39,L12,5757100501249375601,9245f10b917030edfa2526bd273916c469254a4c5e4847bf5d4c3e44902da78a,True
39,L21,7236889141511850514,c879c929ffb9146ee365bc5b2cdc533ee4906d9722cb8cdf965f53bd1c585faf,True
39,L13,10377638900672978039,ced0f2a79331df681abe39b5128e5fa9e10d270bfe67fa74ac64099bbe07d440,True
39,L31,13829255789392799364,4d5540eec7ac597f2684dcc43f725d9b5fa1a8b33102909fb4d371fcd2bd9067,True
39,L23,2358547680458278084,c85e799655257c8e50f4a9999abc23ece3af840260faf1cb8c5fcb1e4e1f7267,True
39,L32,7181171608330729730,17cdd6f93b5e8a405684ffcd8f6b69a5bbd1688278b41e249d39309ab7e107a0,True
40,L12,14553876847735650737,d5e6181ad8d215ee3024d29fe7ccee596366f1851b9d099e37155b18d0d4355f,True
40,L21,14541944629494160563,2864dc1ff3785a325daab13cd1800913f378478b99ade3c6689b6de3485ec196,True
40,L13,10486303128532395055,5ec90a251741a4315293089876e5a4f68bd2ee64f459e9d87edc340c2dea32db,True
40,L31,8745120291959848041,1150cd49d7a9bdf2d619e83d070d5f2c2530f1dfee45a058cfbd923094ebb8a3,True
40,L23,3847237788201359012,43aaa5a55cc737d0761d0c677b9e1dbe8a6b09c3e921af5c8488a85d7e85a10d,True
40,L32,9514625451418291081,c45a8e4b451c4c1394a5d345cda1ccb91056e4452bb5a83be3404e8d904e5847,True
41,L12,10426822704211456607,3886fd0943421c4a05dce9ba76f38f43c8639704a5f08c19fbcb22cfc4b1d365,True
41,L21,4514553183243846981,96ab44d8bb96f5d30da338119b3289fed639a7620c442aa1b352259965775e4f,True
41,L13,6787764571840530775,927efd1540cdfd26df24c171cdfd5c73b5b109c25beade04ad41d644cad72d78,True
41,L31,18232727033168158433,bbd474c13258987739f845eb3fd28ec6b97fd589c9ce2d0e69cd0353432f8a84,True
41,L23,6249301710358128686,0a234ca18038c1546a9e171826645be6ee8c2b75ce87a51c9970c2ca81a82431,True
41,L32,5619211714614652213,d18396cd4cab69c5e04b3e73fa2345ed07b07b76bfd7fbd7e081e5a9e8598e0c,True
42,L12,14076653280310098138,4bbf79dbeb044aa53fe03c9550aa880200841b8309b8ed60f14a362ae71a8b7b,True
42,L21,14122621671459958359,a04a8f0dafa760b7dabf609f8bba75897f2359187fb45c1a4c6c4a0b72b7006a,True
42,L13,3709688463174197122,fa26ee0dfab9c1abaa15a56678fb5f70e620af805e31f0f5d9e876729e744599,True
42,L31,15121438816716771151,e22e528cae5b1a052247f5f81d6dfb77e4f10861a56c434cd7b09c5189a47e94,True
42,L23,2597343798877393226,5f5e910256d5b075d4ab2c160630617134386d61b72fedaf6e7c92032a2d096e,True
42,L32,8237159057404551100,a975578758193fa0f4c4c0778117e6fecf5d6fb8b1596c503e90eec734c2d9ba,True
43,L12,16609018550057071812,17ea617824ffc2b8962cece2b4f863f870b61086f93ef20136e237160720365a,True
43,L21,7632046328415894116,63c61b1849e275185f4904a9a7f2875bb367bfdd50b3451bbc630c20eca4f5cb,True
43,L13,3913056698326548437,1274cd6b4ae0ba3fe6690a7994d194d9c1db4109f66f7b48e453e7b24447fd3c,True
43,L31,10106158771666906903,12497e2f0a6959ced265c6758699f851fff80d60c5de2c05e8a1835c47046006,True
43,L23,4680746344983882041,34246bea01236d5b577e9c412daaf522f15fe49a6caf5d4c73d3bc5360cf9c4d,True
43,L32,11654096614021027668,7c644cf59cc6ba9070f8cf8afc4eb138e67dfc7f25173122c79301296d6b108f,True
44,L12,11663809554985743986,83e5dbe89a90b13b2003766da9323dc760aea6d1fed365d41f41243336b7eb2a,True
44,L21,1463321248772559721,88100a3867c5d09e023734e3e421af51e5e7765c326a694915636bf58e18a664,True
44,L13,7504622975423161429,3e6b73a3c5a9d6eb60382dc7e5774a6959f5408151bd1b45003e320abd1c07ed,True
44,L31,16494093192925422669,47f4ba59d4a2a83e9f0c30ecc4c81d726e48944cd11a673f79a9e29d97b1e8e9,True
44,L23,7217869929501568653,6701ce4572ad139873c63afb7d371737b48a9c83edc9a500428a7523d38015d1,True
44,L32,14562817555964260235,0cee5df40f1afd412749457776abe99a994eff529937fb491f59453f880615c7,True
45,L12,3729551946496800963,13373f3735ec7286aa8090bf2f00bc1c017b06cdc497eb1fd3b8f40a91bc3dea,True
45,L21,4158144467838100369,9fb9333646c0cafc783c030df87d5d8593572aa17197a5d83e4b725ba8d16075,True
45,L13,9675613036130450407,c6bb9b515b678943e15127d3aa9c114f43dd0bfb6ac2856aa322e073450ce4da,True
45,L31,12655414215154686231,df3846bda2af66339b7c349898dc5022cef9a9899d29684ccb91a29f4d83ebf3,True
45,L23,14846027856808990957,64a7c9414574e61c3fe8ace1f69c552644225d82b3f15f1326327a07107cf87e,True
45,L32,3685106211397252787,f4e42d5e2c649650de6b43ac98dc12d2c07ce8e2d90bb4d07f3547a0c547363b,True
46,L12,5090083430656347908,5a33059ec164ee020eeef14f6c7f67a4a6501c3cab2ff1b516189805dddb3660,True
46,L21,17567933624016669787,6db9a46c50b995dc1a576845ab706220173dc641a312a6807d46236fb61d7d03,True
46,L13,8031481219693851055,170cbf1bf877743d95aa1e81484f351ae3f0dc9a2725b5d1ff5f5e47020b313b,True
46,L31,433058673441489773,d42a9314a8ff86303be973e2dbb9252f4490a12c45d920072d8b679b4a8c44e3,True
46,L23,9835752770008726209,81656a28cce5691c471b5e79adaddef6d2e0e01158a8db9226c3ee9e6bb52395,True
46,L32,3369003641747189717,8d8d1dd0de271014b2180dc16161357dde84b80d8653610240e4870067fea76e,True
47,L12,6275939667763732048,0290f69bb6c35089c98fd0197bbe5551d5219046807903bbf113291e42efca5a,True
47,L21,16048292148331761976,6ce5ef022ed12fb397ccbcb7ee28998e60cf762b19fddf83e875e871e47bf7ec,True
47,L13,4420578239429495544,a521de021ac86e27cf5086b2de745e6afc71f51494a73df74aa2f968184c64f5,True
47,L31,7253891004933092442,646ee4597e80b39fc42d9d3817a1447355ed6ca14d3fc3254f79505af6325eff,True
47,L23,13235809849083847075,0029738fd3a3a3f814bc3fe82373fcdbeb04cd579fc9eed29b67f3c21a02dd24,True
47,L32,11803072136625596241,4c3f0aa2a3436ab0c428fb906c899cdcaac01c3a5f02a156a4fe405cb9f768f8,True
48,L12,9606090935979216596,cfcb7ff80b00f57bc9c59498dae78a8d3af68a3775afb15fe446c478f996c78e,True
48,L21,15294486621161491190,d199d49346f132c3cf0ea10a0fbf4dd35c6dd540bff876a8c489c1f18ab98e17,True
48,L13,14938262939941870753,4a500501aed78bf32685a1869387e0b07712e8d5dc58a40c9bf2f948fd1e81b7,True
48,L31,15149502298309756770,bb1ad2bef2e039909fbd348618e6c4b60d14f641bc0932a03a139883ec4da084,True
48,L23,5012236280652711829,402f0018f42d0370ea9273a30d88439539e7c4fe05464fb973705993414ba73c,True
48,L32,6597464271994998134,7aa6166c1fbc0a57c105994b0fdab70a6617806974687b5be9cf4619010589d2,True
49,L12,11437053177709711920,eb6ce081b1b7668deeecfd053dc5394c13645ca08a549d0aa42381ff72450798,True
49,L21,9351231608874572050,8e23491864a2a696da1b0c08f52c126b579eb6b7675088c1c521d46a25b6eb0d,True
49,L13,2213812214856499617,b475b81e494f43ed98f59d8947c01437ec90a04367588e24d0bfe3adac5b0e2b,True
49,L31,3762309307940790060,12837af7e0de1f4580ced3ac2696b71959e091c232d578f93d6b406a676c44a8,True
49,L23,16580016315338963212,0d1fb2fdbf096836368ef2cc421c506bfbb95b11f0eb83a79341bf575d7f28b6,True
49,L32,15379687840479899865,b3abb6170d867168384f040e0f958679d64affdc97d376995b4a638fabd9db15,True
50,L12,9949547971937155426,d873cf233fea11725fa2e008d70c1796196a87981bff982bdbe947741f353dd6,True
50,L21,1662542515345211770,3abf5925b3826d3a986b1f09872fd90d5591a8a58c7dbbfb10e83868c85a8850,True
50,L13,1663488815846912458,8c5540e63562046976bce48bea3ad3ba09cbb16a275b4be41a74a3edda22d870,True
50,L31,1304822344290590090,f8ab9e84e312c9fec883c208c742403e471d2e2e2a3201cf00eb88ed7d1e285e,True
50,L23,1066734761574428530,3ae69ab6437f949a5573e9fcd6d9c7944f96c3b3a1f68ea2ce9ccdd944b4eae3,True
50,L32,7156098368739700833,d887788000ce29f11f18429a9706b4e47c52cd7c60a868eb45596b6792362297,True
51,L12,11012009652789111787,f68482f340983c72e1055868b7325767bd5bcb31e268d8c9e317186c93bb310e,True
51,L21,340804969560407774,3c03ae7e2471924c1e972e207d24cb59a6ee06b8f1cb5d64d4a995dd44775a42,True
51,L13,9894429139907541678,eb0e06954deac21929aacfde109426b0789083534fd1a6ae87d1cc11cb4dc3af,True
51,L31,3376377321965704729,3cdfb02633ee1809d0d7fef666105497f1d16dc94904c26f412a607d890cc1a7,True
51,L23,1357196534464790133,3b8ec8ceeffc1ab8f4bb21ed7465862eed7d716251fa6ae23a8b285a4f2fcc55,True
51,L32,2521691574365554647,08ef2ac546c05827fb621affb03bc4f01c17f514c37471eab07da36752af73a8,True
52,L12,6857683650355833699,8029b0fff3952fd04002ba202fbcd54106c9ceb0b3047067c8dea008c01d329b,True
52,L21,10905748599077841933,2a79f33d9613acac7f5dc5ad32ace88bda77651b5b8debf7853b1fc3696e0c90,True
52,L13,15490958141096067335,400febdcc05b024e66556f94c3649e2c89d8ef55ba76fe93e5bed254549945f4,True
52,L31,5152426191726497604,1f287a2326f4c480d7d02a34e9fa250e2fc9d3c2b68d6a5a3b5e175f9b1b0edd,True
52,L23,9133930917109333622,2a2c22c71322306376587dada13685f944a535d446768672d068c9216f0352b1,True
52,L32,8847304350857803191,1b0e1363a317d5881dc479f92081f2e182f40866346806cfcb7ae137f034da7b,True
53,L12,15296681421539984829,f50d59a83f0802e801f8c76a62f27fb535e4aa1f3dbc37504e21fe6dec95301c,True
53,L21,14967386805738864652,b0b78bf02e3ee19e609c10c532f4d207624c2bbe28ed3b8c32b83f2ca33ccedd,True
53,L13,17890968189942848591,40dda645b7d853a84f6676265041771aea96f07bfddaef17933426e45d5c732b,True
53,L31,3797079906740276724,e018848b865b0885c1713ae5cd3c8a99d44c75022c7a8d4a7434ba5685186511,True
53,L23,16348767445204136229,73880eb727ffb1b8829b0e0f8ff94971cbd800ffb36ee24825757b57f572c440,True
53,L32,291934784709138910,5c641ec0e422e3f4a496df7de5a6101781dc969743ee893445782254c38dd6bd,True
54,L12,6160760341912918567,df758dc7e4e260a1fab8a6afe3843bcffb03cf7cf724b7532267abc35400eab7,True
54,L21,1873964941351527591,ef5608deab4040258b786a14079f4130daf380e1af66bda8fa77ad5385c9be39,True
54,L13,5860205387173984804,7be5ee67eaa39c84f4510a03d174b1a0e0a70a324dddeb9121fdc6e45b01de75,True
54,L31,11775592605903710593,8d54f8a1d248a0615fc1cc827ea88f8d1e0a450792976735fefb9ef0ab37fc0f,True
54,L23,16243648200833497420,061d2d20adb915452d3b32c4731081fce279c094c3174f98e8490ac7c0811cd9,True
54,L32,5089416670945873861,ca9d34fa83022c35f79456d0fad7a00bd4973614cd5c5ffc8a73921df9d31428,True
55,L12,18443121860956283701,1736c786505398c3b76b7ed38d57211843903eb1ba572a256bf8a18daf9b17f1,True
55,L21,4056733775847489509,f9d8919e9ae57d07d988c1470c13f07c3ed1a66cedef49b2623554e61c1ee06a,True
55,L13,5756032335325843432,b3bdec36491e5cef11682b33c19d80f4f615f0798481ae4fce48858d5bc6b140,True
55,L31,2018355202498227925,a5288639ec7f8974615dff0092e671d56dd1d442eb5837b9a903967d2cab86f0,True
55,L23,1828519410359551964,9a793102ab8c3e7118547996fcbe0b225c4790e931cc48ebc7cd54b11f9ede83,True
55,L32,14270294899623042426,f54d64e8a2c5a513ab8847d628538091dc4246a4c5071fb4cc608cfb0b77ef0a,True
56,L12,18050298511675854552,7772e64cb85f0e7dd9d5357168fd1534ee225249f23028188ebe923031625486,True
56,L21,7664160554475383789,a1b9fd1ca66da2d97bd77a168ffcf04c34596f13c8dfb4f3d9de27f272e48ab6,True
56,L13,10826924338745919344,7daa74fbc29180b6187cc05caeb7125e8f805f7be9181e5e11866ea9c28ef924,True
56,L31,3064484827492306263,e718587cab608b760dd05a1c95724e02de4da450eaffd3f2934f16f2c65edadc,True
56,L23,10664158369708547495,b4734121c68e9ac56bd9ffa0b559eda3a34474a8c587732b04bd08258d1e3a96,True
56,L32,17940474976600488570,f10e061ec031a0e45237e57580443eac202169118c5c7110bfe0d2d32d8d14a2,True
57,L12,4820538266072653906,6655caba88913f9e4849f12437e31694890cbfd9891e963c23a8bf5eab42a63f,True
57,L21,6757992345449572208,bd9cdcb9fbe828d3aacbf818ece0e4591f8cf982a6cb16fbf0718254485ae734,True
57,L13,11715411232371390672,f0c7ed11bad66771fbe50af49983a718bfb89b8948fa362d32b4ac670ba3a98f,True
57,L31,13145211760692874824,c879ac3e6e39ababb41d645f349b7a47ea6524c0fe516152a5dc372dfa88fbc9,True
57,L23,6869818963011404023,e1c22220d110e3b1e7176a4d11fad6dd21d05072feb2955b2dcf38ac9facd759,True
57,L32,10910727128932453225,595c3da16cf74c403dca2ec73c3a51d467d4b2c11d2eab352f2d53bab6679531,True
58,L12,13334686383980548555,39fdf546c7b5280e98bbb7a108e47915db418fcd8905566a205450100e1b4bd1,True
58,L21,14294895441030579440,72000c74174d8bbb4ce5efeebf78249459c0258b6a97721ea519ef0e75b64e83,True
58,L13,8177342956300125552,e0f5464dd7fb672104016410ccdbdbc85ce4369133e8dcbf8176e1983ab0ad49,True
58,L31,810646518770737336,e831ef6ade35e543a6f12c50f433448ac56e33b3453027e6614ed2c838691b23,True
58,L23,7832834707954989089,be22644868aa4f8c64cd809f7521d58df8f6d52e2ea93817898095a6acd2450b,True
58,L32,9683277347779393519,7a0f07b53ff4990cfe80bfc4616d4fe80da4e74d7c08b191f38fb6caace91b87,True
59,L12,9280369873701899931,b4e51699ed8303873f0b4fb6dbc96310811d0d7ae7a9565c9d851b54a20bc274,True
59,L21,5344371406615670564,e3af633bf74b907148a076182c4888fb48d570c92904b8aa38f81a8f7fd625cd,True
59,L13,13684001362417207894,140d2805e16187776619b8305b8bb5de7f16dc6fbde181c8b8bec27ceeb3026b,True
59,L31,7455016886539235563,775e3f1a34f53142abe75a6e3e405522b9b7ba632a2cc9470efd68d3673cf15e,True
59,L23,14071748782059859214,cab4dc18784104eb2c62df991bc8b49ca4f5972095ab539ffce47d852cb29e70,True
59,L32,17775359388760296525,f7c39218847974f32f9746b8f141ff408f07eb69ecb72be60b41476c45fe7cc0,True
60,L12,10475242709694645740,58e74f38a4bd6c0b2bc3ffc9181e520800b717ff28e18bf78531b77305ea44bf,True
60,L21,1992101275304104140,3d8da41e0e3571aa199702281ebac2a0d9e252a4ff50d6ecd2b3f9b3d1f2f6e7,True
60,L13,9973951837253263677,35c12938d66f9f45f09486a0934c1e6745ab2c12c87df00f5f96d7ba3f41b4d5,True
60,L31,11892867717252712088,1439c4202ba92ffbb69886625ab5a62d6006aaef29a727948487b8dc5649cd30,True
60,L23,8771665656897318680,5ed3ffcaaecf378344e67b1de3e106707de1d4c2e6a2563d50076763da09a85b,True
60,L32,13625360184470241932,760732529e4a7d0aaa1c4b438487f6d5119b35d6ab052fe7d1c22cccfa23dfa6,True
61,L12,15161418826181120414,f1908aa290c40aada72a18c7ea6ea30226dc225b8f92160db84d77dea83a476b,True
61,L21,17464685428188418924,fe8bdfe4ca8b0938b4eaf3aa85c1932606e54e1e438f31b1596ebadb3e5ddf58,True
61,L13,18285508233613026248,bd55c99132bda83000f400ea9db65e1ab314c44d9b52088cbc56d22a3ed121f9,True
61,L31,15574653741021345128,f337baefb3ea3924ea172cdcd303d3a2f8bc62c97ef50619801f69fe31070f66,True
61,L23,3430584398763027105,4ac4c18fdb519fae9164c0878d6815f49b75c07a321a9fe718b7e1ccb1827e95,True
61,L32,16975630286042692646,01f2d395b61fdab0a594a9c9b957a6d6bd3b513f3f28dc2bcbbd00ada180e104,True
62,L12,17956922265826783145,8c69b4c0e61587dd0901e5ad0028eb74929b74d2e10160bd9a9b4c951c9024e3,True
62,L21,18057811256149492614,73eef01e6c893521ae664c4307f0782b7b13c7cc5de6cfae326fa3892a9b8590,True
62,L13,3766426603747543701,635a4d4f34c68fa4d9b0bbcadaae8e189bf108b06fc52a32be6993ce1a7ba5a3,True
62,L31,3669357662874807092,41fb822f6744e798bf7b4c665a6b5f8fbc4f965f3c20e7b16072e35311a63722,True
62,L23,1474084626064694193,a47b3fdc5b23bd821f5ce0813e2f73ccca3c4b60fc3031ec81d9e544f877fc9d,True
62,L32,3763478792558729497,f265eb52ad0efd620252d866be1ea598d70d8c9415c9d55043162e87b2d9f1c7,True
63,L12,11991784677807801437,a991bb3cafabd25b0957298ca0501c3c23f67341a371a5abad284ca6df528022,True
63,L21,7725462484753531918,dea564547ec76f47740c97a9c29e21abc8df45f4fa2a9d942677abe7977faaf2,True
63,L13,5764338603022319080,b735a71c0fa72e187ee66301eb66f1ebbda1ba3d1cd7eaf82560cbcf5349e65c,True
63,L31,1078877754084359477,59da5ebe736aae1a4e26cf1754d886af257cce141a4e4e93e32877d08f9d529a,True
63,L23,4916452526109147665,a3f45089237a44e44fe3180801fc04e7db3a7fe0604a4f270e7e00b089d46052,True
63,L32,9717512062158693792,f03768ac90bdd35226a435d9ce829fde37f35cf64c38226b2e3ff97112f4eb4d,True
64,L12,17914815290802806273,25256e7a089f720fb274a974434d3e0a75ac9473cfcc0f7fa0d3a3618487f4ac,True
64,L21,7931823091723544226,3e1c91c2611289f5fd6d2aa294c48e3db245172235bd4c17f23a7f4c6fe45637,True
64,L13,13946005126550534069,563994442f6488fd78f196d723ff4a4bfad24239aad1106c13e6bd710737ecc9,True
64,L31,2912538019806284364,a501f906115f6c37da9eb024d6bcd7c91c292bb87ded09889810ceae1b48dee7,True
64,L23,1278697228434294293,5e9cc5d7e0e38edee0dc3af9a87261aefb16bd57566b4639084bc474b8ee77ff,True
64,L32,6758349947606348154,aa378decdf5ea38024574c9710538a8ef54b71fd07de35bfaeaef530d03f55dc,True
65,L12,16154562655312265365,905e1a27a828f7c0fb5799471a8581f99d53caaf362c333ac1e5cec7100d478b,True
65,L21,17027926595642487437,2b1743bcc26e2e2d49fc2ab5bb7f446ea71ccaf66b0e3f09a19c4a5b1c63d4fb,True
65,L13,8954104475984499104,bea70f818f30481f3595a1dbfb79a7440572f09a758e00148f674b74636055bb,True
65,L31,15381498993439731849,702d92f5bc40bafc51a6b4b59df255c7cc01369ac42863b6e7cbbea995c3b8ba,True
65,L23,14825920367355706512,c56ead73e50a460ae7c419837a842b41d16dd5de75499a968dcb3440cec9f25c,True
65,L32,12077925309381625583,c4e250c8e5c2b25bf7829bf02431c01ed853364f4809cdfd3fcdc07913c1fe6e,True
66,L12,4016204738481861602,5c8b2dc50b203161b36df184c49070179183223ec14aadba07c1f0f514a2b5c4,True
66,L21,2046240648994754163,6037a80974921c11cf15e219b8e3f50a8e5d0e9b8e4aefb6b691c00c09039727,True
66,L13,7160812876406147083,604bc9bfe7de65593a846924aae0b88527efea173ea948ccfd782ae4f958e775,True
66,L31,16040754893890181043,ab8c0ade1a371674f67224456a7054d93e940057f1e663b991e2596a65ea15b7,True
66,L23,4314696997355542436,58c129c43f2b03f30199ace1ad9fb3913be694acb7e2472e5c37efc5d280756a,True
66,L32,7856570449105726196,735e5a8103f32c818bed1b3f6c762e21717d04a67bff28c60e82838eb86011b1,True
67,L12,7395314619986965080,bd50a0fc7454ae7d2c9dd559ba3c3bb3f20e0a5ecb19df7f959c6597e0dbedae,True
67,L21,6574389590484163459,bf88fae9971d92b82958a262fd9eff4522e9070b5ef3a0874a63f5263704c6de,True
67,L13,4922294618781322971,14d1bb43b5ff56549a3717be7fbb94b096bec284bf212a1787687239bd35976e,True
67,L31,18006270117780676676,7c0db8fd884e6251cdc75f68c4caf1698c290110c30822928e877c90d0bbb8c0,True
67,L23,16889175864885770463,9ad00d4ed14179d11def150eff2483db6b4c8832047b0de983864f68c0ed3269,True
67,L32,8000469032723474107,74c26fbfcb4c73deb45a0eabf53dad1b2ae3eb282f949a0c04c1d880b87b38cc,True
68,L12,355590289060778077,1822fa9ff908707797f0434aa866fd0b8ec9ee2732eeb49455081fbe70e587bc,True
68,L21,1544975951235725092,6dd10a65cbc14138ca3bed0193704f1a3bb5f921588e372072f96564554f6995,True
68,L13,14138306148263974878,2298a9034c7e20c1984976dcc551a3699a15a2d121c6bf98b7ac4600060b8b26,True
68,L31,1836552993088072699,ea57c7d466cb29e7de4fbbdb92c4186e03c902c90fc9cd58292b4e4de94908b1,True
68,L23,14419709566701120876,e08f7050a5f783cef30fbb771daa51703f39f92e145c050fd0501a69b8acb86c,True
68,L32,5830053941479413930,adab96be87e9572b14ab9bedea77b347ca455eb2ec4808039ba9828a9fca1853,True
69,L12,2151363199978645270,87bd5cfcb3f250ce69400a98b64cbe88661c8276d94c7009be04873989e07a2c,True
69,L21,1637411449649999883,b6ef2ff48b30294ea9ef0609497ac00712858aca3ca50c530cf87d5b7712c959,True
69,L13,10596442543634817059,e03ae39e873e74763a93367d78445457742aa992c9dbef7f046f840142f1731d,True
69,L31,15523648579178984271,ccc66430790abfdc2a6130374d14d10bc4fdd2a29139d99f9c7d7b47d04a246e,True
69,L23,7392412776979262546,b6fa6c79dce391b8a917ff7d1ae4e3421d59e88f22c31d4244c20dcba9ce588e,True
69,L32,14522777465335710987,afa0e04d72674f8003f56d4f58c34b5f11f765189fd999d12b2a6d9641ee5b07,True
70,L12,3046848584085008736,15b757a9da650c06397b5b6ad3ee4e70c67a09155bfe3181726d7430463b2fa0,True
70,L21,162646739074897194,bd628137be1960cfa19467276f0c4fe4cefbe4f5c2f1504c5e01192535f7e783,True
70,L13,105285592673251618,ad4a6c06d109aad8ca00d65a65799c8fc4fdd0c0354f463d302a210bb19d6152,True
70,L31,8362950972331164682,1e498a6ff310e408bedb93a1f2c6aea8331d96a178dcad58322adc7ea925fc52,True
70,L23,15946804183687003500,bf221a45044faee8e20720554069ad326c85c0a6d4e635a3be1e6b4e4e1ac9db,True
70,L32,2414027978657786365,28240239afaa5bfb1f2f9b20a2e9fa3708b956bfe08025e54feee317761e0ed5,True
71,L12,8269327039460958673,0851aebd6323029cbe09866fdf568a7f5c2463263fd8197542314a358ad5429a,True
71,L21,11569448825454193491,94f92a7503a59b5615e2b04cf0bba3dc67835dcc4764fcbb428a470dc4e997e2,True
71,L13,9391744026760192812,fe1bff32629bbff3e81efa00b4009de840ee0a8208ad95486cdc5d5ac37f03db,True
71,L31,13903778162701657063,1a26731f760c7d5aba6fd63728e9ea982407cc0ec6ad8f678fb974e1291f4ceb,True
71,L23,2703940930687089796,9db6e0e0d72b50d0e5ffdf15693b2d79c5d702dcd0f69d73b3c5471e0a10eedf,True
71,L32,2475753987026111290,a19d78f69b7a051b3080a8baa2d397a4eb9f250812a0645098dbae5a5d7404a3,True
72,L12,13509526366611888375,f4a1c881b89dae3d13108a0605047d49704ae0cebdb9c22d99757c4c5501ce43,True
72,L21,16434484586389088735,8969473d20c8f6c7597028711478939e52bf1a23b356bf91dfbcff71c16f3a90,True
72,L13,6552105043965492934,250d7d5b6202249f4f32fbbbd7fcee32a74d8644195afcc19b3044b27b66d5f5,True
72,L31,4331253316094253209,2a0de556853b8b142a75c7cc7d411ecd1bd931054e8d25dccb05b38b8e954af6,True
72,L23,584157945214904445,38f38ea9d0cd32862786e6816ac31f6b464cc38ac6e5dd6bde8ffd50312e7437,True
72,L32,14652900609766719948,11495cedec935fe191fc1a8a5ad1877e5321318bfb5fcb8a986616eaf6071aa2,True
73,L12,18268211826537321289,5bedb569edab8505ba2d95d1dcea9cf5d2733170d5c800167631ed199443803b,True
73,L21,14419923558419754641,8a84881599575da52004030e6af4bb063a250c91025b1f05d831105e241ef260,True
73,L13,18231457055304661354,4ff590af62a9a9b2a2ab4f3be2783358cf4ba314708ddb6299a7651e0edd3c44,True
73,L31,9700145244483698450,c6a4b335b170ecb58aef89812a4ab91a6cad87f1fedb021708e65a4c1e65b972,True
73,L23,9851921557158823698,3cfcc1c9a35aabe6e4344476287e3e29b6278a0764098b20ef4d63f413c5ef28,True
73,L32,10495686877804465400,6fadd924de08c49958ed7671ba0464bf7a3e1249a227a48bf439e9e921381083,True
74,L12,3381962377133372416,e98ecd6b26cec6a5ce386ad6f24bd7a982aed65a306c78a59d5b2ca3a2c2890e,True
74,L21,3206204473647792311,c78a79a2dafe37a93b7654645f4b027cd7e811e2525d78ecec3c00d78986db7c,True
74,L13,4947518877503072714,5b7361fde3fe674bb62badb3948ff289daddc18a7505bedc4d5ff43ad3b0f9fb,True
74,L31,11632842810113431081,dae8dab88257b3f716f4a93776106f3520819b4a0f0dae1bad2396f8a1dc38a1,True
74,L23,5214828833971554999,ed63ccac05a47c89eb7c8d4a34c93df709e704dbc2887e79be7ea88249716292,True
74,L32,458358192153229326,1bedacc5e8a625f537bf67b9dbc64d7ea04995ba521b472d8778bb42c8d8171e,True
75,L12,12222344509648724358,2f31ebb98808c93986c5bae8f90b6caa9da153f3c0d8476c01113b33bcf5a0f0,True
75,L21,8868968329233767534,67859df8a98ed1b64a3f8b01b4927134f47f2d2d2b903521817cdc03aa09ce6b,True
75,L13,3027494553632305059,fb483c8e0f301dfc6bc60875e8bbd88c7c1eb14266ac0d92dd1a86aa65d07d58,True
75,L31,5948643421720514819,00a11019951a48c358ea122ccea7f13340a204d132a69780b402a56307d5b56e,True
75,L23,3233153436730166131,b7292b8533a8739691cdd87232418f90b05fc8aa4aac3d6783ecf58846461fdd,True
75,L32,14357048532655016655,06cb761d1bd4f9489d6cf3bede519c8605f8105c3c3a8c80aa6652458746f40a,True
76,L12,8404173069435630128,c976c19f6a7416f2ab8b75d8bdad6485b766e086c3fad63dac1e6e978fb9fc61,True
76,L21,15862767743356917071,68e4dc5bd71ad0970f500ef9fca7c065489a071b4b93c783493d5ff0a39149f8,True
76,L13,17260360298327277658,2d074775cc233cc15897981c637ce23c468ff783b0aade6cfe4eb24cd0639b6f,True
76,L31,8324403505012872287,f4fb582989c7c0a87e1f9c291d1b775d9bc28b25a59ed63a29eabfea8b550a3a,True
76,L23,17409322868218209311,149854dc6f89c89eb3ace1b7ee8c5c0aed83321140c7d7e1f49a83a0b8970e7a,True
76,L32,13063673153240084319,58bde18c5da3b450e287747943757f295ed18405f330638757e0f766d105c653,True
77,L12,17080235520956022231,2c4382fe044e740717576896cdb5781aaafca27eabc1cb7b84c9fa065ee0f24c,True
77,L21,17489838360732846315,2b358bf8594f28ac15017f24d38be157f51d7ee5bdec1439ca545d5d1e92c6c9,True
77,L13,8488868759789775759,1b1db204e2c2409f266657aebd834b827dd04634df111fc057adc0cfc681913c,True
77,L31,12064307689635572843,80fffc07ed0ae56df973b206b78d1e1b9eca2cacc16256ef157f9450cfa87eac,True
77,L23,5272846290795674221,d598c017d5b4057d97bdb39db3b39a880b61206c8d9cacf262866b40913e192f,True
77,L32,17357483023176480988,ece65fc421ebbe038ee07e46a72059127d36636e62b17ec889707f0eb0e56707,True
78,L12,6713575340881561567,50746dc11989a9924dca63df5f339603b0e30b575e7e0d0c67d41f5e129cc29e,True
78,L21,14970149213595658429,2bdb65428e56c3125852ee9181ec1b3b9459d840dc04c1e8f4d08244568927eb,True
78,L13,13612815271246074866,32e229589ab5c23d5e6519c9dff36d873198c648409d9e0e9c602bf401293055,True
78,L31,16277201478969791250,d819317b6627f85e7c6169b28713132e574dfb1dbb0ca4d200d1c371a8992270,True
78,L23,18086599088179459649,de95c350a63fd93f06a4dd16b9ef5eb7c51cd78d75fae6d8ba3a7f1a4dbcb9aa,True
78,L32,3834472298823644954,ef5707c7ae772ec6c9a821daee7e5490a21c2b99a64866bcef5b3767f0489f41,True
79,L12,6857241557519359514,a95ec79c0ef13f045cb05c2a2c13849676bed0cff386de39f4e2abd08c42110b,True
79,L21,2140157906651119593,f23158bdde8c8a8e129e56f7cceb591e11d86ba90dce8ed48bc5df9b0a6ec53f,True
79,L13,15708906928604184729,5f99ff8b4f747dc50f106cfa98e9c1185bc11ebd6925ee762b95ce14640b3a12,True
79,L31,16326415945455875576,8d25b2bb56985f40d0f8ae2052494272f44f3a2597a85cfc1ebdf8d2fb170d6b,True
79,L23,6180340550212587820,e1cf0b6d39daf6cada6de306962be3c893ac10409ac47cb13b76b66c335828de,True
79,L32,10448154417106326759,c2549e3a87f8f42ac84b0fd63711150b9791ae22523ca9b63b87e25a2e646072,True
80,L12,9691739071883616502,edeca9ab41b2b961e4cb4dd85c45ece025f9ef1bd40d20ea4b197054c810ae91,True
80,L21,6886968534228788553,603cf103584c20ef2727c14bb40de2f0133e5ba02681570229b69d950756cd5e,True
80,L13,421464434634543038,328ba52a59a5994dab42c72b3b52c0f44b9cdd69c9660698bbeda17335c18d8b,True
80,L31,2680485087710673044,173775f5a243e2a977bc4a7dca0255b2f507a2b7f08a1178cbfd36680f0cd0b0,True
80,L23,9758164049204411849,afbbe6599995ec1ff81befcf55407440f619ec4c87cb4f7f75aff1ce18d8e607,True
80,L32,3296401809780937308,d75490f2b48432be7c35f70e17792565139452e9e3f60732d314c6ba136e4ec4,True
81,L12,4924872007555583497,73d0086df34ae72b71c7bd0e522333bac5937944a2ee6bd65246fcbb990148d1,True
81,L21,11121723306501764399,5dbcb06143f9dbf3f3f971e8cd02743b8bae92de3eadff624dbc2f16e1850cc4,True
81,L13,9200806926103442446,bcac0dd6e0917540aa1a90d8e361e0840ace09ca8ce8e93af227460d3c59445c,True
81,L31,5888640565590065683,29067ec9ee5fa298249298eb72a98c913455ba60ccc7293ada1b92d11ca4baa8,True
81,L23,17402711773856990593,22943c8ed720dcf801690e5a57546f05b87d67e5837e3167bdd597f826dd88b4,True
81,L32,1749222507592082029,41ad1cd56d588758eed69bc1669d838eb59a49de5ba0ab451f851420ea96f7e0,True
82,L12,93967549682738159,0fbb7e8a4ed9ffdad35295484cbf71d6bbc5dcddb99345c473e9b01dbfb8a2cd,True
82,L21,1518757342794630343,440e0e5b7f377dbb86dba762d8b310917bb46fdec95bcc5133cfbc813d6b1aa4,True
82,L13,14657623718271263889,0eb3197d0824dd92ea2461190b22eb77da5f04ae1d4a8e158faf2444dabe9f2b,True
82,L31,597170514990049829,9caaa382176a23fa73e389319e0b1ca82fc66f95c33aee7b9a3c5de0d093db40,True
82,L23,11674441461548398786,fcb6c76cf7c53f084cc185d3f60f64d99d15ce14fa798fec08a7116399f00239,True
82,L32,282062743783366778,1096f1fd9353d2492758b23e5a5f3ce67816856e3f1aa01040add7315718c1c0,True
83,L12,2589617289591012812,1fc419bea9cdc92505a78149b005edcdc3c31c58e64f5b52cc15cc814b2db091,True
83,L21,4199412614664261289,e8bc3cc5d96a8828d290341f4b65a61a0ba90964f1fcff4603693e448f261912,True
83,L13,14501545158049404866,97aa4bbccb2a41827df062f40df9752d24b3bdd7ce3e4f1fd1bee9f12d39f644,True
83,L31,4863883935470655495,5c126d75d74b08e3c2367fd71858e66758e250f18ce30443aa1998d536934b87,True
83,L23,16939115428618443951,721f3f88a7d802e58f9045758fbbfb3394eb7c9a0423e7daf662e90e59647d2f,True
83,L32,9505558313060967583,cab5981dbd18eed66750888fd04a89106445b61718cfc7b9c85e7e58cba9401a,True
84,L12,6282414987962787231,cb3b5b3eeb16d333f5bd5028ca38d69314b20d6baf8e06fdc70f8a1741316ed5,True
84,L21,723392265256391622,7e5f35643e657ce3b1c04ca1702905787d7d85cb74af610f5cdc3c8e743c8933,True
84,L13,17096713006566059137,dd8d7dcb43f01f63ccdecd58fd055957693b6a8c30ac6e36775c2d9f21d2a6db,True
84,L31,13800437615920751790,063c47588148081eeebfbb640bd65b82087dcae4980055e89e45090a5aac9ee4,True
84,L23,15080662741557335109,6d95c5baf617b9d6a5e9c8d8fbf2b6c7aeeaf4a304b4823befc5646e53d58c7e,True
84,L32,15191035609768354829,60e09e282f6f9267040f0fa617434adb6f3908745f6e92601e9e9bfcd6f59120,True
85,L12,16542415391333098254,a5cd098b19afea093a105ce85345f65c4e16cc905ae31b7dedd8382c705a18d2,True
85,L21,1007897113830655068,c11552161345ef3ed050af1cb6bd7f6ad05a3936aa15240dd5775755b005f5cd,True
85,L13,11443953577679593566,d354c8e02e9597d3fb7456cf945e2543241b130b4bb89e8b72c48f3876bda2a7,True
85,L31,7594386646520267370,681df1037684c5e85b15aebf7f684f39b3753ebe38cfe36119eb3eb982d89131,True
85,L23,7584877514837607937,4698dfba167f49b68fb83b228f7af1ce6a5d1b12a9bc813e7d42a83a21fa3f26,True
85,L32,6771472863055680165,4d3e87917449f7109f277dc6693d25b8266ac2ee5cf3753ea620d1d81e39a4b4,True
86,L12,11083211299576213352,b7c00bced2091c15e1926b885cc6ce874697663cc713013aede8e0da3fab2b37,True
86,L21,15663793111355738813,11a60b011a3bc1b5110229caeefb079117f299b301318b83eda63858882e1b92,True
86,L13,3321685556682697371,4b803d4a09fdc4fc633f9bae532324e79875c52b8498a2fc0112ef3303dd7861,True
86,L31,6088748522168370513,b94b2f47357de94c34a05219b3017276703fb612920194dfec7d0384235f5e95,True
86,L23,7164436485360936834,c0b2fe2c8a8cd9c9db595aa57ac7efac9593100506d428db715016d71e2c6655,True
86,L32,12735066446741881001,b6b2d30dd00e498415908e31a66d4d23a74a0c3c922083c0ab5308f08a920f7b,True
87,L12,16245485636746545296,9fbb4c3ccf62c62a28720fe194769da2999b35709a57a3ac545e84815a342d10,True
87,L21,6129920396576210413,c0a75a493a0357c2c58770df1cacf0fc1613b021a943ed20bbc181f89c2607ee,True
87,L13,7075080938183226049,fd34a01455e76ba5125480becdc6b6d8a238561a4abbea2bbb1897bf321bd079,True
87,L31,17559468477406130066,7ae8505af6f458b633b0b12062b2f8cb8020a88efa8baf89b2b7fa95a9655a66,True
87,L23,8596249228165991477,8fed0c1d6b05bb3fe5060523339472164a005c58f3feabed706712ddf789a895,True
87,L32,17349275666117413870,b5de16faa6a3cea4872f2375bce38411ff0d51dee5b7733235ff9014fbedf864,True
88,L12,1146093880301116275,3f1b9365c396538d964b2d9383271c856f0a29bd538d48e6747436d10eb509e2,True
88,L21,11438200269283565735,ce418de78e2ed1a8ce49228fba94160d6b0c5f802bab5cbcf4ad5c03b6e67bf1,True
88,L13,14771160845613574684,fd785a595713cce1800d31cfaa372a6dc50b0ce6ed48e3dd4cdb6a4ce22214dc,True
88,L31,11765372726796405560,6729390feecd45855601461be23bbf74fb131ccabc8a5dc3df1415562fd7c677,True
88,L23,5615365321887062038,da1ed664d09153639bcd0ba36e6f6fc459008e16b0edbb40b5551c0266ba893e,True
88,L32,10551690775506958566,ead56f0ad28a36019afb26d049d07a3e09cd845ae8e80630e0b03289aff5f48f,True
89,L12,12274833684082353009,4e6f17a48af3070c70a9f8f15499a2f400737b7c8dab8ba8c0697946c1d0160c,True
89,L21,4090574500134594472,05ff4d908e539ebc851c7fa6ba583e0de63749a4e4c1a58250dbde21b1464209,True
89,L13,3331866215761557332,8157544e984541121f4853043ccd847d6447923c56d50e600bc0775deef22c12,True
89,L31,15935820751857727566,db176d7eac6a212cc00e21cc2a2e4481dab251e5c7bfb5ca5188aa939b8f4347,True
89,L23,9457364306230490686,94ea8a832d29a4eb83a675c0abbd345c7c3b455bd2bf066c352ba8d6e9060448,True
89,L32,14896631669483191229,1950004a79bf0fff820f647c5953ccef9f64b7c9aabd28f60eee4da06c63e527,True
90,L12,18274703969199258285,43c1e74e006fc214e9bc81ccb915a1f7ed513109842f047e3813a01db47cce3f,True
90,L21,7202872911000802501,dea0286778549bd0aaee4a5a0c092a303cfa2f76a5d6d488805627ef7a4a6fde,True
90,L13,7525635640798019152,f2944c9010a08af3aba9b0ae51f8d7dbe90154437b31d0fc13dadf229836b28e,True
90,L31,9317227226073499469,acdb41e88798b366f5addfdd76aa78f8a0bb3e10828ac40d34a9c706a28f84bb,True
90,L23,13800842044556363650,0eb9b5da9fe0b70a3337e862f42d427819f431e515d9450a65374b09f26fe0a4,True
90,L32,12708673222567445831,acfe28584cf54a76ce5423be94cc0d367d8e0d0fd5234061f0adf30fa53b9785,True
91,L12,3052101214876719082,7f4783010b663e23340f0b5155531fdcdcabe61bafd4e799b858c94efb923601,True
91,L21,782377321058361718,aecd3861ff1cf5b1205eed2968cf686ab8c8cb8e6824246bbede459ee29e0630,True
91,L13,10777690393009779363,0d2f2482f67cb45b876b9a84c8f153ba6eb0c4767294816b0bc6c9d8e57b23ae,True
91,L31,11891240544717138295,2ebab44e550900ecbaf51e218e436a7a866d2085ccba8042cd2af835736465ca,True
91,L23,17363333104427828842,506cc29ca40db2193ef316bccd0993ca013b73356fcc7c5e6a69d458db4a16e3,True
91,L32,14734848563419593379,55b5bd9767df8d1144684fd33aa739a702b37930084d44ed9201d6d66b6d51c1,True
92,L12,97118539329788590,7636cb25a818e8920cc1102300a03e86a95aaec83503992f4d5d66028aeb8a42,True
92,L21,11753074753664095269,853df73cad1fb4f0f924c548837bd0d0393463aad090ee821aef58bb08cba72e,True
92,L13,7578769785970007100,e61612d5985d9b674299c5ab3a875074c8af40c2c456fe515e3f2c993bdb58c3,True
92,L31,7029162409519278349,8bcf61953587b8fd53790206cce11d890e535e986de0f462db9c718de60ab79b,True
92,L23,16443941544424211909,232fdd28bed75c62d7d57168746b91fdc7046b013c0bcc915bb1da5ad6378737,True
92,L32,17765690417000058827,e3372860fa339ff63aa51d0b6159c8365229ea0848f2d7f7b46cb962b119b699,True
93,L12,2351706509053406700,b3b39d6fd4f2f8a2dd7d49e877393416d4bc24fa9d8ab4c1c8db0361f2864d3a,True
93,L21,265950229451627352,5a3b24ed2efb46425a1c188fc91c94aedbd05301de5d83cccd08deadbe8fb47a,True
93,L13,14602815303356994237,a54ff446fda2b57ef237f4361288f5791e7fa06b362b459fd814893230e4ab94,True
93,L31,4448321656807127719,7f7b1c4dac9afeaf307b8d0bf73b29660dbe81de1092e145b90bdfb31e98162d,True
93,L23,9344810457835531494,e78d01d6d13ef2538c57613b8a12512e930486556d00261d9a7a136ed1a45626,True
93,L32,14351230247238949326,9a120727361727011611a18ef228c8315e5a9a272076eeb4b2ea110def561d53,True
94,L12,6514314758173486394,f222b7e63ce14fef40f191397064524b90c63fd3df0132df16b79c505bb12ec7,True
94,L21,6988481543238034201,e30bb42003951b1608c5dcb6c51144fc2b3ed08caa0be111fa45ca61c40265eb,True
94,L13,13069953888034535627,92864e314b8f52eff3032a781709b470b9c5fca36426cf8c661db4228fdb8867,True
94,L31,10498488757108068511,50b2be5369b6210b4dd6baf7b30f7e1bfb721851fa8914d30d5e0be69296992e,True
94,L23,10827603380784123365,ef1d4aa8cd5b236f927904c85905cd910b1e5b13cac349c18b16af98b0351ffe,True
94,L32,9191612641168905064,59f33fa0381e897a129c47a583180b977292894732c9bdc4159c6ffebad1c037,True
95,L12,1269541188310199362,490a026335205fba5ccb3a1d99a4f6611e2dccb12a75ee31bbbada3fceab9a9e,True
95,L21,8163354093253121211,ea82614dce1c73c8cd22386b5ed154ec61157f34129ce509ef32ca5dbc54724c,True
95,L13,12602058361511416116,f66ad01f57dcd3247d6f5838e9d5626f23cb91bc88e56f4392d8c30d294138cf,True
95,L31,14603639177917712360,fdbc9a0fb54fc6e4c0010c65c0383b492b9c717f3a3734e3bd1f7c73260e03ce,True
95,L23,12314882103625577606,f7009b5995e2104ca4ea7ab00ebac7c7b6ae3a7dc3b9f3f94408656e337e0962,True
95,L32,16023736119615290607,1986169edb0db4020a31c91a7029733a389674c557a86aa06c41dc7e8f96d8e3,True
96,L12,14264190631662347455,f43aaa21f7ec9e4766e2d65bd57d2c282a3366862cd91a167fcb57daf22417a1,True
96,L21,9101980172491672059,385e56c2e60dd5b022da5c28bd00fe21cf9bfc6a0051e560d7d89cf7c5379572,True
96,L13,16706722228722470363,45e0a8c3e0620465c25159761fe2c8850cbd79e06987989897aa458b3b0b8701,True
96,L31,850382830911806919,3bea99473bd05137fbbb429e15c8dd09dfd7300d777c72a4c07b38b87380258f,True
96,L23,1919772383494776036,23abe7b71392992c30e6e7f20ae97482aeb909a0f6286b4894f2f61e5d467c4f,True
96,L32,17707929465688575044,d2d75d4ef8316b3bafcac65777e4cedb2910d1f3ec72dae5fb0bb3eb3b2b3644,True
97,L12,13142826487674537168,ad4418956116361a83a49eba32994f3e5339142f3ccd6f10da9b8c091db952ea,True
97,L21,10756016924088900690,d5563dc6389724a7e753b4b279b0e65461ea6cf79843dc3b625a0898c31222a3,True
97,L13,3967157300796494409,2e2c5fbb9a685517eaa2d60f6d18bb0fd3cb14adcb679cc13b00fdb8188ca5b6,True
97,L31,13031116097794735454,ac961045fd546b43c37258efb1436ae60b9d50a33f548fef63f0adcc5948d614,True
97,L23,5861381228074679302,07967e24222e5d99483c6963bf1007b0aefce62c5baf4f60f08e79420d3a0970,True
97,L32,4028364256583943877,5c79423a50fdd6f1e0e0d4dde5ced08540c3889d58dc3f7dbdb57adcc346e2e8,True
98,L12,13589169625125676695,068a3604a62eed51a723e619664b154f18bab8afc7c3f41ca4ebdf13f59b8381,True
98,L21,13355792282723512625,9a498b85c4f2fb23601e1464c9706bc316677b58b91e513765a0c01b995669ab,True
98,L13,12568425157325241385,a6023bc51fecdb57ad94665b1589f217717d19617f8bb36f90475bb050907668,True
98,L31,17583061604270296177,caabe00afa30a9460b6285538a207d69fa9bfe120ff9f0533b902c8818765fb1,True
98,L23,17693319924923812891,21b9bbaa95fc8f3ef125dcd31bd1d452d9243bfd2af482ff8ce63861573286f3,True
98,L32,13744371725812107740,19700d28960c32c20694392d0e05db201c1946c86f2af16739e04c39ee88aae9,True
99,L12,13194303349074019931,df7d6a0ba39dcfd9e6c4a75c1bdd6c70afe19f9fac9e986d72a648a99110410b,True
99,L21,4983624212716538097,911fc7065a41278dd408034d066aca8f5cb557674ce8c9f981def15476affada,True
99,L13,10173145609095266696,f104ccce61d9c6ee70c0a1d13bd2d6423be23eecb9f4f9f0dfc5a409edc7e692,True
99,L31,16903290891126487465,10e154060ca1759b19ccd25d56c20c55b65a55d26e3c21a945d62933267f9950,True
99,L23,11699395650888910814,f5966b4c2cf8364a0cee598b62d4aeb16b6ab3e5b64b0ca383244076bcf14e44,True
99,L32,15968254069431444904,7599cbd365ad5bc3c9a06b81f9dec9badc936851a25f397dc791b6ef73b9d3fb,True
100,L12,8969662381066532659,ed7467409c412ff9e5466a491f082701f144f3f0b6c46dfad50e7ddc5d773140,True
100,L21,9366581264978948171,240d55e3f7ae3a49af54c5f386a389e3653eff214a0bb7a841dcbb86c8f0223e,True
100,L13,7413222352105660278,2464fe8544d8ddc34bbb8fb62adfc99595f6bbd24112d087dfc066cace158b96,True
100,L31,4368551288146661507,32cb2656c4fda171fa63fcf85843e1e6d3ecff4a52391b0d8b86fdb40c511f71,True
100,L23,14878053349582149327,2dd8809d1c60a78c514011df6b1c2f9bad2808c7580718e81583485230193fe9,True
100,L32,8617183480242011328,b522bd6005026cfab725e2345f4a246e46089d0b9330f13098ca3b3948232084,True
101,L12,3487356178122261759,32743455a69619919495acc23c24ab50889cd003a4a5c2ae65b3535841255ae3,True
101,L21,16075884340665290974,81f298df4468651f0470f8973a5b9d4685c38cd9986904121249ec41c4ef230e,True
101,L13,16334391951528515943,9c912aab83732474b48d89b85d06bbddd744e1b8d9785e2564e60b1b800d9820,True
101,L31,14176908854895285106,ae63496fa4d9f8ec19599483a37719625f9f37e442babeca96b2bc45af0fe7bc,True
101,L23,3230165810331897854,85c41150b89517dd1ed85b2e6e0dabbe36a6b78370fe8a8284a648d38101738a,True
101,L32,8492629993318266548,853ed4ee622e9036f3e898c23a042f1ed7229fc77c6e4ce58d1f258def283205,True
102,L12,7795822402310687206,e2c3d11abc2002feed76ede90c34bb9b9d4719cbceb3a273b4198954c26a9588,True
102,L21,671516644422102645,5c7362b573741cab58efca57ced3b35aecc2a2f49ec018ead53361db85bdbded,True
102,L13,15484478986873292242,201bab1aff03225434143c817ff3696b05bcf7f61ed167e18c710eb68b5c98b5,True
102,L31,11285476154763535362,61bbcbd3be0e3379e8368a4d5c0445a7ef82fe23fcd9da0a57af0031fbfd5a2e,True
102,L23,14922584233069865001,c93e69260d91edb36abce33b55efe6ee1096712235096655c52681171e1205e1,True
102,L32,13763041271210889904,97d6443ae92bb20b825a7d04d645ef75cde1075934a8c0ea78b446ebe441a173,True
103,L12,2742793236537685940,befa647bac0a5aef678c7e6d7269123e1f54cc90c291065f6e4120e383b7d7e3,True
103,L21,17858309529904998982,d85ba4e53a7ff1243d55e82778c447342141d5cf2aad00f543d537a847473e02,True
103,L13,10162109491548570639,7d64464bce9ad3df98cdd775e3cb0e581385476acfe088942ea7f8dc56d1b1db,True
103,L31,12239951886838398520,15c8ebb63694eb5d2f05c8933ad4b6e18c2cc47494b54c9e479813d718241ca4,True
103,L23,12293459310655240273,db38b44da0b278b5dd100e720451c98ad0f4787eb81aa4929704e72013697eab,True
103,L32,16675390671206369149,4a437b6abad8fdcec4f5d6ef651167e9c842497d69c50cbe2ce3454a717576ea,True
104,L12,1185433215909471826,d3a3d04e7abe631a2bf9f8bf47f6b64ad5527fbbd7ec91f881370df85b96a58f,True
104,L21,7374946753284893584,428eb9b00588db3e03f88fdbf5147dd189147602a56c26098f9570aa8569e527,True
104,L13,14323350530119551286,2c50c378b217f7f157b22f9a1aec39d6a4e8a726c707cac5d3175ef21d15b136,True
104,L31,15701874227298714974,c74f78619ce745f557580a4fdb6056e3e229a0aedca63a71ce433a068cd6d229,True
104,L23,8387209954197005782,12167f47e310cd8116e00a6f0c2d97e4a26a6962f6e3de82d6d516e37fa7f91b,True
104,L32,774028426697840202,c4f706a3f334fa3814b367e311e5637958f3020f948a8e158a3edc79eeae7f3b,True
105,L12,16110145549825238680,3fdb3739724898f630a02f796529d418f8b7671b7e0d04b38c544e15ff4dd02b,True
105,L21,11956207865772756215,cac3022a3ff8e08a79469237badbc5f9869cf86695cf7258fb3353e18566674c,True
105,L13,5050577379381867058,2ddc9dfc080315bcfe85ce09eebc4be3acb9d1123d41f9647175f623d258a235,True
105,L31,14586311401620166012,678de9ae16af93a199ca11c2335dce442a3e259186c81a83777ec095c1a3da92,True
105,L23,14118741780811259966,94f4da265fa78923b86f611dcbe5999f241a57d902dae417ccbf709ea2f74e97,True
105,L32,6696820410913877449,3d22ba1524d7153f1b042b7a45330358187b87342796eb0e3fa44a06adb45ad9,True
106,L12,3971525279377177360,10711708045fdc948b2c053d49fb7c6c45fa917d95284be705c2d9e9b2f0a038,True
106,L21,4825016339493516370,a85c7fd4651d5cdf025197e3a5c136f26b523267274c1655a7c77db66ec771bf,True
106,L13,17633324332254158420,19d90018fc4db40aac11261b51ac0bbad50780ebda77ec3acb4d36b2821cd5c5,True
106,L31,17335283854598092445,1fdbd96bd5fc0becc3ed027b908b0dcf12688abe64c04d8077296fe76c4a1b44,True
106,L23,15527952309458507765,3268140d997013548f2c938c9801ee7550a66eeadf314a6d76c4d7a87872867c,True
106,L32,11258633930539851355,aeac2842f3b3e8d80fd93f378e3be3d738c7aa6a2e4b730492fb3344f4de831d,True
107,L12,17395054532074355835,2ca271aad000165116557c716c733a045d2e11bbfe8bcda852969cef22eb793f,True
107,L21,11939074105549345809,9af68b8bda40ece348eb43bdb7c739d8b72b10fdb72939caa10319e113c0b47b,True
107,L13,15778853381291379963,26a7440e929e6aa113e311156936d72e963aa5a4a156209e858d7a3cb674118f,True
107,L31,14196967377686666053,0c8ff5fd32895df4570fa0ed830b7cd0b795a12d1cd68c6dff333be0db8b7a68,True
107,L23,4325081260103602328,c217d76a3523c648e960b39b2d418a0d973257fa5b72f98a7f90d661bd2691b3,True
107,L32,10137416718788729382,c0544278d4dc1f0109ce15f744a67123d5defc315a203073e3e165df9111f891,True
108,L12,2531812137350286322,869386b5122081ac99a4d11e260aa7644dbb686d30d09263e062b9d78edb5275,True
108,L21,14350844022109303869,c9f86464d682da4462f60c2c6eb2b970818f0ac3f7f0a63faff118014f6033b8,True
108,L13,8742509326096621352,178bb8637139e1b59d195cb42e2a41d803a0eeff9af880495eb6a09d0c314001,True
108,L31,894200503902785873,6c583be3f49c03050792aee46dde234d335cc5d29e6ea7712e8dcbbaa9489661,True
108,L23,8569170513541608351,382667f9a7917a30d2019d37d41ef8d82145cbb28fe37a96071603411118ccf0,True
108,L32,8200482496716155353,a5b1cc343971a08e6d0072b5295ba6027939240a34265b99e8b5a84ea2861287,True
109,L12,3970354015209957464,3cc313ad6268c82a76b77e1c1f1bf44989317cb1efe4db4e78dffc01d3c4d32e,True
109,L21,15414355248454830415,970a9751d2d6ebdb224ff760e5bda480fcb73de964f837d4fa082f84ed12ee34,True
109,L13,6343180525496027923,4e4600d5ba1dd8693a205aaa969231482c329805b93cb9e545a2c814b7054388,True
109,L31,11573124272540457961,eb6497b47b9d898feb2db964fdc23e8a6d94abe173ca340d0de1eeff14fb09b5,True
109,L23,13056162338595300837,4cbe4cf672db8d1d71b39e2dc83af1ea0ab5f7788c58a7c45ad8b9f37445de80,True
109,L32,12198836543338380544,113e960c7037ec88e40af08ad53c7a54e6ea7679fe26a052aae3fc19e830704f,True
110,L12,14248236146751382266,8a6a33463679bc8d0d27de7ec9db3a9aefbaf0e95f00e5523d779d951bf56633,True
110,L21,15200315601628799191,25e866aab60e618df556d66f78027140025aad9397b82c38698822889deb6710,True
110,L13,139854889924520397,f2a201cd1279bf971562a1142a270f3225f56333430255e733d3f8ba29270813,True
110,L31,15494871954912844287,0063bbdfc55832edcdb6d1f88af926f8c6030a748eb444102f9a0ff766847a7c,True
110,L23,16590718617864503301,1104ee7b1d87ac5344829492c11a516f84af078f2fba4cc0e4038327bb49cace,True
110,L32,15065656328166489364,ebf816d314912f359fe78591aa502b3da22d4b8981767059c440bc6d40e25f9a,True
111,L12,2135757105624796008,12fcfa6513edbf11be148d6e31db6a3238e713a4bdd2dd5f57a719ea068242a5,True
111,L21,17520353789373199911,2dc6c586ab014cb26a20d876ddc7a18495382191392e2d515801123b2a6dd192,True
111,L13,16012849762023565382,0a9b79e1624f0ab11fb861265fd1448cd95d0355d971375cfc0bfcfaf7e33bd6,True
111,L31,301820993512351166,10648516937809d83228017966207ce908575c3d56fef780095aa81900cf3ff4,True
111,L23,5351914570348363107,51c16ae35706b9c59cc5e0252a818f84eed71f57c7a2aba9601229d15f388039,True
111,L32,17327964353050604345,2407934b257709a542ed89987636f5fce1f7530baa6d04be033986965d7f02dc,True
112,L12,2971190140915571090,390fafbf4d0deb7877fe8b0d12c540539671808eb8d69ce7dab1304b8f1a6e81,True
112,L21,3352885212586647012,c568009f8b465a52630e1917c203daa3ef55b0f64c4a1dca170cc1c6eba8cf82,True
112,L13,17016151154926156076,4868c896a0ea2bebe0ba69d6ce3b31909e60ce7c1bfbbcb23d7f919cf8cca59f,True
112,L31,8430266653541380012,14637aa68217cef3bc43654292aaaf4e9da2686fdcb6c242cb69aa11e42a6287,True
112,L23,2439876297359731156,77d269c6ce70ff0e28974f86330309a72082fc1498f0850e02e654be77ac73c0,True
112,L32,4554932167943803185,457ff91a5195b5e030e1aae3a2d327a33a072ab7647ab3af81c7573c774b6c1a,True
113,L12,13552013587047416037,8a077d31f69190d56d1423df90a60271b06d7c4de2c329ece2c59eff541271a7,True
113,L21,15895957449986268214,b23ff3921bef26e2fed4cba6a73266701cdeb21b3b46a4e92bb43d516054d594,True
113,L13,17294699657410107267,2b122890f420cd9b7b245eeae0368185a344613dc770bd9d82b55ef4ed7abc65,True
113,L31,13039405149272025578,84815fdfd973d12113704e0b2943e52fdf307f6a3a4b8e1124454c849429f3b3,True
113,L23,6349323979821882924,83ae54484cc0655464b0820e45c90e401c311b545e21bd1257f895f5d75a2d91,True
113,L32,15175667354390675585,f091cc63ccf607cbdec8aa6d6ed1faf7c058cf8c536e108fd0443de0c85ef217,True
114,L12,11171888740281662958,a862f0830537afad62d5377134755ab11e6adbc6344ae09aa6e239bba5f1e241,True
114,L21,14550281012375592198,3964b7987cec1911b5f639783ab063bd2f8a088f8f140a63d32c6aa4384281dd,True
114,L13,2157093582966945825,fa68d38e5200b391e69dc83817132bf4e1b0b9a811513f128c9e02d7f83c4934,True
114,L31,968496627777675631,05c45f61133a04af36b8b61cb6fc0bf231990a327fa0e6ac6fd11eaa9cf408e0,True
114,L23,18111087153483753772,9c1bf30f97db74a7efc85498a57c5a66a715f9b54cffa98620a9b16f9e68adf5,True
114,L32,11065995084616786323,acc6f062c936080877f8c015e34122ecdbb0b493fa2c461d40cbd689da6d3db7,True
115,L12,8486863591346332881,2db6e17b4b8e2234690eebbb286ab3eaf6e27404b8120e992901fa579acf06aa,True
115,L21,11933342587986259218,65102050a3517e1258ed9248ef5136ceb218ec0f38be6b9e312ac333b5b006d4,True
115,L13,6033353524717270200,b27e0d04fbe0f7b7cccbf4daf4d4387621d326f667331c06801c838e9b171512,True
115,L31,10020575718987380784,7ba7bd059093d78b5c6b1701083e45c2009902c7d8f992e047ec5886856cf35c,True
115,L23,17713196382770242860,89b8f37475864046913768ec7aaf4ec886ae556f732e56762a9f469b1534fdcb,True
115,L32,15198273919787490070,252d18e535991ba85c73d730f468862f2fef38284499bf2cdde6061a4b48bb34,True
116,L12,12177914008055482710,ec16663b7a94d32fc305d79b6e4814cf1e2e154d61360ce7ec271a668b01a6d8,True
116,L21,2860029666510074422,8c0fa03aa92c1630f142a2944ab32969617d80a9618b04bbcabdaeeea2befb97,True
116,L13,14331205218018172071,60807124fa4aec6d3e557b30e0278e0263e5256a1914750b20ad40144d95e836,True
116,L31,5673474447740745915,1d558bc6c009809e27f6ef824cfbb565f110d9ff4ed6c54f1f28c3928dbd2e8a,True
116,L23,14620021465731864190,b0125aa42cb7b9778ebc36deb1a9badf62dd8f78978fe6c1e0e79685a6a28f53,True
116,L32,13842302031904255135,617840031bc4eb85bb95c3243e3a81ac55d8633be7806c66c8c7c5b5f83d2a4e,True
117,L12,16977355879551508714,f169afd5b8af993cdafc6a74a893146c4abe23b834351d34468d2fe0e177ca31,True
117,L21,14240547723017912519,6d67b6c8b17653838cd4722f95b861909ae0b9d949b5be41ca5d758568aa7a92,True
117,L13,5076484570963281499,00552a341a6d081fa89e6e9b859545d8bfacf04eb061b0d429e9581d95e8fdbd,True
117,L31,3524012475631385698,d0b77ac025739bbb018e0e52457cabef7c167ee9c1551d1ce9c203012121b213,True
117,L23,16036403321531164061,b7484a87f53f84f7fc5c611700a94d9fb73d1e19ea767326df88b6323770f6c0,True
117,L32,11123051221889048883,822d4a7c5a41682113931b681f5c90c2c7e860982273e27764ed3fed0d5ce665,True
118,L12,14097453155801760896,a4bf82438e8744bc02c0ac397b6820d8dfc5ddde62849fb4a17ec22f3711498a,True
118,L21,13457852028204830169,7f68009cdfaab0c797def8c89ff2174091b605f5f6f4ba1f0042daea7cf06154,True
118,L13,17621597319882725664,494bc461104c8941a74b3afb4b731cde374d3305a6f030265169e175e6e5834b,True
118,L31,8365763497007854653,b18e82d0418168913449c1ada59528c9fa711ee87f897479d47f47148c581838,True
118,L23,15818110214961069345,2151a9a92dd38d82ba21e582a00deb0e3a020348dbcd3923db475c57db87c3c4,True
118,L32,16028648771400900383,d33a2134f03b4a59f322a16b411bc1b59abb1e9d87cb65147a1e71f001486195,True
119,L12,9141776602019694739,be76a095bd2274df7afd6ee45b665854da911b4752ffe5d68db919f25d1df8a1,True
119,L21,15933502949952539555,a95b97a79aac230f65fba187b7b763727477b3048e8644aa642cca9ac5b2b03c,True
119,L13,12649441780494362437,32af1cf5e132db852aea8f2ba2a621f53330b4eeaec857cda6c6cce4a835c41c,True
119,L31,10112624759241600582,4cba30ac42c9a45da2935c5af21aaf621f7ca21f7c6f5b604d085d21a6e7ed08,True
119,L23,6205017901262141946,320a3050d139b3e8a9b4103e2eb73fcdb95487ff273f08762b24278cad9e4120,True
119,L32,10060505521615949570,176c455981cc98851b12f96c131dcd09fd08bd35fcde6006a38af9b998539479,True
120,L12,2622635740486184738,5c6283b0b1a65493e2aa8bf899c8f9db1de7ee3a04b8762a223aaed8536e6061,True
120,L21,6984081569313122876,18949e02f928a73b6da685fe3b836e4afb99884413a1221c0bc3de829b6cc61c,True
120,L13,3870220754542951821,d3ce199586c0ef281cc80b9707e30c1322c9ce402b2145f015d05d662c922ec1,True
120,L31,4431692354220432811,014665d4bdd1bc9f904162f1c298e3ec087450547da96219898b243c6eae2811,True
120,L23,17588818960595917045,4c71917e6f6deb0d7ceded7fef85e95434ce6946ba211d029715841fe82eca2b,True
120,L32,6932271803190455531,4725cacd5a842943c1d47ebd9fe45338682e7faa177d77663da248de93400b17,True
121,L12,4991748733349093723,13e57d2a1c09475d1e445f46461f6e475012ebc33b96d63e6d38a7d5f935ab9d,True
121,L21,13796789786400600398,0864fad2a0f2fc4474cde05e469138b85fa85f53591276c7f35dbfa156057db1,True
121,L13,6796261164496001921,22328bc76c0808b8890a4d5719a2f3e13c622d70c3bca1947615db4d33e9ec2d,True
121,L31,8084738650803857348,2d1765d521a76a2dc4e2ce89d54357c76406b3b21dc5f0a92b7bac2f3d7167dc,True
121,L23,7413806964400633696,6388b67b53607ea2bedf9426a4b072179293cb51b2b63748457c699a7a394024,True
121,L32,12499003333987407343,8b3fbd1015f25beadd4766d6888416272c09d13966c6a7733ba34b4f4e479fad,True
122,L12,5979895026665527226,6c159f418cecaef943dbb21e2a2c75c192ebb59aa62cfa2a8d796e62205a206e,True
122,L21,8347611833133456927,a1545f23e647a142942d4fa4676f0c54b822afabae3512c33bcb18db08d782a1,True
122,L13,14588419734634220334,c4f29ad247687d3dd3ff4f9ae95f0bbac0f99b18618e025c9fc17ae16e97c64f,True
122,L31,9553705236698266012,37cba7ce01eed22dae14c0915615625fe24809e39040d49c2036fb3524f2262c,True
122,L23,5014075292953663,ea15f7e585abfcb9b56b557dc7fa220d1071ce9b754aac3e43c04a50934cedd2,True
122,L32,13241648207447039442,f1947e2c5931cf380b456779b24b82e184c0dcc4785678c48c241f16382563a7,True
123,L12,14459346691655729579,c59cfb31aa742182c0569766d7a6ebfdcdc959806124b983195a8e201ca3001d,True
123,L21,5427742511700914638,6378fb71ad75d39234830a14a94a691034c5692ea7d93e69b855a02b6bf6114f,True
123,L13,1396471501467957651,f1a2312469528731d15beb62c18fb7186501068f7c000418511778ef81c8e778,True
123,L31,4557666768450317103,1b2658e7f02fa82bdb3b9558a8e278cd6a98a8e1e4bf1bff002a33e2d4bdd85a,True
123,L23,7912450871460104014,a9d3c9ef51d050ac3b4fab97e2d34a586079322378fc10c8823c2d19e6569d86,True
123,L32,17032772368280292352,8fd4d3647168a8b3212d2b0b698fc7a26defc9a23086d724a264fb20bcb0de24,True
124,L12,12474304868317010273,5d565460f9d327c317b32cc0b7d02afb2d2f27a6a112a9d9661227bb4c3898c7,True
124,L21,2658963570270270089,9ad3ce41cdddde50ce5067aacba26ab743cb51aac2786117583480586ab369a2,True
124,L13,1841691083501557262,9136e3bac94e2dd5732ea03e267785a6199a95e20aece82f0e9f317089c8f730,True
124,L31,15645640601218085235,0a4e9d01f967f0e182683d3833b27d5e6789bff40c7aabfae985e18e2d708788,True
124,L23,10936398032023879652,fecdcbe3a5f2cc4834eb7683ae537ffbaf7f7abacc81a867ce9b837433366ca6,True
124,L32,13815423425544545380,65138efc59d15044f9d3587d9048e99e8ef3a4fbfef439ff559ce30bf9deb288,True
125,L12,12155773731372859633,138db26fb1db1f9955df4c84e58657b685a968d3d2060c506af51fe2e168bba4,True
125,L21,13808149840772422336,c1a47339bc9909ac8d622b46f62f83aa850e8464d207f4cc93b50b5ecb3811a0,True
125,L13,10849183374788017051,ab3cf764e898e56b530db0b15cfdf5c4dcf8905b711d3fb782d5f6d724934db2,True
125,L31,13936276211506898242,a981dce7210f0678930da49f47b87df4278781fb6cfe6a78b863b4fc27f1039c,True
125,L23,4859487482548247195,b457ee078819a265f4424757ef71b7a76dba5c5fad6ed08f2a238999abdecfa1,True
125,L32,9222807459120610835,502ab6c5cce5e8b606f2bc6927470415dd0198d227d656e5b5fc66db1637175f,True
126,L12,9870762949476868902,61ce27628c6cc4decccdb7fa453a33117ca5b44415adb0a57093eae7953f92dc,True
126,L21,11673017217578069175,b933ec55d4ded51954a7c2973bc9d3b4a1d033e0c1e58a8fcf759a3626136d55,True
126,L13,18252604836369531879,64631774d3925556fd1e8fa8ac6fedc4d2adc67ddbf7ef14759fc2b03edfdc73,True
126,L31,9940762218127512464,41101b3e5063eac523935526a71e202b950e6d6962d2ec4026b64d12afa43795,True
126,L23,4288599831399985688,e94b8489b6dddab13b5711f89d28f88296f7d59a1d3818cbfd1cec2ced018abf,True
126,L32,11571822980384519362,a445b1c81402d7d00eda3519a3a969b1afb174b62117ea40ba0b95e5518d9b79,True
127,L12,12004436288736861647,c9a83629a88ba0f7e29aa745cbe5775d209221b53ba5c96d2d0bef44d4df7203,True
127,L21,17600832361490673888,c17e6209bf180f1a1c35032577a513b5edd1b1465b71751530305ac16cfbf99f,True
127,L13,7962639501857738997,9eb9fea4b164ef1c6f37b0801e9e182ed404239aab1a7911b0d220d17aa2a2df,True
127,L31,2599694218620894067,06576c3257e7949bfbab71226d6cff6e23b9ba2410fe6dc1729aaf290a87b61d,True
127,L23,7478472811252177700,b0b95410f878e3d82616bb012373ef48d4f165952afaba8e552a25eaab3836b7,True
127,L32,12742752999553994291,f2d72736fc66cc2a72c6a2276f73660754d147985a49ffd97b226d2e42cfb021,True
128,L12,2595450431478367932,6255dc07ffc75238bd5fbd8126eefa42785de1846ef2db3844f46d3f5931ec85,True
128,L21,18405164351914591876,38342dd8d22429466e2153485666d3283f76ce3ee1a4142e1119d8e84ca00770,True
128,L13,6541069852334188810,1f1fcec175a0b3e46b883873cb73a3edaaf28342a306c8f0c8c001cb3538c117,True
128,L31,13104928547642427819,c732edd130b87a6f49fbe75e345c940a2e839488bcf98e5c3fe985e4c1a38204,True
128,L23,568585365489315644,4d4f52f787b283d59dd8dcf4f356b6433c66731ddebc8a746b16997d6c3260fc,True
128,L32,3693511534780391409,75d0f352064ac2de2464792bccc2c49f3540a4f2c11f6a6773431eb2b4f2b1bc,True
129,L12,2339819944971699394,0ad2613d99c16a8b581bf202bcddc5d4a96c0ad7c468600c559d85e9b4ed646b,True
129,L21,13286749464935113586,b1f8bdf3747d107f55658aeaa3786676e8122b541e51865448724c6986f33721,True
129,L13,12248722519710885436,9d15b08b3c32eb1b961d8136b1b0af1d69e21568ff55e2c70038116cf47dff92,True
129,L31,1674887417628020600,95836e870845f73c4a22b07aa432cf8b35a8e4c5f409f0b4e80d1d28f8c10ea4,True
129,L23,14756593906150810145,2dfd71eb37634865c6afeb7ea5c3696bd05fa11db72ccb7e68ceca2134c7aa22,True
129,L32,2007823179007151666,938d0b70e1c95ff2a1280a6b14072faf1920960028f444e1c925f862f2aa5953,True
130,L12,5060476836801657715,4e8df3719cd8e9e08abe961a7f05925fedb0cbf9b2c18f6e17e1ef93a39bee3a,True
130,L21,12664124638575901103,4d9bddc0693bd8bb8b8bb90a6fd0dfb3fcfe674579dcb295cb2316e7659cd053,True
130,L13,5477248288041858647,e864ae12769554fd44f047ac0313b6e58b3ca0076ec19b4648bc6dea0894de36,True
130,L31,18097482504825032873,66940dd1347c9fce2512317e006f9a73624354e86fb0216216062e374ff390b4,True
130,L23,2573613559378283613,d1f557b67bf05d5deadd5094df5dd6c3bcafd3c09a48ae30712827dcce413008,True
130,L32,7552537090965849762,92b077daa518ae053323b76a49b464c1dc3dc466fc4a4325e430ea4fe61c2c7d,True
131,L12,13213642514369153466,5a4e192b6a6d40c14753dc1f0eb806921dfe42b98685a85e0d94f544e3373787,True
131,L21,4135599023777128545,9a5700b559ae74460b839be88672a50e776780392d3d666f96df1cc1867afafb,True
131,L13,4510797531140681005,4f21ff3e675df7a325b3abb976ae6385ecfed054e2eafa2b23662d40dc5a5e2c,True
131,L31,2998698359626304950,fe25049a3b54c10e8b3fbc013bf1c14101c51db6b26c13b45f4fcfeb469f298e,True
131,L23,11382862551058244206,b8d062d22b3181cd73bfe0450639d65b84d0e6317ae8ca74bef7dd466145bf01,True
131,L32,8019150023111756680,2a388eed36469bead9af0f377affa6d31eb4071673ca58d4c75c64d6c34bb5cd,True
132,L12,14509149585650941400,2263a089e68419154367f6f062e391cf32ff90778575e0cb3fc98ac61c0fa532,True
132,L21,10712921201741378108,c75389c429034da5746bdafcb4721875eaa1637d71d30cfb37a1ebe5e5f435ed,True
132,L13,14993298759341781158,8f089faf52a10b39d929886cd5206ed2c37d6834e4be97e4f9d704b88ea4c805,True
132,L31,15180728557886321528,279b879c29428faacd31820bf31c2230b7ba973ff385e9b1a110b1ec6215d351,True
132,L23,115585773745630636,d97e07b04bebf8b3140a5b1f70581349b1cf063390fbe080a903c2d007402490,True
132,L32,4441411339443554012,b2252c5763d8697fc87440a3eb5def1b7d81c464d11af0eeed61ef3d8947c628,True
133,L12,6395229387032737350,dbe5508aeb9c6024d665f08c26d986c0a6876a133d075c9431b160b7bfd20189,True
133,L21,4346009561655144161,3dc1103e7e85c401c51a0bf7025657b41e10f090be975801dc55456c3b794ed6,True
133,L13,13257560571768878167,a1a1793da87b52cb74a372a895595606b248d1b174e119e0c3a71ed7864e2d8e,True
133,L31,3361379485488729841,4176a3eaab0a34134ed946a5c69194318e485a8f73c09395dba13cbf35e3dd09,True
133,L23,1654402373680127917,1fa37ff9b6c366be9bcdeb2c55338e40513c1bff57f33dd65d7c3054477dd221,True
133,L32,10625765193608937739,92893235d3eafa68ccbb9a3e44c0d7dc2376438ada3237bc51a1f521dbf0e7d9,True
134,L12,3284766605985152720,65a8a483c4d3c154a8eb449e50b910462949d3e71af452e9f530d8cc3876d609,True
134,L21,5502527746295425480,4d84e18f5a8c1ed1aa797065d9653805c2e96db22e0b10742dd1a55768ad5b15,True
134,L13,9738177555274944860,7072afec9bc90892e76050f2dda495468f9feb23580bee7423a4a514095876d2,True
134,L31,5223865913021541535,5b5dedda26f29a32568796454f92237c648fa456bdd53d971f806804b7063cc6,True
134,L23,2696267058448483022,e84571617b15bd44a2fcb7159a87d4ede8f832cf436e63e3c79eb89a619a4a63,True
134,L32,2381971178300744758,6676498ee3c537977fc497a30a1f1e57f2e4733dbaa3213dcbaf3707e18ca6bb,True
135,L12,17233422145059226559,cb9513bee5316f69680bec2e479a9c071424f94a486967ce99e5593b95231a34,True
135,L21,5538947608783575060,5ba1219e736337d3ff6baa77f04e877a11909bda7d7120c89497b32a65888f73,True
135,L13,484183749704825533,cbc5098bc157a985ad0caea9171c99715bbf58f79a0fcd4073ebe9885c80e625,True
135,L31,5376345094869368021,73105415e7e96617ff43a7466319b80e28a280861494de92cf8b5ad19a9dc11c,True
135,L23,1391493001075479765,8c3ce3898de8b24a331df8e4b19aa292e93b534e277063be79df4da02236edc1,True
135,L32,8589670372783338225,32c1bf5fe9937cf73012c9f299b6f643aadce7f03ca4518c9daf049b91ab88a0,True
136,L12,9736201111012751074,f3f2448c8b028543ddf1b4bd03e41c199585177633844b90fc6268074c4a1a6f,True
136,L21,4457000667589098891,aa28915a34a86c64507016a2d99ae80f5f29c151ef0633f448436598d887addc,True
136,L13,14901261732033599766,3b8573550f92368a984ad8fd9592fbb84b57558d4c80f518b491ecf27b45ab48,True
136,L31,12198060722672485197,1894fa5fcc06ae713b9d9b8c7a4626a5c723af409b7bce78c8fca8969ed9d67a,True
136,L23,17866366688249893847,eb14200d33c7a30fb805e9f1c51f2c61ab0d8882fea9ff73da2459735860ccf8,True
136,L32,20983153713668054,d85680f15fba523454f45b6351096cc0eb0301b3930742b7b8e146ae3b3da6af,True
137,L12,15979752859362112725,04261b1003503709f7d12dffaafcdfba861b243842dad9b3647a18a0fae19a63,True
137,L21,5908963610872759048,e2f1318ff3e602294932d96be5c2c7b52284cee2d02afd36e2659c6ff3421597,True
137,L13,13950174634463285762,24365ca88391aebafc0a68bf277b2fd9760d8568b40f114ea67553c27f8aef11,True
137,L31,11732510271924688346,c3b35e8512179ccf011ff62f24d3398fae308c9cfbe294710f121c5e92a2a954,True
137,L23,16964225957302106899,ec6509027cffedb3ffddc9c8832d85faaf6d7c4087e8f50be4a9a94c7b9ef2ed,True
137,L32,16044139974641189719,b552c8037a49084ecdabce19abf37ee5fe5ce76a3b0a4648e33e9ecdcbdbf1ec,True
138,L12,3194631274513299246,f68c3547b08dff640a071658b4467e62c75b7a6cffb5ee68f28e3c757924bf0c,True
138,L21,11315648499720839475,46c1dfe2915d46c18c660bae9fe579742645c3b7afadf43925558f3f369ddc42,True
138,L13,6038877260042298907,1e09a27852258570e1e33d69daa1dcbfe92becf219ce8efaf8ead35789bfd7d0,True
138,L31,17526784215402739146,b1c17916d34604c77a410030d85be99aa66c09fbb2aacb86130f01539316a3c8,True
138,L23,18065433027902596299,b2fad6dd797138160f740c7b646e91dbab114c3fd38dc64dcb9d7b0dfb9e2941,True
138,L32,17553174294363571158,6a31eac2ef351f0d217e3a96ad7dd5d7a7e2cd51993d4a6ab5502af84ec00f0c,True
139,L12,9185998067506543025,521ff1ce5562ab46500bd7efd64dadac658e5aecc591b179ed5fbcc6235faa91,True
139,L21,11553486082411072695,4217d08733e7f6dc985d684c5e238ea1720e160edfb23aed02e5918b723bb4a7,True
139,L13,4285099578881931677,efe862659ebf629238c49b3d8e830979af14085a913b1ab551d35d3dcec21ddf,True
139,L31,10852687367568108253,b2b5452963c086416c7551ac9c75c2252f992462029cbff2599f05adf9a6181b,True
139,L23,16856989798898209236,fe4d2d82f6df44886f33e677a189b2fe00db16495bfe9cb8860936acb0077217,True
139,L32,6943467345154578865,b8d067c9199042010fe103c49117a84358efa51a37377713e094bccce734fa2c,True
140,L12,8114811015255972780,96f1ebadaf1865ddb800a9b3b5c2a0af94cdacf20eb45fda14e42fbc87bbb43a,True
140,L21,1437289728243870847,8566a884f3dcf6eaeeadbdd2fe72105a69e2212645f0d6b5a2676a5718e0cfed,True
140,L13,2714750512732430096,013a5e80917476f86151b9d39fd1f6cb02850623898e5eb5710cc601539d8568,True
140,L31,13407693468210032367,c7b52f7095362ca4eb7c61e5d510cc7a411571f8bc7bf9801fb07b32b0cd1a84,True
140,L23,7736820698434859989,1bd3f8bbcb8a3d6e7fa5fda15b00481ae47e2ef819b7799b4cdd09a4adcbd8b5,True
140,L32,16768206816807367848,b07d78ad0ba85d8fc169154638c704059645088853bebb1ff7021fef7ca88157,True
141,L12,16023828162531375233,63674510ddd8427790b6277e0d6fd75ec747ac8c19a934120ecea74bcdf0dfae,True
141,L21,303938627789313256,d827d93ada09a6dd025effcd77b01bfe83734ac7178b6254cf8950ab1aab3a18,True
141,L13,9410611693571394211,98e32aeb199c461581ecac1e29531a1dc062fb54cf353ff1897b07d91b6d41fc,True
141,L31,12050619765734252596,3261f09d37762b5db57ee6bdc3564a282bd35a3477b65680767cb44fdf9c6139,True
141,L23,11214663569315309397,cc06463b4d58427919b0b64406b4725e89f200d58a4f2ff57fbb155cde86b082,True
141,L32,5542436639726709757,bea9c278623b89297ee8c1fbe2cb25f3295e3e2b4fba3cb09384de317991db30,True
142,L12,10804470179363740967,5cf7ee6f36a8876d2097be1268d9560ea4bb09e2b8c4d8b2068f9b5c6acca989,True
142,L21,3835055247451631261,3965a98c7dae654981a6d7f879e182bef4e3bbe2a3395cb9492e24785dcf979f,True
142,L13,1900923469525975509,b24fc4e650c0d95f757b36d0166eb698192fdff2eaf33b9efa830d447c442557,True
142,L31,2064342324979837625,232801acaaf546c57f26e410b2f2598e2be86bb0b8784ff97fc1d9ccebe94aab,True
142,L23,5449810028462045469,1bb4905682adc077bc44fcf5bc76763fcf71a47078a3956bd00bccf6cdf79cdb,True
142,L32,14851711751906037684,0eeaf6aeb6a50053f858018b9e106ac1ff02d66af0cec726ec3e61fcb6c6fb76,True
143,L12,15623337568721399754,8d1c610e29824e65d1f87b3aa115c43a8111b2f59a126bccfd33f4f0dada12fd,True
143,L21,1864807389125900726,4f251e7109cd7eb50b8e33e496c7397163f2a9abbb088701e8418f964fa876c9,True
143,L13,5442033160907623931,5a0e608cdeacbf369c7bca38d74d6b76c34fffb7b8f55af1454a6dc984e2560a,True
143,L31,12173543819607227765,e89574cd5e958071ce84f79416a0f23d5b89cee540ada7033980306592c06fc6,True
143,L23,1567970900790881862,18a1ea3603abc84527172e2b1183b75c800bbfd6307e3e9553c6d96198decc2a,True
143,L32,11169611191051390097,7c236512279739fb22c3a1bce4a6ced6bb4ff2b844c2c95ab84688a01eb217e3,True
144,L12,1510481441579205723,bd027dd3fdc596674c10edb3aa5e3451c2a360367cc3a982bfac62c1bbc9d008,True
144,L21,6257234683032881365,49b776debebb57879bf322f8b9e50c5a23e0c6b750f4961b624459a5f763459e,True
144,L13,5631431393731374144,668ae0f63e347fa7dd9127a2b1d530a87503ed1efd7a3a5889e4172ec1b5d536,True
144,L31,13555271834671539570,548d216e7e1c45880213ba66a1f61a3740bcfe78dea8aea5b87ee476b5e91b4a,True
144,L23,6108028466022617094,905c20dd885cbd4fb5b3d05be0bb2f350a3cf50a7e34f3997c9306beb2c0b877,True
144,L32,3992323218824801466,b22ec733b1248403d83d4d791abf12edde90c1c1013063854bcb464165587a92,True
145,L12,15190098963900535398,cbf07bafdc25a5d80d478df37a1dca016c122bcf8cdf4dab28d0c99021e7baae,True
145,L21,3490659011472572665,d8e8cef66c7726c3e0a3e8ed2365a96dc99c9b1c26a5d84e84d3c9129f61dd76,True
145,L13,1309606789739936942,532ef1e8802caf725205a3c0e1903ec3bb454ade8fb2988a64269557059bf5de,True
145,L31,7765094646644039833,f1293a7f06cb91c1fc3767e019fb06519eb17eb1d49cb3fb9e6fecb32da80e30,True
145,L23,10129614680605751514,1b6fd44cca00ded9cb5c9ee590e7b0be4eef4a5f925d522cbbbf24751e8e8a3d,True
145,L32,16488375789663402048,b00deca136c45f756dfc83aa181ae4eea4ad0bca9e180ab934e8343decef1207,True
146,L12,10629286001477696926,fc1a55f3cd4f6771abd7df1a191504e409af8c39f319088e3bac6966fc3de378,True
146,L21,8944732554108961062,ce9a49b295990b06d35efb1d324cb1a49bdb857c190e7be1f1f35451cd2f1aec,True
146,L13,13765135412199132886,71e541fd9eed4435ac7da89381ecc4e9b7f9fb93fd96f905a9e40a072ae4a207,True
146,L31,3338342102809208982,6b42a4f452b79a933dd7fe44b7d2c6ff9fd505259ce25d26a36151f2e50157c8,True
146,L23,12048588775584096882,868d271048de17a542fe547badf3a7e1ab90792aedc53f2b70ee8fcb25f2db9c,True
146,L32,4869741486257851243,f42c5baf8fe79c52f7d43c1a6cb6616e6f5c0ffe83b3df644557c774f82ba60e,True
147,L12,16234222516697919549,dc75da37accc7f3b8e5fe344564196304198f4339da5824a582d1d6b385682cd,True
147,L21,9818539441090612196,7f8bb6338c09c7776c29ff49f92e0c08511ddaad00bbf15472273d1417d15497,True
147,L13,12996385967874866656,9e72fe51565284efc1126b21a00041eafc4b521e08e5e68494e90203a9043bcd,True
147,L31,15671620631092225107,6eabb439a3ffbe0aea6b2e8903c30d088ae37f5a52c8a27227987ce8b561d65d,True
147,L23,8955330105615338301,3f7728f254847145b3a825f80e0d53501d19b1d20815e5600e5c3c71c0d7dc90,True
147,L32,6706589470609773482,fc651dd2a28030d828624245ae6dd5e36904d9e7cd997acf9d60c9e7a3d48025,True
148,L12,3226060539674870555,64e89df72f619c5417fbaaa380f579f39d121435e6709072a99df7ac30d584c8,True
148,L21,18378587196783410090,1c5ce3e68054445b667595108bbd57ebe5e0a1a8f567ee35abf62fa1e872953c,True
148,L13,3209898704949160738,c18dc42a6e45dee65e38cf5fe1a292e9b975426438b255c9834f335e665508d3,True
148,L31,5605917125935942419,248d38b5c401744bff937e0c180be44fad059243d908aa0888186496c9463050,True
148,L23,3800839541364161722,0be5757aa0cc02136e877eda33b65613a1b543bb030681a5bfef898746402c92,True
148,L32,13299536623193831104,4a053725603467d0656a97151d226f430e2a2484a86adaafda3b6acf698157bf,True
149,L12,15165754790496724353,eb66a87dd4f631b1e2774dad7a2a5c1e6027a02bb1f6b0b7d0e77a3244ff5902,True
149,L21,13514500574743388001,9df4ae9887288ce4f6f80ad493e12e24e52411c78a717eba6a8732b2149dd105,True
149,L13,3228402859166269179,b6f6f44a0b14887ba67b9e95c9b8198b8ed11fe9bb15ac8147829b458cb24dc1,True
149,L31,10197292297585047316,64a3dafb7a99aecee3ac03c50067dea4d3ec9dc67df02c1c213a7eafbcaa7da7,True
149,L23,8108215522558242253,efe0f48c6258d034a78496a676f6b6b715c47e976164460351df12af0cb09173,True
149,L32,1673251130427047381,07bcb477d4c0ebcfb0512579f20161e351e739c530961ac909f6b4af0dec3741,True
150,L12,14116163083796219702,60b3e51f81493e0664b07cf0bd6f44655959d918c6e5967711b7bd6e2728dc05,True
150,L21,7285755580986241894,e788f79b39b19d4c91a44f45d890a7711bc1b1f5e80b3548695e5920aff2d909,True
150,L13,10449880442487023866,a6633010ee9c42504238b9791274ea9ef7444d0adf6bfdb72a83bdd3d1f17bbf,True
150,L31,12061555174625395573,2d6fd46c6d255ae3bccb9f9c99141be266886236cffaf8cad246b72fcfe549b4,True
150,L23,3603082108790667065,6aaf001939ed3eb1a4767b16d4ac38fa94c06108b7644e0fd4cc0f88349e354c,True
150,L32,3024623957438201589,41a037c7af0dd0cbbb240c88ba58a23722a8d543ea8a440a555c4e0e56d40bc0,True
151,L12,11509967677706117772,a7ddf156efec881c3a0bbdf7c69740b34d407e1d1e145e9481ea211857529b61,True
151,L21,7687922015981754292,baa89ce9a27f513434a91f99820bce7701d3bafd92f74b23d0f9068970b6200d,True
151,L13,13134583159945494791,f6cb963c1d7c419c1434d49fe1458789fba13348fdcc222ccd69e9b8936b52a2,True
151,L31,5443839527723581970,9a505874c6a457e848bedf7958613117637e4fca5c7358a30e41c18a791600bc,True
151,L23,10326512331503474406,7b9a002656c68c0cbc32c62ae290788cc04d622bd3931e7409819b32ef7eac9e,True
151,L32,2317528948365327584,1c3a43d99dd5b448429302e13efb6adfc439beeacbb45e5ef8218157e30ca281,True
152,L12,15677705362811330901,88033e89a1e77dd5c3ff9918c208e53e662f6e1a242c5a87292ebb2404b4558e,True
152,L21,3992257505952199840,c392aafac2383b19f214f1de185604eb5f32f06652ec176464351df143bb97a9,True
152,L13,10813795410688231184,ad6796ac548bc3718f8eda7c517b63a63bc9f3c74b2e55c52ca075d30b568d1b,True
152,L31,14010572740352421051,538f769907674ba2b5983736618c7b6d70c05fc34b882cf13b245008c7a702df,True
152,L23,3808192751895559928,d03d474c0a1ec7a8c07a0240aa63ce02d8076500125f7e8111eced050876cef9,True
152,L32,9837198373131076328,63f33ee03ba48a0d1114e10c1b8034a391e6a27c1135d7632fbee9289251328d,True
153,L12,3943399808566244431,44664b298ca161ace5a688a5f8f7b49add31937c3ed4480dfc04e874f6c08fa7,True
153,L21,15945997328297880486,13e451895f55b895a68fea2625a1fd17e41298c8999e3517eed933503f595241,True
153,L13,5271749532751125431,0b6e46792517a113b8810717900adffc4244f4816b4f0701afa56e5ecf4a8b1a,True
153,L31,2825718539651258120,507889128f421981f69771751931893cfe088e4cb1e7352a5d51ab748065b7a5,True
153,L23,17664292331342905209,80b452d53353b44df3f8ad6309246e2baf8d33b5e18318630f5a781cc89d3cde,True
153,L32,17577764513903423838,7ca6b9bba0a34b5634970b1a16b394bdad59a1bf77c8b6ef754f81b61130dde6,True
154,L12,9678920115375199433,06fbf6c0c30af252e05378fe64f938a39f83c6357cedcdd5035b055608bd5df8,True
154,L21,13740937655075469598,cc7357ca73aa2acc1819386cca8f561d7059285d52aba49231606d69212ac824,True
154,L13,9478878533069252799,3c7c48f24f53866669f445d737428387529de74162e9883eb7dca804142e2f17,True
154,L31,15522491584494514725,67b631752f7022880c782e4c4396adab7b9837fd163fd8193062e285c16abd73,True
154,L23,4664520414337620738,1d0081feb51b15f8b81c68550f40e002a238194f9d3dd0b2eff3d5ebaa878e27,True
154,L32,9782046323641048555,b5f29978757b5172760dc6932a02a00814a869c52a6ab96ad082b230d3e57347,True
155,L12,10169412627722322058,b281f8fa21c4934517e454f45fb78e0bceadfb3bbc53ef465ace9b6a578e7f92,True
155,L21,7251606561598093772,73507e78c01d5d598a1cfb72d482ce89bc25fbde26cc2bb6fce890bbd2727588,True
155,L13,8623595139282957760,ca8b483cf2b029fc5a01709cc5921d88c1ea47888e9b05f9c1623323ea6757cb,True
155,L31,7790789976169305825,25c43dcb5288f304c026879ba7abcad40702ae333933a81fd219bd7567e3d155,True
155,L23,9885081519463547118,534032e0a67a4f292ba0bb58617b88a7fb34b5c8e858eea5c1119f77a16e2709,True
155,L32,15398395181809819647,f3c8c8eb70fa8af8cd6db737cace3c49c7d31f2f40cadfa167f8fe9a57f976d8,True
156,L12,8338906501785839722,8aa680a7885eec9b6bee0061fd8675b979ab51509aa6b56280454c75fdf48c12,True
156,L21,14095869656536198244,79c7f6d52bebd70451b577a603d44a815e5c41acdf4083e4df1b9f1972432f92,True
156,L13,16454175522541410654,3ca607244541cb084aa6f905f20959c87349136cefa80a3b171ee61c7e47685c,True
156,L31,7297688066077004658,90269c4630bc0ca0722a651c81a8e53ce0190075e0a38b2dc054100b05823ed4,True
156,L23,4085633185639936844,88738468689366d9b212a9cc29d37546761d73866d50c93e82bbb99821d1eba8,True
156,L32,13977656844938368139,daf051285b5341bfb323a142114b606036c18edc426c41d7f218ecab55102190,True
157,L12,1967562345441685294,5af6bbd358c97c298fbd1f5760c07fafdfab8eb3c066207f8e8833ed43a04423,True
157,L21,250209521528034982,c1f16a66ec232dad83ef0f68133e45dcc5e52d290f7286c8264180f188225389,True
157,L13,3734520007640245831,1a4f83809b42af501cbd1b9672449eda5486469ba787e99d8b1a8290974dde39,True
157,L31,6413961105489642913,d6ef28b739cd133c4c9bbd3248430068d8cd574ec56fcaf8995dc3d1d65ad864,True
157,L23,11918814596013717343,c9f11d1483fd44193a94ca35c55691f966347b6f39ce58aeb9fcd86cb1795666,True
157,L32,1648761347195174189,fb943bccdddf11be6f6196207712123b3b430a307c935f18ef3d49fa28580246,True
158,L12,4577241596041861046,eeba9bc7741bfad64285df936caa2c3b3ffc1d31d338fd25bbe7bb0b692e6aac,True
158,L21,7004051338686467587,d37233f055f4f684ce4aba3385b29628f607a0044ba4d52edbb61c6539d6a762,True
158,L13,13431546520819101389,d9e820cec882ee80882468c52f69dff0ead793e5c069e3285153170cb4abef4c,True
158,L31,17598050828907859056,08d957f0225552622d5f13ee91e4f45a60834f5b3e02af8582d0378c68924990,True
158,L23,4745365826543852165,07f7d2afea052841b4e4b154e357a56e5dd5d1b070f0cb374cc43ab04ecd01ec,True
158,L32,12512223412656922748,82694ec0d463fa6b3b1e99cc3cc54b3643989dd8d33dfaa8658ecaf408bcc05c,True
159,L12,9347301812904976777,562cb9d74cd469c77bbef040fb9a304a0ebcaba7a715a27c3a708152676fd8ad,True
159,L21,3853061867890288698,1a47b492b30493567ed55b4f6d453dee0b97003ac87534c53e56e9e92673019b,True
159,L13,16480810980630727217,3f080a9783250c7e45402ecce5fb64ff05e4c4bdfc98ed847317c30609e56067,True
159,L31,9572835172694946418,ac613926c59ba2306a0704b01c72ff4717418fdf9be5387847520d79c1211d1c,True
159,L23,3190299591430142568,a7978bed4a342b2a2f6fae1a5be237e4502d792e31a0905c278169deee6d0653,True
159,L32,5597820546440342014,86f77a446196e8b24cba4dbbaa223e4fcdf063d2b9cb54ca2422e181fa843fc2,True
160,L12,12631728728400783369,96f907fae8917bc5e96e0d3d3cb7515af2294514bb761801642394e9734c4bf0,True
160,L21,3004654270312803654,076e996fbbed558937237103eba01fee6fc22d77329119fb908af523cb1d06f0,True
160,L13,12743753467083862505,d3ec1f3f4caf6ac85e2d33af714e0842c97ba0f1eddf658592d824806f5b5a79,True
160,L31,833085781675402277,005284c8f7aef87cd96118a7c1153a0a172a54293394236b7774cbaccf46bb16,True
160,L23,10894044400705856937,d39e86777b54f236948bb78516f75be7b285dcc7ba1e4214f6fd52e349e03207,True
160,L32,10125830716698918775,3ec5c348fa91e35b4b3a31dd259aad861c89c1e70638b4e606138261330a60eb,True
161,L12,6727499312154857990,bbd97f1e506bc32e613ab276502798a8e1c9338723709d12c16a3ab8324caf46,True
161,L21,7672778887056955337,60d613c7d67e6e0e97600f45622d463595f9b38fcf0b91b0b21e53915a87385d,True
161,L13,9610884386739471985,34a0cf8de01431289744c4a3c649a122085e57325fb4cee01b94a6a36fe9b288,True
161,L31,4150281318135914211,1f25da31a686e89ddb350edfc4bb4ec5cc34a6f1edaf2ad92afc127ddf34a295,True
161,L23,5275077380597286208,3f6ded639e68ae82961f43df6ef1eece472e3d16912122fbcd44582a0866691f,True
161,L32,14679232258855428504,572c2388367f8cd800a9390cba1ff615e2e00808917a07d690e782be857c5bd5,True
162,L12,10666468237616139232,2bf9147938354283f8f01f2000d7cea97861b0f0627c2ecc6c9f89aa6731001d,True
162,L21,2479038782300075707,3c7f60fb8100e3dcdce16f168c6f593040633bf5bc05a52cf799906010d6a44f,True
162,L13,593761195750383937,70be4707f07668637c6835b7c61fd2f109ab9cf3b43a4b16533419b8a7cf3101,True
162,L31,7618127999456704645,66a32b801e0140efcad8d58bddeda455fa78c6544bd4780532170228890d0aad,True
162,L23,1497601403028879341,2014d1983e974e16eb3e1d91a75b2f5cfdc377c7cf49e236aa4b83fd08ec6a36,True
162,L32,4197420909100648250,6b23c0db4a183fa8340833f2125e143f25d89b439984787e9cb51fcd5377778d,True
163,L12,8119497908407318494,f7824b9073740e4688b1b9badf28db3320e9841ce9d4b27fe76ba80d16a8db0b,True
163,L21,681774305174738908,2881b4535ccc587cea4d5c82909fef60e552de6e975b9b18a0cb0e3a1f08f4a7,True
163,L13,7112681980726572399,7fc1ea8e967207b6c171511a6015b0e420f8d9710f0ecc7680129caf5590377c,True
163,L31,4806771768478901357,8fd6cded1b14f42d5757ae74d9e0f1a975d69f0d97596e4cb714e2788098e81b,True
163,L23,7780914155776459491,b0f79d3521b510d02ba16e047f187cc3b2e0493bc2677a4ca591e1a0c3985e34,True
163,L32,9350645204592596859,99e2e709bcc3450c32d2954b2937035bfd38c24497dec65e6acd388e6744c4f7,True
164,L12,2683327206645534721,46acda89c8a3c91116a3bfa8a12741fbc1a11e0d3ffb13eb68a220ac5ba6aec7,True
164,L21,15990008950875451009,8609e83530793f4f8d2aca1a46d735a46f59032123923ea8006bec3f33e04916,True
164,L13,17012539459792277004,8e18fabc1d0caef9b69fdd940fcbd0bcb3ab898d45264a3284ef744cc09d7c2a,True
164,L31,2147738673648241690,65c7e30e5d6715666d5e7ec46e671397ca7670f85f054281c1e812a88a0ce8e4,True
164,L23,6138496118739926545,be6aad026050337966f06371f4c967afad08c266ce5cb3b358f98a20a16569c4,True
164,L32,3876623069506715921,77576bae0502289a0f41ac3ce9d55730921fbcac819cd5e268b5d3e92ea3d667,True
165,L12,12215449689739990912,f82127ae53b05e5492ea0c8f95632ac095574e6a33149c93dafe85d66a9daae4,True
165,L21,9712112100010311848,792fdb7aafe7aa4e0b331e9b159b60c0f8e2bd91261fe7b57012738de6328d2a,True
165,L13,8618143247196617353,c96b6e49f263085cf8413afdc87989e6229c172b885258e9f0a5ef174f7f493b,True
165,L31,6087992665413148399,6fe29b156f09a003e9333b08c02a1eae12ef5b33a41ab9585e60a303ef7dea1a,True
165,L23,6787270882023504456,add64665a6795bb99b8ba6edd2af0a3b89d252905c8d0de29d69ff8c84c20017,True
165,L32,5882523554043507316,72e938332c68f5fdc8b60e5ac417a8bb660438015892ae93ff9e5a1653cce682,True
166,L12,5941476117189928382,4d15e4def7d5c2971229d9a401ff8be51d4f2d0528955320d992087be590c24f,True
166,L21,10559931070747896357,ee2c41e805587b4a7862f455ed2c70c13f4db4a8fc7b116f707bad23cac57121,True
166,L13,7611272093115983040,b73c4c3c7d2346299bbbb251ba7d5074148ad56b4dca9f48bf735ddc2e856fcc,True
166,L31,5117940519568868576,4b0d82348e976e161df3ee5d81071b1687c8c2742ebb9f8e0236cace47c4fa42,True
166,L23,4311652547978079571,d6ff093801dee6cbdd4ae9825f1ca92b48a9e82175de022f905ddb5fffb9da14,True
166,L32,13051039048303210295,93a11244b544910c3ba19d117d9708f05027057e82a3db156b83b01fe8f6f056,True
167,L12,17952645412080923453,b3ef4c8f7306d6d509e37ec64c5f6d863b5a28cc406eb0cf31c893bb50490725,True
167,L21,5149037163507703381,0a63c46a99495f551c6c01ef8aa31fc006a66c6ff9d36b0ce93565f78594040b,True
167,L13,18268244797016198914,c63a4ae98bb6cced737f466b0071936e731a02a0d85f536c4156fb2513a18400,True
167,L31,3680015160611098615,a01ac3549b6edde3ca09d1a0cddb83eb01e8fa5acbb2c81a3e271ac4e9d28b3d,True
167,L23,560785687263197614,4c4e2f6e71694837281e9326f0d8d9d49df6e9b17c63bd09b36470166680cbf3,True
167,L32,16097729449324387836,9e0c6086e38e2067529b745c01b81e49a047487947ff0e7ea5bd2f3564afe663,True
168,L12,6022976050643388457,dda82b2931355053429bcf9dc902d659de00ebb593eb16e0107134897cf147a1,True
168,L21,2483440849634937739,ebb2623606a475650c909275adae9b1358d537b2e5aa91e01b90c0b7d496ef1a,True
168,L13,11687522705350463882,8e6bd8641626c53444607b4aa44ec3fb406c92cd2b0d42b33dafc994f37e46a7,True
168,L31,5561742544300344994,39242d1cbc5e4867676831cf720bdf260c6c394b7abc95661155cae2882af8fa,True
168,L23,11419579042437958950,2c529673d64bc77dc3c9cf2edd792f40ed98f2ac7d96233a77093943182f1863,True
168,L32,4384637762102326456,2d5e4ebfc794528041bd3478689f53d8faa1f8378da07622423567ed435d916c,True
169,L12,15657869119981454261,fb744e0fa172c3c432eb2d6ee11578f5a1c27ce4dbe39d309382860a38aa89de,True
169,L21,6382978394347086566,57a94954aa01defe7d84506eaefadf6839db50ef115b1eaf630b0f700fdc4924,True
169,L13,9355803530598766971,a915511d8d43aaf42d1b04d18373b742e4fead96fe58a829f870aa0bd8868ef7,True
169,L31,7741765037813662354,395749b756534e7e165b76ba3df5ea8a7e0a5b2d2ceb2032e2c59a4ee12cf592,True
169,L23,10747014834781880502,db105aea1a66ba966193d5fc934fac379e61f5d6028f6a645bbd750bebad99ea,True
169,L32,12080031300151610407,70dc140f6247d9696e765337df22885adae91baa08278e020aecd52ca9f8f009,True
170,L12,11563491468195926466,245c42a107712a92c0240eddf87fe102e52709e9cd82d118e3ef10b46aeeef72,True
170,L21,17768967672320267852,e30168a8d5cad38a043e7e3753dab598bed1de340ab8704446bcdbeb4bb35706,True
170,L13,3326090187525788000,813183ab34fb45e4310c134381d5bf072d94612997588c8b5974a7b25de7b9b3,True
170,L31,14060808848765726526,a899f8226afc97c93ae82e31d925ef05e824b9ab88284566d13b3b9dcf77c1a6,True
170,L23,2115186938685227315,5ad7d93c8b889ccd1a87fb71349491c3fba2b1331f00e8227a4f2aef18f543ad,True
170,L32,9676150372548178346,a33a1d06a7c53df7d0183b2ed8078354aea161fd1c186ab4116c3c167f46ef7f,True
171,L12,16099650132073121900,231053f3dcedd38bcd7ae3cc107b8b547502fdc6bc8b92f38a1745e2af80113f,True
171,L21,3830016083684425638,b1278d8032fa4bc84df4b08b082ee1ffa29d61c5cda33cbb97a390d8f5be918e,True
171,L13,14413671434592786180,58ac97952d341c0dfb3779e57964f0d40af5ac6a5de51c13f2ee6ed7329a2f3c,True
171,L31,13280058896505295614,e456a742cd27c5265cd65db1ec69e35e7b9fa76dd50d9e2e9deaf6739dcf9407,True
171,L23,7701184250625970852,0f4541a32efd92a17b9559faae2cb88ca3a87e7a4d181bce504ff7333c3ab411,True
171,L32,16075551283428609900,b44eabd7a5512257a150cae64fffdf4f28cea02bd46108425c90ab50fa298e6a,True
172,L12,1605440716821489207,3c5dd0d12828c4aab0bcb57d3a73ec1ce0ef588cab58377760a2e45ba45be76f,True
172,L21,13822508872558020741,4f1fe5ca1da3005a0542d355e937757d9317e306cda879dc344eb57b95ead0c7,True
172,L13,16257820164597996862,bcfc6e82fa6420e6238c55de892d08840ee4a334caef90d33042b78bc2ef8f40,True
172,L31,16831030388210700281,c42ca83bcaafc69ca218ba8fb18f3afb7090ba66a4d4e1762e8d97747dc353dc,True
172,L23,12624535639128083893,108d2961b3929f5ea311729b4c01a7ced332c825bc45bae49b20e6d75b7b1892,True
172,L32,5286671561215884541,7f5d0dc4954e27a8dc7021da349a032cf6e733385bf5f01b174954c73175e243,True
173,L12,6880831516818128330,762d2257b5f4a4163575a244806b4cd176bcff140e8196f8fe114cc1db30d413,True
173,L21,243923978086748793,970435948c67c275fbcc170cb118ac02592e9d1b4a7c61cc8a8d5a104bbde387,True
173,L13,8976638951780290072,497e7156bcf64db4ce82dd2847f23df323d0d1524087bbafac80b4b670199c4d,True
173,L31,5990005075782157993,ec389819b5c8de0112e079da55503e9fee52dee2d289bd881501ffde188ab2ec,True
173,L23,16217252364350157342,818a8e81e178837e7cff79ef4aa5d9a141ced707f934ad9e376e2589f0788dd4,True
173,L32,7011973737586492495,394cf80a514a5666d21a617119e772099d0293e3a66ee16d4ce13f87041e2935,True
174,L12,10832283968372927896,f052078133fd0b6e5e85fef95b41e9f2ce64beacd7a31ef12ad72b537301afa4,True
174,L21,13728901003809498112,6339f71d09a1619b77904c51792d56928108076017315afd050d3fabb3740417,True
174,L13,847312581108767331,4874d9d8d33166590127894d247fcc43ded6c835b85e8060efee1567881897a4,True
174,L31,805602533759436045,44935e35da7cd0d91bce52767b4bb0ff92fcb0b879bd68a05c9e58c051314db3,True
174,L23,13734566302363691351,75a02a3004323016de11d5aa2488ba1f2ae55d8d3061e7c62790e9d511c38dff,True
174,L32,16972586708462500499,82146640e104a282fe93d9e0bf0a48468a6913a434bfad908a1b0b0ab92f0d66,True
175,L12,16991983890801148370,8ffb6780c546486de6f4294aa4aa32e390484e2090a092dfa78011ac6c121f5b,True
175,L21,10036700638257983905,dc8e82db402ce7d2e09b6d22c52d2dfe34547f0fd73c744c9ff1a9912cec4b45,True
175,L13,3029687158291171336,d723aa742d2ff85651f77dcd39e8e822af31969bbaf2d175e337ddbf978b8197,True
175,L31,1218696704440834486,611570ea8fcf2261558b817a423a339fe5a0d0a989e7f66951d3266474a3aa6b,True
175,L23,1942766768705939942,284f283b23bc88e41b7e12b0156ecf357968df9ecb2769b5416418634b1df0ad,True
175,L32,9354083302104723252,14c55ec13e38dc77fdc0725c940e2bce07e5fdce565d8770858d2f792018bd0e,True
176,L12,1098085453095702444,a600d570ff1e65d5a9e43047c4048dbbe34820449e1ccabbbdf91215090e5397,True
176,L21,215950739981142977,ba71aa379f952a34f14e11188dd6a705ebe3cdf76a9a2ea02dd8163332e263ea,True
176,L13,10871350141125310474,9c67435ecea0cc46c49a9ec7565b43d1ecb827d2521be7653809c06b4d9b25c3,True
176,L31,15128955768386912117,86a21ea859966d72c194257c96480c49d21c1f3ae80683c95276260abb58bb80,True
176,L23,10122406309159065865,72cde35ffe97b44306c9bf34cc5b9f7044b1bc51ce6da19552501f6a4e264a64,True
176,L32,14680794151859839409,bd6ca9499316596e54bd76ea2459a6c7fc641a25f594cd66eead523a6c39fe34,True
177,L12,9171055042481508260,4a7698f7c02fdbec87e6d2babb4226f60bb185a785a76d9f0c387d990af0d111,True
177,L21,10981814192159265026,f416e48421a923ab6e118f5cab93877aab2c9d1896114a7ba09dfdfcf737842a,True
177,L13,15705263726748653635,da7882da72adb6daff4eb3c879eaacf859e3041ac25504da02a7204ade5d1ef2,True
177,L31,17717977123231185483,537a8458c94c2ce5a387f8407599ccccdebc5ed7b8aa56a2993f50c01641c60b,True
177,L23,7860198776333360417,99665c15d349ebd7122b35412fa287a6896e93d367be64c00dc424ed722a785f,True
177,L32,15794286212045352276,9e21e8903ebe44343a67e2d5c0d7378ad9077ae0b96dd97b11527a23999d4006,True
178,L12,12250616428517032535,4791a131419ed51f1b2d5443781e3167fd21b3e82eabee79ea351b4569254736,True
178,L21,14979067990827094953,de15d34bb591b0a7551fc898ffa05749d124d04accf5060a4b46e541fe01afd7,True
178,L13,9365233921080462887,66702c1dcf98f0709f00eaac538177d960eb65e054967ac69d2824c213940700,True
178,L31,14335258979232117925,8e4a3fbcbc8594e11346acc2b1fbcb5bab8391657c7d6ed22ed18ddb5b5cb3a1,True
178,L23,12194661847186136430,f64fb7f6bd3ac33babc1b65da6f5aec36e120c60d2b628bc9ae1e811ae34e328,True
178,L32,17817961518211966445,e95374c6cd2a07b7e2a0dafeaff1211ac035c07b17bffcec85e5e982a9d1cdbb,True
179,L12,3012331745121406690,54bf3aeae0168e23cba7c0b593dabaf7f99a6fc208154ba7fa2c70ac2beae658,True
179,L21,747379535008665011,54353be10e99b15985598a8e261401defbeec6929a1f6fb90fc4c58d4950b046,True
179,L13,17935757236448463089,bf82604e8a7ffdc8cff6b5baae9c16c97516ef5a60e9800b65d759b2e486cf57,True
179,L31,4990680523043978532,88268fcfe434f0eb2c2c3d91847a41019b4e2bdeaedfee58d9b08bc78bb60638,True
179,L23,12322751047414666586,6e5d726ee4062decb034da8cf309b296d4da5e274db797a322a284b9c3c90dbb,True
179,L32,16075940092197249242,6ee8a6349caf18e1b03bfc7a4b8bd7f08636c262c7c6db00ea6fcd8a580abeb0,True
180,L12,12561033878177879244,510537dd4bcacfb778e35eb12bbb6dc6f1ccad9f5574fa51b83f2f513219a57d,True
180,L21,9713425964139031281,ffa0b7bf9b60675c9972410dce2429d4ed2538001fc0a0e7308cc9d17647da0e,True
180,L13,5969402224222475790,7b12521cd78ecfb620875aad90b0606e23cbb2974f7a3a2a7df7a730ff3a8297,True
180,L31,11365461362869748522,71511161c76eedeff50a9664895a1ed90bec32deac714dd1b1db438c2f160166,True
180,L23,11748657296909680659,68c966fa327d398e19fc5b3ef75dc0c4d98350b1c34dd360a9ac298f9e421bac,True
180,L32,4847470560672857161,a6fc2de078067809e1237289e2060a6546d78f66ca7cb070ebcaa19805575661,True
181,L12,7620707297243920797,29a36e82a222102417c48ff095b4ba8cac0d3f9ac2b3efcdbe980e3603ee64db,True
181,L21,14526372412647771775,d892e73872d424e9770ede2ff37b0f35b8fff38bb7edad6dfdc3adbdf13b0ef4,True
181,L13,6454913260668546380,1badbb371c774138840bea3c176ba3ec14532dd57b4299880c82ecbe67f78168,True
181,L31,258744674360994285,693794c94c1358500b6e0b3db88b0f49db4472e0e12efe26d540fd7a5926842e,True
181,L23,3010884576419676260,f0aa2692a93ff3425f06d391c56c2f924ff10ea9ff88a614c87e26bca96e9087,True
181,L32,2799165152650521817,10ce50b688aa1317289a4d77ecd4ab8c2517975b0c6a314201178513b5dce627,True
182,L12,16076310652429378634,392bc0393c63824edf5c1bdc4e65c267796ddfc9e1e7843a05c0c401b1cadf5b,True
182,L21,778329992481967969,6922aa86c27cc832477ea231ed526634a9e66b9b9888e463115fd448d94ebc9c,True
182,L13,10127827875207298226,50aaa3b928631654f87a224ee3c2ee25f033c0bc22eabf0929fd62d62d535fda,True
182,L31,10575595181137321316,f95be389afa03b11f798b468dd4899ef076dcc5e21f8b12f99426cb00bad93a7,True
182,L23,15409532983555916422,c8ead9b0b58cb48650b0bc7423e5ce1be8e9cedab66b498c426ac1243fcd12f1,True
182,L32,15842766756851722341,2395b40397e120e0b8140096b84746a922a723aefe4d827199e30394371b9cc2,True
183,L12,15371669933384556945,b9052843934b5bb962299c1e9bf89c81515f8b4039873f0978ebb5062cc8dca1,True
183,L21,1307677473361075732,9d4c62a8b79c8467baf7a83b316a77f319aef8ff05f1ca15e6ce4a42ff56fac3,True
183,L13,17318652194127802178,09201807dbe04f91a38f539bf7b12860d49f5aac852620dbdaddf4b7db0b80c1,True
183,L31,8627154913551977151,8c5c82c79ee09b11708963298e4770b95ba488a4aa25cbf2e681303b828e4598,True
183,L23,4845367981145905671,05905a6942b916f212a5ec54245ad44738d33699cb42748a8201aafa74191419,True
183,L32,17756779537132360094,8f5db689ca029065db84031730e29caf492ce07404a9c65d942ca8b2dbd56557,True
184,L12,6578259944790118948,bf6c0f599f356640ee5a3400b0f186b191270cc57a85ef974e2123b157a6ac9d,True
184,L21,15499785027793312425,2f602b0de43811e3ff18de79fef971352e8ab1b0c959f0c073c9408b1c279882,True
184,L13,15582545990516742179,7d543144c93180f883da25f41cfbc5714b3c3acc0f059682f64a8cbde0642fcc,True
184,L31,8488166190235293080,47eb7e53f2b0103e266ff9690986bd0acb65becddbbc04bde83254be625a5e2b,True
184,L23,13968743105218059052,bca7e96d2357d532b2a70fdb959c1091e88a7869951163bf41ec87bd30edc0d6,True
184,L32,6787102965688218271,654a958e528d5895657e03eba46f60a842cdbf53b60db57fae64dafa3138f56f,True
185,L12,3125476378634449042,afa9c80a10ebfcfbcfec3b71c6ea097ff80c65c14d3eff587e1ca8fa65b0a570,True
185,L21,13137633199135639251,5aa0a689bff623a6629b105ef99b6642d21fa4fa7d35ab350753fdae67918a1c,True
185,L13,16524052459140986166,58c981ab3421a39afc7c37255ea87aaca4fd80c6c75037081d37333e27282c07,True
185,L31,5602785429554989010,bdda97e23bee2409d342af1b08017765fe4b812406c6b920f56296c140db10c0,True
185,L23,7440751442219251644,6674fd349e2f338332d9f8fcab6c924072e3c213904799fe093f3ef82af20aca,True
185,L32,4103402937858729665,9edb8a1a4d0965e35ecbaa0127406a219abab9341bd8a075c405bd025af992bd,True
186,L12,11462305655911160861,e4adce4f598f50b049c81918a4484104ef0b18e8de4ffd51af04ddf53e23a684,True
186,L21,10900231551357723372,3dd3093f64eacf82610b459d2d9ecd7dc4fe81308ec4abffb7c5b499a31d3219,True
186,L13,11158819930006736602,3af2b7d7ee0c64ae5898c3073a0640bf38557715b25c8fdf155173ace8dcd7e9,True
186,L31,12976866691897721010,a4de893d903e1f14f846c4559aa7d14e7cd9ff841eb8dc546b6d75bb38678edd,True
186,L23,13201446923779015365,5551f0d73260be80f4994a9bcff8b9667ea67808037f06bbe8c051c3e07b0c05,True
186,L32,5430845417589020829,e016eb0ae5b49b79422d675ebc45504dde52d049acf0f88697721dd330037b76,True
187,L12,16443441111418028007,4da69a60349fb63776720693c5a9b00e1807171d7d4174822e683f6b2032141a,True
187,L21,7797120094555261589,f08ea6f4389c717e108681d45bd1568b7a40bbf0811fe0245519f69cad8564f9,True
187,L13,5586811621365166540,b65a8c9b91cdf3fa2a86c68121cb61368433444167fafcdb19661de859346ba9,True
187,L31,11947184575976616753,64d43393020703af28166b6b195792b1dcb0ea458a3cca8e599c548f56e20ff8,True
187,L23,18041437091432779413,4b0f2d2c537798dca8cbe8422abe8e099c6148cec7412189df50074ef6703dca,True
187,L32,1684730597354707977,ded1474675db8e20a7465fddd267f0862a62e3d597c3869d4c9091710916e8d8,True
188,L12,7442364693753981419,96c204a0da1d8a20d35c31f3822593821408d21f786243591aaf2c2ba9a663a0,True
188,L21,14271525543325839373,e9566f339da1b41b23b20af4eb19ab32be01ab8373c6027196b9abbfe02c6d6e,True
188,L13,15981634324855678060,0491910ed94e4db7cbb2765e21b89593af42b131a472e58284ba20e3e2c19a6a,True
188,L31,12513059751446571184,e1009c8d8209ce9377b09d87b54f658b250288ba1d10984328503bb95e0d839a,True
188,L23,11797064634974474133,38ea5ed16dff4915509abe4e54ab63feec9872c1451b0728c48d67c22e57977a,True
188,L32,544224361640714744,2be68335175d85951be01e7bb1d0fddb518033611b0104fc980aa6008e8a973a,True
189,L12,14154265583464515019,519eac0e30df96c56fef47128a1bfd11a002412a0dda0757d547bfdbbfc209eb,True
189,L21,6677445357560671993,75c4c0a7b923c933f2167712b15efff69da92d0530d249d95bae04389b461a36,True
189,L13,16084770293597149820,7fba05a38720395691618858bd62fd15184a191ae26ddce3674fa8f4d0a7d8f4,True
189,L31,17624635657993638640,d358637b2254c8880be63337e5dd8f12d6077be5c87e062ba388ac1b91bf126e,True
189,L23,14426733759381019375,6e452fb7ac578ab0c555d46681c54b720bd84198473b6e1703a4dc3f4b7d72d3,True
189,L32,11093747946642225631,24d47ad3d64e3d0dbcab910bb4c0e3480e8ebb54812ab17e2dc5181857d9878c,True
190,L12,15482337983972220899,a23aeb0ba80625fd9b471cbdba48c108c3416919690ad42aec2d68be66847b7a,True
190,L21,3152499413549918582,c68361484577cd613a43161ba3a2693f1d2c17283699dd0b0a4bf837ef25066e,True
190,L13,9682328296460037909,3ed6ac841284ee9e6715e56eb3498f7e15cb4207f967532601df292ade2d882a,True
190,L31,4302881486298553733,316c265bfdffd6a3a56ea98897d1387bd219a03b120584f177c4ea60d9209094,True
190,L23,13321730909045389899,424e3f9c14e291b5b2e951ee3a16f4e0e14fa2fa08ec943abb0ed12210c60fce,True
190,L32,6671353561477818735,68865f422e819166b2cd68d99e83eb8dd9609039131ba9805c743788b59eb08c,True
191,L12,9507725720938660495,e7d6ce2165bf15affb8e45531ea5df369c028412586110ee2621aceed5b09574,True
191,L21,15417560308985376532,c23364c2e251375440fc112923fcb7dd815b51c0a09026f16b7440bd1b0a4c7a,True
191,L13,7485064526035030419,196ceee37eca71cf381d1fbf30ffe9035888d882eebf1fd957528df791ff3848,True
191,L31,474061408376505540,1fbb50ee372bb580a9fcaa9d9258ff6ca6dfa429a2cfdc1ffa3faf902da07a94,True
191,L23,11121964412766738958,c9d36c14bb84940e84477ca0a593d77f41092f457b829e39da51450cba36d6f3,True
191,L32,7538240655873836483,1135c99126b1234029d3910cdaa741d08b4f4e0b408d0aab16f7f995bb89ee1d,True
192,L12,13391542451263838624,375ef9d1c96d0b6ccdb923651f19acdaffe8b84bf08c502985443831bdb31589,True
192,L21,11546528734777800840,828fc8907cd266b1316d64859b83b8bea4d1bcd9c3876071a0335c7ce78f2279,True
192,L13,14369339690943130731,ff4637030c8c76c05f4b50b72f1334bd63c5ea0b7caac3b809ea6c3bcecc22b2,True
192,L31,15355583711920388109,fcf5915072c8e0198f75f225ce2efeb761165094a7c412c6d956462f31539e25,True
192,L23,9722804638929288881,63feeefd71e80c00164ce85118e25bfe8e841cd6adf420c9bf65bf79b68e9411,True
192,L32,1847258416806292161,98e1042a72717316c43c891946ee4c75912e08b8b9a11f2daa271294977b368d,True
193,L12,13982523973197860556,2830d79be10df6e3e4fdbbc9b6abb9fa6751cd6708182facb6b4658bc4b9c15a,True
193,L21,4877718597548507542,db51fe008523422c9de582e19d6bc5a9ee53cd16b7e3b4339a7cd27491ed6bd4,True
193,L13,7579373004479263888,6a59537063ee6ef46b6afbbd842a529395ee3dc0695f9dc6a4b69aa1d6287240,True
193,L31,13649608472233195197,edf8153a0dc5416e8e75fdf3082148d745c3cc4a81b4c5490a87aea82dbcf08b,True
193,L23,2929031630790167828,86858dba877782fb69a9f4dac203ace42c19e47268eca921fe1237de495bb50d,True
193,L32,10390061175555111227,4a979a8d714ce8629600766ebccbfec485d5867604a5e573903e3ffa38eb26a1,True
194,L12,16292779687732879228,457abea7004fd846e8991a272909e63166d19c890dd6854144adbc8fe19ca5d0,True
194,L21,3325306687130069123,453fe3997403235a30d7e1d673113ddebd3f2a8280747ecab0edf830dbfc1e13,True
194,L13,17408009424692575623,54771b6de65bd7025d4d1e5e489a65bab98d79b929d086cde0ec9f0c5aff01cf,True
194,L31,7073470831372073808,151ade457494e7338b662bdce842105d9112cdd3a7a87bd0d4f8b0dc61611c1a,True
194,L23,11603946382317787681,215c12cbfbb14902b92f0be15e971b238853e4acb34d2bf4b8e5bca759d637e8,True
194,L32,13278461991253552817,d86b7709a7aaa3bda11782b1f0c2725befea4630bb6335a4d02c0320fcc5c9af,True
195,L12,7488318691787966476,3e3d69c81edeb5a1d3b02ae9231457869f650c81b1eb1bf7135e405f09572c78,True
195,L21,10069914113206164241,4906b8b5e03495878d6fa54a7fd995343b78c3d8bf85ea4014f206f4ce35551f,True
195,L13,8193620224818418227,0189557eee034aaa79e962fa48d3a3ddbb457be65449651a185a69e315d49a75,True
195,L31,14026008638861819437,8de093a431dd9c8b797e08b3477296264f94f73a2541f6a52291f201eef32673,True
195,L23,14263888998664028724,ce523d4bd3757cca27b07516eb64b42812f8b03ba37c7d6952922edd81d223ac,True
195,L32,6830661552895317935,6e0ae44e25b8b45c9a53ed1b6ae4cf086ee53ca85366c586de74ecc2151c6a53,True
196,L12,2758537837881884374,9340c79ff9c63c8efe46000c0b77e2cf483b930febe0bfbde5238ecd9463626a,True
196,L21,17885186912954879247,d96a202c84801c75f5612ea722ee589b7befb55e0c70456359814cb804f003ee,True
196,L13,8497135404289270351,9e7ddc735088af2419ace7f3d41fea7f347a33a2d90beb24bd5e0103e66a23fa,True
196,L31,14596719818602742193,129dfbd01e027af3dd91de3352a28a0be17d483b6eb4b096f164f9e984758177,True
196,L23,5071089223710039011,e2ebcc4a84f15620315a22bfcf796fef02b46ffaaa5dd4ebe15f6d93d0fdf7db,True
196,L32,13525296628678588226,4c1d10fe2496a75ba877d872cf9eacf4a67df997a68d98d776aadca768b9ff7a,True
197,L12,9570634622906008153,05efb97361cd1934a1c847f29e8f4a670c5fb06f75537de9768ef3b652ee7649,True
197,L21,16602332590397246047,7d4e43c9c4ede448e67627937b017920ce525163d868235e64dd5214ce9ae833,True
197,L13,11311858006644588620,eeba2b86949597dc373a314cd6f51f555620e95ccbd5aecf07b6ec910df74974,True
197,L31,17699829695503703356,7beb89567cad16087270d664e596799c6643e06132000544040561c5a977082e,True
197,L23,4266828830167202090,7071138fe611857fe3ffb340bc149fd9abd611b8838582efe38ee92994fe8ba7,True
197,L32,12777285753989965901,097cfd8399c85caa56ada2b5ef163639d279b3cda0efd54122d0c62ad06bcbf6,True
198,L12,12400342745656301627,527d28b1d10ccd905bc0c843ef22866421b238393ca3689f494beb770ea191e5,True
198,L21,17155013342697071447,e4165b543649283ca0b9d503591a32db7ace115c3393efa397f171f568240556,True
198,L13,4090473169805768946,342b24dbdc5ba903c9578803c5d327dc16225b27e4deb6201a3c44994d1786de,True
198,L31,16135307413307184781,44c8def7afa666123e51446db3ca45c60b318e7055083e115a1bfee71d765236,True
198,L23,6843579633624917578,2042dafc841ac0fa485bdc29c49dc63f6eef58b241fe056acdb14ef61eb28d45,True
198,L32,12977956472275354099,36ebc9da7a30c9faf6a550e1450aaf6e585ffc99e6b3e1554a1434d12f7d4e22,True
199,L12,12625172468705257688,e6ef13693f469904a8c58239295aa0e4aecd26f1eebbf030cc25cfd91dcc63a0,True
199,L21,464348973726782189,510228a6c71b491776254d84d7930c6ad7fb7e9a56e00e2a4165585eb86ac7c0,True
199,L13,3900439099377379818,d828cd139a5706d63a2c8f16c77d34a91263b85d2461ba09c44dfd5579b0c669,True
199,L31,4442522052296129919,fbf999e5091fb45741aaeb801e4253dbdaab127bafe2d444ac4552c84976dcbf,True
199,L23,7494656274017619961,8c8627559813c4c10460c264d91146d77a14337e6919517fe4081f5e35818549,True
199,L32,7746837410293397076,5fbff0c7656b700fdb826d52a17eeb04bcdad56f81cfbaed710897a96c5ad38a,True
200,L12,9046807905701134390,f47ab7b0e719286dd57a5227a21d24e4a96c512f3da1674b42cbf42af1b27af9,True
200,L21,17786320580662376017,55b71615c37b16acff0e40a700cb35832d10df9897f7695f3ba7f211df3fc9c4,True
200,L13,16273731558110421636,82dcb55f4372a1175ec10103e2ea56073b125c921bccde98b6e4874bdcc508f2,True
200,L31,7512585741723869598,e4f7514de58b86d08da38a4b97c650d212de39c251f47483f418202a66833fc1,True
200,L23,5603345610955310341,b14dacbf760ad87170eecc8d121167987066fb1add9a63202639efe89d52d66e,True
200,L32,10682511691880249199,bcf09d8c21cba89fcf68b64509827a8c0c542dc1cef983330f8bacad6c87afe5,True
201,L12,7829725312836851067,d2413b7830e5da3627e2ce94c0bef2760d86e3bfa179ee2f86eca0e0561c146f,True
201,L21,7624146538793065652,4ccac7c8f7e6e334247e14d6c8eb31183f4c1493841bd8b5f78966ad10428e58,True
201,L13,16068606405633520598,916cc22edc49c64169fdd6ba22be5cb3db7f5e1b853c4d110e954038d5d1d7cf,True
201,L31,15883108122564969750,c22333444ed1453e2269b79ca6dafad292dc421fbd06680131e1d96f815269d3,True
201,L23,4987284335127161685,2f9e71f1df2753284547b95d303dfc8c035db97af13413fe0b581e8875f79ec4,True
201,L32,2705905423976612518,1af5c5d663f4650f2532ac289f138aee89601e69253c5aa1e92a05aa1c205d94,True
202,L12,2512881295814865994,1cadec4015cfaf44c4abece87cb41acfd9d11a025d77379a468609710014cee0,True
202,L21,12885194219888866086,111351d90802a501cd3a351aa8434700e5fb643730b0a88926ead2059de2579a,True
202,L13,1244879763457013021,7a5c73f34cdc62744eb3d490bfbc05e73049d50b59175cf5862d187d128f00fb,True
202,L31,17324456032063083212,2367db32018a03d94fcc7962e1d16a12dce825e8772e0e727ba6637970dfddcd,True
202,L23,643652595406405446,a71e67c73bc4597eb6fe06e0979bfab4a98eafec0dccf09876db33b2b5c841b9,True
202,L32,9811055330525358772,ac70408193ae77c640e96e22fdd76920da5ee49d198a28e7152ba0ded68ff2f2,True
203,L12,17801893845916443041,cd0b23cb9063ee0af711ce693406266f3e261b78b3184462ead627cd47fe8a47,True
203,L21,10708495060394543904,129f6bb903aa7459980fa14b1b276ddf6b60cdccae738ba555ed5881ef9879c4,True
203,L13,14950135294729794371,f12e5ac9d707d6d429c35b375164abb68c790b907bc16d529c1537b54d72fb4a,True
203,L31,2290704748304392056,7abca3f5d682aee76712cf71b2f80ee6a6ed16773f451c5a1357f28481bad8b4,True
203,L23,16866801814493040921,5c97eb35d0f2bee47b34f65e5c1dbb3af14a0055b96ffafc04ca61b0ab3781ad,True
203,L32,6229021282255390391,13500b466a5ddfc3985e130cdf9f6563bb4fca59fcb6b81c00afe79687dac0d1,True
204,L12,14804611391182595887,503779d4721236822e16ee040ffe6d306845e91cae4f96949c89572a8eb9754b,True
204,L21,3209806556218373752,63b1db5b4e2e4e04d2980d34ec95c9e15f8249926ea35266cda2a018039708d8,True
204,L13,7912211689066153379,3b7bf5a8c44bdd98afd900c5e5047ef01f296ef38ac4b5e4578bf7738bc0441e,True
204,L31,7828444803771809278,0a5941cc6d664c689e8ec075881eea257b8443f58619e9f167daabf213a315a6,True
204,L23,14938406034991702005,2805c756569d6dcf80677ab56ef72101d03bd806b665daab976a8d9222d9e8bb,True
204,L32,5377580395277056628,ed1abbbb10081d2ae631fb7ab593d0568970c7a931e4a8ca2ae080d2b34c63e5,True
205,L12,6077954008758366081,5438409e76e028acc224a6dab1854b258f33bbdb0d2ff1886086a94f1f874711,True
205,L21,7719223236310880921,1e0f83027843f40c989e447cdac4648f95c9c2a980cd0986458a7bb4f5c8d561,True
205,L13,13898224068579940130,26668dc4c575d56c1fc2d2357f334c4a02ce721e4ed6e726315ec7f18ceb042a,True
205,L31,13246298805392551032,5aac885f903ef4db73d656f2944c8e58ab50b4b6e2a20b45dc5b5becd7da1eea,True
205,L23,7140568261788967093,4b728d4c500c115232d4eba9a67ac58df4e06dfd8b1cc2b336ba29dc554f2e35,True
205,L32,8239512522874045019,dd4b52da35b4bea55cfebd75e2038857d96c68125510472764b273519b1e9800,True
206,L12,11493046286762192896,dc0c8c322eabd6bc0101229f72307ffc50e0497e35672d197f59b528dfd35b38,True
206,L21,5878562639990120775,a17b66f32a0e2fef1d84eeac23bb9edb32bfd39b532e17bfedddb277d3ba4016,True
206,L13,8886003717961858611,2e282ddc2992f2fc932cdb090b78b7c4b4a5c92c90b82c2bd97468851a8955ed,True
206,L31,8985167625705528508,e021681f0a45b3975dcf2425eaed254058d48b3717f749e5ea88393cf3cce725,True
206,L23,139859769206478604,a078a6600f399c99f0348f3be07d1e236babb7cb29d2567f86cb8664494089c7,True
206,L32,3622509401058885678,c202d3d1c55ffd24e9cae99b66e4f84fd80f7e7ef7a5755a22aeb55667da0c17,True
207,L12,16005641291695067054,e6549584901e15d480fcc6c02fd8390712edce2fa56e1e2e37dc95c29662d0e0,True
207,L21,2525212910443443852,34054e673a0a668060c300395b17ac4c429a8bf87ac0e6714fb5690eb72abcaa,True
207,L13,11369696298972139039,7c20e426f7d0a1b46c06e492d71de89734b60050c78f3de4929323f2dffc3667,True
207,L31,14774279883487526145,040be4d9b03531f59d820fd0a9264f79e07665c5a3c061afa89fc1f4a1fbb684,True
207,L23,18208498336298255623,8945f71725ac76614e9983d6bf1059f330461f8f26fe18bd9a348fffe4773afa,True
207,L32,12066245937577744362,3313e521947cade4fa29671b7f8701e8c17efe4bf2392cdb4860cb4698064712,True
208,L12,18275185885798911305,d73921803da3f273e2d064bf424ab5dcb8eadb1d1eafa08299b022d4d648aedd,True
208,L21,10706878238932889196,60da82e94c67646a3fd2b90acd5b00eafc10f7c1e1ff6fefd9122145e2e4c248,True
208,L13,3831205564336669196,e4a9679509c44f6dc6ca719e9c91a44b0f9904aa545640cbde0cf074235c7774,True
208,L31,6498060723232246431,5bfcb8b38325d7e10e715b984da09b4bf5459a2dfba05f6b408303e2a252717a,True
208,L23,18210698606891805968,4aa01d1071add2ff5610981f9071ef9315d4f703bd5f110e5c989e234abc521f,True
208,L32,6838867543158174826,87fedf89b9a84f08c96c6177e0713a2337d1a87fb7fdd61a8475b2d066b7a293,True
209,L12,6250372689233457710,4d918372cdeae7dede0f086d2cfdc9d55a085ce412a84b8f545894e832111238,True
209,L21,5956535663437956070,e93b24832f228059003e07a82699d4161713b6091d0d2e1705ed7d6d13ecb168,True
209,L13,5571753966320864712,bb70515975e5d2020045f87d628d335602fd845b6e7723cdd6ed903e2a3e62ed,True
209,L31,15357048144067556457,875bf091736fd417517c772fe5e60ee23284079b92dbd8db0b715b42ab06614c,True
209,L23,6658555534178358405,1c98835d09af9793388cc84b7715e32c3b3ed99274b930468f8d2f47d7129c5e,True
209,L32,13183783281240806882,9855c523cb404227d3a38671e2348c80cfabd0e043103441cec7e3da47469659,True
210,L12,16297195043370748248,0af9ae954a301558d9e4b0f9034b5f197234a1214ceab9aad5b1fff4e8e2ff5a,True
210,L21,9846864485129596116,41075eb999bb5e5673e66822e13e2f4337fcd6f5c20178072440e9f4f0e74563,True
210,L13,4245886428839615955,4d62a55cc66571d013e355f3cf50f000fe23e6bc775d16410e074ba73d4eaa2a,True
210,L31,245430289301319328,cd1f7742aacd95cd3d729fa8314adc7bf05e10fe27079dc060d260948caa6cde,True
210,L23,5907052639212311595,9ecef25358916e612884f4c126d90f72b4e68c89809feaa490f2c20ba5687363,True
210,L32,12038839851863302788,320b5b784a5a65cdb0f3820d8f82ab9c217c8063b74be778cc0ffc8e707b5fa4,True
211,L12,9116581735621006636,5b0095e51b444f1d4b6d37985dbdf32826b1966da3f42ff1ddd968a618e47bb9,True
211,L21,14372430377368508508,39bbf264c0e143efe464256ed14a22d326bbc679f0a5f3b017030f5488311c37,True
211,L13,3580973758511781916,be708d21f81a441db7f0d34d582811f63e50e69538d498b62b77c743f4de78c7,True
211,L31,4266209196290922607,88b00a98974c3ec66f7c213abbcaba5a997eb5ccd43afc366d9ba0ee7559f5b2,True
211,L23,15026980237395494512,2a8b84fba691903b94436e038e4db66acc1d70b02115bc1d34501d2ba2b9313b,True
211,L32,13965543354295405026,deb567bf74d0367c280d524ffdc9ab0396bcf7a6d265bebd4509f72679d0ee93,True
212,L12,8832370205734207073,47e88c33ed5c6214cf5b087a8e830ee65e7266ac7f2ddef83adb789aee6189b8,True
212,L21,17354563188951801864,e4a516a6f1f783880dd1312a2daa3ecaf9665531426ccb566890339addce234c,True
212,L13,8004968219427094389,516749a142d9918c7753986e30e0eaf80856017836d6cb57f32db8954b33902c,True
212,L31,7786302406849022592,205cac7300fe547c229071f4b1c2356a36052eaed625e68283be47ad058b4b3b,True
212,L23,9040407737521252110,f5a59b1b3f6d12d9e78d2f6891279cdb59a35fe679f06c6eafce8a464efec36e,True
212,L32,16344554013677250597,77c50d08fcfadcd3f5e7376773a295872419f8c1a4d4d0fb9fe46415f8fb42db,True
213,L12,17153914457829106900,47e9ef844af56a0491eb7de38a0b1ff57283a7cc523812e65ad3d33684218497,True
213,L21,8817800353684872454,75d38d354c7af270fda6eba34ded69ff2b0005a52edc8baad1418458d61e1e0f,True
213,L13,10529052651075597344,09bf9869a3c6f43e1f59bad99d7c83b73876af6ec2ed683cb809fd8b5643f9ce,True
213,L31,2232665851059000040,5150fcd69fb8d2f7cec351855e8cf6559d0d2d75df0fd046aedb8ec7176e1b4e,True
213,L23,10520799105828795836,ce84addb08a820d876e451e5181f2bf531f3dcf64413d55f64a3381cdfbeafb1,True
213,L32,2098835983757181736,6d953af5f33a0350cd7e14fdbb0210f2f49d1ebf5d5d2a83b8e22eec7c696855,True
214,L12,3562297867901808515,2f466421dcf0d1778c78da6abec2a479d608958a6be4f21d4294b951cd7b5b1d,True
214,L21,14953687213519891902,a4a1ca42c7e0aeab5006e3752300662049c037f8e73110a26d64aac6532280e6,True
214,L13,2432508032766825679,71dbc645e271f70b114eebd01db38e6b00c41e32157779dc39439a77227cf945,True
214,L31,8872269757839430430,534e865b8a03e6936750d75ec2797c2668d8415af15472c3ea8eb5c739aab9c4,True
214,L23,11564856058423072832,e4178ce86a62ad8be1774fd4002966aed05b7ab29204681ce39a1d9a43bab611,True
214,L32,6311161250553464534,724e2a6b228b97dc4d8a2f4f77b8d9d2b2427f84fdd1075ecd00cf28fe8daff6,True
215,L12,13535869192399595041,31b9a6a613acbc505b1c77ab5701276f4573fc91c07573aca5e7208c074a29cf,True
215,L21,9980848130437855305,6cba0f24294d275e3deda267ca7ad1380b6e8dc0576a8fe9621387ce19c94cbb,True
215,L13,14036974930964203915,ea8f6b4b6e5e4f2ae73e2636f5dce2028eedba080de3c702ab99b6288c9872af,True
215,L31,10051303642433117814,66c15b98bcc4334cd967d12cf19036d966222667de7a31d64d78443d1abc66b0,True
215,L23,11226957144455773934,e3486190a3adf9a55ad7b4b0b212c7ed6a2c883f7e7e78ebdf2093384fe4ec13,True
215,L32,17697208320218384996,03e22344f37a5da51ef56b5cbcc946762687dbe4de374c1866fa96dfa97cf0e9,True
216,L12,1001459357826803289,7c033de1a68ffa544f3dd1cef5949f30865b7ec3148211d07518e131f1b1add4,True
216,L21,5978779368348175532,43b13032d7cbeecf9477f710e23ccb80dce17b3b1e6cfec0e51d4f9c33805d74,True
216,L13,5905903775795027387,897dee7cbc3eef425d6d9beaf1c64e0caef7dac8056eeee480b9fe809aa74f6c,True
216,L31,12825766762809201058,16a5ed0a866cd6fa9298fdca0406fc6748a8f29ffca4c6baf3c20bb3e4cd2c7d,True
216,L23,9481767442763613092,bad502b027289fee5ebe67d48a9b3f631bd32c654a3e508bcf52967996f1484e,True
216,L32,329992443635696232,e6b44ec6a715aa242b98486468c8d47b9a0345243846cff0a8fab6c16df1e1d4,True
217,L12,11562391769780960566,a460b4c180cb9e5f064c26dfb4a8b7dd18a479caa85276a6bdb72c3f0b6bfab2,True
217,L21,3451513435253919238,b6d8d7f96636827f704ed651f5651feb5a76fa1fdf43e5e86fc8d5a9cdde9685,True
217,L13,13629485388766818772,84d22876087256e7b958944d68519e29f552043c18b260644fa0ac7e9415abc5,True
217,L31,6216973794413942306,710f45a01bce689bb2cec5cdb171576597d138ffdf9bbd2fa78b81d5592fcb16,True
217,L23,6447977350614065024,d010b815e4369a0a2d7cd0810c7d2c52529c5dc1452dd6fc48f3ce1e244bf202,True
217,L32,2853636510199269593,2197bad7d3cd9f8d503edb5c4b5b4c4f08b12bd33ecf8db134a7b8ddc6b499f4,True
218,L12,9152585212624002481,d15ce309e0c5a19f9523d2fdcc81fc07710a28d5784cf1ec3ebad16435a81ba5,True
218,L21,16747551289910004216,14525c6c8b5eb84d5b75cc4d063f0bebf0935ddf7c95b147a6a8e2727b4fecb0,True
218,L13,5415034705981000750,1a18ce2d9e4f730e5264f633c30fa8b295c1d84d9c15e3426b5ec4612f01fcd7,True
218,L31,17872218956100109642,5d276e014695cedd05d92e6cf204a72a6c5567e653c120470395e9c6112815f5,True
218,L23,7044337424805932277,8369b9e9d9998a20aebae347cfab4b66b4b16088a6145872741335315ccf43af,True
218,L32,17894173910857843410,44b2cd5d75ea1cc102cb4733ebe0b9a754434699a91b1fde35cee1877f34b02b,True
219,L12,13863133588368627202,04b4b6a37af877244eb3292688dceae1ad0625ad70a7739ab02e37db0f62f3a8,True
219,L21,5151576816025692022,f1e8b0cc79ff17729437c7641bdb0e76d978a186355c1e7e674d31f9b65ff3a9,True
219,L13,8136902824064932600,5455010fe7aa54a7410a2e4c74262c9dbf7e0cde512dcdcbbe8dc880d47bef97,True
219,L31,16740194996144978320,298644c33494304d4329ce8d0a63189c36fd9162e3a0b882c3388f1914c0ecba,True
219,L23,16162454584600962768,f2c8e4fc6e27b33e2b5ba1a97b458649fbaa2f19cafc695c67d21e400fc55d7d,True
219,L32,17010442464312862525,3311592177ad4a3fb46406cae9c448f1e29625e0e654b39925e5716efcf88ff1,True
220,L12,10341447582312406998,096e5fe00db57673599f2105d1de10d6a9e568e77d093ab8021e9b8ad0c8bc12,True
220,L21,6038219712265816531,b0399b9baadcdccf5dcb8cddf07542d899ff05df348de5c96e5f478d79c757e0,True
220,L13,14691492971403229048,d4355b5a1b017d5cba9a3d6ebedf65139ac2f30bde0ae81c0f7d57c434a77f51,True
220,L31,5272533128010820506,0e36a8863b21ec967d5e5a8558b186b13a38ba91ffb082f6a1c9acdbd926fb5a,True
220,L23,13076556704285399948,d152d32305155ecf3670fad737c4bd17beeeef63bc409a665876a9f412ed5848,True
220,L32,6656000672219989734,3b93c0056ac98570674a32f2b970a8cfac903d3f7311c230558f79fb7ad4b560,True
221,L12,943013136776304179,b7106829c3c7f178ea3685b75b3360dd2311c8b2a5724bfaf75d8a72a44c2b9f,True
221,L21,16267413378193013022,9b51acf1abe3b0e4c144f66db53c771d60bea5934733ce7c0aeac414ff8efda8,True
221,L13,1980529619770916455,4473d649f1d605e9caa5b977496d06300c84ff9e207b0c0cf44c5752133e3c4c,True
221,L31,14050713076556618457,7e60c28fa9ccaf1ec3ce1486f6a810211183dfce13db88dfd59ad3565a5c18e7,True
221,L23,6293779313294356273,c74bf9adc4dfe052ab5e5747e8d2dc0b9795b5987eac41796d9ca3433900d157,True
221,L32,14429736468600368831,b39deb82a080b72f5a80ed473916cea69c5946229b43f0d31a58c81cb0669b73,True
222,L12,14959484506092658042,c0e598b738ceea170a683f8166bc005d67c7f8ab673f49826065e63e74d7ea44,True
222,L21,16727501518538780040,9151f1ba2fdfd4c7f448ad2f111b32529959e95298a99cac3c3b576dccb2bbf4,True
222,L13,16053249981785483133,c4b8caf8724ebbb58a521d387c88abc1e3e204e367c8bb166439d802ae6035b0,True
222,L31,12712772402963729204,9fd1ac895fd13e660d708b360ae0b6611c2d6dc48360eca38fc831559994aa30,True
222,L23,15785219626370211612,9c73aff8ac623f5fbd47457d7b484bb1694c9a965ef9d76e024f1c11f028e6e5,True
222,L32,17019023738542755858,02c12b41a204e7299ed471a56b052c150d2d9cd38d5f5a40b260f49aaa55bc6a,True
223,L12,658798161581721070,e28cdab7ad3dcb939efcf4dd209935fc1bbcfd0067073cfa0bd0107be3e90a8e,True
223,L21,4854406919129136253,eb052aa407ba778bff1c5a2ef602bbc8badfca4661e55f14bda43eaa3228e20d,True
223,L13,12775172738443989545,f3c0ac526be6cc338b201e5022488d25333db9039286f9bdb4e4414d7d49a21d,True
223,L31,10802914021832817635,0a073443c023730bf7c6b01ee3b958d492c45e604d7ffaa705d90076f09522d0,True
223,L23,11437385891436971701,9598c5dbda9a0e6e841bfc5eeb3646d5cc569dc78a1c5a5589be703dc7821e37,True
223,L32,1777216965253875232,c8f32c75164bbf226f79009a3df0f4783edf6f626cf69daa507c45ed6d2fa8bc,True
224,L12,1943566330700027147,741f41ce5438a4f3ee52ddf0f9e5cf0b0d5a412517b467a69bde43ae5bbf7443,True
224,L21,15271167679197031046,0f342bf6ce3ea562963c83c2e029d96a8cf467fe310030bdb79accc1d46a76f2,True
224,L13,9616792712493260923,661c732bc0514c12c484b54e448fdf926c5087ec235b30bf5ac7de4067157d47,True
224,L31,15075120328958382364,99033d0092ac214a89b42c7766ed2472c5d1d8cb04d2890af39a87235df84dc1,True
224,L23,2583771771062358897,6f18496694ec4a5e51204f91891cb41e162bedbfbe8e84988a1045768accb424,True
224,L32,6428636285844641462,f1557e12e5c0897b1ce15cabdc995a0392b93590a08ac06e7b34346c47e76f0e,True
225,L12,7528508330822595768,54b0d75aa9bcbcbf46d2adc240afec23f18bf74943d2b05d9bde5491047d93bd,True
225,L21,6920059238644095079,447a4a7fb0715e0b6ca2ed8f4f55f949bd919587135f4293e799d9b67af61acb,True
225,L13,6940605111732711860,f7fae8c5d84b5647c1a5e47b2fae7fda5a17ba916f18977fb2e22ad8f0bf9a19,True
225,L31,2821782209886844047,104dd7fba4fd5a958ec791f7414326d26030abc8371d1421e59c27f29229298d,True
225,L23,12019734320959297844,af7b54f966ec2981b9303e9bd38b33f03ccf432c58c20a789192b5a3ea245a7d,True
225,L32,9074189262419410723,a73b61af7b685ab0ebd6907bb8890870d6ec677c6cc6e1f8be6f942d6e499444,True
226,L12,1438657852558577785,1fc8725cb7244f79fff18fdf8201fc21d74b4e0fb3460c3a2cbe8bca2820f354,True
226,L21,11365209085374514668,14bb164c761de3d59d4877387db2388e298a02636724ff5edffc0e399c11e961,True
226,L13,9514217025328587846,53b259c0e75541989d0a7094740e0a856f1a4e896e182a597eff9167a2d1f132,True
226,L31,15490458567042617374,ead89ad9462b048838e997c59502f8e7e893ac3e603b7e63075f194205b3290c,True
226,L23,7295952986851626447,e15f17a1c52c07067c2a599cf5d242d1974c3d297fd93c21ec4048edb7371cb8,True
226,L32,10470956414806855429,d900a057e09fb5ed5b6b0de0c05ad5b7ab387d0ec2e358b3d2357a12f8e307a1,True
227,L12,5774336992564061891,c9fc70e7e17a46f531f7cbdcb763ba00f496061f2b114b7738c6e0e121c187ac,True
227,L21,858406259848701738,f083dfdb1e2c51a5c6cba13efd95aad1e74b9719ca20e2ef89896086affd2082,True
227,L13,11886550922393699196,cac3a5aae3f41b369a8eed62dc7e518bf8445e45217bbf5752b137d773ff5585,True
227,L31,12355348392522536948,0103d749b62ca9ec4cd0d4ebb5028004680982a05288df1167a285d9ecc16034,True
227,L23,5994932702688185290,e1e26e0e2bb7b9fd6fdf5ff692c8fbdfe4365c1c406c141508dacc5cf28a37a8,True
227,L32,14660373161051028290,e5ef16c2425631e2b4bb8f1e6abab79414896ac94d609c403b19057771bdc268,True
228,L12,11416345345473860300,b51f3765bc8476fab750befd64f2fc2c74346da265700bac1cc8821f7cc88ce9,True
228,L21,17430547710134242826,c24bbef3f33d8fbfadc5390d7ce0067590348c41fc1cf5917a166388899b729c,True
228,L13,16324208462248068445,c1f585e28a43c46be655d00220d9366c398270892f292759aa864ba97684444a,True
228,L31,13062785940028068352,1993ec6ca4eefb6c8c0aa5b67dab4f6efb987d1bc88b57bb09db186d754eb70d,True
228,L23,14297767961895471390,a429a8bc486ca5239e39976ffcad2342b0ee18cb9e2e72ae8e312b84f807ee02,True
228,L32,3960191605070884048,a6889012b589091007ed73a62122b9c45bf6041ebbce7ab8ee2aff3fbaf073f6,True
229,L12,4696303689614050223,baa59d8ab2b0416b08a4619a5290eff57da65903412206686d8830ca83e71f7d,True
229,L21,6061024093568305397,505828c70da2fbec55759e1b48128757808fe992b8cf890c3875cdb43af3b63d,True
229,L13,864654984090860185,4f2d7803e48bf57263f23cc5b98728209d1060b0abe84c662301a71b2fab0901,True
229,L31,18395439423156882886,0799f8d00eae4d16ba17ff6110b46be8b556642c35f709e7028ed079f3c456c2,True
229,L23,3242823435654884193,804a623c6e7c189180ca0cba4ccdc8a195da9d295be6cd55f152e4f4bc9c8c58,True
229,L32,15142058943665516288,7d47cd33debcb0ce9ee347e8b0162af53273b2c54050f1dace7635ec3bd674dd,True
230,L12,6806663411822811466,a4d7227a268056816c4f7e434dbb11914a96ffb92bb70f0073ea18bb420488a4,True
230,L21,2023336629817878836,8c399e41d8a548597c72949c6ec58509c36affba3d52f023eb8a5aab4b9724bf,True
230,L13,9312341984374373360,ebb01603b71f18c8685a2f1d326f1b025d4aac18b0fed5b71353c576c0b1f1e2,True
230,L31,11929409868361127642,b9b8ac4d2abb60402b7bfac628ad2723da44b7f6a65cb55a18dd2956a6dba2b1,True
230,L23,5349566492816514132,27a77ca7eaa96b26d017d5653e6432864bae3b23b9939d374c1ed04912fb4117,True
230,L32,11042815278630220673,9e570034bc606f4bee0b11b97791555dfd42fbfd839e32ef13508a2d19a6f419,True
231,L12,17573790713206274045,481c748fb395a27a2f549ede59340cacab1810e495e7db61674fef5a4355b425,True
231,L21,15173884715480844487,46f34eeaa5283df9bca402623db432e32c9d12652c07aee5ceeeb7883d7f15e9,True
231,L13,12889858513997887787,6871ed26805770a2c8e4fd1b31265f445d72495fdd10c4f26cc01561745531d1,True
231,L31,11007366181404961483,55555ac0daf82bb03850fbc209f390eed4fe6bd8b2656fcb209629d6a083e8ed,True
231,L23,14463934724315926216,cd46f279009ebfba6cd83fa25f278eb226e01b6b2e501d64f82f71e26d25ac1e,True
231,L32,11568797143123008672,8688e69e6c37eb3f78b1d0aa5ce99929d6425afa6e6bffa057cd12be6d122866,True
232,L12,12000729593515258383,660414aec7e4a8338e7b0af7a155132c88875414bcc90b9ed13f9d225af8d3e2,True
232,L21,11379622601996366133,1df09fd350ba49dc2a34b975b79ad71f21db0598fa5c1ef8d0c65bad637e44b5,True
232,L13,16040161927183777561,135d18889ff50922b65101f546c2eba4195bcc90e13b4d2302ff3fa6c5a71f7b,True
232,L31,15649600380030079787,c7c59c31d5ea7c102745fa9ab1455b46342c52542455b3ee8a62ba9c15a4c051,True
232,L23,10354444949952127304,5df8827bc288fcb1e818fa5965339235faaf9a3172f93490bbb770b16a90c0a0,True
232,L32,128254106576132470,60617ff4fb25cf743c47fcd34b3dc51f58b38a53535833df826b51bee413c9a5,True
233,L12,11634205702493922980,031c5dbb3dc9e5fd41ab073579f3efca75439ad2ca742b04734e3dd3f865bb76,True
233,L21,3703732145973700146,2c7082ce719764913972a0308a4978330dadc30550f9dad90fc9e0bfb15d5dcb,True
233,L13,2680161142825583101,32f3362afdee6ebf84f55169069d09b749f679d1dd1b1d44158ee50200231431,True
233,L31,10680911221843461615,b266e0a8f2cbffaf55de8bee4977d4973db2901f053bae2b737a55370f37c40c,True
233,L23,16770418433675114570,9deaf86f5f14e4991e26daea75105f4c57f108f62087a0f579132403130d8b32,True
233,L32,309050839755530357,2e32a9e5b6352c8585fdb0f984c99f75d022bc8ce8b66d2d6ffa35153d80902f,True
234,L12,8812029953505139134,96cbf9187b2b571570a2227526f5e1d6c9791838afd602d9dfc6451799038e95,True
234,L21,12038731909995785127,9abe5e5f0d7d5212233d8005287dba2813df0515c8991afc8c330e9958171ce4,True
234,L13,8648051026230549008,381bc43aeacb262564cc4bcbd2f7e939d6b46f29d01d31cbecbf229f5c0a3e92,True
234,L31,1247011397231340011,8e46f8dc894c50de0a6a1efbd673c533937f245ad3f6f3f10e7e8b67c27bdfe2,True
234,L23,7266375981825164680,c3739d16d0585a70497816e8c7b2d6cbed8ad9aeac0c252968e4fbd3bdcf52b6,True
234,L32,4779944172215238962,9700bc94058c7cc4ba87188cb4baf0cbdfb4b5f23e65be3dac18ee892b836ce8,True
235,L12,15490425317359981363,834bf1c00125bc91c90c9ffb4459bdc2c51fdb7f41678530f870cd7e0974ab31,True
235,L21,17446363145352734303,baaaca12fc9d1d92af9f1e751ed274d6865b9db2b9d99a44b8c211cc9c67f0d3,True
235,L13,6660996243043468123,3c7b697f61b5e58f0cc3cdb4e176333eac3e33132772c5530b1423bba6cd53f4,True
235,L31,12374627370189679935,a496380cf62cd2599738b105b110a064c4629efa1da59501728a64006ec6458d,True
235,L23,17184795094959688905,c63ad843db5d227c8379322de3024c9e8c613a66358b38df70d7ecee24abaa75,True
235,L32,1544152298148786304,531dd02805f54f4de2789fb753c76d44e5e9d73584ee06167cfe238707b4bf92,True
236,L12,2808266077181575490,539de630c47de417de7040add5e69ecf7460dddf3e2a4b6050c74cca990dd8b6,True
236,L21,2938245646639809057,e8f31a4821297fcef5784fae619bd3ba0c5e96815a054ac568ad1244cdb6131b,True
236,L13,9091994825552131945,9b299851276a863c42853bb2f0d5d6db7052ba82b6a9c4a6f807f1e0206cbd29,True
236,L31,13461048578180522989,3f08829f47a5717896df175c995617c44a27c8fb117ceeab9deab33d3075f314,True
236,L23,5904985717962684774,42d83117fc563c1a6e85ce8fd45909d47afbdf1096d4ee93bbf564055d5a97c9,True
236,L32,11000735036161904272,4daf75501f8712fa29e49dd3f1cd79256520c93a2cd746b304f0ae078a7d0d21,True
237,L12,7697108465414141716,84ce8cb59b6d576a582eba54295f09b3979cd6433b1b93519e50d1663a77912a,True
237,L21,12264326985406376652,8719ec6f000d43e239f738aa21dc70797486938cdb9c5befa6d5a71031fdd978,True
237,L13,434843627987487466,590ba23142671cdcf81a93e3d5ddeef6d4d30406656d11d3228a8800749716ee,True
237,L31,5167829711730508966,cd6e090e39bcc716ef9f1beafd4b2032b1406cca1c282c158d2ea76ecdbabfc7,True
237,L23,1916681862351133136,604a3310a34d3bfd8cc81727384dc6d06666827fe9a0deea45bd478043d52bf6,True
237,L32,3665081331606413604,947bf7dcd4ea716e983fb7e75f3ad1ed81e20b09c0e1465decce25026afd25de,True
238,L12,245017328389494723,54b5f36312e06683ed774b49c74a79821a0a23f7364dc41376dd49120c3a7049,True
238,L21,9903493572447668945,835d4a6b2d629df8978d516858141a057a181de0f04cf448f48d3bb81c184e75,True
238,L13,4272808641347027577,7acc43d2f719316ebe2b291d02ceaed400f2b141df3696b6d4748e8bf1d5594b,True
238,L31,18329126607824593909,73802d8d09358a7164001d031eff3351620972254abe228751078e8d355d2849,True
238,L23,7585868553855294004,38428332367a0491e9122e8962fa00e666136f0ea2329e494442472b3144e871,True
238,L32,13577197044555128944,4ffdebab468e756760fabec791f5bf6197b1467a509b4c2a71f324889492ccd9,True
239,L12,9121819868737791362,da25d5c3c38613c28b73f66abe38c4409b27c049fabcdfc41d96a213987f843c,True
239,L21,402577702758651590,a1c2606294103164c65aaa740d61f6b031cd1df3fcd991ef3a6f42723ac95a10,True
239,L13,15958428105119984000,560a8e5c9d66d8ba18f566ef7daec0862b94aeec89a226efeb8cf223aa11a0d0,True
239,L31,15380114020131886024,6de715bc522b4a343f8c6861f4166565f81faabdbb0d4e9a6be5da6215645df4,True
239,L23,10593161981904606294,f1ebec715a5d36ba8332d8055f41ecae054197b7ede3ff83fc58460954349a48,True
239,L32,14547330539003114381,ab4dfe6a4e4b3cfebe571b367c6018d34fdca7bd40a0cdd1ef2425f4166efdbe,True
240,L12,9584084081117308423,fc1e9184b1df61b70fb58eaef9e590edf0affa1a704a10d8ec117fbcb5cdeef4,True
240,L21,3225432607682740373,71757332e8701964b31dacf4383e7538ebd492cc0c8c746d4d4fbaf38bbfcd7f,True
240,L13,8206865112439633329,7bc562d25f0e338396067f5c6a287e09ffd163a718c42f08a1e9c2646aabbc1a,True
240,L31,14386968108659108333,ceb353860dcbfdd4d29dfe288a0fc969b53f8f51f9dcdb10f98b16ee024e59bb,True
240,L23,1647857205356506585,03d12bc5f02ce2b949bf5b1075743395ebbffb7c4da43385c41b33920186cdcd,True
240,L32,13656237632527958972,37fb62179ba3f1c49b39fa2fabc29d7844d2fac251c9ce13b9e61401da9ac3bf,True
241,L12,12565659255145130406,ee32d5034df9d1513f97e289048230dbc4e6027b18bd588dc664e17bd0c06884,True
241,L21,15642958608120107145,de314827777b3cfaafb5a90a44331b88db596b3c03156df68a8c0e4b3bfd6cd1,True
241,L13,7915893609836532978,93ce96685025650414683403ab9aefabf5b9654c3d7535e25bdb807dda24e117,True
241,L31,11407841810837541005,00a855945b1a124b40608de8c3fad76ea11a49731e803a7b1457afbf179eba41,True
241,L23,5782473311544567941,546bcfb6e1342145e4b7de22661456b281e31b2d136b2276877081e7d78caaf2,True
241,L32,16063419066487722437,84f116222213cdc083a6780c751aaeb42f4bebe0a52169672072721640c2f2d3,True
242,L12,2572437689262504653,b5f9431e06a76913c11f3b7926f23df2803231e0ba93803e2c370df4931bc9d5,True
242,L21,15985007595150656443,1348b18a4426c939ca48cd40cb034b124d8d870e73f72498522c2c3dc53f598d,True
242,L13,9158320293055603109,8e4e46792c517c97f020c95739323a903a8dc504197c255df6276bb985bee91e,True
242,L31,338209888058255489,370a3d97112d5abbf7fbf2651a05a83057b23b70cc84e344827f482a4a6ff384,True
242,L23,3719750967448175101,0a8a267b45ffd0da0af443a34bd55df70bfada269c0762b245fc2b6a4fbd74d2,True
242,L32,15162929115802163236,7231a14f01a385946c606659dccfdf768d71bfa1d7b2f10ea82593dc773d9294,True
243,L12,12837117291512908752,5090b67ca77dab865e04ef7ab75106fec43fa987e664668a263ef19d9b423692,True
243,L21,16497401138883208567,a189cffe920396903816e28f166c52911a6f1d82f879ec9bd803c34e942b4db9,True
243,L13,10194022487977200246,1004d543a6768a50d4dc741eb5cd524fa80f5dcb3a32b1c79422ad9060aeccc3,True
243,L31,8394665200571584345,f1d0e0aa10e1b0f97dc0cf1be68dfc9a1271ff2e16b0bf4130ad11311ada230f,True
243,L23,1541258007911208346,cc707bac3118bcfeae4eeb46c0ab2412cecdedde72810e893d486bf06fc5acfd,True
243,L32,9472265822041173747,9771854b17194bbf0dee5292baea9d01e2717af5db21036f8c389e452532f828,True
244,L12,6022961884305896187,df4aac3fabda2a8142b017f010ee5e47724a41c3b63a261e2bd71a802b41c6d3,True
244,L21,6919164499052508151,ff6b337ba1067deb36d3a5d7312c902d6c5603cccf2946ed10da04b1bfbbdaf5,True
244,L13,17177727133187253537,a47f38d08f5adb71d92256269d4a923c711687305559fbbb42fdeb2127dcbafd,True
244,L31,7057146388876397998,8e3dab38f76617f5300567290c85517cfcc1b148594a3333aad7fd43835b259f,True
244,L23,13813401185942968322,95e775795234d73c64b6ed1425067eabce4dee8e74f18661ef8aff6f225b4848,True
244,L32,17109893786082585080,053c896e1a91c3c6a48d2c1854dfa8e8229be08e10ab88f28ee1f5d796dff472,True
245,L12,14067794443186843603,8d0e6a39b68f34b31859972f86ce5a4eede3c087fda0871174bdd9809a2e346c,True
245,L21,8700857538380073656,d13c465b8c04c8c91bfa4895ea57fc7327e2abf2f043b35c85c2450cfb1ae5d4,True
245,L13,12625305446502193893,1b4372e1b97d8a9e07d61a7f9c95cc3ef61ef67b75a026b873bd080d4ac9a355,True
245,L31,2069709721242606029,030ac1fbf45959fd1883869d70720bbc9e94485e6e0275a3e992d273e4c608a7,True
245,L23,14032678700668318712,6b70a8a68ba7c5aa32ce2a0d735248588a8bbe1973c70f4dbd114332d1b8a91f,True
245,L32,10428730642011471042,46b9c711e72648f15a599523f05f94623f0b033e1a6de5728fe3c43f4ec84ef6,True
246,L12,1530883258647891154,58dc88d6a0bd1d85de843232a06a4b9b1963bd00ae6c7218a8e927ad59734895,True
246,L21,4002917281920103018,45f8cd3ec06f94211a1a018445b9fb26c41c057f24ccb30f04fa7bb17b87bffa,True
246,L13,8749736439022380530,73488b79c9f0649d259e857878829f746a82adefc7bb701d56474ce648c145d3,True
246,L31,13744689420056274448,b85eddad2647efa19da1b9e2bf9caf05d386d68130f14699a07f5b31020e3418,True
246,L23,935758582181187761,e5c76792fe508a6ea8ee322f8f3f29955cc86730148fb55d365a5eb66f004af0,True
246,L32,1515408087927638494,e0b2535fed525eebf12ef495e8128d1d9d9c16fe8d79bbd8a3a1c8dbd9908435,True
247,L12,8218989267366247729,8f46640ccd744799a6a90992fc12e9203d664cf8eeb3e6cfd9548baa0a5868b4,True
247,L21,9693463401844145831,8f886402df6ca3233f32e33dca5086842c47079917afd85e35c4e244d29661f9,True
247,L13,10123283846778359473,f774a8995ac3d612dc08aedcb05bc9f524b72f01e282d81cc62b86fe92fae8c1,True
247,L31,5110665339192985027,0601b674c1773642d742344261dd90b79a4935008fac2c8de10ca1db2b179454,True
247,L23,17112636292616298671,b1651391c43153ebbada4c31c4e4b2da6039fa877875ac5760bc254867d7edc3,True
247,L32,3199053423621348755,45b41879639aec7b3e66d2216eae7c82f783eadf0aa48592ef36285d2a80f144,True
248,L12,2701779710605334495,c67083f30453a8c84b28fae6e081fdbd4740b92bdd04c40ee27736f2da100f81,True
248,L21,11520494823921419074,e2ed172e9181b0952ef885b5bc07fc452a57089496910e441bb347174c87ea77,True
248,L13,1447618634375156129,c27a26cab53444b57915f542dedda13c54f5325e2ad5c27b9abe961fed85616a,True
248,L31,2345645044748204250,1fbd2d58726b57e0a5c2c0722459239cdd7dde411731b7568c4ebfcbb09573cc,True
248,L23,10664208081169435932,b7889e8e6d3c1e0f335c1fee323a2b3474c36590102a03e0bc9632959602b3f2,True
248,L32,1172728922749272798,96878b3b2c7156db4e46f60dddce656d610635e453b657d155636485e344c4fd,True
249,L12,8053568426052939258,39e5339dacbdf2d314b631fcea373f2df4cfc5db34a8993ed21e25ec2e8e75e8,True
249,L21,10298732146273711359,195e3af5fa4ac22efd9034e9212d813291a84380473c65c93352b5009b566ebf,True
249,L13,12151907210876199758,687144b90bece85fedb5f8f7de136adb648fa4c3422f46e3e85add957b3486d7,True
249,L31,4193455520606563841,b832a038673b52f49ec5a27fedefb9cf962663fbb5fe60927b3b36f944e795c5,True
249,L23,13600876757016225434,310eccda4a73b5be922d32d61c8c7d82fbf03f0b8a4b28bf6c1a492563e531fa,True
249,L32,5479085675399765176,18a36d35ee13e51b8413a31ca0e8642bfe65970967df65efa22620e0103dce25,True
250,L12,17737530948379313769,9a08f8636381bd802d54186645b1c5c72101fa15e4bde5d8353065c5ab18b600,True
250,L21,16228694592838638901,e9093400390d4d878574b37b849c955a46e78446f22eb195fb544988d316bada,True
250,L13,506141445888972872,98486cbd1399dd921ec2be172746ce0e0f5f424fffb3e5f699dc268ee37c537b,True
250,L31,16956439195168569008,b1fe5e40ec80d2a090a5577f827db481b1ef5c06a077e854571b58d8843ccf9e,True
250,L23,15856554430999191283,3f70ffe54d6c8ba863e62fff85054bcb54becd0a25ae871a4576faab84137d84,True
250,L32,2852404600250967686,21e8fa3f30d8e687703237be6d5b4ee7feabef8f477bde271db9022adde5f1b9,True
251,L12,5157518727015541111,f28a3fae274b60c848dc563c37326809950c3c1679d6b6de886850731314a866,True
251,L21,25527582124930321,8f83ede87eb064ca56281992371647588afeeb00a6adefbd32ddc899ec0b2738,True
251,L13,7318269021547778658,601e903db4c6120fa4da3633263b4a1bb99abf1e2cb187df3e930c4f4a813ebd,True
251,L31,9718951601335057934,a1a052d92e2a0e7391276f1ca1a49fcedc6cfc17eb159c08db6b159932a05765,True
251,L23,18194154535234564558,19d393b1705c920ffed207020159b1ceafa6ce87cf5f5f60c5ad6f6549e79e8c,True
251,L32,16677973419245985891,649a23aae3404144d722830b92bc7a1a96d596f5bfd080fe17a289a991812eca,True
252,L12,4751203717293921675,a202c06dd13d88a6943c627943a0b62556b99f68f3022620eafaddee3a4773a0,True
252,L21,11034640678506457878,c23c8d75ce65ccb743d9760ecfddc3959b0fd3c58d7f89bd49e19d3e8bd82414,True
252,L13,18097380626282921945,f218ac6e42e3319ed4cdb4a784c955ec8941d03ca41540b2185f87dd035650c6,True
252,L31,17641192367544800010,df3654a054ab165aea628b5f0b29bc197efdc1c96da0b62987db96142d46afcb,True
252,L23,5739344613047547406,c82cd4cb4a6b2d901e23d9e10b6faccfbfdf2f7a9f3501e21943c888fe3a575a,True
252,L32,12839069288017647483,4e35d568f135702c0e534d056b141f0390cbc8204c5d06da08463072de7c2e05,True
253,L12,4989793389384041264,9f9c25d1f5f8b7155573c7877f95a13cbe2039962fbff681d7250b46658c6db7,True
253,L21,6307067209712659358,5e3e23c892b29fab389e248d5e8439533410c2a60e93a2df77bd6bc06bf1403c,True
253,L13,13458611242860962141,2e3fc464adaaa0750a52278e84d09f54569082c4ed31b80ecbc0cdf33c124b2a,True
253,L31,4904840711386360161,38cedb02ab3c7d96ee4fda0a8e386cb6f3076b4cf21d37cead2ec3c4e487bbeb,True
253,L23,12226371080420307373,c142f8a8f57b95db97b900d34916f3ac8a9b3d69ab2a2a723547de20f45ea3df,True
253,L32,18003455452025848574,13cf3c8b17a77dec4af2221ee69465478140ea632ea4f4df346651eec3192c5a,True
254,L12,18109000539477132110,e70f8209ee06a3f19b0756182a3f7dfab6638f3a1505781b7035ef9206bd79c8,True
254,L21,16462357976087978826,2158f3b9d8500fe72fd9e83bebb7d76b2df5523cc9b92fcbbdffeec3f3bbf0ff,True
254,L13,2413768269496484070,cc2d1708a14501fcb963700864c812bc0e9fba4e825c89640a70862fd985e7c0,True
254,L31,5201826844010662308,29fba4a019285f763821f574b90b5db2f22312b55d34136349800811c8671d90,True
254,L23,4374597444012401884,d7b53c20d1ff8d717dcd3b6afd4c6960af7148e7362777c76d05d9ebed2f9597,True
254,L32,8986090466201438833,3ebb229f165dba5b5d302f3dc3ff46507c1a36a85bf497104361befde34db64c,True
255,L12,4648334315166969303,09dbfaa6f3f3d7a2046bc2f1f091797d816ae3db4bd8a51607881d554fc490ec,True
255,L21,13015107369098316781,70d17f29b6de790920c34b4db1af817ec0fd47930c612ce1aa3ab737e625b593,True
255,L13,3787814443350745036,da99ee9b09b3861e4871ee8bd940bc990f1d3115b6719fc6ac106c65466320be,True
255,L31,9798138055017578645,4d57e0b8176082028a59f81ec60d175fb9f2b26553005093f6f113f99ab6e5fe,True
255,L23,11624740049507052976,320f0ec375f4849f1eb4fb203b9ce89d1b4717ccb65aa463baec874d2848cd9e,True
255,L32,830760918911313207,c3ce644b1071892ebf875d36a266f1c70f68143483bd1a98fabb615cfd8c2bf0,True
256,L12,11266108326694715951,0723e1230995e3c24832666d54472a166c4aa2135d410e7b3d4abd02b1ad4b1a,True
256,L21,4023432997325554699,9177ac22c8938efcfffde0a2d2c36abf01f68189dd733fa9fab83def64a2d23f,True
256,L13,5774332946630432617,b6670cb23f271faa82c04f9a74db19c0b76d1ed93513bbc39665650241879884,True
256,L31,16938086617453208721,534ae2005f2a89b6ff62d30280a4403564e1e0e20ab79fccfbb79f1319e4fc6b,True
256,L23,1609375441716852315,42db5b6291fbacf3f6a1e1fb9e88e6ee2f9a60e2ffa50f8a74ba4ad8d48bc416,True
256,L32,8436090946331678441,87cc037e3dc1ad5b6374773242fd884879d695cdf32a2a0555a5b7b25cbd87de,True
257,L12,8357474194267602669,baf46ae324bdcbeaa13f529582097aa5506484a184ccd8d8f6ec41a709f74a49,True
257,L21,4498424716575099480,8408d644608ff2837dd50b7f82bad99e7075e4decf27c11a84d3529e5d382021,True
257,L13,2579838038129232830,423dcbf6312377d974a0e8fd6026c9807a4908d29e64b17a2655a14b8f4695d6,True
257,L31,17587957216608076065,14c5ddfd73e12d421bb5332615a52ce7bf3078301b3f2f0e257f1b44dbb6368d,True
257,L23,7691110927376139332,3c346657443855a59bca3f4610b73b6f192b1eb255fc9907676972244c96f462,True
257,L32,4572506513839419356,72bf2193cb9bb046a70c2a65072680e0d2b9ed4661c43ba8a9facbbe58475c6c,True
258,L12,7439775744743299394,cb45596279eb0cae675588239abf7ec14714eeb156d6f4ecea7f63d39e8b4e64,True
258,L21,13887857819184293827,55db32f3d71ded74302db297e6939c04f27f2df016f13abe19b3c28a3847f4f9,True
258,L13,10927746344456675894,6a7fc9714decb22dc9a9866b9056d419f551dce7c31872094fff0507e20ab1e8,True
258,L31,2969937977544421937,83ffb413eb56b5888c1f9da59bc25a1faf344e9864aa669c3076103747a13683,True
258,L23,433880601437153046,292016ce2995ad7453c1474f42bb59b6a33ad699340e7d8d93f7313a4870db15,True
258,L32,703886380287151112,e6319e22d76836acc671804858188b059bb2958f2536ef56a8f2d92533bcf3f2,True
259,L12,7970847071705147802,ce95fe6fd1cd2988615407d2c0177f9df544e77e2182f6f733a67a798556ddee,True
259,L21,2030473553138464978,341dc89b613c7c0acb0eb5d6da762ad8db6595379101c5c661cf8f8902386fb1,True
259,L13,16125674223989940694,535f06894bd292827b88310fa324fa5d6b451b06ee7b2dcef48c9b98d1075058,True
259,L31,1457360640337105245,013f7079b9429a067b9f6417b7de0f89546063c3fd8cfe5495aa44ffe166254b,True
259,L23,7523668142092485135,fdda9e47baa60df7c71232a0a5cbbdf03c323eeb0e3595fe184020c01493c215,True
259,L32,1404775313751987298,b291821039fe174e1b556641eacd002916afc0829f6e9e04b1d117f81f2321bf,True
260,L12,10617921910984368571,91fcb392865fb0f90a65e61df39a0b82163b274f659e2d1484748b86310cd190,True
260,L21,1295091332316468639,d12a7ad503b9f13f70c375d15ac37e8b5cd3fe32cd9eeba037a0b3c461d496f6,True
260,L13,6384528966747647260,8c9a5e6fda93cda39ba21c2dd9c299f0b31a642ecf4ef17285e2adf3ee4f22a9,True
260,L31,11050779802587554732,d7e8794b6ed67db1ef13ceb3808e39930c0ec1c83691c1f6a4f6fa31717b65f8,True
260,L23,18416965341879826156,f62fb8d2a944e6ba5613855fb309b8ef062f5493deac08d04ffcdeafb79eaa09,True
260,L32,11635244032854703564,42323a17fcaba24697ea8df94721dba7e15cedc2cd1e121e05f59f653f6851c5,True
261,L12,2923227247374066036,625a23de7a53d70f159a03faf5355bd76cf6b56ca77101e03ada6646653ecfd2,True
261,L21,8833100615627899242,591a8b2913d25130de65cf8ec90bb9fca9bdebdf0839e535daed9d0d2567f242,True
261,L13,7822849988880037154,80faf5956b86682809ad3f83b23f16e723ae867fc9133d26c3321d809bf70ce6,True
261,L31,10900712027530301845,7d1d2e63b76e7e5cdbe063ebfbeee53a27a3ef3fcf56bfc892f3baa80ac57644,True
261,L23,1409677395372144933,d4e43d49fc08fca3c469ad9d05ad842655e5b14a516f113d509cab68c8b178ec,True
261,L32,11187076935314604022,94cf5a01841fffa8d3f5bfbad274b49fe285f68aac2f00e38745ece38e48c566,True
262,L12,15732855104474112709,19a7aff1d1bafb7eec638282251846231cb7f210c0d9a6e9452ab64260ca80ff,True
262,L21,3155543100778222208,363d309abe248ca4c72179a5ae12ffb5fab1a285f4a6574db5e4970c8c9dd75b,True
262,L13,10883012597685024422,015d625ab4295977e3dee04f35992d70fefb637376c8a2c143758a17b66eefa6,True
262,L31,10464366628307158415,108d5a3902d17e3fc75d907a4cbfc1371b9ef6f8509f2dba3579d5926c51d7d3,True
262,L23,16447163524523311797,0aa77f4c33cdcbb82c426089347afc5edb16f86ab020ab0c8bcd5aaae73cf21f,True
262,L32,1618136926509372157,2381e42ab2f48bd29f1ff8d560ae9ff0082ceb31dfd5849813cf4bdba9d25e59,True
263,L12,10504888163796987485,182c075bcac7bea714647641cf6d3bf1f64584a2f08dc4e1098deaf28912f1b1,True
263,L21,12000292908379026541,00546cad3f1bfe307b182d4acd94ec04b45e3ba027bb9fdc8f6dc1722be9e753,True
263,L13,15806135784970981855,607a5da0c495efc94e98208cd32c3537427c716eeda7093fb4f492374b121365,True
263,L31,2175924791782200303,092112646a20ee370a12de9392e31cf2ae7c39ad5f89a395fcb50f91e93b3336,True
263,L23,4793645571220776662,04d9bcf9926cac6e3c3f4d81614e42c6bb9df1dd3947d5d306e8f9a8fbf5bd2c,True
263,L32,2278893514450954600,b68ac8ec2bfccc9326bdc717fc177253749785bbce5803ea5a3785426937006f,True
264,L12,11477094559031770894,53fc1935a99a7d484436bea14d58317b0ab3a120db9b93ecaf1f9c2cc2929e7d,True
264,L21,16782783551119111212,9ec06f52610ee5a6d309c5ba804eaf2361de7d56f6c93acf19326997a35018eb,True
264,L13,12650068528058638485,0c6f011f6bc1d5a5097318bace565bdbb73561c8c45dd1912a2e6eda609d8d40,True
264,L31,18440180104316227254,9dfac77287e7e13c98d78d2d26c502aa291036ff45efc37faf091e6722b6b036,True
264,L23,6770914176156000916,3980b5a6d8f34682da51f9dcdaea46f9e31fa251f248b79699b2c962d42a7328,True
264,L32,683027203070018982,f0259278a0c40a40be216340d35762e4ab3ec597ffbd3842022d68677027c7e5,True
265,L12,1583223144028737964,e854b90da0558d53182224fc36b2749d6240a5f0a1a16c4e6a32a0a707941c62,True
265,L21,11018694232746849639,bf83b090ab2f996d19d2307a365890dd1ac746e5f3b7a4eece2a5ada9c9221af,True
265,L13,16326961234641685227,da60d825fefcae5e858378e8be17356aa95f194b328830ce1a52b60a9d69c35e,True
265,L31,6062186848996775135,a0273b1a69034a1f6e8e6f0af0c05b21a4b9c06bf2b2b01c92f36deed7de7111,True
265,L23,4495720028279472801,09bc6e918f09b1de6b118f5fa446cab949436161db436a7263ebda7119663627,True
265,L32,2403058246878479019,087e995064b96a55eff9073551d4f168e28d9fa65ca3e001a8e0763f11b744a4,True
266,L12,1517543093854594603,e68e33ec87243a2afd05791658527fa5617d1cfe6dfef6282a3e7bee574bf4e6,True
266,L21,8333174337888409362,280976a97c18127ff5c4731e9777ffd8d68151116f44f31cc0f2f5e992665043,True
266,L13,12638296279635192286,15779df636f73754ac062464d16a9765c8a855b837838d49abd2e9b2c606d600,True
266,L31,7229309478327196966,9fc29fbdb0d4a485fa03502c0cd970a97798df9fc1bddf8d0b1a8738165a1a58,True
266,L23,16824089519591416575,cc5d516a8abc455a911f4075bd05a1fdcbfbfc34bceb0bd5ec855d0d90f50249,True
266,L32,11665045726950860082,f80a64804e3f2cd9550410020385817afbc8fdc2eca5d95e09e378e68e4e30b5,True
267,L12,15864251603328488826,1e9e51c205f184eb5f21a610c89315816fed92852a468b686dc78491bc09ae79,True
267,L21,17798611200485612051,6d68630033d36ff09e5d9f64c253093e57bf533b7d26338be93f5f6bc7e7a45b,True
267,L13,593446266170530520,6ba9262d05d0d4717c89c8beb8a27d96f6292ef1479f6bbf130e8512f334fd3b,True
267,L31,6081128451673173653,7d0017292be17fc44ba75a3f0f04e38b4472d13552dc6afc8b719c1c86b04d74,True
267,L23,365235873496240821,6e62dfda50764ed237560914b0a2abbed444b6ec21b9adfdbecdc890b1492d4e,True
267,L32,17660418775340949107,46a37edfcab562803320ff098665e5047ed8625f8def072c588043538ee94341,True
268,L12,601064834379698312,9c275d310e645eba44013fa050d28c0d81c31ff1318e0ee75738c052b4921e32,True
268,L21,2060716139336352318,757110e8f98b6fea44b51bec4d755977173664191084c9a6441af51c62ad32af,True
268,L13,9036413265702149649,d2fc93e7c81ef63e03826e67ce431607d3a10185ea9b4818d770495dd2d1965d,True
268,L31,17477532704088882051,309cc92168614f81589a8232ff1204e773b6556519ed331acd4d1040b17dfabc,True
268,L23,8864242902842183214,3bda79de1476332748c2b47c04fd286dd356bd3a580ea5a0803f311dc11f19d2,True
268,L32,12984369101127040253,b2be55e2f444f744f03b2058c76119d19852c16af215ab36d683603f3939e201,True
269,L12,12470688729784468509,96168799c6349c00c99d698deaee5ccf76472e02b911c9cb270803716d619aa8,True
269,L21,3871833064824855190,0f05d378655ca0da0e3e4fda2f7e10f4852a1332e97b7096f19e8c7983594a85,True
269,L13,7272210222535616366,1ae6825dfcbf474cc470e371b917b8982ae1d72e5b3eac56e6e2ed1df95a3083,True
269,L31,10919978198754322716,51ecf56a13e8a63fc8d60bb45d44c10bd84c5f66b61fe8f52ff9c2e2e2652c6e,True
269,L23,5660191878619798557,2dbc91dece0b63384afc45af448ab0e247b5522cc92d7ae905cd0ba3dd08aa73,True
269,L32,18058247626457142582,66b15708d6d16d87bacfc7e8a15d6077f6a869932bb0f2c87e9b53d519d25b0b,True
270,L12,13878844554114163404,ea06ba714a6cb423d5b475ed1b5d96e6a3dcc7a0f349b3f48e5e34fee5ca5762,True
270,L21,18040182322335510181,01095e61da6454c606bec69bf6d73cbcc1aa654047e0a7520f5dde7394b4244a,True
270,L13,9044250926171088324,a667b1bcc5e3bd2937c622a710cb54ce3e288e71060163873832eb4079c2bf70,True
270,L31,6739727120415062374,d3b4b13842a038d2cda30c24692f398c343be26e5f65f7c506f22f0f350882a9,True
270,L23,15240117617661050270,12cb7506b6f6b5104aa8d218be8245d944a518c6d650b32297b8b7b7b165de2a,True
270,L32,17296480966269970515,69734f4fc1a7f579f74ab9bbd644e825f83bcc60260a233167717ad16409442d,True
271,L12,7284069498684809218,664074583b1be2f81560e8ad0370738cd4789795b2e3093500c4ad4d476f0bb5,True
271,L21,8221901839428544825,977396ceaaff82b7550b89610dfaa032e66c88f4f46b5c478edd48fda13ea2d3,True
271,L13,11972651309720164245,7ffcb61a467bed5225a68797302ac5c1f2684bd68b5eb84adb433f822a4f9837,True
271,L31,1469317844829351460,8fccac8353bd2431a339a5431ade2591b664a4c5f40c770306486f54b6f0c2cb,True
271,L23,7212529778598097373,22c742de7fecaadb01b9e4918706be4bb7b6027d756d6bd978b71d9299ea1969,True
271,L32,2780489608746091791,a3a9837942f1d93f3089d490d9d37f2e715c4a21947e43e8a1930789ebf8ef10,True
272,L12,12433646569592506444,0ac85c4c5c53b1c9b51dd01a01b78d5ea1c970fca86b7aa05c4cf36d42942a23,True
272,L21,15662424180008441039,01c638fdd1a609dc86c500a65936d1063fe36b36c89513536082ae8dd3846dd1,True
272,L13,12586219069970769959,67c6dd31004870243d75d0e6f3c059ba85737bac68a3dac7e39c9312cee666d2,True
272,L31,11983684364124151650,9e8c59de5fa0848afd894937ff7a4e6cd865e3d21ee7e694805fc3814e04ab86,True
272,L23,9416663632392303900,e5ae5cc48c4b4d16a6b872f165a81817ca1dd3a59f459cf9f93c8d44c2db0c2f,True
272,L32,11240774005709834171,42224681019f12d1022da591e294da93eeb425a58e99151e5f2c03c5835d5167,True
273,L12,13568412488863913225,4922cffb37572eb5f870b555c7e6a5bb4ff6352038d636e8d4f69f35093e13e4,True
273,L21,11821363281843430370,02210ed54747ce525e88e765ed1fe92332d2fc8dc16ff75c6f79046dd4429cbb,True
273,L13,7725352300269577624,45626dcdd76bc0c49895b0c3630339b99135e19f9e6f4a20cc583d07bd425e96,True
273,L31,51707634942320199,4e5f99b13d41b59bc29cd493ecd5685aa3178b0fd1176b47fb26c5a34e93254c,True
273,L23,1505175769859444899,44d6532cf95da75fbd1fcc8a6ac72166729c26ead9e811dfe84f33c31d478484,True
273,L32,10942459619352297650,527d8636c4d028a261a71fdbac656c10c026a64e4f7e80b0bfe21b583d7bc4f5,True
274,L12,4778384919582605838,8cd2f7c74b436c2356418b8cb4394461f6859ef96656e4060d80f6e2382bf4b1,True
274,L21,2557226448129116732,f1a26e476cd1580fac9ebdecf5acbf91fa8fd52b0846a1ed69b1f4e34390da7d,True
274,L13,10475641620605086622,0fc881f3a011293e548d36f79d1a5b0eecea6b69f169f449b8594da019818a13,True
274,L31,9768629182164512929,bff15e84da0c3d52b3bc4dd7da39ae27944f487f28e8b6e0195b7dec570bfdde,True
274,L23,18424650493197912242,5327386e28be6cee5350e62946d15d39d054f5663a836994b7fe065ea6737acd,True
274,L32,13907626314586845563,610eb86324e9fb4e60e5c73b64c1acfc52239b8ec00701b18b6fccb2d886d7cd,True
275,L12,13051486325676738133,a8631004c1a34297e3ccc4570a6c02db09c91550d24e3832c2a55ceb1c3c785f,True
275,L21,2273450558583727374,6588312524a80cdf2ec6b9a8270f3d4e3a10c0f141784efc1e75dfc550ea6e39,True
275,L13,6994756063351766718,009d5dc73347d77713c735126bbfa85d94238ac37cdef3f8ed624b06c9b80fc6,True
275,L31,7042759126853119124,8cf6376c1d8cd4d4f80bb55735d65b621ad297cfec32a922b6933535d63280a2,True
275,L23,13005766130966278763,8ab7620174ef55c5fdd03a52221e435472e839fb0890c8db3f18ea4bf662b30c,True
275,L32,10337057833154864412,049b0417129b30cb62a8096db594b68f053d1412adcefb9303ef0689fffb3f6a,True
276,L12,11791080284845011656,76bc3a4f0bb6f2010c776ed13708e3ba17be9ee7cc8ba59fd203cdf21bc0c4f2,True
276,L21,17376087617260573575,3ebe111305ea2f3618e6b95de77e9deb5cd6039f001802887c5e7b6a34b77400,True
276,L13,8057061341016358382,f81cd768031eb561d33075bd80a14d17da6b48ca117ff84597fb731d10568e35,True
276,L31,17090751218685731348,777d5958ec16244b0ff742a0a2f395985838818745029051b328df3e8aed83fd,True
276,L23,2666705061427281606,ab2e4d17e55e71095033aab137ee02ca94fa5f14e19c9ac6bbe224dbfb24f228,True
276,L32,8749776396277797514,88d47c9d18a2c18a13e889a7c98192e907df69763d5d1320151a5374a083bd87,True
277,L12,7600045181482958559,32a5521dbaf3eab68f2bdea722731fcdeed0b5e45248cb8881d590002e1f4170,True
277,L21,16370058600484872461,132ecc976e23e79bfa813936593f1c3f019d341334b95eee351fec41341b767c,True
277,L13,11914151759406806576,d6d5419bc5699286f39b8e04a37bf0bacba3f3ba83f2ed145fb00cddbee9448a,True
277,L31,16589280483094230660,adf48fe8d87d123c16015ce3bc1ced831b7496ff4c5decbc1c516109fd692317,True
277,L23,16185916871819028744,3491aad30d8179b2b606586823b9cb371a9183a839516f3ece4f94e4f74a8a98,True
277,L32,14172948666321955701,957e9fb26249ec5702cd916d43617f588d7ea8016615d27b817babc8bb0dca3b,True
278,L12,303305905465419512,9104a41d4dfe293f8a19e7d2f15f879e17f2eb463304f2dfa4db3044eef7612a,True
278,L21,10222622615046926875,031b53ffe4f86036bbd642a6b17b393eacf94bdf8488737d301917c8350c416f,True
278,L13,16182231754218060818,a25b3bc16d9f005a91cabe2924c18b7f452fc087f8b00776a1ab3f66f5d08e4e,True
278,L31,18393548820598489386,3f7c27d197f453bfd2f0deb374bb10bbc6c68f23e22d431106c9a965f3a0b84a,True
278,L23,11144153609257031291,517c749732e3b89a88e4254a634e0c853975c379574541ab59ff2882a8f20fe0,True
278,L32,14442598488975751380,85f8d1c88fbe41939d28845e43d2642b96ea14b4d18bf8575f09da69b406f5a3,True
279,L12,5297497507071768238,0965acbcd7469b596a13859a6c2f0d0facf99bd3b9c884388c1af7307a994875,True
279,L21,6065541053905075375,c0d2382590fd5ebff5c5331e198a7eeccde8f2f051cf14349b1b882c0c29adf0,True
279,L13,7813990230271000775,9639761c6f472f6c5cc5edbcff62663d0a63e2a5ea94a805a7fdbdb55420832b,True
279,L31,16868285338543660700,a5f1b09ea7081849f04e59edc03fe2619d44dc8caccdf9b961c719a3866f8256,True
279,L23,11400814088121390507,fb43278f29a1f98dd69c9eb986a2fec1afdc178c8ea478d5c368b6959b25e289,True
279,L32,13868111195361668753,18064ad83ceccebd03db1ace2534ba8570db0bad943bc47c4d5430c1762ee97b,True
280,L12,13480379487855794105,1d806420dfbb79791d7ccdf079ac8be7b2bc55552335c84aa567e7d6a1309cf1,True
280,L21,1264804631881062517,324bde7397ffb303c4668d5ffa4c6d44663316b4ccd3484f1b7c8e70c33c128a,True
280,L13,15099719580215564179,298469703ecbb7b6f3fd696c4b5a3eed4a0cb0bc438b7182f2287c1ec13a2206,True
280,L31,15293965243162789470,23d3cb4aa4158b3ecae27ec9ad1e68175dc72003a56d90b7cc0934fc333d4961,True
280,L23,17626195229231531011,b19aae7389f7d8447a235e922816d4eede182f52b166c25cb38d1930fc017602,True
280,L32,110651463675366532,fba0eacca75c2686a6ce529b649b947b9678e053da230e0b0289d4972f23decd,True
281,L12,8925853179990038486,51804b0c9ff3631bea86c31a13c0d848da441b8b6ed969640a1248b9dae6fbc3,True
281,L21,4854535293221345639,cea9475fff57b4e16f88baa3a1a2f5804112d0044951ccd3ee8123bd88694cf1,True
281,L13,3459345885124188640,6217467930c9e22ae27108d13ad90ea14798e080f335f7d6f3a8d559db0f5f21,True
281,L31,6932125488702869930,769811f80a3e80da2a720fe2303b393ffee6e5b2b4f675cbe8f2bf34652ad291,True
281,L23,15354980113649927573,78ac5cfb0e8abb79f4b70d26465bcd68476d6e71312d9d8b9cdb9ea3765b9f62,True
281,L32,9275739079249214472,f1851b8a307ca8c2fee82b2516d990c74d4847ecf1defb05e8e9e5aaa45ed05f,True
282,L12,14069589222761303375,f862ef279d4d56219d120df70a86ec1624a95ff0b42feee71f7e591cf9ddd36a,True
282,L21,15225363077272265444,75c225928114036703db80764b206bc0f1425cec0eb953b2c15cfb802c07c49f,True
282,L13,13777567872177102980,ccf49f67c50410ede27a3fc76c0c76c18a7dc2dab01dd6ab7c69b7c772da2b02,True
282,L31,2645530386926632506,55ca6930ef90e6e21be4878a766c5a9e01e558fefa513c17f7fc7847c0f591f0,True
282,L23,12311254127731888306,0820c482cccb51c779f839ab9c013d8ea40cd578bd8ae459d58d5529c465b821,True
282,L32,8679475474406102741,2383ddf6b41805a53253128410d6dced975e5d54b5a57d3b943504a5fdfa3bec,True
283,L12,7882513120209943069,0b4ca906aeaeba5ddd33c58c33dbe13e95f85db7daab230100ede6bff6194a50,True
283,L21,11251293094241627792,b827d612bd4954421a78d328265481659f454ed9484aafd34a7f87d9c3de8519,True
283,L13,6843223881573317499,7b93588124ddcd9c7f1d802f49d966dab15f22feddbf67b471f783b7bcb2e28f,True
283,L31,14098824235597882397,9564a9a7f8fe850ff81cc31b809c2de032378be6979ce4c8cf66acdb00797185,True
283,L23,7949959549102356547,ff76c378dd84c9edee23edd4515f35e6757f1f925c76606b06b612124f4b607d,True
283,L32,8491999401272525286,0de17e5f57c02127aefcd914f5a76ec64000341933685e7411d099c25f43050e,True
284,L12,17449113693897934555,ea239d2b7b5e5d2b883c7f0071fd877ec3bc462158c4df973c93c53ce88f013b,True
284,L21,440531519116311925,05c27030b4707a4fd224399f62ff81e2b35d209e5b4da70f58ddc10095b06f37,True
284,L13,2149144082288211161,2f6b1194db647966a46736cce62d9a92632f53a6b4034e7f0273a6e83926aee1,True
284,L31,14887564697725595271,74717fb24411e59c98feede3f460f0d6ffbfe0fff5a0bcdbec5253273dec4ece,True
284,L23,1344816428942442950,1bb372f616dca2d0f8b5d8345803cc3e1e342e069941049b06d3c9821016c835,True
284,L32,17781119574233328759,a845804d128da3cd213e63900192d270b994ebdf37750be237d329edd07e2947,True
285,L12,18390053282452551662,0423974e8b053c5df2769601a65313385194b245ab7f88cd7ec82226042c1d48,True
285,L21,13821942044528027158,cbe8771156891aed617e5c1a18ca1c807f99f58a53d23c7becea61356611c695,True
285,L13,14595256611542769327,5299a55ecfb4b59a10961c258d60c0a7f979f0b4b2cb4593a8ec87bd90c42b0f,True
285,L31,10208265327139585309,39de76978b2ca5aa2f21c0dbd25fc8a43606dc83622f8b858415ef9f1595d7c1,True
285,L23,12020243737188355566,cf3420b9c7a5e40b2c53381d2c7583edfaff2abb0cf9aea34a233c870a425914,True
285,L32,11380681011301944580,6043b8891abcf912a1a868ea2644db63e93538a949acb33c9f64e521219001d6,True
286,L12,17987534794008941004,303ca0e45320f5ea7c938538dca9464df13f225974d5be1638002f3da4e693c4,True
286,L21,13730108392464815941,6598bf08c9facb1efa66fdbb39fa7e35ff6b52f5ad0e17d48b17b727886054a3,True
286,L13,6229666421881078328,ae3323bcd60b4a31c9e67e6c022b45fe9e1b7a7fc7eca8c596996dd2946ccbd2,True
286,L31,17796877847154275537,d1cb90120d0725ca916c6e8ffb731b867b782aa96042880d121d0c9d4540dc61,True
286,L23,943316319311200968,736c712c3ee82e3bc0cceed4b0007bbe6d35848e151b966e64d5f64e70a97861,True
286,L32,1966329631991942198,2cff12c979dd9ad43a5851eebce4d7ebc180f0ca93a0b682f45d017615119945,True
287,L12,5730715546565520903,5b0b465dc8d7f2a6935123204ade3b577c583a59247a573e327c614f6518da98,True
287,L21,814567490432782713,a16704f3cb5b7ef7aa6dad06e6c2a7f0573523e8ea9228785b81ca597ff02e8c,True
287,L13,5968569745093641503,b0ba3c304481f9a7a15ae00600b881c110c0a56b6b4883ce9685d69d88471af7,True
287,L31,407946952264918413,a20e49b442744d310e136067d5353aee3a5e7f952ee1524df1bb1a21458ff3c6,True
287,L23,11929160991962423070,3073419f05559c8208935bc128b65faf3a6f58fadf6bb559e5a3438719270b20,True
287,L32,8038412987937019265,f358f8ab9d274659a62ed74dd199301291f18d7e60fe4570ba560cdea2b22b89,True
288,L12,78376520373996136,121183efefc3c9509634a626c8613aa8c654ba6602f43385b75bb40f114cfda5,True
288,L21,13092406906507710316,e0400560d99e5131f02b116bbc0e5471e2a97cbef3472bcbc8ffb74454dde059,True
288,L13,4746029299139595427,4bea479c385f9aee607671586d0104a7faa9b1baf7496566ddf4be46b5e83321,True
288,L31,12157330740067803035,3e86ec4e84d5a9e45f2b0028cc9baf2e696ae1c2078d3a54b059217abf7f0b39,True
288,L23,14211059025524235473,aa0c81b765b77ef6792ae6a82e2d25b6a20ad06bf4e2d1e42dfb729651bcf17a,True
288,L32,12497968750513878933,e36b27f4a83787886d2713b4e96569a1e2c4389048daaef9d9e055a7392db53f,True
289,L12,3459816839463719643,a67801b10aea35a68f0a2a1eb1643dc5c9dbfa25e5b3a53776adc58f6894f8f6,True
289,L21,6240603273109214783,157677db94f298c17998d27845e8d5dfc50c7f5ef2a8e961d8887555b4a5cc44,True
289,L13,6134302542142264155,56040b6dc615826357fd5f4d3e346957254b78d7ea88ededad02dd23fe33d26e,True
289,L31,5822276345027540942,4becf603c3b993cb9406496b037d12299376c370d3aa05d231845e7fa6b86625,True
289,L23,5049126930167251362,1c0e626555ed800dc7da7b1a2e769ff05379db893d474cf4dc0b590e7958bec5,True
289,L32,18119251395570373203,79b5c594c1d5f388ade2ee01784d7185bdbf759ec5593feff9c728ccbd18e605,True
290,L12,3500424261912541291,0bb2cc8716c6b831e158399bdc543310786f34538174252c906826248bf311bd,True
290,L21,2289399978016303574,2f4de708bb30f1b571f5c8ba79205c6d036c0e4d548ee24b3d5325532b56f8ec,True
290,L13,12896389038757515344,98a4b483b30a7ba5adb19edc00605bc153dccc711b70df54129f41a2e2ea552a,True
290,L31,8761031285282442087,5d09a0853f55ff78bcbdeee8b058ea7f8d0321b32059b1225e8367a51adc901f,True
290,L23,1012222923131391511,a9e97f005f85e5a1b02db6564623765cadc21b7f212527adf19cabeb53f89ec0,True
290,L32,10773199861513755406,8bfcdffa633c97acfcc7057da31f31eb576a6a7ba38cf8bb8e579203764b94bf,True
291,L12,11797936043406023788,600edc5dd08c3c933eec36f13877826d2ad07297ba0e6d2b4b98bbb1155a3191,True
291,L21,9865242245205199479,eba978c2a28e873dce2e0fa51d623d44ad5a9e5889ea4551e3c6cdb9e8d97eb0,True
291,L13,1826723624665966692,f827dfbd31e93bc0efeafb9724a3532bcb12361042b77e6356b276e10aee8608,True
291,L31,9204319239733773309,42b22cff9f815497850f7b2fff0d866f7d5a8392342210d92e150e41629632b8,True
291,L23,4833529371719532166,54bb8dd68e245e14e50f299f3fc1b0702dd10a4312d52f12ee24ab5de3733e3a,True
291,L32,9961093235194669046,d4c63ff1a8a542afed39f33b4a5304d2fceac76f24f984880b82cba2c1f77ea7,True
292,L12,18380137789219432299,18d546714358d0109da723294ed7d2c96e94a27cac47dfa204434696a5474434,True
292,L21,3810312275142525791,01532cca1b7354b3285587886f7121f87f0f1011d55080d868d155f17c3aebb2,True
292,L13,1239464399897197539,1d4fa0239af8c46fa42d104c4f0f2a80350b5d77029ddc1102e43e53721507bf,True
292,L31,14369251263609584501,9a6df0b8808aaa7cf9fe67303dfa58c983999b13353e996c9ba7b757ee27d37a,True
292,L23,5752705342856561990,9a54d1a74cbf34dbf86281a08420d00e0ccf21434529ecf56184c143a4fee7ba,True
292,L32,18348685883661187915,bb81ea1667ef119020ba2b04f3c1df3d689e2aff3b80b66a0be274ebb2c02576,True
293,L12,15447820403962190208,ba0d21e8eb789ef61470155d9c97f0daf7a11bda90389b777943e302b2a3a07c,True
293,L21,12131906855773225343,859da0834dcbb3c8122666c12916d0e6d116acc2cbca895da97366e0452a7cf8,True
293,L13,12343769711252794415,378495b1f50dcb00f83b3ae3eeee6b2e19672f680c5e7cdd2715ef59ea31fd6a,True
293,L31,14663653158680617185,c5b2498ce200eb9ca7d8bc5f7e3915e31a0a87ea49d63a723d9236edbff263a8,True
293,L23,6775992832346942070,69048fb7e2708150dd046732d670d29334fda381a38c9bbaa2daf7b561835df5,True
293,L32,6350729952404098579,be588a5a5d1b939ea39bf4f7f6ecf5f8f9393c5dc3aab0a62b9ca39cca8cbc65,True
294,L12,477090970151057967,acf2c8c2c04b719d432757f5f6ad91748101b3d55d952fb2d6ef42db3e6520da,True
294,L21,1361676181412007570,fff373e8feef3bff250bdcbd7bc86fd9c2a64cc13b56b503f408c88fe25649b2,True
294,L13,8899288838307813991,55c2ba29129a51e21c8aaf405b3a5ff645fb616881cf9e81483b9323d5001f1b,True
294,L31,10005551914956374388,ab07405bfd49e06b18ac0450b0228909c0d2548ec9b26ea41ad15af246ba8e2a,True
294,L23,3698411512122434293,18991e7457a9504df9764505144e091e1fb6106bd5f3e89b18296f1c13726a9f,True
294,L32,11253897011016189,b8d7e8f5777db1942a8ffd6e5f6ca84be214b29144f5645ec72ffbf678f18d15,True
295,L12,2061864070078854222,6b6515762696d2f181cb36b31d1775096da7b563c1323c5fa4664c7fddb55672,True
295,L21,909668834842505394,d1008167ec92aea1c1a16653ae98a936f06dd11664abecf4f455c7add099bff3,True
295,L13,2682490824143882300,19e2042393b6b0c0ba5c850846d434f1e014d1928afa4c6daf5d510164729db0,True
295,L31,17347247756492246130,63245d981aa66ccb9b3e27f8a89df5a719e3229708fbf53d0923c877e011b8e0,True
295,L23,5649272141204323602,4901dda0071331fa14207448cc667daf3e47c4b1d10b1fc61c4f9bed69b23e52,True
295,L32,3396772568254311838,63b43343b81364d60cccc9484dd32467d3ce3b07fe6a21745d4226d971503347,True
296,L12,1444305879334880250,5f674467d35e390f59e7673eb09190e9464ac7df334369c2be1661cf75136723,True
296,L21,12353688878039542352,aa1ada69f5323f4d1f8995df912a188b3bd3b4f175850ebfa18bc30921b00e17,True
296,L13,17574151535079697592,c6a2ca9d2d8287343588708a4930f571b788cd4b4e1b03df8470190df69cbe26,True
296,L31,5398264599174912761,426351339612035a983aad123f6ea987c1ae3da0ea950feb61bad8687687b9d3,True
296,L23,2309971514797451771,30846c2b743e37ad26e7ff3f124295b3b868ac1cc9af6792a2bb11d4667fe50c,True
296,L32,10186242821748080221,236c4be1ad672990c20717b74a8b9c7b3f891ba1e3695fe28cfa4ecc42035b85,True
297,L12,4883307624944990069,29bd74cd59b249e833bb52fff0f20757c12c2625890c28cc63f0b9fb212bd744,True
297,L21,1473195856208285130,e751125d3f5dd291b3bcda8429224d3a9649e769a98a5e98c758cf7ea4b7494a,True
297,L13,13964797014838764399,f484b74a3e003143feba5d76110a50ae6395da49bab0b6e0ee303c6ddcc43b7a,True
297,L31,6423614965674926210,ec84244b201ce17f5b9a55273627c9656fa6a44c413842cf8722a9d6b2fbd4df,True
297,L23,125233873658029227,e2810488493203dceeae61e8d5ec1a6f711af5e8c891dd2a751724b454762465,True
297,L32,14069005060586045165,d5c49525de0b5770759dff4dca7e99988f1a9c8954c52b67140af1d954d0e239,True
298,L12,14968703708011346641,fdd904ac76003a8cc20da99272ef76037152ed45d3cbcd7827028b709648d4c4,True
298,L21,1919021743776431155,8edc95d6ec868c705650bca4ca9df36a9001feea7083035e0d20d817136a0ef5,True
298,L13,9481400035526930134,b33336b7195a31e27b8c540c3b6fb73298fca60992ede84ba953acd601286950,True
298,L31,371459903415737932,6919473e94d51f50ed47e9ad267c91a95a20ad4421906f3dae72bd0805920d71,True
298,L23,9003148583733942183,05bd49a9aea26def5b7cd769a0ace4f7a312d929fd49acc424bebf1527a44e24,True
298,L32,9216486500756411751,70812b9a9f8a7b2c9dbd92615aa8b9fe35c659c2d1d213188d4c073cebb898ec,True
299,L12,5139739581690677569,c9138144460d9e82e379f07bf593f10d4fb862301fde6b35d393bb2b20313028,True
299,L21,3539210629334671783,e20f861c3c488ae2ecbefd907220adb3e6be5890201ae6926c9c51e80251016e,True
299,L13,4930651674251725909,2161a6828ed89cbfac5c0274e104a87919a99cc9361e805623fd8d2652aa4814,True
299,L31,9253435789534268688,0138bc7f2583ffc202fa16f6b5bd20ec6fb009e0e9b5b38da55e1bc76a290737,True
299,L23,12170516534475418378,1a1283535bf6b1466214d08bb38d4b6935a583ca5395b9953652d78c84c6aae8,True
299,L32,14259578437127012347,f9e2c18e6a0c00aa93f8607ada7b9b4574cf0a6d32c8fd6f865dffdfe42bb812,True
300,L12,3626509265008467991,083140d7e24e973745746302e2a02b818a388005b2c7b1be60d9d21df70bfbd7,True
300,L21,7614633792971842119,36a8fc4477afd89b96c63e6dd9be0cae04249e45a78aaf18ab6b4ab7851fdbf0,True
300,L13,239949228553096841,22ea861c61e2f4481759233adbcf4bc1e204cc9f0af9786aec1021469d45e6f6,True
300,L31,16134408991022819377,468682b771d77a5ca5c2aa074d2beb922ac252df5f8aa0f3d340e317c0f1ddaa,True
300,L23,3323931346464872488,bfdb041cb224ac7c5ee3f31e85931539467081379f04466105c7cfb1cdfa11dd,True
300,L32,754571318178357250,536005f37e3031c075c21b397a5a3173df69ff64fbb12177aca8514b87803504,True
301,L12,10953624969470286176,6fbd7fcf0169d515d97e9b16d5c2de37dd126665530e157256b88778cc5c519f,True
301,L21,10215623022632813673,c780c544fa7f7be4ff55bb031ba458698dd26e0a2cb1a56edce023659fe74e80,True
301,L13,10301337325875964776,a1b9a1d1b54c9347edf4788e084cab4f375da7b4e6c02843f19299e3f05d313a,True
301,L31,6275743941348736377,90bc4e943a670ff2b085c42124990b66b3957c7333f26a54e606887f3e2d73d5,True
301,L23,5645126506660555878,68dcf6e6ce4f2ae0a4f7385c776d30c3bd99adc720f78825b17fe171920509b3,True
301,L32,4293452290209764396,bbadf459edf1bc0ca53402a9e424c3c876270f628d2448bc70ce9ae4b1fa06fd,True
302,L12,3019654083961041836,d83790d8856424b5fcf503ae35d1bc92e8569fa86388e94c061fd1dc927e810f,True
302,L21,3058932475317901403,14e5ac7cbc5923f4745a094d8d4cc3ebcd48b1bc8d0d12b3a122bfaf37858acc,True
302,L13,12457714821860948020,23b1c25026c9f5dc7871bbbaea1192ad5871d9687d038871ca08c2fd82788dc7,True
302,L31,7866744987803795954,7611af3708832b5cf6e9e769f80d3acb629d320f370717b597cc6ac1ce7386e8,True
302,L23,5919746272664706099,6d2e51554b91dbe88bde1b13552a8fdaa9d1cb6d32f844163b4acedc1e495ab5,True
302,L32,1374493653875516639,8d4866852c4b70fed95ba98c4b08f0469206600b5111625cbf04b363a3e535b3,True
303,L12,9197184333761722363,760911682b5c3c814d12fad0dcd6cf6eb76ed9beea93d4f856ffe79e3a3c16e8,True
303,L21,7200083200817246507,3886ab6c2efee53a6133ea27bcb674de4bb10835a9e9d6a43add269827764ae5,True
303,L13,2774194771905850981,2f1e1f6caa7d4cac4b02c2a69d102dcb01dfc6d7debdb7103534542a817efaff,True
303,L31,1697428278356435713,aa1c9cc1d134eac0209ca6af797e2c975415c0090dfbd59d5336502bf9d69b57,True
303,L23,17228814179822882366,92f035fb40d7c0f37ab1cbda4886d26b24c0f74275d86d1251f11d97979c5853,True
303,L32,12600813518699419826,987e2f9e0e5bcff8c2e7db66b6a9512a6b1fade6232a79e5d02dbaf0c81a214c,True
304,L12,4760272064433709863,bb9a4bced0c190e6df004d55da7f4d2d9b1799fb9626808c58207c2026934792,True
304,L21,1955658621186440883,8c3c65fc0dd45049a8609ed6007b3b4c759e246f1105f46855af814d46cbaab7,True
304,L13,5573428233479331354,060a2bff797b8b8a24619c47b72d57197f18870e7775c7ad378e14a8cf5d27bf,True
304,L31,1975561162132607677,f89378684a5032d0553c907b75e569b9ad5f3ae80a8770b433e49ffa38e3c618,True
304,L23,4725802336396193501,18e906d9b97b1d31cb3f11379b362b2ff8461912be9b35feb8d1323689a910d4,True
304,L32,8874073595326517465,3ef0be57502c6fdc0bf425f5bd75a8ac1c6e9549d0c17b694b6296134173b4ee,True
305,L12,16113734766490501890,61880ac78135af4a0dea9c2ee7722a1cbb73523fb6d1d09cf1269d050eb13ec6,True
305,L21,16284107983735621149,83ca25eaa4e3649fc7d4d37b530b50e627d830519122e1443eb716d2c1a6bb56,True
305,L13,17495438307126887625,f2b4dc46288f1c00f3c7fbab1986ea3876a804c586fbdda9a0137b7194ea606b,True
305,L31,549629626663297602,fa6adc3beadc214569846303af4c9c68b7c1c61c85c7ea083e465db84c1ef179,True
305,L23,243305101571900219,a704ebb8ec7a15a35e5fece955a11c9de3f9583e10d2f2a9349d4791501cedc4,True
305,L32,15142984092604374086,801c1f9af1fa87cd3e0c8fe0125018a83bf993b35203879a7110f2fe95d53530,True
306,L12,15944675475950669801,60d37d9901250707f5856d10c4272b63a6ac2b52d747428cb63e9018d9b11d88,True
306,L21,5742683065008592912,54790ff0d60f7336b4323faad38519c5e8ea2c6fde7dfe3fde4de04db1da5f86,True
306,L13,8395026479529236086,4f24831594e666de98c26a2c547591eaece49c3f8e8baac096e35dbdf101fe5e,True
306,L31,4985406864735469954,8ec2f92967663712a594f8a42165395e9d47bc1449b7fa87e7384dcb952850bc,True
306,L23,2390412839267550632,e4d3f7f60c01435ae2815cc06ffce99641fb2c3c0e5067a807e6324170b8f587,True
306,L32,8836910594181084608,db19a08cb68510c0876d4514ec3000c1aa4f4d576f10c4db6883eb7c83a7a0b5,True
307,L12,3899678913630211680,91f01d43d72816a8e8745bf14e39729ceaf55c5a01a6c37d30d276a20f605ac7,True
307,L21,16821432779523990608,e75d837b94bf35db317a84343caae408df1fe0349bcdfb9248f4351eff302e2f,True
307,L13,16826417156306357037,4b5789da123ef35ca3b7dadc0f42680dddee24587a126a6862e5750edf2d1a74,True
307,L31,13084197532077901489,06ffb9b424c00a46e7f77a447598f6301f9bb5fd0edb2a86db0b4f8f2f69f59c,True
307,L23,16157856738575918228,acaf644904ce4cad637e3fcfce70b0d1b775c78fe27053d006714e734ae2e852,True
307,L32,10447221446930251832,a3b879b2c0fe09d0f20cbfd316e9d4e45ec99bcef79e5c2a4fbd539fd1590d57,True
308,L12,8522243316506383640,ded6d735925ae31b51734816a518290b36913b501ca57f9d12d719bae1b33d06,True
308,L21,17661816422143604903,6161d1a4378062ca55b06a191ef45d73d88fad7be12cc54093ca3a940513f064,True
308,L13,15513240456946227542,f909f4107283cb43ae6b5da2271de1ee700ba1cadc9959f12a93d3f2ca897124,True
308,L31,9139467725569365624,9786cd7ef837951bf2075f0c79041e9fb822075eb3e0dbb2f22919d017cdbda2,True
308,L23,1952088704051353791,e07c247894d686465ec33493fb837d3f4673ca274b5e887ca05b72716de04b4f,True
308,L32,6422362926915877780,e6b9d9841fe0a5d4135cc698f57dbf18830c517238bc9c2c1a51aad7088c6ac9,True
309,L12,8081075564651960700,9ad51d465b5478c7e2259cc2f06a70be1e0c73aba7f165277fdc8afde84b6cae,True
309,L21,10611733686919102846,91ff764dd7d5853c3dcfc4e85c0c435315573869766cc9486e80190c7fb580c5,True
309,L13,2662530645306008575,276f1fdf8d71ccff595ee72ef971503359fd8c2ff5fef0ceebb1e759dd485a14,True
309,L31,3363807826875184703,a11281ef560cb0a6cb116e90efa7de24e253acd30de38aedb5812b2bff7410a4,True
309,L23,10856459848951177867,91b92c07e4dff74e5df6dbb29a5ac2b3ff5ef2463c09960001bd04c5c9e434d3,True
309,L32,9317082338397599493,c55d83d8475ff2a07cc92e47fdebaa609c13d8dc729bf30d091dd2983cbbe93f,True
310,L12,12438857354272679578,92966c85d3655f18948c957280364969b8ecb4eea9da1f08a26299d20063904b,True
310,L21,14900431473508833479,02d6d32d2560acf18952053d66a730a41d0727d32f1ad7c2d2c8e46609ad0773,True
310,L13,10705538252453056823,188ba9675b04350088ad28b3010954bbdfb085330ce2ddb26a9ba0da3983c388,True
310,L31,6671694297375603081,9532bd25315635b0e4c290afe00376d28dfa3e4257bdaabf92ec5cad339a1d58,True
310,L23,12637848240512216185,e9c9e9a87c01896dd575ea5557eaa52c93514597612c5178f617e550431732f1,True
310,L32,7085827168179394006,b6d2a292f87af9986041a0088fd0d85d61949fdd0525b1e502873388e5cc7ae9,True
311,L12,2884144439967790606,6e5a12c952941241da3a2f8a42ebdd86f116c8b85f6ad94d58a08d3a12bad3f6,True
311,L21,3380319246385018109,300badf701759f12770487a347016d699f91b2ab167ab7e1ae1113a23903b2cd,True
311,L13,4663226748807425270,b91ddc3acc0fed9106d564e1eb23f29386dd63c6debf0116950e150c04f700f9,True
311,L31,2404864736773452588,65cec0f9b887f601853f5394cf0c9c288e92a595948e244b760a2162ef304c13,True
311,L23,15037665768240159604,4e8139989ac89c6e2f6cab39357b1c7a91a7f648eeb3b9ab0560d709ef140600,True
311,L32,7558392805036697502,e0739b39db32dc39f80a50216ebcdc2e94fb1a004cdaa6305f6a1f3f88878083,True
312,L12,12016616439399363921,8b0670e08d33ee62b3ff489ad754c5193440316e50f8566089ed2cf55ece8e04,True
312,L21,5071933625254057721,0300328aaed8694e9a1e234bf01aed05bd9bbbb07d99d6521f45a4194e290d71,True
312,L13,17953469612141073053,f7a7080cd3e731abc5f828bb475916d60b3fd697072ca0d54c9bc3a367ae0b7d,True
312,L31,785411695984129786,32b60e39eaac2d58f5d5e44d76f94547fd4c860e6efe23aeaf216bde79a0bfdf,True
312,L23,12047595436414936552,23bebcec0a9e65e5fa537d0e4db7dd679260d30cb0d30ee6aa82bb519649d8bc,True
312,L32,6689041716443561208,36e9d94568e81e2997bc161b3c8ffb9ea467a64f7568d44bce7133a2ffa27058,True
313,L12,13586393805640216960,6c3da320f8edbd1e28adbf65277b1be6140361d54da2d7b7ac80f7b8445f7dc4,True
313,L21,9628574146860751341,8054027b05539ad4e0a317ae7fae566dba7eec958219ebad5bbeaf29e7b8ec6c,True
313,L13,14864096631877881772,e692a3b5010af2b73eb64457550c395ccfaab41b3e8df1353c08eb6ccdd3edf5,True
313,L31,386170533985586243,45dc9bb6684a273e00597bddb4ab5094e86c3e249ce49d9453e289b1997031a6,True
313,L23,3242583840790359110,e60792ac762c97ad1d0dff2d9a62e1fed0839f87d88915396189850de0b11fcf,True
313,L32,995596685723323150,59b70f1681ca04377c38566c4a568141c55dd36d320fc79daf5743010e911b29,True
314,L12,9548964674768043041,67905fde59e95781c596cf0c5b9068aa9faa654842034b304b645ed75b92c1c0,True
314,L21,15515223512356639060,0a044c2b591c9c1e6d6c3aa7c257304b33b55abcfdd06a16190134349b7e0adb,True
314,L13,11052781953290980653,14fc97ec40b1d9f12f4216d218050e9cb8f9021c3c8774f57a3fd0dca989bf66,True
314,L31,4257033639553497504,f1b3295cef89a0738edceb7e350ec2f21ae90d6514d7515fb5f0832682caca46,True
314,L23,7550921692964705871,ef0f5782021a87604c1548270b01065247697bff8207561778f32bc443b6ea3b,True
314,L32,11910368672328479184,c04e7d3a3e4d61cafdddfebac405e655001d38f38ef2d247e5ef088626e5a88f,True
315,L12,11354306672910792063,3ff62eef43721bcc03ba5137bb5063bc01e9fe378c094fbfc094c2d807e6aef6,True
315,L21,724585183453891765,7f07ce3cc2162f36c488e9d55e7b87a7e405eccf95079891ae2896990f0c3749,True
315,L13,379012099761674641,0de211cf24794101eb1929657264d7da25cdfd40ab304a87807009091c9f928a,True
315,L31,2752992802492100843,384bf6a8e933c2397c8d5353c6aa5d1bc68b501594d4b713fac1ba10f10de5b6,True
315,L23,11952496680116145942,3f1b0c6ef863a546543c7651d05b82bfc7fce4466bab935a1628ce5de1847260,True
315,L32,12652132777595926078,b7a3db3df1b44135071daae0fd8a864d13f39c0dd2b8369114f5597921f8f888,True
316,L12,12575356437987069397,913d33966d5d90fc2672f7a660ab9ae679952eb5d8178823b1ae9044e8f40aed,True
316,L21,16131633202042921344,388a0281e813b3f0000fc951810c14db4000cc4adb3903861901c9be1a78a977,True
316,L13,11329330203119863175,b0d7bbb70740c245cdc76507e9c69c18f29571715e40133e39108bc5ecf8cf92,True
316,L31,3265626671424966447,ee4661aa7d609fb0f8cd9e12810c78fb5ea8758d21f7371b2e4a36266e3625f5,True
316,L23,174683198381227514,be0fbede4e934d6c689a40f732d575ee8f9538cf7357f52d67727d8c2d6c51f2,True
316,L32,2100890060946748833,2163dad62b3e068e87fd322fec75c13644218281a9b5e2307155706ef89498ee,True
317,L12,17925100115836444922,aa037df6b473b67dd8684a880c87f78a50948be6d79d7c98bbe1ead0fd4bca25,True
317,L21,17923483834052554796,d8c904a9b27367cde2427c3b00b1acb7e892b26ac802a7a7eab8d68942e6ff7f,True
317,L13,15981145111188348577,354648b26cefed9d3c5508b94ee24854e0cf73fd6c297c13b2dd8b5f52a5b9c3,True
317,L31,8973494113166788429,a920c160c1105cfe78e16f1bc7cf41611788b96a7acbf7881334015e6482c169,True
317,L23,16957699670957580592,20ae3ea8450c81f022eebb889cb4180de87d5bb44fc60a773f5d8aa85c7d2dfd,True
317,L32,8540106732299474261,b2715f1c95ed73fb9dbb855f7e2eae0156efdd9c0d87cc952ab0585cd55e6ab5,True
318,L12,18349356309662138762,64c931612dd8bfb3a0e8bc98eb3997e462c4b72ac680d27df3dbad2b677b4943,True
318,L21,17972536331636111977,11ba271ff8848bce035af02780bccb3405825cd6b1bb129de8698a304cdac313,True
318,L13,14504774440370935973,dd7b33c933d6788c1998abfa3d13e5e093892625363d639369315d78a947a650,True
318,L31,3142689422524880657,413bc34ec7fbf30f205888fa542f9b7d8df18a67ae23debfd679e740948757fc,True
318,L23,4704112815402922043,24eca141a772ae748a0a72366f38e0003f86e301b1a30c0a4041af9c7c56a179,True
318,L32,3794169249342789680,9abaaf6cf4f47d8bf44f4aa9673ccf29ee47a7752204718b1ed40afa620b2109,True
319,L12,17371000396064093964,edcca8f5703306c720e35ad79b681ff01d7c17a3c1e9e7d223a90ef3ac5a6bda,True
319,L21,11555112405344875240,088dc562bf51ea143894a53c91c42b9e6362e366cd83a1495982b63b5d3124fa,True
319,L13,8663596467779914785,1543c437555d86bb61f2a0e806a90b2d13da47482d604083f9172cd02d04e8b4,True
319,L31,322832966760348950,01b059e9164c1fc3b07e21ffa968dc5737a77db18264cd74c9d65c7c4320d089,True
319,L23,3283657355440966267,adea7c87c17e95e1cc7f5a8ee86d0ea1a95b87d866670d47dab812b689239c1f,True
319,L32,9983456511105241377,2fd622a65cd0e26026d831edddb3c9e5900ed6905e2d15cd5e340aaf9484a7f8,True
320,L12,13223745663589851025,3b55fd8ace622a195c2fea5557b8217e59a77e422db305fb0529960370c65477,True
320,L21,10605291505322002989,72e37bcbfcece88b8311db3fd16115744a843ab872ea5f4c9d73bacaebd9d638,True
320,L13,10278004352021497771,8e9e4f2542ecf7c5c0b73f5dc30c003c02120a5fbdb8c9bf09a631d627f46610,True
320,L31,11457424845309523341,4db66e89d64339b22ba2d251afa8428a517a0eaa54008460d39cf812d9a62906,True
320,L23,14771851109583777360,6c0fb105378b9714ba96f7c022e5a66d217818f2153fa18637b43bbaeb620509,True
320,L32,12210124512497116686,68b6252e584168a07c5d4ca844d9a9f7449921644e9e85082399b6911cc59823,True
321,L12,3896190077222535453,815e56a9821d930be91dbdf7c5f7be6fef003d146ceac48ec84199cd0f8455d5,True
321,L21,13719354755912434109,1cd6685327d021e74e077974091b29c9542a1fe5f0221405bdf7bd923c28a264,True
321,L13,5531309477961327625,95ace09a76c808e0bd6a37df38befb6e82f139f2e4b5e88489b32b548b4336b4,True
321,L31,669558014678745171,58f6205929c8a0d24228514e129c70133f8198882736bd11671e5ab4877b29b3,True
321,L23,4992959015765824069,aa77e0cbe6fd3d6292bb3ca44ab61994ef6deff1a8729619a6de35cf6d178859,True
321,L32,16189774409672146250,f39dc2a613a83bdb40e5e5a648435c28523349213cbf2845c6e7053ac4f07bd5,True
322,L12,4683793776903995979,68883926815d5466fc8c48b1f99cdd35384b5aa4ed37a5f5ba2db34c5dfa8e4b,True
322,L21,10173090741081232984,8a648e6c71ae257f24249feb972484a45eadea9a23ca8a428966c39fbf8c5f95,True
322,L13,16189973493649899302,fca22b15f2d5064050ab876447d3b6ba4b363b32763945ff86806082cf7cbc78,True
322,L31,2485412080381605513,6dace38ce2acc35fb17844adfffc908a8a5b21c8c41bb83d083fc12b80bcffe5,True
322,L23,17126985507500414093,ffa99d37a9568b29587eaad2992631413768fd06dbdbdf93834b1392fff12a77,True
322,L32,9916146746096221898,7c95c5fbbabaf3783bc4ff01674dba8a1814762bb14f02c5dfecd96e4f823968,True
323,L12,17237995295887894215,c98f0bd48d1a3c1f342b116a51de785414375e289b99c118765f0ca222b37f09,True
323,L21,12863654602692673397,2def83bf910a711db1b3946c441a902a73af218a5bf9781eebd58e39f4727525,True
323,L13,6158088611712505627,e195a035fc9e63bdc52de948424668e57a6b4e28e933ec0fb7a4ed57f2cda991,True
323,L31,7690938972849908164,86b9481b92098505b35f0c8a356651e609352c9c93d5691b1cb2431d6f554c18,True
323,L23,432633845485503085,12994b33d279a69e5d989e581f83ebb29a286024f578188aea6b8b391399800b,True
323,L32,3637849907332234646,c8545da2ad9beed8da83c7353b9a854c4b83bf08d46611ed065826d0d78ee971,True
324,L12,13895411446024142315,200c536a1b4867f7aaae3d851bac98b1c9d6dfe65b3fbcb87181010ba29e1927,True
324,L21,17779896635235894215,ea1f3d7a722c8d2323f5738852088019cc1ffe63157f2f0928e7da01b0e947b0,True
324,L13,12979626759013738034,7a926d9a0deae7fdc921f54d04ffc194b103cabb38fcc4de8600a0df5c50a22e,True
324,L31,5895201403603460846,c61db8717a887a6b66d4bad16cadf14dfefbc1fc76fe5367ed6fbfc990a34b4e,True
324,L23,2385003775723582481,0b93b8a0231262d1671c04b4cae797cb13b7182c98950a591e86e4bc69b5477e,True
324,L32,14732668845698507154,c43f7a7259eeeb2a1251e3e250c4f0a22d687c8e65d6a4c0afb86b654c71602c,True
325,L12,13682961779968039995,0235985ce95e1d3c74983257be47d97384297fc938233984dbf75a6f74be21c0,True
325,L21,12140730286277231532,541847d57e17b7596109382439a8e924933d12bf723279d8f7a83eb8e3bd3527,True
325,L13,5259189731852056711,e396279c99cc2ea7a38ae4c070683f822b7cfd9649e7094a4245335ea7f7f7d5,True
325,L31,14946077875064934971,1589931f49e7d36e2c2c0a62a658c4cd155c76ce4f38cf71f36fefe34aaf16dd,True
325,L23,15214311812334557731,8523ca959bd27fe4331f605bacfcfeeb7825b151fff71e78e50dea7df8e6f21e,True
325,L32,16929647551694488197,b26c82e267326dddf1aa927aec3d34cd57f8679c6b481806f6d0c30e8ca7ce2d,True
326,L12,10515716686125374267,abd05fc157b507d22e34ac6d789288a4932f63ea7c2d1d36bdee58386c09af62,True
326,L21,6464941099389587876,4c8ef3161346d4400b2e4668de4051248083cc3f9712da8f5cdb625ac867c30f,True
326,L13,11229143794760635707,b79a0d4d8fa715e8432684a0f52f6f3196fa89ffc606f37ba698454e1e4af390,True
326,L31,2435099174089981245,ff6390d720164bb83a12dd9015d860fab265ecc25dc90e4569fdfb06c18a77fb,True
326,L23,765283512111897250,2053ea60942da80131f751156088c427fbe0cad419c6116133dea3f2afb0adc2,True
326,L32,15343559440270683204,5335270023b462dd5d3b3182e5b8d80f93f901d8439b16ae8a2b2fd2d5214739,True
327,L12,14688929822390711667,ed27af1604e4fbb4fb81ca8fda0e310de4e399cb1942d44bb4f0409ba5293bd0,True
327,L21,14899331018685202579,c2dde235159965ed441c1b74740cf7b046b67650e866a3b868ee3319bcf5c817,True
327,L13,18155391726334321829,83ba417a82f9424bd77b63015f270fc64b83316f53d27b37d99a8a61c384a528,True
327,L31,12488225281119543589,8ae24ed0c5af74d5f8ad913e9fc9091ccef14ce28ebc263ced46017423c22b18,True
327,L23,15000223502381237589,bc259a2a0ab1d1450ebe975b20e6480285429d85f204a16e79e31c8573f993a6,True
327,L32,4358045060093362083,6ebc564d895fa6ef75dbedb88997726ba3da911669e670eedf4f963687e10453,True
328,L12,14102364230681145134,217ab96918d43c506ec4348d6d1941f548ab23d65661a55633d0a016cd454563,True
328,L21,12702239438004375821,02626799fa71f1ad31d2fab99de3f517791ad67fdec35e45fc72e17e3b069a6f,True
328,L13,17116356322583134889,de30c185d35846295dd4a65d761decec0f548ee8cae53e6aaca02de6c8e5e3c0,True
328,L31,1518855955126438038,3e4adf1178e7f34950839fe259d5d96d48c04c40498293469ac5a525833c52f0,True
328,L23,17216587347253680189,c1854b0cd25daf5e8ef8bf7582a6eeb581b999fc95c6ca5176ba35ca5a51ca48,True
328,L32,7910015610707192041,41806171bcd0e697d9d5f82466ea6c35a12d5ff609fcde8d0c191b66f4f8f072,True
329,L12,2337220814279404677,6cdd17f7dddce354395206acf89c8bd31725772e7617957f47ac99c716611163,True
329,L21,8040668522383054821,858b773aabc26dc51e6af0e65fdac93a90ebd771589c5d204cfe235eb9fcadcc,True
329,L13,4548649252430212354,3479d764aa8218eec7f9987fbabea96653a3c3cd9b7357e66d13f55add50034a,True
329,L31,9349456344957356954,54c24ede854ad9c8ac2387c375fc8882442feacb8523330e46f684a84318cdfb,True
329,L23,7386807136220553819,fdb013216fd7ab5e1177fe821592f5efdf03bbe6be3c9306334661add7c240e3,True
329,L32,15443916963236851212,33bd332dae30a1b16771b3c1ac229805359e86f8ecf012b80dffd714424663d3,True
330,L12,7619310477448813370,750dc3bd3b39c5ecf4576ccb0c5a318f2e849c2fe3166e320b6625f4f89e018d,True
330,L21,6540119797084565446,eeda00c99188eb5b7615a49fc0be556e555b361f006316b52a897749357c4e20,True
330,L13,7531977439593911490,6cf7627aac3344b1503c9e80d88454a8eee149b0386fa06a235df16bb69770d9,True
330,L31,17178638440785188821,9e961d05e2f4d33ebcf1897e34bd4056cab181ce5c6c37e73517c58e66e939f3,True
330,L23,12212817863472093677,445ba36cab2394a474da78328a837559754035af0d3d73da5ee83c4fad0cbd90,True
330,L32,15806748170981476844,a070b724af31bc4960da4713b4a1c8ec6ad6c51d2c2d3a4a779c0f03adbf6dec,True
331,L12,2245845703642294642,09f49ec380da9ba3669af78d6bd1dad66b1ac8df92edd3e2fd2935d0f79a773a,True
331,L21,5881795630694310177,313667110efa33f6318721f029865a3cd509c7376d36934f5f5db92591822048,True
331,L13,6553443566192803485,ecb93dda21212dadddfbd1679c61cde1bcc0efdaced553da06fe456f78eaf176,True
331,L31,865338591009196714,c0196771dcce75ae86e3f785b086abce9af923cee6166e7264eb2746b70b001f,True
331,L23,4158606282330345879,ce85a30fecd3ce5e87234de80f9a38fabd58dfea63d97abc965dfb608807a5b9,True
331,L32,9332292523814657532,a6e06e3e794270fcd555455b59243701cdb96c370064b44f60a4b318ad6e0bb6,True
332,L12,12141876773158507307,e3b9f44d7c00819a96fb54bf62f743cb4cfacb5808534bcf27b6b37dfce7f6eb,True
332,L21,13676804042797942733,cb74a372d680b2c21679f7755e742d6e90e76ae5cdaadaac0e30f0b5f63bcfab,True
332,L13,17379881776023918941,810ae11806e66200e48a795a2e17036666b87d19e4bd52a94e7229bc20a5ac51,True
332,L31,2715090478530115563,ae042dbbc4d1b04e6dfbcddf6af41a00e3c261ee3473f1df711b012c3b8dce76,True
332,L23,14395335190224898322,1c955f501a81b88659a350b5f49a4f25b8b591b27b311236254c7145647d55a2,True
332,L32,9494331036867374211,c949a5ced6a9822e97dfa875dfbb6e2b8b4b02eb26940fc45c33f44624cb011f,True
333,L12,11473703219148931311,9b053c70872c5e57e47b5357a37c90acca19ace80a8f4c0daa9af51155430107,True
333,L21,3568041204439020893,9e97cd3b1b1a6aa427f27f6fad0ee0e816d522e4cde6dc9a4c782784b0db07a2,True
333,L13,10514124408438659706,5a1529a80a33c009208ccbdc93dc1d00d74f28f1ca33ec6bceffb54a22862aec,True
333,L31,5444760870108275735,e884d4fa3581e31b3bd54fe4ca9cc7f22b5b57f43286c69c53c3be1430528c95,True
333,L23,3619514800462889220,c853c5405d875fe39e217e6f6c01c49fdcf01539ea709182f20fc4a45895851d,True
333,L32,13918765893313027732,a58614aa7d8ea51e81da857210d09f63a9c7d93c5c958f3ba89b7f49f7bff22d,True
334,L12,14091967216593612574,e62d2e3a27809c43d54d794a737ddd82a050630fda99dccea4a81ec2bf57ccd9,True
334,L21,545454870260197187,6622ff3e5384fa79f9cf0231ea8ea40259ca1a41fcd9c927524cebfee46175c2,True
334,L13,12229418631108515099,1b7b79081e1ddfebdf084ffd3c396e2118f9d58c9940eecc0435e2700a111df8,True
334,L31,17189568649626166744,d059480bd8bb3e962a635d2bdaac5129734fe1a35980c168c7c20b2edb489e3b,True
334,L23,15810120450296302387,fdcf9eef4f19e5b06fa39ce1d2af39f76510aa85b772b4deda9b054c2f3ca3ae,True
334,L32,18333070759494037431,a7ebf0bf1a352820dd5f9904e369b29193a82ae00d6875c52988fd92b592308f,True
335,L12,1031138321240405357,3e3ad961e331dbc501a446c1c3a586021940d7e5a3fb52ac3d3cc1115d5658ff,True
335,L21,7944489423067927246,218fb6289b5337dfb61c43308175d8ab3160707053523114b4cf2e4d490adcdb,True
335,L13,1651315085544751917,37053b2ef6ccb8473007a2461a1ced2216920c5da1536438bec3ade602101620,True
335,L31,3068997013852697837,c9e61b74d8b3a291e73cd6440b7d4198535d2ba38c89f666182f0943273dcd55,True
335,L23,16498822448843441278,ba4dce1afd3b59ae02cd9318a7d0fbc2675357e61399922dfcdfa24a97238e51,True
335,L32,16524875886006564819,d55fdae48df6eab289140405c8f319c631aab1a7617de8f453971d7636558a99,True
336,L12,1065946021827506544,24e30dc89c2d3fc9424db3c7a63f1b2be4ac5c6629abb3b1dd0704fe0a4468ac,True
336,L21,16410419112967939147,560cb71f2e119aa220b23c72ef0f1fc055db89f5a3b4d9c2e35385df5b8be78f,True
336,L13,7524644949406917324,4015c66c88f3aeaad7b048ea51773cece3d19abf884ba2b724b4abcd7870fe23,True
336,L31,15632771507370911246,40c9ce5cf514a28a8771c0f2f7d738aedcb67d84d8da541e63cfc9082449930d,True
336,L23,1746508342483260253,58e491812a407952f1daf27cbbdd5e6e295836fa93e3d5604be513cd5222647c,True
336,L32,5646061907819706422,9c1b61a394e23713913b0920ab24ab1f5b95de6ad38d1e5a1425defb8f8b4169,True
337,L12,1474370693305159028,1a274fce510694bd196a2bf911ee131766a51e9a50ab1a4a3591e4989ae994ad,True
337,L21,11042564766114364079,81b6a1c9767bc4c7ee073806cd60c40fd9ae4626ff9182542d94cc4f4a924964,True
337,L13,8104275835014915802,ff56d7f31532462232333bc4e9ffb41ac29cc092851bc673b38a54a6e2c87098,True
337,L31,10217290735820386919,6138beea887478fce692ae7d574911473a3f09a4ab54bd15a9b0432796c20597,True
337,L23,7209903763523563385,c5fadfc09df88c6f7c604147cce6cedbb75c3efd35cd4a5851e5d0f1de305874,True
337,L32,2534978800674139138,acd9241a8b7535dba57920d2c34faeb95251458518a07103d1ed3b2a0bd74072,True
338,L12,14661519714086808590,62344a49fabf10154ee4a341560b26c4c497cb22f5a93c93b4661ba3a6d8f384,True
338,L21,9337153409720567541,02531dde2fb84f09477adb180d168278ff07fbb136855326b874c0c6e4276813,True
338,L13,17898275863513179018,bc980b8280b045627c52946ff515bed30ac7cb5d5f84fa712f1377f20f4aa72d,True
338,L31,5495391795835365144,d01adbe737b421e59c640ec636c935fdd54341a6f8d3e02014f3965eb2bdf8db,True
338,L23,7078453255115678861,f53fd42aa83406fa4c7324e3d35842a3289e9be2b7840983d073ced415c87a8a,True
338,L32,4770662267611571543,c5a570870f21fbb01cc2ee503036535cdaf456bcc16854d3ea38f5c5f389c1f4,True
339,L12,1290823046168730717,cb540c2d4bfd8d3569c53f84ce889dff743a01e2188d89868a2c5197e31fc2a0,True
339,L21,4091512707967075682,0d24baac0c1fdd64ae902cdb96d7d2891938576d2e5acfab83a9529fa9f75e46,True
339,L13,8148228795237725489,d6391c5a88dbd59658280e30b280f8a56190e3bbe0dbe5191835337379e2bbe2,True
339,L31,14049842186016259439,d5391b170679998ec112168d7ad0c9b76e88bc9218ed467e4942b2bf72e187c4,True
339,L23,6718077708877752586,b54ae4bbf2460082a9acbee396a6d699c330c95936ff5e4c186f833cedef3dee,True
339,L32,5855959731520082400,d46df9fcfae33d142774b6458308cbd46f7ce1fc139b076ca04892be098e0647,True
340,L12,3922588755863550946,df9973d7c814706dcde3c54f14c1c75a87d545accc17c8849e6ed11bb2f9d539,True
340,L21,17491767844360528548,f0a7e1873684eccd3ac924f4b97e883e390296740575c525206994f6f18661a3,True
340,L13,2768705659596255658,78f14256b6932fe36cf98e186791ed685d225be84be96d1852b4b93e7f18afee,True
340,L31,4649645577521494756,c4685f7ed336bc39d4cc93e3fdb04879936706b1502f0060c1efd62b139876f0,True
340,L23,15146168192674685334,3b955bb0fd0196919da395d3179efe1135f2bf763b7332e451f2653fd020055d,True
340,L32,7979116973674157169,ebdfa7b69fa05911102022e6eac24b1f2252941297d7e0cdc763caec0d37943f,True
341,L12,17418393964192467334,e85392789f3574a05fd8c46afc487c4fd5a1a1d1f8202b1e80784e8ae75d30dc,True
341,L21,3082834986994030369,395848159bc36446a99be5e18761710a09af5d6c084cd2e476c878c1da6402b1,True
341,L13,15228702729512804432,97fa2d1edc09dd3b631551389fe28ffc4f613f2f1b1ba17e2cd570f356c2055f,True
341,L31,1433634654883797128,1475a5e6dc62bdd00851a6b31bed7003e50f2e6b4ec7dcb03024b45b5fadfe35,True
341,L23,6726847996529043169,624cfb65c7398784ed606f26304c565b293077a0c964cc5ebb062b84f0c870cd,True
341,L32,13260681661058074384,2ac03ca9ada73beadcc89ec9abd3c42ca3fd00d1de18d21229252ecc2c7e4cca,True
342,L12,10481264522056044459,48c23ad355428726fd21bde5b9e4494648518b2aaa75496e3ad38026c53ff3b2,True
342,L21,11430279006988124745,aa562f9f79a2649702dac5ade5503fae9c1c22522ef02ab9c8c472ca6f26382a,True
342,L13,14697084014268684566,624950d385b8367c3debead3b449f64b691c213c12ace6fecbf9223b0163572d,True
342,L31,7187264209360342378,7bba1b48e6a502d458fcf32a0ef5104d94f7608b8359e6eec60bbbd3f25ae9be,True
342,L23,8721254320177625669,233202611bd0a9a0b32feafc96d531dbb2023631c536eaa3f8151a77d0fbebac,True
342,L32,1337201829440481871,c6e5f17ad3dc2a20f22c93c4f219d1f8c4a5da200370439dd473bfc1df84b6ba,True
343,L12,3931034273386833142,9c21ac9897756928aea1f884163c8e0e270c2a22f074e798627d652f15721812,True
343,L21,15750000463725935922,1313a0c0a8d1524f53b66bdd9a16c9cfc3cc5e486c260aaa2d7a1179559fabb8,True
343,L13,11992920315985393836,e65add8ae758f5be698e85f11d794fd78835cfdadab18104d149d02416d073c7,True
343,L31,7081100597849497236,322974a78b8973e3f475662395ae303ac243991add029d9a950a26bf4e37e8e1,True
343,L23,15650832933003283921,8ef74e84b7b61adada188dd7636fe73fd8875c2e6618ed89e0ef4571910913bb,True
343,L32,1639219874525421912,a97690ee8773f3853b68e2188de3f7acbba805584fa51d0afd175e34cb5a2a69,True
344,L12,12376873839813241935,7c5a8a4af0ab54f8ae4d29105291b314280b5a45f4bb5579bb66d52affc200b2,True
344,L21,15174572479782409073,3c362de0bb5941c28257e840fe2c541e1934eabd9696d86d31dabfc2b6877109,True
344,L13,13640904418257790487,cf9bcf51742de54c2796dff95b13c137d312be924e4c2bd96468a71f70859ca4,True
344,L31,2321256654235484266,1b5bd6a8564c1a95272b71fe7075084e31f8d640bcabfec4aeb9a5bfc9694584,True
344,L23,4722135156370348066,a0a36cd1dc8900ef732044df6355ecca93f0b202c2cc2fb04ed29e8b6165eb55,True
344,L32,11061578015450142004,53f60cce61264f5c1ef4bbbb60c4990f50b8cc0ffd078c2f808cc1fbec82c57e,True
345,L12,2984324576780276255,5ff25849e8ea9f3a2cc648a0e40061e964bf8f4da211f4fac3a997061cf56c81,True
345,L21,3165650698898067374,6d97724829bdb04533569e885875f79fbf3e61174fa56aade5ea25bc08fac03b,True
345,L13,14533026596152935901,622f1a0ac202a36a1e38011203a93897333cbdff6030d251f07966b27bfddd7c,True
345,L31,11512207422941963615,24fb4bfc8d0227ab07155bdbaba5759a7fb73de64d289d3ccba2687aad4d8289,True
345,L23,13934318709210318788,01b57f84561a4a0663e31f9a4ee36b9da405db5bf43ac58384a4878028342853,True
345,L32,17188560769326794032,1c57346a6fed67da2d09a6c1196a34c636a2ad426340717fb11fac9972e8ba37,True
346,L12,7087375125646950059,6c7c867437f3939e14ad4f939c0f1c83598014ae13d0b3ca1d582f0ba5d60be3,True
346,L21,16144274190931627369,a702ad90f2f0bf05536b82dfd273825b7b6b493882b9fba10a01f4d4371d78e9,True
346,L13,5290996413784136772,318f061485cab43bf8e7e1e49205aba71c6a05d2a04ee9a3c76eaba6edea651c,True
346,L31,17622868484601255103,5f2e172d3034b4e5db39855c534d71138c4e6a1067842eb5c3461f41788951b8,True
346,L23,2474327658992834759,6505c8cc5250e1402524d1dcec71479acc59537ce182090b1e9c833f39ad3055,True
346,L32,2343847826666966287,16f889f73115645a17b1e5103da89915ba4110e87f96b3414d9a9b31690bd322,True
347,L12,14090605777630189595,15426c0d8ef01a96976e5a150d4c7bc879b07b3c1d8e5ad79dea21d580ea56b9,True
347,L21,7238611322432517544,614537ccf45c4fd7a781e3dd3196884cfbcb036daa5467701c3b1f5be9ec7ad1,True
347,L13,9195504461373900517,64151d4f2a388b6663326c0a7aebac00424d9a800c354bcdaf6ed5bbb5386647,True
347,L31,4430327625923013224,d712f23872ebeed60bf1b25cc128019e1643ceb8e99bfc18685965279c9b3dd2,True
347,L23,14991755173977299719,ddd52ef402febb305553cc347b8ec0eedba39665f1876e277b81d7c6ddf3f9dd,True
347,L32,18041751644935411330,1738bb2791cacfe72dda1c64ec87608b991a44b31510d3869d095172993eb5ec,True
348,L12,12041585536703649509,af699bd8f2bb3f527e936fc8890305ec2eb15980d209951bed089fb6697faa1f,True
348,L21,72876324283852055,1936395004817b97bfcf73e187c9127ede0bb46aeacddab5326d406a12db707c,True
348,L13,253157541461263389,5b4147fd7b87d200c600a35d81e6c005a279dadf11c5af4c221516d60104205c,True
348,L31,11535612398373416743,26e4266f80d766567c09ab300f3c2a4b3b03ae27636663136351ad66c7b4caaa,True
348,L23,5382598487726398781,5b595f781aa7ade8552ffba59c3bf7407d306514b29d1f5f81a39c22c81b82fc,True
348,L32,13326547235864823835,56eb982195c49ae63836e011d797c62ad58a66e394031a570c3fa8373c5f354b,True
349,L12,6884188866809589506,37083069085469c296aa88df7b3fd08d2194003c85327a55c2630316f57610ec,True
349,L21,1610315558652865855,5bfc11474223ddb9450ce40894a9b02d5097c527303948238cb6302052cef23b,True
349,L13,14258918778043792096,69783e0c2f78bc2513777d4e5c669f4b73003d5ea0f1b3c1b24ac943ba1645c1,True
349,L31,4204055038604537016,20ee2dd98297ff53814169c3a7851a2bfd2ed7355f60d88b36bc8dfad04f0430,True
349,L23,7068021393387228771,a0981d076e07a17559f05065ea996e97a17eed7479da8396acf877dca0dd1c46,True
349,L32,17687190691831788292,72d6709c5a8d0520875e96083ffa8b9d951a8c61963159f58f232958270a9cde,True
350,L12,5779673634817223987,88c301d884eb287906e4c25901334145ac0ce730f8457284fa835ad4b028445c,True
350,L21,4997966400188053789,5d081b6954f042d57912c052820eb1f4baaecf5099121056e5a7b361e86ebe29,True
350,L13,2518406762743170005,d50403315fd3283dd74c7f86c1659fc2dbd694a90e0e52b88e02b666baac4e68,True
350,L31,11875270490468832039,2258da7e5b44d21b48053e6c424891e1a004105e92e819f158930fafb282972f,True
350,L23,5813182479543342598,0613b63ef2d5332bbaae8d2544c8d485c2aec89d4aaf9ea903935174c5c6f7f9,True
350,L32,14386786590406301782,023667dfb9378744e93cd20c96897bff2583c7ac2a6eaa9c8d2069f0526a62ad,True
351,L12,17298223029955049842,792408bbe5f7c32b3f174fd991bf365eccb99b3c5888633e4065f06eba210e6d,True
351,L21,152429488734245586,4ecae9cde7a256aac0fabb595fa7350230658f212c6d51f7bda29b8c83799509,True
351,L13,14230773195144399249,c804b45373c553de6ee95a7b199114740be9a1ddce50bd881a0ce21007dbffc3,True
351,L31,15003441335106550026,ee648a3f5f06cf1daa9e78c006ad926428436b5cd42f2c72ce1abdf72a0e756c,True
351,L23,9376016219456767908,6bf7884db07c5f3e69ca9d237eed18d51095390b7cc80758b3fb6e454620eca1,True
351,L32,17562455930423445283,5572cf59c24b9382ff7369db082b63aad8542b64c3a7d30b04116f5bbf0f61f0,True
352,L12,12154713633809102374,e37198df49f34c69b881c0e4c78a48813859bccec51e2a7369e878c5b3dce99a,True
352,L21,17270658875003921675,d597dd7738c12bc1f5f92b7dd92b84029833d06289f8b281f51b9770c7e4583b,True
352,L13,1697478166298383030,49aa1a11a04596869911ced8e02052d535ca29a64bb9975f1f8861350210b59b,True
352,L31,7922337508532384298,23b05888d73d22752588b1d45268d624ebbcffe8c255626b5724e7eb4d2e15fd,True
352,L23,9519420164331135052,a2de547556aa4ba5acc698a1188b65f8fec0ecd598efa77b3da2bda5d0f46870,True
352,L32,4461210168283192027,9367a89c834f69165496bb4bc848feffeddcb7fa9623fa0490218f3bee123864,True
353,L12,8050587800182286977,98bff817e89fbfc5657590a648bca68a00408ce2c8ca8b3df11b9b5cb9387432,True
353,L21,5871384552626735132,7993e07d8c5fd7e5b961bc02d32ad2840f31d23445b1e3276d63ad9efed670c2,True
353,L13,6353671367066730198,eec624d45f9710ce6c9d0ccf990352f4b3a712457e2e123f953f0011dc1de8b2,True
353,L31,5254307145032070333,34d5480a53b8bd523306d882ba22b1a23129de1f25b1501ca95cd5eb3dfdb833,True
353,L23,10628713814246179742,b1af9b7e79a81053426f7a50833325614c47f090bd80584429eee781c67e6366,True
353,L32,7673435254444690659,dc5dbfe9472fc30b6413be200690f4ed47a1b5abac7aba7ed3da8017db8aace5,True
354,L12,11325478793421494665,c0f7f9fcad60601890b30f313cb6d6ac77ac73efbbb2c01f640b89333011edb7,True
354,L21,13963440505735504737,a3261e4aec831000a4f594eaa4dd6686008065b15ac854d116b7d50c00485daf,True
354,L13,11565380965076951223,7f8cbf33014894e2e8707e8d815dff896dbf1ab7da3321366264c850ec561c29,True
354,L31,4216309361244051718,41264f7866bf646aeb41a7a256670a6a373f1bea4ba2b322f78068b810e1c36b,True
354,L23,14868744211426974934,4416cc72eaff9c6a5cd7891208a291ee1dcf5534fe383c566d65e2236c15bdd4,True
354,L32,5486746601962844497,fc01b82dace1967a8e81754bc8003535b04063918edda2e70d30b3b865d284f5,True
355,L12,7998236086157013705,67b0fe6bd83af8b4cc35ce2c4de0596bae55b56949cc36f4fdc9e1129a3c4c1d,True
355,L21,16699866292750582482,c6435c3b7913c5394e5f3f99845b45ff53aee6ec09dd25b4c2ea7a306bc6c025,True
355,L13,81988027199104630,23f9a6dbe385b47dc14000c047f3dedc3e27cdd290ae6bd0d74468fbdc523bbd,True
355,L31,7040051451570231737,34c4944f87fc68fb776ca267bba83fda1386ecdb61f9e2c73bc0e2399861c6f0,True
355,L23,17215380175008032744,d73c639b9711210599ef02a8bd58bcaf9f0b1d685aef83ef8bbd8a0eda17aab5,True
355,L32,3116737158255584317,04125171bf862d185e693e62069a436ed7baa5f0a580ef49b7ac570bd2418050,True
356,L12,10624437945035381071,b1c676d73a3546e422c60c604a5914e26a4e8548355c82efbbce2fb2d4cc8a6b,True
356,L21,5606370809140183314,081375a3daf9fe326469ad5937e85a298d1b99f7afe5d493b979827e69d9d90e,True
356,L13,3026905546866909397,a2054447332694693858a6e08b019148e72db276fb953d0fa48683665aba8b6e,True
356,L31,12625764493321749713,cf80efd926a13c919a5bee7c83fd9967d1972ecbfe504c5e555105fadf225cb9,True
356,L23,17930594403521289053,4492ca18c6a4af3674c1fe71a0df85ec468a8d4b2c627d8d490c34b637d7f325,True
356,L32,4157211207250988758,7d44cad2292da51c84faa566728d3edcb1c5b6fada61292ce3217439f82a6895,True
357,L12,14484934480199021137,66805a93722bf9bc8a1a6185b823100e6cfe6730cfde819513a4cc8281678bee,True
357,L21,14984424818190217837,260278a60a00c1869612db238aa9ea49d225a25b886e90a4ac9de3b8127f9987,True
357,L13,3625967299624346886,af94b16c84243a235becf37d249e0bffd32185f5f1122837d525b5279b87976d,True
357,L31,13030713552174585089,8f3416e9201c0c99d9f857f31ad3ffff6cb67d748ca032d39622789b8bca72ea,True
357,L23,6016423687396388695,fe7240f04c00f41ce4c4c14f7534882b39bec31688968da7d0e72de1088678fb,True
357,L32,3851458443902380935,7b316002cbc37ad1ddd4f4aac553ab41dcac79aeb18c53e48692b81bd98258dd,True
358,L12,439067126343396248,289c8a7d9e4a9d188df9345ae37bcf854f43fdf1f1e3ca301e42c5d7cc2339fd,True
358,L21,4721895241712045889,0e123e5267bd16aea5680e5402053d23886a42379bf7d650680652721a81f375,True
358,L13,9024825688431023153,0ab0b9050bb9b3e49f8433ce27e0fa5b51686f6bb9ac83237d2410675627c00b,True
358,L31,15461403694179971733,c97cc306ee3f598062370cfeda0600ac54ff1ffce2f86935511344556790ab5b,True
358,L23,11794923280056044134,69f53131c06de3c0e68ccdafb617e401f937c5e58f6d2a76e6de8f144b9c7e7d,True
358,L32,15331734480138697327,a4fcc472497e52c7c6c1e6958b697ccb602a4b2278963d35b1e7de9ed9409b0a,True
359,L12,8218491932202588594,3e6a1e0db3f5d7cab9ff7892d511d8cc22eafb3188150371a2e444c63488f8c9,True
359,L21,1458910958998174142,d2817093595118192c4b5b21580ec03c54e82ed21d4758569c34a97e4f85e553,True
359,L13,1044211595753954657,2ee984e1745266a06c1f24a722135fa7dadc0a6129c5507d335f6791710962f9,True
359,L31,4248655273114247009,58f7fd6c720a2bcaabf56509ccb8b36271f32539b1d1a81bcf5c44846669b17e,True
359,L23,6395259419693885265,37ba26253a91555d8f389bbfb409186badc573d6e6a701ef26a86d67a879c45a,True
359,L32,13027629554256325727,3acd43f240c563938087119b089ae09528655463d8f138fabd2fa3d2ee472d7e,True
360,L12,8479697773706050043,ccae203b8c85c151f10b2a58bc16b5883be397b2699e73bf44c4b193cff48012,True
360,L21,4077991399566787766,7c578d77a765079dc049d3ea07e4d7b830dc654e8b80ef4cd3e3c7a20d368df3,True
360,L13,731471187771290426,824d442434804788319843fd6fbc6c6a358c9f049493d77bc5c1746d92a011cf,True
360,L31,2075841783610380214,daee146ee00b0344f1ae9533e301ff0bf9af82c9832bae1a09f39ffeb7f2e21b,True
360,L23,488584229485958407,604966ab1b1af2362d61c67be0de693c3f685b9995d1a815f7f5cf1f9527a3b6,True
360,L32,3364820965092295588,3bc3cdf61e049130b186e7f1d8fd516285d323aec87067a4bb083f9cade49bfb,True
361,L12,12837473041879918646,2616d19690c862227b39f3b86b6451768fb1ebc9b8691b7806c0f92031d8d881,True
361,L21,17729173866886427665,5adebdbbbdcf4080ac4428a4bd44fa72e4cbe05a5afb191a12338b4516496ea6,True
361,L13,17437573041412827490,aec1a5f1148bd1194f5083d3e8ed226ec91ac5da93730ae79e8240a6269879ae,True
361,L31,13411266314391464995,65a16d07d4fe9ed90bc79919a766ae8eb975ad3f1c3784810fcbf8961ac12352,True
361,L23,9001026878090244347,d0b9b6975af4ed7a51e1b096f7149c9fbb9d999915bdec46038e3f487b982ced,True
361,L32,17620889868297219180,2966ca87fca3733e8ec3a6c53dc8ba71ca0c32600172903c2bd4c8591092195e,True
362,L12,742354777215806516,1a8f5876993e93a2befc9a0fa220d0359f7726780b33c7e8c2c328a1fe464ea6,True
362,L21,12247396367428112121,620bab70a702e1bb10b6910050b57575523050532ca9b789619a6bd5e400bfc6,True
362,L13,6390594829555192531,5ed402582dacb90a537c63777900b09e00ebaf4fc5e057c0773bdbccb06ff494,True
362,L31,11032301927326788105,63a5a6eed47dd0c543c72ea61ba5119629c8b804b3a24a55bcc32fe016c4103c,True
362,L23,17303067818961259637,0230a43b3322581367c9afbc5a2f3c3aec50964b2d4f2791200371a62b7685d9,True
362,L32,6973678262320049447,d1d0dcc538092cda6050ae18357bb7509822a7e05613e9e8558211d191a9e0a9,True
363,L12,16831653330255163641,ce46774fd42c301fe763e36a0e911d44444e9d966cdb64652efef32c667d1e0d,True
363,L21,4891449313792749147,3dbe48e1fc8901104657bd42dd7f62ae277672a6a58a2b1e1337f03fc08dac65,True
363,L13,6048892099002316976,2137c9de2f16d330df3d95706ad6b510df87b5884335a7f1bae6e3181073f17a,True
363,L31,3680186006687278243,5c95aa014f84adee9e9f89affc528e2582dd25311ebbb8ee3b81f00608158c23,True
363,L23,4201136309844807321,c789dbb6730f53c946a333aa95f42a0345615febe0bba22db58c8e0d2d37210e,True
363,L32,10857427411138330841,7dac95041c97d0a81a5b3cd7ab3947e13c116deb534ff07b9c0db5c31f96c7d3,True
364,L12,5611761008210546802,1498a2e7129b75429d56a71fa18d96fee834edc3835ed575ccd50304a5ee0e31,True
364,L21,16511488081110827907,a7043289fa52ad538e873b63dfae398e1d0403c353561d7054471b8ecfa367fd,True
364,L13,17084086801358148469,19ea429e7ae3c86cf6742d3fab2c79d9ed03beb24e5376df6ffc01e3b95934c0,True
364,L31,11166869391947041210,da955efb7b73006afd612586334f65fd6718a67fbe0828aa72de5a9b527b93e1,True
364,L23,356885072550201265,90d2c307f1afe7925f0fbbb9a097abc250de3d2eff8f6545c21a44108e494bee,True
364,L32,7289755405649016114,8008887022376a1d0e76900e1e594fd1b6b40aa89d714237e7d5c2b1b366ad99,True
365,L12,4968317474985927071,1615e1efdb196c04ee5d299469a3de90d11a06f01858b44564dbdbc80c34e2a3,True
365,L21,4260482240938011032,d01efff78ac4cfb51e2ee623830cba0b6e9107d4da96c480c71675b68b8459eb,True
365,L13,15934669332141338382,c1e5988f96cf7912d1724adbdf7558b9d3bca72f54a180dd0d8bdb5ea60ce78f,True
365,L31,6853969209190863171,9e1f8a0e58d62cdd92c3fa9cd074468f46a67057d609a05d055b01570a25191d,True
365,L23,4028084974297319713,0f1271a27d412780a13efbc7cc1637e963fde415f74f456e93b048c7a02fea75,True
365,L32,16073595610187803811,1cd8f6bbf52094c0fef6bb2e41f14afa41446bbdd8f6e257ef10ab6d2ca0e08e,True
366,L12,2440129980527269912,a601a85b83ed1c981e3f51e5f56f488b9ab58c7fc0f7faa26de67f39676b79e3,True
366,L21,7975940577408386883,db3f486db6d990228218d9616f1136da4eb83828628915aa02ec55c7794bb754,True
366,L13,6865312228887030147,685cfb0f7378211690eac9ec93574381a8f8cc7226f9ec41ca925c3d10090140,True
366,L31,3360926633385118953,91fb11d762984e7d1f9fe6ac3f4a167a94b3c9b0e5677ea2ae7b6982bdf34c1e,True
366,L23,17848070468970209248,2e2c52e2d825c9e3746513cea55746a607a1143cf8f600fb606ee4053659d108,True
366,L32,7846842908342795228,b3bfca830e9990f6701dd3d7857737d97180ba87b9b523dedc707ab67b96dff8,True
367,L12,528370469855585235,63430dde926b08b698fd93a20929fc7260243a2b34839e169bb16333493ec510,True
367,L21,7013920710917556050,595eb1f01db34681b0921ff42bdc70473b1d5c65bb79191a398c2d377978d614,True
367,L13,13573883687165324791,9b37d310385d43ccb8149626e1055f6108931de297c3dbb3c8e1b1840a0484d8,True
367,L31,5425912725756458626,e152cd6337e339cd1f16c912d43efaff2cd252bad89ce4e0c20cd56ec10c5815,True
367,L23,8261462749283478406,6523fc0e0741e53fad48ef97572bcecc4292ba0f10cafec0101ecee565206811,True
367,L32,17163393653391874103,312d9b3879dace9eefebe14a0da3bdc62f6be68cffe47c3570fc626da318b7d6,True
368,L12,18209412840163338899,89b2ed9da792d8f39bc4c8101ce6bc3007c756b072627b4e9adf045a0c9d6d7c,True
368,L21,5378716485420725728,78feca0331398e086b5e994df22d6d63233d7c243dded9fba678b2c89c68de91,True
368,L13,590977150019840520,547230b73e0c803be8567e07b8794b125c12b8dee40f2d68632ecc9199bf2384,True
368,L31,6665291329863761728,575555626a39acd19c967f169ddbe64b7ce0eb6eab16cfc2b411ddc26ec01eda,True
368,L23,13037603941827430197,fa6f409416f72baadae883e49daf5aefa1b51ad584e8c33570ffd6fadef98350,True
368,L32,2524399882807695490,8abc5d9b03233588a65657e9af5c4dc05dea639cb9f719edf9f0c928e133816c,True
369,L12,9279581146234717548,916271d7c2b253903ce2638c70ffcd424cecd72f7ad3bfc6c1def9bf601ebf9b,True
369,L21,4016296042199478757,8263a42bd10bffca75adc29e62ea2d033824845d4e92c13f3e6b65f6bf2349ce,True
369,L13,9252931543147068623,05e90ae6f04effac6c66c630de0884b3a8e3e823fa886655fa6e8b41e81f1029,True
369,L31,4765888213332462201,095d7564284baa3ab626189aafd921289a33fec9a9edeac4ac59de820db41722,True
369,L23,14871731172856451449,31440c0d99fc0480f7427ee28747f9efae48dbb1c1a43a2e9ad3ec035f25ba05,True
369,L32,3292058128499446690,2abb6b743a5e0652feff61602f8642b03b13a02e35bea9bc0843116168f6d31b,True
370,L12,7358254410766136696,bf9f8b18c96dffa34a60db2fbb73432dee83355e1260cae47e736ff25e1a918b,True
370,L21,438337880311013416,21b78ed0f94b2bbc04d4d1716cfeae6a69cc25e6bbff20674cd26dba9c440bb9,True
370,L13,9582613815302828168,543df2b91310e1baa8bc7706af5f7493ddecd615158fbb9ed525525fbd5adc4b,True
370,L31,174849764328696277,a3cb9c1215647e44e823cbcd01c6993fa45d2e1b1bb739768f0d557e2d7bce0f,True
370,L23,17174007599118627832,cf0b4003e6f4efde7be149fec174e81025ddc1201fce6ce8fa6ff3d5b432a1e7,True
370,L32,16571587702087876918,6ac0f92629272b587b580f409927a682a171cc7dda20240f443a1031f9416f54,True
371,L12,2535024530574648559,cc44befd03737d76e3858de3981bf2dda1e54681ea50d134ebf750f5545119ae,True
371,L21,12876844592263784950,0e268f46deb91598ebf076317b4f4946358c24a843a2f08293397ccd082132ee,True
371,L13,16187934893483789361,ce9f56f79568695acb7645598c22648a1b80f8fc0501b872e4cda7a7cb28669d,True
371,L31,8035456613059323811,661354ce0713acb4747ff2389c43aa3f6e7f0a21e88a383fea57f0341af4d71f,True
371,L23,3478975822718543201,d85b73b89e2c099c929694c18a6968ed74ef2d26280daac080eb198b9d65fa4d,True
371,L32,5723027367777156917,6984e8469ce7e4e1d323cf373cc9bd672d35f19966aed99d455588b73700ce6f,True
372,L12,9432209541305385503,ada4052ae998a923ad9275e9f2052b7247f8a611bc0c39bcb7e0e8ebf5825ed4,True
372,L21,7635180288065186806,078823cd7004044abc5a1f831f1a7f280cfade653c40d10ddf5eabd855c94acd,True
372,L13,8291506980579211796,9ca5fd1f0f5707b9346d0352b26c82f50dab9a979eeaf444f1734afb0714954b,True
372,L31,3175646984293919950,6981ead5814b7a2bd4d3927f9a07a20cce5ef2bcf2ae4e4a1b67c3285c266dd0,True
372,L23,6502950847935489436,4a70212ae47927df91ab43c1d5e379b260756e06175d5a2837011e929d7605b0,True
372,L32,5593206366038667273,1c9abf08d71c5a45d59c142397c9824c69f0a3879c963670aa4c40692e9b4538,True
373,L12,15407957840755401199,803439e6ca4f2a6548497551a3d235d4ae5e3ee585021bf8d706ae67447b8d0c,True
373,L21,14217649631063033402,8a2751b83c117f0951e6a5ab449e6be09188173ff1a62be7d32f0f0b4db401c2,True
373,L13,7571041104959220459,50f33755b263a85c72b29e5aa030761810145903cfa51006587f8770e94b2340,True
373,L31,5386193446715489505,c73b8b5852970e5f2f9cc6ea5f48a73adf6ac274e0db3a465d3158d21c8f6bc2,True
373,L23,11358089734723756652,417ac0c5f8d24c1f0bacfddc743f940c76110d9b46ac7fad3a7b1ff18baead08,True
373,L32,12790627712448807106,1a121b22e03bd1903aece607e80455c1547943578409ee31e0b325e238d04749,True
374,L12,16452429675423166988,a77935ca8b25118dd0c7f41029fd5014578062e1a8afa52009598964d241ae28,True
374,L21,15347105462390820146,2adc26e4aeb71f96ac414f5b3fcb1983a3affcd880548e17c20a8bd500b5fb7e,True
374,L13,5603521090458210357,5dacf16af5733c3cb433bd8216267fa8e62320a397a2e89b39459dd4444deffc,True
374,L31,17244731716152119350,22983c1f789283f21091dcd2e7658d7a72ec03e0f2b407894e4837115034aae9,True
374,L23,3843742178742552839,39b2fbe761a149965a090951e67bbeffab60262b816f19836a5d13441a582e06,True
374,L32,7629124200615195492,b873c12de7535c115cbe8fb4fd5b5e6113ceb3538a48989b91b24dca1fbce71a,True
375,L12,9831141406682488871,d00f7d514ed2d36c1696d28146db3f284910c26096ad3ee2a12f45389b058c07,True
375,L21,10765615111308328143,8c39217b74d146cda34394551920f35e42b233fdb8e109899515e0adab9edcd3,True
375,L13,9805860666283023222,6a7cc39678d1ca244d92d2acc8ed0f6d79e621e916c8441d85f9bf713af28c4d,True
375,L31,16637814268190829791,67e8aa24218fa3ad6e54b83e1520b8197c8cf499e1858b15695386f52b80b7c6,True
375,L23,9484899591972983968,85aa949f074d6fd27e63999c19e861d93f5ef208bbb5e01fd9d311a6af61dbe3,True
375,L32,3273617247748702488,bd0cc552367cc304b5aa2356ad1af523df2248fe818b98d4cb6c4ed61f0bf883,True
376,L12,9874553511800206526,165b2ccb9395a710521844abb8ea209d3b505ed70056a5a447ea907005ac7873,True
376,L21,1736213411363164858,99257cabb27f20437c6e578627e60fd2968da7a3f0850462181595495109284a,True
376,L13,7167069215044545430,c3d7436e29bc7a75eff9156a6b76758f2c4136d3c02243f8caba08fed639ba16,True
376,L31,12477221539202195482,8a7fcf880f619d5939582b5e43debb1fe76197d7135a934420dfafea5d4cb06e,True
376,L23,3536349204437716483,a78acc246145c5355faa427cc87c8c77641826a1b592dabb56b79a2873adcc29,True
376,L32,2581913621048403340,8b3c855a17f35c668a066b9c56ff683cee99f836ee9d32112486e25a0534f5b3,True
377,L12,15133995782780696586,72ec2f11541ab0944f4738b4b0e816b56f0b635a30315cb5e58d3b8811ef9a98,True
377,L21,17662935359551075219,025a21372b35023f3db7296527900534d85d9f1a632494b413c4b3b15fa50d92,True
377,L13,8886006753222181553,7c8d581814e2afe166b4f5dce257f9128ca6533b37b5d7527ba383a59a874b1a,True
377,L31,2595329190519540853,49963d54ab7f9f6a6a3e0e953a7b329ae5bc18e52596fd6c4924728adda3fc3e,True
377,L23,14834864680668303538,30f51e2905e8bc592754e7ea22db1f9727bce11f1bf484387628cd91b8ed5ba5,True
377,L32,15044494317069716246,7f3dadffa7f3330c0fc039ead76bb5ea874d7c8c7ad79d488293f8b4b9c58554,True
378,L12,5720534369031986496,7cd965a95822a0a6bcea930ee613fa752a39d15eca73b003effe780a7a9844ef,True
378,L21,12565135869954836977,0bbfd526e86804f116c4021ee5ea1dca4ed34924af2d045d1c65144f6f043c48,True
378,L13,1758497755975823252,ef0a2939b0e3f3d3316bf79fe551c79eb838cc025c9320d922e1a5f43574ca6c,True
378,L31,7966035393511232956,86ed761e9568fafbc4f3999be4bad1fdc8d3dba8ddce34e17d9763ca16264ccc,True
378,L23,9225415098464138271,bda11cd7f3fc3d44d94f2aff9cbf99ec9ac8a48671d911b3998c14c41f6070e8,True
378,L32,177763465648126787,51e49bd018d4392c2f9b8dd11f02bb85a84218b18a1c388406c9a6e07442ef8e,True
379,L12,6165350082386635835,de06b396f9f6b359531ffefd9ba18ea20906ff940a0040d08e580092bfde40e3,True
379,L21,9937054557248175525,f7dcaa914be10766696f334f48058b90fb5419e2eff71ce71d800e159a510fd8,True
379,L13,8475343758373482391,ac5446ac29b44c53c05a12a281659461fdb2a8ecd149983b375f2e7741c4b508,True
379,L31,15077950319287597331,36bfc92c992ca93a0391e9d98b599d127846d9c8e765186ace35aaf0b9d6d5e9,True
379,L23,16763574006411139913,2fd6cf796c69ad4f585a53e704557e91e11e119751670dd1237715f493655d9a,True
379,L32,6712981633619960804,806f155c72c87d61835a6aa4ee1433e245898ab8b08e5c99a7d336ab83be3e70,True
380,L12,13425008375988419683,230340e71263b6a8888121dbdb8d53c95313e02c0f6334bd9c6a99cde29e40e2,True
380,L21,3017423793881910076,efdbb2de6445b388be893e45d406a528701637a384c187e8dcb79e5f8c769c51,True
380,L13,11477033650179298841,6b8804a08ef0a2a7f74f655fae7c7693ef82f753d1d07611689f664230664684,True
380,L31,11417140014514986427,571b26d16cb824c43c13f5dc89639e2226daeb368b77d21612b4491d68047fe3,True
380,L23,6786149121676298433,0bf065c6900f350491258f1640dc1a135c7e9a460a232e7c7742725530cb7a71,True
380,L32,18276606038085992222,ae830ab3602c098e7a220a1d0d9076220e80fef8e0e66a5a11d83391e3b80432,True
381,L12,7975160688595484457,187fe8c0c47c05947e12d60fda3b14fe02ad03a30547e0ebdc765e04b07f6417,True
381,L21,5352086938479320193,bcd5c1e939b208357e9a0263ab54f6b95a05c98bc95252b0c289f8e916837229,True
381,L13,17024665354334614186,12e54530d6d25d590c0d79b20f3be5636fe335ea81a4eae9daf0469422d98e1d,True
381,L31,14714172264714645121,b06c3dda1cd0aa6fa627f390d6db0395ffac9b9893dec47f1122448aba7eae20,True
381,L23,8378685346027429239,d0bd22eee2c35863e674988d5ac14c52e1ad4fd6cb7c0bb3fe0cfe0407a61056,True
381,L32,17047510128958953196,e422b08117c0f8b5be3aa8b7b855564666d0bca7e3a21a1200cb28db3d86ca87,True
382,L12,5723715490738428757,d6adcccff69f6a92e9aead849d2a7203432945e7957bce7c92c7877c1f151d85,True
382,L21,15221298856507123565,7dd21af707c5dd60f2f5a305f925b64a5c379f03cf0f0743c0aa143b17f0fff9,True
382,L13,2818980010534731599,27a2c71b9a233916dc7cc1537afb0c57957f04b28c2c92b04f33b67244a0e114,True
382,L31,3220438047735834800,15dd85e9348f177b29af2075031060935ddd298b3d1663ea7430c4fd96be9850,True
382,L23,8692111032926512828,fa98c0e3fe67be170e4894487ea5c0ee7b481ccb5dc01dfd63214060ddf87ef1,True
382,L32,6522717297598621,e5b5375ac055da2270f1a855a1b9a3fd02c15eeaac35d076cdb576d083876a34,True
383,L12,12622350761525757352,43dd1c3e2c4f458b76f64eee501c672f671f83c33664e6fc3756bd181b516010,True
383,L21,6554638519258486442,12dcfb436d673aee83fd0fc82365aac30fce30d3bd8c0d857a09bd3aeacb3175,True
383,L13,14362106363916134292,199db03823cf953519f83e086c503df85ec5da5fd4c0f74b075f4eed96741900,True
383,L31,6296189045877462319,3c5216670cf0e063de6e2dd92228d78b2d408e8fc89fc82d28e59d623fbf8556,True
383,L23,7407211246612675932,4d85a1547f81a86ff84ea47e351510958781c1dee88aa8c18aa37fc4e8d02830,True
383,L32,11803597109239544977,98827828f338a8457f3440d11ddcbb00a1426dfcf595d70a7ee3b10ab2ddcd81,True
384,L12,95053541721909043,80de4835d25c2813e67ff27ebcbbe55a7cc6fd27c7adff5cdc911e0fbaacd1c3,True
384,L21,14994583243240429959,c04a27ba10d6fd80baa944b690a3a23b91aca19aca7a2a80c8514b8a62fb97b0,True
384,L13,6104628380107288554,3334ee95e644fed98d983bb6ed947dce2fd0b48a9227cf0724772b7c966d7654,True
384,L31,15237152972092152346,4af927ec36ed1d896c2d82de8a9a66f8e23725be4b5373238b274a45ffe16bba,True
384,L23,12248170242607394163,edae0a46fddb7c051995ce56490d90dee80d089663babded04d266dc4e25c4d8,True
384,L32,3947137304785278687,f2edcdc8b11d23e731755eb46b247af9fc81388f9e2994f7fa1daa2d578b3abb,True
385,L12,7643189768476766767,e619e6bd734d8329b4d4495276ffbc8f9d49c07799ba075f89d988a5b42a0673,True
385,L21,9267919153999033025,d8933b6b5d391df888a3e5b616719e7ba7939c0c3a85cf405961ed580dd7bd0c,True
385,L13,10769327834310723598,838531ad4f486dc8b200caf8608d0d2b9b9056b3f206c5c7e04c0aa6c1c635e3,True
385,L31,16925644550182016980,7a978c9159e8ddba922d4b025f42d43df87be34436deefe57a5674b4de9499d8,True
385,L23,16780417887524050871,a8b76331e4f5f4b64fa894c3582219ee6b687095d98ac88875f738e58a3c626c,True
385,L32,1591783216234144815,0c47d2b1ee926252a835a3136fc75a3c7d0aa6d4fe3540bb76184d1f75483a72,True
386,L12,16259862310728133529,c3e58137d2e38a76e1cf2d5508929605968d50bb34dd9dea43b899c9b7e0adc0,True
386,L21,495143954940686421,fc0ed942005a3d197fec00c3dd2f505a7275277fc52518851a901ea4e7f0f84c,True
386,L13,8832522282018936466,1baf183ae336bcdf348992fd36dbdd5ab403ae0add4f8515d73748cd17b902e2,True
386,L31,3127801157468775767,67366ecfc1776bef99262d322449f9a508c2028e09aa1cd39e04628047647f63,True
386,L23,230592368345457368,880f85f58a591e431525661f3385b11694775766cf4d1bb2dd770246d56c1db1,True
386,L32,3901183281565701028,493ccd98cd19f84ae4ca290a1d7f0a61ff540249540d905c9a225978a2b0c2ed,True
387,L12,1070904741283283492,4d8f84f7dc7bf8da8a21ba3437779fd20d3766dbe0ca442b79c706ee620fb407,True
387,L21,1871319500140096416,6934bd8192255cbde32116be0e42c247b6a0a6595302940afc8115971254b89a,True
387,L13,6765409490863216895,402063f921100efab1be5de3aa045666c87f8bf7a0744e8f89fb764aa17143fc,True
387,L31,9224363653995192269,5214e995e6e29dcae78b0d44d72de280c7e320a8d100f0a2851a7c9ca40c0f0e,True
387,L23,11715571272973851531,e7e1bb807db53e813426d0f79587bd39941748718840cbe2277ceb1a6a4640b4,True
387,L32,1497470795187461638,530935225ba17030e3cbb2d85c1bb28f899c88bb693f84d3d4e342d179b57d59,True
388,L12,14823491538040154987,9a6e9f80c282792185949ff7a525b02c69507ff6ec9157a1f8ce3f1641555899,True
388,L21,8887797729116069245,50af621f83b4aa791d0e4eedf2dc71554db1e2119e51b74f8fae7b9c11026968,True
388,L13,17266106102171961444,065552c6f3b3b43cfd222d117539ce15ae07ac2fd246198b842c63c61b822c35,True
388,L31,1050801342352102987,4f32713cca5e336bbc33b65b875ffe036a5a80b6b6dfa4150495ebfdcb33de9b,True
388,L23,15212131904758731827,18d82c917d36697d368e82054dd96000941b53b176bbed2bf6fe8185407db0b4,True
388,L32,17893683704201272237,64b7765577a0b6a5e3975be9878539a389d0d218c685bc1555b4e0f1e51fc7d6,True
389,L12,10739079890758065094,3fd0c025f8c5e9924d5f01c975f2f8f371d682de52737f6e04d0c82b61433650,True
389,L21,896985031833228568,e79b7b3c0b6594407fce9128cff62f508ed8518ff5597a489f18691a876f950f,True
389,L13,13934840684851568584,b0b2cd694bee9f13478bdce38387a3b4cce829aca5504aade65a7a61f959a995,True
389,L31,8655250559311332280,7667eb3f49c686413109345b9f7540d1748b4319792d1e1731846e4abe3b4dbe,True
389,L23,4177799544392528357,f669bf8b35fb9d29972b84933e39763873a84f7698d13f27ba8ea5a6946f932f,True
389,L32,13841501276080920066,9d25380b8e8a5d9c109968b2d3b09c2bb1a0b9b300c86b7caaa03dc8b5894d69,True
390,L12,13999070643330723617,106580ceb77f64c8e17177b3f67dcee29e488d78a8430f095192d410bd1b78a8,True
390,L21,15700651876114999135,7f3b13200bb90cc0c94e885277d9a0ba942fb619b8865401c320eba6230bc949,True
390,L13,4314563002465989800,8adb1bb002f86be2e21787da9873938b34c7e9c06d96bf284c86cf7320e9d448,True
390,L31,17432539869412002664,9f3e7e031f39e8186e438bd23707400d25cf74797a7d8dcfc180610a6943406a,True
390,L23,14139260478719346356,5e304eb93b9b9cb8f9374cfdd246655884e516b63ce7d04421bcf4eeef253f09,True
390,L32,4131914784676741187,12713468eaaaddce3a41268d7472fb50c654c043f6a85d5784396d2b16985ce5,True
391,L12,6755439653880217292,ccbee1e089f0f4f7b50c0ed278dca7613a73972ffede1b61b8314fb709d45b50,True
391,L21,5345837384012812320,60a3786667b98e182f91ed47cbacd6fa1a8237868e633be95ce36ef0f3b51a94,True
391,L13,10823411485258583886,31e57a0c312cdd8a0fca60d37869ebcdd1ee476a5d646d3553770b2f9fe802d1,True
391,L31,1281803840189159777,bf495761d52cf5fa8638425f114a36d5d209a4102ae49290dd042ccb584436a9,True
391,L23,3189627243775243500,4e06b00a49ce46ab54e7e8ee3c6fe3bebc818b336900827cd575bd0a90413c4b,True
391,L32,7576532958691253421,ddd34719ee2e9ca323067819a8a02373e467b5b894148c51e3aef0347def6c3c,True
392,L12,3969690233945152037,60ff43379b88b5d517721766c3b354f9e5bdf3eff7f7f0329d03ccba4b7b376b,True
392,L21,5523223328883647777,b9388827006a2e10fa9317effcdda5162649e1f12e09c850677117fc5ba0673d,True
392,L13,518046311080201882,2f81011fcc005904f4a72b1e9e0864778c74416661afbfce3623b4c5984ed293,True
392,L31,4648122172106161045,247f336de8bec61ea0bac1ad63ecc1f3f843f6c8f7b0327e6271236b84ae4a5c,True
392,L23,10068755065978360353,4761ee4b6b22dd5e70a303d12b94508a3e1f3939c59f0cbb73bf9772ec4f6d47,True
392,L32,8314402605379246056,75a8d43b62b77871bef6813f3c6c9d542e4844c59c4480e957c69dbbf7a86552,True
393,L12,3276903998727680214,990dbfafefdc8e01c04baddcdb7e6cf664bd8384f704775199aded4e5bb0d36f,True
393,L21,4543010087869469699,9a6757533c5c56d42b9b1fef85df5133de76febde6e1fc2dff389a2e2f6dc658,True
393,L13,17651846982807265611,55bd46447262d8bf64217c2fb8a94f3e8f6c90cb5548dc06ce72f8b51118ce20,True
393,L31,17754267590276112733,00cb3773af4164bca603ab0b85055f2c8849029cb2a0b62d6dcba8513d463734,True
393,L23,9194143119008255134,113bba6def7ea391e699da51ff0c74ca71bde1cec356cc144be49705f6250a13,True
393,L32,2484138553825940001,d58e150c1d9d8ae0db3e64775bd82fa70e39a91863914274913cf9710a4245b5,True
394,L12,13849742108448492218,9707561865ae7b88c301680de601b565610bd2d51227c147350c84903a10b3d2,True
394,L21,3673616588382059438,02ed91a028c40b7585278419f5da0ca512179081e76db31682836d9aceff6d3d,True
394,L13,3173994224955581884,27af79a7340dc6f339052192ebc8ccd78fdfc3cebe94ba1298a7b6e91123586e,True
394,L31,16126515669015775028,c6a23a06753fd39bd8fd6fa2a8cd4396543decc950939fcffd8d662f17b04bd8,True
394,L23,7160850921774816249,b4af67ae0f1b3370897f2e8227e06f29695d3f9bc6ede0fe66203c32db5b9ea4,True
394,L32,3953001139504039104,e70191c0bce58738e07d2d00d1acb06e9e59d6febdcb58b483ab918bdbf42ea6,True
395,L12,6530401808958135149,7bb9be8bbb49ce651366fad5171e0d90eed4872595773cb6a46d812fe757fd55,True
395,L21,16774828353868870233,0a495b66626ad6ac491426e86ac6cea378e1965ff1b4233f179483ae53cb23e2,True
395,L13,2352706045893897496,2d3a6c253cdab6fb186c69ac83d49b912e3d1a0fa8ee28b75c1b2105fbce5fc0,True
395,L31,566584618721845909,660de85288b11c7f8ec4c71d945ee097f2f10ad628fa4bb17e73e8fc155ebf19,True
395,L23,10701587472900204689,58f8d0baaed7648e20051b03a823cbb8857681d471a1902c6d975b9066286cba,True
395,L32,3235176596596608635,e6689000d80e3ae74e380d3b933b12232a3fae0cac4dbee0449e21f14b9c241f,True
396,L12,8812323832882026421,71174a6d810b2b94918eb4a14acee0517b3431d36eb0a6d7ac7be81ddecb976d,True
396,L21,10545657239990604386,1d140549dc01adac4361dbf0d08f1288fbd721c7f399254766c26d76c8dd0619,True
396,L13,13286242193812625093,8b89f232ba95e41cab93021e7f7a388d4d23c065bbe6824cfbb4eb288a9ee7b3,True
396,L31,3890853933229182849,29b66064bd7bcbd973f2f517fac4ba0f024a5d11b50ce993c0df9567b0fe6060,True
396,L23,11594109229933408251,52eea95b1e753385f649e946650ab4aa3edb19cb081cf7d8ff8b7f3a03bca22a,True
396,L32,11823646872130158553,00853f7e548a08ee6024d2d8b13e6c63bbcffd51adf31a312e1ae87011439161,True
397,L12,3461975482295827202,611ef872a831da5b7671bc0c0dc782e672d8365d38ed9c649a8f9ad1c61f9250,True
397,L21,9516810685590688028,f91b1231aa53d377e5b163bb367dedbef3fd0e2a4082f480cbe55a856806cfb0,True
397,L13,10807035304082476928,2a14e73a73520d11824a268924e9254a68d565ed7e63873f2e80aa9c3b6eda49,True
397,L31,1299055507625168765,6840ab79a1b04037bba3803524ac77b981fa3bae3b67ad53c578fbb67a1bc158,True
397,L23,2950699749529647959,05ff52e1c2d48fb3da5f89a34d7af68b2d097d5cc00795d5daf52bf1196e4b30,True
397,L32,6374610625119882932,e8597220f14c250ce3db6d4ef4d0803b1f017db2eea3e4f996fe3e8cdbc4fffa,True
398,L12,4631820980960063074,9f79532e569e9a450ff09f23d4f20b6cd3fa2f99c1b26fa3904c4c5e8591fc60,True
398,L21,2748001794808712167,a9b7d070d0ff78ed986046231ed64c5c3c411bcd37ed966ebbfddefce8f491e7,True
398,L13,152373417416594594,c4a80b07a668391d6d564527b23cd619e247c6cc57a1dfc9d122058806bef447,True
398,L31,5650382368344510711,656e7e6171c60f426b1769b88090e06262d36152728c78f6079178b876f34c6b,True
398,L23,14439298767337953568,0801b61e93ae8fb5e22ef0224d139dd428fd22ab74d5719ba4e061e785cbfb64,True
398,L32,9398636701732226526,07bae94d27bb8759cd48d8e829be0aba96e1b146c56f4324cc2be45c60edd8a2,True
399,L12,11969667535193615866,24811151e4eb74b8f7df4c0a0caa5eec5a99cd800afa2a63ded32273c7725c17,True
399,L21,3316802310460909234,a17cb64b6d9ee6d88efc19046628cf3045ce59ebcf249db5f9d3eaf3af56af1e,True
399,L13,2162902958243391686,16fa0ff58e275d4cc112b791a700d0d3988cc23ad1cb3d15099658fb721d49bf,True
399,L31,6322392154903564167,65eae94820be8bcf77972acd0673219a215456d6664db3db1df55621e42be790,True
399,L23,4058028735494580542,6231606082c9fb48f9d064a14745aaa40a7a776b97819c94af8751d4d60174b9,True
399,L32,4414637259101037831,0a582d5cfd8a0efbc55e29f5935bd34c9994bab34dd35e10b19c17fddfae286b,True
400,L12,3693037471752597631,6a46a2074b0a34e1d9ceba334011ec2ff6019e781a9435dbac9b4b2043ddcff4,True
400,L21,3366017026280488201,ec7760e04315cf8914b82af275077e24de103bf4e5045a73d57aace32fc8b0e5,True
400,L13,8154147718567160051,c16119650430c219e3f1305836efd2b4677f8e82ea1a46afd88374bdfd1d9f1f,True
400,L31,15207759167171262478,95f1c1711b1fd38f43db3b9b917a38a7cae854fbb15cc72646b3090817057a8e,True
400,L23,11694663180999950461,0a328886670707d2a2467fb149927e002c99366a0b95ce99af59dc50efb1dcf9,True
400,L32,17049305782213621519,ae94017c4bc6020d795e401fdd66c662940a60e42d9a5cf4fa33e1e53d2d87f6,True
401,L12,10370425667454238186,ff375d46114b5055837043b7e22e50f47fedd85f411a117be7176eddb9bbfa74,True
401,L21,16948420663386309215,c25a78e49a7bfd706e74193c9ae06e0445720c54c98193a34675904491af2fc4,True
401,L13,7982876412188524167,ff727a377a7d47bd990545f9812a237ae80e6083fe03e5e93832e718ce191c43,True
401,L31,13043461671992369984,4827d5545ffae2e1cd4c2321bc93b59e2be4f12d49c17ff3fd062f6b99b88569,True
401,L23,14955942906081078539,0c93fb6599aae46853289ef472be94ea7a8a47779708a323a5b76e10abc92875,True
401,L32,12663750154902511359,234546feaf1b786855848ec0af09ddf3556d2dfbcfc71f549b4a25a1ecf91a5c,True
402,L12,16845204681366038650,eef2ea60fc8acba31b1f69502cbc209b37d2bc10bd64a8b027d7826395a0edd4,True
402,L21,5577959939416568977,72197817a749c789dad8276d54c880ff7cba10fb0b69875f74eb85ce11d9c9a5,True
402,L13,18114159847104212740,565e589a0e3f1ed6606d3cf0fa71124ff57ae31614d1dd64b76a93749d607776,True
402,L31,15135541637566131049,5609d2da9eb2f9ca2f7378f59c439dc8359a33e9549d5db5021118d97daf0e05,True
402,L23,7825943461216735847,5dab3dc3845eee2d5ba88ad8cf49118c7a3dc437da4082845ccfbbca5d0b030b,True
402,L32,3534103075412842058,6bc658cc6af44301c1f87e09f6d1e179b2792c039ace51fe83c4dfbc8a893132,True
403,L12,4618667170258418922,a22ea2cd75eb6f4ab6df9981c57d8ed6a7f19f6ecc873de51a020467ecf521ed,True
403,L21,8426678556109896503,341eaf1982140ed64f001a5d31b8354ae25674b520f5c644c7acf2446c4299f0,True
403,L13,15308799984330324779,3e2eb91f2e2caa0ec6fedfb36c50f74dc2d46527c734ead790f5b2db18827314,True
403,L31,1638015071656910979,8139ff208a0e01d2930d2f57a2954824941c2a5e21919b2c8758a28751399a01,True
403,L23,13452809955976877744,71950fc492d1fd3c22a5b24ce46b4c16ad98cbb0fa7b8acd40dab6800f37e8b7,True
403,L32,2830906973679500369,5ed7151748e24ba64b4f3a9e26142a76647e43f7e72286d1d05946d48f53a9f8,True
404,L12,7826144265924148482,1453ec6bbd8d196f5a872adbd74aa138fb74e567151510187fd0318c653a8a23,True
404,L21,1956613116707130393,76ede2839e8087aefca0ddda27e82c43dca62e519031ad9a0dbf719f32f87edb,True
404,L13,9061018688999650201,a946eabf17501a76e2e2f5698d1128d4248eacafe0e8d7f56347c347bf0c274b,True
404,L31,9924456543438456155,7d54680a6387f7bd6fb4b1a528433a61464ff4dadb4c390296006f3c6a152735,True
404,L23,10344073175315860423,5dc51186d1331f85b754bb2f6429327918527e9618c9b618f8a69b7fc60aa6bf,True
404,L32,12675300749117594813,225ea1b54b9801642b446d336962ca3dace0ba11d16fb06e47fb017633b35a07,True
405,L12,82396880330094239,94e3cbcf4dc103820869a4e0713ba50b92e87acceb040507c228e1b64c20bf3e,True
405,L21,1984902543441527892,efe7521613a62834405c7a0f26a290c0e9b9376d11dddb29312589880117fb34,True
405,L13,4068318029568577613,51d413d877ea83c1a748c306832b3a0937cb0d3ebfa419ce8afb36411e609fa4,True
405,L31,1902119189288195133,66d86427ea721daa66dd98294b57e624cd4bde0e910dca62eed3322c3442f18c,True
405,L23,15712341979985224682,7247664b564d57fc9cdccb2e0ac83c5847bdd0064c796b012aabfbc0edf3845a,True
405,L32,15092843259454903410,044eaed2fbe69d9ec5399bf27e02093428e7a05bb5e2987578c4fb2cb2575c3e,True
406,L12,16060616566939525408,fe5e6397bbac4ebfbde2753066c5e7b9e1553b19eb397b789d45770e46d5bab3,True
406,L21,18332846921105102,be8ec40aa613dd7bc1d11e44ae8153517f6f8c5082f3529d9bdf7bbf4437b44a,True
406,L13,14543827758075152447,6423f44c8fbf04dff851e44e219f4b792af09fe6033d6217c46f31af5490b267,True
406,L31,8393344190814334524,0f798ccbee49bc28ea4e838ef56f3ac37c230446345fe4b7818db24faa225a1a,True
406,L23,8737302386614992395,4aa17cc13d595d8daf752710f989bd0410485b2f0daa439ef1bd95596e0fb425,True
406,L32,3381640786611419047,6fd5c26f0b548841a123bc8274440cc5542616d59c7fd3815eaee8b323703313,True
407,L12,4258001730886448228,8f8b45a7cd05ce5e53db2ca20eda8944d62761112ca9c78f65ba625fea345df3,True
407,L21,588430976394882655,d1648988e6ffc2f3a7f9d199a44cfa8a0bf1534b5775c1bfbbf317ab57f569ea,True
407,L13,7615488651221752087,4f6898922e849d6dabb67db6d2a67bc6d2e8087f4c31c8c1688077691d55298c,True
407,L31,15414534578415689675,39687ba4e116466e6d8d853127305cda693f43119e8a9d85df1ce34d08c792bf,True
407,L23,304617459213897571,b0dcb47a7b1e951f0bc733909b8a900ae56970dcf9522bd7bd47afed1f79d335,True
407,L32,5542712765090441934,b28284fbbf975a1bb3a68b947a0e68ae39504519caa2144b6cf1d2e742c13282,True
408,L12,7044113616658957570,ae89eed9d58e7fb44e8466d1d59763deb7d866dc9aa9b39b6b0991a419110a4e,True
408,L21,3279604826401870269,b75c01726db50c56a2cbd0ba80d261eb2a8c3584f9c1ed48abce061c3532e51b,True
408,L13,901148935752486168,12fccb30914ff7380a6f7469b7233ead32987b3f24f1a1030ad8b9ab81a3bbd2,True
408,L31,7293348742684830337,0638fd739083b46999440da844c5380f5c6e34edec2489b8d1c0b4acf4ee1ac7,True
408,L23,9418384769609908010,eb953ba43943f73f9d2805dce9cdf4ba3b9d253c21cc81adf02b597dd8bed70c,True
408,L32,8055757778527499458,058df6f4ccf19379b275a6aee50c43e481d9c8b047f97e343895e0be2df06378,True
409,L12,7464869832925082687,f36071e73425075941a134eeffccca91e7dc11f06fe8d5ad4694ecfdd2e3a7c6,True
409,L21,9339571849121244727,524a61125c3014fd9f07ac5037284585d6c8c72beaebf1b295df0d51b97c8488,True
409,L13,4985359233444574695,c5bede95fc6e9aa8de268f322cd69779ab3e8704a80937e31e04bb7c54bfbafd,True
409,L31,4789217369046897456,4ccaf00b0b48fac89f92fc3578b039faa4be61daafd8aa67d14e0d1f411e7e7c,True
409,L23,12929173026696728541,d062be993a265abf2ed0ad3220fb0a47a16d31efc1e43a4a479afb7c293132d7,True
409,L32,11619153309158071880,1a46a5a76a7f8714361e79f0513613a39246b15245fd21c38aa0007a80824ac6,True
410,L12,6443445076370315200,213f168ba1c93e73efeb181974add8306780f1ccab598b7f55e71c97140a285e,True
410,L21,10200946216994885752,9b1eb6e10aad7d302c02e5b06099f774b15e2ae59f6ab1d7610eab24fb415306,True
410,L13,4898128575924376698,5159aa1ac676c8f65e59fc24365ca9b135b62973ca5f5b54d49c0dcb03edae56,True
410,L31,12167706447932150895,c3123a0ba11bd50fc9e39ca92a294921942b205e9964b640516db4f6c83c3ec1,True
410,L23,5565280588797816428,1821f25163fb43d3f85526f279741bbdb8560cb73136539df0731a48efc7b5f6,True
410,L32,10139881731404191974,55109221e17524be09b9d79839f2be15b16b9d20e4c40b76db8b94a37193c85c,True
411,L12,13413505349843369865,e3e5ee52a758aabe24ae5317bcb4e030fbe15bbb14441edeb7b9923d44db60ef,True
411,L21,92602591778035606,9186ddcd76d7d3fd1dd2a79fd9237a3482a44cadafbc846bd10dfd84fc1a4a49,True
411,L13,5300863861359459462,97ee930e4b86acc30fa92b552cca5723a5dfcc9c96422b634a87130822468d89,True
411,L31,11731603165478736449,5d7309a042a3d64ddb458ffbba5d866c169ace2253be74fb716cd20873220164,True
411,L23,7204976379168567683,b491200f3691cb3a04325160b3287431256be35b8d513ad97cd78958a2141b90,True
411,L32,11907025654635279704,e89609032577ab518b36ee67de30388fdffe2110a3c83f447c58815ffa8c5c3d,True
412,L12,1877108771944386737,4b945c2dd59c72d06146aace83e7b89b7cf00424cba019d03b4523c8025fede8,True
412,L21,6169137419184938534,677e16b251bec6f2d544034131b1603e23b9f0a5e78f65066cf40b558150cbd3,True
412,L13,2557050029727242605,7b5b4d15a05775e3b37cd2a011e2e563a3ff752bd457a4af547d067baf2b1fc1,True
412,L31,18178759698965683157,bdca2ed01c13a26fcf1a02dcb3be56444270fea73adabb433e38fc2895e03971,True
412,L23,13788443490306087579,e25bcdd10e42ace305bd9140a36ef33cc28315b9ecd6425477aa1f85cc9250ee,True
412,L32,9305558823608100450,884c5ccaac8a841d84a8bd41258fd61cc02dc006cd8201a825a443375ffa6a01,True
413,L12,11892447584298996063,de243156a6e1c5630eb7641ea86a804a8809a1cd7c0a2b98e463b9af3fd318ff,True
413,L21,16365621703139399998,bade6d0537972af9b6eed061038bd2f2fc2d7ca86da5ac6b3121c16161213d60,True
413,L13,14997763729293682658,0685141f424e53cfa7bdccbe19021866593d7bd11f1f18279f979b2f83796897,True
413,L31,10281638363968855758,3ce463e8231cbb8ecf4a3d8f505684704d3fc0a462b809e7762d9fa89a580cbf,True
413,L23,14696437486444277535,3d500c13386edee175e121860cdc6f762bcb8212b61eb1f2cbcaa74c53a17744,True
413,L32,12677682388031231066,38795b2519ab59b18b8d17a150db13f3d8840a4a80b170cf116834350331739a,True
414,L12,1775199987454701396,00ccf7ab45c9ac92ae58648af99ff7c053c58df7faf1ade3a10a021440fcdf10,True
414,L21,2483687595052510242,f087d2452c08c95297fe8bea27d2c2a04ab9812da82a3b9c3a655e14956e8a5c,True
414,L13,6245991954409150231,bfd897ff56cf2beb2a120152d4f094ccb372e69f0d1507c0cef429baec84d057,True
414,L31,7697306477956944797,5820d2f66bccfcd80d78cb6c89b7f903e5393eb1733865f08fdcb4815ac7f682,True
414,L23,7677763099747260477,a76b28df3e502acaf27e167988afd8f8130066d5a44352c1a1de369555166be3,True
414,L32,3566940997803511351,95c681ee69d188a451c894a37da975929163bbe444557b237efa05b6e3494efb,True
415,L12,1924802986907781256,8e20fca1c718db36de9890cb53d07876af0db2707d5611a49ce2cb8eea8032f7,True
415,L21,9423237851318388118,a99d9783958330f586db4f0f88114f845f123f1f82c36647e81d3e0289740b53,True
415,L13,7925737744857902617,481cd95d983c0ed2b3d5da6adee08021b99cf01e1ac6e6097a3425493ace3566,True
415,L31,18015643361768605889,8d2eabaeec1051acbd8da849368e9fb904d37129eb9a2b9b1b7c4221b3a2a00b,True
415,L23,1772787443950008401,94731a89e8ad8d5569a2b94deff8ad542e541a22d927550957ae9c5e45e16de0,True
415,L32,15563002436744210438,aad0b5189f5c847e822ddcd4b1c1798c3aeeaae568bfa1c5479cec9a206ccda0,True
416,L12,929065142522056664,9b177049962626d2319d364eb092705c6a147ec510f8c5d820473c434874d5d8,True
416,L21,3620607108394971924,97c86594eb8190825e1d21ce6bbead5531b02d4d930ae255a910498e35c88c52,True
416,L13,15107784561768556962,ef9d0185309ea7c849f5fd93cb98c9a997d6b69fc1656d72faa34158b9c80ee2,True
416,L31,12042609211782597150,acf40eebd34363d551db019c4abc50134d914d4bbfbe98f1db25b2ce3da6b96c,True
416,L23,7370588153110119596,e9d39617f1880a28e2c3bd2d37ef1aea1d15abcf652a3d7f90fcdcf70e150b7b,True
416,L32,12703933202324998660,2268a3acb435dc12861017fa21ef8355e9a6756b11d1505b1822c9c85c29018d,True
417,L12,12206175294378100752,62653c4c4eb85dff74b4e76ddab81e52ad8459eb9d05ef0c5bc5305e424abf75,True
417,L21,422040512678394868,3b158424222b3d52ecd55e1f72b4a24c7d73a0152392a294d0c74104db66e045,True
417,L13,6228214088704571577,74f5d4f9cceb2b48262ee5a3fdf33060d2525040a4e4583a2304dd5a1caa3b67,True
417,L31,9846407113371156711,58d0baf37f64197f6a8426bfd2827a45d6a1fda7e2dce6d5913592c9b4f75e28,True
417,L23,11734317786458364415,a90def412cb327154c53413a62bc653b6baf791a29df220d41ddbcea1e2d7727,True
417,L32,1975435694544043858,3ea4a5ea7e1f1db9cdccd75751ef25d0a7bdb5b65f15d6da183afd0d2a409ca5,True
418,L12,16390526991800594941,b8279fb1565afbb8f268c9fa105cbcb5e9cabcbdc59867772b8502db7c1e8dfb,True
418,L21,10363815268763751337,59b744fb676661229b102fbe9148d72b8e864c95bf69271a5631a8f39f4b26c2,True
418,L13,17842633080353175844,b69f19e772cc1461897cbb72fdea10baffb32fd841014bbb3343c57bd5f05709,True
418,L31,14887145561980990475,e7a4cc233525e6223af930399357c58ebdc30ece856be01cc1f6868aaf7fea79,True
418,L23,4650346165363196126,2a3e7396f7f4cb839bc04bfbdefa84402b693af0638506a823dda8d91b8ae3d6,True
418,L32,3247237415923323454,1bc40817cbb70a98ac5f7e8efaf8153fdc7a7f4b8857dc50b1f5e14107733d71,True
419,L12,16875951369388063795,cb2a05299b9bd73b99be542fef288a785ce9b481e6cfc3beaaf126570bf7d631,True
419,L21,18125814269162072956,d59a19d6830c3b7e0c69182fd9f072ce0300df04ec3560bf02caf02517f31e01,True
419,L13,9181911325708633659,68acff1355f75d130cea144894585923786769552c3d59fd3d3dd6cd51eeaa1b,True
419,L31,12727240786081829431,23f16d1097e85ebaa53e561c4502acd6e4b7b07a94ba8e19d45252ef9d97bd03,True
419,L23,12509904016534221016,06f8b76a1c0eb0ba9ec018ee150a7e06d03af2fb9f986d0911a7af6c45dc7cea,True
419,L32,5898823848204750594,758f0fd7f80b6dbb481d029ae1b385c3e5f8e2ba35a5bfa594db582858534e6c,True
420,L12,2019091473780205275,14ac0cb28ff2f9065ac0ee21a966a530886dd0e0ed763ad30d5f096e048a59d8,True
420,L21,159014307758217371,40c8740a49b508b7f27d4ad92281bb930d8c1a3ff7d51e9c39584bf3cb42a6b8,True
420,L13,17685645911126675951,552264690c90e684cab14062999e76f9b64a4f509b3c43e976623ee17f2d5e82,True
420,L31,11724864054077297910,73d4a1bfb506fe4d70bc9611df16806907a282de879751a0e8d1fe2f41f65531,True
420,L23,12586551870943828266,f19737e5d7353face26ea316b750684593a1ed25a561f5838b324b4886fecd69,True
420,L32,12343000360374563817,6bdf8e35321c7c68611f13b3372735f3dcd268707846119080b8d7874f70fdfb,True
421,L12,7140987590178926406,fa5109591b736427b8fd481b35ef77eeffae0ff656b26cc2ddc486f9507e3526,True
421,L21,2621051220914259666,6e7859ea07bbb8edc09073e4ecebd4fe846e5783fe81d8b0129fcde7f2c1d893,True
421,L13,265043280581844761,b4f57f306790d115baca22fbb390c5d71a8353bff77889031daf2c13b7da11cc,True
421,L31,11139812333955262092,3f3353f7f168c3259d689f4d70097ed44b5640a6dc31bfba75b5d1e8d47dad5d,True
421,L23,3783103285886700273,5f630cee5593da3b6787df4534f27f416f7ef151da6f73cdc80b51ffb2935d6b,True
421,L32,2162265703852914944,81bea663b970c1930c0d82cf8dfbadb2d34273ea483c70df066aae9fb26299fa,True
422,L12,8941240182463529000,cd87f73fd7773a0d91b6e888f497388e3fc399563dc814b77ac5785c42d4bce3,True
422,L21,8290651926070442612,98ecc8ee872d0e0fead2bd36d5b66951eae4f4e5b0944e6da6fa07ef67227018,True
422,L13,15455829190104811295,32a88dd16620748f49e98c81225a5f2fe87578f3ae7297dd6dc9d758469c2fb8,True
422,L31,18039413593038043013,5d578c25deb692a449611ee92d83580ed86e84d0eb958f98a799aaa9ce5a72a6,True
422,L23,14185564080813375365,f23c882e72f9131e2417d776f814bcbae0c834b25bf9acb4ca5b77624edf98f8,True
422,L32,15894500271868068085,ac910bf30718538736eb70b0561dedcaa53749e8dbf9dd38bbe77a4b59ad7fe0,True
423,L12,12348849250759771120,2fecb4e63a654f281a6929b764eb6bb97f15be38e2acab71818c71c973812ad2,True
423,L21,16586334413828371613,fb5602ab9fd2059cecd86d131a54700328b417bea4cc48a3eda47606cd6ebdb8,True
423,L13,13257705871953025111,c366cea254ed88068823942829bcc0038d411dcc3893d53317cf7d252a82da56,True
423,L31,14502677415988227126,43a428bbd08a153eb5eec8f00fa2d6cd74eba11ab5dc1f3b4ee3870ad5d28431,True
423,L23,689368352040537864,191ad591f81c1bfbd335627e15ce3048d853afc294dda7e7167b0a480ed9511d,True
423,L32,2423112267155245097,dbe2abc7047a8a95b3954f186bcdc6fc5dd61e452541959658166561f5b2a42e,True
424,L12,13049609616289731936,a312baa7af003736f8e87792143fc8c6c72513c92db043f10c4f2bfaff1579ff,True
424,L21,11324881861683600291,36c2055e1de58671fe9e7ee4c149b428bfa5cc12372bae99c8b86774378955a2,True
424,L13,12402449270079019055,cc77f5d78130072a669c524c0f9499a7017802061c50f8d0f3af33aa74017ce6,True
424,L31,9865503342027422184,26b2bc097ffb44b4ee144ff863dbe1df77c2e0d3fa4b4972c804e78242a170f1,True
424,L23,9787471660976310845,9ede67e4406d7e6e360f5f956d3db68ac6bdae90359b20a45408058290b3b7ac,True
424,L32,2046720588945837982,99b4eb92f0a0a8fd10177e4feded28e592044f47039b4825eba89e9a25c38829,True
425,L12,497727001289785633,c420b9f659454e14dcc1efbc66a998d965ca885a16ee825396b12ac3c81d4d2f,True
425,L21,8881414132318579750,04ed70e1bf6c98b2694590cd5b4205cee166c74bd44eb59f59fd3013f6c4f3c7,True
425,L13,9221072988691974255,da26507bef84e5d7a4979bdf1b55972e1b1b76c038d07fbc52a207436bc9cb17,True
425,L31,16380973116632977047,dd23d6e95aa2d21d489f62e734120b71df24da8b196349f339bea591600aaa82,True
425,L23,11223752541778693286,af03be25800393a38d8872d6105c44bdd3c18236ea8799ebc3d62d1db71f246f,True
425,L32,4267300751200698659,e90f3a7cfce78c544cca95b4e83eb0a9c357cba412f541f1bcf7033d330fa04d,True
426,L12,11278915060205536681,65cf8d2dc0e82e6973b269c6b8179a2687e4677b6885fea3e9f3b6cc73ef4d89,True
426,L21,4779850709482571781,33efe21efa326226a167d78f66376ad0606662e3d3acc715a7106274e97223a6,True
426,L13,9498730852968194298,3e1b8a261df7a0b6ba6ba8040ae97ca893bc63061e833a3e47d89ec50ad8991d,True
426,L31,1464986486158697093,b1b55427f4fd03d742fe393de299ad8b5d6e916c811ab0ac193ce61ff14ead11,True
426,L23,11935450402444671487,6b9b2089b35760f25cad7907aac1b3c8b900fcbe4a766646688529b54f287882,True
426,L32,13352282483830604158,9aa9e9e569b60139efc8126915004ed3a5ee18014f07d9623d3c953850a48f0b,True
427,L12,8275901104427544956,60d0ef2a145bba7972d4ae13ca1f45ea24d7f96389aae673f5af0c78c1173171,True
427,L21,11560484902884709801,4fd581ab900ed8c317a2368867264e602bf2dda8f456554f9e916fa3044cc6a4,True
427,L13,15890482874998265986,f31d03b299777ea100760d1bd12696a7f647ba9deb7f712e0c2cbb705c64256b,True
427,L31,9039029516958368038,7cdec3dec4a065dae864305e5999cbeb1b579b875bad7a14e8d74c434a8797a4,True
427,L23,16823802535001699592,cf47630a18c5635d88708d6cbdf0973a0cedc51d8fe1001dc9189d9d84507582,True
427,L32,16044125735399859404,2bfd18525ccc154f5b5e7f65ec8889f6435d4b82a17ac65e26d2d795b31273bb,True
428,L12,6022366185418975058,48e52704cc397981accb213a1d78058c437098a84b1a970b0fd9258a7b5de3f8,True
428,L21,10109116269773104567,fdd79799ccf0972da40d3649830ab3036d57fce660d7a3b544df6e1a3cf4f068,True
428,L13,16445101573466519447,1aa05ff8545a3b5f21706da1c9927d6b24f9e70435f082afcb472cf953ad0407,True
428,L31,4396867529279454736,845f12d2fa3e7d5435f4f14d0d17f820d26854a751069a7008d09b65d34de7b9,True
428,L23,12553359478526397791,ed8921e0217fdc2d2d3651d40c9f24991ab30e08068a9d60fd5101cfa15ad5fd,True
428,L32,13039139907193740490,ce7c520a4ea10e0b1eab678c3f9e6a334fc84db30a75d8175ca5d0f0691fb526,True
429,L12,13398059029658525322,6363836d0a4030301b0fc07914a4569270366729aa5c155ac0425313ebe0c9ba,True
429,L21,10181237111016737182,e4ea11bf4ac4f818db3a499dfa4cbb985dc32db106590cdc09dd849bd7ba6d08,True
429,L13,7345324570541616659,9970c3c35ddaaec82c0f78e8c19acea9303b6ff94f04a9e626c92ffb063bbe5d,True
429,L31,12926274285949635918,0b3805bdc4979cb629fdef0940db615ecc66853074edd258cd1b2955c3325424,True
429,L23,8563469938062446852,bfd00347ba5279454f7607ac862c6b4e08fac28f5f500e9766ac3e21ab27dfb6,True
429,L32,14584566991382923269,10a14d43410c1aed27842c6a0e29fe3315b6cb8299c580d0698b79abea9952ed,True
430,L12,3823242689714137302,e7ec7b0de4d7951e88f2c85f957cec571d8d71a2180b1244545a05175435a794,True
430,L21,5998398194191075170,b1fd4c5548308db643b74105113d422dbcdc05e451e414149f49d4d097ba2448,True
430,L13,2105590918884890929,e183f67f9d05b891b4007f8c9a9df11a1efdfa839178d52f2a34e8522b5bc345,True
430,L31,8943540457004417893,ff43a1dde9dffa2531b5f13647e6de828e1f810dc38baf702dcd0ca62ac056a1,True
430,L23,4882006604820508224,6996c8139005be6818b86ea51648f60ffbfc4236e6030c7c461c40323cd51b3b,True
430,L32,15753302483941486713,835f202c35418627f992aac7aa940c45722ef411c258ed1c6dfdabd3971b2584,True
431,L12,2504273615690690138,3b02ba54e358cebd75494e139bc24c074e936777313d7a8b72c9f7b5905d3c51,True
431,L21,8246152944514822537,d27dc5c87d3bd73785f6c2e9798e99f190b7ead36186427f50b1eb262cc46e04,True
431,L13,7694058990196658118,5b4ef13b9d6bfa947bc9fb3f3de3a30339fd234d93592769f1123cd59437b426,True
431,L31,14786544305558649382,10667fcaab0c4e38c7d6da0c3480614d4eedd475625d21c223ee27f95bec425a,True
431,L23,2630894276102614570,b6b2ef0b64a342210aa485b8ea5ced66c1406c3e297b8b69404f4726fb43e0e2,True
431,L32,6733489455813915796,97c47376400d20be9f236d06365c6f61da32a3d8583d79db811f9daf7c391c73,True
432,L12,4009082628272986058,1fd459c708c54202622d7d662c86d440074257eaf4baf964ed00665e984b1a43,True
432,L21,5865219793725462951,cc9e8e360fd6bf659a8b2bfbd8f4cb589921926b418368bef318c76171ce09db,True
432,L13,8195497332066279568,e6df577db7caaaf66ded490e4ef6753b8d392947ad300b4bd1f125514bdb8ff3,True
432,L31,4242544539736213147,8080ccef3ede5e9822edc556e388988ab6d1be4d645660243d83eff261d06c62,True
432,L23,5249058798012633494,7c60527bcb7960908644bac9dd82c868bee9c7129735fbe4a5a60e12ab560818,True
432,L32,9506063637853961345,3a22583d4654c509f1fa8d2fab8c184644d4e6affc3d46414025663c137ca527,True
433,L12,13107728218134419332,fb89667ebdc78c3a462a5243ac764e6c48e500b180d555a5926f1024f3c04a88,True
433,L21,8423763562389524174,2091d39fa022050a524bd19f1358489a8912b8c0d01ff6352da2233ea1d5d934,True
433,L13,11822324443906840659,83219c895932a7e4342232981bf6d759f4448a186dff637e919ccd2e11af5644,True
433,L31,8294208322913807117,5f66866bf3de3d4acc2eccc36dd283d6a2aaa814566d19eb5cb1fb652a930f98,True
433,L23,16257731353524345633,28d5c6d1621947c444bc14db9f302291a4163502820e47c04e125650c610ab25,True
433,L32,6987909018261050395,b1455360412d7c017613d28bf9418c21b40ad2eff914710bc4e7eb1792880c73,True
434,L12,17340889635229385573,83f268b096295223dd4ad6ab46396d98c33cc227438b0ded4cadbc0cede09f44,True
434,L21,12160980994651391570,47e1e546a4b56e19bb2c2efc7a7cb8ba3cad1e60f2c63baeb1a7c39080671b0d,True
434,L13,8591261868790344658,902c66b9e4946440dcdd2ac550d6e204a057995df8161bd6054ef49e802cd937,True
434,L31,3498085241656916450,a866d50ea81e45686dafab17a2124e5ed09cfa34fec576ff4aed73ac436954f7,True
434,L23,1750059248283585906,4e0967062cd314d7d2afcc106349a29a9e841bf0fe942bcb64269f79a3637068,True
434,L32,2940814568702565411,eac2f0656f3dc32329170d995baa5ab8d7e011573bb0ceb4d4a753d31118f2fd,True
435,L12,1008462679885883878,42c455f59ee5087090c8b6cba2935a9fef9cec95aa87bc1db291ab1f54fa2d45,True
435,L21,18374427350981465420,5799befcabf518633a73f47358da835064938e14b5f0de95209011bc247bb2e2,True
435,L13,8509917360637413473,ae4180a0d551c3feec74a9b92359be7e7452b40ebd51809432458e62e0f3a06e,True
435,L31,13392941647790648176,b95e4678c192d76d5420d66aaf7ee4513c932d5c725a41d7709348c31c8de711,True
435,L23,10971327097105458796,44c6031b31b93fbf6d7ad28e76e9d8a66bfc95939bce06ad205166a7fa84c5f6,True
435,L32,7646577702517182764,86467d65450806485c77eee7083f2666c4617778aad59ff915c2839fe240dce2,True
436,L12,2656367117377955070,ef01910d5c6b9487569f58f86de69154e49b976e1c65cf2f3c305d77adfa1fa1,True
436,L21,4663850424105782020,cf8542d3a60e466c17c1d2d12772815549ec3d76003e21666be9857c07a7f028,True
436,L13,14989643525896336615,9bb62767844bece08b4f370a92d275cf2aa2bd3ee2d0451545af8e1c69203108,True
436,L31,546461253615519980,3502e532e95aa3e99f251f3a8ce575c67f57d7fa60586dff885ffe5b9d16f1c7,True
436,L23,17560771105157382911,247df088544b04a11c30000565b0692f113340c14a7a064bb9fbe3231b7ad68e,True
436,L32,9778985202429437828,e57b2728f35fbbbd30d96dc540f1bd1fe6893859407271c99fd7096d74ef503f,True
437,L12,14901692961300460099,500f96458fe131ca5f5cc0768d1cc7dbf08757d54c8fb0b45e0875cd08fc912c,True
437,L21,14763931172026893431,9161ac01c410c072507cb084d51d02ecd8075e1e8b9a9376aff9f2555088fb7a,True
437,L13,5609863041123062031,5611b79ee546c6865523e9a4fc252bca382eb8a920ed4fef8f067f0c6bfb4a6d,True
437,L31,12401597837808449590,cf1b453e7cea6f13ca8e57fbf034a60203f00552c798496622d45f1959c7b833,True
437,L23,5236672838741003124,e39cf00aef9159e98068466d0fd8ad6fe9e742a0c8fa09c3fa33aecdb3cee810,True
437,L32,12117206645907566620,5e13013372a97b29bc00d66f849d185af00ebef4389c27b7d2fd9341c21e475b,True
438,L12,13158966852712221931,bbe40ddd9328187dfe7029c8b33a8020cc02b7412de79c334884e0474c51da6e,True
438,L21,13077104582035720079,0d2ae4b06d2b86e366072bcdc724c14624391327834ae7c11f7b414074b63c98,True
438,L13,12287247351168124063,efc8b08cdd0e4fef988148ca0fa0fad2b86a2cce01b141a192e564bbd738cba6,True
438,L31,13555016876507104320,77345d560f8686579193f773ed40b5e0c181d723fa001b4f0ae8f952d34c6329,True
438,L23,7119679872248322041,1d3f1a79a94d00e293cedd4f53a253346888b4a2a9164aa8d57e6f290e1018fb,True
438,L32,17835295126782968871,4b3a66f7cbf085542a9d8247db3ae527db7aa865928ec4e6a84b5d059a483e49,True
439,L12,4411377452719434641,29ec88cf050bf50a66df5cdb39276eb3f2a032cd1c4856a0ad1db6acbce0a87e,True
439,L21,15922906547852078547,0d284a326f58cc3f3287b4bee439b532ef44bf0176018130739820ba30a4b3fa,True
439,L13,11353268177334191223,3c1c7a35e5eedcb3c161a81da4f4d7b6531338e19dcba66598b595cd84af67c8,True
439,L31,1486920242544311955,fba17a4ae16476a1ec033e71890bf9ef16a5bce5ee8891b3275bc0bec8083429,True
439,L23,10409900813796960063,56149d69ba849382cf4b3d194c891ecf77d9049f97593ac451e7162d06d86d3a,True
439,L32,3222558565832577851,0730640ab067fd39f03e5355ae3ca3a13712f61f6c6d66f37f7a5868f7b6540b,True
440,L12,13984452977356507569,5ff218d1fecee8b05c9ac76ebaf03782b763d5e989dd941d6043b334509eaccd,True
440,L21,10954266447491069958,9f1cc434887a768e5127df77c2e58dccfe88db9f1b9e154c22ddc329fc3c6953,True
440,L13,16636080124962594542,97ec3a09baa44356ba82b7be2dba264a3168f4b58cebd8092e0191dc9112f9ca,True
440,L31,8255800528036911576,df9f25c9a95fb8b6be23fb675709e6dbdd79638cc756a304cd65ff65d5562edc,True
440,L23,2721041147724924345,fdadff8bae308cb254879f678d2bfd52daa2f603f9a695efdf8b19f5504602b9,True
440,L32,14653801808605517656,a397f2cc6744bd3ee437ec378209aa10a96e0ca0f42a3fc2cd28000b7e73fb3b,True
441,L12,8035200302545612979,282c52cc9818136796ce08b86126d4ea59e4ac611782cbe4e488b23c68047c98,True
441,L21,10723244619533760114,2f2ff3ac6c98ae333e6022b5c7a119df992bbab52499de3b84cd14660d6db90b,True
441,L13,10548220747051532317,79c995cd78be5a8010b23ee52c46c33820e3002fae7059412e7fbcb5d96db681,True
441,L31,17926298931493065435,30645de68bed8a8e9319b8c47074ba03910116146db8043f37d5edbff27bcd36,True
441,L23,5185343263017090007,5b145d819fd69cdc19e68a34a2b41362de64302ae6ec3314b1561d21ca71d22e,True
441,L32,17242246394523375788,ff0c2f6fd4afd450e18a3c44cc06afc64c5c82f40ab96ee0428b9f8ccbc7c0a0,True
442,L12,14862971358218583067,c8ad90112a0f1b413a3e390180f0ee70ebc38e7e9062506f447a4b1f6fc83d69,True
442,L21,16503841891400800904,a9500a78472eae48061f0116a0eec62970bc06c7cf913c9f70d7ff45e470aed6,True
442,L13,4012072773730075702,207c49d947c673b39c29a95c2695ff4f985ae8e22f58f4880d853b18073252f6,True
442,L31,4700376517454934468,bd061ec45a80d7099a72ae211904170008475ad3bc4abec1ed6ee2ca0e5d0487,True
442,L23,17074576479238065961,764a78f1736ae318aa65b3bcbdecb1b3053cd6c88da1947cf60600251d96fda6,True
442,L32,11038189807044844060,21b39c5184ee71c33fd93fb8b968ebf9b497685d767f758bbf22abf0aab51afa,True
443,L12,17974871569766108619,60ee870b132ca849a42046ef2942b36526992e79c8c32c1b4f5f7b0ff38d6993,True
443,L21,3457594640223319583,02307937c7bcb7c904cce1c5c778b41e6b20cdcb5015b7abec3c83532fc946e7,True
443,L13,14731895577519992567,a0255dba762b004421220d6c6973b0126c13884f1c1b923d550afb0ff9593cf9,True
443,L31,14272059750916067367,4b464bce5ad309f214f33b5a927c136b6ce0f0920749a8925c920d4dc26cb85a,True
443,L23,15370255823692462477,5c5ede5fd61711926b28b9c8498f8eb6d6b62b3444077cef1a0a1350fb9d5d19,True
443,L32,13213659203997397457,1314fa3ff30578c923d17809a52bf232573dbb5773ad7209eab01416de9a7244,True
444,L12,12109303815573327588,97f12b64255f1ec86c3988003e33ddcfcc2c480f45369a9ab5f25c2079127698,True
444,L21,4581967180190998467,570de1b9b208fed2629f12e558d830be5cb217858f4b4e037d5da182d13bfb6a,True
444,L13,12375982694080140949,7e3693668c2c9e457cb87c0d0c37c9affd083b98f580012d95ca898c9349ee83,True
444,L31,2809658421467438275,df6e0f1ccefe65db07f34c92ec11686d6cf52c411ecf996692a9bef5400ca43d,True
444,L23,11918983568636274812,629994b09a2629b85964807bd0a0bf9b54bc9646d50664e1ff7727dcd44f4ea3,True
444,L32,10364487401519843349,7fe365c17b209d017e839dbc4739c52e5cf2151bafa274482212086fab036d49,True
445,L12,2995127724072417041,e35c46517ae1ca577ed51fa488515a9a704bf1b9c58eb7021db14ff3b9b920a9,True
445,L21,14261913197113468991,190e38ebd9e4701a6201ee3ecbb00cea2df81720079b56f40512179ad0f00fc5,True
445,L13,2727420943785645625,3ab00e820185ed6e81d8a3ddb11a7e0da3f671f8c4e7ebe14711e647e0d1ad91,True
445,L31,16505573942868183515,88dd9b92e2e2236b6d9cc567854d0caac46f2d825903e6c750737cadd824cba7,True
445,L23,12035812635379463603,d36e688e8dc3e9dce7cd74abcd891322c27936453c41f3b998ed426ca2f0f06f,True
445,L32,4978410102864696181,8c082a4f42c26a2dd38bcc4b690985e7b47852c076f6f7461b60f9b09293faa2,True
446,L12,16588387394012667714,e85d74eb59e490e2966525aec528a40aae0d66d51e2acd4c29456844d7d58efc,True
446,L21,4747414197738831897,5259bf04ebf272854dde5470f371831af27f23b64c0eb485325f888fdd1d9bd8,True
446,L13,13447506045438181265,c7dad826c5da1525147713a697138195a378e39707c8bc539fb63de7343b4d36,True
446,L31,9687537784785835355,9dadee73367cd60ad6275f83b595aa9ab984ebfd43a9434ee53a7a551ba2b150,True
446,L23,14729504721629462423,c5f8316d6729483adb4e310e223018e339c5f2beb33279e10ffa4beaf7657800,True
446,L32,15563219785909845475,d77faed8cf4dc90daf8ba0d064f2d302259e80747532693712068b00641c1d57,True
447,L12,1378894909865294811,6400886add8d2f277d592e3a8890194c68d31f3f7dd69f390646153fa42f97fb,True
447,L21,8925794522259983422,84b745eb3050315a2a0d3f1f6111c07afb3072450676ee20c9fca675e21412be,True
447,L13,10297293339591090939,b6404b963cf469ab63229e9136f2083f985b249ca195407a0a4ef8b36116b4a6,True
447,L31,7829707903082763820,e100449c11a47121ea148fa6105a6f854f3821ef891a2e07d866675ab3ef6378,True
447,L23,2123422306738839867,3b9541de8e82cd069e881ae0eda9967fdafd18bfb024ebc66070742d4f6e884a,True
447,L32,1063498808217565910,65bdfc1254caea54a178ade5055ba2d864b95aee32999409956786c62e8d843b,True
448,L12,466273860523189809,5403c821200b854fd62bde5bc6f762045d24a1305e3ee533b9e3a64e6c98e377,True
448,L21,10554178551421372196,b1e99b0f22311d4d16207d19fa4a62c085adfbc6e260da19921d0e4dae192ee5,True
448,L13,1047369802025079592,04bef1218db9d7f49e9ac552fc3df0840cb09c75c14ea347b9a5fdcdeb7e651f,True
448,L31,4142609077028827918,5628ff3169ce4d2a342fb9d6aa74099a2b3eef1e57da8dc6a7875c7f12de158f,True
448,L23,12644603487771594637,f9f3e753d2ed48bdd9061062b130aa7bb2faabd0816143db1db7589b2123c4f8,True
448,L32,510870346955100108,98d64fa5373b47b5a7ec59bbdcbbc24314a55926676c0ba0661206c63be7f587,True
449,L12,2865250143455329923,6bf438096b30076d7b6dc9b5140fc2e22fe6a2436c0dfc7e694d8f480a1257bb,True
449,L21,3082261761167016764,c077a151c70b3d94a1efdcddcf09480818d2d135f0274137d666ae4b420f9f1c,True
449,L13,4760925568108365553,d0a2e75731b4394967ccd314278634d2bdf0ceb2a49d78b2d141b792dd7517cd,True
449,L31,5309039829826330124,97f7ed5e383f21b763ebdae9ebff729157f2a472eb62f49922cde465408ffbaf,True
449,L23,16660610408707081772,3995501f077da4c3962624d83ad1aa51f5000e37d73569a4e38b81e903835389,True
449,L32,14628211092346717134,5c64f2f8054cf70349074c06d1c49ffa12ce8e047da7d826caaab3b469fa4d25,True
450,L12,10267993814978350763,02e3631861fafb1d8298d06f94548453bebd6b6933d8b25dbc079297d7a7eb23,True
450,L21,17287918334148849617,e1022093890f4495b56446942db06af358f3e21b0626b74c9e7d45c25650b0e9,True
450,L13,1902214887296461996,9de33433f4a5e84013fa2f74c28d3a6c20e2025e4a3d3803e6b389987a64d8a2,True
450,L31,574776289947688555,a00c68e1383421a7e27023a1a024ed7d7a61a336deca04cfd77bd4e0845b1af1,True
450,L23,4406704110551116104,3734e2dbbd46971adf68ce1f4e7567f912535a0aa8ee7ed3fe1645f0bd133706,True
450,L32,14668480184820585587,c67cb60aabd0d35868bc5929416fdef1b1d781e8ed58ee6500cf809e08dd7c38,True
451,L12,5917833367480344833,8b790e9e292a25fa1e01218b48bd1e69f60937f0780045554993e55f4d3ab157,True
451,L21,1298931718886726321,5f7c0aed45b8117dbf0ae56473a58a3424c39f0e1e35a12e3f9a64fb7e83dc67,True
451,L13,10725000513965236112,5b71b14f7d42519bc22f665a34cac9fef926dddfc4a1a3953c4b9af5ee6e4684,True
451,L31,2952058758685688657,8d8386c7ce66b1a44804ff940e5cf38097b61d4127038915b4b677b5559e868d,True
451,L23,11837877375183973421,f441968e2bea39e966b50906fc800a2757533d29a5e349ad6c3cb3aefa0c716a,True
451,L32,9049752862301327821,bf13b4479a1839fc933587b76d3b6cfce1f3b4a9145254eb81d782b7cee121d4,True
452,L12,13284929896456555967,b6ce5cf693b5f7af342a0583b9b06ad50e49cef30ed70ec876181a8dd02ec1b4,True
452,L21,6968821090930525471,e81dec6d5f46687fa779d7e9271a4c282c67c407336ed9d0fc73878f06fa80be,True
452,L13,9224886751223616276,9a3ecca5b7050deac0754ba3ce46422730dfb86642c8d86cfa208610047e885a,True
452,L31,15734506739256751017,c8cae0b151a36078ffe6aa5b85ddba2e6abb969829a8d02fd40e6eb6b01d4935,True
452,L23,2746872790433253441,791c6fa4e6e856b437c7a5752b958198b749d710495fb8900e8908b897967285,True
452,L32,10847940652255833930,0ba395ab316eddec743ad202dba579e282f93a7d25399cf1ddfb628755aba92f,True
453,L12,11637526026632682739,5265644768d07dd5e500173fab1a61a5ef3c05a5aab26428ea3e237e7510348d,True
453,L21,9240016540111445227,e4e8618e6fd6e005d0cd4fc9712ec30a3d8a53705bf9e036f702c6c43343db1a,True
453,L13,17957192787681523557,58b4ea9115f4ec8f604deb505bbbd0e7ddc9085431630cf50bf4291a4c9d157c,True
453,L31,16231750259431754736,dde8ff748da04d792b024b8874914bbd44ad59d4e377e6bc6ae862eab8245589,True
453,L23,12559161304698762654,1ac2174c011d9a06bc001be0f0359b612e50afd0ea8d2a1d10bbb22d23c44bad,True
453,L32,14680141664110910720,a4d0b0bea23e87c1363c1cbb031b30f620b2bda8882c4f8f652467ae4f46b484,True
454,L12,6865743396570613783,c300ce74ade4b7195d23874a1227b39099e7c1724629a8cb8505be43abbccbc4,True
454,L21,3894509819740298870,599eefaa34621a9e17653303a7232247203bac7891e5cb1181632c926dd3dcae,True
454,L13,11651465557936360773,edc641dc8a6f9514390a13c9ef50043beff26f36cf0c6bb13d37201835dae455,True
454,L31,4924354402816679933,cde8d78d6d75de80d80700cd91fc5ac9380edb3b73a9367e2f637b9da9a322d0,True
454,L23,15319764869686933311,9a57cf933e6a702a7e825061ec05cb3c99a92d01717377501ea05399b642c278,True
454,L32,11680378793503376791,048b7b69e3c7e019722a9abdeccc1365a5dcb8fbdaf6ec68ec9c3f568b1c1d70,True
455,L12,7541637647651485114,33f2859f27f5a0620570289873204f9b0448b3cf80994949afa20c0f417b194c,True
455,L21,10304944211387223081,7197d8b0b3f462312e1b2f0d1b4bd838424615ce0d4b91e97a73afbb9fa5575d,True
455,L13,6004236372397464181,f03f7ac44726a5b86b69fbc8f4acf06fd9d5d431961b59911d5d1bc590b1d02c,True
455,L31,13439448706299732646,6428b87fef2208c4064e989af8b1b6869e602f50535961551575760af18b4b31,True
455,L23,1743531180083730815,7ec30128b9aa0526e04550bcb7c313677d9e38b86f6fb25076e34d7c7b5e790b,True
455,L32,4305525733619165174,1b8a4619d87ce0736ae3060b6337219b2ffa0d1eb2ee8928e9183548f78b2a43,True
456,L12,6289069990028666268,45c24431eb7ea7914e84069a46789baff32836a7433977800edd845da384c326,True
456,L21,7974614751523551815,fa28ddcc8a152c038c58765d292452beef58a604f501b0fc9c017baea0853f21,True
456,L13,16493138260879632251,125defccd63bfacf593844d07fec5c62292512140f6c648d277c5bfbdad7807f,True
456,L31,17589280886900244015,96a808f68388cb31489cd8971726956972f866c78b15f52ecf9509111fdca50e,True
456,L23,852729488458432656,0a2c787b3a41d7f4bb8d2e475503389b0c8d3c59b14eae1f6e9bede37b903f6e,True
456,L32,1561774578905030160,735d2dfbb89ec6063bbf540dd85c5421f0ecacb240adde78252292706ceec93e,True
457,L12,17852073606438501306,19247ae83fe13a20e838130317e673170222e4ca0dc591d484966e0eb46782b8,True
457,L21,16115865973015471819,092b6d22cf788036e7a361c29604020801da15dd75614b880b910f6ebe81c2af,True
457,L13,6820196877382543260,ff8f4f3f31d35a66a5a50ad7ba4e05bb501a1aa6c7b9ae0ab57231511ba0d022,True
457,L31,2947373487538968294,5e7ce2c6cf5456ef8efd36264130561f94e8ee5be5bb34d3f0c82d66210aaab2,True
457,L23,17942614763942876725,bf88236d9b6c87674305711db0f3827ce6a7f762a792124b9d5203d3a35158df,True
457,L32,7333390543294210937,4178bdc1467ef56cda644820d07c510803590d05f341eb4f1118695d879dc936,True
458,L12,9505766008800812279,b07130f34a50ca6c144dfafcf809cdf41921391e290fd48f8094c3537bf5eadc,True
458,L21,7867158302261376732,d3ed0b1dada5375f29d1bf98d52464034f23eb1fb255fd2d653b9cead33de048,True
458,L13,4736862285211809644,a3a78d816a02946b434802545801eb20987b10424af8af59a73cdfee7618bfaf,True
458,L31,3452793864080328000,9b39b6f4f008aeee525a7663a0abeb60580c1844db6e73f6ae37979f066a8d30,True
458,L23,2423296991142009111,e09e27312f812e821ab2739a64b64edefb691c9ffa73d26b454871de0a498d4a,True
458,L32,8665732831563277130,973038ca16971aa69c7c835830f0700d2ccdc0fef1d4223cfc1e58deb9dadc00,True
459,L12,18275880503732036388,6b8032fba58a523677e61e34ceed145d8e39d4b59f81bee95b21e76af980dfe2,True
459,L21,16515820408274654214,f22b61981b2ccadfb1f622f2171a3b714758b416a3e192214b45912737cf433f,True
459,L13,11814756162153487106,2d454608c10cdb937860797536b1b5be3af5ce4473aaa2c1c3e7c29600b0e36b,True
459,L31,6333235872825181122,18ee0368b42b4cd9a64fa477abce4276a5f2f3f17a6846d8d20f7c6b11743dae,True
459,L23,7475851381675426080,5c37d092a302446c92dd9b501c304c9efbce513e16b8fdb9f13efaec59d2b519,True
459,L32,1654529694839229510,07867921cd79817fff6e93f6e0b1d79ef4f467de9b91b75b066ce9c3d2bdbee9,True
460,L12,674261932126420150,219ee17afd8722f4a271edeec271383779979df6f2abc9e7f29f48bb69f974ca,True
460,L21,16160866316536043092,e980978fc6d831b2fe865ac0e33c0722c14099cf14bcf301ea0586d2621109c2,True
460,L13,10489822687904098648,0fd23d3cae99adcc50882171b0728a3196d64e18d88f3340a83f67320f887ac6,True
460,L31,9380773641606538465,0b1c6d689382e453e755d56387f69682fc95b66e906225966b6696a392a46198,True
460,L23,11066076155984165703,61a6e149b760317c3f413838f7c85341ccd3372b745a88ad571f7cd3de6e503f,True
460,L32,5935181730641273801,fc940e06e084d02b25592e917359c722e71c84c66334c28255334119d9c243c7,True
461,L12,13825790160258157170,65b04de14cbc942863228cf9a2fb89871c52032ad2e9417c1fe0d3ce56d1602a,True
461,L21,6721263172723498612,c3a2fae716cb4f997a8dee81e961385231b1e9fc98a20bc257c61e0635b136d9,True
461,L13,2585462239314635960,e12d3a5ab5fd4f96b7b2650804a8402bf310ee1fcc72b00ed079d8a1756a7ea4,True
461,L31,15526282435889895690,51d11537b8e32b4e8a5df85b0e8b3c3dbf335845d90fe23c9fc488afa0a51499,True
461,L23,15027950924004382046,d9937cbc57771a2b5852bb23b8d296960193595a7211dfc562f4a214b84881c2,True
461,L32,802322386615032960,eed3f63022c78db94d73f6fb163f2256c16ed7864634d6f56df33ecce068cd15,True
462,L12,8038385171212796143,9dc63fa8cd914248fa1b89f70fb9ba393288ab7177b44dd0666bbc08f59a9bb5,True
462,L21,18220892015738026012,a9b66e182ec41ed07afa090481d8b779ce79cb9135c77efae7adbb13fabe1447,True
462,L13,3778495866160755764,a2cc50ae60b772321efca7efbbd2d4ace1ce29b36c25ca4a7d0d1098f0948464,True
462,L31,7473337348905261807,126885708f5b53ab8fcd44d3947fefabbff393fe8d0a27a97b46a6225bb17351,True
462,L23,5961236022268141473,7f02b81ec9822401cb63834aaae0f69915ec118ab66e7fafca15f05c7097bf96,True
462,L32,10982764822238035753,021b45b0027653b4b716f7a64566d78f80f08e67e38cf95480a7b2ed6133a5b8,True
463,L12,235547524537039505,95c60c700d9a5615ff4a1f5cb2886d655f4f338aae28080635078e0080d7a8ba,True
463,L21,624952819663329279,2cbeb25c05989560f1d7dfc5fa98d5a08c7e4a5d7edfb9079ca4b176d2da3e9c,True
463,L13,15534146534818956604,b62d84871ffb233e62fa2e8241832438e28005c36ba4a99ac2bbb4a244569f64,True
463,L31,5066688088543950275,7101e898f5cd8813a4ba9266c7e0fd760dd31e2ba507783d515fec642adb810c,True
463,L23,9536408562078765266,c0ac9a00550f6952e05d3bad732d7146b7e3693a9879ebcf7eea2b85766e80c1,True
463,L32,9422748338147379286,ef9d70943e5fad6046a8f70fc8f7375f2dbaa20a8111c1a9360ce2c85b225189,True
464,L12,18314602585798465123,8e83d68101d5eba68696525feabfb9e2e2ff211f002880e46c4214f05bbe395b,True
464,L21,11328484830574315148,15dc6b4251837ff452bff116cbfb6a8a53057cfade0846a657e4244e69c7a6fe,True
464,L13,7863344259822039175,6d89563f90630a7860960b5ddd4d67970e7f51fb4429ffc0c071ae841c276a2e,True
464,L31,13970012828090088237,8bb6948ab95fefa346ac08c9e5b32f7ecd3a9dba3804c860a0673ed177f17cb3,True
464,L23,17330106453666898994,cedda1af10656076c83945becc3fdfc88fdf3830a0a95dede12a7e00be9f5db3,True
464,L32,6175834436318433024,0d4f2d01cde9661708a2ef8d97d8a483a732a19037c60cd15941620e0034f9d2,True
465,L12,1044347617786678390,ee662c3a97eac48d4f85277f3958a7f926c009311f0b09913cf087ac8d77c46b,True
465,L21,10426159627791598192,31f4ce470cfcc8355208240226d8cd53f3b1f7897763dfabd1614588d32b1628,True
465,L13,5194227350069160983,f58dc21d588d3068007a236c816c6be9a74a5e6e7348eee253dd765548cc9da5,True
465,L31,18341038598487466823,43b6a953fd41640bebb4e846516640d6a9ea6f2c7c9c3b2ad61090e8b22aa6bc,True
465,L23,17258472415938217761,1c7b81a12d05610fe8917d7fa9161ed60585d38085b2143dab665d19ed1cee3b,True
465,L32,1397741037377165429,afa6cf4e90c0b4a1979153d98511d42cd3f13f99c0013ade1b008e4b41ae0b88,True
466,L12,13351412276026813058,1091ca221b1f6d9f2c2d3837906431e5701c327d2b1a69fc8f7a2083f6d68945,True
466,L21,16189975373711570280,3c5420e2650e26aeb40e735336b8a48ba7cba8c430140c9036efd4efdf7d5ca0,True
466,L13,2710188875498157648,59d81e2866816c563805df14ed5f078b9e6b97eeccdb08d069ace37de685c302,True
466,L31,6421982363285323045,b54c5802c09cfe06db2b4e78201deaa8a35b09684e4c62cabd31a480af3f978f,True
466,L23,7526689937437991151,e0695425cc6aa9b485063d539785c4cb3eb95d6b45e1ac74a0118c5bb65d2ecc,True
466,L32,11161993386623157474,58812d0de7124c26f37cfe6b2fe42a18dc5ba3ce1db2d4a15005070a03e5d0a8,True
467,L12,8353465238995946440,1459501a0ed658eb9500dfb8aef49027969f9222e3af2e1dfe6bf53439fffbc0,True
467,L21,3098884588636266035,ea2b9885cc1cc988b8bcf28edee50661d77c479155ea2655033a70119205e695,True
467,L13,10319276751182732257,15dfa051b7e917d59704d98033e3777bfe3305e524e5d37840f636ee67753439,True
467,L31,13020768203564075827,02803995821cfcd3a18ed35aa036431491a9e9eecb3374554051b7ba04b756ee,True
467,L23,11453627556787560879,cf074df1af7d0635b5e2a8d742aaaa3f02d35964ae715340988631c3234df35a,True
467,L32,4284405642992206838,1e153c33b84da35aad3f1b2b7f06b54328d5fadb67a700c3b9fb91ccca9ceadb,True
468,L12,388557921805009013,b673c14cc2263e325814031e196f269e30b63b5c3cb8166c90fb9d55936425ad,True
468,L21,7147190689431468436,1c4de2b25c66da11c513d0406d9c1cb387fbdf6f7d15975f5405b07b69e7d871,True
468,L13,4790043153779414897,e5c45bfc4e2486c0dc080e924dcf3d333d82a52fac87ccf1f004422f89d9c017,True
468,L31,91202114342634076,3c6ab27f8092178748ec0fb0b1e0dc21012bf00897de78639ab7ea4cf18e05a0,True
468,L23,18184066790299990939,6860b70fb6d194d1cfea61d0afa980b5a45eac289c5585703d2fb102f1d45ba9,True
468,L32,11611829796436245740,78166844041614e663dea08097da8226a1673ba359487e7232d15f92c99fbb2b,True
469,L12,4491205963096069311,4d8192bef55f69de86d4194707236a8d498d7b67675016e148f3c807d7f079cd,True
469,L21,4257954797893260233,5cc50ad4493b3433459307063e9c7047773d6200ce289e699625675d1cbd220d,True
469,L13,16659127139276927437,accef79b6df9cb59cd9a8778dd45a9a5da2f6647781cd0fa17f834be206c6b66,True
469,L31,5096097160880804973,498a937ebb67d77944248f1432b09f0cb7a1128a8d7ce9db3ea7384c904fd4f0,True
469,L23,13730453702168738989,3476ec6832eefc2f976ceaf41d07c38912ca33d9de554878835c9a12be9456ea,True
469,L32,15223101268185443524,c79cc84a51b52275169071b1f9ce0660b6952f85015398a8e821426380afee74,True
470,L12,17392362992759236010,7c122a8fb983472bdec96cd2ac4a786addd627ac4ccdd89ac74d1eb2f758dd65,True
470,L21,2331050036436325061,b7981919bb54bbaa4411ed6a553caeb10d79130f58b5f15a1a2279434550f797,True
470,L13,7901691278528472450,ab0d8583e945f26c7683d1e6f673a3af6f90512d54d3e4cf2c4f5fed2456d7ea,True
470,L31,15437990456350141743,29664a8103ffdbc852fbdd16c0870fd6aeee52c26d627687af5593f6339736b2,True
470,L23,3102715175565981083,6e1ece73de7fdbdfe9bcbd4a56da6eccd43ae2c13e3e8b2a2a8e868328d4da3d,True
470,L32,13997796554114578645,01d9928c71e6bba04978592d5790d22cf1801cf59ab72866dedc3c6cc59b3a46,True
471,L12,18404200690237047965,e1a2f9960e021eb9ce0318bc14db83e637ae9f186419d9ca51120d5da9c69816,True
471,L21,18007242359160073188,156d050d3598fce5bb9863a9d9c4a9c663593bb3fff5f7eb43fc14c2a942b006,True
471,L13,8157320529572950635,3b31cd2b708140fef3350b76da66fb6e9c11c05f8be138a852655391ee21f681,True
471,L31,2123967323788303564,abc568bdc7d8ec08a1c05781bd4f7ad2097fb7b05f41a372351eca866e7944da,True
471,L23,952478649939489084,af2bdf95c0196ca5d1ec216966d458ff54f930a3618f8a3e026abf6ce3d3f7fd,True
471,L32,8712094273617115795,dd2b7b31b807847b6c179adaa87ef7ca994c0354abf32769b4e2c4bae76152d8,True
472,L12,8252431987098512179,f601a5d5fbb3c55b0a956dbae25b6710fe733c1db183a70c98d9e75caea1151d,True
472,L21,15909066545095604822,649275baf4eec0a6827f09604483e84bd4751eb46fc87f094147f7a136e5db22,True
472,L13,4883563618703089418,8ecc39c5b50c5dae671671f2720a4f5bce637e9f2c5ea09f16683142aa8dcea6,True
472,L31,14713018599936830734,5bf2c8c1279f37b926e88a90e2b6d9a8aa097207effc4132ca35f05533d5c830,True
472,L23,984645509134956119,3df2a3f5b13628b0e2263a4331dacf2bb289c55f8d6c1b4609a2255a106a0379,True
472,L32,2632382326771295448,dfac15baab20b274e8fe8bb5efae64e90f23580764474fd2ab49a4cd08bcb583,True
473,L12,1957233144564018387,2377f739026db28328a51fe9582273a76c9114dcea5556e95f828ba0318bea0f,True
473,L21,3863632262920700249,4dd608fe28c0200e592859d9eb89406e7f1afc1b2014cdae39280fe7507b26f4,True
473,L13,3789073303216633951,1693219ce60dcab306a7b58b690c089d60e49d98e47395d78070c4faeb528831,True
473,L31,489600803842648559,166fca38bcd6f90144ef10b64845119f86bf3e206581aedd191f8b003a5d1b4c,True
473,L23,9009955016682063933,4cb918f99dc25f5612bd2fe8629e254271854f55bca956abf6e8b15db5420968,True
473,L32,10123849759008984608,cc87aa771be0b5a4309cd175e7712d36bee4673d3f02d30efce1c626b6c26d43,True
474,L12,2487251299493620103,fd18b17236125d3a7789be6bc24838f67a753ba0a0fb5e710720d66a7117013a,True
474,L21,7976930611302727586,33352e11eaae56cc7c6254858d98c07f69e395488ee38472c54ac161dcf4ba9c,True
474,L13,5552566226591935247,3d61203c17f0e0124ee10dc396b93d32bdcd91f60d2fa9244b9fe190b7e06419,True
474,L31,10035888054617998695,43f24211b0a3a45ec74b2aa282eee18ec6959932fe738b643b47055a35aa0f21,True
474,L23,13512196098265615910,2ba1b90d97b3f7d7caa7acaf1e241e5298be3aee7b00fbc02cdc1980344a8b4e,True
474,L32,11216869856914936849,c7b99c2bed571ae0f9478add9ceb0112d978e926eeb165a8b95a40ab92c711ad,True
475,L12,14996716489319348,b505864ae967eb26c79aac717d0219a09aa178eda27f777f3fed6a2870173717,True
475,L21,7378857550945392542,f347baaa9b99ebea5a7c754317feaf2a3e9f352f20ebc206804f7e416614ff44,True
475,L13,15283009098265557939,41b6b30f2c9a788545f74e151afcaed3b6f377589aa7ad3bc36ecd3796c570be,True
475,L31,15703464347215207953,fb4ed53c03160923c0285c7f7ffbc366fbea5de257f8651a194f306c7892edda,True
475,L23,15751718132160612022,16f0aa48868c0b92efb83f2e3e8298b34a3cc7cf3d1f78a34b66c9bba0c6c644,True
475,L32,13578260476732553520,543e6452d630daeaa63b25b5c6f6119a14439f6dae0888e0d45796a2d9cb58a7,True
476,L12,2338383606052404937,647e56dc5c362fd19b45c2ae2dd9fb17041149189305547315648d3716232f5b,True
476,L21,4854711351045215115,50e8da9a0f9c7084a506357ef73cf7558227656425cfa47639662b8377d13ce0,True
476,L13,5358638266907587447,92b3fed11db0c06f636601268a5467a4b4d06583c20928187120b2ee35be0563,True
476,L31,4908249768172575562,072175e24e28444a47751b7ca1087bae77e8fe599819f490c85202e51e4c3c68,True
476,L23,15538308942900906558,155c5d52dbf685d3d7696df12d0f978b5e91d350f7aca09f00a245408f93b4d7,True
476,L32,8332287493220444752,7c71eef5a254b1d622d6d72c220e91296bbe505904ce1a526e2d84e15979b51a,True
477,L12,4796483690216446288,6d7f722c4f66aff927a5415c7ce6a9059a262bca6197ee4a0e568e9731b9bebe,True
477,L21,8901873932856310634,3e303ff04b598f116a359f07dd027a07e0525be99eddc31edaa989b4daee6e83,True
477,L13,6108786572816889328,5fa6d87ed5a41f3a3f6149dfb00f58f628ac5f42d8c5b20d761d9fbc4cd158ee,True
477,L31,15870718842424497069,2b307dfd2cf2f2b2954c652635172501f68730a63fb65cde8192832921882068,True
477,L23,6393465997229713527,d27fb2872a4f0a3f537d3fc3733ae44604fb21c6b0481d0f9dffc721021dd72b,True
477,L32,17459080327260449252,c57cbc8d874fd3c2a7cf10a07409d558dc58ed1464ad50c8e26183a59fe0a648,True
478,L12,15169253364087922775,c2b61d5d97ab2f4e7ff5966a00cbf9a760f2907fcf7ac13f37424a491393ae53,True
478,L21,16081655895061371789,3c9fbf1f1078b2e5aee3bb9244227000f3463b5b7725f10ef4419bae17896925,True
478,L13,11535601974798979641,a971b6c8526bf8be39d322cc97de7526e4fce0a1ba46c22b63bd51ebe4e15935,True
478,L31,14070244428382398335,e67450b970e0c0e87e3062250c9c16c824a95eb0c3c7503d2db4ff51f1ad40b7,True
478,L23,11414664820804085966,e0e02800187ddb6efaf65cd24099f5d63c9b4e4a74e47d701d803fe3994f00fe,True
478,L32,14200432041678112507,b77afe863f55dd42efd87f7980566fe9f08fbbd4a9070623cdd83df004d419e4,True
479,L12,7123553921902628848,5f3ca941d52a77e47cba656442706a8d35cd7b4375b2c06b8bf0381e32bffe38,True
479,L21,12508852425144954841,51a7dc23ab25b4be9ac4367bff5b9a93814712ee8871789404e5d9ff8fe9a53a,True
479,L13,799936487558752478,a8827d9b1ccf80399b5d1d157da33996543fa141c3fbbdea9bab50e00851b15b,True
479,L31,16806671429907813944,83b1db5b6f0752f4288f924a187f396d163504845f6768ae7ada8cb1c370f86d,True
479,L23,2288034749569755146,4c57100b9efbb263e805b479e59054066fff485799fc956ad30c4b17267ddab4,True
479,L32,11907615162750550120,4bbcf26d6f3e1528d48d0f7ec858403dd40a721f5b123ae81590d28f11c8d9b7,True
480,L12,4049594289131882048,590c708bce5fd7496ec76265e8afa08b0f39d2bdd3c5154c549284c911d4fe95,True
480,L21,9850041180042716239,bab390768b260b283b67ed87859a39937b3f921c0b4343e87c031270012b070d,True
480,L13,1363527063196781859,75aea78ee4d70161c755d70da061810d53c7e9f0a13451d80e8038f9f766a803,True
480,L31,5715834877854141472,43735d32d8495ecd09ec64b206479b531ac2550de2aafe1af7aa54ba0a1a6081,True
480,L23,3056940053126198811,302aaeb751d6237471104e293729b9de6a26ce6fb68652bc500ed9cc35a47bb9,True
480,L32,16498163087456501184,4f6a4465ffea513456b820963398d96d2d5864c0765e5d79dddadd42f2526bad,True
481,L12,453514785380439874,05339b132b5e8248644341e777eb64c1f89b663e6c115f6044f99d75e227bd02,True
481,L21,739864213744987104,0d2e30743ff188e150209a65d8707b5a34881cb0c6b487eaeab9a692a7066553,True
481,L13,14434176094147033842,f59da61da364c6a7fa050c4ed43864fea30801922b91eb4e45270cee94e47677,True
481,L31,7021281285998138544,20b11578075d8ed0c6c83a4079da882cc85e544285158abdff5ff81865d6fa8f,True
481,L23,16930318835779742895,11f27281663fc36b29726d350283935cbb9386ceaa0bb0f3f221dec2e9ab84b6,True
481,L32,17078666921602575003,3de6203cd556b4de8787757074abb7226b03d8d15884c7bdc0c608af086c8608,True
482,L12,11923064468310347779,da4a41a458585ba2607586b1169d1fdb1cb2febb41427dc5d618cd687d2de951,True
482,L21,10193546687499948814,1aa8c2923424c93d0a0caffdd1ac8d5f187a5e1bb28eb10e44b65bd46201b38d,True
482,L13,14542083497859817436,8d2c4f9a8c1d75d5107c073e6187ce4b03f105c0cac25c849897d85b0477b021,True
482,L31,7543950528873789961,635131cf8e90ba3c1f6ee036fcecce062a509da7fdf8270189fe7c161303b376,True
482,L23,9109835775389684823,5cd6d783e7a9831ae52c22d419d318a64449f5a41c0d474279dd64290bd16cbb,True
482,L32,11463921381195991341,8ae7140be1986389c4899fd641445d10ebbf5233a2518447590e12055b7a8b03,True
483,L12,14972232098512797662,be917d2a3060eadb6031a5e68e0dfe812a0fa4bfabdaa9323ef210de95c9af6b,True
483,L21,9604761357414813791,a8e27165b02253a460033312accf478e1b15e660d6d53f9c0360ba83508ec105,True
483,L13,14075590890758153495,4fc422a10344b001c1d6979c9e7a7e9a1b7d0e43c00461b9daa4ee28e3db67e5,True
483,L31,11542887921568057102,a7c8e5b9d30d1e365951ed159758810c7864a302d3260796a8ad40600ef06f94,True
483,L23,1574401934604994496,ce911711368be0b415d873641e1b1f43fab6d6c35625a5663f5f92dddd420c3f,True
483,L32,1271510441985960943,acb464d6b8b59a5269b59cb88c6c12b9a0597fc5e5a36e5e4c6bb275f3acec3b,True
484,L12,7106624180614929709,5a154c7c766734b745bc387c12062eeb53b7aef498c0e8ca9fd7e5fa50642c67,True
484,L21,15302067282680838507,044fc1fa180f9fdb3747b711c48bc8e3c1081ca1f93424e8f964939a5759b188,True
484,L13,4080116005777225277,121dcd1686edf3363bc9046d1d62d7835de45564c1afc6f51d1621f114e62f11,True
484,L31,6424327530510135318,51b99f1cdc49fff1b6ad167bb6900eafc0f2df633658ac218a6f9815d23da366,True
484,L23,5097194649698656045,0a720fe698bd25ba851046df8c156012bbdcafba45103016aa985c015c276860,True
484,L32,15718704309510800769,8e14b17b827074b33815f8a211773d022641673014a589dbe3c13bd0cfa8afdc,True
485,L12,3377146903518491607,216b0bca8a7c27113754ef2989226bf6d86a1e67c0746fe0bafeeaac0b2580c9,True
485,L21,2143660232640947174,50a9fca63d13a95eccb8971d822841211e056cf770fe5f4f0128820d92f3969f,True
485,L13,5471423043802565465,4d81abcf994cf15c214d82375d008916c62ecf64db7666e83715708b988c36fe,True
485,L31,13261230096493614877,946c89fa02ee32a4de4db2e58d0c15869a8dc6a407aefb1adfa259a5adca929c,True
485,L23,8974955175701379238,c5a90850c965fdaac485c2543a23c83194c88ea71f9f2499df6def1083ab9ffb,True
485,L32,10599075978317116452,f22f5c9167586a7190461bc702d814ae51e96807d3a9784f5faa81e03c1fac8d,True
486,L12,528854288493697950,3bde4c29e4273e317451323a6b1f11f3ecf5625ad9fb62b935204a07449bc48b,True
486,L21,2219842953592351402,f49171feb3cee907585c1e41d31c1c9b7520f9b9e4b69f7d8c7a0ec0f6c78396,True
486,L13,2023884982525634860,9e634f94a87d08dd9d0894ac68eed0b646a3708d093f18a215b0a99cd7281bb2,True
486,L31,6242974793786982087,9d868fc770cc6b0351c1529a19a32f11a8bb22a364ebbedc218a2f50a30beb14,True
486,L23,11386892428905385436,c8f0b539f50305ba550490228dc694923e3c6e8695fd138902e6cf3ee1d6c828,True
486,L32,6926712971602262199,52aecd49d64a55f4b5ce9b6f7ed401186e9a84a510f1be68b6213e4484001d77,True
487,L12,2550874804181715709,f1e505279d41ec8104ffa52016abac95308a81e64ef862672a154bc5778d4ecb,True
487,L21,10020839639232526304,b5ff09291b0b1b9a2085b8ba0383d1f8e776d8edcdcc52607bf0414f6efc0c72,True
487,L13,2962010408746987024,38838516cdccc5b4100f6fb6545b7122c11cd565111379705fe1c804f2ce415c,True
487,L31,1960065689631277224,7ecc78d6406e6a62c9c467bdcfce48cb37829990463cce28daf957fa5ae64fa3,True
487,L23,17623315655058928469,9b004b31fc695cd845c7d4af6ba26a3c7b73d198e420b506e16383ecf3c8fcbb,True
487,L32,298928994958359191,4122be53d21c5bb451f10fd9c926297a523c50b8517f42755fc9b4c243181d46,True
488,L12,6149276635053146673,70639cc77cd5c0604557ae5b53a09c2f3104e0e921080617d56ccdb89adc2daf,True
488,L21,2082663177871593089,3b2109f630b11b1e75f3c1b6d85c0e633325be81f4c3d4e43272ec1444fb9d0f,True
488,L13,9452963072047726691,663fbe2138281bd313679fa4ef66182d56c3333e60be31c7865b459c16ade561,True
488,L31,2389528494872459601,4689a4e4963ab5ae63d4489f12cf594bc32956156ae6e9f71756b008ba35a2d0,True
488,L23,18203237166057512778,7bcd58b1c64c47c5c92f7b34a62f38a1cf650ef683a52e6c5f46c199c06cbc41,True
488,L32,16656922891871431407,0156eb7de59fdfa3ffac138c189a1c0d310a7dbb9d851b9033543dd3c4c03658,True
489,L12,1312769552756977503,3f0eaa960bff712890e7ec5517dc368aac5378c894892020eb46385e99caf9a8,True
489,L21,11300390716676517306,aa44e429b7a6463651e4837e394150d9b6ef08f61baf1787fc4d918b0a80de1e,True
489,L13,10057906479924084057,3c3f39fffe00b2fc72e39ac57c9c7fb05acef5857019e737cad40c451687b46c,True
489,L31,5529853791846088632,ed4acdff220ea63896958ab17af4bf09a65058b9ea7f4cea98268add3c973dfb,True
489,L23,16733159262446606323,d251c2e3eb2e5b13bec2cdb48e98bae9bf3767fa04b96d4e794eadd3e80753e8,True
489,L32,7603663901930500807,61eab068a49df61a1fa0abd5ae822906a71f1d3db75553241f3a96e8b424a9ed,True
490,L12,3913341888360613100,61ba904dd898c71ebdf9c83201b9066ebd9c043a6d6fa6e87d2b8a238f23b660,True
490,L21,9863975199330969852,27874cc793d24f2c7dff04dd12f801297cd15296fb261fe07d7adafe07f9f1ed,True
490,L13,3036001395031915060,90ff88f2761cc4bf446105ab73f7826c685a7f28971e128bcdc9eeb5be187b05,True
490,L31,7613126602904658024,10915976d2ef186e34af6ec08e56386c4095905e6461e0099ae1c6c564786290,True
490,L23,6760316499412023612,16d628d87b3561cee2d71d231e70b976b9e1f37346122e34c7f09341b5115f86,True
490,L32,1610926691235498222,8a91f385fe5667a71d283392cf774ff8711921eeedc3e18b6a82bbacd1db1633,True
491,L12,3151454728924303780,0dfa579a23b1bb4a1fadafc4ca62d7628ff3e765bb56fb33db7f4eec9ad39338,True
491,L21,8616254880477236355,fc3a4563a4e0f4ad3fcbf1f46ccd95a2f23c6c6226b5882304609b2351594761,True
491,L13,8303699862507924461,b1fe2faafac578f291933042e8b4e17f6203a107f1a1820349a3aca722b2bc85,True
491,L31,17727608829533666357,62b899199cdab0a097992e0d8ac95594e933d7448e134e5a8e32c12216a179f2,True
491,L23,16933890792186126516,08a4b9a2ece04f7a65975c4823fe7c1b9db34e52b0e467593cfe8d29693eaf5c,True
491,L32,11303105645519834689,5b3bdca48d56188860fefe4b6894900c1a7605b0bb210f3b4c8450fef1b7a632,True
492,L12,1681172610842384436,c6b25ce68786ddfb7947ebe6cc087a2703c0de9d061ef2142c5b1ee6f5df5ac5,True
492,L21,8587555683215696085,1ef790c2675a3a6641db03d34f47d819053dad43ec836ab0781297ade264d126,True
492,L13,14274752821311723469,1b486d9fb17ee908d7646a6d6b90e5db5f2aecff332701e96a2eb8e337b03106,True
492,L31,9656148327627851480,6296f104ad4b491ef58dca7e90fbe16ed0f6d3f58cd90aa3d9ca35510161f851,True
492,L23,10629277516548257761,37d847ad247cd38948b7cd150aa5b5adbc47e361560888caba2f241e053a5082,True
492,L32,1228792277030688588,9d7f85c1d16c812f04f4e6b2002c789d7a3342f3bb0639ae0a13766659762499,True
493,L12,13005614699198783318,a6027b27035c68e2ae16b7a29b99bad7737ba15a4735cadc45ea16b50bee4f80,True
493,L21,7550644118707805719,69c1547268b613382ca6d6fe643067effcdedbf2fbd5468d6f8e165c846dac70,True
493,L13,3551015328486468153,df026fdf60eb1b733d1ba957955c516ec66495a750a1bd72e63abb01f85358bf,True
493,L31,6540193356488962555,9f6379bd82f0194d576816351457527cccbf1591152b30341c649242446f30ed,True
493,L23,6497974819498882430,230f6d157ebd27b50aefb3c56fa458cc584aa401e5005bdf49f0b406ae8f0455,True
493,L32,13454179354478351960,c02f1209a9b1ad898d4968e98aaf6dc8166c29625ef54431738b60eadd2ffd30,True
494,L12,6090481037377413792,a88d5799d874cd358450d6cd0772c0153414ef30531888f57ca82617872ca13a,True
494,L21,17102752633558709574,29f5faaae6cbd4c7a6d7e119af357491ad8e841d51f0b2d55d9af00f85727412,True
494,L13,8609118576109949835,55681f6d21b485a566c667056219e7558ac970ee2655e05ce54007828562a202,True
494,L31,17809104439716401418,57034f14b391c8cc913562e97da72f97402d02c9f574a98572472158bb0deecf,True
494,L23,6541883549768433247,ac42d4426802ab13233b1df572c4bb18ec1f3bdd771182756a85d01f7cc2dd3b,True
494,L32,11888771061419513643,1bd2093784a9a7e8b639eff4731815b669396eccf66e0ef0a8c7db3b8130438f,True
495,L12,1218023887946727707,47a4327eb990d2eaf0e65747680af98b66ff8aa135d371dec05d9c11255ccfb4,True
495,L21,10213960317670155149,a257682463c8be588a224adc913c385751cce02ae4a49b801a313f5ddba01017,True
495,L13,15763753790820087276,ae1fe54265df1f2b98d82e078a8b5fce0aa7b80ffa55ff44faf27c91500647e9,True
495,L31,10732442565830382903,277f8c13813d1b72138499675a4c51677139f2dbd2a645c1720b01d5f0c8ca11,True
495,L23,909396053868202616,823e7e0eaa11a218b3a1b1839ac5b019be772283f688c68021efb2b2255d4c20,True
495,L32,14265378762006876344,2b7da4ec72365e1f544074937a1c9aa0b8b62209440bdfc20b0317e934b0b9bf,True
496,L12,3154257432067318465,fceb238747b433fb53334b6d7303ffd784e5892ed8b5a5c51ce0ae4304f5099d,True
496,L21,17161180799244052404,186b75539d0fea7d637444fab09fc1a901b304c56cf608548335978dbc00a5c6,True
496,L13,1260951153657623457,9cb8277834c54546a9b74ae7a813fea4715fdb826be1eeea41b6e0e66ac6decd,True
496,L31,11661410519152893908,929e7cb71f21c54f7e2c94354e252120ebb49486e15caa3f2cbf40baa89b9411,True
496,L23,3772064330027125836,ce9e7c843dead338faf9ef939d33d15d463daf4cf3caffa80abfefd8a880961e,True
496,L32,14746104823009350298,0281f7da1cb77b3a26ec4e4ace3a1d0800da3284a8320c3c1ecc0ee0121be9b2,True
497,L12,10183335711205638267,cbd221573c98947e7a89109efbcd32ef36f5069fc260c79cb7a403f2b6351ca7,True
497,L21,8527459627483516514,688d23c88a348f05929e49a65af79f0bd7e53ac092ec559d9094738a741b6c3b,True
497,L13,4775507045522411111,8ba8cf0fbe9c6a52036a9b076247bfe35363f1819eac196e85b7c80e64064c03,True
497,L31,649899817123756314,28b778b77b82c71ac429da2ff02f15d40fd1029028bb60109cca8a48c792ce8b,True
497,L23,2078726595001343425,e55e85d4f5b3e746046ce8796c7704fe46b1db42c0a290f31b4edecef501e093,True
497,L32,7063403341612985946,b5f5654845832780891120305cf388e5b18f13a5fa66b579e11357b240b353e1,True
498,L12,13660663192514712729,398a2ff6741f85eb56cd76576af12a3e3016a28a6e625317c2748a2b1a3773f5,True
498,L21,15492075814514163473,5a1d0d8ee94c576d9b2c75895e44a82ed47f5539c67b9752c7a38ecf7ad189ab,True
498,L13,7310161892990506588,705818b556a8e1726d944293bf721089767daaa020d037618ea3ab0a8c54d1be,True
498,L31,10800925265325535047,623c664a063d8cee2b6a882f717dfd7fc4ffb5d2f7895dd537dbbf1c852b6887,True
498,L23,14576233526028682543,57bb08c3f04207495edb090f4c12a6cb64329a40e34e01d1426890fd9de897c1,True
498,L32,4400290174423525692,863fda2e5482149244f9c3d6fe039fff739aec539345dd878587504ffa754c6a,True
499,L12,6409612402523314376,1cf670f5370d76fa7796606d971abfb641b799173b1c5ff70ab6733b33549e00,True
499,L21,8129020085747701617,0b368c3e5863c656a4295455832ac78abf0186c4078f459c08decbb92567f7c1,True
499,L13,18094115001697747547,c6c3754cb58c95945eb479bedf13c2a5e2a33ed8a1da292f3837ff301ee18c08,True
499,L31,13965743934918707402,b96f97ad4977e06d8d76a6fc0553ac927b489a75817940e596ac7264f3f1d474,True
499,L23,11191961338163568893,bfea1a800095e54bbd6513f562dc6e5e398126690c1e539d8661923daf4e548e,True
499,L32,10674027947913737959,d177cae55ae678c5ceaf352fd45cfc93450af3261ebda2b4290cfc70cdad615c,True
500,L12,13932356074053945704,1da6f4e82a9f5c301691b0d70f0a89ac4daa05762f2ec0f4bbafb1fda9bab1e1,True
500,L21,6485474959128018891,daf98dc10bed5fa6ea7fdf9fcd4fc507aa5db6a19c8676f924b70170ee1fdc85,True
500,L13,685506458554978846,5fcbfab4e048804de341e19e3a580140301b980f8a24ef8895c2aa5a2c332803,True
500,L31,15685346416239582515,abad4cfd46322d89ce758a67dfe675046ac0bdbba1d5aa3241cd6aba6f86a93e,True
500,L23,16272106478403193720,d49b8d37454411fa637fbe91d09c3e1652fff0f6a03de58bb7ee631519d43752,True
500,L32,17294179644248237528,cde06faa791ebb425add75b210c192076d9d0279006daafa9bdbb6e7fdb0ec30,True
501,L12,4906459837553436346,28f09844e2a3b542dcc79d675a726ed9cd115cb30a1575363997e8f9b17cadb5,True
501,L21,4915083679577747164,4385eee841c2ab0d4a551268b572dce96e5f2c272e9aa4a11b16f6666decf27a,True
501,L13,6176201085248837385,4323b391eadda7814362caa5914e563072f88c0481a65ac102ac3eb2e29ab9ff,True
501,L31,10625487893026216818,c28b3ee1a013b3c50ccaa77d668e97b063350df311547a0fcd3f33fe2ff1ffa5,True
501,L23,11840512616380669875,38b3ffb04d2b4701c52bfb23dc6d1f457834c5df52f11dc89e99c6cc8543a715,True
501,L32,10191509557807526377,fbb58469f39232a534239f4c30c724d249116be35bd538f2bfd7f5ff83037acc,True
502,L12,16023675369471913941,6105ab69ae77293527e19719b0cf5695460313e747507b2554102ac0ce720797,True
502,L21,7423973031111046698,fae73b9dc52ce882c6c50b58e57392c6f78834d174240fe8b8efe667fe8fc722,True
502,L13,11935440977964292624,45087d49a1cf9702f73f69321362c619bcdacd858bf3c414b7017ce657096099,True
502,L31,10605973323675940296,c14b80d1c7a8ab60465962b5fae3d8042c8536b1aa400a7e2c105bf41bbdad72,True
502,L23,7433846229642002402,058b5bc4dd11f49285c8bfb56b9a520aea612013df5ff9e62b891abc3f030272,True
502,L32,7977025648842762443,1f3bfd2379e8eb95ed9f37ed48b00d03526a7ec09d0a294f816d704b44d0202e,True
503,L12,5667476685165185625,5b445ab686458b53b6460877c8c57da2f03aef7ffcafd02d05f93e5326c22353,True
503,L21,1296639109893616895,ffdf278b9cb06974d29eb735b1ffe42c8f58f49f68eb24aea225415213a40de4,True
503,L13,14580431791233308253,5339d229ebb56fa4196a344d6b617e54527fdb857be8a23ff7fa7f2defe2cd78,True
503,L31,2271231717468851430,46ee1e43cb41b60960e6aa7bbde4abdc04837561427b860392db8b87aebd1ccf,True
503,L23,12004891807772640226,2cb276ca1847104d6520f2d9ebf5b3173d7e6eb01e0f4f9cf4ec87c5ec80bd02,True
503,L32,16590779485161691432,cf70d568cf2e5f162bd92013738126969b451867b2b13b7b46c397a39423fb1a,True
504,L12,4538932342305155141,fa262eb4b43402c6e9f3284b687b74226326d414c420bfed6708f510dc68a2d2,True
504,L21,16627152285249688602,24f6718206ee4673d7d2043175189636d5c9c3320b64a7bd4433a35ea97ed033,True
504,L13,3941857894331568846,78651dccc3be30e7f64a7f86755151c475e1a51f72d12511e57a1c1fa02fbcbb,True
504,L31,3152738418207848892,d0e547d6f7c8ff4d58fa240ab323962eb5c8803b7574581363fc1f033c61fb2c,True
504,L23,6394066593566880523,78a82419cca45a79a9339992c3507b41d683df129a5ea3fce56471e16c25edbe,True
504,L32,6056785006874021617,8ec081fd874c8ef8428566c6a6b8a2688842bc6d83f8c18282ec0f4ad3fa0553,True
505,L12,14725885103242301989,69e802c242b22fa9100ca52d11947307ed25301112f7b295ad4caced1c38b899,True
505,L21,11536726905659825434,e1f773042ffe15f976d460a23f42659cb6e767b85183c931be05e034b1964684,True
505,L13,12821472566066859295,15e6813e063140e2b8055e70f389ad39a32ad8f0e058dfcb44935babb0d4107b,True
505,L31,539173633360596483,2c1154b07e701735d11cad2ea8cffce9a1f307a4ee147695b4f0ad49f26d3e44,True
505,L23,7861533481121347670,5ecbc689938367573c48bc1aa81e751679cc350f6dc72e646ec8a6b9b16a0bdc,True
505,L32,1446118642392580363,2bd0d6f63fb31742589c615aad236507fdae393414ed4ad36e675dc69504c1cf,True
506,L12,9987527670489465262,b793a41596a786360bae83d2fe9d6064b401bfe0b4f896e8072b09d0a8e0fb5d,True
506,L21,7054175359986605937,8175fe8a1e8583145fcb8a83c4f9ae270b46e161b5011caaeab057502042afac,True
506,L13,18235353702301825283,fd84ebcf51d4fe03f466f8e6a5da82c5e58749a80ca3cc0fca964729c784e14d,True
506,L31,18339632134378529913,ceb02a203d664d7d9aa1a5056cb74b20e7df332a75afae7e97c85bd2df6ddf2b,True
506,L23,3593000794047112620,ca89327a681195ce6a34881f336e57c405b018674e4c61c9bf4af1ec216a8ecd,True
506,L32,120903623164198806,de925e8f1cc11fba63a0077462cdb699f0284179ba86a3f7e73dda62fd09e389,True
507,L12,4025913215067062611,82e04dacdef1589db003cbeb911b11278ddf88c38aa53b8b35f5dc44f14e17f6,True
507,L21,8412593270449886419,e96f0bac5def812a7849021a24fe4983bb837637dcf76ad3664f4db0ab1c0830,True
507,L13,7679415234189396525,1a192d320f7706393bfaa75f3e808107c05607f554b88cca3a891c042d20ed7d,True
507,L31,1874255178937443867,d66123592fb0d1ae80d2af79730243ae1aa238f72aa0df7854163ea35e6c8e3e,True
507,L23,13175641371344060664,4dfc1ef6c92520d8cb301ba1d114050bc617543bcba28f5a5c0000525e465d32,True
507,L32,10342940225935339530,3f2c115a3c184e2648a809a64e93c765caf65f6afce813ebdb48d50c9f3d6c2d,True
508,L12,7361690691452378037,e503ffbf8d490ed9d51f231ec2bbee88b6bc5bb9c138f6ef1849069cc592bcba,True
508,L21,16309507316102691179,7d61fb901c4f243eb4bfc90eecce88555a3246b778f637d3826c0df368e74f60,True
508,L13,15863344181479889206,9a133e1a8b84694c13ffd4800ac5985141854d93e9c0c1f2585099be23e5c870,True
508,L31,16050796257403271720,e72cbfdda97379b5648a94b69de9392e4bc7148940287345edf7993f7de13038,True
508,L23,12263836992667815796,a69ade447ce5ac721f4dd79dd81f1ecd63a0314bc412450f066d527b1cc9ec7f,True
508,L32,11114345957876751613,b4b1ce2975072900fa96143b85ffe524bb7b1556ee2d3662a4a13139b5dc4f4c,True
509,L12,8663007540903502912,ac795914dbd07a5785c0d6e4408287b4b9013f803d38b8665b5674803f6dd740,True
509,L21,5342010037227050214,6ad09305254fc9b50d74d78e00186d17cdf9929ff6355b78959f5e7d501442da,True
509,L13,546109590942774222,62ceb663fe85af4a26e54cabd42eb4da76dec4b81e873f2535e7094280b52d43,True
509,L31,15134292376780541118,be1de97437fd253066c15c65df791137795c869d842e952dbae8732b3dae695a,True
509,L23,17224047951081982350,496ae2286ff7421d5d29e2049f72ced87a6ca2277b1f7351b07640b3e9d495e7,True
509,L32,7617697106797190677,b2b80f3c46a0b6d9ad3f113805607864b5d35b6256af8baa313983fbb0c8d30e,True
510,L12,13984347197474549504,c611fb79d7d00fdfd0856ad3bf9945b8a791831fb3f23bf94624573798acbf82,True
510,L21,9860229833138756244,d9e716387bf16fd23cf462773888dc819ab8cad99903ee11bdf1995cee147b87,True
510,L13,8809538442607068072,ed141391f1612a13fc91075fa9e881788c7eb65fb1527d2ac26e58e92e67ea30,True
510,L31,18235779486147618298,db5013cd61589da23f3fb2190e4df53b1db265cea34ffae4546f864305948fb2,True
510,L23,14089178821213832314,2fe743657a9822c771991cd3a48eba6160114ffde230b333afa74473f0cf606f,True
510,L32,8534822901855296556,c306f4642e34ef6c178e337499c59689ae57ad0a10b2cefa4b2c8a2067590d55,True
511,L12,13198995434633412224,022fe05ab8fadf7ae6c2aa9443aa5e06efd6d6f9da6bfec5d916e8959c0683c2,True
511,L21,8946856714955627651,39c23376679141a0d1057c35a0b490e3fdf80626b54f6f49260fd5142de81fa9,True
511,L13,145523339493963260,d822d0ed42b0544cce98e126718b219261aa0eb79ea54d2febf097f939bb1acf,True
511,L31,8845379480723536913,d5ed5abfd27df2c0e794ebb092eecbf8cc87a2a70894b193453954a5680c50a8,True
511,L23,10062389873762573228,87da2492edc56c854840114632003de7ed771352a4242855b8a01ce5d55feba7,True
511,L32,14469248259175816086,21477112ff2408a64ff5e704f52f6e2f28daaad09bb9c5ffb8ff64904fc6b63f,True
512,L12,14726725548285409552,d9406933213d9c8bc724849d4c2b3624f2d835d30bc09923d3f37825b203d6dd,True
512,L21,1168454483762132190,deca4432128a46f93eef1f8efeeccd5a5dbe5bd402402303b30ce05c1801df74,True
512,L13,3000182174755424005,ad630a62f7fb527b4d2b6f7ec54340ec506cc7920aa1261a602706fdaa0a02f8,True
512,L31,17172817530855195672,bdef87c7b24073eeb9cee27c91afbd4044dad7fdaa462d4746620790e226047a,True
512,L23,4884929052449772332,37c168e07d021c0f32eae0dbf3163b7dda3777754472996db82b631c8939edb9,True
512,L32,9827173754699278424,5f7d8590a93e3fd84b5c43be2770daa0fcd26c1aa96a488aa2e93bd051c052da,True
513,L12,14213121130137619293,955d7065d9db3e80235e94bc6c24c8284db359736c8e270647a2d455463d7916,True
513,L21,9195176053298079556,4a3dbd3c451edff1e396be49bafb22c141b18a08cb5373401f117622c04cb9e0,True
513,L13,8193958425646862788,c71f85bd3327dd32b5377dfdcaa0e8fbc562dcc70e9a483797d097d5c1228d60,True
513,L31,1142838703579231130,8fb38d62e227ab5e3760bba4855f6d99a538be66fe96c8809c3aa600c0eccce9,True
513,L23,14967827126758991062,39505e35e6c18a5b60305cc79adce0be6881bb7022036ce53c1b6967c343baab,True
513,L32,18188524258919695525,e2854b4b9ae433f9157b4885717441284f2320d0db1a435e8487eb07466e482a,True
514,L12,7447772378192590162,c1ebca0b1416814ccb0b752a2d13d072fc5fe0d6d489a9271c57c44363b1f457,True
514,L21,13449567650060255792,0bc2172e3cd386dddc2a19aa09d5d9624178a58f9232dc9e9c28401343b127c1,True
514,L13,11919174196304399942,3129b834d6f51926206130932e5da2075847642747259e609cbacdaaf665cf24,True
514,L31,9782782926695621302,6a5ee86073ed17e6f985b3b2fd49d517f3230152821843df3ac2472f1a044b34,True
514,L23,11080874929841842779,04a5ced2132c236d446bb246849d5c53994c8116151c967bc8bac6bbea4c5505,True
514,L32,6782090211774028223,3e4ad489c43064c8d179564b7e4098273708ce45b0bc875bb6d9d01ccc23bcb6,True
515,L12,4823221378096193462,31ef666a3b456fafba6e02392632b68912ed9d9e7a3c0fa5eabf6bb9abcd7578,True
515,L21,17275515525823112708,3fea3c7706b821b799afcabd195c585f0639d6f9919947af3d90b421f134a9f1,True
515,L13,13930951038639288807,aec22ac395793fb7f20a33e68509661e768aaf8806f3641082658591b7fb4ee3,True
515,L31,1311975395108500792,772f26f69ae035701e15f54ebd32c2c0657a01dfc1bb2a0b5692c62234b8dcb3,True
515,L23,11073884988481019818,f64bba011fc535aa2c7d8cd5fc7e4e61ebd0992d3c30fa663cbf6570a8a61fe9,True
515,L32,5689909371549878496,d81944cdf19d913e70fc616202d944174f7c6d6dc119c751cf6aecca8448083a,True
516,L12,1910842473513726417,8fe138ed544eee79498fc859f682430ba03a3213642d43beb2c102927f832a23,True
516,L21,13786541144389754996,14dc2695de2fcbe0f1f1dea7e864f73dd50b050bdee1c284c0fd66ab0afea341,True
516,L13,11113216864681032676,3e8bc2a3f843831655590427c502ddc07e1bb7795940147fd5ed75644aa5b4c7,True
516,L31,5615718734051362922,f99d3ade585b5feac5fa2df16f555063f61af0526575756756daa334cf9ba3a1,True
516,L23,12326618904847181944,cf5aeba3ae790ed696a0398d2519ed19483e449cbe05d91f0be6c1251a8f92a1,True
516,L32,3961663716453835975,0e7eb1e79b0c5fb9c39430622bf0b0c8c8fe0df40ec89756c3ca9b4c1b4bec0f,True
517,L12,17073977877946399676,567f1c89d94a9e944e5eb78f4b4283f04061ce81f1a2cf6cf06a8850d05b702d,True
517,L21,5056867576001728386,af4944fe315fa19825bb8e5326b184f977de21ce5ddbeb5ab41b8d03d663ed9c,True
517,L13,351766932673354433,e16aeacecf9ff546c0dece821228020ceb3cd2394d422ff6ce5b6a115059b8dc,True
517,L31,7628673374261293038,19e06976a70c99fe58a0e4eeba031d5232e2073f214d4c076c9885418d01eab0,True
517,L23,4654002295287102255,c917d3ccb7f6e0f13593e2378488e26270751f434de004564cd48cb83b5939d3,True
517,L32,7231398705059831648,4f9956d3fc3c6c379818de9debd668bf4a430b1e13396f666d6ce00dc61e5318,True
518,L12,12939102767085955956,eacd308e3d0c0656fb5f05150a22291e50450630bdf4d5e4d8bb0665278c532f,True
518,L21,569671829449872755,9626d294e1dc2e4e60d50980a16114525261caec2e7a47f759faccb68508eee7,True
518,L13,5240651137633839118,c9a15a1a15a78c4380339a5a921294281987fe6eba9c32cd232a53c74c2a82f8,True
518,L31,5788780944833864999,5a3426f7da4841ebb69f27a16c66031d746d113d7a316c92fd63f54ebb84b81d,True
518,L23,12141637983818512151,7d87f1f61f676b9fb90ba0829bb75d878f8fa47ecc674ad7fbaa5b775b176bc3,True
518,L32,4063317279212918492,a82b84a137e70c471442014e7a236c8e1b11a32fa0a4c9ae5573dd223df94ed8,True
519,L12,10763517932760457553,8ef5f4dd83c2e7f5c3b1c03f56219a0d758af7669a2788dca8fa4ec5b6a4628d,True
519,L21,1075136825221002316,76d9bd5c129e74082b2466c109d47f03d95ee14c8a4e83856c6f91065cb37087,True
519,L13,12408488059683674903,d39afd55a9b48fc957dc631c039686a8acd623ad13e770d17a65d561fc29ffd4,True
519,L31,6463597905572637319,b5f1cf94c68f56cc4c012338e5c5a95b489c4bae80c7ac6539564ddd6eff35c5,True
519,L23,13252797219840155988,38a596a195a9bf2363ea5ed29554768251fc512c3d32ddfd530d6fc70d0d5f11,True
519,L32,10557967714527314439,d78cc02211d432100c5c1e5bdedd43843275c3394afb8ad5c247d79a07b66a91,True
520,L12,11533053248673535606,c2ac2c9c49988f7176a1f3e57192345ee60e0e9ed059bfa464452efac476fdce,True
520,L21,6617212572969680716,d2b2d35c1a72f05f347c2c62c8e2ff3edaf37554788693fc8d07cbf946e071e2,True
520,L13,13227374234431625935,b91190dd86212729511c2f1fef829f90459873d99e52227c7a160d543baf0946,True
520,L31,13107166673407482497,cd0368716075709ea5bbbb4fd16bea57e5587f7387cd6cb2132c47762a64ddc8,True
520,L23,6173617661165986848,631159d40fc989360b12c5fc6f47b0352e6a377a47c6ab3ec802b1b6403ccb70,True
520,L32,729469484318136561,cef067ce9927dfa1182fbb52e617118640411ac6d22761d9899f6e73e49773b6,True
521,L12,1713562767077606987,93f213d97b1edc470c00956cc9dff58b3c54f3a36797ae292fa2556dd65f6094,True
521,L21,12389862797434953699,f3f5351d28febb6f495d6c27b0a3c4f13ea293895b17bba7357205dc83f3eb86,True
521,L13,10707752740288581428,f6a38333aeef891a41d63d60d637dd9c8492268501f359783468fd75cd6d1d51,True
521,L31,12710768071008697268,05fbfe8e138dd11d8e6784a0bf44b4e858c6e9d61fd6019ba5326e06c832d062,True
521,L23,5813699424162710437,3ffc7ace508cb63f4a360e78ce891e30724bcc6d524f8d6785b59aac73e2c520,True
521,L32,2614030089279951281,c0103e7555746ded9fb3b29ca2a295c1657651c9c3dd695805ee011363f67242,True
522,L12,3214657907368217319,0eed10220ef09f098d3edfbe617928d8022066aa3df5b28daba7ebe71ee8bdf5,True
522,L21,17180144202596641943,67d1752ec857aa527ec85b3388c23ca1b3fa9c030bc0bc4765738feb691a5b0c,True
522,L13,12855499171788110908,c00cc536390f7dc9926369d16704c43d4bb3a9407f0b181ed1d96fc377e4b660,True
522,L31,3600306202566970074,5a6c4c24fe07ac7365bb475501708e9462b2066ced7259908336b24d7eaef937,True
522,L23,4621769440279390224,6fcfc6b2675e791a5464118c066f373bd46b78410fb4a8640ec6effc6a42d4ce,True
522,L32,15223620293721931367,b03a06eb577f960259cbda2e99019521af72eb4335b21de16a8ec3bd1dbdac30,True
523,L12,14211287549210416720,ebd6fad6d220207e38e5f169d989e16dcff893f69ae13d5145abee3529ad41f5,True
523,L21,16718085313523948784,ae33c40928be7a80baa9fcebc2300ddcd8bfb7c39006b7bf0a48b028f4770a0a,True
523,L13,13638936717490693573,28146b61501151840e8a8c81b5827508cb187644c895bc98239897b9fe30c1df,True
523,L31,13197334842207399495,9c2a905f188d6fb865acd5f3772e896d1573dc320c2dd03480df66ba603cbe54,True
523,L23,17626909600470927039,5d9e2a477676db0d15d5239d94c7b02258451835a0df7e9309a6a98bf2aa5bca,True
523,L32,8723042498060352524,53cd92fabac151442727db41821f9f8594c53be644c08525e8c389601a78cf06,True
524,L12,9396948832020690784,ba2cbe2ba08789f5afecc3332e82dc2cab6d6b620143efc977d951db4da57096,True
524,L21,6609696843465352270,fa98434f25074ea930ffe048e32eba9c84c4d59449650af35cd3eb1309546865,True
524,L13,17223033991262176177,337ce1b5f6f0a90dc5dd38910d9933ba137df2214adbb26d57f268d9c52ebe46,True
524,L31,12287712708324316344,b399ceaab70c66949cb24f01c92b3726e71c869444f401c00a79afdc8de73884,True
524,L23,91150852556082284,e5de5f26ff65f5338c9b1b2d48f9f30ffa3234f2a2f76637cd0769b64e559033,True
524,L32,12723503630156192071,9609325b9e2c4afe79636798c62e8344434db83016d3b6f18d55c894aa8e851f,True
525,L12,2491066151998803267,865072eae6e668b65bac3d2606dcae9f0b00fb0dc7050b1aee47914f32062898,True
525,L21,9627671072196603466,df577f035f62f558ff9abae83e154acf6cd3baa40b5dfd033c7d5173536938ac,True
525,L13,2326116629363762496,b6b52ecc22282db86e61b0cec9d01db89a2fa5c4b4f0a87d27b1a3e8c64a5e24,True
525,L31,16951403205617855298,3da41a66a398ad0dac5ff0f188b8576af96b215346c064916f2ec3c0cf1d6d93,True
525,L23,2847144239750182842,98d58b4e430e512c53a5849886b7cca9c5af2ed80d90977b902b010592341f0e,True
525,L32,6827456929540500485,0c1d75279448ae546cd50ada9a413dd63b5e59d50b9ab0fda408b36c5e36a6b9,True
526,L12,16151922291547439559,3a5e14549f5ccb2e41f0260735f26b44724d1aaf46f08bc9d17ec9a76afc3df1,True
526,L21,15815733517787256584,04f67b173bb42c65502d8df3b690a275331660ac250091fb9a95e8415c712737,True
526,L13,12399682374946858222,161d77e76f1a320ec6cdfeccef0cb25509b1aec5e971dfc879aaf1cafc34a9de,True
526,L31,1168455326711227457,6e599b0aefeda8f5b002c0ce16b2e09e5635b30b6c35065c3d803a89fa4d3871,True
526,L23,8253623209857550298,92c9059ec8c145e435db82f50bbc573d075eb4161072b179fe41f0f0f9edeedd,True
526,L32,11142238696614837422,0c833b09085aee7e3f0671f916d4e255e38056827841d6e77e98866a5d877b6d,True
527,L12,11042558295365643511,867bb9132f90fbaf7f59b690218826ba0027c7258f9cdc59e8e62fe9ec9e0467,True
527,L21,7734594022854370582,628bd965af5144125150e33cf47f05924e06ce8d01e7f916217894c4827d89bf,True
527,L13,6296587385359201782,8acd905e5a1cdd3563ee09efd2f75a8430e2e2cd710e0ca361aa182dc28f0c10,True
527,L31,361953571766226951,dff952c30beaf2811f43e320d88080937abe7a0ac8cb591bcab6d25b4604d4ab,True
527,L23,4170051490585464378,d680c1856b60adfe6ea9511960b20d6ee4bdbe6b3670de17570a93b2c9fde33e,True
527,L32,14077060105449574166,c14fc256b95b6c2d1da28ed4d48bb5cd48ef5591e0ca44d8a1373c38704c005b,True
528,L12,17267978651766259561,fc5d03df98335c594bf4227dfe9ad9edd47852b85eb827dfda0b6c4ef31c15cd,True
528,L21,2094444312202662358,12e88f7d63144d752ff225562f9942f456678f2299e54d403a07a8f90f71df74,True
528,L13,12170290713598688338,bcfefc36ee6c707e8df402c381fe7fe9437471e229071913ddd6aeb5cb241a45,True
528,L31,9795828533520905721,6f9435d1a5993b07f1dcfc4c81d2e09ee424d37e476fbd473d138cb67c5d75c5,True
528,L23,6529845961170139215,e5ccbe9df3fe897f1ca75132fa6e6e0e1423e4e361013fa946e5fdde7b432718,True
528,L32,10347998040589096628,0cd8a18e53dc7a0c75fb917530b93a9dcc314edf6ddc47d3af10bfa2232050e1,True
529,L12,18427893960132236064,2f0f01e0228272fd482d6df9a0d04fe470ebb42ce81bfb3319a1ec5a36ba6da8,True
529,L21,1130871106606580494,799de6249c7d97275e51364a9fbb7d4548dbddd3bd300f25546b41d8eb958488,True
529,L13,15669929132821019277,5dd02394d766cb0dc6e22eb345f42e59ba19f1dc0d28efa7a098b1fa79b2bb5d,True
529,L31,12518168056882909347,b0ceca95eb4452e21d6141d84e7450fde4a60cc4774ec726da373ab94e3522bc,True
529,L23,12770225434917524252,008028a781914a3ec288818093485c23df358e00d24f51e1dea493a8d66bf2eb,True
529,L32,14562730095208086241,b10e84291d7267082f73a248c2adf9fc6c8ca23593e918ba5412a522a6879b9c,True
530,L12,5020103280098362284,c7d8672ddf379ea930e4272c42ef79039a4a3d44983db72ba484a2db9deb6c6a,True
530,L21,418853043226511850,ca5ff9f84042109ffc9bb8b78f53072ed864d718553ef02ab7091999021fdb80,True
530,L13,3134026971892377108,9ba70b96dfc3aa44435abc1120e08a73f6788a630b83834f76337498aa735cb2,True
530,L31,2498714172951178831,ab311d8b33f81a7a6ee2a2dc9889b2ba8c824ead278c3e165c9e50d5752b950a,True
530,L23,8884531202370257256,5ed27207ae9b2557019deebaa55a65a588d722e7db253a048d8d3e00d85a2471,True
530,L32,150237451829688639,0e708b354fbd367a065160cf0b3686f5480823b4a0ff640a5be61898866c1cfb,True
531,L12,9175936211170330903,9990c422d9ed88c0f9e5fa8dba2245f9287e58cf0312e001ff04406f221cd3d3,True
531,L21,17284014436612903273,21c593b82138e43c1c44e6ed553b33ab97ad8a6debcf15efd50f711c8e909152,True
531,L13,10042314845798033898,7ab93df6d9049f85200bb9442350c3a91a29a90d4ce5ef135f025a6d3d2e9f4f,True
531,L31,14327241026931501819,c7d4c4d3b7c4b09088f527d2b39931d15c106ef1db81ab78de571aefd063ead4,True
531,L23,2859549829519966207,1a2ab4492538aa8fa5fcd3b0733fad37147beb9a2bd69c10b55df8ad98a4d6f9,True
531,L32,17608986814512064492,85ba5b9f1164b1ceab725af696c282e0b273a692a37de28cccd9e3260781ae61,True
532,L12,18167352232558893503,7f9b7a48d277686b1586f912e1170a7414c5c5407cbaab8acb9262aad227edb2,True
532,L21,18222126385318663707,548a1b6d46e440d539e11e9ed96f5c72630c578d12230dce9ed95f09485d8057,True
532,L13,15243857043472339170,18e98406e2c715712ca9d29d251011c8670659dd1924dadfead98df9622930e3,True
532,L31,5676337282064416206,d1034b52d258e0c52081a275fe20be902c7c2fa3bacd61f039084f323b888055,True
532,L23,10953910737832383190,34fd10575473dcd8db0162e60ec6f4cebac7ef9e76ae3298d1e8ffe291113c52,True
532,L32,13194585769403962143,079f9b19842cb7f79a9abbab47845ec4d578b8fcb12d7bcf3677bffed60eb458,True
533,L12,999201182294473464,5673e08fa91e69ac48bc91b9f21125ecdfbc0c42f828d77321addcf534645465,True
533,L21,623723438365534105,536bc3fd4fdb0928e2351d0aebcd9012f9459a4ad51ee17deb7f1835dc5ae05d,True
533,L13,7234775720535278516,668a461f7f8b377eee0ff4cd5d669284164816ca59ac50500e71ffc447e2b0a3,True
533,L31,16045787761421023929,05cfe8179eaf2010ec0e8bc35470959de0b1f54f669c817fd27413c6ac3f23b7,True
533,L23,11681353103584336026,f42ab1b2b6694b8911e1bf2918f33f635f9f349e1dba9809692585459ffe5dcd,True
533,L32,8146124982854003964,aa65edc095629fd81c98705966239d487287e43e6fd0ca0e2e87afce160f7b16,True
534,L12,5906048777776729612,24bdb09729e57ef6666a50c6540bc9a7f65353da8b9cebf5ccd23edbedc81335,True
534,L21,16590515640609034121,659fbac770ab6d4ce16ca2de441f3c8a342525f9dfc1c77c32b3089af6bbbbbe,True
534,L13,7808031223687715884,c410c5f47b79b7005ad1e8b3d0e9d5e30d5b4053547472385365969c45237f68,True
534,L31,4517323839516021084,383bbd2ffaa6fd235ea4a2ffc104811800e8533e71776b28b896231bb44645db,True
534,L23,7451124993552791692,7a689104977b07166cd72dee909fc6e955c46710e5c4c5aa9a15eab35ae40289,True
534,L32,8406677667811670020,5bef6d23b1cfa7c84c17de14a8cbc624bf49aa56f1cf4960b67aa209180ddb02,True
535,L12,532467920796015471,50566f60127a92c37b4f401808b021edddf719f664ab47346002a8c4569096b3,True
535,L21,4339958688158997451,acb63d627b3247b171d8ab2c961ad323f24a2bd99ffcc963daad70193a275427,True
535,L13,11962294040018840404,e504ad8494b7e85da6fd5643fd8f2cc20373cb7cff64774b443bb190f57b0bd2,True
535,L31,6153124008106426409,1e6023dc4888bb4db8f07924cc2d13faf811ac708f08ee784358cf5da425d369,True
535,L23,9513163577670727525,93b474de62eb8780e7595621fb6587a29b098a50c6bedbb2f9a112b6ebd6d224,True
535,L32,16160409337583215376,9d3e25290d04123645e3adf7783525eeb00ac440212ac4ae84538bcf53f87cb6,True
536,L12,13270020997119641161,13e6a39e1a38d58c483f8795b4a307371b64195827c96c12addb08bbc761eb29,True
536,L21,8839191366114552461,d8fc47aa1f1edbe82ac668b8121849625e9daab05359c3e3e949bfa32aa5c66b,True
536,L13,14867181664505067028,f8dc1240a961202044ccef7bc4b99a61d1190702e830a039d376088ebe2e3d6a,True
536,L31,282322665482208955,a0277d72e6ec257d31d8ecda9507f9a14b3b12ee40d011b3183b4d0ef6b87fdf,True
536,L23,340237325633380696,7a1471bedda6a927e230e5f02697c4cae313c805dea1f5083b4222bb341efb1f,True
536,L32,7071991426087216522,ebb6ecf959eda08044568f9713f30faf7365d92a4cdbf08d59a3ae24c4d10f07,True
537,L12,12375623737404186359,91aedfb2ff30b8c8cd2c0887f56684de293cba02311a5f47bb00d62e992d8ce5,True
537,L21,12459918933459093145,75e307c2a5903de02b29c80466dc28ba8b0345ea4c114df36ec211319f473de7,True
537,L13,2527638726765043526,f5cc533177a18365112f55f35d248bfe55f6efe287df982d38b1b9e8f58892d8,True
537,L31,8366565600678065755,5b4fff3a7311774b7f831f3aa5ffb1d053f9ff6f1d03b14a2559fddbe7abeec0,True
537,L23,4339113509187034093,08e8e2c9cba18a7ec83af38b8c9f625379206b5549483b9ee36143191240cc1f,True
537,L32,11711250019875119361,8ec82efe6e43e60dda8522664537b23efe149f0c59298fa1b126dbf37211dd8a,True
538,L12,18042459021575499848,dc5d0dda4b6c33a5dda31a610d81ec21580f329b5c91fb112dee3afd28f88b68,True
538,L21,13939633201703940755,1a8ce7b1c680b389e79e8484b70c3f8b67aa99248e2ed57f6a5842896313f9a9,True
538,L13,15915708388097390447,de3cbd25ed394e4a95cac8d68c013a26a60dc2197814dca0eb2a6fff61267d1c,True
538,L31,47583873652054504,8880127b6cab0deb186f8f7c502b48681303bc0ed6f47cc72cdf9b8eea5e5ef8,True
538,L23,11583165087371595460,83803fcf2162fb16ccc714f60c998c890b8e30df85a06e2c400238b063734def,True
538,L32,15229218072532956328,13ca452cde14d4d525e8e90262c16f361d3e05f8f835f2e21f1bc8ddee4da78b,True
539,L12,9091398853739401412,db76aa5d47c75efdd4b94745700c8f61d1274fea730c0c6a066d84b19ecb86cf,True
539,L21,3929603381459283819,63c88938b53dc99e0ac2a9cf534e4ca3272ef024e249682332f7b2fe75e07f15,True
539,L13,16560256601849910686,4bed46e56965106021abd63b5d03e4672e6ff9c2f7a5469159e9942d7a60449f,True
539,L31,5243836938201884265,2576b46b5e1fdb8d57acca2ec848162d3988db1bde55ce85afebbcbf158ebe4d,True
539,L23,1231821963043545001,6e0723c2cd652f0c46b19576847458040fb42d9b5d38f7ca3ebfe61d26af14c9,True
539,L32,13153042963045533606,30474727fa3ec6497b07a9a327803cd0d8eff0804349f15ec1f540987face0b4,True
540,L12,15251539409412592454,945c9c014c2908d63289be041279122fe53e2aa14480b4b8fa77e27f4637a28a,True
540,L21,4657240875553897558,6ed3f8ce9eec371d8b40b97265ba2ec4c5135af70909ee0c51fef6006592ce23,True
540,L13,9082586540954216919,b9f67f09cbd23f6458e70546c692b0470a3b61adc1c59d2f6e06f1b8c288d301,True
540,L31,3915693687123558751,e1c87145b483bc03d11282125a2a63bf4c2b66b6b6a32380759cfc0db7c9690d,True
540,L23,14199364823620130618,b9eb9cca258f6b00875ce4953df9db8d498baae3620968e7ffa8920d8bdbe260,True
540,L32,9329627204210508619,bbec0425319a7f85e7cfd6070df4c941a41ef64dd24e9e106fe19a10d5d19d7b,True
541,L12,10162328770579242999,e830db22faf9e28daedeaf0b338de12344a731a987eebcbbea9f562ea5e9fa40,True
541,L21,10058688954476798199,ef3f1171ed1d00d339546e57b8b0b86767161bbf3e0df50cbb4f1e2ef6181e1a,True
541,L13,8968731180165099342,69c97f9a7330a2fe046aea665c4b3c5b19286e1debabaafcf7ac5bf906e824da,True
541,L31,139227842974850284,b48a18eeb5a53744baa6fa099580181d668b84ceb616a50cc02f5940d757274b,True
541,L23,3169580743923298059,bc3010fbea4de0efe366764feef2ddcf650296d174218722e44b532e148aab0a,True
541,L32,18424335717709893172,cedd7e7ca8181310e9598fc36e90112cfb01678fb2d2bb6c95382fdae14a740c,True
542,L12,7495538303364589226,14acd3fbb1a40942d78099d132bfe04723206b3dc72a27926f8c8f71292aeb81,True
542,L21,12158035364456504822,d8e54d5f2346872e1716a6706d36f165f9832bef667eb2cb07985b8822030a08,True
542,L13,10800569343181892902,83a3b3074e4a3ff10bc496b310a5102f63e126689a35d17906b2e9b459a4a908,True
542,L31,9178318180717010487,a9298b7145ba2a42c5ac2408f29eff0b72134e1a56dacb3d6a44d46baef14427,True
542,L23,1740678381677217273,00f0852c36d65edee5c41f812b55baae8e07b08141b7c7b023eac6e9ca602c08,True
542,L32,12567245298086769574,62ed16dfbd6643a033f39005a7f3da483c8e9de8511f0845d374e2712fb5b5ac,True
543,L12,5138850410477268816,db954eaacfef47a57bd2f24fec78cf36f2072b1c9fae662d35abf93cffc19402,True
543,L21,3932902453696828853,1e980ec531d97774671ab1ab63b346c17d5909f322a4063e784971ba88eee0de,True
543,L13,1628497852244098929,b5fbf58b8029065bbc3092893571316e0a5c6d14ca928365e5e7acbf4a379a53,True
543,L31,3274000746846084881,a3440b24d2adb4a9599536535a1b3ee989e831d07554301bb1f3de1feeef738c,True
543,L23,5576274971011970091,55450490e3dde152b9079be97ced649131a9759ff775e43dd5cdbead549afb73,True
543,L32,663795354963967565,af3a7f53ba927ccb8e69330060b83c276838c7a148ce4f103b9a1ca860fdca85,True
544,L12,15458375503317701235,5c50f74803f5441bf83df24d30d72cc46f4e599832c33e376ca3d18d0f940310,True
544,L21,9568178664013653360,dbac6422a8b0aa9984527525b9a415c310cd7d4548393f2705be6e5bdd6a2462,True
544,L13,14893460129718721287,af3136e4d7a1ecac56e6c728f48fa3bfbd1cd7991a104b84f3a49f43235daa61,True
544,L31,6651649520650347855,91b7d53506861bcc9dadc97013e51bb8878be3dd6d671710694698311bc0abda,True
544,L23,8085045822837246592,592c8bfbd62a1b37e7370dae0ec0a0747952c3146e433b74ac5b391d8a60477a,True
544,L32,1684152079363097000,57de83307bb98d6afb7a9ba3d66042b07c6eb9e7a87d277d995b7ce8dcd5ab77,True
545,L12,13523259074686589629,73e56a4ebacd79a0381635121fa1be2387a600ff1db1cb6250594e0f54fe9c48,True
545,L21,16256060394596582863,231e2cc7102ea10f9fa2f6cfda3f4a68e26533150a816676175c19db65583320,True
545,L13,1134173962707044114,564bd28abe86ae7089c0967a1a9baef7938246e5ee0016c2e42d0b5dbf1f9bc5,True
545,L31,17289322614661845980,f4d8c21e246a53afc536532964029eab90066b1a66fd6aeb363896b930da4020,True
545,L23,17646097253261749265,719d1259df9f7454cb38b1e9a7f68c6b44cf81dc3704d610c05f978f1ce56141,True
545,L32,322782593632791339,27fcd3c01c93a97381eff47df1550fb3980f0b1c6929737ec2b360044e593878,True
546,L12,12032009506109898980,c9bb86bdd30ff19290cf3aaafa19ea1c8ce749e0ea8025baf19fee543320f892,True
546,L21,9162659566534316030,c1a3d8014e5a527712c7cb534a18e04ab9a2c2fc4251c9cadf6f36409692154d,True
546,L13,15498182992792310399,c2e25ff16c2f40f6fad700ab0d982b0e94776dc70304a5d83deb297cda25acea,True
546,L31,14526191508457966617,1a9c4d81832d1d6350f803489e75b081076e45560437ab094ae99ebcb3f3189b,True
546,L23,8232491591937055594,95c362831caa0410aa990bf640ac1986240a19853f7a4683b0f8151bd71f6846,True
546,L32,11347032888619761721,702546914c199254eae18392ea810871d36cd62575ba480931ba6120b33ae88f,True
547,L12,17725953687924898905,e41a616e67778bb8928aa7af685b05627613cd327660ff427fa9d3800f9fa188,True
547,L21,14854392673743640537,1512d89ca52646891c94cc82b3ea6714d59ffaff4bb891df7616a9cd4bdb59d8,True
547,L13,4623945195124157903,0b053f261dbb3920b072ea6fcf472d79d8eeb11ace64ed38d49fb7e220b90694,True
547,L31,10080607209462284420,a2a6941c304bd896653fd04fdcf60246ec8858066d4b1c2d8b02ccdb186f6d76,True
547,L23,9565443256124663335,d07e15ca5b6b30ad0757262ef517f62c9cd5a6bcb95d72d2257bd73cf6608d8c,True
547,L32,2046608371168242624,267221a0503c8475753d157983bf7a4cab01ba0f6bcfe36b248fcd0a17159f59,True
548,L12,11030673013723505983,42eb9785e0822475aaed798b931090863dbf46ab9052a9ec0c4cf983900fae04,True
548,L21,9364044312646199734,3cee5c7cbeea3f84ca3719c17c7e3a9cfc640f470d1f06dab6851f59a21a6126,True
548,L13,3823019432073544186,61fce598184bb38193fcd1f24401ad57ac644af25972e61a39473eb714173efc,True
548,L31,15917915892893650516,7672fb696e7ff854ac56166be79aab8de29be416465a46d2fd3245941e9dbafe,True
548,L23,16050603452973624212,bcf250d4737b6157442318f3a60ea2dc966d101456a9ad7846bdf2082f056f73,True
548,L32,9688749355678833136,1b1b82da842e0aa9ad19513d66a9d82598a584e0dd35db35ef748bcaac62e8e5,True
549,L12,15848386423174868528,6131eec11d5bc4054fe2546a64f7101b154f4642312b138c17b14190827a8cef,True
549,L21,17030928853438956200,168b293c58ad191ef5cb51394c9efbe0f192577edcc185309fb08e0223b6119e,True
549,L13,13658078945354877159,824a988490ff5528872250c3f3b274823656ebfab2c3243542f363dd26bd93a8,True
549,L31,12523728845484354310,a80991116e8ca290d85bbbd9f86b966cf79d981c3247bb0822dd3ebd37e0f31c,True
549,L23,7335037174228436786,69d40cc79d33c8f223572c3f9e9e10ed4e3aa3d7077c730149e58a83656dd5b8,True
549,L32,2119620039032579128,96d9d17ac548050da10777081c05eac4f8cf42eb6eb8b975aa360e4039d821c6,True
550,L12,1396838312422842674,daf734bda1d5e20934c313c454d3af3c1d84fb67f5851004c76446fa66eda722,True
550,L21,3362566861383364765,a5afbe496122f708aef5f985976e8977c7e662d181729c7099709b3e5c5ae17a,True
550,L13,15854281641322042980,e54fa80be637980fafdbeb8ee70a0d248b75b5f1316224484953a9e189704080,True
550,L31,16169077450885544333,890bd2258aa96f10ba8b6d95771bc7b32063995dd903107367a1ddf105208b19,True
550,L23,7362424791993625004,171e9a9e0d6771540ec6f356d34ba9cff960eca6d564b3d026f6773b5222f357,True
550,L32,5211624371627703450,72bf39ef5c8bbd64df27b5e8c253ac5c70a7691e9d4210024da04f4bc47d8f61,True
551,L12,401154745800532537,517347f3a90ca1114ab78399e4db43c0ee383eb7e6d68b060a4b0e2016d74e60,True
551,L21,13777949323103597583,f9be576c54973f918c7295e5dced0d1ed3ae7f3bbf00a79066374c800bac6ca4,True
551,L13,1947801093987517749,69108c48dbe26a9011e841381acb346bdbcfa187c50c0acd93e7ff298c87549e,True
551,L31,9493510226804273890,62f4c7c248b617173305176b01a7c26e074c3202185c95fb714cb66e79318fed,True
551,L23,11528353498426845777,587ce692bd4b698b3b16eeabda8677657b69adf3db6dc62c8eee981d9f4cadfc,True
551,L32,4648912829471205516,b335922cf3094d0af92ba2fca975a7b15e1e0404b463472d1cd1cb3b30fc2987,True
552,L12,13862484875716100277,35aa457e69880a7056a0eb442fb7d3efae0a1dcb4d09fb83f618be50f1e675c5,True
552,L21,9112989747474764942,739eee2dda9468029d5a6cbdd3b192995ee2e20a08ff03af6b1c9576295c52f8,True
552,L13,14230836144902783764,0887b7d6e569a822f34670e33fb22f1946fad07e1e4aacf58aa482ef90120e16,True
552,L31,10672508862522286308,630cea1fbaba1828b03c815c3726d3f0af295e4c0a941e676197f22c856bf78d,True
552,L23,4643860388611458544,66a9dd8852650e3a17525ebe794ae88d222d4950c5cebf9783aa719d94d26242,True
552,L32,16032097844979381313,db4174117a237c0a53e96641c6442961bcfaff9d4622d2fea6a1d13b4ce3da54,True
553,L12,3877777107231989753,2b4ba6bf7a25a2d5c68dff985df8f443d52d976eeea21d95220ad2cec4fe54c5,True
553,L21,8509520346532684672,e090ee1e3acd07cb3c157162e01f0ac2dc1a8c414ff5107b5a788f0e99b9bef9,True
553,L13,1525257577844104723,3a24cd850c84597b73c233e03935c1480a3952f3e876236c8af1a11e09e4268c,True
553,L31,12496060751744610615,ccd60c281e1d48d6d5aeb50a68dcdbde0e30725e74dfad9c818ef57cf158fba7,True
553,L23,9216701909045870648,ee93c819808dfa3035297460632a17c663d92685f6068f5281f36ed5b4a21677,True
553,L32,13161444861735762106,c7cc79ad803550225339855bf581edf3383d8416364ed51ce459b377294fa953,True
554,L12,15656018351278554684,597e67a1a05b0ca0106eec59f3a2cb387cbd53484eeed7393950acc1f995de31,True
554,L21,3394648100769993474,9cf0b9d7484d34c9a0993caf30a7e919c05eb21b33968e6e478d6bbedda35984,True
554,L13,14892284288293652568,eab1b067e441256afb9e3af8393448c86198ef99fa06fbbcd48bf3ded9443771,True
554,L31,15172524906655096709,9d3dec85656ec1898bf4baf136788520509243f6e8a2eb4eac80a7a1486a7194,True
554,L23,17060512111648142974,2da4871188ccbad4d7767234dc5732b0603bb5aa2ad046cfd4540dec55bfa062,True
554,L32,18205760487884734130,37bed51ea7792d8a7fe07d092750c406696a61c8b1104c14f21eca84b32cdf14,True
555,L12,9623538895067866080,0ec5995763cf210ee75937c79ceaef4b3825a8db5da69d1acea39e41e628f47e,True
555,L21,17024061194260842993,eec98f22a386453048de81e2180fe30bfb258e86d0add357cebe2b1d8896269a,True
555,L13,6613509124874240143,99288153df61d5100ea167892015a74c3401654fc5d096f7466f80defbb20ae2,True
555,L31,17855654026035241744,c73ba2a592d38ccd15c747596ac181427b1f6239b9a8fcc58cddc7f802269879,True
555,L23,11942448441295066194,3e6af79d63b98d36617d6ccfd07f4d3de607de71005da21082054d0c8f22b348,True
555,L32,15158587913943477651,bbdb66cdfcc8575e3ff991fc128803629a0e90a8470716018a7c0002e897daae,True
556,L12,6246931305162418228,5fb9fa76b9db8658c4bc407f580bb7ef5f3fa6aa08ae4af3126fddd7da4b69ec,True
556,L21,12956988758227960739,8bfa165b2dfb7ee4a54450b5f73ec6be46fef03908b13b9d22bda642acc48806,True
556,L13,16656849501535448304,a3cc19e306572af802f9400460867901136000c94b3df552ec3cf301e7116cf4,True
556,L31,13284418875836655713,37ce1b2e1a94db5830d2360887e1cdb24357be4d651e07e5623b64283dab29cc,True
556,L23,6052114719923596293,01831f5d1904a39f5b5aa8d79a2fce743711cad085c4fb9a7c08dd8a0d80cbcd,True
556,L32,14716859775170888347,d9d6f83b99d609b26495a40825830bace76671eff9705768e0b6e56cb75fdf55,True
557,L12,11147294053370096429,55d66edd3cf4f072cb57cec5ff160ff3525161264376cec89220a21d1ca031a9,True
557,L21,107762269434279088,8c41336b55bfc70ca0700fa275e8cbbefb734aa69a19d872cebf47d79a809a44,True
557,L13,12475785055800399280,8cc75bb4f99c79f9778d33005b1cc858190469b76ad1f788cac0b56be4a955cc,True
557,L31,14206519770369528808,45a6bc065e8d6eacb2b9659f1e26aa83742fc0142a8f7227186414a9b5d0fd80,True
557,L23,8914346039065853561,d0870bd1975b021f7a05712005eca4def393868459fd0566bc628ef8818904a4,True
557,L32,180361409829615631,de290fdc1f186cf49ba0153ad65ba8e16e147240583cfad9a30597335349f7bb,True
558,L12,16369160932830694631,8b17ad18a102cfa94ec3602a9962415ea14c3c657a0aabefe39eeb9251ee3adb,True
558,L21,14978894924228975825,1c8c4616350ddb3660d010ecec0e71ea81876c3087ff221ca4c498447bbadff6,True
558,L13,3350321152724967540,efa50fb36587b40e9e4ca59df711b7dd2ffc875989e15e231fbd01bc3b32d4ff,True
558,L31,5515931586250358027,bb804caa6c53b8cebcd7d768ecfa904ffe5f374e218fd6a6e11e54702624a90b,True
558,L23,1371646145842545620,79b7827074560912ecd79371690fad7c5f83fe387ce2f05ce2b19aada9d1d1be,True
558,L32,6766958361993442869,d489078160a78a2bf09590b6123eb33632aeaa64adf5d9c07fa7a00a273305d3,True
559,L12,13254813383673974799,c4f65d20c481dda25956ff770c3a3218bd038a4401981f56487696daac9cc7e1,True
559,L21,11135841546773011751,bedf630f330fd45fa05a55edec559d1cf4261777d9dfe85f0bb3dcae019874f6,True
559,L13,603455166554436713,0405029063af472449dccbca51bb804b5dd55f80b9f0ffddef25b4fae446914e,True
559,L31,2952639489109989438,cfcb4fa76b768f0a14343a378837634baabd9cf97dfef88d95e899a41505e088,True
559,L23,9914024124314068546,6f431c806bb6a61056aaa0751aa0787c4e42202b3b988ed5d9b36c25745e3b8b,True
559,L32,12885077657820374159,96da1b0ae1be03113053568c9617fc877164e2846a6729f8fc0c02274392a18a,True
560,L12,5299797810127965582,46086c93629829d083825f5f82d830f4481020b16b22842ef655a9cf201a4abe,True
560,L21,16872782461362672187,8ab037f1df79be2c20b81db1fb63e011a161a243e2e79ef5b89ed733157d25ee,True
560,L13,17376833487290267714,de1d34180b094743f25a86359aee24a186444a67eac658ec4fe9fd6d7325660e,True
560,L31,11329023575733485774,47afe4fb6161d4f7da0ff8b4c73ab36e73124000bf6c6f5fc8033621137e6d32,True
560,L23,7131665362511319247,56ed7c2686b095a97441f9af3ec02038f931c33c831d7642338edf18b2687906,True
560,L32,7485620622864075876,b59c9b4e33d48369f556bfb7da2a6a8136cfb615ddd783a3c65a5599e6be5612,True
561,L12,6683986707868576061,d4a84b69ca0d1255a0b47133257f4a6263e45609c98568bdb4cead3ed0dc8083,True
561,L21,15864735975772906193,1c29e5679a6b8ae15a9b52913a450c6a34b0b2c19b3b00e85e07d587e81edcd7,True
561,L13,4334724356939175560,c0e52490fb4cb59bffb6ca7ddf90a4e8799d2ad636304a72e17fa021640ff1ee,True
561,L31,4456183240465146893,2c86606c1e50d816591debbf5ac1641f77a6bbb784eb738de17f375afc460312,True
561,L23,9880131278798676517,9c60930368160d45a9feefb0b43ab12dedcb584fdc1820210d0da950fc7c8447,True
561,L32,3338061271394885451,806de73b7da64b79a0a6b5f04065722bf887279ce0204eec8296e552e00547c5,True
562,L12,16157508557616385563,ad5d1f84ce511e3d6575970408918b233166004df7738f4fe18ec6f82e6dadaf,True
562,L21,13812244206477975684,15a6f456a775a8b4faed1f5863e6199eab099792e0809a2118eedce37b7f9fc0,True
562,L13,18023739159657134260,2ddacb86b9f2252a4c86a1d279e5248b908ba77eab9eb23b67e169fd1f7ea366,True
562,L31,17419490054921768963,c89d028c8ad6882f0cc6894a2ff5909581bd618962cc881e720f1b2687d5f96c,True
562,L23,5506879999471244214,e6e4e88014a0e0190ddd532ec5a1f0692935da2879af7272b0f493995ef0272b,True
562,L32,15279362042159974497,dee1ba8e789ad5f32f857ccbc94cbf83529cb4e0e702477e8330d27c56e178c3,True
563,L12,10860005414747723626,6267b8a3b3654dffdde6d00f5b5cdc4bc534b00d1310b799fdf308507eaf3876,True
563,L21,4255748467421977642,e055f1a51308f3977d81f327546162fdabd0dfcad6538f005bba315b32ffe812,True
563,L13,15432585344391391189,ff11da91f72b0d0d4c361bbac398e1146c46d1e179a457ff87eb35eec079f159,True
563,L31,203157294649055874,a6e1ff254c626bbc038377c77f66f15e80f53646c1b1903499e1b2d074408e6c,True
563,L23,8296800695429486761,d738b0470bde099e32c3e36cc51f4bcac57566b40b61f7043fd5f9642114a9e2,True
563,L32,6438848844247486279,bfb554fffc9e6aff0f976e729733ad3e07d941f4b3497a7338acc63349bc817f,True
564,L12,4406841489104992736,807aab78ab4a30a5d334c9b8e1f31a926b4e9fc0042859b80e506abf65f5038b,True
564,L21,169551513282672691,d359477f23e0fc53d2004fbab4db670b53b2004041a9762fd4db2c8c67c9f3c6,True
564,L13,14863645687800219114,c3e1e3e8d3b7b34b6e6dda728ded7e555217631208b7260da537e89117adf47f,True
564,L31,3291034896564474799,e5835b5f280d833789003f946c5a55ba0193f6ad8fc4c4b2bf79b051eda8be15,True
564,L23,7691791419125615970,7b2f60a7ff9d510a009abbccd153f354df6cfc21f8b45d2beafa22d835db5f98,True
564,L32,9420379035295854247,0de66a76c563c6a67e340364c759d2684441fa57a669a9238d3806fa2957af19,True
565,L12,3628222547645651583,59516cf08d7fed76c3beae796d80139e957cb372e506c550d974c51ee60de6d2,True
565,L21,10403738898174121045,5f2e52de0e09baeaf1ada3bcd8b87369c2e84c4ef4cfd4934a963c7628731466,True
565,L13,14751908994664697138,6b2bd67347dd7e740edb073baa5b42163c2c68b0943af178b571e790f61db7e0,True
565,L31,17887378957916275265,054b37707527397716cda3cb61354f6084e42982bbbee30a967631327b41b348,True
565,L23,4407082610515513417,6e36fb7a0984dfcd3d1fdeffb6da7d7a9af89fedbe4ae4ad847e36ab3e331821,True
565,L32,213106076620757762,5d14a5ee6425a4157a25fe4b9b744e6fb735382e50193bcabcabc9d1180655e7,True
566,L12,14540411661667724850,b07c8aac956b28203d5e5773e1ef88eebe7ee42714f7d36609a6572fb609dc04,True
566,L21,17299382200573830848,f7f6ade2c2ec40f394e27e3abf1d8c5624cbefa64203d61ff3f918f5cfe45428,True
566,L13,16037733321849503457,c0dd43d2f1f4e7377fa77b9663205a80cdd7566595e91da653cee722bdb168a5,True
566,L31,567535133630499522,a3567ae8af1027b4a3fdd0beba93290a40e2236d22652d645c7cdb9c464e820d,True
566,L23,7186043592904906823,d0209c5628090c9cc941d29dbd0b185da9b06de422d1865b2e2667b90a809263,True
566,L32,17940597824509204182,e25c07e9d07813334714214b12d0940f904140ae1b7f9d5d88f7a28fe9e37f19,True
567,L12,16060316925327373828,c6850c6a82a1c305ca182e5d5a5deab598a828621df7d6e6b47f7fb4a47569c1,True
567,L21,3479076581957024332,64a4d93f5e930dc830d9cb51165ad73bf4d2d6d90cd611ade900d435d214113d,True
567,L13,6279450700033587873,fea1cd69b1a530ed9c7b16f3288fdc9769f452a4d2de95a459ba2c93127058d5,True
567,L31,7000284625575998573,5ec961a008ef29c959244655ce9e7afeaac73275b4503e873c00dc78d8939e1b,True
567,L23,276242487022917544,32587c8c2497e902a74ff7837d70694ad164145ce6a9bc4664d449a9886834c6,True
567,L32,718364876535301326,7b26f54026cc1744de55cb6e2834f2309639401340ac4a849fda599266fcaa8c,True
568,L12,1630685782921103629,e022ef5e86d8f10f4d98b29f35b00cabe60c39f0f9ba768b39cc8b9c28324edd,True
568,L21,1708150734915598485,3fad35fc427fe863d31ffb95cb6fe1dc7010e416ffb72cfb345989c28c3eba30,True
568,L13,13794424297421001891,dff3efb63250823b2f6a13edc91aad8987c8462860b23af4b5382a7866aa82e4,True
568,L31,9404628880565559274,b34af36eb488c7db120fd4cf4b39f1727eae28bd6ddcb6e8e6c3e9e07f86b95b,True
568,L23,7202720401628961250,885601717051f3625e3b3e21bdf227d8fdfcb9ca438cfedb5ffe92d027c906be,True
568,L32,13835400327838175698,17aadd367c8482aace5f0a3b904924b0e8838ea26e06b1af414cdf74fe0ab66d,True
569,L12,928503440898418424,5aec287f70df18c72fe8a13fe58678d516e1d4dee76370488ddb0e705844e44e,True
569,L21,17247058542491589746,7156fa6756e9cb76e7f47008636627e9a09c27664e42fed470c293e544999db2,True
569,L13,16797206708196264292,07e7fac32b5b303ab5a5baa3be000c8c2293d2aca13a804fba983ae1e6e327a2,True
569,L31,7644146308340605558,828d26f74e59079bc72bd8c8a0e5a5a57fc79dee547986d8a225155a54e4262d,True
569,L23,13233127990629397141,f26a7d1e4b2a1b4a8e1a23c74f523b3a5dc061a07dc823224a694f477f536a75,True
569,L32,18341706489454031075,4f74503b666b6d51bd6c04f9f67f03b2353c919014b8258dfe62b721ee2ef2ba,True
570,L12,3559327719081440917,d0a842ed6a58db8a2051d44f0387b699da7e95231c907f4a912870f0729ef12d,True
570,L21,5222805005954230537,2319d700a4d04fadffb3b39ee08ba7ac2075b82e4ca55c26aa43085f863909a7,True
570,L13,8986689348657145559,3723df5420bfb6beb53d7ac72177e791f69a0dfde13f435de46965eb1fb2a942,True
570,L31,1854898821217124051,4e1fc2bd74d3d497edf89d849ee0adffd0d01dca77ff0920eebc2d5774273ea6,True
570,L23,3662921026455355406,ee822942fb6ccc34d153e79b159e1e5d8e10d3b51e762d8f461100e42fd4945e,True
570,L32,15189336834754595526,9e6ac6b4e9c3e2171e848a6c2d599c85efff43c3cd416cb1bd962189d44eddce,True
571,L12,12497050792355647547,770299ace3b22a1adfa26c8c37f0ea4350f03adcc8940eadf76af1c07b9e24c9,True
571,L21,4485960269359545041,adc0e8eaaf32d7d90c56d674f0cd92ac358321a46a2b0507ccd33935dad778e1,True
571,L13,865865397623071712,5853cbe60aac907f783f6c51323b183d2663ec289f5f400bb75831287a23fad2,True
571,L31,10607802419046598085,3e46f90d7754cfefea31e29d0bcc14dd7bebc0feae1f0c9397db242c14242230,True
571,L23,9793297745760896286,c8bf7206af82a70a6389ddbbf3c7b4425bd77bea7525e87f2678ef083ab055c8,True
571,L32,7315547719245695685,1f736674c893f83c697646c44ee55e09969a6038ae5343f2bd81b213cdcac50e,True
572,L12,9405261674635728767,79312489acdc76324aa5b102af88d11695d9b54597ecf26d7ffddfd57dc30c57,True
572,L21,12463505791293041439,01d9225fae4ef8da068c9c7b45da583a862404a03a5c65d0d2f896d6f1777ab2,True
572,L13,3809942680330015974,c3434b123027b8fa01065b9efe1430f87c0e3dbc6dbcddd52ef315ce26f760ca,True
572,L31,7553144495301149418,d13f568f02936a6a976967cb903cd70e075c51b71b22da756e060e1dddf19c78,True
572,L23,4256794086101464961,8b6dbbb5caafd1d01c05487110ab9e7c9fe7472b32bde75896f7ff8e3ccbbe9d,True
572,L32,8166939848359115973,0f7ceebc3046d8b0ece4961a2f4f2bd0176fa3ff38743707376c3791f1a0d199,True
573,L12,1693952687634720286,f7eb38b9ebc10e1704307a8ed1f08619598cab4f340b584bfc79ac8663aa6df7,True
573,L21,137942085297142783,498b2b7665988e5be3f8c6386198526b41581e8b51910f0e0a28ebecc77344d0,True
573,L13,5592782990970618074,b7e0fa85cfefdde72299bb7273adbb5d78c41e8cbd5610377f17a0986b9ac4f1,True
573,L31,6895872965602794783,7ab343146b2a94b093f4a89d2cd8bd911451e7b0e771fa4cd3216c54832f8717,True
573,L23,11283304731497289398,d30fb43617c2a8641fdbe7260295535b8886a82900e0242c3b0a0434bf3f42a3,True
573,L32,5667652495642864784,b6c786d8e74173ee095653d18d4856e0f40f612be2bae033bb8fa28af4d05cdb,True
574,L12,9191488331952849788,2386c00cdb321e5447ad158c0d53124a2cb63bfed272ef1e3a099b0698f6617a,True
574,L21,4454598035568305891,4abddb889c9cf2037f7cbf3942a155419b46dbdb7e2e604be875ee7d43d7a49c,True
574,L13,9631552088532250452,0363238dccebe83e3129116508bcaf0730edd9157d4091970d70fd5a14e88ce2,True
574,L31,7072955940486911361,e0c52e18946e21c070d7f2d2423c2755479c0dd0f74671d75e3164c2cc255ce6,True
574,L23,14291584928222678343,b7e4e791a7f77ef4afde2ffcdee621bc7cd0618cb59f45b5db8f0165624f41e6,True
574,L32,18201523132470800040,2adafb333455444cb999024523ecc7d897494c07e662d1fe06ea338997b3b004,True
575,L12,1034550015278619665,9c8280782af6201db15429fe9783a676999de3962e53f1f5983de7c1a57eaf17,True
575,L21,16865460250722848313,e3b1c400bbfa3cd66d3e081a08d28bd7365eba502915baf7db393526dd444fbd,True
575,L13,15190920838001051765,4b51a7dc0e60bfc4aa34ecbfc6435f8365930b68b4bd92df01cba168201f2ba8,True
575,L31,6384597319629294451,54ca388dbcde2bd6913ab88025263c03f19605c1e43f1d531267f9df79f424c8,True
575,L23,922641594874362854,9e19833389ae68c6759af28aea6fee98164c54d578bca357d791563c6530285c,True
575,L32,7927128460143704838,b0d471767e6abcb86333a349eaf2c18b562d9842d52ad710a6a3181dc0360952,True
576,L12,6868915656117298673,ae99bf9bf8a75c9492ccee5503d38a8433ee7dc90bfa76c54572f2739f85187b,True
576,L21,9838224289826889225,0c0cddd9a0633874ca707a17b59203ffe1377dddbce8d3e6bc4d45017cca590a,True
576,L13,7644170413347801435,1ab60927018f7b8b0e1487e77d99ac8f37bd06a7cac0e25b4437913eb44ab771,True
576,L31,13788304297026597032,33c06f354495d2f5788e0a98d54438f2a1f15e13c08fb419cbaf0aecd60f7b5a,True
576,L23,10044777467347968376,55f1e41c3529e85fddaf6a33925ff25263a60f654c7beec04b16cf0da387ea07,True
576,L32,1690843068513779643,9d430fb3388e9039202c3da44ccf6fbd6cd5bba3cb8dbc19a20f36f33ae17d5b,True
577,L12,13287815894843516927,f4dc920b9a653e197b3148d0d00dade1468f415e58e7701d21f43a3fe763ab6f,True
577,L21,5818699138273973163,0da8cf132009addcdc9b9618ba0b7a33fa99153da2931841411721d0c4a28703,True
577,L13,3428893633931831698,3feb568d8331f506f745eb06e55f00ab37ab3e5b107ee2595b07c1fa26efa129,True
577,L31,3818228368103007475,d07f968f290bc40afe683ac3793bb374f306cb693cff5249f725eb860f08b0f4,True
577,L23,17877957518389538007,9e92af8e79d7aabce819c515b8b8108c1f8fd447028e36b0fe488bdd9ecf8974,True
577,L32,10649994290715731366,56afe9d61e0166864cdf3ae141f93e966d721bd6352f7b72947b1182a67e9302,True
578,L12,12477440893412019682,b9f5e7994180d178071ec43ea09615cb021f32d333d61341a5a6fd60698491f0,True
578,L21,11831707446693112341,a8027bfb474537ba5cb8f66d735716423e3dce168035f368f6561985d563afdd,True
578,L13,11286258355403782469,79f57fd24379be0274a5dc31c1fe6133629927c2c7a476fe5f0ecdc0ee045a96,True
578,L31,14799634179187605326,ae0ec824d7c1001ae1fb36e9b2c73c48287cda9e337184f7e35ba376bc45eb0e,True
578,L23,12371990623388926822,c11499b74564099563c33b1b504e87450bb647043492a46aeea120d67cd91849,True
578,L32,10992554732490108638,8fc182a4cb1680b2edd64955009736a2d7fbf9f3f5e974c9e9246160df713788,True
579,L12,2086876077589146254,a5e9ff068e78c166071b51344937dd59c29990bc96d42107b9b45e41066859be,True
579,L21,9085555138824276917,75a75588f5f70d2db49692a0d87082f60983a2256e80fc8e813d7661386b9065,True
579,L13,2782412525196319949,fb4b9c81953610fb25718069dd5507fee659d87f7d1c0058daf58b4ebd1e38c4,True
579,L31,16659466014280418544,ec1fe0352805080579c2a73edfb496a676485ff974621ae6af58a1d39c7ede93,True
579,L23,7600613817850981222,693bac228087baed13a07cf62a9a8e80e472a87b39ece98138776dfd11bbf2d1,True
579,L32,3272431228108450422,dae0b414bac130be51c5905ceb96aad7f2f7afef5a9003687bae6240e8323da2,True
580,L12,2857904726521297323,e6cfd573b0c73444723babc13554537c36cc6d904cdf3bf11bb6982d4e437d51,True
580,L21,10155525728418022892,e8005a79357a99f277e4715cb042bd353a1c8a6520a5e622def0039ffd73f97f,True
580,L13,17393249600284114520,b4a5eb051a6befa09266ef0515a2a1d38691a68056a34173ae2434dc921ad459,True
580,L31,14453459175376041007,9f11c8f56fe61b9f39f6304c5cf8833dfbd10b03b26c41862ebe7ddef34d2bd9,True
580,L23,15047632955622661437,3bccd6884033a96870974d7545481e356e195e75a019cbbd17cc33bf8b304555,True
580,L32,13495983471736845423,46c6ab6b3dbddb4c6b27920f987af61b7061e718912edb91c235545f5610f775,True
581,L12,2864236090630126074,744faabcdf049e1db88897155f6de0af4046ba8a4d11853826eb12efc83aaa52,True
581,L21,14481208185123165973,7ffa7ca7fe49e6ee37dc748dfeb949459114ada6f7443a45cbb8e0f6bf4b08b5,True
581,L13,14946615984576878269,d3d8e2829729c490599955a3b0ecc3f56592d61f2f26cdf237eb55215914fd94,True
581,L31,15334488205494907833,88803d8470d20586b24c9365990952769cd8e8a242332da44924ebfc56c52bb1,True
581,L23,3600296285848861949,92e2f06e9039c7f392c5a66e1d724d54162bd1a8f9a7b432e0bfc13ca5829fb8,True
581,L32,1264101700103276450,b3a789cdf861358ed032c21e3ad1c4c27def931cd2a7a8ac7eee970de7303d92,True
582,L12,14370502724040104780,d6fc6e5cdcf3e05d4862a6bcd2fd6bcf7eb100d97f23da974bce60332efa526e,True
582,L21,12762974382568574240,6ccb62cdd3a29db3bb57167fc1e0c6a4004e5019a35875cc001d40e30622b561,True
582,L13,76119460188106053,5f5bc88af00290088a0eeffbbb78ffcd66f0e9daf5a313726e4609721a8094c5,True
582,L31,13737617470253691782,2b0e940c3de875faf0bf28dfb85f35ef10066992fbf0487b57d7e47d6854e7c3,True
582,L23,16830397200429574661,412f738bd6c2c810911cd0d58b9eb999f28b49ae6a0f3089de14b849414b2af1,True
582,L32,3602410821926943810,f8c9cdf4aa48cf2ffac9a08b1a01091d90afc1cb3eaa2e416c39edddb02ec1e6,True
583,L12,16777513526072625446,9a46ef89a2c76c7cc39278f6917f3e323e8b95402412ef95d4e290df5c1fdab8,True
583,L21,5109095664966984499,7382b5d4526c698909db1abd9874af687cc41046ef1b698d147dfbdf649f5668,True
583,L13,13059443347902880213,8208f376dcb44a33933cb4f0512f1a1658e6679fa3d99fedecbc5d6523a52fe7,True
583,L31,3878790989129205785,189111a94340248aa7eaa7c6ea14f91ea1bdc19ebc1c5f20feafc204e4aed684,True
583,L23,7815870405822580323,e29df032f7d199cec28ac6ad63fe12fad2d08045c7851345aad23ad27f7ad877,True
583,L32,12079118857664755493,e342a2537f81f740ff1c0edf67a13fc406787edd5899d96d0b18d0b152e65ca6,True
584,L12,2047623241619449778,782cede680d7acb7a812e937b9babe41ca6eddb1551a0592238358a93cf13b5b,True
584,L21,3121936716380955086,e81a406bfee1ffbba655e90899674d6629ebdc7277edbabd1735fa4a8cd41ec0,True
584,L13,13445700173408155744,1cc26ab40d90dfd025724c2f6b267ab431c34e2a048cb38248118520d0f03d17,True
584,L31,2311362843406721927,035f3eac35ff2f396544099d7c24d5ff41d1c3034c36612183e77220debcf09b,True
584,L23,10075216813603539340,2a955738cf31dcc3f6322d734d1b860809c1975423d8b525c28087f72e40f24b,True
584,L32,7937452846668172047,2e64d8e18097fc5e5ec7cfa505da35924778a9931ef00c149a1ea51ba6613faa,True
585,L12,2372572522884745519,1b2cd6c0b469dff1ce1f8ab824ac2cbcbd078f1f03f7ddab45dd773a1854e0be,True
585,L21,17207691071011216120,637ff076a7384498013be07928bde4f1e754e8bac23aacfbba0b431eb0e84ce5,True
585,L13,9237229154768169233,8dc289b7979c1a5016e0481097036e1199c95829b4cd9d84850985673ddbf060,True
585,L31,9806830840780327316,51a4bf160b8ae18657f624a8ef02f8df33142f60e2dcddedecae634638dd2e87,True
585,L23,6848358461646307040,9b71fe02599866273643ef282aae667c0c9094c956bce58472f69b124ba6c8cd,True
585,L32,10504066485063838730,1e415e2fee8ed75abc44e8c0f724fa3953d410f1df8c95d698731f7ffc87a118,True
586,L12,17121071349785108361,1ca74d4ffdf500849bf088e67ab1956bff488d715067ee712b9145be2863a8d1,True
586,L21,8697595418112734267,1896208cbcf5e56ff33c26fa03852ebb3f021e5b876e7f0d603dd6cafbd7d363,True
586,L13,11181883012404779549,cbf2f76cbabe2f0c3669a34ddee96ef35370afaa1324a0bc47c78423fb115d82,True
586,L31,5720813241264833789,db954ab7762b78e105fa52d8a192f24da2a98c3c5eb3845594f7f1e05ea9357e,True
586,L23,16908554951343898627,c1e3feebececea0b03a47ec26dbee1166937786ce1e26d761ea3026d1c602f49,True
586,L32,6823693890515461679,abfe6f02397198499661a91869cbde872abc5265649d4a22ef1d1b8be16fb53b,True
587,L12,9858142930441301805,c2849fd6eacf3565e3002da3a8f1974d0a622c7cdd065a1b01fca9ae68ee7530,True
587,L21,17474606237611399534,d0fc78c8fb9d9c8361c7f4de407c3d2af344cec63c3b4d64f54fbbe1681a4ccb,True
587,L13,9133486920394793708,96bebc9d8a0d5fdeb5e854268b6ea5a766f617a4e41fbeb8e770c54b8276c0ff,True
587,L31,10328395224066028147,30fa9cad400b8f3c66bd9f967377cd736019bafc827e0885751809abc6ee7d13,True
587,L23,4164816026180057694,6975a0019ca41d79ab237e3723d413c90fe83a76e02585bd035f6eedb84c5452,True
587,L32,4493914856631467536,096b822a8607edfa5e295c65be9cd1424ab526256297dd9e3301c9fb798c998a,True
588,L12,17884326513998329614,6a805b6f7ab3cccc71c66e635ae5ad83f16b425af5775eb1bc818f3ace861445,True
588,L21,11392060106473806476,56120afe714827399948b0c1549eb9f26eefd152ce5dd012ff9c6f5e6336f39f,True
588,L13,5177369004974823152,1f52d581124459959f89b994953b1b0e288ed9fb87d5a89745548bf96fbdba07,True
588,L31,10605919409539951870,bd7771d3ad028acbfb2affea003af76fe86024401d19048185b3f2580d8478ed,True
588,L23,553625131301416551,d86d88773a91915ce12015f1ca247a334cb6454802041457f7501d7ca57c7511,True
588,L32,9042086743343106805,c5c682c5cb33e04c4d38801183eeaf3cc6d1284ca471d89f1c2024b3ede14c3f,True
589,L12,5801118570500566019,d3c35e4f01a885daebe79829770c02a3184a8270e2fe160ad13c698bbdd69009,True
589,L21,5612468447102799756,067d6ac48aefc8131c0e66a848e29c3576e7ae50d0b0bf3eabf23b979479d46d,True
589,L13,17676880385632166510,f8d170a4783109de091a4842b1f748fe4a9cc7d5f5bf7016983161121fafd141,True
589,L31,11721333690225616901,a13744dd9befe01baa620ed9179f9b1eeb1469b5a2979251926a85731e7fe721,True
589,L23,6155415379828980785,da162ae58ec63b7dc8324745124d99f5b63893ac7ba9784a213fe58c7ae27c8e,True
589,L32,10613743916115525867,99c1dac845aee84812c6859c6cb5e85bc35a6d0c6ebfad7e510b40a16ffe071a,True
590,L12,12275814884856538843,dfae79fcc4d3af54ce1298515057207a957c057e1cf1fa74ef6b1391cedcd32b,True
590,L21,15251509968457463386,cb3aaef9359f3d86f43add2bf9d2777634fdb96775bacabbed4d4bc1ca28c70c,True
590,L13,10587883785667535558,7fa30cef11e4a7067ba70aafc8b43f33c4543175091b16826d3953ff970565b6,True
590,L31,4793265552542912739,986dbda55d569d712638a081824066e053e821ad10cfdd4249317475db5d2a91,True
590,L23,7788951257542927872,7c852eb3e91971802d563599e00f8873373693229616e5a665219c3c7491e216,True
590,L32,5423583066670436703,983e78efc5420c91dccff0104407e5dcab2860e1e94856c1da9ee0c9f923b5ef,True
591,L12,2045026416578446591,61d4253a938cbf937097c029087567492c8d222dcd0102b715fc30f3b314f2fc,True
591,L21,13601894550620070090,996f8d501cc124bc468a1f34532e545e48513b4f5b3d2e528fbed8d30e0018a8,True
591,L13,15860796647967935335,e855747bbce0b5e91a10674d613662222f82a5c773a174b1387b192d73cea885,True
591,L31,159710312544459225,ace3d3dc276a38ec8c52b36e5dcfc6a43f045fcf4a08a99cba20878d70fda29c,True
591,L23,9886121833800681002,1b221c8496f2b1c5a3a4d824fc4d3d89e7f9930efbd7738b2c8a74256a0b4db8,True
591,L32,9735513205725884475,d3a7fbb66f26ee49a5343b059e139db01cdc5f468c79e691e1fe885cfe81e352,True
592,L12,17022873967735790992,ab70c5fd5a0dd88fac1dc63033003054eb5cde7e34b1252ff0b027afdb98610d,True
592,L21,1329181688362696647,04b5551765f91d7c83202e6583f415b1dad54b02bd8e0aabb617a9fe6a2ea6c4,True
592,L13,11671210605757156093,3a4a3b3c1dbb16779ff950b0ee35e2c38b6b4df0eb5c0271e31e36e906022e48,True
592,L31,7447835108490525497,08b96ae28f1dbf461f55b76c8b2b31c47c92b70170c3dd6e7454bd6cdbf47c4d,True
592,L23,7392770908472334371,a0afd5f747c5f79f3109aadc228c4ef57fb99bdb538b8101fba67132cd15bf68,True
592,L32,10809609294648609544,74f3e0ac1af20a188adab9bd61a50c7a86efdd064cec52ac8b9ac721ea34cf44,True
593,L12,3082032553977181653,3e585eba12f60e2d46496cebc3990fb4a176a0c84e56b0088ee9adfea9aef073,True
593,L21,9677231570168397920,060d7b924f8ecaaf64c2993604be04a4051001e0e9881bf7d4f47a839dc7b040,True
593,L13,1758461811827211266,90a4513476007705d657be021b197a694c6a340667151b30cfa4a685b546341a,True
593,L31,16556129686252381683,c23538726e29216c4e811c04cd5e2c5993d6573f6a33ff1c2dfc02c31e7b2cb7,True
593,L23,385825440094423340,e7ec7de66334273041c326fe6d21453bf8a0fa329c98568fd3c7f37f3d7d6f94,True
593,L32,1210889778406113,07b280fe097dc8e83383a84673318a4128b008dd97ea2bbd5491c6dfbb6d5993,True
594,L12,1513604979188586622,92d35ea220eccf762f4f91bd2c7e383170d26e3410377c8a85fe956437c4e2bc,True
594,L21,4248491043743779584,8daaee765e4c8588774d62e1375cea1a9b01c6d8c790b290c75c4e5b758256fe,True
594,L13,11890770201184741551,e6c9c7ef82b315e75a5b52826fe2f9c937f0247433aae6b9f0e27f858f0da7d0,True
594,L31,6519659157997396831,f5814b34a779cc041feb33512a9cb8390d0033abbe5cbba9764ce01d707b6807,True
594,L23,13062607656707938272,4793a1ae48f0ace8b0e74c365633d716ddc628fc6838727cdd509dbf680f5986,True
594,L32,14311083299553376182,7a3af8c344166ce549f3528560693441d35581a5142281bc1ae8f251e76618fb,True
595,L12,10768606151624562751,53c06d7c602442527ccd7c5d28533a0c9733490e0aa1c067fd7ddd476449d8d2,True
595,L21,629302391944952066,6a03aa83c4cb95c3c46191abbad077e3be6334afd0551a1b90392b78ef736d4a,True
595,L13,13215372927585232028,599b6ea9b2aa0c3ac6e9c669d56ac69b3fa56427bf39c06bb7f740886520de38,True
595,L31,4693354049612458729,86dfd5f6ac4006dd4953eda74007ce43d2318b29fc860a7bfe7a96444022a1ce,True
595,L23,16113309478057038744,95edfea7b0b3b38af7cb17be33fb51b59cf1cab75dcf3a17ddf2f66c0c090ff9,True
595,L32,9325877064161121580,e39bc12abf6e5f236202e896f02dbd98c53be7cc050f8bd881c9c77ab82ae64f,True
596,L12,16054183659143484973,a6de908567bc9ae3ceae3fef8700092ad4d764b4da3dfb870b58e723bfcbdc82,True
596,L21,6509999461568187178,2356ad6ac02f059c4636b01d2b05ae329137505c4a06b4c050321d4ba74a0995,True
596,L13,6475760514888021780,64aba141a6e92fdb65f9b496717bb6967e67ba657fe6c84c72f1652738b9580b,True
596,L31,13289998533408690915,57a880e2641221bcd513399bd7d66b32c12e44b68e29d8f6152a98526deeea69,True
596,L23,10098660279465551078,fef8c20f58ebbed0c8d30a6fb64bdef09db5356a0d8573e7b37ef4e3ed44a9ef,True
596,L32,4547788291464710981,ea3473ea72abaa6ea0c3a7fe4e3614640bba091443b5415ade20168821b37219,True
597,L12,12498690275774551251,8d6c43b18ed74c7a2d9e61d7dddd6a8f7e60520ef185eebe31071df027a1f122,True
597,L21,1724351603378332873,700461d03564900aa6ec954ff04832b8f7b70cd24c23862f2ae7f83ff66702a0,True
597,L13,3778671036343609402,ab7f057dd5f4a8f4edc22e7c1a100824cefdca53cdb30010f03bf83a6024620d,True
597,L31,1242223993315135197,f29e89d653b85355e0215a630bf6958a955017ccc9fe3a5d54b885ed5253f381,True
597,L23,17479706364057331113,55bdfe795398a7baaae1b85eb95322140b43d5f02f3df3037d8f9f9bedafed7d,True
597,L32,3244978104119236904,769c239586b63d0d15b09ade8f898c44acebba8b01efd3bae8b3fe994cdbbf2b,True
598,L12,12551673666390805140,2b619a8c775aff10b73ded4e891e8c7c6054acc01187adcaa2eee0da76be7023,True
598,L21,11014666847740460405,3c0cd4fb31b9beb4a172015f0e68053c9064f80337215fcb73d60aa2d8908956,True
598,L13,12919197710376313050,e3fb4e816ecec6e17942275f8ac9467802b7d4b9d1725fbbe0b3f799b9a8627f,True
598,L31,7136205205847908662,2331ae86ba4b648f8b0a45595a04020413d3c13d9dee2ae9e6ef754de31d1370,True
598,L23,5950578078044995026,a12850304ab6c5737d5da6a2a0fad47717aa48566b3cb6d3c97dc4863162cd88,True
598,L32,14198701275659481621,66026674134f21e0abea7f01329cada348d9d8d3498f983bdf5923a01ef52906,True
599,L12,3087853078803593147,2b72dc1cb97c162982a4f7e0c6c6c6712fd24bbff64923aa512744cd08bdfc8a,True
599,L21,9350810399698998573,34ad1f9cf5978752de44ba5b73f539feb419f3830ca1347216d60c2089304935,True
599,L13,11993644057245634808,552c05eefc086abb3576ae9e030548e69734d5784a78916a17001945ddcfab69,True
599,L31,713520840201095281,19637cfeaa84d0d98976dc1f3a213b173acf7c105643a0b8829e3c72c1587af9,True
599,L23,15787107909236369025,00b101f0083a62c6b052b01411223fe7e223ff98a77e28d1619a0f204fe8b3eb,True
599,L32,10911124493115077454,730a1bf5ce9ed19f33043ac3141db06591c56b6d75c578c743129e63ad89a9e0,True
600,L12,1911925624593607168,a03e60e72a7458ee824fa92daf9d67ccc379c65e33030ba9b113e3c1eadb4336,True
600,L21,9798239937918719667,a91ecedd340fb7d1ef340404dfff9f0ffd6dcf906458f70414cb02ddbc9421ba,True
600,L13,13246167724324918164,78a6ef64fa022a48a43106ceb5b458c7d945a9b1f1669c980c2c4fd0b8ca8c01,True
600,L31,16617336373380090032,45ed586fe82e244b5ca27d6f425f68ceb800d019b9dbf3486b6843bea1d004e8,True
600,L23,12313972068828137869,02e9f750b8d81be1d4d936411235e38522362c49be7f4d456a40b9009549a8f3,True
600,L32,6019997405254480962,91bcf667fbd10dd32d9777d124c9a0b4beee8851829aa4f151bbbe49e191e0a2,True
601,L12,3043481368598403778,f1d6a0044f6320230714d8e3d12d394d99d470e40f1d5ab95f1c99b2c6874142,True
601,L21,8375577177334454843,62691cfb137f2e881c87d8f767e4bb3899a33af9b241a8d309b9cc78a3ef48d1,True
601,L13,6576761246549156667,866f18bfe8c3d596d950f1e8bd14674f6d4bf375503f6117118a43fbe66f7771,True
601,L31,6646054544533510546,b6e3e65fb59d49b53989160de7e9b46f6ad1eec72de31d6d1f4b90aec1bf7962,True
601,L23,7671378491929600289,9b4156e9613098b3e14325a6d8d5aed516fdefa429cd2ba781fe6d56c9c9be1b,True
601,L32,2632055865354687089,a6d9ac39211a9bc2c2818339838c696f35ebee0d67004ed30cd342fd7feb7f84,True
602,L12,10236588382407440588,89cec02ef6e76f4fe4e6ebd3f5071e458a0e40b31d18edf9b1ca55178169e174,True
602,L21,4968780983152854346,c108c78c6833406ff0ed763b555e64e3c8cfd958d914bba1b936493c7aa635b8,True
602,L13,6104007784243715783,97c04f79c0bbc0ceb6770d252977aaaa4a53b18e627c6d65acb3d9241e1c57c6,True
602,L31,12248810226409395144,470c79753901d02d6e2e91fecaab9a0c02ed1d3adc17521b2e307060168f64d0,True
602,L23,5600712738373447496,74c88dee779c3ab578224627c7586c30115b250e29a1ee7a6684305aec666c72,True
602,L32,7543195408635986672,c99d6fed8958825c5ba6f539d99f88ac5bdc201bb8977d43b3aee79a62c6eb3e,True
603,L12,2935286354717881020,14cba9029fcde896b6e53d73c42fe95701d9120197839c5746fe7f7da187fd7f,True
603,L21,16375474845462009702,20327b56435ce7614da274fd13efd3dcbd1ee86a65c0c43e672a7c74b4608816,True
603,L13,5109506879978584656,a85c46f7579d7d67131e4f5dca9789213a329be47ace218a657671c9f9638658,True
603,L31,6314624035135360706,f92aa658ce0826c99f0745a7efb2a21208ca486d303114ac20cb5563ed9a8cd7,True
603,L23,17458943134758684902,93a6b8f5edaa030398a72a8f470d1de811615d778ef4445016b939b798aab7f8,True
603,L32,15342119153717593863,8cdb5c0abfcb294910caac048aef1c9994a39fb557188f7d800e3bed2ef7d9da,True
604,L12,2799631021183097893,c0eb5aa29e8dd869e85d7e4b5434df459be237390ca8b25966a3e32790207e1b,True
604,L21,2487212941434036954,0e2f3bcd199103560f57fa43a91bfb9277d909a9e37d07ea47d9ccfa6c66e351,True
604,L13,14755027939311491871,6399c50b5e58e40bc10ac926f71cf1651e55f14add28bd50fc4fa48d261d89be,True
604,L31,15610423405319412576,060dd9a8b454867543069ecee7ef57e89842e3aac5313eaa6150a78a6861d6c2,True
604,L23,13585073299827445240,08d42528e58b4ad5c0a913f0a976076e306e5ba2b66d9538994b175b4b84fceb,True
604,L32,17525632112366547214,d1845d9a4b529f9a2ac20d0ec1640ee3492b7c401496a1cb3d15cc5457a827eb,True
605,L12,7826624213074420024,6b9a8b2ed2dceb47ffde4502df85f2e48027d07800dd2505a98a4bf89275f0fd,True
605,L21,5302704860590178336,b50bc90089898a565b11cb94b88f391777513aee6963a0398ac7de4eb08d2178,True
605,L13,14005298175447735377,9e6f93c31391779b654a9ced81a04b9202ed83c82df90500c574da87c72b020f,True
605,L31,879191474408408042,3ce788ec411fb7dfc712dd11445857da8abe8d720867f455fbb9772add67a933,True
605,L23,12842978170261572952,1c55ce5fe87e4f0e8e195c529d4b97872d727362c1152a91677f75ff218aa7da,True
605,L32,15193403959788410084,19771848238e6dc688b9c2a2e35e3f5ac8537d27936cbe2c385917b65cdb66bf,True
606,L12,16188162579252352686,05889e3c93be630a799b23f5400ca4b3b7803330809fc066d31a0343bf618cf3,True
606,L21,7538786094945816567,678b4c81dc3ae643bdb1b1d662d2b8003b55cbead3bdd5b2ace2a241ab1be13b,True
606,L13,878807789675789160,96e4dafdf416fb64310859c7f4cc1814af880ba37bb2cb5925cb118beef0d406,True
606,L31,5403873042566818903,b96cf221bc17ac02fb0929810b14d28f13f9a92d00ee8b9b05abfc0a2077b325,True
606,L23,6072899253315241888,c6501fe367ba5b0dd8cf91a6b30dc5e9e3571857d274bd420945c517c634e3ae,True
606,L32,10101643790083497795,b05f127ffb39acb7f84d6b33b3c98e05a1f8cebc088a9c1fb1fedc6ff97fe2fa,True
607,L12,8039085327664380036,7c975b8419035d2309acb761d4d456dea039bce4d671174ddc0fc07ae1f5cb43,True
607,L21,1371457948916660777,6a30b082218e65850b0d21f82725fb7d3708aaadd7981d6a829c81d6d453cba7,True
607,L13,4116424966120251309,58e4cde9762f3e71c2e1fc25f2791f4659d655d28400d7c498d4f01ccc14536a,True
607,L31,1301043524266423438,bcfec2b98d8c4687f46f9f5eaf5d74377be997b6edf0dad3580a81485e2f1fed,True
607,L23,6039007562207277906,8661d3b263801c15fe93a8f5297fd689d4c38a842102b7f45798d5429ed0319c,True
607,L32,14823712306038090956,c3e14259c3eb04b250ebd444b128f9c60d3fb8bfd149495126b44cf34777b9e5,True
608,L12,4621313763112158147,d95c839c48bd1e1e8f88018482de66bff1ea8229104d309c5e4edd56c3c3157a,True
608,L21,17379764977882499101,008e6fed67822b1ef928185cdf505e12f92f920f920f08b99e0f78247ddf2c10,True
608,L13,13540340579749384561,4ee309dc5e706eda79029be4d2909efeb806b8e60ddef84c7265708732a9681a,True
608,L31,8049578228902786064,72854a9113d0ebd61728d9d9d429bd1b24767b9d9596e6af361138d635fe89a0,True
608,L23,3933060708910336217,9fbcd352d3e7700f5f85ac8c8ff7eabc5484af17b642de7a5fb88e4e603b828d,True
608,L32,3256026596812734154,f12d5d85a9aa11abc514c5fd22964e532d0d988c7818e3060c30a800eeaaea68,True
609,L12,16202321013509057198,db062dd53d61321c34d3989a5004878430d1a4d681e2e4a69ea230c1aca1c61d,True
609,L21,8235755564067749935,a8b2f25d8b74e443c14399b1ddfa74c896b1b151ea143543f7ae588b277a1f84,True
609,L13,6779731728846971086,5876f75672180328fd7a52e037ad04bc80b4819496e0672c8ef1bcf51668dba4,True
609,L31,11537081029431419959,5070c887273ad51371349d8ae137f362fa75b870f2685ba11104efca859953e6,True
609,L23,10882767763667678326,270b5f2227c26592035bd9f32713a1760dfbcd3bfc6c9a6629f0320a301407ef,True
609,L32,14014551723509629057,7576a2b348a5a5114f116a03846b1cd3e995d52b859d1ee542185b2c42575bc3,True
610,L12,3100209712300740233,ba2ed6f84e6e12b2356422b519480f14f2c1f66d5c21bf782c38f353fc98b5a2,True
610,L21,14249739191216537829,1dfa41b31405b3e67b075c636ad59af3b419ccc9c7700c55e5cd5516a22f2394,True
610,L13,17715802681619016377,a9b354d502c22f32cd607a69effccc45bcbb3db27cad80707c66dc13dfe91371,True
610,L31,9223235056607815102,51ba2a18db2201b210330c8c360142a18b5661806429a60086f64875d50fc3c0,True
610,L23,5140057251974211270,ef699857cade500a9dc5a459d39fa8a711bc11e77ec85b8a91328dad750e2d4d,True
610,L32,14337935525455350058,2f2b71d3d227e3cc4f773beb8aaefb06bd53f34ca2e5c3484f3c0f9a48695c44,True
611,L12,16086377118742808574,8e9c29a44c51b592a161b3f53ac7d882171763d5651b7adcb5366f65717e05c6,True
611,L21,821969347372981784,4c91e84b528743e37e0e485d451de4e490ca7bdbac95dab3d4da78454957d7ae,True
611,L13,11505204463067237708,1e8123dd38f9d9297797708f590aee83870974715db4a3d1d44f472206818975,True
611,L31,10802838832979753561,84f8006935176dff857864c856fc0655c5d2b6dd5cc1b4f4dfc3ad2c8c329dd6,True
611,L23,5266959689683150885,06bccf72896f35f50ca7012cfe1220fc7632c15d93fd9e609b09bce3152a9194,True
611,L32,4754391249071939036,21f16a496a0884da7e9b1bf73288d9aace1d67335310235433a25364af9895b2,True
612,L12,7030173494074108628,72411830b63188a3f42e123f0f22ea9f76c5f60143465e92f4b03370bb2fe84f,True
612,L21,1136799097687780949,b1239fedfdd0a2072cd784af47f447ff540cc97fa10f47c635a09dc9e00d7c11,True
612,L13,15817316001681815103,6cac827c0b7568c5acc951033397b617a1e746704bf9fc079cd760e40a5868b6,True
612,L31,17250249206145604065,14842c193ba5bb13c71e9f87353e8db5bb77301a6b5b93cde5eb02d53a1124d6,True
612,L23,11773786505901772020,7dbc3db06ad4e9e91b115ee6334b9f78398cfa954ccce134384fd6fd1c42ee2b,True
612,L32,8316299456438487196,b45fe0625ab5fcf605472de024adf75354ddf0ec279816d359bc6c05218fe594,True
613,L12,9405914765796987341,f5c6e781874fd39e954324d2a118c719c6f5925683eef6b7b0c2884e2dc44fa1,True
613,L21,8699097912262303308,79e54fdfe847d770ef7adc1ba3a370e15989b9988c92de0d1d87577d1e170eef,True
613,L13,10421580989180188608,bb357530ce834cbd59ae4cc4108032b014596f0ebe54f3654d11f2618b43ad33,True
613,L31,16489646478656434866,6c40f675d70d96bab375b6f295ef6931a673a74b8a410ba1ba57a98ec8acb6b2,True
613,L23,802099423801968901,f03037a36d9d22d0664b35b00adfe41f4e5052be62b61c8a164046b05748cc86,True
613,L32,405695335463156159,b3f210a5aa5908c94ca06d1e751c6bd6023534ba6726f7d97fd9a8d71a6fa306,True
614,L12,4741385837970269101,9b6d2efedbf62585c465c999313f40ba967fdfafcd488a3d5eb225d2e23d457d,True
614,L21,522981785036023482,a8a31ce89f5cbc5370cb755bcb594319013d1d8aba0be16774c91055ff5a40c5,True
614,L13,13990382231086901874,c7ff5483006dc6ac2964d8a400faa30a2af500f130dac63e759341b80ae7b476,True
614,L31,16306556474512490677,582fe95bdff438d41972681007829c59b4a319d044d7aa8436ab82a3650fc1ed,True
614,L23,1275837763731530626,bb486701a86bc1ba68007450cf72f9df3ec66a902924fb1f83f13b38c4978ff3,True
614,L32,6288717990108852531,7eb513f3e76472e85c3b522a422492b87a610bff496e6e35e35d911842fa9b10,True
615,L12,10242312322252759761,3eb0ead86590a4b13d447ac6e493b3d0d58cb3a28625bdee9cf34c9c482cab28,True
615,L21,16344910472247775090,1fc77e5b35a2a0ee8c2cc54fca4b08f5aed08a7af02af1cac75c883d0e406ffa,True
615,L13,15163324356827352539,8a15742dfb14fb2d76a540aa1ff370c1cc2f089d8e6987269be679b69f7a612c,True
615,L31,3045099891024940373,395459927ddeadf9149b8a720bc1f5854a83764b34d9760c877f9e0379eb6c45,True
615,L23,1407617712352863227,cf4ffdac98a3dd5a5ad6016d4d653b18918c5cbed2503c2711adc700a197e109,True
615,L32,7843553915526987037,f765ce0635b6694aaeb18c661f19f614c7a869d53776b096f8b619738ae3403c,True
616,L12,14563796239616725854,b519027f92ae18b98fab6a85ca1fc1d0cd58734a374e84afc7a465966fba2fb0,True
616,L21,12345757061856007578,d97ab23804fb7b5a23e23e743f817bd8ccad74c5198cef7b692b5689f7ef42b9,True
616,L13,6838707481874463496,a8f6cc5eb91c69b03c24182884e10536b07a6b828be2ba093935534d5b9511bc,True
616,L31,7739810930545953738,9b1ab4a1f7393506f448b2dfa415cf32c35532f6de99f3fa3d77a30f0ede7262,True
616,L23,6451927740339022187,e1192949b3a57b92f726b41fa4351c35377bf06184de0834e597e51e85b68c14,True
616,L32,13288849531693102685,a5653d4a710e29296d96b4f4a1174312228abc12c37f525f3fc304fff638bc5b,True
617,L12,7778478308329269419,a882335088c27b305feeb56bb0ee5a5b17b01a25ce0af7319eb46dd59f53b48e,True
617,L21,17354598425323923148,e93c6f3eec094605510d33d90e5b2f6307d0dc5f1a21941e011cb1564515d87b,True
617,L13,9183393847638690715,b3cef538eedeab43f75ec50ca52f6dba48119708f53182472f47c45257c8a2dd,True
617,L31,5107121833897654850,4b2081a0b7853fbd6a648ae7d43ad7e7f0cbb87831f8afb123fefe66b3ad8407,True
617,L23,17534426974910196818,44d3ed30c0d60b5f4d07a4265c263f721565319dfff215154470ed16443fc9d7,True
617,L32,10165763009808411748,c0da42596d6d1bc2d9f117a64d988597e70dcc8f370937de3051f3e8af9229e7,True
618,L12,6156894856825260396,e46b258798ff10c503941b736ceb16989d993ede173753725d05632249456a6d,True
618,L21,13121580423717357621,06d18f3d6d6583da84bf169cc144d0b91d38480c03dcec8ca143cac055ec1169,True
618,L13,6702628824702773957,c017d58c0bc932561f0d00661d7845d5dc265c5e17561619a4b205cc4e869235,True
618,L31,4616337600765807704,88f2d982ab5480b9606f5ceef326799c8407cec4b441ffa79f9642090fb3bc87,True
618,L23,10560635779251058023,7f3decb49d42275ab2d8071cca7fa814b31cee0ad977e7cf6ec79c0e830494df,True
618,L32,11748605893428685446,3e1c5f1d688df129d7830e87dbbad11affb9b792c5b8da93c469ea774a52e7aa,True
619,L12,6136963582563770740,c198c7226348fb0eb768fa9b290d25206f65167ba5c0f16dee869e0e254b6771,True
619,L21,16733921198082680443,4a86b11df5cf23ed5c325010fef7a30eab220529f91a41ae47d7bbcb38ac9b50,True
619,L13,18235379499591411584,8c526135681dbfc6e11e4d4b8dd8077ee857075afa91ad365de98b62b1fa2f85,True
619,L31,4697045934467731635,74e331e7974722fa67372c2b9bc80d1939a9b0fc49de7d3cfdfb04919b3913fe,True
619,L23,7577277411717659215,dbf5f26c23787ea44163f6c97b970eaaca8dd0c2deb6700529e66f199e3aadd1,True
619,L32,11428469611675486925,796b90c37edcc33156ff8c3b1624b4578d2d39fbd88c825abcc8e33d9ae417f2,True
620,L12,9877552578498222503,afbb5f190a2c7aa3b06e09f841bc335fe74f80123eb6e517f1c6834a998c7362,True
620,L21,10880706208414664892,3bb00d4d68732b35cb46dc22314112f1508f37ff1bc29573960a98ca4531f0c2,True
620,L13,2144094318310927638,26ac2db1cbc6d95cb57dfac6e124dff31060b5bacc7bf03b5167f48cf651ced0,True
620,L31,8504646350101334447,ba2a8167e3efece415ba76f7cfc67934c17dc907277a928e8441c8957b60d80a,True
620,L23,3320473090767374441,829c238c138ec51da73917a36fa0dfd77a405f3354a6fe14a56591b58c1ede36,True
620,L32,9101069986863651676,20fbfd99b53bd436db1abc841d0f85068c95afe70c9ea20a26de6ebe151b11d3,True
621,L12,12266519433007107017,2587b56bc3d247db203b724f1739899e4360fb79fbed132806b11f1003cf27a0,True
621,L21,6150752419330486789,fb5dbe60d70fa5c42806ac6e610cca88c232e5e226bcf6d220f8434b86b4b454,True
621,L13,17720536097009934607,e67485f8aba59dd1c053ac70dedd78e4677d4a7fa14e707b63917a067e65829c,True
621,L31,3952999798087791540,557cf5307ba6227a133751eda44337246554ef05d21c60cb44de8d170c2c9485,True
621,L23,5342321230822933706,ff535f6d8ec89707e214f2583d3bf8cb626c509d2f6f2944a99cb51052200b72,True
621,L32,11848025986150545497,fb102c58073a3084d4c024fdeaa25b60718c802c9fdadf072a7d40a879bc112e,True
622,L12,7511319434520153233,202a741b61cc99d107e2181e1f553c9a2fc5b3347e739406de4b204c23713c32,True
622,L21,16966289103763584346,02ee368bddd8103cdb082589cca89db4f85c940c7ab500929a293ae067fd50aa,True
622,L13,13538957259128720918,ea2c4669275ea6dd125aced2ff2708bb0d0d089fb206d47a07638df2362061bd,True
622,L31,14772942924625802949,b15e0152d2f7d15ddafdeffb719e796ff7e956987bb5f81b379e032c24a3f68a,True
622,L23,11447526184127231461,d2da065144018a75c2d89e2435cb8fedadec1ab094489940392c3861431dc167,True
622,L32,8113012592283825301,03a606230fb4c02e59544ec1fd0a0103c5a4a6893251785f9406a90c212249d0,True
623,L12,2072943323113588779,f3637df54bff839b5a77bfd32ad10983f456ec28051ea2766609b5052097d6d3,True
623,L21,6742163610249423686,25a48f0a2ed4b096ee2f41a973f73ed2b4f0af9198ebb801a0f613c2fa5b81d5,True
623,L13,9593163985402471087,358676ff42c100a30ca39f35caeadf94fb83c383d21e1f7d6dd97d6a3f9a791f,True
623,L31,17012966352462233029,10bfdb468ae94c1dfb645ca3a9f7e39f54bd221a70232144bfafebd26e3cdbd7,True
623,L23,7870077540216465943,4e90a32036f626b50b06786c3d13cf0c208d767638ac82048ecda4f5aae06147,True
623,L32,6919207125808868378,f9e5c0081a28fdb7c0a2e7188336b241723d3a93d0571aabe33d8129ff7bf316,True
624,L12,5677860547168154243,5952b74d881181f03d4f4125d8dd019508352f221caf9415accce7da5e0c8796,True
624,L21,11587813966209698542,59836bee13a84524087e4d50409f4f8abac861203a7134acf1c499ec7bf89488,True
624,L13,18249932259952022737,eb0cda3b45799c4780789735254b86357bd9b353b81bd3da1785ce3df5d491b9,True
624,L31,16145116236049061652,59f8471c97feff66a746dc9dd151f8a2e77e62d2d4d8f012f3abadc44e1ad402,True
624,L23,5199563838617414865,9c35810c4e1a6083448116c9c783db2190ae1577e1f8a080f5d933fab7bcf8e5,True
624,L32,9252917990329393211,c41bcefd9020c3399feef1968c7f86e4ac69b908078ddd5e78f1c61a4cdb6458,True
625,L12,2735681184006445393,855bbf0faaebcc359a6660e3f45da078147adeb126e9d138e80608cef410abeb,True
625,L21,15277715795075006485,09405b1c0fb4890f22a5e679f964c83ba12806937891a0f2bd5a7464a265eb8b,True
625,L13,302842437043422969,ad8dc7bb66900d3d4dd818243cb7f345ad48ce35f520cf474d257fc48acd6b38,True
625,L31,11189684221164914211,1e3056ceca1fa02dd278846cf82eb896e71a6319052cb15c042c3b6ab4a231bb,True
625,L23,5809732354183724024,ea32e411fe5e7cd277429f0cbbff96713101245721e5f46f3d33b185e20cb9f3,True
625,L32,6720674749417537625,fe7b6ce78a991949a5b28571f370f972f153023f560e00109244c3e0107077c0,True
626,L12,9059946823601306377,e5ca066a2b0fba33d09fdf5fd16a878dad20fa842392b26b42d29aaf605dec6e,True
626,L21,17711191571150048740,c3d7ea0fe78a9cbcb8ff6fcf0388b5c1d8206379442643f6a3e23b2f83d0f2dc,True
626,L13,6973354435210892888,5548d02ff3fd85fd74406120d9a011abb5bb94e96fafc397a383f81cc1d6b4ed,True
626,L31,6975182238048502210,d51f1e1673c6c977f24679478e4515117b9a961907736a8c4ee966b927e03044,True
626,L23,11764025930929738265,67a308197af0fb1bb5605390a658250ced72b21dacea9a27ac082050f796905d,True
626,L32,9243204461658638864,66da0f2c6c6d496ac0442f53ec2e0e3403aa2d050e0cb587f7da4c52e306419f,True
627,L12,13465028198507989938,209922d535ea4b69d4618b0c9b1c9f4131adadf1406d35194b1aa351c2763f05,True
627,L21,7425827024509779503,813c0b805fd0ff22358dbe84cd1834d227c4d03885beb7522e263a5156e46a14,True
627,L13,9487148116141471479,1f0a0cb761638e35e251f7496a2e87545767cfe6a300413004e2f0dfb34fc79a,True
627,L31,15128753189004720779,c94321ab7768e51eb5300a879db8ba7378dca033b3e4a0388f93c9eb0a94ae7b,True
627,L23,15623131089460279603,c3f4a753b37bda702e42ff0e3d1352c350fb9a574a03b5a3f5a3017bb1ad9a1b,True
627,L32,13617100256105533392,61d74fb16cb9b43a5f31d9fe393dfc36bb30ec75c778c3b580b9657834c8cfef,True
628,L12,17171955304404566080,859c823eb1b04fc4452fb7b775307bfbe1e8e3a42413f32a875db640caa2a140,True
628,L21,16553500489426542536,2329522f929c10cf6f7724d6975287c8cf1ce81fac8417e768c5777207d73191,True
628,L13,11691955627284670570,690075a657f92b82ba192822f4d922c59e8eb4f4cced095130647f29d5b351a8,True
628,L31,5908554697755226529,5df68c6837eff3c6af37a29ffdb6b2c579e04e08bde1553b4663f08c43b38bd1,True
628,L23,13101992769489889632,7e07e1f0af3f3ed25fd10494a2ee093d46cdf2f3b95f42873fc57a3ca948e6a2,True
628,L32,6280411182234699058,3c42442a41e049a5ff8e60e813625b04b92656264d4ca2495014d2542a273e88,True
629,L12,13883863676965637752,e5510764f48dee15b08242b8c051977a1d9235d790ec8e1a91f86c22494d716d,True
629,L21,13027889324583855969,124f7a2a05bc63001c78ee96c97da1c60b3922a6ddc6cdb92ee72934fbcdb0d0,True
629,L13,11481567998297099601,3b2cd1d674be0589bdcebb760c3184ef8ff89e2c309e5bca63145eaa124ecc91,True
629,L31,4265811069018883894,ab661caa1ce7029519912e74e394e9d09169a7c668beebcd218af5c98bced532,True
629,L23,9542072029699671254,b014bd4d61e70772cdc1a889c6e4c732b0539b459ef1d16d28eb5c2597b9aac4,True
629,L32,9020202158799226314,3ffdf4032815c5d01e53e95ab7117b819f008246c2f3c5c628ac745b8dd80079,True
630,L12,2767438734142487383,d76cbf166eeef4766d1baffaa8de263452a28c8223dab80151f49a11193e8d2b,True
630,L21,11387530385003197895,c1ea5043909c4d2ded75ee8897e1065efeee319bb2a293f1d8dd7e318004a21d,True
630,L13,8786583239522456931,108fbdbe7a207a161ecaa8acdf395c35957b33464555cca35fc55be5862ac110,True
630,L31,7691282738770536918,8ad06080b81bbca1659215f87084d0af23f5d428ff617b3dbc81e48e57802d7c,True
630,L23,2651648231190948809,49f17143ef974a515d4911bc084ca7c237862bef1539e698e85bf01ac9d7c59b,True
630,L32,14011467589973097467,ce351c5a97edd40b63e6aa862ee083a21cb5ec035cf9296cd098ee6eb5529a19,True
631,L12,13974788308926630445,bbeb5992ccf873f8d0efead0c45b46bce3e295294a6a5b9478c52309a3774674,True
631,L21,5227435353711133434,fb22031121aedeed33658341c8ad5fed615d7c647b71ed6db6083c1f76408236,True
631,L13,16004455773098458156,230563831bd6cd660a76135827ea82bf379afc549f4d245b2d13a78e1ef8050c,True
631,L31,14784847047859138257,c28909f5103581706d82995dbe4218984fdff205ae7ec31edd0f0bfeceab8257,True
631,L23,5806381750824256806,9b2dd5676f41e7cf0d8d794deae5b9f9b41d341e899086c7526c2cc36bcc9d25,True
631,L32,8698481371764704435,5a8ba7dee53ec61d1edf9e4b969890817eeee6d3921d0049dc111b6eed305323,True
632,L12,10882025867167235121,84cf6494b8c24edc977fb9d9207dad41c5d06214a6a4deb2b70a286d3a784689,True
632,L21,11889581422942290946,abac098877fd9e2db8c5783389a8fbb69947c3f80082e9e494f32ffc961fa99c,True
632,L13,17127743328758189404,afeb4acb4f30435a09aef93c3c86d2ac6673f0a88f315d1525391e20ad180397,True
632,L31,2340910713327389804,5c40853e047099558c490689510527f7b1790a47d7fae0ab31dc8db36f6802cf,True
632,L23,11347904861645553945,c7a1d3e57ef29669a4b7cf7a3f5e203ceca7f03a2bdb5be29637816b02d059c3,True
632,L32,8832299520864237768,29ef588687c808509bb60596c48e02a9e69a4d7039fa912f39b0c1b1c11373cc,True
633,L12,18192413240042110539,7bbead0968044b6b92f7e35cfb10ee30e6499aa9b299e741cab9668517da7784,True
633,L21,8176316793102661025,5c5092807a3bd9321d8b5d54dc7e762c39a21146f88ac13255b2a56116b6d17c,True
633,L13,16174034901279078285,0efc2f401e243eaa94b8ee767174c80494bb1b4b1f1c945a5254d37cc192f40b,True
633,L31,16398424645746287161,ca702b210a05f9e5ca102896f84ca8aa38c4bdddc45510d81ef76d534c389527,True
633,L23,7895824526232353149,78161c36334ab0620d3d34283e8b62b0c8ec6175303071738eabf240741d40a2,True
633,L32,12536587560386912184,a2b6144235f867ab69ebf2aa7d09a15fe1f02a2813be035661f371d8f006d170,True
634,L12,10772612682551540839,ea4bb07c97f9d8904c8e563e586a04bf692442454e0a85de72f3ad9a405e39db,True
634,L21,18049095882264546893,f016006bcd71f9670f9fec695189a3aeb4197971002857247a2dd6550cf1af21,True
634,L13,15923108051287551597,f1197117613ae12c198903448d8aef4c0270eb0624879451087c7329ac0fe4b5,True
634,L31,1132823994638442108,01a6d37fb691b63deaec4df9ff4b5e7d64bd8ab007eac4257e3330b3d0649c73,True
634,L23,2445631277576347383,6eb28121bfc7fede0a43f8722d7ae06103b28b5fd15e455f2979c0e39d696077,True
634,L32,17549716677030591131,4c9dcceca33558c66d3527c7496a231fcc8c5869b1b2a6080047a14a8d845094,True
635,L12,15491087245661578870,2bc972fbb29817c756e544c35f0b7673de3a7b2b94903652489abd6bff1bad69,True
635,L21,1525053390050870372,e6e8cf26f5c9c7ee5ccbc4edb66f299e6d4cf1174402d7c2f0580ff7df6affce,True
635,L13,7627266337151137938,a2241993a561c9bee8bbda90c7fdc70ad5124a9b55b79f35189f8649bdaac9e6,True
635,L31,7188418231212130509,41a3882d2783302d322366a8e5f0875801644428f9ce6f053c0545901f0b2d15,True
635,L23,6484180692947571952,401f9c2508d25ec0874d94ee5118b92a43c4119771876ecaab4786c06848348e,True
635,L32,3818159820454326010,6e01fd4654379a78c25ec0ae18e3d8b7b653a7639e259ab00e0a5a00908eb0f7,True
636,L12,12830313938186911653,8b9814d7c8d7c29c5a2c17c22fe5b8b6fa496cec70587d58adc8a34f75ecd301,True
636,L21,4894212512228026214,e6fc56e5ed18b4d962cf1aa69b0668008710e35582b90abccb26fe066385c422,True
636,L13,4646109131647361111,8d7d2fb685f6cb7877402eeb4023c6f2ee8cea9918a0b523a1f3840e9c49c453,True
636,L31,4867411669947500263,9dcfbfe10022bf7e16b5a915ebd22e8df107f081fbf0bd1946b5bfd1ffadf4aa,True
636,L23,17869098378963529993,d32ac266a4956447bca48fbac9524e2057e733bfa877b63d354b2a4af5e5acd9,True
636,L32,10572985979211162883,c945f346e492508ade8185da663ff48e7c6f063b95e6137f27e7581a808767c9,True
637,L12,11052286669613124143,04090aa2dfeb4136c8c83f09ad14bebb03f385e4c989d642aa3458a970fabb76,True
637,L21,14754355883929702706,04a6b8082de2bec2f50bedc9ceb1f5e1c1921f09c7aa4f13db6c7eee52015a15,True
637,L13,7849836153579240338,a41631cbfbd0dbc06ce82f1434e3bb316c5626eeaf453137a200808f848dae89,True
637,L31,12074101808845361019,d5c75ee2a54fc37724d452af10d6bcb5e8128ad37e9fe28cd5b4189992274dd9,True
637,L23,9133757384034299020,cf27cd1ea392110d8c542555f8ae21704ce38835eaf375a3791fe056cb7d7c7e,True
637,L32,4225970878867161630,dd5cf0506051dc1b2a8664233830309d7742939a1faabfbe9016e62ac7c5a8de,True
638,L12,10946481559826124523,6c29423ece419b5b7762c4c8d861f5689f59e05d6f6278bbc5f90f6f133da4ba,True
638,L21,16951923172129382014,979a8db486ac7eba6de52a8d70c69e47435a1ee648478a9362b82c5654a821ef,True
638,L13,12658731863601268119,2a1c2fc6e82db0b54f4be23d410b1c3957abfefecc61f78a57e3e36a6d2fc45d,True
638,L31,15314570910180614256,99300ccf9c14c18c4d121ba5ca35981ea8b8c340c496e1c3230361e0ab8e0040,True
638,L23,6791305437519636467,a1924d56d7bec283e5a7518c6ae14ca5d8bb7c73756867ce93dd726e3f2d2b34,True
638,L32,12940809733444780906,d3d771db048209acea9c09fbac300e25326755b334889daf6916113bf516e9c6,True
639,L12,15938444386032463279,af9ec5e404a523efd70a4ee824b8f3fc1d9aceefd032984b65c51ac452118021,True
639,L21,17905546485761684753,a985ca7c80e1722bea18a240e2eb3658a2cdf799a4e152f4dcf31ed1eea0a7cd,True
639,L13,7622852786346913338,f10de256a13cf9162d4db57ed29f0ac16923d755e7b678ffd848f5a4fe6e7ab7,True
639,L31,305207688490873477,bbbdf192e94f7b271d4f3a36b8637a63279f14ccd4dee7b3dfcee36315c6d9ec,True
639,L23,17071572519553989671,0a8976b9940712a49cd4ee3575f92ef02f1ab8f7c21f314f0acd9e44e36c9a6b,True
639,L32,12076316854748806782,a6406f57c762d3ac0ce90b6a34482219f4c09c26b8adc35abe0d89f6217a3a9c,True
640,L12,4214574349811842411,d1718409ca10e96dce9fd1b0aed22856f85828b94765c0efb8d0ccfd06d879e2,True
640,L21,15499836901841678168,5f4f223b0d0f6c1b482d8471e0efed20291ef42746b1fc0ee1592bd3fa456582,True
640,L13,15175412328009004731,f106d4d4b872060828bb76d9b3e06cc2465f99c5b47df5271dce4efe6209fe9f,True
640,L31,4224362842791861747,715536a69def504eea4a8ca89e8a77d77b04013fc44cefb9721211ab4cb6c0bd,True
640,L23,7630540407092066107,831b36b1e8af084058ccc65945e22c5408f5210c7c20e7bcb22e95f519472e80,True
640,L32,14542702296860344758,caee5cd15b777680ed73536056067b748d039904bb1b701a3b1a438388b9c4b9,True
641,L12,12156506036754064339,7bd3b3ff8861fc22731bb90578ad457afbc2cdffe2efb9b8514fbdee6fc16115,True
641,L21,13250084650355213711,78e7f08a6bb4a3d5867feb05255be12ed390f9552e65a824795acfd79d1e03d6,True
641,L13,9152091710967219711,e95f555fe865a8b2f535b833894e48f0b8439a34b83abb9bd0e3d39fcdaf5c2e,True
641,L31,10821850733524248198,7eb56cd17d74da3ad771fb5ab0beafe52389dbc14c7c654f306ac86fc06016b4,True
641,L23,8586859689463881045,8dcb7d878cfddc44457ad2952e65545896674d11db7a83449e3ade49c5cfaa6b,True
641,L32,9322739655516442470,fdb137ceb142b84023b92351c142d89af3c713001c7a56df6536c530d318845d,True
642,L12,10164121912205886,63da828d9cc228a612f7c5094d56a21a59ba1ff90abcda0f0dee01cb73d95a14,True
642,L21,2702823159855476633,d597f677eea7ddd7051ccd493ade1f1eb2748cb2ae285e9dfb9b85a5d68d3c78,True
642,L13,14762830273477822401,e0213cdbac32873ed46708bbe7a153d99540abd6a30ca0ae341002e6f58b13dc,True
642,L31,1808039473636456337,d92e776c15eabbfc85d872b10a0c2c0e1acc0753da8cee0ff698d2d2741038ee,True
642,L23,5182275998426668032,81e28866bcc0535256cf4b38a891177a44e64661a19f6cc28e70bda00a8f1eeb,True
642,L32,8789092880466066735,53cfeb7681f78fcf99dbcfed928c048dd86dc756d7dd92f795fc8fe2b328ee1b,True
643,L12,3027349016676444231,5a0731b0d9ac71378a0ee2aa149a1516a34e797eb0712e801c46f7ad2bc8fed4,True
643,L21,13820972595218826937,3d91792cc527e7bf48300b7dcf22625c0603fa98997e5eb1a6ea7d1d6c661393,True
643,L13,14449828963218311081,b78b0ace5d6bd8a5afeaf6c8a2cb12ca3febd9da053c7042d7352f076e27b421,True
643,L31,9863013264918401131,b4aaec7412bd52da8984615865d1961ec9a8ec9483ed7ea8470339850a72ee10,True
643,L23,12598936792338579437,7dd8ac3a633d53c5491ca8943140006a1532333a4c89606a79fa1b433ded2888,True
643,L32,9500088133629008910,f8e92096acf555f0e0c7b850541b34160319f444f44d1f512a75afab034403de,True
644,L12,16677140902401629900,e2ad67aebd78821603cfc689d21fae2ebfabe5811d5dec2c6d5e52f05c4fec7e,True
644,L21,8703190083378328521,dd096e13147caaf734c9b434dd6366c4d78a0ea75643a8f1fb2324bace4415e8,True
644,L13,16253471106818369521,7624ea0bdfa0db127509f998e4b1cd9d3854e0ffc97ce5f79d198950de137530,True
644,L31,15174789148607799377,4c28741096bd66496f41fa236abddd51f6f40f9ef550739ed4eb993b2597bd43,True
644,L23,2305714034526751504,77c77c77026f79ad789552913f042512cea6432d65a28773f1a3b7cad50a2381,True
644,L32,7624040855746955862,75c8bc337b4e62a398a263270203109878bffbc3cf9ed18670ac4bd41f63df3b,True
645,L12,10712961534570503873,cc9cac5f5d29d5fa0f29c9b70313791e80141ba1c405dcef7ae44e4d9a095efd,True
645,L21,5252487047739295875,dafc958aa0df895d9fd822b210136cd392af4424b8314cb5acbbb6c90f3b4353,True
645,L13,6088867830459535129,c1de61a09dc9a222aa621aa338432ba307196638a3326cd9b7534e45d3b463ae,True
645,L31,16049760850873783942,4148aa67843ac60d117c0cccc3783f247636f04ff78b16e1687596b537d259ac,True
645,L23,10944450606805601727,c60ff864dfae0ecf71ccea724ad2443c4277c66426a2172359a53bcce4886e77,True
645,L32,1243120350384324363,b23b5637dd3a42bd958c5d90347a4077d81610ff6dad923fe54780f2d82b3307,True
646,L12,701885309976384577,287e1ef6b60bf40aad4f6155dd4e267c57d341fc10083c02b3660b76e90dbf7e,True
646,L21,12398223369190739325,90cad446831e2520a6d7dd9e99f6be518e0ac4202eb2b8d1994e80078f1a59f0,True
646,L13,9163957626317436097,38cc6ac12f030162e8553814eb9f4879db65a425f6e553eff6a693acd9102ed8,True
646,L31,4182974866054452907,faa5fa8fbf8ae5bb0a72d31513235da780e16a3326fc0d76e3941686e71f44b8,True
646,L23,9552941181638923308,620663110131f7a56e8d737f9a629ad7ed7329fff16fe79c53dda9c5105d93ac,True
646,L32,6844176785146024457,a78a5a460da583a78fa96822550bc7c4dd5d26e9f9183dd81304195a6f5f8199,True
647,L12,17869923850349082290,9ffc122ad674a7e892e419db9b71894ec4fe277694173c68666ac0109f6273e6,True
647,L21,16014380010442616300,ee0654f3d24c016321b91105f34dd3de2ad5bac76499ecd7a7813e4a6ffcdcad,True
647,L13,6800057136602241272,2d2d5ec0fb5224d6e0e835b20b3127e93c86fc277ca2b12ca6ac4faac233aad2,True
647,L31,9381353371451711634,04c8d0ae39152be7739703a0fb9ba39579b08508f396e2fbef5095932c7f9f35,True
647,L23,12549692294811034643,50cdbba94a65301e795f90fbd06ba6d78fc4acf65bdab4b2bc1bda63c35e4ee5,True
647,L32,16855465467804881690,0b6767eec8f70332340c803fe80a0fddf7cc5649caed43bc22e78676a907040e,True
648,L12,10625072132876659435,0ab439f0216b12ec909bd2842beb50ef78fd5bd84751b53c8100b99a3a6d1d70,True
648,L21,17065189984233086755,9c5d0f7c9bec6943b16114d670f89e84c9e047ece26542c1ec87d8709b523d12,True
648,L13,2761872992929034091,068bb0013f30010a833a8c68cddbcb2ac6cced76e1dcf0a809025a570193b99e,True
648,L31,11928227878547606135,a23d94a74fc5b666173b8de9c278ca5958329deec6e83a15e5df345d40a62b9e,True
648,L23,13915077995154383187,1fe75d75d6fa9ed2cecc45daab7565c478892ad4e1aa044d4a7eda5306fe4936,True
648,L32,1851369964522564307,d9fc27541611bb9d01a4940a939274cc737a038af8180a90174ca1cf9a30e8b0,True
649,L12,7081869357010945156,fc156db9a6bb4778b59be4b2c203be4aef4612b0bd9e1e10e0b2453f12edc4a0,True
649,L21,3031006862110712813,a298e14e016543f83927f42d5cc6add7301415c4f1b79c3f60ae81cd06d0a400,True
649,L13,15098889747147289553,fe23443d34989afeb053852e1dba8d31e03bad511cbc5a170fc082c73ad8d264,True
649,L31,17399530791636254733,5cf8a9ce6ab35770c38baa074a1faa0027a40a292ed56712bfd92ac7f9d2388e,True
649,L23,14872698179845955481,1defb49e0bb42d4657e7cf0ff11ec6d8139a7e560a28c8c5137f21cc105f67de,True
649,L32,9572928972157500937,d990ab48196e91ed7dfbc58de370ae1dbf6bc1b5095a783b56f24086c07b18b1,True
650,L12,2094186934953934522,58f1e35c07f2595b983cab506822a619153e7829cb4bf2070c604a63c5a013fa,True
650,L21,8606490781135376292,93d2ff5326ac1ced6a103523d261e1803c94a2bdc7900a788c191e10e86c7384,True
650,L13,13037726555665523120,e3fa817767d3362a3156b0237c9ba328edccbedb29187ac3bdf10ec479ca3d9c,True
650,L31,13817666228888835631,b7d1697c32f44cc555ee53642350071b910ed8a4e40fa85c42efd1a541cff8f7,True
650,L23,5163442636664313768,d94398a2c1663689f28f0de6782ed33f18369b4ec1fd9b2883447eb8cf0db571,True
650,L32,5089077820712478286,a0f9784d0ae9500cf1c5e384be395e0838ba9967ab59900e4ac82226e97bf9e6,True
651,L12,1402855947976946950,aa17a96ec7828997de79646f67ec590f3e2bceefe67e3517612bb0397bab567a,True
651,L21,18394161374350566527,afbe51faf9b3bb159361e4b7a17a581198a9021f95c34ae7897a4636dc54ca70,True
651,L13,15214856271736579390,120c9e529f9e9b16428e22ccf36f7ed2583b5e4797da11f34111e7fc40c038e4,True
651,L31,16342141574453490586,1b686a72fdeccea8c5cb424f23f2bb1d2d970826fefc72506664a4c49d199c15,True
651,L23,16440485453307330168,2c92f4d9adaad03eebcd1f4e8d038a789bbfaee2a41299c96e5a183e6c7ded4c,True
651,L32,6756669016440338303,db5db39cb7a52d0668f79afa51211639fcd003bc17d1cb1a0f197438085e2b55,True
652,L12,11339519549921998839,c6d3a68b26166fffc609b36d7e53d6309363196f698ed5e720a3f54b241cf76c,True
652,L21,4798732909631653788,4df18063358d388425517379a1891efcb8b92cd919a570a35f8ef45479dc1221,True
652,L13,6995275964907357442,ae9ad397c74eca48122c59b0a86ce82cf7e2c8ce51dc1033fed895131db189e9,True
652,L31,10128733128243537838,13d8e3ef010d38116df84cf2cb8e81b659764ae479b6fe4f313b964e53dd287b,True
652,L23,18067810454636985384,cb169ca202353385684309d77d64a57b215dd16f32f24290b3b962979eda65d0,True
652,L32,9094416979432486918,c5bce5a4d55a5438c5f8aba678d36843d1704c8ec51006c2d69e9af7ff9b72ed,True
653,L12,7102442806975192698,4b38e3ce18edb2f286c2ec24a84022e10406c1eb09dc1b22d208a084f3c92d5f,True
653,L21,11493396911447516315,6875b66b92ff6e410927222554fbb70d1772db9dc6d6396415709468118e5423,True
653,L13,10807816529946027718,82e1a14b192bc201ec16cb45fdcc70be0044f7af1300d28c7f147b15b3fd49cc,True
653,L31,10589418901251240031,ff3a3f6e92515410069d1e1a5306da485e987b00b6d491a47dc200afb9122ebe,True
653,L23,8656612646337879682,39082b8441e524807b7e75ec7e17217350c710ddfdefbc4b113ca7a80b8ccacb,True
653,L32,12328217845747335950,aa1cfc5787600600b8d9394491dc167b0055f70bb9cb0560153bac61fdba0f0c,True
654,L12,15199036426764216217,ee6c75d9fbf9283acc05322240c43548f458c855c701a1955156a25e95a3acd5,True
654,L21,14481231551680512936,7259249c5f92a14a5a007547d359df2bead7a574448181a3b1742c4c076ab01e,True
654,L13,13497179512900918802,5133129ded44017fd44ce268ac90a1e3407b5f4379561ab18c63a846706e36a7,True
654,L31,8848561169383181891,a09d7a58b4e2fa0dcf8ab9a23e5f772167b1e93336cbcadc344dad08148b9c3f,True
654,L23,5377446567539271744,d1600dc56d84a801a7e86781a7c0a54cf07a03601e327cb42f7da17bf03c6914,True
654,L32,7179539777104564736,035a3d2fcba397dbadb13ddce7e7f5225b188b3f09a17d2b9b72c5963c380ade,True
655,L12,457599605289074103,affb3c929f61ad59e9304cbd87a60cd801df23eba657784776501617fd99fe7b,True
655,L21,15777774482141132378,875707ceaad3c43599ff62333a734bf19de3b964cf8bd4ab871042cec1bb398f,True
655,L13,2420245527714757752,8221be2a99d502b7401900bb98acd543b316226fb63ed72b39a7afad43254f2a,True
655,L31,8090177263590422248,d46e4e4320a40c17361b2d209e1a1d883b3d3021504f9acbb801e98fb8d4b047,True
655,L23,12939574344511882998,c45c3ca83e81259d892d4f17431c2a3f9cbc2c44960e189ff0709cac6684179f,True
655,L32,10214824931108834444,445dbf9c224c13b961d6f578f3e2de79cbc91fad6327d469329a1952997edd03,True
656,L12,8374605105669542753,171b21109c8e5c430ddbb2a1c762145282cd9596a807fe682e03be454e99ad61,True
656,L21,15231927814151919905,6b6bce41339d501ee549f6db503dfc5e2c9733b4441a7b957606d9a1bc18fb4f,True
656,L13,2282168141188434752,226d68c7f8a3a3a9707b24e110a3f666fec41367e8070a9ed1e064a83c8c57ca,True
656,L31,6628266033038149711,f67eeb0bd0da736e1b2c9288bea8ad338b8e844a9a703c084fb7b693b4e142e2,True
656,L23,12591183329800326658,c5fa173f69ba0cfb2418007fe08c84415ad89e3f08381265734dfddc8f430f31,True
656,L32,15394849584468717329,463e857c235941e701fa775507fdf27c815b51fe89a21a762e07f3d8afb56fd5,True
657,L12,15771011281418778800,707e02cefbbabee6f4959e03985f53713c2752de341e4d193338b297d27a09e2,True
657,L21,17803442875067808319,ce15942550755c43e84abb6e2c5e93a9858b62efe7b10f6ce31fc0d5c7ae8525,True
657,L13,10314357564216597317,762dcb74732ec28480418befb1d52cdd4fc655f7287b61546fed368b051a608a,True
657,L31,13595498951683811786,ba9f9a3718db9600a51b4905d4c42ae3f73eeef2879cdfe2c2232a21db956d83,True
657,L23,15638882681476711972,d9f95286176e62294b289e394fb7a4a244c272ec2a24c63915d0c8b6c75f1723,True
657,L32,1297248652791990715,16fec5f6cd0b94f7af127c582cb24e898844b9e0e56b48c26f81901892668849,True
658,L12,3014403526480174234,5ed3fb19faa8e26d83401610d5ca1729c789d5d6d91631a9e846fc5eb1e13483,True
658,L21,11358556047178679223,36c6acbbab7bd4bd8d68944dfbceb0b770b59a5f903312edf46dbdad36cf761f,True
658,L13,14562069778791920553,ecc5b2253059bde266984c724ae68527568f62100bf5c5569f7391d582f6825f,True
658,L31,2635368970658786438,644d50eea321364bfacc27a71ca7cdd0856049a91a9f65ce3be09ce17e78b77b,True
658,L23,15465230702520836585,482a94291a89417fe1027f0e5c90c88afd05974cf60f1fc2795e36dcc59a6820,True
658,L32,9031217806224518529,8c25cbbccee8698292947dc86a77ac3286afae0b0cab108aea02ff6feec1f2a2,True
659,L12,5723011810761625960,1a22e7ffb6f0dacd8d5cc1efb8dbdecd9181811608faa7f5c54af4530bcd1ed6,True
659,L21,14507878222398966513,62e16716aa494b1483304394385077759c4e7c91f7defa806730f6f62563adbf,True
659,L13,16251983784680773759,a9159b9b432b41fead42bef6fdb09171c887c930505b939b647b8d2cb9f4845e,True
659,L31,17129310724200501882,7ada2b7ef726dbceec89823792de5ee1ba0fd4ee240a81f01fb0775671cc7252,True
659,L23,8448934982422372228,e67886441ff51ce195a527612142aeef851235edb85095dbd8a6b520b35dc1ac,True
659,L32,10807395588108842437,662ec8179538ceac493bd136d5c70ba1eb7df021783e95f758e4ed0a7bcf90a9,True
660,L12,15192458625585904780,6a63aa4cff5eb355897192292289fb45d82c0e42e35a29502bc79f97a553df42,True
660,L21,4031699494414336545,1cedc08c0c15cf9252f13123e6d76c095478dd63a1abbdecf096ecd086b0b948,True
660,L13,17460064400890944797,f51ef1fb935828f651036e19e35f5e5376973e5f06531ee2b5d8d29021a7e8b7,True
660,L31,1211841467064852729,0d77a6457a9e748bdc0f84e4f9eea773207a43aced29a6f5b40ecfbffbcd20fb,True
660,L23,12683386952879095243,f07f881385e10ca1e97ccc43ed3f7382c2a1ec782f085e551c1964bd04aef31f,True
660,L32,14636733944126479998,1bf612a1380bb0fa3bdf1fad8d83cac88500df31cde94812a3b55bc25b195d2a,True
661,L12,1814032565859761919,231ba72cd6e71f216ba60af8f1bf7c29303d0876900a7f80949a863b72025e91,True
661,L21,7324482583982068540,8d74d18a5afbeaa93efd9c702b459baeca0b16848d45c8151fbc71b8dfb41c07,True
661,L13,10998666248155116536,ca250c87be8c5c29f30176f76acc7f13548e9d7d6df997241dbb287c9dfea35a,True
661,L31,5161587770676353504,574d3be2889fa7b76bdd16d829eaee6f40bf11c6ee9583362a2cd680d040fed6,True
661,L23,17319336042016254921,effe7c5ddc38056940075d528409b206c8834ae6526f4a6a99ac123d69fde9d6,True
661,L32,9223574022223563332,c967596c28068887a5dcb863b815ac2168da2b67844f65277538b47dd0128ca8,True
662,L12,6185625787375467567,eb9f1797b9e4146571cad9748875872ab7e8e47c06c4c13533cdc3958e07a41b,True
662,L21,9780789460934240795,19a0f496f44012e03ede906071cead994200914541e9974f6684a49edcbe245b,True
662,L13,4687652806504942565,4233fa5f59ab5f381a554491c35baed8f55d2330cc39ff1f84074348d6f9b43e,True
662,L31,12112488871739642506,c88e14e407bf597e992429f35c98d47c1000b9077a992cc9fbc000a09ca89577,True
662,L23,13973392783624263471,e738e9536d78c2b4208515ac0713b68cfcf4b222cc889b0f90fbb6e635abba8d,True
662,L32,12389469349750795667,c0f41e8ca8125f6e52862f0513244c23696f6c945d66644ede96d0a8106d6107,True
663,L12,11232205078733247070,aa3e6d3c34f41025f3e5333e2d3e96897ccaf3ae30b8a4ed96f582d85b429486,True
663,L21,16321051392065880698,431b6e759c978e74672a58ee34bf4d02f35460fcaf576c2d72f2878001c8fd45,True
663,L13,826624572547776204,1f50eaa5b6da7c7fd88357d46de95ee28e463e58e96982673f0218c58ab59bf8,True
663,L31,11472790608903490606,2a19e39d0f908f7e8aa797a12e90fd8119d3a8973cc2fe7b5d22e7d23a06da0b,True
663,L23,15235515216108078470,9d79c582320a97f8564c19d64823a30d923a06a6deb425994400b427ad546468,True
663,L32,325342500606975661,ad3aeeeec10628d8931c6aaf2886225f76983daac8e72699908a76c71505983e,True
664,L12,4682773026642143530,0f7880e383cd030eb9d14e56085447d34ce0030a100894c9140247cd3b4a6b8b,True
664,L21,6018849472015390225,1adf194f8537b5e6719ed6b8ff2e3c54923e446612e0e971b692d88e69a733fa,True
664,L13,462839860475670770,e744fd1e761dd68cdbc9a8d7a63345333939b74bbdb79bd68392b35f91dff2d2,True
664,L31,2955741117776800840,df9a5689db45afd2fbb5173e34bb339da63238092e18a7938434b94603632e58,True
664,L23,8789480544751909928,537897c3b06266bca2e4a8ce0aa6913c29603966d82ea0140cbe4a02d9c74815,True
664,L32,12069696056481724987,4d9d849ad18bd2b416919e77e477da5b3c6c89bab1c6119b4b82a66990fd8ee4,True
665,L12,15650833014738202918,8b96a0c3443e7a00949e5f1a212cf613f9b5aa0c9ae8be4b6aa9cfd5173aa79d,True
665,L21,18229443214527832064,9f34cd5f5222717e56778ad217b6b40f742be17dd269138219ec6cbf2506103b,True
665,L13,6915760177091247335,e8337b48915c919a47a5d8e23a7351bd85ba40ebdf0d3423db5d96c370eb50b4,True
665,L31,14399113587374420058,8fa6325b05d2d7bf67121d12470bb150aae00abe1d24f568d90b70fc13d5bd43,True
665,L23,1575059401635979417,e295b504022b430d988ad7435ba8882056bba9335ba2bef64e1d3dbb95cd3b05,True
665,L32,8217357993383205226,14157df3a70ae65bc713906cbf408b498d1b1a30e6ebfa21d73c49dd8848f2ff,True
666,L12,18132145419680345181,abdbe0e9af8b812fdf410d4e0e9b7d574912ee946695000134690b2cd0b639c3,True
666,L21,4993766462725120018,47658a698776a9026e874681e4b2622b16a3e4fa6071313a37f42e3bb57d6cfb,True
666,L13,1154299753571857375,25b8ab75d4f3ac383c5fdc877592654d63a6249cea01400d3ba20520ba8ef8dd,True
666,L31,8034393408104576117,9c096956ff3134e4fcf8032062fe0e1aeaf7c2e9df781f33e88e6c50f920f499,True
666,L23,12441513449728925072,59e16e8f97fe70ebc1cd79f0754f76a1b0701d7427a07735a9fd33cdc2f45cad,True
666,L32,13214775343815883155,cb89d8bdfc71c727910ddfcfc4af60b7e441cace595f2f50d2caa708ac0101db,True
667,L12,10388905224642246520,e6a81f6d8f5da11dba021e0ca3287d8deba6c9dd8acd002a332a8e9b345983c0,True
667,L21,6320992821666054675,c4373d2f8acf17d76363cd1be072d71a5fd2a3c103b92db742f261f6da06707e,True
667,L13,157715382133741982,fabc119b3746f377781259382d2feb7240dc4cde51cc72d05b92fb9fc9adc622,True
667,L31,8545952690913591258,a88334ce19318c8574476272e4322eaa705ff5b4c6a2f29aada316c36a14209b,True
667,L23,8043912719122594879,dbac22d975a2ef0a0acedb2f7bb2ed3582f849a9fe800823b0ebd9b2a1129da7,True
667,L32,4378742611399675315,17d233c8b0c8612a89c0f76f329a5c6426d62c1208a251ac0dec79ec660f7374,True
668,L12,7744476858256529864,885de99843676298dc77297eb19549429f7e3a9876e1af8b682b84a03ed3dabd,True
668,L21,1404859014573381689,1f03a70f901ffb21da49843bc949045ce5c8d37ae05484ea7319764f9a295a93,True
668,L13,17442979213290429410,9251630b211832e0ace809b4a7967baad24f9a68efeabac8da57a36afd6e110b,True
668,L31,4886639771654933849,1a03633a5953a748c17a6975aa2498e98f0838a75daf499d78342f31af81975f,True
668,L23,5641626158644868560,ca2e330bcc8df76e2b828ac3054864d5eda6df9062aa87e4719fa10bcd49afc4,True
668,L32,16254926466341436989,c17000d9cc392570c2144452c2c5cbc1629f767cdab43e7bbd67b164de04a386,True
669,L12,7894230529611846699,09d1f6143c7b8430bac25dedb11a668e0589805a4c4ef6037f5c7ab89ce683d1,True
669,L21,11608831885612667319,3e2ecf1fe1962d47c78673c29ce8488d7dac3040ffc49e717ac560541b36e4fd,True
669,L13,6239778779974617228,d6178a2797623ac7e546c48de7da6fb9f1f9dab2190aff86bb23c44723a4fef2,True
669,L31,7229615546116479284,2570775ee9e7f21213fdaf5337bf3db4c89807468baa89385cbc0d763d1e2d28,True
669,L23,7699080677277897345,0c0cb394fbb119b76a3768a8b426009c4ff3c22dd44deee8cc37b393382e46fa,True
669,L32,8609485122860473317,67ba0f2b4b753331e812e5dd2ccbf9b496849a33bd79cd5fc722b6ab36aebc0c,True
670,L12,221205630838024010,ea3a7096e833414c922a5fa3e7fd0ca25f74c64826b3d7f441fdfaa6ab3c01d8,True
670,L21,17009916339850075835,ac32170ef3f12d3fd2d486a4f03c94bacd9a687a5a2837519a8294b0cf47f7cc,True
670,L13,9796979646193559173,51adf60f48975fdfd2f0701587693e4b029ebea12676766893a93f75ccdbd321,True
670,L31,17298242811139099678,050888cab73827c115a85680707541e660a98d89873454505ede21c58e185f31,True
670,L23,17690362546552783422,eacd2f119e54793948d38d72b8b8e2ec9dfeb47d1f3590c1362a5774f22978e1,True
670,L32,9782743161396098677,c219bafe3a1cf0864752763eac194e64205b8b8c498d3cc51eb43161f10a3228,True
671,L12,13435927409427872148,070bc814960c809bda7c69da825be69dcb477961f864ee4a0857013ce8c34ab0,True
671,L21,4453546929152967784,de022d18629f7b61d118b6139e99841168923394f673ecbf263b362796dc7be1,True
671,L13,7544321505487325943,8b7678ca069db32db346daed0a1f06815eb780c10f3742b10f741d2546c4f278,True
671,L31,15395097506996447422,01f3819572c8c16ebc7bbd998ea8feffaf7dfdefedcc2b1975e9b24546124fc0,True
671,L23,17779645181709171331,cfe971b310b783d3cc5672f83c1d34e37054c77b9eff729ad194211aa544a066,True
671,L32,12559702485702016541,1a5cb21c0b890d2851122d71345cae9a9985dd21f438560eb55be78a1ec6c694,True
672,L12,7758785515070511651,3e10f55d5699f57ecea2a85236da5fe6a830d5e2dc4cc37f3d7ff8921aeca981,True
672,L21,7629147438586287878,82bd357633d5276f073bd5e1757770f5e6d728c1f5a9f226de841c606760adad,True
672,L13,18310250299926271925,1526a655f87d2ce13e9f55bfcf9cf67779d29cb23838dd1db1346f02467d7e10,True
672,L31,17260157749889067522,66cdd55ffdd2e962db667f4744fbab87508a7a047fd0f3f955fc327c50f77662,True
672,L23,2742858845790583972,4f3b24c383fbedf19759fcc7c2a60a00a91698eaf9dc74b013cf889be5e1c515,True
672,L32,15333939052350286184,b1ec9f21f30e630add854bc40d9de222b9c07177a6083d1e3ff8e88da90e42b1,True
673,L12,3888842056415915671,4e4484b904fcba6763663520ae151730873755bf9933db5563bc5d0c250229b5,True
673,L21,9684877245393882608,ad973526a5a87b829d9abf216da3583c4868fd669d0a39703b058d9f4a05d5fe,True
673,L13,7091453301736073983,a074ce311f88850db49093c2e053b0c4db68c5c5e4ed4bee116e33dcb45ed582,True
673,L31,9996582909811852120,9ccf89d18c1c613e0c5060af246275313b248f6d280d6820694fe72969109c69,True
673,L23,1691415169290771104,9fa3655603c8472d2c34a4f748add8890b2b01cd71080fa5504546227bf16bc5,True
673,L32,14568425734111357701,ade6afdbb85f99a71b05c948795e3cc4a0109835afb4d33291b34b6ef7ffd8fa,True
674,L12,13531714216832040419,277ea677f7c3324ddcc260c302eaaee3a5d18162834bc7fb1c3cfdadc1221e6a,True
674,L21,5638154372403390209,a786e31acf981f01ce178c88233e0b1d0ce827d1f639044e5630832ac5c406cf,True
674,L13,4632840024711494619,7740aba8e83d20a0a9c0163b90fb04b1cf0dbc671c34843a0f79e2bea4428f54,True
674,L31,1138227314608904484,1cafd5ea7e9513b5db20c290a07c33eb43ca51adb3c6e732fefd63ca8f4e4610,True
674,L23,10405680711546583788,d2821cf2be8957852ed2b633596a0b070b90ecfcb88df5d0b85c06abaf52fb7f,True
674,L32,8698964790304767350,d7f3827712b4508e0ede40970905974a9c87271626457fad0408692fe01dd083,True
675,L12,4498392263898855156,3984845f3c5fbd4ab6edd19c58a3633b945a03f9e8b808f981f421d8d6c329c6,True
675,L21,18399647882801215514,a7a6997986fe5926765091915020b154e5f69f5473a38c938a2b79d7b9879a94,True
675,L13,5373231624995381411,9fca68656efe1d8c728e973049a56118abe1f08c73623c2a217c833fd2b20b89,True
675,L31,4545919721667125592,fca58210ba71807ef65ecae1cc09f72d14f4533d97df54b845427307ba7b4b29,True
675,L23,5778417696794406418,62860a847648173f7b48d4c238272f868ca897a43060bc7c460106d33ee5bcff,True
675,L32,17916660226820280943,a51fbcc75dc3bb98a34c1da5556c4ef91af050660fdfbb389b3b170d9dee901d,True
676,L12,12163116923352623546,7a5867e41b87c024c980a894cd20ffeae1f53cfc87658719096929677ae6a506,True
676,L21,14614242641065220842,914c6d391fb26a1496bea3e9dcc41ec552fbad4b3df41379aa78c9d6b5703d43,True
676,L13,1913150504439437600,ee43423dd22391b7cbce3e9e8176a18b98e73674aed7bbd18de8351e33d988cf,True
676,L31,14125638916479898790,3f47baa48aeb7e256184ff959870b9f84e873a8aa2950d8e6e557f2cc0a943d9,True
676,L23,17366135958803050716,14e96669738382f56289b7980eb24edabf40f8b35971bc16655c4278e37ae97e,True
676,L32,8676350582956926556,10ac8bb99d5d5c8a08776d7bb6af8bd35f6cdc51f98e7cb413db24be005b2aae,True
677,L12,12692924171004210027,52a681145b21df415f117e3d81b042e0692166237c8e31a47acdf2501eb794b2,True
677,L21,14916556231628935319,4db2877b01febb65309a5565c1e4194c93830a2ede9317ab49077cee1af122be,True
677,L13,12062166299478962577,c82aee4d3dfdb30d7f59a8b89756e9426b626c2f473563041bd45234df5a5328,True
677,L31,10087964474582187004,de8134ca04d8fcdf63e82ba57701e5637c319e5441dbb3e123fc5dd751fcc4bd,True
677,L23,15831018748898550377,b5a1bfcf6e45f463e05b8b3315807f74d6d778c496e17e1b5b6c442d2dd885a3,True
677,L32,15934602360259070996,72ed5e8a3db0b88c411e778ce8b05422aaee36d43cc21be639e452a44ad267b6,True
678,L12,8998575158833652783,fe4be1d17a06d03bfbc7c7996e36b9afce64ebf5dec7e6901a5ccfe114dd1745,True
678,L21,16420825663140329083,ad07530f05472f35df222f43ce806c0da83bf30612fd211db022d006989cb148,True
678,L13,9117424140945545533,638021668884479e26fd3208010535fe4ded42a405bc30b7ca021832d7398419,True
678,L31,12667432268120664035,5e0e16962e2d046172fc9a87e6fe0fd0c927a65dd1eb74c3e78336e2bd79fccc,True
678,L23,16378757120222276581,d30cee09e03a34e9dddbd8612b08a55afebb91b242385287387f817326dba57e,True
678,L32,2450791928959417039,5c1a42b7175f82f5b546623eb718ae875adcc84dee3f5ea98cd7038659e8c04c,True
679,L12,11749421508128656518,904531913e401fde2909371d838caa8c48240250538dd5f36e5e5711f4bfb233,True
679,L21,15245765683433488111,841025e44181f2396f9adacaba3b5b6bed497da7b63c5e0a4716a75af5828dac,True
679,L13,12270062934714290386,8acabdd378e3aca46a38d8c74629705b926e4a94896c214c1cd2977349d0c270,True
679,L31,2381315609142024536,092f7fec3d49aeb92afbb29036ca09ca171444c74ae7dbab0985cd4ecaa8c52d,True
679,L23,1509862723951393317,75bea6956751540386763e8e645ec28f40d2f5f04e38726ed412d4a99aa75368,True
679,L32,12474253657454950667,5b3675e9fcf1fbfe7913b164ed55863c409dd104e7e4b4c5bbea40ba847107ae,True
680,L12,4809390875366227618,ba04b323035559ad5d0c74a4f88a20d75aaa88008bcb150e55da5d8d78a6050d,True
680,L21,11385361312791079094,78e4f9b50caec628d86ac5eaa5c0fecee9f32e1fbf590e60b50e50c8840effcc,True
680,L13,4661818733845801071,af456833874ef45e1b03ff26c827fcb45841d8cdb754d0c98842841643d8ed18,True
680,L31,8657027095620016113,9980255ab3176741e01ef0c929e3a43ca010ff09972d1a22103bc4604cf9198d,True
680,L23,8839123981516767949,0f64260ec5458de50fec7bfa79ee34c43a943f78b7b72a01dfe12566b823bc60,True
680,L32,2104232704667151095,cb89282d1aa20b27195746f23d209224612b3ca8802f4a65d10339b379ff10eb,True
681,L12,14821228949752802986,211ca4b7a84688b086c143f5cb3b2b0a91419ff4c2438af8f4b07bb814c110e7,True
681,L21,6734352433221763500,2db23fb3900d1cee74c85062cacb7ef3d65a9572f3d2cdefe6a70cd3415020e1,True
681,L13,10067509095212137333,22ae6c1d64a393b0888cb0bebf56e451927c96cffec28f4a90ff8879aa845928,True
681,L31,6811046417723275520,ec019178fb64c5ca2c6c3e80d0a4ba63c84a198183f3f09bc2573a60dad88f14,True
681,L23,13417501367711908099,f75796cd77f7b85607a9a0d8976f7d8b086936120a2970c4818c7b89477e746c,True
681,L32,4618431088002902763,de3864a36b18b502a7fa7c1011304501f087e8c0b8d4aa5d49ec4ed8e07592a4,True
682,L12,9561465658432844741,6ce330fd32ed682aee7c25f9ea139b5ab5dd139af400f3fe87bd99e7f26a814d,True
682,L21,2372606806454882614,4e79ca86bbf4ba2f189f33c7ff79160f34fcb59c7f49e390830ca53e94b82e76,True
682,L13,16737407233955938180,887915ed747b19003479d401da6dd8400b3f98895cc8c810006508414d5178c3,True
682,L31,612873503384246048,da53418b90e18c7d105d638ef9be6e6d13e80ab65b163caecc241f2522437c09,True
682,L23,3711582650388236166,6e7e04f7be231abb1c87ced571a6ce0b504bb3288d1f2ee80c88c7f222f969a4,True
682,L32,8838059916928995582,869286684cf50a204a3489016ce6f4dadad405723d0cc92411a56679f1407d7e,True
683,L12,17949471822556346518,3f01ff9b3dd2793f9831f33320426863243e84a32775470dbe6e5d358a338b1f,True
683,L21,16917648833467055679,60f5f50068456aa69cd5a8bda9b855bc26e8585a051694b30d2f4d3d50e8aa5b,True
683,L13,8716760486126396719,12f5ec5645c2efd06c123ed174ab992421bbb7d2b3cd2589bc45dc2d927e0029,True
683,L31,17546738648058682694,1cd664ca3b2e6795b93663c9f0a3ab6aa84d13a431a73adcccd1fcf1fef2fdde,True
683,L23,8864238143336575571,c943bbda566f753c4a62c3439082689001cbc031e39da7ec06c96cef0f1d584f,True
683,L32,15238453598966163758,0b16c32a713be43988657473e6672d15cd696c9b2046e22d6012a1c399bc8225,True
684,L12,8626326496903882558,048092d69cd1250313b25fe6e0bf6e30ca93877f239b5c141dd0b553847a8c49,True
684,L21,5196182665519087130,0c52050eb3fadfb647e41ea8221cf27ca76ecb76ffb5b44694d8880cdf08ac41,True
684,L13,7462396383272918503,7129c10d88fded1ba22d44fc423aff9c7ee49c77bd2c9cf8f7b8d26dcba68941,True
684,L31,15327258701902481584,c61f198cba5bf444ca1bb3eec0430635b0ddc2e18288d83840c94c675d139274,True
684,L23,7148368529225027417,37b6f21e370bc72a7b865b34489e13538563bc2cbe330b316cd2395beb9ba302,True
684,L32,10778793316781920318,81e1d5841959cca0a025b805cfeb4fadd27ae7cc3599f4d31af30bbfa9941292,True
685,L12,14145843895735673276,e08decbe90667423ecc26e9973c4343c8bb3be4cf36c7425b5ab1b5b6126d90c,True
685,L21,11919658150322988358,56361365a74aac2efcc6df80cdf70d5c5ca35316112cfe11d3f2879077d284ff,True
685,L13,1602872197074410866,7b31dd5b2b23d58735e3e1e8564a1fcc52515383d59eb4d7618819511819708b,True
685,L31,11343617981122828890,ebb59a53bbfd33afce349b56f131eb90ba53462bec94438f54cc2e58ba87228b,True
685,L23,18133571890447074138,4b7def994c2f5712aa4a2a67d457585c8030a40a85105ea70455e62ad9f0e029,True
685,L32,7502425809955101146,09380bf87862ef4eb210a0d98352de4d351746a64f25c4b475ef92a81389cef3,True
686,L12,5383440208681460412,9de91d2be0a7b3870aadea9a40545efe3fbdf20c5630ab98e7f16d2c8defc7fc,True
686,L21,3750655464243810381,34b8a2babf750958977c1408058f5eb4f1c5d0ae8ebb94467d88c25edfef94c5,True
686,L13,11808402621152300963,bb8d59c76419ec7ce177c53a9792236737ef52344fe2cce9a4bba4bacecdd8f3,True
686,L31,4234042466545143267,69f4cbccd0b4251b8e487a85a0e663e25ac1590d4549951c129589be05b81194,True
686,L23,12917916987168536907,723f6463c9ebf396b0eef46f880361fc159ba4a954d28a26a26ee4e2f5a3eb2a,True
686,L32,16175788940402578856,6d4446c42a065a892e809411e2610e5cdb79de51ba20f12b8e6b1797bb21ae01,True
687,L12,7387897605215845523,3139be7e98d06f9d329a34f46f003f9e4d73aeaf29cb3e2fff903c6cebebc513,True
687,L21,10535487107073263584,b2289c365927f27c5c741fd150ce5c16ed903d872a038df72466a543eb0398b1,True
687,L13,12351308353768404293,b70fb154eb0a8a388b9de2ec35eb04121c0cc4ca0f9d9b8eead9e4593f9fe26f,True
687,L31,3975289737012132847,233630071f37b5f5e3474306242f0779544868ca074b5c80d2cd4e9c6ad8c80f,True
687,L23,9426757265226584501,1f3b9f54fde90e35ff407e37629514e4dad52bd9a4ae17add41bed0cdb4a491e,True
687,L32,12208629212228327491,607b8d2e4e808b500ec07a5263770ae1f2701e0173b25567b2b393e3b268bb45,True
688,L12,9091577939500211103,1f538681960486f24859c03ac0b0cb0b6f4e0fc82709cca8fa12974f5c9a502c,True
688,L21,9612153387282834549,64f45e3b5a6653614642200818e3f9ce5545fca757f81e9c03586c6b711dbe87,True
688,L13,13282127471707114379,4f8256badee0a45c64928a172b27b7811730015c915d0711f4e8333bd8ee3dce,True
688,L31,3696250417716817902,641f6c582473a70e2a602665232fee6ec5a931a820c4c03a7aa3cbd32e54a929,True
688,L23,8641445423031834241,b802664e7d1f5c26cd5c128de505ac5929e80e6533e6e8a58904415993f2bd24,True
688,L32,13088866070632422718,2b6f2b2e1885846fb0b6b52d66a8ec8dea5b9c1cc03a2d9b11e35b6693fd5c71,True
689,L12,9509154718766058310,073bb0954b312038d6f15772a2076708fa42ab0b369bfe6f73a0947e2837938d,True
689,L21,5667639839383773631,c099fcb5937be6515d4c6e29d0a8cbb4d34c9d6f8b1a5bdf2c3ecdf10b044da9,True
689,L13,13135256100848727317,42001727c8d5f937a5ef2ca7939728b575cb656899a1b5d0ccfe34267fbd0b41,True
689,L31,6742958528173725677,19e542d0d8a27d8c0cf8842965ff2df538ce469c2f26b39a6ee8f6ad08f95514,True
689,L23,12654455498071228158,92e5129d946ed4a063e48d880809d0b482a19b5391a5fa0c67e91e4ecec980ae,True
689,L32,5722822361238840827,24ff02179d63e885f3692d45ceccb55c1332ea4343e7b6ad977ddc0a482503a0,True
690,L12,2067196359421933336,cd71f6fad0b67ea4e346073c04e4faa263d1c6cf898870a3e7b89f6d91c6a2a3,True
690,L21,10894284140774279100,16472f3349b6dc1e4ab4541c4e135200900ac75b63352eaa164c9a64c4798675,True
690,L13,1660048207760172957,0f53d3f7510045af9822c7c5a201df389297b9fce2fee0b77e54d746f10694f3,True
690,L31,17929556596444905964,71d2a6b90d1890ded32f8311476c23358227d1015854e7659f3628748d4ae2c7,True
690,L23,7392147422304397945,2b5d0043454863d3ed9fcf9fce6930133748086a6379de72bc4dd31ce2b5433f,True
690,L32,8260657126143003103,856e8ec74372390d5754deb8eefad7d3c7e26c569e4b11b85584620e40b81c19,True
691,L12,3401208546093010813,591077134d096c658da9dfebf535d1d34f9468184adea087e11eeb06cffb3e5f,True
691,L21,73818099945483665,6a770722324ac2c2071fc1f1cc3d083b3ea49bcf09742b417ee620168b304326,True
691,L13,8644244655321792594,ba6fb975b217b3024c3313d104052cfecba878abd8183991e2fb506cf5af07f7,True
691,L31,2078452154089255294,89991737e421169e50a47af5fe14a5a5d4080a98880333a3f167d18499b0213a,True
691,L23,15797122064835977917,b112c0f23c2f29a07ec224f7df790ce3f7c7cf50adbd44a5612eb52b73e31ff4,True
691,L32,1007189926565925869,0d90894e22e0afe3747860151e4dc90e5dbea80c14a684d7302ae5912a69e61f,True
692,L12,13735151948874805638,f8476a1662173f17ebcacbd35dd17fdd09599fe9c6ada3094bb891da6cd19dfd,True
692,L21,14591766722397397163,dcb809251439ab4aae269acc5781772b65ca8062ddaa8481a537880f96a37cb8,True
692,L13,8929700557416382988,89d4984a0cdd5cf987b547630a4a4a41afa6580ca19d38c7bbcbe647ab973059,True
692,L31,4628379549310121786,16cab95c0242bd0e5ecf5473afb9d2e8199d7bc606219d7c7f9a2c19ab175556,True
692,L23,10130488916267770710,4db0a8ef9076e01f21c29857e26f260a8290e99a7074353867b523a762d0dd61,True
692,L32,4118056543002978216,dea1cb253a8ac6c9292edba612f67571865d9dc9bd9b03e293c5d40a37f01f42,True
693,L12,16606034748550866672,8947f70c04a9a11a4b3640b6f13ff76779b51a6f25a6ebf3e62a102e3cc6831b,True
693,L21,1050522274243674772,fc0e758eabaa3d8dd4cba6b591c17d0ded84819e98eee9877a68cd86bfe8277c,True
693,L13,10058894861750628263,d0f78c43aa80b3ef9a8ba436bd7c582b22f571012415bc5efc8a746dfb4cb9ab,True
693,L31,542141156746542538,5b3490a2638db1903e01754e67f9ba295aafab7b191ef8d94357306a54f28f82,True
693,L23,5390674105734914292,5fccd305bd59766458e7c7cf63171efaf18cfcb74d33da409f1df685701f3858,True
693,L32,10087530198448070488,1f6a72dce05df05ced726fb164f20792a774f770ba6abc91923243cb4906eb1f,True
694,L12,6172932355326154731,a9765bfadad0ded714c53f405b001ef0fcaabf4b01609d1133b1d8c0f4d5dcdb,True
694,L21,4010403116190476594,979dc96755feed49a957ffbfa7406114f9b8ec8220ce9a5b84764ae9b655b68b,True
694,L13,17354633596623021890,7a3dbbab0422edc498fdd8f8e8aea395b256cfe0ef8b431508b76b4079aefbcf,True
694,L31,4660464363106200441,a0266f9d6189cdc6c5dab198811b34c756b1e727897f93782518dfaae91110bb,True
694,L23,12988862853137614506,60a2c2f8425422dd6d4a9f37466ab6e3f1cc9d142d0530e6eabfcc51dcec44c8,True
694,L32,6483856268085202978,64819cf69fabf7374d035ffc8e77a8c720aa9f7eb427393598213cedb9165550,True
695,L12,5754863301862242774,92403b386e17e78d320990204a57a4e5825bc4fc4a4954ba70845a30d9295788,True
695,L21,483657083024995837,ea8f2f74800aba0ca3bc8bbb0861967c979c9d610216ca998d078b20b10a6651,True
695,L13,16742305245968540678,de346dc6464c85632f348b2a0545ec0128cb29bf13110eed79ac6b591a7f6f3b,True
695,L31,6808901888104588230,2d5661967cb4f72b1807df0c9c87207e620a66055fcbae3b58145522a0f2150c,True
695,L23,14140318796644202807,a47ed2a57b0f768e7bd73d21fc3bc8ae3c6dfcaeb7baf71f5aef807c2be49541,True
695,L32,10156689186169562325,074a5625e03b952794cb1251ef62c49f2793941478f83d174b696e57e1cdf4b9,True
696,L12,1617165594832114054,56dd3e2206142d63382f6d5ecc546d7e584dee3808409e971ed291c63ca831a9,True
696,L21,3556900805448543775,9357966df833217ffb033ab4725c0d19a4dc2f2c0bb72e3683ace22d16e66dce,True
696,L13,4517418821882445896,723b07f08ce0bb3da0f465e95c692dddc04ca0e73ae545d3594e24a2462301a3,True
696,L31,4806118773602353158,87d2d0efd3eebbf4c089e9cd63a669c550c08c2ed9fabde845f3d3e24bb7b640,True
696,L23,7467173216305358413,3fda00746a0823df433f516cf36972a56317e38e644409477e0613676caf90d5,True
696,L32,10131257234546925368,909dccb27848ebf3255b94a404b28619f4cf8601bd0342db80a7e1730f50c172,True
697,L12,14514020933874200704,656a4270455d57b264f4ff61e1dcce3025393a87a6fdfd4387ada1debf625571,True
697,L21,7929719052335875343,5c0665a7205f8e540d294cc16e5ce7b94288ac27b3a16379861d4df1ad69958d,True
697,L13,9143703854657121888,fde562ff2355b7d4c8baccb2f07413715cac1443b389cdef6d8ae47b07a64e4c,True
697,L31,1765672419038044835,86c704c1ef68c4052c0e31c51fee7f659e3d0e757cd81958c52dcec120d478d7,True
697,L23,2832848042398810305,864faadde11cfceb581a07f6eccfde9f005b9baf802040ea4ed46c138a920ed4,True
697,L32,1488976911994870440,df71c56e2c6bc06edbbb7ed4fdffadd54917e789f9e4e69eec7052efe84b2cfe,True
698,L12,875391662851318958,d9caeeac2e0f6835471e68bbac796cf46de43c2e513cbf280695b3bcdb708d3b,True
698,L21,14328319025106601404,ac92ec5261d67e1d5791f643b20f585e92599c2ca6734943501dc35a41978d0d,True
698,L13,10950217815849271094,2fbb166c040b8d1215fe2e7e3e47845626813d921ee62feac834e716ed053a48,True
698,L31,12037326204137629279,45063720fa53455c330c1abfc0cfe411edae88a75589497951a54354112e80fc,True
698,L23,4496642452630399281,81c06b03cd39cde3ccde7a8e0d2e9de0106d9da6ae42768fdf5bcf0aac8fb824,True
698,L32,17849237933048269686,79f4c94892f674e87d5a97e65c34a26f961ec94c8d89f4730a89ecf6ffc1a5a4,True
699,L12,246035408567733416,e865c8241b75c236a75c0116fb38d3f6e02876159291a8b83a4c07d7f4118f17,True
699,L21,5908174990067375716,172e7eb78e71c6b8e64b371489ecff60f5a811a0eec2e9bbfdb14f7201699f57,True
699,L13,17930057280510224028,2ebf2ea350e9e28332d77902057e1023ca3d466eaef27d5a7cf9da9f9a77d257,True
699,L31,18358666763761598015,f8af12705d941b5811aa7daf05670f36359e0e024adcba88439c452ca787421b,True
699,L23,15432947911996158382,55aea76f4889b9ee4a1c6203e7aab2508b572c17f2f946f2c0e2850862a9a4ff,True
699,L32,15231911308262442377,a84eb2cb9f673d9b88826fb71d8fe3cb31041d32c3ccb7875086b62dfe61adfe,True
700,L12,12206585491536831149,ed6b029324c30039ee9d45902d9da5c1b18d498d62c47a9b324ba3cbe8e724ce,True
700,L21,5233383061507554811,d9fb724c6975172b7ea16ddafdc67ed7e57a574ac35e3d8fe72e190cf439d2b7,True
700,L13,10823234413981751801,c01bc8fa3c35022e81557b2e34fd047324452e697a85b0dde8b3932e0a5c51d2,True
700,L31,16944240690965806803,2415c91ae03e58cba7b1f68260476bd2107e2e82f15c3de0c3250aa4969071d1,True
700,L23,14083009632044867654,71b3247f1e0b5b96e0066bfde4960bb68944492ed46d8edecd22a1c667a21d2d,True
700,L32,8601455781671538418,6beecdebdd77fccf90fe922c73c40f2066967a0d14bf12d9afac7ffcb9f90697,True
701,L12,11183380671645564238,bbd9448edac214512b40501bbb35ebd7ef43b88471dc9ea8af988a19d49e2f9f,True
701,L21,4964545627890470438,a7b7d6b4e997cd4c4317fda0ed5fde5dad51bb5e30aba98dfee5f351a6573493,True
701,L13,13678409075123866135,1b5750cf96d38359f07f04d7a0b7a37960db6030360ac657578f724c4c9a3e9b,True
701,L31,3886570626330412294,52bf48903bf3fd99703c9e6495ce145ccc328ee977f66e8b5019f149d6777db5,True
701,L23,9247132458914718722,c73f2b99ebfb71f7b87011db69c029540dabb31e1fe647e5663111df16a8ac05,True
701,L32,1060011901827791549,61fe773f954c2472370e1098851f4ff494be5a90a15b89b839b2cf82f9813034,True
702,L12,14609585304149227649,34296a756f606a476ab9541d09b4aa2bb8140f2dd4b436556eb2032cc0d5abcc,True
702,L21,14907742426200578927,6209c1aa424b94cbe893ca9c0b5de1a926db69b2e0c94a104e8f376e7790a046,True
702,L13,8660996440927142367,885a3047514158948cfeda89daa62547164e77b6cfb4bca20c4dcba9b6dbf5f7,True
702,L31,9471736131777655991,16f2ebc5a5d94569ecb288be54cb8523552c556f0b803fa1067b2de0a7463f5b,True
702,L23,1874701978934257034,f92724aff062b18f71f8bb4dde017bceced9a2ea2f26898caa27daa54884118c,True
702,L32,14717080234957589917,2cd4531eea24ae7461623d49eccd31f512c20abb328aefd6e454392968b15a0c,True
703,L12,15646237481442735523,39271fa81c0e74d53d7542515e7eb549b69c342ac38ea46af9cc0905599cbcb3,True
703,L21,15411656991738123324,101b7fc17eb1f5f1c69da262a912ddf905bd4fcf8668b29c7db4136f370c2de9,True
703,L13,17132427061746557179,d68dcaeb5e7f2c440e4f996276231d7cdb25c0959a273a97f687ee0b1fdddbe8,True
703,L31,4706266473010209535,7f9eb7e6226f397281e3ab17f88a49ad12110c78030e28046e193c720bcfddd9,True
703,L23,478411841292539701,172e7305f8a4c45d16cd65ca75668cfa2163eb1e52aade02de5807f59d978e5f,True
703,L32,5099882461249584220,b1bae1e436781bb4a217cb423a25ee39e4796c02f20b0c7e73bcb5d30d5fb027,True
704,L12,440287893043114771,02770089cd6707ea6bd8f77a200618390693531d8a588ba64c60554a1388685a,True
704,L21,6122784075945748423,645ead9c08533e04d9f560d289a7db2a3116be5ba9cd0963dba04e5f51b68c58,True
704,L13,5977054047573007224,bb6dbb95f3b43732a681d27e6320256374acce4997dabfc8b90758fa81c844c5,True
704,L31,6617351354861678965,0a77cb542730fd9ccd05bd6ec1a0860e49aa0c30bfc6d0a332498b0a78d2885c,True
704,L23,5889497283030224208,c1de3755b6fc346ffd5eea1c5b8ca858608ddf5e4e56c8fbc39f8b0e29d799b5,True
704,L32,18397024481459565949,b2f0c4dc368e71867750751c99872d24a2204a903c2b2a8d22861758ebc0ab70,True
705,L12,3373621951717297,8fb6a11f944cc81821abbed9cf7f833c46230262a72211ef9ffd19b3423c0506,True
705,L21,4335868882938674865,30970b2d9f73b05925419325c0dbaa1c855646d730af832bac13321676ef56c4,True
705,L13,14475783247523110400,eba1930fe42d7a35ce5ccb9e52a50f5636e0865802a75742e83b1ddc9cf6d0d0,True
705,L31,6062931590134484431,6c2dadbff3cd6392da2d1ad3ff6bfe9350a5e531a9ebf0475882d42d02a60ad7,True
705,L23,12404516799096666632,26e16a294816caf78a2e9587dfaae380de5e26187818d554c5970bafb2d94680,True
705,L32,303261802503358425,3bac62821d4d7a8102da563f26aa9c8f476b9947d002d0acc6d7c8c186cf5ade,True
706,L12,2415678488193495439,d94128d468738266bc11d8f946e66faf6d523d3f67f886dae16101431a4e4751,True
706,L21,4827758673403826041,b1489cd58a2d941bad30038bbdcf7a13c3b072b75c54c0c916b2f958aa42c4e1,True
706,L13,8354803876030233264,f05e13f4b905286d0aafc0045673c31d475aacd4244e37c0139a74dc3cf244c4,True
706,L31,14877154465384404166,4da8d3697c5cefdfc33fa749e0c638ed604c35ee06ed18251e1fe0e6e67c5e6f,True
706,L23,5630864831648352274,c6c22368b3f54ab8462070201c46ba0e5a3c0281585fb3d642d517265cfe61b4,True
706,L32,4721369638575412698,9e8ddd2808541504768367ebc9a746ea98a9f036ab95dba4987f013af31ab42e,True
707,L12,13477315755322561452,121c9ef280a96c23106abe639799ea09db2fbb739aa246f9226c70071df555d2,True
707,L21,3720886709157060489,49450e9e9203bb60ad2f507ed2ef77ccbfcbdd46caf954eacde04b2bc2e1d08d,True
707,L13,397870986804812716,e15a9082b8851b89c861f475e7986e95930a9671e2aaef929093a4c76c34be88,True
707,L31,11021437699898308380,e9c49ea7293648308bd5f58001a48791b26789b6477751e5316f1a3fa801ee98,True
707,L23,10657333793389436217,c67f95feb590f553a05931ebc5a9d59b37a5d7f52e767916318986b5b447acac,True
707,L32,2593249737402391867,beaa861c73b4a09a7eac702287e362571d2b6a44b531032271cfc67419c32a16,True
708,L12,551799843795866200,b9da8609436954733819342749b313f00e607e313d0adfcf969c13ea9eee2f89,True
708,L21,2082639496683121883,63779d044eb06b63d4d692054359633b1b1a039c83b93f27b5ea8baa5278bd1b,True
708,L13,13157203837806771298,ad06cdad005d78d192c358de38a3398d8c229ac0385867a03e4469b47c9b8818,True
708,L31,3903581670333049460,3bbe518a40b20a7cf1776ebcf3156474283c8ca3299a25114420715b5843b002,True
708,L23,4848737390445531812,4e9134735ae32ede255143c43a25b08f3486031a6329c1fcfbec47d29f67935b,True
708,L32,4849718920151972830,02fcc39d6ad51b48d9b9648caa0fbefc3e8c33bcc7e3780fbf9cf9cbfb9e5c28,True
709,L12,13040142606372769494,40360c46c1ba2b984b3cea29a44feaac4a77b0ea7b156f07bcf5802dec60bca1,True
709,L21,2156405885287622013,b10e40f872ad05bcdbc083846072c8821bd30b39928f362a271aa63cf595e3be,True
709,L13,5902888993040346688,80a326da12db4d8005afb5fc8ea3af2b0819d8796c1bd5d91175bf1fad83971e,True
709,L31,9095993051778531465,15ab9a835fd44ef2a730b23e62b0d1d16754ff3237b639d11909aee801a09dac,True
709,L23,14607778193342084498,daf02aec510be65fb175e8c54565b9e6045bca3b7e4ccfea7c58437b4a1beb52,True
709,L32,15693999296718384061,9b75565d65fceb88b025561347f71835728f843ad59dcf82bcee0b311a2d42ab,True
710,L12,5713039300378214846,80e0cfcc50d822c532a2fcae697c9e86627f8583d8d2e99e97a72c8d535aa138,True
710,L21,12315749370681717344,01f495d352fe9c5dc36d703d293ded1ac9f0c724ffaa1885f37579f28e6a69c9,True
710,L13,15589348428952038464,4eef6781885a11feac8fdac8d48f3dc81766bd33de82785fb8f674d85c03a976,True
710,L31,8473650297380313633,377a93e71dd6ebf7f4818a18a5c939944407d47cb55575d41327377067a4c4a2,True
710,L23,16156551670779888994,89fd08c2df6e98ef4bd581c6a261359b3a870bd419ce48ddcb399381697b9f32,True
710,L32,9696631240956960372,48e01132b4e2449a0bb409827de7825b0bd917001e5e7704725d789b81b01b50,True
711,L12,2558768616479543329,d2292d89443d0f46f66c4b5bfd74a922f7e41d49912ce162886c27fbc4f4cfff,True
711,L21,4856586248874048799,ba2d82b34247069706820378a71d2cde9dde59d726c064a9793b42d8509a710d,True
711,L13,10812769849596577052,9d96467d5067455cb5581df3c431e390937833598246ec8bcbad374cc46b0d40,True
711,L31,15333747854846331801,0ada4e6361bc9097e5d1e93ece75adfa7a2ad0c524f82e945fefdd46e1319808,True
711,L23,4042947835677774655,d29af5564e148fe40b6e735bddd286f198295b7f62e1978114cf4d9fd080019c,True
711,L32,7121262894318027721,04d29280eb359c04c36fee5382371ef4fdf65ff02e5652324f93d090af45aad1,True
712,L12,6178484594455255390,b39d86c2d16034efbbe42fbf5e4673758e5d850fd4bab7443ebdcec03e5b645f,True
712,L21,13220307465384445952,1d548628089865070a217dc51b9b645ff3e9da291166672e0a5a1749e43c37c2,True
712,L13,2656426790183006100,f2458807961b85677398be899e43a2f6125a7f598983633519ebb9d0791b3124,True
712,L31,1002902564874412720,51b0244c9351b8ae7836871595762d8a3c412cd97362462cd221f18439b37733,True
712,L23,5047284543166185081,4673c5d076c324d575590288ab76efa749502e0ab00100bc934a0047432f5072,True
712,L32,10824236076226995790,5a0a909aad319c63db1d11a8a6a133b70a8db10de05664b37e05627c1bf59e7e,True
713,L12,1694922283647487198,79017fd272198ed817aa1d50ea08dbba58c048f4136cd8a76134327254222fbf,True
713,L21,14998054447967216003,bdced5b932dd637dd1dadc50f4cce0f426adbff525543d661faa8079443ef999,True
713,L13,4481716864348457964,1853e05c6ec8d03d141525900a4dc61dfd16cdfcfbcb2304f514c644d2be4cc6,True
713,L31,5811210231315244071,43bb859b1dd7d6f3f0a4fa7406827a937bdb854be007d04660e044d763fa9fb1,True
713,L23,13059824821346421305,3e050af85f524020ce3d248d44f4d62e201b022e0d9ad08988d68718f08f3906,True
713,L32,5104184549781219346,5280b05e57da3d98a2f91125ce27ba1b79a32bcd7eb96560b9a7181bb0c2f001,True
714,L12,17384171710777304185,2796b0ea30cf22bc6df330cfbbfe6656f9e0c74c97530da79dc83a203889da9a,True
714,L21,18371117591845522457,9b3808425a061d07c3fd8439603e2104194178723406bbfb5928b832305f88ba,True
714,L13,14726110050313241328,2ff7cc58169481e48017251830b3c2f5dc425c05c65bbed9eac278aa813b3ae4,True
714,L31,12726926626354378522,30e2e87f5fad482ec40c1c08528141b22ddc237ac638a0c55c0a2cd453b6c165,True
714,L23,6962867801872361960,69816c655bacc3e4ade0f706499bd11d4e9cb1ea8e332425bd156c59779f9011,True
714,L32,13883127625306366374,e892857a96bef1402d2a4e7236322f4cbad9c0a5946d1006e9b4206217b947d3,True
715,L12,3039497863659318256,a966333ca96707337f13051195b9d234e699cc5a347c347781e61d61ad32772a,True
715,L21,8524959695116549750,38ff3b10c5c04bd219663496325d6dda82efc836168acf6db822e6b63f192fb4,True
715,L13,6096847698376961955,48e59277877eedf68a76b44a33bc0a9653385606e59a887a99a6ba850517bb34,True
715,L31,9093266200999813093,202f9fb5097b5a28e4f2ebb27ba5dc2ef8f0fd589b32a731e160939ce41ce74b,True
715,L23,3805983654659326049,1d9c6e31d96005f2b41aca77d8c59762cc307798fc729398b2f851d9dc0e79ca,True
715,L32,11310153871596332295,f207db01bfe20a9098ad876fedc1afb8f59448e8a5b01c5f0f7b7edc65a67db6,True
716,L12,9111342739636316301,57070e439c44d2ce38766856d29cde7c727ed99c367b7ed0bb8c6cdef670fa61,True
716,L21,9607383878502904760,34d61e4809013b3383a53f4cbb54971842ea99816b8ff3f339e5da14570c32a3,True
716,L13,2890018264865474970,62d5d6422dbe92d8793e3ed8b0228b4d46f43cd9f0d726886d1327b734e26016,True
716,L31,13288810679230957515,9ccee042d1b9cc16374e5e74d8fddcfd77b3da983cae6b1e98137eaa34c80ae4,True
716,L23,14635478089330643682,1b8d21ba93cd1d5ec7aa5897b6638cc0b78e1e93378065044f9f5d3784a07d64,True
716,L32,15712123405540489697,feeaf628e426c7c44eb9c15b16b60d0315934b06abda1def8d5b044d20671303,True
717,L12,4472344471144412608,127c978e5060dc10d707c442db9de433571a353b89b8c0567671cc81dc570e86,True
717,L21,11531457627974593193,9e15bcfbf3c4b0d1511415cb300127afe2eeb00e65bb959af4171c661e3464cb,True
717,L13,7678234592346862367,693b59811f3eac6bb0cfa0cc677149723382bd1090a3f2a5b81716de324d82f2,True
717,L31,589383300168084723,0edd26f0e8386c24d611136f55d49645f1e96da345f7b93fca6eb55005be3262,True
717,L23,8240351598917585842,e72536aa8ed0ad151c2410542b7ea7aa3c42a587047cc9f917935c9ff5c91333,True
717,L32,7661779689679106288,b9a40be00a0c1e16ad0c276bb252d4914df334c7d857782b7155961a9886681e,True
718,L12,5861047977086716539,c1320d1351ccadbbd55ea05f2ff6cfc5da6d6fea8c3e0cfcb6e99c8dc2ef921b,True
718,L21,4560362209219211211,0dfeeb3aaf6d13a0611941fd78f0e6ef8c7b57609715e62a7294925e127a923c,True
718,L13,2301997456804655601,8df843c5ef10640dacef3cb3a506455d0aa0da3be11728ceed8bf50f2f8df745,True
718,L31,6969974079092997421,51890062f628709d0e39e89e39ddff45fe805766b5f006ec53edacce459e4469,True
718,L23,3899347048627428014,f5787a2c540052d6c57287c12c723ec74ee2079cc51b1e9c807e660ab19b5354,True
718,L32,7469225518619686891,393a84a44b50b3e19af6774bef36c9a7a3ca414b1bb988c133a348dc18bbc58a,True
719,L12,8423569117511211045,1e394ab02d629b6d4f97140561c245ac9f4d82535939a0c146851e4451dfb531,True
719,L21,5538779808683699502,e01bedff09e104ffaa2553fc523f14c43b976204958811f08a07925a1e7200d4,True
719,L13,14632289558689517134,d7ed793a65872eb4d0ed9fe1ef678e8b7fa49c9b5a259ae592310002661bde1a,True
719,L31,18031704910364335464,2e56d9fb74488800fe1ce5bcff54b1ee91e571d4539bd2b295a996495c9cbfaf,True
719,L23,4983376007096272576,f1d977118babdbaa50bde5322d82d3af025540e87183f54a5d1b1b0836d3752e,True
719,L32,10366272284322754520,19dde98ea184cb520611bf5bed67b83c1894d829120d13108f834a6de56e07f6,True
720,L12,14762754666295368591,f24e9481d939500245d8bef1d95955b5f9588765d74753d9cf9870abf0af28f2,True
720,L21,7995124601588607621,004f3390a6e0fdd90c198a00daa6907d85a461f7e661746fed91e7739ec834e3,True
720,L13,11693485301713247913,9a51a4a77d307095e9f17182c165269f5176c9ee61927b47f5df31ea83b6edfe,True
720,L31,12219646778345205852,538664047f82884e7cc8483db817f12cac2b4c7df1b354d621cabd72780536ec,True
720,L23,10407830640456486286,7d3f3d59ca724ad5cc51d64e237482073f40ab3fa25c74c1984fd924aa304611,True
720,L32,14430850113714090690,45f487ef7ad63a2caadbda9edc4d9af50d858e1848b98fc33de878e0f2671694,True
721,L12,9178799081772345264,e5a4c7bc4715469b184ea30d68b1982fa6aaa1fb1d3fbc86d36a7ee13deec392,True
721,L21,1812774545072999746,b861ed72cb863dad793acbc3f1acac8a10eda139f2553d6faeef8e2e18f18a71,True
721,L13,13046990728083109896,1ddb1b1c43ab6cb218514102397a2ec9eb31bea9b4a4b16c233aeb0646a31050,True
721,L31,3267669875839727664,f0d71cf7f80adda5c231d97cc094cf3b262628e169a1a3ab11638d827917a5d0,True
721,L23,4086171044836351112,58f3fda728bc6e6848fb8e7f9d3b08069690925fae63a9b35be9e522f685a04d,True
721,L32,3018219728111061900,6e87445c761530467dd6e69362914667733ae76a3cc089a3233d60459fd585c5,True
722,L12,10481250276307684775,11a89b4b97047b3f77122c973e57abaf39ec6d1fa1625952ebfd5e4e0737dc42,True
722,L21,10306853881952370310,bcc599f55d4ba36fb1af8e831708ecc9a24d107968f2a02a3429c6efc04fef52,True
722,L13,6002955842859525952,d3320729a79d4783c35db572729c5dd6caf015d34b54fab79ff8365b2b0b7ca9,True
722,L31,10296278216826836586,8233afac8ecdd2a3a59bcd78214bef9627682807752c89121dfc4f4a0b78b95c,True
722,L23,11305745856538768186,8cb896dfb52b57bd0b78f9c40efd675d564f5179ec393259c5abddf4f449a2a8,True
722,L32,14397688142901064274,b68e7bf3ec269db4b048cadee8644b6ed70cf8bd681dee427d0f09b99fa23bba,True
723,L12,7721674163515206822,a13651407fb6f3d124d2ee77bad4b24ea4aa6ad2bc03e7b4e1f84dcef133aeed,True
723,L21,8874744634854090476,0fbb538873a42fc6f6e0421b564d5a875b2e33dc2192a00ee599fb81be1281e9,True
723,L13,18267150575992050120,1ebd5c9336750799e93bdbc7036758eed9bc8573195e868ecfb35c643b2be1c4,True
723,L31,5156112708867341959,c78b198e8ab5529d17118fc161f2204306984f947e60e3fde3c9c464c25edffb,True
723,L23,9806432600190719295,194f0dc06add3ef9ec8d468a25ea3e33450be9ded2b60c44bce38fa571c7897a,True
723,L32,10225267392689163951,c587f3f3a49e5ac3b2d5e19595342058ac6b1b104f0de2656967f1c270e5618f,True
724,L12,17270219957207811495,643bd8b3a94da1193eee750efffe2809188df5bd678ddcc97b3b0d6f1e1e329c,True
724,L21,2356118802023485879,502ae797a41f2cfd940fecca90e8586778bfeb36a6da862a1378dce865a411b1,True
724,L13,8872421180915363797,6144aa3d265bbae066d9067b9e500a35772ebafd6776d88469cf9bfdac572dd6,True
724,L31,1951945117554845588,624c952c434c8df9663733e0a0fedcf0ff540fb127e418cc9e0b43f29b3a8813,True
724,L23,15093156879127010353,2b067d2248fe8106c5829dffa4b8c63e8ef6bc2f16e08665a8ff45d779cdd189,True
724,L32,14996127460734249884,4ec3093a7b8cb242abe2db13a73334d15e5b0559fd1a2a84b00285e8d41c6564,True
725,L12,2947491300909860055,b8bb473e8ef38dd8da189f9eb5c22003986b64e13ddce26fcb5d39993313b2e9,True
725,L21,17976723766000891994,d607cffa3d2f0bab65622299d79fc5a4037a5ed25c6f820dd61445c56f45d2d8,True
725,L13,18249166229202672836,d5ae4360044235cab948351b0658e67c8496145a1da6fa2b2bb6044d56a679de,True
725,L31,12898224246555321933,6b79dbf520816b2c49e1b2763f0f07623647ab40fe9ffb34c1033e4e18c2cea8,True
725,L23,6231495786055673692,98bfaea1bb8eee65051c254eb03d6dc20956948db03ac12b7da4b76582889de3,True
725,L32,17657010270355806345,e06e204f1483a199a9a20c5f9e76fa99602bcb4a327c080b24baf4305a7dc915,True
726,L12,6312961349287612464,731b74f5c1bbd129b1d639c9bd8692b7a586f2b1eb63350155b0c39d9bbbe031,True
726,L21,8646029066854196504,262216d80daee3042b80c5e878dea1cb9bf516e9ff15bc450f97fd2b151f6c7b,True
726,L13,13541227070471856551,dfd67fb81fda0860c0ebbd1be00d9158a3a3ba78f215cbc9c0ba6057fad893fa,True
726,L31,1095673039619331762,41d78448d63e1d9123a26e9a8762ac975d6e63afa624525139830ea6cac731c5,True
726,L23,12641857367694032631,5742de5a257c123cca97dfc3d5a09ac2397a0407c2432320094ebfbccde356a9,True
726,L32,3880785589494832646,a2a982a8023203a751597f82c88e1142b809430e508e98605104f4280db71249,True
727,L12,6954326725046647890,fd62afe72c3947be13ec78f6b286341200c23a717ec26453f0250ae0fdce3f1e,True
727,L21,14581717757351636756,84346734d3a42412b5519e9d8acccb71fa630dfa243c539c63391f39ee04ee7d,True
727,L13,8729388059442220466,f2a804440915269ccafa3706512c3b0818742b2f225895a7524d0b1c9cfb371b,True
727,L31,5747994889574725199,9baa46ac3184f9b1d238f9a2cb8d238f2779baec59d456d5e96345a10f6127ba,True
727,L23,11378364459635193147,6970ccda57f750f2cfd5076507edb7a7909ac60711a2bb00b8c6140224cb0dab,True
727,L32,5183475899914924695,1718e7d2d4c85505ebf299099e0997c671eb1c17427dfc3c9616234aa4be4067,True
728,L12,2853269235762234660,003e04e771a06533d4a75901d59158b63f2dd0f791498efe8007e4b2bc9d0e36,True
728,L21,8439878330330738569,da802622fb40b5c73e1bb181eb61db1a160dfc74aaf80d9560248bc36a18edab,True
728,L13,15715735982587151977,1dcef0510ae30508300ef59f7ab7057356ac56a53dbf2c488ae729861118c3b4,True
728,L31,17533404719759151832,1374423a0bbb0c68157826acc17b01732da183452b45e3911cd38c53a48aaeae,True
728,L23,9256767670927244052,a82540e8e4295bafb58875b95893790c8229aeca1c36c96ba5fa1e178f7ea4b1,True
728,L32,6664916572662531898,a798e05d323bfa3931f4e02021526546e284f67b5b4f3a72936098c3409dd34d,True
729,L12,8858200426943682659,ea249bf992d6ebbefd525ad4e8ca4e99d84b36f1b1711ad7733cf5835e71fcef,True
729,L21,14182062450441193372,e7e28d7dd0cfd6aad312641d1583d30e8bbca01fb913238655304347d8ebacad,True
729,L13,11843322347740418757,21393cad23e66f78d2b0e947f29dfad140a726e533c3376cb2f0f2c7ed25deb7,True
729,L31,12375882079403344829,ace02feea50df841d74f378f7a0b8eb03767da75283d42a09f0db962b4cf174c,True
729,L23,17437748294802892091,08712aa94e70ff30d3bb5cdffe351dc6b48c339d1efe5104b1d183fc640c2565,True
729,L32,15973878608839690868,067e5cc78331319351fe39d7d225d6e450c839a41c7860501d2a3b96be0b634c,True
730,L12,6988441363570696525,ea9b2a78455c963aa58a22ae500758ea5892e59ef4835faaef7e309e615d7f78,True
730,L21,13329607682702599820,2bd9346f863ce116a1209b9bc483a8d3ebf6e4a8680c6671b0758b4b7728f2d4,True
730,L13,1865852802918640437,d0ed720034bbc5dd5ee4f8cbaf91bcfd4c711a85eb1656e3a2debe4d6bd829a3,True
730,L31,11255148811872398432,c88515229e0ee2bdb117831af8a8a243dc66c637e82e1776a196e42555edaf5e,True
730,L23,8375380794098521915,b65df63753088d287f36714e9772f5b19d5fde2cd64b3cda9968d1615f719383,True
730,L32,4330238994118224210,0e5a8d723925eeb4dfba8f45bce0589c1708bf2b8eae66366f2376cccc047866,True
731,L12,1595149801144748826,310726e450e1bdc9cbb91df7135480aacb4fe6175ce363889c0816191541ad7b,True
731,L21,18426806624888150333,098d4829ba5560b60e9dcdcc8e41ad299c0f20426d4e5d746ac544491d2b15a3,True
731,L13,14516805310098128861,f4c494ba52879beac4c77016542eb5e50e7b51bdf1d9f2c286f6a1429700bef8,True
731,L31,14012067572059412624,a388125fbe4c17598794b1e33028a8180746b4d6280f28c198e5596921a0dc10,True
731,L23,5720354593492452234,9c4cc8c1f61016086bfeda4e49beb1174408063db8de5ee1ff656860f76514b2,True
731,L32,6970738207412383540,03273b68f194c53bc341e5af32652384aae3b628a4fb77e6ce4ba6f5796a00f4,True
732,L12,9343349188522905516,2101e0b70082698bfc692728b5221e07f402a91456f5cd58925b2823e7e822e7,True
732,L21,1559169064020858638,a03ca0d4e7a467e54bdbbeff6e89f9b07f8bbcb034ca8bc90d77db300d81c60c,True
732,L13,6388662223590511202,bc3eb2c64bd8508251c991fdea365ffb2b136c9a4b4c730be9d3f57ca98c2cd7,True
732,L31,8395377827885489709,a9250a75cf663f6f6338c3061ac886fa5ba5fa9c0182e7766edec91a7c1b91d7,True
732,L23,9901729074631181294,3711246b172f4aa378f9c3ebf3e639b94c67eea48a951616bc46b25c8566c5c6,True
732,L32,743859180242063101,3443dd8a048aa8e09964d040671a87d87349b2ce43e0e841f1b8213b5f7d8c0b,True
733,L12,10160648634839702077,9c53697c4575a34ad0f77b678171dba21da2051118f8c45841140966669c90b8,True
733,L21,2618254418540130319,97c15e70c56ef3cbd13fc4b0963121628e118b57e5239c578f4c1f61911ba4b5,True
733,L13,9759661887589090844,9ec633585528236a2e8761f4f2c8361f3585696f699876ea2cd87d9274cc8d52,True
733,L31,4182748825514033144,46bd1858bee33d7f4b4bc543bb9cb92bad5fa01662293b77f5143239aa519bf9,True
733,L23,10890742400392476431,4031ef48122df1439b5e6b9610646cdaef7a6ffcff950c9590dd8215df701eba,True
733,L32,14587872981499042494,d352e330b055c0b4bb7e21b32a749dfcc349c5b4c84f5fc677401e20bf07cfbe,True
734,L12,16300960970762978316,ff7479b62316c79306b26558b68193b15cde58706e561d2a90bfb6f04de6958c,True
734,L21,12913512489720802254,265bdc40a09fb811b0b203b15781f7a526ed21ae8a08499bbca1d102e6757743,True
734,L13,10133528139165486401,34e8a42d5e744556692de01f3adefd06dba3c4aa2dbed6eae9ac354da298d863,True
734,L31,6913356797172690056,fa01a3e6c70ceae4178d608dc351dec8bbdc7991bec23a648721dfc717fb9d27,True
734,L23,14851293807180977231,32fc2c5c7c71acfb79ad00cf311c8e9482c2cca952c4730a8d44672b82671150,True
734,L32,4828519173138556816,0263ca6270c69f2ca98ae149c569419c2ef23dbaf85c135cf8a0f6eabb032a27,True
735,L12,11592544652233208805,7107b98503f8ee7aea80f29fcfdc2798b093f55f7893a3d14359f3f3e3a4dfe7,True
735,L21,9978183131446062896,24855ab1508b86db5bb4c43f65130cb345dbae864c9895ac4aa6f051ac060473,True
735,L13,5876518836861287537,e6319374de1022ae527194192ea04e470ebda476bd1a1f324f1e4b17ab17a987,True
735,L31,4258418056842764113,497c03d2212277f193678201d08f50d27de0a3b43804c3e136b1ee1caed0ea6b,True
735,L23,5990702493207930790,a6f2cd7cc45fe5faa8c59ac116ba7b758a1931e0b3bb84a0338ea83e44dc6117,True
735,L32,1316502341341728925,7f5ea7c2810f492261250008d6103b846bf161e42c97f61184baae314b484b74,True
736,L12,16294257818679950156,4581f066b40b4f73933d4f909d66493e56e30f1df6fa36b16239bc5c0382bd42,True
736,L21,11299271488555176635,5085b2cc4a1c988ef9e7e5b2b68d2f7903a8f8606a98523891b8c7ee6bfcec31,True
736,L13,10490427777846371086,426da9b0de8163391ab6c60e39698f2cc92675aaab1d582e79ead47ae3858762,True
736,L31,17651380534394982110,63d618c3685b27dcc1abe1efbe6cfc20a2ba0cdbac750369b5380d2da0dbc93b,True
736,L23,8096394756762381330,5840e11bd5238a127153c4db1aeb24fdc68e945bcfaaad1a0ee3efc61754a472,True
736,L32,557118286565934081,e1dc819f454d329d0ee324609cb6446893459b5e27ba449f3668efdbbf697851,True
737,L12,3417258534548581717,cd5a7cee95e8c54259e9d2e6609344c6629e1e1f1ff7c7eabdbc08374872195a,True
737,L21,10250851645369017024,3b2dfa4256a103c108e0b6cab484a390ff74aece3574b8e6832385305ef32b1c,True
737,L13,5208147658977670409,3c6bfff556a6a3e3feaae73137ae1eeae8230daff868ddfe486a6bb260abfc24,True
737,L31,15107749166159662105,ed1d7e145b9416818a828ccc122664aeca30efa89721d9cd2995e652468076b4,True
737,L23,2144785378035420410,f77fbd31ac2d28516de1836f0835dd589bb97a22bac00eafa46098e2728e2206,True
737,L32,13700531781511711990,fc03f824fd3bc4636f5549a9294ab5112bc969f119cc65793a54d8b7746c2570,True
738,L12,4826327865602079037,a089094f0cbac358bf8179ceadd9c5f8564e5d85dc1dd206e4c79610fab3c3f1,True
738,L21,4295359295445266655,d8da724500b2b6861065d5f723ce37fc3f1baa2f7ba4dbc534a414ea77ed4270,True
738,L13,4244764949667183,082295669827a42d9fac52298e5b8d70b7f8a4fe2e8c3979e38cf7a4c617f0e1,True
738,L31,7576601708506317250,94eb58458718d3b4870f91fd8b5645f640e7e3bbcffcfe183329e157becd5b9b,True
738,L23,16115629717447438512,9f4f44b437806f972f9b99f3e28479387737cd5c819dee33b59e082a292f509c,True
738,L32,750109697235126262,a91fd9614c6520d2eff06ddad7a0bddcf16e8a11c5d786172a78f2c3a73ca451,True
739,L12,15569754402081959926,7b9f0f4d02471ee41cbb7345b47a5aaf9e98699f819a2075c4f522e3399f9070,True
739,L21,14793381260872983502,a168ae6d0155faf24095251c01f08e957d8cc95180b2aa379510376a6fc7b1ce,True
739,L13,7663134350299784644,7e656d722cbadb0ec4aaa8cedc12cb4157be2f21a1bffadfc93a46bca32b788a,True
739,L31,6997357163556440582,2ce09e3b4557ff87aef70100c31bab792ab1118a8680f6049da5a951d29fc3a2,True
739,L23,3223234541816802369,7db906e3d76468965e370f1a820e1989f9b72bea3ea961de4f98db7fec388284,True
739,L32,1510402640085726971,89f6e9685f3498115e04c6062c44ac6301f931e59ef98d85bb18c7969ec922c6,True
740,L12,5043523772817589400,104161e2b792356bfa376325bd77a878f57055d208d5816c6fac06048ec8a3ba,True
740,L21,7561091957840136244,a587ff63030920e1ecfeb309835b632ab61955c24a88574edca8d9f904de31f1,True
740,L13,14451930770811366372,f7d6db96a25604b1cf558c9674904d53d5cb2ba239754273e7c0ba883f441e3b,True
740,L31,3654957176368419631,5d6fcabdb0dc709ee2a787827e7aac7bc898ee3316e1068ef0ae9f1d15f03688,True
740,L23,15898646477766714047,aca97699824d35378c1e9e462ed3ef74a286bf2fccc913870918fa4a66d86fe9,True
740,L32,7906200111916314570,ca784629a4522ccdf7894e40a8fa0867c34eb7577b6d72aa4dfb4193a6ffc120,True
741,L12,5610480956458435546,0f63567afd32bfff5288bc479e2a57a1c0c52423835c59af80e7ffb99dcacba2,True
741,L21,12489294258985935899,437758ab3bed71d91fc40d976e60dd59aa0c7c5efd604dcccaa33c6ce5fa771f,True
741,L13,6583873642084573751,09326b364292323524b9dce928e5c8e85749c7c55b324d47fa7b9a104d5f26e5,True
741,L31,14942239047232448337,73084c7138f803769a299c10d62bc788d7c81ded2de74b900ff2b5e4c66bc3e5,True
741,L23,2913424467576828169,63b4ab3fd612e21a76b97f4ff3178495688f37a263872415bb788442e53599b1,True
741,L32,16082007700640465366,7787773268a9b79aa091b7f5a713231cf1fd5f09a10b664ca60bfde045cac749,True
742,L12,12819128355929318935,79760ea1ac8ea9b8719ab3b0044af5c2b76c9d64c4c18422248dd9a39ddaf857,True
742,L21,6630881146131920424,40e8d5fabc5c22116755d86535f846165bcaa479f6a392264cd012af4eff5295,True
742,L13,5674849967957493092,6abf55133f3278ac01ee78b7203275857d2dd89944630bb6be3a1052cd38c48b,True
742,L31,8772300425888077802,58e59acb73afd4a081a2ffb709f8d3d1dfa90f3b77d334d76a95dbac1eb03629,True
742,L23,6900941026770150575,14bd17d145cbe664d3a001e43e80fa5d9aad112dd5b21b1e284c0dca6944d200,True
742,L32,7067819919427734495,97f9dd39f45b693dbe221a6df2f6b4543c996f0015818b915b34f6f6c0f01534,True
743,L12,2998042901025828462,1340b6e0690f9427a72f171b3509ad4c30c0f027b0d55fae65349ee1a92e859c,True
743,L21,8814566783637709830,4cf2ca67477e7988fe5fe6cd27735c11db1eacd8abb144dc4e75ac0fce8b6cc6,True
743,L13,6421899357577821747,e2de47f570c73be650849616400e5ea8b5f3852e0deee60f563291e95752e5a2,True
743,L31,15772910017105137147,a8504a5ecbe50c59e7117af13ea1c59eb11266651dd2ca4ffc362c7ed50a1412,True
743,L23,16153697496052011036,2e3b4cc0a5892ce1d317892a910d3a7960564175978364400fcc3353a3799044,True
743,L32,9904371246035376019,36bc8f2e2ccdf27f661843039c071a2a84cba7f9f41b0f548f4b79efa1fb4204,True
744,L12,10568928916523950070,43667fa39a0e2a447db262fc152200c8d4f8d3b03a60a6cab0788007c01d4ca8,True
744,L21,3267875201372784161,d458dfba033b2c83377b42de11c18f1f00e9f20491aa8e4b717cf9456ebdb7c7,True
744,L13,13900826535311369987,cf8ba8b038d1b3cab9d5e332028dffc786fe9a039bdbb313be10517973f6d99c,True
744,L31,15787758665130329206,b84c77bc7b5812aa7896115e21bdf10eae3c66947b092988687322368716207d,True
744,L23,16841302746227760834,e4663e7faf0ceb61516ea1148af3b1765db6ebcba1cfb10a6af0f7ea429eff8f,True
744,L32,11356543252913076906,d9ffc2332a703f3d67317fcf6ad4536f7c4ac6ca71ca96ee3dbdd59144044eac,True
745,L12,7462448375454139112,ff765879bdd4c3c2d24b44654c438d70e28bfeb8b0f3463cb5188ad86d81d934,True
745,L21,8142772984669524816,ee585978a4a81bf9ae39709e07eeb18a6ed8b8fc3c3fcf5af86ef229d6d17089,True
745,L13,8071727729015872599,2f7709f1c46dbbacb93f420f1befc7b2aedbe7bdeff9ef861021b6c83062f9ae,True
745,L31,480242366122133106,e7b3243b6aed5ac99ab9ead9b9e40609a79e23b2f634fe73b4eb25c50bcd5d03,True
745,L23,10550068638056124319,f2497002a79c72441224743bc2f92bf3aa02b72a427e5e54a7e2ed376fc5413f,True
745,L32,12250589776200841741,db085c8351ec017ef0279100c820e70b6cd4daf44d5a92c3a788977eb007dfde,True
746,L12,13747301136832085549,8a8e3656ce1fc943e54755890dff68698442b7f2c631653458804effdee11dac,True
746,L21,7681657654589536754,c646830baa5b624c55f151f89207a5aa6a96d029563b9225bd1f7805dbecfe21,True
746,L13,11997478126339677320,1806e190f0877b8a57b0cba7641e24df7417eff942556d84882f06654202aaed,True
746,L31,9784575000203777588,6d3dfcb6892fffe7e0c742d2045c298395919098cc142627f88a950ecc6bb0be,True
746,L23,7418579778001985649,1c22c726a2ccef316d40bbc1899bf2b9a9e57eabf49ea2284ed09d3599bab801,True
746,L32,3764449920918068429,1c1f47e0474471e60af823d7ee1b701c79f12d543754e4d6a811b7955a3f8939,True
747,L12,2023206969545906838,879be745f8e7740f155b53b48c33fd6e5ff7fe19fbdeea36f6cdac5f203017c8,True
747,L21,6830864640551266472,8650f3b863b4810fd579f2583eb828188c071516463642c9984e062bd3ca7455,True
747,L13,5249812863445990915,cca9329d0237a4e72481af1c21df910e71e45eb03c484316325de9dbeb6c0d3a,True
747,L31,15827774107288373452,4db01e3f361cbdd410b681f593edcf59b9ec3910282672cbbe3453c6b38ab948,True
747,L23,5307400500243684686,3eb5769539403d5e7587378d863138ca2b08a9db0327f79b61907896b16d1fe2,True
747,L32,11497442664016453804,9360cf55adc22cc4c160cc5f5a8ef1d5b2f20f60f9a244ea7e21c8244f5d3e07,True
748,L12,17275314023540498987,fa7af8f709f997148de7b5c4e3d3f6aebbda14f4f9463e4fb2ea6f0442c86d00,True
748,L21,11902851935317982815,06a8288d4a9735d83cb11dd80d2a8ea7215d83213be8f928897d1aa226adb0b9,True
748,L13,974442147534787045,e146e7db8a19e17e2b70ac80909cd93f9dc782231ff8b5eebb2e9379a3fb036c,True
748,L31,6255249647691683433,7543706141bc19aa03ab57752b4bca654215b81686439e06a901b8a9b997c1e1,True
748,L23,13821369391527731452,38982873e80464e98f8298395bf39ddde493b62bb7b9451386b9281d560b766b,True
748,L32,4141195673923712005,cde653c68bd414e8f42eff5b2ae1a516da1e493d42b6d080620f68e7e2caf241,True
749,L12,1053387994885230643,3e19523138888dcd2456316f22363ab1a9784eec80307e857b70cca73791ddaf,True
749,L21,10332176286779235031,5744ea73a175cb199a4d10d7074770f2cd0004aef7e8ee1f3752a515897d0533,True
749,L13,17530023169742604203,9a78dc3e59b957b9d91888654c4e9df0a5e09e528dac7b020bacc96d622895cf,True
749,L31,13276766085766524531,46a595ef99e63ef9a3a9820ce9e28b33a5ec4b647a5529b4c2ec4f9ea634d31c,True
749,L23,6075719501780971523,3e293ee692b91b307a3f53577986f9797b6c3becbb5d1abe3c593a10a911105d,True
749,L32,17638900564186301366,bfccfd0350a5a8c978470d60796b777328872cd5b1e5b966f37d0d3ad69e3f44,True
750,L12,17195181520706878827,ecd6472e6d2361b03d889f7b8d32b7cd47a3c2573c0290c30c016dcef146b448,True
750,L21,14345859847030175666,7e721fd3cdf0b54cfa0bd6bc0fd37015508dc83528a77c1fe84b277f9990f9e2,True
750,L13,5113287345903150542,b694f933c86e0683430b6de9a2ee0047da611371369a26c36e230bd6a97e9cea,True
750,L31,15287915478976197209,5c9b8f85908a7fb866b6b5e0525acebe1f4810c72beb3666f3d75373a338ee64,True
750,L23,3577175264974329029,bc6c08e2482e2fd13b19be57b1b577bc1f283601185e22a32be2183331fa28f3,True
750,L32,14783479487465806091,d0282f6623b45b56f1fa3f0bb2baa66a74d45da9772d10bd4d0f8d2d6d32779d,True
751,L12,14031780811682438021,29f57787cda163ba116c84336e61c890fdf2d85aa6b4944616cfb7e492038277,True
751,L21,16556233665607820224,1dc04d7571a2e479ab35262a8ee1b22dad6b93c631bf35bb7de2f0d4d3d832fb,True
751,L13,10593954710218663034,d9f4b47e836913fa62e78c0cf7c319a029ed58736296d7ebf0400ae393225c88,True
751,L31,2721073497818390335,72ac64e5b4624356ccaba2e243784a25e09280894186018808c1a963416b9f42,True
751,L23,11217496510634052047,1512861f324475180ca5dca75c8294dd327b778c2d031cfebddddd27ad67573c,True
751,L32,10493789085345479712,77ebde391c939c731dbabe7da61b2fe128abc9804d368427966c20ac3d125501,True
752,L12,16159034547453560887,0a6112cfb14c2968454b2dbeaffd8e410800c7ca5448b2b936064d1b4df27ff7,True
752,L21,6511247978549322166,2e4b4ee720033d03efa19fe6c1e40b36415f4391f37213a02a4e6983a6c2a186,True
752,L13,15247623456374304831,185ccb4a72e1acd6a212d51922b27804587b90730d1b772c54ff01dc5d11d7bd,True
752,L31,12187216370649924294,50407d20b8c0cf4fccc2e6b971c15a5bcf449dc611496dc83b9d601afeee776c,True
752,L23,9545280184344758153,4bc3bea1870e8cb580b000468db36c71bf31a15825ac8d8cdca7da558dd2537d,True
752,L32,8246439530504618858,73fed61b0b78b797e6fbf9c9f4b798ba1dcebd610bd2128df2de926708db2e0a,True
753,L12,10751248979467175135,1f3ccb7c94c155c60fab017214837a77a3206c3baa7e6a83fe6db164157f28eb,True
753,L21,14152141176291627604,e033203d7640f3894fd69f7590de83e3abe28eaba3e9fcba9a971bf0ae9d14c6,True
753,L13,3732182337428021807,d141ae390b65c7f281dfe70dc1e6d812dd20e7e063c87ec44c8f6f796cd8e7dc,True
753,L31,12454766390865539729,05bfdbc2923f46ccaf0d923d724c6eff5aaa1cae1635f0d0025bef24e885e1f3,True
753,L23,1255820340145128954,0a7501f0d58b6f5f70b3d80e64d0236eca8ec6cd8ebc80b50bfda7e2f7655ec7,True
753,L32,1416358051275755115,c1585a44ff11cc1f46a0b5e045c892626c0de92d5effbad24572ee0ae8f6a3da,True
754,L12,1505790258117366732,9f783eacc5292b295f372cb66ebc7d9aa567e466b8b9a62d552eb4fa286dd05a,True
754,L21,12618184716963358890,756a10ae0e615bc828dd1304db82e67bddf1068af0337d446cdaebd6da92e2d0,True
754,L13,6818442456851596930,d6c0a8b19bed18aada60cd18fe36f3c781e06572aca7cf3822d9eab98c88881b,True
754,L31,11652988121964547843,2000f746a9e238932524382319ef3ce5471a1abee3caa51479a2d96c4d0599cf,True
754,L23,11219350289202940030,ba74d780d713ab1ac4e877645f908f2357e0e232c073c77e7d38b25850239a52,True
754,L32,4377530296249050873,1e72d2e9c2949eee59739a2d84590bab602345893cd281c56310e77dd3a2297e,True
755,L12,985093911674163895,880b3e45330ec778ded32af196bbb185529309e41d611bd0ba32bceb4a7718d6,True
755,L21,5022359161982583258,f63935c9c91b965efc73ecdcc2e962dc7db235888f1fb86d8b56bd5a5875cd51,True
755,L13,7138680239571435791,e5414fa34ce27860aec90741510f1256f0c1ec6d0010670e49cb72c7461defd3,True
755,L31,9294788440423286481,86347f97707350929a02adcf6a9a95e58a1f6a5b0bcacf7ee7765ddb419eac3b,True
755,L23,14418986884680246822,148270118bf1b2dbc2ba894f54f70f68d9ff1cf3938e46dfbb02891d5ea59ada,True
755,L32,7254405037993595033,a67659d3869fcef48a7c41b5f75c8090d4ab567d7f71ba7a6cf614599039b0c5,True
756,L12,1201649823665548519,469bb0a43cf7b17a14df55be838ddcb3e1f9aecc765d201b089d67adcda3e09d,True
756,L21,12110087471303109496,41e283d946ef3367b9b4c3d8413426c06f5a8f158dff6241a9441d8360db52e8,True
756,L13,1513670928397321988,e965f75ee139533c63b99ae14fa3be53db222bff2750ba0c6b369ee72310e3ee,True
756,L31,17840967036814703991,47b4d7778f30bf59e7f051d9d0eb90b7f8b90ef93ac48cf8af43054f489250ed,True
756,L23,14988272777902137999,bc1403c0dbb819c815ab3c3fa038d737cca02e2f4a1074b2753283299013b6ec,True
756,L32,12505421700412613509,a606e7e02348beb88a3c7c7af6a47b7b8fd800739318f9285a4b602581e12acc,True
757,L12,3439027098052720871,3cad3e3d995da66de26460d1475bf593b6f93903372c0e5ccdf1f80dc2e8c6ec,True
757,L21,1886593981653422860,a9b67acca2f3f9ed7c69edc1475c755abe92e8ee29515d6e7b22bc50615a09fa,True
757,L13,12693464378414267650,c741fad762e42bebe5dad0f6b2f010d665c6a56588650eeab4d1f3bd0d60d481,True
757,L31,16186145929759710942,0bc06021d477e1d3252f7d51a0f53826eb9a287a3447477f463758b3a14417d1,True
757,L23,3485384506886676982,588d6741ac6b26056286b6f73ae16d3d4ba36a0278eea125932fdba60b040f35,True
757,L32,4830006910262284760,11a7ee3e08f1a97ccfa29d6cf23b2005481201691392638c382aec2da2bc177f,True
758,L12,251091367752489785,79735c42479a3d30f5fc6bf14e94143ceec6159eaed8c4c13274866404dca51a,True
758,L21,16890579886958624197,8b3964c15ab11577d05fa39f2024d5acf5e90a5457777035a3d070a089244874,True
758,L13,12287073801374320594,6749bc821770f4d3e4f4a2d8e5e15b1d1f342c59b42d785c2120d6f623f607e7,True
758,L31,2949353090413712433,a3e6e139fda379991f5b6b1c879edaa495c2d67775222d1d7aa98356a7009f98,True
758,L23,8717763073822497105,05509d5d4ffca734a491b5ccbc08dc8119dff2f34588d65f96ae8284584ff51b,True
758,L32,3548652157256972147,6df595ec097a13c29faeef2156d52996050f65958725c00b273ccb1bc6f5dd23,True
759,L12,821894372483406654,1d8fb71da3bc36422c5a90ae4c5d0185e0e28ce0727ff23ee30069e66f988b32,True
759,L21,6410780995213253822,698a786e417c51cd68640a617a22f4afaf6e283b7906b80ea4f1c3d93ed8e529,True
759,L13,10976566338413520820,797a15077a7b8ce9736d82ae46c5ae55521e53f0e21722350f655754dc8c45c7,True
759,L31,18079752378328720367,ba121cf8fc831c770cd9b8eba9ab842f6e9c29f7b3969e686d358050b1dd55d0,True
759,L23,7879709927471243138,bb04c2b5d894c9f5a6ecd49d6200a1fc47e00cc66fd3e949e01eae5ad7f56b61,True
759,L32,7159823118370615951,0853039cb9ccbcc34e85c3bae912e9d8702fe6b9292c2d8fc01dbe2cba1c3664,True
760,L12,7675390499579186066,e3d4de0c29c3f351cf3514a62ee14ed885fe1a6831a6eb0be826b9a4b2928c68,True
760,L21,7582645798232154678,10047b6b7102ab46149c8706e786a2f1d0fbeb242ca9e7ed74958fde8984166d,True
760,L13,14773795461857337817,a0a52d29f8c071b6ca6727f327b9feed0cd48767de94b6cfcadcbbab759d8099,True
760,L31,6148773913669535087,fc03f4d2213dc09a86c83f6175da92979aeef74070c7caafca0167a5aa12e5d1,True
760,L23,2437796866848330375,6412fc3656f8838a02e0adf9297e74a1305ba7b686478cd955c273717c9dcf76,True
760,L32,4204160447185734462,ed202ef1dbf6f34cca5286f6fdbdbb645309fbc73b79d901c9ed5a875e13b308,True
761,L12,4038595773587481392,bae5bfc1fed188d9263e812bbf8c5f657faa0a4a7772eeaac4544e0ee018fbc6,True
761,L21,11361257613562510441,f5ec4a3f928c7030c360fd7b67efb4619bc37ec38986cf46a29da27d7a5ce2b4,True
761,L13,9269268496599271710,987436f2180f0ac5689ac995271ae3ca4572c3b4e0219267c6bd77d57d5871f8,True
761,L31,15480902696328125844,dc22f01df8e191e54234a4c4de6b15f8b0d52188962fa1692ae114b208566885,True
761,L23,10019040165976272952,efbcd162e0f52825c90e7a2f452af74a5527a265802d3cd1b4eedc791eb0d871,True
761,L32,786848206720050734,4ebfc53654dc8081400c6f903ff952c59efe832b5d5562f2d6ee0c7506d12726,True
762,L12,3219690848914829467,aea15f811657f427db5402fb2bc948d9f51468ad328545eae5ec1bfe96787844,True
762,L21,15421427072557490485,1e468db49073d3cc3b206647a404cc69f32d60517d3467be852a5189524a9ba1,True
762,L13,16462810692855690531,2d6f34901c507bff58b896b7079870deb978fbd782ef0b1e819d315b95aa36cb,True
762,L31,13084436444574795771,1470ac767680e37a2d024556200b693cd82b500d911c8c4ac430a81e13626144,True
762,L23,3669123557178960285,3a7a95c67f5ac9da46943a35bbf306de09d43356c61d63a9b4ad0939070c37dc,True
762,L32,8129142346234682509,890723f4ac6f5e2bd95b72384e397a3d1afc603a828b4584308fca0e3c21b2a3,True
763,L12,7503651347999304545,659bfc9b6d43be305e432eb215ce010e742f022a02f0136017d083160f9e527b,True
763,L21,16167939222007007050,163dd21bf282952c99d54ad9525b75d61a3ab565835fd94964953fd3d45344b6,True
763,L13,8111183176143640308,3d77853c955220f62dbd8d4d4a95c950564c68cab5a51e502fb76a2e204edc14,True
763,L31,1754036781509468833,1c25026cf7a1207ba2a3c4c5276344761996fda45e00a1e6aef3a36b50f8bb35,True
763,L23,17049891635354893201,20c1f4e7c60fc0be34cece250c7353683f4a351a7188c3139b010ad210a56098,True
763,L32,5432951042856243324,779c509544f739d39def76b8cb3781832c188f86dc9c148c2df74177adc171d6,True
764,L12,8116902033663897465,9e5b5986921728e7bd818916c72e555db2a217359a838ed4da4be6d3a280f4f3,True
764,L21,17025214561290399491,b162a0d9a8cea332eda38289272ff6ec382ebdc5cef266dcf37a578d8054c865,True
764,L13,3199157018657556076,edf03715a9637d6617be041682ed158da89b27a49cfffdbfc083a04c24075359,True
764,L31,17662725631189853185,58001404e71dae46c76908b9a9900458ba0a6fe800de6688d0c62b4dce585ceb,True
764,L23,2991272056911786967,56786cc3cf57039798571f6d395cb62d6767a7112335ba2a9e77a0bc50d881bc,True
764,L32,12794608731618714464,2b0c107bf48ae58d9f5fc79dbd3c6038c9bb885d9cb3c15a907212d972491d4a,True
765,L12,6243202687668872205,f47203018000a730afc6b107f2ea75ce9c6ffba889cfb785b86666f73ab52e5c,True
765,L21,8800600372741117696,93d956b6e272c03438a8ac943793019220cb5b157d17ebd43e9ef7a56dbda5cf,True
765,L13,10022428546894538768,981463808b0ff3646863c6de82053b5b312bcb36ec7939965aa9d9f6ea1d236e,True
765,L31,16127163599054672500,d67ba3ec91f5aa35f8b43976644d18413b8c57e38692818c720019c7333bf6d6,True
765,L23,15276664882440564767,255928a2918dc0beb94de7c2be280227d7a963a7c7734178772ca576386c255b,True
765,L32,10244815696243622829,2b925832adbdd4666998757728029742441759ce0d540be03ecdb6a97c054feb,True
766,L12,751552346887357858,b966b6ab3ae33eb94edde7da9a18028906cf57ff1b22aca13d6215188cc398d2,True
766,L21,3448974339544764976,42ef6dc663f628eb8e560377a40573aa67f9d498cc688997898e8fe514260822,True
766,L13,5246637156299478951,54eed06a795fb1ed135166f6b6e486aa2110bf2f7d84064398efdd436c35493d,True
766,L31,10892861357052908300,b3fe02e2afd2cba3cafb0da3d9b7a49108ba3ac7bf885ffaeb2459345a0cc01b,True
766,L23,17705898217717103564,966eb5282b9bcbad0f95911f202eae174305f23741f7b3d7ad30e7da0304808c,True
766,L32,574738615302903050,42824e747ee4ebb99c7f2541220b87cef94866ad26054d082fef6ee75d83d2e2,True
767,L12,12033652108409409681,d8a4594abd13e0dee0678fc0a3da668983a99c6338872e5b3df1f0741a748037,True
767,L21,6093453136978226573,bd6732d62e2d4caea0dd153bb37d852f6bba6d5352b3be7fbbd4a1ea2280546f,True
767,L13,12539399607713845429,1671571ffbc1ad6c54756820b1e2fb3d615c349cdc75a8d3bd1d028e87b10909,True
767,L31,6732708265029967429,bf1a18eae5295695e9250e83630460e59bf25f1845247e3adb9c7561254864e8,True
767,L23,11583334068595979400,1623ab4cde1420456997bbb31fa453a2fb16160680005a2ef97b9ee9871fcc8a,True
767,L32,15661487150559910907,d0da9d9ae7f4bd03eb134e3a7476756e79d6d4a60cb855f1710420de663bf70f,True
768,L12,15428564606702235669,29ef706264f7f30661357c35c7fc1ac37367ff41e3d55f6d12340387d58fbec3,True
768,L21,3712930436650138657,ce7fad8ff8d23cc283e2515833468e7cbb4831663dc7455aaefd872f1a355930,True
768,L13,13154620359468136847,b0489c6a9c8eda2f86f5762637dbccb637874b87852e118be12f1cb7eb99d8b4,True
768,L31,14414509462467207582,28cd57cfad4263454835598c3b71372270e1333f5c168d0e61212f4f838f1c61,True
768,L23,13001395488030764852,a8b75c1221874eb050a537a22e02b0f4ee068d4c709ee9f25c33d379dc7368df,True
768,L32,13099603520204659313,195e8b4720dc5f4b29048f925a2806cbd76121ce5c249a366fe6a50d0238c718,True
769,L12,13694882336450161169,48962ae8a1cfd091fb7d4b95e9c9c969580fc185e4ef1ed03fbd37f7713a9406,True
769,L21,18025281106975542935,efc4a7c09a3574565e20423514710e35f22b3b743a7d8059684a632d700c9f2b,True
769,L13,16602390917159134210,bd06943c569e6868465611c2a75cf3a7b1bd0f2d81cf7f54c1ce32b84a103cf5,True
769,L31,10532465666736938916,55bac77b504f05898dff1d393b9a578c369082427e776f3a7fed91c3075a5080,True
769,L23,10720597046039090613,234fe11cfb414f79e2fb363833f5dc7865cc8892c8c6ca449d3ed1330bf092dd,True
769,L32,15690573767257210454,08e52d2cf71235384e5177830e058fad57f80bc48a98a5e5f531395399b91340,True
770,L12,10080540574128713421,dce10346fd3502e4bc44eaad1412e0231e4c5f375c8464000064c2aa0d9ec1c1,True
770,L21,486698535823551234,459f72a420e32a236ae0b6abd778627806b3ceca065c6895228ecd4119484507,True
770,L13,576384806111993850,d4f008c4561dd70301782f4487d28a646883df1d4a8064d8217ac638d46c37c7,True
770,L31,199334992514273285,0ce6ec492ede57ee7fc0dcd6b91a09b0cd24eea9a094e31da1bae7acff54698f,True
770,L23,18305294877683715944,1259cdf6257bf2fef4b2b633c2aa1f365eedb47fd075e7226acecdeb5466c235,True
770,L32,11877915195957140023,73b2ae7c09003beaa0708a53653bfc44183c683d5a00b3b333ea0993c4648b4c,True
771,L12,9574434539366252479,8d7e5bb1642b217c3469004c14baff0fc675eb0cd0e056e3fbe5671205d39b86,True
771,L21,2474389268857015750,210cc818e167fc55587ac115b1527b87b4eab7b8d28110e3d364707f2cb4a6cf,True
771,L13,14095649096781712768,6811b9bd8f66884f552daeb214d957ce8cce4b81103d2b52c84cdb8a44dc2f1b,True
771,L31,8382185564405748080,3e34012ec98caf01d4df1ed2299767d1a799b4bc7f5bb28266f8237c0d6ae05f,True
771,L23,16393672648083947338,fd9c4a0c02848853f0d8408f26cb9ef1ac7a408b4707a0d4ff6e5e0d63d6d7d1,True
771,L32,17710239902262601314,db5089ef801d960c738f8d64d9a5a49e3724350619fe4f5d385ae2de9f48177b,True
772,L12,3890854430546792946,269ee53e44a30665ed63b7a05b812f35c8860f01d30f8bde29d7b65e3bbe1769,True
772,L21,13238560806344776243,43625184628af06f75a09c5b96a316e2c1a9fa286dc328471649ddf25f7c7d23,True
772,L13,14537602851688869419,a4a8feae145ae9a889561bfd2426a69ba4c674a590e199f1f7719042595ba69c,True
772,L31,737520420694568846,bba05d44f00d1fda34cf728ddb1b54f98c7aa908a7a7c4d8e7194e1525057bba,True
772,L23,3850013782233013551,d4709a04d4590a0f42e612437b31133349417fc1fad281f2d54b6690013780c3,True
772,L32,4035760636717053310,e77ffce7ed6115f6349c149655b79ce5423e91267b583ec0fac11c3c34cac3ea,True
773,L12,10376082583723758537,b2444f11cf7bc45e5f0b78e566da682b7bbc02e959cbf13369ed23c74bc89484,True
773,L21,10344307936867703750,ff890be945d61baf08bd4dd06509594892835435852085a97e71587a0f3be2ba,True
773,L13,9222108171594072538,e9ba53c7dff63348073338b583da6fe5ec50c7c1b357830d22de372e8e90e295,True
773,L31,5807517789358791499,fb53efa29bce85dda7a59c47a971f51f409525c16bc17b5c64577277cb100574,True
773,L23,5887015213650582053,6ca0cf14dd8c0d95d279668cb44f1f0c582542b012b336928842b28061f3f638,True
773,L32,13155242936935780253,0cad8130363916e36fb5c82053b52c77d123842be4fbdb82e4a4c72c88724401,True
774,L12,8146076126986730830,b9a0b9399f5daf4eecde25cd4e7e53ac0c8285183d5ac1cabea8c8f9b7cf77cb,True
774,L21,15403369159543418644,972ee642883c06dfd69e06a6894d058b0a6063374445bebf4b0906750673baf6,True
774,L13,13682389208096156468,cb1eec0ce7a99bf4d5323018b560ad4f494b35cdb9e6f3231a083eb726d62ff5,True
774,L31,2573328139122853593,d5035c9cf61a5233694486c719b9fbbd8876ead068fd3b2f6d41553af54afcd8,True
774,L23,477434967290582065,562c514b67ef7d5cde326fbef7551b1d82f565ad4175a50ff2817aae27799984,True
774,L32,13255305247215893611,36bdf8fa6a57b01c75fdceca9c321f06063a552102fb15f6d75453204087f86b,True
775,L12,10718833205474576283,27a2afa4f72a32fba38571527ecec2bdb886a4eba5feb83f2914b48644841761,True
775,L21,11840425938959556367,7fef17cf9ce06450a1dad3ca55ccd07530248fca8ba9fb70951d6bccc81ec2d7,True
775,L13,14288267749768015659,8265f136ebcc3bbdcdb463662a5bc55a572d85109755c7d7eac872c402c3382e,True
775,L31,11238744663434774851,d31f0d6b4c7671f3cecd3c52036f214ec6be78cfee5383101274d507159daf0a,True
775,L23,7740900890253440006,650d38a5974b13aa56e6893f0cd67afb0e5b31062e2b2863fc57beb1b5e56fcd,True
775,L32,1828047541144311370,208aafdd8efa6a5df8a1a5b298bdaf50a7971462451ae8a0c5953bf0d6aa3e10,True
776,L12,18334865032786556873,545dded2f0734c142321333e7684513d27eed9b958f364d779c83862ec9a5347,True
776,L21,13983762493071271282,a7a210cb05f6b5a57e4c1f9080ca4543e9872c7d4cd0155c512d313f2c97c343,True
776,L13,11565295341847900320,0ba36c01bd174eb764f8d4baf4b379bc870b0df4827722ac59d19006cf9d1ad5,True
776,L31,5794684637601387092,08cd502fef69a8185ffccbac2bb8edfc57e8e2f96dfadb2a6bf92e7b0d5d58b3,True
776,L23,16505210266772641006,3e6b8549434d9c0f457818151f1b08e1eebb76d52242b8a018707afc813300ed,True
776,L32,13539182036649657782,0b497dd97be0ff72ae893ed7d1d5cec295b6b423260e44d92a657c2674537a35,True
777,L12,6390348412560392214,000deaabd148c662342c4ed8154c3cdc4fa7092648f2a6f503c6b79277300a42,True
777,L21,15932996361369987274,9452bc5c6872a9492d436de0869690e1d6c33873cc598010e773ffa305fbae3e,True
777,L13,13618673140383548390,65834b23e8698f49a376bd096eec93835e1da76ead4fe9486dca3dae038bec9b,True
777,L31,16267559041819679521,c0a340e638d7adc6380d23a659efa2575adaa7b126b951b27f78ef9c8983a1b0,True
777,L23,6060231946279296557,99d034bd37e12bf9da24955c7376f15fbb4c96ac8d8ce0583f0b85dc79613cc4,True
777,L32,7429413740756426655,6ab076dcf4dccb4082224aa294a2fc63149a4f42745760644952fb73d7a25f4b,True
778,L12,6378771207497183346,24a970cb1f826b8d02f582eb503b878f72df0752f8adcfa6721cbc724d86f93e,True
778,L21,10042625497666121912,2fc9d3f1cbbd65f323f2135cd30171c733a177256da32df1b224a3620ca1029f,True
778,L13,11309481381045435430,a96f18d11e7bbac0e4a3df8dfac09910d09e119e9fec1678d3c9c72836b55875,True
778,L31,5444077917131863013,70952d38b6abf53c66c93ad0bdde0c58d3a235ef0a1c569d0613a15179cf9f52,True
778,L23,17639712793407940766,922688d25813c86a5df20a688919d7c73efcf1cb81e9268292aa815f881a4f05,True
778,L32,18200901794303840602,fef16f3aa027154ffcc5795d18394890946eb42183bf69315fe80c749e28aa3d,True
779,L12,4077834718124323880,8294d9c282f28c3601e16d66a04e01a0b27dddfc76df52def2b61996f86d1527,True
779,L21,16598783347526866503,23086df719bbf1ee2696fd3e2db0d55d48d17f2c5c94c23cf171f2bc2cc2319b,True
779,L13,4637583866264667944,85f0e4a90ecb0a5cc04ee226d5f9b4976bd41aa378d14962d0a5f7024d2bc2cd,True
779,L31,11188793952132088178,99c19670778dbd23f374b78ed8c764bf019ac4ff91cf854e45cd269c49e7079d,True
779,L23,17564913919555282452,e4119de01bb7c72eb382f97841546ba425cc50b0e040bcf352560cba4c1c8a36,True
779,L32,2972455899738961942,84ed114f019fb4556e623b9a6bd590a2079d12d0a06da0e7079a0a64bd492491,True
780,L12,11793059540368281256,4b8a3948c8e3fcc1e2c61f23baf74b458d7970ce080531289da1b43a3133d385,True
780,L21,14477544831571163025,e6b17a0e4c2a9de203ac381c76ea3de7540ffd48e3c60a36c38009a2f6938068,True
780,L13,8057064037673058739,a8d1e5a7a60f9d63eec5eed7e5c8583fddd922d0f407707a4d92d2b914891d0b,True
780,L31,14013091145635496240,3450cb388485e58dde93e02786d9c6d1ef91fb8da36d211465afdde1944899d8,True
780,L23,6158199921423710967,8b5279755b6ea6017e1c42bea37400b31e738e095cf871e90b4fbc58260645dc,True
780,L32,16626470619466702153,4f78941bbffac37a69e17549cd9f20d77066cd17197beab61512b6e83bc76732,True
781,L12,17238150738311049254,ffd6d16e0fadb32e2fe51c8f1b4c914d5d06bca38f3b604719013729ff694bde,True
781,L21,11460987714672321118,19ce79a5d37456a84b56a2046ab95d4d1694b20de1d7c2af2fa5cabff60ad312,True
781,L13,17615613339472026125,e19535dfb91d6e95d614e2a2e9fd9b05f2da346f2041396ccbb4a8c2cea2a104,True
781,L31,6555286459430459612,164feff680b8505be7fcf725bb796238dba4db01ceed1e2d8922ef0a574176b0,True
781,L23,11716941205428156701,8d554954bc14fc472d651543d5c1c692f6e68748d566a92d4dd37a46e341d64f,True
781,L32,5417732256770113965,0efc94ef23b7995565b62175306aa372b1f9543fd8c4ec8560246e86e9f283c8,True
782,L12,7842268722866024763,9a4fad4c976a1f0f6533775687114e1cdde3b1ef3a485781f8004f6e65cc285f,True
782,L21,12167010013000562098,2b9cfa976720cb820b99f03c76a6316b5fdfe4738bcafbed31397277fa2e199f,True
782,L13,8075761032804638653,172b17498f02b9587031ae0004c615bcc8c6723ad5d48ea7b00086ec6a0cd227,True
782,L31,2293070123951343602,0f433277627c2b18abda5ebd42da90a161a1bfdf95501ca71350f2fe535ec877,True
782,L23,6878503715218772330,eaee65d294fec450123ba7056b0dc682ea449ad2d2351a05cb6c63b3e4a584d1,True
782,L32,1969479316523818697,7962221dc70bdf82c38fd9836fca2d386f4ca6bf4a8697ecf3831b2518f9302e,True
783,L12,286141208188232613,5f2dbe8391d53b4eaf371b574ece4489c1cdab0bf4d4204888e5b92f868e11a6,True
783,L21,9892313399751755680,79d43f9d18fa752a4e381949f35a9693a72c45d1ea32cfe7e555a07ea9a9786e,True
783,L13,17668642474666610383,e9f561c60565191b0a3337d683c610b506fbe3b6d14f666c8ce3e228b9b1b8c0,True
783,L31,18244879969668606273,3e42594545bc4e683721f2f0da6d8d077b389ce5b168745678bf8f6bf4faa37b,True
783,L23,1603540714199706376,ef455c4312225b484371c1e2cf9f7c463c959014d049d43c3ee90d1cca34e505,True
783,L32,15485172145586843296,05380d69a5161c3c0a497a01d3226670794a3831d9c52bfa5764a329d923e7e7,True
784,L12,6855818163342191521,d5a51c46f22a8cb97fd4f1d0ede8b4ac3c75e07874306666db7af788aad72ec5,True
784,L21,8242331279797620153,2ccdeaa178b34fee5de5d77b1781f34a8e00376729b1ecd86fcfae885a8fa24d,True
784,L13,7502474574582866610,0a6ce0b95793bdcc2cd779d580f60bdbfa7b1a2d25a104aa5e4a8af9c482ea77,True
784,L31,13832293500588397652,e09ab86f7fd81fa15012ee39ef69b42e6f0b84691270c4fa0296495d9423554a,True
784,L23,1335030112796037998,4b396588b11f99bd2f97fd429041dae1b74d54a0137d49027f04908526ce96be,True
784,L32,1060590524062755089,b13aa929984e0d99a2d7b9c8407f825b977d87e845c5ce5f213d70c19635c29b,True
785,L12,12172020498090052369,4f879c2181babfc1b4eab0d8ab5b10eafcb94648f0ad3d55474d045ce8a62a48,True
785,L21,15534404612159207989,45317ca04a333c5905bb5f6111a4394442271f85555d8d324659dee461a39493,True
785,L13,5438783333761705561,9bda03d5a2b40956492bc9fec57c061b949c4b27366d2ab7f2e1e8a54198152a,True
785,L31,8769042215984313887,865464d47b51c03aef05f456121dc8ea8bde085e942f9c0efd18f26ac8a4290b,True
785,L23,10411621276990549171,e880e81628e74075fb5ac08f85d5fab605e37cd76b6048795ddedba2c6b70953,True
785,L32,3598597811828862367,13f93775e1fc79fd936eb627d043aca9d4ff343811ca4cfebd7f40a97e3ad91b,True
786,L12,3575033304574235082,c140629ab9ea3eec937e49cccf709420e73d25fdb6a845c5b1bc02baca56d402,True
786,L21,12042827577643921454,91fc7c7dd64fe363cc50a3cb956508b5ffed3445538c4154d754f49f31bae67d,True
786,L13,11529575415626580923,49bb3220fda1f7e15cceb25f50800774d165002e4357ad176205397d6ae1f4ba,True
786,L31,7708701473874497665,3bb2ff11279dd217d4e4e4340a4c48531174fdcd5ad6033210c871397826e1db,True
786,L23,3722221515944947360,88a715ecf7b990d573d8ca2ee481314a4a798a52f5651bbaaf18644bc27c41f9,True
786,L32,509218334867141487,fcaa71e6a9c7ab0913277d1bf7bec3cbc522b24964af4ae3eecea451fac3179e,True
787,L12,8267838866551851057,09bff2e1c0cd46f9b3d2f50829a0a70ca630d0adf1aababa1f02d558d05e946d,True
787,L21,6017422953797897496,1c2b06bc206c66072570ee323c945729ba3c1519bcc1df43db6c004f2294c050,True
787,L13,1983508314156005122,e4d294f4e86d641c09909e3239fd1db712bed5c42c766b9337f03ceba71e392b,True
787,L31,8680693196116603519,de191d380e5974ed299cb2294e25545a3bbda080b199234ae4c2b169881755e7,True
787,L23,421404429081881130,55fb8af666f755dcf9c226f340b0fde7e7a960871b014be9a8d26cf6eb52ff21,True
787,L32,7710184474295655551,fcece9605c30203111f197f0bcb902c7a41436ea8e6687d77161e9afa781f3f1,True
788,L12,5297538249425951204,e0dfe66861de21035568279b061b2a4eb21984b5997a5779c0786034a70df709,True
788,L21,365751900595123022,6373541b4b9198c7507b4a69f23aed65a2c1849f4ba3a2956622c8378121d2df,True
788,L13,2652939840918389729,c839ac8b6f9fc313a39ad81b99393acbe36e145397f0f5c50d17275ad3db6664,True
788,L31,8031863856840791663,79f5180e7c7969d27497f2f8efe1d66ce08c30f966291ae16b745a94e8cc79b7,True
788,L23,11885770537676441130,dd45ee35470328d83cd1d6349ff53deefa54a4d98fddad285a4e7b57bb8171a6,True
788,L32,8090094590978047217,0962a40b58d0f25255f209fb36f7b5a61a19417abd86c271eee6d20ac0cead66,True
789,L12,2558488264616281526,78049df25bb1d1e64379562c4fd080d03d5a3974e1d8af2ce839cf536e051011,True
789,L21,1974159441428261339,53952e98a4db2adcfa0c453adb7ce3e32f4493d508c85041d237f95ddee96557,True
789,L13,11952362498119559078,86ac42df7e03ecd41afa30dc501477bd414ebb975a02c76b4258cdfe4293bf48,True
789,L31,3832043178459639022,701b2059f0283bcf1dde10331e43e2dd9592a83ed7a9fbf0328d8e970f99624a,True
789,L23,2186794192928349005,43a0c935219df9b2ce84e2f54bde342b85f9d3eadba7b1bd8e1085e19861300c,True
789,L32,5507470315821083114,848ce058ae975200c6e53db53caf1f6ba63124771bdd511b2f2ba0e4cbbbbfa3,True
790,L12,13892560563778281183,1d0780c8dcb9fb0bd030755dc34b8b2b22cc07852808a2c35bccfb1e3e8af38e,True
790,L21,4142128338490466347,477cb08e6690a5d42e0094a39b9b4cc202e863dd7be88dddc85ab022c5d58a49,True
790,L13,2452000164244289793,fb27d7956fe988a7dc117429675f9f6adb5a98396ebed3ba4547eb9382f11f38,True
790,L31,16016597992229961619,9f2f2a4eaf4e3ef82d685ddc8d69a8dae783f03cb7acec933e0c33cee7867808,True
790,L23,4607581709793670090,efc8c1b4e4086e87db85867f8b00f335b97daf81cf9d4318e3d6bad9a9b1c8b6,True
790,L32,3412758261744118775,6d95df5eb91777e2f816a8c54d47ce97942c3cd716b40552f218122e105c820d,True
791,L12,7261638909263755419,7d0cf417713c347b80e631659d7a79be6872c66b77ff2c5d58e869615e140e37,True
791,L21,12490406450503792448,624ee54ca874910d80b1153f5bf1ef2f0b1771acf5107de575db3f83ca3abecb,True
791,L13,465201019548262904,e231cf04a9d59fab096c90b0e9eb1f17850228f748dd6689c9423765267a676a,True
791,L31,12789279247315326980,6dd4045db955f70038871c0e5ca17782a7821263a09b094924ee4ba9a28ba036,True
791,L23,16048860158987292146,a4cfa0b43d263a6308b74380e932ba296d54d7beaa9f1c8428aec13da90af746,True
791,L32,12959183849179119647,12ee4369bb2e811baf95ff66235095ca394c73b88734d0ccb192ee514f4e5ae5,True
792,L12,8079544948327776559,89571d1a93ccad6e80518e7be8966c13829189421064b89cdbdf5cb6449b4126,True
792,L21,11741341389981437138,f28681ede0ec9e780cc1d000b271fef414a39953de59be4e7bb7352191fe120a,True
792,L13,9011115618285634861,ec62663096c27521627b86ef4c10ebba33233a71d53faa2b69ebeb8968af2d5f,True
792,L31,2934586684701382200,06d308608dfcd2554fb6129e1eda4d76fd8b1783a14bdf28c935d3bdc3736997,True
792,L23,18441057527575596741,48a8036528ba9855ee6d40a02d774c59b777545a3138a6c4c56ecd82b6c0b3a3,True
792,L32,10773489374611814767,7d4ba7c1554025a815f6f3937061c71059a7c5986cc6a18f56ef80e41e6b7a07,True
793,L12,9601823062224756776,a592bf1fbeadaa8362983e4047020798374bfa4bd06f2a3edc14003c0902f44e,True
793,L21,14376615503454690188,9fedd502452d737fc5d36fd5d903ab33ff3a8cc2d94fedf86ad25018175a12e2,True
793,L13,12265249535357562518,9c5e1322714e433ea91d8539afbb5893a446b59664aa2a0b53386e7dbd5a0e9e,True
793,L31,2561513976294710535,39bbf75ff434963ac0e00906151582c3ca7b56e867c5499aaeb4c9975464fe14,True
793,L23,7380722645139000067,583af7daf339c4e5b7ed228e1ed37dc7611ee7bc8d3b5ea8811936bad2f9be9d,True
793,L32,1949690845807609175,aa604af20ed9640c2c566bd84cb116099ad1378cced95e685f6bfea9789ace37,True
794,L12,12104170167792320131,a82b2937f65bde1481d6dd8ee37c86135f388f0f6ed23e9a69d0d714251f6628,True
794,L21,4979825679025915432,f4c93328b2b45f3226ddef33a7102010059ea84ba7cd28b8c0572a3a9264a9bc,True
794,L13,3460243383304489172,fb6ebdbb90cb6e1767c9a5bd3942bcbe5d98cacfc21a2f20e5500590dbe48ce2,True
794,L31,10687565184859665302,d27bd313be102644f00f54b20a00963160a8b229b15de01c1337d0a213529542,True
794,L23,5698090629327043742,64fe826e9f9049acc2cc342fc073968c0079b534ec06b0b44defd4316e4fff73,True
794,L32,12069927716766953633,36447827ba18bc92053860776f95ec94b2c1c6778a4a41047653cbdccaa1157e,True
795,L12,4354904623119598640,563e0fb69c76d079a90d19676dbddbe8a6bbeee7683429f03a370b2db9a8f5ea,True
795,L21,15464008036314092258,7605f9643a77c3370fa2829b67f5c4e5054b6bfeb781d0493bd6e604844c15e5,True
795,L13,125775598895400114,190a79d712e758307c0bc4d75e22e72d3db61ac0cefe86382125ecd0b5d3b007,True
795,L31,12071451626510034552,8da5d4a8d92afefb9f2e9b7e97653eb4d738550d6c556a68820a5486134ff992,True
795,L23,13352599121568491429,2987c9fc45b55feb8939b725276c13ad0c4331fa64e6f8521444edc952327be8,True
795,L32,9616085183605252561,b2c43494cf440041ae01cc0e3c8b336f13c73df18a30f1ccf37f9894c7c680f1,True
796,L12,15729351332496765803,824d33a8e2d7381b8b8c8754ae113376574643b8b2be1c9a7f46dfa00999b522,True
796,L21,5859323593993309632,a403e951ba5316dbe19b98482ba5729ea9f5b91f021633aff767fc48ebdd4795,True
796,L13,3519040623723800336,938fc144b217232c663556b642a8051388ebc95e40fad6bd3bf3419128867278,True
796,L31,16130619291294214776,b9047d76fe8b76693b6417f4aa553f3583d47267fffa5b5d37fbc79e75322eb4,True
796,L23,8624613396762911658,c17d6812b2eff202a847eab0ff56cdf748d968bd16950383a88e3c51443e3bc5,True
796,L32,16809620663897652692,665f19677cecb21d41fb24f0eb6ff710b533a2058a49dc5fe39094d85e297d68,True
797,L12,135884120271424495,9d9badf96e0ffc4bbaca739c48a8e749335ad95a5139a741c04897e16eb8c390,True
797,L21,11905282237034871512,586ee4872fb4f0f637043098fd4a6d73319e298f74d25694b97494cc2cfd529b,True
797,L13,382832076195574264,7f77159d05f2327786acf308399f078394c8b8c280fa5bb4e40a3b324000f103,True
797,L31,767213190634694182,780c05a0166ea2e4825b140c1de221da2192b47f4f5b649740ebe8eee27453a6,True
797,L23,11227837072414363362,4a6e123b1967759175040471aa78333c79fce65873d8679510703c8f8f2eae69,True
797,L32,7306489977030405844,0a1884a9589a4e3f96f42e775b930050763de2013e7e24e3300cff5505d83dcc,True
798,L12,18257720098787049489,9244b3d972fa8aa740fc6ec37b572985baa9e754a51f3ecf718b0321e652e010,True
798,L21,953312853645168379,7a54d40a88a7911aa82689f8009812a6f17f7e873cf756b7d94f8cd4d7fca513,True
798,L13,15708409788227346722,7fc40454e56b1f550e7be956850725624a18fb5335943d4a354c116de6f4e6a6,True
798,L31,9799819308198383965,ce57e7cc44f0acebf86102605dfa8411429fa18ae612b2b7bfd4f024d01f3783,True
798,L23,1766196784315682171,7eb1cc7a5d59772f4434dc8d39d04de641e785ccffe133b25677552ac631a673,True
798,L32,11563433881232583368,ee94fbf85d620c023784060a5ce36e6fb488ce16f9b1e34156347f7b846c2a82,True
799,L12,4498759583916771156,4005d37cf5261d5323e185ffc969ba8101da0c0dafd426542da231bd9ccf22be,True
799,L21,834359444500586092,9dad98d1679406831fd4f3729ea12c72a72699420345c0f8f2216cebfb51b91f,True
799,L13,12623468799046355234,5e03c27a7a397efc435ba8682e46e7442e3bebd15403aa61ffd62a33f76a0d27,True
799,L31,16737199074864116771,ebe4804d45ba57a3b700e7fb83ecf9e84438cbf5fc65ec7f3d01e1d5b6d43c49,True
799,L23,7739856943550311442,aee023218673d6a65a760d0b45d1835fd5c28fd07975467e7060298a0c9b042b,True
799,L32,14900955211638628950,076682e9b667253dcc5930280a815eebef5a229dc9815b1d9cf30fc39cc0f545,True
800,L12,7876280160266341460,8e7bc6169e1ba4f455e1c4f445e78a437cc8f086c343c0671e26b8320706e9c6,True
800,L21,11689912214751870873,2df788d21fb850c8898620cbabbce18b7ed2ed02c338cd68855c6a303f3a6107,True
800,L13,15516839578587042782,55f1aef6c8861508d4ca7a04eddc2522509d3741d5cf776ec7eea3bf2435ea9c,True
800,L31,2187244877995705325,063bec2f8398f4ba11a4cfabf5c4d7992b053b5085a2516ddccd80fa6ff660e7,True
800,L23,6990693863828064222,6f169d77e17c43095b49c66eceea7fdc7b6211ffabffe95130d50ed56a125124,True
800,L32,17840946849253208972,b643fcf0476593a55b3721540db10980368488f471b91b3b525aa948ffdb1d83,True
801,L12,8900295241404292605,a6af4fad316fc1ef48922f25b801751ec4ceda3e658dd44467b3484d5c6def1d,True
801,L21,1884600582279378663,cf372c3eb68e7dd3fb8df82701c4490f37fd6174e6ce7f35d3132df03a4a426a,True
801,L13,13116454637955648226,b024a82e5f2210ef9c346948289d14951f1ae333d29831c3e052188ad3d4b5ec,True
801,L31,4330697997828619500,2cf5a05384bbc4d2c614ee914fb059f6a692835ac9dcc0f243765f14476b8b19,True
801,L23,14244864609502124388,a25b409826f7a3682319ea9481474d39ce0947550ca87ab3605c25406c099e4d,True
801,L32,3953225751856807645,f6191baa7d9b1c7539bad59dce9f4296e93d5af54d6dc056a438cd1df8680ca2,True
802,L12,16286275576360062955,fbe3385fd70a35ddd4dbc5322991ac105ddd007df27b5537252d056b14285410,True
802,L21,15822512377772761464,75bb517818b6e18f882d3862e3d979ea4f23f79167078a2ef2243d91b30fbb88,True
802,L13,6507309932935864299,795121de0e7b73fc90e9a0c2f649436feb53f5a1434dd243a97b8aa987ffbc84,True
802,L31,4797221832424244327,8e23e5ab5564ae7328920f7ac31958a21f2ef66ea457ad50d1fbc188354c9aba,True
802,L23,17345690493662917285,aeb935e5b71e0ed5b36fdf39c96337126e683b1a98f6dd4a1c78f689c0ebd71f,True
802,L32,15891085162022563536,7f4a52a902dc5f6b7ac146429fbc0ca13279ff51d9701ca54f45fdd8cea0cd54,True
803,L12,5071828451623412953,ef5d09685f62464addd00eaf695aa76b34f909c737c528963f47e198012bf6d2,True
803,L21,12270091215749599166,fbb49b523d7e661518e4ba990dbd197462a4d0f0aab08ac297334a2589e9874b,True
803,L13,8624838069026743440,28dcc142fd6409770a49ae5512f2cf34a15bd4af76b2344c76b75a00d8a849e7,True
803,L31,16632212506114515041,deec16e109facce77c688021f931269fafaa8ed10cd2810c9a70682eeac15bfe,True
803,L23,15884710738327855640,fa11c48ab4d7e35e255a734f5fdf4df93f05e13450fa8fc986292775e950134b,True
803,L32,15149408935027856094,a1e28f6e41ed83047755e6de7aeaebabe1ca4f94e9d363ba401ef7b559edc86a,True
804,L12,4759913068490162800,ec4b18c8c8ac917d6674691750482738bb6654242ef41c382d6bc81c09e9e4eb,True
804,L21,12911144558441050948,2ac5f7ac7ec92e041d123424a6b2d3c085852e98224270f9f1c4ba05cccac8ab,True
804,L13,6701929896931279169,fdac204cd8d6fe53ca49982ec077177ddbbcb4748aa4a9f19b1e9ad7c8c82728,True
804,L31,10786824990645741407,804ed5060ce397d1ace2dbf0f9c9ff70c807164135effbcea590aeae7765f294,True
804,L23,6709443964969067437,9c76269354ce0951b1293e25eeee43b0c8b93fbd5ff9ed682827e3596ccf01f3,True
804,L32,4377990347901604729,c5f0a61e05829ada55e4e78a60014fbf73a208e0457731d16de8b51d3ed2c2f5,True
805,L12,4294506651444758302,acbb7119e2d65d48a7f1c1afb4042c64df4f128d492dd43e20e9d4c7b2a7d2ab,True
805,L21,16856030559760725271,f4b2c4ca69bd42f367bffa2d1885e22e3a206abb82e24ed085e54a7d9f9aab24,True
805,L13,14703304648296868182,e1e8c85bdc81f9af777ee446c0295bdf2d34397080700b7f6d8c0005c8133096,True
805,L31,12064131142598103041,620296181436951f951e92fbb61019cbebb667dc0b801f4df8b19aaaf860eebd,True
805,L23,15931882620504730604,b01d75eeb1dd3ee7b0166da07859d834923b7e4a857fc55a9978b9ccda274e8f,True
805,L32,239503442816085457,7d86a66e3d807abaacdb6a54cfc7ae13b24ffda0527c87c8d9ce6a0c2e7547a1,True
806,L12,10511483064817252283,709a1ba6038f34f2e66e007e6bf4821216a968f7282c51f65f721dca4069909b,True
806,L21,9120282647967652937,31b812324d386b0368087c0c8cc2d92fbcad1c12f459de6d297a7e74b7a65f29,True
806,L13,14820990916476557907,fd2c9dc2d2b2abb713614957f6e8d252f49cc2f30d3609c9f6c832564f34789d,True
806,L31,10201850698303222905,bafcad4e1821caf855ed0bcf3ef363f3c2cf8ca1829b48aacd4a80ef9e958784,True
806,L23,10558078509001662993,a99b5ce13b751eb04c60cbd2758093e8080915e63e30d4fbabcede27f5f121f7,True
806,L32,16290497052125297873,5f2a556097351389c69a6bbdfdff743e839f892df08d67d6a04aba8308d03482,True
807,L12,2645485597494766519,5d0f9be9d6651b37d53e6f8040e83ec5fedc34ce8337e6056edd0b27b82fc2d4,True
807,L21,16707900034589959752,d5c2edc2c686b8f14a74b8fe6e0681aa73c55c57faf96ac51680b03fd516ae66,True
807,L13,6836214701508223352,b7f1c67dfdccba0c9d7bab83010830428cd94479f75ea44752307d71a570f54a,True
807,L31,9817825243036065231,3c0d62b7374fa44cae71e4c82cde576c4670b1e980947c7ee91eb5769c5af8c6,True
807,L23,8832643652016109516,8d7e0732dc4daa311e695de2bfaaed71b108c9e746752cf9e0146e1986dff999,True
807,L32,13415691355895116097,3a4b62c6d3479633bf366488a34c54fd732ea5b3a45ff85029fe25c020fed298,True
808,L12,6117881489838659047,1bcf535fce1fcedf3fbd2d28814f69caadd2c101ef4b48985b04501be8116f2e,True
808,L21,16855076776909519270,b64340c80fca771781b35d67ee06c2907174dce619660d7d71102cd8589c3a42,True
808,L13,12778782955758007514,069c9d073bce222f97be15ce47f4d38199307592e84d14c6a98bee2cb4bc1522,True
808,L31,16577891069726383197,4a39141c7adb346eca7d8675ebc5b9de5222b31193ac3381d676ca17218a4157,True
808,L23,3934642381486811819,c3ac99e570a078f49a2b575486e422edd10d3e89fbf17ec7683198755d0ddd62,True
808,L32,11384304741630158840,066085c0073d7a855f55a1e4afdb9fa9c3146d2d7d36074f1aa00672e5241de8,True
809,L12,2300808559646818030,ba3cc47284eec7b35d311fade204e2d24ecadaac6caa1df97aa199337b786105,True
809,L21,15679374633735582880,6561cb4139fb524eb3d05f6d5aadf0f91c3a2ad65c764bb4165e2e7cf4f8baa5,True
809,L13,10965776927164897036,44ecb5bab01fb504aed53729dbd648670f323b1b8eee884f390476ddb941df01,True
809,L31,3882302757062031772,26b74d8c41898a55d769f4e1795df3bd08851253a1f3c3775be65fc2350bf912,True
809,L23,16163140197174881954,66445324d62de334d0dc03d74f9f804acd106df3b3fe2bec484e339e3db417db,True
809,L32,4324219316219573303,a51f5c6f92798dfd34342402e6190558f9325ba682cc81cc6f735990b8c20f5e,True
810,L12,2259352571262442561,880015302029afb13f8bde035ceaf5b0e4cc18b4d4cbad8fa2de399740e27e6a,True
810,L21,7194696752277248376,71f4d6b12e1f9f45fcb2b6f5c8b411605ecd2f0aca78a3c528cfea72cbcda9cd,True
810,L13,13923385065238712073,6ca05bf1d51777668d179cc71e77a8fddde8a53eb442adf6496edc4475dcfc8d,True
810,L31,10835650376782206608,88f43e8c14c89c45c8e387fc388295fd297e836c0f0dbf5a9d1305217b57bfca,True
810,L23,901964906468215972,8e621a8023cf72500115f5ebeba66dbd1ca996a8c09db5d1ae0645b6d7f325c7,True
810,L32,3453835055135148376,3c48c495871590b8ccf6a8854ef1c88be0d26c435b7acce1979bd78bfda53b11,True
811,L12,7028748198671551670,ed4ccebca596e8b0f21b5d1e4b468f881a505a8f44ca3292dcafaedfbd8f8367,True
811,L21,12455986371948886231,df205f786470987d2f4cc7a64eabfd13c69c2f2e32a36a13e5ba4a0ade26bbe6,True
811,L13,14983324946612058414,8364a30ad659c5172a96ae73ae3b18a2e3b51c8b96764f96e04140a1f4518029,True
811,L31,1235797624269945892,004f9450077db1ad81c8844255f84046a1380613a6ccba8e86384ea68d0e4790,True
811,L23,2380066173592966519,72be47a99c72bf425b78ad2e9fa4abe9608212e61c084635838e13a0444c8004,True
811,L32,16701279533669128501,e959104033b0990b23b331042df37c5ba9812477aa24cb5a466a95ba23a299b1,True
812,L12,7471432061391694689,c30e2595267f238d28341c66401483cf48fbddb368b10ed11a8ba7d88e484364,True
812,L21,5927269578721303278,f3b1ae5438fe81b3d00ba485ce697fcdf985f7915c17baedbd235df7bc08a869,True
812,L13,7447926489466187667,eb49602212887febdfa5390f1d7168742222d21a4653c5dee5e71bc59bd8fe2a,True
812,L31,8545102816976455481,01f92e4e8d534634baf46d3c409628d1bb82a6c4903058a6d572b1a871417b3e,True
812,L23,408752137097115778,a89cd22d7e0e26fcf3c61ef62e09b2201cfdd367da2a507790994d3931eebe5e,True
812,L32,9730168053313489441,e64d6b714d7e6bde97c82c5718e06a7f2db73c53d395b7056de1a1be787215e6,True
813,L12,9820871354000011887,669e78cf925c22dc0a4a00c6c0c23e97b5a0257390dcaa14c0277511ae4cc381,True
813,L21,16634432886100050631,917fb0f3d70ed1f7a47daab0f01f651edb9ad890a861380399e38ad98a4bfb22,True
813,L13,6735684024756722811,0fea813f2ba20798f2105f9560a54931a032721175d4482f7e3edf5411b06173,True
813,L31,10963511915054272133,c6bbd65247ba66c4d8be4b38c2d516946d2863a0df84ad37afccdda14530f692,True
813,L23,7369567515092010137,6f3288e40fb8b92d9f9bbd7c8e762dbea7c7dca859146ad9d83e5d2853e81a27,True
813,L32,11440663178512314527,f2a378153abcc34e458e387591fad7fc1b5d4ff7c9ec3da6d62d830e96a67f4b,True
814,L12,17850041238400088343,db1d5b6001265ba3d5d6ebb5886fa8e60bedbc55f09a9ac823d173514c150241,True
814,L21,1516101927387558184,f790251c789f1d857fa4e7ebc49d6624b98de04084e0378f17ce438d6c814188,True
814,L13,18317995106887873245,98551953e49061e5c9c8a28dfcd401ee1737bcf12093820c5b0717570d3f3b10,True
814,L31,2223871538371074044,eaed556fc1a1b7d31ad64a959c1d1457dda4f52ad0221ca1d91a53e3293abffe,True
814,L23,14554250736136899338,858d5f26b9b018552458772a3275dfba8d2199fd6b315eb6129d03c6d7120340,True
814,L32,13144742140999648042,aa3e3371c0516a91fcccde9bdb2a71d9b47a502718623228faabe4d69a92a837,True
815,L12,15820118155462627536,0ff047caff6d09a384addf3775fa2b7fe44fafa642c461ce03acab09e6e5ace8,True
815,L21,11601370014790415623,a1ba15b539b60f9a119db8cc044e79a20033c8ca4d8679bb037ea7e938b67201,True
815,L13,17539305316358716350,96f46fd7fe8bcf5d28ef1b2788883a02f5cb76f80f10839fadbae2287b8c89af,True
815,L31,6164909959210147223,60cb0b506478e4750f8a7578e33404f4203f8a28aa8d734a67b7a8b9fb06c26d,True
815,L23,13435792159455093852,73e661482cdb238dba27e5e9cfd2aa65dddf024999088d34b5967a724fe2db64,True
815,L32,8783969416891249857,4e5c3c34d0c38f08c86056b9196b0024e264873ae6a8d21566d24426481b8506,True
816,L12,5054739786283174380,8a6abcc446612f898f2955b1982f7a49f502af25eef30a394546aee7464e87b2,True
816,L21,8492820929869779963,476370a66a2377fd56c7e9a6c9ba7e68799e654cbb7a05b2386f01bfbf921723,True
816,L13,3380168825965713588,93d0f74e01816b11c60d3a6415926eb648f91fbe077d324bf315138dcabd50c1,True
816,L31,13962647129557882552,6303efba5829baa65247c27577d8232fb1e79347c496bc7e743be4b3b4d94189,True
816,L23,3614781404162294621,0ba44f964ab39a3596cf4c24526f29f8a3b50ce3e3c2581eead9b6de47f30e09,True
816,L32,8236326650749887141,6fb1e348a877e0e66eafdc0b21244e1967dda0b8397a588740657d4ef64fa933,True
817,L12,15725630621097864942,39658aa1027fd8a0e9d6fd7b91ff0f890223e362c0b2de6b2a46eb37c8c3ec46,True
817,L21,5004255728277272284,a20970f3b4baa0834e9381d95798181af5191d392257cc5b77113f86b9ed399f,True
817,L13,3297151328932448710,f1fee0dec57650cbbf98c8666bd0b6493fd695913b95e0ff03a793ace91ff243,True
817,L31,17743249842905270549,4e2a03c2d6bfbe72509d2658a3a5f9931b1ec194ddd1409cf3f41492bbbf5115,True
817,L23,14037202716725753058,50cbd57def84e1b414b5e9b5d1f669ed636196c9a04f0e587ec253fb22051298,True
817,L32,13807342619448700203,9a06d9dfbc68a3074d74cbe8404b655447680b963dcc4567e17d7584b745892b,True
818,L12,121458293424276790,acf4b3c927455e870360e811c0375819cf3363f862ca987916db8aec1fb00106,True
818,L21,5903347487181506738,95ce9aea11deb387502440e47e93f9e6f3a8178c7f49a398c655a3bf6d9f61b0,True
818,L13,5715146990410094866,77c31eca416aca3948c4bc12d4082fda9d8ddcb7ddd610d80d08b08df488aa8a,True
818,L31,512301754959907639,4dc3a8bf1b3c92bb3b7713b55aed2e40fd1af5297d5efaeaca050fc7703a2464,True
818,L23,13605462787971980874,e0e5a6b2a18b56f522d4864fa96be41078e23b8ace3499a514c85a9d01fa5e53,True
818,L32,5036947998228987998,1e25c4a9da1d5b3562f1683eedb4ec4e110a8d9c8b5bbd614e32c1e78ae9fd5e,True
819,L12,11573912073394374519,cd08ecc728e2ad51e91808aae098cf1bf7cefccdabeaaf96c38c44a56f8f41b6,True
819,L21,10020581544656266141,feeb2128e18989897e3eb13059fc49e00dfb41da98b3664523b71a45df374fb9,True
819,L13,13831997358142410628,e25d18bc909f33125d7e12bbf4e22111a6a933f7cb0dadf03a159b0d619fe161,True
819,L31,18153573903150464202,41ab80becf915afb65c2899bb9b163e3c1883a8875455de4f0cdbe69cda22805,True
819,L23,13929720521150208777,bcd8038809304f5e09e175ab12487b3ea4a0df1969edfced08c809cc69f3f092,True
819,L32,923455043376757669,dcf97647ff13494b9359037151c4d395095c3a717feb1ffd582b42686f39d123,True
820,L12,8401743316280387211,e4ea0297d0bf8dfab15f755a5e87f0a414314268743a3b7c175855af4309fb6f,True
820,L21,13602763294829764244,66139607bf523f36ca1ba26d617571aa3834234e73f5fb46598c99169e411a0c,True
820,L13,10190242330916511747,a394286691449331f402c1a20fac1e98d4b58b91d4959543fc16d2bd0607ccb2,True
820,L31,13405766384701384847,7bbd542f2b729e91972bc13c4dad79d3ef669ae56ff628e95d95a9188b33d798,True
820,L23,14153394097028882307,9f441664b77c561787c1af4b33a4145a4c37cdbb5207c099a0d745a6fbebfba9,True
820,L32,6235471783308929638,1a2f0fd9cad0ef5136d43e803bfeba1b0f68b24ee82270299413ecb39b20421e,True
821,L12,8456359720330513003,a15987ebf5011c4a28ddfa894adb4a8a988abc949d0ed0c8332e6ffde5d4edae,True
821,L21,7254895245688981580,70ab52b6b97a2c6ff223ea7c2cbe2689d467db8984678b096abf2f980fbbe1be,True
821,L13,15324483494464859104,5cca6c88f371a16c92f260257d507e84a13f1a2e97608e08ff6554ee23b84bec,True
821,L31,6243807054920794567,63967fa7cfc681f94771b4fcb67d80ab3a1f59a36c3a16668d885e30ec8bfe3a,True
821,L23,9178609928113399117,e5b112cf9c10fb755e37cf6b8088e73206cc45629d5293d03474be96af30c5a9,True
821,L32,3191363440680370304,fb1b4d7677c2f9f6c72fbd8b35182a887ddabf888eb332f41c5f3d63f2d84e40,True
822,L12,17154772668650920618,ec8593feef3507edb2e1bffcf964a7c5342fb18169d40275506bffd0cf2638bf,True
822,L21,6852976981499812164,b293fc917412756fe46b6b019cffffd937a943b6a1901e827a1c99e9a7fdd71d,True
822,L13,12373335629809567963,90adeead51a94e458c334dadbcb24da8f84fcce13127530d92d16cf8d346b8fa,True
822,L31,11732948317996866887,5205b39d218db765a4b1eb67d57ae9952f4b6dc6cf9b9495dab8f997554e86e8,True
822,L23,15453181157884685732,37aa8a8ffeb5a95cdc9d180ea3aa980efc21f5567ace9e6184dfb909dd5eb221,True
822,L32,7489953869909316438,17733f53ae0dbf0982effb9e9d0bed543a5f5fb650fbf5731f3b84d83e3c8b9e,True
823,L12,7143698999069054326,9cf8155a7f8427a9e0ddc051aa5ac7038e5aca77f19c0d8e03485018b5305b63,True
823,L21,6604830542842938522,fefcf0f75bd75588c8e36ac0afc50f5ce4e062f65005d0205812cdda12c15993,True
823,L13,6893902123191209809,730e9e459942a4d4ca574de64fece71846df95bb8cbf982a0aded65f30bb306c,True
823,L31,2997159457701370988,151c8cb91ccf8b47bb845639b41cbb4fda2b67e463caef9681866c0e2b6716f8,True
823,L23,12319262182748109817,811cce7cba16de18a636bda2226df457c9baaafc4e7d77308874bf9774b50349,True
823,L32,12574553058156759338,69491bba9c935a72b5079d63c59577e3b4cdb8ed0cc9d7b7285558699d446e41,True
824,L12,728340237484884460,a034c53effb7fe0c96ae75f62018a3acca928491ebdc34ec4a557076bb28dbbc,True
824,L21,7885948910597131800,d82a458022ce59ecd029aacfed117e0bd1b41a0d64153ac11ecb5ee2499574fa,True
824,L13,13994728420183839248,14d4c9804c022cc2ff27425e3e24938111a24e77156e7b208c6d3843b389e171,True
824,L31,7233526760183658321,73ea44bebdf9aa4025d617d649b6e2010b15f5184c5e618320d99cbf2de7b1f0,True
824,L23,2544793648695553811,f195f7d3e4da919589c8f12f3cf0a1e555220ca4324e88da0faeae13afc169c1,True
824,L32,3012856482478505990,eeb04cab46a108af4e7f9fb6b03539b00aae44453cb22377c8e847882ddb3003,True
825,L12,6724557860714328623,6582763a35b98ca90a1f6d0843b6eef74953538b8cbe6f3487811c1079fbf658,True
825,L21,12343015742769013405,412428f74c9dd6164abe3666659cdbefd63e7cf0bd9dc2894a2af857c6bd67ed,True
825,L13,9975901638246062272,f1d651009fba9fba674df7f74cead16f398d5c5a6d43ca59526471b3e37032ac,True
825,L31,1119203770848200312,15669185dcea74150da0e3fe3e2b5ba835272fcbb935ed651aab18a301085b73,True
825,L23,16511956824838633426,03dbcbeed06508752de485857588205930accb2ae02a10d8adf495b4c5e5c720,True
825,L32,15836658415349888233,1fc3671150014a22d23af0dde1e0b241499060b99ae96e0bf4d22121dd4a9682,True
826,L12,9334870872918423474,db3661976234fd6145ace2b190707e2a58f6247960dc0f94d393005ba6831810,True
826,L21,3211980539350914879,254d48ac13419a2895b1bdba894cedad2f7d2c4dd82ba4fc22c5563c116618d6,True
826,L13,13778284774681169387,29da080d1bd3ef6dfb3930e2790c120be9fc04eb454057911aca5d188a8264fb,True
826,L31,8498939065838438310,e7c5a0f19751c9dc3763b492996844a67edf3555b8e7b8730c1f5de08823e8c3,True
826,L23,4006929970667412177,1e0ff34b1fbdc4a3125d089960f8da0c659686003e5fc17a74b34d4ee8621451,True
826,L32,12361802987113658567,a64583507ff17b7fdadff4a36fabb9ef381ec0411b3dc7e39009fc61c6c117ee,True
827,L12,6543399259864053530,c9eb8e6622420d6cbf9af70d388f57ada5251f52ace8b5f866a055c1727c4558,True
827,L21,4674678227729280820,f7d25ec838693a10a805a2453309e2a0ea9f8fda25a0001a7e4c7a15a851f3b9,True
827,L13,1293285060887820373,d9f19580d6074b24f5fb345a4ed74c79d19c062a2aa332528989c222c25eb416,True
827,L31,3123952283214753401,7b3d5525c2aac16616a1689883cfabeda01b01cc3ac366fb14cc5ff72c661cad,True
827,L23,1230276745398452802,a60fcdd805c59075b1382d4c8ea7b14378072f21e471391fa9f09582f3198c1c,True
827,L32,13999277822177714199,9ca5e9a124182a53aded3ff51507aba134f98159871e08885830250aa18b86e0,True
828,L12,8415563808729244866,8fb63f1522fde24046bab5b877161a2962842d3c766a23ff378c734ad6faf035,True
828,L21,9691792069095492227,c6d94915b0576001f32aafe5622d4c8d331fcb59cf827919277c9272123556de,True
828,L13,10345165422339822038,bcaad2ecd8c1b2e1fd2aeaf2a352cef2b2469dd12a4e3e5fb2c830bf2157f8f7,True
828,L31,7424550631732561910,2926fb713d548ef220955fff03aceb13c65cfeee9b808d3a416aea075d7b4858,True
828,L23,11082138382322930348,ebe2aa8e4c7dfc5375bf3893cf3056047cb06a55ccbe7d31f5c7dc60f7f0b7f6,True
828,L32,952650130943978750,3e8c10283f0a6076512379fce4f1380b70cd613c988b01c63f615f96fad3099e,True
829,L12,10891014119077442175,3edeff71e03e94aa35225bd7b5376f25c25ea6d1d670bc4311e986871b8d1cd3,True
829,L21,7712836467148388598,00294ab9244253e0b46193c6dc9ff86aa05214726406b9705c54d5e2f55db99f,True
829,L13,666112061292089343,ab992b1d1d4388ca9dcb0137ea852cb8bfce3d9cdcc1902334e306e60dc0cafc,True
829,L31,12918440888689240428,0bcc42e4b1f89ad7646b57e1d61108dca19138ef67dd3671e1f5c1f5f057ca26,True
829,L23,7226437144802814385,44182dd46a36e5479aed9b9c1ae691a866a627b9ab2c09fd7265b91834777064,True
829,L32,4633258769916937527,87401e9ebacc6b76e7c2f33bbc22b3e7cb954e117b6fe3256e407009271dd9b1,True
830,L12,13864538585540568549,26322a9906415776b7fa951b6ae98c9387dad847d6c23c7f37a9d75ef775435c,True
830,L21,6516831607909038752,8d01e55efc5e9351a82965e2059f5d06cade32be1a79a910077a45342e827ccf,True
830,L13,3361412788808559807,519663a98931db0111ea8a52ea40015af5a8723b78292ef822f7793a4b3345b0,True
830,L31,12203439997269156113,620099d0290927d1a387bdec1b02e561a270933a9d517814f018690beab5fefb,True
830,L23,7124857862179562922,e8ce576fee3bdf907a5c8af300a465dbcafc34a2653ad3a109326a0a4a804e8a,True
830,L32,7473403997661151560,bfeb3363f2882d85f26dcd2fbf4af2bcbfe55b905946789851f8a208f8c071c3,True
831,L12,17623874961670333252,19f36dc31031fe81d281fc0e57fbcb3e5cf4a4204c4f17ca18b8ed523c760d45,True
831,L21,2994752226694667249,181a6c5b315c3d7f00aa39ae3664794e72610079b45b77faf483c9139708cb66,True
831,L13,6961149482461041615,8f16414845f718320162ab296ec9d97cbc27ce6f2cdb008d36b060590227ef54,True
831,L31,308787434919762707,1103c69f35361fe94430125f475b23ff6626ce8868dd9e193ce8f2e4279308ae,True
831,L23,3274742903016581193,91c061b8b67df8c68f0af710072b04d2334a318cfc319eba7cd5084315919730,True
831,L32,14836585853293343248,7cfb11e805a62de6855fdcc2cffce141f44b979e198ecd486f2326f21d16a8a6,True
832,L12,7031712834036663736,41ef6d47298dd8cc6dd9ee11dcffa451dea49c75e2588ffe4e2ffe51954aac03,True
832,L21,16354888450588182359,24411355dc4e4c140bc5149631b683bfd9f127e93f10474a13a69385a0005bbb,True
832,L13,3619903221039046463,455d6918a77990e601a5ea22762f367caa444a94200570fc5d3ac04be9dc3eb8,True
832,L31,12386206684539016454,681bed1d8a8175ab7b4b9df295a7c8d41a89202e228e05b5a6c86f22949d9fd1,True
832,L23,2151822996417755512,8a21365f83fcd317e5629f44ace3bc31fa66258e76e9ea0b377b9a0fce55f00d,True
832,L32,6495566120863708077,18962289ccf32f5127d5e64e83b6864dd08d5820edf71cdb336359d9fa0c3abc,True
833,L12,18362327653502384711,d82daa06b4c5729f9f230ced579683814542d30865e9188bc441d7cdef4c0878,True
833,L21,15044418207670244558,95d309ae7ebfdbb33a00febaab1250e57a29e2085ee3bd90e3dc3c2db6f643b4,True
833,L13,11545114522463160456,d1ab11b162f2decd940b5a3c257db4dc371a19eba61388dad9cd340081a59239,True
833,L31,7836701857755660782,3ca069f72b431ba012a50fc5291e15c70c0e5186b8b2db33237f798cd1c98a25,True
833,L23,16029829113516258614,837ffdd6e9d235007d74cae216c7c601ce0982f174a497473b0c0d276a7c8d7f,True
833,L32,5499217480122494136,7ea91f2dec1229e802db2325d3e3de528482c3bc8f2906b74c575a6f6bc796d5,True
834,L12,3707154029831337068,86bfa6cd69563ef299c7e38209f1408e874130900a9237c68bb368843311a4f8,True
834,L21,5837587385389633735,233b238310dbd8911efb61e120d7372315026bf17fc5b51902dc046081b3c95b,True
834,L13,9455532185091839395,e4ac8a498aa975a15625acd8952edab39b12064e25934b9bbfde3e5df57f6d21,True
834,L31,17323076309666448438,52eb44e53f0f1fbef8b555b2c76c33a8c347b3fbfbed299ab244e95381d3c58e,True
834,L23,17162012170189628428,fb32d125fe399dec0b69240a83a74cb77b30fa28e73bb3c8f21dd1191646a332,True
834,L32,12593764864385886724,570d85ad5ad0bc6eed3e7080392c5024930ffff9ae6bd8587f0457a8dbece584,True
835,L12,5378715086902141735,434bae735783764cb35e448f8b06693a9c51de3215978cb46423c134d60703a3,True
835,L21,4008432667324251428,8413919ec9faea542f3c5a51bf540711ff8308427d793da7093505b1080a9a55,True
835,L13,1368508759754358901,7a0660cf86920ef90737ab212a41795f5d727ae6dc660ead2811996cb818c77e,True
835,L31,9136980897505487540,e53800e712b3d2893eb3e26ea7d88257dce3803480b01028dbda75af1b68df05,True
835,L23,13908605093936273470,f4580e12e4fe682cd99d888053db22d61018d16b549af7eecbb25f8a2a5afc07,True
835,L32,10355415543842890153,471dcfe3995e2eba2bb2acccea4942c28804e23ec15caa0fe64b9b91d009f712,True
836,L12,496212268350966305,bf728335a5619a4e1585a5a18af8edeb185f9f3fc75cdcb5d2ffc653e773fe8e,True
836,L21,14643642067225680762,1129a4deaf1d5068cbc6dfc0d2095df0b6bfd746d9af5b7164e35de69706347d,True
836,L13,4594609813225306457,00231530ac35fdb188f8619f8c8cea77bcab6988646bd4bef49741362d8594db,True
836,L31,7700533181411243738,e233dfc4ba994cbd928c4a4df5b70a5a57e7ef5eb6a1aac8b508ae90e714efe4,True
836,L23,14172082854011891909,5997457304ea5fee58f9ddc71bd41082d0a2c40b7dfeae0b172dfd9d17e2d1e8,True
836,L32,15912359620464561516,ed5222e2c7ac8118b5e044616a73bb582a73ae82d9c5e44cf0be33bf25580ee1,True
837,L12,11485526105134500452,979f9dc44363c17bd03b409bdaa20e1ae63187a8c034ad664816ac409e6ba426,True
837,L21,12434899017359532244,699c3a772c1807fcde2407f8c38d1711eb410be6ed015fb693fd0975ca0d221d,True
837,L13,3698322779675567156,431d1c911245340e05be9fdf3a812d672a13abf75dd0bba0cc9983abc727cd8f,True
837,L31,5790439006197875680,42706f1444d0ce385c669cd64aeafb4fd7178660e285c9486f69184311f610c4,True
837,L23,10642879380295104825,74767a327c39602e538d9b8442d888a9c327a9635d52ec22f729519a0e7c1171,True
837,L32,9700856632678918899,c4002837c9a650852bf3cf7cb43589a28f28672edd6d5a58c07113623a2d9a9f,True
838,L12,6762394433197353131,0be9578cf391d78083f29c89f898849be3cc932451effedabd31f4f66f7fd1f0,True
838,L21,13442466142051186747,d59758d927e3b2df4ca3fe85634780530b78427104e752821a8c1721d6ff82b1,True
838,L13,7215952238133161368,6404baf846dc7a7e1d587a16baf93576eab2b29d3aa748fbfca0b0f6ba9e1705,True
838,L31,1115962267637516202,d4eb2a017710fa50862210c7a449800e6ffd051e46c3cbe32d1a5cdb0d556576,True
838,L23,14172176163028834486,aa2804cec02214f91f3329eaccc7a4d22cd04b63bfcee502890c8332d100cbcc,True
838,L32,17937229163199272978,15967ddd507a893e6090d29fea07cc9fb3ff952779ff389645d60e624bbdd7d3,True
839,L12,9238455722477625028,a3c0bd7a5c1a1bd98365057ebda7fdc547c92277ff8cd40f29e5ed3d32ed582a,True
839,L21,6369956306484712756,d541564e6954cd43d6afb13fb9e28c4185d7581aa2ec271c2fd650dbd94b6978,True
839,L13,13854013812319201673,b4ddaedb91bff76aed9131fdf50f46cfa8fcc0ad368675de0b8f46d1d395eacf,True
839,L31,10792025005066497086,38a0cb1a8922359434db9779adf2703b1ba6e2310544141dd472692358ad04d2,True
839,L23,15609266291400032749,2cac61436f8737a16b73faae0d3f55d8a177c7634139f7b798c275a4c4044732,True
839,L32,9659461533151571880,a1956d269fe892f86fbb3e90c2c2c544159536a1a4c87e7280b0f60de267528f,True
840,L12,17246531322626456623,2bb353aec28111fe32b6da683725792b3f4625fcfbcf20eb95f097706b88f448,True
840,L21,11753111700887132387,3791c4c8944e5c59ecd497b80daddf47ceb9acc76e0f16cc27c3cb185ea4b57d,True
840,L13,4459452214805870498,c5595ebf466d43e73540f68fe48bfb9cb32fc2be84f09fd4e5d43131b681dbca,True
840,L31,11309744528086693878,d416a0bd8ec9c633c8727026453cc4e9b1d8c5377eae9c1aec6213e25e80b1d6,True
840,L23,15404044221115430660,a493583686d74517c6d5158bca77fbe82bcd3c7ea2c91c4c89aa4b98e3bf8c7a,True
840,L32,6786444168479692708,0808336dbd549212096de5891c5ddcde03d42607eb4baad5c50399cc174d93d5,True
841,L12,2417065361179035453,699ff7d82842b0a4398fef2bcc86c589b5f12911cf9288cb325e87e0f19d3231,True
841,L21,3775537134172521931,278692fbffee82b7b315c906d3bce1e7c8b7ba486c3017df74f0e1c70fa43795,True
841,L13,15244880047054094209,d20203bf494cda84cd349b9754823b36478b78014f387d38c1a2de9a65a7e0e6,True
841,L31,8247412375065742338,85ebc00ceef0172b70c71adb591b47fa3901692cb628484908ebbba0d5fd298b,True
841,L23,2965206552175390887,69ff99138ac801951bd874873670fea72a9c1be5dfb7d23b6d212f27b67d3dd5,True
841,L32,15165540324944428453,1c7beefd2653137201325d0de82130d1798881d6d12e51b4f401d4d801535c23,True
842,L12,11703863895134652251,2e5063b628143a481cd3579983fccee94af2b518ecd6f0ce10336f2e3b15413a,True
842,L21,17128449642349586744,037c134758269878dc5a68b17e2c7679170253767f9a1467c7bc1426661682fb,True
842,L13,10454642599985761630,8184c754b54eb48ba1ea4a2d9926374a4acdb6665d7a18e2193d05345c6f3261,True
842,L31,4106964818828291729,200cac194ecd327657d0232276752852e68e1600ce3af66b0c1e884d77a2e0f0,True
842,L23,15348673552945629112,50312168671e04ec96d3fdc337301b8b9ac80f4bd212de5c2bf012ca2e45b4d7,True
842,L32,10136167433272081715,55298e31685d9676bc6b64ea154cee5a56f37141dab736778bc39bef3944f6be,True
843,L12,7929282095428663602,7c3866e32626d793bd1ec7c7e4b837e9a2299c596398309ad5dc9457e046aae3,True
843,L21,178583356239682282,9f4f6fa4ee57a20bd0cdb5a02b5488cd2d0adb42bff2637bff3b9ee821ca943f,True
843,L13,14764067418056249806,9e4b6a35962f92072878a9d333f8174e4f1cf3f53ebf64a337c23158b8480be9,True
843,L31,6847376609369657037,47f1f37cce647ecdd6d0e9c285abd34028de7f927ea9d7ce0287304eec85127d,True
843,L23,12111744845339484059,8e7d5026ef44bcafa894f75534c77157a1002111e09563439079ff740f116bea,True
843,L32,18307980696555561907,e582749b3897cd68bfe6ab03198c1c261895b44745bc328336607940778c8d27,True
844,L12,7532599787896108550,c7d680d383e480745251ad27a58e1ebbb7ef7c432d4a1d9403fb1c26b6981843,True
844,L21,516962236391944125,6ae61dde87771520c89fd3d9d6f352e7a5cf726343aed865d316efeaa080127e,True
844,L13,9550241233563180803,dc1e93fe7d28e70e3dd600dfdfd712e1a04ab89e8213387ef20f4dd8c30bc3c3,True
844,L31,10416717080039903374,e58af0e90f4493788bfbba4ed13825b1d3f16b12ad5e899a6e09e9ae32a4fc6e,True
844,L23,2500584124063052893,3e1fb30f98ab0d5de95784a3aa2e22a3804453a4ed243f94da854a7b39221b4f,True
844,L32,5302384026286630133,22fc44c97a51e86b927d1a9f415c823b76d47b62fa3e1feac995be7e511bf5d0,True
845,L12,16245455546359704126,7ad484fc80fab889e0f49149a12b4ef63f1e4192c125f7235c42636b6cde4d7c,True
845,L21,5184282716378726552,bf529412a91e8c725a7b0d30300ca116ead497df68b4d7fcd412bb27a1ae4393,True
845,L13,12186987482431933076,a379ab10c1e32fdd8c8eefc3b5e52d909397d2bf2c8d14e47a04a1dfbc0b6c4e,True
845,L31,11527916335849462933,e274f2cb61d446d7e11326e32d059285078b4bd536e4ecd7e2305cb247ea7e7e,True
845,L23,11841129581175705180,852aafd235edd37658709b0d295dbfc5684c27bacf674fdc824909a3d81df5e5,True
845,L32,511430833179531961,f0aff53a7374d1cb2a2570bc3f30ecc7c9fb8e1ab9053898e6fd78e525b50c64,True
846,L12,7671576520826455008,002752c452907858c4d872070bfd89e7d6f3c5c6b631b6167c765897c18119ab,True
846,L21,1772686659910121188,9bf1cab9fd9a0ce72dad4c6d68320e2df4167bc889b184e550d4201ad996f139,True
846,L13,24090153161143166,b0a3fc30a0a6a8a571a2b49963961794ce098d8c02ba31bd999a39936b11c887,True
846,L31,11827603067127240617,9c6244d4863f991898d08640ecdf5c6b51ec8e851eda3d2ff7a348b62d39d754,True
846,L23,11001854818900299816,23d260a23ed625cfa0b0e0db96c4c4de3d51ef59bde77f23ae0c09c8aca8f882,True
846,L32,14432619726421808599,8d10fc388151b255737cdad9b364c6e3c5a6f0c627fc9907424577496b319d66,True
847,L12,3502008962795473724,9e7212818e47528db9863ca07c37e51ea5d4c7218733c7aac7ba2e7e74c56403,True
847,L21,7509563278960653287,ca0f963ae0ecd6d5a8c9d88a1ba49b2dc9441f72d554d37cbdfa242308b34e93,True
847,L13,4237303551476881447,f837ba2cc6f2312207be16f8ea1a30e02dad1daccf3930e3804561fafe19594b,True
847,L31,12777511193445448650,de9ce5bd197a3837b83a0156def3113d3fa775567e0cf18bb64cb7879f739507,True
847,L23,7834677112047249601,be18ae1e3b0096fa51c8358384313db0e4a391b8cf6568ceda64e2a2a66439c1,True
847,L32,2261249398213087915,6b0aa93111498b47e0dcae25dbd76fda3f0a5624ba0c78d233f2b4c1cd93d107,True
848,L12,588783048877606746,1238d50002c64f5f67350ac01b62858f2d471c3e506039684a30f9f5f18415af,True
848,L21,11161136952301249141,4e06e6548dabcfc01f04ca130598b4793d0439e9428c23d7cdc75d1ff5166673,True
848,L13,10995205746441105696,60796ff0c2c41150bd867f7ffb30d0bcafe3a06f0b7ff4c74429da3567bfdbc3,True
848,L31,13840299170879818883,56e353ffebc9046ce1948e5a8805d6ee86c8f3b3dc0be7293303a9b6aa9f2778,True
848,L23,2573348499776480500,53d8d2d6ec294bb1c10c3be392c867c92fb07f8334fb3eee524d424b2ceb34a4,True
848,L32,8451742611234096038,d8c8fbfb37a2ad89e8411450f5d7dfae293b24271eb3b1aa5b30f2b6605dd0ce,True
849,L12,18328738200562173722,9ddb67aaf154e5e4bda01eeb7892f900ec76c43cdf3728cf6a76e66216c74bd6,True
849,L21,11873483141547569329,c8e8dc4a478063e11c2035f0de38c5cdd467b7867c0c2116deb352a9e45cc8c1,True
849,L13,15706586754629298668,2c92d70eaa18db925fff7a542015c6a4b518a98c1db4c4a55f48d831601d907f,True
849,L31,359009820299648020,b7ed999ff8b03fb735377c7e286e52d38c650390e8c9b1a72cafa53491c8b95f,True
849,L23,5777574087368845730,969ff7bf4b37e0a78c7d5abbd0dc715d4af9c03e93e38799d41b22482970b126,True
849,L32,8983687037243307899,89d8e1769e2b2227fdd679205f71f80b419bfa89d79640c4c97e2f21b21d45cc,True
850,L12,1761791229748207977,a5145c724b2f6cbe01c10c145c83c5e0f481b4b0264d28cf62dd32a77324345b,True
850,L21,17077866070489706935,7dc12edab76253d5e20d2fbfffb2d74b61d4fc2848e1a04ff3914b2288342b00,True
850,L13,3919485286909642712,4d1f92b242e8df0a7b811e42d258a747c7ab104e860f09e2244e8bbc825539d4,True
850,L31,5742315768944693420,009abb1f4f1fa5d694432ca5ecdbb4f7652fd54855e4425ddc654bdf6bc1c0e0,True
850,L23,2313864090986288009,14735b3d7336d7669cf79eed13521563ef47eb83999934a75d1f8e854f5ab001,True
850,L32,12783493277714285503,8b7319639987236fafef54242abcfa39f45a68e6bc7a1eb5f180740881eaa5d1,True
851,L12,7155742761458438116,60b0ffd7b019144537281c5262e6f6577b537a22c9992e4ff8bff39a6b00ea98,True
851,L21,9773838352010344568,d82f55deb6bf06f2759625c6a11d40e725005d27048162448a46a91500069b6b,True
851,L13,17838287691410685526,b33509b7e5e8f3ef0d3091bb511c610d14d51cb3cae73309308635100069ffcc,True
851,L31,7673791041768599496,be74d3255ca22a849f28324969f4d6aca8c5a532dad2c4dda3f360d4dd8425f3,True
851,L23,1136740874034517748,49b7faddc1d2ae02f4b7024dbd57b6e4b39861adc0d181ef1595d0745ca3d72c,True
851,L32,1171721112167277391,216483c3b360ccc02024e3e0240f632a7a17becec0585725ac938ccf953885a7,True
852,L12,16704889336765523014,2783cf7f96cf483daaba93414d47be302393abeedef2a16dfe1ea600e27d32a5,True
852,L21,9998201088631418986,68ea819a7377203608ce416fcad6ac9b0cda603b0caa354114ad1712a38b770c,True
852,L13,6073180040919773290,3366279fe41dfbdcef78d53b6bd28a9d35fc704d49b27efc49e6f4f5deaa9d1c,True
852,L31,15670464622243016462,d8c9f34fc697ee7cda3a35e1eb28d165a16b35a8dd9f1b472a608dbfc8246865,True
852,L23,8278994369938416406,1ef344f5ecba67e2bc875bb3a1418c3473e224c99a5df6bf3270f21e82a9e2d8,True
852,L32,14946308607957063053,8364fa1417bfcc0ead8d96343f0f26ff577f5bb5cbfe8a43ebf3d057f242cefe,True
853,L12,6897699802332426798,c93369c644a133ab95b0e8d6a38ee526667b57a59e1342e77e0329ab7ff8d111,True
853,L21,2287824985595067541,0220ed81a1d925cbe62af83b672c6bedf9ea08c230d702cafb81c769e83152e2,True
853,L13,6405202970856027011,f906ea39de9aa9f110ebce8f2f8539619b3d48c63d3249d534eafcc55c922476,True
853,L31,17065878457874254535,b22c89fd8b1ec966a2c92d34db21f8bf8e7669a9a2d5d8ec65c87a47b17a5b1d,True
853,L23,905519917436369200,8c51806830b69d37a2b74c86483167c4a30787ef9ae5319ffd9c0cb99042869c,True
853,L32,13743014261943820411,6cb0a18987535e945f59b5cb14da3ff75cbaa2b629e04916bfc3fb40ad68c88a,True
854,L12,6240329276734681467,4ad1d1117344d4984626ff2cf67ffa4080278c79486ed6d0c3450fe44a36a290,True
854,L21,13941108401325934663,f984b46fc712c853679cf52430a70f4be29e23e2684eeb775a490d891d4c5645,True
854,L13,3063008171043296515,876d0eaec0fe081303302975ba556c314a6efec50ed289a149c655a09ca11b89,True
854,L31,16963030492792687813,21591828cb14a5fc25fe015c4af794b234f2c02c0643c5d961dea937f6de2e74,True
854,L23,12000709002567152660,7a226cf41b6f6af9e79bb5e6f390ebf3e5377bf1180ef26f20fc53b88d35b53b,True
854,L32,13655067066282871335,f7b37a1fe2c9340f13ff8eb4c218616aec192a9e2f0c41f2c1d5058287d09e34,True
855,L12,13317656508332500338,1668e4bbc90ced8546ca37ff4ebe10137eed8e6cc8c9dfcd5ad08ed39f1153c5,True
855,L21,1003654903473708286,d3a68229a7bc84ec1a30c7b4f560ffe20800ec73e9f0b706d043498a6e2c450f,True
855,L13,8134788630215682970,3a5f06b4fb481af8bec1fef0c21e2ce2b4c6c84101b1eb884ce26c5b31830a10,True
855,L31,13887797367580435751,6b2008f1d35687643d608f1f1bf57aa5563f6d3e9960cd37247a306d09b6e0b4,True
855,L23,9385565817059128792,1521bf2de1b78a258f17101e432df5ecdaa5b2722030fc3d9177b9d99bf311f8,True
855,L32,2032304634780996826,8bcbb08d917e55f27374da4bb1eb649a5da9b9f978d9849262d36c9f4208592c,True
856,L12,8686576422332282568,ee9b8c1518a5853da06e6f6cbd0728343c7b26cf06ed79af9c5aa952503ccaad,True
856,L21,3793392737073392935,13765ab54e91a664f3a4c5e6cfad9582f925ca379127c197385c9db749cd4bc1,True
856,L13,1575685008834396584,304325280ed006c6cdb5a6443fec00ff7d04d1a55ea5f7671ae397c11ffbfc55,True
856,L31,3180944354315364042,8d4313454ecbec452afbfb7265fdb44ca3e4cfec353efeb05fc2ca23995ecf4d,True
856,L23,11539120155253693402,76b5c900828e344294a75112359701e6c3f208f517a8c7f043ffed39ce476830,True
856,L32,7333625492989894862,5fbc6264f5c66e615a0b2ce7ce2f0d21a01fc60b18c055517f6ffbb39ca37d97,True
857,L12,8806972769129465374,2f93155c34fd220be3f90477957e0d9fcc553fb03ffac8f2f26e0ab0d8b9d288,True
857,L21,12668384990142508195,7b5101906286d0e2ff9ef1e5fdb6b8dc20f48ff91fb125994258215b14f969c1,True
857,L13,17630002435242666827,a02e7a8161b84af5f6e424296f1df0ecc79bcfb9c747bc539b85b3d77471c3b7,True
857,L31,2412643159225836573,c434529211f915691552fd2eeff1fca45b088258ac2478215e48ff6e0e6d2130,True
857,L23,8973144353698489664,7a8ae498fb1d77955d42b6d95c0b74b3aa6f60f4d79996e557e2c8ef094c24a7,True
857,L32,16425407463081194854,173bcf96eb29225dcfee6e3ed678d130ae8894ea005d0246e4e385bb2dd690cf,True
858,L12,1301216271096776986,c26cd3292757c573eb4eef5d86de836c0af4ed3ea78b99cf034281734364ed9c,True
858,L21,3901374502804431171,b1b0cc71ed816db044b0d8bbb62b795e116a801eb1c8d6984d49e14ebffb50a3,True
858,L13,10876318161337114268,95b55b3c37086a94622afbb03374d6afdd45fa0529f9d35ac3f1454ebb3e2550,True
858,L31,1832374131349226337,d67099c064cd753b2e2b242091cd084d42d61ff498a5eb04357d21dd0e18e19c,True
858,L23,15765130203087735825,014cf8fa6f0c1e240a101bf7c10318ed319e50193888300b15895db926893092,True
858,L32,16538274630907575984,7e8430de6b78171659ec0eb7854b306ca931dde28de154fa0908296a4b0a9ce8,True
859,L12,10234453983020118307,10441da3f9a6b8f967fda9ccaacf2e083b548d2860e528b6dfbe10d80e8cbdc5,True
859,L21,4188820970903353558,06ea473914aaa0dd7a4c49b7ee46b2a59b0b9ecf20bd435a1f4c9a5ad3921994,True
859,L13,7424197364786013820,5e98876d266d185cf8511d728c3a2150dbc905bd3a2b74f9f366d324c8485082,True
859,L31,9070093913801909915,b08167414746c852c55e9f618e2f891671395c14d26a2cef5a7b93d92e3426d3,True
859,L23,15898155526449047710,a45da52386d5329deb519d7e58a36061a18bd78dff61a3e584be90e73b8014f4,True
859,L32,2638402069060013152,ec3db55e9a1dae2a46ec9427a2dada27b59fd207c8ef28733de98736905c8abe,True
860,L12,11530432763572851107,72db3be211fd37cacca85af9c897301409e47fa9ee56e814eeda9649c59cd944,True
860,L21,11983228272592420075,0295bfceeb772f22dc324df943171d2401ebc2b1fe378f6115eb23768f9a8c58,True
860,L13,13035596805753196868,9198fe2794e07ab6089ba80d850a5fd4985dc8851dd7f40312333a7d0c4fbe9c,True
860,L31,10604945965047332318,786f1f28ffb90be37485a315e6b939c5fd9ca6ea566a3aa6a3bbef4a3d6f07aa,True
860,L23,7264985560524399977,3d36b62785557a8db9ac1ea293fe51bc74c4cca4a2f5e5510d38805b638e1106,True
860,L32,4691351280974788609,8a5a1bdeed192ebef960b09df2c750f0e9a5270b2d2bc4fb928728096a5e2a7b,True
861,L12,723359510461523645,c6dca285d7c0966d5f6a0ab780776cab232cec0f55f228ee016c0a90b636ae8f,True
861,L21,4486713422007333412,db0e488ec9736bafa0d2f9d62e3b9cbc9a171d43e4a2ab192dba30c154143b75,True
861,L13,17657275366844137923,b233dd7ac5ed6698b50d23e53e92a26a458141d62a61cfc9676fbfa74e12113d,True
861,L31,13969786461590778321,ad2fd20e6c60b734a60822f5f70d298d68ca9d269765760053538dbecff20bf3,True
861,L23,11701129015122659367,bb317e35ed69ede5a03ee202e360e276697a8c6c4b68dda646113c1002f9c170,True
861,L32,7364193120568922021,d2d07bef449cd8b8dbbdd5239ab545cb658691621404fe9c88746591e872824c,True
862,L12,8465424148155591258,78bda5556384665e617760e5a341b3ce92b4e9bf4f628060588e6ec6a59d6519,True
862,L21,15148995338821515416,f2851834fe4ac3cbb4e96e590801bf1d7da117678aca4cbcc3b3859a07bcf944,True
862,L13,12107535565502428007,f18de88996e1f317ad0f50c6057263aeb602e57e68ee83e5ffb6e08d22d0b351,True
862,L31,16134747166712652798,83010448688adad7b8a1f4e1189cf7cc884b88b091effd7ad0f33829c1158f4b,True
862,L23,4543933105527937802,19cb88a539b2b47059279f439cfc118c920c80dbf656c6aaafaf87b0cbe99e08,True
862,L32,5672090304012704257,956207bff2f152e0d2fb7aa7579c202df831658c690ab34e8aa82ac0492d61ee,True
863,L12,6215519825438816702,1df55dc0c4a9acd734226893b94a467996dd0aae5720022134e248c711691876,True
863,L21,13373981432899461351,e4655529d5ea9f892dc5a40e2b24ea97315c26a80c48485007b4f95774acaf8a,True
863,L13,1488463054632548625,ecaff11f513cea81161d4508702ca00ad88d38b11cfc8731d6f629112c827931,True
863,L31,667133090792528698,2cee1330251a293c5021e6bb057b57cf4d9bb2b55e9624f734322656b83d28ef,True
863,L23,3806264258687376161,0af823d34e10569e1683b837eb2bf30bc8e2fbdf3c26e4c860aec04fc423fe5b,True
863,L32,5527879972318509451,627dc98dc0f667b470bed89772fbf46a684e0690ae44935a9e6aca8e34dcce40,True
864,L12,7517741927903420809,1e21230f0f9d58b1cb67d2e4c1b233bd489f0d01cedb6426c355cf77fe299d4c,True
864,L21,531646151621727477,6a38cfb886fbe533366528c6917b18b69cdcb6409d0632fa577c01f3e1958c34,True
864,L13,7201421281526432342,6385fb24d00794c9fccad37c474754e63c08fad635a0ee14d756cc89cd3d203b,True
864,L31,12144453033925014910,421ba9d2827d25862d41b6a33e53865cb20c51871629fb007a65cd7a38586fb5,True
864,L23,12753954717629643479,a21b8658a7074bf79bacdfc4c267a813fbb2cbf73f5489be413bcafbd5e920c3,True
864,L32,2716093456098168279,8953ea54647e65d1d1f9ba137178f7701eb3079085b082ac00dcae883dc23ba6,True
865,L12,13540314890660683889,c8d089c02f6e487509c875cba17fb463d53c21bae200e6b78b1425dad25cd05c,True
865,L21,11338800712367670018,90f35728ee3e765e68b9d82d5333555872d6a2e838dc3581efa18fe440ce9a86,True
865,L13,6465128356962716516,2312a38f684e2cd9b3d6923103232867347b70325f9f443e15ef7eb2c5b24bbc,True
865,L31,11558778735156171310,08260847709e57ab6b4e57702fc3ae8b3d421edc69dbae59e738c8a48ec15b1e,True
865,L23,851819461865059787,349f57e01d707cabf186eee541280bfcdc9ba733174794aab2804a4326281c94,True
865,L32,3234335531921738388,92c6c3b8aa64271e5e405476aff6694e71d8fe04f95a1d81c79e9360c26424ee,True
866,L12,257188414176551213,29a10540d507bb7acbe2a1222f21e380fde5fc3fe035260ed347c5a2a971b581,True
866,L21,5058815155826986829,b238cf7234ed2b07ebc87fac4692a2224ce25608d58f2f5f35aef38f6c43d016,True
866,L13,3105800587692797249,647e1e0ae0eff5f47b289369ca9b273aec7d7acffb0f0f4f6b6407e55fc1d07e,True
866,L31,1810764187405920952,94cc9261bea4e650f83f7f09696ce729cf00384bee4fcdcae21ffad13e134188,True
866,L23,3033062214771372002,6602618c787b1a32aaf94a6dd2409dd8c0f4670506fdc105f40970c9313bae21,True
866,L32,4836872435348407877,dd670841516131c86272a6b74fbaa008ec2bd8f1fe09a3da73e49535a32c096b,True
867,L12,507074083951752058,7c7bdf2c1f08e416f9f8e57b90dcd2b1dcb105e46f4441134cebf1fb60e2fa15,True
867,L21,17625744855233471269,9fb833ff5f1d744c85e52403539ea25bae4242f072c85c05244cd82fd1fca1d5,True
867,L13,4353900994870183984,1e7cffa5c9cf353a31121c07a773cfac01b668ad8afefbcffe03b99404d0d94d,True
867,L31,5683994001200364507,b4692d94b372419737c85c97ac90ef87235e2f4c964f1c1e057ccf8c387f5baf,True
867,L23,2343920665353434176,39c15ce406790704bc01cee99d6356db26be768ac01dd6ee8402cbf45a4b947e,True
867,L32,17356169326399285210,3f021df49f747d87690702809edc63e80f2f120247d9f4208a933b000ae0710a,True
868,L12,6927102528937015126,d05682d92f80f32eec74108b34058a0a3ec383ef848fe344ceb54d8d90afa6b3,True
868,L21,17622501649841803023,fb22811fa621b0a4e2219d64af3c8cd7920667789594ea1a8f54b0a7a65a1c85,True
868,L13,14642372368874425698,4f14801ad5d5e051d44c4dd39df6451d2ae5484b61e8692e2e8abbaaa5eb03fa,True
868,L31,874053103043115882,d34ea64a913241849092dea2eb1a94ba86d7273660f5e0f9b26e0ade14bdaf07,True
868,L23,16559536083238551224,de4f7ec48360843a00cbab241655813c4aa369534d6c6d4a526dd824b77d9fdc,True
868,L32,12161834346737306749,bbc7ffad708ebc3a6155b1a396a708da4595023d9deef27f9b6e5a307d78d849,True
869,L12,16784177199077178163,4db9b605ea3a8da95ff7fd9a6e599991ef3221f45680bbeea16e5f45a23bbe14,True
869,L21,13741189108721992041,64a70c81d54d5c56bb908933fa1ae547f9e457e0581cd95e2c902fa3fd4d6db3,True
869,L13,12562970633312494724,d17431c1e9b5172d6d99801cd1b238bd7f97f36421fafc69163b64e8dd88a113,True
869,L31,5950417799899647457,6ae51d1a134f197f83cc91fa4e7128c8174255a40796becb47aea4d9b55a9ffb,True
869,L23,8722011366277792331,b5313c0dd85c272f0ebee0f22ffd1d0bceb711d3d51d5f568d7d774343407a60,True
869,L32,7539439415096920591,4cbbb174d8f5b5f504751e579a2e15d45ec27a73490e53a9bc17ebc20110f0bd,True
870,L12,3004073924562317595,e403dfc62ce1df3ebe38b3a9053b27da7d7cd2d5348e9cafa78641a516469bbf,True
870,L21,15029151138102553162,b0cea02c3732ca612893f86d7555c3a78197217f0255620dcace3df1150059a8,True
870,L13,762336365796171432,c84192fb7800bc389afeadb405367d8643ce1330fbbf1fb4910dbd0f817319c0,True
870,L31,1974606122112034361,9850d38af72edbad8e9b2697012d05a9e668e4bc3e7c969448829f367cddd75f,True
870,L23,4943350145512248257,91900678bf120b4bb532d7179ba08bb86d978bd860c0be497dcf4af1ac59e27a,True
870,L32,599057954476242094,91f78d8d6508be249c9b5c625dbdae0e748062f22374f3332fe077fbbed265d2,True
871,L12,17403894488313074500,3700423aec2d112284e7fa2a20ff14c617ea919290ca0fd43e119d8512cb19b5,True
871,L21,8074286173141148689,51b7a48c4328a2eaa6db806ebd9fc26b5a729a92fd83ddd2dfa31d07fe6d1596,True
871,L13,4385347707378568903,230d29f74e1f54a730be674a89aaec98961cade22df2ee6f1df93553e99b990b,True
871,L31,18107934929558678799,dec7c9046b676751cdabfaaf03849e4354143bee05a34d5f4aadfe2bc59a7c4f,True
871,L23,12992233347881501175,c0b492b3a0cae46e612435e71c5e830d9801207c0372b5d8936ebd4afd807ee4,True
871,L32,327293169152163676,ed9195b81dd1a14f6aefb2e1a804ca8ae3651b5706c71a76083222030553b15f,True
872,L12,12102684155474470657,9d58a197e040d0ebffc3b748dbab5197f886fba5abb5998c4122cfa136029e9c,True
872,L21,5379058412636007208,c7370af20a8158b6905a535a5f01296cde9a3ac7135a81655a5f4532d03a27e7,True
872,L13,10655044937319954895,4ac030fbaa302c0613f1b5621865db2210e52117f9f76136a1735f7a2ce2756d,True
872,L31,14132857236198345686,53044d98a9c694dbeb02576cbdecdea6c8c8bdb847764e3b7153880536db1999,True
872,L23,5640942316469213355,ea8ce7be3ad56befcea372022f02bb2f17a149734fd75f036596bf65801d3cf6,True
872,L32,11272630180782564688,49031969af2d13cc4ddc03f9adafbe610510b95812a592d7c9e0d6cbd80bf66b,True
873,L12,3890847359024160657,72b7f5038b9a6b0a2c01b57070c8c2238d67fb286c508e1eb23ef494baa1c72f,True
873,L21,7001566262377655032,d998d56847e7f77bcb334d4e0c43034bbe8fdc18dc830e48a7bc504830e75c02,True
873,L13,2837250702288872859,8df9255092ff782b5020c36a6d6d556e918261c310afe2a20ed1c698936ad0b6,True
873,L31,16034357035806904018,ccd8ad1b7c8ad89005ed604be314551ec81352377c68e25e3f80899f76f7132d,True
873,L23,3250029791665054561,4d7f299073f54628815810903c9b42737e62ed463a7eb8e73c5e7f026cfd9045,True
873,L32,2462063103398687747,46cf266eeefb16d7c9aef802a5053d26ad224f6713e92ca59ddf67bc87ad039b,True
874,L12,17924379259320025747,46c49051036829f9e2198e370a851384f85e40a8a4b38c182d4158ef4e3acced,True
874,L21,13133171276568264932,45032dc83e19f7220bcdc3d66a36da294882345a9c84e3b99768fb354e2ee4ba,True
874,L13,11309820347105973704,638aa06c988ead586887e90b56c139aa5f2036f83018022172df7c2b4d120407,True
874,L31,18416154376248929794,318bdc92dd4298e09ca753fd914910fa532b4408821a5d4d2056c7d828595c44,True
874,L23,2826844271914553304,8316e64414d9cbee6ee378cf78e9feb4e3a00d8ef00a83d8aa2de8f91935dc20,True
874,L32,17605843510553171789,84f3fefbcde0737b4eae0b844c5c81630d1f24d9b3f2f5c703b91525dcf680dc,True
875,L12,5134371456691593414,3871dae61d5e291c47495eda0481d4a71fdd17331c6f269faacf461db229b023,True
875,L21,9376550167027186748,08fb44702e3d5bcbe3a2bda6b70530120238fa53e0968e7006ac270746b1cf79,True
875,L13,12357273837934211973,c332ea03cf93dd6f6e2551e6b124a17896dc036c6e7759c5869908fbeb86202b,True
875,L31,10075013712722496590,1a9ce8855565787476d2876641754ab481a324271abee148173af9d457bdf8f7,True
875,L23,5064811299010299106,93bd279acf884d403a00ce424f9384c70863f00f06819481be4d68851ca55935,True
875,L32,9481632787971640841,4abf84c0d8fb73f143505e39bff1210b3537955ad079742a7d00f8219ec73da7,True
876,L12,366397684630214725,eaecf24176b3ff9ec37fdc637ae49ab4484a3ab9f28584fd87c7ac89e6d977e7,True
876,L21,13217834007522272566,2183123c939da080d341b2732425f405e040135b706195139e4436b23ef831db,True
876,L13,11156765914748536368,2a096f8f507570181f001a3318634bc3481fd226b928906d3d25809894e7160c,True
876,L31,12533977889605873895,f02a89ab3cd43a4a216647b97eae7a2cfe9ecbd290206e2489906561e463aeae,True
876,L23,6549664039171150849,879220b4cdb1e9aefa79e0deb58061ae849c7327ea7bd17d7f112bed1ea5454d,True
876,L32,10328401007256821945,a06d487eaa7ec6bd6d52841428a4d742e3b1a8d162b6b75204609585a28d1ecf,True
877,L12,10168457374249580311,e24504a573b4bda10106a8d345b6d4a38f7a4804ddbd693329de99d0a4a4313d,True
877,L21,16086233017562370955,9f2506d592efb0868232fce172f90c19f99e61bac1f876f50d9c6b19432a00ea,True
877,L13,12049080765260943410,216f5ddb3ad4a99315c6f76f93795a4a1ad2cf2074032f7a9663f7d38a35924e,True
877,L31,4559643634581329237,792ade040d9c19139c05885c67847e22b916653e5a3e419f49e68e8b883ad441,True
877,L23,8122300013947507078,58c6e694ef5ef820e010be736e8b46274fe8221cc44f821371e8305835a5e49f,True
877,L32,4548188927698602395,6b041d6c91b430f4e3f32722745b8a8557aff4f6216d303cbd185236a066961a,True
878,L12,4222337216418811484,2d2ab5eeb65554d11b4309dcf8cc298e6b5fe19bea9408de581b2df47f8c9f0f,True
878,L21,484729008249030368,6c218ecb9f8266d5cceeb86f1ad8ad6aa3da0f28cab164879aacf5c8912db918,True
878,L13,567391699915616993,6f65c405dd46c93c9d7d0f600453a13287db44c7fbad03f116f51bda0e568128,True
878,L31,10727186728796624626,e362ca5b83bf40cc0b2df66ab3fdaa07e3fe6fa96b3a85c293f9f52feee82a15,True
878,L23,2333079378959661781,b2c4d167b401bd4a757421533c18b066730ba3492749bae3b1ad3af9890264b9,True
878,L32,3346285447073520701,08d54dad28dc217c0f6e63db64e151ce9e02151fffef5bc08b04fa505bfc9dc2,True
879,L12,385863498318167674,e6e44ef8dfe36a6993e222402daee85eaeb2241ff361d0b40d6ef34cf39067e0,True
879,L21,16642596314371863754,76299ef5f9ce98fd03341613549e6baec5385e0fd1ec8487f88b7eaeb27fc30e,True
879,L13,3135051635933126218,2986da2175fa3ef9b662671f24596aaceb029af8cc37c05d6ee4170a40b1cf09,True
879,L31,15812035172514833654,7ddc1b3b791198956949798ace2b787c2ccfa40f79090fe1b7ad23976649a949,True
879,L23,11241788229387555032,afb73059e1027a7cb0f9fe17e65769591910475b1f235098b58e2e17b73427fe,True
879,L32,16217203913489236553,90e49633528f84863c1b33a0a3c3a126716d5c9b565cb69851f09ec5fc5aae4b,True
880,L12,3868820896860295453,8c76f69f2940a1c4074e7fb810cc829c9c4e3b09360d099950236ef195e0b4a8,True
880,L21,5154809147064207870,a771f17136d8d6ba3d5080fe829d28846b77e98124f054746eec9a99dbec17b4,True
880,L13,17720569449995537260,11f12f1222323b203d49ada82c66c5cb0b464a26f4cd5aefbe93f71b8b51c58a,True
880,L31,12518572615724763688,f289ca62665b9d11f748a831d91cf4424afab1f7d7d5f431872a464d34c80cee,True
880,L23,11556913640490012810,5e6b2e768fa4fd8870a244c8f8e385320053dc7353bd4fe9088743bedc714d47,True
880,L32,13583214352074769029,a43cbf42bec026ddf7c64f65f7c45b6c585076a0ebd257e2cc861154d6943fef,True
881,L12,2231720407666138228,455d4bec86c00f0beca06dbfe4040326a60b24e1849d982163fec474053d955f,True
881,L21,2078343924373764936,9de5c1beed15f145e0d42d30f778a656a81e10e81cdb7a08cb71d71adb90bdab,True
881,L13,1582520344506606804,20e17534dd5dc1d1dc9faa4f70bef56574172d6e2633326b3d5bd42bf703687e,True
881,L31,9252538858534977186,5cbfdc39faeaa6fce254244aca166731d5e5a7c1f5d394a0f18a1695f988adfd,True
881,L23,12012728226244376121,f932e9427f6061d2aead8bb86c9a55be2d7258e1d8065e3f95414a8672ed3fb8,True
881,L32,9660959246273639788,cacccda6f23b2af1f742921486d46ad367ff50bbe728a3f7e95e71e178a36b4e,True
882,L12,9404951472060399080,8bd9f51902c06b5f33c326d576ca3dec190594d2147c735e27f78820322da70b,True
882,L21,13674840673591754793,92b91d14fa0b67ab86c0b3c2925a381bdccbe74e3a7bf7eabe69dc09c834e0ad,True
882,L13,7196464307888573738,b866b760083b97a5df7718b79bd0e096db236684ff378d10a1f4118eea571376,True
882,L31,14914290224158416267,111fcac96fc5a7cfe7afb9d481db8927e15b1f872eacdc54aa437ce66691bdef,True
882,L23,570930641279387126,589e4ed7c69f90ab51af67a5490c0c7185d6706e03683e2cfcb503cd5a83f92e,True
882,L32,17548854876397413342,189022d8f8cdf0f3ae71722c336b79629734077774fe5bfd063d7b348afb2370,True
883,L12,8945170842785565911,f5373438b06d0fd4ddb4aa4155559e7818b15d7391733416a30acb1d14aeaf99,True
883,L21,10861691505060945250,63bc1c6185ee5a0eb2159ca2c13877e73a26f4fb773da9692a8722a880afb4a3,True
883,L13,504744823490702365,b03bc203d9ebb811e6e78e1bbabc01deb666b6c10a85a3830185569be60326ed,True
883,L31,5859441336255723655,32529b318b8f83c3f783a6df82cbd588b90033748462bde2a6629908270de71c,True
883,L23,16229401899537409134,d70030996b31d74a88e8bdfb4fcff74498a7eb127686ef71f55d6f820dd0e7fe,True
883,L32,725348901810968518,f359517a29e3ace90e5b138f74be343d9923d3da8d0679309749853a79238ded,True
884,L12,3872854294803513166,9e2301ce8877da5bbd29c557e2d357b5ee3cb8ab4f2668950da5f556e465c1b6,True
884,L21,10375815184658431921,642e317956f8d07d8288c67ea68bc7880f2cc78794b738ab4f957693e82958c1,True
884,L13,13150507705285620836,059455135dd1ee0a31ecc3a087c8a7ac1e9cd6db0adf2e007fd055433d860388,True
884,L31,2900762899760519678,203e61d0f68a5e1ba98bad39309131fd1fe65a6d5d31ef6ea61b1af7bad07b16,True
884,L23,4009891828826904995,755fc5452343d5a07f1ad8247c4ff065a6b2cb994a0eb7a7872459043f1e4f37,True
884,L32,6838711989521859037,0604ffc8bb022d56aff831024886b12911a77918548eee37cd90b5e982de9cb5,True
885,L12,3124206641245699468,c43af1c3e357fdf8d118c3737eb08d8298ae3f89b1fd1d8e7e8bdc8ca910ab74,True
885,L21,6975144417156818164,4cbd0322b06f0b757b50cea4b94995d65b932a45194016559246094f806e51b5,True
885,L13,15831168610586844880,afe136c05ea2abb87171e8ca093379be273737c3756039b57b2c791e26587342,True
885,L31,1600052121700216030,2bb950957766b777cd6f46e9a5a60bbead6c616094f1391a05bbdde880da3e35,True
885,L23,3676824453510509019,d13bfa42261785686dda128b038a01fac46a41422adeee8ff36ed9a8c3524e13,True
885,L32,15886667112269610780,76b46a28cc44313641af3bbbccdc3b5ff28aae157f8802120d7aa81be6ed6cdc,True
886,L12,17546863442483636914,a8624e1a69a40d01993c1da4012f81577d0f7f9e27a3a91ef8c66d310f99a734,True
886,L21,18054218707870583640,112aa073c5883aa1257258f60793f40afa2ee6f421050f802aa8cd1fc9d1873a,True
886,L13,9805563355343781832,f19b63b0970eaced6c60228be78faa52af94bf328dff86593e260a06de532708,True
886,L31,3788158172452317941,c2b4fb371f6c8a0cc19b61bd5d548a7aff6befb75e6c2fdc9cda10d0d4b1ca3f,True
886,L23,18021515405214976885,9b2d51e7044f57ba540e9a5fbdd1b8cc2bf3deea1a4a7a8926c7c2fb212d7815,True
886,L32,4098762381160709126,c1e7169ca3150062c73c2f6523ae6e4c26a3eaf2704c35ee1c732eccf7d0dc9c,True
887,L12,11090341173514466214,d504f6b4a967e6ec5b27ed8ba4584a9caf2f0cd7670882725dbabefc9e421c59,True
887,L21,9671886093220493599,646f0839e053ada5e19b5246c4b3c2572c2fe1b16b899b8b567058a47750eff7,True
887,L13,4279200174501891187,df9b0b9f0e5b2e3eb2ef64d59c13018965454963158a43f6401307a1f1ec2f8d,True
887,L31,11903718746603463183,6d15fa6b891c962ad16509029a28f40e2afca24f2a142aa635074c581b5bd457,True
887,L23,1579977564801285123,1d544e983011a8067f5a07abb63c77138d066a905ea60d9b722ad2499a2063c9,True
887,L32,9663655004765452210,f72aac8f4ffc2dc6168a92f2336ea398941649205e89667e691a5826fffe9c0b,True
888,L12,17736391305153626505,4e3dece7b69d8dad923a500a4e58ccf5f121fdd7c9939d4d30149e7672e5f4b9,True
888,L21,12438425637219636920,008c59af4fb508ac3e5e5f6ab676508bd11e3b2a56c93803546d4b10016d6392,True
888,L13,8298141242460075992,960378b0b7030843c5f9d3f9f1de0531a3e4fd5df86952d9d9ac2576e50bffd7,True
888,L31,7093960426504127321,4140a5321b21848233871374740871c6b84505dda5929f5e5a8e37ca53e3384c,True
888,L23,11274847963282881644,3988d38f4ffaf471d192e753442438689a35d9cdd48cb133dfbaab4fa5591eee,True
888,L32,5426536382135551284,19eaa2271ee80d7f92e29e782aa52f6819e7b4e1ee0e38bf770704adcbf9d9b8,True
889,L12,6530882913161433792,6e899b943d8d4471d454e60062095bfcb99564f657bfdcfbed8e19a1b2381606,True
889,L21,8869636438456903779,00184767f26d6d80bd085674cff11ed575a750f202027e6a50097cc3a2d697a1,True
889,L13,9419575174969140668,94fc767299670329527597d054f3a02f2e6ea3f810803938eaa5e79dc5c164d0,True
889,L31,2669061620678784641,addb28b67456fb710e5b10fed8d70dc7a82831868cf4f7a6f9d1b8fffa6f682c,True
889,L23,17155477755912579368,1981aa1dec6d0fe8ab2320de238fd22a8167e9364a759173b4a74e813c684ee0,True
889,L32,17907551892329565064,b92a6a0aa180759b399ba96171d792a25b84f23ca7a1d2e3b8388d279384da77,True
890,L12,6927123758059284417,ae037b7a88b534ac45d54b714cf5d03ee56fb2c3b3a90e9770811fdd8f99651f,True
890,L21,178102054778073195,39dcca271af38ebcddfe78ca4860747611913300c965c9f8e99cd68fac57aebc,True
890,L13,17822303631070221010,b1ebf1b383b38bf78e35ca4b9aa86d844ecf450700f4b4a0652d36d51ca3ce09,True
890,L31,9078762646769234592,0c3489af8a7547b3a6de7fd19ecc3368716685b02095866d2443d3cea8c734e0,True
890,L23,6406996036660909564,19b25d051a1b3f06c3c7755e7d1dd0a4902bbde380881cb8376ab105a24f23d8,True
890,L32,13044529956521881345,ab767258c2e9df70a8b151e3a2d1a79c1a90caffaac5d564227e41ac9151a948,True
891,L12,17835879577976136385,80a8266097700c8f673361e8be3d86818e892d0a27c25996456eeb9612f86862,True
891,L21,7510529992052912953,c4edf1d09da167ebb7f5dfa3c36d23417638c7e54e42b0e6a8787706c1291032,True
891,L13,6661316616841385601,071558b6a53a153f1b01d9b3beceb7be0fa82c5426b1b730db2cdf873e61fd98,True
891,L31,8044416327862464710,f546b7a16e4fefdb0b2301fa2ac8905b985d6fc05774ffe868ca4ac294ad20ec,True
891,L23,12786797949679517451,4677a2cf2be445ba94bf3a6ee10663e7077c89b2b2fd6eca60020b687ba6566d,True
891,L32,11295005879824290639,9589df34c9bd0099043b93e2ef8d3352e5d1d0d2bcb1e4d909ec1c180c374f0f,True
892,L12,2850716049448182479,7ab79281cf7eefd710a3a838851317eaebea8974360be674bd3025eaa71a5368,True
892,L21,11966437696597369506,176597a2a3aa0b427e61440af1704547b11f616934b3014a150aaa87c4c11e97,True
892,L13,10158416883980924451,9dac31b9081393c0cca083c76733c701f614fbb69cd2b548a51ff8eb70ff10e9,True
892,L31,9684413062879612639,86486245e02cecd15cf04e0aaebb1b648d1a3f7d8556610923532ca99448ec99,True
892,L23,15352097659674875475,ff73bb339db7e3d346552a93cf89ec2ffb05408a3eb21524f2470ce64f6a65f9,True
892,L32,5433580672724726811,19502aaf736ef74838038584d4686cb42b6237ed8919ad21eb4217afc162c3f6,True
893,L12,18062935563036657109,60b5a598ebcd93a292c340c484260fa35c1f9019ff53d4067579850e1998eb38,True
893,L21,6245243280321724860,564231e176d526a39ae9159650c63dafefa69ad9e78e5e4a3c6f0dbb9a696f9d,True
893,L13,15417466990657249447,0772351fc9e1e177f4e1e2bac8d5e1b8cc54a0f9a4911a354caa01f55a7aa2c8,True
893,L31,311437219238201604,44d2119a936e960afbe911007b8f7cd4af39d4139dfc66d58c174ff4a11a4b54,True
893,L23,9490845959175319264,e5ab1460a85fb8830b36e66320d6295b72817f9acb1f91f6fe2f9ea98c7baa3e,True
893,L32,404682362136593660,e277bf125637f76d405fa562dab83fed74787d464eba71ad507f6f57965b6104,True
894,L12,9947655251475976974,3503750493d15e1c767b6aea8ce4dee823ef12b367b190d49fd219a4324f23a2,True
894,L21,7541343178494074861,83638e50651d6d2f70154929049f5401cd58b8da00ddfef95ff58f6f5c5afc12,True
894,L13,17150873970802933652,42efcec26b794f0c1d4c2f553d50f44e4317c04ce1077662cc3d8313c6dbd615,True
894,L31,12504997371846312907,baf6a2733ecb526d4b6af76113c2723cc7da8297449d2eb063d11f1a5c2a5151,True
894,L23,11075305165438841732,1bec7e973697a03f7532040c2d469f5ef469fcb62cc75a78b5e0edcd4cc9a948,True
894,L32,17541647205529333200,8b6d87c77055bc36f0ded4dd84f925c87b25a2a763b02653f94c80b1522fe013,True
895,L12,5854222866281223575,499f4adb4f58136897548cfbe372f344ad615cfb3a02c7de15c249661fdfb87c,True
895,L21,10600731330158451479,a5df8c1ae3937d36edcc0aa7c99edfff0a5a81c6495e47df81eae6164eee4eda,True
895,L13,2992213246972281676,746c554d07b14e433e2b99ce0d55ae9445526db917286c0422f710fc99332eb8,True
895,L31,3301275671183422849,7cff6a2b01e365e7e56160607e2464fe802e0f392532a9b7f85b6e04f6465a07,True
895,L23,267718538631758390,c0dbcaddee80d4c6706edffd0ce9c98465cd546e1aa1ca58b437948acc2c6df6,True
895,L32,10662662069818831202,b09d4d368404ddd5ad5155b70c3bc176678d89d43682e0bc1400eecda4a912d1,True
896,L12,17050903180016788872,4ed3782b4b026abc7adbff6a2dac69557ae1b998a93db117e5d9b6b38627ec55,True
896,L21,15125122010794622239,05516f96f58470b85b99cb9aa7f963d8cd75b4dc8a2cce5207a75e02e63b47eb,True
896,L13,14613564816074227568,bec52d792051f35c8b20860202655eeec7aad0756121d7ccd179e7e6323bdaee,True
896,L31,13058742848635147181,183eeed460bebd66827c9a3f92c6a933c071279b7861d15d9cf1ea2b80f55966,True
896,L23,10110611791177139885,51acb86a01c48c283068360d42d0c3e811e3fd996e71bebaf86ef554122c9e08,True
896,L32,3697971509040426139,fe4406f3e6e82703be262edb4de27a67c4aab9791ed4a37820066e366fe43610,True
897,L12,5185474036635286431,a5862a0266844cc05d3a0c4b817ee9b48cda59f4b4c7cd5ef2d61b0e20c4fff6,True
897,L21,6161381547368627903,e7c215173b2aef078d0d3946c620412051b595977fee79c4d07fff0282813eb5,True
897,L13,16002807844775041259,09c23882b52e2405c6e0ae03403b4b8a22d654e656c03647203669444596d1c7,True
897,L31,14455972400117663574,c8caef719525a5d2bc61eac9170a5093d26d3e29834224c0c51c7a44f0c4ba47,True
897,L23,1587229819817227370,8c4ecf144348509d6b37dc4e4bb4e0dbf451c48dd4f63802128f78a4cfbf648a,True
897,L32,1811618898363774811,f7d64c36980fbd58f9f999c08b40f2c6b226ee1f9e2936f8563f62bb3bfe48f7,True
898,L12,6034475008190798357,2d42ad392885f6e2bdc87c3c2e6f7c7a9a6ca13bb0235618fa529bcbe4ecf4f7,True
898,L21,1263805708446207405,42e4f9a7adfce40555200653f44ab72d5a12cf12a082b7c62d929d7907229270,True
898,L13,11335512325185930407,c932f6440f1ef74f797cb3fa7d3754bc679b396855b0539e0f14a3b2391ee8fb,True
898,L31,8468248809052453910,9fa95a85b1888803b93d62d17516d5cafe632343ca716371077c437c1c2ddc00,True
898,L23,4513371250684519888,cc284ed6dbba653344202b68a6017862e4fed2222af61686ec4daed470fa0952,True
898,L32,9145152979640987783,8234b2793fa796876faa55ab93475fed2e41660d2e96a25c2cb4616e832a0bb6,True
899,L12,17965237186629365998,036a35e013f0dcdac5cb02e7e0c68fd9ad1f8745dad29cfcfb3723dfc697b411,True
899,L21,10582289765336799712,ec0c3873bd243bd573ecd158ccacaa182e0c774448be43d7c32cd5d65c130a92,True
899,L13,4429521067685210741,02426ac98c8c623f5e001a4486f98daae4dd972ee9abfc5537142ded318c9bb4,True
899,L31,16399353610943468501,5bfb6f13ec65f9d876e9cb4ad174842b64a17e079e9ff173445808cbc5ae89db,True
899,L23,1397470462383565885,e9042e48b1e7737bdca37614fbffcb420f5157e172dcaa9ff04a3d817bd62ac4,True
899,L32,2210507455699760087,367c9bd2f017a811d93ad4671c740e8f3f8507a65fd2b95a2575efe1e25457a3,True
900,L12,17856483778139763678,97b4f31072b33c8fb56f01233d377a7329615299b6b452f2280881d8fbbe3a81,True
900,L21,16110916144171264495,49102c761492e608300e004ba36a17d683c34b7a7ce849b59b030f9e383e9bac,True
900,L13,11016274884844869363,b67ab8f5d57feeff806d1efb0c5bb946529f6cbda41c644a01e4bb5dcaa1df4b,True
900,L31,4314576049310501097,df3548bca086c5300f5731d1cb3ff702ea6d310754139f1e9a26e0cd82f9a752,True
900,L23,7661653045392945754,5391ef962db32b7275f68abb13cc37d43483221c57ae6e44953afe832b5787ff,True
900,L32,8970006913475899379,460c21a5e8b953bf32e82d7a99589e03c06afa532c3ab817da10284cf2e4db3d,True
901,L12,4220008887236715886,1486c125858d1cb8d43710bac43d6a620819126d92fb5c11853b4bb0181bc076,True
901,L21,8630405352783583774,c063167f2da19b762702cf86ae009cb537cd7dfd39a225a1db9ce565b164d0f4,True
901,L13,4800316778505673456,1a0612b6f9b240757cb550582d01ce215e706c79a9b6e52c6d386474022d0b50,True
901,L31,18368464138438219425,c5a9330969e546444ac383c93af8d9467835e4743d7c4011eff420c84bf25b0f,True
901,L23,1068048737352291993,4cd1233235ea29794904b5d6d7df966fb6df044eb58e15a537b27a74c66bd505,True
901,L32,9110135766841286574,277987803dec7fb325c6e4dbe97e6bf51ac1fd911c127a2fe460573aa41dfe87,True
902,L12,85661871231136152,a57b31c7e1e6cd8b3570266cab7a8a2a135a6432e054d552b3e96e8de02b3afd,True
902,L21,11903033886657809666,c43e25a51abee11cd3e07961a338dddb9939612b8ec331c05a767741bc297d54,True
902,L13,8320138748121598845,ae8d8872c16463cf25fa30d51cf68371634a56eeaf6c43f4cc37092a5d19d818,True
902,L31,4071701945607062197,7b932a77fdc02256c85357ee6f1050f512e019cff2965c9f8e2424582537eebe,True
902,L23,1361213971843102690,adfce10d4c69e7b675885004d9d0a5cfa2537e5c9432d515e2364b1745937170,True
902,L32,12917867411415809276,d7bb017f916f2b57b9d11635f6a17f679d9a1d1366d5d241f8798ecd243f1a1a,True
903,L12,16061709378700298499,79b8dfba14f78c81461dc97069c15cf9b3e3f0b223e2885f68aa3521c81e6215,True
903,L21,3010825884444059244,ab0de2de12034f5907f2a9c8ebe92e8178ec5088b70b9bd9ed1c9191cdaba97e,True
903,L13,2542624839393618594,6cfbb3a11f892716f6ce649673f50b28534987f4b7b3d1a470033b473e982c53,True
903,L31,13828622853005852354,d9537ab5a9f2419fa7567a3c2df51467c22ba579a3079a94ea8ad373d24638de,True
903,L23,9124336986094333254,dad54e71c4409ae9a494f4f9693cbeaca3cc05befc58c4bbb338367315f0d173,True
903,L32,2158287881239670913,d2220aec3ddb5222be754cb637759975e2bbb729b6c629a7aed2a99045052038,True
904,L12,2271099812941946569,6a22384a9e0f79266ce6a736d43dfc31697b53b93bb8c98d90cd8456b61cb970,True
904,L21,18393857974867600604,9119a58eca211207f2a6a7eebfceb93f1bc34a53c119875f76976fe4479c1121,True
904,L13,17887856133787896349,ec009eee9fb2954f683a8a0261ead851805cf5f991b068f1553f4af9886a471e,True
904,L31,11489002039020859316,66def69029a41b5f8062663a1bc1844637079650a06cbe036e6098661f550d38,True
904,L23,7991920015964878736,6c14ee80adf9ca5e581065e427f6c89c597874fcfd868f4dd35681931b063fdc,True
904,L32,12278639860955828175,e294c681a15f21c317cc52a24f878bd09b80050c975f74041c5fcd840d9cacdb,True
905,L12,11628026834620615721,61f555e3c2b6c4d05411659dc553c2c89d60fc69a685b21d4c87b594506ca56b,True
905,L21,13570480791331513709,1ddcd75a793d239b4fe43f69e5ac1e681859d8dfa21e2f3c708d4f9a7786ae84,True
905,L13,1238441480449035552,dfa6fb8124d1f8e8257fc0399d2f081dec8b7b289254536a9f991a2152f6606e,True
905,L31,16188300905168179569,ffa0bc0e1dc001dd686aa1fabcbaf1905f9704a5735d5e72f0996d80fc861e6f,True
905,L23,6674253433606880108,79d09bafcd857da50d303182c6c5e9016793698fc1149143a8dc1a9a0b6ce64d,True
905,L32,649029140694336574,cebe1f56261f1a1c9dce20cd4e6f425a044ccee0bd5e6c5b206bb52c98fb1305,True
906,L12,87924270014100631,4696da6969293efa0d0aee0cf9f2f24f0cd46d557e111168984dc01bb8c08d87,True
906,L21,13964979511238420442,362bf726f3c5d055a8c458b13240862d2556374cc4eec4f46ff6cc37659159a3,True
906,L13,14135671598985970161,19bf80bca11108715027a2be1dde1035c7dd09e40e674ae38dc619aa69e71f0e,True
906,L31,13954694681775189912,bab274f6f4c18369530544cdaa6478783ccf5c1a7377111122788e075ccf0a10,True
906,L23,15762901083201543063,b276d706833707e3222a8c8f3ec16e73f760f7b685155adfe1b082485efd6890,True
906,L32,301385389637681229,c508957bf6bf9196fce8d89e2b6ec03d9b7e29007fe23d362c53172bb31da7e7,True
907,L12,11851564192829701162,43acfc88510e464423fea4c8872b84a0d8c7b36b08858f85e1170262793a63e1,True
907,L21,15224654699715540959,e809260293e60c6d53570e5f437db8419749e6843f496c2f7b06f56b47111c87,True
907,L13,11385825889414134157,c694a9b7d093f5268e0b7caff686b91603e3ede7ab8ac399eebaa5e1f9284044,True
907,L31,4173983432351303077,531ee83b1466ec02f49369e3c6be7896d79682343d9c36456cb6a21a34ea0d13,True
907,L23,2108748165145118097,1ec41ea3f37b760c6d31765e648aad678efd05931deb260e8fef178d64aa50f3,True
907,L32,5475345586145183460,c9cdf422b8c7c937365d87606b803543002a9fa4781908226fbd407f66fd3ca2,True
908,L12,3226890367606219571,9c50fdc697f156fc7c407559ca5653e2e680fe42dbdf00b58033d80dceaa3e6f,True
908,L21,1351587068203401637,66ca201929bc2068d9bf199f3d4e215c401e686bb6c0be9bcf42c2d2393e83c5,True
908,L13,13728226009533883144,ec142404580412e4157db8958146396edda3cf3d4295c92efccff5ab9f738358,True
908,L31,6286409041894129763,d40b3773c72cf21124a061b4971216c542cf0e1b7f9542c3167abb0404bcb645,True
908,L23,3916274160161805759,7d4c4bb76732965dc1cb1466d90e4769729bce99109d9f78960298da005ae8d1,True
908,L32,18230538557573274590,e7551f022a66a1bd8fd3baa3f545a602dceeda3b0bfc70b8892c574c6b1f99aa,True
909,L12,75698787546647744,0af41c29052ac0591e80f6a54221ab8e76dcff1a64f09fc549f871e1a6798d6d,True
909,L21,900458117621043889,5ec7fdcd6c84359e8ee681ed1711ee08a6846ca78b85246eba48710cf829a420,True
909,L13,11915082931560508382,4973519d887e1723f749f003a3597faff0967e8869c3fe8d9f4b9d809f0adde0,True
909,L31,11759494094342155752,114b34bb32bb8338536a57b85bb9f96b9f32856a7ea2d62cd6ebbdfac325fe54,True
909,L23,3050491657037857202,cc2d5cbf50eaef8c93bf8ecc5e326eafa3e0d8d3dc3e0303398fa565fa8a0af3,True
909,L32,8799301265560695573,09af6a7423466be045bb19b242da8dc4476bc6e11d58897bebae531b45a6c03e,True
910,L12,3092148935911030990,0b6ef1ceb6df9b2bba98854d9152c92c0d8ac0115b549c7aa05c2e7b4c6758ec,True
910,L21,7239678890428710994,4b20851c371517e83a60622fbe204e943e786516bf3aa0b46d71607191d4ff22,True
910,L13,1327113196564614317,f73f3098ab86425afb7b555f1ebf7ffc3e3ac88b084619b9932392dfb1427d9b,True
910,L31,9643711248176467417,25e1113855fa7b961642530dd3a3ebbc17378be519de27f928a27632334034cf,True
910,L23,1402769923291966025,37aeb11224d714a49ebcd6b66d39843665408ebd6b659dfdfdc801ea0791ae68,True
910,L32,6505106877441154203,4a6a5f4b3b030b633c58a4dc09b964ea05d8fe88884fb47115258bcfc5f3c092,True
911,L12,9042564064770714370,11119bad07c8d8bdbb6187d9033334cbfb18a879763c7501b28393503408ce15,True
911,L21,3015729430120436203,d381da8e97124242a7e45a5787d196c627f852af2122b8a70752f758c0e1e575,True
911,L13,410026840305989145,30372ec5287691aa7897a73141bf471c82bd63993302cc325f5ff326da92fc38,True
911,L31,3297728200573560945,e6110b91c88530198ee81905800b4f8d54ad8812746f51c22d3a880cc8d94595,True
911,L23,7816605595693279776,634adc8d4877921d7674d114bf27eeff6e1802f05ad0b0d458327e98c813c068,True
911,L32,15660842197620607960,c5fa4de7dd7b218bf6d0cca76e51426a7b367d3188d23733da22cf7eda0ff393,True
912,L12,4757114228544875602,d4f8cfa908ad59b1d410905231dadeca67fdb6ebb1d1734896b8b12e3e8a4608,True
912,L21,17174615216409656365,523e36a6e9eff91c759cdb8f5a6ada1856c0318fbdb5b508d4afbf393f7daaff,True
912,L13,16472238017694475334,31b351b6587d7d108a9ab67896134ed9f22125a98553d62e6b4bfa48f770ad05,True
912,L31,14114876818652380656,3fb0bea34c46f4734380216bc31d9900954453ac8e593e66fa56a53edab9d220,True
912,L23,4646982215109461199,2b5dd0f9c5b4ede8f2a7998f64e6896e8ac2533ce33a1119fb08e68e05cdf892,True
912,L32,18344946184309268187,08d0eee863089f13f339a759b55a30def4f4d3b7418253f159b179236dad03e0,True
913,L12,2583723248372487843,11869b631e0e058a91a279da109f809c80b4c1eaa06a94df2d0ad5031fcbf531,True
913,L21,14444915770691093122,2bfbfecad8d5a49db47047dbd4f4e0774bf7892a4c23629b3e87c2b5c7eaa2b8,True
913,L13,4239333034143850974,2a1204159bbf4fbe9cddc4a38f6717e9b5bebc9402c6d177bdf970c88038d5ac,True
913,L31,7446489828322571589,90924e76cc3375f3549131f36b2f68b95613c6943b1b0d9122c5843093a393a8,True
913,L23,16546838832464212861,f7dfdd2dbc24d2078214fb6a3681fa92772dc4889c479f9afc27e4fe610ed37a,True
913,L32,2949474050526427280,8f4fa23f86c2a1b0026b08289a1eb4e0d3f1d5972eb43c2a1d1a0bdeb9430165,True
914,L12,12702650372857338618,72ec3f69c7c1ce6046d597738c6cf4af7b86adcb2575b137d50a6cc6eeebcc4e,True
914,L21,17197792330532437529,58d3924f608c0b386162dc08ad79b75c17467edd7b826835fe3555d001fef65f,True
914,L13,6003057151174675489,033278e5eb5e434f92de736aa4f87f2904f5547882cf9fd630a8408e9595da60,True
914,L31,2756379626813821040,da238d10417f7092492d1e2a6a72989b0db4d3c72bd75915513a8728b3f9b8f0,True
914,L23,10609850921882794494,44c9d96ecb0e758b3934a20bdb96e7fa87244b207c7f7d780b9544d951c63369,True
914,L32,12535348450211604663,57f6806b1987ef225f8bedbcb221a239c3d1c6aab5ab9677ae4e6debea665c5b,True
915,L12,17258154858873432925,50e09cb30c5296e51df15a3f25fb4ffb558fef6e510233d3ec0927d93194b17c,True
915,L21,6691220701796609031,57715cb65692519862992add0100c48f9c74b6e672487d7f9cbe8be4879f23c1,True
915,L13,16063013127228260033,26cbabc3bd8e482847dfc5f8963f279ee0e8d80c6a042d0ab3578afee6ab804c,True
915,L31,16341565366114084652,8bb0e5ce696f931a18bde28880444dbd5176c8cdb946404b4db6ee53dc49a4e9,True
915,L23,757141446516772952,0040219223032a53a894e46078929f35aeaad755f3b828183e35ab882bc147bb,True
915,L32,9305305240859186540,7f689487507b46c49ee77826261d701c98685bcc1f64c61492d888ed5d41504a,True
916,L12,17201043599483495154,bc7046d99b97e54258cac9acaa3b11d67d18476ebc930737f31c35861ad22083,True
916,L21,13634125858770203761,856fd763fcd7ba9f0082c3a85cffa24a6b5d0714544176c361e71667d635eabc,True
916,L13,8019289602355813590,56a47c57299f1e8afc7696d5d1d6247299b011964be57d71325054aae48a9642,True
916,L31,1254272134570703477,246e330a65c082249bd1fced0d5dec80966889f4108ef525ed52719fc1933d7f,True
916,L23,4292857979772526443,cb4c546fd99e0df472b24190ad8e351d8c61dddb3e89c10517e8d69c7992b806,True
916,L32,137779227528479757,091ba4cb977eff9e272a2bcb09243d608c49fb3703309af163c9098b3bdf24a4,True
917,L12,1222155082004644631,11c9e4433d862a78d3206993c45d5c3f5e627069c3f2883a13e1c3546cafe233,True
917,L21,4397174315686139151,81d611904505edb65a759804cbb71ecbe4b75d442bc6e7caad862a5660c4cae1,True
917,L13,12571339834037337363,603c22a14cae00f813bcb873f8ffc0f9f643a6def8bd8395face8b89bfcc05cb,True
917,L31,1107056242431401341,c1aabf8ea7127110795ca0fb419787936b7a7d4de4044aa33490d77a87be3164,True
917,L23,17985914484612462570,1e5edd2900a7b928f487f9d2cd22e37f02b3923d6e4f2f97fa36614ef2db6eeb,True
917,L32,401196602001220063,b5f5fe6dd2954c84bc0cf05b81b942c3242f32ee0e92682471e8d900b455b9ef,True
918,L12,5003928062328432418,fa39018cbac2e4c88b5f4befe5932c1e8cc8898dcd938a1be83c15137c8034bb,True
918,L21,18324616267169764576,2f71de3653216307dfcd1dbaedb88f602d50cb01f29275e63fe989dfad548933,True
918,L13,8624572204572374600,7d2304f2302da90b688470907bc2b0b73ad4b94963ef4a1937d310a6c6eb4aa4,True
918,L31,16736537298531731246,7493ec03d035125bd3815adbb90bb7cf50f55d9bb0bc9e867bf50ac691ed17eb,True
918,L23,10770785853101600952,b5e4a99d212597603b497448d6c7465b3b86f80b0aa991c732b9dd0b165263c5,True
918,L32,846088276258684959,8a864c977af4956513b3da4d719c46a348e80a17babb190030e4cc6d8854390e,True
919,L12,17503567296202211825,b52b380b32011cc790d9315da5c468456d4c9e7fc337e62a7af56dbf893760e7,True
919,L21,1868229477664798859,a811b3668e34faccb29979200a83f171b1953d5b7ced87160e1862d263dd0919,True
919,L13,16439229686666434836,a3a0b93804e196dffea05900eec68148a9a9443c907727de95c801a7bf1788d8,True
919,L31,668047055127028110,b9a6393eeba67c59ed14dcf1358c0545a565bccf614377ad74e9511b2ad54ab6,True
919,L23,15431379274733137360,54c4bb383d0262b5938e559d499a269cbbe678ef9b0ca62816b3bbc6c843e4e7,True
919,L32,17975084652363959578,fb1b086767f52ffd163d88bf26565dcb3b4ed5a1e25b1f131033fcf9f40f3ab2,True
920,L12,11961328864341139305,db5d49674f1f2033f5bc2027b9f66253f5e2fe762b9a3681b4dd85ea65a45f82,True
920,L21,3260023777012418793,262de274797fec1621425e1eb37789b3bfcc9a9db4940280190854bc9dff7ed9,True
920,L13,11818994786404360716,6ec14d5a4f8f82087df0844eade1aa446ed6654c8e2ddb6736be03a614e1d9b9,True
920,L31,16440879314899894040,6a38e4b526030da56b63557bcae40115673b2e049c673684694c869970834f17,True
920,L23,4673998607361095201,6c64902d7e4b978666575564e7431ef64f3df4e3a6972e48a769e147309591e6,True
920,L32,9493502395058312895,526d5fc0cacde7c0c9c9ea69bf9f5f465c47009c526d806f3c8ae388019269fe,True
921,L12,6808562170527262229,80d9e0fc610fc6ed520cb68a5a808f819c3b0763b36d9333960c9c5620ce70a0,True
921,L21,2465514656218913010,3bd63e4a407919de6737e946c9798b015825f1ad8009c2737d5f83d58b8d7a87,True
921,L13,4932734590397140732,4d18d9ca692f4adbb928440078c6422227d1499d84e4beca1bbd138328161773,True
921,L31,13518925838261239929,5baa1c6dd5d2487108e3209aa6a0b55f377fb5a2a9ca2c1455bcae3a368929b3,True
921,L23,12764279582560123429,4c73e28f8cd80d49cfefcd2c719714f7538b376d790146b4b53c29a6ff808e0e,True
921,L32,17651198897071616480,d38b6c3f9ffbc92c0e2e1d9c8c90edb6a09850b3bf2e7634dfa9cad65d5ebd7f,True
922,L12,9817869179235050546,ede720b3b618c5934e98d219f40cd0aee6a806fd2bdfe294b64dbe55472cb261,True
922,L21,6804133875741121398,103cb3ad3aeb4ae8d565b63536f8cd76ca467e2ebeac95d132adde0ffbde7244,True
922,L13,1579997017548499605,33214f709491a8b0c6176006e216963e173f11e4db8d07b48a7bd9b4c4e3a4c2,True
922,L31,7258697860892861558,91c87d5cd0fa337fe87b79dee7f897c04a742390d6ae0b79c501c8ddb0d4f5df,True
922,L23,15285584248491688354,03fd6c236761910fe3bcd9bc408b066886cc6c53c3ad10d6fd4a38e9bceae078,True
922,L32,1717443732007942173,b37816c003a08dc5460f4d5b737bbf960cfa585c3f8556dfa24e5182a966219f,True
923,L12,6749230749642532862,5888400f415c61b2af36456baf41b02edc1d0636a63e7dcf55762aaf3a293cb8,True
923,L21,13576207583929346057,e9a67fab400f509ef5c2b821fd22241a5cb1a20d732bf4bc64660ed0c55fc94e,True
923,L13,7676899711622655279,6a85e6386c826636c9b46577052d00df8c6be4ee591dfdbc150fddbd561c1ffa,True
923,L31,6802737060447531197,386b28c2dbfec3baae190c053e094dd91c76e0b501725d109465dffd006fd62e,True
923,L23,11663017529915964235,86b36f2761dcd1979adab6d2de2fe1550de0c0271845a6dd19089c004077b6ec,True
923,L32,6495760004714618579,bbe898464bead5adeef64f2ada2212ba3a9a3d3168369193ce46229473f7d752,True
924,L12,14980524399331088061,2f2719706f8e6048d72f08b673ebfecbbf6909d7dda9a6c7444f558c366a1725,True
924,L21,11947906806437012786,8e46b9daaa5b4ccf616c4f255144909a023a1a2226bf3545339acb7999492227,True
924,L13,526768569139217055,d38ed2904ec9c81a4d0f7034c62378816cd6621cef99da06c556fea71639beec,True
924,L31,13736761386386448272,b1d42cf4934c6e531c38d35dc0b98b114ef118214304d0da8a22d48d9dd84d99,True
924,L23,3244118031031408227,ae83cbd16a7a4f92febb8633a3cb3d4468ad6b92d6849ea7edacd96ac7a0237d,True
924,L32,18358677270670543425,03b5716f9975058f7332aaa53e26d23297afbf795f1550a32948bf287b186724,True
925,L12,15158834983620668057,a8a72066442e5cd20eba87d086f9a747532c50d56790fb345db1c2c0c53210b5,True
925,L21,10582891109599824053,c9fc35bfddb689c2c4c322ffab4c3fa33584e557687ba93b1bd16c087a08c8ba,True
925,L13,12682669052912138680,6791b6fc7220fd2f10bf67b0e4f952de2c076042a045e67c4e19aa9eb32cbcd1,True
925,L31,13189341214324297473,4e2a68ed203a56694ef9ef64e8d8fed521c23c3b7c7664395fb21f002d487cc4,True
925,L23,18014400063641136295,08d432bdf066eee4eede65d2c1025c24c386d2c06e087c0959c35a0ff3e72bc5,True
925,L32,7360996110985684360,8681f7c9eff6e721fcca26769ea09ce2383cc38cc90d43e19737ed699d743a5b,True
926,L12,15878117592498561834,a469ba63d0410d8bf66cf5fca68de5b836149a2118491d7efe88f70490ff51ad,True
926,L21,3057093460557153853,1648a29cded90508e05619b7872c53f54037134944e43d363173108bf6e61935,True
926,L13,363495302530565551,27b5c840768233a5275fc23a429b89910c1bfe1ecfe6c7570bbdc52e3c432d68,True
926,L31,1179748151198696092,4bf65a38a44c3c02e7a99165efb383e1e3e7597bc24d2bc8823d10473a4cbc23,True
926,L23,7377738722392935868,4176cc8928fec201108e2e60f6d11a3039b83f36777bdac8aae4f3cccdfd3852,True
926,L32,16014188329754581254,b679fd6e659327d5bfb366b83926878bafd00f6bcd6f2eff64b54ed86dd6e05f,True
927,L12,14748590096748140645,ab646eb82b0b40608950d8ae9796171fed92a4934303757fe41001b265ae8e94,True
927,L21,10166464469230472510,5b94f8e1fbd894abfb120d28d8cdcae27fd64b7521c2ceb282a3e3c80387e7cf,True
927,L13,2810732085188106195,34c2b3a1a6423a5cf06a7ddb883a0339897db5ad155d703f11ac934ef60f1ed7,True
927,L31,15574472255376992090,d805bdda7a269e21083202c1454aeaa98f4354982c4b33a885e1e06acce61728,True
927,L23,12028464874684373845,823445de494a10b073c326a4bdc54ee747806074b2228575fb42c09f371bea69,True
927,L32,892537415300287577,f6e86225e56e0366795a51bb615fd57b25f90b14fadbe5187764c42667364f41,True
928,L12,12736047732235028258,2456b38224c009e5dafd81f2ba7feec9cdb337ed0538fbbf6b0bab0cd6429483,True
928,L21,2747966556774304148,b460bd5f58c3e3a15132977c174d4ca6b035e791ab76a7f909a4c3beb190553f,True
928,L13,17590239889917624199,1b878e19ea85a767303b59123f7508bb766354b88b6b8b4b1e227684d8169795,True
928,L31,6895533842669052758,e766d542d344811af514ed2e73b6e64b7f914425111f299e91635fab1b4a8fcd,True
928,L23,6979549091659320425,1ca329167912c87d606fbf4750e92e6a63c0872e3b4ec98149033e42dc698009,True
928,L32,9230639572782800199,5f8a14622fd40f443761555fb481175b54cea6b23be6d5098894a54494def916,True
929,L12,16575690599046039053,3c8c4b9def99c03e5f2b8ae844eaf47fa9c2515a84b667d9076a44be2eed6efe,True
929,L21,6599958286057636615,0b66eb4afaf7979efa95fa50940552781e872b7fde99d4a3321cdf257569f842,True
929,L13,5334027167987352420,da7cae3e518f1275298000b9dd893266e7d17e5c6efdebae50965f4ba3b96a21,True
929,L31,11762614486984084836,f0bc4178d2d55a7e156631f7127651c883c6dd7c01f7c9c1966cd70fc4f0edac,True
929,L23,11940718923081070422,b9c156593c72b0087c54b9079eb8069a789cc03f6cb7c5e2dcaf45754c9606eb,True
929,L32,8724807150525064439,9ccf73a6ce031e661e771b6bc8d7848931fd749fb4f8487860a81c66cb000f5f,True
930,L12,813192027199584337,045eae7e5d2d7b95a75eb79eb1b82e40d009946873f8104f0dbe477ef52cfa09,True
930,L21,4233808961076067805,52eb40a03bf3177721be3edb959e4c4836b033af086b9951ea597157ad629269,True
930,L13,7376247415856313205,6c74ff114a0e3cbf846755dd4d298c6854dbea327da308627570e9ab4718024e,True
930,L31,18317849230730695682,f3beb8b2d2d7003485184ccac91b65a73e910c92417c4fd3daf669c77db12eeb,True
930,L23,1818172364347050285,433c20fd6504ecec770606d1e53be3cd9c2b81701615620bf70e608fb881c62b,True
930,L32,1920298737048447685,7f4dc48c8570ee5b4438c65c6dedd61a8bbe183185a57129f002d259f5bf2da7,True
931,L12,17414674578106910272,08fa5e3d8b4e0a3a23e1201bd3f3e474228b3d7044d87fdd49cd3ee4545c9ff2,True
931,L21,15132776533387721935,1e7bb0c6c2d6d816c7e694046342b5c054c3acb7d84e440b0fea08337c60501b,True
931,L13,13389176861266380263,302a9fbc0e605ca341b226aad02127f72fef37662fe651c5047206106179200e,True
931,L31,7403527349771429984,c02c13a72f5279008887b0711578a4f16ca4dfa79665c1ab67bff6c955cd6a35,True
931,L23,4339156673310890659,cc7df5d7229e66c78765efe3a9c3d1409c5ced4a1e2e0624f2629bef4b72d999,True
931,L32,18348980695024846328,6e0479769b27e8231155fbdafe0255cf7ceca425bae933ec7fda387ed53a9ec1,True
932,L12,162870880751803745,4cb0855cb6a284e72fb1c20ec25d6a0b2351ce4f5c638366ea855d15c6632d0a,True
932,L21,17266068436220735452,b7626f2b1f90122c8fae0c13bf6f6301f0b01769e3540bfee32529eeeb6e53fc,True
932,L13,15237634094657268371,c752756fd89b538b71950fc16d68f8b4f6d0cc5afd786abc2bc582752d000de2,True
932,L31,4227746118381170400,5c7ed2e3cd9ef1b36d37db80ad63bc7dd1b5fbe95ca3cf2a5d0857517cb49d5f,True
932,L23,17330094085504880935,56265165fc7d586ead3ac929b1ccf23638ed1b1f27fe5d7e5ef35105ea5700a6,True
932,L32,8311383966286373055,6f0585b3b15125558fb2d6fc84fd9e9f12fdd561a32ac91f6cc29071f34e3821,True
933,L12,8851983702761290873,e5384278e0c9f2f498c88929532d1f3eb1110f6ebb44c6739e6c288657e2acf4,True
933,L21,5794112449805772930,3d1c64e9995d537009473a736353c755be51f5fad7ff13a8b260ad454ca7cf65,True
933,L13,7984457245182342867,1df87e29e4a00565b47a58023cab92477a93f78f164ee3295dc2b71f9df1aae3,True
933,L31,8255843275278587268,47ff7ab6096809149995b5171476c9eecaa86e4b5a8108b9b524f61c86f5f191,True
933,L23,7742361814767568075,27a59643bc01407ee822676eaad1af0eb2922392c307d7d660bb4ba6fe5a1659,True
933,L32,12117130093332119068,4bdb9a2bcd6ceeb8cc67a3c43f8d4765b3e0bd1c7fd6ca50113718f7c54cb00d,True
934,L12,5746086333324250883,c04b4623655dc5ad5fc67fc0fb80b849dd1f62cd1bfa5dd72df7b1c688e74439,True
934,L21,11071545437159274765,fb868b1f42949e83ffccf1989d1d27594265f907752c87b6861999cba873cc4a,True
934,L13,10784242900258797601,8300aa44b937d3c0540b737e00b81bcebea1475c4fb6bc61ad95d663e0d15cbd,True
934,L31,11620201520941630432,c2133af0462d53eecffdb4c2fb867dd96572070321d44f01ce9a1a1d8b4f33ae,True
934,L23,4349764932344532799,e68008a38d9a9fafa35d25d09a29508830790baa778fb0bb361a44d018b8e139,True
934,L32,4779437829221790105,0c935f809d4fd93fca487a594683942100f0fd06bddc8be4d93f007df474db79,True
935,L12,5635446830399159986,7ca4238fe60e5a26d703330dc83df2ffc06d31271426383f1c4a32172b5f45e1,True
935,L21,8193893359573939848,474c63ff7101bebfab2270c0ee944feb1eeadbf775f3f3ffba3a57fea54df8e4,True
935,L13,7795871963306700306,fe5bcdd1906c4a09a9b114b7002f40aacabec5818f339f98040acffa19f95eb9,True
935,L31,13770614649312241404,b21f9525dd5e46644f94784129f47bdfc93b1534513713b299567a1ed5cab6bf,True
935,L23,15058631700439912296,d503c775904f0dc7d9a0903c9e7a269482102980fae8ecbfc9cf0c7266672060,True
935,L32,16334893897334321164,6748cd7e8c44745896a7fc990dc0080d817c28665cddd6e1c51950e3371a1a01,True
936,L12,10394810432510337363,446d328377090a9987bab9597851296f124997f8e558f57634de90ac8a68dd5a,True
936,L21,12876386872086565531,b7ed4ec2cebfcfbbac964a453c43bf13d0a606a711665d9b5aed64b3465d592c,True
936,L13,10016734016348881411,e512f993bff0c1a7dcc1cd5fbc0ffbee62b63e59431c95f135a111b6443c31db,True
936,L31,6155859418611602106,6e777e5c6bc58b84fa27feb911152c142366fa72426148b35095f1c5c0d88bca,True
936,L23,141044374889687736,10bc7d1c74f6f33c57455894e05464f6222410e9508069c77ddc64c6339ce57d,True
936,L32,9891002007584226668,9d671943645988b142e24306c696c594f30204f0c20224d90c9b654e69a7212c,True
937,L12,10913204190434037183,bc9c5f12a0e7344028916086c82fb3d343952a9b7a59712d441239cc9a4142ae,True
937,L21,12699279264164589252,9e52b4d50188e8d4c61403704526c647aec818202945e3d489bdad71f564d7a9,True
937,L13,754202304742747916,447921e24c44bde544552bd4a39f740e908be53642180b017db0b443c848692a,True
937,L31,1857495804899649623,492cca01ff477157062aada2a2fd7172ced8695eafcaed09e66c3577be9fc769,True
937,L23,11996574556677323990,071e6c9965ca0ad55296a7f60c7cbf92088a268b304244848fbb769c8f4232ec,True
937,L32,15906615258522461265,6b799e98568210ae596b096113e70185659b323477646d5ebff43f810bd8473a,True
938,L12,3000875426839119017,26ead7cea74617175ddff0d10791ce4f3b79cb58c4210a1ad8cd323f35901333,True
938,L21,12232946668532528583,391ca100e2e32ee4746f82a6a3bef774896a5c84db525940f47cae91d6f3fd6d,True
938,L13,10294756336403744761,50dcdbcb84e1959e6a1a4ade5b72913abfe79cb27870f3d9e1c913eadc7bb4b7,True
938,L31,18212676355839940675,824e47a8b5da30a9347d713411a5197559ab128b69135d5963f93ae9fb7666fb,True
938,L23,5338999485661089128,3e505ba0923266be6bb81d0e2ab74349f5c67ec9f641be7890ee4d390a5427aa,True
938,L32,5211646113731806515,a89a10c92e41f4fabd527e823ac4e2642495f3802a492b4c26e7bdf2e337f9bd,True
939,L12,10296829740934316484,58eeaddeceef3c924694bc3055fb95b27da7455ca9bb2cf01c45652877ef72a8,True
939,L21,655840750109948159,d0d954fb336b855823ce84b058fa08139fee6edaea5f1581b3f048b837039177,True
939,L13,4444854034505866636,20ad20091713a64a8acf65a0c591c6cb88daa925643e1c9d019c16326588ff43,True
939,L31,5236331709058613932,224626030c82e31b3d304512c61b9a732c49314537f7d869c12a503f2ba87016,True
939,L23,14142228788913160346,f4dfe4c54d32fd934cfb0852ea5f64087dbcaf5ed1821b66740e0bc80d7d5d2d,True
939,L32,15661990914056250565,478734f6add56a9174cf050b8907f38dece0774d8a9137e1a37c4f6ad9a737dd,True
940,L12,4764117134365284837,58af4d946c1720b8fe8cf86968f074fb51dfbc3c4a0b8d9440df1c7e6eed688c,True
940,L21,4944707768070325267,7a8a20b086278c400e6a86033fd87eaa46f3bd27f70299d3d056a873b034a319,True
940,L13,3122142775468568280,edcfb4ceb03447935f4b8932a0fbc103d30a3809348c7c677e28c1d3e9b0b444,True
940,L31,12537035047941051268,4394032cb06e3dc3aa42176af3e0bfdf7a93d6a2cf77ae5b749851ed5bb6aa29,True
940,L23,3269550400398608558,71b7b881f02a876b2cef192d87a4a1cae11c50d5701fc6a2844a0d5c441a6899,True
940,L32,8414883452919663264,e1bf72fc2766486b5c4b2aab6653861b3b1a309cd4f3f16e71b5c4488a03b5dc,True
941,L12,7563934838144406668,dd88c02aef400326b74aa5f78c845a1e396396406f9bc63a9cc48e3617da2155,True
941,L21,9351617484043430258,6cf961e14338a2545226cbfec1a50bed0488a33b27d7a0154a8b144193d3c768,True
941,L13,10487049726095459469,59fcc97cef636386aa66b59e091ba701d690c537f3e2e5001abf53901312800a,True
941,L31,261469584169112012,6347f712538e755298774ae9acb098124508b076dd22cc337b12ce8ebc839b57,True
941,L23,16455237575715132850,d4bc43e7d8ae0c2a8799fe6655fe98853ecf8e508c0c0bba0a2b9be9fbc14667,True
941,L32,4221871821078023924,3742b391098525c49f4fe33ef7898c531cfa74709d4605e6dd347d743d3dc2a1,True
942,L12,4359013889431593117,a5629b398d6d9e49327e697940233d0d38eb8a69d2b7f34c6640e9b815209630,True
942,L21,6589351029842678806,13f23e114856dcb864fd878edfb22c4db03e13b229837ce51b80d6b2068d22e2,True
942,L13,4335940908583554728,d61be29af207c9c6d680d50975000273b4b6ee5cab8beda81f22bde63ea09099,True
942,L31,10467909869330793484,4d6bcbc7f763dd073332812871519ac7fc26ae4e60401041567dc58d6632fdc6,True
942,L23,12601979583716567050,9056ce5c261320bdefba5ba9253674c187b074014b99950db376fef0c807752e,True
942,L32,2515900697333701588,49d3d821750698b93d2935de7209724a41b3e0a75c4928fd097ce50c3ae93732,True
943,L12,3090844619174055370,d6935d05af1d02b0af095a1b4c539340cf0eb8ff636ba88c6bb5cec27628a325,True
943,L21,17247785187559910695,c192669432dbfd17b2296d6cf2842ec2136c30ce09f835937114d7432936eb3d,True
943,L13,8045855916696906423,bd2d08f5b5e13ff4e4426ac61676bbf85b981eb13d08aea0facadf88d4213a28,True
943,L31,15946825880548376554,196ff8fafdc11d559c98fdb718109eda13b1b178b2ce8f0cfb25561b7d203d9a,True
943,L23,5039400095966077001,aa9b20f8bc9855fc98c00ca7e47c2019eb33d4bf9746a609f87cff1c82ee1131,True
943,L32,17112044415309877127,9571385e5019299da16e2e5ef56c351fef1773dd41a54570f990056e99fa5537,True
944,L12,14286304448157221596,dff14d1b9e981bbe95d8c772a5f6b6ae64b9d341324770abbe37c5625ec2659d,True
944,L21,8350792109561844106,0150474bde7154b171cdb56cd55690ec65bc8e7866a40e4c0a0d20cb850fdd3d,True
944,L13,6363268263942445424,2feed03541ae9d7b38229fc3aa385f14c879420e726dd032e6190ad05282d2b3,True
944,L31,7216416205087300584,2081cbe8759fb23fac2ba99b840a43d36f9c41ffc3fd3806098b2f24e19333a1,True
944,L23,7968383848258960874,4b4ea37455bfdcda0e66a01bb8e5067285478ab60f7b75437601b7d9e68af613,True
944,L32,14052521721471728058,3dd5cf811345c7a385e7c6c001ed186589bfd368aed3bfad051e57d1e1124b20,True
945,L12,3315301031704352990,7d0eb246c9a1645badd788dd7567ab9d93c0d4530f5dbe0dc5e8490e5f5860b8,True
945,L21,13926634809888859946,f74ec7f5c00f6e421aaf3c677349143d1ce8d416c5fa59281723d24becd8e899,True
945,L13,5319267834115598403,6f457b5c7fdeb305c44c599f4bb2273180bc2d7c3e36e3903140b945bbda8507,True
945,L31,12346096396976121732,27b34fdb748206b5be765130527409c79f05c498f7afc2637f9c99790823fe0c,True
945,L23,8449536904298660509,397ec090737f6a1825bc624fdb6461fcb99b6439a3c0a6ab9c87333e250e5f13,True
945,L32,616342474568428337,23a070c5530e81402e636589fbda0520eb62095ddc90f9637fa97964481cb50b,True
946,L12,11621323762702048464,af676d809b3a44adb2bdd7e79e559a631ffc863f6da4d6f20be8ea448d4636a6,True
946,L21,13220635494056333860,934bb80ff02345d3901a929dbdabbe078d61b0f4b2848e272fcd5ec7a6785f44,True
946,L13,8545100981744248017,0de4bccdc1747cc7416496d1b712680999e6b04b8a2afaa8e956212f2db9f69b,True
946,L31,3075996174726992495,d7aa02e9e5f5293b6d8a874693e1272e1978e63776a7fa60b421f4ccd7020538,True
946,L23,17622900085634518302,fa7fda08e1b3c5caf7596e8ba0a8eafa13f4df1552b20863240aec7b1f1a9589,True
946,L32,3253700103873109555,ac568583547b4e56866750c5d6ef7f3dafaec2f9c5d9b6ce8cfc14a53518bc1a,True
947,L12,16065735532975511294,bd4ce4b14d60bf0a010a1b2b4855502229aa6767a2d597cc6ebbc15dc86843f8,True
947,L21,15580664263432887120,b91c19eb9d3a82fe55abe990545da465d03b8a1b28cdf2675dd02110e727b739,True
947,L13,16832223563553816953,7898b0b46a7d3b87d0aa686afd9c0a7fab611471c8ff540a9c3258eb4b5c1c64,True
947,L31,5613826657466842221,db25a611ff429f8da9e667cbab66837f72cb2675874b31cbbd6b43186b0198c6,True
947,L23,5186639284310784518,a2e8d1be74abcd7346fd08705aa29ff265281224a6efcc644ff9dc9a42ac372f,True
947,L32,12807788440984936869,bf44ebe7e807399f00add8f93befd031d824cad44a52c6e6d81d8b058d4a225e,True
948,L12,379113978818290234,0453ac2eaf83d52a5c1c817fd5b778980619cd1ec92b58bdc872bda3e7d4c512,True
948,L21,8592462449238524522,c67fd6bdc6406aaa6abc4f51db7a662f476a711b2f1b076d4cc6db555d2725a6,True
948,L13,14579491924123500971,064c7ef5f226c677f0babd7fc151a9844479ff7457a7706b127f3cf0ba65c993,True
948,L31,15994902300509169454,5bd15085384a497216f1e63b986f0299db5b66847335435060029467c7a3e211,True
948,L23,7572224208919975433,0fabd1047eeb8bec93c1bf3e3c95780b4d3d84d6e5371a4a13de3afd5fb804dd,True
948,L32,10844313321306105297,684021405133fb366667453d31eebaca4e1846570d7f9f4ec385c72ec9e54017,True
949,L12,5463534490737888112,f33cf51ca12b7adb2afa5be7566ce88d20a19f8cf7eecad19d258c721db6075c,True
949,L21,6365172592211650364,7c6cc0f31cc4df80f53e62a316e71179839cf71ec5957690d3881330a6ab890c,True
949,L13,591370814931012212,bf19b6b823e1216b20b3e927b2ea336e2203c92de333f51006f870c2e4308d26,True
949,L31,18393300483558627143,b6e3e063a68d3b80b812e32c10ceec35afa5bd0be22d73f66b9497e8c3040de7,True
949,L23,3084494206950027852,d5b961cddda6ddef04db81d9c109aaea7a74bd3f27b202f3482da69c909a3830,True
949,L32,11959156280174395720,988ba1126c00eb3d263d415fa71710b3da6431fd58fcd5c14bd5a8a60c943237,True
950,L12,5238872665391337156,6a58a2204929f058569d55977a47f5669c42c5a9f8195eda39ce0ab1d5e03432,True
950,L21,3758105630235240251,ef366c7a33199cd26445d669317197f53503c08c65bae5e1290c1b291e1f9e63,True
950,L13,545541789229432709,9953359449d7009dbb4667f3f906046914ebfdd113a68c7084e8ece1883e3133,True
950,L31,9216076096211841592,7716bd86e8cac7ebf2a16c94453917e5cde29f7e5e98a3269620eb31179141f1,True
950,L23,2123654663254524986,c058b34372f660a613be7d75b1975c5d3c9dde551a0d69e63ee7d1c0e8c40355,True
950,L32,2963770301648891846,b7d7d38249d7b589244dbb87b285be4f6d4b5533e98bba74e1f2443e6defb41e,True
951,L12,11048351690491644925,93d62a6f026c03941df46c244a93950abe0ad73c44ac2fd53ecbcd6de4a440c9,True
951,L21,1562603506959564801,c910eea44a70d53cdbec27182880adb326e5ef4f674996405b7b196d87903de3,True
951,L13,2827939769001435230,da89ee37ae0d3727d4c5ef0ef3565f41721171d3734a583c01ab9203a435a651,True
951,L31,15699524760325893183,dab4862c8699590031a1bc6d75f58783da24afa5c8eff2c1e17c944b5a08fdd2,True
951,L23,10509217550478798739,d701af9c6383adb5797c37b4f4a96e2906ee05375c50650c97634df07b559ef6,True
951,L32,6938687210959256188,c4b7843d436d30aef769ccffc31478ebac8fa767d5b81836364d997a1fe64e75,True
952,L12,127531184182170005,eee6eb4cae2f52c7dc1d7ea605395724aa8311ca4170850e9c0ff05021660242,True
952,L21,13879801728105187919,0d4cef5d018b4a449ab994b3560be3110cc3a396fe80f75ab087720d03d47f94,True
952,L13,8214505639318614175,fa900224bf5e0e6fd08203a52a2f4a8c01dd3ff56cb3c0423c3bc6ac32808caa,True
952,L31,9928443881878235512,08ea55de033a377ccf19f8a1fc9e5719fd2012121fb679d1e86b02cf06df2d99,True
952,L23,16608066120015444095,faf327a5e93313c3b927bdb998fe51739c147c3e0dcb1d816d1769ddc0cbb002,True
952,L32,1615986793107349506,503cbfa81f7457c9edc2730924751d2b93e3efbabb9df41c5041392a4ac91290,True
953,L12,16866789410498651442,8ba33f6852a0b0f751c4c89883a401cc0d9418a944616e9dbefcfcdb99d29583,True
953,L21,11777923597361813601,a5bb7281883c7992afae9c1c918f2c1894a47201730f62a80f0c6fe6ec7f9965,True
953,L13,14648175592423584789,8e097c6ffd59e0ada66863f0682e5e0bc9319106236cfeea8b10fcddcc12fe5d,True
953,L31,4659334950492958310,dcfc44c049a4b1795e589e6c549eb8e3dcc5bb027238c0f7115f5f7a366d1e1f,True
953,L23,15847321258132789300,9134bbb4b585bd69129ba7215ae6ed53bdb5c645924e6cda8f13e08bd414ed88,True
953,L32,12433195245796396982,2bc654d61728eda02716a7ef9228513037184faf66dde28b30cd5780758a1d70,True
954,L12,8335723385575685250,3f83567a0537b615f81c03fb6b8ca6273ebfae0bb19193b8628d1a38bdc4d6da,True
954,L21,16227693547093953966,31c775b352866678629bec1ecd1b975c8b2869aa3fad3eb7819a73db7dd9deb6,True
954,L13,15475848462874097109,2f0f60a6dd50df4a8bb80e789c6e6b41858fbb0f6fa84e318ff180e3bba77ae6,True
954,L31,7753835558350679198,003155ca7fdf6e7d8f63474cc4d5c1a7f9c3652b076ea659301c52360cea7339,True
954,L23,12690500052361668273,7339f84ca88eb42206f86e415c2058cbc04e28596861c1c3ece362576d7e2691,True
954,L32,2988733130931068956,a41d1c846ef8a83f7aba8b27c4fd4837cdae6e4b86ce01299b154166a3f0c5e7,True
955,L12,16335755900367883836,1123b46ce2b24da41a63cbfb3d9e0492c94796e85917599f6cff675eee54f0ea,True
955,L21,8364431007407759137,484357b3e9c5ea2f2020f95c03e446c3d3d96f5b24af1247f281e226c7498001,True
955,L13,18388888991156233961,824f12acbfe5a0367c4aa15240eaad4600f9cb62296d65d700be9425f368b300,True
955,L31,9287205564834072608,109d2d82084fcf2825741f62db03fa6477b568656e43edb4383add27ea2d1185,True
955,L23,16630451878980751763,fcf33f1611b8881d2da82598ccb35706acd5f029dcc14aab58d2144066486876,True
955,L32,13614428840053964507,194aef1715070e89f08d6a370a1b2c0002249f4050cbe292f996f3510cc441b5,True
956,L12,17486306160464054394,d330ea5ba24d5f11c9d1151efc92a8389d513046714d7b3137a10736255c2c68,True
956,L21,64732290596102455,0a8aaaeb687dcb3eb659ff2e90bfd333c4ce9527890a09e035f28d1f7e889432,True
956,L13,6658551020314980917,89585dd474d3900d0b74629ab9f44ec21f94237a6d78f365b3dc646094e17076,True
956,L31,3740028316412550973,f3230251dae02e6dd3c6953bd76f44b292ae0f27aa481ac912575bad23f35fb5,True
956,L23,9814765160912789080,2850c27a602a7a0837d3db669fc45ea8f1ce8c0b776264e3df0c4b7ca56144a0,True
956,L32,12577644854136448956,14ad00ea3da07e597d9980e30afe1756c8a7b64567ae3464b492753f22321fee,True
957,L12,788854855814978679,1f61a29e1a0dc20df7b35bc58bbe6d26091a10f3b3844f13ae18d209a3d5821a,True
957,L21,3446263214787196536,ca7fc4ff78b1e2d87fc62067f5d4444453016e75e129424c102b3f82d3608b4d,True
957,L13,10972902412742716222,3b0e516bd60d7e69ca6e799c23231c064ef3ca7c03428fc9aa981f172c0a1fd5,True
957,L31,14057480475373254538,9e5b50e9ec77405ef539cf5cc86ee15773ab7d9c0ed10574bad9023144a53b1c,True
957,L23,13447950994179103489,96da7b7e0091f95be3ffd668431fe4dd91f82c84d1d3b77df7ab4086abb9baa3,True
957,L32,9926579185013407910,f9de4195cebf85650218377b33ceae30cb3f873670cad185848deda037ee6e03,True
958,L12,1210837626012054161,73cb61c13be081c216610a6177bbabeff986e8ee85a621e2906e5486e673bb98,True
958,L21,17845864578319027155,64d8a55dfba5cefdb2dc4c89d13c4537d854842c26872305e6d33312e66de54a,True
958,L13,17098351213820368971,a5624af19b1514d38965bd77cd35043bd43e96e8a570a5f47913c29dbbb067fa,True
958,L31,16515428461347851958,23b4fe314e4f43cf99ac8951d52ed3e264df2f04762fb73239a79397d27b1d4c,True
958,L23,538261887995720751,d14552621782976df1a43887d02be9f8dbf2d587469ea68e2ca804bfbb22cca2,True
958,L32,979844830980031587,a23d3f4824582c547077040512fbe563e62e200cfb2bbb5d1cd4cb35d93d446c,True
959,L12,17113648239587512351,5a258c974ab2a67c5d94baad38440bff2ad76e6e40efdbebe899ee57ec804b01,True
959,L21,14120651548083846385,15c442ef15ec50ad145274f4d2e372c2543fa2e427cfebbd4cf37d44cea89eb0,True
959,L13,11894789211778387263,f22def03e10d1f99ace81b6a5de8cf38c87e841834f29139f675c983a529fc03,True
959,L31,7244308927043872867,50018cbf46f0099a382831e8f5223a87ea012be9a754e7d865fae9ce59413e05,True
959,L23,13460904014457805317,a86f76b06982dd559b6f8d84c027dd2be76ab0828f85311951ddbcb44e2c3f66,True
959,L32,655566660362682077,65d2e5a69b39e7c34cb8e2975e5726d66aaa6ecd1c5a9c90c05bcb7f4e79f267,True
960,L12,1025148637857395057,38ddfb277907fb88493823b0525db8b84d1d1fc604cfaaf6ee54c4e850348f3a,True
960,L21,5226279536467116137,3ef98f19cc7264b57804911ebea0e3ceeec0aa1aee90ce40747633c88e69b4f5,True
960,L13,13336543229692649773,1d6decd2a186a5ba2f90228730225880e001bfe7fd1d3934b5a4b0ca1145f554,True
960,L31,6384211334935781235,4954c79f5691a29aeb87ec7d9d27dc2b0e920567c12639cf37f3b7e07f5efe8b,True
960,L23,1108819228637753272,36b23c186e698fd678a8d3b2ee7f3860f6ad6ce55a5553f1f30ef350013ec369,True
960,L32,7600140658759768349,37b6c0dbd7268c5c9c12b317402b073791419859bbd0daa4998bceb5e8bba5e5,True
961,L12,2390517017564558065,068f1215b0118da90b7c04831f653b4989f3ab07e76396b12ef57641d9860cc5,True
961,L21,4301689813180744508,30ce688f5b32f72ef27710c1ff1175667a3e3cacb1779c660004ba4f9025bf7d,True
961,L13,14710916890094410304,56d3236904df82e7333d9012f80e26081f8a60ce65c64808439645108dfd805c,True
961,L31,7695341756494112934,f5b1d2affafc0f2b928be285ba92d2938ac7e318d92f385647b52d8da5827883,True
961,L23,10608346206786623742,3a91bea8bd8fa31e8f4fd2c2d67041d9de381b3145fc079a352182a89328ee8c,True
961,L32,8472213850503180787,1f33b41437cc8771ecabadadd19394882c749e8b638204aec16ebfd181a6ecac,True
962,L12,3630539706965414867,e2e464bfd4aec2f8025f542a45bcffa61ca3720add8d3cd6406c8ca755aad693,True
962,L21,9055403615816230257,5fb34288b6b20a75d5722739a32c3911ff4b9991b676d9c69150693bd133cace,True
962,L13,8270749580292106086,0f2560f8466f8ba080c2560c6b950e1a0e7eaf4cf9b48aa344a499c9db30f5fe,True
962,L31,5940881622458921033,813fa585df018cfc7836d1146172d5e0246bc0f42a3f40054cbeb39d2680aee1,True
962,L23,6267904252217247804,ddf042c3d716e45f39886a739f4d1e7243027b0ccd304fafb60128aa05d16619,True
962,L32,8109890112777759480,16c3aa7640e412094d69f0c4526e5088d3302beb714caff57bdba6f5c0ba5dec,True
963,L12,6227062610098689236,d3629045f4b350a31889417e06a563569f66249e68ee764f6ef197d436f133d2,True
963,L21,9082556468701983445,b7e25071e02fdaa7415465b471dc904486314217c84a4a2dcc824633e7383912,True
963,L13,4422153462916246060,66d0225fecb12a4e369fdd3fc58f4b9afee27c2614d561f6fa1c390ca2bd0ae9,True
963,L31,14842357321579523114,43e766a3cf87ce74063273c852a6938da575cf31f6221cfb8149b709941e3160,True
963,L23,1515387828902933271,cfb817bea24f80eb0255f8b48d6b6175c065e2e5b73f7d4f5dc58b0ed9028028,True
963,L32,8778290933708245063,f6f6552dd95a9f6998a60f0980cefe048fce91751293e3f1b6d00844550039bc,True
964,L12,7242744593212007504,06f1269cd665c6ab96ea99612858aad08021ff335fca563b5870ac84b8d306c5,True
964,L21,14414146911457598478,2b66cfbdf39e5007bf9de9896d288a419b1054d521ef696bd5cf2bb05f887dcc,True
964,L13,5094299376654254356,3ca719f41ab41ce770eb474a9f1ec4fb948414d2a22c494fdf995b27c5406aaa,True
964,L31,9479498980933026450,31c83d6debafa83a2a628e53cec09f03090a157d27230ee3e2a1a3b3e9d36880,True
964,L23,15052917610174910436,4cbf77a3813b88e261e8ba293b329bc0c882988e36ac65da00dfb75feea0a5c2,True
964,L32,14705300500830139543,33316ea04e5863b4761a29797b98082741a690ab094cd013da7feea90b6218fb,True
965,L12,11874621326909094786,1b5aa6eff77bac585b0ac2e0045bb2e49d4fbee68e26799158389b40f30a61e3,True
965,L21,7307674174558434391,a75b1b32a7c9e4eb106b4be6fda81b4f3f7273c5e76da8212045fe6a8f835ff0,True
965,L13,10377072294218045784,8544a58d870ea8df9249befed1f8dd44624ec278ddb1a2c9831d0f9c838468b3,True
965,L31,8647955565347585411,bc7cb0b4200a4c78446d21f84d0a91869138af11a2c280fe6da037443a3c3ae3,True
965,L23,12888010387729157636,c1972c192a57c033a5baffb4fd6378e4821f31b71e23b4f0cee2ee3320a65b2d,True
965,L32,12217907987210993705,779a077a260c6ed4409c728d9ec9772acf12b4f83dba213ebabc8577aa43e1ae,True
966,L12,12002184391605249243,a50d70de5be4d8e7f601568c126ad2b9eb8bb08825e694e4c387f1a11532b495,True
966,L21,16695324050344407876,f3e9980086c9b76cab6467d280978327385537ab9383b6bdca1aa3efaa8e71ff,True
966,L13,4108879801448183380,cbe933f93d70e1bdde7af1701cbebd12741ed0ab9094b87e17e723e617f66442,True
966,L31,10176109095000030919,248ea21419e07323a8a9d6ba51454acb3622e522f65fc8e1f85b28f160eae347,True
966,L23,1708067244683660433,d901ae23301c0290334581ad71b8ada80b8d76fc639800eef5f14b503919b25e,True
966,L32,14642305736426316465,2a1d9036e431d154a481a135c3f68787e4c21a62db04d1150d7e8014dc364f3e,True
967,L12,3159952540344809219,86360952a405aed0356f14ab7ac906020a29d1046f8b1881e0a9fc6f9afb8b76,True
967,L21,17029619822260921431,96c080b43864c54a34f7fafbd5f0ff2f6381cf7aac67aab30cb7fe931f06f3c4,True
967,L13,13980546229594996824,18b4e4e4fe989d7e0978d976d8df7b7fc55756f9d6826cd86edd2021f5a3b687,True
967,L31,5514605027433647828,04bb5b4dc3f03b4e17dbd31c6a033d2d21bdd6f7da8b8e1959e41f8324dac6e8,True
967,L23,15076751670992494267,1530c2be94fb51adc9a78e8ce953452f091f4ae01764c882ecf93ff84129ed6a,True
967,L32,6428551188319043912,1db478d2b5a175f78fb44f6b629da8e7537b41037715fcf9d27feda5189be107,True
968,L12,8885042554293380252,e5390c0e7948c6f38aacfdbd6c40d7d6fd0f0d568f245c8bff35e9f898dfa1b0,True
968,L21,4702525084762009397,8118db2b887828f78f7814a0de0bf05835ea468dd199316b618ef91862b3d2a4,True
968,L13,15503665360742284941,0e611a807e7f9de95d1bad4456abd7064d5a5ee7beba4df2de9efb8790223aff,True
968,L31,4075646657029996533,206c2302d4df1b63ea6aaccc7638070f81a9c1c884c3dd8c3fc488966b8277ed,True
968,L23,9811988627712600623,082367d78b4582a2c517c805d7fb29ef5b38e8c8ae05cb49565d34efdb1075e9,True
968,L32,210000996036867372,9a1005fbd0a95d6e0657df096171d4f3762e198fde22bf694cdc387425ca5431,True
969,L12,1923350328002974792,aa24074a282ef6edaf1497dff500bcf0eb18dac662149a0ae1c74ad77b931726,True
969,L21,1202443913200514184,ee20416842bf66700dfb781bee0a79e852e2448c2d99e5e2e62d380276611a44,True
969,L13,5800374713918599339,318e2a2262e790898838f66d423e36ab62e52d88d28078a5b8b1190939be6c6d,True
969,L31,18364676634871911801,05d23730cef76f5899056b29f02eace08efa676e1b03093ab3ce280241fd18d7,True
969,L23,3774562722607843181,e71e1d95a34fda66ad6bac6ce8eba1d605810b1a5ea95aec14ecdb2d2547dce1,True
969,L32,515475036136362239,2ea3e4e12894bb65fbdf5c975d0409aacdd14daada4461e7451b26318b0659e5,True
970,L12,5900427937081265438,f8158c2ddd1e927cd8d9c374c53da9f37a57875e258ac6332a16485672499348,True
970,L21,16875032152656690321,364f7211febf12c7998affc30d9dd775f9dadf6d98058801a171c4ba1eceb665,True
970,L13,15106953368064576844,65ecb9977d88f8b339074a7a2ab9bf25a5b8e87fe6838593733855c5ef213828,True
970,L31,12606658801539940565,1edc9cfbb38ccea5cbbc8e687f3a984a7f4d1994fef928c196e94dc11e61fc5b,True
970,L23,5040651156723574410,fc19dfabf9de73c76bdaf6e3678f470f23a29b8f2adbdb4eeae18321800bf4d8,True
970,L32,12263704410921879592,63ecebff43e6ab3bea68e8fa6c62a9df351fcdbfee3d57325e8e5ed102fa720d,True
971,L12,16315107398806902114,7c828d8e02f3f83d2b2dd9a95b47685c73336b41155055650be6cf8d8b263c6c,True
971,L21,463630377400049448,820151330e79a11d59811b64c5144875f12bb67775ebafea8bc5fb1870ce3c87,True
971,L13,15584012841929282154,ab493b0a4bfb730ead856f12de1e78881a4e2ec1b1c11eca56111b622250fde5,True
971,L31,10117872682221448414,b5bce0c029fcfe86176a5bf5624ba569c4a11913acccadbea66afc912033d96d,True
971,L23,11865170451066813724,153b5b516ebe15e29300b54607357cb2926c14ac512b4987faab3b97a82e171c,True
971,L32,14819261470630815647,31a67de80f64303e266781212cdf0436f8f1f3d758f7eb454670a2e231b7aba7,True
972,L12,11853161421536146028,3e8898c0c9c35291277c18d8b3c277673582a5c050e5f842660fee0f6255de49,True
972,L21,6809167393351011226,d9afdb9a9432ffe1653a3515af2a913191dd1e132a63d34a1a654a211976fda6,True
972,L13,2825377451664471648,658726683a5595e2238bdf3363e8db1f2172dd3609956560d42e204108d011a0,True
972,L31,11012963573146057122,df1b9e3fe717870b4a8055c626242540fe6e0b087c66b161b6fccf7cfec97aa4,True
972,L23,4781702599558395954,48cabc7951a6ca926c077b7033a274ac382350a867eb17a792f62bb83b4b05b2,True
972,L32,14856685429106949312,1a07e64ab8ce3533cf1ce1dc9d93b9154cb2d09c56e69aef6942376ecb5da6bf,True
973,L12,8696968205617037865,5bed119750b85b6a08114a426207d0e25dd4ca1c9932596075e9874d003fe60f,True
973,L21,14027745470867220180,6446617422a47cf84f220c79faf5402aaced568a053e44aabeb430b9dee20bf7,True
973,L13,15757783603776616778,967d56dbcdae6152a458526a4a349b1475555eced392410ff04500ec5192056b,True
973,L31,6953039151839502239,bd0a0462258658bb219f027cf984984dad2500c196014b5a5189cc30256aa959,True
973,L23,5442070932100421282,0b5a1f6d7bb8ed865ac8bff87d63f0ca2eadf567d78d55d32f1112071a4451ba,True
973,L32,16775613929503765304,894b6196711a0d7284b009eb3bf0966c3b97cf02119d45925ca814f97e836e05,True
974,L12,5814605076817417444,c7216619b79d98226527ff87e07dc7af02e100de3b654c36bbeba59b8401aa16,True
974,L21,1314515421931133080,7864597bcf2630f5921af36e08e15dd44c003006b773305ec02d61a170b0b795,True
974,L13,12708899017563550661,b8f4fa20a01a2ab6369457a205ec2916c0ced852e62231ff02c0898c9f070d10,True
974,L31,9219628671911306111,0e7065104d0e4913976d87a7ac22f33ed67444d1629e0f54a194ca751750f244,True
974,L23,13871704864674845629,08db1b979bb2f2c2159d25da0c8870f5d5da9f6ffe3e81ff5d880aa47b27b7be,True
974,L32,14715821850450710277,01f5b2a2b419dcd6aafa6af76d22a518193d7ea28f5765e03359d960e20e6373,True
975,L12,959391146002678384,8244220c2c84644a220c598ee3696aef40950f8e69cd726b8d1dcfafc6a5baef,True
975,L21,8167552176512714560,8f9af7d6562bc09e0cafa0dff18a8cb804323f3e7a78a9724f9497961b657ce7,True
975,L13,4287688542647979033,42b4fe820c7fc22937abadc4b7910ec29efc97fec993c39c7f3956976f1c1541,True
975,L31,7415218446992579133,c788b462978963ca9c58b85884d2f8710a6015b885f44c4bac1db8403aa79b2a,True
975,L23,8590275316073591067,8063008201d0ef5c790228d9085f80316a3eefa76dbfa8fb7d636b7db98651da,True
975,L32,1395479601043927423,921e4dae5984fcd48e9cc5fdca223b2b4a7af40e1897c6ebc1bddb6d4532b08b,True
976,L12,16714607534056159953,50b265a66ba2d81b54adbab3c51fb65ee82936181356da488b66591572352a37,True
976,L21,5416990634860553516,49c4cb201090a6c7bdfe26ff6fad03ff21316a102e884c669c84ceeece8ce951,True
976,L13,3594425103960991532,d56b3798404c2e48891ba3576652763b2e8372f9448890bfe3d0a7afac8fc8d8,True
976,L31,13167288190296244762,afa4f7b9f4154122d4d46b9deed49813378c0c7097c6f69cb1c0468b29259d90,True
976,L23,4697117912300440445,93c27cbd6ca8d4436ed04a6deb65734bdebcb13bf78077cf6d0bbda17943ca66,True
976,L32,13214286842819193676,90417ea6ba91ac48f6e55fd8e4b0ce14f40ad60c7fca54bdc6c5f6555217222d,True
977,L12,2970371856985957248,5de9532f37cce9361cd4354b186dfe1b64dfb4ba4cb914ef5c1e6d2b5ff40a95,True
977,L21,4689230895667487667,f9bca3210dd484a69acba1d9b64b3e9843d3a8060ce4ced9e5af5be51b09bfff,True
977,L13,15264275413303197335,195215c197ef898e46370d3b71543275f362ad19459ab689f54ab3f270846b4a,True
977,L31,10343328933495166634,256dd74dd00e2bc2c24f8d9a15d4859d5d22c948a90c2ed4c6ba9aac6934ce2f,True
977,L23,16537309864036108284,12cda38aa38be85c460b66f515a0b68254c75d585a3cc92efd3df6370584ed1d,True
977,L32,13819403982891128309,1c180d8c388addb68e9b5a4c9d6b1da427bbc110c729214b5e2286b98c0f2ff6,True
978,L12,8002984988089726633,1cd1f9d0c8e61768b3f25bbe144176a64ee9c697e8ceba3a4f779462aecf495c,True
978,L21,8883935682879138396,b26bc4282e1973b8fd44edc81a0dbcba708f5cdd226e240b45a23e5fbf6d8846,True
978,L13,14786828065614338489,f29a8718e2f4bfc3e2285a5c61de73b5ce178becb8c406094e637fc0ef41e854,True
978,L31,8221615634149629369,d0b341c59febb2e5fe72cd482d375dc150f4375354e18d826f10dcc46c3e599c,True
978,L23,9000603870009249519,67f87f69de8cf06fa01ad34fc863f3e1dc6a5e7e25c30b1e6ff53a958d3f1086,True
978,L32,2344413093334777391,fb90ffbf985d7248b354d6d6c3663f4843e241fb3aed83b6c5b5dbeb3ef360f3,True
979,L12,3584646343626670534,1efbbb6926a054fa46605a4cc5d3e02f97cdbba34dc84aa634e4812375402225,True
979,L21,9118402435834052418,da9ceec9b6ba2c3b89819036158dc46251ce27c1aa94a28cba9bc3e2bda107ff,True
979,L13,7808180034605594043,568ec50fbb077dac30babeed3adaf37adf2f3a218a7cf911336cffc3371bb77e,True
979,L31,2808298215597286100,63ce4a021575d3dc9df2698e74fc377ed2d074c4965754e175db451d321daf1c,True
979,L23,11799912568612560444,371add4404b98c3fa3c71b4d0cfdca0b9389dab301308ebc2a7fa6ca78c42bb4,True
979,L32,3232504106606273611,99944f9df20f0ce7e95e7bdf1fe758fc2b0270f51be9776d4b5138fa8ebc4168,True
980,L12,15191491012997562985,4405ebd2e0d6ef72e186caa54397146b8baaba4d7aaed1cff034fbedf7a9d556,True
980,L21,3307982468831045670,2aa88ed22d9f64af888997bcbc682f62c1232ef7c5f3e25e767fb569bf2593e6,True
980,L13,17151263281006922153,064d0f250de712660fbe8021a09b54685962bc1996b28eba173f853a700f8b4a,True
980,L31,13024458137791485588,7593632378f9383cee5a7dae9b4edefcb33ee19a46060c27afca4f25dda611a0,True
980,L23,10128277595651744601,3961050fd28004e42ad661f3a3ce565bacc22c160c65ef752320a75068e25a2b,True
980,L32,11751276016315954918,1b1218ecfc502b2c083e198f9874b7155978b620cafbaf33362008729ade486d,True
981,L12,11784656773532721544,9092781e2b6f6106c0a216efc1c97e3c3987f44fe4b47e6f69ec5d70ca86d734,True
981,L21,6586893129341337693,c54970e03c67ad57e17209c115f482f0adaba8a82a51476c3fad31c648554130,True
981,L13,12077777146993844724,576b964b3e7cf2249ff37522e9b7e534b08dea04db54d5aee642fab33103fd38,True
981,L31,14925573267841970156,499686e0cb4fd93bfac282727cc9a12c51d47e02415b4a2fd83c889ce7fadb3b,True
981,L23,4311975695975199802,277c7c1005e6483978fad0edad6f7b545745103e3b1abea55c61b052c3bdf1c1,True
981,L32,13803445875611461361,7797310d5cd72437d2306f4e09996bd09a2131a5c3ca03cd790a1b2dd6aea614,True
982,L12,4478832507615736823,3d6d7da13b4db30cadea2a13c23f034dbedd8d749fbcb68c72a6a4a3076ec090,True
982,L21,15305264668226125853,33006fb5267062a7c4f4d7e06ac0db78e2f1954f641d3b3bd20c09ee81423ccb,True
982,L13,8058161847631565394,13da34f3762be323387ad9c6d6f8e47451f7e895c5bd272ab13b2f4b6deb6252,True
982,L31,10549209206353543007,6d2931d442fc1644809c7a7e07a80ddeb1f1edc6ce38a7be28e08438a5d6b9f4,True
982,L23,4562118747000692822,c3ffcdc80e7b1ff079e1afc05356b89554da4369bf17a25cb5c1b51b54b650ad,True
982,L32,14043856596540188233,5c8e9a69e71e2df91b79a43bc4448067976a30977904f2fe206448f1bd923b88,True
983,L12,8846009560924396238,a82b2ba55d4be97b967a15e0237016b4a9155d3ef5574823b54af7161f966887,True
983,L21,16912711033392533828,f37b486f76e09f29c22095bf02a1d59b5e9cdedc3b868d5d51e8cdb64b38b518,True
983,L13,11376428522781355545,b0245ac6fa5bc690a9084f4d2b7b9f247c9df49ce9e80e39524d3fe711eb737b,True
983,L31,14886130860986516278,ab2edb3259bff0b8371c19e06b8a97ee8affbfd25cac50afacda7cca4c1b7e2d,True
983,L23,4635038945976646186,291c7e774b11b72d9e450a622d28285641a0a372b2a9796878988cdf4637d816,True
983,L32,1688686435875751336,3244577cf877fb4c44b5cf2c973fa9f174609e276288b91e81dd134441c6c4e9,True
984,L12,5900039775574595696,0f36bb294b0696a49d900e0318b99c10058f77bb71d3bd7faaf02e7e96d69361,True
984,L21,12425385098709473873,ef937e99109fea2806c4463b0320c375b47c2ec69aaa0c4365f40577518a47ea,True
984,L13,6408618576865761320,5967ba847e29c135e1d1385157079355a3e721ea1524348a949a74b4917d6176,True
984,L31,16070005043263653362,21d522aa65cd27a3c398cf1763db4b08ee4400a877f5ce1da1cc33254b93fce0,True
984,L23,2200083208939857031,e303e8103c00dc0ac023c2eb32324e0202447e0172fb7e3a178d6909d420a31d,True
984,L32,13044347351823515546,d24ee71dc2e121078d708003547a0374e7a7f2c05eccf8388dcb6df2afbfa368,True
985,L12,18306655989739114582,8b27c9c2496f8bc7fe1df3053fef6f66e063ab858355a8f359eb12b02bd104ea,True
985,L21,18218503987345063456,cb82683ebe7c3e10b7821ee32abf78e5e7f05631e13bb696a999208f2a013491,True
985,L13,8972704747183955100,a7754ea77a3e163aa517c7ba503f1ab8e4f98c42a69f3647f28950c4f41f2d14,True
985,L31,9053218938994598574,de448d6196fc115c12859ae9f898431383a36d47dd66967b69ce77fa5ef6d6cc,True
985,L23,11789236474659286905,1a506fed0c40b8cf0fc2a0d259bc326e3bed6adf4cd05ae6ebdc8e89f911cf19,True
985,L32,12799139796655000029,dc9985003d9dbdb08a7793e1b6b78b65ebe04a02b428e6c545f5c9a48d3c98a8,True
986,L12,2400531199453865381,97053161c85d7aefd99f88b932f80c511686250d9f98d88d069533339dffaca5,True
986,L21,2759791194250941663,13a40b82ca9f5fff253046bdbd568e8e408e93dce9bab1b12c9e4a5fb273909c,True
986,L13,12232063550822008551,668e112c610e6c5aa67b96fb2ff274b019210f7d0800462a8215c4faf233a455,True
986,L31,3194821131447311793,ce0cce00ea96c1d17db697117d307e8c5679052ea101efc7c76e7824acabfccf,True
986,L23,10249955463016304677,c7615c7c80ea59177e53f78851e093aabc6d06ebd3acc1cdf927d227ec890866,True
986,L32,16200783893679246328,4cef2bfc0e4076b17d9c7302369160af8e116877d248185b370234211f4181a2,True
987,L12,12604037268013300987,0942333e9e7d064138147f47594726088ab7cc643792d21cb5eaef60f4fd85b2,True
987,L21,10885407008978444591,cf34fc69387c9669409c8e486ab3511284c1781fda60e171b90888751eb48800,True
987,L13,3214838451953939866,510ce38fdb9b8a17c606710a9538384fbe84b2d8d753af4f03fd9a129eecda01,True
987,L31,675709555416301908,031163d156c3760b1d334ba76c56bee1606f4307a10f9ad89c0af283e35433ff,True
987,L23,15609051558998611647,ef29c3857434df757ffad1b7661d745cfb53b0350c43843cf4308c79816b322d,True
987,L32,1411250422814744238,d5db44388c006fb1f0aa4f3ddb9894101614d7b91b6c6155357f6d004e9c53b5,True
988,L12,5367603764615814304,a621e37aeaf55a3894f0338a3d931621ba521b8bb5bcc9dc4d1f509d17ac3db5,True
988,L21,12083794405447879044,8acde5dd9fd19d6ad3beacaacfb8c96b255485c91c224d3781a905169b9fcc78,True
988,L13,16250578938175375727,1e353dd52107a364de3e3a042b9655ef677a5a7857bd998c807fff4a35bdb5ff,True
988,L31,865279472316386107,640cbad9a5fa0daec617277ed5d1262f9b5104ea0d9954a5bb64b04affa64774,True
988,L23,14520534117710843640,7e8e7a299ebe477b58695d456d833620ca0d9fbca2ac7d970f393b641dcefbff,True
988,L32,7390428614989171071,167ebced8d5cc286a27b5d072f0b7f1bf4fb542867aa824bf3731f0fed60efe4,True
989,L12,7260887142377307837,8e688942e299a81883cdf9b82be69898f15d3eefb772ea5a77a478b0afb93a17,True
989,L21,12886208389147254466,f8c63a588ee099ea2ea69e87b48d4dcba46e767312d3581c7d4c633e4b0d2869,True
989,L13,6997779412260544342,8a8e1a09b30a3ff2369e048a04ac2860f4f71f7e41e9c7140e1a53e0e5d85e05,True
989,L31,17543903291738512749,95420db8cc441f536f1155519e99358d9142e0789c0e3c2f98c41429dbba38c7,True
989,L23,1289673732381867308,1b89842b5b247d3bf406297b765062f63545f60165f009a6ec408f6a21c080fe,True
989,L32,1301969313772251662,650f2b319e17dfcea1c6e155a0ec90acd173d1745fd0727803031219baab4f8e,True
990,L12,5265825028159898023,c0ee461ec74f4feea867591fe07154ad2ec872d945854f6af33284a6d8bd2b04,True
990,L21,1641480343622441390,aac9b2ad5215e5f0c9955ae0b4b721c95e4cef8b9d8f61bb713800b3c0a06cd3,True
990,L13,6519482569934419282,2163e2afe32f1db274eed81937c152828c27194ae38c02433bf1a852911aef43,True
990,L31,4562293440429526238,36edb9e00b0aac4e7aac1575a8b0b112385351718b0d11049ce5a51cd5022828,True
990,L23,7392099269480732506,fe0406deb3b225d638f74c92910b2361820a0c29c5ecc6128a36b24aaa578be7,True
990,L32,8538163603193034785,ec19508559a15235c47a2d3abba69fdfb2d0c4dd9e0285e6f1bc76094c853a33,True
991,L12,569121352594798494,cddb14e3cf5e6e19469956b8a56125e3477598374296f4a05f892eb6cb05a426,True
991,L21,15071058643715235880,bd4659877306190ca357213af2b1e6b7143ecaac04c41113fe9fe5c5d26d93e0,True
991,L13,18230822403030337501,6e3d67bbd6263cdf64cf023e5eff21bff1a8b277fbeba53a0d0210774b3c225b,True
991,L31,6190505888907601680,af019cbdf2dbb6dc60acea15961ffb0e89904d454a32b76e5aaf50bfee252011,True
991,L23,11016250565231349067,43d34dcfa4054ed846b9dabab2ff10a2d39b2bf4ed38cd15ab1b58e45a2bf179,True
991,L32,4903999473730215342,e7febefcc35d38d8ce34e59dd685600cce0f2b2c7b71345079c32dfcb9bda2e1,True
992,L12,2533971019227539607,eace13753cca2e969e9b39acd977fbb2dc3acecd7fe5f805aa4aafa6f704176d,True
992,L21,14273092541405855033,aaf0719cab0fec0d75137ad12cefb717cff3da0392ea9df6240ccba65839d2cb,True
992,L13,10990320634407595635,1053fcc58416b8b50b27c60458f4d5062440ac7058f36bf92524eb082fa3295a,True
992,L31,2682295671179320057,3b7c0b73bd260362c9424d11b66ea1c3416dc32aceb4a3329f8a323debcfbf8f,True
992,L23,2460505378123094635,06fd19a5d979ca217501adb78dfd6c16e598bc42ae7e97a25d17771c03689641,True
992,L32,1309221167252066682,aa688774032f5976dd96acfd2b88646542024eef8958cb5f15cb3da5128e3688,True
993,L12,16843326765972288636,70d18e62d13712511f31120409b03616aa52cdd41d80ffd6c464b0266ea5bf93,True
993,L21,6850708677404839949,9bdb414924155eabf7e3d08342b44d4be68a1a4f95e4554ae36234533a64bfcb,True
993,L13,881155457975733696,af3a9557897e916d352854b4b5ccfdece82ae77bfab894d28a1ecb37891d1ccd,True
993,L31,12689969664942345601,d750dad3ccb81ffcaa190e73df0fce67ddad76221d561cf8e753008283adf419,True
993,L23,9361235970337451989,be99ee249f7fd342c876b4149d0ab2423ccf87bba6fbb3b364b0948fb2499517,True
993,L32,6289196193738136572,b6e56148fe811a16d096012d37a0f74e41bc36bb56f0256a4757f4445e8240e1,True
994,L12,10100591103892220548,44e97f77ba801a97750c9a80a2590dec3a24322727e00d42b70e8bb105941725,True
994,L21,12838067750104322250,5aa1aa47b6de5347a5fd3f40bc473f698ea631257ce1c5291857ea8335de6ac8,True
994,L13,15110720130029400619,c0d25cdb1e46d2abaadf0fb67f008539dad8c88827f1d05ef5aad12194baf1a2,True
994,L31,4958805104284066386,188f2b50d92ba14bcbceb3f68538db533b3c466b85161c1633aea4259e8c8f23,True
994,L23,1368919073792200701,1a8b477a4ce8ebe9c6b24a945888ad1c215b8f275476c75d17cc1c1818b3c777,True
994,L32,8950728553327959219,64e3dbdda5b025ac04c6111595fe40c5162d7c367a88d2fdf135007a9b920349,True
995,L12,3104847244939660057,b0fdff5674bdb2ab27742c012bc557b36a5ccbfd480959dabbb583c069a3951b,True
995,L21,17692214481719336018,81f2befd4c518ea88f6452fb9f6008a257098b8d23283079214a07bcb7242838,True
995,L13,16156890557394396000,98baf472ed9f5a685cff36129fa0bf7a62120d19603c13e41532ecbd469f5e69,True
995,L31,2674010711400851038,8aefc65ec40a81c0512dd409d0c65c8257f711d49cf74f588848dd0af14ce869,True
995,L23,271605259352626924,aa7495790eb1350b6cc78aa184a722d97d2cb2d294191bec17a42d8d3ee411d3,True
995,L32,11058112645844767398,fc65e9c7a0fbee7e9d1bff03db6516d053f4bb290a32ddb62f4be1e2c27d5f98,True
996,L12,1339053237442346184,397c1868726299173c817c386c4b071a39325d1da3c2da26a405f69d18cfff91,True
996,L21,1181013271020702373,1161aaad5a5fb1c5da92f7e2f4db8bf7a1dfd4d99647167e4a2204dc6138a439,True
996,L13,10738491433234384764,f3b20f77a6b1f327efad2edfed65f978e11c944e7cf0202cd4cf3e528495e67f,True
996,L31,8431749254575076286,d3ab9bf14fcea9925236b267c56e3775d3b2704ee987b3a84d4e4e317f1a1b83,True
996,L23,604295790512277246,c3ea51e7a519669e7c6dc406dae6fbff01e46faa9b3da85abb918b15187d0fa5,True
996,L32,3859515341694078912,1f4c92285ffbd1c877569be9174be5ea6ece15ea84b83c627ea7f0c1cdb7ea90,True
997,L12,18277570753484371475,92e1bedc92b91e27cedf255f682a6e1ae017c60482d7520b623e0d2586f74a38,True
997,L21,15753275039571706876,85783a8c16e5be1bf36b7b1476dc6746078c1ad031a06ba346570cdb1d0bfed0,True
997,L13,15379022612251843163,4d5e32b14ef3b5c50bf7154a5dcd4673aed9f14310a72e8e241246eda144f2d1,True
997,L31,3657055958756975598,7e77bc0c4389d57402c32c6ec026e2deb3a8886cff8032ee2cadeaf13d698aec,True
997,L23,4156325035452638650,093c0d014da43bf4ef2815b6870cd4ce72ff0c0c8f9e352408edb31f11b4b6ee,True
997,L32,308390145421034665,5f83d6e3a44623e85c56cb37f6e37adfe6dd91f17efc28426b4665cf41b649cc,True
998,L12,3178027741224990019,9b0e48e5a7fa6ca72001cc22d2707b6a452e3b77dc289de6842372a4f6163856,True
998,L21,1380084722548545432,7cf68c8907c2488d3093d6dd927731f45ff43715daca3f198fcd66104ff7ad61,True
998,L13,7152020622324856932,f749dfaede24d940909370d5b0a6e8f4db894f8ced833ae5bb9ad14512b88b47,True
998,L31,11931129349470690213,2a6f4f2315a9b06d68e69291b3777c48bbb2d09c412ff1ac38445bb3a2c583c8,True
998,L23,4458304748215676822,3152e7b1be7721ece4758c6a1df4d85f3a313b6a7bfe76e84cefbb6f68d9e501,True
998,L32,9534126833441391842,d8ddaecf9d12ce601e72b655be69f4e7d12aff2e158e2fc9a535cf735ac5707c,True
999,L12,16168437848868383246,df95d091a1ce35b42eab72212229b019ed8451301471b7bbd292566312b33c6d,True
999,L21,3853449329392935920,aa9ae7a498f7dd72ba1293275f290141283e82d996b210d5d161fea0ab3074e6,True
999,L13,12474890705815266217,e73f5c6ee1f4e4d3ee87aa98966b1712b4f1678c7c88f4c37243eedfd5811378,True
999,L31,4611684357009142743,0ed014704f8a48badf0e2d50ba386bba0b6a9f08f8413735dd4c4e14ea4fdf80,True
999,L23,14849194679465539016,9c3a91bff6b303162f1ef3ab35c5b87c027a6232a23d050f041efd708593755d,True
999,L32,5226607842840677662,9d8c6e0c85242b91333989852ea2cd6e8a31a0a267e22f5de133420f8f578fac,True
1000,L12,14717973480070831287,e5f01ab17726baf2300ba52441128fd16112e2084cfdd43cd9332b5e38c776c4,True
1000,L21,10196238511402599711,e8833417039e965339e8cf56bd68cf65a952025fd4eb9e1533c6fdedfe7fd4c9,True
1000,L13,6724688492244985,9381eee0e8e33bc6938dc638727562be10ccee6030d5cd227ac3f34b7b9b707e,True
1000,L31,7376280405126406389,9d23782eb329a357f3c50a4748f0f5a9454778e4769859236d5f365091e3fdd0,True
1000,L23,15330955073580767631,d5304dd4a5cb8da7144f23b49d5a497165377c21eb9c4b574a82552227e671fd,True
1000,L32,328187385961152638,f59363a500fec1888452d0f3dc2a764b96f94de909b00cee5fbdf11cc32eb460,True
1001,L12,195078075894766778,b11d5965907cca1addc0c3d5d5551afa63a98c3ed90ff7d0eb16bdaa83bfa0be,True
1001,L21,1554826436122873607,f8029a93812aee03bf40ecd09eae3df057b9aaef9e90bbccd3c288b3b5577754,True
1001,L13,17282103591133498144,cbeb7a0856b55b81c18a423b24d10d071a988d2849b8902c8f2846527a2b368e,True
1001,L31,8690939469620561925,c9ce3cac6daca73bd40ec026de1b0c6fe199219c6ec839e3529dd13bd5dcd41c,True
1001,L23,5941319936601398859,7f9a21f7197d7922e6583d90b9f0411706fe3d774cb8fc85ff3a54c610dbc5ee,True
1001,L32,4132073616850217697,b0b149297c8c5c83c27828da38b07495da855b57e4cb1f4b4596d46ff145110d,True
1002,L12,10406592793763593470,dc1edcc398ff6db675328057cf136fefd3881e24fa8e4f4c70814481a76bf01f,True
1002,L21,2658941717220347130,7c9061d6fbae8449617d563dd1f615817c2f761e85e2e37ffbc8c0220129c8ea,True
1002,L13,6646106852364552512,44ae3a772b8cf72da25eac1bd16ea911b132e784dd36aad2a7504b2e5c353bb0,True
1002,L31,2705280471555012269,4d77d2d53a22396898d415c37bbeb58bd704b359b2ec7ed81757daad6f6ace17,True
1002,L23,8287900081660800932,f5f09483544c045a685c9daea719aede9a10567072b252439c809f4c9022b996,True
1002,L32,2135590807943362382,72e52529261f41dd1eeabcfa24b094afd619061d234dcf40bb0e7c0b7281ef85,True
1003,L12,8519635792299861800,de18573a2b209af2ae9c0669658dcff9599bdf3080f0cced0c92977e6129d313,True
1003,L21,3585352308835482914,cdbd5882a8b19e79cf63745d445c304938157342963f91f7b430ac25b5746990,True
1003,L13,3288632829338216865,4c80e2d42e7ee349793e9940ae6f65b66fa79abae2f37f59659b77e9de8f3dd3,True
1003,L31,13007928200747603761,b6c0e011d5f649c9b073c6449f59f9570649a0c9d9a56f1ad5732ae2a1b837ab,True
1003,L23,8639166964774297137,fb2b0036ef98ab79a053d8bf991333aaa3bdab36fd85556638bfcc12e33ce19a,True
1003,L32,17636043380582011088,022eb160620e4784b8fa4ce4a0412e319718c3b82061345fc64de341eee12ebd,True
1004,L12,12077665645214099757,4953868bc546715cbafe3ceebd2fb633b2d1ac6f83ee047c3dd0283e1f82e96f,True
1004,L21,5387846914801963858,cbd74ad59cf7f96a5c47f09e2eb75869af894a573ce8c57d62224662dd71b357,True
1004,L13,10383450887807528884,6aa99644cbef522662193e71c1da2db7f6242dccaf1649f278474fac8e6af8bd,True
1004,L31,14450397940486043648,ff90903058dfabb1acf80e14da75f346eb0ed2108abf0cfe113dfcafd11e95a3,True
1004,L23,17355482996970522492,8d7d96c96b306163a7c34b704d40c1f232b645eabc7f59951aa5f65e9a4409e6,True
1004,L32,4411098405934148743,20aa50fd59f164fd78650f3c686191a57c81b03dc34d2376b5c5e8fe5f5f3c60,True
1005,L12,14167544253130270834,8fcc190ed50ca698fb99a0d6a4261eeb5f556969bdeac0dfef9cf1d516ac691d,True
1005,L21,17455538322151158313,c571faf45afe5c9c2c9d137a0bb4e3615b8cfa4d6b39ac3bfb77940767f6d55b,True
1005,L13,412849645031611283,1767918db77a9162fba4acf7a8795f9db4b39fa746ff7223409bcd53330df63f,True
1005,L31,5787254370146611313,100e39eb3e8c3c2fe24780d5a9c67caeb56cd6b2bfeb9848d31def2b1c675019,True
1005,L23,14546217845444396704,d2fc9c342b66e14ad9fc52bbad30ce80d9df5e17709dffd21644cc24a0cba7bd,True
1005,L32,6329050427665640808,817badf06851cb057079e1c024bb8a1c79481565873cf517b000ac8dc60aac2b,True
1006,L12,1648544859967179420,ef885e8c76a66a2255825c84d06e9c5234dfa5bb219b73ba23d086368e821f62,True
1006,L21,15548052253771326402,a855b43d54564ef5626937b75ef017007334f2ab2fd2fbf9da78abd746739406,True
1006,L13,4185585979998645968,01ef8bef0b2e2d865e5a7293d435951d554da0025e842a779d05ea74e18ec501,True
1006,L31,14411516852902877461,9d5c03113abf61df1090c3751ac837b9a95388d7fafe039a121d46f1a4128921,True
1006,L23,11013511068223441636,ec2ec316481a4ab694a24e9ee741300b4b80b51ee69af4f24a7f49fef54139ac,True
1006,L32,15273206374030988206,9110eeae4af4255502cc516c9fa15aed798917b9fffd120ed7a6505d26c6d454,True
1007,L12,14257551924480269888,03b4abeedf7edb5a88ccc716f68a71268b4bd1a96162a5a015806dd55532c4a6,True
1007,L21,2864368865452129783,6535f0319f57050dc656360878cd9aa3e81cb1c631045d927f550e36cbb495f6,True
1007,L13,5372768617273259187,ce8892fb15fedbc008c613ef2886a48851ce0ce48f18643ed19f99ffbb6a386a,True
1007,L31,4708504169137818364,d6509711384db62b59f8b1a87253745365717ee1ffdab95aa8bdfc1178b96423,True
1007,L23,5535239238868837400,14a75acd7e42228c435b9f268c681a4ff66efdd7383ecf984c01aa1a63842f0d,True
1007,L32,14728029479977687887,ce0b89e8d0c09d928b8e3548414340eac7c7334e1049ba2e9ad2449247439b22,True
1008,L12,15879513185942793296,eacf9d878990ddb83ebdd59ba23cc74700dabaff152411da757cdbf53931f658,True
1008,L21,10360846122169034701,7c38f51e9cec2eef7d6c9a70d65bcc6ed6de3279045381d66cbf040ad5b9d324,True
1008,L13,13455850099135586325,451a9d680cb6f8a4e6f46be2d5a4862266589d6c7a531c8b0ee18f223bc78099,True
1008,L31,8373158264140769697,03f9635723ca67f22089bba2a7a3fc99ba58531dd8435466b162923243c21005,True
1008,L23,4818252396323483134,ba2f6652ca9f0f334493bcc71965a9aff17b2008b54585bacd84137832802dc0,True
1008,L32,4848950290840500919,793a36b0ca83e90e8abc4e01dff56b31d489b63cb4686fb96944c751c2933e17,True
1009,L12,12156231807207806606,63d7f6734b70afd15c4d47abb4eea1cc976f1795bb8f233c6ae923339a3dbd8c,True
1009,L21,2011149427667338399,28422bb24febb939ab2cbb91f2cf5c58aefcc110ffe2e00d7de28b08ef9acadd,True
1009,L13,9928973349803731577,b221842db93e2dc6c7539e5bc552024cb8eab4636868da9df50403921515680d,True
1009,L31,16737082055634632255,744841f7e8fd941bad1925af5d15b6fcbc514faae622350c496422e0362d8d51,True
1009,L23,11446975030427334656,b67257777cda854ce24ac50f977cc1459d67ce2e3a5d7713ca47a983a260f169,True
1009,L32,7481488092335375822,a13f8cf0856ee32208cc0db8304fb92632426397a4ac6aa04a3d8814de6cace6,True
1010,L12,3830428030102113843,4f1133cd93727e3a1997093e78f2136c72ba80713b7c3658ac7ef6367402cb17,True
1010,L21,8514793148180754193,f1b42abbb3514765315692f1e49030c42a81db1f22d7ca2342edba0a2ed4467f,True
1010,L13,9602973363565097672,2d2abc36614b033147b544ecc802e1bae63c64dcf87ea30ae4923ddedaef04e5,True
1010,L31,17840660443701680458,669950e492fe210623c101f22d532801de1d18537f3315cd5026b5877df8f84c,True
1010,L23,8543960224045823623,f1f8acfb4c64f4ef7838e29e2bc049629886a2c4360b26cca64a2e2609596c76,True
1010,L32,3050671643482104403,c693290761575af3e3c236de9020971a656f9bb2dbe914dc055231ab307f3d20,True
1011,L12,3201511867706423631,6156ea8b06a0be727c49d6300026c05d63d1fc4e827e876fd0e34bef0b6a8361,True
1011,L21,15681101072927300204,28292513e1417a198969b5c5a698c3caca66e46f0b22d4b8c488c769f0cea876,True
1011,L13,11488944275648895341,a9a1eb091a32caa12ac3246ada3d766c83eccaaf0922c5db791f6bb50de3575a,True
1011,L31,1148865475369035260,686b97eda9a3275ea70d09d3ce12b23044e5b1a702906a51efcdb7aa7b31481f,True
1011,L23,7223832569162842175,850f92554169ac995e4fe7213eb5f023b5134ad1461bba0119ec62f3710f4874,True
1011,L32,10031784668280643334,4d5ca2eeea7925581cf9ea24094587766496a6fafc780cff004f18e88f82095b,True
1012,L12,9192819500524238600,90693498ccea12d0baf43cca91e7c75497ceb67deeb7f68fbd9e7bcfb9a161f8,True
1012,L21,2606080495371136902,6461a38ce2dbe4fedfec647f74fec2ace8e0b7834a16c70955d6c7d86be41023,True
1012,L13,9547830427627516288,1adce39407cae6acca63fd4d6ed1b3fb5f7266f8e29c3cd705ae75256b29d926,True
1012,L31,5452115636112729887,8641b5e5a6e447d45c7bca0990b560e40a7762f0bc0e15a93deaef0dcb0afa9d,True
1012,L23,18010594850804738675,9f4de168e4cb54b42fc1173c9441dedc5f10fb603f3d28ccd2fb73a6f0f24b73,True
1012,L32,13038077508654030112,4384b33cd5b824adea0fa836b33a132a098b03d7465067b3af259f16e8e548c1,True
1013,L12,7877398738284242560,9120cd57642a3a46d598b27ba098236470d098a7ef287e6967f9307da81c5a19,True
1013,L21,2117465934532481305,6a97be3d134c0d768ea608a11ac43860206a732edd2aeb1d516ae225faaab511,True
1013,L13,11465667981075072709,c28fc15ca43d43a5e2e1fb10e21f9363a76d7d7bc3f6f211d93660d47f5c9fd2,True
1013,L31,307292192165195128,226754437ef42d58faece6799df846b86d9046cc21b77759ed5d8ede667856de,True
1013,L23,16511082273480849519,6f768396bbde26629c18ede4b7c13d00b5f74f84703580ab267b7fec85f06926,True
1013,L32,7488471448233261174,ae9cc3bd5a959096decd27b9fc2cf469aa51935003e44ef7719926876c717101,True
1014,L12,18181073323135659448,bdd17bb5d42028f31bd9e4e927ae99ac537cce1ca9c4c5830d4bd33e24e080de,True
1014,L21,12792747932160273322,f19439d33d7b3a5266450eebc548fc33997cf12a8be7cebadd734422698ea9c9,True
1014,L13,16633255490104397791,c0f4b132ac4855e79158a6f853731577986a26a8f266af2fab6762bff3afcbb3,True
1014,L31,17457639877215141727,d3655d8267a7796781e680df79d537ce33a4e8c6d604521c933081ddeaaf47d0,True
1014,L23,7006821543641681124,1b0204858b19f4651c8c48b0803f150f1618fe14e5822ba0d6efa0a5d2ac3aed,True
1014,L32,9531792567597961527,f389a24ac85e91a4ca87046e75530c6fc476b0c32e8e2eb7457b9b77121b52d7,True
1015,L12,18365725454139762681,0780f2d2462f677e5b755349d1e84224a8a0f7382494006b59874e8f391be892,True
1015,L21,15968592052730974059,3e8bf5277a8877f22d9479e6eb28a6ac30b25eea14752bf9685754b028b10651,True
1015,L13,4198216391140987665,f5e5d9cde9b84765babc773ce9427eced80ae09320ac18984d5e518826c1276e,True
1015,L31,7168382964739498672,ae91b7ea119d3757c1db993f9aead64053c9334c53b1b222c1753eb7165e8da1,True
1015,L23,618255112173213709,262c69c99217e6e0bf7f2705ae1102149926224996c65ff0f7ba78170a9296ae,True
1015,L32,13613892287164736118,78da37fb7e48798763c91c08afdff17d0fd53d23b5a7c2c68bff038d5ae6f29a,True
1016,L12,173324847840932276,1e4f867a027ccbebdcde678eafc43b9dfccf359949686274dc4bce4770fddaa2,True
1016,L21,15030218397274442490,6c86e20b97f658f5ca2f3f0af12acc28c06a71a05373bd14a50fec88bbc53f45,True
1016,L13,11438193741556078109,3e5a9932a30a21b6bb46d1f423d01be2b62642cf99b0a59c5ef3a6aa3388606f,True
1016,L31,12339920466306543290,54dae4a1f04b4532bfaf915db3c6ef908d983a5f60a962f25747f6e64e3b67da,True
1016,L23,5292795233938788760,3e4c96c76a291abbbc2fc07e306324d334e40d45b4754646e3b41f583708f965,True
1016,L32,16752523112858014435,267ab987a590ef3bc4765457565278ffc602b96a1bc8e0ab5e0166465033a1fa,True
1017,L12,9272270673034693005,4d839953018617561a843b99c20bed2592f97cf335120d0ba029f522b1f804ce,True
1017,L21,8716234261475501503,92b75bfd0669db72663ef0971b18b1e4d59ac8122079297c9e485a6c5093d7be,True
1017,L13,13817335357523088505,27e6ff02c9b1570c8dd930216a71df3c46e6998ad728032a692aa916c28ab4c8,True
1017,L31,7269232682931221055,e7f00eeace69c1aa8fef09927a262ee3d6d28ef74c1d84679e94a7a44a5f443c,True
1017,L23,12520550768553305029,4a4d6eae658134718e8a22f418efddd4141fce731e5bcf3652258b2e86c01e01,True
1017,L32,3093442608423884889,e2bda0dca8875910352e8b1c3c9e1b77f086d545466d260756bcfc8864f7885f,True
1018,L12,3802173728851363518,3f91a1c86866c5167fec52ccd28b26d83fcadc67d72dbb648e7ffe2f99ff6fcc,True
1018,L21,9269221522614308144,b189de3b7d2aebd52be57f6b33fbd980ff1f861e83a860f3a070fc943c6700de,True
1018,L13,12965302593494038060,9b48dcc7ede6e10f5e6577759afe00b5118cb0763cc120b5bb93c2962eb490ad,True
1018,L31,10875587748427043937,b5137f10ebc8c2c95c590254e6c19f43518ca56495529f8bf75588e2a1d7dd9f,True
1018,L23,17202331571081387347,9e8f062c1649b219c002b492a3f89983ddedc5d798efc006294400f3a5078f7a,True
1018,L32,1229739674621933630,b98f2442248a3bd00b036bc6eeff987542003027150eac612aed617256711abf,True
1019,L12,6379959539146043593,f65113ebda567ef345f70e3794c7b4f355d065cb6ad8c58cb430da7c0b84e37a,True
1019,L21,13313676017754753323,be9e045599e0f065565327a5a8659499e37313b975c4ca731287de97b6f8cfe9,True
1019,L13,7474704630558056554,6187cac266eb52edfa80e17f18d9695b8f4148dfa1dac46234405adad05f01bc,True
1019,L31,9771293792280227534,87deea6f76aef22d7dc8cf7ca697222ca0fbfa8bf199bf04db494ea3ca63b007,True
1019,L23,12020802059158349169,3cc9ddc0947b950ebd5c310257903b7e315c32b3d87b92962a619035853fbc39,True
1019,L32,15226368363553235706,e8cd00eee9ae244374fbb38e28477d605fa8f1873335648cb9aa8971491bb2b5,True
1020,L12,12066406824688898391,71135e3b8e4bb2bd65db1a2eb844e11e1e0b6564aab049b54ca8f923d4c5a4ba,True
1020,L21,11016100450806506819,cf57ebe5f796bc4ad14ac1b958e3a59be424f160d6a5f9e67b790f832ffc8106,True
1020,L13,10009869941515320183,4e090fe6286be331030e31e93748e9fb0bc30e2207d5776edb02dd50c754e217,True
1020,L31,12566068726783362611,23d0bf44a15bbebd12b659736a78e98bdcc6550b0f80582227e5d23dad5423df,True
1020,L23,5210618492392753411,b323f2d5e309bf63a7ff5722e9ba36f17a1f9edef15f0f532c7bc03db2959d80,True
1020,L32,13536418275529803389,2b7de71b89773bce6105328bacbb4d9f9a49cd06e2875d5393bdccc3bc05be32,True
1021,L12,4278085273203417881,e6b94a242e66edac5501b7a05f06903488dca3c0e62040635e9fe077513d4500,True
1021,L21,3886791857807317814,632bfbba6c88b96165a582c88b30fc2667e619680562cee2a48576febc2dc379,True
1021,L13,3884371556258171644,90e3d57b3d9b5202781fcd959e210b2d467a995920e039b56de5c217841bb90e,True
1021,L31,16983065575200654575,d88f7eccb55d68f6218aedcd0daa7df27b24c153fdb212bf7f71c56dae4f76dc,True
1021,L23,3471731712190237144,380313313c56241c4354849d65254760e2a0dad781164a0dfa182e2a7461766d,True
1021,L32,5856513464324944304,095e090c54e2c6128c9446e2ef6e5d0038d7582f6b25f6768114338f7a48b57b,True
1022,L12,5656245929346527836,78dabb3945f57246b775cf002fefcb7504581b8c1628db20335455e114920ba0,True
1022,L21,18187540392148520827,df56b78babb6c3f6c89d918f1862764f13836f771f4d89f685d06095bdfdf04d,True
1022,L13,11619687335653293199,60b3bb236d4eae8ed044d2df4ae60c79c179886db85ee8fd353f37da6badbdd5,True
1022,L31,4737568664140715436,6ecd4dddafc5b50a19df2d7e408a5e5807733b86d608b78768729092f095ef8e,True
1022,L23,7967758181843736293,3b566c6285147b3ad2a95824fbf2fc9f86f9b4c421915ab91423268e9bbe446d,True
1022,L32,10261948278646662570,754c80c7487ba5e7e04b81774fd2c43120d8d58f19df1b2c60145bc72fabba5f,True
1023,L12,11287395009641639356,f98c4df2710bd003fc3a6902d5974f432a34cecfe060088615e9a9d324e23d10,True
1023,L21,10344149608985144482,36dea3103e0ad00d1573fdcf87046f936875cfe5de634ee3552d1da5d9b9c83b,True
1023,L13,2001085777749434770,96b9bbf33e75babe771e4387f59c94355712d679bfb7e06693310902546539a2,True
1023,L31,2178083133991123983,6d85b8e79688b534f86c2f6322cb68bcc4cf36f154610209f98c0eda106ca362,True
1023,L23,2012117333454517855,77fd10ff849ccbafaf9e29d03727472e295867d101501461751306b4b2119a0b,True
1023,L32,13923222484647340497,c48953d81ba6661915ba6b7b4d8fe573d094334aadca23e07a38b6ed4205d471,True
