draw,orientation,seed,graph_hash,matching_validated
0,L12,18414943861002811383,2b1cee87d2e4134d13bc11bfc7a2422f0c2cf8681877341e36ec0af22b41a4c4,True
0,L21,10508820113294104602,188724d52a32c12f5a498ff2f6a4d8635fbe79c69ffcb0c49f535b39d56c74f4,True
0,L13,8705521539445003377,82b6a90bb41ccab69ad8b784db08f2de605ed7fb2e83d71493807effcae24d9e,True
0,L31,10980249102793651896,510f2f9df4293917daf46a9ce953cc5755a50ea6fe936b2bf78cc6465f6e0d0b,True
0,L23,13364184403323222402,c30b30418bba8d7c2943a2a9ece791d3b5af33365edc4b640f34400903cfb87b,True
0,L32,18183999487421159621,d11650259f6fcc22544df2231e7cb35a2c227c8d6debdf1a122cd332bbda115b,True
1,L12,1647366121968808556,0438ff75ecdb6ffdc1d12acf716e0223404d0bdaed68be138acba2f5e04ca89b,True
1,L21,8979236048217169444,76ea2b836cc6d2014eeaf68db34b49a50c3a6f31545a39524c1eaf01a264b94f,True
1,L13,3102862184996439416,afc681835e182783ca02c46f4ee963b72784052121f5f316ea7e3910ae8eeb21,True
1,L31,870520085712637283,816473c1a744e1acb34c1f5a1b98f17809ae7799be6822306213a04920206d20,True
1,L23,15698742387322220537,ab63b697243602d8c1f5a6bb51800d0edd5e0c1557703ffd174b9acf1cfa96ef,True
1,L32,17833572475020999896,945af11a0d76280c2bb83a70a513a3044be4a6d8756dc5398c72914eaa94a7ec,True
2,L12,17223021266941798809,11aeb9699f607766b8b1b9c949c3ae8424ded2a0fdc3a7397fc9e0eac7bb1319,True
2,L21,3328619870338710310,a6fe66ad1d734192cf0a6c1681871647ef2bfb67a492e9be23e4ede823deae4b,True
2,L13,17047594418207905444,e63c1f07d1ccfe64addbbd072ace62ee676ebcc3687c2307721d921ab18c6846,True
2,L31,7660708707611582632,fc29172ebee265f0d9484052fb20244d2ead977f9b0aebcdceda35a0ab8d5606,True
2,L23,15112932348325129438,7d9b23dc71f726ddb73127f5da9b4bae2143cb1b040674d5dec9c98b447a23cc,True
2,L32,4233573546389525261,ac917253325d807ae46e2c02ad630b67558861f3df44742179900c126999497b,True
3,L12,15411339678405962251,bc8d75280fb959eb36c236c62e7f68a6ea5affb4000b00098452e37dc6eb112c,True
3,L21,17961245703946851416,34fcdca36d92d79a8c2ed7afbda8b30b5dccf86af6cbb36c842bddc53a2e44b2,True
3,L13,5747250291237512175,2744103f53a7f9b1c41dfee313005c5f3ce4537ff3111c44086fbbdce1896e93,True
3,L31,4375698160128605228,01e03bae4854ee0342d8528c77c7b466403d4420fb643ec2e26a57acf17682d2,True
3,L23,12184664620846291532,6f74ec40623efdb14a349f1149cda479d109b9dfd37cf77d4f27325021f497d9,True
3,L32,15451229313344091913,e7050787eefe64a933bb3d92164fc086302bb6a18ee7893a23163ee26e5256c1,True
4,L12,2458615314387574569,c7c9039966fed88643906ace5e64b9c8835efcc2f0188d332e659ff47edf99c8,True
4,L21,2792850080109029588,63c738200d99d5840efbf25cf713a3457e33d009adb80e732a58a909316d8643,True
4,L13,2495999490258390045,082881968db32b5c6290a7168455d4ed89db5a4138e72c640a2cd897f114c4b0,True
4,L31,94720630530550484,a639d2db86c30c0dc86bc9040098ee7a69918bb9c69e6cf21d5bc8456fcdac73,True
4,L23,17126154559302344962,19dd0374f636488ba9aa52dc613f6b1f3acb00b2de417e0ead87c1238db58190,True
4,L32,17970440228316934848,ff5705768cd31c3ce6e9b00941a7cccf81ab72a4d64ffa27947d4ba46d3495aa,True
5,L12,16906963562716435104,4a558a25b1aebad512458382f35e9050322b32cc25088518d5ad9f5cb9393311,True
5,L21,3986091996808764027,a4eda869f83c47fb7c23fd27968d0332d572087a8bca96101c6481fe59fdc8b8,True
5,L13,15397260009476473965,186cc2a32d3371d9d8347954f4b23f74ae40ab9e53238c6c27945530d91fc254,True
5,L31,4255919800020128341,772cec917106a440d15b4bbc357fa4db2f89d324c881890e7a8a0cffb2aaeba9,True
5,L23,11803707474781275312,6a3029b78d0b80e4a5c99866f901827e74359d61cea86877dfbc54bf84d5c154,True
5,L32,6191061247884811061,242b240c528a35d426654cb0d41e820461281d5d18cfd00cefb8bc92b7a51c5c,True
6,L12,2029971058332582973,d77f19cf45efa236ce83592c3053777cc1c0e99122b04c413c04b4bd323bee37,True
6,L21,10717271238653816767,396a4f8f6f8e50f3c80cda473464e8d92cf75688e870f2507f65ec7646f0e13a,True
6,L13,13736920184047782661,3fce65d7ecf1e895bf10e5e25183e457222245508d3eae7b0c591c10994faace,True
6,L31,2379616669152005987,274cf1710a8da4617256025372921760955e9b5bad4628538f61ac333d708468,True
6,L23,16958031042743631524,43c740a058b39ebc9307b78b6ddb56324b54f98aea0ca27dca787da7be509f13,True
6,L32,1567558123617338963,861b263bed2e67c2afdc24dd6a55f9f0884eb33232c4aaea51d40e6440081810,True
7,L12,16064946241680487018,779b0f9881535a36681f196885b49bcbf60478f5f5335582b309efb5346207e2,True
7,L21,14958212776872881046,53e91bfdfecb0684bc6efee2e1ec61b077aa12109964a3ec95334247b11e6def,True
7,L13,6169749503857395083,17bffbd7cba2ef2d7bf05afc901a0f055a21e7301931482a9d4e90736bdc91c0,True
7,L31,9693441322354451836,46dba3bd93d2cb6c9e4c6a2c8f7dba5945fceb1a72d14a0a1c12b1a4be98f50f,True
7,L23,2673749208222664460,3e60c171ede22de8b0f786c0d2960a3822d39f6ed6072bc763903a4ba3ae5d0b,True
7,L32,15417102128351527112,944501496b970c59b4d902069a55555bc22fb5f3771c8f6bb897c909cd868bba,True
8,L12,1705600309156180102,f69c553646d65f783343765e76f75398e10e0b011e1e041c53fcc935b6ae3a3d,True
8,L21,3625903391060292684,737651fae0c3a86a4a337bc338383d4299c17f8eaa1dc5afb3180cb6b19eb5d7,True
8,L13,1289125046460255893,9729f79dd7cc459551e6ecc0747054e5b155d82c4a57faff211b2190688c9fe7,True
8,L31,3133011167262610234,febc1fd6317f3a6241640cc32945806fe37e5432be9454b793b83ab52b1bb065,True
8,L23,9798719010501596520,c8413dbc56fb3e20900830c2f002c8520a28617744494670776ce1a7429f7d79,True
8,L32,8167123188731254011,a5d1e099edeefdeabc06dcf918b50549a27ecda6ea36fd4713b704956e14aa05,True
9,L12,8912917931909223162,78305620f326346b065dc611974fbcfdd123d3a80a3b58cb9bfa599913153b24,True
9,L21,6359479590174227745,6898d9e59a3697dc52399139bf05eb3df3464f3a07cd0f47db6ab831801ea33a,True
9,L13,7154107608383954893,896d052e06b0a111a775d000609b506de2d87980969a8508d9247e30a02fc97f,True
9,L31,4626675748233094298,2c9646063d6ae7b2f8c7fff29750d787e45ee16e48664183bc082aee1aba9687,True
9,L23,3909079484127386818,1ff32a6598a3dabecf1f5aded89d35a512c2156021e1272d5e4efbdb7ff0963a,True
9,L32,14039980641729826121,b82e21383b86ce4843f2070fc266cb69e08d4400e5ff1e63d6dfc821a517f043,True
10,L12,9732054199229986429,cc2777a6ed76a77a16e699ca43ea75df535945d9688566e774cee27abd721f56,True
10,L21,15717338826866583684,4ab56f36ba7b75bfd18cf08707c196827322c03fc314abb8255c090744b7f296,True
10,L13,11353347375191187865,55c8c7c4e59988db847fb5eb8b5f610fa361439b7183412d6efe91dc238a1cb1,True
10,L31,17113023396686787842,6cc501b0a45fe2d20b5fae2d29c6502db8e33776872ba9649d3a2b0cc5908ae1,True
10,L23,2174954371756995029,b14bc68d6fe622aee719164302c17f95ccaf0db55906a141a272244f1f54fefc,True
10,L32,1732798462013153604,fd517f06c884838041eb15a3765ac0cbe52c3af0582242363a61d7849ba48d93,True
11,L12,5497279205150103715,57efc8221f16bf80f6e7afc23a03f0bd5ba3e8ef63d7c331a8570cc462157f7b,True
11,L21,6893957209695933749,c55137420216b8e7750d3a87f2e433187382d5f75ae80573337ae24975d5182c,True
11,L13,12804282272251864880,85fc7df59363d6d13ba01fc49040f7f9122c628c1172ee30a61a3950c12b29b4,True
11,L31,14568289614866062512,69590f0fb0e525480f9d1344ec6731ab102645e2390679615d01b9e5e740fa94,True
11,L23,188111663930246403,06421d562ae026a9d4ed984fbb4e108a90c9f503f4a9d1992f652abea4bb5b5c,True
11,L32,10158767202171719004,aee4efb6376569b0f6acd09cb5cca294aaf883fe348a899656416f193ed6a638,True
12,L12,12586834539190452132,8c0ced2aaf48eeb84c6d7f0d0604e7e393a2514b47b001a9fea9c9fc25019dad,True
12,L21,5379350407927142999,4f046d6a5ec0cb8c9537186553ebd5b06a31583def91ad954745256d24c03c44,True
12,L13,17991580861921649269,a20094a785d5c09a56e5a2a72099669b5d3341fcf3b5dab739f40c335624698f,True
12,L31,11112214825984912201,2d8f880bdf508d1468345918dd0f8f639b6ecdf7c612be9e29d9fb3539979195,True
12,L23,1244841965623806788,69652cf93d7aee4efdba25a7030f6c897317f3c595d2b2593bb61e3bce2d6274,True
12,L32,17513862289336005107,e163f041d59f4b0adc9580bb76377340c56fd1e76dd2dfcab8ab0286c90a8760,True
13,L12,9127259467994813866,6b9e9eb48e778b3d1dad14bb31919780244ce0649f30a95fb54746a4417f0355,True
13,L21,17658715945497153556,d8e6e740696947223c673302ea987fe0f836186b5164deeb034c95630e2f482d,True
13,L13,13025603257625486088,ce95d4b17451d75a1ebbc70037b7d3754286a661d68c91c3a00bb2879818d606,True
13,L31,14326289054422786035,b3902f99a8d6f6ef79648f574e2b7d6ee35097dfa3bcf671ab8dfb44e3a8938a,True
13,L23,10483349081631969045,c383fb58f5620d0dc8a43bb1757e7b93ce440f0129a4a2505f7ff3254b36b99b,True
13,L32,3194341506609070962,2dc1debef5170b9d6d928afa2ae305e477b78fdc34b5eff1c25c50b3bae3f6f3,True
14,L12,442703565436977780,155fa1e7d3bc3c4eb37093c34a4e1be7d7b834408d337f0f1481651ad4b122fd,True
14,L21,12222544172763600667,005b878c20a31dba60e8b7ebd0adb0c08092ad7ec29bd73fb974776fa68adb26,True
14,L13,12562473232050858855,a5d2ce7acb4a15d6100120ebb302b98456cbe508b59a3a41a6f668045e72d8f6,True
14,L31,15833113128929691637,37f33145881ff34566d148b5cd320693a8e4726c9eec523c214538bd64f7c360,True
14,L23,8447549287935197844,bcfec4be75a897f34f1024f6c3cb3d08306038a94baac1e6ddee4ed0ab655926,True
14,L32,10779918797236026918,55dddb9bd8cb10af5e56e251337efb536c3d70ac65493cd3d716f0b48df235db,True
15,L12,7162928432513020577,64e7b1e2473e9c9d69978612f9c8704239a2d3b2384137c2eeaa268cd00af4a0,True
15,L21,3315596519936916183,207676fe3ec3c03035bdf35452b10afbd68c1553beb97c71b4bb9115f8bd8847,True
15,L13,9538772293044241600,775317977b5b2dc3fde9a1ce7830874056c2e9cdbad61d529507799eb41ee95f,True
15,L31,1367661437697411904,a02ebf6e0695a14e4ff56f2dece208b913a9a8ca7bb7f8b9c6a69637ad991c24,True
15,L23,9907632405478626797,34c14dab32ece411f898edadf0a3f27213e4f3c9f2f2265cbe64448f1e63bf04,True
15,L32,16294720397301780865,148662b464c05d65aa38cdcba41d1cd7a2a787bf0346e1d57804eb125daee66b,True
16,L12,11214390135443717,6b6a45f71014be8c90242d73b080618c608975e87b6976d9994ac56b8fef2629,True
16,L21,11049991781355061972,e91017a6350fbebb0edd01bdbb0d2c95823611e378be13a23e2cb6bc060eda9b,True
16,L13,15816211546906954796,0c847880e4dd037580b998bce064f2b38c2b07108d1f18b369fe1c963eacb836,True
16,L31,11426977146601182,45a06bbc6498745dfaa29339eb54cca423b84c39c782d63c27510d4edde7d17b,True
16,L23,14025661403286005321,4b3b156003ae19776d8e77474706ec7196669635facd5fe9668c6003b1d5b3c4,True
16,L32,2741328937456120948,6d0d1b36b80f6783454e9fce1e3c4ce134816993ac7e40a5c073237cecc253d7,True
17,L12,5442231586423597964,85ceaafafe8d5167d9a118af69af843f23bba65459944086dcaaa10c2ebe5d47,True
17,L21,18361629490995033326,c7166ffb98c0dc72ac442b073947c3a4bb82a7e6882642c6cc0c1f6faabcafe8,True
17,L13,4604025715079646976,9949c65f100e35444f546386c66fed239bf11cbfab91d196bcbec3d24504bb5d,True
17,L31,12719113735291844233,de93b158ab3a8bd2f363c9c8f73bc737b249f7bc5038f1f25f1f9edf034a046d,True
17,L23,12075802480780366993,0564cac1f3ae3e473977cf838e3bdcafe636cba366b853377fe39cd812ad23e0,True
17,L32,10812291582370026624,23628ebc0cb7ded8ac0639b2d3dde62d4773a5178101af77dc4ea4bc1e0b5273,True
18,L12,389489362917335906,b259033d862a6bb52d92fa281098bdb9ac07ab8e188e37b5f78d4ffa35ef393a,True
18,L21,5857085840254646741,68c513601bb119d8ed72b880266b1d4882a1029851edd19eac259ebbef98335b,True
18,L13,12866077660892831527,6fea0254866e8f89daa83f921e5f7b240d09b535da17c04753a52814a040a806,True
18,L31,15649251491907320311,23e4f925a774a5015bfa0d0503c5337b409c359480ae6106e18a972faefe9fa7,True
18,L23,9000594451108153469,63b785ca9b2d63593d0e691d1b6df42e04d642c1ec8d106817bb2cd6466ce06b,True
18,L32,9470591630023913127,0ff8022e436bcfd794f5ec549e4ad8b6eadbd12eee15d8b43af61448b0291f59,True
19,L12,6864767943849368748,961ca73fe2c5b628be3153e9f2bee4f42722709697c2c32572c894458ad1834c,True
19,L21,1612571052206740010,9e7f93681be33d4dbfbf0e572b19df813733761ebec9c4bffde8858120248c6b,True
19,L13,17597918484894511911,96137de4aea732d12a61d60d05d9c0caade0dfa57e2f9d4739609562c7cdf723,True
19,L31,8434066011811497254,885dd7c492b04d552858e9a1c5de72ff8afc705ffc40fab1d5464d31f9088fd4,True
19,L23,1295084181710269724,e77000d8ae133cd2143eb7929c10dd5c8a4da6470d495ffae42bb45e584ce1b9,True
19,L32,17686949204682440345,ff60e250b2c7023262e9b6d224c623b6017ec902565eb3b9a54d10f7bd8046e6,True
20,L12,11643848074594943596,62255e052885dac168bf7750cdc4c5938f982771aedfc03686476af615c0fd9b,True
20,L21,17241245161083158103,15e8b649fbb50b2bc7eba0da516cbf10d982da3206a92833b0dd616e7c103228,True
20,L13,12085773213789339054,1fb344142bcd94fc209bd0afa9adb44a0e1503edba0a105ad8d1c98b42d43dd0,True
20,L31,4121103643170963984,3e2c6f3aa0f0050f075456197a61b1f3575c3746c20fb411357ef6c923430a85,True
20,L23,12861995948858433109,f6ccf07fd7db85492b9b5a579624e03b2eff130a038896c48f7f8c4fcb0b23d4,True
20,L32,18265412698080318491,f980da39af8c82ef0bfc8c1d472c2f886222079476d8e81225522249879d60f9,True
21,L12,9698927538158919165,b14763ee72a0db8ad9032575311ba13213888208b973cb9cafb18d3853f3d951,True
21,L21,17805267510830435092,c6359fb5576bd8b127012cb998880f5dfe60b8d5e7d4a5d07e00548d52bce171,True
21,L13,17850132107287972852,33d54baeee12fce2b668f1110a48c12990fb311f5188a94a87a5ae952c234b7b,True
21,L31,15176668009436828978,fe4f8385110ef403a24d434861c081f16ca13a9ee4dfd8c94382e7b8365e0b46,True
21,L23,16611434772754601629,dbe52dafbff5a87ced781246763293df3b8c559f12af3fa5af5efdd0a32bc6b4,True
21,L32,12595776184226403105,23f6d12faefa6680def3dd7ac5722218ebfa83da1c1f3994a966abeb42839a3c,True
22,L12,14030466783141803044,4681f4048069a37433ab5c47ed09412d7ff75e08559cbc7b35e520d90021eed6,True
22,L21,10277117080163469204,b8839c010c31f97dd81e1f80319f5652972e44d9e9b149b8ed85a4aa1621555c,True
22,L13,10748689387566948601,c803f61130cd534538e4317c63e7d6390a2e34c502892dd2c18a81c21f85acb3,True
22,L31,2448200271644874175,40632f79cbfe3cc43099da3b5925d3819c652526b22f9c29075fc0424c0d3776,True
22,L23,9086642143626281865,e4e0acf5528dda50d28d2d3e9ffedcc7eba6de2c9354024ed2549c9e69076fa7,True
22,L32,12352549320448052521,1db3ae3f9816f2bb9d30cefc9644e9b1b5e77536b2949f6ec0f4b9ba5fa8c1dd,True
23,L12,16382212893538745531,d96ed243ab9866f23590534cba2981dff5c5e1ac9962912358038e7bcc36f687,True
23,L21,13324099956716791899,c32bfc0628590363c8d915cfb521b041bf4012c208783f3b5faff9a7dbe4d299,True
23,L13,7784395015216556944,d804e3101bd0511e313e067fd8551ffa597018013e3fee2afdb3f1e4b14ddefd,True
23,L31,13125657339036927490,61803bb2da1a1d7c5fbf2f3891036762658a6527d6f3569b45b808a68428ef8c,True
23,L23,2736584689192088842,60537ca944d2e38745a398609836634da87df60854e6c1b0de0897684dfade98,True
23,L32,13372576408235293250,0c9a77e0dac3db763e54c90e702c003f8c196821bb08d18c5b65ee4724511d07,True
24,L12,8919503897658767363,fd0ed115462900ec56ce47f33badbd471db5ad50ec09afb6b6a9fba1bcda3190,True
24,L21,12356927014292050313,c5415d198b0f827956e9cb812fa685519684c8433062ccad9570d8827cb15be0,True
24,L13,15030521213885420988,dde9143a5da80795dc099b17210a3881d36778e81ebf6d986f1ba91a974bc456,True
24,L31,17401605606550311845,839d390cf20243c4d2d067cb766f3eb4bcf05b79866458586242696e12908874,True
24,L23,1725644624149602018,9132b3d2a01d4602fdfbb0f868198b4bc885b829030b7c947ef80bd0b4612da2,True
24,L32,2924737078008452130,18df1861238267a3b16ac74e217faf5a95cd9f50eb2bac4932a94b66885c23f9,True
25,L12,6968795310253108313,3b20250d24a9b278ceb8374bc567365b2f19c6c02b89a098f49a1b80a99d885a,True
25,L21,10841351744639627645,fd4def29356129e66eaec9c237755671dc5d45b495caf6c05fbdc817821a37d3,True
25,L13,17183697832446917211,764510fe7aa40215ef5406b8e582aa412f0984cb485a3db0f1dd10362a292de2,True
25,L31,1533243213880995561,3004d109cbae682a9cd3c2444603b08445520117935651d1766db6b396c1c031,True
25,L23,8548053244020565989,41e39252b27bb3c18aa64482827158a592b8deaf1618020fd8aa8d37e65c3bdf,True
25,L32,12667502268585323302,839251910a303b18a2402ea55f6313d92dbbb160218a0d7cd83051622129a51b,True
26,L12,2282780492318609473,e76ceb8af3177f5483a4cdb30db1bbb832e1420227aeb94557b81472a1c6a3f7,True
26,L21,692382351693218305,ac19e49e0ab2f341e76a0b02af5ace5e45e054d8fdd78f6408625d77780fe8b1,True
26,L13,7200477416681986199,63dd7b41b0dedab243ad76f8802fd29b434f2bfcfd3fc4dfac9c342dee49ef1f,True
26,L31,6472143806752173359,098c778e136978507d395d553dae05448fdb33ff08d0303bd8f0e7b3b6081d8b,True
26,L23,2019891825006549727,c1f302d74945c4a5540400b3ccc79bc9d43712c6901eb8a26b9cf2386bea5e19,True
26,L32,15327685129152473584,0e5a6c3d25599fc38e88baa52d4e5c01481f7b6e7efbfbd3f9ceb0693e78f557,True
27,L12,8202668714740034970,95a1d6592e52663f99554cc4f9a22a43bf9c9049007cefb14c2495377d209410,True
27,L21,14659816293463473888,4f3b7dcce4f0615487fc1a0aabcb2b4dde534650cb374e57a27b8adcb138a78c,True
27,L13,9312501236928551270,ff5555c4a724a449993a359497331bc669db2808ad0168234f25ebf30ad473c7,True
27,L31,11535325460009045103,9c8df734d896b4dad6d2250adbc28e11a5988a418890290be3b85c3fd5000a6b,True
27,L23,1605713216736669941,3beaf482ea621029b1cba506e07e08a10442d7f456142b44a6d789911d8dd68c,True
27,L32,7371660249162094195,e809526f417b415ce5b9f7016c58b23f10fd26c3ec5e80833f21c2edf85c76cd,True
28,L12,3445578475026891560,ef9c7574639e07f0638fee05952d7d1e3f223f92b37c3cb49b6ef850ec4af8c0,True
28,L21,142162256535021783,e870a931b158ed9f788b55ff71bdc97696badb75047b9f6eef81340fe1a9446c,True
28,L13,15988668066341897104,e3954ddc760bcd5cca9f13986696e30b6f303484596fb700cd3e6d3852f4eca9,True
28,L31,1025433143907635918,65d7d8f0e664b4586ffb1728e353de43c9590c281afc5343664f4ae306c244ac,True
28,L23,11336032791122166485,a11a60fec5db6430a7b7f6e3455b8d397c4850eff59a0d3d14d195bf345922e1,True
28,L32,8665465426444767444,8b0f8e96e6df090fc9799b3ed8e7753b067b4df42239b970d317527993aa21ff,True
29,L12,960561940096627453,21532951c0c05497a347f6be4f5dfc557753949d75382b1664a07cc8a588cd07,True
29,L21,1505721874478266611,33c3e3029bbb9a654c530ab555761ac49c3de9067ed794985e436a917958bd14,True
29,L13,17186511848738282323,63a5d5260adfa1dc01b5b80247881ae7370ea78a1822803cf1cb67b605bc3746,True
29,L31,4532473424973723537,d67083bf456fa0367ca48a210d6e084cb026f7f42a32f9d08dbc2bbe2892ffab,True
29,L23,14671399689639389190,ecbeedc9032f1b0eb285213bec2735235b4c008ece77dfce102c1907866004e6,True
29,L32,4052115394614140344,46f0b67f93ae642d75d8c8558d9262c5d5b5bfd733d153a24012aadfa707de09,True
30,L12,17675390066543052408,19b08e8c861eace0f5d4e84fd4c0531fb27f3a217f05d73e73d1b9f385d10f8c,True
30,L21,547102807000120956,10310ee6cffe901ddad4bbf5deef9e2896c1dea750ec006f40711c68620787f1,True
30,L13,3902353674098522572,6e8b4c5cdfa9514458d9cf4c18d055aeb098245bea576e2c939c6196b73f8f44,True
30,L31,7569356584503079349,418a093bde5bafcc994cf5b08662e92a3eb92a68f8d0344055b6ed4c18f94266,True
30,L23,9511937674778647861,823e02be98ae3c8d37ce8275e487ef843e0ece68cafd9be5c503bf78f1d008c8,True
30,L32,2850753278073151845,81d00006e8ea438a1efccd6e37e0b868c934883250c4b62bd1c52349f84c9941,True
31,L12,1181420192775599152,96c16582df3bd9e0b39e0622990a69b5c4d298568f7f0e03b50cbc1027f05e2a,True
31,L21,3361857253053279084,5a59cff93a8e7c15d9d9685601365c859dca07eabb5520d17217992703b9ab5a,True
31,L13,16452460500013806432,f1a51dab4d8b6c0460302f6b505895946321e29723fb6f0e24f73b5963594fe5,True
31,L31,12187890140981953865,6cdb808c2842452fc39c51f9d064aa0604b7ee9f4194d163f51ba91d7235df4e,True
31,L23,2357018366392549636,bb00e4d208322438a9bf7ac53d5c5bf1204a09c17b32b9b4252993ba79c0c3fb,True
31,L32,14367031255454873744,90e230f0fb698d3235804068d2df74dee9ac48a5b378abee85cb25ac449322f1,True
32,L12,14752761225334179626,a761c69db1b4b93d90adda29a721b8b0404b68bb1123e3418372b91091b4f5db,True
32,L21,8347728988613822817,9313fa8de81bab89ba775c4efbef159674e22674b95b76e6ecc3ce434b1d12e8,True
32,L13,3408955374079440198,4039ad80b22b1f4efa5acbecffe17418ee382df127f6247092152ed274ba5afc,True
32,L31,5300294562128663265,0bb4145003c14a8fd23875d7cbeee6fa8d73a5ea0e75805368ac288624e0f7fa,True
32,L23,6213458522719324525,8f4e780cc72630f2287c2f4b82d8e866b9d1e5d42075188e9366cf724ab255a5,True
32,L32,2766769694125638139,dde22970ec1b98ab9c4a40ec215091690a284b5f407d6967e2098efff3826b51,True
33,L12,14523350438797585142,242d4857775b185ae5647a559310f9a6c4fe30bbd16989b4b2908db1408983f3,True
33,L21,10239371503913297022,41a0cf5c9700ef9e88a8a7419172b09b4492f8372dd9945d5fa234d6dabf4927,True
33,L13,10693440691048481633,c93328fd739c490503875683f42a7ca47ee461e584fdb99af189e26bdb5e5325,True
33,L31,12797076125357908831,c895040d63cc8dc9d0113d8b79fc194c1544274e35fb9574a1675fb1e216c781,True
33,L23,1904062291445631532,3b0c744c88b021ea8a0001f13c4e539c2d765ef81d80ba2ef49bccb8330d1945,True
33,L32,3296845627524032891,64b3c474a9e7c6a8eb8c42577778eb81ccaed6a394816acb582112e4d02ce297,True
34,L12,4810879530208174857,0766a2db512080830c31be056b8f3ba8ffc660672a8af4b9c7c4ed634c0b9126,True
34,L21,8476669958645882344,98ae3be2fdf31a73e4262158238dffecf78bde009acd242b97547f2a6c943993,True
34,L13,11194815339054448295,6764cdce8f8de92428e821e2eb2466f2e23fb5f1897c385d2edd6e8b42c78fa6,True
34,L31,7438789206794658513,fcf36cf4a1dd1cc0ff5e1fc9c6d77f4523c67bfac4c834c3dac28eb419591586,True
34,L23,7678243930958911548,c54eda0d9f17303b35210cdcf807734a2aa16b4dfa31583a22b04cd1c7b83e6f,True
34,L32,4589334195666694174,63fa64fc027661fcf3217794ddebb5887bc58246f5d90b67b5eb9920613882ce,True
35,L12,8527126610279251896,81659bcbddb0d50d2c4b408a2700f901cc8e68ac9053917af3fcb2e93e741121,True
35,L21,87409463731292949,2a94f544c6ec4c890aac1bade21a26c68c559032f982c798f8f63eedc3baa2b9,True
35,L13,5712559772013170250,2c931d186cffb557d82ee20b265019eca1d8fd145e5e8a1c8c9837fdfaccbbe8,True
35,L31,253293341338920087,e3a26b239fd8eeb930f2106481689907beef410f45011f2f933e439da181cf9f,True
35,L23,2241352597976102782,29f42af41a84db0855d7ae43c7b01ac6666ac042e41604dded18c1904c18d8c2,True
35,L32,10322893777166893067,5901f7b97c0077a9381aa0da3efe01a0ca0fe80555bc55eae42613907df84d53,True
36,L12,16839256152123916134,eedbc0efb0d40434212ada41f88c11f5c4a75e66c68feca5a4d4fbc847c0107c,True
36,L21,3179066894621058418,4fd84c2388a364e964deed66854b39d00e97744344e232ce3188e76a1e47891c,True
36,L13,4004269975623870030,77f7765b3a1f1d96d2082b0dc103f1008099419d934fab95f7028ec3c7fafc9f,True
36,L31,12630338444663928413,eebffff2133cdc31f72603178bc10ecfa9e89c53d306c3e52125c5357382c333,True
36,L23,15555369082587142443,7ccb23a09e0938ef7c586d553e021ba2f07ad58a7b80e0a6e704560bfd732cee,True
36,L32,18329526431811417896,056a4d09dda58477983b673bee2415e832dff0eaf551f3505cd171dc30fcec69,True
37,L12,9195560222147907799,9146017fd242f23c58978041c43e4e97f6603fd4a7de1ca061ef22db8787ffb8,True
37,L21,10486445212379692548,8fd66351886a29ae4c31f263feb7a1c885703ee20c628140e1cbccd12e0b3036,True
37,L13,4774505469727052242,093d5c17a898532f214d786558a800767dc36cfdc16a331b40ba79c124ffe25d,True
37,L31,9994383956567907362,bbd85f61e47ce09e41efc34cfef4277be34a887ece9c53740c41fbc9a85b3fce,True
37,L23,3158204793156557420,8c1340ea5761980230d47b2349c070efa8f47c043efaf98975728e69be822aac,True
37,L32,5256830049363329414,53c30f554bc5d117a10cc18d978b6da809ad36852ae6bace086bc9a1197bc259,True
38,L12,12279166855440640574,da1fc738f767099df8852f5f7390bef7d4ee8679d24123349e66b0bfac492c7d,True
38,L21,13680309130397810108,8745d1ddef8ab3b27d3fb0efd7faf18e84c255369f867ae6341c1097217bcddb,True
38,L13,17452769438831538773,d5634ea01a29cf6e9c8fef07c830417f3de2b7bfc2947ff718d84ba4122bf293,True
38,L31,4786210709366855706,ff151005a4ad8f9fde7de6f2ad5766339146fd640d3f86bb09a715f9cdef0ca8,True
38,L23,10503523640267555011,1214bb4b8cea1327e9606ec97126455d1886c967854857e9fca0be9295b87c23,True
38,L32,3538884863755782114,1b9f61d56843d936c47077a510d341a09117763c63a8f6a242f6027b0dd7122f,True
39,L12,14338881865675946549,167eab2dbffdc2560eb2152c3961990e6f9ba224e0721e5f1a5cf30bee61595a,True
39,L21,8467265905071842272,777bc7a772f61da27e418aed8b402b636a4803456534cc929856e8a4019e1af1,True
39,L13,3203293151565516790,5461282e7414434966af085edba9cf937017a2fea6128aaadc57294ec20c6035,True
39,L31,11383316551645781871,c3b47503249b085aa4e8a80d06f62b76f4bdc952b46b6744578359dd46fc621c,True
39,L23,690983542551699667,533a35a0c55319ab89b2cc6f5c04d6b433b2e681f83133463a89c0ce6cc63690,True
39,L32,10092772773098675340,86af47623b15dfb0e56f113f1bbb66bf64c9dfb0f27b90283379564259a5d005,True
40,L12,9953426871095735049,48e9269546783761188f5bc0d3e07909e7efec28f51ba335b0ca776cd164b052,True
40,L21,14941711518788098968,1a99e78d5635f41582b857b025d0f943b2a2c546107730ec99526be87dedbdee,True
40,L13,13828380852745241904,2646d7fc4e000e2a8dbfa7172b877a8179b9c4f86aa992772f960f5cb6719023,True
40,L31,4235738086759995510,47966a3d2e303214b5de7dea667c0185f332de91dbd9549c9c75ae16386af97f,True
40,L23,8243144747270053461,e49e81af6f9389b0bf90e48eda4b08e7f4f394090cbc2fd80bae48662e8ce0a3,True
40,L32,1063810835296472560,b40b6f55b00659282ec3927ff94fd96d5b0c18a042ba8f82b51177029eaf0ce8,True
41,L12,18017073941280633515,d52b37174a83a683afaa2b478ba6248baf4ceae980091b0b297cbd6750fbba25,True
41,L21,9164939620296515648,170f90fbf3660feaba6a163ec95194b2fdbbb9342ff4ef4fae207fdc0ef83fa4,True
41,L13,1908258575729875671,24762f94dd9c4c7de345169aecfaff6cde4f09eca2af08b8f65fd8481a760a5a,True
41,L31,15756215554140277747,8de391acdf7553fa85f5d8cb69e6c12f05948813f1a180e87099e61d340b0c0b,True
41,L23,11561497718127661012,c098b5890396bb89c40bf4faafd90a5684daa8d0437871c953a6ee4dcae78279,True
41,L32,17824512661410055549,51c7b843aaee5d60f34f000b5660eadbb30c4e0d7a6f7459a516e401e112a974,True
42,L12,16859750537310408430,326d6f6c7837ddb96a892ae38b925fa7184eeb47c8c01a0b5fa63ee2eb30b79e,True
42,L21,15370499711530708378,8bc5b33b21b4d2992dd364b97cd8c9979411c2c18e59742a5e1b16f5bfc5c0f5,True
42,L13,2415065553968941165,d82efac5aae26de7ff80083d22a92e267b529f27296dca5103b545e7881138f0,True
42,L31,13181407473214074542,31aefe901a1dbed5eeacfc928d7f06cca500a2f46d4b4f27825bc54194f81b1b,True
42,L23,9425970460340688899,6bbde3f971c0e6dc6d8f2f9e91bcd6de115cdcc8da03fb03ab706c8ddd0ec389,True
42,L32,12551070553686447995,24a82f31f2d5378f15a438b6723c1600b98f5f077de6d7ceacc2c9a526bbef9a,True
43,L12,11971641890985507940,ec8fdf19fdbce22b04d8af43b226520cfe2b7750c93e8d5cdb1d96610c376e2e,True
43,L21,15546955217654652459,1fcd1f93cd7ac696a467de269cdc7b49c2a09d3e72a00cdc37c930adc43bd9ee,True
43,L13,1137339736898767199,9f98ed2d1a382c524627b4cfcb3319e630fdc0b26741f7c884ad8101e236bd4a,True
43,L31,10077470472047481769,9fefc84db5cfdb7e2508607af4a5002c5f6450467da5d399c75453f0e1affd9d,True
43,L23,10162253027854798080,2b15e2f865d0242f1ec06b06c8c73bac0da0c9456666aa2aef1f483e6c0da25a,True
43,L32,14417891788519328250,0514afb2be8a1647ab0d6f93536eee768b8c4d5c51e9bed2d6709222c70d0044,True
44,L12,2223802966913708642,42e87265d38c80781dd65a21a040f994d535979892144b9c2871e518718d3bdf,True
44,L21,4916948627526102170,eb8958fc919f82c832de080f61b99846a08ca51700d945e088594e97e749a991,True
44,L13,6251867397287974250,a55de2e80bb7a68df904af2e707ca7a2c879973e66639c73dfe42d4fa775070f,True
44,L31,8059836547095165229,4a3d4e5a68587ad07bd39203c7f69df3bf88b4ea83892dc237a0d6e4a5fac8d7,True
44,L23,203783555170162993,d7d3152fdf2ce4e70cda7e1ed6c6e7448c75be0ae3f183512b2319f8fbbc0cff,True
44,L32,5095301672465398435,b3babeddd81f1fa0c1176b20b162bf9e45b06f082aad059dd928372433c9424c,True
45,L12,1543954757923180982,061b4fe9d2abf1ab67256ac11b74a670726ab702933f9c2ba2b9c91d6e842467,True
45,L21,7032834639409196654,0bfaf465b2d3a42502f464a9158b595574bf31cacdcb2651d73e2535b215c8b9,True
45,L13,1864969400898499618,ad8ef7eb48a5aaa042499583e8e6f439951b3ce3c70f1d269e725c0179455716,True
45,L31,6658747105089372607,15da70479d94835b192e434ab3e7f6b3900bfb96b6f099d523c2e53f9261219d,True
45,L23,14084602575296080588,2f620a4e7b4cdb75786f35668db37375a5c3970cbb25a3401f32dfb7d2d79566,True
45,L32,12698144841852255577,4376e1e84090ea31f6ec81f07d6a6ca42924bbb1c7bd43c832c39ddd64101bd0,True
46,L12,8664043810253479101,48f152be9e913309078c1b65ace15cdb1ae8e483eb6a9ee9403a8ff940571358,True
46,L21,17101743978822876503,5eff6b651d16217bfb33eec55b71985f061f13fbc91610dec7110928b48e8f8e,True
46,L13,2152911925737687626,eb42591d754f2db89bf214875b2b73338b7e92a23f9f2b4ae3038e0da9bb4131,True
46,L31,954837951127695937,3750ddb66e96eef861c153f816ef4b788259066f60fcfbf9343a5de044df7a57,True
46,L23,15577477868075646501,c3da6387c2dad428b471420477fa5a142bc1782117fa325a857df7f9ec028939,True
46,L32,819182692587779209,0a99914da8ddf7a112bf279bbc340e219b6e6e3e97ed90264ce1143187c69555,True
47,L12,6526304825315266780,dbbb58c1a88ac91dab85b03e11e04e763a26208b59745e725a65a3506858e83d,True
47,L21,10043599532435390194,3f39d81901ebb019e9cf8e133af6ab1b70280c4a795e32dbeb711a913bd5f24d,True
47,L13,14103235486459007582,ed72022754645c7c65098b71f7049b05723da72763dd1650ebbb2640f5cf49da,True
47,L31,10440178725747197028,21200233d426516d52407327822ea85ab1e93f07edafba4c383510e8f6d6fd3b,True
47,L23,11385548923236238427,6954327bef0d294ffee39ebc4290e9415ccdd383cd39a1499948f20a42993da3,True
47,L32,4329185962807361034,8eed1d23849067c46bd22405c84f758d8d2cb1d200c8dadc8e5f14926e07674a,True
48,L12,16345357148488881983,46de10d8942c4d6054e6252721075a7ff975ce43f1d766bdd084180c085b6ff8,True
48,L21,11248430916308565435,fee2c5248f035b73ee53256c0d60731f9d834c6053d9b110c6b17366972ccf86,True
48,L13,672936435833521672,2c72180b60dcec5b3f56201c3dd677104987a32482561f477575390e98965102,True
48,L31,15164895140849394798,cda9b5e067bf03960b79468a4455d5eb4cfb08d01fe36b973391340ae6f6153a,True
48,L23,16806320264538995417,1a9918d990c8c934bfbe4b3ce24a550e9a58a9c1eb84a65e9c031512eadecf31,True
48,L32,11807616952262010718,683356a2b6f63cd484c777b7f155b00d6cc8f2d04a2e9b491310c11abd9155e7,True
49,L12,5852819588452892316,17afaea22353488578e8e79d2961e8a9cbfbb939bc830b09522511c0acebc3af,True
49,L21,14019867337796461946,39c753cb7304ed7c65490601164fd914e3e2928ca80e0ac426aa1cb881e11d63,True
49,L13,1151058260237704680,d59f03e2f41dc1319baf945ebc3af2221ecca05cc106bd4c7e03f38b125f0238,True
49,L31,16795915274849274735,a1620672e5308db5506ab4d1be1901db983fa0711305b23d6a2c21a49503aec2,True
49,L23,8254917306356998452,973773b2d21a174682e55018a1d2baad4b789eb118885d7a730be0465856034b,True
49,L32,2486466131918753935,1afc5a2414acbf18a1329f292a988eed8a16d6b35b620eb52376b362267168f2,True
50,L12,7778697108036473121,85c1b68dbdcf1f0a3b766b1b432063ad92b71bd91ea405d0c9ad58dd6d04487e,True
50,L21,4679191953296590359,e9ea71d50fbeb9f854805468dff979bf0def2fa3479356fa9692a6a554ceaeea,True
50,L13,9208038336309092532,8b55c9e82731f783ecff058e4437e6fb31c1fb9dfa0d4cb888acd2c55ae8366c,True
50,L31,11880883007287271952,16b9f58dd76379f9fbcdf141c82f3b9a027607ad4f91f3a3c2aef73a5a79c2f0,True
50,L23,14576566277009344619,70a28be78692b6718bd17949119445208998d3f498cc27b9be8206eb4c6fca7b,True
50,L32,4545005977957818208,f11bef6e183fc648a61989897a1deaa0476197cfd0339c28c7190122693d630b,True
51,L12,1581859564592377926,fa8b12dd9973eedfc9e0c5c4f57c900e7f678fefdb99756a9284c118135aaaad,True
51,L21,5821332381876542397,cb5bf8d10cdcda9cbd27d4bf77fef567fe206b7012f8d55123e9b1d54ffaf5f4,True
51,L13,9041092763131301196,665db704c7f4529ed35fb04fed02abb7b027c7210e4887aece6f58c02f95fd32,True
51,L31,616904459785840961,beee2dd0facbcfdd51d92569223654f7e3a2f2cb81330138479f677f6dc017d1,True
51,L23,5860654937561499538,febe89ee96778000c22bad6e3c8ba1cc3e99e9b16f867251d345aa30e8b410fd,True
51,L32,7467814926357570260,75645a9927074edc6ad31d3284dbc92c173664744a02ea501015bd2c7c97c03f,True
52,L12,2704369345414110588,c47a364f44b033bfc2edc26c8d5019f1eabd9f6d80504360f36af9e29002643f,True
52,L21,11719446727503515141,268616f28bd495226bcda0ba7949d3b7c4b14ee72045790044dd1292c63780b2,True
52,L13,926613644375758723,a7f814d42f85a974c1bc03c83e901654421a82e1fd40fb2c7334128356142f68,True
52,L31,931592215522501467,7e180b6f5e110dfd354edbbde3f7e3e7c57b92dd10064dbaf80107b9fb99fe67,True
52,L23,16947755721704093393,395bdb386270a5ba74d18558fdbeaabf1c8712c8e646eae4e8cd3c6497065da5,True
52,L32,16344637089652767850,e619f14f4d570a74e3871538608dd03b01b805f11a7047f1c91bd0b8fa50b834,True
53,L12,17135033837274578019,b4ab51c1632b19fc3998e2c7c9d1cd923eb5e0ca34f0c77619dca6ebffd68e56,True
53,L21,7928976880145425458,e2a0b66dd3ab328536ee3757b976dc5028dfc63fea6321e65a143b524148ec82,True
53,L13,9229126342780666563,90733ca5545170b1f7853b87475d35240ae1d055e99e09da8ee8ff4cb4ac19a6,True
53,L31,1646411198793649223,83f1281e0d7294fcf05f999e5d4e555ad83cd28b9a3bd84ef6af809c2a058ceb,True
53,L23,1038722895545262135,cbe22c8e699cbc41b9a82a98e1b711fa9733e51148527155921224c161c705dd,True
53,L32,11173158713619815883,90ec18b2d16e934b948e8edc8674c58cdf003a05eacd3be1e6825233621e4ca7,True
54,L12,5110246957673280213,dfd05ba37ef4a012c8b174c7bfe206fc1e46cbcf34c17777c7971b66f074a8f4,True
54,L21,16861981842057457652,318f5490d3545a0104ecabf514cebfa79f68199d067e534a9c7438d46b7d5eff,True
54,L13,14969835996054926757,8c62ed06cf9d277053afff408dfe9e8515a9ea9bc2f1c1c05411e0e515aedd3b,True
54,L31,9838480259932026130,3f74210ce85360a9132f8351f6aed96d4e55995ddef7202b2c710bdb3b36a739,True
54,L23,2102346625792051495,513e99f34a63d14ee73fd2553824787ab0b346205364ad9cb8ceda106f122d89,True
54,L32,4446682873213596625,c86a8322718b290607c2abe251ae0158fb383e833423c12391670e2450bd4c87,True
55,L12,9248341180235121877,3473e2cc81af125b801bdeb092699f55ea4e11135c1baac3eb897896d4e5f882,True
55,L21,18444049060248022796,71216490f7c89bbb7684c36c96b962f7b69a940783b68fe8bf14058f720592bb,True
55,L13,3528946163973163286,5d3d2e06d6f7f7180515cfc36d51af61002e9cb9abd99bda76ddafaf5101f65e,True
55,L31,5244837230013729933,eb528dd56d0dd1d0407c62a9a721505c11a5a4fb7fda35cd774bc0974ac61e46,True
55,L23,9604975791440849867,29df46a1f8d6ba77ad05cbb98428a4b50b5b06024c61e482c33966e6315f8e7d,True
55,L32,16464805571904546212,3ea3b19ab1da39a13ef5c38f01c339af566b87a73b278b15db72692a4e6ca9b0,True
56,L12,17018936953291791652,d7f7834e5fc4e104ff02d95a0f03475e3f2e5d94fe33b1d2fe69a595453a0a75,True
56,L21,7415873402371275535,ef1e253d0fcec06b864c3c6ded24340d72e62ce484e02617f7d079690f5a1e5b,True
56,L13,15366488965414585323,ec5b3d3306d5d285c56ba9268f9b6cec67740fadc66e1aedd891e221f5280320,True
56,L31,7797608362300585990,7d4d3cffd91547da7cbb066a13dd17620e8d42ad7eab8f29813a79ddc70cc8b9,True
56,L23,16494280485647147091,c6e2fd188de31193fdd5ea2e882953da5702715a92c29ea9115b3559b0846ac8,True
56,L32,9144529545901530097,5f83922e2d92d8e0cc1309c34049fd4255f423aabc9b58d6aaa94235a2971301,True
57,L12,11084400256266083291,cd063f1aa51cb1957430671e0ba39c399695fd9e40f2d93278475fceed670720,True
57,L21,7082717599269420785,44dec8fae4cbee5e3067dff3a672d4e50477cb7091bbf52570ef5fd7d9b494cf,True
57,L13,2645820688427890258,33e911a0533d7aa5c5509882a969ceb8bacff7ca522ba7f850414041e7f19011,True
57,L31,12699865889024469557,1870b9c9ce7e05718c44fe7e8040128860a6d4cab394a44861414c16f4289387,True
57,L23,6127018574212028794,65dce2fe71440f9b85dc03775db2b8a346d7f64396a8fb8663a74c92cdc3fedd,True
57,L32,4850398618923113984,5726f8361643d56d38fec20b39436ecd45968a5371c531e7835c0670f3ff73f7,True
58,L12,16370483223471541995,9261104f2813eda9692bd862a6cfe1b333fc61acf4d0dcf2d677f54faee512fb,True
58,L21,12741565874581075387,2af268a24fca35df811a85ff7c8be9db73f38fd588c9f240e11e74e79a10704a,True
58,L13,2499531225976027367,367ed4f7a90d9280bff769f9bb8d5dacdd208be9aa2d3a32b3e9a1f389a52460,True
58,L31,16665025961200781279,c5c0732fc3aa5c51cbf7b2986194ed977f876e16310d752f5d2735e09fb46a19,True
58,L23,4762509211664314826,05455c569d5a92bdd5384e38a1ea995bff954e142f08731d935419f47bf1e761,True
58,L32,14102437113665142063,f96db26a38f43b181a49384d24dd177c3e1ae27a51131c5a86f16c6a948bea84,True
59,L12,7005436447334033980,3a400a373959994091feff382a0b6963a42e0987b08ed6fd58638d2342dd98c4,True
59,L21,1193097226393441658,ab3b3eb127045612cd3e00ad0a34855c7925b104ac1b98d94ea49e8a2ed600ae,True
59,L13,17467651691823338510,edfa358af00580440d26552e85eca6ad52efeede0e4d0ccd51ad68400774451a,True
59,L31,5629131915376451510,8020c8501d7cfac67b172bed0db7629f2b317ed785bed0e0739d5088d333e8d0,True
59,L23,4883973404185972212,297e91f7ca0a939ed98c4494e0462c29a36aec43deff78d0a76bd99e5239723a,True
59,L32,15182908410254104324,fad78b0612d45d5cfc6da328315b8e9eb329dec412bcf09346c35511da130c64,True
60,L12,2221368205170430782,a0ee5070e35cb6424fa2832963df05a0c913f01b62158c440f61057ffafaa46f,True
60,L21,9043743436478876776,c105d3696f3a661cc7864b97ec0f10c348fc04701d48d24076eaad3b395a095f,True
60,L13,13666843757121673200,1e8cd3df6437b88b0bf8fdf9e74b7b4778e61962fcbf3943f94dc8e627e8223c,True
60,L31,13459620811980723185,c89ee56b4d650eb6f9211950feec9f3992110e3689b8e1f7a84eb86dad2a3d12,True
60,L23,104337898297851468,a3fed27b84c4b0912cabcfe7380afa0aa32c4695c7a35792481d7e5804d9515d,True
60,L32,9952214578085688163,0f129a2c6f892592f8bcacfcc41e89f5a1ee4b00362b40c6a3c3d7ddd7b145c0,True
61,L12,12720925255464966653,fcc6649e05b602367538206c5f679523701d3bf67cd49b19b4044e6f93fea7fd,True
61,L21,12825436644046218241,54ccfb583523ce89aa4362ed73e3e7951109f1472b63c07faa940234cc723c6f,True
61,L13,4379022035117210801,4fa669da0398df00431e5cf9db8b2d19593b95a8b313e78fe0775e9b42959872,True
61,L31,13955111600019259363,307b69380feecac419f58e1648d85e5ffa3efac096f4d312bf73c02ec75e403d,True
61,L23,12100125525457908635,de6ef9c98ca5beba1417ac137e746656b73d850d550bfb54807f848501e75394,True
61,L32,1551765942313965729,c64e9b77b5086fcfdb9788798e97bc1dfcf0eb25a2a866e1365f4583c135d81f,True
62,L12,14524290596222780116,faedd6bcfe64531488905a47b07705429ce1131189f2885f55b2bc0318d0c99a,True
62,L21,4380392203375522679,f2735958a5d75fbf016faf84bdd81df43795b63c51aef9685f2d118c86762e95,True
62,L13,12722159341431335739,a6437d6e40b785df29bc718359ecdbeceb1c5b37a05cc9449251265cef621cf6,True
62,L31,10651452080490683819,27a25d0f65a14bed50ffca2c6dff3c015d0f37dd923d8290a16368248d65d459,True
62,L23,17908881749923496071,b818a90e3cdc7cdd6d93b806febe3841ef31b041d074082f4546f2bf1ab1af0f,True
62,L32,6860083236293360105,341e3037529c7e4c37822ccddb71142d0898ddc9c20281f7ea8cbe16c0b387b9,True
63,L12,15068216147370125135,7702e3c38d45ad2b915447831687656593fbc7f6820926e3f33f1ed5c2f351f7,True
63,L21,10937381660840627759,2874f07ae55d448bc7c3a449e1f4a62fb267f31372a9b0293ddc46981ec28cfc,True
63,L13,1718813131929671924,7462fac660d5a02359eeb93522b8c0d1afcd0bd580eac85c4426e8802cc076d4,True
63,L31,8157831328675028027,3ee00b8719086569e3c0a9b9f5de22ff19989269791182899fd855c156fa46d2,True
63,L23,4318010514515502688,162e072053103ea8aeac22365a7ec373354a1cfde72e296a2a466641ad92c544,True
63,L32,12349809924207324994,76874972e039035fd58a9f502000b62834fd792908756ebd56419225bf9d9eac,True
64,L12,18058610302908347131,9a679d0a280837c88686dc1ce08b2224f03b8180b31a2f66b366cc831b2dc81a,True
64,L21,4636837243009074692,9cbf7752f85f3909c946c358789e1e671b70fde43f2cd65cf67476052438d02e,True
64,L13,3365384063633622151,e71f0d6bd5e3d7c2fea4e37dc78e056744842a1b7b329ba0a47b8831677d8dc9,True
64,L31,9726120521159855420,62eb135d68384519e98c3cab30640a625f644be4e5a0b305ae3b6720499bbd6c,True
64,L23,15761155369401960568,12152e3870b2093feff6641e909f4114a070c5aa023c396013f34eec3bae785a,True
64,L32,8018362386172387532,385e94f9622f6659c60f525e78efec365fe8515888bf8141d1e007a82421e0d1,True
65,L12,7630184170129112332,55c6a0271f7f039bd2a53fc0a6d18639bb435ca778ab1db8a96c177182ff9536,True
65,L21,9826057519003633363,62e59a9d9b2485af1626acb10a951cb16e7e2bf8cdd18d09ccd6207267e72a6a,True
65,L13,17658508485125873929,0b71d21aad4b38cb519f1f8780a4a7d92dd9972f836bed6f517d2a4a4bdae41b,True
65,L31,6025119277994389436,fa31e0722f526048bfd5266d66bda83c4b44fc5c73d590eccc71f7ffed9b2c5d,True
65,L23,4376765983057731637,91f508300b4c2cb08141275a3898d979e163a6edcf326a0401f04e4db9a6d553,True
65,L32,9034381777248409160,81fe0a3eae6fb14d8277a24d6cdd7843194831570f85f6ee0b73b832b849e547,True
66,L12,827236217267306418,ecc761937316cf3d3890a23c6c9fd73d6a56d4fe579feed49950f8826b346e9f,True
66,L21,7422357311629900268,af1fa06b69e2d65b26002ac20cb024eca2ecda90ca55d8e984265ba9765932e6,True
66,L13,16660705083286478097,8f886d6fa5243d28387eb61929bddb48ea220dd7936e22fb7b4001951eee5492,True
66,L31,10643512808505406195,541736b159b1fff4bc2b05304000b0256d0d2b8637bc0db42612fc371a15b21d,True
66,L23,12502881282046573426,77fe46e6332cbbec796cda58cf4a59cb267787043d88d6b35ac1e0e9c0bc7323,True
66,L32,9249530045159155048,4a403c175ce3cd55802eecb5e59d30256d5ca874c0e8ba3c9a28fc6f9a3a5b56,True
67,L12,10365156870742024451,4539fa1c2440fae0eeb6c74e6bc7a10ea477a523025ccd5bdad2dcbad3cec760,True
67,L21,11820659249794885831,46751f2d82f6d16d007a0cccc5f9af2cbee78ecf3921ad3f2f4f37a81fc764a5,True
67,L13,12633882538820753893,494f396d8290d58deee7bdbd0001471b3fffc3920f1cd351a4b4e7138e5be841,True
67,L31,5715116515409365720,599d87f3e1d0449425cf09ab79e1d59ecf01606c4fdb85ac5603fd8c5e393f42,True
67,L23,15482781532468389116,cd4b823023173b65b2e2e765ecec7586ca4f8eabb5ca254ddb585d604824e98b,True
67,L32,12857367971670463163,8945ad4485212359e71ef98aa98aea3a793a6e57f7732643da7b5850b0bf528b,True
68,L12,12589301928968947432,992d00cd29c89e90db923aa7008eb631dac40f618c2f1f2606aef9a303433875,True
68,L21,16086261417819770123,b75143adb601968706628bf928c09e1f9fbe9a0c2381c8c9cea17ae8aefebe81,True
68,L13,9993757200809537259,bbf54f12c18446ec3009f07fe8c2f4b860fd5433174bb6e19ab14862574f9d54,True
68,L31,10567379957029163186,48b7f841924d0c42e957ba9f905793f5b8c5183c0593597d5286ebdbde5e4102,True
68,L23,16672893348200805340,bfd4620f8640e7efd6cb5ba5e8766b51ea1df6875fccf13ec643621d34f495ea,True
68,L32,3485731400866824634,6f0d36c7ab1c4cff3a3f94d29e478c47fb329823b3e926fe28897f12f970f615,True
69,L12,13767984372541865713,fb911dba0833dde202ff9dac2be3352d552cc7527404b35afc950010b796fc7b,True
69,L21,1052386342583945764,0c642a05feb77439afc884b1282556d481395fd5e47bb2c2adaea9638fa7e92d,True
69,L13,15807967990161535051,c71dba2436326b1c06eb738c6a3a1ad9c7e08dffcc347e63f89945078de05a37,True
69,L31,15801196792468577886,ec1e1f6b87774b743605b03b66139a1f5082f3d5ab7eef704963a0d3929f779f,True
69,L23,6982690325093572779,7c2d1d915cb8754119255eb55c81c2ccdf81d5c8f1e1c9615584b08d22c566da,True
69,L32,5847169297217198457,204092070d94cfa62ec9e59140f1b54c871e55bc878a319f6c99f9f8dac8925d,True
70,L12,14163115708713025183,4617498a13bdf9229e69d829a904a5ead1b94f1650aa4b8051d36f4762fd516c,True
70,L21,7075643500400682645,72a3084ce1c4532a52715523342bb9cdec83b4e9761534fe33bc8f72f32eacbe,True
70,L13,17669375080719294818,2a5a646722f29f310b57051445f0af909efa9fb20288a76d6c9f5586ce29ef50,True
70,L31,3394569221924404046,40e8a800a49c6d3101fc2a8dbd71b878220baef91cf53b981c2bdfd95e2474fc,True
70,L23,3814617960509563924,baf74648266499af2b10af9227ebf18a18490c644fd40c1ba80286712c5df1ec,True
70,L32,5680716540494162578,bb2afaff4223456cf4458ab2b04a74001c4dbb61d723bd8d8fd54acf0f27f3f0,True
71,L12,7727993915999110935,4d200ef5fb5372cda387c91295d5b7f3a903933c990cee9be94d9086dcc1114f,True
71,L21,9042857094843471037,424543edc73b1e771bc1d4efb29d31ddc2bc9a8c9c018006903083f9ce3708ef,True
71,L13,7260873091266124167,40855881def694c372c2c803b5ef63de8d74d2c4dcd4e63bb411a0a4266bde73,True
71,L31,13075135292708007083,2dfc6e581d94b187666cddcc85aef8165a95e5ffb883865c01e678e4651db5db,True
71,L23,3566501122540234652,c2dabe4c34f41870ef6b70e65385afbc00289768ab96fdf64a6a39d2feef0cd0,True
71,L32,8608916209239120359,683a3b7d32783f693f16e4876cc4c1b652cd87bfa84e7faddecbd9e69bb0b632,True
72,L12,18381036310350246155,1fb048cf7d130e5c0e3418c5b3cb8073c2b85570622479cfefa5c2219b433216,True
72,L21,12066058904433129905,4bf8e8a126885cf70b8a1f39626ec59072a1d60685332ad74fa350c463cf85ba,True
72,L13,1517674040482656566,49fd9b9edb8a6c35ecb38407a552843ec5ece3ab179c9489129044a506b6ca2c,True
72,L31,3499755785810318231,66907485f52f6d00fc377de45a5ecea983d48d7398a7c70c2dfc186eae53a5db,True
72,L23,14086709492134614512,eb2c3f551af92d75bbf8bd4c8bd18b9ff3c8114b71c47825627cd683aa574be5,True
72,L32,6481472738175585712,80ca6c1144011de41d0fe51a692e0def160499cff045f35fb85bbaef2a487344,True
73,L12,17984406510269382436,e06842aed05d3212959b4236eab79f6ca492da8ed7eec97d1bf2b890888e0a66,True
73,L21,673909511255929334,7ec839b63b687103a183e9218666f197265cf8f96929d0271d22ea1f949d6b6d,True
73,L13,6063047057599233840,735dbc8637a1b3c3a9c685ac78062254878f5032af063a844a09b8695466bc67,True
73,L31,6224690530180029868,cceea9ff907e088977f6fd5a5ae4e6159ed329396b7c74d7d1f85b422070eff2,True
73,L23,2459577437648622606,91823037d28d52858243ca95fbd63831b872daf53e43dad3afdb674decef84cd,True
73,L32,16052956771429110867,63ff84aa4a6749ec8a4584b82c8248525ebd5af3e04eb2c20bf239e93ee71230,True
74,L12,8476376650598573547,6ef101fea14269dfd0c643f74461f675a521710746a7dc6682731336af0cb7fe,True
74,L21,5164035988819507814,3c7dfa97deb9406953ffc56e290cfc509c3071317aaa6d1a76ff31455e6b39c4,True
74,L13,7644051632193991697,63988854b1f45443b952a85c09d923c0ca420484b4f9c61ac5abc386b1d8a2a9,True
74,L31,11981919538987212195,bf0414d47e59cf185b6521e424eac1693b2c6ba04e9093fa44372ef425a2885d,True
74,L23,11797321684893559658,51bfbc0533b9fa4ccc359a183f6bcb2dfd0497b014847402234186680aaeb7ff,True
74,L32,1106896020314047082,e5caa3e813bbff36dca305be60d138f97c693d3d36d8bba8dfefb82312ebea8f,True
75,L12,12094184955103520507,713cc055b8afbcc93569d9988edfd30b41ca4d90589341180487be34aa99ec96,True
75,L21,13173329790614466585,fb8e4ff492d73ecbef59dde4343df05cfa8ecdc5a5bffe46defd759a51cda3cb,True
75,L13,345575393153268638,1bd4aeb13d75115f41529060f7d622bf765f41ef122532aaa8430099fac56605,True
75,L31,13159206243204189063,87479aea76e60d0b786eb32c2bb0dfa86c7530b81f7e68414802873103acc4aa,True
75,L23,13044177526274716775,2ec64b920c1a45ead27c4e88504d13f8891f2130eff49717ea7c64deef5c04cc,True
75,L32,6639282970552438775,b4609e02128431cf9d7dc286dcadf1de9e8ec82898840254ca2446823e71e1b8,True
76,L12,5798207172600380909,12c549c811a262c482fd9758767d352de768e5138d6e9f032df8711e233b9933,True
76,L21,6490083279739677716,5dc63c6537990caaba833dcc074261ae91b2d27274b2e4a5471827c873da9e60,True
76,L13,5679497679992473425,8a5e54c7b5018d9bb6af58f8670e4fc07bb39ef1ef87e58377489ca1221dfa19,True
76,L31,3549616615413006875,94a58f02e3fadea998b2da244b1bff83d15dc0ce5520a66c6cfc60e5cad3ed57,True
76,L23,10619665018941413837,da046999cc90d5eb62ea27cf791c2f105143e06cd381390f450781bb663077c5,True
76,L32,17789346253295053211,cd3aae6d95ba3e266e87616b0a71c867b9698841b196f94da9fc94b49649c144,True
77,L12,3595933604365859176,c498727a1d262adc6a4d7da176c6321becf1c49a738cc9590a102985560cc523,True
77,L21,10174081476180019631,07c3e939470e0e5af9671214c8d19b984f42f9b8ad1d73f7e5cdea98364bdffa,True
77,L13,16765020644271986573,0f69b859b955daadc1a9fe844a5cd709ccfab099b5d4d306423b9733378923ec,True
77,L31,15157167652581566468,1f9b902c1af087e37a1f1cb2ed78feb58308c45fd0b371de741b2539a55560f6,True
77,L23,2853591099897488800,db3e1791373cdb204e82c6f2d334ddccfadf0c8f10be5ea2c259c9d73cad19f7,True
77,L32,12202533154158661300,12ef0c16c063048279a6a3a2e2caae447db62df43e2dc883dc8d4a8cbad82efe,True
78,L12,12493691557273933096,f3839fe8ab4cd77d6789fccf4b62e2f25b9f5696679e108061d3aa3c5cf96e75,True
78,L21,8009669859600060365,b5d6cd823274148e4e22941ceceded29d62a4cc30c55ac4dbd7bad1f15adff5d,True
78,L13,4129537197067751517,12c85d6e94544e1770d972cf119a97b7141c93c1181bd15e98f72f1513844d17,True
78,L31,8004752457584100749,e2495731636cbebdf11ff41f9c41bbbaa0f4ed4caed14deb6db0475501b28200,True
78,L23,12691402238675711334,0e94c0935f0404639c448f30417df6f7ffa25d7f610a941863cfb131e0e92f15,True
78,L32,10028098785125397677,6b4ea593986eb1b49d5deb9056f82aa661f1898606a82f9d712d84a9910ac7f4,True
79,L12,18080350087472807472,7f02db67632320bca0401682a646b593a820ea60a5212d405061fd8010290e5b,True
79,L21,5561045173657259883,cf8fc0eb0692fd61657f26a0f6a214112746c2ac7db1f3f24ea73cee69b46a79,True
79,L13,245049862776326131,f24c181bbf479419c22d7baf97ebd34d366540945b1abc801a18e8980abe1e8a,True
79,L31,17102733449947609839,c7be43d692ea49d5997c9ed4aad25ce2757c66ef08a78ce35f9b4029d0281121,True
79,L23,7259151941591662588,a7ab2188ac50177b3d4c329a7fd4682c64a7c228976e4272a781b61e9c543c3e,True
79,L32,17251810578953420990,1dda3ce499b1eeb8ed5a1bd0950a9c0a693a93b74623347aa31d476e7647a4f2,True
80,L12,8912628209818254542,a4bb897638382514a408973215d2ec29ce657b218170a2a35bd96c1418e57d69,True
80,L21,7074227477730369638,bbc731b4abcca0ad948c293ad3c5b0448ba1fbd4a27afdcb4d5b91927753465d,True
80,L13,8807800908481147021,7e2ce38ce502a46c1e26265d5d6edcf47b00a25d8d7f5b6c046c96ed491eb6f4,True
80,L31,5023457687839709295,f2232676d00d1a681d712005e9772b8f410fa4974a5adaaa946af2960db64598,True
80,L23,14705373363805274091,68b23fa427171dabdf6c0b07f2da110abf176228b5e206b7a3c34e17c93061b4,True
80,L32,7406411208403548240,046f4ed56eb9856ffa71b2b7c629fec0318ff41a917425fb0a6151103434e2e0,True
81,L12,691644662778212917,5c2d4fe6061096456fedb989dc9f4008ba97834ca2e3cc009fc439720e1a749f,True
81,L21,11307560309716760284,f9711326e4e2a5582201a9bf9ea1fda8cfe968d84055632965cda2db86eaa912,True
81,L13,3413829242057391685,2508009f68bfec3efe562d0fa995f31e5e1842999e57e84f53178c9b3f94ebaa,True
81,L31,11344503609454875312,958a6d5691e1747a7286831ef5dbc54b93f63e2550131681fe16daa0fb03e6f1,True
81,L23,2829505171594446371,adf696f2d9267a4f44ac7cb1a0fedfaaae62e08a168abc009a12c52e23ee60a7,True
81,L32,12830356602365625892,94aecf05c3da83c645c01204f082ddb4ec8a65b10ad64c1ecd1837f1210f2434,True
82,L12,964716931282479068,63ccde95349c709b2cecdb79e37fc66bbece6eadf56ae9e02b164d11c97265b4,True
82,L21,3323952339260568308,6b5a3a01af8dafe61a951fa83510eae4ec1ee8d2eecf4357f6e1d32ef79a32a7,True
82,L13,11401740689339657188,9a3451737f5114697beaf251689931cc5fbe805556a66e4960509eee6b271e43,True
82,L31,18273612143752050255,10f8218ce34615302b133ef720683f56fead557ab4638a5fdc625dc5632d3c96,True
82,L23,12632738834137421621,5c3f4fdc795a1ec8e1fb146c72d17cb34910bfd90be2fa990021a07be1d3660e,True
82,L32,3533094647184422083,9d4ddb7447ba3eedb8327d94d4fcf617caa650733cca69e7a9cc5456bad996ba,True
83,L12,14397480863193589137,538823da281a67b5606a707e8df73291ec979cc1974efd29f8de5112aeb23800,True
83,L21,11086830082716102539,6e72d564fbc121dcecdd769fef217b3066ff38e0665017d9de6c6d9f78e4a10e,True
83,L13,16574274694499724981,1a2871ff5deb946a10f6881b3d3c983f10ad4a144d6d9b13a414db5620a4dae1,True
83,L31,2964646374994373959,6e76ca319703032a229c959cdea03ea9b71b5c13c538da25d691c59190afe0eb,True
83,L23,10699811826685005855,4c896687215a8b8b89685f2a61d34c13bdca087b6710ee86d1aa239e158af2b3,True
83,L32,13133617267576977109,a5d1e9e31efa575319abeb1be12f7950123e35f82b5efcb20e52774b2fe53a6d,True
84,L12,4577728796469220024,2b675dbde8bc186481983b183bcb3e1405decfe4059947a673f6bd0fe88f42f3,True
84,L21,9493312844732368786,3b43c74dce8bf8072e675520b92653884e7cc87c93fbad456be8e285a8bf6ebe,True
84,L13,17336979718464954551,d9c45c2a4ca477f983a4ea1802fb4ed8c27bbe3bf9d9bebac60fb92e2c2cc8eb,True
84,L31,2168500030657390515,656bc143e2ca860a41b8ba560f0b99d862b5401e7d3068a73b2a8f84826f8c15,True
84,L23,433965746943029861,5fb51b0f3a34bd33f94178942030b9830d8e921f7d7d6cc626152a01323fddff,True
84,L32,2895254226656818654,3a967803aeb075d0bf49fde41df74a8b65f5c66e243a20ac07feba13115f53a2,True
85,L12,8634579670394121854,7829e1ed3d8af7515a020cd7e885a848b4a2df396e9fcb5e9e5a3c8ab1202f0d,True
85,L21,8510654145978238574,2ff3b7b23f98c8cc421d08b1f12ca42dbab2bc3f4fb592647a0977d25e9ed9d1,True
85,L13,1702644322596133113,6459dcd2a4200c8ea869fe29623d24f01dc4784a1583f52b4a97bd4830cf205c,True
85,L31,3963482452476357589,837c929605e3cd008225240d9de6b19de97fe35b6bdc617d8bb8d944c2044d4a,True
85,L23,14279210735526615640,6c6c32f36793bb20524853a529b63500902471c47dabd39e1a93d0e5827f811d,True
85,L32,13334764959567377194,d0f0826646806892b6be89c566d90c726f1c932a00a5eb0dcbc21271c9b7e684,True
86,L12,6670611461237324282,e53277bc0fba4343a88171037e60e2453e43e1eebf13f043c45b9b5ac4eab89e,True
86,L21,14733326456466044546,0b8c159a129610cb6e7078c4c57ae321c7a173eaba401a585cc0cd547bc6fd68,True
86,L13,16291971752368376868,b4f4f5a84c6f4d604a2bee8434d491bc5d16cd2fb304b4e02937e26f108bc972,True
86,L31,765680534731668443,eb6447c68d482b4cb65404bfa6522aa887d22ca1788add5b5611d0ebe78aee7b,True
86,L23,11831014505145769656,9162cc6f005ec9613a56e939abef6a74761d59a3774594f7b1aaaba43810d7ea,True
86,L32,8361873872853192910,30e159f4b2cc5550c451022daf464ade540c84ac9d08499daae674e0484fdb17,True
87,L12,10247573109517587618,a24c97868c796945eeeafb02bf3eb75b469d36962109f941b69f5d976916eee3,True
87,L21,8061073879203305493,2693cd514a84d4774d0ac003eb39dcafbe77b5db580356e3aaca64150e95e00a,True
87,L13,1248928560002503523,9ebb7ca32f57e32886a41f401a4ab256d501f5a1b3017f47eafa526920478e45,True
87,L31,13879963292128195468,a6e34b6c42457c488e77dc1993993ea3bb2a0ec7bca79f8992302e82aed18879,True
87,L23,5844260392083397948,c70bbfe3fc0a5977dad90db894977a4c4f98e9dd9be449398715a1dcec988884,True
87,L32,11215980450453494482,d1c0eb16ed492c8167ad077699f2ab219a9a27dd50a1cdb0b387fc9ef67ede4a,True
88,L12,333379388268263995,7ee5602c77a7dacfedf555274e9c46ed9e6f4203b564c84f1c5e4e993109bd9e,True
88,L21,17448513930750062554,421bfacd13f956530ca657cb76024cb7322c1314a0bcb29e9f712918476e5cac,True
88,L13,3605330370269260204,847eb7aa17cb8351f1f9634f0175d7ec05266d1ddd3804de6588b797f8f671ac,True
88,L31,8861701385077445984,6eeaa21d43c47b0f12a5ed5372e128e6c314ab971b28113e681be732c34ae618,True
88,L23,7236059566170877196,e37fd04d98b088a7bf7ce910a000181da8763c46f4d5b53e00e1ef1400544cef,True
88,L32,5178498428330322104,acf07c0e0de6d1b15173cbcac6d2d11c6ff12c2bba899e2b0124cdecf893baee,True
89,L12,5062071301904294177,a0fd06d915e3d720c9398d70748ad8950fb270ff843333b58eb03b6c1e82b8d6,True
89,L21,12746776773653546472,83e3f7120f371f1ce024eb289481c818ada3f8c0d9c195747510fc94e72368f3,True
89,L13,12965671963265379597,7df6992e6f697b282f78d9714ac088c299272ca7fd39985a2c35746f90d83147,True
89,L31,3334629629379983538,a1d600b219874f9ddfecd691db895beeb28e0e7286af5cb346ee5d68d6e92413,True
89,L23,6373594494197856246,717cf53daed160253708eaa80f18d43152f2c08d88f7cb6562c210cfa32ce6f9,True
89,L32,5464173275871608173,12ed353c426c798a9fb43c3c6be5cef79c3d88fab5e55084887b876e306cc0f6,True
90,L12,15779071594000864703,f26287deea34948fd09389dd5aa8c7f18ff3da3518701a147f0933020cf3061f,True
90,L21,5345115479872463901,16658fd4a0008e527afa2faf067fe962b737de22ebafe46edd30f7b3a7c26e29,True
90,L13,10496988991800147025,66c73d3b001f06eb1170c072c23201afa2cb71306a5bfefb1a729d306929b810,True
90,L31,2419871212061459545,9afb17f0e611d237af0dc3994614330e8168b05f5d34b6e02cb58caffe89b151,True
90,L23,17319250898624612081,f988e2ffc546fdffb4637359e7afa9abafac3f41e3654053f95a661bfeec47bd,True
90,L32,5090079891532522292,55b7607c44f1849cb0c3d66c3c20cd7a2e8d7eb62f3e24a963d0aefa7ddbc3bb,True
91,L12,5615408679600894658,311bba0b364ea8eb16923fb266ea2644545f59301f6d16416be97cbdef6d06ea,True
91,L21,9377124608257538277,c380f0ab3a032d988ba8c64b4096d3ac9dc5fc75d8b3829492e1e5591b530a62,True
91,L13,7562781166794956994,bab45b8ca0c1a26517762da3056c865af46b507f12a692a10ce6efb3ddd4c36e,True
91,L31,15629118345058517310,106bf3baf713379cc1b6bd55c46b14d2f6436e18a912489f2f9324e14d3743d4,True
91,L23,998980029655826695,dcd8bf336bc0e6e16706a3eea8dadc803d9851c90ed78d99545d17675170c469,True
91,L32,12851674093074517313,52b7293e93ea9710cbb1f91b76f666ed0cc7e69685ae8e16cf0678052fe4e71a,True
92,L12,13180930647475884369,9a6a53032c24416420a755454327924cf9c1a6904fbe57ab1766957abae05868,True
92,L21,15690452381926403146,d293e34904a075bcba935984364d3120cbbaad1c1c1c484cd2dff48f86376280,True
92,L13,966146613057973675,4a0dfcaa3b587394ac5c7de55bc22f562aedc8e0d87444ffa362066cb2cb29b7,True
92,L31,17325326116769844972,f6eaedda465f869a6edf7cb422ad1c216a4cd9b28fe62aa3a08e62dfc48d0805,True
92,L23,7227653741472779806,81b04731626062f9afaca3186544ee9a91cd03097360a68f09711042c525b82b,True
92,L32,11602907234770392045,8adeb515d403e8e9d8d6b0aaa953831107fbc74e386582de1cb7604ec40dd8a6,True
93,L12,3919748003941449957,64a9be1f87ac64d3965e20057aae69a6b132844d215353c3ff00c8cac94dc2a7,True
93,L21,2459775255907584480,67561f8116cd0527901f2070eddb3a66496f8d07a988ec489bfbca7b9489ef3f,True
93,L13,13687286822914825038,d92581d4ef45ed81b479c971f766914353ccc26c91e6f8ba08113cd42c2f5e29,True
93,L31,15796884159685227427,45b9b40ad85f8e612a2536a75bbfa1a25695d354289db48b58144dacbad964d5,True
93,L23,13415427201048039491,4dc03d77eab95d6fccd66c1e7c36082f3c3e2bd3d1a6c979562118ffae2a4dbf,True
93,L32,525782407054511125,dbacefe04bf550c78dcdf9e2963a37fd71882430fa4bd626e5816dbc145aefa9,True
94,L12,9305994222717895144,3c296a3182526614896a43d386e8c58f74fb6923faa2162df6bd5136bad0b6d0,True
94,L21,17000296561294610685,5a7b7d3e56f3c0a9f67d0ea7fad1ffde561a5cd0a847fee5c095fa041af2791c,True
94,L13,17301422512756043710,e0cbbfc08791b5ae46300d0a6ed86baebf198789b13c7aadea6dd68a4a00c9c0,True
94,L31,9276961893431127163,b0fa96e566af3641ce9f026632117b081e9c5c5bdd83e54aa621b64d67611288,True
94,L23,1198670932293497850,648a7f5c9581ce6ca0e6f643fdf76889fd335964976f80f82c036e737d0aba58,True
94,L32,15965757602123733555,25bae3e2fa69f408e0753c1f79177a96cae31d8528a5ebd912278ca81efc95bc,True
95,L12,13117901594331310047,63d713c0898ac599da7f5b2b76894343362b4f23694b9008399613400cd36215,True
95,L21,1293920266146303546,341ae2fd42a3e1a4af4170d9d0a1a20f84106d4928604b5881c544a151b97db5,True
95,L13,14021695520527169989,efaaf30181a5917dd7f6f3e5a7bc12702b67019d37605f778f7e0e2691e2408d,True
95,L31,9870616494160700288,a9fde416d3f216fd9a145cb7aa2468046235d0d2aca9ad2a721b2a9880df3c01,True
95,L23,1178791638929247206,2fe35b8e4073bcf1ca51e1c0fe1b8f9526e661ad2b237a3050f59363e3a99431,True
95,L32,3358903506956938925,14d5949f3a28dfa31456a2cbd05bf5c43e1ad3110ed38e7394cc13c68cc750de,True
96,L12,16639486808884360793,2ac3150580effee015fa03e637229de6959f7bce639eb8a438b946c9f17ee4a1,True
96,L21,6420968736127375316,e06b39df62747bfc755ad07b9216ce9a219b2c6a79a184e7973e4e5adfc7819a,True
96,L13,10811256744480592907,f1412ee5606c273dbd8a1ebef97912c8bf4374e19ac53dd50d2b248338be4eeb,True
96,L31,11279593721304710258,617537cbdccf3c8c19eb82b52a3df30c134c03186863b8a507668cad9e9e40c6,True
96,L23,5447064007404250649,9e72b289604ceb14285ea1dc57cdab6647ad0307240f451159b414d3b37cc7b4,True
96,L32,2756014269740051079,4323e934dacf1c91ce3fc844515e8a33cb9d3a4476e0e45fd6e05bd25941d6c6,True
97,L12,9067768800899407542,a629b154ce081b5ae601e114f27d496cf4788f5897b43017aa784fd2ac4c5210,True
97,L21,7799710546639021350,09493575606803bd3d6a80e543cd45b52cabb14433035b2b898e67e250585239,True
97,L13,13183909734553190255,1b2aa9f470a7be8d06fd7400e957b4d2139c3ff8923abe305c0a4e52854571f8,True
97,L31,11582525677073227992,92d613fca54331c8a304eeaa479d30a5a2e0e6eaee6b530bd520b6eb548c054e,True
97,L23,4818666947189879952,0a0fc24f9ad0d04f682e84d603929d8e72b16e154cb0b84b26b58613dfc00444,True
97,L32,9011849718539354580,6877c68e5b0d3ae2175dd18dbd47325ae64ee02c5c2472d03ebf2a5ea1e8a59c,True
98,L12,12708250757060926708,2451cc6b9ddc7007404726582895c625f245fbcaff02e50c26bb856984a5c80b,True
98,L21,98465425354627703,b34d440a321e263b8bad3aff613d17c52bf78eb974b134ff71385ea2fbbae1d4,True
98,L13,18363852271580943247,9c72022080b8e4e3c4e4fd1f4061a0644e8a98dca4fd6bb6f663012f5349ed1e,True
98,L31,8631331020143628006,f169091c71f7bc7742910e2e28a96caf2cf04d27d78ec05fd0c9708623232f0d,True
98,L23,11223573498046951765,0a723d483386c064864802d97ada945d0bb0b496bfce464790f24f7e9f08d910,True
98,L32,17435237412302465224,512f8b8c5f65cfa48d6bfad327334bc0385c3cffe952f3568777dbac82e4e6d6,True
99,L12,12688505757012975662,1e18c85694fe015928d2a38d81e74e38bc761b8f0601763e4e6683fecb4d9b4f,True
99,L21,17851775177832809066,3b5ad4dbc42388d3fb34c3fb8adf75a079200061d454378c5e54dfdb02c0be5c,True
99,L13,10642681149526729490,dfccb220dbfb092e1b8d8fcf63cb8a602c61769593b5daea8cc3daa4b47520de,True
99,L31,12899899064944676541,2485081a3e7321d2359d7f3468a926c1c22baf316d242638f3cd48411fc53502,True
99,L23,8768998181731903447,e55db6efedb70828e4bf152618d02e2f5581efdad0145d7a3a0aa51cf3115ffd,True
99,L32,13210808458182085234,af6918128895a743e026db9e6032a397e61931aa174c0591ce68cfdf5bdef3ae,True
100,L12,10857799878108374956,0c0ff28b8b8ba5dc6546d983a4954d6a94c6a4e4494b55ca3c7879dbc351f150,True
100,L21,16471404772602876132,8d3f80aa982cf535df533713e215cb9f046d321d7e744cc628206b7b7dd4af9a,True
100,L13,3297758736319592024,0ad74c8b9d40558ec931b7d5d46206b2bf4a8e161e46875ae66260155f5df46c,True
100,L31,9579820386559868514,114cf1e6b6563f7f1a632f3959e7a3e2a14b0e93ac06c628faa27bcdbe1d6230,True
100,L23,10854715493335843153,4221d1bd9289d0209d4d6459391ade1f0422595531beb9a619ec9c3909d7439f,True
100,L32,17528078513851873250,1ba22ce0b3390bb95eb72c7bc41ec0d70cbedbfc87d1ea77b95c82f2df0584c2,True
101,L12,13257667490658180571,087d5e80aa861bb60a771a0bcbabfaf8468c7809137c6569921086d12d977e91,True
101,L21,1566674687142105725,42d77818e88e5cc9ae467d06718574315a31cb97770f91cdbe83ab19e6213896,True
101,L13,10079238071906265660,519dbc09c54eb956c35c10004518e3a9ac6899bc6eb19a3692e14c8a0b8369be,True
101,L31,17082633349547071464,aa073e3067556153ae8391aabded67460257415edfb702925c3fd2681a732d27,True
101,L23,4504076160161585649,58d0f8eacdab0c144bec34c0f4c3b3303de40a6e32f00d4517c2db90b9721c0c,True
101,L32,17686050690460983890,1c3a4ab50d6e3b9a1243ef3afe3abf310a6de74426d5fd99e824e90b752703a2,True
102,L12,13061074266339258416,1ef917eab45d403f513e41de6c6ab99da8f0baeec4c6b147e0d4dabac41022e3,True
102,L21,3236892813465669188,3381c1c96b593874795d863e74fea5677a2651edcf5a3016c4d52019dffbc9ea,True
102,L13,11602679797307725263,45bf89677632f909e243f97041ca08da869305695e86867ff618bd257507c76f,True
102,L31,16958978352261612977,3b2a8b55004eac967851a77788c354e56b12e260b3e0605b05fc071e1cc35056,True
102,L23,147152265501031671,2c8c8bb44817d30daba37486bbc99289b2292068dbc16f7880bc1c428155cb17,True
102,L32,15929119598630737045,c2a2e82681efa0515f3afe4688481207a77cce6ca484522de018565e0010d115,True
103,L12,6801688563424879332,2dd7f2cf1dac03ca69ef043bf211ddb81b7eba2e58795bdc2e154d49c5eed3c1,True
103,L21,5460525001640558151,0b60f17f8928aac9ce2550b7b3fb92e51c2e6daa6e931a1d21bd9d2323cd7b3c,True
103,L13,4891665017223918274,fe5448615f02ea8f40f794a8d3610b8ca126b637c109d928856f9cd4506ed645,True
103,L31,8226018174560904045,9f8844dbf34c704802caa1c1e6a9637ea2ee60fe5655e3ae6bac2e8c12d41ec6,True
103,L23,242480097915335029,925bb300b5233aa4838a9307dc6e05c7851c6cc037f9d30b51a2351ebb6dfa53,True
103,L32,4921644743564423255,323d3c3b5cd280644d1f25723767d5b65b9aa4cd24197035875b87abaface581,True
104,L12,13287709564437291537,90854122b6cdbb0666417428f7181f74fa1c427b09d27b7c47c879b9db96a07e,True
104,L21,5594324764280244795,d8f0e946e4462ec8d1a88343f8aee6cb0f277ece7b918933b3a60dc539c6b2b8,True
104,L13,8336073362148914189,d4cbe119555a18b4cfd4d50fcac55bccc8a89553227c50505c5febc7af9e9aa0,True
104,L31,18401767307492582420,e7fc3f707f935f346bb4b9fdbf570a490bfa8b42f014b53cd161202f2ef1c517,True
104,L23,3473660443456893563,188b3d30c555795ae2569adddda417df6b2b5ce4863b1840d23acccea4072efa,True
104,L32,12832726275354221462,3611db0b97d7366f839df7af2c8a31bd861defa32786adc309483591e76a9dc4,True
105,L12,11036055979373983289,29add3d2cdbb0def153d84adbf2b7ffbaeb9ced190ddeae459d199fca33e2596,True
105,L21,5969762450112162861,e51fe341e7a811faff2a463ef3a0d34b8ac2ab9079e79b32e625beeea1d6d068,True
105,L13,17858019091064817450,36567b05b519d001c8ae5501702d8ccdd060fe1a6b01b96576d6a963f892cfd7,True
105,L31,5005641344033835392,7df675f23aeddbac907489b52a6bbb4e0af73e0845ff7b837d30982cfdffbf65,True
105,L23,3743212500078095526,fed8f2a7ab4cf4cb3d7b393df78fc03491860782dd26c5d5e89f0fc60d0d822e,True
105,L32,12709512687246709454,05a4be49b4a5176e2d9cb280eb0a26a38c72f83d461616a0e4f796e10a1005ff,True
106,L12,14043921737443157029,2e76588201d9b124d255b91d9e943cc95ef386ae633acda110cb19b1d3e37d55,True
106,L21,2258691849085409199,2e056b36fc8db655fb196be84126af50d8828d87a6e549be9d354229a89a7979,True
106,L13,14905218922742944608,7b778e4cb39f131e09d68f1299b11feec0cac7e5249971c6dacaf55253c2abc2,True
106,L31,13230319915607809948,364406e477cb12923641dd8449f38877e6f3899cf6fae205950d66a41f415b09,True
106,L23,8137916220991383123,03478c103494dc2a7551e23a24d5d96342f43992ed06cfe170cfdadceed705ed,True
106,L32,11305571186047721839,e556a41125869a66b74211a04b78eb04856fa5bbd0823db2e44b2566c0e8969a,True
107,L12,4573742318453421289,5e501092194fe2cf0c2fd07d1dd10857d8820616dc781461a80ebf4e7f0ded1a,True
107,L21,6523343870562108238,7f369faf4e12f69b6e45c4c4e7266324cc3550e77a92be8f725f5a10aa2c1358,True
107,L13,321399979766840120,005f86288b005227b4568c38942f8084f1b357007ebfd871dc9f2948c64d7573,True
107,L31,1714034900675630994,8af7d7bf96d0f102d1f8bb0ccacc5723a76a8d40a103eab58d01e1bb96cff87c,True
107,L23,13161647095753795329,82dd77489c3b846d241aac69d831b156c44b4ceea5dbee17d1f1c749c058053e,True
107,L32,3002192544341518731,a7491b600ee045b9757c9a9b95f02fc68cc74aef7fed20ec6b6c2260d04de219,True
108,L12,4780366094386794412,8e9cf9b790b7ec1630ced99afdd03b679416b510875f059f1af71d42fca260ca,True
108,L21,10766281006363329849,9f604da955e097a4e84dfc1553b6405abfe57801b5cb4c16d5f31dd374d08257,True
108,L13,8022500117926985153,2f9e759e72ed739104e2abe75a9045fc204189d58c0108e3d0ff4cdabbe45543,True
108,L31,4206306873951411327,5a01a98bb942d0f713722e2a5c2bff98021bfea3aab3bae8e1ebb70751b9ab2a,True
108,L23,16100104878677054022,69f1aaa560afd7914fd8019e0620b6adefad9b4e4f5f86b8384df14ed61031d5,True
108,L32,17572863117389079020,f67f9d724cf9dbcd819065526083f03711cb0a6e6b5aba21211c6bb640bfd4e7,True
109,L12,18125138066375499025,ef3d47cdaa96c21a66c1ba2b684aa568ccf58e7c0c7ab9651276515b127ba7bf,True
109,L21,14892227175176739151,ede94664a3c47b5d7876965bffc2b03e2d99033a8e96961a554b488ad06e1334,True
109,L13,93552084330576351,c2bea50f47b222f632bc48f479855dd76db4c66ea528938add68a8def0f03cde,True
109,L31,2163516647062783807,e69ba49e14e1f6eabcf8830cfbd08c2d5f72ae1970341260a8792ef6483d66af,True
109,L23,16956272758809940793,0c7c8d871f62e6cb5fc19a71b85a471bbe654876fc2c11e23abab91f4b60ab0d,True
109,L32,8316826960381645789,192d771a21df9ecace51eeca4624f9e0e31ee5edce4dc4b52da908a4aa070b7f,True
110,L12,17530969914692178085,58aaeb5aa7ff4e13c5bc37e17b9cd705c062b17fffb58b82f307fcc5c713dc19,True
110,L21,5376667378050101215,9e07496713ced64e0ea9a8460936b7bc2b1658b275a5868a7c4abf0fd863d374,True
110,L13,7633868293668639063,e39be3a6ff6fd7adc458ba42a08e37cee56166a3c65d7ea8094f2825ae8f6641,True
110,L31,1577939063349273287,bf47a15dd72dd3af97e6364f143feb7cdfd77b0523a21a5e0eef364b0c7ccfd4,True
110,L23,17839660563556862173,b77f839789c58c1108e382f9f1ed49ab96ffbec37c12056d9c5227e274cb9e19,True
110,L32,7829708417112770319,908f68ad2a4eb62b2ca1add343cb569af52a08892389e9e099bbe053509d4e49,True
111,L12,14083054620898381724,8d6cfa0bf37a95a177d53a7ae9faedaced4c8102dc14dfa80432d64cfeb75231,True
111,L21,17281828465447340718,da6fd1dee5d7198b070fe2afd1fd87123f1c01357318f5d8b8985855839c70ca,True
111,L13,290451763850667623,1aeff21939f3b084befffec0fb649827f7526f87da95f4795ac6bade2c9d7c7e,True
111,L31,13480654001663658638,588645c4f857c85e2337eb3fbd7bdecc838911f26b8c91e951a22179947ed6de,True
111,L23,42845983118694954,0cf739be695481562851a521a00934c03c1f43c328e69e88ff60419ef530130e,True
111,L32,9491409678499963498,809745186dd42ccd9194ecd71f0757eff3a81a6e339c6ef3d1f420d3bddaa3f9,True
112,L12,17354397898576055372,297b64eb769e02d5890db23f8de5adb17a1368f6b0ec8579e15952d13b69963c,True
112,L21,15710695080132481348,415f6d3f4760985a802f862a0d40409ed033e5869f4eb0f8c16ce439c67f52fd,True
112,L13,9045214958202670484,98a9dad33b88f2c89500f83e413a1a8e7c924590a28f3ad32377279faeab4115,True
112,L31,10041454504123044313,8d406403e742db98ca60cf54ccbd9a54bc5f930d14e897ca695b3e2a95430d53,True
112,L23,17757505731028252269,487bba71aca025c66987123bc2f60e0d318395fba52b6a02091b84a161e1cd68,True
112,L32,8461688480495091203,bb8aeafbca8196c75b39086a8a62a816ad49aca1126880d9350d0011be28762a,True
113,L12,10081868655033703092,18a1890a4d57da76fc9d2fc242189ec113719d2b1a4300d9ee28ae1f0b0a23a2,True
113,L21,8920700751146420560,b54ce77d83d9ca51b64a6833c8aa5a0a13a215d4409c310fd02d68d736da02a3,True
113,L13,17103669949268114904,b2a2daf49026dc2c99c804965b9893fab90775c857702459c18040710b2f54d5,True
113,L31,7967089673929884843,3e642611c62ec39847ae77523e2baa6a687e41a65098238c35001c77b35c51d9,True
113,L23,17351860096914250795,3785e30ee7249cdc0b5d23bd310e3af02bf58ea5e02159e0254fa9c3584c8c8d,True
113,L32,15744889221566120739,a9ae4e66ef6d2848fbc8591a3f7070e2c434965a715fbcf36c38be7a89650578,True
114,L12,14139996524598663141,ce10d6b2706dd51657e99bcde72d0583e6732312ebb00a1843c33e0318853d62,True
114,L21,4209810647815343834,a0d4c38853418634fff29d20dc31d524460db866a614427e199142a2c956beb9,True
114,L13,17677073387902945585,7faa07141a1296a9cf6cd70acf282ebe1bba2b0c1ed01cd73aa60bcf28be5543,True
114,L31,10903866575261461466,2feb98388c90354695812f0bb301c476d85b93ac475d7194eb6da03462f3919c,True
114,L23,2140310032608372210,fd16034d13a886dc829499d08c2391d31d5bde0a77a44a5a85637707aa9b9785,True
114,L32,5287205698560237037,f8dcfa4b51f0a05b4a489262cf782003dd7c07db5ed32a57a1067ad69d783b37,True
115,L12,10083750063124353148,58be08c3ec33d5ac3e6303e2b5922c7e90a5158065f88adcb719433bc6f534e0,True
115,L21,8629151142442611578,db1a72da1c2856ac3112afec92bb19acc8d7a481306ecde2aa9012e6bceebdaf,True
115,L13,12937513254059901850,d0c82d0740bdc79f8ddc420579cc19b8210d827b54574a4a888fa745d5c095b0,True
115,L31,6301548709930489700,67626fc6ca75f8fdf8e28eea9d2a950f4cf7b77945a0d0b20d85cc8bf6add81f,True
115,L23,11331540038002799594,9e5da08168f93ac5f686de1b23665133082b1a3624f1ad3b688e0c51476dfc43,True
115,L32,18322965835275508074,a05016fa1d9a0061dc32e37f6d4089835f6b1b744d8e9accaf823bd94e19d4ce,True
116,L12,12724077400597638852,d042e4c40fe3fd40ae722395ccbfae67d5922633d4ebbf7da12709519c30ab9d,True
116,L21,6039139001719335903,553e912b63f436d4b1ac81a164f5e69168d9a1223f1d097929db77570a620b2e,True
116,L13,8214679269018070146,60efd74d3698d474447d249cdbf7b6ba9afcbcb72bdb8b3a60dd8d2a32280ea1,True
116,L31,17451045640347851716,a12be73a8645137281ef95b7ca5ed093a4e6ce90621e05735fee2ad5ef1c32eb,True
116,L23,12298258932451663446,d6c49614e30b158f707b647b9c7344ca355c44a703814ba597f9291714d24f13,True
116,L32,17510356323180976427,c337412dc5955ea4ac849b8fdabb3c039a2dd228e8c906651c427a8c9071d885,True
117,L12,11098058606225296957,63d1144c4955c75f3bd97d6e787c400155c73f0c6ff4562fae5a1e2eeb06a2bc,True
117,L21,12047820412016127823,b9f064b01be49bdb4046d2123e2787472c9df131485d974212e91ee4c1a0a7d3,True
117,L13,625109298208811517,e0986c2cd479ba77c601d9ecb84d0327ce918e4cf4e1f1f4008fc67c199e26ae,True
117,L31,10618286606051627835,e209b4aaec62aa83bd0753f458001f75e673a4c46cf1a959a8ecb08bd042fe98,True
117,L23,11213253309632961504,57d19397c8f75fea31e0e01cc551713627bf727ba6da2efb977f00ec62d6056a,True
117,L32,17123280481489177232,11dfb976d52417ed688b6c4ed551d483fd499b544a9aa83248dfe6d7f713ea4a,True
118,L12,16962253641491293410,30561aa20d85019abc0b5d600066aa8834ea6812c91f9d2dca5882494f33480b,True
118,L21,1835449140425380973,c1ad124d4f6d68112cd5f76dfe75b144f641d3c2a3ba913f30041cef08dbff1c,True
118,L13,1706990626007504925,c839ac4fe5eaee2d22d21b55d030aca211ae3e63616e29d3a8169cef6971efbf,True
118,L31,11120197887631272897,d95f308b85049cfcad7177dc81638fd2841d46427ecbba9c494f84c2ae20deb2,True
118,L23,11684976203959904369,8e1efcd590b5a92dea43963a9e1c19c58737b1daca42c035eb6355857634421e,True
118,L32,8919738773979133838,a4397a0e56a83f37eb28c909441448fd48ad34144ca2e704fd6f66b7ef107ed2,True
119,L12,6964141541369053333,67483484ae4656d1c3dadc5924177c506a6c698020d36479e32fb1e28ab86e35,True
119,L21,9201488526979574390,721b5f5a368367811d77b7429139eab46c2b5a0d938c14345cf238bcacd4e335,True
119,L13,1930352139780948433,afaedf40f275665d572ab4f7ca9f922c2ddc8dd1d6106aca3fddc5a1ef2d3da7,True
119,L31,5242638738183950464,8c11ff99d1c5bb0d88604ce10ed2cf93330632c0fca5d5fb379dc1f15b0c65c1,True
119,L23,8227590442031960583,e4b05d61dd13b38f43bdc9b46c3202b48ed477413abbda2ed9e283ee3d47a0df,True
119,L32,3385250471654517314,eec19ea3dc0d2aa28949fea6c4ff48f4d0a5df33f635ec7432b6c3e6920d0ad8,True
120,L12,3015797231134807798,0cd9bc17654c8ca7d1b00baffd95ad446e24b91967d14f27cd7d5b402c0b25bc,True
120,L21,9569181270929935485,d5d7855c341a72cae367cf0cd6e01ec90a99e4c9a578070ff55d028b6ea92c74,True
120,L13,1559100253258046469,3e6fd63ac8827335ff512a027f4c1dfda8fd256a0a9c342ef9e84d0031460a17,True
120,L31,17014194098604159517,3bc7f21dc286c1436336c6e10fc5af806a754772709cfe8255fad657e06959c5,True
120,L23,14950196718558223490,518aa65fd8194939707cb8fae9fa5744be61a69f2da2a85a629b6364790a3dd5,True
120,L32,10436690363215605402,072e64911e868537724466be712d45d97f3525a4502ff659c29e213a174b6d79,True
121,L12,12805941570247301564,696cb1c520652dee6ae50039ded2681fb3dfe864220f08e9c17eb962224cb9bf,True
121,L21,4481359190888744726,e6c5a318e50b156d1bc78b67c1343d926068e7f485c237ef04eaf6d824e741f0,True
121,L13,8390886383516148974,75828e203682b56750f4a1cd36fd9090b681f8d4b50e383be0602dec34d6386e,True
121,L31,7466904011029750910,7158656a8cd60f238926197371feb25d2a3069336a2060b56ecd3c44e2e3b7c9,True
121,L23,16053000430217466314,44837c9a4c50061649de8d0f8c92cf537483f6e226b220bb41521929168ee6c4,True
121,L32,1613159483719874677,6743f192754bc6ff1146a1b2f4eb63d9fbb85da1b9d536fe8c784368bf23449c,True
122,L12,7385693967559538602,bd905f8fc8816cda1c2e7da310265f36f0e43ab43e549a58948f81b75d57fe8a,True
122,L21,1324667762928464553,2635263beea62223ca91798017e7756869ceef0e3038425bab9808dd84c10a2f,True
122,L13,1298667777289986569,c1c56dc1a05cb6e9df4eac8930a5874bf5d844d6fdb8e7a3805307bd8fdab8c1,True
122,L31,16197313995077825806,8f29b9e634d11828be70ccff424cce5957d23d61158611f0b08bb716527d5af0,True
122,L23,14037997822290017081,3447566b85b441811578230a604f62d57837e029b3aaf2b52aeaa6875acf635f,True
122,L32,9670814919478664128,c577c07cd76ee2624944948c3585a74a05891cf083147910144a8ff5ceca674c,True
123,L12,11261812960888252329,eab29020f913938f376c1a1a800ad026b7a1c61e9cfc8450dbc2a91bce4bc2ce,True
123,L21,13838610121432533462,d87392e88b7221b708ec7666e60821f7f257041b3055ef5f0130c7d98965c843,True
123,L13,2874999216353989650,bfc41a7fbb133b1942626c0bf5c81b30da43a0081cc935345b47832de7fb31d5,True
123,L31,11499259562818957322,03461cba2013bb8d30ee50c889913413634f6594c825d2e79db8eb00529c9771,True
123,L23,15061026626203019457,f4c81891371679ba7b5f5a8d0a43c7a7eeb3f70445ca91bf054f6d270facd616,True
123,L32,6935999590122651226,5b60e384be8114c4c9786c9436742230b317a79a5dede00a8c6c740a5fcadfe2,True
124,L12,6331169872454247616,8bcd6d5e8820a34b9cd47e73e8ad709b52d4fc2f22ccca2a7bd270f9b2647e94,True
124,L21,472101739756211574,9965bf9af20169c03be5a860a63974815b99e0cb459863ac482d69eb51d8c49c,True
124,L13,12192662135126202416,a1a14e44811dd0bd634657b8dda53d49c4379c045e9281f1715a5db2db82074c,True
124,L31,13851661183549340378,76a161b625cb320b740c83e6df4f85320cb550167f98a88e21d6b1c81e5e87c0,True
124,L23,8442180747670090505,131f835b44585fc2ba557bf554a265144b613759c85d3472488eb5acb6d1b2f0,True
124,L32,11184817698356671422,db2f59a426323509f418777d3a9c9cc00ade7673747754a77a6995e5f1e3073c,True
125,L12,11149739227397868950,ca1e597bb9563a98fdcdab33210f040b0bac761918e15a36b4f26639cb546bcd,True
125,L21,12670661167700201259,f279ce5460e3dc2f2d0d0388c104eeb943274a86a3a52fe480307888ce899b56,True
125,L13,10275530828795999125,e0449d269345fb34c9c76acc7a93e9707caa5033ad6361c7fd3c503ae494360d,True
125,L31,8543512158289326799,4dc78cce70cdaa58f289ce211924172ef8acd39fc8b4db0f695473242d8e7907,True
125,L23,8319030898536526779,dd1b954061806e48370450d150383a788ff9a82f3496a11ee9656a58383d12be,True
125,L32,7701541362671006786,acdbec1c97e379e01911ddc486931b6d4d8737c2bb6bc7ae0ef20bb8049f69aa,True
126,L12,17776637663817777950,38476dbcaa4635a5cbe4dc5705d9c19d27148175b1fd07acac5f675ce3e77eaf,True
126,L21,5888563525496888031,30fbfd8477aba722d9134d758a9d3afcdff60fa36e53f0bf7f4852965bf154e2,True
126,L13,6871217114744771220,32dd3eb7ff88ada02bf8b482abdf747ae9851b45f5fc1e4b27448de7383852ff,True
126,L31,1327334575016441656,976dd3f6972561c9703a043ebc60f59c2b72c4b5e055ac45cbe73956cfbc5190,True
126,L23,11480461615670071847,8243d0cf380aaae969546f8456dae60e30d0f6da1f5ea498f90b5bea868a248b,True
126,L32,358474598882955051,b08eef043a2e0f2b7cd7afddf108ee93e7280445161b1e4cb0170f638b3cb929,True
127,L12,7328243407030519851,9db70f1fdcda396be553b68a98de5028233beb9ea85ebb05832c0bafe16e6139,True
127,L21,3915646785999665430,c5caf6f5ecd2b0e3991f79c82b2283668eb8f004a3182da3f0559c9103523cd7,True
127,L13,1555384383508401434,f61d3b29fa025a5a58e0cee4730e63cc68308c64477f79b68adad49dc39374dd,True
127,L31,13796285283902830831,208022c4c803fea3df3430faf97d246e9987f15c1a86ff27dd97e9594527f150,True
127,L23,456967636068925158,642a49e8ef37dae6418f75de87e1bd68361e30d5849a7f2b36d8a2d1922966e1,True
127,L32,7290059158536768164,0232b049d0b92d7b5e5f1a785f8e260850b20865152328ffaaabf4a1f92eea9a,True
128,L12,16372983201276975798,2353038a4fd26ac754b8521a2db78be11a4e4600cd871040b49cfa4c4bad8afd,True
128,L21,6007651883109897527,f0087bf5a98693726ba8bcdb7f96f5458050fcd36845995b941dfabc4b4d66c7,True
128,L13,12087150862550874951,e7d6754f439e0b279589d097870b6b9c7828488cfc98a5f056f7f7a6db130470,True
128,L31,16157425175670901727,24028c3b89d9294a179cf7dc85673c2cfebccd5b943c2b791a8cddca9edf9e7b,True
128,L23,14089194608800071794,763d6f990288de04e6c6d36f51be850cc9d214c372c47bdf4be964c29f38e77a,True
128,L32,6826083935338829791,3c108b4e5ac59f32a48b43f3aa642c19e6f7a1e64926c42b3877a90552e31823,True
129,L12,13849339368866893585,e04fc20dacc0b938bd9ce36bd30c68e52060f6f0bc2133f79e61a80b20b02aaf,True
129,L21,1861768563358408921,2c549a587655e21b3ac1e4d4aa3b8393902cf03bd541a9ad9f6c9e1c7f5d5c6b,True
129,L13,13940775863643457999,eea899ca31085d9d886fd68b61a7e9f483cb6be050dd29c99c3089507d13870a,True
129,L31,15583070925384478417,a74c6a47eaf28044a21fd53c63574deade0b1562829dee01654dd3e75256ca69,True
129,L23,6439236759885045499,622c2b04dfd8453ab1cf70ecd9e0cc0efefe452e7060d24567454e7bfba11bbf,True
129,L32,4672842258641396077,42a0e89c37676ea7e0b642af3c2743ccd1d1fb369303be0fbaa49d1d88d43ba5,True
130,L12,12059451566718322930,dfa5852c8c18c9a411c17f286b5f299916cd88f9ef2b11861d5c833dc183be31,True
130,L21,17147757238415282467,a4937d420a42440d95d3e156cfcbb6eeaf9b8da6217a35ec73993bfe48119dbe,True
130,L13,12527907266974200953,bee234760740b6456a3f08604aca7b2bde579aa292cf6a3f9dad83d899fc1d33,True
130,L31,5108393472265007123,fa25b0c5fb465c0d3bf03ffc264a551eabd80fb83a82d5d335c5d5c8361d36d2,True
130,L23,16555560285669780799,7d303784b2440beb79930247c60394178ba6d8d3da57e175710e65b16bd6e558,True
130,L32,2816552141772085520,396b749994c4b932b8745f5b9bd397f0cae827c65a9e1b693bcb385f695b0d50,True
131,L12,5175149022124306013,d1e73107d8357a6d18783cdcdf089c325a5d1a9fb52700813fe9a827c04d5799,True
131,L21,7716863650088972769,4ff269645e4c05004399b40a0884031c315305236e39b68c7d957d938ee35498,True
131,L13,15382249476545562595,b100dea49fc194b0e919dd7cad3099e16be3ae0be400d5e25c643e757402e5be,True
131,L31,14324324099588593093,abaad62458e7bbb94c7525163a7dfe254a3d1ddf50d0d3ff48f721f4f0e62343,True
131,L23,768459224323593392,e60bf79138129bf7895793abc4c9749134b1b463f7420ccafe6f5dbb612f18b9,True
131,L32,17249292783937911517,a9962ce8c0d0762b367e4c618312a20303ca3366a29665354c4129c114d1da9f,True
132,L12,14224638006943255775,8747bce58e91e71132d3dead0df6223715c45ec0cdc77e17152a1d64774427b5,True
132,L21,10390707112213243963,171e2a7ff40c04d5a513832155e95b9b07f216bae5a79907f21468eddd56ca7d,True
132,L13,13967674293877188126,dfff4857ac4652acf656a5771942020da7c28cc606f0adb434f051f8bd0446f0,True
132,L31,5554986778622552101,702db4580d02b6c9a4f411a698c1b95b5b71ff8c24ea571ebcd14059be9750e5,True
132,L23,13710868309355793516,d76d0e10046d4bc3968f0b908661e8b9299e76d05daa6c79b7595402b2eaf47e,True
132,L32,2470079165447900093,6e155b59bc851a86e49400f8e22e879a7f919270e57349a60777f2ed82906ce3,True
133,L12,8036623664134255768,d098792084fe74a77b58e131bea548a2a899e8dd6881b07a933370180c02b118,True
133,L21,12960863257896336419,cfcef1ddb80d3683e0e1e329e14f441776106ef41bd580a52f03b994e3dd1c13,True
133,L13,15364483228390492010,9907f6e36713f60663cb2a55ece4f5569615b89b604bb556cfbec8387f72d5d2,True
133,L31,12938281150669283728,92e6c158dcdff02ac3c8c2f6941a746051429c06ec4aa03c406c9d2669411986,True
133,L23,16592298893798826569,d9e4168e96985b9854adca2c489f072362ae6f3345639b6649d940b13ca951c1,True
133,L32,16321083827125170136,2049f94904dc546bcbed5a5fbfc42a4fd0d8aba47cb3133b6fa3bbc4916a1e60,True
134,L12,12614251685459358107,d05103f6caa2757f4b298e4ea233143b6ad44abe7a956a14d74444f6bf0172cb,True
134,L21,1502969573267838126,fb57b183180402bd114e66586c5e6587e650d08d58325e7068759332f408e7cf,True
134,L13,643979725884570694,0c48d798fd1ba274fa5d5663ab58b98ec13b9ba1cdd1c91878bf546dfb612786,True
134,L31,15364542064194467203,af0cc622dece049ccc6fe89516cf20688d32e106254c025ffc772a881d432bf9,True
134,L23,1680353887363336414,53bbc9cbb485cec6fb1faa7683fdb5e98d4e96393e4e667e355b8fc04a9ff014,True
134,L32,1296174671478701796,646dd3002f752e2d8282759e984c870c6f8a924403db148afbf61f5d152a5c5c,True
135,L12,5849181790995729258,00e0aa5347278697f6e8d4bb0ade26b85e41fa9adc2ebd870f63b5f429c17cc9,True
135,L21,2946679915086697309,dce2490fd289a55bf5151acacb0168e2e055bd939064fe17d8f0b784b62253c4,True
135,L13,12380859488541245909,4e843d13c5b68641edfe647ab935d6e19675c0e145d76903fd6e05dc957b4e39,True
135,L31,701158506917866252,7efee1c172fed6f45856d9a78515e97234ce8542108c00de1c05743fdaa4a11e,True
135,L23,3399128395189659641,407047f604f3e4a2014e703d38a94e81a60e7590fcdd8b99688dbe979b6a5bb5,True
135,L32,15442365452713747744,6b29bf8df51ad70b4327c578da880fae9a5c1a317d73fb8773ec914e608c4025,True
136,L12,13082957231406232139,023491bebc08753f0785e62ea57d4cf4537d3eddf9c6be62605df387663c1920,True
136,L21,3969056181159513392,360532f93735e28368da3dcf80550b71dafe4b3c09036c9482193412063a6d50,True
136,L13,10048716911662175885,3dacb902976e778625359e8dea00705302a642713b456d66166a06e779b6ec40,True
136,L31,8366546693150762346,94b6633ce355c84e114cdb51d637b97b09d4f5002bd295219a07e90837b80bdd,True
136,L23,16903666926637638917,7f49848ad64c0caa0fa740a5c670ec93b9aeffad17e040e3ee9bcb76398002a8,True
136,L32,4870525229464412703,2c35630306d4daf8ca72988926f84a9c5adc430eef51d3e0c45328b22a6bc4f7,True
137,L12,8703028377862333203,1b4d8741744d3c93723ed9f5b2d8eef04804ac6a305f44ead57260042006e324,True
137,L21,6889305705250190957,3f2b112351b7a1bb8472f5f7980b57c8a75226f33e1b6f9f211c01b22ac02d29,True
137,L13,8559869220682043316,ac2baae18a774c5cd33aeffce47ec5315ebaae2d1481c65d56a32440ef944602,True
137,L31,17417349288799208203,b83287cef6105194969cc358ecc7fc0ff25a06da56c2580bedb835b879385ce5,True
137,L23,7920212799852707054,60251ef35d5c2635ff236fa1f7466f282a8be5ff0f077a707d95aa9daae7f298,True
137,L32,18000913467434435919,41de5127cffebf03be6fc37eb1a7940b76200645c7a1757e9c3cfa9c550f652b,True
138,L12,8340426857563171883,cbb315550cd006985894a443b58d12bfbfd9ed111c1e771bfc639ef181e10e1d,True
138,L21,2514302865735840784,f585d688d75bfe14892aabaaa6b4d0dc307294e6a5807cf1c624096c725decbe,True
138,L13,15711600266239966783,9f3dc42e3546796dfb5a62352a23d767d2414806fe8b4be45c8c916fb8da120e,True
138,L31,2985943614410293055,536c27f8b5af2d9386d5e78a811f0a6bbcf90b81be38265bdf00a1416f5ae78f,True
138,L23,9459624041571910076,9253473cca4cbf29b29ee1109988d8b7fbde6531e7cda8c2419190936bddb097,True
138,L32,7077584708083879670,5dc9e963035fa848bc50223e2d66c53262ca23967dc6927406f859d762d01c23,True
139,L12,6038651577979078288,79b6c90d664ae58a5120bbf531859f21751517d0dc248a717c0c61c67a54fec0,True
139,L21,15433997519990376037,f9b3cdf5fe888359f7dc819116d85b9cf76c2c5f0e7f0f1b9e167a467cf62e96,True
139,L13,15304535136849211136,339027e2093dbf87645881cd780c467127aac843f283024a94d6d35185125e55,True
139,L31,10539914987387959305,31935e9732eb783b54049aec4e90d68fa360ec9be7ef2a14db9c038e015fa27e,True
139,L23,16524643065994109436,1e2e2fc7eb09e92745e38817a5490f05d29fbfb8225a0292aeb877514eb27152,True
139,L32,793794943238199649,842ee40cd0739bd91eac58fb05c93e34293ab01387df6d813ca95c6ad60e97fa,True
140,L12,17885438370997826557,79a03a81bb5a8754ab4e7125ec14facf1d33a81f49c9971e607f1be8e6ee6371,True
140,L21,3624057116435666129,11211a8bfd5b6d0a79ff7958a3eaf02019325b6fcb7c1af6b3b990fecbf86ca9,True
140,L13,9384435266521536455,19444c8e9e7e3aac16472da922bdf91726dd7285ed366d6295873080e449c370,True
140,L31,5265664349693740237,b5cd6e6c75de8fa2f0555ce287667b49b608de984ad9724bded80d04ff059044,True
140,L23,5646872329998809362,c65e28dd298f5996cb54ee3d336a38a21844fdcab613d9b265ff66047dc21aa5,True
140,L32,17178100775194719628,bb1a14f70df8d5a25acf726097660ca164a94a03c7cc5c604b5be8936d93d36c,True
141,L12,4132334317999044355,993e56fb20a656052e2d12f8955ca2fecbac84a2c73b426530c7d5dc024c84c6,True
141,L21,5114818637296990465,b505204a357e2e4ce86d9b27dbdf531dd73b3b80840ae027224c72777580288a,True
141,L13,11448380109099144392,679e73b2a93c670d50b10fb18be49f34afff9d4576607809c3093303bc5eb744,True
141,L31,10902920997101482417,d6c8723e4e2a15886adf90496e87196aa893858cd63f9127eaee1a0ce5d44f60,True
141,L23,18198553783943420999,d7991571ed86e43a93ced1a78d85ff783245e6b95308cf901e4d82246199f768,True
141,L32,618860250472509248,11922ae5869ec5c80c747577540a3677a1b9ecbfd8ebd4a032da40eabb284d80,True
142,L12,3836762001928342923,a080989461e5e9024c1cc059445355e9241da8a64afe18ae8786de02afd0560a,True
142,L21,8366071616381657052,7f682f60e7bbd0917f18ae7c73a00a0ea8605eb766e79be1d9b3ce7db2f9bf56,True
142,L13,11863924589750489974,c9e59bafd01da072fe68a67c47a56cb64b4fc2bacbfc926508e6ae68170cd10e,True
142,L31,14895045231642437068,f64c4b4d6834ea602c49fdf51562843cab6fea56ec49eb5bfb0e7403ab008fe4,True
142,L23,1801708497128686291,963765f43a3cc9f21dc0f20114b66919eb28db4bdabf8d318fbea0ef0fe57561,True
142,L32,9627050944359616087,c1892650b3a305e95562911195eb7a4daf274b2e368a674d8169bae4563b7e3f,True
143,L12,9644316309604901756,df89a42c20d7ed13f9393b5be10ce2914395d53c681274c473dc1e590f0d15c9,True
143,L21,3498561012034844033,9893468285ab6eda267b2a308b09b836314eea42e2cc31990c7eec4776847dcb,True
143,L13,12816955139500861388,e07d2b1be329fca630c6234ab4b71b33297b3adfbc0b0577cb4800d6d86003b5,True
143,L31,13565607943641799703,d4a16952566fa71a74301ea029839f86d2d8f68ddf868d1c24b2cb4597392663,True
143,L23,9845792807887175397,a585743237f0f9a469fc4b1375913b4da19fd5c8536676e84133efe43ab201ae,True
143,L32,7944192849338054467,b58de0d6a407647cab050ca9bc823271af3142c526f11d54e0dd588f976a731c,True
144,L12,12424866993974578841,eb7cb05d0b75db15e4f613f097ace71413edcc15a4554196b1b924c4a72ff214,True
144,L21,8739235848016299681,d87feb2e5bce2a7a7327f45ed74f608f7761064ee2320b52e99cae4bf01da21f,True
144,L13,9611040175099386030,b4402e0b85defdbbfa15faf63c92c27aff9677743708999ec8e84f732b428bee,True
144,L31,7847018656893729089,9e96e3ae5d019cf6644c4958a24f75e3f70f7a0d095b2c3abacbd3c6ddd13242,True
144,L23,12869826708719973092,c591966a36184323838a891d85c3815f235ceff80542dd1770365af367c09a81,True
144,L32,9027809718150752793,b1f18115de1677bc5be612824a0d279f33f03c834150b233e4c9cace92cd0c8a,True
145,L12,14167684045435755691,e53f2a4bacb83b3ea48952cd0699d44cae6c11f081fb6a00075b4db640f4f562,True
145,L21,7868615523221713723,8ba1de363181d85b49cb977ace320ec9676a32cebfc32ff57169622f1a0afa69,True
145,L13,1522916610648737405,e59f18c00fa63433f1dc7704dc9df81e824d80b1c1e4edcf875c14788628dbb8,True
145,L31,13931051685079604733,9f84f9bf436e4fe3db4fdb91274bf5b0f96ab5dabfc7daf16f222c841d29bbab,True
145,L23,10157616134654137033,9451e03158083301c80cd79fbdbf7d37d236634a0931233018e50a67f3e6a6ca,True
145,L32,13022869306306328793,ffebd53a1d95ddf31fea5b5005d4e4c065924f93b2bb9dbc654425c62ce43c01,True
146,L12,4477682109286733973,59253a9c1435fbb231c5fd55580bf0145face93f945c3b29d9f9b12fcc9c8fff,True
146,L21,1200197278567351742,20e99d94e3ad7153192b956dd3ad77768e2dd2496d5436cc90f6c9cca5adfd6a,True
146,L13,6728362086780554186,f77ea83d03faf523746fe10e5e05105982b3568a192e599ecb63242261fc9a60,True
146,L31,9493723548504422796,d784683d90e05d8416800c4c19c54ed9056f5c183b21b5f6e9574d03a914852b,True
146,L23,11187028319968027084,bb201aca5b2508e53d92f50448c2dd8b7a252486689c23699c32c4d7aa9caec6,True
146,L32,17258283587395525264,283ede63e93fff8db9172349dea891dc3aba5e8c836d9cbd18f7253c44fd4a4e,True
147,L12,290863817065641416,c5231b2ca81bb64e304323d46838300a85b43d13ee119c7b53cbdfaa2b739870,True
147,L21,8988198773718689475,8ce183da321d1206ffe165934657a84813b92ce6a1c2a463c63442200bcf26b7,True
147,L13,8244702523753194245,36a9ee01e42bdbf993010349102ee581f49adb0dc48b2986f659121f06bb6c48,True
147,L31,2048979645264877694,1c6b4c206276da1ad6e4a05ec6cd5e5a9b90ee090642522c9805b079df3eb586,True
147,L23,86936239822558959,776abc074e3c9bb4c8a6a9c2ad88233cacc0d1d0eaf1b33b6f6ea00dd15936a3,True
147,L32,10451815748453364147,53eaf3205b5027b6bdbab6f3e4bf19cac1776bf93b48c163c5de204d8f5050c3,True
148,L12,17544950724990757349,164d2645c978127b4c86423662677c6a4000255e479245e2067073870081c72b,True
148,L21,6037371384207719619,86002f578b12ff699a887510779f7305610afd23f166c57e419a4018d9f7febc,True
148,L13,5361017386420815159,0ec316509c089bd05504c63c069935826f57cbe80296d0070447be3081a9901c,True
148,L31,16224488146569105604,3069e7aa06dd13898de36dc1e5544216bd71de303a282658e9636d32ddd9b6e1,True
148,L23,7125018626201957366,06a55f5a617336ce1008f144668a77815634167df07272793cdbf70624deeed5,True
148,L32,5476640334941480155,6aa9de3fd386bee451d618ed3053e527675e54acf6716e23c834ec19b5f59e5a,True
149,L12,44168744883080518,951a693a280349c97573ff6e57a16626b1de8ef52485ed8378b2ccd6690b29b2,True
149,L21,6336467034923864558,9b95e639e16565acd2811069531794f837bd5c0751a742cf64d28ee36c9acdf8,True
149,L13,8537307874124872710,2988b52033234ea6a61303cd99b927adbbf480e413dfc469eacc62c5e29c6574,True
149,L31,4828335674663639138,22b4408b8131396303f5b688bb0824ca7671d3d69691d5829715f3636f8896e6,True
149,L23,11144813778764469911,e72b1e2f8cf53df681648cd78376a29a830c637408a80132dab5100b3b136cf0,True
149,L32,12830531766966927348,31cfe52ffceac14c0d6e9de1b2ee32c79db06ce21f340488bda11ab2e38d97ea,True
150,L12,6249183808671072724,f239dc88ca9dd422124203bab19496aa5050c99bd1c9458a9483d3639656116a,True
150,L21,13123436868665060052,74bfc06c4a17fcf3b1cfc25f93875b028abd9cc153cd795d97b2162579c44872,True
150,L13,883300348497936918,2d309586bffc0173fbe230ef22ba14b6a2f460be022ca79997ad30520f930e2f,True
150,L31,1321816938372134413,3fc1790ed738a47243f718b96443196da55e08527d441b4425e62ebed0c66fc8,True
150,L23,18228310269331117681,14cdbd530fa39f3f1a20abb6e4889ea867493fcf4b00d341ea8dcc5ca4a687c7,True
150,L32,12654809644794104995,5be1137d76cd478c4163f960b876145a2b38b4e7b43f3bf81726afe577889b11,True
151,L12,5124600451395174232,497cf1ae2939865440701e4584065553092dcd0c128a1c4c13277ec76d38f43a,True
151,L21,12578894020262912066,662a53efcfbc845bb26112d62de63394a4b2b01da9ec6ee72f82bbdde861fd53,True
151,L13,15657106086372175605,4043b42ed7540b50e5b96978df04da876d99c7db7d853c90005e34c75a62fd51,True
151,L31,3047698396160930691,d21acd9bd6e91b8b6fcbe0ccd0a1a5a4c8832c6192374da47c1ba7d42d6ce8c4,True
151,L23,522150590168135878,7076098f5775bb9b2787c53bd23323f877243ac71f3e97ec95e1936343051609,True
151,L32,3064505571722979772,d5757fced274625312011968d0e26083b8f3edb378588d0ac1ca983ddde210eb,True
152,L12,15262221664275910577,ff34dbd378559903c0b07ffde03ec53c2b8de774ba2271564d21655f2e3359b9,True
152,L21,14077436392758934898,baca011aeff3e2343377525dbdd5f7df31a6cb75312c17b0b98d092a60917173,True
152,L13,13678491654527708665,7c4ebba1668c610c70303af12846b7e33f95eebd2562ffb7ea8611f57c9d8c5c,True
152,L31,12663080011025556730,03972ae1eb31222d2b500f3ae2a21ac95b16852531273420a19b10cd3c79e165,True
152,L23,11286272004294059482,7c89c07c0a41f68ba7d15fcf3fe415a2b7e7abaecb715f26cfafb611372e48b1,True
152,L32,13848791608062811850,5dffe40987f4ab79c6b847f6d4fd9e7d45dc19f6fc3c5899054a772f6af165a2,True
153,L12,29444918628070940,5945211f4f3ef84dc5352d3a63ff83959e1595f331e3f9b3689d01c4a5a4fb4e,True
153,L21,3762471877423322273,ddac1af8dfc9111201974357bc8842ef7fa45ba802e7f120002c9c72bb4c4893,True
153,L13,6794268928224243379,e42c3ca2895ee84ab695385cd7b4732fb1c8a260cb780cfa32dab90d5d662f21,True
153,L31,18190317572475384741,ddd7cb65556f9290ae0d93685a96241721b3fe406ac87831be4dcf1c8ce6a6bd,True
153,L23,10353887703816903278,2dc7a13697f455674e2c75740a8d9a1daa85ea573c1f02376345caf32acedc5a,True
153,L32,14060546185320516747,8aeaa1768f1ae1c0f2bda3634220c631c1a752373b5893f096665b0494a0b8d7,True
154,L12,452497603139831768,b7fe7a81adceb22a87cb047d6571d75fba6a536c094c2f8cdf899c85fc301628,True
154,L21,9523995909253004974,ed891a93ecabf1ca422817b66af3e37bbb4d9fb8070c83b3e6c936cb12ae1213,True
154,L13,16474760257845957475,d5412d5a4ec038f4fe273d1d3601f9bcaa778019890693e04ff04aa5f520333a,True
154,L31,12280836014845316366,ed12f97624b82ef81e354c47fb9895e69667642f7aa650a697003b877671d467,True
154,L23,16216929871800749121,bccd641bb681c8800904781d70e40003799ed2b9bd880758c9602b48a4c046c3,True
154,L32,1272837908222602708,d0b6f742998d32f389e881851900691d6199d129d73615b99c60b5717b89ed70,True
155,L12,5562848353381794970,29f8518c2df0a45723714bf9c83c0d758e7c69bb3408c39780fcfd87303ca20d,True
155,L21,8052724985057325017,e7080979f6b69053d6d4b3348d69750286994be1eeed7858c1f8c64fc9e81dee,True
155,L13,13898779944232721178,3040c6d9aec164241bf3aaa5f19074da06ed26b4118665f767f0acc6ab095b3b,True
155,L31,959024509329680811,4decef2b18467c37be9b752b54f0fd7c85af0d71edb99c2448a9ae4ad38ee5f5,True
155,L23,3813460912724075754,9f10442158cfb0f7d1f380ff570e9943e08762fa3d0b8d26527ca7009226d97f,True
155,L32,17251903664432704114,ee013626628cc5c90d0899c16fa0da59a694614e88051b0c9c19d7a176c50d7e,True
156,L12,4749663201352726582,cefe2740894f0a011f3fbaf70f912b5c33f642b5f5212672bc417bca1767cb5d,True
156,L21,17991807138744759137,8b154f85290bedc532b84ced89ba7ab791017fe1df950f969d163fe5d58fa8d4,True
156,L13,5188879650727949325,b46676e52eb1853ac21b7445d6954ad5eb9708357e2f87b0ac8038462b334600,True
156,L31,5906639175068671050,4705925c065aafad766a8a6c8d5b3fabd02a0d655fa06d367096ae44abf5b95a,True
156,L23,8014895961279639667,1f9e8987e4a157f4873c948abb7bc0a880ff7b216b9f78a1b9e326424914f67e,True
156,L32,7113205705847383641,fd1709e825d54f53c66afda4a83b53dacc7a16da351a0f7489d397a18a09af66,True
157,L12,17748161673423305513,6ddc7ed6f85a244da38fc0b512b6d54f8f802153f5e48b5d0bd441dbaa1c2373,True
157,L21,13719901322591951071,8f7d8b8bf711285a1b2c11615ba3d81783b5c3121f47642a0c77f32ec7904622,True
157,L13,3843462282465679750,c57cfbdd76cde01b611727d4b330467c4022db0cbcf3fc641a7db215e8b29113,True
157,L31,6590244391374891681,8393736ca28033b2ab08288736bcf8f0234273d6d92c7b97d9635f411429b928,True
157,L23,7441469204555604225,05afda8759863c2e800dfd55e9f38fe65baf2fca3b650591b4736897d5b2f278,True
157,L32,7918753172607963978,7aacd2f289c9975a261b74be6020dc3727c1cfaf941df8cf87dd3e578c79350f,True
158,L12,15635670278306212383,dc0968921e03945c10e9e55fd33b649b9be41e2bb3525881a7623a1b4fb87f06,True
158,L21,5282346861866764668,357af409e7f07d43e698ef0105d7b2ed6d936b611262966c9842bb0e6d50b1ac,True
158,L13,3502076291970468164,c6e4f8922e98b061efc9bee9b4de6cc29c7077fd80dba4d5aef8f85f2ce40d42,True
158,L31,11020090573147993594,73d79371352e9e83dbcdd5601301df9cdb9d3dd66ec8062c1ae7efa2c0cc17a9,True
158,L23,6176416000149159709,2cc10ae0dfbde99d6ac175b7fe538948a1c2190550fd6b34eea32f34a9d984ca,True
158,L32,8939137825179073432,cc7e25649c90404ac03ee60c1391a8878cd193da4c7b1d00fae14514f820dab5,True
159,L12,11475891849344271173,01622363ac723f11d8bc5235260012b708f193a5a910bed72110a778d7de78aa,True
159,L21,7861821889712168266,8764ee1b302ad5df0289f310b2f2aa371de062856f9e64b7ef1bc67ff83d0460,True
159,L13,15449226960090270844,4c01211f3cdd7d33fd51b6cb23aadb613bbdc7399a648232af3e8565c6a71328,True
159,L31,1059745786920614765,85de705853bf822bc0f844c44b0d9f30971793e821a133800b978d0b9ac64bfa,True
159,L23,1669703707317371081,438a48a1890df91a2a5a9a0adbb44830f23579a98e239fe3f2acd040527d0a17,True
159,L32,6013535303315707461,abbbadeba1638ec760ad44ba019f349a705acbb61919dc4fbc33ecad035bd42d,True
160,L12,14032003495019773958,e84600c4c887e45d1b7de0c5f14fc98f81c1e45faa50f3daed44d329629b9117,True
160,L21,2878122935517836835,8259358bf44e8203d558c938de8eb7ec1c4218b3b59e6e70980a39e5ed5b268e,True
160,L13,1035025920044758315,57cd10ad7225813a665a33b0dca28ebe35b38ff887a84fe3f7590523510fbc52,True
160,L31,17270159119176832622,00bca19bb43066e02d738906572d84d76d616d9d62b515b1555219aee3a1ffd9,True
160,L23,14570725824970117559,ccc2bbab598af3cd3bb26acdb2bd39228cd30c522bad39a70a46192415bc566e,True
160,L32,1373026055449283339,9542f64e226373106f452028a5d3bbf9d651b9f5b7ff89906457589f7ad2e07f,True
161,L12,14371758869107847432,378c42b586e29d7c722b5a8f78782af3eec6149fa345a3316ee22aa2a458e7fd,True
161,L21,2132851737167788319,fc2478afbb0190dd68e624a743df740c64df190eb8f741749e2841bfbb5d0ba4,True
161,L13,12091456623919146517,15c30e0c0809123b4966cc83829211313806f9628e7d25d2a9102a5f581ca106,True
161,L31,16435813650599914641,55e755a6b173d879851a60eb56da225aab25da85fda67bfcc5990f680b9aa3e6,True
161,L23,15665796237919639157,864adcc97a986f9efb6eda6d9fdef326a43265c9e570606df80e3e2cf4712a1f,True
161,L32,193936180420395118,9bf1959da994a0c5730dfb691c4e20df5185c6703d1a2aaee11e2ea751a224cf,True
162,L12,6145904786810841216,b9dd526c0e872252cf1b30d04021231f968eb1ab16450864be4cc70d8905ef97,True
162,L21,15309676369084779095,197a026e9ff9323661fbacf17ba77283338634ea289a63e5bcaee825bdf502b3,True
162,L13,12754475956883498617,d5b65c921d1c40b8a6d824a01650fe0f224713956f5778bea31e86c983f12f72,True
162,L31,16333905524041286374,cc5252d07efce6992539b568c75bd9729690bb8a23817800035b9e0ed14e06ee,True
162,L23,15408835374511277759,64e60fe4c4ade904f8b18b22be8d791482d87b3bae97bc44d7c438721c99fbbd,True
162,L32,11352099121169177428,00bbb364cc07ba5a2e313587d6f8d62690a6144001e9304360d1a9d6b2d2f025,True
163,L12,9634147408659244488,0e7f4b2ffa834739482ef327a4384ca68c026ab6564f61eee2f08c5d1d32794f,True
163,L21,1968351156434182972,8d1c5ac45953f4ef3807501f3813dd40787f711da927f81c6c391e91eab21ae0,True
163,L13,14465744290447419846,b6719fe1dca6b13e9af78fec21c605a673a36e895691cdf18de479c037c73f8f,True
163,L31,17138597891603444304,4e852fcd86816dcc92d47920662c1e9e04de488242caf8d2bc7676392e70c88e,True
163,L23,3882828268954669110,513e8830113fe9e6452b2d651656260971bde542100d4f403c840eacc027e77a,True
163,L32,6299089719896269960,22e80b705392d53f1d0fe4b5619312e915136560720b71abf685d9db1f4bd8a5,True
164,L12,13620785740190442732,b75db1684864f543abffb3fecfe11c531bf058ba2ddbdc6c93de4901cbbfacbf,True
164,L21,10165729948511187169,b45a075984f1f7e703c5080839aebb41c9279ad55ed09eff4a3b833b798e3ce6,True
164,L13,5443692343127682800,a85aa9df293ff62ff523511399520cbfdc9bf7d56016b5dd99fc1dbf0e3c8f12,True
164,L31,1521388988847471830,beeee4e53e7addea08946b94c13b0c256c563968c8a1617b4302617564869ff8,True
164,L23,2858632514762049323,e6c1fc670e73c963f31778450bd5a94c7c62751e347f38d4a638ecf01366cd42,True
164,L32,15014126423463034955,87908efac1cf19995846be83e736c6a970431a49adfdb35b4fede512119fc1bf,True
165,L12,17866649991076907478,2904a92376e8a33c8266c9463dbb59f060d696670662e09ea2ddf7418b70fb12,True
165,L21,385807744187985473,c3ec1b7e2895eaf2676889cc15d7dfd900483c831589910cc208e531ed915a76,True
165,L13,13197550252142124629,01729e7445437968fb2c0b7708b173bc6eb6aec4f0b1e72f6d40a35680deb529,True
165,L31,13724233269847054890,25fa039e6282ce4b56e0480d5ac83200a1b4da2cdb5129c4b17b19886234f30e,True
165,L23,9788782690887450389,9b25e22d05f2f3fc0a5095cee4b39bac0ece619d335183f9bc3f51d930747dc7,True
165,L32,9357044423196525528,8e06b93c75cffc4276305da9d039f6c01ad96f7c6b89c2384745f740fbf17ed8,True
166,L12,10107633517938649002,24f6f2207ccae4b7251e8fbc548445c7659b813a8bda5ab060180c5708fbdd73,True
166,L21,14751160115729366881,f558c28a5403fe4b33677c335ee3da6388443fd89ffbc0185bf4d671e9c00d25,True
166,L13,11056784697877578661,a1bc1284779e65df84259e7ed930dec13e1790ef5d675a6747d8fa961f1acbf3,True
166,L31,6860268629691893810,3999d76eb3b02828c51cd0c3b3b638e33ea50d8b39a8be0c7ac813d8e454f295,True
166,L23,17879325711167429833,4380ff59e3dabf4593efd8c3c3016efb52f9862fd87801e10551811a57132811,True
166,L32,10708105516745212782,bd19bd47928185f66a0b279da6e0b735a6b355a74eee2ebbe0d6151f023882a3,True
167,L12,13647205116575824897,2f86b4932045c05e3ec6a9a4c6f74a21e296e46fadee9866199ae8cd989c10b3,True
167,L21,306740992596388487,28e44d1f7518bb1f000e5adfa8b8c959dceee0a879ec644390c3d4b8bcbe6aac,True
167,L13,14827557216072716175,80df908fe92534dacc89d1e91ad5bd8e46572853de83095b0077982a60c9e4c4,True
167,L31,9337977817148544741,274806d0efda9e129db8730cc51a53ca69b6a4bdcdb793b20352da1b2cac1934,True
167,L23,9129070995447951635,238bb8f91a60f48b8554c93e469c76b99144fb34c490fecf4cbe4974859ee1ad,True
167,L32,3207018016565512105,3a27b56ea3c20b3dcc442936e1044f36d3b8805c341eaa0ca757b40b47dc22e7,True
168,L12,5740738103793011648,485498401a347b95ad282d2cbd00709af43e2ea82a22e98e39b235c815dcab34,True
168,L21,15346139590673883809,3a9897c818a3e5686e1b6b6284f8294d4f31a42f14695b9f49cac6ae559b5d9e,True
168,L13,5938990434855844701,c930609d1ed3db25f8ac3ddacd0623f22f41c46f522482c3c0f090bf668ed7d4,True
168,L31,15499222848395706776,d48405d111162f8eda5d3b120b0fc3ee4f0377554f130ba02340ac803adf8e58,True
168,L23,9603707243005717141,7ffb88337dff19c9e152fc9ad5ab1707e26f5fa0e06c4cfece44cc1c84cdec29,True
168,L32,7966613877935733158,c0c9dba7b209d3e9379c2a46b28654f7168da342bb31c1033ff513955a0f8d15,True
169,L12,12047738881854975755,93f883b67bd0e1e961f2c91710bef4bfbb5d4242469ef006c6615fdd49aede1d,True
169,L21,16220646755987882052,bffdf27c8b3af8774354007b95a6f286048fad6711ae500ac737eab74284c049,True
169,L13,9357996262519682634,f2285c2469779a75a5742d9324388d70d80802feca198d2176089604f808d5be,True
169,L31,8339194047521490850,7fec5896f7d45705bec4f8cf16ec65e004233b014f0974056389bcb173223a49,True
169,L23,10356337713059256777,471396f74c27531831d1c32b7dd9645922b28f544526258bc116c16607431b6f,True
169,L32,3263328733473670060,af96c9116b96389505a6be066d7c4297c6e7168be33690203bba31871045fdf2,True
170,L12,167338615944440760,789ba79d59c64c6ba1d1e53fae47953acf6fb1759a7a5765505a74d1cfaa5301,True
170,L21,17252668611463471884,597e2e95036b15d655d02b21669f1cf6ef1ada55e856519c5a3d1869855480e6,True
170,L13,11992895477596628662,1ea8dcee55055336378f8cca72048900e4f86124d5d3a15a1ed6316092eae6c8,True
170,L31,8459185253135351452,51df897631ae00204447e7d98c0717fe79f531094db9316348490ca0d95efffe,True
170,L23,8485789289318195051,dac34cc06d1eb4f3a90adaae04950518cabf92095042c6834f353463e2319142,True
170,L32,17982787282372450169,9c91ce503046aa925de9e437bff061194fa32a8d0767aa9fe91eb3c6fd8e86a6,True
171,L12,13921784137706997072,8c546ef1a5ebe82dd8a037cf7292de362423a264553f3fe63fe6671ca49646b4,True
171,L21,9178813427336803242,0c6b3fccf0f05e4c1e17fdc3ce217999749dd304cdcd9e23d14f878cca459f73,True
171,L13,12288641807651157705,777e02a2ba41206a7d23d708c51f2f3b679a15ff6a0ee18d9b6be0dab1b5bcda,True
171,L31,2891434495247390303,c3bc47fddab695a6456b0aafc20b03f21da2f6c6188dc4add6d7a4a4666872ef,True
171,L23,8354966818372746898,785520700ad4bf8d1b08deb83331297676486dfcaedcf9f3b4aac08950611c7b,True
171,L32,16677599902682675729,ca576f0b34c58e2a3b0c8a7e6e0c9dd8970d6105aa9af7bcd5a1afc70f3224c7,True
172,L12,2642890812153834785,586f7b5c4aa01392249a979ac80ff34cd4e5ff59ceee1e7104c818b6cce3d739,True
172,L21,11302225403728185960,ce0c4f9490ab0c67b740ec5f69b1dfdbe8a402065c687b185bfe04fd6348a33e,True
172,L13,15169282871154172640,82d15cf610ec504e15254469ad27804fd965077f69b6cad25e431b4ca26bead0,True
172,L31,15360024422636551232,2824bc19724c94b52496e3d4a4a534168ea582b190fb8ab4e95d8cb6bf57a29d,True
172,L23,2891724398864390689,8b9c67502fc70a4fc3153f213cf5cb17f8c5608b095d30bb38096983faa6b77a,True
172,L32,17468335404089741934,379403e30f2245c2951315d676272be93d2bfdfe6c5edb6801ec4ac1833e4f16,True
173,L12,17841451868243752630,37760dbc5081fa395c2a76492ac56a623ac27ff419defd5044fe6cbba7bb4a85,True
173,L21,4421344072668146436,626c51656058b8724f46783775f7e998af71095a8dadbfab32ea5ec0f64d1127,True
173,L13,17552840385747952,67d7109b74a3acce84fbed44fdde530243bff8ad885496afc39d04ce1202f226,True
173,L31,2315602409090992015,85815ff53ab3833b6173b41bc6f5d6bfb45719750ae0153e03676e20247cdec6,True
173,L23,10712059833641322595,3437591f5ab9732ba3772ff9b20a53bd152d436374883887ce74470e56d8a802,True
173,L32,3140118091405796886,806d82a1a95cff164f504b07dc96eab24afae7ff082785015c2529ad1649d907,True
174,L12,2014452002147751546,4705c480991ac5e5ff3d7759ac54ddcd3dcfc14cd51567dc1917466ac0895061,True
174,L21,13474186346940668581,917328d8a6f485d3ace9be3a756a2250f112419295ef49844d679bf3f32ba925,True
174,L13,13499233896656089571,c76ed32097b1a416569168d3be3eba39e005f4a9ba85e38ce4c5e2a8297c77ac,True
174,L31,3440460061942818098,4b8278083d813cbaa61da1c0032ea0781017cc6966e7fd438759d98d589ea2f0,True
174,L23,1340427979119464,4285dfcb99045923af57ebf943cda1d983ead7931ef5089265a2de7223da9b34,True
174,L32,15377873702759290477,fe0421b5fde81d41963079441c7648e50c0ddc3ea07cfd03b0b4fba19972aff0,True
175,L12,904817531910655364,26c6b8f5e54d8fb981e1f01e2269ab6d1247e7c32f571546290595d877445262,True
175,L21,17939788507385435025,8deb7eb90faa6160911a3f2cae5a1d087ca50834df440af561e5a8cb327581f5,True
175,L13,14587266889477717944,4da3f1d1318056d6cf6f85f72229becebcfb383826ebabac73fc0f02516a06db,True
175,L31,11474070748390133484,1e8162b305f851b902233f2b64fbecaef9db35418532018d3b18f94d02ab07dd,True
175,L23,14655948795390062832,74283df8d375f2c3177d9d5d353349c8a1d3708c121fa32616a136e8059f2f05,True
175,L32,4825679677743088567,00affd40987779b7b330531062f46c49ec7a665a254b3367c708a43fc357b2bf,True
176,L12,6473323307691147444,964b0da136b690f5eb3a8ce3322e9459415a7fa3e60890169b023c8cdf08bdd6,True
176,L21,12397712467552383466,08d04a887f9b7d238b8860c96dc3520c1a58252057fe7fd2dd99f8f04b19a9ce,True
176,L13,13139625054765551810,c5cade60dede602948d7dddee4b3cbb92864953ae564e62d290d8e5e3e6d1b80,True
176,L31,5185417882066520712,ed80c3f29f72fd6472ddd5153de073a6fa81d1c7fb008cb7f135c576dbfa2bf6,True
176,L23,1584955277893429977,4dc6bf7caa16d2bcb177f34bc715158daa26c5332738616afec46ded14016b8a,True
176,L32,17756744030052474073,a8d95e8c50fc8b40b42f149ab9d242154770c396aba16768ca3c08764f0d74e7,True
177,L12,6130473670815348598,95206cad8d567e734782290a7be91b68a4355371db214eb4d9026e524ca245dc,True
177,L21,424420531119335160,832f677e244e296f97c9a0505e853741d285f418b04ef56a0767753dcc87844d,True
177,L13,14301880976930767662,dd4cb0a858e1ad39aa1c7714477462a931f22563a836a4c4413cecbf52b7735e,True
177,L31,1034152806434604433,594709a78d9c0f4f030ebf564d52cc57e4f975955413da077e91b2af8e9fc250,True
177,L23,696511538043819454,1ab980e568c9f9d7e38844ecf7e0cd401df04e6b54125a26617d3be579243c9b,True
177,L32,10421093214553872638,3049849bf7a021d908a89ee9fe7d9987df5c73b65bdc844b88de3d82b5cd959c,True
178,L12,9746220007240434792,476bd10806df71827a0573cb5445b009b0fb333b5252d75a6f778fddcbf10621,True
178,L21,3974527851692273201,f846d44191810b048f629516fccdfa1f876f18cad6ed3a957674480e7dcdf289,True
178,L13,9923449984341986732,735148f332714f249bdecd22a13ddd7f0569ce9d420aa39018bba51d53d77e5e,True
178,L31,8203272136894762178,d4057820d038628227bcf16e1e8d52a1033c717d39f8a9e9c4f06d0d8da579e6,True
178,L23,6977812395921969062,5fc40588831b8dd234cf2e95f60d7b7c11fa9dd0f78998f2ffd23373951ec88b,True
178,L32,1264917885668737666,380d3311456b184e59edfb8ec049d010ecd6f8b5be8a18fdbdab6133fcb421a8,True
179,L12,16332667958323923529,f3a635fd622ffb5bb99975fd8164c6f470a276ab008ec2c51e93197bf68b5c29,True
179,L21,13014188616757209217,691cd02e3e7f58b220d066d1bf19e8b98b7708f4707f6548a7cb9151fd34e828,True
179,L13,16080428119176013154,657d626802c69d26438df26c0bc73a3bdef8735489f31e7e3b73da4027acb2de,True
179,L31,9241735980330609490,c7cce3f237468ee21ecf4fe4c95f5a3b2f005b0069f5c37cab1e653ac0061036,True
179,L23,2316401952663766888,e413b30cbd1a160428eebabf886a1f9d9d35c74f978da8a4bd20a0d5200a002e,True
179,L32,13607404242450914212,186be78d4bf772070dc44eaed7b5a89259094543106a3875be59c43b8e0c0e1a,True
180,L12,17410871359651840678,26412d11fe763b6aab490074f461179562b80aa2acc41a708f2a2c751c0b6134,True
180,L21,11962006720050946699,bc4ed41cd38ddf15fb5ce20f4ff736f823a24cbddc7ae7cc1f3d2fc38fbf1960,True
180,L13,714601160669968788,18b26dc59ff906a339b3cce60971b742c9ed923ace069af8f9aea4da9be67d0b,True
180,L31,10570203030256311086,f820b0a927473adb8b070a7208166691fe2ae692b604eba0880c6bbf10d0ffa1,True
180,L23,9552959242458404673,bb32853206cf6c90fbfd2a120a26961af74b4fb7f9f4a2ae0a18c04f4a95e112,True
180,L32,11444533450493649890,0dca73251ac5ac7c0d994e7276f9903475db125fe72add5a3845f0216d36d6dd,True
181,L12,1089882625717522020,bb70fe4eac455c30eb7f1eecf5a21523a510335ccc2258f7409e896838bf6f9f,True
181,L21,7684397656696930691,7a86e8bbc913637734b578fa08cc7c0a345ef9edfaadb9d1d8b9635ee0bfc70a,True
181,L13,6981091798604615615,7d7d59ad8b759ee3185056483a26b8aa698a2048ef561c1e370910a299454996,True
181,L31,1962534582231330723,fb3883cd14e2e5796e75dca8f3b1d070180527c7da2827c53dce7c3f95c27384,True
181,L23,3603133273094338453,2d37853b360b75041b0ed325702d5447f90a962ef6eda3323acb60d06d8d0095,True
181,L32,3590197930430397528,e1ba44dbf4a1dde63120ba2dc073876719a57d104c9e4262554b81d0023a67d1,True
182,L12,15078481523902644544,2d78705f1d677f4dee3870336467d5248c4ebd1235960dc2f7de9fdf5e96b007,True
182,L21,9582835380756902017,342285b5920a1ce2633b2816fb540313dc4773825f6eae6b5902a05494a3aea3,True
182,L13,18298949795851062004,dca84a2a4d814b2d05fcc55c8cc7ef666cea4d1af298868910821c3a5a0768d1,True
182,L31,15809296729052112453,69778a554d00dcd98678103c3d7a9989cb119895417c3da9b8a8757874798435,True
182,L23,5501741632276237372,511e45386cd81312d6a3d4ee403bd8dca9e066927f68e46968b8e09dfdd0a046,True
182,L32,12317324758980242622,efe0eae146902f3b6e9ce7962bdb34144c1939c0f6bbf2fa58db5151b6b0cac2,True
183,L12,2327539792014280326,4829f46243afead663c58264551f8cbf166e701bfcdd502c048f9146f2cddced,True
183,L21,12097942760999639956,c24a21c9b83158a18dbb4ebe4082f31b4cb8ca8f43159e4af59647575b96869f,True
183,L13,6510889567648586544,af8aedfcd25350f8363b6d70911bc59581125288fa02e9525fd3d3267228ffaa,True
183,L31,11795472708657629268,3e09cd1dd961b2a4f022bdbd9546f03a75ff3128bae5e73375cfcdb3a98c26a3,True
183,L23,6225747495517470894,9b412b60f90cf0a5ac59ff7c80187ad3400fe30def29d549ac33eca265fb39b9,True
183,L32,711061323056867140,e684f78b67e7c05fa567424524f77cb9fac46965f0ea6be80e97cda1cb01e0f2,True
184,L12,14774629857870489490,f0e864d5b5afe4e796fd0857558b35675d26289584b23a09bf8370e9b580110e,True
184,L21,2423595227582026063,4ea477d9514c05fb04d8d4384894af9d6b0d4800684725cfba14bf143f9b7d6f,True
184,L13,6798371446413676107,93e78435d7238a80199195b49808a36c096dbc1d6842e4b32bf7131a5865a219,True
184,L31,11297681843860247559,8bfbd5c8452f578376f85febbc3c6681473b7901c1b3122f75d901a1212e29f5,True
184,L23,17425385347145659710,c905d6a55f88ead137eaa1e58ad3815765fd224505e80f06995c991e3a633728,True
184,L32,2890711889683002458,460626b8a3f0d3e0cedb42558d8577c340521d15ea550a025fa8b7f066a36c63,True
185,L12,5428940228376212346,65a92b752e83c588a34a01b0e9b45ed962a29304f4621145d6fb10a328e20c51,True
185,L21,5535532430951297991,07203738ee38ac183b88ec881de55f73928a22ffdb7ca1c587cd072be575a7a6,True
185,L13,7610121082305214634,ac3d4a92d7a1cd487f8cecd996fe0f927af8620c10a693e4d09b64dbc11c56b4,True
185,L31,8469222749600626452,f490057e76fc933a61f04953d8d35d7caa11d6b4b8144fcd8c25614361d26e0a,True
185,L23,7689310494457994165,513948a07ea149678cd5a402b0d90802053311f64a9db2109b0d0085a93a822a,True
185,L32,867862704649322701,9137cadf9a2090540e3eee21bf049b698615a33fa0908f3eb752f9f16a0754c1,True
186,L12,14482007206236848744,77b4933db5200d66b07ba4144d1fc3585e12c654c7200e124effc5c3f4b3c500,True
186,L21,7740355735456325043,8191000b8fcafc06286c2aa3323643c3291db29dd6eb06fe8861df47ec7e31fe,True
186,L13,11950746778935607277,b6252c3da5c51e9704d2bb74b14fe36f1abfe55a32229af621b01ea16e105588,True
186,L31,2753098608611578087,b59de56d2cdb5bd8def2382737cd41c34af9e4c3fbe3bb8757e5cecac59120ba,True
186,L23,4464309509059128822,2ccc3fbb11622757d5cccf95c3ccbfad7b4b50b90dfeb22e7e8e7d203426e659,True
186,L32,12662308782927678257,97c9134017c5892ab567bb9595ece02764432ae380420fb926edcd9d8f3bbb68,True
187,L12,12905964716544587590,816bfb73962fd1ded0a95b7302b5e9571b50fd1890aa2e352ad942b36bf26950,True
187,L21,18011382601526398214,5c8d5183b43cca9b0a0d240ff0cecb0e802bce2e9136982c27b6001b8b12517b,True
187,L13,5827199555166424054,5f3b17f6541057a6f178a55263a31751b04c9c219e5aa2c8acbf79f3898df5af,True
187,L31,3092185889023479636,dd28f9fa48e3a6180b86a86438eacea8c855b222a6231897a49837a9d8b87a23,True
187,L23,15305879598123226234,9bc8187cfa6c3988bdfc85975349af3784948a9057fa9597c71408f30964b87a,True
187,L32,14547125256451258492,b37628ffc6a49a141808a2183fae699f603e50dccee954b2efb127174fb31929,True
188,L12,5901067010482242457,7b8fead2c24bbe22fc0ed7c884a9085c4a5577434f347cc9bb44541898fc5f89,True
188,L21,11457248330927167483,d6f663f4496f4e3ebaba28bb90d3a246815cffe5133fd38055e2fc296c03e66e,True
188,L13,5584256532755968497,48686c42648c70a19ad4da28ff10b879fa5b585372bae4ecb6787a8709bb3f69,True
188,L31,6309626699927395828,6e3aa03cf035fbc9bf1d173795b441266ee698832e80cd8e740141222234c518,True
188,L23,11394584767746912450,8533b9d31852e32462b4f3975b7fc0facd619a02fa98b78c444bafa22ec2a77c,True
188,L32,10499824443339728115,adbbb63486071d1a40ff343bcb6f60113f2ac729e6e4736a204df37db1b5b334,True
189,L12,13074925142276076821,ccc0446dd3cc6dadd50b376b25dad4c2b48ee6bfc053e4c471d5734ad9ff19e8,True
189,L21,10611378174267201542,28c64ffd9bd3ac7458e2104c9a84d8b4e41b5498e17d7c7670f15a61bf515203,True
189,L13,7686426804620545142,fdcb2c164a990fcf37bf0cdd79ff9d8e253514cc8bd0eeb6e023398e4ead38b3,True
189,L31,5402632306854365716,bc3cb8ce150c7bf0bf7f63f149e8dc58847f65a8b47f580b7cd17a966ffab4eb,True
189,L23,12627833764090150723,8ff042926c09f2f9748504eedcd26e825731ea44bcd9b80338cc0f2291ac96c5,True
189,L32,5456127587205230056,81ed635866d4adc0f1dc8c558ed041c7db38c9b914739ce4ac7722c7ed66c0e2,True
190,L12,8345853922244410239,494937c88eedfef067f227f1077799fb48abe92787c5a0d411047a2eb87195dd,True
190,L21,814118821331677307,59298eb0cf8047e20b2efa24e1bcdc4c6a2d3fe445f04171a19609065fc79f7d,True
190,L13,17272555638840564418,98378129fed36003d174e0d3c45758b56af931cbb63ba72c9d2964132b325fab,True
190,L31,15249777613854300503,5960a5f6c1df29bab746aa3b3c5a1fbf8b8c3a318aa333b118d365c743ffb28a,True
190,L23,10080953610204711723,014a4d3a100bc147d079c3b27b750fac337bc247edf0b279821bebb31ead0ba5,True
190,L32,1692043498805361753,a7aadb808f825993871b0c0c03a6f2fbc799c31e297e265be25038c2412a9b64,True
191,L12,11106800411835069339,e3616f31f7db4e306a97f815051c0b744fd2c87a6fd5b24f49e9333fcac3f994,True
191,L21,2424198018715471242,22269b29cb6f655acaa82fa7ebc627fcb1336fbe8fda8ac8d54538b53c15ee8d,True
191,L13,11692162168092435446,41080e91d729ac47259de4330d688b551f0a15d0ce49cf754b6fa5fd37d2efc7,True
191,L31,15470269006964336148,33e3db13425718645ccf3b5639e5323f29d12fb76f94b4dee497f83ef1e44278,True
191,L23,2323481325107112024,e43c37493991d1228454dfc86b298dea59b0a20d989bd5f852200a1227978c72,True
191,L32,1839863206223832794,a53ab1fcda4e449db80aa8e850447eb1c5528f918c7e5e351cdc8b5f5e37e918,True
192,L12,11004885628788202533,8029233fbb2bf59ef27dc182bee5a5adfec10f2976200b29ebabf9c02a30804a,True
192,L21,9689389931847720488,341c16e80bbeaf71642c5de5b1573725bbc82e4f774a8c748babaf651c0f4ab6,True
192,L13,310584215237964912,b0d90dbb7ffdd358b793c88c43b9bec426d637d9001f67f417c19c416fe69421,True
192,L31,14635676732625637243,e2feb65eaa864b488410ff90ca1923c484eb3504fdcc09846145a8a0ed476f21,True
192,L23,1490502194414161586,aa21a8a0f5ce30ff72563238dcfcec01f9fd6b03d585f1ca042bee63dd7b5415,True
192,L32,2466393363980068988,bbf86063001e8e31c0d8c234df345044deec1ead02fd63952242b0c8d96cccda,True
193,L12,9385508197125875720,b01e4f5a2f6520af406f6f8964b69161c1f31be9508d39f089565277ce20df3c,True
193,L21,12482591622016217863,a96a038ebc9e44045a850e7af22ef3b7184d98085fd2b09af53f9f508099f178,True
193,L13,12076438947425614794,91d7073708e62dabd82c4565359a0bf3c1035eaa11200566aaa4dfbb007291bc,True
193,L31,211231702640237438,56e9c12850d3c1f839fbda6e65fa38bdc1a1f87b054962df131e2de98c13a174,True
193,L23,3356836086772549761,a8b1193739be1660c04ffd92202d9c99c6bed630c67f5c43cd127d1ff18fbf86,True
193,L32,1132034083430248946,7bfe7f02e696fd52f0aaf6656970344aa8dcce05786cb1c5da38cdd4e67e08eb,True
194,L12,1963268220113890651,345e895b519a7c747c73588e0cb62d03502b87c2bdecafcee18f5938aa35319f,True
194,L21,3537013727494440956,69ac0456d5088d9f784c2550f90c0a36afa16fb185643c6ec4acdd45a35489d7,True
194,L13,81268121114052071,2087171e3b617c5b4ca9acc0345d19c7d9cc76a7c52de1907d606c82366d9b9d,True
194,L31,13316227188100526829,f6fb009312d842c09f73952938284b98d1ae20299a21eb748617526cca81199c,True
194,L23,6938948199029757728,de44eaa30deb18c89fe13da3fde9cddb7e98ade05973fd05b1b40e2eb2b67b8f,True
194,L32,5755775220484000603,b88ed0fe0976c5fc5c44df8856e8c9c9ea98c71a3c549cfe193a5a4ec3d3f7bd,True
195,L12,3309289347973804665,5ea37187b530d84a1312616262aef98f1261c302db686a9bb8b42e1c7ee41029,True
195,L21,8920439330694462037,6379d6939ae393b440f715a7f4b4f0213ccf14e05f6955e525f159181d133542,True
195,L13,1741805333524501677,b12d63e409dec58a182f649d48bb6429aa1bd105f39563892ee4433c97fee687,True
195,L31,17721025179990514467,d9c092eef8785afca980ec5e73e70b4d2803a7bd3b9afd6ee5b5ef87567f468b,True
195,L23,9837051063254786497,4f01b42660db648a3784efcce55bb8a6fce1a56250ae755d1aa867f37d6ae0e2,True
195,L32,8577697740808325734,2d82d4e3ac0d73094b85a4be84097c931842c80f3b108f0c5881ab5c01a06b36,True
196,L12,16806857635951298848,e8f532d2845a3807d0fbfceae0e8c3c8b88026fb89eec6f40b08a26c46453ff8,True
196,L21,12342696208959945361,57dd2dd93f6eef1d1cb7e9ef47a97e1db03c81a0685d3849043cff164dcc8b37,True
196,L13,1722300135541847392,4f6ef44dd8cb27965fbd528b8d530d03d5a6f32cf2c0feef4ffcdea4ecc9a580,True
196,L31,17537906015546694585,520501ffde3ef26043823755fa3954a20d7a903f614c91953cb44949aa2cc928,True
196,L23,10954247793307151864,5c4adb2c6e6669e85d66f203c1d6e9ed53bc79e5eb086b2432afef28970526e8,True
196,L32,5778570057629464596,3fa9253b8f0c89bcd62e372b7f506603410176c42a88f9bed01a227c0abd6804,True
197,L12,4625654048431282110,d05d39b357aafbed2e748d0828235fc4e45fdc3f08fa9a620ee1ecbd3412d185,True
197,L21,8137767181765851724,d74c2cdc1aea14424efe210e9f4af358c2beb313f57136cefd94f5be6bdaaa09,True
197,L13,10750762040471250581,9122c915d59819dc050fd77fff53ee1d40c3a7e33fdaabdcd6f9c228a11e8a7e,True
197,L31,1461001821723219275,6261f719a2f3be64e02381482acaefcf81fbe7341dc62fe735d920029e1815f7,True
197,L23,17576270819339596298,33e833c9e02e6c432b360de7388ea4fd6e78a0d81cf3920c49b2438ea8de042d,True
197,L32,8618914407158740995,e20d25f1baab7e6c1f7b43fe894f561b3ef4bc2dcfecc37cc527ccb9a177e0f3,True
198,L12,1758623412581076117,7f870711670d76ed60d88bd869ec05b05e67bf11244f572879770189884dfc29,True
198,L21,8423962770531413978,17e0d36a6b3c1e871b9b85c423c1f9e1960323b4c1cf783c5680d23b7c8c9af8,True
198,L13,16790276686874926204,7d32e08869226a25f8b14a42e096f9ba6420662e84ad9257179dd2f67a8ceb87,True
198,L31,14371519200653887192,ff115ef62da9d1da2f098a0e9f32b414deaa8d90ae3d0e1dcabf89c9d927c4d5,True
198,L23,4693009864678419449,8dca1205d916ee2b8966c18e1fe745763c2e77970fa22e70b45d1a0099788d26,True
198,L32,11539528186808691656,ac8ff5356172b48dd0f53fa44dfa6a4f132dfab90c57ac986a7c3e2656b4e1d5,True
199,L12,14818546205301960648,d39f8d21e14b64f5350ba94e7d7c2e1b896a9eb2eaa7b97dbd2fcb4b98f0034e,True
199,L21,6734941562850848107,0e1e33d0fa10ff159f21416bb409545789927fb68bb5a58d81a2f6fa37ebcde9,True
199,L13,12461186661245049401,a6316612a87993c0917bcd18898628950bc8d63dda14d146fd1f57e9894c3f7a,True
199,L31,1212030748470731712,5668b8ffd30ac21a43e9c9cf2866d423a1e83a5a17663cd9af6dec9ef8673296,True
199,L23,2374335129220462889,ae3bae06ef9b4ca9f48eb5f97fba79acd7dfdf2a7296955e9ff523d7e44d6914,True
199,L32,8636469570753565480,4bcb0e64b5f2224a15931817e20094ca12ef95a1f0ee980ee0bc28ab1f2c0ba0,True
200,L12,589424621996151908,54fca430484d49cc07e9d86501d2682314770c685a8d20642bb66f8a5697b159,True
200,L21,3813515612804408905,d1b5837e0ea64cfec543245b0af21a9f2e4c433e5d412f690b9830e2d2e1d5e9,True
200,L13,10484752050448138598,75244abb6b4f302f7226ec386747da31c2c6b66a58db7d32af8e23a712ae5626,True
200,L31,2634987892459770581,5e8f49f03475959f216aa9377a389e8d8e0343a0794d8df1a18391d71490a126,True
200,L23,8665293712092858507,23a494b01fe7514a6109453ae2cf1bf086eeffa525313e30c0ff14cd744f858f,True
200,L32,11966871316311141439,ed3193bc18452f76fdf4b19c362ad6c4139630963fd48bc84e197ce50af2cb45,True
201,L12,17292123161449809376,5587c82c3eed47fac2eb9bff30864626af981f9d8d30626bcca9756050a82084,True
201,L21,6326636887805173060,e4401bd20425f0ae812f6a4dfbf2986c138c79119066ccf2ec9169f2bde363b9,True
201,L13,2808261522525771777,156af3eee067fe61ec253c837a79a115766fb3e543ebe7b978d2f39c7a1b2434,True
201,L31,14142615522895098835,701b8d97c1e697dce37d0282796c6860902c30c931bbbc5d4c051ec4d2847877,True
201,L23,3943899895283114387,9c7195c10eec1dc4939a09085cc5d8ab5a7377a9491a907fea5e879f14867697,True
201,L32,17310633753323250149,c320848545130602b0e755455e845b56e8d6dfe9fe5a0907b98b6ee9b7f3d3b9,True
202,L12,10499078782182290601,b546816ba9270c55711de099767d4ad3fd92037696c65348393e8b3abf03efab,True
202,L21,18426433460941210864,47bcb80ea0236dc14083fe417441575ecf1adbe78f745e7ba2689272e2b0fe30,True
202,L13,16735827130023728308,17668c161cdead511e5e5451acdaf25f7a9d325a48bef9e3d67f61e51fb16ed6,True
202,L31,10878621923424693133,db67e8d0f89d0fc224e276eca90986b3bc200668a01048a67add6cad60c69623,True
202,L23,16406728754091833070,df287c5b54c3a82526a31eb82135f45f0e0224fd8098c242e169f2982ed81dd0,True
202,L32,2121406477215636361,ae5468eb71bdbae10d5aa14e93f8bf2e5f094a542c50c63df5cfc26c14572b45,True
203,L12,8632920522413688824,c3973b748a72067c0dcbd522d3efe41a9c07ab7ddd29926fb9cd824d757ab233,True
203,L21,14221723525417553964,ff6ab20a3bb3b397d3415dfc05217d3940a2a0f0c345522758a422b6febeb860,True
203,L13,4750409895007927249,647f77e193cb13759b008f3dcfa7087e2fc7555d4e459c0f5bbde8d1c4a781c3,True
203,L31,12634373503720861469,75c8d96bb5b284fc18fc63473f367c551881404ce8e67ab40ce9da96c154575c,True
203,L23,1746398989621744654,b39bc22509baeeb764c1813107d1e46c116e8e4c71620a297d3453f53a051c3a,True
203,L32,8971968089668909103,72b53266eb5d2d22375c7bef4eab28c52c9b86224d9bcb43ded8250410579eec,True
204,L12,18162438474948921726,28285f9a74d799a9473adf985f6247301e979b51d4c36c4b5ecaa6718c03b53e,True
204,L21,17326161463559268361,00a1d9d2d0fda5c65a381efe58e9af2ad4836304fa19688a23d0efd7f6945d41,True
204,L13,3290813036860983654,a26e6c113f7fc43106065ba97fbde82828bd09c58690dbbfe65883a2462fdb7c,True
204,L31,4283224263681918646,d2f10814bc9ca65a427e5caa461ac432085d58c00ddc1f30e9f75fd4640b3fb9,True
204,L23,16176777102963832640,3e4742aa0f3e82aeb73e5aebe730b16d25c5e1ece85833af4a7db24ca90cdb58,True
204,L32,11221851499615011464,edda562eb363b2892a0b4e57353316bfc4690b0dd93f29243161b3d66e99d8c1,True
205,L12,12399680978335967135,212e0f2c7703e008303e60e95884990be0056824f3ee51d8f65a1b3647d94cf5,True
205,L21,6396118316068074514,0c8a6131974f5fb7220a67d8cc0c8fe850feaaabc4103a1162b499e1874a75d2,True
205,L13,16270954996369218866,f932306b1b75ce3d0d1699a50e2b6d279f7385f2860548127cc2a4114987648c,True
205,L31,5566501384642145802,c8a3a9f1c2a715de2c2edecda294c0bf8be532e4ede1a8c049b8f69a7362f9f8,True
205,L23,9147242669349482294,519b888897cbd4a85c18013b92f8414304a8b7c5d220a3c95783f9c4676ac901,True
205,L32,7599654723670757145,b4aa8e66582716f482020dae73421bf3505ed0d191077d7ef8df500c19748fef,True
206,L12,3869148729750460289,954115e3e5cc3f98ffba04ff8f3cce1e74b8147c7dcf709527515d738bffa60d,True
206,L21,7824250368339677356,4013db560759d7e095946d17adf4bec11f3acd7bff6df549bb99690bdaa8160d,True
206,L13,15812558303952458242,0e5e0c9fe0c3c328495a372e78b5e2f0044abbd6dc6e6ac431fcf4975cc8fd35,True
206,L31,462898986693839104,661a24a3c1274474efc26f16d102e62c079f922becaaee39b39a7d59b60b42d4,True
206,L23,2579153831021926459,ed0dbf893a33fee42308c1e6473b7e15a677a59101b4293d4f77ec718d37dbd6,True
206,L32,1095260918614641994,603338c5e590f0504a1b7e244190413842e0daac8f84bf514e51099f8d341cbd,True
207,L12,3732076540311294631,17fb744338ed9fea3d233548f34b66d034f1f8e3ee23bb761480e37f8efce48d,True
207,L21,15836621072774724480,530655c4e4d03c109d5fa4d02e4f0bc3d8e40f86df110792f1f975ac47d8ffbf,True
207,L13,17158619577279635072,3611cf69828dc7fe29c9fe708ccd97a13f7b4f25433cb75ea39e67400d2ffe28,True
207,L31,6960912697738185535,ed90085d6acdce81d8a4df3e5d535f15055e02bd566f296aefd4e27054ea15f6,True
207,L23,10640128357241269266,92bf1f6878369605beaa2bcb4f726ec92d499f2a83d66147997fec6c5678d83a,True
207,L32,7784831573553165190,379384ceae99ce783bbd76e0ca5cf7bdd11dfce397b855bc3741397e96c8a7e2,True
208,L12,17735469257524161726,2ea3e98f41b0adab2561942bec7b751662f8255c7e74eb4a0554f785e8024f4d,True
208,L21,15026903990790309796,00516f1811b4040aed233609221ee9925969f6991d54df8722ec04a6fe33635e,True
208,L13,5511842596808899958,6507977ded2a49e24f9d0b1597cf3dd3108903e32a0b3dd2a2d58ab17796995c,True
208,L31,16323529788077178871,a6a9b9e9809943fd32b094c403f7ad2a99c2356afe49c65fc8729f9bfc835f14,True
208,L23,12244656289240999933,216428b2a08643c818ca07e80527082b5a1b7d90e910d61911e210b9358ff682,True
208,L32,16189126301093986816,3a15bff2b3f40cbcb9cc5562e525fad6a758e3c5341edbf80811294db1558690,True
209,L12,801742505577129676,3393e25ccb6c247242a60b3322c2b4d3b297e438290bc743477a39c1c9353b49,True
209,L21,13241318139973990834,4bb80c7ae37ad51feb4eba0ca4bd78d9b5f843a9055010abc759bff0a27a11a0,True
209,L13,9666803246593046138,a684bc542b7cabb8d3976d9e58539879ca14540a477c0094cc6f208c013e1fde,True
209,L31,2824135749870444843,a17108e5fc08550c631007a56f46100af011962ad3f9525895457190ebc38a01,True
209,L23,17198260202899668794,861c3a1bee4245e3a6c024aad937e24f689dfeca53cbad60b399b96df46a2985,True
209,L32,391100626124878021,e4864ee84fa9996260287399164b6c0f64db9a1cf011b931d8ce07bed51a5784,True
210,L12,1609660332927518806,5d1c97f9c5558aa52a716c974cdda87e29db65b88d39510148dc83260bf0f9d0,True
210,L21,17084035789837027829,77eb4fafd52ea69499896260f17e6fd940ba325791ae2c79522cc29fbcb27fd2,True
210,L13,4048558260947339022,75559f21957384d823d3848764a721cce3040123ae198a591992f614813144a8,True
210,L31,13515139740172199542,59a99d72774033f2cb1a68e4d0062b7ba4eb67995c1257aae3adf261d3b4110a,True
210,L23,13478216152973637310,ae778074f1ec51e72adfce2ba6b09ec686553be5f411118fe365c7a1c244f67c,True
210,L32,12307860080156404912,20c838b7a1a724edc197d158d508066371889ceab79b2c12219b56551b9fdf7a,True
211,L12,12351889998924030921,5c60ad5c0b292bec7ec1c9a106861f66a971caac39c39c115e5f7526a4de28f6,True
211,L21,7009750515740199403,dff9725ab199e12c225ab296c739a013b16cd757a6ccf9db6a9b504792bed5ee,True
211,L13,5854566933242704441,051a79099889bbc0ee70ce7b4ef6dba7452d80558e63f2ad9ff643d07414ce72,True
211,L31,4968831522443424435,635c4a02593dfdf10311cc77880e9fc53b704bbdf0d85c50cff6b23576fb4ce4,True
211,L23,18136715094993604659,b569a1ae01e3c41c57e458a4d5ccc516060df85d15bc0df9a21ddf5d227369b8,True
211,L32,12973515577245033929,44b8e8302242eed50b2881bfb68bc10e8638c577e6d628aa1fcdc9142d9b695d,True
212,L12,6190412689205114588,d193a35e53d5f1254a918ace0b89ea0b3332b141cd0bd62e77f6045deb567ffa,True
212,L21,7974535932619575453,04a701036fa824a7edeeb4fa414a0025370d528cad136a5f66359a9915308c57,True
212,L13,12443183427884987265,243fc5c5e92c9b88f9b7a19e92243d0094fd9e587f937c2aae65cd8905918d6a,True
212,L31,1189651642144095421,0a6b73c0441c0859ff60b19931354a95c31351d1324e17763e47cd09ffcf3683,True
212,L23,4336418872824567684,88e03d1f12b213f493bd00cad279c81ed1c2dbb10a5f67e3f2ef015d15ff161e,True
212,L32,11142903122283482933,56bb03e957a186cf11fb84952cf993cb8c99f76ee717ca0417e6e9dcff3a07d6,True
213,L12,7135239824051369903,6f06b45b9f78ca8b2f495bd485d3b1ece7b9786a185d5c552b9f43bb32a6fc48,True
213,L21,10245312255843381861,a9c375aebda05cab6e4f33851e4f25446425f0ce539da1c92fed856308947256,True
213,L13,18251822036629810905,8596acf1620f3c2acded7d1df3391e738c60be043fa2bd49322c58f7786e8664,True
213,L31,12488768768918746503,02e3f63c9faf3e9b3d565076283515221235ee3571839a3ec6c2258efaf17489,True
213,L23,6741657735363243574,0aa3ed39d7370aaa7f7796cf2583502a93aafede5b2400044d8b59da7ce08e62,True
213,L32,15837194766588198223,5100330795e1529edffe8947323bd8a35bc4ef0f0938fba5e3ada06aeab0e74d,True
214,L12,4077778697482119014,519dccaa7b0ed8226898547c6358be82d5214be2630ab9207a433e32dbdc66bd,True
214,L21,16210437900272406895,00739391f03c71673bbfbf98e2d69ba37443d1196a37ae938bb7c9b4d43e3bd9,True
214,L13,6631526051689113991,97d328f42649387e7d7c2285667d264517b9a15eee92f3cb0ae7c6252abca752,True
214,L31,11230807818899544187,c85ac9ccf76ee91892e552aa6c46d45bd6a33ee9fcd8f40f54ae048d7caaa6d4,True
214,L23,16038110217042414261,4de5f255c7e17085eb730037b2bea5e6f1c118e1d0a256af1a3a601879056b1f,True
214,L32,1896825940615060093,0c5bb90bf07cdc1adfceb31a689a58bd0ebf9a90c574e0f3e0487761d276f8ac,True
215,L12,15127787544132788029,28003c97edf7b6713b720c451463f2900040481e4d0513326bfa76ccb81b96c7,True
215,L21,10938783588139000124,75edb4bf2055fd2a839952ca1b745a0b687ffe99727e804d8faa3ea96a2ec830,True
215,L13,5836073029071783561,dbdd5b3d95ab7ee6a449fee8655e25b1cb3d36d9a9a60ec874be29094df2966b,True
215,L31,14714217425632037157,6814762c5a24f60179f2d8dc03823928bb9462a9689a513540d693063940d0fd,True
215,L23,11815118665101118502,e394f7c085777ab7d0d747e5b9abfc5b2ae3345458608f861ef2e8f10331c144,True
215,L32,4152443948590849559,cdc9b7ceb7ded21bf272033c5162522029bfd5022bdb148c5f638980a65a754e,True
216,L12,1831761260015890098,079a2fdef099bf7b63a72d5273c467138753050ef596cfc83cd908108d83b3cf,True
216,L21,10938185149963477333,2cdbeae166cae04fe84af8343d4ebea77ab38c9fee99bb81b60fa0f68a2fd222,True
216,L13,2701539810193260159,39f3c34f87fe1bd7c84ea992dc3ec441751863a69869aa14b4a5b7d5c775e891,True
216,L31,6668886525811550699,f490cbf02a40fdfec845250cb2312d94de947ed2871f7a1b1f371c8d265d66b0,True
216,L23,16495139462782579063,027ad8eb3791e2013b1eb5b52c290e7e4a725c8e63d45de6907b3d4f5ec7b215,True
216,L32,7481531606990483624,f6b337a92a632e3d0047d474a4695971547e1344b0bbcaa803fa7da3f2006324,True
217,L12,14038588949368973712,d5ebe080866d9501bc695a4b41405f39334dac65b9f11492c4c35e0731e2aed9,True
217,L21,11309910488789237101,b7213db01dc69a0b6515b1bfb69f09ae8a7467f992eba9619e005940334a74f2,True
217,L13,15627459400293979968,c03a9592528425fc7b29b888335dfe40447a33e35813fe78e5cd6fcd807261e4,True
217,L31,3675698417361032726,eef99e6f20222bb4f5a57da68eadd2a0b58dbe01d104511d946afdfd37cfa384,True
217,L23,9145497333480969926,a7a6852df1908d294debdb1edab48976eb01c523d1c446c647e5fb1b3636696a,True
217,L32,7025717703034345068,529a83a72257dbdfcff04bb0a3b75b568efedab247e73ec63f4a95133f506d65,True
218,L12,1062706474296092550,9ec2e5127370c7b8d413b3199bafd6b66a7de0b1b2cd87e09c9a6f9dade3394e,True
218,L21,10510107002547895603,b984ddefef1a647714229c8421b2d5657a127f206735d284ac6a0071a5e5504a,True
218,L13,20481802515007459,08e6328b1d348e638f1fa51a42b386ca73cdf631addb55335f4ccb52f401b88b,True
218,L31,12833450826751965101,3e9938411d36b742fb42a485896dc45b15ed62f8e4d939c0843a1d80159df4ec,True
218,L23,10905673402702204270,dd1ddfe3e342fb189a615f476146087d704cc66025cc1c243ead400c47171473,True
218,L32,18171264813862564856,87e3fd3947c53b8e7af972bbe095784252c7536f5c4350488bf843a59e522000,True
219,L12,6087253436965015104,463d5ec8f5e8d51c5b94b05f2095a5475ccc359d633a4bc06b963f31acb3e5f6,True
219,L21,5434690199658084318,53a8295b997d93d429fb39be1430343fcf9b07560f4e1a33725c32724c81ee2b,True
219,L13,12074666000908607400,8403e7f96048b8991a084d36127838b7374f1476b72f3feb79cc4e1668957269,True
219,L31,1509475328858817225,9968afde54020d8f479a448f7163847ce654048bbc7e07f644fea2626249249a,True
219,L23,4901321906409700485,ea0bfb373f0fd2cd2a189fc680c7db7e5a9fd300371f59e9b114996ce8152df9,True
219,L32,7106424479023790435,b097f4dd054599aded274dca73ebfacb16a63af6667b599cc317c0c1e64b7ee5,True
220,L12,17906854366629638459,693de875518ab9dc11634d53c534db76e34c9f939d11730137b09d6799c60284,True
220,L21,18227677838951400421,089bb01da89f79072500588974f2eb0abfb3eb4edd6dc89b0b67ef7d0ab633ec,True
220,L13,14645753490638599020,df44c7e723406e3bd2d1129bd929a4567d175da65f0ba0fc145a73d264890040,True
220,L31,8631476378457607656,acdf75eb9ba858d4f9be4db1564ac62898e94256f9bd888b97036511f09c4bed,True
220,L23,15609370947137075294,8dff0ca1b4d8aab2ea1f2ae73512c518d20bdb61da06e96a6320e8fa93b92729,True
220,L32,4640992790787501047,f2e7dfd4b0f0df83ea4a2ace71fece793ca7a71b0a662143a8ab9804298adc1e,True
221,L12,12889175703869708806,c8339d3e0644e5b48e00d1632065ae046904d9b2ea1900eb23e73d019af0d3ff,True
221,L21,16557265548725926355,30d9eac61a8f2ffb16b83f53d2c50f231e9d39852d999fdab423c5b717959384,True
221,L13,2564025083266854285,fab168ea38fe06560dccca27c020ef31bb8258746b8b3003f8a368cfaff1b85a,True
221,L31,17367250607883796575,458ec018b851532a715899bcba5a59fca6de533e8dddda29e01fc85345770f67,True
221,L23,15680048550269047764,a3e88bc837748dc6ab49af5511d2541cafd99f2bf2639e14ad5b4199878d5b03,True
221,L32,10151345945398278202,50b8500a7fb44efac5345c6943ed9464c837bc88a0323c230bcf9be873e823a8,True
222,L12,11210470749951520929,c4b0e9894634a1a6e71e824022b96a32dd9cf795cbc4b89b80260d54e9fccca3,True
222,L21,17147849586121140096,69b3be14ee61bfe2dc713103b9b4ea7756d90dbf7b03f4b96963dce9b000a45f,True
222,L13,17701656010326176851,380756d94a75618c92ce5daf29d30422a0e27030b8768a926562d68225a5bb0c,True
222,L31,5702143322115552584,afb90e0734cbe38be805057ae325a7165cb5771e5ad503c2af5d80d499693337,True
222,L23,9284478714858760366,6b9e4e0568526d99e704397255971219fdc1237c8b350b374a4b2814e8248367,True
222,L32,17714468650679077597,43403dbb9aec4db3faa1a542e7f192c4acc261b0d49cf6289b6be01022f85698,True
223,L12,18189792370723672289,fe7349fa1c72091cd6be5e6daa2264a483383437403c9e750ff1661d12e1c394,True
223,L21,765490154508280066,b8c202c6dea10519ab381aa91ce6a52507124ea250418683252990a32d3becfd,True
223,L13,16713637704044076914,8ebb9246fe8761d0f31daee214a6908ea69072c39f91501cec8074f1f60716d4,True
223,L31,3754411239904386968,820437a9fc74fa87548c0c8a991c0725bb135608294520370a4fd3394aa655ce,True
223,L23,12194093911891432415,e0b0136e9a468c02a88402cd082bc5b7238dc05632a1779f8ef88fbc321d9ce4,True
223,L32,16660448886380533331,d2fd995719fa9eb827544ec89e30348d7c99b0e164174f0e4e7d6abf5569b963,True
224,L12,781692779642194134,a7f72fab70cf631f5de4de3984a46bc53f358cef4168c498e270a9de31dd6374,True
224,L21,1500786122699097778,1d3185fa01278e3f2df200790437e2d7a8ff9f0e90fe9aba30c314262ecbea0f,True
224,L13,18267068319990771922,3e0fba82d5f0add37f530d31df840b1de6e2a0dc7a5f45d531ecb2a87d486589,True
224,L31,9737267782136748091,513a1cc2a39d1011bd2ceb28622d55284f45918e0efa423da403a71918161679,True
224,L23,16916095065215476851,d72e49db39bf3898cc81f77989707015dc2b560fdb89eaf28d806a145150f41e,True
224,L32,5179067199441061207,cd5622b8c4d7f051421b6759cab5bed60d19940ccde9d41af1ea2274d1d43d74,True
225,L12,12042439296682962959,d25465e3c72b94bf6d93d23ae075f833c95aaa57c36d2bb23e07f026e929114c,True
225,L21,3699704673121287245,48a457ba040c76e1a86027a1df233e38d457dddd524cd0b204ae36090fbe8748,True
225,L13,8277198000035162470,2b8716c8c25d4d819bfc93f7dcc4bda67f1a74e381d7256081359642f2ce1eb0,True
225,L31,617705941411436312,815afa2d61ac743c3a177841ce9502fd14f7453b99ab1c41fb945ea626b17e0a,True
225,L23,17877801101278999480,33a4b4bfb7a03899f24538c038bb15744144e15981ac814056e717829fbf4827,True
225,L32,16725117689712932698,95d48ca16cc73043464f64d4b0b6e8c5e8833ce024daae5d0746cf83f410da06,True
226,L12,5472919977137114111,d18d6a4e2996c4551a6b7bda91150bba5abcbbba0521796a8648a9ce784e2f38,True
226,L21,4633463237427976184,f98425675ca70df15b658f7ff758334397758d18f639d64657bdd1909bf12309,True
226,L13,10404298156411554083,99d0d6bb8a8a0e329318be5e7308004609ea374e37f2240483b56068a89d14e2,True
226,L31,10322896540833061671,7acd02f9de9b80bda8de877abee3b2abff9321c2d9b9523cc1fed7115f7d6b91,True
226,L23,13931708313392956197,a31029d3f0bc78b47f30295b88472407c15aff128a731f092e75d7fbb5b51cc4,True
226,L32,2898822067212407765,491dad6370fc84d19a6c84421a3072ccb773f73b06bfac87a7a341aef92757b2,True
227,L12,13083361723955084482,606f2865b8e35f75cbbd272b417c3d806f639964b9289d4657ed2f1281973524,True
227,L21,16160107086247552165,45f2c54399fefe20206827afc14860f27f53c3f7a949166bf6ecf00cbea61992,True
227,L13,10808968312881579273,bdfb9351768a7b237c24b14f20135d71122e22b64531dc15cf999c2599de6b7c,True
227,L31,14593467803499176725,0667a529cb8a9ba79f9c9312ebc506cde343e0398369866403dc106caae9a372,True
227,L23,10279554741813018989,ebe9718dd240f0e99d09027678937a235f5bce4c825cde3c4548e227861746e8,True
227,L32,5215904021400274893,1520ceb10dfb9583239a773e4be6141dfaa1e1f52217b2e4befbc16790ead966,True
228,L12,899449182961830937,c265bff0148503818d0cceb745d42e55c3e71c5b7297553b6e6827c3e1e72532,True
228,L21,12206986959066343694,ed6c4727342c6910ae4ccddf9a2f9deecb75d34ee822b6c739b37c2d5eac4949,True
228,L13,10061081193608300441,f6e6802c26df6785bd11b6a4a95c64713fdb37857437a723dd1f5eefa23285d0,True
228,L31,10953059920892789518,ccbb0531d203ed2e2cde6bdea9e3dfb7c7d6e2bd7778c624a2e4cc6dc7529a43,True
228,L23,8606510893884910835,c0e947f218896e41d94197eccfa87e32a753222b5e253899c8fc42c70a62372f,True
228,L32,9867818598023628137,9f3a6a606ea77009ddf894fd951b32c3bfd9c5ccfebea6fcfaef5dd80d8760de,True
229,L12,16904368001242828392,dc7333b388333cfa0098b04a629fba1fde50aed5072a971d87c1beb8b59c5a5c,True
229,L21,5661313541111439970,2eecba808b3974e2f81ad8a76b14b2f7e2667a6bba311e651eb31ea017a1d938,True
229,L13,8448144027726707832,f11cb79d2d933f34d636792857fee7a9579ef292d85eecf8124327ea6d19d137,True
229,L31,11806604746366716767,119b8d5c2b1ce53b1d4599c85f6d8c3a107aef48aed1719a2b257530b083d833,True
229,L23,11079601511106770116,b7144582a7a2ba103cda2755e0fc0123c24fbeb8fa4ec46aac47537996cd5166,True
229,L32,7736866211592544155,3cf7cff1a93468315b70c61b3f59d106fb9d508cf4a1a083e1f0d62636c1cb55,True
230,L12,8783680314762242314,3184f3c86b2ed93b2e2449f00b6ea671be2e3494d22cc0dba708abdf1bb5a6fd,True
230,L21,8926974740103296232,9676c2500f62299251e7aca4992853f37046d487e526f72fd7aee8395c0a1af2,True
230,L13,2259717909575897585,2bb7d04e814814674a23f825636f6199ae1bcdecf2c5e8504826982b8c098d91,True
230,L31,2231303455564879668,f7681d3239020b57a67d53996a1f059b1bdadc53c6fe736fc7d53e27a74a48bb,True
230,L23,14924513904342869381,e03df6fad55da16d7e4a2a929c10f76635e11fc4919cbc0acd8c19aa82ad0330,True
230,L32,14904873619737521476,a45e14200d2df242952340d08dc4285295bcc65cbde5620c4596093b140e8cdd,True
231,L12,10347529291148600273,fdbbe3e0ecbe3d7379f86930814e7c7a632be52e5e7c69f4400cd75f62684aef,True
231,L21,17026551822519029900,5e26632c5201e34f565a52567f5994d442075351f2ff5435fc7ab75c7474f7e0,True
231,L13,91924922252293206,b55112802709fcf0b6bf624a880c6519353038044c7f2d1d1e222b8a2d13dfd2,True
231,L31,10281356901226635303,8d657ec39d9a3407333e3b6fc315aab06a6ecd27111651458a470c9ce043c2dd,True
231,L23,15357789662115446353,7cae01ce6c46ec43180545eb64490750ce5e2aa0db77be9431d7481ce98214bf,True
231,L32,6059436741033845553,433904aa147938f004e80244038bf32a67a989ec92028b2b8736ea5d053c221d,True
232,L12,4214823770112008162,c6f51ea7ed55e40b9efb98078ff4e2ec30c00596a0d0d6a5de7e66de73161bc7,True
232,L21,16504805959189264976,548c9f9d184d5e005c17abf499ddd9441c96056ed60cafdd8d24dfbcd7b10a99,True
232,L13,5405752101819422932,0938a6b5dcf26221e7242bbe12c44c74805ad18025a980934e8f02afc36ea79a,True
232,L31,2205173466581070003,3f4010a24d5486eaee32718f09ea91a33659967a94a188e7c613bab67ffb5896,True
232,L23,7353407652775826004,0a1b421b2eadfce77919e194d8912c36ab32b227cf0728483a9e9c94c0be586a,True
232,L32,13889660458763052941,2af5b2143b1b95a4f5a60d009d4ee873bd5a4694a27e1f05d566b1613de82d5c,True
233,L12,7633929694321762056,5e24c3483dd558a33ed1b51e85123a4729a403926647cd22bd3c3ee293718471,True
233,L21,8329158247803340747,d2fab8c5682b28870e6bac3de820e91c2d897fe9235b4452d7747de72e21833d,True
233,L13,15864061678440532601,51d86ca6a29d6887e710ca50f7342b9a48510f366afb65866fd2065c0a7cb2e7,True
233,L31,6165468509925654172,160b51ef6bd2a82c72db2518f735b737dcbd472acd1941520d8e751a00ae9cbd,True
233,L23,3420871571171057657,ed9ecc9a4da0494cc53a3ebe061492a89f1a08887fa67263b52f24b09c3353e1,True
233,L32,8382563993115910266,5c8983623b34ae3b61b743115c9acd9a77b30f4fb7d887eea90c309919c16d60,True
234,L12,11721843456808142978,92349184187d6c00aeb99fb4f8468304aa411973b4bbafa986f897b0894fbf4e,True
234,L21,10426368444392343460,5a99ce8118bb32d665a201ea1ddfb41e515cccf325e0d3b5534032411e837f74,True
234,L13,6236551772775461179,a4dff1c9ddc65ca8a8b86a9296601dc81283bdca1f95986a33c844d414e952fc,True
234,L31,4566913595764970328,a52a1e2dea314599867783d50e3d9444924c91e49230ed20685447681f61dcb0,True
234,L23,3172122182249811887,ce6404bbaf376ee7611e923be52044a70c374b4f4882cc0138ac080a1f15c8ad,True
234,L32,14650369564014818105,20aa1e9f08204ea9dfcfb9df60b4f02c9b1025718a3ba81facc962d27e1f7093,True
235,L12,1574243120354220808,3e619a74bc2c419fedf69aa555049100a0ab04b6c4ade43c7db189d64138b935,True
235,L21,14522818221130608379,cc5511b36a82366f2587d380b4333e45ff6eaab8082fc567f41978fc8d25a48b,True
235,L13,805500770281712877,60fbbabb7a635604008de9bf91ccb0a222f642482e435c7a3a706550f7c48f5a,True
235,L31,8451695484262236513,fca6ecf8c7d911366678c953bc9d510e3e6eb21b124f35b18545cc0cd87a2f78,True
235,L23,438081075650305736,3c176d347e40fa08ea2d45004d1bee5d67fdbd76285e7505323d0be6274d1682,True
235,L32,8111580714124441098,9ebc5272bb9c9c70983d21ef0a8eea56800cfc917273efbf39f138e49a8400cc,True
236,L12,6026440347377574365,3dbd60f820d27ed2538d6ef56b5d20071621c67f3613f299194a9d5dfa890ee9,True
236,L21,11955488559841043065,2ab64d53482f55e33c04b4278a5fa9aa30594254ab0063639a42daa5dd29cdc4,True
236,L13,7328293774308137260,1134e7e96b69408e90c4a08af8e3fa522357ea037e42a7ce98fa1aa11d9adacf,True
236,L31,6578364741864346851,47744572f0c5ce36b913cd359949c76a6fb0761fc81a5f142fc14c65dbde81dc,True
236,L23,1783526580019479687,5ae50ad9d5fab41e7fb216aefc12c2c038bebbf64f4f3e89549d10454b6384ec,True
236,L32,8233089381075235235,e9c7a890bb9cb5fa67a9b53d1303490edb3ac80d0440a63f4a898b02edfabd2d,True
237,L12,10882472385130077410,7401f12f5e495b4026c3f0091a3c4fb62d0cac3f07d7da27271166ba93fdfb60,True
237,L21,10643505350361130599,87d2bc10911e2157109b8c4f3ad375467f081280fe94154a3bd77e4bad06e9c0,True
237,L13,16437838878610593617,9316da16645b9d263f9755bdbcf3708d425c41d0e9008ba4ffcf62201b51846b,True
237,L31,11475562784630974008,554a3001340eb2902dc2b0e66dc276812b315229609d455f459740bfbd6f5887,True
237,L23,14658455721611809359,825d6cde33d32d93230c43b8808c4f7af1d725039550c622209f545771052f4c,True
237,L32,5348468311545101416,c78586ccde05e58d1dc2a483e26d28c5f46617879a60dc4d7b6bc2e88466b26e,True
238,L12,3363652806195375157,e5fcb3f34f8364c98212600b1222b6ee139bb1b12d6a221ccf2613108bc19d3d,True
238,L21,8211397313013771370,2b9418ec6bfee6102cc7129b72225fd5f6ea2f654f41f8ed4f11491db6fef29c,True
238,L13,4956620055435332954,36ad5548db158ace4e99d2c97c5689258d6eaaf6c2affca2045cf5e2329d1107,True
238,L31,4051980105501727330,0c194efae8c05259ae629d7f1b3af346689e3417091bf3d4000a20602bf53f11,True
238,L23,9334820131814713291,543df99f953cd5689217cbc3946059f2bc68b3e21d5c7fb838eecb835f315efe,True
238,L32,12514113540478346486,1764943e76a89cc79559255d0664fd6512741689defe1bf02c61f89111f0f044,True
239,L12,10895452338563407511,e475dff24c8cd5eb3f11ddf69d980a7232023fbf1b48113af32c2cc1df404cb1,True
239,L21,14878572823135166375,2f1ce14e487ea914501bfa97b921bc6003b588d2806b50edde23d20d728fbb12,True
239,L13,11784348954510503919,662ea2b1fdcd5d66cfb136d4f1dbd12e509a2dbb8bdf32e601d6ea94d37c0345,True
239,L31,11033449291918807288,95ba4fbe108bbcac11b779f0335b0f79fab2655813a50ad6bbd417da686e9782,True
239,L23,6053815933065086777,a7095c91019ffd0e5e3585e52ec774436cb1a4032ae9bd373259ecf2270e26ce,True
239,L32,2554875205680191739,6464ade94507c0606a70d204e6583a84cdb911bd0d0443e83c1ceab610da3f5b,True
240,L12,8594753383363606004,517ca378e153c0c8a949a8603fc2dde5330596e35358157fbcab2ec7c8ebd63f,True
240,L21,1621501158546282969,5432437f4032f7a4c42bc1bca68dc6a4ea494789c2f0e2f03a776db473a67f88,True
240,L13,15553000288416386413,86465ecb2d8807e520564bd1c95dedcd0096b81a79542483f55ffd6615bd6b52,True
240,L31,15685773623010310549,ece1f66715bf22f2a954ba44c2598caacae1346fe7f5eea520d54efd170b5fab,True
240,L23,3616030260809629762,f21afc2e3446a71322acb031282efe175924e78eaaf496e393642f8136d3f16e,True
240,L32,8476766041039061426,602f66fe0d84623985e2e1ef0f1310076fc22fcdeef6ec3ea398f23344fb11ae,True
241,L12,7618084135299761156,525f53222eed63e972ec77eb84a0c0bcaf8e9ecc2f26057a7d81b131e490667e,True
241,L21,8463505379085382959,b14b0afcaa16695763ba77b7dfca34e3255b750b57dd7dd3af61438ae01954fd,True
241,L13,10398719388307637205,7119856db766e62d46cebee9bcf4b6cf986b157af1fb60c3adfc778222f819e7,True
241,L31,6666254406464651783,2ce703a91126d7422ac342b61b147d556676703ff11b5afe7965fa9fbaee3d27,True
241,L23,14191198741738384147,450630d11bd8a191aecb4490b892ed72359c4ec7d93f5b6958f8b6ce8eb01bc1,True
241,L32,3432159153226986445,704cc621989e504daeaf1fd936f5d61f5fd3920b55a86ce2c4a2fc0ab9424c9c,True
242,L12,9525239967712508408,51a211a43d6ec331e17ff836c3c12305a87172d28e7fc3628d37fb0e3cd9d8d3,True
242,L21,2503192045745181757,6d59772aac3c60781b43cddbad0cb315892adf79dd05e727cd16d38663c538a7,True
242,L13,2179158781290222322,554a24b442c619ac768f135c5db5f12a3013f156e53b6352f85ce1497fdd257d,True
242,L31,17811707226298423612,a41c5a4a71a4f02ac11e7ff2b723786a6951c6b45814aaf17dd9c19709ec5b6a,True
242,L23,16594899054716494264,6160ac3a5a627cf689e4db650c30ba8bef2540dae831e237859eee80d8401a06,True
242,L32,3379147713764128346,022d51e7e1fe7d4040768918e81044823f530b6ab29a15c5ef1b9034c675de9c,True
243,L12,13417585754435026115,29a4c02b1e37f13a1b47322790f1d56e72a17af126f77a72862e288d48143554,True
243,L21,3699961239967166788,fd640455291bbbe67873eeec18455d7f9e155af9071467be89ae23204b2e8489,True
243,L13,15058812558366660438,e16c58e27acfac2e1110359791134703974028f1cc05c77f00f3e3922c498831,True
243,L31,15358108769893827045,0e1a11d57f1524736a1987763cd1bafc205e494868d5a95de2fd158d41d88b03,True
243,L23,17679070233161307645,beb435184aa3d330b6546cd4631a0937a42f78fcc9f7a10806eed66029a9ba17,True
243,L32,6453847463807292265,86088e3d51367f6b6b5eeb6c0f943d5dd3b5675587f139fa3c9fa5ad12b81e53,True
244,L12,15593048724042390808,883c8ec9ef0af17930c96229354c263ca68e28707189f1c1d9186a210b7332ba,True
244,L21,6812525572181084489,f7fe8c46b39ab872f78aed19aeac655c87b4e16aa3cb7194a08145d3cb746ec9,True
244,L13,5131912336833328212,28bef91fd4b04dbbf7ddc5fc3054ecd2aa2945178e0b892cd3ff11d2e183ce5f,True
244,L31,10101918540663937192,a685e0f51acd13963040948bbf697d90e52af90b6de25fca7046229271ee4f9b,True
244,L23,9183689847442828969,00757f23916d6fe0f80dfc84bd6c5eb23784444f7176ba47f48db7660f833e87,True
244,L32,574691880665910144,8add2c8577e822dfa0e63062152951856c393effa6c3377cdf5131d1498a7fdd,True
245,L12,13999806915375628381,4a466eeb54f4a569284fce943d42821e5e3cf2d31352a567e8468a53a3ffdd4a,True
245,L21,4637700302750321531,33434fee21554492ad21d9acd6ba5be6e46cbcfcb71a74f194c22615f18d1ce4,True
245,L13,7953339527330871867,5ab2c5f3f174b4f3906fe82a2a17c3aa981937d0bf4e463ebd0b8ed50ce7960e,True
245,L31,13868300005270231997,f573ca4aafa3e79974ab89ba735f51352b514f36515fe85e852b2b9b132f967d,True
245,L23,4538387198731005854,79b11d49b425656896334754f76294abbeff7b05e27266b5b42572008cb4d23f,True
245,L32,16194584301294329214,f73ecc999878e3b73f521c58f723ea6fb9faabc630dd12620716269f9444130a,True
246,L12,17357016961324420351,781b82161d733807d3722ea2df045fe2623a38c03c4e2508efca476b4c06c061,True
246,L21,14285618948815848225,1e44059362ba14d523511cfb41fd9ee028bc771e8883314bba78c675aab56192,True
246,L13,8640444163994701836,3cd0845bc7428255fcece6e1801c2af1e9ea02d5b0aba3b46731ae6f785db501,True
246,L31,16194716085918416637,63ba8a967c49df6930ac716ba9905702f4fb0c6d7ea51181583900540ea1b922,True
246,L23,3001762234421153913,2eb4bbba52a7dd40d5053f94319092506d148c22682447529b8adf88387088d2,True
246,L32,17103801216371775913,31fd96439431fe4772efc4009fb42972c7bbfc4bbd44dad6cdcef753104af3c4,True
247,L12,11623667338516177562,f14115ed3ab1a79c2282377d49f3660489f76603a8ab5f01d5f25a3be120bd71,True
247,L21,13544268245185583774,6844ffc6e2f6ac28a7952a197a6779e827c5df5372ab896564783ab6d37741c7,True
247,L13,9008803874938275523,f712fb79e030af5687d22218fa651533484263da402c9a005b1b49fe937d5a95,True
247,L31,9594428327116448143,329b7eff043d55ddd9b1a2e9e26571d967a7fb7697167d5a5e5d39207dd65873,True
247,L23,1653474134505019182,baa65ff004d5134d5e218d03b949ed4d688262aed4240b3265f1b0cf7461ea77,True
247,L32,12063644385851542350,fc97e3f76e4416b120d107124254efe3bcbc4742f833178aa9daf90356298465,True
248,L12,10114441476653032760,65742c3077475c9b0ee6b5f8c99bbfbfff6cac4c55492d28ad8949295d8a9564,True
248,L21,13322832440174426037,4f1d2a8dec9124f4b5e8a7d25bdec11bba1efa90d824a6968378ae8210ef21b9,True
248,L13,10555364679456314981,81a0957d90e8e3f23ac3e57459a63eb5eb5b74619443baeee865d66168cece58,True
248,L31,7976259863587968433,f5bab759b8da6b0255e75675aff96de7bacd49c11b02c7aa63454d562453eb1c,True
248,L23,10699201618676914836,03facefe99edb5d80da707b205700282442e4ecd37030cd92581f9a9f6137581,True
248,L32,4448523737019341893,92bae679d15c37db202c67d9fa70b389f63fff9f2393f21c717bf158b7fdb333,True
249,L12,15022157235923282848,859e47b0d8a7ea85f0568b3a401da0a413abfdaf412435075bb6e6977ffe724f,True
249,L21,18214314471566809038,49a7d5eb64375524812ba34199a6610bca4094bd230a582929762aee3980a348,True
249,L13,5248973000042004165,8df841a06c86f07d45da315fcb086db40448bd75cd5113d0d143954c160025a7,True
249,L31,437216757270749941,687103e4e0093db596e2db24a8b2ba54ef210156c37452f05caf0f9b9da60312,True
249,L23,3881036458570897036,b78219db24d1479efb59a99cee5d0981b75a90e18f05795c4674ddb1c625b473,True
249,L32,17806823404894910704,2dcf1ee22237ce1f460c85479074b0c303f4d8eb6e7ccda971a702e90b9f4c59,True
250,L12,8174015548368038316,57ae7ed0d12b77de7009a391ba53c1ada413a8ed4111e9c0fd5765a92aa3ad02,True
250,L21,11289668730200176258,20cc6e01c224e125320bafb7da570966d749bd113fb4f07166a5cf9b9342c7b0,True
250,L13,17316876103182912820,1bb764128d6574262d2430f5fac02279143a5b8f0cc8402bf3e49c43290c52ca,True
250,L31,10554554791639180460,fc5b7360c7912f6e29f755da29306e89c5279575358e9a6ee087a1a44a7ff6c7,True
250,L23,10912785157965695880,22b653dd850a3003b5d0ba4233d444eb92cf49bcd6df98d11cbf2628da689548,True
250,L32,7213094902527879259,78f866833c6828661bdca7cf586967fd9efb955505cea4aa1a1692f27ae0a049,True
251,L12,7222576768191583149,a84f5a8674e9d1a86365d78aff155090aa00cdb3309825bcba0ffd7b1d457c9c,True
251,L21,9160170514777325332,415a6b485894461462073d2e7bac00c8df464cd3e14c9ee9535e1f86f916b0f3,True
251,L13,4748791061725794134,e35e3a7d73b97de9490908508cac1ca04a65c950fba8ceb88f8faa9c9507dc84,True
251,L31,18331455607522499213,61a54d17ae5e3fe7613f4e3069eeb607ea1ae3dacebbe86e87435eb17957f53d,True
251,L23,11619643944118973542,0b75b665aea7e5b641666acbb54f34932373d78930bff07dc86652b237650637,True
251,L32,167882732730208329,33bf1dcbfe205e9d40558b9c69a92da37985e01b7947e7352aaa1111533215c3,True
252,L12,771314733233578726,a835bd9e6109aa8df7383f3bec97919e8c19e018499a8f411fc19eb72bb5c984,True
252,L21,10041582598840720939,cd2b83ce2cfa88d07de076e3bf82586205de124159c714f160c75faf4f6056b2,True
252,L13,12147587971191389032,4587ef8a2ec7831c8cab851e4f86883e887262d5dd0ebbfc3e488cf2e78b9f53,True
252,L31,15900873973590009368,118bdc71e370f64452f4b37fedd6b95baf70a5b20b925ccc91081000a0808dd1,True
252,L23,9799513229008456894,a1c71e0a58c706a630afb48ff0388a7dbd4db24b55c925f41c62da8e881bf5d1,True
252,L32,17402528565300327446,677b47f6800666df9ca3bf31657a629e8e6b11d55c64eb87ec508eadad7acdbb,True
253,L12,5852350615815179103,4a47222f3e31931362c5096a14f047e7ffd12f425926d3b50d168fd05bddec5e,True
253,L21,3940311247204896104,64aec1bb9689e668a14215eb4710333aaa752a38b9ed3ac73adc1b98de8c54e4,True
253,L13,7241577123626792041,4bf6b20204c89d76044fd7b9003fac167c86a51c5cb44087a5432ac402ce62f7,True
253,L31,5278952515157609744,0c29d2ca4a419694a9904f18cc4b94247e84bce7bdcfe9e60c08cc29fd514a96,True
253,L23,16447214750020808181,a1df8d5672aacc2fa3339e25bb26e8c664e7a03be4d86a2ed7923158d6203546,True
253,L32,3362898740580570053,f319cd35506262ed7662066ef4f158a3b20424fd35dae84311e9c00b0d52d639,True
254,L12,7903255605177385725,04f28c4a0c8bdba0b61c5db4f9374188af71b5d49d39bfafe7de23a18a825573,True
254,L21,11438243106723993633,d33b4aa4f4da42a987867e8a7b38b3fde4959c19ec84a0e5d72673af5e3e05c3,True
254,L13,1815540297534492916,f0a14596adfb18191f88588ec7fbfb5b42330870c57e91fc85b1880ab68a28ad,True
254,L31,3597543283391557604,487812555be2c6ceec2f19ee0cb9db4606ecacbd5e11688bd41602af6736a53c,True
254,L23,12128851657323193851,b7be9bbb4d981fd2b30b0b636ff8e5ae638c032d740674fa223506b70a60fc44,True
254,L32,17856441393814289774,0b5ff6ee0d91e5d3d83f5b86ee4ce0fc3912943bf553b2f0fab4982a02af2d21,True
255,L12,11168789226281428884,c15277f727982096e35d0e01495a17b586ff29182a07d5f0649e9928daae7a9a,True
255,L21,2978753246191212563,36201cdc186ac2e102082d5fc9fd0ab910c299e253cf8cb92fb169bc5bb2e46f,True
255,L13,10807583081602981678,41e5dec6f259ad45c9a1fd65e23048fe55420b497ebeaa3acbd05dc8827f12e6,True
255,L31,6467108685901800135,539d518f4e148c32c6386360bf34216d67397aee09fcca129ae7ded9c365e2f9,True
255,L23,13743559584310239072,b72411ac831ed88bb2b0b63547cc070be140162ca436d2fad2223675b40916fb,True
255,L32,5126754836633160743,3a16ea77a2f4797e35ad62333fc5beec177e7b7d833e0c042b27b5bddca1d4e1,True
256,L12,5137203908186276453,2224560eeffe671a996e1884c9871232382634d09e06953ab569a8b4ec4b4180,True
256,L21,14982515831956877380,dd5cd441849bb185076743774a80e7fe90c837cc614f8d4234e3f9e3a94ebc48,True
256,L13,4704634603083439846,c57bd583c548dfd1a4352fedc6352ae8bb4162e6604770dc9c5487bb5e3dd4e4,True
256,L31,15873317151194811153,2a0ebca1890e7771bea8e599c31d5f31f4364299fa0106b5c17f877578ce8a29,True
256,L23,10042424698103468306,346ec03b049eab24003632e9232bfc8c53c0b05d6e7d90315919dc9a38416a8c,True
256,L32,10928470989890305412,a6dc0fa2785836dd1b3e9b0b2db45bc3ae19833d5951d5a4b2b7ebee9ff3e98b,True
257,L12,8958062565484625207,007de7842380b524b670d605fb64795c40fc3bfd033872ec1077ae11442375da,True
257,L21,2425833064068997758,2a0aec43309b1313f136b3b47e11e4d46bd97def5c3eb528798e42019b3c0c69,True
257,L13,2778236698717508070,cfc233d51d37ee4cd3701b3ad3374588ad8e78a1ae6f7d180dfd482e688a54fb,True
257,L31,11183269953082495412,1f14cf8f2ed5deeeeea3aa5e2176654d1864d024ddaa08b690d296c33a1939ea,True
257,L23,669766423956670271,b1f1a9290473920c61d0e68337f9c2faf566a1dc697d498b111a64aab52d67d2,True
257,L32,5634667924062461296,b354c0f3462ceaacce61bd289967040e61acb1d9e6945e1ff236808f615fc296,True
258,L12,113161165033697206,fcd0aae821d17fddd4fa6c612787d36e6abc41d4d608388526b9f3573724c071,True
258,L21,17270069584767138018,782513161f7b797f4ef478c1ed98c71fb9c7370606f31ad659c57a9949fda0e3,True
258,L13,16510277988406797829,d90c76e71d50bccee06e202738f047640471bb3e84ee1655fd524b9ffe44b965,True
258,L31,3685002409608917549,46bb834497c91078fc89767934af56aecbe96452c4509d064e2f762eea8ef084,True
258,L23,12219485715255224565,ef65995a384424250e9481312953ff93c7f69acd0d7fab33e551ab267f4556d5,True
258,L32,13508833487204344489,68a1306648a3988057c0e56a526d0caff9b02e9e49b32e3df59a210d024045b9,True
259,L12,18216804964684027287,320d27dbe318c4d7cfffc01dae7cc522e3689aa8d7a13ea3cc5736bcdde280f5,True
259,L21,5982996246064481726,80188bd7980060363cd14b4454f5556a363c4e13fa68fb3094ee092544317829,True
259,L13,15342937888892181836,f9b83f1df4e825db46ca1c4dc8eaef21b46597062aa2106beacb402601054ea9,True
259,L31,2798177439010154371,6828cbb563bc081141f890b1ba8a2befbeaf1e7f738aba65b45c368c90db0591,True
259,L23,13271816597055422132,b1e424e66935093ded5869174431a0bb5cd351bd01629e8a54da554fad51f3e4,True
259,L32,10012626407170212215,7f6d7688b5ff8b6a19d6f20f45eccfb0d02318b7fb41cd7598ef430e2ebfef24,True
260,L12,16035817146865109831,5a191dadf3f2c6f8c8e2d1f0ac8fcbc0fd106148ce5938817ac4c08269fdb372,True
260,L21,18150460717124369124,df43a1db1d5aefd1cd8097af64153f5af14b2a9222d5473925959cf3e4a531d7,True
260,L13,2570147949793942503,e077ffacd7fbb94ab2ea32117349694b8aad2117f1b67cc95c0e384e1031f6d3,True
260,L31,899458115747304594,d34182aa8a9c7a8fe422035149f11819e9c1adb946ed998ca22995a1b056dd78,True
260,L23,7134155894929295733,c7cb7e076fc33c7ede1e7baf7aa152e9bc389d24dd1841c7752f99f0cc467449,True
260,L32,3071502046238883032,3bbb33edf2a322da870a08efa36f06e071f17891bc9f3e5e5b5f41e1b0a8e39c,True
261,L12,7243973813875271092,9aa53ea54ef5ec1b112c097ed1be1f66e54688537e104cd4ce41b5120cdf7bc6,True
261,L21,10744252991892523554,e2f3632533dc160988ba9f0cf0e6c866f9362f842f829283482dfb5e38148ed2,True
261,L13,9096392350428204466,de0c320fcfbcc6f062e4d54c5b3a2f10db04a7205712a49c27c736cd4a699334,True
261,L31,1283896715709063404,a54965bd133ada47474a640b248927f93d1c08e6aa9aed767f12e6f8c66045b5,True
261,L23,11745071872572004953,0e34d014653c7cfeea4f00ff4f78bfd3a9ae66cfa39a5f14dfa48893d6b2515f,True
261,L32,75119393867732459,efb12af3a06d89c943d30acc5da7dfb19a70ab1115a4822f5384962c7c1b10aa,True
262,L12,5055452101613128695,a0c7de95490252a9e2c4588e74bccc40c83aa600c08059bb78bdd287e1370b2b,True
262,L21,6992705648042158681,4e0a93581947bc2f800a40fe8dfe687dfa795d6df8582c6c177ab7fdebf9c7b5,True
262,L13,9375180084052427962,8a02cf3294dbeb159062a8e6d861ff3c941a6f81fdcf35725a316352360a3609,True
262,L31,10326016605811902986,4851d6010d628e16346e0a8932dc43e753a562ef9105ce4319945add78abd5bd,True
262,L23,6423177375699814061,063bd5afacb02336f7e25a3f99b28febb8fa4a66faea26b3fd93a7952d62aa97,True
262,L32,15253287232569122397,e1936d89ebda38bd47cc9dce2b0532e1bdd29a0784c91476de341b6c355cfcd9,True
263,L12,6902242592667700380,98b28b35ed0c60130402abbbc8de0aecc5e5eab680a0c9b81281d692106705d9,True
263,L21,5985366575220435760,c0dc27e877d8e120aabf729b07eb50c99fe54ba66b03256f6a15bed223c2e2df,True
263,L13,6428081417036285469,1d3fcaa31b866d9e4dd21f863058b471baa1c35b38efb421a1f149e580867019,True
263,L31,5330908526626424222,923566511c50e15223eaf65197432cb2a0ee943e6b6809c525ecd4a9387b9be9,True
263,L23,3070251109118982757,98a60eb1488fd4841845ce2934942320f10f4b07cd80edb04f5cf728969363a7,True
263,L32,10441808200410880512,32199e37bdd3a81c361b2f56f7071d5fbb73b53cc69a76c8c37030ec3a7727a7,True
264,L12,16100316162886168940,92c3ef667a158592ac3f4103aeb0f6410a1690d13a185312ea51d83e4771cecf,True
264,L21,2889587064531465121,56de966f52e24d617511ccac0f9416e608e0efe9d7879d67344f6b80e0681ef1,True
264,L13,16194835235066185227,71c8ddc8e3fb355636ef55e66c0afedc43d995ed412f26313920e45ae2324138,True
264,L31,232138202139178530,1cefd58b80196db800731ee287f6c992bf6c652033f2029fce5b8688e5c7a881,True
264,L23,12967200682593760680,879547ce84fa31ddefaeefbfe820c186540c52cf1ba18ea1284f4d011be59577,True
264,L32,7475119049203481737,68addfecd783ca60248ff9244fa1e2149195175103c0425cd144cf89405eb132,True
265,L12,10207089083544792415,6c004bd7f207ca59847eb7a7ae8d541fb705119c0047e5b80ccb38fcdad37bad,True
265,L21,4659241340264114331,cb7ba53f35c8787c83d2c4bd3436a842e8df064e663602d09c349451fae8c16c,True
265,L13,12314985538398306605,b70d3fffe3446231a86d351f62729c6be481be38aeb6119810b8992def34c92a,True
265,L31,727761540667251646,b4ab3200975047fef05a0dda9640f9a9e581a153e2ef29ccb69f2cfb5b2bb101,True
265,L23,7882795739673670547,8374545722930b8649bd79f52a25c71f0f60e99a99fa4bf0b3d1920e3a24cf1e,True
265,L32,10299243945196294280,437f86fcd126ec2b6345fb6d4b6db293e77f6ba023597f27a97f4ea8d3f43adb,True
266,L12,16771607448640708327,cafd141067716c37433d77c5be1d9a893394db648ee195d530e01a48ce3e11f9,True
266,L21,9579170503391341627,6065451cf53c9557ac54166741193cb02e8b7ff0366757038528ade3414bab60,True
266,L13,1640120232196223473,49f7a6282b50c939bc4432617f4ee28aff4aa932793ad05cdfd59d5012b4744e,True
266,L31,12012082575681198154,ffd45d0f493cc22c231d5c844c850588f126e1a45bb349398baf6b303420b7a0,True
266,L23,1829248885853608176,b5cbb016df2589ee615d4ca34b0010957b1bf78efaa1478ca7a30f919b1caf3b,True
266,L32,3495877317855874827,f894fcda3f926a78b84bfa2626988d8a66514aa0b54ea2adcc45b7b3d7fa1062,True
267,L12,15163494191502224933,90ea2c2015e963dc450219d37d4c81c5b9dbe7366d1dc21b9adde334c2433bab,True
267,L21,14591414671313105717,7acb531b978a441f85f3afb87cb1898afef7769acffdedf60324b1b10c7b1a80,True
267,L13,17264063710439479462,8701af3eb62b7affbc4bce2142ad60149986180947bd94e120e3bcfdd78db4eb,True
267,L31,16656342099844256145,def24ef93014658a34e25dc8c3de3adb4ab3546f44c07f62b864db557d50a353,True
267,L23,16415150876244236572,880936438b361389b756a4b2d03627fc554968167ae3beddbb61ca09cc6d07a5,True
267,L32,7363371535947503680,beed6b7626186aa8d1ca37767a16b3b8b167b28233e62026f935eef0ce4223da,True
268,L12,16418953048375003303,a5dc701abf06dd89ad90b813733b147eb05d94199f6cf8509e9738b45becdea1,True
268,L21,8836563924166651358,c434570c6404454351f0f4010fd8ac8e95c580765ff4be6842e3406e628958f7,True
268,L13,3396740584985202640,49909a43bd18f8bd9dbb0372e440d1caaf7816f2d5f3891ea40e4f506ee6090d,True
268,L31,5228143929128900016,781b1cf4370c4b23babd794cd66b85c4f888cdc757edfad5240e5a65fb09833d,True
268,L23,3223124386194590240,dfafb5b206a7fda70a79d20278acadbd9a36c2300607efb7ad78fd7f04c8bf6e,True
268,L32,17024171277652646132,1234b587c4bce266577df938ee07d238dff80d5ab4a12bd659d5be47bc237879,True
269,L12,3779250822515899708,45b4571aeb7673a15681f8eab9181e4d1efd4af66b69e37f717314d5037f16d1,True
269,L21,15052300064534248982,e43d6727a261a18224bdd83ffa322d2b045e435f2b51f960e2a2f7f1a7dd7da6,True
269,L13,14940229373260933894,501237faafa7b2ac822b2dac65a20370e315f81ccd9a1cfd13529af46893a998,True
269,L31,9819679641986927749,da29d74f042469e4434a75728b1369d3ca3fbc4ebeec4f185983bda56ce939c5,True
269,L23,18035995036593586537,05770930b577887083774ec45c80be31d23e0e6b2f7ce93976dd8d5d83268032,True
269,L32,8684358466406937192,72d1056ac68d2b9e89eb2e9798e56969354f3967bece378086773b5116ebe4d5,True
270,L12,8670522099055897374,a4b576cda716fface764637907e93d2d99ace04809d3d9327abaffd1a079d71e,True
270,L21,10683221207063599715,a08d5c5ce40ab70e708409857b1ab5d2afdfd213324de932405c9744c52b96eb,True
270,L13,6229499057296266712,8faf95772deb5852ede5d0b88ecf78820d7fdd221da2b9e158493f418e8f5b12,True
270,L31,11093239034394450171,36d32ab8c43a1dc8a0ae58753eeff1980faeae036979da89b9e19a136dbb605d,True
270,L23,12429201575056090956,82c750303c7bb64cbf111002ad9bc950dc839cedee3b44193d5d348cbad5b97e,True
270,L32,2933419893080086430,fbd53413b7e14556c7120f6ad15fad9850127207560f793e4d88fddbe2e30e1a,True
271,L12,17867422013816416960,5bbbc958a7be02b3c5e4c17fdcc73b1045936f719bdfc18f3d452404f9193c89,True
271,L21,17134874312852270351,7db4ca9792256335fd571e70346e3f1e3b3a41f2076cf46a863a90f7bc302c46,True
271,L13,16088449270312993519,e220a946fde043193305b6a013efaecc8c24e5de189a386bf0d1b5cb8f5e4658,True
271,L31,9867149360780128854,e318456b5df1d428f0f45af654c56f37cbe778c665b9d55ed254e2ee920f661f,True
271,L23,13343308252110565883,6b79aed9da45c33ebcd7368dc3aaf7b3a16a39a09b40d881030c4e75895a223e,True
271,L32,2402070175506924354,a6c5a3df263db6af537bb8abd706241e0015d1c5f83176aafa0e3422c0e26376,True
272,L12,13536392096000754457,94ecc0ecc96a319c7e51f85df19764e26633d1976d0925f1cef313286000ef76,True
272,L21,12796486321168336635,90045855d4f3824b25d2c7ef8469261ee530911a1daa13e8609ca7f10ee15aea,True
272,L13,3280563613615752948,db98e769f4340a88ebad0995fe40e62515b9804483b4a218b8130ea2b073c6c6,True
272,L31,17609406872469589694,ffc85381aae0baf0ede5435903b5cc63df72156f1cb2e935c99a61e8cac89262,True
272,L23,4036797752924735820,02c228276ef0559bb8b3d075a0d1ea00820b28924591babd31fd6e0ce3e32107,True
272,L32,11634268239171881076,fe83d9646875850597ff5a6e590f5fd583b7e88f3b058a21fe29b8aa32c41263,True
273,L12,12855129019949857601,7e82e591fad81f1c73e6a96f79e009508bea279c6c825f494beaa631f11da79c,True
273,L21,3962966250203931309,b0808da6eeb9eacc9353ff6a9531b592b62a626c526a440c086d0f1982514164,True
273,L13,541755835724209237,5ec5bfcd0b2a949380942f3f229ddb8f003f5c2067a0424080ecfccd103c3be1,True
273,L31,6434432411268316480,d68cfea435ea3ecba0218b9df8c35d546ebfcb3a53512d4f798118616a0d8918,True
273,L23,15154233735408403327,78c535e92cfd23ff1e940ed83b580fd857d99edc164b44ced97e4c6e3ab02b46,True
273,L32,9934334640711722904,f61ed195a180980eb9f2fb1c08d09350834c3a4cc52aa7c466ad557ac2993283,True
274,L12,6432512389888931717,3dfb0ef56a2a8de2bdb7b88dfe812030a1c9a9f0de829382f13ac0ae5d48a8bb,True
274,L21,15806032094852350643,dadcd67118c6b481d4928050286fe3d555b81176cdc5226850b437384969a84f,True
274,L13,11716788150814991247,d667914cb17adac865a6ef371c9cee4cada4fcac46f2f85699b06e30a4ee28e9,True
274,L31,9827066411484335808,bd3259af8f78a63060b56142345f31b29f951f4210e9bb328050ff9eb28b45a7,True
274,L23,10845073487474771206,b4ff04ea2c77d7ae1c028c60712a8ea62e11e3b3dfff6986edf0b6722d1a0655,True
274,L32,10628303599903370211,c081a63369370d4e79039d23fb096ee2f63be2cb5a597968e8f1d024310c5100,True
275,L12,807533981652388296,d5b44ab79538c167c31cefd3815ec5a079759aa08ecf010f7c7845dbab8fe589,True
275,L21,3695735162150691173,44b8185c741bf094fb24377af8a9b504b5ea84dc684f74f12c0b222d7e2b2956,True
275,L13,1672954413496348295,4c7859e73e09c781d9f3db53cdbcbc47276d7c414aed0f7892007b5881ca542a,True
275,L31,387711379070599118,080778d92d89acbc6535005599d523df3307702d9a9694bddacaa909ef384a30,True
275,L23,13605900298483684579,4588f5e11fd3b25b663c6d04cd7bb33b1e3b7d9b36a8d3bed3c4e6d328973a2d,True
275,L32,15451259398090938182,74d121eb173e93d8c1196dcb0f626895b767e6ace0e2ad7a67bf5d39b08fc52c,True
276,L12,13851494056870013878,033c75e0df1d81d882d91a2faf1e3fff4dc0cee9bab9520eb212e41a2da79cc0,True
276,L21,16930429193259683326,26a93333307346d1e13b4144ef38c0ba2296d1db3deb08bd5b66f3ea29108184,True
276,L13,390968894736216466,5894443551c308f41def658a744f1fb53bdacf6a7494a379d93e9ae7bdb46093,True
276,L31,11760144704184959177,edf5760a716f42bfa62636d11cd73c96c9e760406932e04fa17ee60456663dde,True
276,L23,15246472705976078637,91e23effe228b0c44474b5a45eeaa2b229e9b4b823b3434f7dd120ceb94d2c19,True
276,L32,4789396963043602817,d39babe3a82608dc4fde1400900f3b2f840e5f7b9d0a6665fade6f69964492b4,True
277,L12,10945946781314961342,ad8cf73d40480123079b8938a67e5281e92abb81f696b1533fd95dfcc211de4e,True
277,L21,15321146350617746568,c711dd20748d26f5a0ea321a488dfe396c8f8c81b92341f31db8ad033f3ed948,True
277,L13,17633175542616401963,59dd4c9a3e750ba6171643406b378d208010a274bbfec1a49c17f2196eea2488,True
277,L31,15723852183922669339,214f429790420b57ac0dfc1ef1ce7f8b2f455bbdea543fcc8a5cbd0ec8ef68a5,True
277,L23,15684069020881542778,0a1fb472fa195a0065b0817a9cd71a5e9c9f0dfba546fc369f412f498d530d58,True
277,L32,1318779949627135549,b7f48cb0178938e815be0c19e3d8d88141d63f2dcd4d1ce50605500d555ee5b4,True
278,L12,14614666024275014974,eebecd8af6c029583a5916fede6fa33f599e539efb9abfecb9b3861f8b0ae4a3,True
278,L21,8418782304217832289,405d07daa63db2ce71a58541d4df2688136ba267189fdfa834658f603268d387,True
278,L13,7622987023936633293,b2b1d0d3efee4bf56d7750a648254854807f49e99e48a112091a4fb70af5ffc3,True
278,L31,3309018937430661297,2f3631fc9f25aaf4ac0ec9c91eeff4a3ac6bf349a21ced236b2cfbda47071927,True
278,L23,4752185469836626622,f2d3c62b4f33f345183c140a8b152ce6af803fdbe497fd794ca7cdb4ebe1ffad,True
278,L32,14082726659075666149,bbaf3188e6b4bff725afbcf4b1bc538738963f79ed1a3b2fcb97de951fc07b49,True
279,L12,5050957642505006930,16a94b1161a2a8b2d0a2e4cb51888ceba69a4c32b6d3c5b1840aca087d632eae,True
279,L21,13306728860498527671,973fecbb710291357e5ca461c74ba5a48eabaa6ab0304b7c5fd4e5f7f8bf60b4,True
279,L13,16440465025234332559,673b3ce964fb522c1116b5bb5bcae5d62eec45f30c5417c62da3661247a3b54b,True
279,L31,3779431765429943016,f59c583749bccfa0e9a82032e50280c90492a9ebda9aa981c6e2f2c690d9f812,True
279,L23,4298102480194826017,3f7f23ffa5cc874c1f6713fb7f5c4a52cdbd9bf2ebb08f3123c25a91dc1ee1bc,True
279,L32,3549125418378773605,ff32d5e048212fab7f856f6f356dda7b1eef6134a617e8bcc7957989dc888517,True
280,L12,9182286127594647903,caa0ce5424a4790b44ab1bbfd35a466d5a958ab8dafec3891dc77c54cc3a559d,True
280,L21,14579958376344879697,c0d82f48050318c1b11c363ba8fdca92c88a42d6f4c68244b891109f8bef1fd9,True
280,L13,10076932872947048529,c115dac4507b17ecee63740213ce5f7f7e44d3892e92439f09373d29737e8e38,True
280,L31,15651744803336976347,089999ebf7009e9f43c5bbabbe96fc61f28e5c5895476770d7359401c2bda6dd,True
280,L23,14831399965709077975,38e44d59f48bb7fb21c22f4ad9c47fbc6eac46a686f43c1865c86ee4a3f20742,True
280,L32,10458422181958853351,bb05b7762c207477066ad02d3e3e1c97cf142f7a05ac39c2c34ad8c48ea0caa7,True
281,L12,7629893024855068083,01eff553916624164591146be79bd70c2ccba3373e5944d1048d5a98519adc1c,True
281,L21,4747314711266323139,a3aa2207bcab464f3726c1402d17d3c318c9ee74d26ecb4fe31899d5bccd1d86,True
281,L13,3168048013115221091,44dd134850d27246ce55d3830ca07dfc7b6e548c535b0cbe17ce862546468555,True
281,L31,485540911280552573,1b2085dec62aefd983f0cb53349c83acff8b7f787fa29f8ffd8b8a580f8b6f7c,True
281,L23,6399485562198098493,cbb164fefa91515275cf892edbe3cb5cec2f81573816bbdc7c3ba528d3a8a9bc,True
281,L32,5861094617803635061,bd225e708fd94554f336c786126b24e7649786ed9bee35879092e8a8438a99d3,True
282,L12,15428023214832789201,dda5a3aac51889d0c04a1e329a2d01f66e56105b538937554b6e6e7e16d0b0e8,True
282,L21,6926221574181136656,e0517cfafb769f186e57bd850ef351dab2672f96052c6942d855fb243631fc28,True
282,L13,14398508302941830075,e2e72d236c3d45f176c4801144b0edad2e070a6cfe083b362d4c7425824db5a0,True
282,L31,13408424493052167020,b63a9ced3692a6bee2bf3a8c281d495c815826e373d2dcf2fe27d476bc1609e7,True
282,L23,8817185483020233508,2e39008e6f005a2237febe68199674fc63507e82166ec14f98d54e8630536913,True
282,L32,13791105422392689801,4d040fa5f77eb8cc6e5834e63eb98bdd33ee5c59b59e09a4c5c41b89c4f87ce9,True
283,L12,17380895229430248917,7fdab59bb915160cad5a764ea26e21510ba9d4ca3317d696e6d7e41c7975de9c,True
283,L21,17732203412083097808,3bfa06334615dd491c68ad40a5c0666ef000ac8a8cf2a45c15308559110800b9,True
283,L13,16466513506767552241,b984948e3e8620d57de6405a695beafaff637bdf1a8282bfa81dd9089c54bf67,True
283,L31,16881289442066893924,54415f14d25ee767920514222e8bfe733069c71eb363308de239da571272bbc3,True
283,L23,11211482601261318556,7a85b41862234dca0f06ce0ecfbb63038c7db23f09483ab8078698c8e67a998d,True
283,L32,14347089102006622134,d76369f3f9e6f5a56c2b3199be021d375ce87a1bda0ef04e4aa8097d513d0c08,True
284,L12,1027361949146760096,9cec89eb384cce5dd6cfc90f36ddea7f406665aca4d229f9a030d58e76686598,True
284,L21,202497996871416205,1a69b7993674562068045869b2253c7c1b4fccc16181b66c6c5bd898dfeb512e,True
284,L13,193323400418806051,3dbf505040b86797b7777fbf428c45caa879a749dfe538227750c514a99a9348,True
284,L31,16584900952478102817,22c6b7cc9865dac5ea9a9a07785bdb9f3a406cf73e17b2879cfa4611d6bb7278,True
284,L23,5866901978306539719,0288f4a63bdf9d8235f5a2347dccd4d8d07d89d30a8f5ad81099fc3fe34b3c98,True
284,L32,12587795889372850953,c393cb9fa22b3c8816a8a12a045111490febf610a62750d4ea81ad40005e94a0,True
285,L12,5910846941289659556,872def1e60075c1536d53af2129d0c1198f2a2f9d4fc56506578e04650c547db,True
285,L21,4570137514019999758,b7322adf8267d3c66bb96ae09743e07af0a6f428d5032b758151cf6abc2763f9,True
285,L13,10321370708637463527,d7f0f9686422f2b01d11fca3b345d303d436f73751f93d24ee77b70cfee79464,True
285,L31,2551757649017527925,eb91906fadd5c9b93c2777900d5fc368d5e28da27a7d952598b5bcecc4e090e4,True
285,L23,15767244585647586827,e1b978297b8904ac08418da56c9b4c4b9fbf437c4159587fd3726b9bc2f132b3,True
285,L32,11965998835772267742,6c0a8987a963674ef9b8b10c1bfad596a7c85159b206c56c8fedd20e62ea511d,True
286,L12,3845093380292283157,87450f2856c252eee920beb34049546cd2cb00e291119cdd1199e3bafd0510eb,True
286,L21,7063799348140753193,a050d091a1b267dddcb803c7a3ff99990068f4313ef7a779fc4a1aa882df979b,True
286,L13,6355986165427621869,3d0d225621f5724c93f8055fd94e7749defb8e9333469789a7dfabe6322ae702,True
286,L31,16506307368695782996,ff1878c7d6f31e3f631c955ffa68883dd3bc0c44d641429bbd0fb5e16214c4a1,True
286,L23,7753571241988924311,d804a056e4c8f1a6a7ba84f8df252f4c18ad98f15c80ddf2b3be7fddc240ce9f,True
286,L32,15838647151302204813,7a795bdab6933210437110a33295d09841ae276bac8fefaac32b607bdb06ead6,True
287,L12,12581136232414066374,6fb515e09bc8562babb5ca9b4892e5a9982b3934e6ec7a9c265a0a34bb81f90e,True
287,L21,11159441968652974730,fa7dedb1ec588e19ead017f0a796f3bc227b0202da67c4b2588d114011b4359d,True
287,L13,6000308620524325051,b80171fdab103eca71a35624f9860a14cae38997bab72a9d978d225a87f5283e,True
287,L31,11916466285595052083,6298010db1508ab78e0fa1227d97093c0a6ca92ff409bb59d42863b899972b25,True
287,L23,7489419663380393938,12f2e7c40080c8490ce780c3865abfb144b161afee1c77676b13dc3343a3d8bd,True
287,L32,13574345253873709687,18076aa2e71e267a5a4d21bfcf2346c59244d7061e0c19cf78b8f4264ab50a7d,True
288,L12,12551271864086259539,532c611ac66d235b9bd7f415a16d8250b1db9ecce92809b6000dfaf7aa6e296f,True
288,L21,17361872260936246405,7a26308901b4f553d12b7ca3e70401a84d732c4f4f04ee1e1a1602cb01eda08e,True
288,L13,16424936275451044359,4fc945591918a4beb36198affa25ba201f7828817195c709f97db80fd4e62d3c,True
288,L31,17253746314672914209,286809c28f6ee91c0467c4cc70dd12b2c76892f4bdffafbbffb939cbd5274005,True
288,L23,14328016834911822557,eaa48b75911ebdfa29e968c22cd91fa44321e632ab1f8ef52f995f8f58b4ccde,True
288,L32,2076741472858161491,4206519f4aab1886cac3006fd6e3a79c1982811d262cfcef1e2d226c04493141,True
289,L12,14254265398517541222,f4241ef87f45f8a0f30c85772ee10a4ef09fb716bca983a4d8afa88f39ca3486,True
289,L21,13993619042675321941,9aae3d6229d364dde009680386a4c05e5b3c43e6a9c977ee86d84810ba14c1f8,True
289,L13,17549463103842391328,f1e75b624120fafbcbcceb45cf246fdb9508914640642ba548e4e7a28c14282f,True
289,L31,12593904516121595899,9a9cd3f38dbc3bd484195238ccb6b0d751144ec841120b80c87769273d662cf0,True
289,L23,17530691568789923858,ebc7c1efb830b7a5e3352de92798cd738e6685983e496f54668849a70f017c61,True
289,L32,12629683156494643451,50266f108a6948f3d1c3a60a081d98438739841bc2f42f92cf825d02f5bf2ef2,True
290,L12,1904428332652679980,ad6b21dc04987ffa8533081a2576896648e231c14232f5ce092f97ae042bd21d,True
290,L21,6090841245266358007,cce00ca0b6a164656895fd5f357051bd0cecf9349b7673fbc903cc326f0197c9,True
290,L13,16197678092496436423,9c2aa7f6856d3978bee3e72ea82412eb957f141605c2e5bc0dae6f69eba379ca,True
290,L31,18427876016375341118,114a3bba51503cb4a32e799c1ec89276f1af93310e8942f2011dfa4fb91ad3ec,True
290,L23,9962304669953812638,f983406d0ef7f2967a715bb33026bd911b7331b089b22a2d4187b463c8edd7cc,True
290,L32,6218329676998750515,cc6682f050e0b3f06337973e3e90c8118a810e70641ab24671ba3372752ed97e,True
291,L12,16893169785542219759,293741e51dfef85218de32b0dce1949e93091e3970fab2cddff9ff86681b33c4,True
291,L21,10679162234061076380,a166225359be1f63365f00c311c9e88c7c2c9cb55790633686f250797e5c9a3c,True
291,L13,15583974671412877556,183373d178498d3360bfb485f00384c7d1e41821c435e38b4a8be6d0a6b6e2d9,True
291,L31,13663689429787536453,5234f9c24c887049baa3231e156378b4ff3bcb2a04a0447484051ed31057cccd,True
291,L23,2830569563096599701,daf033d632e0ff10866278f84c0728e58c18c96c91ef4dafccfa194b82a13190,True
291,L32,7335531443102345589,6f4f7ab5329cb7f319e5739721b57d2fe05053b42ea372932482232c0d8eb25d,True
292,L12,15700657409824806618,b304fd927331e7108ae6ca5d4fc8bd9215c75b9086c257869be301736bf05ba0,True
292,L21,11804625443921295243,da3a406ba951514502700451f08d07a75d007d9ac63a0724139ece99c7ff2e69,True
292,L13,18320468000107534839,8b3e865488b5e237c01e039505cd15d85642f2042b0d94bc2036c1616bb61e5a,True
292,L31,12976368904219801912,126775c08c19964811cea6c0048512ab2667374ed3eecf8774a451563cabf4c4,True
292,L23,11008044405089381727,08edffa74d8a957a38071d402aa9c4e87495fa2416c31f2dd0209f76bbc2996d,True
292,L32,9025800940193074039,9a8651d2ac8bbaa3e7349e16c31ddcc3ac659196cb753abe3165dbe87a3334f8,True
293,L12,1624770936638497736,42a4dd92af60b1f462817ac97ecb7c8670c5306abe75d70a0683605386163c84,True
293,L21,1638687145899460968,4c4e2043128975bad191893565d58d4eb2b2e25746e8dbf84b229f42b681138d,True
293,L13,17504082669162599923,a2674d2f8f17da04f1081e30964b7282b5516d07644eb0cec8d4c558ce67803d,True
293,L31,7331770570922692311,02f81e5471c451a0bd5eff700378182a36e40998510f4e35236d19ced6d37dac,True
293,L23,13622074905869833369,85645b55bf0c9e5b48581451eaeb578039c8571a99e573f37f44adc9af9a89f3,True
293,L32,7618646179856075516,14b28bf8696e3b8141c5d1042f77bb911bfbc65acc82b2cc0c183b640e2b436a,True
294,L12,3222285877401974737,4955a7c1670a3ae6add5cbf74e74e3f3a67dfe1aef9ad8cee4cb512c8f9797a4,True
294,L21,18370215374641772420,ff0c94eb536b14c4bdf5197f88c1b83eb29346e76ac97ec7c7fd7503468d8fb6,True
294,L13,16899054013249339093,b183e5da8650c0755f2e0df3f608ffab4b0648fe2a38a88ca3ac0f64b86b6a8f,True
294,L31,275444106488979685,551541cec243e718c63c6118029043be70192caef80b93cd7b8fbb2435a8bd1e,True
294,L23,5063059019048869259,d53222a5cc699ab86e5ad43ab67750aa2d3213b7cae2c0b69fd6c2280a0634bc,True
294,L32,7057075557977852998,64cb61f12ac59d50c505b3d72767a283871b74ac03279e7781314b7bbe58deaf,True
295,L12,16787690980412321766,3aafea1c7278fee3f571e04878ad653c22b9903c5ed0454992a0e305edd7c537,True
295,L21,16033633580946920035,21a07c5c254a3f1ce74d8c31961dd233eff73be64429facce74669bc3711ac99,True
295,L13,10752047762879265458,c19e1bdd469313e522b3aa6dbcc8dfff3b56e7c3a7ca88cab473169efb10aa60,True
295,L31,17760419289921515340,268f448d66873704db2589f1741313421fb3bf9dd99cf1b66126e2a649f6d4d3,True
295,L23,248833572817435716,815deb7f670bcff1065d117e260d435b029a72632eca8b2fd33f4abf89bc4269,True
295,L32,196715028384875098,1b9702b81c309c8458857f2eee455edf48f12321dde70fa17b3b634381131b30,True
296,L12,18312519361473824214,d329f14855f0fb3e4538e8849ebf4e97f4a87c6f9767808effbf9119327ebb40,True
296,L21,12442756690939725357,cf317d6d7c340c00a5f9df798ce3184ecd2947e3366e616a1930f2bde5892226,True
296,L13,16621228831301502476,b8125317d1b036f91575a9fcf1f34a0a0ac50f018a204ee2cb9486b01961a95f,True
296,L31,16602973962568762776,1b78132a216a584dc5324b49a1da86256cba03ae31b171f40ff7a7e65e8c6fd6,True
296,L23,15410630800826766218,234290754af3a28a2763e50d5da4eaa3986a90c4715fb6651b9546b4b1a2dfe9,True
296,L32,7047062681258594100,5b4c79c5b73e0035278a41891f1e09e5032718073b4c66c639f29168444f930c,True
297,L12,14095760290669358591,1abd515fe3f6dee324b1753193cf79c63272035732c6292fc45384c10a82d61d,True
297,L21,5738811184844987269,dd6bf5fe7e60720e84f43b18dae104c0557e8c92ccceb9fe63d405862f6039cb,True
297,L13,8674775751561483921,948426f1500c0e8944c1380cbf34fc127c5a41ff84d9aee0ea3062927f084286,True
297,L31,1990498122813200160,bf8259acd44ba9915fb87fab0086a60756fc63a7b7b0aafd29e3ed4087623b42,True
297,L23,5017832447338024874,89112ae6826011f71bb4121c73e9f51068a82d38e9b8f4ea4315ede4dbc629bb,True
297,L32,13089310461808787835,5edcd280b67690b464c3a1ba1536aef7e311516df7b152578ec7e5a75fc49053,True
298,L12,12998358285839782089,a3ff745f854dbb0ec63b2a977f482aa9662fd5459b27a0b7f154ec55ee8232e8,True
298,L21,10426200678401550132,7515b533ad515e5bed19459c187bd3434d014f77af3b99d4914914b17cb46112,True
298,L13,806278138228322717,8d15ce92793b09e78e9d375f3a9f72915e331be96b39af23b75076865d3790b8,True
298,L31,17230648468692636914,e74e5c32b354ef4839983eb14e938dac77b94f134b47ab8bfb51baeefff397e1,True
298,L23,13306719141564996368,07a24461fdc5d92465f5950c341ea9ece5841a8c65e44d44b454e18978485fe2,True
298,L32,9330621595899884002,bc4da92e7aed0c89330cb08f4c90e83d00390881732d5942b0bf2dad95177687,True
299,L12,15950103600729597179,6fdc9377b3cc9e3c46abfada3e6c4b87718174efc0b30761cae5b3b91e0f4624,True
299,L21,13296368979323952262,d1c160843ed089fdb170ebb1ddddf0ba2a07d848b67989d8a63248e352bf27ef,True
299,L13,16487847939785477843,295a3608ebcbcda25c9a37a0c31ef655955a0c938ce61123c340d9870699fc78,True
299,L31,6928006734501543446,98952d397180d77e3c552384a33fdc855c5b56fb44f68abbfcc2cd66365c3236,True
299,L23,15985526764999152283,1a5384f0983c0f59a28cfc32f03a55067545643b6f3f627c73ef1374350c42a9,True
299,L32,14975162282523583881,7f20e93e9bdde3a1c3efea2f09a503a505357e92bfdd535121b120ee1a26beb0,True
300,L12,14614751604698571872,2ea0fe38449f2658a5ee7dcc3192b86665f0008a710b0fbd86ad13ffef24c01d,True
300,L21,6625783093971366842,129f3582934ae9ed7f17449d38a850226a4a9f8b14804437aad1bfb036930e46,True
300,L13,5158245996850215401,50cee7ccc1fb79262bf8f3513fce6eecfa515af021c853b91b5d0e7997591d0c,True
300,L31,2257664087923757874,000f6f3cdef416d67d2e1c3f58f1198090a104dbfd95fe3af0ac7904271933b4,True
300,L23,17182242630802193727,6d3b4a22c3f058f05cc4059c4d2475f2da10f0d6d468fcdd3868e29bd6b05b5b,True
300,L32,8764713906902970494,cf96fd5565f0b7e9b8d2bd3dd849b2fe9d7269d446f0fe60226baaf64c4a2e2b,True
301,L12,28531057150347021,035b95ed12d30937c0d6271085ddb7467dec881b879d3c23ab781e8f25498b80,True
301,L21,11911955352731208068,5c67f4bf41cc6f3f9bd39572ce3f195be4a243c7973f0c542e983f762f165ffb,True
301,L13,4906503387434210272,47bafc12c9cfa07cbf6495aa632450a1ec3fbc798a64bd8f86ea260cc854b3e4,True
301,L31,10730205082696960512,f9c05fb50a7a20473c88099496af0ba2fca14e254b774c1e21eb84179182dd52,True
301,L23,15094038890701296767,6a6995072a1a271ec858450d70e6317e24141594e9ab36975ebc3cfe4007480a,True
301,L32,12911142025538906303,66bb949b10a7d7775959f1fed6d4464b41fda9ac94f35be769d9648c11bcd8a7,True
302,L12,7508202751746507312,73145e541c3357f00e28913d4101bda366be6ac86969b11c7a99d570d296ea51,True
302,L21,11971154414390903715,0d887b024b7aed335c36ab0bcf83b6f5278928a7d9b9b8b6979b00d6d4844985,True
302,L13,5833315688310335552,8c7a17c77362ae56a3e7fac83fc590242893c1781233cf6ea7c329016ba3c99a,True
302,L31,17921591312490888170,77ebf383e9de50b09da53434e0a54cc5c20748bc702ff007a071151dd8f731ee,True
302,L23,16624713370601601126,648a5c2e74b7bff2e8479573277c19cb649d05932674aa8c7d7565e97e6ebd20,True
302,L32,17394546683463786832,88b46d0a2f10699a1ec64b0b7745699fb2946ed58d0b924c966b67b4eee6037d,True
303,L12,11181828508017746565,9c6badc94a03e1f2297c10d222cf927884f683f592487e051cc17921481e7169,True
303,L21,8005571322750061654,520f0245b2843f5b68488fa7d8639322940190cdc84eb64f47669a95c06c78c3,True
303,L13,15880204963045536600,8aeb77fde72429c70ac7d07236e5d129306fbb405e2d75fbcf9fd25bfe3881c6,True
303,L31,15772098363649066932,a33d849141c6c13889b7311964f0bf554124ab5d1c5e8318ce57cd6e96863b9c,True
303,L23,9118574800764656185,f27f6649b0c056337661e0fc5c54699a72a46f13deb66b1939038f35b87e7a28,True
303,L32,812895612879635661,45e0f38767eacfe82f10427731b5f19e26b45336490e939218ee20fbddd84338,True
304,L12,12327477570395436018,5aa38a611adab682cc0ea4282948f65e8e5646a102e1e259f7f326b08aefe488,True
304,L21,18420193685711295051,32cde0c827563b350b90dd08cb4192f1938eff9af0fd2c62c90b185614ab4bb5,True
304,L13,8092557540249054559,f2b33bb7ceb4400fbf8f09c02c89a90ccece3cce4debece764094b55d78c016b,True
304,L31,1286447340376330997,45bf2a2ff0e574b90acdf6bc24812fdcefa4560fd2db4aada233aadffb3630f0,True
304,L23,17333448347176652104,160d93a3cf056e4b7256588e217f5daa518354afaa4a4163c5ff2361d917e150,True
304,L32,14062102350680004119,f97a7b9bf311f07a53be1c1931a5ef153c4476c81ef58f045980744c177f46da,True
305,L12,12553847704144797284,24970fef382ae00ad9f7a30acb59e22a8de5e2728b93af0363a8d98327b953ef,True
305,L21,6771074434486863177,25f5ca2ea29b63e23c3458b255f081107c6936eeaa6dc54b4a2d92c3be98ea12,True
305,L13,5875344097841163743,ab4da0488a260504563d1768d6515c381c6a0acce1fae4ae374022008a609319,True
305,L31,3586506037585873707,50a83f1f78f70f7f8f9c59d6d748609c352251d6227c1b9efb16971676fb8bbb,True
305,L23,14717156040312506892,01ed6e1c97eb306af51be110a51d0c3330954b233dc9d40170ec8f8875de0f3f,True
305,L32,8844217600156598459,7ba109edd5c5b4089d359d973b0139133c530b44a8676e73820109c9ddd1e0e6,True
306,L12,7148154702245886857,328ea3ef8d172b0b5f44528275fc805a83ec432f694460c727074ee934284be9,True
306,L21,8381176735510044428,a9b3444159af4fa7233af4e4ddc5542685ad36dcc37d96542638e27265a7f9b4,True
306,L13,17565512333223543321,f3b7a11b1c7124687dfc2904669eb067b30e980d3667f8750f2e142d25b6e29d,True
306,L31,9731863671128878333,0826337a8650542502c7366a128c1c9d1ba85f412fc778a8f63a49d3f797ee52,True
306,L23,4433511096114410938,45c9b9e49ca016f12b3d24addf8e922979405dc6b797e153a36986b0dbbc4985,True
306,L32,841853720490140859,a4cf056e769fdf2ac440b94795d93a19f7f3690088d3862002ccf176628ba64b,True
307,L12,15899156240232360841,bbb7d26fb00b6c1a9a1def94ed73349eff6a289aab34ba4a156f2e10b91d98d1,True
307,L21,122256996150889801,569302a94206ae5c7be3a8f480a1f96953ffc3f4430c5b66a29fa945c8c196bb,True
307,L13,2833436133186526134,3db95b1a7f0f5c03893273525a6e74b6dcadd9e7de1f4921cbf89b805a917bcf,True
307,L31,12587855827344215928,7016e1a09b639a46fbd8080de5acd652933b12eca1a03e30272c533ea16ddf5e,True
307,L23,16021034004451885585,2832f11bca218bbdfaee6a7981a0712a69fc237a73de5f8af9e31fa9ebcdc271,True
307,L32,6232966840078704555,b7efcbbb7e23792b3e1d5433d9a351d0fabecedeb8b2e3340a90c9bdbff24859,True
308,L12,10516559823947752773,9b00ee48e3bae977044d1e9ab049c4be3b7604d2e0816530d754ffdae882bb16,True
308,L21,6206405636336197858,ffb980d665b2f1af3ca7c06fb37e113102495c3ce16c0c8bb1d55479c44a64f5,True
308,L13,14121890012203723971,9508e9d60aca5927718c8262b8585c915bb88cd5390f99279eed8a0bacff5edd,True
308,L31,15329766285659720091,31c00f2bf5e2deb22ed930e190a33c821ff4e0037eac2e9477837ee96f06d9f2,True
308,L23,16383561657578366731,a9dfdbb816217487feecf8269740f26cbcf363fb6123edb4688d3d7195f54655,True
308,L32,9746836682366567584,9ce19fc7060554038e1a9bfe7a5943a537a79302bc44e7c419d16fdb7db7d19f,True
309,L12,9268634801226514413,53ec87a4701f0efa9ce01f8f3c46a3515cc821d1ab1e05f8c50834b1d6c04446,True
309,L21,6339877629678954517,b5e76accc3f750979094ee18ac0a42a4607d0992827e9f52aefba0e53ff3ff31,True
309,L13,6176510329330115912,2eb2a9d244323a4f3611e0458b1b4d9f6162a4a3815163ad18662cf0c3a84b3d,True
309,L31,2228933687557844717,9d4f49d949a09e4ff64c3b768b0ab9158c611f834c64e1f83ba8a3847ffa630a,True
309,L23,15012418503632361500,3becc6735a62b35d21fca01eb49449224f7e00bf8032365326ccc67b48005927,True
309,L32,3008762482008233132,4bb2cbd0837cbad1afb51fc30ecbbcaf3835f7fbddd8149f5f65ada79ed9feda,True
310,L12,17537607197981828140,3d75e002fd52794bb7a27c9234647998f16645ae8f3789a165de09c615a56dd7,True
310,L21,14533039303748653570,209358329e74df0190047cec46fc507572ace487b1264023bc0a09c11b0d9dd4,True
310,L13,3469220538049535751,a3ab3681435b2dfb775e2c9089cef043d545750e93f4041330ef71a9e299864f,True
310,L31,15339172911879662557,197afa911368aac454b02ff20e23bd8c7882dfbfeb4d83252e7fcf576fe070b5,True
310,L23,14298077405999012923,54dc7b61be783068abc73fd8d20b49730bcc002b03c730320ae7219375baceec,True
310,L32,9311136163975552248,1864fb919c70fcf37a94d5aae9554d97629a019ba4e19be2d5d9318dd7e3dbb6,True
311,L12,11115712599686809854,4c020f64c5313fef6ab151d968cf398b1d956e579095aaa7278ef58a479cf5d3,True
311,L21,8581612058031823139,1b03b1288e8f511d0e0c866ab42dc46052af2e6eddff71f7ef812e8c4e73999f,True
311,L13,15597176975351027836,72119565e6394e8f452117bd7e4239d9b24d0cc801125bfa1d6689877a6ec9e3,True
311,L31,5687555160368035731,81083929030574005cba53405bdd810b6ecd3aad90f910bb1c79e7f2b560cd74,True
311,L23,1860664389974714298,76a47c7e99020c82bc8ba219867ec0b2a65278761d5bdb0605d1801d67e67d9a,True
311,L32,7426174945603598379,1a05d3636b1af84cd10cc79f40293c083b09d1dfae7c83adb3c4b3e3cea2058c,True
312,L12,13460582690587866021,c7ef25850a6384beb6eafad10c580d653a3cf442f1ccaf533c81bebaaaa6ce3a,True
312,L21,14857667282307344471,6a4c5e7a97542ba705d81b0c57682e1d9e1c56cd0a1c7e6bff1225e74f05ce6a,True
312,L13,17890100914016084214,661ff2bbec726970ae59221565e7145ba5f3f9343a809e6488ba2a94a610b576,True
312,L31,15137012498133274325,8fdc2448bcc7df5dd42cb56b7b9599152241dc2cad92dac6a840604758269b69,True
312,L23,16949170700784599094,71460f6eb1a747799e6c3a427a60ff53dfe01d8511137a581b23c6909d5d7422,True
312,L32,9624861674278411987,68e0cf04cd0c4885df2a6b588e8cddd05873ef35d4689b87ada5d7238cce49fc,True
313,L12,10687611165566826948,0aa86c13c5488ead026d4fd8204a828fccbc7efe017c52ddff114d2e734e247f,True
313,L21,3881592265009329798,85962af44879059246866b846aabc6bef8edc641a7836f3ff18af10d45c889aa,True
313,L13,9205132555830003994,2710b35122f9e2fb3583cfcb55384e34bfb45fe9ddb7e063102d5df72912bd01,True
313,L31,2402096093355971883,29731b055091dcda7c3f1194cf558766f2cfac76cc8e1719c4ab1c0661d61009,True
313,L23,7978366226514940917,1864c874a79e18cd0aad1be2a2a21afdb0ca446a791815ca9dfa543de9b9b562,True
313,L32,9726281480272338707,c203c87947db74a8d4486ec7ab51f38ce309ac9277c60c118e4f086905792630,True
314,L12,1288519179429685429,6f667dd7feebb69bd50c26aad064584bd9de66b03a15d946daa4444383326f7f,True
314,L21,36603117741348174,629f2c5e90f5e3835ec5b19ab638cef700ab9149e0968e4b7cbbbb33cd8369e0,True
314,L13,739411856056445104,1b40efae1ef20f570c467973c8b66e0749c6d85bb08843c20bff86f7af9f5b33,True
314,L31,7792116589095270085,6c02d281c8c97842eb2442cbdf344c0fe294763c530456a21f03140a1ce7389c,True
314,L23,3942253988800681063,d175a23219fb74a79f40e75ff1d95c727260b95d5a44c6851fd2d2f74f342ef3,True
314,L32,14892216920835903273,d5e570e029466b6344b4ff17dfa16b5a75f9daf8fea99f08a66888615da4850c,True
315,L12,17099103930539872386,9ca417e022814ef131f2b9284f15e4ccd7b8a0079c1f0d311ad0cda0d723f074,True
315,L21,9072397199067316092,93a1c848b8878c723b3df5f2cb66cb03155ee3a1e1426c02db3eb8140f2e49c7,True
315,L13,13807166007338652651,ede42eafbccd79ff79a58a637373fc86bd8b1bacc8f09290475bbda8ff30908c,True
315,L31,6214316409645957247,5f2ce1b6e75315396066beffea31931ddc4296d7dbd7312908cc0149357dd3f8,True
315,L23,14983462605440320090,1243e48aa30997744d6c2d75d7eef7117491d7c54a04e4001bc83435c5060577,True
315,L32,11573233532354836700,8e5535c6b5a33d83e4858cde152f37d35c8cb9d900fa899281c35efafa46987e,True
316,L12,11759122953869036713,03f25da39f0f7e286406f91f2c174f93780b27a675d0409420efd3caafdd2fa7,True
316,L21,3883637453356741272,8235146ceebda205aa603c8189e589d33935a52c79257f45c40860b61d886826,True
316,L13,15982878461387517143,da7b41f8aa22d3a6d66baf77cb6940aaeb24b9f31d645ec375db060a9265a5f1,True
316,L31,5228995446801741070,cdf9ca2d37b91e0ecc50b55d6298afdd5fdf1dabda3405d6dfd2025c8fc8db41,True
316,L23,924752058921503845,cf5a299b194b7acbbeefd1733ff98080ee668110deb19e16ca77c98c437e3a08,True
316,L32,7245297815398268719,d518ed2696a6b713d835fea5b0f000a3c270a13569a76b637b2b05b0fb26fe3a,True
317,L12,14252683569084118895,75f1a626ab70546fbf15edf10f4fac9cb1a39d59e2f39bec468d82e9510791e3,True
317,L21,4093565717735532506,6ea9b7e8758908ecee6463a843ec29bd2d9ed1181b882bef4b46af02a4ba219e,True
317,L13,15794048988745025822,9c9aa78babf0e6427595650866b25b68bf82fc689aba89215d28af1e1cfc284e,True
317,L31,13347735658294444498,995f1b63669d5fecbbd9e165efe553debf842ed80d65774fd4d0d021d4dc11c9,True
317,L23,18306109267774555631,c43aa794bb504ba754d0017544407bc833dcc350f89e8ffb30c5014bb5d04c5a,True
317,L32,12790856571658027936,71c8fc49fb94ed554699deaaf7315f14043c5ba7dcd02cbda7e4e3e8900a237d,True
318,L12,13288444876920236549,73e81e6bbe012fc0b2927378c7743cb4a677bb5a4da87387153ed48c70c1bf09,True
318,L21,13880190860874439090,4324863fb83b11df08cc5b8996de7d15a08c0a7dbd25ce90bf020aa4dd97a131,True
318,L13,6748625857126859097,70aa3eddb7ca429ef51d3719e7cd4be1b1ab09171bbff63e14f9b4fece8e1b97,True
318,L31,16613068255664804374,a902c42275be5d7da1f77b0b78440bf36b1bba0275700bad7fde905491132515,True
318,L23,17867272827367361971,6443b5ccd5f43c4ae5c9861adabb8d472be7a6370d547c4a7523cba65632c693,True
318,L32,14552965297205012083,e6d73cc3123ac68fe176828273797eb58b9665f2ddc555899dac760249af2392,True
319,L12,16890551626968017570,56e4a44ddb4eca98d58107f5ce3a7b726e9df2a150d3b969d7daff061bf7d562,True
319,L21,10869935967204890153,ce1066d9079987fc96184f1d1c3b3fe6fb849476051434eff2284061376ad49f,True
319,L13,13990949159061680941,b6106e22bc81de8278da1cf7f92e13a7015625a334b1e3f3d4d5f225ef9d8aec,True
319,L31,7138980007466425343,014f90e234f36f94292b04a2f36a4fbbbf5355dd9949405cd04ceece4962f17e,True
319,L23,15535052712369367326,711877a5df186ec4284df0e331b73d2b32d54ded9b592e68ae60e17b9a3f11da,True
319,L32,11372406866101801049,e22320e3630d794b27e75d1d70de37442800ea10698ba85d99caeaa7cdc22bc9,True
320,L12,5466566100273527746,a0fa783b4f70f1df31be8716d661bd03f17598ac7128cd65d2098184f578b848,True
320,L21,17629290936400170309,a1bdcdb9b6aa64522191feba120837494446cdd9db02c6be09de6b6868c5fdc0,True
320,L13,17850424309351247726,95ae0e9242e0718ef308814b9c0326fda1fc5ce32523b32f8cf24274cd970a27,True
320,L31,16664650486809018639,67e22c56681d756c2b1d409ac1b8a4cf5d0748b9471aed984f9a6a50a77437ab,True
320,L23,15235407686138272021,78a74366cbb9fb5cce9464cc6eecf6b536fb11c521620c87d1c615ecb90edca2,True
320,L32,15203214009724291297,7f60f14bee86cb50dca33d33c5838c035a764b2cf34f593fc9944be5e8cc3c8a,True
321,L12,1318541996843756003,ee6f2dc2a59f0364de6600a9ecb57da9afa1b5b6c25aca808abb856112cad207,True
321,L21,2697943957892181858,000ff3ec3d1cb8f55a75c0114dd6ffbc1fae143f6f88ba4daa2bfcd6f099ba12,True
321,L13,6318666422288200742,b2302a81d7b2bd1d625ce8fd59d83f78cd368ff325607bb0c7320d4204f38ded,True
321,L31,681360139237837918,8e6d6355adc349aaf6bb9596470ef74c4f484ebe6433986cbfb346514dd0f4f5,True
321,L23,16761483040283572449,2fab365265a892f60806eae64ad647a1ceecedf965947cd9e3514b5f748d14a8,True
321,L32,7704166181420857895,223f2b102e4522c35dd36eae0652abd5db0f028ee4da8f04cb3055ac33b40a0d,True
322,L12,7005351625656306667,29cc18ddb14fb5b4407a4f4254be6b525fd3102365988fbd4df528810368ee10,True
322,L21,15209321080022101562,6b43d25bfc9e26f47ce4f610c895745ce6b98ce0af6c2f81da86230891bff77d,True
322,L13,4834411216829941082,070df2a87f99f21df4c9397593b1241180dd3e9f20089e8cbc4aa25d48112fc4,True
322,L31,16026232492847377687,6101278be04a74e151b59f94cd5cf0c3ab2f56179576f2f5b16918194022106d,True
322,L23,5346040152674414366,4fad2b746f1e014dc04f283ce75d7f93733189dff27b490d74793dc225ca48fd,True
322,L32,3345736129647312040,b20ba44352d7f34583fc8f2bf5db0ae012b38064ee3efd2eacc614e781e7ec65,True
323,L12,4880461438427125198,0a50b17f6ea88b6fffb5a73a2a18eb173885428927a1c2112d7020a1dfb81238,True
323,L21,5619065402679579538,bb78b45899e44489c33ed4abc2fb2f332f2d6e8a4b48c6a5012043d5090ca384,True
323,L13,4993740971446710292,eef18ba368d05e93a066d92c91e63aee15d1acab54714b9c288e06b2cf8d27a7,True
323,L31,15903143669157038494,15f44b48c0dd39b8e3c498b5f7fe0bfc879a7946d9a100f97a0cf8eeb7f92234,True
323,L23,16742030138289753783,ee768fe0d67af1f2ea787c221e7885544ea40205ec0f1e4e24da13f1fb569c05,True
323,L32,17046193203554717159,75cef654c7bab3049218e16787f6be01a30ced3bbe769e4122787a67c2326d82,True
324,L12,1909757481671162642,1aec8819ddc34639718ac84424445d8a9b92cbbc3ad2d8c1f4517b470dde0328,True
324,L21,17691473579401844521,b6b96930216f9cfedc7e57fda144f8803f2c82eabb02278034162ee1be227ec3,True
324,L13,11536003708032478629,2f607d12f703b9b953324386a22073ed67fd446f179b5a7784cbd4e274e32d26,True
324,L31,15619642566556597170,abd69b86f1da4c76fc3723d673fcc6a453c2cf9c914c62de7d6084e11b1ee8e7,True
324,L23,12364481589284875861,f24dc7edd574e56b3a80adc86089210aaedbde44e7214bc329796f3d266b687b,True
324,L32,10603969751906014339,b0c264027b0215f7edbc5409bd1fbef1bb9ed94b07a2ceddc56979b94111a35d,True
325,L12,13624807724844303923,06d63dff10826726b47cd9a93d42fc9dee4edb8024e861860955a12ff05a09b4,True
325,L21,14652408578900369373,ed4d1da101ffdecb0cf7aafa027de66489319ccfd116d859e6eb809e332d5dbb,True
325,L13,7459259910608495615,f030ad40360cbdf924b51ea7b8ea7379376f6d5bdcd7d9c3edef9300ec3aebd1,True
325,L31,3968547389332483754,4c6ed27c6649b707d990f577e5a0675e5ed0367dc08ecdbf2ebb40e60e01d8da,True
325,L23,11595659554335627682,af4beb103a7f710fb66df83a49cbdc7f609ca8bc84d1e048f5bca2a9a4953c93,True
325,L32,2872078536222142913,07b3aaf935c784453374af17e65d401ab1b301615324749b72de7f86c3ab0dce,True
326,L12,1156543262766929634,f7e93e05d6ae4320eb967fff33ae51d12e96a75212a31aeb64022f8105835039,True
326,L21,17986789070258350880,217145f206b0844633371105cca88906d7b6da1428c131f340aab236412da0e1,True
326,L13,11718664158633212266,65d6241408c2a269c8997818dc743c425dc3e882aae2b910d2db03ac9c3a93fc,True
326,L31,12850991156860605104,636ee34c43414e6f30824e35afb51665b0f59c5cd1618a408f6b614abce4e8ff,True
326,L23,17657960050051016493,5401fc5cef4d49bbe9f894419e96ddb9a62d8219e2207f0e79b80b445d284c94,True
326,L32,686363453148579228,404f5a2a5062a0b9281a3e2fa4ce134aeb42e964900f4d99a2d7d4bb272c1b37,True
327,L12,5148795424594430853,1cb60ae6ff640af90354f37c7479e9d8d9b5407265b45648f7c128636ff8705e,True
327,L21,7466243555572856985,bd5b120e33d760d6ee5be05eb30cfc1013c6581a9b731cedf6170dda098ad07c,True
327,L13,18141670490198914416,1b2bc8076e37fec9a9e30f8e9a75966be7209156cbd4a6259d5cf2fce1329a11,True
327,L31,7417434849214980225,8cc496da2d6fb32419c11780fbbed788453ac332e81c91866a70b999894f085a,True
327,L23,6350760780249700018,12b21a4d4f09955a93c783835c1cd1f58e53f3432c211810de7e43d8d8430801,True
327,L32,12728691016225558995,011268eed02e9266c3539c55af7ef0c70558c70b49e8616f239abf0f11a83e6d,True
328,L12,17917811185267818141,5f57439dbdcb6a655f55c02d7162d85e40306ad20a86f6be56050f5b992f9f2b,True
328,L21,16939514686124895440,86e1eda187410317efe3f579d3945b3f240a66d1cb29f223a737633c59b1a17f,True
328,L13,211432736489555362,dbf408ed975041302c6a755ae9cad30cf58b3d84ba1859f6cf9233ef269c4278,True
328,L31,4789691825445391735,7d86461ce89e21f2de9ea8f5e4e033b46374c5964368cac7da6a9ad45dfb9467,True
328,L23,15992883577853338412,3a3d3cfdea71b62c4b30a3c9b928e511a81669ca58d9d277457933f1d4f74f2d,True
328,L32,11216116570141531675,f15122359174d78e6b97c6e5abe266affb8490fc9be17cf20c22af6e541ee462,True
329,L12,14750170140090384757,6397c5b66c0cfbecd2c60140a42a4dad96c0fad56b35a6fbd5b5d4904340a8c8,True
329,L21,4871436097789960322,b8dd78ecc95bd16ed3d3019a4b1f7453422da6203793a0a0c5baa85cfa2aadcd,True
329,L13,13688710698219294775,c52c5ce4ba485fc141ea5f6f81ef0ec8769378da9a325de5a4aff6bd3a5a6d90,True
329,L31,1866922917313123099,ec8f94c7fc9dbc087dd6e4a5c67123dfbd747c89736c4dae84fe7a0b0b2bc3c9,True
329,L23,10194473121831751087,ab8db5d9546c9cab249d9995c77e39116e125f8bc98084e3ff42c0a46fc5a6ca,True
329,L32,7594477989527685710,caeb997cbbeef97bc375220c9af0dee7de404e38ba7cbffcc617fda9ba8cf2fc,True
330,L12,15832529788931894523,aaf44ab2a7ff044afb9ff648ee81e236df44fbe457fdcdb27c2f12ffd0947b0f,True
330,L21,7815430475772305913,7ea7b629eaa9ecba72e724d16ae42858e7a20bc7ebda57114abe4ad2db5d7041,True
330,L13,5787760568552687258,995a8fa106b2bd75ddf3702082c23a0a2a8ee5bde819751473a2da1b8ae7931f,True
330,L31,12240637739729470905,3bbb9ce54bb20c75b0c788fa464673a8dfb86e4a254f739c6aeda496ee7ec35b,True
330,L23,7041683105155289451,f9a51b878933091398251cc3b1c62371fa0f331e787820d45f62755f6c0f5a04,True
330,L32,6267506297573127651,42e61aee3ca5a27376c1b1d97006908afb0d06d91535c4d9d837d4ab3a580c3e,True
331,L12,478362671606836710,2c4013fbd0831dfa43dd875f886b9e2f08a3337e7f4c6a5e0a08da05c30493a2,True
331,L21,16778416867351862340,01b6533bc2eae2b7eda69194f5dbe328e1e68dc0695cc2e40f5fe3b27984a6b3,True
331,L13,6842596546393917971,64014ece2966f3bc5b7367879ef1400c2b4f3dd742432bffb89fa8692dbbfeeb,True
331,L31,2461412279516714212,2ff35b0de0250d5ff2199d455595dea9903be244076b2a1f8cbbe0e54e378536,True
331,L23,9922447288929903463,09467b5fd6f7f43eeec842a03a0c97ddfacb43e3c72d7ecea456ee61c1ede4e3,True
331,L32,9954408949098692658,4adac94ae710cd018edb7c6d9d0f6538d3816147783e311e0cd27054e1771fa2,True
332,L12,6273375384160847184,de0d0a4fed7605e1d0510b292cc44d176128b4f1928b50064ac774ae64c473e7,True
332,L21,12969962868127848527,2961f4d1c8a9303a767ce9916fb3c71bf8e646f846ba8a783f3d0d75eaf6acae,True
332,L13,1206365286022606950,9c11dfb7fad56a15e6ddbb40eabf93d8ecf06a9b4acb56b1977313e5bbf08b2c,True
332,L31,8578613435346197141,595f39cb1e8f1bd493a6493dec8a204d0b9fe63aa63e397bb96c3092b15dcca4,True
332,L23,14955212303262594725,d8de32654f1e36f2f3597e09cfd1b557d5b55244be92da8c035d7684db822f38,True
332,L32,15168054300149864913,5281aaa2981a9fba72a5724731600e4199c7a78b4784e0d051e3d38572427f21,True
333,L12,5684960734647358534,bd844065d7161ef0e23689631e518c3fa806f1b2604ecac9169bc07b643998b2,True
333,L21,16322678456372582696,9b8c4ea44ac9ec6ea11e8a9c3ec3a0e04e3e45d316169eef2a76d89c9b609bd3,True
333,L13,3989463988344235390,509d542555c126e6293da7bc774b59ecc052396263eba28d79570d6157979ffc,True
333,L31,15217067127099597928,d9c4b8a8b6cb7e590fbd4ffe5ab77b57d302c8e3d2a1c4bfb1d9492b606fd151,True
333,L23,7864313910715255019,533182cf22133c4dc969135fe685a411bc609f6075c52fb2806d5350d4163aea,True
333,L32,12568336223641161671,651feea494f84ea80a8d62dae39d18c6055ddc6c01beb081379fbdec23d0897b,True
334,L12,8257402088399613277,4885f1a332004e287f6e069a8da353018cda39a2d1e1bf74d0825882128b2f06,True
334,L21,7635153609941718224,35151cc28affae40101001b34bc811013150c01a9beede24543d67fd0c26435a,True
334,L13,15218015383590088941,fb6aa21f7ecebf1f6930df4db152b840db05a16b89cc499399a87a09b6d5f0c3,True
334,L31,6017282271126345837,45697cc74e35db66fc9a6d917bd83bda2d49c3cf18810999a3e8a7f63d27591f,True
334,L23,16994335499962149966,fd42c2372dd18c1cc6ea70783bdfdf1498aa711fd351ff32ca937cecd3cdff59,True
334,L32,12264896243109623151,55dc4ddaf289370f891bd680890217c4338a8cf98815bc4813e86d431446696f,True
335,L12,6635999383759176302,c5ce740608f0be7612b439edb24a72fe8860ff994d96ec687936043c223b12f1,True
335,L21,2057501181887456944,c797899271e8277942b212f680bd11b89766b52992ef327d3b33688f713cd7ca,True
335,L13,18278020330672078725,12b910e3cfaf1f65c054030d9425d54b8d7aabd3b36a4904e208e519f59d287e,True
335,L31,17147615599691423360,81710a02e935abd0a8ed8180e8c7e4dd2f440f0a018e5748bcfb68e4be592f1b,True
335,L23,4408204494698993108,db492561749eec8af1535949a1479cbfb8512f3583e7c631953542a10c6b185f,True
335,L32,15269203586055468981,8cc62cd1cec72ff523148f693f4ca053fa3cabc9b8a25697fe3aa04866a1e1de,True
336,L12,2890708756725617329,22480dc2b4d87414c8bff25b735f20f18d8fb07bf3fd0411b4b1ecf5df7a39b6,True
336,L21,9303982391518926156,f8c5c3bb6b54659b4ac0fe9d6dfbe585be142779762c6c0d7d6a7dcf5e6234b1,True
336,L13,15145329602603949340,e98453121589a06de58ea1743933e96f7de2a132f46cc72d8603690b80f6e645,True
336,L31,9730279471055548835,c91870f5f120be6906f92a8708d596c88ccecc5ccb862ef2210630caf284aa6e,True
336,L23,8971287730157738157,00dfd3a945a961fd9bccceaedcc1e17ef120471331a43a3a058642bd74536a01,True
336,L32,13792699582398936247,d3587035f5c115bef4ffd6649eab2d64004944fef77d8102b7a943989b8d5072,True
337,L12,3918067887506743808,ea952ebb6a66577d421f70e07a8de3c24e4b57b3e7cab89e68bdbd5afce31f10,True
337,L21,13033579592383438280,031361078f795b5f0fcab07378d089f0ca567a3e8624302d15b9571d06ca0a6a,True
337,L13,10223052455241570660,94be622872432e55e5856b78b619fa6eb977637b19f181b41fa9646f277e4d6e,True
337,L31,2699612845542098955,15dd242542e298477d4f515abe4a23a644a1eb3ed0ae89122d1553556a49f159,True
337,L23,1744436087272579861,ac9972b2a7db2e9878c0a5e48efcb1bb01b77f237e3d25d975f249c38eaedd52,True
337,L32,3290223009128791454,f302fe393dd6e503baa52a22d9c9d4840cc7e964c3949f49ea97b474aa23e234,True
338,L12,1993072143806322323,cb40c895b1867c553f6ce2ae51ac55f9d0edaccdf74d09c2787db6d383c04a7d,True
338,L21,5775681264549189118,124bf50bc30867d7b69fa3c4d45e0af5c15c30c57ac8078edfe996405a79708b,True
338,L13,15053720168145664813,08706b852943dcf6947933332d14d6726c1c08a0c3c1a0efe8d10f5d85daf998,True
338,L31,7580790134678474806,ac4afa7c6429705db61da00a5f58fbc247d62c8d47daf04f49383414a7ea11dc,True
338,L23,8647784485993201013,4221c93ac2c59e2afd4f0f44e52200506eb2936cdfc02336f5b21081e42f48e9,True
338,L32,1783171905043740431,2683347fac506dc26268a95c4ebf79cf1cefbef86fa9001e258fc425f4fcc112,True
339,L12,3381459229697123791,e7c4959e709983ebeb64b5fa3235a44a588afe402bde0d5f8bf6b983afd032ab,True
339,L21,9631314958203094295,9c503db1b755f91814acd340a3160ab1d9d1c1b6a8249a88ed65c68b3b7f98ac,True
339,L13,16431578432612644415,78c61519afe9fef9d352f61cd5b338d01036811e0c6086c8042c7cf0d18381f7,True
339,L31,7995995669326291608,a1c13d512436226e3c11670d5caf0e595083a475705b80b083cd5bd85528848d,True
339,L23,784218645064002743,0fabd34f236112ec5a71346ad8f24efecd6571d9d5f15d89118386d0e1fd5c8d,True
339,L32,4401122836985323874,194b3e43029618720dea79024f734774e505baa6121e3872091f1996c6d3afd1,True
340,L12,12619607675165298852,7678ba96925969463ded289c2b61589d49b03db51705be71ef254e8010258dd0,True
340,L21,12393242169219038662,0f23df4f102ab715b66993629fe0d359d97fd1c7ac9afaa46f36abf665ff583c,True
340,L13,16851578375425682988,394bea7ed7a1ccdd349b57676e9335868377a4b1b345cc6cde22ade2c6e96a20,True
340,L31,15415129352054944154,42096534a80f9510d43cf3c923292dbebc87aa31df8fe99a834b8db5fa4a6e45,True
340,L23,16368759501001429677,c92447c96bc79c4522e110f6ab593572a179192dea3ecc02ff00db22901dd174,True
340,L32,9461817209246864683,0769ec8f1ca9443c0a071b9ee4837360ebc7af1dc80b642a91345934594ad352,True
341,L12,3350645045562597686,46183276d3e3c7e17dbe58478b60a4b051a89c731ee67df800dc46831d9a95ea,True
341,L21,251861988795015092,2894d48ade538f804540bf4777f18888d167839994c45cb400eedfc62cdcb86e,True
341,L13,9529893973062843676,46d3a9dfdcc4ba9b148137c48ae72f408b1f2c3c1d50a10378b3d7b26fc4c85a,True
341,L31,3437781635314479993,5538ba9f237d9b2315b1fa0c0fc3e516ed635d337468f2b90cceb227309adce6,True
341,L23,17264195581695464472,5dc76856bf617dc7ce01cdd3250d569ab48e5ab2b00bc5a6e6c23d5b3804750d,True
341,L32,16919094970876060019,d3d208bb435eff1f0ede51c5dd4ab4e3a23e8a718b1072a12e372d5206a5082c,True
342,L12,302332572117379468,5fa209819dc12bee9c7d9db1296fac969ca6243d687dad1181fde8d57df2f1f2,True
342,L21,17007508573413074633,aaee73beed20daab20ed7ba6359953f218699385b44682f7351362c27e2038d9,True
342,L13,2415474152834646767,f49ead4a317afaf8072a676f180c384ec1f90c7aa1127477a52524d79d507d75,True
342,L31,15132778655132687929,352bed945248ffc43e15dc8d4458b433f531952f51d0fe580b491f7ada9ef0d3,True
342,L23,10543532768025579028,13a9ec19c6ce6ddfee26d907c50e6a55c9209e780eafc289680cbeff73e0e99c,True
342,L32,6887502910821206505,49ce754837497742f02c122c538e04c9e7bab18bf934ab213932d8d623e55388,True
343,L12,11474320063842267623,c896eccc3fbbdebc2171b47421a2852be95852e57ec156aa4eb7311886c637b5,True
343,L21,6189598293603356725,072993dee6a432ad234270acc1db2aee7e29ae5699e52ef15e3c05435cb9b6c9,True
343,L13,7917019024517021893,bee25be07c59b8abd148340cd01b7f03b06cb6b360858a4ca2c876801868e348,True
343,L31,13060980140619410348,22417af367f7f0f6b630203b7cb8ce418c296c964e150a7710a9dbd28fbcb3bf,True
343,L23,1599176688592188113,9607614eb6028a75385820887a7aeae8b5bc4bb208f10e21c5733ed8e77d4828,True
343,L32,9351075450039146038,e040f70580101e201a98bc2e0d2caa82b9bf0dcaa43f90a1e0b403fe1633490e,True
344,L12,7382069974258494777,6c0787c34cbd2069106b50752021746a08959dae17a29b4212bff8a9c270621f,True
344,L21,17726582170033353532,3be94c848b2a50f46427421caecc8dcfa9932ed7ce9cc233b7cb71c17150f85e,True
344,L13,600210752122479188,4858d8246e29925a1c95534fd3d476c629522097029a03eb03a2e901b06110ae,True
344,L31,7229525779033980246,7ca25d5da5c75fa39dec69ac7455e959059d8d91b236b4dc87abb7b2fcc5c905,True
344,L23,6022523342163227346,3ec2757f8768426cba2d7c63f61879405f9f17516b05bd554358c13b4096cf9a,True
344,L32,12695849050631482,e51090f91afa07c082f311c701394c6bd6d1968a5c4afe88a4ba5eef5a97de79,True
345,L12,2653040889211132537,ad4f1739e37114e09858c17847282a97628b6ad70229e90a7889917066aee24e,True
345,L21,17762661167631662857,6d83ef14207ff362453d5985bacf8d3ec633975c3d9ce236a2dc5ebd3a65831b,True
345,L13,10252884586842149530,42a1564ef58e9689ee44020ad272238130ebac8fb7c5e3cd581c5fa02213cc84,True
345,L31,2056796815694749006,22e1799420a285b3841165793f6e3054c9927e6b3522076ea313469fb2dc214b,True
345,L23,18393644363001681514,139b092fb204bcfd50b6ed4d8833dfc2005c265a81f359953198baec273da132,True
345,L32,5357996262232373600,8167cd979293b5721d950d672ea2dc6a1aea7ad07ca09115200ed9a74a7037ab,True
346,L12,4073651642767782234,2ab833b158d2ea4a7f53d3ef21ab962c49efd657dfe4845519961481771f53ad,True
346,L21,1683960563207524424,f254fd2c698ad8add2cba12492cab132c6c903eec5c90aa01b1b74e44cd3e1df,True
346,L13,2680841141195933569,30a3e1aed691070f84aed171cf850b3b551e45c6891180cb6c232ce96df0f6f6,True
346,L31,1762369174312727962,93c511f5ee5ce430a3ededb73a8867ca209d2a25914cb162caf38c18e1795d1d,True
346,L23,1878102416075745005,a6ed0f692a992e058592e0fccb83b70e63a241f1738d68f5da904e288818916b,True
346,L32,240212754924999912,9b98ccb441ac73d478167986c363fcf107d9ff2952e9127203ea34f3b1ca166e,True
347,L12,1889112793790104829,b468855f658de62e2f0beca6527c41a4d24eaf5edde198c42c5dc6d44d5eb5a4,True
347,L21,17278861387119877045,fc3da3af79b200c1363fcc2f64c44407d7a89ee87e2d15ee705373846aac08d0,True
347,L13,8879984904794292984,e4db8a0636800e40b9ef071ea984e46a1d30f67b779ded9a731d66fdef979334,True
347,L31,5929694503194053573,26c60b6d463fae811140e2e718412a6422bceb8fc39e1029addb5e152daa2385,True
347,L23,16132284928509416357,2af0734b8825c492a48b6b4295dc8424278a47bfe3a7232428910495db575b08,True
347,L32,15607951662700107370,51a4f074c147a78e9d39fc2c3f4c6e9ecb873888e9870a02b5b9036d2132795a,True
348,L12,14027155384645149737,51e03de8d82ac9b3e73cfaa62d646b2a25a7d1020a9cbca1b47c9f85f825ba97,True
348,L21,9507647260403124363,3819e26a001e57019bf3de25f32328869d8e796bffdd9487979e51bfbb876cfc,True
348,L13,1986569502214468970,ce2e611c5f3ed7034f1162ded052c7a2bfa0273b648fadde9412de8b7e750007,True
348,L31,4048038840206038567,20789962e430359fd53fa50f129c6906b94d82d80f6d4b77279a0d05d19020fa,True
348,L23,10447011204003466241,ce80e33d7e6b857d248c7510a079567410ee4768a13fc599cf2f5c645db544f1,True
348,L32,1682836763813358826,086a5f077e0edbc90aee40f4d907c7c6b66d772e439d96c4beda3a375add3f9c,True
349,L12,1924205200450394628,065b910720ca9104c4cbfe7ae8ac4cf255c2c1e325caa6600a52274f40258508,True
349,L21,9124200693901528896,ce6b413965a82950e1d5bc18be606a7195d5a587049b9f46b2678d26c350b8a4,True
349,L13,4448244864467985074,d179d4b2443638c36e289a58b1aa0df5945359662ec9b695c13acaee0459c37f,True
349,L31,8290945647960502456,faabb258d344806cf85ffac52e1ef87c68f7eb90f33976b6e363f1bbf6da7129,True
349,L23,10927449531393032436,bd58119589c57364e4a49a03397a4a40a735f56a22876bc70b34e018b16cc660,True
349,L32,7647634481801404497,07a3afd153a2f77f843aad5986f894626be2fea8dd0236e514949de009b4e8a8,True
350,L12,16336128493948733330,6298438db41fb7a9592c6a1aab286c614e856e2377394e11a86f3a3342558012,True
350,L21,7200315897351024218,ec30be876f768dd7c48ebf01dbbb170582eba0cb30d648aad899d855031ff6a3,True
350,L13,11142592051100929327,cae9822ae6256083b8a85d2080f17320035eb6fa45f5df4b0dbfba98c01b05c6,True
350,L31,5555984983384720473,82b344d0c90460afe4694e6ffb3bd5d3fc84bc4116f7beeaa8961aab702f8d00,True
350,L23,14025158167498465042,9155ed7fd3daa676fbdb1ef7a3e785981a547e563f019464a141581ebe0c6b0f,True
350,L32,1141723193549523169,1d4975674ff2945aa56cbfb1488129adf8a8b2021acfc2e83399c657cdc64292,True
351,L12,1354761720671633628,2a1c34be771c44d0ca192b99b0e3b0aa53a7d6c242d17f30072d5641a8c475da,True
351,L21,15699231229110869471,43fc43073e68b7767acab0e1f2373da6df8a1dc39394cd640a58c85d01d4e1a8,True
351,L13,1607464506339921384,a806d7321c25023ab818197185a900d9ceeab604e8ec16e5faf69dc546d283c5,True
351,L31,16640318685020747038,da718383824e772516bac13f5a06cfec09b9285143c86767122eb4545c27d8ef,True
351,L23,2351392884412831139,24d610379c37aced8f55bdefd105498c9f93b2dba22af3471f568f2d597c1f1c,True
351,L32,7994290283360102300,3b2645483ce05f58dcc2305d65e4e9ea7379d3dfc3642881120c1e9f3c3a6e8d,True
352,L12,483631059846366083,a16a3b38e8f1085ee62b80ff35c9b901f731bd3269456579e381145d33272c31,True
352,L21,17294323261133158722,93eee7a611de195f8400a69715f113cdd1e0503f6781965ab13c05ae30dad6b8,True
352,L13,15802461845142892041,ee07cbf18d59e2444c737c7b2d86b012ed1c2fa23b3be5f9f764d660cb81237f,True
352,L31,1586589467940977959,3ca5480d16f0d32e6cc2966b510c79132011d50b9cbf760a6e19817f19afd17f,True
352,L23,12530410186419767351,e1ffd7d17331d77dd8a54f7259971b0a96323f694c092a3599afea121a0dcb08,True
352,L32,5215029212198058732,796949c47136cfc270f84eb422a8b729cb4bdf55c9604a2f7fd5a62595a20fcf,True
353,L12,11651909403533041390,0e5e408db65485af773eac7c3c4ba124848ca7b29ba370c8a4f6af133e5b7e69,True
353,L21,15816146895019304937,89c7248024e0ff7ca7c899ab9e13058cb0b322c65f45c319c098857c28fed7af,True
353,L13,1602538822495326443,eedb65aca09bbfc951ac81264c3986cb354a03bc69f7d36ef31add8ddb9d5d6c,True
353,L31,673915967360263265,bb4a2c69f4dfee58e40a49f1c5b8fa1dd4d85be4fd404958c1c207e059ef8c53,True
353,L23,7201371339277103329,e07de8fafba482565d053aa82895cddaa2c5ebbcf8e6c7d7f26749f90cc59d64,True
353,L32,16516582663455026278,4d099f9f3eab4f5b1f6b13f42e53f7aeb884373677fd3f9ae943893150c89c14,True
354,L12,2994497460564850125,f8cc25813ea203c529c304a83e132b12953b0ebb607e3144877b5621e36d90fe,True
354,L21,4121324567516347143,4bd4cbcc0467d4bbb798e58cc31a3398fa7480756272c45ecc1c3ba0cf3d38aa,True
354,L13,3046347952162662408,484dce124535a3de4aba4c914c0d5d4a07d97393b76a850ab2bb9f14c4de0f94,True
354,L31,9007238331940331364,849720b9810d50bc75d721d7166fbffcc2644391cf2ec90911b9ba409637aec3,True
354,L23,376331572340671226,7469b48d7234746613239d7ed5f088757fc6c99a117a03a81921dab197c16726,True
354,L32,15668511945186798357,f025327a91e5d418063d55f946f402da026b362ab2c69cff14103c3cc6425ff8,True
355,L12,12505400587409106770,176e107853fe38b1705242c565005deeb9624a1c46465781508c3249662df3d0,True
355,L21,16092778129160171564,ceb45d377b3b505f96bb9eaefe54573416d1983ac686a0285c83933c871dad35,True
355,L13,10588342035660042449,8d07c81675902840a81cf2668532e56b565220cc44337dc240ee2c596e444d1c,True
355,L31,960782474591350595,71d555c78782b58d8f15b7fbab8163685d64532dd122a2ad2b6575615f952692,True
355,L23,11643275032330421169,07fb7638f954c80b961ac52ecc321196890c6e1a352d142ae9e9bbe390528ae2,True
355,L32,18276706099350691983,eddd4dc86f3665af14744c5a73ab92963daca7e83d4c1f43684bfc0e29a87c90,True
356,L12,10800560247800728587,63b11fd36e1b05ada5828c5da76ec8afddfe7d594d9733496c82339016fa8c52,True
356,L21,3984408535920945356,b7a50d959964d4c08e0edd200aeb7f608732ffe72c9632188cf387ba9d23febb,True
356,L13,16573574595276940729,800b682db668acee15e0936aad6f9100c6ac1d1f1170d3b5827606795ce912ba,True
356,L31,17564977676826084613,a61eab6f7bfff0579b49c217337e43568e4fabf081ccfd1ebdf413f0c1b2b689,True
356,L23,4195208246337456532,e54091f1dbf7254b3453dc7f897cf13aa4553b583a13805682e1581abcf4992b,True
356,L32,14186178102201001792,a7e90e4dd96dea823e9628efa40aea4180faaffd0b586fb9b9e69b4af25630cf,True
357,L12,18285174076714681616,9ff54161f9203a470dbfd77f588223ac2a7a4c679e96f7af89b677305b9e2c38,True
357,L21,7569425115431113105,50d69860667aa5b045ee1ab976c8f5ad40a403682b37d2a5fdc52ef6c2dd7d0b,True
357,L13,8961330799780914445,3b8d7650ea8041a29f4a67a1f354dc90ee18058cb8fc7a5dde89970ee692f981,True
357,L31,10353154573479498554,2a4511dccdc5ba645b0614614cf6bffd67b9286ef452c4bdb26faefe49faf2ef,True
357,L23,11675059457828223261,75221a36776587f1d91ef465551f6d7bc250dafe44aed403289141f2656f02fc,True
357,L32,3172829622531849520,cde3c1a72612ef4b7b0ae0d669e733094569b291b74bf4f6e934f32b570746b8,True
358,L12,3268908873015979082,7625e92c245222de6a5819e501a006341009bf4ad5ba1981ba45862f657de3e8,True
358,L21,1961084954683414661,2729968350bfb20a71bd1bbcfc5391e4c1faa2303569a9a927ae692e5931ea26,True
358,L13,1360389609277155803,745166a73f605f2d6bbfcb7663ee6d8e3df631a84f9d58adff4b7453bbe20c39,True
358,L31,15189888027984589040,dfee0b5446faac406c790d5cdb28c2fafa6f2ddd450503d793fc5882fb158ef1,True
358,L23,16157737712827965604,4bf27d42cceb777976d922c271c082fca7d17b601e7098a0692f0cc093a1f775,True
358,L32,4333233446257165665,a00981e31964edf8c5a8b7e7b92433f3c955a237a0d0aca1a87fa8de962100ec,True
359,L12,9704337006419848455,782f191d6b6144d2cb47463d991af75fdde40d6a82cf3daae6e2d76da761cd01,True
359,L21,2030250557199464999,6ca488e23e4bd4f4b9d652a3f2c5ef77ff2024fcaf01db1f77f40e2a4cc962f6,True
359,L13,17960745694110428118,1bf4a1bf13d16a2d9125d8820eef9eca25039f5173909d7ce8467b20f53eab02,True
359,L31,14981052090234898859,47553fe897075ea8ba08fa682a73e8c7f416bfeb12d449483f61eb9a516d5e77,True
359,L23,10492625511007079465,1290e549235a599f4c0d330f68fe640b2a0188aac78c9aa4531cf34d4e28c39f,True
359,L32,9541938019764786838,40dae7338d0c1a707cd038ee9703a66ca161479217fb7e23d3363803649591d0,True
360,L12,8836456218838140124,714c8c34984502e2fae84e3b873d5214bad3fc84dc739e4a45a171274b178687,True
360,L21,9456269771375114985,cdc97c0d34f84337331823fa6fdd7bc58ca6f91f31ab3ed96154332dd3bdba3e,True
360,L13,9282221716674961584,4da8f52622ffafaecb1e98bd629929c9c2f52b22aeb550fff8b5f4f6be54457a,True
360,L31,18392907821675754254,f31cf29cb8ae24ab676275b60a5234e2787735e3fe2196adfbb8eb12118a4d24,True
360,L23,10892032427488750842,aa2729a30c3f0b3ad2ea30fa37c510db869f142538dededbb95d514b43b7b3be,True
360,L32,14670181774208567261,362202288fafb9aea9feb41aae48b6cdd3ee3eb72b991445c63fe6761c9905ef,True
361,L12,16005864080757786198,d4e891ac0c9ca5967265e93e12d4e233b8f8b875e4433f2887480c984325d42d,True
361,L21,18273693785624524594,e49700cb7076b5af4766fceed0a4a6394df02ffd6a0fd29d6910a358652c2b2b,True
361,L13,4131931280956131344,fb03b4cc9797d97cfc0d5a6bb63faad5eb495d7e1e672587115625e16f7dc126,True
361,L31,4067440890756584394,d15feb19aad62582ba177b66fd0512acd3caf4aa8a837a39070b4ff9271d6bd4,True
361,L23,13520309849828189889,4f26938a07b29ac0a2950d1fcb02543658c91d8334076c4e516da995429a658e,True
361,L32,8517357449953156979,6df25c217d08826c197ead7b914287c2e91bb9df1af532ac3f4bbbaa0c123b34,True
362,L12,9256563069456532031,58f9c9c5461a17443a88a07732e22e0d3f66edd34241ce1b6686aafd973238ea,True
362,L21,11492102992716328288,4a662abbf1f0a67e0cc94052d7ebf63d24fe447a6a74517f319916c4345150f8,True
362,L13,903744289059906862,5dccdeacf96b91ff8175a5ff0e110397da3549bf6667e0f633875f44861b2686,True
362,L31,3101012028146047131,b4620d7989f662d2921636f7a30a79f8041644e457d0ddde13cfd61d4e533d80,True
362,L23,2437795684881160069,76fe187328619cd5194397d50c3aec09e68b2b37fad657070f500e9354e1f963,True
362,L32,8697989247290068593,f45ac1f591ff6c13539e6efb56749ffb7aeb85c33d9ea73efaed53c18c6751d9,True
363,L12,5484377290329204108,d1a6616c6aed372a9510b11456b009d7f7f79cc0d37c53b405522df2c62b81dd,True
363,L21,8415586394446812022,285a8b5effb7c6fb1f1532467a9e8d3182e5be333e5b420fbd7a5ec499d95d4a,True
363,L13,6965489501648394715,a78609af898575c5b460d0f3dad2f37335f0aee3b948ccbba1896bcd54e1741e,True
363,L31,8959636920397501754,4d268bd0fbe5d8590f3c4b6faa40865e5777923fbd2eb5428051917a6248ad4c,True
363,L23,3031951652985898033,e6aececbf7f4537d724a672c7269aa0ee7bc28b9bf383055fe127789765bbbd4,True
363,L32,10078224051984015710,fac24119a717ba9594cd4a9f54b76e219e38a8a554f61304f8a50b1efa6e8c34,True
364,L12,11615924482897071799,53eb23799def9a745768c776284ea8bea0706c4e87df0998aca581f620582967,True
364,L21,5397400885552390701,37ec504ba7556d41e5faece5f87d91d32b1066567dfbedaefd942802ee468a9c,True
364,L13,10528915287079717008,804275ba480980bc2298c43dc96a2e945b34572431b20c1d52f388a2865cb5f0,True
364,L31,1564990630608839766,a668c18dd73fafbcb4743a4f0f45a79a9a8ef928468fcfa36af785f181e07d7a,True
364,L23,16432988728293221784,130fcf99dc4112e88f654bbb0e4a9b8e2eb4b072899e70f0ab44de325edb35b8,True
364,L32,7217520104983936412,78b9da65194baac66befae722344fbb6118382408a5024d90d4f9d00d91790a1,True
365,L12,4907742395212949066,f772da80aa634766f1d1e01d0b7a84519d36891f619d455498b84e69e79ac720,True
365,L21,18075017576643636419,82947823aaf62458aa79bde7b38b853d493ec3b7acf7a12f2ed5747f02897edf,True
365,L13,6517419815937905796,48bbf28a894f473d9cee7d6f7c35349e596a74f5c789e4ef70d1dd095b20ae77,True
365,L31,15463316441458821605,b7c313f031541ecbde05e0c782f65ff4a42b56ed074289847fdaf058fc51644d,True
365,L23,16221725976535394375,aeb0c0a25678ffa4937109980b1dee29087108cfb8685457ea7efb35c7101d43,True
365,L32,17952274133066235187,2f56c2ebe8cfc1422844d5f04780b399e56ba7a1225574f533e0daf6a5f89401,True
366,L12,12021409282934179029,49e8bdfc3a9b057343f92157cc5da5d69dae32ec05da2304f81bc9cd0c909d92,True
366,L21,16560941344802589478,b1324659e8f33bf0e37b630f5120b6163eb6d357ec56b865ec0bca0104e7f5a1,True
366,L13,10678004901223510731,516f167938823f8940ce9d6cad6037af95c557fe9cdbe32c60a714d6e92292c4,True
366,L31,14137020580832792968,f19d3a7921e0cd96e4630dee5db8d77f6d74071cd32965ecabcdd0b292420efa,True
366,L23,4222373694363906326,c01b3ceb1b35231cf055417bae740409907ae1b3d7b0b4dc686a343ffa6e7813,True
366,L32,1322413095246584101,74cba5239101c71990508405f091acbbf2fdf20b761ecfbd9f723b63a147a435,True
367,L12,2564751775151404644,7808cae184ee63b46e2ad78c86c7f4d1caeb4293227fa068b1d2d2dbd88f0b58,True
367,L21,6301889958064626672,03390d92d31d9e3576305daf5e60706f110f4807309fe1c4a7922093d6f557c0,True
367,L13,12218511110797632488,17e295482e768b55799a22a424e9b7caa44f0e7c482a1842c44d7fe02d80ec10,True
367,L31,13771606504879736591,95d328479044bf2e96999e4d275616ab651ad2e3573ae022f757802b112300e6,True
367,L23,998951775020596152,7b7c86546dfe945651426101e0d10eb9c7c0ac6ca5571b5d28ba6f27ffd3c4f2,True
367,L32,1471575788666742143,47715a270e52e7e0cda8501fb9992051eb0ca69ecf798821f5944feefc90f658,True
368,L12,15316015225863489611,0a35a13024132011e01dc8e95968c97f551a63d827c263157b9b199c040caf08,True
368,L21,8391774058694422466,9bf30a6e0117737b0b9394212b8661b360b203d326c82f134d85968e8a8c859a,True
368,L13,6842194852532794957,a1842c255fd6dfcd40ce928085b22d0513902272c1535d639dd1cff89fe80b49,True
368,L31,13918780685529741410,e5f5f23f8dc92962b282b1e0ef6c20dd31404a52684229be221835f4805fa47e,True
368,L23,18316792968518312106,1b664b8026aaf8c55faa91d7e57f73d060b04935252117177b0f608f0853424d,True
368,L32,9827980022546357846,49b0ae31bb747dd542fa16807ef33ed24863c170b8392287a05d40dd73ce29ec,True
369,L12,9004191411282434190,7c7d7b4147564a4b02cea0ee1b9ca4bc497873ba3ea2058542aa4a86257c008f,True
369,L21,6062349875105700929,84c30c8f9a6e2f3c83a4cfd51878140c3cf80790451ad7bcf0329602cc756434,True
369,L13,13207996083261713875,487a9a3656c557dd26b7a73c74d07621f64e11b12327dea5d4ada47b66271dc3,True
369,L31,18175852218555438481,ad37c09b52123e009b316ba87ea8ec28817d68ea5b1565a517bf4837b4302917,True
369,L23,6762257766249457544,529ca4d15c2aeef3ba1b399e524dd036ba0262d42eed9594f701890fd272e531,True
369,L32,3982165235397379710,ebe1ee099f3e3f3fce855781b2c8069a87491202f895d43caa03db185e571563,True
370,L12,1636233139340320511,05aef2cf7bdefd8d45214b2239065ae7b7bd47a0c6df688316bc2aba876203a7,True
370,L21,13585959273128671662,9d7bcf1042507a940bc4238b8fc60ff8158942759d9c57fd62e92942f048fccd,True
370,L13,296600229859352020,d63975bccbb2a2cd55e609fc8e3006f0ea82fef7a8cf616ccd164affd9a1946d,True
370,L31,15109893841429512805,8834baa51c18ca16e7eba435cce4a1532bac541e9a5c6dc97e5d9a6a3b29fd08,True
370,L23,13325049931322001787,03b9693e33b7cfe2266be6eb8b69d597d6421ed8af642753ed72b79f211e2dfe,True
370,L32,11933366759696467135,7880df8995191680ecf62dc6b7e63c100d5fa51ea2eeed828c322b52f0ceb789,True
371,L12,3669841585705749886,6466108871fd5ed64e11a55893bdd3b62356b2de8478b798fa05873327ec7792,True
371,L21,10470665628387812966,7356714317eb0c9a3489b195b5fb8691be352eef279c2837cfd783491e953d37,True
371,L13,9261487682003832739,b50a97ce4cbf3bdb9d27c6b16cb0cd9939057d32048f75727d4a2caf4b4e6860,True
371,L31,9371925910226977289,0aa0008b35fa2f80b754cf3a644cfa8193148887c6ae55ff39ac2af15d6a2ab3,True
371,L23,12509973366337465725,9a2ed95709a0cc6e09beb20b681ed86b3ad6b506c4fda09af54bb11566c14a6c,True
371,L32,16409263015025328940,083d78b9c26779b7a788fc40cc601404c4cdb7e0c7addb9c6b980516be9598af,True
372,L12,8715645889629699763,bbd2cc2631b6d6c39fd7bd17f90a39347e0d714165cc42c76b0126c112106f0a,True
372,L21,9108484809651723556,fb2dc6db8dffe1c6bc899ac3378b7426d9e43afe1e66f70176d6f10b9a934d0b,True
372,L13,13421818921108607836,f0894498dff8ec018912041606fff128a33124b4018c0ae2d869f90f62d0625c,True
372,L31,13502728837323132238,af0f2b5761105dff8a7e90d4147f20a11702e57b54e2a012cd6aa749f3ccb932,True
372,L23,15733040046471924039,5978cdd0334374c39ef83132c25f8fe0d3abef45969e41417a4a70d319b89762,True
372,L32,12736715514269750876,2fd27572ef290632fe20f8ecd4337885295152ef9dad27f1232d3e4126f8fcb1,True
373,L12,16501032443917653585,e1babdd79bd1e0702dc38baa4c094ad3241ae8eb3f825d743e26093116012f54,True
373,L21,9092011065046847025,8c79ae266f30836c11ee8a69a399a5482b01b1ef83898779eb45f774340191b7,True
373,L13,14340191487815291022,7eca259729bcc0278202bdb228e734a54303497bb93906dd754ce6062604f124,True
373,L31,15094934819096228990,1010a6887fa01566cfa74f0b63612965383242102d900be8545471224a726c91,True
373,L23,8210177977844870325,753cee8e73d86fa4a35b51f4d79620f05dd96a07b8fe14c3fd40ab11827c85ae,True
373,L32,4720323966593704150,d6851d7f047f816836c1eff7017181513e477d0024aea1dc384c4b12dd8deab0,True
374,L12,1135615223165330636,bef331ae2baa4cd645fcaab4c9e0a8785a5e7175dde6adec3e40b896522493b2,True
374,L21,14739689153865578390,6ecb5666dfa3a7df6b0e62f80c4fccef66979ad9a2866c6f5f13c1fc11c858db,True
374,L13,11592622550805542210,1cdbdf820e7224d5759c85691e34a7bf771191bef13a6c2d940693aed3fc10b3,True
374,L31,9862387287884825270,654bfad1dd6fc8c1f34f1db55302b927b613c9dff40fb1b1bbefe13c357bc4c6,True
374,L23,7686977695043012305,eea6a36c34a9455064730e523cd6bc20bb5e1da3697a892cd2d6ec716862a3b0,True
374,L32,1337121685029454701,a327184389a7cc43ea542378821db61409baac38220b6ff0674ad039ec9d4d97,True
375,L12,2797641043009482147,a1cf2c304bf5606541463955567bbbb9dfd3ede69de594eb7151a16c5c7819b1,True
375,L21,9482321312630905458,bb554ee90658f41d17093e3db6fa7f586623a2420908bad093a8333abf7090f3,True
375,L13,12652917884523846266,a781df88b7898d1c6835bf960c77881ec91632c74078776c3d1a0af6e160b0e0,True
375,L31,627325218797659195,462feba06d9f0e94194bcd7a6e6ebde011e7a1e74b08819e91d53031e626463b,True
375,L23,1581006625263917497,89ef1a58fd02545f99d5ff4b4bae6de7dac221e8c19d1f9d6d061d9108cb9f12,True
375,L32,2421376507552596786,3e617b9940cb882a879e17a37b7bdd09ad26e95954a01ff563b2870bed31ab1c,True
376,L12,1239796080229485318,3c01966a76b5e2e354c584327d23b72664c60e4965119252922f8364299067a0,True
376,L21,4415087658921977756,85b1baa9f92843679486c093fa653103679fba6a7f7c5a71c01ad97b3a2e6d99,True
376,L13,14653625289605097437,b5b0b465a2fd811b616f6f93bfa163dd4b024264cb58551cfda9724a2176d64a,True
376,L31,16917520898740202464,459ec4dd209f8fe79b69b8080f5182314e6366b169e353a30e5492034e6b7d8a,True
376,L23,7555398965208617837,98f74faacf7e7cc372b1bb6d1f2e7c778bb36c85e769a455823c57d81d6ee4dd,True
376,L32,13391978084968660165,d1742621c6bdcea6d50d0c24e4e3db8dd45eb1910659f84daf329443846f4d74,True
377,L12,15120056236007367617,e3c2e8d389c44acfa54703165a862a776b8bd6ae34b0551cb8827e75db9a8319,True
377,L21,16138121752389542104,aa62805a196d8de6846485b85457b39c09056c514796a26d262b588639b41f09,True
377,L13,3837180395549545067,30b70458f668450b356e9e756f970ba2f4c8d0069930423a183cc77811e9ab24,True
377,L31,820890456185914907,c6d9d90d80c597e8ccd91da53c113af8d5482d9f183c6c7e2bbde02ba082774a,True
377,L23,6851323962152885127,3a2a0a2977ea6c2c66285574de3a4942287778b622e3f700ffa4b187372d4d57,True
377,L32,1733751710047627492,1f33d93b09cfb6b4ac91e20e22e3418579c6adfff78938e2fb754be066cf5452,True
378,L12,3916604929390874988,f4176615121f307443a5d36528ac4b72ab63982731b53db8dc438974ad23d23a,True
378,L21,13655785651375722725,71ecc9ebbd59768095a370c78b2a4e86e95c05af13b022515d5b888c1ed5d4f3,True
378,L13,3889884415074766673,00c8929c869bdee6fbee39da7204e4fddeacf47fa598877464e6958a65375018,True
378,L31,16143973065440469964,bfb3ccab54f24dc3c88638c5de244916e6c978032f318c333b067ecead3fa42f,True
378,L23,5461085572486494008,777f92635c6d5aaa47bdb4e5bb003574024cdecca1087e2d0f234190f97e626c,True
378,L32,16876658593348000006,3907673d377aefb1fd196ae2c8efeeb0c746b9995c19ebed3154029a6e1ff5c8,True
379,L12,14758174378346461417,fdb16b11b7cd8b8ad5ea804e26bfd57d70981268457963a4589c37fabee9ebb8,True
379,L21,8664177791411986675,b1f9f38d6ec804e0a11409390179bc78b5ac100626ea3d576733553abde2ba81,True
379,L13,16473687653869160935,96c0554360310e8e94ab5e1ebba438762b932a9550bf1b0023d55b09a14f7246,True
379,L31,6545230798913699677,91161fc0e59132e50c93a7a6232a4543b9e03fc172803f85da3929e8f706abe1,True
379,L23,5699171256681100495,01e3b69796aa214693a9816a7c87be7676be475b34d1471456d0dab0ab2401bf,True
379,L32,5933711947857934478,7cf7c77e339f0aba3bd7f74659dfc846cd5244bd8c4b254cfe9c59e0020ea74d,True
380,L12,3025438437434244942,4c2c307c98ddc00273a7f72c4e1d3fae252833e4e85457ae1ad9f35d5c8dc439,True
380,L21,8446797227201182900,76dd75e98248cb4088aeb9e38c22e9fc1a9b0651943ebca1131edd7c54cd332b,True
380,L13,16726158125910702430,fd67a724fbd0134d6f07d4854f3dd707703eb3f815696670599fcec27537e6d5,True
380,L31,2838039082717313514,b6d0c85c7625b7a7bc3dfbdb79b1cd8ca620b5d9d17888942f62213003b172c1,True
380,L23,980123918292831613,ef19b33d0bead54a3e4093b34ef3a662584ee6b01bdc182c5660e137dafa4aa1,True
380,L32,13564245206373062940,fdfd242e2ca0877df794c2b870c7fb5ec0a79294895765f76b21c49cbb7f7cf7,True
381,L12,16170042604897072586,cda23dfe0a2d641a11be4ee511818c30f3a9a54e4295c946b4499c3c0a4d55ff,True
381,L21,6995897007307353300,29777b6c3d8c52e0d7bbfd37b3374f64980a1e9812d8568c4409092730fb07f2,True
381,L13,8762369019306746161,db5db7cac848488af60ff9cd483f0cbd461f22c79dbb22c9833e04fd4693237a,True
381,L31,10467887969105838141,6cb6d24acb5d967b444b5da19f18c1c3f2d92eed7e0afb3929afb5bd2d4ad6f1,True
381,L23,2794084835445727892,a7a6470b9606bba160c5c1a5659eae6d8d6d0ac50ff6cee7ad717245a59cb102,True
381,L32,13522908739184829138,5def68bc8b55f6b37813853349ee6a8c12fd89f0a597632ef9df1ed491dca49e,True
382,L12,14604863986908890288,939f902d31dc20eecf6e632f6a34ace9176e4276d11e07781f2acd779ead1580,True
382,L21,7475341976091195917,01bca2d96303c6403008563bfb603f020a8382f157a4ebb0a6e371751fb26314,True
382,L13,7405085946508021703,4112d844db79cc81fc2c16c5c9d05f5703bf04825342bd15b8c55b8c171bc075,True
382,L31,15579343979978263715,e3bef989add9f64ddfe4433e41ee7195b00853ffd1b837bb53822782aa63954d,True
382,L23,14450573291089887173,c6192b5b6d4c6236774b9a2024c16ed8a0ab153008d31996fc6ef0880bce4aa5,True
382,L32,13575089850022284173,762ffa1ee912dfe242993edea7ce3281ee6c9283f5d33b44458aad20febe9252,True
383,L12,18443317776111375774,5a11a41beebfe7ab4e85456b4e54d72c68a5cafea13c0fa25e508ccfc3764f93,True
383,L21,1068016916289162368,5956ce8c321c23599bb32fe3d1916f4e78e7712e8050a26217630ec497b43faf,True
383,L13,5957907161495503747,097d52c52201a85c012a8eacec6e372b3571e371e15414c335c2d96d88074373,True
383,L31,7948173270331703754,0fdc71d6795ba6a44ef0c8782723f43cef6e709849d28d1785fe0239c3885ac7,True
383,L23,17546943893868059419,84d5db140c32f427e19e64795ea74f0b274068064bf305166afe333abbdeced2,True
383,L32,3129341354873764441,bfcc5d87dbc233f89f977fd23248d4ad74de7902db47b4ee3053e3131e5c3e03,True
384,L12,1877765629324047977,d8ed6b42a7f47cded7190da8baadc07437b67716100fe02fb969ed0d565dbc72,True
384,L21,9877323600893882157,9ae37327558be078c6e8ca35af4ac5a065829c915a6c6eec41c74ad3b2b56f14,True
384,L13,18040778195866766851,90c85c5edc5a112a06e5cb1ef4bdd6520066376d4a311f98873b662f74fab7b4,True
384,L31,5341124360240104100,7c5faba415ef6d6331508d5aa642cf1f039587a8b29b4553f51b19486b2b7aba,True
384,L23,14514945529768675076,f048588e0383df0fdd57f951e993b492c00fe17366fc93b4638c7a8eb6040fdc,True
384,L32,14093401303765032190,d80ad67691c4829db563191df7314c49c3c5ac8bbe983b9db27b99ca8beb8898,True
385,L12,5199706902796069200,2b2f206a73bdec5e97525c405797397c61ccd8610e2bbcb8a79623caa2e28854,True
385,L21,2294409560524736099,661062eab5adb8dd39a6f5ca1973d000771617f7296eaa09c52112bf994ec8a4,True
385,L13,2174178390046147281,8b817ca50f0ff318652408d6a225d47abdf3ce4835a05866d6f3769d01f805b5,True
385,L31,14914231566776327897,142a33a798c562f318af9fc5af5e15ccf35d3a6ebd11919d4e4b2b5a8714852f,True
385,L23,13392391317971995414,ca953912bf1c44105fa17a07dec57272e428e9a63df036894691ec4f2c4be3ce,True
385,L32,9268411046509264733,014c9ce90d85c7ce553125d7b4f794372671ae6ca4a08c53742b13ec46c4210a,True
386,L12,7092178319964452811,65efe1fd86878dea622da7b293bce4f443964077027b5ef83daf7a43eff7c57f,True
386,L21,17088285165167033352,23bfd8022c628dd52556786f48609506faa5928a6f57b5a9a29edb1ce6218cf5,True
386,L13,13040643193927864809,78cd510507e47d1e9bd5807753b3838eb29a1b7cffe7002ad832da272bb0dd63,True
386,L31,8585043642117422586,8670d032a4a0fab69f852b41b9076ce593c886fe62dfb593a010f7a3b6b443c2,True
386,L23,12356822429921133562,997f3121b1fb79f8e6dee570961d44253fc9d27599c923561877e01580a8cf65,True
386,L32,6363052389136492180,18ece72ce5e60655dad92be770c7486573467e34d8548e3eabd46bd91e2548a5,True
387,L12,9162224963681653337,84b3202e579afb3b4ba6ec0eac571a3438f78227f540970562fae179d9c243ac,True
387,L21,152231665456287974,c606c349410314d759a10a6fb4cf86d7a3a7a7e5981b8c175244af75895100ee,True
387,L13,12475037157882497828,d4782497a9cf2e744daf49fe03263027c53cafed41f157778ee11d0b25b0b819,True
387,L31,9410555720216115454,184d174c7552aa20dd537f4cfa7c3d59a34444dbd5f7995be998004a7fe3abf7,True
387,L23,11251231806762115074,200dc8f2b4ea056250526b206d29483e113b6ba2ed1c8ea6dfba256f259a9882,True
387,L32,2607262749485943722,50ae71445f4a6529ff7c3d271603b2a65e6d1a2152a4263d1e6557be1a614fde,True
388,L12,16392873257786174853,a0ebc93e9ad07b8a4dba22cdf9026492ea61af3a8558b010bcd4f53432161df5,True
388,L21,15860257997874941412,80a73a5153695d71a126fd6a19f1b7091fb7f20517fa20c591da3c726b8c492d,True
388,L13,14421555188843165264,7f482a4f9530ed20ef5fadd59056534dfc6568020f32f7a3df68edb0e567097d,True
388,L31,1638436193884358564,d0abd0d7309e658d04bcd967bd07e1db4b6a6b1cfd9b47a857e3852cfcd21b5d,True
388,L23,12567370978232117373,78796f2f941e09afd6ab5b789774a0a44722381b671defab8a90e8b8ab115614,True
388,L32,14362938068285047696,5ce6b1ec27d3102e5b810978653b57c4fcff1758eaf57002383de21982e8d796,True
389,L12,14625110637107733430,5293a88937e82f2719ab134fb9a3d84e8e77e1b94c021b85a5718a15d4c25eea,True
389,L21,1585487165477218733,9cb039dacd1960291b91b723d8388018c9c9dda0b67d7638e435d7d4be33ba2d,True
389,L13,2306317599527027979,cdd35bad9a25f3181b5dd4c17f2c3cac72637e4cd797e28b85f63c4c9b02795f,True
389,L31,14528510521974976039,f77b187ed39ea74a639b7b26d43822b3f145b6ee2d4bd6eb34e13c4447404a9f,True
389,L23,13939526577229331928,d40d6ce964c57c6373a4a8209b156e325fc23fb0a4a7f1074a3b32f2421b2a13,True
389,L32,12581539131345082619,546b97997a349d3bf753ac222974c3ace459c14d7ef26dd5907a9f0c1c632d4d,True
390,L12,3091501140191558887,26d305095257026ac787d6b4130d78dc998743ff2c70d91c9e67d501a9aeb0af,True
390,L21,2928773119378323415,863610d3f00557917a0947e8240bfb4a56ee39da627635199261200cdc3717ce,True
390,L13,2212610600838296336,7425e01f4227ea3e3bf5f854d4bc01be4ef0e61f531e1ef6cb0a3b469936456d,True
390,L31,15568777672094217413,6c495b60d7431c767052c40fca28926b25fa116c3b9713e982cf458d4d150aad,True
390,L23,17039022313621387662,feccfee6dba8ad38bf800a3389273652d1dc9b326cb7a5c32adbdc8c63242508,True
390,L32,13257675144707601792,0ac21ec9382515c0187cd486152a2473b1b0226614c017cd5114bcc69c8d9119,True
391,L12,7381337292870709132,02d71550e851b86426972a428640ce13f33e4c3f73a2697a8b7af87b7cc5d1df,True
391,L21,16794746277095534369,307fd5ef7e8f8e1722dd2ae2fb5d5d85b27ebc5d0091d5d4966c60e0c0dca29f,True
391,L13,16028083240527136877,2f3c63dfccfb0da671d58364326545e35728968532267f59fc30f7a9d3e4c810,True
391,L31,13670953588661947236,5bf8af3b7b4987fef0277df6fdfeddc690643fbadeaeca5e1847d201a065e5f5,True
391,L23,13424794616530114847,4ed9d43932b71ed4f736db9c3646ac02801a51ea14ed529c17f3be448d1febf4,True
391,L32,7569782928063105073,4d986aafbf24928dd1b728890ce56bb401fdcedd87d371e25af15de4c286e58f,True
392,L12,11132388589948099372,ad8d42a4a3ce7c81dd6c5b21235dc43b1878197cbff4d038c3dcf345628806c7,True
392,L21,4342471404497695919,cfc0f05ada11fe48730acb7fb70bc2f7ef21d8129396ae1cd65b529e8c10d176,True
392,L13,9592810529684610490,13e9fd02f1dca71f2a29aa0cfd6397e2819ed01c343be4400c5c3d3907ab0e9b,True
392,L31,16270411730224383772,5ef4df70bc55d17115f64aa0205d5dc5f7ea84681e2ceff52a0135bea69b1870,True
392,L23,12505497943308361593,619127d08e639c0bb41170e78fa69ab0d6e48a90244a7286e8eb2ce952f76ac6,True
392,L32,4944284892280727457,1d98322f7f4a193fad8f6fc5242f7422508f0b503e98ecc07a7cc9d26f5d2661,True
393,L12,18053572601079741542,444e2bb5d33aeb309f1497ae52dac0f6834c2b7807881d5b9c9b908c9bbe44ff,True
393,L21,11386757041788733323,f2ba7f6c7ec1e7c8fabf8e9fcc0bad4386996e7f1bf2362f495a00029205f99c,True
393,L13,7310036550988348682,c6b74ba5b381fa0586a208905695811f3e3e4e0729e3e7bbbd3b2ef09c18beda,True
393,L31,4764256669112987544,06150c29f16e3e033b128862351b26e50b9aca65932a0226ebbbbbfd91e0f92e,True
393,L23,15748739967926021311,0c2833abd3693a6e54528bda2ff49d2237f253a04cdffb344e59ae6a502dda8f,True
393,L32,478636106071385106,944f2d7671e6c6365c26cee9147733f1dabe33c8d7e2e75686a06d08175ffc5a,True
394,L12,3362979660303274681,608cebd9317e953ed0cee075e584079dc9ab5ab28c06e50c90901597ae6b0a28,True
394,L21,17439833089908924228,547d87ebd0869fe7b9b6293a794cdbc8e472e3e9b61b6c0de59c79839188f92c,True
394,L13,3994947737596795718,3ec4dc80908f8c38dbb9085381f34e94f87100c0962e66b188dabce501316cb2,True
394,L31,12327660895001991546,24839be2f226244671f8b12664748d74bbb949c2cbca0e14b7c439597d7e46f9,True
394,L23,393627023433334827,f9223402f38d8403281a3e8be12fa99d714dbf943aa9bcd4657bf3151c0dd45d,True
394,L32,5137765569630026798,509c7c0ce4f09c9f7256d3de723ab76cbfa1709664567e25514d03816b8dc39e,True
395,L12,16401195933852096390,c1f70eb5acf49c4dae62b6312b3b9a9fc64e08b7d8409908530030f028b88864,True
395,L21,16418227274656098320,dad6414fcdf1f261f1c242e367002797a7504c23e0f7fdd50f27601896d9a998,True
395,L13,5785007220780770724,7916f31ad56ddb89170f1e3795dace5cef9a966ba8c71ead2ca154afa4f8ddab,True
395,L31,9222581427063864258,f5f001cb0bc9a543cd830500a24c5b07aeaf073a9798e91aa259449b82b73c84,True
395,L23,1602293176703149794,c530ba929d90d9be4d72bc0b44a7cfa135b4f1d80022924c1be46d56325f1746,True
395,L32,16346887106649450386,8c2df8a35539078eefbb33f1ccf7817598137f140c2915cb1ee7334d75f403e5,True
396,L12,13051123037457550291,df0f5d20bfdaa88d5c096b7175b26a1d03d211e9ce4dc22d828f8f56032d4830,True
396,L21,15861155083406125694,60608d837bd803f93365a7167c1d898004d3942b09fe3f339d7f629c0c773ffa,True
396,L13,10224981751927073439,8ec40698ee574d16ddde8484179f34fa6c83b6dc771ac03a9099d44a15cbaf9e,True
396,L31,15576150236094570279,de47cae081985864b271ddeb3d7e3b1711691ce0cfeff78013384b4d6816ee5b,True
396,L23,11050147543970009428,688b9d9ca4ee23c135a79cb346627535d072609a6c7e7109fc5726f1d9265fb6,True
396,L32,18183243286595082803,0e2ff7ae12dc1e36b087b9c25d9094e29ce18967541a9c97ba17e2c6787066b0,True
397,L12,8597186961690743324,18872bc6ced0c3bb6563ebc7c26bdc50e952cbdd929a63dc9ba2d837295f91b9,True
397,L21,18244668881546703838,fcd7e45001053a89829ecb64765f0ed88d7fb177039115651dd85f770b53c3c6,True
397,L13,14865711110227330751,346b55d485738ebf1a922d3d3caf3636a1df407634abe9f13304d724887889d6,True
397,L31,12674769344930375908,17fae6de81ff35a863e44502815c196ab1e372189f51e0a86dab5061ac283e7f,True
397,L23,8579906874834438162,f93d224776c77e95ae70753b275c41c7867b5fc95a8000b8bfb837ed40f2940a,True
397,L32,7758600588611716816,451029272fa9170c109a0c88066c59cf33fbf2e310cdda82b47f4ee65079bb9f,True
398,L12,9963160277868808034,b27c7c670b08792df0e3b219161439161da15ef4e0fc70f8dd85df2b7127553c,True
398,L21,1356419841780764864,6e6ccdbade52f4df0f9a965f7236dc3f5bd17b2b93817ff0ba2af9e0b177783e,True
398,L13,11253144211018976137,33f8da4498f6f41d02cae9116d85f1c54f258fd5782490dfe641191b17a5fee4,True
398,L31,3361527240922711886,f1c8d761d683c7245acb5612d6df2d5cd70cd142567f6ae8a551751d0d6256f3,True
398,L23,4275009106291403175,f8153b8ffa065ffd9bc5d8fb8b77a7cd509f6bcdd455be669c9bb6f12bfca43d,True
398,L32,2161423920023684750,a22f8948049963caed285ac105f7ea36ecfbc388edf53b8935f49a376f07358c,True
399,L12,17510532193682239361,4ee046c286970302932868026b80c1bfe02f739f5122f015cd24c7d0472a98a6,True
399,L21,12346390426153140315,18d88db10d1fe312837efc3404e868f2d524f89d3b4929fb726139205e7346df,True
399,L13,83282780489171134,75cebc7c0714966217daf6c7c2fdd73070bf4e26802b7304d39c1433041bed5d,True
399,L31,5069429280875754320,ff342fd1902d5167dfba83c12a253c3acbd1173555b92bf30e59e203a5cb142b,True
399,L23,13980891129408648524,f0a41d30381323721e068548042679bce38eaaf36b9691505cdf40710c45111f,True
399,L32,13028962527593864871,1667a3e84e56a85ccf2c43a63059bc3ecf750f4ba359a2fcd6d95b5db4fb9ee8,True
400,L12,6492153855008310659,7f6cf3e5d97936a6bc0a6d17b969961094179e24599bcdaa3c40081e04d02f4f,True
400,L21,11567591633542287428,dace2b87eaba174b596106e716e83be9b67d0ba3ec53a0a185a6a9ce5994a446,True
400,L13,10360746542946926752,40a064e79eada2254d4a948ba7051bae509a9a412c152f21e5e70486fa165f6c,True
400,L31,11918563696721374806,053638bc005362a81fb059031be5faa40e2314c75f02de654400e16c15a13f2f,True
400,L23,7866212639988537039,c34d086a6b692b058e1e7c1e4b180498304da5280a1a424f9b7536635696fa5b,True
400,L32,15127802371440544119,8b53cee2a2680e15cd3bc7b92e4bcfc1e79ea67a575412d6ec3e2b10aadc7490,True
401,L12,1285198932760402868,ad6b57e39e38b436de34e4429407af86228681a6a908ae16c0f9d7f403f21496,True
401,L21,4148539289633010381,dc9ca2d93a6a13cdf8bd8c65778422a61998078366d0ba7cc94128fdb9d97577,True
401,L13,4921078660471267857,70523ddb3393cc80463da6256ef6e407bfcd5282cd4af23248fdd459213f4985,True
401,L31,12078117253777075819,bc26a6bd690c951ade287708afcea9f179e96bed53e63727b07a16d7d1b97910,True
401,L23,1058426725038613350,314725371edd7c4500126087706038e680e31706d0b9d3ecb89799ff274db760,True
401,L32,11929441990488570148,ec2decfdfa5250ad17670f04454f87d834a353a23a79b1d9c8088a7a744fd7dd,True
402,L12,15975526696474610558,8a2f58d5500752f653a8ed737ff37981b451bfd92408b72db9e28689feadc9bf,True
402,L21,2349123161945143605,17750b2f17518af85095acac7e260e977a49876328a6b813965da3a2f467c9b2,True
402,L13,6816381765640892233,c3772e9fd8d36cf6096107fc111c23006a3210cb5b02aabea244799abe91f501,True
402,L31,9787128707809000124,849f27fb9954e1c00666c1fb3a8ff09aeee7f5d88198f0c94fe7ae23bc1d1b72,True
402,L23,8169102113354520448,0a590a0908107fb4a3893c1bb8fd419c87eeac521299e26a3d64b53faa8ee926,True
402,L32,12269689404650553896,39e39a2ee7e6047725c825ab44381b3e9a462aba87b63d9de4c0ce1e97c94045,True
403,L12,13640819273339478382,d2e73d54266dc2ebc42bc18eb85facbe3f524d2a2b34adc101bcd3ab34ab862b,True
403,L21,7439323918752806472,8c8d23356fefd8f00b6bd6af865eab847337a98f8b2c5024edb597ba49702fab,True
403,L13,11687354853104949110,8ef26953812d84ca1402e13a80d3b1dde5078d5370b39e0a18214276c39811f6,True
403,L31,12857978011172106677,a15b534d46c57cc314047ed1c397e7d71cad15fc8045952913b28ac13815494e,True
403,L23,9149674458676074913,f98da6008649876653d0559c0e1bc47901479e89ad3e4bf587f39a6963d3696d,True
403,L32,4050399660531345010,dac75de89247bd01b4f5b41c7d4900c3fddc17ed600ca7072e19c4f560d83a23,True
404,L12,6028555410480759612,f11f690783eb672fbb154eb9e6fd2dbf73f85ae60d788e3c1d1a795966379719,True
404,L21,14512591500703190140,0197b209cba567f971ab79889bf04dca2d4e9e1a907438f34a4530586e1a0488,True
404,L13,6127581246128181847,78d0e55501e1f883256e6a9fa187af63ae8c5aa76b629f21544097d4b8ea316a,True
404,L31,15371831066448891946,64d8115db0fba1663d1b9ce7b7b28062027fd3531fcba320eeeee9d556b0807f,True
404,L23,358813424628957587,581fc176429574a447db5f06ef915b485f38596471ce4537eed8db7f6b192e6a,True
404,L32,15200674607503584138,8a5320f121e4f2adefb246278f69d25f6aa2a8a33a09c1dd410dcca23b3f194c,True
405,L12,15240629874146870577,316e1c2a5f36f94787b3453e391a75503904f5bda25f14dc21d2542130d446ff,True
405,L21,5457221117949644037,01e2fbef9c6235644eb91c5ea642d107dad5b849cfcc5b873405d60fd6f65443,True
405,L13,8916147123029754837,599084f151c2ad098340f3edd58227539c8d41e0bfa2606bfd2ef2f04a05ad61,True
405,L31,2744411700756974855,d944992378a34fdb71bfd894614a1f05ad182eb6cf4458021ee821d348e09ea6,True
405,L23,1046378822414431770,26ce66bc9610f3ac4068d48c53de4e817a8cf718caf7828c5bc4d518f16ef538,True
405,L32,17645372404971422304,3e73ef230b5f66525cc3a103ac492211cb0388ed5805a8df6860143cf5cbc611,True
406,L12,64619588231630195,21fc72cf351e0ddde0d41c4eb444f1e74e1f521501c2185f622b759f3c66edf2,True
406,L21,4816193827571436310,b1b46732f046dd680788df68e30696a6fbaafba3398ac438602871c67f82ba67,True
406,L13,15136962277996034327,7a557a5d4b22d838821b8814eeb907963d26152b08db74520368c59f7479e04c,True
406,L31,9247959393159527472,d50e68e78311cd5b9f0c9b5193ef69c3e206f9ae9db20b099974df3916d1f19b,True
406,L23,3324351624010221965,f29d7f11bed52cc57da924f0e87bc0ebafa68b1e428edae0b08fe5a771db8202,True
406,L32,4529253828967618450,a361ff5d58ffd98d4dd1e14c513f158078cdeaee354ae42c0c589f5c006c32b2,True
407,L12,731315196516567396,7920d5d72f9244fff6cf76115bdfcf43837812b4d640d3333149607f4483e055,True
407,L21,16068871576464695026,800d19db48c7369a91b5ed7be6d56c52c99e934edc57c8e1590bf13d09dd3642,True
407,L13,2385550193496521651,7c2d154fbad233a53620e54be365aef8fc52914e5d569eb7459d57417aa031e5,True
407,L31,1654945946248273725,571187491d8d041f9557e786e1f70d6deb5a8960b896e8d84222a0b1a9ea68a8,True
407,L23,8242108101749225207,08ddfcac766734426da3cc38fc7b4c54ebb44197ed8ffc0ee7c88b8daf502fd2,True
407,L32,12703384144164416658,a7324a05488ac2c805f37c763652098901f04fefb9bf85ac9cc0f75801e41376,True
408,L12,2619142099890088588,41cfc9a4aa8ae924c9c58503db9089c3322b92c9c327d53d1b970a489c2998ff,True
408,L21,16399880487123834486,866463fe5f3039c74e1ce1e951eff8bd05eb8ac186613b596707a8520ead17c2,True
408,L13,15746430553947251093,54521ef3d567e0b1eb84a5798a409d41f518c89ee416c5efba4ff7c895a270cb,True
408,L31,11631311939177428407,5280528dad7163671dca161066a7eba7a8b73fa30cde4cde702e9afd3fffbc2c,True
408,L23,12080700370116148534,4c97371fce768bb7733cd812baca51e9110c5019402d1484dc4efa79e26c6f82,True
408,L32,3173628015550594956,f3fa29831cd89fcbd5b1add4a938e6ccf78f32e0bb82b30b9f158e3d13c1b41d,True
409,L12,6826600764128996719,34a3c205eff666225abfe15a78172ed176bac1caf43391b080a367688214f3b4,True
409,L21,13403160566778602262,da2d51c7ec79b2b181cf7dc6a487ddf61b543c46397e68a1f8dc257c888f45fd,True
409,L13,7335345646221615497,fc4604f76d9e9c616271a1ba3dfaa54b30fb65de36eca5483f85052135ee4c66,True
409,L31,18340805448736460079,7e899d3af9336b88b386e114282d7c51b50fff208386990884e46254490b2fb8,True
409,L23,507972574274101976,0fa806a51aedd8cb542fd884caa78dd4990575c53433ce2384f65534eaba57c2,True
409,L32,15627609639820005712,859b920e1e54917d78b99a4e1dde8832f0359b9714580414141b0e7fbec1de73,True
410,L12,7927945581861058910,a24d2561ecbe7c762c2c26b8f44f5362b1a08176e7b552aab2a7b31d3ef341dd,True
410,L21,15480812221541254441,87b1460d67a8df113856b4e514ff538944deb43a41f671bcd9cbb7259b0f4d26,True
410,L13,5268808641874685567,890473b46244dad3a58f5ecee2bf1332d82e7720cc8c83f442b2e84f49010589,True
410,L31,1569899004665729067,d8c1c737079899911316418fd8afaf1cf4c273dde988c7786fb80611a528cff3,True
410,L23,5421639429520524879,5b4481d3e8d785a0b0ef2f807b5312cee04bbc4fd4f13369c49a28317fa7c258,True
410,L32,1358573047409486452,aadcf4086d849ef6f14d83bc19b06a10c5e5d8c5086696dd2c18517e1e603e60,True
411,L12,6617756221567191298,d793b5a32262015da17c988c761b31882eb81ad1fbd6a8933c3f44aa856b56f9,True
411,L21,10728331461678634958,7b839cde1fda97d343434e8254ebba50419e468190e34375714d894382506cb1,True
411,L13,8764350659547958757,ada10c40dee15a766336078e3b4a5cd71188a462fe520bf82e1064eb7ffb41d8,True
411,L31,12952469196281273793,69eccd767489ec43816ac72bc7073330bc50c5b81c1e79ebbb803a19a402e21d,True
411,L23,16511307752440173247,9392210ba09669bbe0950769b4b5b13b15a39fbfd4dcef1866f2d85122d0b5eb,True
411,L32,10605971648520076954,625068826843794493b12a7320f423d6497d0dde0e294bff944635adef2e5fca,True
412,L12,9192509597595211448,0af96f49e760179ac8e068b15c5bf8739bb0483326c2df99367c8f645577d472,True
412,L21,16393370260024282124,ccab3e487fc38ffa7eb9ea48a803dc70a7e6e29c2c4736382a0461c07a8787fb,True
412,L13,13905485366191826008,b3c9839bab0682cf0fe248bcab80ac2a6d9accfedf9bdd437641f2b5bbc3a4c3,True
412,L31,17443528489705169077,ef420b79f31312165454acd113b9be6d5f1acd69f59c27dcb26494c500bf108c,True
412,L23,819001070102171917,e9da109c95e68f8424456df8dbb18b1beb270ac923b47cb509e0de0c6c4d67ad,True
412,L32,6615403764189932442,e68e607ffbdaae3af7a68e93e4488a0c3d0c0b475302db3c234dcdeda79bf5e4,True
413,L12,3604260493302884477,57d37a6dab24663c67bbf19039300f5eec2b972fb23226fb563a8bb00a8cb3ab,True
413,L21,15044420065977055981,3ef71b5079c9e349fccff2e41c6049eb64c844ea16aac976af5e9e826ece7004,True
413,L13,17458142882113022732,338b9ad50e4f681b4bb34e14e75cfcf02b9d3a94096f9c7f3ac8167ef8116bb0,True
413,L31,16434907731472433208,423099575e048e5a480f7e8441664fb34f70ad139505f1674ecd8972b2e97d13,True
413,L23,15270821339854441557,e0a9495dff93f291db469402bfa541eb570bed202e67bb83d17c3d5999ca57c8,True
413,L32,7522586483280733292,4b7319922be625b3ab760b0f288262d6ea7676a40529a2a2a02991d27deb9876,True
414,L12,10254906368660816674,10a55e67b204d95713030417caddb8a91d6be08e80f02e6c658f2aa8f5d90817,True
414,L21,9560487596511249282,37e9962a6a4dd9f618593f3fa078653309e3c59ef23cce17c5ca7c6fe0d53e90,True
414,L13,2861195896200314960,1ca3d7bc39067a54b7cea889157a726650d6d022146534b05be91477339415e8,True
414,L31,8881790213114914083,e785a0bfabdec9fd204ffe30e84f1764bb339fe9f73ce4e67541b39a8a559d13,True
414,L23,1206716018446624933,ace31d6b166d9519528c961180dd26884b175707acd7961dcf3db548446bb445,True
414,L32,12202148380334964084,72772cb819a317daa3cfc148d1c022ec3f76887647a2a9bf634e6383cc587f80,True
415,L12,9392005763392725055,ad5c6def6a095b1e4c54185fbf0b0604b349ba37a223be566c28a474b5ea3319,True
415,L21,10712880020118786379,6a16c834f6baecb9b509b93e6dd46f75199caa8a4c193f175067adb863873a72,True
415,L13,5806907821959063793,cc813e75dd9e1955a2dd2332e5ae9c00e21810d9236f033a5a37154a94fc716a,True
415,L31,9358685305648321183,960589a1aea331dc2534099ca4ab37bd0924566067acb0141f1b2d066831845e,True
415,L23,378476689538983974,7b18f0be44fe24917315e0a3069efd7b27fe6929cfa3978d3701034abdd528bf,True
415,L32,12164344052261451773,fdd53cbd9342457006207c6266a556015655fac703e8fa9057af1271e733ef3e,True
416,L12,16699213080022317621,9eccc2b1fd77cf4e49638382e19fbb47cbbbf3b66900b5db765cd6ea15df5e91,True
416,L21,4410267667818203969,8bbe06c482e2df8a652d83a72516a1455eca799e706d9c5b12b8cf401b6bebaa,True
416,L13,5983977992265466368,6d23bd40023124cd75118e5c0e8f41b7a080c54707ded0754bd57afc94d29498,True
416,L31,7997623842289334784,c19ef717520d5aa110b11ac21e664832cde1a7456565968db9466e39dee35ccd,True
416,L23,10409277901599835945,09d84f420fab00faf5871ff1470d75e95de6dc95495324053a1cd6ea56350219,True
416,L32,8634064652184453777,75b4fc3fc7e44b1c6d076e6acd8eca50f280311d2c5b47b0156ee02b02f5e801,True
417,L12,1276358242209039606,2cce461224d8e9b84ef1b1895d0fdb651184855e9047e5652938b1baa4b8040e,True
417,L21,12944284496671079014,c0d8fe97c0ad8adf066398988778b7b8362bdeb1a8fc6abd39a2d51cb3eb553a,True
417,L13,10016046550283548666,ed27829d11ed58d93b1fd008ec5f61d05d1c7f22a57f67cbe4b4ac8de60f6679,True
417,L31,11225875817299733877,ae2a3a16110df41e4ce13ef01488ed996c4bc26731d6291e7669f143751c0383,True
417,L23,6621286677416345135,2ca2ae98b1c6f1b25f966aeecbdf209e7a7ba2ed9fd46a056a94b8c3ce54007a,True
417,L32,5368727320835379493,87e5788521ef0ae37118f09228e7f4efedd6fd9f96a38dfa8937d39829710c41,True
418,L12,17460561888316802257,efbf75c2b41f6cde202ced0c265e51a7484700c92c3eacda4d8ab240abed4df3,True
418,L21,10582876085542003310,8996d99f1562c8521a54d2724e9344a1de5436362f291374eb6fb752dc5e6cb4,True
418,L13,4927379219669280899,fb6cb0a8e72b81c0124ba921bb355b1612879c78d1cf469cc3b722475bb9132f,True
418,L31,4589545070129190201,245c4b56999c674462841779a5e0dcd65274bf11e7dbddae60c9fe07e1614b4a,True
418,L23,1842070928357094782,036d9dbeaa412f8e4ca7418ab893e910d9c115d6ae245bbc10b4616f8c6b958e,True
418,L32,173853928118250089,d79a7e565d1a1b18492bfaabe893156cb270ba344e80556fa801248ed3c4ea88,True
419,L12,4673526056809430499,57cc33ec9ff638eed423dbf9609e90ac05decce113a0d9f04eef3d19602893fc,True
419,L21,13423158240879178224,baaf89055e0b5fd27090d00751000af6cfbd50b7219fd499f8ca3a202e9f7187,True
419,L13,3604047820679249276,9058291959595626df93d87c0e04ebf92c41daf67a7d33d6355725f86a5b6487,True
419,L31,5179429694888535608,7946f255648ec81ee254e6c0940197db883c29df15d079ab57b5fda02883cdc6,True
419,L23,8994253905443253890,8b169037501fd7dab3cee039fa248a60599e6fe0d1b7c210a857069c4c3434a6,True
419,L32,16203374635385358307,8aad210b541926ceb3e92183126941448c7613f869eb80d4412c914e68ee1adb,True
420,L12,98573584257210118,fb6db1de706e1fbac9f0bc3562e72310f57ad3d1562743974264356ed228ad50,True
420,L21,2431370357473059319,22c4787c4a875b8b12ac10019ddb3c9f42bc60b09964410c15ba2aac13967355,True
420,L13,14403937566374785175,007e95dac9638d054f25ce06c5d2c25874b0178c5cb8a16612c2161f20cc9776,True
420,L31,4618242684428016693,8206c61c1ea7821689cae392396e1e959770743eeecaf2db1f58223f378b35b3,True
420,L23,4344019378292255999,98186564781677c0249d0d933a22afe1038f5277901f869ee724b7c6a0150c78,True
420,L32,13214642848380761393,cb48b7da2dc148304fd572652a044790d0209bc109c09fc82cc345a62c1c7086,True
421,L12,13042008830797749296,3cb489c216c06bc907e7c3a24fe0d325c1f4a6e1c7f44f766f48ce684894989d,True
421,L21,8855857144439737063,a1a611ab2d9e10d228c1925b0f2a987c149683159e3067b05569d1ec19733660,True
421,L13,8820201613766147933,273e7a03ed248799de06db80761a7521b184c65046494b26122ed5826a0008f7,True
421,L31,12595120588612265707,54897f09e5b0e79761749ab346006eaa0b1e4d6202b5f5906d25a04c8146660e,True
421,L23,938787607338053650,2115d181068b47e3893036bddd1c39c8f0bce888a53a25dcd1a637b133d641f8,True
421,L32,13415238288754143258,37851af7874b410c9d1618b55e339e0d23072bd2bc48510fb06a01e7ff16efed,True
422,L12,16585209140321170541,383b83458f3798f63fbdadaaaaec728409b3d004304fa45e17e99b7a7c840528,True
422,L21,14794086053677849211,5d000d8b09c5a92bae7d17ba7d2444d7375433e67758f8b8bb0bec4d27acdb9f,True
422,L13,7386262185279204420,89ecb06caa99a13b48f468dad63287e1668d6629d33c135dec3e7925cd80588b,True
422,L31,12419900641254528631,37d5a3964774d5433bcc6c7171850b9665eaf3f2b8e3a3d145a8a62fabba02d4,True
422,L23,3549328175375572396,fa9ee6a49d70f07cfcb7a3b28096b836480be8d3d2418a4fd0e856759cbb009f,True
422,L32,6850383614059533150,ed59f09ebfa37d7149ab5065b57b402fbf084c2a0fbb4ff8cf617acd5675a76a,True
423,L12,3426403254172706737,c35a492a97378905785c20a8bb856dd5536674978874336aff128129f7f5e0d9,True
423,L21,7805554078987030068,fd8fb6c7f074b7854f18c1ad8052d01bdd8ef04876818665e54c1823933b8825,True
423,L13,13807102767431406240,a0d4664419ce1756b144a55c65d3393ec4fffbf6561a0818bd772773bd702ebe,True
423,L31,14453087226281212361,dbec6f058b085a286208ed0f4fae6b01cbac775f4ea396e8f3e1f1cff103487c,True
423,L23,3567129879079442846,b45ac0a6cd884d15fbac04c8a208061eb428185e4f9133caba0b7d12f40093bd,True
423,L32,9250255412932736452,d459d843461d574e0e12ea137b022700414f08b240efd43d6cc9d95dc14a1b18,True
424,L12,7728643387854281857,5a7646bbe72594bff5ed79e9fda899c196c6abfee95b5616f4cd2d816be6733c,True
424,L21,14347228664591490340,5a3262fd6764fc5ac8d338f1b6794b374157420f1c2b31288c7b28bc35ac03b2,True
424,L13,16941214513081820018,b53f49e61589b41fad13bf594ef7769e8f2f5a372eea1017d7874c4e63230a7e,True
424,L31,13157190825051173753,ce2ddeaaf60c62dc8d6bc3730525da4ec3c84217ca154ef90e20f82b5bc866f9,True
424,L23,5141379095527712157,33b2fa83ff94a4693fd85acebcd45aa7caf0a740e0b969c00d1c95d557c3e5bf,True
424,L32,14574972504908190194,a8c3f14a617d475425f88f0447db86bf54e2872c8c2529037483ae706d90d114,True
425,L12,16513832677029663370,5dc4d23a76f044b11f326d51cff287044aa1c954f43243a4a6972dd702bbb5d9,True
425,L21,7453100416510241969,80837a0b678e3b681fe13fafaa13bd542210a3720db6be7856fd0215aac57ff1,True
425,L13,2938481909731057863,b778b6166a08c403abb7424ec0943e82597fa88e7180d3c19d1dbda3f3a0c710,True
425,L31,7803429432686296517,d9a4d8beb4c4509bab3252e4c7d1ec835ae4288cd5fef2ef111780294ca02ade,True
425,L23,2121312743361507783,5bd5e683f36249b151f0df8c7d92ac352ca5eb304fa7720de608ce7ab5312598,True
425,L32,3905193227427744842,b4a5336d6068418e69d87e6b692bc015cce9813821cb1f42fa1bc1f3d00db9a0,True
426,L12,8763819526800385480,ddf7333e9adc91b31b1ca9441d49f8c4cf714599bee33c6ccecb6f173c5c85af,True
426,L21,859093309953418748,16c99af67ed187a9d5cdbf08388891f9faf9544f7c52015bf602d585792263a1,True
426,L13,16846150266118504554,51bc2b7debaf757e429cc3ecd89f2435aed3ec00d5dc70bb036d15bfbfed42c5,True
426,L31,17178832814568701078,259f1ed4f615d4e80f82f9cec2d4b4bdf54371c48bb7e1fcb1229e917daac49e,True
426,L23,222944785355440975,143c80330a0310e88b711c7114f0d9b5f5192703214b391ccd32947100c06a04,True
426,L32,14533708117524650938,e7c5d620e7ffd61fe6383857f91aac85874b77e9ec37c2cbd6dec2c255e6784c,True
427,L12,17685646493969104102,143270a8a0344dd803ca6e5ad368e9a7322d3c27505c3e9c7b0fe3266fe990a8,True
427,L21,678478403491918956,842e395a4daa643d6cd60a56b21f901c330f194577e57039b487ba96a32ea9ae,True
427,L13,16625480643050601347,e578aac3fb989162c3a5f6d5ea6751c549b231bc231c1cc857ad4ad7eb313541,True
427,L31,5473998468544755139,767a44fa276aa42f6e4042c7cebf85d578ab9c52ff6c0efeefbc53b6c05153be,True
427,L23,14505567421160746996,fa45801077948644936ee758b7d92fad429eccbaf6266cbcebdbd921d2210447,True
427,L32,13242248441133457061,516035f82ac566114969bc5be6ebad203eb6fafbcc9fc15047ea791101c72a74,True
428,L12,8387874199733739635,2834c8c4e0298ac4293ff11e53cfda0ddcdf1ceabdec6c3b7b97cb47b8e33d93,True
428,L21,16382808210534314603,796653a4e472e4402e3a94948352648e6bf0d38036e2d74f662ac152dd3df494,True
428,L13,15880497089999109464,d5efd4f25bfe206b87e6b1be709a71b6ddf7c6af169bc610f21337f93dc54b23,True
428,L31,12674434900422325226,511e042f9ffdc320a0f2182a8f758b67b513690f4e69913ef26631a8ea270385,True
428,L23,6988852542355070113,8bc3b751e85e82aeff6c84e409ff89c4babeb51095fc998ce34f1105eee5ee7c,True
428,L32,14989695280993266110,8bf0e8e1b783eaa92f618e23a393b284bd21d0ea88f8b6ee3601d7e5dfc44e04,True
429,L12,1670359514284014232,f5d24efc8c1dfa85a957b394495a0b75766ed22cbcd330e664cee018f01cc77f,True
429,L21,16661247112596805622,ae8ea0998f5ecb6b1d95bcc2db29230fca31e9c3fbe72e1bd63e481efd715f3b,True
429,L13,14041490276228762430,0966a162a79721945120b2173775ec386a16573a6f4ca56ff9ee0b5e61b67c48,True
429,L31,9701833042534797682,e165eeba3837ea34b928a246e02df819315c49099a86fd38a8d5aecb867b7c5a,True
429,L23,11396791981100751964,9ff28dcd02338ef222439773599c093615ff89fc1f78ad372102c2959d7588c6,True
429,L32,5743534022383293052,ca19d92fa1e106deb4247271c45265046f0ce15d8e26e369b784f810064b8015,True
430,L12,8014091044880739750,845f6095a0e073492bdbf201922e9a3f19b377f8134bd89c95d7552ad8e6ab27,True
430,L21,17070260524257174049,ea9e3840736678479c6e8fc0976643582d7477de78ef0e77fc711d65eb05e07a,True
430,L13,4181331223079483289,50e12c831c57757d959d581b9f3225eafa20e459e2766f8ad23e493e4d1d908a,True
430,L31,7620423370548549582,33c239c0283a6b46a6f0c59631c8ecba98761ffe01fec09d8e07380fff69cebb,True
430,L23,12492151575924983178,98ede04af76be0c92e54a534db99dd963618b4341ba1c1b704b9a2ae6505a696,True
430,L32,13790777583347410675,667eb1aae6f4f877dd522b69cca578a159ec0f068716b6c53b0a76b67537fdca,True
431,L12,10606540428606972311,177e2ec76bb963b658645dc1b027c424094b3a329a8a9521c41e1be88dc14499,True
431,L21,11944441437100719888,5cb964f0cd0bec17d5697158013d92f7e5c73b0d06c0e8881d2593ed0df05275,True
431,L13,14094932587451281934,4554f285034b3547000fea7b39c6d3d227734b6fbab7ded233bc2c3e1e0b3583,True
431,L31,12342003688184791856,9cb052ef78a7b591807613bdb9d7be51ea95611812b0cf60b71634a16d87ffcd,True
431,L23,15219439520425293406,65ba4560f84e294bc03ca4d143c6683866609bdfdae905a6e56280a482940898,True
431,L32,15002821651995529176,3d4074b50a93359c9f303d65b6b510518ad951b835a1197054564de3de2ac20e,True
432,L12,1815964835911328814,c5b28d3d9908da59221679e171c66296134b65174728e881a31c1cc7cadb3d67,True
432,L21,15042017379303743278,3ddc537b699c00e75fbf84fb79c3ea81806d8930b69bf731d1ac6d43df0982bd,True
432,L13,17587559637837414316,0594af1dcb90ac661e6c357bfea06008882c8a6abe2701c958fcf8539ee1a70d,True
432,L31,9779271939655748030,067c60f0040a4f4a35f5fda278adb159f1d8d181f5cc4c4d0e45eb7de9d260e5,True
432,L23,3099583061908652973,188541c27c20f294a62ca09ffbdab7aa956e8d795c38c98a0aeb3bd81ed7273c,True
432,L32,9580634713688110917,5e505a53ad8ea6be9cadda3f2c6fc31648d70a32c6349ea2c10180ff36927dd9,True
433,L12,10369085402070604675,5189fc93377f95b09091b7f5a42b113de87a2d79f0867179f2f0b10ce6cb56a0,True
433,L21,11832097342483138872,4440df0005239d836f37de9a3b101525c0640391bbefcb5391c2f23d45441aff,True
433,L13,5630848017181807463,8aff365b9686c90d8335e0864db3d03226b7c46d299480d860f5766b8b27880d,True
433,L31,3221349251458110644,b9663197d58a958c369c8742ce06c74f1ed71f296d8a4ef0af811248e8a5f3fa,True
433,L23,18138743361451628065,bf7fb29e1c10170968f2eecb18e43da9247b6d8b072d5ea8a5d06893da490ed0,True
433,L32,13678387450268832966,8ea0005474fc4621d44ead70f45bafc347d71efe285cc70d0206dadb00083e60,True
434,L12,5882674608026607098,b23bebf1c187b704c7602908b9762bd50617f5f8a595705fa525dd5a0a9263c5,True
434,L21,8050781576615502617,41877a3d5404d24fbabdf7eaa038189b5186e34241093e1a07e36caaeb1f6418,True
434,L13,4815773838718966796,d320f1ad72f8613422a356d7870ca9597caf528f6f205223aef4850d7949546e,True
434,L31,4873645784855932759,85478b7a5c3476610d575242b401b5b0dd0a623f4369557852faeb818faacdf7,True
434,L23,13368154574858972414,cf05b41676d5f2d945925d77648d6a4e66be5235212d1651170caaf8c8b843f1,True
434,L32,7635967491527725247,c07e51ce68f90872ef6158629a965ee89e3e0c54fe3603482db97ea1ca313f1f,True
435,L12,6649434476981759045,16fe7a369240295194b880b8517b54e027532bb3aee5d9ab7d1e5bd7f6e35a56,True
435,L21,2219816235856121375,a9cf95ca9b0b623c56bd685e028fcdfb242f483792a8d1170de372169f2f9eb5,True
435,L13,7420931247173739571,3afe2d21f9591008044388b36055907170cdc75ec44a22e334c5e8e3323b4135,True
435,L31,558043648728141117,4455ebdfac779591dce247982f73a7b05b36d3138ace1f3b62e09c0b24c77c26,True
435,L23,7516540757574813661,ae8a64e3315ce6d39d05463036cd2424490a5fae738e56bfa3b8bc027b0911d9,True
435,L32,10385270357328399302,b65a544267d70903f243a85962af844687ee4886b058f181404767a4b9d8fb90,True
436,L12,17647644611130835061,f2ad6539b13c0b673fc1e7ff46a7260b88d68506a803d1288dec5ee68bf10e14,True
436,L21,10678376933572953426,05a4ff16070f0142b2494aa6cd6e12aad6ca5b56458c45d97bb0c1174c71c7c7,True
436,L13,16102947084060962730,1ad3a2f01c9fe0711d4c6a2f32f605ef955d16da346650f3c0384f2685c9a2ca,True
436,L31,3481959277680493423,4bd91fbf3e940f19b96072da63ee9a72b6aec6daafab8b375db84db14390871b,True
436,L23,1435833949030836465,1eb2235bfd8831e1fbe583c5edcd0009da088afb7fd881d7e247b786baa21307,True
436,L32,17145298877885733245,6ea8df9e4f28379f8a042c77b3754028c034f43301928c36a8abc709ed956f88,True
437,L12,11588602671335050857,4e9f991655af79937f9e6ba9a332899e9259244c6ccb7cfeea16c004f63e715e,True
437,L21,14394534468525201164,99af59c8f0c8998f1a4c2703bedbbe6f67c21810f40c6731c2e8270cdfa52dc4,True
437,L13,2842858077977700175,ca41c9852bb608327eff24e981e98524d81477e9ec5d71419ff3f54e9c0f45f9,True
437,L31,4776348636187221535,1a24581c275c4f14250a25bd41c38f0a523124c3641c5370c9feb452ad4330cc,True
437,L23,6358376070820549829,5e48e2bae212e05f9923e78e2042933fec0c3f3da7021a24b0994787882bd290,True
437,L32,15801893619950772707,d184f39fbbb195093abd2d7e7d6b00c0c2ebf1f84f845f50fa62c374c687553f,True
438,L12,14992433236752768517,4aa965b0e5c4cf01192602fe03c0d7c209a086148a5c917cc042f9471dc70817,True
438,L21,17086963575651149444,3b28b58388668e352783e67b87030b0e3fca68383acea74fd279bbcbd49967ac,True
438,L13,14108680436700381868,80756b00fa1794eb9cda8610647e78cc64b708fb15927bfa4810be3f924e4aa6,True
438,L31,16721927184167808692,b51979c737f514e7edcdabc9096f6b059d100e9a79d30c2ea4bce6516f99eacc,True
438,L23,10297041142836165415,12310f67925289f2cb730bfee22e0da7691d6474134ae92235e4157a6f5a6eea,True
438,L32,1093535423981654878,4f266ecc38de3838c83004171c351f7289664d085a3585a57892f465c8480252,True
439,L12,13224318120935543647,49be97836a134dc531cacb73508738417d3c33ddb32a620c29bfebe68f82e534,True
439,L21,2976366206141649359,537b0e2e2706ed1f2e69de160f9aef1fe202fdd750ef54f3de94f43617db1295,True
439,L13,5225335842603199533,a5926dc9de9b5be1766b2493172a7e825b08f47973e0d860c93549d193144643,True
439,L31,314018924715923928,31faf82e0cc144ca9deaded4b24ab3ccd2d0e45ccf80d11016470d5a7a134e8d,True
439,L23,16402541445291881679,946ca4fb5c5d6662aa38d05059c340801965374e8ab816a087bb3c1d03714c73,True
439,L32,13801944429950801999,9a35573ca5c01c13fbb6e9e60b4159ed54bbc0a5024cf5a1371f25249639003c,True
440,L12,7572158150801417834,26fdff3fff5a492ec710e2b20f7ddaf463c3e419e3f4d7860e8a944a87acbe74,True
440,L21,1096526201830462668,29f82c6809fa842f46c26714fd2c1cf46b426f897ecf84bfb79050a9170a5728,True
440,L13,5558036944546393236,e30b24e32a63547b9606ba66d675d0be3e2432cc927806f6d7f8ecbbe057af49,True
440,L31,1922357295739015686,2b284745e5e0ca6da574465e351f2fec1a7218b22c13b3b0478c45aa15c7ebba,True
440,L23,4540443892164234236,b8b71c303282ed18a14513449b45181d42e37c21b32653461a33d6a7330539de,True
440,L32,11126191912605663586,efc49b74fe33b62d309385feb2d84e5d0b263c0c8fadfc59517bee6b45104c56,True
441,L12,4659980430933712068,5de6dde7b5027a1750c1d651ff23bc84c217b95143d3d8650cc9252d05efc09c,True
441,L21,2276629590281163341,540471faabb50187224f6f9593802ecc7bc5d8bf4336fb0a1ef5f2ceb2ab1258,True
441,L13,11020233700014222981,b3971a4527004b5e9fe1fed041ee1ff1996c84ed393b7a337698390d873b2c2e,True
441,L31,2781858437369174104,98c2c8d3237a83afa126c7ca0f270d39a397a5b18d7f4ec243f1e431885e4dd3,True
441,L23,4845451511406020322,aa630cacd752a0a56dbdeca995ee8360aecb664017016026f34355edf92834da,True
441,L32,17951099661466892893,ada588b612502ce94719c2fd18fa221b73fd7111d5e771c58eff8acf2d462446,True
442,L12,7221313056313623328,06dbccf7ca4a142daf51b58dd450162fd849061bb2b1b44b589843a6769232a2,True
442,L21,7277174682928362977,0799e28948c26ef42f4704d276288b8b20673f5d94c83c1acfe2cf251ff2c228,True
442,L13,7399011219040369780,0881069fafb39c5ef69ce2b24faf0e90702b85d63b1de0a297ae533a029abb2d,True
442,L31,17303051582646362529,eb6d088ce0cd5f5769bd9dd182ceefb38ec5936bfbc0603b5091c8676afffc70,True
442,L23,1663052881299877156,4dba71c55b64a0518c31e895911e8ff21915e77124bd7d70e50feda9373bdc2c,True
442,L32,1703478676132933546,a074e06abd07931ff3fcc5e80a279b00cc7411393ecf19a2e05538e10b30af4c,True
443,L12,6321896143160196344,d5a4f377e384d2d6e1f771335b1fbf92724da49a5166ed64998312b43afc0b93,True
443,L21,8675858917035062867,7e55e219d17c86581a0c825cb07683cd81d02cfe66262e783d564010cb1e8829,True
443,L13,16313580418636711815,52de89d72e1635189f0a4d1c5c6934c9b9b0db252582412e36c081933a99db47,True
443,L31,15706285357524384128,abad35b8ca69a95f1a0f03fb9844a3d92ea83975eba2c5d4e53e43fd9f951fd2,True
443,L23,1733031089557272892,4cc7bd6d9f2f4ed40263705b084c4b170ef1dca885ed31b6771d770413973888,True
443,L32,14465139665952618371,794006e83638c23574c68d28a7b0bf10b019f6d424361f2502e752d69ed2a719,True
444,L12,7072823937863108862,98d9a29883bd5bfd3a1c3f1c18c7bf20e9cc4618a8a0b4e98208f87d84f7dd54,True
444,L21,12550193845988616046,9cc0d1768a5953b8ee0293043d4fb4f457f692fe5652540ef7e1f18b2dcb907c,True
444,L13,9133090021906999926,0879b4485bac249d52e009ebad10b08f69a95f5e34b1a01a948ef6d107b401ce,True
444,L31,13781413446752463880,db09b471bd463e096c01fd0be03ddce805f6c85a17e7f08bd8816bfd9a79fc34,True
444,L23,4839443664281390350,e16b74883cd5b4824a5ce4cb5affdfb997e60e950e052712bb9232f60fac6809,True
444,L32,10473757897026219346,86e42bfbecd5abd1658072f34203e36fd39183f6915e5ab47bb6aa0909df67fd,True
445,L12,3805177341493952642,1821f52e2cbddfcf06dbe53fad45699eb71ba244742b69534601ca07bb7b6098,True
445,L21,3074367768768009515,51036b2537338ba179e7ae80c52592c3830bf3b3ad6aac59bd3106b3b0e4995e,True
445,L13,8288116472915482630,7656e88df4c62636b3643ebe7746306b53d64f451d5448a2a20a8e3a2e8a0ab8,True
445,L31,12125259984517798404,b00288cc615cc55e0fee7ecee9fc8812ae500a41e23698c37a52cbe5530f5a78,True
445,L23,16454129289087265429,9c0caf5f65510154fe526a642007be783e41bcd8c204456abd82e32cced93616,True
445,L32,13867839674142677193,beb579d900551b54f1f4318c3859e0d6a7c53b03215d8031bc7340e7145d8130,True
446,L12,11471489267534209001,b480623a7e1a0914e42829dfb41da986ea298a028fba8b486a70ad8ad3e947fd,True
446,L21,15064109690598473951,065e01970fac66e0582057467acd29a8a3edb27c6d538a16d1628016bf1ca118,True
446,L13,11811498295582427984,8b54510d082a34189a28d51c555505f6a5f9a0fc22be79b554c076846bf6bddb,True
446,L31,6011268426278252129,0efd76158d1a6c99a237de0adc982140b2edbcd59777f2b6233c0234cd6aa502,True
446,L23,602451976607948929,1baaf47a570d350aa8a800873be188fe871450d4719bf7f4b9bf87b88da295a7,True
446,L32,5344963940297152386,42dd799dae9401985ac089f7f2e34dad6a24faa131ba16e552661a24c89935fa,True
447,L12,3418303339768424081,78c51d368cbab69ea76dc0bbfef1fa98a4fa72bd836b57d3b74afaf2e235c8a9,True
447,L21,346186344580852304,5e7400f70188e1cba66d6eaa815711b89d505ffe9174676386fe38d6722f049a,True
447,L13,7447389872548680843,4cf6453aef74264a42e13f906e8404dd4af86da1917296a7e6c9ab3e7808b366,True
447,L31,4055958477702223612,ffcb0096a27109af86b3df06ac6cc504db9a2dfaee343b48a146fa0f0276e17d,True
447,L23,8432623885329206811,f9d17f549e713a9e7ac52285c2a173d45cbfd5063a570e817f4e02340348347a,True
447,L32,12174763360110895739,7fa5b5253b17823b29602bf15e23ca49155038bb7e249dd139c74adbf34c6815,True
448,L12,3328008477628184055,3b2e77d4836189b87b832b4b9922acde9d5a2e6e89e021323969fe6843f4458e,True
448,L21,9971830483732013896,927e37dca7f83cf0383ef9e56a879308ccdfbcb2d9dae81718f895b7efa7cee8,True
448,L13,12155144295531236884,d3f53289b28658d1040d9ebe17533b59622f03e04403d67cd662f03113f1b4bd,True
448,L31,11252358296004066894,3e5a91ab06681a6081e878b59bb97e0536b1586b6abded225f81790cb5e3e537,True
448,L23,15549335081874166681,f59a59a9d2288367a8f62e7260fcce4bb25ed1137f1627cdba2d033c5fd75de4,True
448,L32,6775927763815570089,21804d27c5f4d24664de6993bfd3216946bd72776f1e33e5ab9258a3fab1259e,True
449,L12,1988991221474469842,05d157ed8ce293a73a13d981d43c0d9beb2dad702db5fd024887464db95ac1db,True
449,L21,713034387343150794,7feb23fc50b087af69a46e364f646cac8017908a81b78ad6d9991b9fab64641b,True
449,L13,13703228669972215905,20806d9fdf696d5ffb9bc7b8b51a1ae919c370fe22df7c090eec55168161a6d1,True
449,L31,7021126627092211070,64b84f6a5d6270ba5816e857dc99b11adf8fbe2921cf125fc8cf1c2fd847b5d4,True
449,L23,16524127952318207558,7185ac2bd14f5af2dedc6af07cf08befe3df20b17d23d875993ef1af1753105a,True
449,L32,17713491970839000832,404a47d251715b254a9bc693be460a10dd9a99b2467b589dabbc257cb29deb87,True
450,L12,3175509564996974153,2517ccf95d40fc15e14e7a9e01c4b300722a8d81cec37f483dba9b0ae41321cf,True
450,L21,2737339655052987366,a111c23aa48274a38c4738c8307f7738ae28e2c89f671be5395c3c2973bc81c0,True
450,L13,2430412428530381409,1341902b7b59ca8a79d79970cb9f5ca28466e228337d9ed246aaf1f1c8772d77,True
450,L31,18209593300035061946,5322ec582a46e45f63d664bbd9558f290b13b36f12cff07cd6ff75ecdc0417c7,True
450,L23,1706671835939310069,cffb17acaea2a4c234d027673ef14fe04868cf61fff2032c77b33baafcd23c65,True
450,L32,3625336023471995934,c4d691f7edb924b0f6ea0dcdc4b290b86819f580c9cc9bde1a900f18cc7e7101,True
451,L12,16015950307088119250,25fae13ee6c6a32dae6352d28e1e96882e4ba5bf3c76d272653457f117b8c30d,True
451,L21,9418066578135717372,be6fb3a2d8191ae4ef39ce3b96bd70365cbca0c38898e6d595c90b8b87944900,True
451,L13,7703806858286685082,126c9a61b9763f609ffb302ff12eadd81ce6a08ad7c610180d72c4544716fbb6,True
451,L31,17107981498017059081,07cfc3fb67d6600ae4bb513269480aed7292088e823976815f34c325e8c2e2ea,True
451,L23,7140755803710791790,fdd9cd53a68f6eebaf0cc0737a10e31766dda09305d90017332616b1ec5d742c,True
451,L32,12374361067426976017,fefa2ed6d27bee702aa8d3849799cc7f03e362aa693332a46c51c73d148c31e3,True
452,L12,1814662974834716528,d20043387f8e6e083d0516287013cd50fc6c88706804c14a0f5ed19010e0598c,True
452,L21,14727862604737543593,7e3d2ddd85cd775d40c1aff59021e84f936e95160011e4ffb9316f159956eaa5,True
452,L13,6702979381932285964,f272868c6fe77f5d46dc63cb7da039fbe56961fb0aa72b35c0e7b6eb12f12b5c,True
452,L31,14909038363261163943,f858609d701f371552f95db6edec8c56343b084216873d87ddba832c8133a421,True
452,L23,5614296841456648334,061632f208e2cc2e3c9d9cccf00acdbf2e117fde703dfccc268caa95f68ac030,True
452,L32,5390627408562731721,b0cdeb126fdb9f57be259b5dc1b7af774f0627e8bd560996cad90f72fb89294e,True
453,L12,7357305756221139016,0a0b476342437a5309ff97c64c329c3cb0609d5d6bc671772869f4a54ca92c65,True
453,L21,11966502641063496051,d670dce3f55dd5f865cf16658d627b0cc45d8ea8ba3a4ca056535002dd8dd776,True
453,L13,18150230593749486360,933c27ea5ad3ce85440a058eda462334c76a0f7bb0c792c165e9cc4de5e447c8,True
453,L31,17683838141293812671,398782222353c158ea22d3b9c665acaebf772928cdcb50645c6938b9edd2a577,True
453,L23,13366469410247127545,95a6ff4e364c3cf6e14bc69014a8cab17d63fe9a53956213e0b2bbbab505dc9e,True
453,L32,12854020889216138239,5356c3478d56e52578ed20019cbc37a2d392443e83366bda9a08478905ef41ea,True
454,L12,17545824790007244317,c7262e66e5f15f64ef9f53dc61c89680fd65f1140b8ab2fa1a94d6de7bc5a07a,True
454,L21,6300133469439949771,55ae763c6a15a60ac9395365dff0b1ae5bd9eda15bee6d1c7e368e6c49fb4563,True
454,L13,2594005417624950066,7bf0d869d5604610811b5f1cbcc731c55ece5420a95575dcbaa28e97476ce2fe,True
454,L31,1313400180658869941,0544c2f882ded9acf8fc7cde46dfdb7c116d0efb670a4a72cfdc6b6ab4875a92,True
454,L23,9495170954491335174,fa3b451436dba26ef74bcd67c977fda68f1ed409925ca6669f70ab1399bbefe0,True
454,L32,3186387707455232796,ae3d76eb374f312a885243a0e48d7bce47236e6f5c698bb4279ecf1c073f362f,True
455,L12,8594451787263934043,7f30ed9bc7884dde3fbc7ea076dac731588b8a56a017fd31f37e983e7faf474b,True
455,L21,9382525740717487557,cce0b48d1f7b7e0deebb9bc0a8f5978e5ea557f4a4b6e7cf9726c1b422ce9b3f,True
455,L13,15800699459979507417,cf7e252bff115f6923e9a35f639ed77b89cfb4da95e8c3fb4c7f2aa64f0bbb69,True
455,L31,3081805538994661003,94f97e9aabb31ee7a17d97923e2f6e22c2358aa49586b331bd1ab4d0fdc908e0,True
455,L23,15023190105632414020,881de9a6edfc0f1ebe93a585a5edaccc524d45ab07f7d2336526b7ae2dab0a2c,True
455,L32,6362368840681730307,92c926cfd2934854d504022a9e01182e26eb50643b1e125a70a59fd9f37f588d,True
456,L12,520283757349555606,ae03386125e9e53d1e2543cd76009a1aef257bd31d30f9b2d2bbeed143a86683,True
456,L21,17951970678026972621,d3cb6401fa03e97bc2a5093d1d310afc48a87171d958ec92535e3baa7d604263,True
456,L13,18325601545450623454,8036d483033d06076daa40bd692b3051886218d5675ca00bcfadbaa82f3dc6e0,True
456,L31,14747485514146632113,cd3c04cf92b89889d303ccc1b4df26b51ad5f5e36badfc8168d3911bb8a8d9d9,True
456,L23,3030262804144780103,e491c4f9d41401f6e106a484a3a521502c3be98a1180e3a7c02df727f6bfc787,True
456,L32,843158517070584816,d1392c87a48f6a566cb643458d7924a67f52db631a4589024207aa14c889b56c,True
457,L12,10549134211204604174,9f120293d6d7437884d2dc174893d6db77d8bbc7a3a0e58df551637f76be7bd2,True
457,L21,11465401438099554541,4eaea3fac2137b832633d913dd6dcc2229b27ef41c89abb9379c0941db1d3b06,True
457,L13,4900118807706313054,6107db3546b52f958b3dddf73141d74f840f237da6f3e46c290aa01798b54af3,True
457,L31,14086388176320463092,7aff7819005e4b015d17c5f5d7b8afdf74384166742310269233b14aadc48bf0,True
457,L23,2149833826089946579,b25fc112fa9ac861e9b8c206bba9ac79f910bba774faa0dfed888e1542c164cc,True
457,L32,1772135267073007278,873e2167f1f8fa31b8b91830099a3208fb10d6d3de0280bd3bb395889133f376,True
458,L12,8519585410465397560,c5be12ba6669e43817b2f2f8200a86daccbd9893435a5d6fd1499db1c1a60fd9,True
458,L21,18227937837200409199,15cd3a662f5058763937d56f409ea201d067917525d2adfa16e07a4d17b0b834,True
458,L13,9114757458699823490,eebe01d0c2bb42346354c7b6408413ee6ae9d09dbbf6f4e2b13208274f05ace6,True
458,L31,9504080943381691394,85d87f8e8aa3562d4519250a415610a4716903c665038f5a611ca91b9e592ebc,True
458,L23,13354554789554923244,7f5268c0a53b8a41d1810553e9e6aade3cc95103b16b9f11d3846619be51f630,True
458,L32,2005991355999066006,f92bcffd590bbbbc2f66d168ae8569c3e51d9b0a4e30781526c69a60f79784d9,True
459,L12,14780527884720479917,d0ceb08d6e531860dae5c87f41faac7f787b12c0b106a36d09434aaad5eaa9fb,True
459,L21,4238845095476922722,6ee71f8fe4c08330890bb875359b7513ca043cd0b79db1b648c124d765311ebe,True
459,L13,14504861433224189655,19f2a0225e2cca4fc832e6c5a5b83ee4caffb9d776fa0442c6b1f4f98603f238,True
459,L31,3333393231382903343,a3aa9b500299fdc289fd7b0c7dd42f3ef09d354ea4c1e33a60701d1be4074ae3,True
459,L23,12158219793796329041,cb07ac28fa9fce5a1adc5c3cecb5faa585b238cc06f94fba684b01a1874450b7,True
459,L32,515770892874964958,6955860403d9e1b4fe4ec36f9bc5a1bfa47de9e079b69a65bf1516bec9f00a94,True
460,L12,13759303961683879040,b376c8e4879c8d7401c91665360b933c73024b56d14a16f3574ead28e967ccc6,True
460,L21,4370268503996226966,b612e11dedf3348c53a2dedac209b240763905c37e504e45ddada200eee97263,True
460,L13,9860192779789687860,39859ae8c6f5e8fd597a3e44878202766d79c2aad4840479a51c2fedf9947820,True
460,L31,17986909475227288775,cef4d03a89051740abe8c34836e8fba57e9ccba78f8f81d0be78ea0f1af288a8,True
460,L23,855109417022046195,6e00af29076843c992fb6fe32513dae1947e92b90ce332e561c8ac92747e3dec,True
460,L32,10757215999432877150,7bbd6db038707ede493fff661f372bde24c940cd48bc97a7bc56f8096ebcccf8,True
461,L12,10854090080177460719,335c3c97a14f635f24742598f36c4827a06b54122a1d863bc676f29acd74827c,True
461,L21,13664448456666248459,52f7b8bdb3be78cc23cfbb31db8854861750d6eb50589fac7cf4daffc6a7f34c,True
461,L13,747299988676617030,05f810d508b068d12222d1f875b5b53ac17f751735475f03202ec30eb4da9396,True
461,L31,18009491985760662569,e59dc9b4afe4f21e4f70a1c560dd4b678049daf1cdda6c436f6e1652ba7cadb1,True
461,L23,8156386867080789967,d4bea24e1083fdb0e0c50a0962c65bc671a73d825f1504c1f58d62b9d658d865,True
461,L32,6907706679421006298,a22d1dc2297c87398e16c4e8d815d760276a04adaffd2806e12b376d3020cb4e,True
462,L12,1779202022515966313,82e6631cdbdb40790317a28a6dc7013a202c83efa330895ff3f00344fc1b1be2,True
462,L21,18245068509591919494,f58ad0924f0b2318a8fdd1154f7b6e02d1af2a3d80bdad9fa05e9d9640ee4ef8,True
462,L13,913258922918961147,17060e69730b111cfadf6e34bc511f678e123271f1dde26d819a092141ab7e48,True
462,L31,9505843928515916760,d60cc1b0097c63dc27bb55efef515589e958f03f30adef31b037214375dff1f6,True
462,L23,10802411965905984923,33c71698a917b9f928768ba49cd207acb636f3a039df9d50396ca360e7cf8ba4,True
462,L32,12478833311697772104,db7b2fe1bf7561f62c6ae9dd8ebb01ea872b85ed652b885b6341c1187d1b1b41,True
463,L12,6717105689704320005,a9c75947f85baf5ec110b5c053302ee22a6ad03f1dac013e70a96058ad0b4201,True
463,L21,15850777053343241328,fa137f464300b2b212f9b89719fd106d59437fa2db75dd170380ea3b9940d82a,True
463,L13,14696217020642134192,c0a2882f053c35bf15ffe753fcbc0e9376e1e61f1f0c596ac86f09ab039c2c91,True
463,L31,7766836486611381259,2b58f6ea45bd5625918591d9af1fb2d351b53c4477761b1875332b0d824b3bc3,True
463,L23,14616507480030411628,1ef9fd964f3168925be177e6618ceb706040ab6f77e1ad3b9757f535a8befbd0,True
463,L32,17839155814820315657,a483365623d20548f42755a8989a636111498472e2ec1539832f32a07c502a7c,True
464,L12,2074901665754545572,bdca4923a0ef4c608619d994b3efc25847b7d261ca55ab072357c19efb0ffc69,True
464,L21,12945334363161068193,05910b4eb4cee398cb19554daaed14eb335d71960f4fb2f48a7d3cad29ac18a9,True
464,L13,3252270363418904187,c57415502005766fcb85b22f2ab62690810674e0c6a339acabda2c4b61257f59,True
464,L31,11283466447216336947,3708f983faf1f880bf82c17fb47a6db70a1f51bf284cc01be5a8d20fe097cf08,True
464,L23,2947893224818038603,2cd6dbbfc49addd3c07c199b35aad6a3c866daecf89f8a0b7ff913ab48906709,True
464,L32,17488686371548030522,d9a510a60c268c49ce7080746fad3ce99552da0e37529a62a331b878bf48c91c,True
465,L12,10297351648362895971,d6014826317334dab29171cc51ba20f216b1c6415cc4376257b757271eb94166,True
465,L21,17878254689347877076,b7bb6b24b47069185a096973b1da22a69fc8f104cb6c1210c7d773f9c51817d0,True
465,L13,3252789519017007635,255859900b5a54c1de2a1453c60cb21c5d91d060933f84b1f0401cb760054c96,True
465,L31,12952626913539805272,4ef5c8c345f8666e20aa0ed4beabccd430667837b06a67d1940639d32c68e103,True
465,L23,15815299705381340801,15c7203791a583b2261fdc7f0f4e0eaef04ddd1779e82ca04bf969cea93d3aaf,True
465,L32,7318720805291175682,f71eafac615025408c700600d5177bacaa3965193a6bdcc60223eb168c8321e6,True
466,L12,8724843864831959786,cc82dd4e10738fbb4d0d500fcdcde17d7dd8a72b0a982ec06c6a99d85b18c545,True
466,L21,3720029981688755944,4b1874dd1851a746c99c8f5ef4bd127f5ff28533ad639f1f0d184cee4cc2e4c9,True
466,L13,8056677437436793657,caa51f54926a4cffbe0773ba50bba2f5bb3c9ae3cc135dca7f6569f50d5b314c,True
466,L31,6062093247604500524,523950c73f4f00a83f2f52f938fd2dd6dfa2fa4d72c24e71307e09c14e7f2865,True
466,L23,6487079989716620774,780608eb038b9425a54e951f4c93e7817be3f446aa074de2b49cd4f66bbb9a65,True
466,L32,16812438642708032970,b48e9a97e50ffc16306e39603c73f4dbfa4e0562278a8c132d1bd671454084e4,True
467,L12,7584503626475686689,5540aa296db7d8049536c05dab6f93df11652013efb7f3b96fed6f2c2b1d912c,True
467,L21,17129457460546904147,d08053f5d856c80dc4b1840f5bdecfa7661af4a5dc2d8eb713c76c8b15a6fc73,True
467,L13,14917278015183789989,cba4d7e6e42c3517689f461f873fe09cbb92de1ce465f7a5f6822c95e92b6e62,True
467,L31,2316631282016200753,45e074b93ebbeb4e122140afc7078dd7f187182f1ac80c1eec535eb074655937,True
467,L23,6233256848912730414,0012068228b9667746e0d486ea3608a6562e1baa3e81d06bfa1ec3b5f228676e,True
467,L32,12284563859052075077,823799c6a256f24832cc290b021a53133c6acc0466fc45223a42d336e4cb77f0,True
468,L12,2634828098769524562,a2a67e90400a1d5927d283a1a2fa9fe9c40f519000112a5066b70a25b71839f7,True
468,L21,18326918072819008715,f7661bec7773d7590158b5fef98366a134a453afbe885c02113a0f85046b6ec9,True
468,L13,5589102383870557706,51be6733a8100c3bf0e0fe2aeae758c6063383420ef1c9ba5e5bb34fec97710e,True
468,L31,18119918536341293431,b4ed6445adca4594778051e9b3ea7ef60327625ecc058cf60a1eb5183da9fa8e,True
468,L23,2917655508527981220,4b9194a156841cd1bb4cbb6a415dd0807a6a89fb4b1bb91638d54004429381ca,True
468,L32,16625079105284183148,c55001475d68ebdb7680090d3be1bc6cd84e7643aca4d767ee2c9f85649ca0cb,True
469,L12,7700653991356875645,834f72918af3bed0bba5309d4a04483e0e6fcc76230a187ddcf695a50ff978ae,True
469,L21,8436824216947385492,2597d75eb543e1ff00e7347ed3efba36f5aee875f808c59be08d8c48f253cd64,True
469,L13,9014768614581133270,d91930ce096897914fd5640764efae31ea4a47d6c37368133ec4176adff3f357,True
469,L31,6254854212340877311,086a19eb24dd977ee4db849dbfacb52c98e10e227a872fb7be9fe3155e5a9918,True
469,L23,10772663046773193518,8cba10e62a07589672df7c0bf72fcb3a23c6c2c86532f9dbf87f513a048ac53c,True
469,L32,1317062153358744139,5bdb4d69e92cdf8a5c35be1ce483601049785d21a7355f38ea104eefb3e246dd,True
470,L12,14423351786161075571,023f39f654f8f7b259a8f74de448a201cbc257ad3bbfb6778604f6414eec880b,True
470,L21,6010857177478094382,b3dcf2af635e0bf831ebbd1cc932f836d558ad2a57488a639accbb1cccaa9aa9,True
470,L13,6318517460344412396,78d61d79d1633df1cd7ff9af937c0b10b491ecb779a2835d76b255970954cfc3,True
470,L31,12929424370427417930,ecb1a2d4e9db8d48ffeae4019b59aae7bd1bcb41d71048a0cdc9bb90ad528c75,True
470,L23,9850723319637301342,850e730b0a4437231289d8c82813cecf52939a0cc66432c0a271a9e73742b1b2,True
470,L32,9032704165978512017,6da00e75d5c4183ffb60f1632f67dc4bb02bf13850db3760991c17f296f835a3,True
471,L12,11609637438188906335,f67be2195fc31cdfb23f73cae9ac05e3591fee8c9befad6cceeb18c7b4074d68,True
471,L21,15240481670976401864,8f029769b51dbfc5b05b7ca421abe8c3d095e6a3d846f24a158ea82056be214d,True
471,L13,8967365084411123433,e4233cdb5ad916f5e9598067048f924ff71b42dabadfa7968eea777c3b2edbe0,True
471,L31,6702982441011213114,8f38f114498f0f2598512a302cd4113d09be1313cc54aa3660266322adc2dc85,True
471,L23,10518317437473738075,03172816692344a4001ca6618030b91459b80d28d45827249e5cb8582cfd609b,True
471,L32,4612150420715952542,a652717de7568d33a15c8ee809c4a95997b1634aa0bf3637de7f70150a2f1062,True
472,L12,803688314683974574,67bbf8adaf70bd5954e692cfbc0c4dd110d27823f33355c5ebe96df3d6dc6ef5,True
472,L21,4600628108898065344,49a78b419730a690fc6c29b7e735175480b73eb0af43e370308d381a89be36d1,True
472,L13,13304311153212207198,8061a34d3dbb68a699945081053a55d12f333288eb784112e5d74d04c234ac0f,True
472,L31,10933106115743881022,e5c5d46cc345c5fe241846790fcf1c38d6c60d80ba4e23d68a2577924c4708a1,True
472,L23,10534433785498313807,389849a749ab7ced606b153e9382100a2d36163c691a5b79506d826cabc56a51,True
472,L32,1290054682946084523,38debba02da576f6dd44c6175f198ebbe6286ac21700b9f626f2850961523520,True
473,L12,17399465259493263798,c2140d88e6bccac87d2943ca65babea3b1843ba5a1a12786bcb4aae0aa6ff617,True
473,L21,8080242414937579515,58a4d3788817e5efded79a3a6b7d00afe865a91631e89904153da17b624663c7,True
473,L13,2389232320629742065,c0dbb51cbb1b6c449ee18f016945d81e35edb61c3fa2be19f2723819417290bd,True
473,L31,9397774678434117201,e1d685b00c8db5e66ff07f18e950b9ef9f698386ccdcb26fa3ebe120ce40622e,True
473,L23,14703620925259856202,07ada4dd4361fb9fb2f0380b90d2e4afa4d9f0e21e7f10b0837f2375bc5764da,True
473,L32,14318998559295430521,d86f55714377efb70352c8e6fec0450baa5703b6a6d7a1afb801630fe495647d,True
474,L12,16517768416908562962,059b7b0a4abb58db0600d63f01b5b7ed5c729cecb49ed3530a653cb1d91319c3,True
474,L21,10828829879425595449,773feaff429177af0b07d5930ae95b90bca4baaca4aa0343e5c9300916dc1806,True
474,L13,16692814008594375582,01b67be2342654505f3a8c30ed0125be18a76d7865fc3d3fd17945d45aa43139,True
474,L31,16753898244066383089,6bf2222457d541792742a1ca2c8ea2d21d4d811929cbb6e50af64fe1ce5b0bb0,True
474,L23,17652636367770133930,95d35ed025b614724fa269f2d9ca34511e4908ea2616de35ea1c2395148afc25,True
474,L32,1982416312262371654,3cc397708dece00dd0cbbbbabdd378681daf7feb31770b398820604402d3f13a,True
475,L12,13451951252198067664,14059e2fa0e40b6eed2fe4401c00ba43ba71327d86600a4fac473cfbf6e4c412,True
475,L21,14091435873273999007,e00eb26737f057cfad65a0d46208333d2abc611e8bbc83b11860d6bf0a5715e2,True
475,L13,15692604976100269393,b37a0b2aa4189143fa527ab1e677f9a696d904f6bb37979962daf4b1d451c5bc,True
475,L31,4986275979159486858,a50cbc2a458c3bd520cc44f1de177f5bcf275c2b0f84527de5cc3d70e94c2eb9,True
475,L23,11457210058038394296,d3ced3d786bafdf89aee052323367ca4b991e819e8472488a3b7ae035be40593,True
475,L32,3765471419951465894,3813a98f6a2815ce591c6fa64547c69448bf02af0d60d84a8d2b6ad2bdf6ef8c,True
476,L12,988842516316576300,7e997bdf8a7bf02a4745a5ccbbf7d8a878b8a9a0959f3efc5b402d6178b7cc0f,True
476,L21,3978209381836906797,ebdebaed68c3c964cb3f548a5779b0920842b84b9afedce96d29cd94cf63da4a,True
476,L13,76714010337650222,8685b36191287bc8648df8559e767a9d92bada7948dfb91ebfdc17e750b1813e,True
476,L31,15314834667172721743,e1d13ac8d48230699e63b55aa4f9d3bd047779be125d9e106bcaa73ae372aab0,True
476,L23,7952649378545348424,e6a48bca838c43e4355a775fe1775b044630f2cff14a03eb6759f92d900359e7,True
476,L32,13980193971205924014,de208a8de9c13a7aafa93b90a5a2e205ba5ab24748e9675b162033f948450b06,True
477,L12,1473245279421887811,57356073b40057ff1369459a712b414991d7cc568a892b138648c411958fd144,True
477,L21,234525580023030977,065314b99a946b8e83b4728712f54a1d557b16095581ef985abc92eede02f852,True
477,L13,10849830625383072986,4666d5d3b4c648da2a84e55236b5ff18e1a60968e738d521164b4c91f9ccf130,True
477,L31,11859103636801402512,ec386bef56a88cd327d279954320b7f855c61f0150c417ed11c040fec25a1150,True
477,L23,16008866464309346362,57355fa330b7bfcb62b7362f556d7442496cc4050f4041cbcc116621bbe66f3f,True
477,L32,3248094918673698132,cb5b195efa80c8639c14026415083cca072545871a9551a070acf24dc905f1e9,True
478,L12,16586753852694964619,88e7a44e0f36e71c8e3eb7891eb550f616801e02787c3f23b894a6cb477e07c5,True
478,L21,6547571860194909921,8b86aba126ee103b6e325f2aa7d368e9c224dd40a2d98e8f57b89f68cd145be9,True
478,L13,17630538513389925904,0e0b072fda607ba19f723e9dff3daf0adebd1f269109fdb22193a212a43e2e71,True
478,L31,3271012085701644940,b5d6b545187a00fa788a6ab35a63e112ae737b7b8d08bc8b96faabcbfd688568,True
478,L23,12413408520712239856,1c5996eb07267479ba87086ab9d1b44da97d9629f1e11ce4db82325c763dc8c0,True
478,L32,15545604223678031874,b8563fb3c707383f4b4623c47d506a335d619289635f4cbc5480e9202c1114d1,True
479,L12,17587652044449626890,fcc747e8e1febcfe7351a88c6a6849df59e922494cf7e71e62a1ae95d3e75285,True
479,L21,17391452214374050320,a34c117454944c9cac9b2f6f4659f418921101179fffac93af249566a58e0989,True
479,L13,4627050526633890701,8de74614cc5ab539651923e255e1c8493823c6a848a7d3ab96f2d66cefc491b5,True
479,L31,10720225907968290525,5d7198c8ad00cecaed25c8c350f0965c992f685ad44a1abda19f91fb1f0aadb9,True
479,L23,3479750333348778361,06007a66e40d9a60dc9202d9afa018708cabdbaa951627b81fd301a2d99e0dda,True
479,L32,18112922802792352131,623399cf2a3ea57a3fd7b404449616d2b4d7c9ee5e092fdb5d47e5d47da09eb9,True
480,L12,12410357668139433648,364acae0f85b6ba4cb986affbe4835fa5ec39740718474a9da704c485443b864,True
480,L21,16474746713756046928,3a5d020317423da8c51de08e544c4056ca5a685842deda95eec56b92c46ea686,True
480,L13,4299007141345967959,2947479d923a018053c909fccdcfb57477e6fd78046d48b5d979d8681b261fbf,True
480,L31,18217832082493725409,f55569fe6cded35adfa261f35a14b9b0e10714d320efa66d4751a0a8bea664e9,True
480,L23,10087773033945109910,274d13835def93499535134e9dc6ec9f5c3f770e6651a071798862673bb819b0,True
480,L32,1798264482259630150,de7a9612082386c597eaf1b5f5ba28e51f3a551dd78c2180ce4330df504bb3a5,True
481,L12,13279151086102073252,37e5557222bb00465b2eec7e125439f4281d289aa188cd375da5aaa67adb654e,True
481,L21,2380762010559667595,5421abe2f42704f7d3b6ef91c4ce2f5c12aa726be36c6846ddc0c6332b9f46ae,True
481,L13,9787346801965547829,cb14f576d6b3f1497445583ab83ea4fa87395eedb5a27a07c3cefcecd7b2fbcc,True
481,L31,3461090929083792878,74b9b7c2c41649ef79d649617e996763e3a78756c1eebb43341c5c1e632a8421,True
481,L23,2054547243269327747,33f57b5b7494179c31b636279fdd850561d8fbed5fe0f12bee4c1480ccdd5163,True
481,L32,17707399140865507473,28aa3e3d415eb589341feae15c94460e8bf4bbdde857632bf5a8927996b0f857,True
482,L12,10836011113609032938,514e5c7a9281917a6b2f0316246c49e07e433644521858e795ea062a27aa0f9d,True
482,L21,6514726140033665950,40031f0dbeb3fecf8c2a09b4f8b43e454ba43bacaca29e5045f59be750359f84,True
482,L13,14463405756341543306,685b51b3654d59edefb3d3b56715db801790539188ea3aff013bef1e06d85a5e,True
482,L31,1997647143077542998,0fdcde066967ccda96b172adc0203f58d89a649ec6b9ad3d79bba894e0f54d9e,True
482,L23,12777030006118946508,b6d062ea3b31bb1d27d1dfb7a7871cc91b2bb85aa9824e4847b9a0383dba0394,True
482,L32,10317370474325837952,39a2bf551c0017959de49bae78b12c6aaabbe3170f27b14d3787750972e072af,True
483,L12,908411397986768260,fbaea8e3dca649ab64e84dbdc33914a91c295f0269d3d392f091a83c1b5dc1e8,True
483,L21,4536005060849973225,5d6dd5007dcc7c7d89ed62700ba5387fc1e3d1b97fcde04c94f210eb2714a09e,True
483,L13,3015928571910927753,1ba05d36c832d566e0e7ce31ef05c388b5d65385aceaab79d9124ee346b5ad8a,True
483,L31,10340325939461934258,7d81a46323a43358754137e31dfb8c6c0afe6c94cde161cbc94af9a73c4043c0,True
483,L23,15010157347002294760,666a31db656177a742c9d4614ad6ddae2f360cf31729ec5e8d72cff7aad5239c,True
483,L32,17999037744776396291,3510343e306585e0173e25a6acd65b06e35e8f5707c843da5e3c98749116117a,True
484,L12,17671784561946906175,7efff64373ecd400b70041a88c137afa148ecf27a1d6f8e565a39793eea2992b,True
484,L21,10472635774792253060,8d73ce6c43c55bca04e020ae5842fda446e49d7eb6f2e521dc0aec926b15ec94,True
484,L13,14466581174285031580,debee7ef50fa4e6da57610541a544f5c788e7d9f0ea4a00a0509ea7c3b68dc8a,True
484,L31,6214195948891874254,9612f20d382e6883a43ae3f0140759b47eba2fcc4cc331ddfb63e0bbf5e07fd2,True
484,L23,6362471213098032076,c6e4547ed9e377060a9463e211b9fc0d13b738c49de88e2c3feb63cadece00ac,True
484,L32,4240104889887293037,7ee37552c038c4ddb7765fe8ccfe4e320558af8123e86e58f42e7ba1a0a4c2e7,True
485,L12,7336595671958247375,7a32372dbf9945a0b09f7b46d4b039067120bc045a236232fe08ca7f2861f365,True
485,L21,12033310070823223465,44650acb1bff52ebc096d30c441e686a24d34465182ab95cbcd30d84d05bfea0,True
485,L13,8695883936977767378,f67c6e66519afd3cc301206d1f8c6f8a1692f8b904724b7d5946710978336827,True
485,L31,14647868575641316972,865a74761979d709da13ca478847f7fdb2380d34ed65ff3e60d7fed8d92650ef,True
485,L23,8171402399774735744,c4614d6fdb10c4b674a2b18cf494137eb62efe5aa992e07beb543cbece3f13c1,True
485,L32,1301818242031030303,3742fffe87491783bc130e62494d89e73c597e15a00f96bfee9eee32cae8d524,True
486,L12,10199470166324530423,863efd685766cbcecde0c61aed80c76e4d8dc3fb81498f94955999c7a923bc91,True
486,L21,17780699937625883545,9596670e0e42f85ad9b238ba914e4d926a41d1ca7d4868ed60af372233bc24fb,True
486,L13,1134411972753603188,25fb8b32c96fee2e1a976ad06cd3d545647803a9b7fad42e4269805f43f15659,True
486,L31,10737805122252416253,ea5dd62f3c0be6940779cd345aa323c556d177748750a7a7b4ee5aaacec0e088,True
486,L23,4412781919106748689,51164d8dc210f26ec8449e42925ef377760f8778b4dd96ca92573a35460c965d,True
486,L32,16062585635398400734,af0631b79d804f4943e6fd8db69da7be3207d86a9b2ed4e4cbb3a68e707138fc,True
487,L12,7917799233152229940,43b438f7157ece958d274a52e09d7d3b2fe6fd1e758e883c03d8d46d181126d1,True
487,L21,9476237830972034316,624f3896f1d56102cf4bd120fcd7e470225f0aff8e49301b413c51696c5009b4,True
487,L13,8426064220355660833,6fb2d04fca84b98566f551b3a4c3bd67c2da30f9bc6e2d056f71f1e63719fafb,True
487,L31,5094739597150058059,862701bfda1cc956ec8a0c1fd9b5b19b747503ad93ef906907294711766334f8,True
487,L23,8806458692071462094,fa5ff82fe56b567e57077bebdc974766110a952e872aadcabb950fcd82371606,True
487,L32,4000986844595472494,2c144db31b83d039a44d93eb8d3edd4fa2ae921292d85cb2059eb4e86f913b46,True
488,L12,5816869388070846753,219fcd0c090a894d8fd0ef5f54341f77ff73ed43d96547b444e08beb081ef0f7,True
488,L21,14938990439425306805,b8bda1e29ba7ffc6706802b4b429a9367e27570d25b9869f7d88abe22ba40607,True
488,L13,6030111030980071883,86e39324e22a5d8f0c884936cc3116fe5b19fb2df5a304ff50c4d4900a988c6b,True
488,L31,1191373506491162914,37928c1feb53806d8cd849785a37d6c183b8d3cf526c6ff259548195d0164066,True
488,L23,15225052978270263135,216a843266480eb34ac7377c7e8d23900ff3c49ee7ba6a9004c499023e3555df,True
488,L32,3744434446792113345,1eb5a3a7262c24663cd42114992905aa2dc60b27fbc553aee88983be140b4346,True
489,L12,7103057883180254677,4c174b01fa178433afba80abab4e3afafd41f82e6805a65f7b93aa3c30067c95,True
489,L21,13841469498349248584,11dfd4157e617314547a0547f68cffd3868bc17d00ed1311f6e39bd769fc18d2,True
489,L13,6877575036019378263,3f392bdbba3b083cfd4ffc4f079d258bc13f81b1e36ae1ca4eae7975975bb744,True
489,L31,16403397802200422895,5fc289a3b3f8c916ca46053605ca4dee467fbfe7ec1fc444a23488b881b6ef7d,True
489,L23,16250052260345613035,49d7a7e81dc4d39ef65aaeff7abcf78e7b3f1c2d79b78386b3ac70e4c28876e3,True
489,L32,17916192248588246768,aba9821ad5a1e1654efa2b0a4e1b626a14055cc8ab05d5b137fc39190b208616,True
490,L12,13553749653068460343,af8d3641afef87f5e441f27a260e2a12937bb929834a4cc675cef9db74da4c5d,True
490,L21,17361696646857687983,0b18a2abd5b710d8cdfa21d0da04095ba6e5309fddfaae23ae11cee0fe44805f,True
490,L13,8754758245173697764,cc677ebebacd0ab7fde6168fcedf59e565aa788fd21d80e7bf0264868d1135f0,True
490,L31,5691611991543418943,053b4f33f0e805ee3b680d5024e9b173194fb6df8a58733ec45b1f2e174d2426,True
490,L23,3644515012570256538,a53bddbcede9e8df5ce4d5b1e2ff02b74879d3ad25957160d881d9c902813f20,True
490,L32,17417830613306575127,d6079c573e68c3c56cd21ece8b649b1a6561ace5c812ff425682d564845d7afd,True
491,L12,1973436808768066763,c02e9f937525319d60e283f03eb130b0db9bc8cdec935c6506d55d240f5ec84d,True
491,L21,15726238075084447601,070c7e474104db644eaef88ae7b0e0cfac32f48090d27bf1ee00d519c4c464cc,True
491,L13,10003229112987570987,8dbbb41fbb8d9d08ca7229b5ed91091def1bc1538672aafd64f99f4f4f896a51,True
491,L31,1956131593175266926,f0be92e8d34df2edcf27e4d16f197e7d0f2b4688f1528e8da8683cf43fa98062,True
491,L23,8799708649237936863,fed4f385d61e4387ec3ac1a3413937661034c90bd427cd7b862eef7b34a9b375,True
491,L32,512484426508911863,982efd2afec7b05a27215d3993b4a5f10276423673b764c5975380569f2adfa6,True
492,L12,3554018607224048133,fa36691310e8d665c5c00731497378a18de729d787e4a3354a4cf921fbd638c1,True
492,L21,15887757520159343959,6df20c2e987d4a3aa193deca52c49fee0df5cdaaaa95e0ce44696c27d58299ed,True
492,L13,9553211878349053296,4f6bd7281615e492f993a82c6c7f7a1f745b01e4e93b4f4508dc7c8e054d72ac,True
492,L31,3300595766874195312,9ca146b2a7c7ca0ffdb8d70fc4b75f2ae18dfd3d7347fe2c4f05a7268938bdea,True
492,L23,13829999139859925040,075f4324a8641319fa4c0336c95f233db1a2d73e19e81d9d84a35f513265cc8b,True
492,L32,1323574795533932253,2f5c161ea8367fd03362bdfc23cfd83616e83a7814735ff218abf90e6752ce0c,True
493,L12,2928196713066748766,415d63ebd376a619c1367e575193ff7d18fb9025904a2722077ae5d8af49703b,True
493,L21,12711431553409186374,e478eb61bf22f8422536333f832ed9d1a166199e1e661ada002ac80f203b3084,True
493,L13,532081432820268394,6efa361aaae56ccbfa4e6b2422633a927a44de413330642a3e42aa73dc2ab939,True
493,L31,1703571521968564338,a7bb4ab46cb4d35be364b618e246863839b9bf90348383ff9849722d48187778,True
493,L23,4797413739684091666,7832a50d6e891ad8e826fc135416510e79b5c73150ee7f72dda3ad2a25d14583,True
493,L32,9611470449664594327,91c321c06745a6f157384d57e9c5fbb1baa680e824012d25d4ab674e5036a41d,True
494,L12,15097959961359636759,205e14bc850b2d87da6f61e76916deeda311ce48c7086a5d17ad1ce81abb5896,True
494,L21,4771073240559656347,38b7ec8c05028b0f4ffc351ec2d426d09f8988c31fe2db44e0650e740b0c6ee2,True
494,L13,15820081194228682372,e2aee5bb02a63dac132c9e6783dc590ea92016982757b6c055319ac6617cf41a,True
494,L31,17493622712236893518,d6fdc35931ccbf6e7b71e9795f90b9ca479154f32fa7f09174e635943dc19b1a,True
494,L23,1589101442578253013,f962777204be72c047044ed89f38638b38c0cd8153150c46384c7e99dd8a49f0,True
494,L32,17271680616611500827,5a6bfb9e2d31c5ebae1e3e35ef2a2c5f093e6894c466e3de1d6d0d666981fe08,True
495,L12,6143247673976293251,cbad1cdc2d07690e5cfea761050bc54503cb536b51dd63cfe1f62572bba1b6fc,True
495,L21,11574207193784576734,40cd7275930610b71e6fb2690cc2c1dd22a718bcbdf884cc361041fb7a2bb16a,True
495,L13,13619722511832453375,e7defb2746bb55a6565a7cef6091086b68e6dc529be769b97e3951e8a713bdf9,True
495,L31,17540439796859761901,04c8c62592ce083e928b24725866c69c0df1070af34eb00a4b8b6a1d1a771c02,True
495,L23,1389056431597338967,97c6e84ebe2b684c74d795d3d5a4263f6f8a94947ab54dcb14021c74cbd79cee,True
495,L32,8894310906895712794,c45a16590943394fda0e972e84b570d8c98dcce527c649d9d623698688d30586,True
496,L12,9685813607986070394,20dd5613860310fcaea7a4f7924694c127a0a60f3d48a53d9a6399bec1067dac,True
496,L21,619268724829612294,ccc9840fc12dfa7691a9a2a40310550a35052c68a574eee6ae3b4575d9e2bed5,True
496,L13,16720882900074851755,d73ec6e9252ed78e85177b7a27ecbbb11b29a148e10fdc11eebccdc16fdd4b17,True
496,L31,16522962881118714916,73565b2fd1aaf25bc90f321a6d2abd91fa3d768f34f98747dc877ecf835d8104,True
496,L23,7480634526351266017,3b09ec5093c2d043940dc6b295e95398c16926b05ffac95019a6cd86e2d5f9fa,True
496,L32,1130497396871942743,9a8171c7529ca9102c38341acc4c6afac7ce305e8cd13d0ab598a80719e7fcd2,True
497,L12,1317081991438555309,57620e493e47210175c2d7c58a848e1d5034a95195a54e9f91bb376e3450d84c,True
497,L21,4376884718097191249,5b29800606719d2b14bc101b1bbbc3aa6fce908d819552d33ea2252b08cffb7f,True
497,L13,10501669672725203460,d01fd412f7de380b7582193559b56d217a10b3362e2b337a8060353a0a952021,True
497,L31,6773147167593536186,f457cfc9daa0ab930bdf4b6612a50de8e643aafde629849d654f1b26624cc42d,True
497,L23,14278042896834633812,5c9bb0951fd5622112f51d0ccbf429cc2d0394741b61098eb386fb846cfac961,True
497,L32,531820650539553339,3748edf6ed78804e99bebb44be2392981b8ada0daa0a59db263c8421b9dfb471,True
498,L12,4780345808336851337,5308eb8d25591e999c91523b95143d8399d1148e74e1e93ce55b22758b5a4ec3,True
498,L21,3413452927477594942,96b8c95a18d95ea01435984fc612ac41e9b0e97e67dc7bbf084145c74e27bcec,True
498,L13,3248134603782197256,a89ac7e781e42ddea92358cb3cabf9feb521e0626832ad8e2c943e5f97ab0d14,True
498,L31,2732091266420704679,11b342a49ae161dacb1185e92e28bb46e9f0c98de0c976d005ef819acbd8a766,True
498,L23,2949038079197120370,bc77990028f43c6dd494cbbe140940a77675803705c8d97a501cdaf617a4a94f,True
498,L32,6942701510782149737,e9f41d3cf142ac98a6ba427069d9074b8aaa2606efd6e7f2e446e790631c896f,True
499,L12,2289998320791058038,c1328dcc3d62d3d97f32dfa58df809f8e1e59e6c6802aaa2359d7dd7d3708399,True
499,L21,13745776583540567483,e6d6a8aef9d30d8f18bbd6b189d705ca36838e5aefdee56ba916d0627736f57e,True
499,L13,4269813437333803818,c1fae7658a248311c26102ce094aa4239bc0d84e7e99e11a43d59043b3ce2472,True
499,L31,1981874861113380565,12c981703dbc2c9584d3583f072857b08f6ae6a39b5399234194beb90046313d,True
499,L23,17748484039607743920,ca341b46d8693466e0b5974f3b2d953541132348e67bda5447f6011f29b16c2b,True
499,L32,6854389863050246837,f603a5c47a57879d4e097d765bfb8b75b486a480330b82a7cb5488778c472c06,True
500,L12,1488591695127667467,68e5bf415ad55d8261a448029af5384575868469830084d5a28ccd571fd1b397,True
500,L21,1680702908473471957,3c5513bef65a6a417ac3c2a4f5915f3dad7b6b7394bba205c6945ce9bab6c2e4,True
500,L13,9136856115412473811,68d3104f36c10e2d8957a14eac11629fd98e1222df29c594b0c63549439dab3f,True
500,L31,6591595499948867268,760641ab1b087a2323fbab6c76ab6a832611209646d3f7807ef8dac2a8063b81,True
500,L23,2894587872031473191,5d1ff6063aa060a3154ab683c2cb5b9407232e068cf2bcf9a977eb6cdd8a4d1a,True
500,L32,4543071415549443248,912b9f2d28ba91b5f421808e907e41724aecf3c3b05c028f0b2880b0c0522bb0,True
501,L12,11172291264544582793,a02a38228d4ed8c7d34b0f5eba3ce7ea33151755a07f4d4135bbb10923bfcd2a,True
501,L21,5096879212085202994,c2ddee5b3e721d7eac7d36f4d9cca6e86ec35bd6204de68fac178fa36071b781,True
501,L13,8331644474352457373,c8ece83fce9f55ce25fb99baf25d4cf8944db2fc5baae3ae302337acbdcf6b20,True
501,L31,9007293750609751513,ecec7e045ce9c2b7fd904e22114afb7ed84b482464820bc57d9d7d0a5c7ae5b3,True
501,L23,16685085300478806260,88a86b03f97cb82f8f2541e28d2c8f53af7d4d24e508aa3b2c80dbcf536a646a,True
501,L32,1478060474475819792,01278c57f301b77e5259637cc1d0efa62871399cf37a283b44875c017d3711fd,True
502,L12,15076077923162850866,ce22a39c4fd9040db64854aa2e5b5861ac5db6d2cf0735d2bacab4e31bc912ce,True
502,L21,15368442417862714320,7db93ae34ad4e6c0d857c5d8e58b9565c5042562ad40d134ee61d1fffaee3f37,True
502,L13,1952468066004215118,bcc921f68e41206c7660083a2c01c06170ac00f7f16f30edbeafdc5d7a714eab,True
502,L31,5492613753475126770,d7bd9affc3479b1c3312653ebe9a94caa3bdd54f33a683bf44acb912961d7419,True
502,L23,13313713174890576975,2c57d3a6a43be032e6914f44143e342651fd43736e2075f1cc342737025128e2,True
502,L32,15049995748381613957,ca6ac696016913163c3e8a182b3429c6d09d85dea1f0e37d6b1bb6b0ae7fafe1,True
503,L12,5331346981923577519,0e3a124bed87a1d8f71eb9900d9482f8c576f5c26063331039471d520da72e9e,True
503,L21,9006730564303246807,76d78a0762a9c7e0103c6b3e7bdbdb714c335fce8afff5ad7e062b4c9dd39623,True
503,L13,16542147297081413378,0bd96fd3d34c6f8528f0617667294b9e3e5b49f78c57ee3f9053725462c0dee9,True
503,L31,6264119812578978812,c40fa97859a8d3b2ec30a6c7e60f20e28a4a654e3c5a415d19b6dccf337068d6,True
503,L23,708912799113462023,06094cd7f2363c90e5e1870692e44cdc59416e38b5a62c2ed64b4a3dfccdad3c,True
503,L32,3586952009595058824,81441137aef4314835e4c7b7ff810dde251bc2eba397ffc33ec9802bc93db713,True
504,L12,6691509945949625552,8aef572cf97bc69de6fe5a0e36d4d263a9885f70344b7db4ac12b41f7e6d999a,True
504,L21,16553561139398584484,428e5b6c47df8da36ca4dd0a984a041690d2d9d18a396969b7e736b2a942576c,True
504,L13,10328403355371178049,1354c0cf570f47db46373e8a630257acadb0bb10a8571252804d0bc784e71be5,True
504,L31,14853483140807685261,6785c80f8888f1004428ec8de415abc25fdfb33cc3177e7f1037b43e2da322ca,True
504,L23,12937746707491656599,50b8194627a35f8fa1814e2bac3eed71428a8ceef3d05217c4db376895daf9ff,True
504,L32,1066367267662143489,d73e61f580b584f3d39629999ec03ec9785ed11769a6054e4f859445b0c10dc5,True
505,L12,9867714597229997209,b261cc85dcb14c7f3bfaa5659caaa657c7e2c0adf52f0371156e536f4549fe5c,True
505,L21,16031776896655311053,1410c14b6437bbb7f20366f60bd7ea6055a8bbeb5b5bab7acc55f8f7d6cc28b1,True
505,L13,887461532567552703,6d59311f3fe530af97820751c50ef64e27cbf976542ab7182af4a0daf85e9f5d,True
505,L31,7962405810130094519,c5d175aa95395b6fbf87b5f29bdb90b452a25e57419a0bdcde39834207eb3b58,True
505,L23,4496267875745361247,e3692747bd2cd929401692e0ec51593f7ff10fa132dcb1e7c263ec95a56ce1a5,True
505,L32,1418426232304830030,c6bd983f182d79e6b7833a8a92932a99c16c6f24fc19c98066279771dbac0a70,True
506,L12,15776583314846417669,b570744b808a0a59b9001d03e506279db34d2b99971a47ba8dbbd3384196d699,True
506,L21,3693196324852494669,7bf8399cc328f8a4b977bae5c08aec997b593d5caec2db9416dc2b57413d7518,True
506,L13,13749527378500881256,85fd7aa8a5feeaa4f651aa548d5ece19a637eb82b51a00debfccae0307578271,True
506,L31,9594103776634099114,7ddc8e05514b16215f5cd2ed9e71a832f9eadafe4ffd177094943ca4b0d933b8,True
506,L23,4820844322596995395,38a29ecde99487ef80ee47a46852638567c1079626ec2f2022f55f91d0708a3a,True
506,L32,6601490070532669735,ae537b53ccc72617630692ab62a25bce1b1184bad4b227a0b34724d382d5b5cf,True
507,L12,13813810561552148790,d16d20c897d3554c08bb8f83b2529850420b6cee066c1d5d0c7c5135ccc47c30,True
507,L21,3473541988834559159,faa84f10dfc7e32b2116e3ee7226e7c78adbce4ab1d065004407598a7dd55c3b,True
507,L13,16325298916529204599,d0cbf6d578fefbf0447329868ed8eea5f11e7686fbe9900416bf35437e945eb3,True
507,L31,14014604559665121363,1b38ae1ceee84460ef3638d907b7f4fc027c20d01a64380d4566e5df86f9d8fe,True
507,L23,4610377083318844061,4276c120ace0705c3b773ba7dea7bbcf3341ef29fd90559fadefda1e78efd041,True
507,L32,7014166390635546298,22dfe8d234ca907743ef5d5a9c0789b77b6bb78663b8a712764e0c6d84c64b32,True
508,L12,6749679754774176968,0a9e30e75a5e94fb8ba7e35a73abd816112372a954163bc112c3f0f6db68be18,True
508,L21,12148549564484344825,b404d8a4320382982a90c5bcb68f6acc03bbbf82115bae0a64704f7be8f2a12e,True
508,L13,17096148821234399480,650bbaeb3d12ae779666624750533e134786b07d102e5abd9741527a8e00a36e,True
508,L31,2553853947246391674,86d5c96310cd6ad4cc79bfa2ee1d21bdb2f699d6fd8d176c727d7812ea766473,True
508,L23,2193060697413333317,8706540deb050ef1275e81d715e84746cb6ab813c1ae32a14f85e8faad073621,True
508,L32,15163280015631332178,3ac7525e64076c83ed77c5ec29d60b5f7a2eafde1b007db1a325cf04d702b8d0,True
509,L12,17790908715158178665,446e6c3f7d528c29a8e92e491cc224c3a02702bedb40809d14965d10f0e86296,True
509,L21,14322356905503637321,7bcbcf0365068896ec4bfc290f4f570b37a5005835e7a0ac801b3b0411b62f4a,True
509,L13,16738703840758019777,ae4105fdefa6a622aa45405f907e7aae7640ce2bb81dec753642d638a2a4a877,True
509,L31,11590308780637492265,68e5c29ad8ba75be01631dc28175b0ebbfd972ea17d13b434205aa81e5dd0134,True
509,L23,9120960008037494692,ef093ca778f8a663d061882f8440ea8cc16bfc8e251892c2126c09c8c878791e,True
509,L32,12674901769656897827,99be6bf3b36e82b8fdbe4e30d5896f34378cdd0ec642d281b26d08f8dfd22997,True
510,L12,6907724292988359350,a5a222468399659646deb1f3f8bd55a81072e1217217e12072e7223b89360e77,True
510,L21,14446436310092996996,25699a47313f793c836fcf33dc2c475b0b7ec71a0e38069fc7fbf322d6faf58c,True
510,L13,4326521267947863321,ce4cd1c0feeb8c75d4ac94c0134d93aaf7ce30af97e4a6b1910df6c2e80f2f89,True
510,L31,6692973186767659433,56190513d9490892eccdb29445a1c905cd549b614eae92fe10e44d0692908df0,True
510,L23,8111597350736091559,4551c61f781ae0b9866191cc9fe8b623da94bb5a906c38f05be0bd87bd47ac09,True
510,L32,16289215995140580045,901ab6989476b30adbc8be23f584e467e4c931277f51c352651b1e7a3765fde9,True
511,L12,11173419209002711100,9aa06714c19665a895acc780a01ff17e85da97ce0a8b2d3d73e61bfda5c24653,True
511,L21,5492870538395040155,4ea017142bd4fa93236bcfb30112174c828bacf7f9e8d5d6e105e7d977954a84,True
511,L13,199149467857110475,b1ae179f6f830b69519d6a8abc44d91cf7a720de43c2afeffbdf4cb67bb47b00,True
511,L31,9800609711899922665,014314873eff5d5c23b6b07dca0f5e4d0bb3b1282ecd5dc5cf371356623af93b,True
511,L23,12131780939223392778,f80a7851ae0834ce82a7bc339caf261cdea7d0d94456840f32986310c8350706,True
511,L32,2277401247123571442,1302432b77414b9244a6bc446a054733ec2225adbdf4884e99e3f59ec1274284,True
512,L12,3509140283927206996,85a93e9f765b740ff486cc433bcc8c0508cb94aa683fc79c7667344e11db4033,True
512,L21,8225815792736716404,2b3595abe7dc5067d05c3e1455b08ee5d47bfc36db81b5ee38e0d28eefba796a,True
512,L13,10900046624406274042,f0e10d7be288aa6497dd478bc9c78a21156f25d397f1b18a4fd36cd05ce346a5,True
512,L31,8610398345756186893,ee473e6bdfd0b48c4fcbba202414f8da1f2471c578bc40ad1d10a3e9a5917912,True
512,L23,17127549829569932952,882494e65a6ea51e36772da8aca5e7afa0da2a7a9c1f0d526f59aea0e55c9e53,True
512,L32,2871788004160918680,fbcc6dc507990248e6320b8017fa3cf20cf0c1a29ce8ea939570398868e9b55f,True
513,L12,14010892187272766361,7817afa2bfb58984cb2e591d38010e241e4f8f83566c3de7569c143e0df6cf1e,True
513,L21,12826919446380382023,41dbb54c48882f722263257c4137ef80d9f4c0e7e6d4ba97853a8ecf63e6a12e,True
513,L13,4070706300840091856,b9f32fbb1199bedd93c66dc063abaff754b0318b18ac42b968669756869e0fc4,True
513,L31,5888250682520744737,1fed5ca79def37a96a35a478a80f90dd61294fd9da1561a7e8cc4f00ac83b4fe,True
513,L23,16732882739264647642,8d6e75c24d845f79199fa4b1d7e53a579fb16027c3e7e4ef9952bbbf6772ae20,True
513,L32,437022995120770942,3b1a6cf8c5ec6775d4b1d8e2ac172c524770ec051514d37b2879ee8a16b2961d,True
514,L12,2349292255210623195,91afa8db4b9ddecfb615356f2392a96f92593597d3c5e318783653ebb9bf9e25,True
514,L21,17796903789843297901,e628de2b703e4ac66c7b4a62d481d3a00cd9e57b55821f755207b35ae92de310,True
514,L13,12945261997423776664,1fef9ea191e30f14989fbb306c9352b8a209c1ad4f9b03255f689d25bcddd249,True
514,L31,2910271367579136281,5ea1e53fbacbffa73ddd87358664f9d6deff4250f866a449bfd45be1c995b3dd,True
514,L23,7814797635466158923,53bdea21184e4ed817661825b93faf356185ab930424717277f55ee9cf050f9e,True
514,L32,327486261528302157,33ca7398a57afd753d221c934a8ccd677236af2e46ad88bca3f6d1a15ba537c2,True
515,L12,16571651644957437241,967860d8c36f314859962e48c8a464091c4629bc35e2719429b8ca0a8729acf3,True
515,L21,2166836847849854513,ada1ca2edea1321865ec1bd1b0356ec459bd4d15528cd1149efa858eb1d6edcf,True
515,L13,12206689403313750191,8671a9370e9861a51929beb4f92d39717ca694866a6f678b55be324def3cc20d,True
515,L31,3808697946956247284,48e1e9d9b49502a3dab6ee085fa86ab8e32f594e22916ce76b3fe7bc03267aff,True
515,L23,5283395466095210728,a4ef567e427e81b126f7195fab93050c8ba50c28a3a451ad7ceb03efe7716d94,True
515,L32,745771467167335409,81df0988a2c809a222a1b28fe87876b7521da209236dfcd4c0363ae21ae71235,True
516,L12,1450065172967990681,25b68dfc2d2bfd1597d498817e8fb77bbc010899f18faf2a7e77c51c24b01000,True
516,L21,9285273462054343066,391ac7c88540e27e67b5e3274c83eaf760ea9aed72f46f23c1baa957bebfef8f,True
516,L13,2212750414522186662,317bec756c079873abd566bbe3b282fa25b1ac7625e03d18a75e9d1e13ba6972,True
516,L31,2294462954874641339,4424329e8d8da8ac13d06e62e362ee5ffa393be4036dcf236219aca7961ae18f,True
516,L23,8600734453702378858,a3135e6cefa5d084ca6303df76435d773a6c61b687e2461933f1f8d3ff9266ff,True
516,L32,2724692807436604584,10ba1e2e2fee09421ffbab0c742e6bbc7c203ad0206da34d4dff9ed5d42a6999,True
517,L12,766904289652224007,8fa74337582e7648b8bb44a483f70322b3eaa00764ddaf6c28e4969bbe7ef531,True
517,L21,661781826496286318,18f0a897cd1f818f64049ead536019203e0ddc47a697070084a267fdd66c9975,True
517,L13,936741742973863323,ef39989347c16d37e192f7e901d67d703f4d2f7c94704a76c143317ad65c6890,True
517,L31,11268144094435070225,44d300573afe3e321141836916572b27debbcf7ad5ea40bcf1908d97c908a7a8,True
517,L23,9685222967928958595,1743dca8c0c475e70dbb2dedd04feb7c0685d48002b41d06934c82b47dc4fb49,True
517,L32,3563433002761463363,fac310cadeb8e5f964402e73743d44d4f391abe45afc393afd2dc76ac17d3d74,True
518,L12,14583905105205949033,cf31f1601f42f3edd6f58845710ccb5aae6e94494ff5fe0deb31847907fe540f,True
518,L21,6323163159990718965,fab3149817e631f39b110c7034abbb6a4fea77e7c32638a07d64c67405ccf8a9,True
518,L13,8455618077611467073,d8b4b2b35fd25d3662fa31ea614337ab2e49385064dd4e9717c17283c459182f,True
518,L31,13832673851769864695,1e6007f62c25abde6e0470096f6ade70daa4462942a4c351600fc2af45bdd157,True
518,L23,8758368305344172694,2342e4de9756a54f01cde54edc12324e7c2473f8840c8258bb76688ac5824906,True
518,L32,11813518406995741802,cb9c48dd8d79deb92374c5af71a3284ccdc258b7da52388c1984bd6d163b0de0,True
519,L12,17718717037137293887,6b862de4496116d0c7606861796f914c22c38c483c367842cee824f6f79d733c,True
519,L21,10880442263988503472,f791994faaab6abf6c962591bd2b385d6a0bc1ad70a89c9855f3c729eccdc028,True
519,L13,7754465597864414196,7dc7cb0cd48778ffbfdbfc4eb3517b14ea7b0f57eddabcf29daf21957994d6e8,True
519,L31,5742610119125590285,d18cbe811a9b58c1cfcc2720babbe0603644ccaa78d5de3a3fd71c553fd3abe8,True
519,L23,5634759557679942653,8389965a107d6b14f98771a99ba65192b8ab21c3ee13bf4bebc145df224e46e1,True
519,L32,3301328828940726899,b48a78d90343c771efb85d2b0ff954c32e00d868276001420c523b6f238a54cb,True
520,L12,17377836845591789496,d75f44eabcd48fefd6d59c0e24073e62a3b0ffa58e1b9bc79de9e7a0535f8b5d,True
520,L21,10220551862474437002,bb923d06bbc97e6d595bc6aec6147fb605214594412dda6e813f02e9573cbbce,True
520,L13,12352074831030197643,48df5267357b0a9fd89005d980cb84ac94b81ff4c1b045502fc2de947fd49f7a,True
520,L31,10334541348124772403,b9bcda44fe406e2022930927ab592c8b8568f6ddb210e08c144f4d58b6a42892,True
520,L23,15000727962936432897,188e3daca13a9b6ce90974dbfbe0cbb05a94e8cec21e772b644015aa122ed715,True
520,L32,16766300735091360443,fc4065f09340b11218df6df3dd0348290fcb42f92107270519ae84f7a64e04bf,True
521,L12,1237651257764128946,3f0a89d58dd0f3cffcabe9802a721d25858f77e524490aee00e156b061cc95f3,True
521,L21,11703026207328893219,733d1b4ba6edc550141c31bfcde375a2b1df99add9c2c0765c388632937f1f58,True
521,L13,7501226711677915161,f492783aa5ce358ee6bf8e6a4fe9b9755ce130ea7e14180380f79be65be2f97a,True
521,L31,8425577588726240962,61bce5fd24b2ec8566657c2930b13626f044edf9e4f61325f7239fbef3271e1b,True
521,L23,7318630384123092472,ef32d8eb2ef4f059916bdffce5393f8325ad150f1c82e63a9a756e6520bf11ce,True
521,L32,9759840604113118211,e4ee2d43da196763dc332afacc9bc1f617709c8e9e0bd5c7d4a6134ede63b141,True
522,L12,537185367921141710,b43712d11cfcbdb96945d65f1d9c1f903a2fbc01ef38606fc5881bdc69b146be,True
522,L21,9004903725632555566,e69af7fa5b03695408f947d9e4e9a83ac5f738738d989c8fb5c8d2064e46dfcc,True
522,L13,15580104143650259817,6105fea01d288de9389c9a01e8a99d1a18788698d97a76e7ee9d250ef2672285,True
522,L31,4419572694396043158,6577e4e474ba6fbe366ff51720603006484a4e2efa3c3fb1f283258628f10f9a,True
522,L23,78420491666569439,a8251175d603e0bf2bbe5eba0d79a3bd4002949c544b09ccaae8fa01d5c27d5d,True
522,L32,2649586399620795494,afc6011d27a844ad1e4bfdd793a47fce9f66213f2437edd17577c42c50d16dd5,True
523,L12,6976322764055096026,73bdf1585af77150d7e08ac2f05b504c237f9ae0b97b3df8bc46602779c7b4a9,True
523,L21,11911851367512481167,a662fa87ebc3121be058ccf21a8f018cdc6d47d2b4c7d0ed3da2b847e28784be,True
523,L13,13246972702386762798,86b40c0049d96dffa307b4a6044e21146db3202c0abd8aa076f2cdb4882a6845,True
523,L31,16734732235086374499,8260f6356143a221998ba81941a3ef24feb4099f4e0d13953fbb08cc7ddf3942,True
523,L23,13590947398393363148,3cc87ba6d7197b6d28443ffe795ae02a3d75e93c8ebbe1b1e5057033592b0f8f,True
523,L32,14879739074207050991,3b7a5294dcdd800fed0c14e812d1fce3ebd7cb6e72cca57d47036ca9e45280cc,True
524,L12,10701266811492973498,9e632696a78154a179d6e5cf2f57cd52330e081497c2c52855f177e0076f51c4,True
524,L21,2296870219071705750,d594492fcf831f2f474f9f45389d9b4344cf28ea33f7ac681ec006a55460d442,True
524,L13,12711473995245510490,4c7855e20a988416cea742d99d12338055f9616e6cbb1b149c3ebf32f1e20cf3,True
524,L31,420273426230082158,bc36684fd84eba55eedbbb4e6991b44f7fa85941cd3d830da1cc7e7b11e85e20,True
524,L23,11374703641734914104,fcacf6c33e773b6e68a046ddecabdc5b7305e2b7d4137483f5781cae97048f20,True
524,L32,15608310555278177263,01e9f27618265936d4f2cfb2ebba65f5f3662a92570d27069ddff912d6d9404f,True
525,L12,5394803692825723308,c0e61a9c9826adfa3f5d8ee37cdf74da0d481c0d76155c297b92c5b07e7d8c9e,True
525,L21,14663656454393715331,9fb652946786a27e6a9a6df4e425613aac6ac8394347c3f6dff19a53ac3d7f61,True
525,L13,8474258859638300477,5df20503160443bd74178a044ff3efa298a6cc400dd93f0448c26a56e5e2a8ec,True
525,L31,5911759806315130846,5be9dd0026e1b6e773e46c6c3e8965847b2f32b17c263b9d460e524b6dfe59dd,True
525,L23,14811686409565288152,7cd5e8d6d55c9335d7fffebc68e03d1bdfc91a7d5fefb4be571e843d4845a164,True
525,L32,8075776854538452827,8e9aa65c35971b7578b3a3d31b50299f6878ea35923f61ba986b7d1982e21c00,True
526,L12,6049048589579420801,7eacfc3cf7b73bdf7a08328eef2b5b1e7e4b5854d28bd8b8f7222726828b9f9d,True
526,L21,8852192364537667187,11ea8b6ed0cc69150cfe337f16b7f8955cd1e0c8e56a2643f8c8f986bbb35100,True
526,L13,12362283671823276835,45cc41ac19d4bd775d30650b2bb574c53c8fffbd347d9dc078d9d06cc7e890f7,True
526,L31,2792137138212530103,185884fb977df43efa11963684c127e52d4797e1b181d704b5f68a52925068d7,True
526,L23,6924482928886588800,4fb4eaaf20ac710975cdf65168f321bd120a9166967c2014b225c1ea15a11818,True
526,L32,12459860416350953092,055c88ca1ea27d72d5dd13e91d490bc65566101c028cc310ed35f3be0c0660dd,True
527,L12,12563510469790238589,61f6cadcb210a42624acf700ba68e9cf60184777d05929d1ea47342cf02c9f7a,True
527,L21,9551093828783077805,99a12da2e0cde618523797f9977b80d195acab287ba9f585373f8c8ad65a5ad1,True
527,L13,16182439510564392898,89f3a8bf84b36c41f7295c92e282a6e8162b9fcbc58f8aedd4e228d547d3500c,True
527,L31,8767477943718704402,8857ea79c68661aa6e6ff69701914c2e588138742adb0855bfe9990b2c4bdfcc,True
527,L23,15772752853405499495,ea55c3b7c824862de9d847b69045fceb5f8249cd57df404a1be54bbcc14d4f25,True
527,L32,14437541388266573921,d654bdf60e24bfe3c8ce3b9596ad7f0ed28cf5353267d38b0f210a61542b5761,True
528,L12,11178468998160775002,aacbe5799d6a0eaa80ea2679c071f5e79a1af19599e0f783080a3153e576c318,True
528,L21,7502935372360286801,ca7e55c7e04d35f7beea296960175ec772fde02cbc84ec4ec579f2ed2a0da51b,True
528,L13,10525368893687527915,561befddfbc7f7b0e355f7f3aebde4ccee956d58ffb397ecdfcf239bfe597dc5,True
528,L31,12018195947048450833,cf36a8447f2387a80d716563a5bdb5a0e164558709e7d0488ec0f16e084d8b3e,True
528,L23,2932604913696781501,f194bbfa0b1725462b7829825607c909136aa29c4055e3c29c84c07c09a8b0a8,True
528,L32,4793479888023689989,aa73b713ac812b3ff5bee0c05ea950f3582bf9869c81f1f032ea75fcaf6310b4,True
529,L12,6850361455236381568,9110b90ab09f5040a6545e6d03a468187a09ea6a7a478ca6578cbc49acad6f5c,True
529,L21,11229594016534558365,3cda30141569d9d759f1cda755cd0b142ae3ebd140947f6e547a1d8db1f2c633,True
529,L13,3497512218223745789,57e6d401456362bf03da8b50e7ca35d55b0d0e6c0ec1c96f19d79f5a49b36900,True
529,L31,14395209461813664284,f2a36ce1500534122a35cb084719c31a550b4482b47c8929e9b27dc160c1b202,True
529,L23,8571369876321701163,bb9589a3907e2661359382d90d8b9d8e9e37e7cc9fe74c2cf9bc4324b8ed304e,True
529,L32,15780864402944594988,69f22f634e55778ea77e62f76c491a04772ba38a671e43335e738aee8d6429bc,True
530,L12,15260093556066649145,872ed167701909d753367679d38f11d6c790dc848109262571bad648c8db36ef,True
530,L21,14901527008626025481,1566bb38a10a60108a8a78aaf1961d98ca6d1e301fcde251a0ee228a666e8568,True
530,L13,13653482855865748332,bd308691bfd86b11e2535850a6c04bcb118ef26f7d2949adc3c1f8e2617d0104,True
530,L31,8969204018576873167,66e6dde58610a9bd9e9b4f997886e1a9b289771b999262f22731ec61eaecfee0,True
530,L23,15132275193212705852,bbddd9bd9eefd067a24ccda934d9accb3f3f58c2a937e3d46d9890b0140422c7,True
530,L32,10494857389353022667,c40baef58c501d0f14aad132111d498f5f0a05fdf93cb5e193f0ab404b9eab44,True
531,L12,17299732079562953936,7ee1871bac78d163aaa192826ec4812487b489a99ba1f7efc5377d774f12cb18,True
531,L21,17211434806343113304,37c036686fb87d620a641f19e4c57c1ea592aac9faea8cc39a42e99eef296bb2,True
531,L13,15614147388771321943,048033fede98b078fe7e3b87d9b21f72d0f0b1f5f64f5cb02b5566d645fab31e,True
531,L31,8844223184052043817,b3da694ebbd40029d9cce3ad0bee61c5d0967cc22e785103da7ba82d57fb907f,True
531,L23,17809168037728587923,a9fb504a93f402fe34be4522bbbb5aec6e5732f43eb6e647abb46282058467b6,True
531,L32,6220208617787235217,434f79cf547b8420623780dc5c129313e24b38352089424a54a7f048ca0eebb1,True
532,L12,5964302830241251298,8c105f4a7f61a4c63077b8cce288cecb0170580d39dd123cb7649520f5556043,True
532,L21,15893531112793017765,90aa140c7dea7a8802d56a2ec250aa9dbfbce35962cc2c9aca342ed610004d60,True
532,L13,1233306330872295403,cae466dcf42d26e0ac704f98c2197c44ee78d6384efbec50d87e0d10ddee24ba,True
532,L31,6041621053065912571,3326e3297a628ebe0a34e8977d3a10b3cebff89b0bc13a7a18a5a8df3e116ee2,True
532,L23,11458860630194047229,3692180138258d1a03be94802ccf348ebd981b3e6c0bd28d9cbd813198b46740,True
532,L32,7722769752992578206,8e7024f90d580880e8af7908ffea315da437889d91071c10650de06bdabc03a8,True
533,L12,2889784633428512270,7a4d87e349e8f5448c0b62aecaf8e5fcbdaaefc52c5391071aed1a427edc3482,True
533,L21,13146397100705737029,59c81e237b7699e36ff94058cd9f1945d09203803d796c844df2661514887f88,True
533,L13,11502936496378737041,ed17afbe3267832eae8b33afbff539ba35258ed389db8413a7f4813c3b8d4eb2,True
533,L31,266618173598837026,1529a603226b58fa6c865495a0ec936fcafd4a8ef5c799fd59f80a49abd7ec05,True
533,L23,6044386229826615669,54d55967d3fce285606e28a1d3e011ef143bd930628bd099edef0d21c3e2de8f,True
533,L32,12256275736662278764,ad34fbc20d77f6b4a1ad351163d7334fbb0dfab69373296c87ea95ec2457e563,True
534,L12,11787665168918308827,742338c8c01c5d8f2ad73bddbdf260a03063937e58f7b35448c5ed3a82185a8e,True
534,L21,1409310934042095406,1a5a52e1c22ef477765eee4ca5e370f31eaa540aa4e07eae4c6c2465cfde84a3,True
534,L13,16847160050665028018,c128ecf684ad7ecea8ed28508331cea009cd85ec72cdafc4cebbf42ed6ec126a,True
534,L31,15605402441295792215,974f4e7e8a4267d8a29d5af1599bc6e8c7ec377913b8ba57eb371f0ea941d044,True
534,L23,14109407937934340070,4f7c970162d2fc26c2ec7162bfc693db5100092b886aa72991d693f654880322,True
534,L32,3508805010569707316,e62e8867115aa8b4f5aea815eae34679efd289b7a35f12835629b8d55009b341,True
535,L12,13759130556077094425,a19cc016a9f14367bd3b3d7c660254eb32f38f4d7cecd6cba707f495e8491d91,True
535,L21,9273616407453573230,b05d3ab787f060f022c162dca7235b8ad34baddf110cca5fb37df6a9358ea039,True
535,L13,12271095108536154503,980c76120c7ee0b534954495b3f95e110e9d3c8c5529eafae745555e97d92e12,True
535,L31,12620423525749466671,8fc709a05e2b45f91633b20c39b36129bb2625f60c002f9bc24cb700e99fe6e4,True
535,L23,2173366229178928469,d29644925f8c4fc419fc26f1935542dbaeea06ff1136df836425f1e7dee99070,True
535,L32,8773681853939506743,19f3cbef66fd0ff9119bf9432e638ab822ce0379454baaf708aaa63266f33fe8,True
536,L12,833569827090862031,3c5009aa69411010e9e2b780328ba9a0d416d451cef6a63363be3cf09a4cc8f0,True
536,L21,4931582265497225693,1e9e15f54a37e6606bd1202f532c986c4207bd4da6f4ead7b08028e2a1785d23,True
536,L13,14483807835750026520,c3911688ea2513abc3065035e22ac78bef23185a90c59e56659a00f5dd59f4d9,True
536,L31,6659454731385204950,09f5de2030cd7529f6bb30a80a01320ca11dfadac22015b1be04197243553bed,True
536,L23,15970196826124603749,f9df4e5d7ddddcab29eea5f4a2d321523a39fa99c141602d082503c7db5ef252,True
536,L32,14904989107133993706,f9fab237a2f8e013055d1d8d9cdbd6830a56a563b491ddc1ea1a1b4c38165e91,True
537,L12,4798082717270148680,bf6fa0d1da026955bf79f82fb313d17e056ad09b418b04b0739f4838efb353d0,True
537,L21,5848125831862827620,64e5424138c62e1448b9840bdf359b7d5525c1fe4d1a79d4715698b51da67bb8,True
537,L13,8347694660505663196,dc46f939ec3a264e61e043dbe057fe7ae80dd95e62040cb7ccf8fc7de7aca01a,True
537,L31,14159372092280666047,8449f02ff24da00028c3b77b982809272a6f16324d1ff7cceac3aa754138e0e0,True
537,L23,14761490437361225659,3f6711c11fdec4f6e9dc545c7d40a17ed3b1b45ad110b24f12a3f4130c762c55,True
537,L32,6798120200500473076,c0ae907fbf20e17c94ed450ecc5381f153c5e1718f9352621c73329124a62af4,True
538,L12,10694717180896255353,6060e70521ed251e5df37a3bd71699c6d87870efb5bd95c02cecc16b4af664ce,True
538,L21,9181329240556593653,626cf3b702db0d2e4505a7b2fcfe08d17fcaacfb3f25247dd7ac63037fa61e57,True
538,L13,5571306282789564981,b873a95cc14e0f72dcc16f86ed350753b013416a3e84f9f02bdfaf49ca180500,True
538,L31,1070831994075876665,012f2d40fdcc93e1935c2cf8a1d097d01b3444c32f0f73d445e043437f11147a,True
538,L23,1821323235172614827,4e2c90abb1b1506eaaba4220bd691f876c3eda5dffb8633d5fb904913bd5c03f,True
538,L32,2713096423183253459,05099d39588ca869bbfd3f6139a8fee8664e0d9b469df64dfdc47a99863f96d3,True
539,L12,6119952678353338701,2ddb0ad90960fc18c1c159d3e624e223f7b406e30d6f7b16c21f59c30b94437d,True
539,L21,11480586348924526432,f6ba9f29523926b9b5fa1cc803dbed23e58d3d3bb51b82c438b2be0e34f7069f,True
539,L13,4457979759521334501,e47aa9aaa147c4fdefe270d906dc05eb696dbebe7471703ee25ca2a63c70fb5b,True
539,L31,16777570909380861581,07345222db367b98d71439ac06f262a211349e8d5b5f6b9455c417e3fc3ef7a5,True
539,L23,3070079657607525022,5c8e7a79b5e54671d571a90455b5f138ddc1ec82e8b670fdbf986fcd1f3ddc81,True
539,L32,8910051603942476148,e9082316ea9cf80f03d65fa737c7f713cd549b490ac0de2839ac84e8ccbc4482,True
540,L12,4108776172919902403,7a581431d1291e60be976b373bcc481b3e6d8a492d3646cd24e861c74c542190,True
540,L21,1190357676867195597,7b3adcdeeb5183a463b40434b622a76b0513a46edbacbd2bda7a290434173fcb,True
540,L13,14306603814797051401,bccdb48d003b35a64eff9cc619ec7f0cb61262ba8727602bc4895e4c38dac4f6,True
540,L31,5237307486260649922,3037f041709819b0d13381f1849b2d29a3d6f28b37316e2bbd035316f6581589,True
540,L23,4862942872741640462,463379969b75599f1a0b98111c1183252725ea7fd0564670ca8a93b5ed32dbb9,True
540,L32,7656568252809938894,ce0aa45471161a0cdbfdeab27bc57d559b9d19922ea721e723477ff96042ea82,True
541,L12,15329546167432303066,1527cb280bed5b1a4937a70e94277941be569f8f13a7636cad66b65931a6e35e,True
541,L21,15174175407744687201,bfa8ef3c89c211d742c650f4f255e30c5c8c7a473bfec6e254c18a66306dcf93,True
541,L13,16657539488068964196,d90e341ed3d56723c0b36bee32d40aa71cabef30af4d5b34ac9884f7ec3542ab,True
541,L31,13901610614280802012,6931e698a9a585563a6c9b3f3df06701532ede63097a48d6c08bbc388f129968,True
541,L23,9788023773343012429,f23e9f17108435c85324a4112c878d5a12917504321337d5e51ca8760ed2fe92,True
541,L32,986506772293217251,f1525db351f5829f449741136436a8d24da282bb86cc2cb967b974b829603658,True
542,L12,1950068669992810431,416cb71e0317a1f7386147bded6fd87db1c963b5f025f92c5859c50a3d05a8ba,True
542,L21,7381777727089180743,514b7713af5701cd5879a4a4de037bf86edfbc43d2cde9dd37aa62031889e41e,True
542,L13,12277553265671421551,95eb9adc31f8f53a13b9bda8dbc2a48a85ffc4573b730a4ad997cb3e7049321a,True
542,L31,7969334077946966159,2d86cac308f529d71a128e071f718fa3333d04ab50ef993223777162469e6ab9,True
542,L23,8651915677925478523,c073812b9dc9fba4a037647a0484c750a366efa3ba6cc0e4a12e36105b8480a8,True
542,L32,6797829895913009804,902a52ef367c9ee58b27eb4a4a98fd2a1ee2b6c200b720ff1d6da673099e9d59,True
543,L12,12579269901203965119,b721c35c510d9482aa4eac6ded6006df892907671c16dbe9c5122c8b43bed91b,True
543,L21,4722252190671482025,1ed879f644e8a47247452c2e9a75e4d6d63902436fc1ba84345c301d10359878,True
543,L13,12980945152537674864,3ce59bab7e991ee857ddfd9b457f9b85fe5e43f47f74fdee1630a0306ac5a815,True
543,L31,11939947766346025942,15f52a7b7a009e05151bb0cbfb3ee553d5c272545cbd3d07610f1825ce7c0450,True
543,L23,13536408913415072183,ef8221acde36837d73461507cc705cd567972a7c677ecd5761e5476a71af871b,True
543,L32,7586776259787875305,b1e0bf7c5ff2933c657fa700e01a1e3bc16bd61f59a27f3a46bf4b10b989b02e,True
544,L12,7914068812691378417,d28adc3fd0fd44bbc2ed055a728f978a8496e56a5dcca6474e94950bf65fb165,True
544,L21,6636446864347422491,4be0ccfd9e9af20055797b8a102aabb4b718fa5116037f33629809c8e0a50087,True
544,L13,7832166285795679206,bb60f38a4f67753ba63ba62471cae1799aa97b6122793aff58c0d58dc233747a,True
544,L31,1823829403205960465,ca19527d7a3dd67422bb192c519181cc0520b55d4f88069f3e5a454d5c254541,True
544,L23,16917073107803036373,e7fc28fd42bab59c9cbf31c9d793b55de917c9c92c38e6f994e92a48d4f06a5c,True
544,L32,5560659522132759953,1276292aea0303bc3d8d44198222dc2fa33067259741b9ae1a10e7586c536bac,True
545,L12,11517839129938109696,abb61eae15092478de275f0a914d2a7817bb1c29f2f5c090129d98d68cfb9d06,True
545,L21,6518532171736345298,0fd101cd0dfe5b34db0489a4aeecb1daa76a2f4921a88ae7ac4b0c54ed044c6f,True
545,L13,14388126364509343498,1a06aeeec21cc22a0039180fc3c66331c4fee6e3e5b348dee9fc61a74c4b102f,True
545,L31,9305265527199284886,1af137d5f24d4af7332bb1f6b44993ba9f5849abe527480e884cdb7567cb865f,True
545,L23,14680763588122926243,144a8a3b149f3a54975bc7a2bd9e08f653c77dd279f7da17ba25e0e78be83c92,True
545,L32,12677773889637040467,afc4025aa061f3f6ce192d8f270eb597327e37a4fa6baf7ee9d15251256e1bc0,True
546,L12,15795616513255435002,cb3d72e3bdbb9433adeaea39dd9a90282011460afe4b335a1d10158a9395f379,True
546,L21,73579095927323537,776b60e20b724fa7446fc30a70a222e0633ba6fb59ccd339b7bf2f6369fcff75,True
546,L13,6801940526709690469,98bfd10a53a654cd899b198b694a16e9687101cffafe53c055d7c39b2a26db90,True
546,L31,5117206127571552647,615b3eebd10da7f94c77b2ba65a289532ac9a28a807184022b575ab5ddb04894,True
546,L23,13392142485640528763,9ca7e14e29a8c8adffe1f8d0a1ac23a0462cdbeeff060f38b1286b92dc8f4d93,True
546,L32,18185783651635974031,468d7f551ef56036ee9e2e053674240e1cf9e7a04872541aae871e8fec54edc5,True
547,L12,17436297050757581539,2b63e7d2f9a8ff6b8e2fa3afcecb2c8d52226db2014ca45774ff98bc1a847d4c,True
547,L21,498414281040214394,8b0db0fe38cd38d025981ec137919e6a372dee9ac29808239480aaa43300b420,True
547,L13,1569632456333856471,fed24d35a3e8f2b0fe3ccec5f72eae12bca5f78e7fd3b5404297e1a0552892eb,True
547,L31,8913966857359294395,c678e2196e39f4be8fe4770e8e9ca6f6b45c8a7b3d5e29ef346db31040b09131,True
547,L23,16042415788614234049,c54baf9d36d64a4aae0feac227870cba73469c58bc57fb284299316f6ee0ad3f,True
547,L32,17090858927394923330,7f405a1751c917154fab1f0bf0ffe88de74e678416a48fbceb6768e957d3c470,True
548,L12,11543492203321145925,915ada3dec4da95a507021b4669a8a028573bbf2b09d2a9a22e750c097b424d7,True
548,L21,14778223221387022627,9e22f356ef6c5a225389ad376a440be2bdcfc847b58550512d00450bc7c2b8f6,True
548,L13,4775608798258092849,606a10f6d93ff5dd04b04f82f1fdcfa4519700f8686811725e2b5c5ca8da6d5d,True
548,L31,6939537015657248313,3e6c9415c14be7170a9bc3541026ec90617981e8a790d85735fa097b54e9b482,True
548,L23,8334129777861008644,74c43aa6efe5e52d95fb89d122ba93eb1cd3f387a14b89aaf5c0251b735b1811,True
548,L32,13520883805619650755,404ab6ce7223aae20aa04d20674c39b15bbb9bdf52799539ee5efee1db267de8,True
549,L12,1738873225647485286,06a5cf400fd88a1233de092df2071376ba7f06fc54a095f80b7bcd2d7a1523d5,True
549,L21,9648670287953798171,be0b2ddc602519d0423d9d77acf847eb8491cac54b4e8d093d089e4998c931c1,True
549,L13,15634359701438378595,02ef9048447aceb9c8353b1804ee9ad72cc2f380d51192f5b6511c193b007187,True
549,L31,212842065355245831,39d2400698d59f0ffb3bb31cde51503e2274eda9432fb38dee9c88642f765684,True
549,L23,7521273310051723045,4e1f51e336a3eb852e84c40417e8069beb86f263891112542e80ee82cf5f1dd6,True
549,L32,17147946033305230370,213b7cc093df0b8a67641075494043e914969ae4177489b363745a2ce8fe07fa,True
550,L12,5649902771040430510,8b8826a2a5b9b20c53539b97d3b995f5e85edd07b009bbb71bed80b5477511a5,True
550,L21,16095546909668276291,27d2ea4c9f3401cebcb785a680e78b8bf85a0ed368f51630cb1668026efbca57,True
550,L13,2061856756553139605,96b2e5d45fb5f3fe5fc9fec91f22bf5e45c6f8ebb80585faf66e2585995c78be,True
550,L31,13710998057780974540,ab99b4820fb5cb33556dccd54924a0e1a5fd0c23abe2c92a907dc3ee2db66125,True
550,L23,2507590741952535974,3a4c3eefe573b29c932f7fc8ddf3b987523ddfee3e08816964c1f7df328b5723,True
550,L32,1456861490427170057,3fccd87c65bab70e5835017ec39bafae175d95ef008a42d78de1fde7b66143ea,True
551,L12,15068026763183920151,8788c958bfb0c427ee5078cab2ff480c0a3b975169ac13446d51e000b98b2120,True
551,L21,3742054805889101114,2df024ddcaa435cccf0e17bcbde7644509114cba28c8ce0df82d6b07b742f297,True
551,L13,16653408973320917027,b82b49928ad749899282dd643cb87c03108becb450614ea1e496b386acf40bd6,True
551,L31,9124241847597550139,19cba4b13a649156d82de58d31adfdb81c840d965d1389231660583b14e91cf7,True
551,L23,6013891674309159352,40ac8ab4f58077c903fa49699aa1c0b216654f3c41050bc52820f62a8710caee,True
551,L32,16438612915375569976,165bd430665f6b6aff610d66bdfc3cc4e40c56c7f94a3ef427d1cf4e94609019,True
552,L12,13353730258064220330,b1f887eb2a9254b37a452ebfed7881506221ff55b3f4cb84e818a4cabad6d1dc,True
552,L21,8469964974241219772,b899f6e7710ad7d0a20ede930cc2f85619d8bbc79f2d3c0404275233ae6875c8,True
552,L13,15202862804268873041,f545444a7c724cae21efe19781f4080bef0c5eab990ff56575b7e728a4d03647,True
552,L31,5851560717437233636,9d824227f01ec42f3168c11d5aace3f981675ec040078b3ca663584b8c27b16a,True
552,L23,17100666218871506785,dd122eba496c861dc4806902060939349728cbbd64d6a21c1e3853ffb5d2503c,True
552,L32,10663391880601416956,9f06794ef233d6e5176275b8f1f3013ca3eac7850285bc7b5fff95f6542051bd,True
553,L12,12509869761770182253,0d8945e50512d17a09cb6ee0c63c9e5bb75d4b49d4359e419fbc8d372ecd29a0,True
553,L21,5014351572438064874,2b20d6e53fdb19ebab8b2aeb4385eac17c86a59886bfd5271acf785d3cb5ad9e,True
553,L13,14083154885281161431,0210f3a653e72301bdf9b893f28ff5bc6ef8ee50a3389d497927e5b02972ca51,True
553,L31,13885413972608299674,4120d9a711fa9d8a4c2bb36afc724396a21fa225b5e0f154dd4cccc1eeda7a14,True
553,L23,11002655281198838300,f1ab7275a9e7eafb83ae0f41b97af3cda4336fac41a37bc76b0c8fa99fdf1ab8,True
553,L32,533353649572392010,d34c7e2486be63da93491a678d6498cc09c9cf0ef2e17193dcbf481a003279d9,True
554,L12,17948816448571171326,477f90e8c816947fdf1d8f1172935fc78a14fb4bed11df1b1297c4fb3498dd76,True
554,L21,13286482199329067600,25c2cb0549e7cc8149ad518597c0e7f912f00eea8dc74a2d081ef3ed3792d047,True
554,L13,6005470067602981410,52c3569a71663ff111c7ab84f5d26c9fdb95e3cc4f93c367bcd7994b7cf59fa0,True
554,L31,171250084362788212,63e236a43170b44a4e71724e81f37cfec33998a2e79e7c6ef0c1e4cc88bf9f5a,True
554,L23,5919716761990485299,ae30699e8309bbdc4f0ac92d38cdb10ef8d9a85bcfd9a1ac96c1c10c2f85417b,True
554,L32,7832304117792470198,9f2db6334b0d4b3689185aa44c6846d217c8834b8cda1500d18a5d5bc5c02788,True
555,L12,17013677608348968696,fcbbc0eafb0fdb3e349e871574377972f2deb482205921f847ec9a5302019f4c,True
555,L21,4575670987856212935,3e8ad2c7e31f38dc937f539d85a7a76ae5b29b085f0fb9d4705766ae77abcab9,True
555,L13,12359931454976606115,24951bfb757e4851ea0466836099f8f578c3645fbca18c3e4c2aa7c3c06a18ad,True
555,L31,14865568993897316316,9367cbc7b7bbb68ad4358cd01a8ceed7aba16de5fbabfba95c93f2ef2ee7e93b,True
555,L23,12573530813502381022,b243a67ed5cd9bd60afc2495e0945b36a58dc995b4eeebcf65ed35100a517bfb,True
555,L32,9883030484629101609,86bde32bc90041c2f2e7964a51d3d02b8cdc0ef951e39cb6b04aeaeccfdd47d7,True
556,L12,5640421424977107176,986b9afee69061685ab6da096a806f4ffc05aa970f24e568ec1089776035f7b0,True
556,L21,8476886470777719968,f6fc618bf7828c0744c5f37f799bf4cd4f5ca00a33c52793e7de644a03cc744b,True
556,L13,10818779709151078019,6be487db6fb9da2cabe52ad7da491c7689817b6a20e5dcb0e9d557680ad7e467,True
556,L31,5380739056577765825,5651c62f081073867add44b6e96ac4adaa4a7f5d1443e7ce32084ca42bc0482c,True
556,L23,985085015214032727,80cd0838f003509d6a7ad00525998f35fae2d696a06c04b62fa09bfe30d0782f,True
556,L32,7312923696808652541,49895a6831b3606f2f85b7e71e34a50e2d8ab6dcfc14bcad5e3e60dd0fe5f253,True
557,L12,16940083826360258777,440e620823616eaac17650e8e65867b5b767cfdd9432667ee4252c1291f51c7a,True
557,L21,1252653335128722826,d52384a124c5a31e709e27107df27d9f7c2d436e80672cf322c43f402ff3bfd3,True
557,L13,2391976016978799493,0bf4f7708ee63dbffe4a4364fcea70d781d7392cf4905b1a6e0542cf77a448f5,True
557,L31,8384349044085823124,ece9a3acf41bbbefced11b571c90a34f216ce2338e42d0ecade65709a0c55044,True
557,L23,6552046904406651872,1d6c0ca2bd892645a051144aa3c97c15b98d74119d8d854880f6e3eb1efe296c,True
557,L32,4188895566510057737,58b83092a344cbb8119afa923fcd168a5123af95aba2447de274ca4f7a487642,True
558,L12,17584694065032067981,6eb3b6d9e4369accd297185ffa4d13f0f32b6802a0a47e87d6af730ba021da78,True
558,L21,8382785324572610757,c705fb6a0ab63c3b26814be99a10d3ebdac1ec6a4eb3e4a719b4c6b14daeb033,True
558,L13,8405952916323173136,b0e960004ec267b627c5fe5855528eeb1a0e22dcf45536f51af333bce0f4c738,True
558,L31,13673343841084600645,2ee6eb20fb91d115d77bc8485fce7bb4f5a8bc208e1930b5aabe9370078832cc,True
558,L23,8820951098846293624,b0200740747c48a117e36612f5265c94416616e2a081f539c59c8ba01f5520f3,True
558,L32,10034052905342436885,3073d3aaa8f981720fd6bf0ebdc4bccfe1013ab5064916acec9da325f535a717,True
559,L12,17524443018958820346,6941b03901af42ca1a333feb49bebc70946ac8d3d170ada48a7bc8c99d21438f,True
559,L21,8113701657270544514,1954d5e578c491e4a5583a5b7343c02b7ec5584a3b8d2674d7a19b9c74d8a66d,True
559,L13,4942073533271712131,6e1982909eea453af54fb7e60fce73fe70aa3a3ab1b2a5aea0c38c1f9e96e196,True
559,L31,10290792811280923277,52194e8cb2c72042cb1db5e14a780cfabe3f99a9a3c3d84938700b1a79f753c2,True
559,L23,11050233858048484836,b7e3ffef3238fa4514d37b9f7474c71ed6c2e89537a11b4bd058ad28bbf5e34a,True
559,L32,5723999774219980169,fae4e41099641f6c35d83bd021b63e682ff18147baa9d9478c2cadbd8346b1c6,True
560,L12,752359474788701830,8b8a69a53962a4041ea6bcf9f48617bf836016bb2379b04b66aa87787615d03b,True
560,L21,15378831612858409627,51fb38426e6a0f6aba790d3930568123ef6504cf468f42eea0de95862b9402d9,True
560,L13,5672967838625485777,98e810b61927f440949562a9c907496d703c83b3d2a20d2a6a6c6093379ede5c,True
560,L31,6500318289943964586,f2503d56538c4d0d0021a310bf3ba6c88344518f504afe639efeb8709b81610f,True
560,L23,6042237836222868180,0cf3d660472f677deecd5ee14619a1703cb8a2975cab683b3c73d0ab1f591954,True
560,L32,3752161481985995385,bebf0d97d9919757cef886f6899ae87e20579c002ff7c48406a80e633d8b9bf1,True
561,L12,2763307914556351570,f49ee050ce4c105bca7b9fbc956f31f06fee54b7b2b449a1f8f94f5bc1fc6790,True
561,L21,7922716266379558059,d94e4f1b84b493115bbad3ce83dde98d6eb486cb9ade2173e3c5ed7abc4d1782,True
561,L13,4002876209270017582,11edd8d12e77bdc9bb953408c283f1ec8ad175f007b5f8b9bf6aeca908cbbb7a,True
561,L31,1628785780811407309,a2b8bae944ec4ab82bd234d6d5e959095518eb555c5af89c7200abe9da33a926,True
561,L23,3071322971888681427,be58cc7bda35dd2d7fa757f100a468de6fc849fe8e0ef86adbd7486a7b1d278e,True
561,L32,1685467558261560809,c2d53678f22a1b312dc98e8355cd61cc443789057667e1ae2bb95cab8ca72703,True
562,L12,12923377861467708191,ca6df5007c4c9b958588d1ee61a27ce6dd315cdd52ed36474a153ca2f3eeb69f,True
562,L21,4233600316544183723,6d6fc4dbf837a0853a3afcd2738f74d641c7d6ff23496f3ee4bdce352015e51e,True
562,L13,10714657205308732094,12dc62a9231004b7f031ce81f8abf5142e42c9dbe533de7c2100ffc6d17aa742,True
562,L31,8569300720191930242,763a2a83637749649a2a5432587a52f17f8cd4982f133ac1037cf9438c655eeb,True
562,L23,11745125499868076251,2b2d24d05c3c692e93601471d405d1e12eff2fc72d9f3763e05b5f20e50f8c0e,True
562,L32,16909431370021161650,3567f20506e887e6d564da024b917b1cb9062be4c7c650717278d8b11a681543,True
563,L12,16833780537968550036,fb888bd47f7e5a9c483f65b30787299e019130a1ef27efd1391af2f7b9f0985e,True
563,L21,10450064059189125175,7cb2044f7babfc4c4e4a188bb5e2df612aee16b44d88d1f17a1b47dbed9b8860,True
563,L13,6785771492564047284,434e94f885ae8b9bb6e1fec9c6fbbe5c5816cbd7b83bb3d1a74b7936da87d5bb,True
563,L31,15255736224380912873,5f480cda3e237839c37ffd16a8fffd7a7900b2a32576457403760bdc8d205d83,True
563,L23,14850169719104348267,12b829b6faf196b4ca818eee19d940ee46000901436df39afaa052b32ad2539a,True
563,L32,15388857476086964727,420d8d5edb597de3a357720e25cf5f680602667542e4e6e1154460c81d725404,True
564,L12,4637330183447126724,bcc426cf7a6045fec2d26498ad7151d9c6558913e9bebf49b72caa636ff5e35c,True
564,L21,3581915073090923261,aa5a090ab51bd8bc998358b14fb2418cf20d15fece43a5b2ce71762c916792e8,True
564,L13,8685686070881113237,9345aa6c27ccc13b50c176421164b0efbbbe2d9db6802fe88bf690ab7230b6b7,True
564,L31,10846853812218917795,9a78448b3b1c1a1486268457562607a9a7535f9998833c027759b9d823ab9fc4,True
564,L23,13801197326132445670,bef7d913664ab492428a85b5423f125a7ec2db31784690ebe7175d9c17897e42,True
564,L32,9454086988893526639,90e3b8d53e5e072ae24b18a0022869ce65bb677f86ad978604af858d9bc636ef,True
565,L12,3705169989752046913,0da4faa8b8bf4c2954ba7fff82cadf5d9d820e61d174ade2d1aadb83c1007eca,True
565,L21,13092782284807911037,1623f7554d38b697557b1354348496e286715fd46163e18d2e03a51d59f2b1c5,True
565,L13,5800177306705964856,f3d85ed5016d81fee70e64252ed33b0f6818db94e66051e1421b8b05497dd9f4,True
565,L31,18233239273250328389,e76c790983d8a3365d6bd6fc286573dea731b1e7619670f40e73212caff1bf4b,True
565,L23,3966881874912826147,e470c93750b52d3c70f8a72fac9dc8d8550a9bf0056b8cfbb0ad5b7c4bd620cd,True
565,L32,1954986961220757610,effc1f67d61db51cf8f73fe6334a6577d8714f162c660125c3f3bdbb398435f3,True
566,L12,3081883221300027431,de3447ede8763b2bf5615700d8a2bb1ec53c506a9065e9829c2584595e3b1918,True
566,L21,378935689118799592,071792d1a4a7298ba8359cee9dfab5dc4b3fc1d2dc19ac84084372f2af9fbccb,True
566,L13,14466379542361361020,73e2a62a28e30d38e743523a294d5099d6354e6d8f8665fb050b92b6a3bd1f6a,True
566,L31,16860556409358543855,063ae319abe0f7119ad8f13a43687b00a63e2cd4b5c5ef80f6b1fe7b884db3cc,True
566,L23,6917595007721564299,9d06b38064429c7dd592f6990282d2ae7f1a5da712ffb29e77a46d18c26e403c,True
566,L32,18020797740983865960,71d728b1552112e35fd83cbc79abf72e8cae036704eaf7703ee40003b13414f1,True
567,L12,1373337993775165010,abad967e7649035752850d79d1e5e33c94e02a238df241792d376f137423d7e6,True
567,L21,11563512590256096267,5e3f4535fa94e62e776da3fd51273b27d15806d72687b461c5b9db3ea4a9453d,True
567,L13,15655583327428601382,ebe6ac4bbaf0918f0b3c4e770af01cacb563633d2c577af5badb712e85670136,True
567,L31,10438742533237667041,ee0b6847b0155d9332df2a8b956a3f27afc41a196c5a6a9fa801e0981ced7271,True
567,L23,12072808980911126415,b2e9ea53f222284a2861c537dcc93a3827bace1a3800b05cde9fd71631e1bc59,True
567,L32,8964900975605160978,251dabbdef74c92dddd3ff5bd5c4854e9c591e69bd38e242131d5edc93b028a0,True
568,L12,7761550014667461527,4329cd029796cf177beac98c3379f326f2902c392ebf935bfe689a49391aa644,True
568,L21,15123770405453574989,d36473ed9fc1071758eedabf385247140943d3a0e9c47714432046718e1599da,True
568,L13,13754893397638605556,7df264f9a7633d37acfecab39b3e80439af7e4f52d29ef0eb9fc28cb6fdb3092,True
568,L31,15755523296155000640,606001b0d04459d8cd26c27f0b15e302a4baf3570c6518e12ac2c51fca7709a6,True
568,L23,13856639614777459311,8d284fae8aef9ebdef85baa7082a45761f5d2af7b38662e0cbe427a3f7af92d6,True
568,L32,699982507898954134,2f4726bc025d0dc90909a577459e7e305aba15ff8d8af0692aa400c2172e321d,True
569,L12,712543602698853459,cebc9f8357e659aeae4d852d1fcd92a69bc4222abd2e10db64989f10d268fe33,True
569,L21,1217739699693716745,9bbaf23a61f8994dc61b2ac47258f3c46ee70a8de4e85b2bc1197df376d831c9,True
569,L13,13820182938288229260,dd54f752dd1b7474251198c728384d40a4ff4d71e2911445b3309a7f27d8d8b3,True
569,L31,4485713520120298703,eaeffad03261c71e6ebc7a0d7ad38731370d6de30ca357efd78b578a81f41f03,True
569,L23,6953963007779778057,d41e2c648e2ea9e874b5ecc4128072a0408ec3680ffa95c45c5f0f76a86658b3,True
569,L32,11368281029348522310,5626ab031eece66ba496820db79d1ab7885fb661effd3deb0eeca3804e966041,True
570,L12,17648935510394485856,ff93daa349248f674f0dfdc8802ee9e768342e99680737f72cc35b0ac9d5f142,True
570,L21,4065627510826151399,af4a465089a7483b3effca128bb203fec6b1d81770cd0db7518bc086b09f38c1,True
570,L13,11349711794535225075,0c356620cb23bf21d4e3a8628c0681c3ae7fe850ee6616a88e2875995390990d,True
570,L31,2809323720798526120,f27d9d8944204f9f420aca7219096eb5426715f345a3a77c1fbc214fd4559543,True
570,L23,3519556591359188416,9c9fa69899b65dabac7d63d3186af774d699a113498f2a87623b33acaf0ff240,True
570,L32,17617314410536417497,7a5ce5911f67cf33a7194ba2022f85d17d8cb7b3aacb308ba29aad2d6d5b2c15,True
571,L12,10209279054702560125,d4df234d83cabb88661de1248708150ba868e46772470085620e97b38cfa1e65,True
571,L21,3161637267042187101,32ce0fd83ae75497f1a5937782d7a38ee6cb1667b1de5b8e55be56a86b52473b,True
571,L13,16175347068352906947,ca268a19ed87a591c5a51200c5dea81ffdcf3a4f39d1f172ab38dc306729b13b,True
571,L31,767035562996445343,a57985d2bc45d0f5bfab71654422a52318648d726d6985152c3487a272997bbc,True
571,L23,14339578234821936740,e1a1a8d906ea92d5dfe473be7f33083889c12ca87d6b9a555ef78a0423f629dc,True
571,L32,1373570268668106503,597b6beaaf630a2df0b250553ba9d61ee03a024db374eff7ca8b98d6841b6c0d,True
572,L12,7105315394619043382,5764d4cad3a98d664ab319ba893b1efd946b4d6d10d60a3f4083a46f370cf393,True
572,L21,10848213607855070281,aea42e8b25e63d7b1c5a159a4feceac10d1ff0f72f85354dbc80a24a35ce3d85,True
572,L13,904075230619563513,0b22479ed369742dc67a8ec685235153dedbb6220266cfaad7f6e9eddf88ff92,True
572,L31,8415806013986716103,fc0c82634fdac468a7600fa28bfa81f7a40200cadb443319c519c4411b82de9d,True
572,L23,11165454223084754653,2ab5ea3015efa85e68e5d4e2ff0e71d636a892f167be62a01718ac66965b8fe1,True
572,L32,2096971872291352466,25ae7d55c9022f2424bf9b2f020b8eab47c4dbf09a3948abbda40474f6dee2d0,True
573,L12,10141991128308138688,73b2553599d6eb5d0eeff30af441a567cc5f57f1f795dbef66b650c9037a2f86,True
573,L21,12247059338471235098,eb9cf70dcea189f1f77f84dbce6766dff927e63fc482ee1092c08a91685ccfb8,True
573,L13,4046068895506024061,17220cfc3602e1e54b5b32a6c84af6f421f258ff5ac6c4ff013d1b1f1ce3a5ff,True
573,L31,17320956465936632423,dea07e15c6cfc4d8327fa44f1a4a7d491521097ac84a875e1415621d2045189e,True
573,L23,11038608058822341018,3b6f9cd33b36f2c8e8604f00e9cebff0407a08ea7ac44a5c38dd78752f2f148f,True
573,L32,11206561520300441357,e1f745b51dd7f87608738d0a3d92707c2b0191806edcc3b66a86a16da5f7c51a,True
574,L12,14082413768484053679,3d9578d862eb1748259afdc53618e61ab004d7ac4f19821c99b5318e26dd4ed6,True
574,L21,11395329912450261770,e85983997621a1e765b630208736f1872b93a88e6baec32f8927b8df389a9f00,True
574,L13,10116547450961947564,a32861a067ac439e09c66738f8a660ec4b56994233aba6da0776644b648fb93b,True
574,L31,18117498879595196001,f2bd0661b752244f10c7c2001d889b9c9dee695923384aa6343fc53b6ba890d4,True
574,L23,11106982077884085707,a09f7e798561d8a91827ffa216b9c53d3a2f120b7239477aa6e8b3908435914a,True
574,L32,1614618185529461928,fc9ad856234940be2240b48878f24b647fcc9fc6caa37896f787c63ff4eb0d35,True
575,L12,10764226791834786471,07c5acb31d22d2c34a70dd9373f8b6097faed775202284d69c833ec3c2beb4ef,True
575,L21,6364101690445066864,83f4f7d410967a0fb213f227e64ae3b57a63c501f8efd876148bbaf18355d8cf,True
575,L13,7449821951291061363,1a12d398737e5f531ea974ca8543029a871c98cf5ef86a8d4463d3d387f19d5d,True
575,L31,16319942106362552134,718a4031f40dca6822632d6afa470d94fe3001113cf092b3f3ea4073cd02bef3,True
575,L23,6812159141252685490,ad435167482cad146b0d12b74aadbadbbdd6b4565b7c4313324a93585046bdfb,True
575,L32,4646145611421225212,40f5c7961a3dd6df7e9139f5009cda88956c0b464dc1e527ae7ab90ffbe786f9,True
576,L12,14295654177271894729,4de463aeec8e27fdc363b926d549ca0c3778876b71ab74b27c16f3a6867de663,True
576,L21,10994201010029353924,b8ca9a99a629bcc97ae303ba34f5d01c942c710f4909de88663916a55224f41a,True
576,L13,12671159247213036481,3e84a3fc7c7e5f3e9e3ce7e46105f0924294cc1d87234a6b15d099c68a40881e,True
576,L31,4870411320113497206,da6ed1f1b4287f9c2f035f8bd88f24b616b0dc714da71973b0b16773c4a2a5bd,True
576,L23,7263218288320299779,5f85bcf2ca9f5f2016ffd04a141f8a6ccad76df286320dec2fe699534ff36c35,True
576,L32,8115757802575079673,9396ef55604b2ae6750df5f54e7b1f96d9a018ee49dec6921692006fa382b61d,True
577,L12,14287334990745802820,47985d1a0b1276f1be47f00d010389c04a60803d1e74af92f137f5ffd49246aa,True
577,L21,3809484543422751242,8fd32c6ff90d8bdedfa38341155f7b7d7c89287896b970a58c46a696355c2514,True
577,L13,9733848768263506993,b3bff4b05c11a46e47e848c7c6cd8d477f8a0f10e4602829a367a7ff53d549b5,True
577,L31,3972110950645216676,30db916287fd440308f7cf2469c4b1a73c83ecdb4a0c4f89b906c312b394cc14,True
577,L23,4512124113026447326,e99d3a013c2393f3fc655cdeffd76288cdb902a5e1fa02a26b89d53fe105291b,True
577,L32,2437130194236435663,25da95b0bc362844c71cc21b6487d37ca9a18ffa8f00d69c05ef93f8ec8b8b03,True
578,L12,3955659385208647981,e4b82c62db55d1e10ebbe48b4c46300fed7693bf57e3b3483dba835c206980c2,True
578,L21,8449387752161687569,577fc37d096db8b4470c50c4145ffca114f184c83f60551332baebd18043c370,True
578,L13,5646240236531241628,736f81f73b5dcd804b58e4ab7ed8128f5e90047e4662df70cc545d45988db461,True
578,L31,18322632946042199042,3c1783225e3aa924b6fe8fbda3c41ac17d4322e4878d258317fa7d024066dba8,True
578,L23,12916577154668902594,254821c156f9700210e7af2b9853913cb4e3972f9924ed2b856c5b32ddbf656c,True
578,L32,9848843107428593821,150923a46dceada326759500328a64d554f8dfc87a9be70ac465bdd7faab816c,True
579,L12,16470366483482506880,549587400511ba0f1f1dfea93dbede22bc3a6fba2467e11edda84852aef27e68,True
579,L21,1953753693375074089,e6f23d1dc7eed74c79fe340353ba3096c056f51ff959db59d27ab70159ce4255,True
579,L13,3858688508128743951,6d3dfe593ef49d03efb3581cf67f3bd4159467cb631079fde2e052e3031f6387,True
579,L31,6370104693327387695,fb08e4b3adf782c55e78edf7b7493eb122a50a95700d8383a81de9c544de8dc8,True
579,L23,14318830006810796685,08a73cdd69f95bf76b22c6e772172b3c376abc860400b44e86d5ef93b297b99b,True
579,L32,3114259372846466791,eeefc7ec70e40b0bd5183914723e4e371277a10dfaacb077510aa7b3f1a713ee,True
580,L12,8193125264090608488,224acff55a4db64c02db4e298191f784863a186a6612e6c45986cd0b8f53129c,True
580,L21,18331068401841025802,814d58357c0786057ee4f89f5f9d043fa24e75f560a6d8f37966ea5466cc435c,True
580,L13,1247211075228572709,faf840b0d4d7e6cf3ef94bea79ed18f9cd3397b23c3fd417d975440f5f5bb7d7,True
580,L31,14525933007988026685,b490b3bbe3fd7a18e76b5b328d9cb41fb94be0867d3ca519b0ab12688639da42,True
580,L23,13578192447053991469,af5bf3c9e3ca8688c4d3852ca4d935ca5639b30dd592fbae55e01e2d78e2763f,True
580,L32,15683209000669450301,1b5257f5155132a48ed1b991dd93f00084cfac31d2f215d7d61ccfac44921dde,True
581,L12,14080341940348446557,9b3477c0d94e8155d20200b0e544d6b1372a045dc5fe9af4247beba641bcf830,True
581,L21,9723119893425046512,5a8d7b150113dde71ac4ccb50b52b84b1658fa7646a569e12424a1a19239d789,True
581,L13,18034040837917184791,29c9c2db9c630aef3c3c2ab5e004dbe972417d4933799ffcfcc50607a71de0da,True
581,L31,9994541996889145131,d36584791b8b6dd4af2d0a97068fa96185836569b69d9abb153063c526b5a652,True
581,L23,9463660056612859260,089e18c25ef669c3dbb2f3de1e426cadc50bc8464ed3a8f2029d30b7f70362f4,True
581,L32,1418192811951732825,f4e602599040466453c02e516cc8fb8c9dd88ceed4f5ddf0cedec3842d34e9c4,True
582,L12,14697109993432264207,c73dd417d43ae0e3129ffbdc5022d190676e20c1a830c29ffa0f4dc240b81f1c,True
582,L21,11770762350774089409,863cb49d2378ce94a89c89b850c0d09a8ef1dba838715c4b81f3fa62397d8ee4,True
582,L13,6626699993844115575,985a2eaf807522a236e71cc1ba29f097c9d595a5db54e39398ccaf56f77fbea5,True
582,L31,11594826433518439082,488f07198d7ce84c4a6a6872ef3d0408e2edb35ad6d8841dc24c35e747b97211,True
582,L23,8193615597511915746,7de88fdaabb6c85f7a42f75e1f09292b2115d31dde56c5277a439a715e231954,True
582,L32,5619895324661269371,5de0465953cfffcf336ea46f1bb8b2a1c9379b3ec4daa2762df3f01b11eec1b4,True
583,L12,16170727898040951712,47a46ce90319ec108016970b1b37798c7e96620dc5e8d9ce7b4a800922bd0443,True
583,L21,358820716455770111,25f2de678b730f320523292f9f737bece6d757a8919f2143a26bd121e6d1f982,True
583,L13,5922672631306578284,a2427bd59e1457c4637c780af97f091ec042becce1d9d67dda7a03885541e6a2,True
583,L31,5734056659071591386,41e03716345615deab4186ee3de9f756cbc25136fec783d625735c75a9a3d378,True
583,L23,14578562812604014015,dce290fc2529aa89663c9aa0a53ac1b565f09d635a8bf029bf2d0456fbc0b4c2,True
583,L32,12475810657576198736,037a46c6e8f652af63af079a77b4c4951a4d623fc4829b0d94e5ce054e7cf2e8,True
584,L12,5586064360792789772,413853202509bef37eb486a4bdec1ef6e5947d260de2c37e87491799b402c7ee,True
584,L21,31717168987641587,5efa081c1713608372b397d17908f9324e13151af8ece0d239ccba9b5d78c979,True
584,L13,5752212982479623265,dfd414c6e8ec557a3642f985140645bf33bf9361f1828311ff45c10e1bec837d,True
584,L31,9847568553909314477,060d8b48f9b04f9f101cfabe17ac6a0135165d8feda9252c76f23e12ab591710,True
584,L23,11029422580811724806,8ffe42df8f61b4c159d5135589ea432b72fddc9b1931125171e3435b25f9f87e,True
584,L32,4427148326460241397,591d70a31a0178bbce48c73e0c46818e9f332a9651fff15d67e7430c359297d7,True
585,L12,9618316817389865862,1fd4ea38df273b86f8d14ef40c5030dc85d252a0d0c7a57ef83bbcaff3d62727,True
585,L21,2554605047783652595,c313fadd19965ed0a7a8c3ad8825c41ab93664df55dff34716eb9e9157babba5,True
585,L13,12077920858125592432,67acd7b7ba919925417d8c03e8aa86745aa5ee5488fbc9af219f2bbf3f631b53,True
585,L31,11999327246667043834,a73ae101c456647e4ee60a6fb00deff3fe092848000304f490e2b4854fa9795b,True
585,L23,12015348883505774729,c3e137bb7d0bce341665f7b7bd56557a46d560d59235ee2b2fe709ec3f7281f0,True
585,L32,567719283407680348,611fa47ce8092880a3736682a738f7173feb1b956d719ef8d111f6e7f26bff47,True
586,L12,17289751708576636772,7abbc1081403a336dc676add546e1f587e21ff1fe6bfa36814579bcdb7e80945,True
586,L21,11092121734467354118,4cac6a399a0e956531b8d926b97f3361c85db980ae753af4ecfd608d3dadf03e,True
586,L13,5160116111994539274,665ed7d2cc75a1d2a4b40b01e549bb07d2ddf08d2b951090bbfa88fe763b90de,True
586,L31,6232943398024190921,320ba7d6193bc17bcef283ff8e707bad6cd5e80ab02bc642c0c83a1e820a2060,True
586,L23,618723210251724554,91ca41a6119c518ee5e42119987b4983ba435cbb2961bb98aa0baafefa40c938,True
586,L32,11767397222706899893,4cf641799aad1daffe1f8d8571ef403df48a9702eee573a289b6528a3e7c3394,True
587,L12,6110832641708602124,61bcb432db07ac25d81a6dcc5a05a38b5b32e48783579eef7a9bcb3a9b6aaa39,True
587,L21,9860288321533170987,3e50875cea12c7b5eb6e33be78926e50de98684da66b7729c99beb475d87221a,True
587,L13,16210551024354758976,f8df96d2d51e8497a145284b95db6ea6f9138cebf519c8af9c1546e07badb010,True
587,L31,6618935979230020643,7672bac606d4a9da3f9937279ae4c03a4f19fadd7014144c66a053fd6ca3128b,True
587,L23,16892331555015947105,1fc027c2ea18103acfa62d55ba9e2387036a4309454b81c169e3d49220fde7e6,True
587,L32,16184218737442534343,8ae4619f4f3cc708fae6948a336280132d9c9548c9804d7b9396c0a902ddfda5,True
588,L12,11450564122323133319,01caf4298b101a763ab710dd16da61111bd18cf3070a584444b797e421dab965,True
588,L21,10662962255771582879,4c2bfd4229b813b5388b834548ae23df9809c67b1935344fb3f535bc6a1467a0,True
588,L13,525664231683109815,6b03bae7672f1223802e5f2f96d04ef4e27ef8ec79be61ead2cdf22743186bd3,True
588,L31,8206637965114267562,065ef66009a8f80dbf929da65eeca1028c6d7b06e3a451a9fa60d829244fbe1f,True
588,L23,16658150603516731542,d3df533ace6e3d8def36218e5c1a81c4a95dc82d412953b3239353e350eaa260,True
588,L32,7078611515507270395,c8197d220c63f5aab072594323dc2afae436e494c9704e1b58c7e6d5138341dc,True
589,L12,7039124481404875843,41cc9d66e4e39554f078517a9f2529a9feb2684f9dfb00f998296f1f9f452303,True
589,L21,5192104894555449510,d58d49ac39f70b017e644d44687ba60becb9070ec1f3e12e939870eab0955916,True
589,L13,8516713603440323095,b1c65d8bf1271940f2740a1c2a0400a5641fc377308a4e5c34a7ab85b9ef9ceb,True
589,L31,340759508930896788,dfe16624d9735f9b646cacfb898dcf9db282b21475b8f74780afeac409f2f59b,True
589,L23,4841045147290594843,20fbe616d92182fd003b64566afc9a4f5da2ff97c64a0a1bf7f541a1e2b6f6b3,True
589,L32,12877105039576144897,a4088db251f0decf60314a3e2838d7b05eee179243d64fbbafec650383eb0244,True
590,L12,2728358169662337829,df7fc58845a42281ab22cd7e5d0d8bdacf12f27dfb3c57d2b1de08ce330565cf,True
590,L21,4311811256735319587,12d8c234ce628fceaa629907317f8754b25b56142bd5fbe92f7ca77a42d38e38,True
590,L13,10222346918785620842,6d013d1a124c8f648af77363d5af78b56efd5b3e45a297b05cd39f641718c27e,True
590,L31,9027075090276314788,549d9df44199356a6d17d8428555d01c7d9c39d1db794ae01a6768e639273f5a,True
590,L23,17663915415106922500,5659ffa5e0a7b15acc06a37f253a2c2333c071102e7a28e28fab722636dafbe8,True
590,L32,8551689033844663410,3197921a6afd314de2f74f000da6c65306e87c054f7034a5b2d7774ca9302420,True
591,L12,7231350126970573016,19d8e8ed2b8e7ceae0b15d71a60549e802e8cc607c2db0bb1f5f5777217a6a34,True
591,L21,9886417644797446483,9b3b30da36039fdf2a7a2846f0b90a7911217e467b4289cf4aead778ee4ced92,True
591,L13,2310299914806573318,4c03c9049b9910793ff8cf760cc44c37a0fbfc6d9fa465ebcaccc305ce4ef7b9,True
591,L31,4342149370258118513,0d7c2237bd638c929bfb1d5358de1acd5738cc934f515e4e6a2f5218bf4512b9,True
591,L23,4613354025637420827,aa2a8684fa643fa94cce2273028fc00cd69ade4ba1193b6fbe94ff89a1bb0206,True
591,L32,16955373643488030756,c67b149d90ddeed9923fad0628fd7fb531aa9f166c1b8580624c079e7f81ab26,True
592,L12,5085194675973373940,f4a1eaf0e4d55e2863e99a5577b0a74331f730f4a5e48354af1087f42dfe4737,True
592,L21,2398474247010143222,22744c6a9c51921cae01926f0bd136900fec4ee196d158b4b86e8b45f6711114,True
592,L13,18386644992823095421,8d3e19f00dadce044fa9eb4fa213406e44ad8282d7cb3e1d3c5485e85aa0ab71,True
592,L31,11830105581018925375,6d91d77ddc264e47b777be870bd95c0a7eabbb94f850a3ff871da11f3e57442c,True
592,L23,7558319044565124782,38a214fe54a6e235fc2cede1c696f1f98be2d8857464519f1b2b9592f68499f4,True
592,L32,2249423619909123825,9a08b3609c53e9b9887d1015dbf84a0aaf52e27a226c7baa294d9d8a71b6d111,True
593,L12,17013678217970986886,444ced052cb4bd54cb5de63add80dcbc06285441ade6ef2de1bb52ada74ae7c6,True
593,L21,16324462970858133934,ca815d7d03010bf75ce58e309481902c6bc488c9eca3c1f51edc60c3057404db,True
593,L13,5782958510522388501,e26f2b0f1f71ae4e097fdbf308fd51a727d9117a926a65f7800c172100dfc204,True
593,L31,7138266153812679127,e44c0b59b5abd1fd77f4c59beff18be030f530c30fad7f797993c061b176f656,True
593,L23,8696969097747888712,ac0df6e5fe469baae78be55010c6e5ac5c5af31bbe57b3a29a2d15de73713b2b,True
593,L32,3770443224710076710,e75c168397e3f3439d7576e190d13602e9a60d0686145aa6225d6b31fc95cc31,True
594,L12,8011017183645896478,48b735ebf3a1dd0915fec24ad3a9ff3c8a3c7dff7af3dc13522d821e5bf12498,True
594,L21,5404495619990975576,e6294c6ed8347782bc19a791cf83d50f1f509eb95bb15ba81afcb6118020b04c,True
594,L13,11702122539379356154,729d9940fe667b99dd28f315a1c4de61007b27107f7099e430f96cef38096171,True
594,L31,4106976573851688130,4565ef754cee0e387782933483b536261c631f7d43737c46324236cae70b2d86,True
594,L23,7668899096388659278,d163933dd0da3f29968d111a1e833dc7532b34f93279b4fb421f3c4a519d8041,True
594,L32,2669892431761138340,c4ed95e3fd8f571990c6d84685db080269b6214a081fb8028fef4ac18e66efcb,True
595,L12,15614469225276125715,c523ce8551858bddc4e2cf3e1826c9c50a0e7d2fb11a6369e988d4857a5db151,True
595,L21,4058607303184803617,02ab5d42658b6e0267888cdfd2615932ee4c8c39290d8013bb6b79c5bd6bc55b,True
595,L13,4625625560147480817,fc0f60833be622c5c5a31399f3dfcd2290cd2e1cd9a22cf79a2c10048bd4033d,True
595,L31,15568168884919306862,d912436e05aedb65f36c80bd353d363b1f59af9cc674e2c7f3ddc51ae6d0e1fd,True
595,L23,5630854291485668498,69510348d46ff1a792c477ee227fa69117ab18548c5de3ba23242f822d16d4a9,True
595,L32,9658616096810872092,5aa05500b3f5a958972c3884486c5834932649019c933b3426d779bbed33a580,True
596,L12,4641518534960282262,f540d4a8b53ee4aeb2cae6a1d0c33b7924e7db64868ebb50114e011b2ce48c74,True
596,L21,1210981279210775088,27660fc888efc79ae6972d237be78102d8413c78e7b83f603baede36e822fd62,True
596,L13,11676910169427856432,4913ecad66220cfd7ca752e1677bdb74cde42d5faa6a0ad01d9c55889cd948ab,True
596,L31,1069515722840119700,73fa3c16c7c14ab266aace81d2a6f51fbe211016baf3bb991eeabd85733c81c2,True
596,L23,637892814764878922,82bd3253669dbd088243b6386ff32ffd20036da606754ea17540881cc9a05527,True
596,L32,8222974926223935052,fc4ccb0e328aaa0de15ca13935de98e304350ece784844d55cee23318601baf9,True
597,L12,8437078299224010627,099ea34deeb7323f3a19c1afd56a3c1a1faa21e3a81eb91358436d838181f339,True
597,L21,9360105170416774263,535ba0d6e02778239d650fc7d8ec6074036e8ab89bc082f956be69a145698032,True
597,L13,16707568507512297726,b80a1a62add42dae733f9cb2c52dd0b26d4516093050fee30e498966b8aac1cd,True
597,L31,5579005753391415929,0c7682842be072a49442b22e1bc40bc7176784e9a557885eb5437f50038217bc,True
597,L23,1675831685494106538,592a13e3ea8eacecd8f75c65540fb0c98bf0863297efa80da03e23ed504b4a95,True
597,L32,14522144997108044252,8f27e8434f0d06d236573aa1d59608aa5eb66e9bcd97ec9c5b1e4d7fae1bdeea,True
598,L12,8857368367307936328,017ad1d056be672a206a1eeb5ac9e5afcd9797aa7ec324a330b704d8ac0f10cd,True
598,L21,8805436207628267251,8179c6c0a420629cacf970586d752c0203d9057eaaf3b564f3b061a4844816f3,True
598,L13,1169553460857928867,c149212a7deb3a65da1a610a250b642f7777fb602e6f487bc4125bf106999a51,True
598,L31,16575299992514754144,1e4b4fe2fbb8b0cfd9ce4b60728928fa9cb84c449c7e27a42d852d343bb4ebb4,True
598,L23,16299036346010678230,721c3783a0fd926b7c262dc4a4f5c7f53636034cb4a2624c4faf27fbc7ce630d,True
598,L32,3212489321785488279,80992b49d3afbf6d90d4d13ad19edf9abeffd3ef09cb44fb2c807f05ddc1f4d7,True
599,L12,12067860716879714009,3419a0aeca4634d819cf6f00185cfc2e3aa1c81548d6b5fc290af162a6a4e73c,True
599,L21,17898255687019156400,65ad3fa2a1182c717d5376f5a2e14f0967a10b6cb79d2f04791ee73530fe2dab,True
599,L13,2743033821615069817,00da165ee9d7da719cbe6fc21b4c072672586c2ae0316b407be1b6934876d8c0,True
599,L31,7401857364209269551,b609c6df47b89876110fd995fcdd944e57a6a54208beeb165efbf9f30be679b1,True
599,L23,8120290166056970894,0ee228dd6e0996b918e0dedbb80bbf4625007d2169493222f72210edf7ecb88c,True
599,L32,12000464431027370328,f02d908fe63732ef40e466c26e3311626fd383cc66baa8830ed181c2003a7cd0,True
600,L12,17479882447101418869,5979f073cb4d12ae541e9d3ba3dbccee03c55ed36fe514424bcd145a1275fa4d,True
600,L21,4192359962008163189,de9bdad18e1e98e9afb2e0321a67c80ba30cd0c333665bedcdade3e4351a3723,True
600,L13,14955409953916974948,bb8e32a1203b9a02932f66e65903fc4515523361fd1fb2d6adb75827e8935872,True
600,L31,11231106036426423800,57f3b516e9aba52073bcf1bd43672142d0179ce9e2a4ba16b4a967bc9d85bcdf,True
600,L23,11923303202297319545,98a493f4c4c48caeca2a71df5bf4a46ed7b495d2f147b450f7082a162be8ffee,True
600,L32,2848355496431065809,df8aa50ee0c625612ff3ea50c3b3b098005b4a3ca6517d64b14ad6a9d814140a,True
601,L12,14024859973392849672,5b2201fb76b93b5fc619ad648a7c6119ea758470c4b9cd3db1d58fc8841716d7,True
601,L21,10886145767634577415,bed1ab39a7ba66c4eefdb2cfa5cbf7872fe6571903c273dadd04b802450ae203,True
601,L13,8145521289269750236,9c668f22609ba0ad6a5d92495fb7f1c3f7c9c5002f6be3955fb1842904083579,True
601,L31,1393058445721947068,85ba847394360216bc6473ee26fa2579ec9b708a0d1c4f00648fbec989cb70db,True
601,L23,6448125773047945733,2a42f0517451c8a528ffbb9e00f806f3ccb0dc7f906214729e3e4a99ec9894c0,True
601,L32,12056327247238047141,d7ad741d999fbe9543c244c35c6f8ab28f9f1d97ad904678a25d11821b232389,True
602,L12,2012665056404444580,66e4823e10c0edd591d79d4ab98e22b8c5727a57a81e0b2812597b9b436e5c56,True
602,L21,12696710620005035022,6d7b921d1952e55abe30a67ab5fd54c8c449a164689450ccf8166845e4d5b645,True
602,L13,7136236812364996121,a2ca970d869a0b997a1974fc5c07e15e2802a80890f312560c3c6f00b57d5875,True
602,L31,5229102099264228051,4a304566dd1513aa4672cadf29dd24519789b867485be166561fa814a427380d,True
602,L23,4063546947730545162,291660cbea870c0eda5bf88f2ac904a4c78e84da65a67f27045da1140985d9e2,True
602,L32,12887696232184057081,d6c0267e8fd1441a551b6e9d31a0af5459acc12010bad2280c4d840b170e39cf,True
603,L12,3019657161431216603,f27721e4ee730ff3b6539ea3ae1dac4b1cfb6a64b64d05c7a06b2dae76539c61,True
603,L21,721869578306362650,a5c9a14ba5158eb817f002e616d20e2840aac60cc9d3061ad397b7221ec4904c,True
603,L13,15569064503405668411,1b763ffa426fe6b061f10269a6baa0e8aff11190b5b60c9b898e1a24af8a69a5,True
603,L31,12537663553022157012,460d7e705f4718da15c664a1cf8adeae6da76ab7a27e7aaf44b7cb3d7734b400,True
603,L23,14435043479288721924,be945a9b29f8a97718ad8e3c290b12f2520731fb9d34a1e6b26575ee59f53527,True
603,L32,11483068387655225173,8e3f20ec7a42cf0207c8cdaeeaa26dceff74b74624370dbfebddba4573d5351e,True
604,L12,17689365860204681895,4ab05450eb77204ad6c14bd5a7cec0609f76f780a4bbbc727ac01e9755f761cf,True
604,L21,8830845896871043095,8244e6d0c0f672791a69eeafdceb132de08f1d9e3cb9847b66bdd8b7b0eea5b5,True
604,L13,9174908071703574957,c881b44af7f7bb723dd0edb40810fd588151ce53bdd34a8d105e226f60df357e,True
604,L31,12051608852108986228,e294453713f16f759d14cc0d22497c630208bf85b43bd611ebf325fe5ab99cf1,True
604,L23,8788127549788844881,ca8b4c02d9a54339823a5b58397975a7910e1bd1eaa130ae50928fcba19853ef,True
604,L32,14686997917511187116,c97d8f7721fce717634d2b2efa551b81690f5ed1b1c9aa717f2f577ca9bc9135,True
605,L12,4245144975365026390,a23aa42c0a880e808af49e456a3f47766c9efc7cba29ff6b13d49e29678b6949,True
605,L21,17285963739648479845,5e7a7a541d2966198448d368213526077e941dc3097381ee49c985a93b0c75e6,True
605,L13,14777592766202420977,807da27f08357a5f67baa0906fb9229f2d3f82315278b76f00986d3f792260c5,True
605,L31,3067621904578039480,038a0d707ba7834e6f9f6bdba246fd0f329769d46f613250b872ab55108d8713,True
605,L23,1177624905595343647,53fcd594671207debc6281e56dae8c1c227f5eb4204713d262f069c05eb6b644,True
605,L32,7666030701913061309,d7e318f8ab9c54d6fcd37063d21ab4123daab10e77cd93f883ec2a2c43c83b5a,True
606,L12,16841306982481991951,f8df62d758e137a5037a3a6a71073de1463fac30a5f1a954409e3553cba47f1f,True
606,L21,9142589833619051006,ea61efd82c28e336f3705e404d554ceaa446721c1168bf6db5ded925e3ae09ca,True
606,L13,12998886961444182909,d94b1d400b8ec888640de6bdac62a3fc0cac3a9b1b630c84d4d42ebbf7bbb74d,True
606,L31,15826512555791601163,bfdf84fd95522892534cec8c8fdf22f0c668b8315297b9a417ee7426dc77a18e,True
606,L23,16482410088274217192,3283d8ea41cd487cb0f13b71a49450abf811c53bec34ffbf959c7ff5bd268ccc,True
606,L32,3854049975838446707,1739e965a063aac45230070b5dd3c1bb34d871679f16592c8fb4b36b9e40f6a4,True
607,L12,2584560442602828807,e45ca4779b3dfb9e097d1bb2f76a24931762238a5d8e95e5e1bca14b9fdaead4,True
607,L21,1399763431118631479,c1765a98c69bf0bfba8da0705aba5e2403b04fcbc988455d877e62d244dc3f09,True
607,L13,8746048833715218773,f91dc28211f73a7bd4e2497b0673625e4726006c2a927566eb47a16076690d09,True
607,L31,7412189199322928134,f7ced6486f01b0d75c20cd9619ce7b4dfc28652ea714fbddcf3d353d6b1bf828,True
607,L23,994424130878173484,cd08424dc52f004c6f9cb43fe05cc180d57b7e8014e41946a3a8004ef557d6a6,True
607,L32,14365430877406123616,cb615b38fb0cbac372950bbdd444789f90f8eb7a17bad1fedc9337d20dbad262,True
608,L12,6687154921614999023,9294198af5f33c2107837a6c88c0449663c24797d948348cce8e50f87346802d,True
608,L21,11775628052457059785,2d9617e4f8b25886aaed6226a33c396195ae3a5129f4f80eaf08ee2cf2e5723e,True
608,L13,17231838709340706259,63bfae4edc9e72d4de8baff18195617340bf738e3905e54dd2f8b8dc91a1d3e5,True
608,L31,14672247053775973325,8bc664111fbf998653a188af9f1b037e9b6ab80d01b710fa2d5aee2b12639d9f,True
608,L23,17098577757560756812,4ba625c45720af8cdefe38ece41c4b6b204db7252db80627fc5ff4a05a4a9ce6,True
608,L32,13922892842090752791,7f1d7db652b4b0a3ed297f758aa20277a66378b676f932e3f339be9c05518ccd,True
609,L12,18287519095515245373,540e312356e8dee852a0f3003d5f592c020b62931168c851766987ab0c61ab03,True
609,L21,7460985281727499770,fcee4f9bfadd2cb5c3b2da1c62b5eeb6491aff79bbdfe104c4743dfb8d237677,True
609,L13,13620505874927203128,6ddc79548ebbf73e95a108de4776d2ae784fcc2079531d77dabea27b2caf46b5,True
609,L31,16512488119921034835,1583d1eec2f8dd4ea38a8c0f9c0e5bf7625c98276e12396a7fddfc43ff49cf4c,True
609,L23,15034598368786648191,6c6aeac481df31d2f4b51fc07e020163d626ba004d99271b3d70090bf585a2bb,True
609,L32,3763890095466012930,69e12b0e067fd1c8391627d44aee50111862f8739a92d78b4459cec5cb8729fb,True
610,L12,14016451252208456749,58b4ba3e897ae13ddc448fa3ba7c8dae354d3a2e273002d15622a7c7c45bb373,True
610,L21,13258325242379508773,781a927f69ef8ebe7bdb28863ac76bc0638ba01528b15093f0f06335a218f7ab,True
610,L13,15757206149639946647,2a5f1a7bba48c5212c50df859740e7b03b139adf117dc22895712005b8e39a3f,True
610,L31,15136256356186192473,5972bcf16a6ccf26359da5642b37e53c0450b0abacce4c8666c0ccc18a5c6987,True
610,L23,7299571438318993505,d158f3d384fc419eb34568ee58fecc809ce44d05be02e0bea4325c841028e4a3,True
610,L32,13718114554221980897,d5d5a32665d6e20e48f05816ba05b3ac5510734312ae6fc8646766f81f785a3b,True
611,L12,18213746785893174547,aacdd1f03824beca1b181817ec1898b61e17a1fd25f4f5f27aa28cb0221347bd,True
611,L21,9918782065832954552,a55df82dcc9f21fb0bfdac5e462f452808e2e2d800b864184a06593b1868fb1c,True
611,L13,9849157004942786949,de672a64f3e64aa6b01c8cab06d11d4c352058cd0e495cf1ef5cdb099cf6d0d5,True
611,L31,2474446224895632387,4c5576605e1db46c8c694bbe7191cc1351fbdc74b6028043012fa16c39d254d2,True
611,L23,15778260744228909407,e0949cf8e150524845f01af394adbf809a99c35ebe6bdf03641dc3f517062462,True
611,L32,2993022571213792067,972470040756a050b9af597fdfe67a22b917adee56d9cc4098898905e54ed705,True
612,L12,12660051648045749417,24961472fba583687d4e6bf6d3e5c598950a1bf70dba435b5afda189d67647c9,True
612,L21,15084373657052634135,b43111e6eccf98a7a6a94a14515a3cdf555ba8848514bc480c0f40777cabed0b,True
612,L13,12629399251179279252,fe001c7a4f137c2f01e9a1a728637ed0c79ed119af2d866a4a3d66c22ac5545e,True
612,L31,9277788686463688230,2721e4ba8fdef68f2a3ae45e9219482b2e8306bbf353cb1290190efd18e822f7,True
612,L23,10373834665330510323,cf28e871196742caef6848ac483162a3e541020a53fbc57d5f08e0959b41e29d,True
612,L32,17068185260788059593,595011ca62b356ffc0b70ed089d57ceca8280ab3b024330c7a8ed43f3bebb3c3,True
613,L12,13310355947016080199,644c318692b8cbe4d24fa7dfa5629e1fd5dce0817f06e0a62baae3b723ce4fb3,True
613,L21,10604496276372318121,e6883ba39ab46161da245a5eb98711175da96180c922a98c1312899b58a277e7,True
613,L13,13893802009613272423,999449eed1b780e347616c00a877c94f8b46589ca362e51ffee17614a8175acd,True
613,L31,17880686834589004891,2f99b9ea2aa4d7f151258d4ac3db603fc5578ce6ed01a42be52aaf8f75aae700,True
613,L23,15761742445094047443,99804114e94b49697d68c8a04579e9b354035a1c665d3314e70cad44196568ec,True
613,L32,1401741637190480445,6c46f0f29d9db8a1d1ac5bc99e4fdcf75f56f02ad27d1094129403f2d7ac3620,True
614,L12,10160536024842829190,0321f82f353d2b5efc0413865bf637100051cd52b64628b4541fec74169155f1,True
614,L21,11791425810335511503,00eae639f6e1523af534b6cdfa8dca902956e43788dd5434e66fd725f79dd394,True
614,L13,2867739662437212486,d03bc2910912a066ff78361d5aeb4ba1340c413e06d5f5c08ea5f2e8849c8a9b,True
614,L31,1679320934247420265,90b426fe2d4d40b463117e6e238d113373238c4353f8f778fb5c82788458e95f,True
614,L23,12059958594683526137,a8c9e35ccbec5aed3c803132995c79a37f75e440615cfde0cc2c440831cbc465,True
614,L32,14675595242949731922,8c7da5fea077c7ba5bb4af41ce6c0444018520892b7d101999a25e15eacf9ee6,True
615,L12,5085984550386751943,444d6b7f10be36ccc17ee658b631b48fedd7312d4c549c727ff6f5f11a3322d5,True
615,L21,3173934749304499671,c5b7d6cf9d056f997795bbf646a9b2df6792d33c2b93e145fc380f016d83aa1d,True
615,L13,14719668023713359406,0b529823ca74c58998fcab840f805ad1841d8939eae3758b78023fc93350be75,True
615,L31,10086109951912539417,5ec94526daa3ed703a80912110cddeed168bfa86702ac62e83dd07d00f6c2af1,True
615,L23,7427946701011732207,8befbb6e2e885ac4aea3a20520ff890d29152c871f1bebabdc2bbb4db2f27c10,True
615,L32,16314743550568702442,3641a0f4b571178c735f5470257e571e3872874cb885adb9ac675db6070c713d,True
616,L12,5744011433115097496,4e17cc29cbf7ced5dd852b6d8161ddb9449a5037027f13b18ab584d2fb80f2f3,True
616,L21,12481377417568282333,6ee5d192b05b84c38283a0b5fbfb8268562d7a1f2f3c0660fd883aa666a1fd15,True
616,L13,3988929810256282290,90d451a7a7b521940c730f16a4027ef99cc5d6f6bb3932a94ad7d04992c52630,True
616,L31,9437325839938058042,650f55463a2f441e07c15b5d6c2aa4a303f113565cf4ca50f69027b7d920f209,True
616,L23,3269729078949381939,258c6bace7ee96e3c06348b3aea8b72e807dc4879a3f4f7df8f7b4969b5a2fc1,True
616,L32,9108768090680552422,6771b52925fb62cd1a88f064cc7dc8e86b2929689b7a233b90d8c6f6d6675921,True
617,L12,4252775734843023800,7032bf6617dc50cddb365ba5ca41df39595280d011a9dcd54d09a8a76b42417d,True
617,L21,12417961885395987752,0288fd4ee3b943f245c6742764d6ffc126f079abe8a7dcb36b996d6f8ae3fd8c,True
617,L13,764001544844108729,3ce883aa5035e9532b3b0bda8b65da6d09b8fc94a11e4c6782421d04bb918f0a,True
617,L31,12850118378898356478,fa0c89fe8ba654649ea74fb56fcc1967ac5166a3c6c1d363123f8d198ff13a0c,True
617,L23,15651397951798220753,97d1b48ac128f3b6dee23e48b0f44e66b1a6f7dc636195022c1df4e406fc127c,True
617,L32,13752751253207797918,c3b79bdbb53cb8f8e44e0bcd982a4e68fa836613e9316470fe8cc54155f8f396,True
618,L12,4204013323926111719,b0be9b5c05225f9c6ca811d634ba6a36b326c4ed40efabd12756ae36711f9896,True
618,L21,4760347196193289542,b385939eb026e6c0178186f0df86dd3e628505dd4cc497db5634ff864c24b139,True
618,L13,15267162999614635076,17b2dc25841ba1f68fc4500dbd522e6e5b1c05b594643a17eae9c9cf8238cce9,True
618,L31,1956329985360077491,67a114718a3e06164cc4b074d24fde31727022edfb35067bd8cd0c6b13444f0d,True
618,L23,12638222340368071055,7fa43eb39e31208e3934510e3d5c08960f8850bb778144919b465cf4d6e87cd5,True
618,L32,184194390138611558,bb9b8dd1e284d7bb6488dff8972929344c4e437388ea3fec2041627210bdd3ef,True
619,L12,17598326657131465025,a90f52d761d859e9e2dcd2e394eb45fec20c3fd1e5a25fca8088218a6296bd4e,True
619,L21,8878483667044023210,6f4a74f86fe7b748e8548db5aed4ff247357f0cae5bef4ad04b2627ec73de23a,True
619,L13,520833195680450524,820ec673707711de02a73817bd100a885b984d9c32cf30b5ff532b916b06438d,True
619,L31,9496297833566347501,500dbcbc8deb46f60ac2933f5cbc0880120c8211cde53de6c2a52e1546bcce0c,True
619,L23,8543346456002578668,d389fc4ce582968c2c52d0616f26afa297329a588e71d8d0297280d13d7a844f,True
619,L32,216722765932007519,04290731db33673287b99af9ad0ec690264433e651912c2f67294aab1678b99c,True
620,L12,11227296827304136482,ee5cefac9473b8f542014dcaec2f9b986272c81024159fde2cc589aaf49bbab4,True
620,L21,5761306207917088682,5dc8cd22feaae2b8c402ac7386e8bbd58100578a62b6e7704c4bb5a8ee102cdd,True
620,L13,4504057706092301307,d24fc891ebfe84e37ae3eb08bed37d296c5198f617abed32c27205dad67f45fc,True
620,L31,9663957855628438855,f0cdf25162eea8251de547dc9ad197c7db91eae08646d87306b84ea8a0d9eaa8,True
620,L23,10475922251964685028,c8d4b9d09b9221c05fd0f3d80b01472b888b46470b12cd8b53bea43fa7cf53d5,True
620,L32,6019787355189631209,08ec84fc14d279c8274db9b2c4d7726f3e4e69b6c33933fad691725b7eb77f95,True
621,L12,11557468864692310960,3bd16867662bb22a54ba9482476ee67ab009fd71212e846125685922afb261ea,True
621,L21,5819272546005887494,2996cecdca38320c911daf23ead754b95d941a66cb82136dc0a9dd4d31f30355,True
621,L13,9345799115944328653,da79e49c633e89882512a5665b75d465af0cbef20dbcbc5e280df96505ae8ab1,True
621,L31,13009267786929910283,70be1ab2f0d1bee97422eec8626fff9bc372840ba70f2cdb5e72272acafa8963,True
621,L23,7928346552082563901,a6b54107dba6a33672a09ae0db9b6bc26386da6d2c5720b73a00459d128b9d89,True
621,L32,1771387865037584384,4eea0f8ca26c03d26f53c6dcf8f1222c22deb2e9bee303b676c9677553be45f8,True
622,L12,4982189973838777538,e2fd43c962f3208776682f8e46c20c2c21171b9014eb92c7e6cc3de5570b0926,True
622,L21,3417273402875137155,28150eb7b17e153d09d0632866d1150b66af8ace85981ccdce7c04b7ed21432d,True
622,L13,9442368997025374261,573a86805c945f5d9f02819855bb29f0c84fb0dbba93234906ae1d4ceed4fedf,True
622,L31,4980078776236074659,7544bbacbd3a7d069d513985e1c17748ddb2a4eb29f435bcab2ccd5605e12bad,True
622,L23,1803002545568740551,464bb1292c0e91215ba4dddc98f2a397abe9f10e5c267dee634811ca140d4e44,True
622,L32,5607850741751715671,a97aaad53cc541b2783bee51efb38dbb5fa77f536b60feb0c1fdcbfe7751a5cb,True
623,L12,7757420138240106369,4d6577cf1918060b7680e966899fbab547169e46e727a280c6c938b90a5c1d2a,True
623,L21,12347444214551145235,53a3c09b73cc669f67803e45443be55c969f4debe2553c7356ebcf25c365cefe,True
623,L13,16749376030889628471,f0f545a2eaec0b94bf34a16c4084d769b526f2253b49cd181a24fd5288898e3d,True
623,L31,514471283322248199,5f8e76888819ede214e138827680e6a32af6d4cf79d2dbd65a3f16f1b4ce26ba,True
623,L23,7293032022787053241,832f363f2188e5a7ef513e39327dc2dd624c79d90ec56060e002f2dd8f4211ed,True
623,L32,7603781741600259994,4653dd7d5d148d7aaa4a0ef6eb7de5c78befab64bcc046d5c3a083cd01fdbefe,True
624,L12,14580940535020225934,8b73a20f61e0d49d2783ae3efa11be1e7aca7ab6da12fa7e286de84f50f62d42,True
624,L21,345992239852979486,6fd8f6f146f701003fa1f9b374e9116bbb59daea53a33b2e5490bca143abec08,True
624,L13,15259306605912231919,7968435b2f00ade107a0f30a58cdeeacf6ceb16b0463ffdefb28be6285a1ff5b,True
624,L31,11165590033456530881,b898347e8ae7c856e3d578106bc05b3431250c02d654724dbb67bd5b8957930e,True
624,L23,15452498528502493589,dd2ee550e66585bca3dc9dc2dfc62a1031554a5f0126257ee5d559538eba517f,True
624,L32,11844950143928850967,b37b337d9154122a7fac72f94f3bfd94ecfe7215598caf3549d1d88ab0eb231d,True
625,L12,13846924042458117456,d98f982ccc84d49fd89a79ef70d0c5dc851c34bec1beeae1c358f720078ec87c,True
625,L21,11548425145345517532,8a05bd9cfeed8e324eb01649250314c66d5dced5881b19c8fb82f091ac2665c9,True
625,L13,3293807631491579740,8c95be59c57d34f6d2bd41469112b36bfa619d881d0c252e6a63c19e92183ccc,True
625,L31,15876562051025022125,08671534328d571cff61fcb4fcef70095f320d68dd42f674156b484949375c3d,True
625,L23,358087868162373165,503b661dc050e646d939d8942eba3c9bb52ef29c2594c1899b27b4aee7f0d92d,True
625,L32,8489849765350646810,2439de2184a2143088b1d98983fb3082017be5c9a20469f3a081989412940444,True
626,L12,6113351148728450050,5fbd73d30ff2ef5cf9c29b71502e8f0433e3c4be44c479e94d0e0f1c51543233,True
626,L21,3269480070359133486,e1d47b1888d4a89befc1d4e794c6d6c2eba40da91beed42e097b42901cf34852,True
626,L13,16562274991297250464,75634792d2091feb39c7848d4fc0b4da225cfeca1e2b991fb3b2a43cac52391b,True
626,L31,6053714941742506725,870ef364436f8dd8061ba62742c29963708252c376754e1084aa83e04c7fb6ef,True
626,L23,14535929672252036661,72e96840ee7942352d848b6241956f4e0d37d438a48bc8f7a94b76ecda49da1c,True
626,L32,16335716859222242954,5c4168b20dc159bfc099886f1e8e947b7a6725606bcffd058304bd040e7a1726,True
627,L12,10473618513884681485,6960cd528b5a3dbf2f29400b581d19da09b16b459fe9b9157160b890f22bac28,True
627,L21,10603655401140596772,80988513099de172638ed593653984720240196a5ede7c31f36b68f65fa4c19c,True
627,L13,10526938018618029274,73f835d229329ea6f5dcf68fc28da769806c9a89ec330c0c0b1c5c320eb1d563,True
627,L31,12800627643104092573,f909aa371016c5d21fc83426c29e4424a23f17a407445bb0ccfe5d212eabd617,True
627,L23,10494537975138093220,7d16e6c00ed15cabab916cea65cca06ac4fe25885622b63c027bb1d16a61db5c,True
627,L32,3590273244395857389,792bd4ff057a3b4036d07ac9fa0556377949731313260df95838e3c640fd85cb,True
628,L12,14447235732938541147,a994f290521d20a946d661e87813ade5c848cd42b4f65c4ade5540630c4b8bee,True
628,L21,3966270561148727452,b349f657f87104ac5249cc7196f228f872b79e3751e5aa03951cce10cf6090c2,True
628,L13,725051054183561156,b0eb230023caf3f7a052b8dbf2e41852288d442c4c3a7f14c7c239ae337746bd,True
628,L31,12588347788534471138,168fab53d34a4184cb09f95485548a45cd8832bd32c60cd5f13a78576a060fc5,True
628,L23,3451937677190592716,4ce400c5a55b1bc8749731633ec901f85bfd4c3fad94851d90f8550ec5d97c95,True
628,L32,2175892338180270459,570d558e6aa08a6bee5eeed7501ae2b13384b68feda9b2b7cdbbd9060432d6f2,True
629,L12,645248826137116038,4bd2aa85c683e9da6aa63a1104e2fd2426f1325a2cf13f0fe338c4198c21bfcf,True
629,L21,1205062192358185537,48a0a30754f4c1e20874092cf66d1dcf01c1d5fb9c951dbcbb4afe8676aa59f8,True
629,L13,15658793578981903404,b3f9801b2f175fcb55103ada60efa454b118ec2ba5df64d55db8f30d01ecce33,True
629,L31,1173992701389757713,2b43d9bfeb08e48cb53d4ac079a7b505dac1a3c7d3aa9637ad0327d4f556fa6e,True
629,L23,5183440051449965938,4aa481041b15515d7d53db2a83ec9ebf83d3d93ae621e28bcaedc6650cf52854,True
629,L32,5670858991514174415,36eed1a1d32e9186a4372e4613917a72f65706a40a7fcded86c993e90e738a3d,True
630,L12,16317709840779933161,73a0d4222370dbcbec7dafa18448bf4b9a5617aafe3c1a16b1647e19fe16097a,True
630,L21,9775427364563324465,f54b68b684b15ce7a8c3067ee383b0a91bf28c8ba88a6ef82afaff1ca2d46fb2,True
630,L13,13564517233204399613,b85997c893e138fe513b654847857766b791e19e0992cfa90a361a2563d085a4,True
630,L31,10485692883098406013,730d3b6b0174b4a667e73031e5f974fc251a3b44da8c4a65fa8f2d7c8f728dd4,True
630,L23,2023442561017334808,cad6e9f140d954b993c7b060cc916d86d01dcdabb89038154ef6bd2836cdce9a,True
630,L32,5381330721069813912,c0f61fbcf69da675a8082ecca98f0d0aff02d83ae82394a4a18d278d945fa0ea,True
631,L12,10343712741997416353,57fd2340a3074a58f00114ab67ebe3dfd24e3bf39c702b898ad5cbfad5ccf083,True
631,L21,354408472502499511,5bd4eb2ab74f054517f1e0f504e95baaee796f3f07c264532a69d505755f0239,True
631,L13,10748799859894773962,8d994284230a894c9751827d93477c2c1ddeb7e47e40a32bce718601348c7ea2,True
631,L31,15107619785548172444,d97cf7bd08a93ed44677fff0e451b842c42fdd1a3ca1f88fd6e429377a398fa7,True
631,L23,17912958561051458096,52775a3a27bda5e1601158c167f908bc8bcea69bec3b5af485af6b1e94aa1232,True
631,L32,10775148873936603472,868e9f6b9e4cbf42599cc2210fa1799ba07019696a9c6f67e16b7d8e8a0702f9,True
632,L12,18401869830694567348,f7cb3ec8c928103345658e5096c6630a2d877812f0232040d3d0e40224af391e,True
632,L21,12572582789289149607,91b558081b10f0bc5080a47d7aa4503ff9ba40cb80e051bc4b39354df7b6112a,True
632,L13,3112449449295274367,04f70623ee26fb861b3886e1009d7b0cb88b512ebc208e672ec26f2a84b6ce47,True
632,L31,15586561847862818193,4ea24729d72ebdf652e93a178aa66e0ee43ad43eff3f664a3d23484516e6fe6e,True
632,L23,4904475168212160659,561b48d06412fe0521f08f43463832f47513afa103d092d89688108eabe58f8f,True
632,L32,13475370882925972591,443196a6de3a72b4ddbba6bad472a9aabb88521074d54270641af8fb0e3a7158,True
633,L12,16525923228188055065,d31bcced66b60d265905be466625c45f23d78fd643296df9ed02c82b1bc8bd5e,True
633,L21,3793595609388398994,824e36557b83818a0d282d2e30127da0d88c7a52d498722a236ac32018cb2147,True
633,L13,8761768916426881059,f6ce2c8000c8727e287ace6688e869bce94187ea64e7b2a042b5eab8a821a984,True
633,L31,1677097483058440004,a61e85d677f1b46bfb771a1e6aba4b9dcac75d66574f0da6ee181217dcbed784,True
633,L23,6612801094783577820,ad682b37c205627959fb7371d5df96c2e74b98df290c9aed0f8be54243baf25c,True
633,L32,6012087859832175051,3be32ced8b45959295a247fae14e368a863d72184957ce0b3ad018e62a2ce5c5,True
634,L12,15072357311613975191,72ee6a40d759d4ca087760086e98c0fcda7ce9d6ec08155fa04102845a75eade,True
634,L21,11688890878992672993,2fd6acc96dbbc823a425c58b397cf1c55d78f0a349a1a0a1fc70e67499b0bf46,True
634,L13,6510936668458702579,843cdf4c59ccb8fa9ddfa7669dbbc40a0b4a1d758fbd3ca4b81fa30a68432e9b,True
634,L31,14040997220965156336,8c35f1bc9d2891dfeeffd2c08fd35109c0fb6f6e155c9e0e8225aab75cbab8fa,True
634,L23,9717905116800200519,331624b0756a74b6a69ec956457c15b7d30972ac5237b097a8af515ee37ed577,True
634,L32,9744539504910095882,963542efef3621395fd9a83d83577341e5d4c3ee29413323c5bb000d66d9d057,True
635,L12,17038016062756364608,6a6055a173308850b6dec9dc5d5793e4da0fa78f04045e013074fc6951f6899d,True
635,L21,831762892244584299,521d4894e0c7df3d4a7cb8c3de11b29cc1e557dd983f28fc78d070629aaeb1ca,True
635,L13,7540741605991955921,a08c850673e5870c13d7af01815fcd9a5840f1edf8096e942e6a6e2bd08f7c98,True
635,L31,2207604382768843421,89b5421d3b18784e4605e3d0b7cbe56156364a3bd25ea6847a2bca329453ac57,True
635,L23,4809376005379360788,b4e8a91f84c44183146bef394af9a68a7d51df9bc642e90dd06a364010719c1e,True
635,L32,12131875702208966386,1c576d7c38b248ea4d8c7377e3f98c294cec70ba28ee1d4a63eba4f1f3d919f6,True
636,L12,12200096736497937597,3d818cdaa9f54f21cbfdbaf5ac6dc6886b7a9f23f926cd7c0140b8bc7ecf1f9d,True
636,L21,6905056109864276768,96f8f9b0497239de39617369d6d1da43221613248c0cee7bb1c70255bbae8b12,True
636,L13,8526342638196167877,7e0011dce3c21e4377aaf1cc6a25af93778f85b15258548327a03502ad8832dd,True
636,L31,5222505883076785759,2e06877dbaedfd76fcfbc9a611e9a0bae7199ca7e30f1b4a8a7144f497f8e996,True
636,L23,7465743968591447237,c7ab3cb7051f386057929a6a9e0e2b98d23343bf5417192ce15bbc445e41fcb3,True
636,L32,16300470869721274289,222f134fbbca01b1bb05248fa566325560aee4ef7a2cc66535e80a2a13d8735a,True
637,L12,16612548950795419934,173505ae99b07d438fd1ca9be5aea200e5d1fd8a7ff14542d3b6d3c04a87b8eb,True
637,L21,4979843710910083458,21dc8d58a6de6c20357fe4b08afb0617256431d37ea654808cc168e672fe48ba,True
637,L13,7518580726358864160,9c0bb15f9c9851ab5cbc73abeff63fd23751b2d0fbc1aee0a5fa215afc1afa9e,True
637,L31,881177206478096186,667c203a98d2489392d1f3c2a41118d0b283babe702cbeb19f842697b3bd1414,True
637,L23,10686091596499497690,25cec34a1691a5ab7badc3921cc2b6716313c4d7d4a08c9fd1e7b1f1f1c2f035,True
637,L32,18017069098305471644,0ea3a97e89af049d3b290e8f6ccd6f2507b268b658ca2093cd4884a6e505d19b,True
638,L12,5757403506332817503,e3edbdeee262b103dcefe39d05ddc4e3c490a20e65f792830f598520362d5ee5,True
638,L21,4969166202584339638,639ca8fca4f44cca26855b77734e703d69cf1276827cf060f45d66d39f5aeaef,True
638,L13,14523663667484041014,02dc5567291713e68606db24dfbc20f319df4142cc68cfee0b4b34bfba3f5e62,True
638,L31,17075414773551935943,a6f8fd328218321903eb6c0476d0def124c1d61d0739c7639651309020736fd2,True
638,L23,5108982932271651157,f60294be47afbd9b785f5ac84486461db0cced06dee0b29840a9bf461d16b1d9,True
638,L32,8425298502031775590,f0a246737f9a3335072a3b7c4d43ab96dc3ff1a8232f35395c6e54e57d7e7d3d,True
639,L12,9805084037048986370,80081c3a32ea311213814d6e798b88426a1066ee7a787bf9408ea5cbe309d94b,True
639,L21,15947184021843961260,1f48ac243d38fa144c3e7871c0a827103147a92de4031e442442f8d93ddbf593,True
639,L13,4381525968000838426,97b64f57573d1502943dde200c1bf59f78689460e9ef74586a7a757ffa177458,True
639,L31,1498202107110973073,157515fe6e7ab66817b6d11c8880bea4f47df7f4a594159fd0cccaa353e9b645,True
639,L23,50088604997792211,b061184ea3d75ee50fa81aac3cd8ee18fd17ecac8813a3c9d3b4b04a4d54aa87,True
639,L32,6228765547759975036,86ec13c322434f4ec2b7a1e1a77a4e5bf779e267779d01d78b8ce3a24e916e31,True
640,L12,3626314103803976109,741e703be4dcc8d7f2a4ff843a31dd66a19a6a916771fad5c60307aa583878fa,True
640,L21,12778810622629653953,8519f30b63c8465fe124ca3bcc8fe22657664bcce0759af36d3101cd1de37609,True
640,L13,4062438955118388271,f151931f5f2b9b7f57542ff913ce9e31484158103a88e11c01ac7e3775a32fb9,True
640,L31,13310727915359780691,c2969b263f7d787bebcb31d0247eb435d487fb4dc97032aa4bd499ca4af7d317,True
640,L23,16141635511742698220,ddaf04655ab95b5841d1f8a3a244108ff58d6c4955b2ada31be1e5c70257456d,True
640,L32,15169406279379759953,5fe0455638d26c24920249191f35838a2a8de0291230626bb271345b94e6df40,True
641,L12,15444370140737861819,1ea788f1bb8992e2f07ab62a6c41a11ed84439bba8e07ceb287dba9b06e092b2,True
641,L21,16899819970680719924,9cd45faf208e1fa9fa027e81ee384e1640cf5c4d66fc1bf6b9b424825171f0fd,True
641,L13,3883037363822269912,ee27e796c76f141fe50a412ca4012bca660d7c0d0cdb98f2651b3935e997a120,True
641,L31,3287303531095639330,994282ec06ea4d79dc9d21c2204c9980514604c036756b6eb70fe7045c008303,True
641,L23,4440752504821191647,0ff83e7122b48a3b6f9c9efe9aaa618d06000ae5ab4919ebf98970bd16926839,True
641,L32,3372839991060777305,34a47a8528a67b3a4c74d1ee1dde2cfa7a02e79f50d15691205edf317e2bb8b6,True
642,L12,15405807253027557806,edee1cb9f58e58755ade7680407db4332bbaa8dd69ff0b2a91474e85896f32e5,True
642,L21,16193993398125066601,e177f7d5fd6675c9cfc1b65968ffbeb960fc2a88f87bef93a17cc6363887a74b,True
642,L13,3960157653215934995,bd61c4d14919dee8b62be95dccf68de9d2ef762da38d64f2fce21e813c29d610,True
642,L31,4324483186888536674,56b003394ed0fa31ee3c246fd3f60083b0d8a6a0497e023a3934dc80f923b206,True
642,L23,13079230069075179196,0c24f13d262a79f090f6d24429ddda237df171d98494efd49561d049d1d2b5ab,True
642,L32,3179839357617152140,41a21a16968c82a95c08e6563f645f008c0250445e3b2e98fde7a99af6c01d6e,True
643,L12,13335586902762793517,205f1906bb4021ecb09f2563d016146c7087e91ece77876d5144e5c12946f78c,True
643,L21,9530435861650457246,a4b8c650f889ffa4d60d0a119d766412b1ed1feb60db9dc58a2de535274ea41c,True
643,L13,13908919996465008424,e3c6bdf06b4ecd4680c1b18dfbb48e0039ed249b467acd88f8737718bd20ccdd,True
643,L31,1001169797580098729,c2db674a4ccb3f6a639a850d6f833fe8e463d8c857c9f609f1cebe715f2e31e7,True
643,L23,1019412131405237540,5296f889034fda8cde211dc22b1817406b16c870d6eb08a8f3652855ca16b551,True
643,L32,7790300143186225166,36af2c689720951c5ba19daf87bb6c95a60b8a47518f39e3c2eb70ec292c5b38,True
644,L12,6999185629566129453,1bb2c0dd2317217f17c6a0dd0d9e55033364fc8aa3bfcef83921ccb61c0fa4f4,True
644,L21,14380185378750378970,de6a376737b378d7f852fd2ad85ee445b6c41e1f7897bde14b4c74e271d38bd6,True
644,L13,1499197591907637538,7e9243d632d775d21164d539f26041aba539d1240ce3f690a49ccc40d2ff3a7c,True
644,L31,158421962627562138,47c60f5a370e8bdf47c2d0a365da372428ccb02d5dc29b9ddef86fd8b08612fe,True
644,L23,14327673205906268384,390a05d64d81c23bd652c31ed9f1ab3570e6330b60d029131228f903baff04dc,True
644,L32,12895299147868516580,a8dca3c11878af59b8ee55d917db6a116f2d2983bbf4307ae879021748bd282c,True
645,L12,11438337911770808893,009ec8cf5ded906b0dc404d42df62f5f5ed8493939209d65ae16c51c6106b31c,True
645,L21,5885680100054168193,2f52663f6b85e8c21e45f0b00e01fedfb9929ed10cff98c56274a2d6901f21fe,True
645,L13,2947223230525285498,f06c9dc55b2382017f5bd541cea228152308369d6235d8ac93fe860657a297df,True
645,L31,8685595290533873467,4e2674a36358e2061cae60e1f0e3e651ba53ea082f86b0aeb0c02e44c5fb6c38,True
645,L23,1828296931818195301,447bc8e9a932ded87f10df6ddc6f660560d7c62fd2efef8ff42cdfc79247d737,True
645,L32,9658963407640313761,3e9ee2675a6d0caec2bd4d83afcf7d4156f114e4f14f35e0193798cba4dc11bc,True
646,L12,8625367170552428832,c8b2227e7a97230cb84ede55ed5d8af1e6313215b4e9d97a77cca06269ad0a7d,True
646,L21,3663409247672897885,68f3a658ff5cfe750c11edc4eac8b7e24f0082a4988c8bf7a558297d2a8ac0cf,True
646,L13,7927750900169251686,3bdd566afe3b1785048407c9e0162cb8f04bfab31085ed05dc58d9df0854d22f,True
646,L31,12321389807977177162,78c198eb03753769e167c3679f79e33fd1976e99c5dd18629969c3f1102d707d,True
646,L23,12213906971456453935,3ca58a04f431c8307c7f66ae494677e424aa333733a43e3c83a5f81c2b2f297b,True
646,L32,194214432663052651,5da7d09a56cbc070bc59e01bba4d04059a1f6d49c21045fad6ce334113e323f1,True
647,L12,9900506587787065060,0123aeb1d7880f632618dc1cf464d9c7d6b032c5754940483779056fdd9280c9,True
647,L21,7317974608735662609,6fbf401721c606e21f6bee65b7a8e0fffa547dc445b101559af8484118f838e1,True
647,L13,6125664736013495062,4845f2d2f62a86e028d3265aebf21ddbd3a72d52934870849ccdb36008354b2a,True
647,L31,13842012783705835983,61445bcbea5f051abb5ffd96537ce51385eab0739dc748ea77db7d1a42994ae9,True
647,L23,5159973073409624970,8bd46e6038f72e7914b2405203905228f59f2b874a9ef0cc0b85c8b0ecd9220b,True
647,L32,11214768933945568893,c91f3230714603357c661f2f416db1d45fe77a7363f6dbdc88a91de1781c6f06,True
648,L12,16870656720123047909,a18b6a4fae810f529fc830d93ed29a030a15c2458faef18c09b70b39eb703f70,True
648,L21,11656915262470407322,aba484a2c273a14ccb5479086ca22bc85ef8dc83ddba57a6c1d4c47765f4b422,True
648,L13,1163843466714512801,3b5419ccc54c1d3a822e838279f9ea8a4cce53bffe615dab565e746aeb288acb,True
648,L31,176848330444374267,65a8853a39a0e78b71cb4d1da22b7578507aa6ff9add698130ab54bb40bdc571,True
648,L23,3542469826809906645,c79dab43ae9eca022e521f27eb7ef3625148a149cf5d5a3836879efb11b3e61f,True
648,L32,14517840306832115153,0636ee49310641d747f84ff31da694a487208dc3abda67a624600bf31e0d45c3,True
649,L12,4124166090286514663,350acbe9744e887f13968feaf017813dbc45fafbe8c9161dcde6b83937dcc0d5,True
649,L21,10286950605615985567,cbc3f5628ba07814e564237cb63d1a4d5e3d2bb792fc7bbecbc0d5fc8ac3fa0a,True
649,L13,8414488573701326506,4d3201fb923564eddea66d96d3be5a6fbccfabf686dc8e4b168058a0c3289430,True
649,L31,8921397804996441822,a37d6d74e59b1478cfb314a38ec3113135be9190adac299b97998a033d060583,True
649,L23,15439631741367587605,0c50ccb1b74337aaf1c1054fde547317401bb62a1a1297304cde1c7dfa439b14,True
649,L32,14635040503142628797,6f127e18f47572146cbf40c2844ec9195d8fd25c30048739ab19431b0d5d7489,True
650,L12,16360583364514645562,99f1dd01474052d950d42e30833b82b009bd4cc2f2b7accd27b0a26847ff402a,True
650,L21,9195985141668702711,e4ff28792c2aa44fa304b2f6198e4ff34b830f4f73967ef658c3fe4d534969e6,True
650,L13,8652985696240604814,a552e0afd79e2e071e6994255daffd9ab6d65ff925409017282e46a630cfb298,True
650,L31,16201826667302136970,af9f2399bc901cb5e05eaf9a1a7cfd393b20c45c80cfb39e6143d1ce127b8439,True
650,L23,2971499692830002350,2ec702c162a6cbcba4d2c1eefaf4a501dd858397dd56616ed414b5ccc51414ad,True
650,L32,4153784979076991791,e05e92ee74af6ce0232a791216d5b181270083cda2e052636cea8d2b4319fb2a,True
651,L12,5053317714418204661,e7dacfe343aa3dbb04c8bd334ac5eb06d56231fff2596a99a0fdb188acfa69f3,True
651,L21,2030876577342177434,8f88163ddc66dc3a2830d37052acfe510dfe1e60bb43a4678bd2760d8595701a,True
651,L13,16960777474272375013,f2ad46dc5b9dc3bdbf43529a65b5e76d887236d01d8c4e59c7c5214b6724f8ae,True
651,L31,2162419702242682965,0ec2465629fd5c8d66c0a67d3e0c3b28eca038f0435bea31e59c101b08649b45,True
651,L23,715153576860837473,f5e448f1fda4754a2880bd63fc75fb6545511169f6ee27ea7774884ea8a0efcb,True
651,L32,15813781254674021373,42d258f83ad14dbc733ca580f24f5262d6864b345bb67a0c8a3d1af13cc54dad,True
652,L12,221856042453599013,e9e78b4232b351301479ff8dd79ab81346754ea032287d97e02e315617ec19a4,True
652,L21,5648920025789314238,8517feda7e0890dcb7f3ceac943980df9bc95c928a2eba69c00cbd28732038c1,True
652,L13,11580419364690924729,b37f4a17f82d5b6e9925abab39fe5dd54ea3adaf46ed02206634214f4d48046c,True
652,L31,4263578804070284623,e3d7aa2656dcbbdd224ef91aaab5c39b2b083b35c49a1d8d6716bbd9325d084d,True
652,L23,16875717990547714593,125dafb964555fe0fb0a6df5126689d61fa017dc66ad072e5db62f211e410b90,True
652,L32,13939553206438628246,549cc420794b2ef1c3c1f95238776dc4f51f2ac68ae42171e220b11ffa5c1ab2,True
653,L12,7284458938409272441,5ce35130e6c332d01d2f1ad854b2fd6e8346e7d3793a92e275d77696ad539f9b,True
653,L21,17150630810132548028,a585eac80e8896a46133830794b9242ecde734e27d66d0e07ce11364a0e02f51,True
653,L13,13008651609285228508,8934a94b9f65d3cfb12cc0a50d6223b5d3a769347cc422e0fd4288e377165323,True
653,L31,17948112333545740467,65653ab589e239646cbb2d9beb15bd5ee342a84183e29de1da918a2ac60ab743,True
653,L23,17836663979052985954,956ad8d3b3ea51c7d43cbe0a874961125cd04cda243e8f0eeef7b3ea9e1499bf,True
653,L32,13829110550164221187,2698d0f3a27ae642a0c89195fa3cd0e849f254e2402230c50207c65d961d188f,True
654,L12,6697939183381386006,c618390ccc93aa643eac7cacbd6028fb8d84719b9ea198e7e28e30180d8160ed,True
654,L21,4554012919219254967,ce183988726349f83c7dd987500496bf2d707feeb96ceaa9e694d00665ee6d1f,True
654,L13,17585177510005423732,ea7858b981a854e85dc5e85d177b68028e51e1b5306b30a529757c8b0fa2811a,True
654,L31,15133045786315106048,eaba35e61170b772c4f2a38ede8ea0787496962c2d2cf6d86b7b3d8c6219012b,True
654,L23,5024524294304147768,1e700aa29f90b47ad951a431461b516332a1aee13685eb54b38a8acad3cb51a8,True
654,L32,1634432219288001764,2348ef2b47d20ef606dc2adc958b903c284879de879d9d0fb4d9f473dac7c9d4,True
655,L12,12709612954811419552,65867e0244f485324132cdc096877551f59c29dafae46d5d6d32dac87a30e770,True
655,L21,1609710900950577065,dda72d899046c194e7aa1009204944b491fb82e68fbe7be933528e910498ea1c,True
655,L13,405623348751226545,21cfad799738da1480496b66769d449ada139c235bc0ed305fdbac79578ac184,True
655,L31,1472280132924150853,ed14a0c32ee75312732313b5583200e7f49d2c497b169dbf14c09858058fe960,True
655,L23,541472046312448577,cf5666254a74a79749b11ba593ea0065545968536611722574518db51c2dd943,True
655,L32,1838226882718150276,1a933fa3d853abc14a86b75eafab3654814259232732b3b825bbda993d88121e,True
656,L12,3093247281100996504,d69b933aaa02a9e1f9925b314b23d35d457f98c2f04cb9db5da5fa1188d0fba3,True
656,L21,1346682981773494256,f54342b87b2b8e38698f539f9adbcf7eeb8a49e4ee62eb14fc81720061e2a153,True
656,L13,10412697020491823412,8b122ba7c9ecae3bd8bb9930977309b8a42fec7a0860cf62e669016e16265523,True
656,L31,12556487951079536830,ef394ce8a431acc13c0d3aa14ce76b1d1ae183ae05182efa923d8397423f3adf,True
656,L23,16972659233805994615,dd55378f1baf464d6e1e83ca6d605fe332220484ae02e212f7cf708e9e065892,True
656,L32,699652965849474167,9ff9471e1ba62e1c60ea89480458d469ac8b6c2f7b29c535c650bfd23d5517f6,True
657,L12,11938504706316290470,e06c2c09e10f07d23eadf4788235ea65e0f73382fbcb1f889a9aca5ac2de172c,True
657,L21,9194191942358978207,f48a83521707630896fe73ba431cdde6f7dee2a7bf4743a4d57eaaacf1118544,True
657,L13,7938690031381871585,a4f63f7dc8e62dfca1a4943f76e516701e273d19875d4771ade33f0d1b7addb4,True
657,L31,8575776572766103493,0839a16f8f2b332d87c0708d8b852491f60dee0f6b26b54f5fb168cc62d45545,True
657,L23,9549104036296675476,85a965511ad1db9b0eaf8909c3e035d83fde078a36d2a4d8c0b3bda9ce4efe55,True
657,L32,7517459829201363349,62f15606f1e7cc491c4a2adf7434d7379fedf3362a1146d96417086c2efd4b16,True
658,L12,9956629529218286164,0b5d8a49503eccf0026a485f256e2208d4c689fd486074ddc6c28013c263d91d,True
658,L21,17761577126580134128,5b96d37c4125dac8ddca207e75f75ee4aa00dfb267d8ffca6845b9373e5e8c79,True
658,L13,14747253158641219054,5793d65a7cd91015a65b0a8c371352cf7719d01e1ee51078e36ecf23041619a3,True
658,L31,5663305021173978194,21532a543d76d600a7450ed3779890c9389be801d25ab73cdcf6eecc2fa6fcd9,True
658,L23,4489443164340936086,c6d6d919834a5c08107cf68c572e7b402497d5f31a6828947619045b147d08eb,True
658,L32,13336897946474064238,d823750e3e683f27641ba600902588744c682862607fdca9719d90df7fb6e3ac,True
659,L12,6459281413564953942,6a6c9eec39f5bed8cff2e59f6ee479150a06f0ee058b21bc7134d7d166a635e3,True
659,L21,12172273083315531352,de9a27d63631e4dea4fc2088a13b76115532237385e99da95ce9771d1e3fe22a,True
659,L13,5022361753812246829,5552238ae884976da7f9f1e956d25d1ffc9194773b5fb10a6e8b4d63a7c5214d,True
659,L31,5901360581533450451,db742f84f1d72d1cf648d5087ea3a4172e280983a2edb8868e060cd49f935578,True
659,L23,1453871150182573574,4405a462cced7613ad4ec05d448c64095dfe9d504486428031d711c676f0b720,True
659,L32,16226942620565719446,cc8a8dfccb6bb4306ca4c7729d3b6ac5a336bd68bf6d20b7a6026376be0ef375,True
660,L12,17653477586988885125,57e8edd18534bd015271c181c32588c8c0d786e011e7e41ea4eb8e87c6e75c12,True
660,L21,14947484606968858872,6ac9238953806e1d19a95b47341816675606f80748aab7ecc9f9e1e5ca7c60b5,True
660,L13,11315835810037679029,a9e0b87a5a208589f1703301a858cae019d47647b7481128bd8caa07df648b8d,True
660,L31,16656869933474377513,95e2944f7b25530ad24df35e6ecfd2f884dd531a12c6ae33ded120600285e8cd,True
660,L23,12852647187643694044,0a84d127cdf433340007ee4a6f7b73ef95b2158090faa466dc031cdca6ce7fa0,True
660,L32,17497312823855229895,f5dd438b8634332dc91e7feab6c0e4a999db05b1d255abb894438dcc2a2e5802,True
661,L12,13241080872121539895,66ccf9fe17b98cd3f7b0128d6e34ce9552fb779c895b6b1924d72d19cca15dfd,True
661,L21,8596403257756871603,36a1cfb61cede85966770d4794babb2ed6b0c84e0bd6b80f718638a52ceceb2a,True
661,L13,560473520723041907,5a3b6e889882c1838af5e19fba0144e65d43cddf3aeaae4d467416058c5591bb,True
661,L31,14305757085551050753,569be7fd1570d6acff21e569d0956d07c8073e2c4400574629948f292cd0c3ed,True
661,L23,16478683333379062858,7f89de866553fbb1ae1968e9249ef7d342bf7fd26e09ea79701b42228e5a0a05,True
661,L32,7315170101529042057,3fd34c672b651c54c6e9c81023dbf3c3eca5edaa282d1e31f938848c97be1261,True
662,L12,8110469724175551307,05094005517e2c0a57a9ec26f47d34293af83e0e749ec20636551a28a8a00cdb,True
662,L21,13580166103830997683,13d758d13183114f9e0eb871a49791383d9beee1c6b61842a734a556ced610bc,True
662,L13,5686909966243799398,624d013bd4185c5d367a968fcff9aa711eab95b16060e0f24dbc23ce1b4bb221,True
662,L31,6547986271890518885,acd0bd86e3fed16bbac3a15c3b17e2419cc18c748d31b97b4f1d185b05d59c98,True
662,L23,2223893142929248452,d591d519fa99fc65f63cd25118d0f6903c3754962ea011b73749653095f2257d,True
662,L32,8850417277469606411,b281646b72636dfbb2e3b21e803a9602c61296699ff8aedba5a54143bf55fae3,True
663,L12,13443018095026629842,53dbeaf5613ec25096d24418f9772a2fab77dfdd77bf247d12cba5f4cb2c3150,True
663,L21,3201056233304305439,c3dd3738b183454ebb05924bccb5b862101cd8332f0b345a03cc03c99f619303,True
663,L13,7336073883224838891,b96b38ed75deec0ec73bbc33bf9374bc6249b26b579e5b434c2bbb69fcb25bb8,True
663,L31,2950635542399523401,0db0eccda4fd877b47a837f037efbc672166539b387e0f12e77636f9bc8abe61,True
663,L23,13588075028185827677,6cc600e581c24a1ec25ca859de1a5781f2db2678dcd57f9d21a551918afe419e,True
663,L32,17273470201636402752,d8699428fbb9d9e48ddc4a8152f0431572fe84ebf4768b732848a44be33b5687,True
664,L12,9478011153083400589,cc55b5946b3932bfba99baa1f2c7d488ddd865afde302f8b4b4c15309b94d904,True
664,L21,8490634233092276212,afd8e88920ffbf53b842b88e0ea1b7307c2473ff2777b35a81b1bd52e2fcc5ff,True
664,L13,9166736706148234762,e3aa309cf56d438ef7b744f6d9864833d9ea211cb978118ca8dca33eae451c13,True
664,L31,12669194801884706440,c313d600b7bde54dae972c5ea55620e1efe72a2fbfb9b4140bab71d612479c43,True
664,L23,12579137867435953935,cb439df7ebd8b52ffe06fdcbde815c6a29ad3ceb306fbb1674ed2fa5cea5cb62,True
664,L32,10880615227516426722,1d004e314b34be7b795c2bfff4a5cca0681628495af92a07b98963bba711a543,True
665,L12,9644092032837095423,133e11e4e8bdf57f313b4ef3ff0be118c753ca2f5bad55d2fb9050b5ddb2dc91,True
665,L21,10434102535686848546,79507dd4cc8ae771312af593893ed744fc47a589122099c71d2563c50bedea4d,True
665,L13,13656815754568525362,513350b6f7f9eab50a3f7aa48487bc72ab2a66b82d0be0cc827795f07f437416,True
665,L31,12877963868364540750,6862399be9c651a6b90a02ea47d89576227bcf297a3b5390489a4a81e6d9ec09,True
665,L23,6144282574491518322,271327235a1dc3a87a05a583454126ccb426afb5210ceef6f150151fcee21394,True
665,L32,4453472930485745412,e9acc5e02ebc426723f19283bd6a465777da06d1a9d1f86e73b3b399669abb8d,True
666,L12,2973690677186840791,f285d97db0b42da521a8d346312ceae57f2cf6a114c6f61da27df181453197d7,True
666,L21,15470982443143510047,77e765beb2e65693e8785f26b071a3bd87306cc2605dcb2d79d5a8b65dc641f9,True
666,L13,2005927809524440353,fd7590a7d2856b0eb54ebad825847301dc6b2e012544d8d47cbbaaecf38f2789,True
666,L31,2032448276101376880,9ad8f9d3e711058bc986bd0d6f2c0154f6321c6a40403ffc263f3deff5a253de,True
666,L23,10353557423502347603,7d85944a5e63ec8d6b5667b83b5b3a0a55de809019bc05feb07b9bf06aa19ecc,True
666,L32,17284353010818256976,a511f3cffa4bced773de98c8eeac47bb5bc5faac264bfb23d27631a0881af57c,True
667,L12,5964231570449991608,b6a58bb80071157f01387177377d02875b677a3f2c208d43c0d0f189d04ac9fe,True
667,L21,11883103890256276957,07236b6862fba7006e6f7a48250e309a5a01851a537c022bf16f53147600c9dd,True
667,L13,17579300358498606952,3f53ea84b4a6f072c698c10d263912bfcdf151c7ed2118ee570c705f0fdadca1,True
667,L31,4406507867943329094,e5aeb30af7f9c37c6bafeb92c341b4c88152606b5c112f95102723d3dcb45128,True
667,L23,6258680165735311900,254609fd5cd1e28af7018279080a7e06c28c670007f3973a8b814e5cfce0e957,True
667,L32,3648429913231452372,0ecf406dd807e521b6a0b31468545ec4da461cd21153094e54c98a057c1632e6,True
668,L12,11627072261584540075,eca7b451456b9c307caf41a8dd0663ab74db56c5edbdf18152d1a1f2978f433a,True
668,L21,8020291650587692048,9f386db30a07ced1e3bed37bd226868c2abbe8f6943baaacae54418a96ccaf7f,True
668,L13,778872581827605512,eee2b3660a2de7de4ac6cb64f2584507c3f0c4d71140974f909b207bcdd0a1b5,True
668,L31,630077649809965492,38fd2916708bf373e8a141aeb2a53da44c47216404dae74a845630b13456a2d4,True
668,L23,9974299761097939867,a28a4d55f3f9c40ede4b6bfa690b6ccfe1fed65a4dd4f4070b8f6d9494687cbf,True
668,L32,6942665574283255888,fca5515e377a54548d815e6b5f05bbd29f4fea936ca70d47a80a5715534a0b2b,True
669,L12,13242092392718472657,0f003023ca8b1d0090cba0debee68890aaa604b8b16ae7dcfdc3137c72fca5b7,True
669,L21,3137122429140041070,f6947f15d58a6e822822504c89f8fff287eef61d9d60c816202211aaa64a8724,True
669,L13,7979497460552203921,3ce838160790abeaa13061acb8b1b2ff559f6c4f2ad11d8d052823d20f1652f2,True
669,L31,6223237119885339862,9343513b353bfc6e9832651b83692c00b4a9f4f37c790193c22e405928cb03b4,True
669,L23,17973139961370428734,6ff8de1e6b2268c010f7bea7c30b80917b06a24cb1900694f9f5c5bdd773a0f0,True
669,L32,15222547025389109047,de44c8a9c589a30bdb0d738d77a32358c06d14118c7efac6a9204be3780a2877,True
670,L12,5509408457519798692,29f92b4ce5cb87a17dc5220d4a60dc6092b6fcc5e8f0cb8adc3cded6f52434e7,True
670,L21,9914109148630527950,a32e6fe3aec33716849b9a55cc6af1bbf887652c66ea7970b190d108da659d73,True
670,L13,1286029623298081620,142312cf793b7ff9d9d63dd206816666394c6da552f5f32a60f95081d979a9da,True
670,L31,11906465634315484975,4d1eb93a266822c0f6f47ec045629bd54b1601486584983c870384b271c0c063,True
670,L23,10956455548034879275,b5ee087597b5a7807f449626e447c7716c23e5e2109a810022d2fb484b49500a,True
670,L32,6978387167679056999,d6cfa769f4fd86dc1aad69ac7de73caebc1075fcb37c6c312153f1fe5c4fc88b,True
671,L12,5246030656367219547,ad81d36d6a7d7d0acfc886a4065ab9657144bb1ee3fe6aa09bd52d69f5693baf,True
671,L21,16444678920338014291,71cfbb2b766da9679dc57e481d8a61737ffca0749d1565f7f14855da454f7ba9,True
671,L13,10495402260578081530,25266cb0141cb092b481aa046059dda9f42b73057e4d0be70dfb940332de360a,True
671,L31,18087630347081506796,dd0c2302b291a6b940c2a14fd79243bfb49a142d0e444ac0af60ff11290c52a9,True
671,L23,7367593225862987703,e281c7f83f46e3cb8ac444c32bd721a8e9630a12756c19fab970ac4adbc72790,True
671,L32,11594024474692578542,0d758adb1924226f89ad0427bba46141e9565fb5cbc21e202fb5495366157fbd,True
672,L12,1740770089989776685,ddb86052ffebe0c8a6999e02776da56cc0f2febaef7b5936e39a1fa04018090b,True
672,L21,10857816360889120929,3e4d96c3961588e09a591ec169bae6557349dca1805c216f7d8e6c3b34fd7240,True
672,L13,15016749152692414037,8aad9d0c280d26969274d80b7a18e3657cd22afc38bee98dfb36e403e569964d,True
672,L31,5907697871649770867,7ba48887de8f5078a95464ee011f31d5d4ec4f6085542e8aeed1b826c5a84087,True
672,L23,12644104981914826856,c7c8c2807fe66c08268db139e8d144ee0b2c425d4145d1185fa7ed0286d33f58,True
672,L32,6331327399745323245,708beef7ee2cf6c7bcb27c5b95426d90ec90c50715b61a65903d863cbc793cd1,True
673,L12,3177920493986438186,68cfb71aea897fdc918b8e70133c9e6204bb84cbe7e68da014f648957a8d8f3c,True
673,L21,6763650547521990947,be828e042aa203cbcf6656d3f22963fa85801c37d7a0e710231e7059ecebdb04,True
673,L13,7243695508159564044,488cd13bdf07921c481a2a09943fac948283db3897776763d8064ff97235c9d1,True
673,L31,7903244831909399027,86c461ff3fd4d658a0c729b42e18b0b5b8cce3828ea3a23876592e32e0b015d5,True
673,L23,10344538280899852196,30653aaf4e47e90fc2a17bf502cb92d12b675c35093ae8f5954b7af752405d92,True
673,L32,11704080022157377319,fe686cd1170c568d6be3f5f54ad8549950ace4791b3292f00f61853d51baa853,True
674,L12,1587930389423161807,e1f92f71881f6fd23de954cc6b214db2094d6cfb98e0a3749d6426bc516ad4b1,True
674,L21,12203236195849487179,fc955e433ff20dc31186e2ddfba977331234dd638e9e89f255e002592b2e4445,True
674,L13,12821282871712435963,3190c5483886f51b6195ea4a14c80d070866f04b3f223e79363048649a2aab37,True
674,L31,569292145253323133,780432803cdc2ea3115e4a63cf05f19c4b0c83f24be6e1d26557f1bb01e69719,True
674,L23,15429948567528269945,b43c3dfa5270b8fad8617df5b7f57a27be82aea03ab9d105b11c074d73667d45,True
674,L32,3897273719474714368,4f50204e7b26fe937fec3f18c85e866e389982d8e15ea4675f3fdaaed3d0ceb4,True
675,L12,1021576596849837547,4f6f42132c45e25eeb998732225e1f5db3dcb89caf2a5d6b0ca9f5870b37fbd6,True
675,L21,447740026877354445,a8300ed88ba433235604e0517f9fe36b082d7d2ad676ba8a53b1754d200d3acb,True
675,L13,3339929303777904885,9673a1de8d27bbe4728e7389c0e0f8a1a93137095e403af029ff1387212ed644,True
675,L31,131407828467108105,480bbf39d74629fb0409e82e6d832aba4a4c0ef767f99521b288d41466901240,True
675,L23,16137934142505718149,82bc1cd42285ecfd89a084f4d19c28a9f58090946913bd6e3b415fc3e3e397d0,True
675,L32,14845481918965884596,b828ef18857a9e0e6ee38a8136795cd2e673680e64d40bcd0d7fa73f20c83617,True
676,L12,4448029529402007546,b2912c2d4c67c392565cdd2acc96a1f1235b3d9d0ddcbc75811cdffba136013e,True
676,L21,1386118754117734175,4c651621ea46147be52a711c540f6df0bb942da69e7467d6f6d281e688eb181e,True
676,L13,6026796967115508964,26041d1eb714bbc53addcf65fcec2e6dd47457b9c48be21d78233373e0f13ddb,True
676,L31,8681479677548005159,a906aa118122bfeb09e7db41d229d1b38d8bf7433d247431ed856c9656fe84f5,True
676,L23,6710906984045107511,b35bb44c3975fa9d3a8d0fc40ab046a32c66b9f99b5dd0f9c7d1dc971a4851c1,True
676,L32,4269515759928326266,91699890e632ee131b9536603c377c589e171cb002575fb82b7ff52e184eb4bf,True
677,L12,13802215073325629376,41bba2971ce8858ef9ad50d7d1e881d607559543c3325c98ebc2d63a3f8ce8c3,True
677,L21,12283677222274564388,10d8071a71ad1d7bc2d07fb3d337ee5b4a3ad8c1a8900331deb1ca8ba4164059,True
677,L13,5885021078346477890,9aadaf28e8ee982c6050d2ae0f7998d7294d02934a6dec12a9f8651360a921d8,True
677,L31,377757678723523330,b05e5969217a1f7a889bae9815ba242a92ac17b71243df96fc97fd87b7df16d3,True
677,L23,970921373905610040,da4fb5725c30f30fc124a4cdb5f76867760c8ffb6c2b504cedb24fa4f4194438,True
677,L32,5978938612617053708,c1e7e61e223e08cf4507cc705a62f471765cfbabbc3cccb7762713af5cb95884,True
678,L12,9707385713350230416,98decd044fa89c0135975ee84cd70d6979efd68751ff22e921dc0edb1632f601,True
678,L21,10073035507778218884,f239c442385c578a5e3a1693bc6e0827e7e69ba9faa3a9d49d2ad8c05173b116,True
678,L13,17735306668153074132,6811ae23f4895c5528ae1877db0096e641874dbf48fb0d6a48eb9592c5a45423,True
678,L31,9476438406432023656,d3347ba0549a8d4793a5cf7e96610dbf0235a910a4f5ec56bdb276e3a51b37e6,True
678,L23,14913807049857284057,9d78fb6fcc738643a1d5a39af3f80c5e296cc3077ce1ff7860c42155e02b8598,True
678,L32,18410955325261233343,3745f2c1b8a30a6ecf6f5f037e33f4fd1cc1adc963d3307eced72ed68c89a973,True
679,L12,6947065383817984733,f7d226781357b06612b224767edf1ed3da11c91619bd967452ffe830143ab0e2,True
679,L21,7707526261484617715,6d1a01d360fc4110fce3639336702443e94b39694b85a6d0ec380b0c8ff9b9bb,True
679,L13,17636397953761886319,d3130035367d671a6a5461c1d0b4602062f2e54bc0756881e06a9d20fed9b4c9,True
679,L31,9500277398514635126,27658d59d04a4c1e44a58a4961d3f6e3d93c11fc89eb02fcc109c2af47c4a1e4,True
679,L23,8120917806708216627,29355a0762c002f7e73221f56f3c1185929852c3d204ab3f4fc5fbc7cfd2f950,True
679,L32,9572856924168455620,7133e00967d75c246b6728f5cb9926640de11599a2454d809ee634866ed582cd,True
680,L12,8126796668384063102,d9cde0121138e43af75e3ebaed2c8b0d3710a7d862f12d1d1174f0754935960a,True
680,L21,5657207652199740711,2d58d0ee14cc5674082c2a97c111d23aa7b72705fd2443d4b7a017d3cc23614b,True
680,L13,9033283442442610239,5778f5cd0a25f6445260b3b34767f50f8cd27ac268c8b5f59cf84839697626c1,True
680,L31,3774862053714643704,46b7c390986b8d0ef44ef77662fa5ef770008082ce02b327f807af82cda0bdae,True
680,L23,9029869296685073658,4f0c1878481a1a31e51502f409dd31aa8248e1f9bffb74c6e21f1045110c43d4,True
680,L32,6843039849459443870,a426ed10d7fe154389eb0e18d6da4617052c8008058f245e93f66a3c8f75796c,True
681,L12,15694063877374053763,b42e41f9d29bdfb647951a236c6c168332ab133dc4ffceeb24fc3e36dc9f1f9f,True
681,L21,8291405103395600987,ac837b685199ae4267c3152ca3dad1ad851d49dcfc0ebbe424218f2fdd577659,True
681,L13,12875378432473711902,4dd53e936ce52b56c75ae9f50aac9b72a010712690929841ef78c62b3ab9782a,True
681,L31,6656406463455194651,b4829ae18dc25f5aa800f20651f44f42ad6ce8f072902bc0a1394cfa2306dd72,True
681,L23,415516443434069077,c4feabcf8245fd7d0371dd91302fae40ab293e962160aa3a7c1ec968d4ccbe29,True
681,L32,216365778965720941,acc2ea4439cafcb915d5db6307d83162b61a7054e9bb869da713b8453a53693f,True
682,L12,17286774909714394061,4fcbd15f70ca3c6e750ad8739940228b991d880c027c081fe2d6db862de3125f,True
682,L21,1056660715984921262,99ddb4419c378fd3a7cdd006ce4f91b4edfac6f92059a6ff6220048cc2046f49,True
682,L13,13517026051732965328,d8da615e5ad29f276168a79d73732de789526ee368b2815f59f7a7fb09c5c1ed,True
682,L31,17191369291234930918,34e9a6efa509be5b055d97c4b617550cfd7dba5aa5e1aaac0603724e407ebcbd,True
682,L23,9663348777268238593,5bc48f1c222fed3f75a705085354e0195817cb7ccadad686542c9a7c5a7e3625,True
682,L32,6230257656317534672,fcae729ac1fb294ba98f5eafd07b74fa84be77edaad6a0d718029cb13021787c,True
683,L12,14097363090162459472,39a6a364b85ed807f95ff389c5f3fe4da18338de485672adf511dcbb65f56a7f,True
683,L21,11555113883547016369,19aaea9e38a40ff03cfae6dbd98349cc16e208ee12a2b416f54b77f449182b8f,True
683,L13,13169667260344763242,04b642ec82820e6071e9aeae2799ff4ee023bbaa739368ce258ddcd43be4a846,True
683,L31,16567617803861602620,4a2b62d1c939a1ee133c1c866684c333e2ebd2a998eb96b4b988f4c6146c7cdc,True
683,L23,3709013935382700116,7a36caa5fcbcdf462f61fa86a0901c8a31aa1a90b6a28fd251169385566151b6,True
683,L32,6344087901918251024,03a5ee0cccb1bdf9f72ab7478823f6e9e2c42fb9a4f754a78ea89aa9c0f2f581,True
684,L12,107815182705201481,cf2da434cdf9978e96f65fb824d3b00dca613e284de125612c472a7d15b2482d,True
684,L21,3626452084566074120,32627c519205a361d480e940bc9c107d099a2fda9d7f1009dec8c01b2f9f597d,True
684,L13,8808132490194094273,4dce00f794d5f9aa24b54c1096ecb43e8a571edcd9ff3cc44e53b151a319c2db,True
684,L31,15758341659910410297,1daa13659d05d834e9bd55ada680d679cfdfb192446b52168add35f3047d70d4,True
684,L23,509949414338131351,3816c2de4d11c603474a21c81de6c1e5384fc525ca58cd6ed4bc6db0b7409886,True
684,L32,1141185271370267280,9370119cee5c8b7b3edbe2ed1c4f37b47ae5b30cea93d8c8af528e7da9f9f56e,True
685,L12,1133949204473435711,3cdce1a82081aecaaf659cd8c83a66b4f0d00204557c9de358d8b3ad6ac8e15f,True
685,L21,17089011519886680194,57c5e2dcdeb2409122e4d15b1ad8d9496cd71e2650e678ed9b907c8c5279125f,True
685,L13,783131618534601229,f7ee7d68d35d01145a63978c2edcc106ed2d529a9900439d234834d2b6f1c8ca,True
685,L31,7163454027318739781,69cd4188a73feffec2be193c9e8367b48fcf3b33ff24dbdabc2645795b10b2f8,True
685,L23,13911471884486788245,e324eb072921b02e0f8005e31e11d0bcb37e21f8132d2de04c180fa076f9abf4,True
685,L32,16395871759688482022,5905d811cc05781c746bb8a3dac115f33146b0604570e4a742da66d4b953aad2,True
686,L12,11855940347902485246,4a1fbd7da3504b9625c2836530248ddab3c54d22cd95b5ea872224a77b9c4e9b,True
686,L21,6000409526049012520,348a798f6c97a46bf7f6b99be762e9f9e54495e8d8d0988a2e94b8830664667b,True
686,L13,12894928657041125855,47e0ae1266e8563f2ab9cd2fd906b8b679aa876f184d6194e991a903a92bbe79,True
686,L31,15997419903627447603,51eafc926907b8593e042ab2d72b48db4dc7a2b2b08a2eaec2671f1131946bcc,True
686,L23,10293379125494259336,817c633e2241a3bb9e09716ee8eb6972d551c6e56440ff18e6cca3d311c408b7,True
686,L32,3947834193978347352,f1cdfafd6cc517a0fbbb361b7a3db1f9add28f5ff284079857a37f4ea53afdd9,True
687,L12,5972078116483389269,fbc1a1f2c4893a4a27a3a8f808c3777c5dc923f12fd1d6ce8e2a359737beb4aa,True
687,L21,2217145333881630181,92a119cd87f66c1a96c703207e7686ef86944fc4a6cd56c96c2d7e595625fb7f,True
687,L13,12909951331939073832,84366dcf58c6e320a610b75038e5db44963bc0949bd4831c686c74513e422fb7,True
687,L31,13376963021094395840,23ccf8807521c5c8cca05eef5e7293526a5e863aced7583d59986ebee3487ff6,True
687,L23,5894462756333228458,99906b233ed49a3bd9cd731055c8d7f1e62244261238976ae5d1bb21f4b7f662,True
687,L32,1544984870279388284,5407397fe3d9fa13d87368d4cc2e3d67abdd65bf72ba21519e0b15f8f9fb035c,True
688,L12,8416816406582570222,f3d857deac1308db461b152849e9b1fcbc4602f286cd81177778258400868e2a,True
688,L21,1954340843635356237,25580036663758d2f8326c90143f61534ae51514b1464381f2f47138bd117f5d,True
688,L13,8217085386414205663,e8a11dd9dbaf5c75ce99e0f69f445a3954f3217c6ac380626168c74426371a1c,True
688,L31,16992474676429747224,0201500962edf73e37a45f208fe33f4acb06161dfa18fab0635be13b53719f43,True
688,L23,10977931628339921102,1aba3f46e56fda1e096c8c23efbd4a07fdddbbd4b9840cf1c0467a1d470b5a73,True
688,L32,14402966858869317064,0eb7da6e190bd5de998d73c26bcc67753b3fb36c95e622ebcdd629f46f437bb6,True
689,L12,6539564061334342242,d0663e287b70f5acb600cc49f344cedac5644eb446b1e5fbe44d44e600e0f1b4,True
689,L21,15468174193284371568,19e217dba055de11e6e505ac568e12d099093cae2462458a0716b9eeca4fd606,True
689,L13,1605065297915923050,61ff3320e3f39126cd16ded0b38d2264f3c67b4428d8a5d6ffbeb6e1c7d4bfe1,True
689,L31,3657555079721868578,7b67982893584224096c2c9fe92fd78badfc1fa8739162c0daa6ac7f936c2191,True
689,L23,2132970454808220578,0e8b97099aeff46a4a28f162d249fee254668cd7457b6bce76df6df9c54e9e0a,True
689,L32,15433316335646934294,b8ccfa696fb70ccaa57d065553dc0f7ed3c2ebea694a8bf595861ab52c74d9f6,True
690,L12,5387864207596081614,4e97cab50a5f37834db47ab6b10f518f83e0a196053aa4c8ae994af219f27f42,True
690,L21,18418885410659926033,f82b551a38e8a97d5a68d919cd36d965f7f9b4e4519fb58593d87586cc31c154,True
690,L13,17374851027845113351,ea88b9febdc35667afbc0cc74121b1eb4aeabf067a25164ada87f20b6af07e32,True
690,L31,13663627426360268241,a4de1bbe6698a6518e56e20a703c7dbe890f41d6ec46566b95e1e760b1f6bbfe,True
690,L23,18320924674373056141,3ca25a664fd8b27d6d7914794f67a427765a4eaf161aabefd21014b7ddcacafb,True
690,L32,2964038989634631409,c38b0ab374ceec2c52c73d1cc6bd30d0d2c2b913faaa29d13be6321e63eff8ee,True
691,L12,11738952592871408095,0dd5ad0de05f89feb4ab405b19d31248b794e9bf88da6fd85fcebaf427aa3e72,True
691,L21,13172182601460172351,caa23e9dc882bd5e2131ce8f5f18362add1ec7681fc7acf97f9e13b928499b84,True
691,L13,9559119166587661249,3422bec56fa87eb6da31322c752abe87b93886a1212ae3d41ef00897c8f262d7,True
691,L31,7037811141033173098,1487db2036a6b1986d513ece4fa64d8bb0036609a59d7c1753ad6a644c303498,True
691,L23,18404634990673171201,e98f99494de0c1df375df44b878bace511eec65be0a5078b1296e8a27427e9be,True
691,L32,1092033322751893553,e321aef80996b2475cfce232f696b3fd0a13c274f72703a14d0842b24e8bcfd3,True
692,L12,6952115353124119959,deda716ec2c1dd7b4df57bf2242497e01dd4929f7a1bec01336d94715cdc4b76,True
692,L21,10915689643805955355,24c7b5bc2a4fd8444f500edc33004fb7920e2db315872f22817dda25819eeedb,True
692,L13,3545947634748874485,4acd1e6ecc15553f19432a522f49dad90e7724591840596ac4a279b71a82728d,True
692,L31,7541425403117044917,4d35abc449b42a62ee0eb1da6f564581a5bc75358ac18831e824e4b40b8c96e6,True
692,L23,8929232369709480690,a2077db3242f268b3e40fcac2473d1a7adf85ed819ac43f710feb9d7b7792e00,True
692,L32,14015363449300751257,4cd3b4fd96af18765570108f7843dc63a0fd7ca3460740ad2ee9cbd8276f401c,True
693,L12,15806356132310586842,fcab189f47229ffb87a29dd3f3ec85c976a6e8aed3042f49d2b2e51ee25e26f7,True
693,L21,8969278596621332896,43a3658d8e27929ea888ee87f93bab40e66e7b5d34d21a51314d90b0c8b7e7d0,True
693,L13,7951862160404205288,6eece78984cfa798a158f75665d79e542dce1f1846fdca2d4c680dc29c54cfb3,True
693,L31,4442053039989975332,94e60b66c66deb76aa49108e5ef5c6fbf5a0c959b8c7e2183d41dac2bce98fc2,True
693,L23,17668573286210335674,0e324c5206e6c7276c467fef36b08a7e1b3ee9581fe3c6994ed820a81c340fd2,True
693,L32,16472093796939931342,bf07e6206180b1959dafd00797b996fc2194ff71fd1ca23fb1e059493a1861d0,True
694,L12,7959985434537124016,a22c18421b22ce7c8b77b08e61ea3f3f2d6400f47bf592c7ee56e0bafe64915e,True
694,L21,10791623827735860943,adbe7832c9af783a73011ea432955db2ee2bbc0a7285c76ca9bef478c862f48d,True
694,L13,7035359841935690917,ad11e9a7bcb9aa1f8484de5bc234eb22c09bddcb4a45ba47897340e6a3687677,True
694,L31,11856436705250167392,b56e6d10e2f48e408f1c9df290b68417adf0a18f28f9db8464bbb65689aeea5a,True
694,L23,8258823352799279897,c80ee64df2c75ccf4b13686885d7528540ae5947c77fa7250dbce9973789e392,True
694,L32,4422912364336433746,c9ee50550911a661cf9f42dcc907894942329824bed98fdb613899c6af43ea25,True
695,L12,7551882281205232300,a8229c13da43533aa98363856044a6caa12a89371802e99b0c7bffd8007f0344,True
695,L21,9252712852749479806,f80665f783b9176a9e3cefd2905854b401649f5d5d9750bb1b0a67db19b7ea37,True
695,L13,15202701654686857465,5fd3810cbfef3274099593368057b969b80a04241fd4ee046b5172145990e2a0,True
695,L31,17589854696747922144,0573f465d03f7e312aad490251145fa9b21490f50adfa51fb0aa51a40068458e,True
695,L23,4507845278790695021,f65a6fd1b1ad4c123ee1cd17977912cd63062bac2d7a109217ab88ff8e0552ed,True
695,L32,1641415182785497335,12640bc80fb239250f1c7f9bd35f4c27b9edaacc03024a0bb4b476f137a493b2,True
696,L12,12215300449701197031,e2e0906fd047730225abb7093cb5f94e3ec01ffc8d16ea92ae8504a79c5c53df,True
696,L21,16771011852209822526,410b9ad895201dd2b76d515eb0e4a23cf8c6a26ede888a6ed75f1269375c4fed,True
696,L13,5474331150930218113,808e6c021c65870d7bdb36c226c76764899b8f4ca4f4dce1c4df3bd4dfc783b7,True
696,L31,7525676279162989202,2dcbe4f9f71e899b42a48c975a613dd0d9a212c3fde3b9f1cab1e44412bf42dc,True
696,L23,3923783454856065468,3345175c61e0ca18264419d9aac23edea33edd6776c91b99399f24c91403a08d,True
696,L32,15019508656008238233,86ed3088243a0ef8d0de6ef88833a14b8d7951e290c0d985c6280fe50347508b,True
697,L12,9197911804714809096,45c7d0d115610e5ac754baabb9316207dc2b9b7161136701e20c313ecae451bd,True
697,L21,5011841107753365287,e8792b7867d0f71c784801d91c57386f5e19bb7a4bc7a7976544880e93dde96e,True
697,L13,18387196657458607801,2ccac3848b4bc16c32fd01203bfc103e60afbacbd17ab96ba21cc9687dd27cfd,True
697,L31,2074373366757722012,eb46e5fadcb3141924a80bca00925beec63d2f0531f5ae37892469d65ae51f12,True
697,L23,8085533764714930902,c819e82e9f439e5df0659f593158aab0b798b945fa6c90d7158e8e1035b11a69,True
697,L32,6960720029751511640,027ac61db3b84ff5d1add9bc9fa860abae8247829efce0fa68c49c23b1e5a2ab,True
698,L12,9939124672998440561,8c027f6455f22af7836f37fb8a6001e040412f7578f069ea8b800b2242d93bb8,True
698,L21,17197448795367464059,2e74b29e0f9946a6d831e599d1ccce282493619ec38ce0281b1612347aa4fe75,True
698,L13,5824238485684090521,97f632d7c6814975b98cfd17f33fecdfa75b4c9bcb39ad253ae021520157390f,True
698,L31,13269742233682856496,a0f01e38eef3dfae814a1afcc08b39345c4eb72b21269a2442661aa2f2f5d454,True
698,L23,15657038854755963895,79933933b2317879cac908a52dcfb66eedeb2de73197d4cd71ca2b64ec06c806,True
698,L32,9671133508778465352,77ba0204a973ed772606c8cf3316b04b3ca0e88aff9c4c4134a421bebc1a3112,True
699,L12,6033882854751347504,6aaf3c4ee9c5d607b6cbf416ac2d55408fc4b51ebd46ece8bd86fe8ac8e7d9f0,True
699,L21,17175411878901572179,62a4b83d737f3d13720d476314cb14aa09689eee82c09c5c27ea412c37d7337a,True
699,L13,5829856077140396052,b77f74cef848298bc19874cd180b440b011c082a68f740e75e89a9160adbd558,True
699,L31,3713366840130054601,43ea9ebc1d1a04fbcfd8523f9bf80830cba00e36e57a232ee2845292bc881e9c,True
699,L23,4853476745251987977,da8a654c6ae6483d113f72a93cde0c18690bd36cc9474984362baae592e085b0,True
699,L32,14288080119552624775,ba5359fa2913e5a734f789c9d114eb5d5c65413513e854c80fb7b966b10a9c92,True
700,L12,8979198170515130212,266196cf0177fa0de1082e4ac75380bd7302a1ddff754d3cd7aba7b973d33412,True
700,L21,2228057885023650473,f227e449a6e25adae45a651b31cfe00064294b087b0752015dbdfc28672127e6,True
700,L13,15120175083140083917,510902281467370cc8a254bcaa112f6c574e0218f4e14bf3a2d8ec3ea2071ad1,True
700,L31,11607676524230906900,fef7e8cd8b6af117316c9b97d8b7dfae64ce771ae646fff8c0fcfe7060d4a2ec,True
700,L23,1864705635854880790,b03203fbe037d724f67fcd45dc644d9d3368e0be856dd4f7ea20e2ec5fef2e7b,True
700,L32,6180581248932663907,b87c954a3edf7ae90058f4874a5ae11ee00e5d9a0d0a5b097007c29201b2cf31,True
701,L12,10314775661948122620,f2d5958c5babe03a3ea8e4e8ad08e45f904095d4693ba8dffe9fd9b0fe2b1444,True
701,L21,5840748110701986852,678baa0fd1f7d5bd2395876ce670f57d941e26679feadc6deb742c451522a67c,True
701,L13,11240901055259878119,418d207f377ab476a49fdf84559093d8c755f5fbc0ce831362fc69ba725bad19,True
701,L31,5533345573298295648,3016fef57cc0c61f73fd1f1957af40de6f9d6995ddf81804363e72a3302539d1,True
701,L23,6228037925034888007,fc6659542981bbb26eb63ef70da3366a3dd7efba750ec0c74c45802bcde70be3,True
701,L32,4040667891684113286,13ed576f70e1c838802f55735785add4df9438081246624b280e5a9c104e9c71,True
702,L12,6083663989764534020,223955343c195a8eb7f9134a35d7e529232dac8f26d900e5c0980ed562689098,True
702,L21,12968489032811005291,d8fa67b9541cb0099bdac8ffeb6b307cdd16f1969c1e00e168e69a9a482deb60,True
702,L13,15133621558029568684,3c6f55b2b3de1f77751ad69b3bcaf3aa379fe9c2d3112279621e3d6c6c53becf,True
702,L31,5991417562118054075,2b7892286de81c3bdb0941425d79572a62ccd67e23101cba9d01acddf43a0dd6,True
702,L23,17302466167208982355,cd0ae17eec3e10170fbb559e3780d07e556ac26f4f444c8ad3be35bcca1de731,True
702,L32,14358828584833228336,606b8788b929f7be38f1ff7c7fb60e6f035e33591c7118b6c7a1649ea8a4c943,True
703,L12,7285229068757206029,dfb845e550d946a538604c1189809e7a0188b1ba3e38be975c986ff390f9e990,True
703,L21,3781023458162038045,60c7cae40d28fb853f0aa31e3bfd67488c55b0a89023592bb97779446fdf7918,True
703,L13,930381758770503688,68ef1801b9cb0fb5680d100996ee3201245101497ad598f7d445f9d79a6478d4,True
703,L31,4610764954281235011,b3f6f6253b171ce21bb7dc496ea4d02d6c91813e4bd79383a6b571220434ee7f,True
703,L23,6452166230277480941,99fc6408e335084a268691167f7ef91c07674c9f26d80f86f8b88aec674000ab,True
703,L32,17878311466923757370,bbc6e7a08ffedab38440acc745952256dda515a09675bb3f68f139967eb61416,True
704,L12,8097909958920792907,ea3b43ca07b3510a5f38d055fd3b7384594e55aac629b558cdb14e1bdcc1737c,True
704,L21,16163588843098448651,99ad98d718cc69d91b3287fce5f923c71b60a85d41430eafb69b7f6f78f6af2a,True
704,L13,17536613564306786604,c77ed20ffd929ab86d61d3f647a8dec8fb0ad9eda3922396effd8ff60ecaa7a5,True
704,L31,13963712557133282401,d5b61e13706e58fa8f30238146999af93989200d0be6daa151dd6a1f6185cf32,True
704,L23,6236069708526267533,c21dde99c86e0778bcfb5ba1e9bfa3ca7b95d71d2ef1c8c48cf888beef190435,True
704,L32,6592080533597596717,67eae8c1faa44fb1c5a08994553421e0a51c233e2e10e845327f3f6c1d261e47,True
705,L12,4432763357318023565,9d37bd68b9e0597972163df7e3de3be3a7f33223af54566cd90161b646a681c1,True
705,L21,867585710593129538,932b03c8af2181dbe89f4f614a7e8cec66759ad625a637e252683df32cca6483,True
705,L13,161604499574452054,e69c63efef10ab0544a395e58472e176a10adfe430dabd059442cab6ff3c8d57,True
705,L31,4244778440336338669,36e10efaa425bac09195ccec76923329420cc11f22ef27a4fcdff597ee9269c7,True
705,L23,13634702590373621818,966a9d6426972a2de323986dc1dacba25dcc4ad149bdb032cee78efe4572c98b,True
705,L32,3560232321023056313,3c3aff0ecc04b1525f215a0dc42f698a451df56b87c18db026da751180345ff8,True
706,L12,15733967929062458557,30c358cccb64cacc8ec27679e29e1aca22944488d3cdb22e9f9c96ff1a2773b1,True
706,L21,8129161010313337501,64abc5ab32482301805a2be09e4b10ecfdb4db77a0f0d6bd958bc3cd761df743,True
706,L13,4290257637007627268,43940c345093ebbcdf8fa266fd205c7211467421d2311a2f804c19130522caf9,True
706,L31,2553049489451316681,580e6907a655aafdef2452ee70fe6d1320b88c2051f3c93c211835232743109c,True
706,L23,16864384986645314173,51837ef45c0c89c4c0c9d93562f33a1d3611ab08fdc96e14bc969c4edfb92a58,True
706,L32,11662741254898068199,a3d2f2dff3e60ba7b702532a69ee913ca7e29482e6120f852af7ebf1719878ea,True
707,L12,699369162467916468,9bce19c7ebc5349d81934f52487c990301fcb1f195a2ebb2fadcb02a75dba8c0,True
707,L21,17818869925298994162,b5120434ccd0ea892450063ddeb487d8329522993170f0ac8a530bb8a1d0ee4d,True
707,L13,13087731111470524589,f40cd929037af8d237d7dc915655bdbb29e3dca355b6ee0bf45b1e47a9f3b753,True
707,L31,8842719502387666787,66cff6dc733bfd95abe9473eb44f7efcc39c1e299568b51d26056038501a25e4,True
707,L23,11844640191826351759,682d9cd49f91a80bcccd9d9ccedf4ddd4dbced3c9c139d050f07131df8ff3764,True
707,L32,15104274274959100977,db895087418627dfa87a62ea173dd01597d13759b94049da811039c83659aab5,True
708,L12,11081248892875559695,9288854cce355bc8a5e6739c076e48b66e557bc2eeb16b60c3de83f0e6795ab8,True
708,L21,17753684124470711803,46efa4b182d402e57769e1054fe9e36c9402df2176d79264b6684a44aa0e7c9e,True
708,L13,3076931096673927552,4bc12e297c36a8130d0274bd78e98dd55fb415f6c5adb33e2d5b4eb0de5726dc,True
708,L31,15971486231306140673,0fa5eb2643071501d6c23f1a270dc1f344b65ffc3dcfc64e33b8b1773adf1c31,True
708,L23,4199548682533304097,596a3c893b295b850e7acf5f5a3884e058416327b9b6170ee0a647f1c21f949a,True
708,L32,14284019977591495587,a65a0dab2c872a247a1b605a4c849e0ffec884248c183e45d75d72c8cd7e7cda,True
709,L12,14214799437275444608,2e9279e41bb5813249771e2f1d9034834ec49d61287c9561c2d11a378aa32e07,True
709,L21,1381435300192729515,ec2825b158363082514841a5fab133249848511947d0a7d2ccc5c1e1da62a13b,True
709,L13,4156464409674933145,6a0a960cf7af773700899476549f97f807343ede30b546f9483432028556fbd4,True
709,L31,15561329587679432578,07a33ec3d33b486fb94188c2ca1472845a1daeb66dcf5636c251b6da6db1201d,True
709,L23,13481539906793716667,e6d219037355eb2a3b005cebac866780536bd27dab76618eb7858ac5f65e613e,True
709,L32,3892272909771025619,4705818d085b6ead60d9a45191649e83226aa6497fb54986320bc3e57e2eaccc,True
710,L12,7291622397733470515,170092689b302186aa1a8ddbf14278b1af669a65e55eff18569ddf0e841f1765,True
710,L21,1737123288930962351,90918c46824c1968a87c067abd2fe2949cfc731d10db29443df92603f3c739ec,True
710,L13,9897792827662443878,bd8b17a8c79f043a21d09b57a91f254edfef5db2b99d9052eee48d02771e2da8,True
710,L31,8407325209378486045,d7b71b0aedacbbac669841fc9018fb2998fb992c8b02b92a05846bf80e28134c,True
710,L23,10947381660342912300,d6fb0e400379d8a5e3d0b3412ce1bf5b133ec383cb035e12a767d76825044e84,True
710,L32,12779961315194567904,c196f1b32c8e2979b223a5c3070b87be8e0ee987eaf83018c0a9f4424f4ed878,True
711,L12,3431622106854234523,ee6ee38a63fd8aa83b594fa9b08eb0dac828349641f6fcb196478ac92f6ac449,True
711,L21,14474831937501023491,20b80a9ab39f022a98aeb4218392a30b60d19054666c2ae3147fba00c852d623,True
711,L13,17473921359762339820,586d0e50ddc24f3b1f0e5790ac611077565742509f4801eafdd5b7341b269d60,True
711,L31,2712199210717191432,3107abce3f4027e1a2dcce504ac702e6bfc1b9174bc74552b37643449a67a371,True
711,L23,11042192951977912366,2b20976dff90c41a0c39d6991aa3560ab3aefa4b6d288117bfd73e2344092640,True
711,L32,12818527330357555267,fb37c23311840ff6d053194cfcdec4c94b2beadd6b834582ff5596b0ce6c4662,True
712,L12,15010173768059325914,67591e8ecaab9c0fa4fc3d3bf5f189abd5a06d5c83ef562eb9c3cd21b445da22,True
712,L21,9306119458742947403,5fbea059568a74768527d2a1d78365b3c1cdffddc4878b5292991b0aae7cc293,True
712,L13,13482269724371825677,5c9cd133d32b36e3b262a42830de109c46b8f861dc734617b51d47251f749087,True
712,L31,9965534030568097956,8b1c34e3d65699a7df67711aff317065e4be20530e854e14dfcd39f1458aa52f,True
712,L23,5157455805285288379,ccfa3eb799a22bd37d4377bf200628f1ac4e0388040957473c2ad8ebba76a2eb,True
712,L32,7036173100538026962,f3b27b2adb7102e158fa8f2c62ddae6df47dc8ae5716894664bd91957e91b15d,True
713,L12,5100349515740301481,61e70a5877c1167d0d1b8f7acee863f05d216a2e06eb984f7f7996a87e867dfb,True
713,L21,4847937048550560573,b1e998bbf212e7cb3e7ba4663023b55fdb828af3e1637ee81167f36e36c110df,True
713,L13,11582154849853923501,dd77dd29837f1dbdc50d9f62ef2422851212bc34a6fc0ed5dd73cfe76d70b536,True
713,L31,9234805706905915586,7697adc824f320c0ca2903470377864449a76476bcd5eed80c8cf8240f0b2dc9,True
713,L23,15779627523737058066,6863199339409b52f5f3fa833e1aa7748e62e23ba47eb6db16226f431e3016e9,True
713,L32,15278006736764933969,fa677ac947a22a594e0c6b05fa920b01344b81298701dede82f7f07277b3e2d4,True
714,L12,433163509792665979,c29dd9ebcc72635f7d88e97b776254c872d4676c4fd0a772e3384f1d531ca6bc,True
714,L21,17111859319654448193,db485b9bcbb95f5b482a12a75a1de2b5ede2fd5b2d54ed048236462d377c21aa,True
714,L13,12175644459576986934,5427764da85b4ccf6b6992222a94e555cf7d3e209ef8fb718779e236efd4b906,True
714,L31,16226803065765496390,96e5818b523e7b66ae2f192ef08666fce8d121ceba12dc68d6a74fbaeac56251,True
714,L23,3515990923762809616,d21581bc39a75e19f2616e361e620e6565b46f9c0f1bde52444a6c38c72b3e16,True
714,L32,11439691017733737732,9afed88e25f689829db9e2aa2e91c267bfed473f10644482ccf7ba1985a64d8a,True
715,L12,13121012343440721736,d31ac727521144e8893f07d7b69f7d1efc360dee1864b699b6343d3a5696bc72,True
715,L21,461739405549469992,5fb851df378829c574e8e0cbee87ee19e6406dad3403e617e43fd250579ef571,True
715,L13,7429452667716420557,2a90d0869840e6f5b70d82e273d9e44f7c387c7ce5fab73a181f0edc1fc18e5e,True
715,L31,18313753737695981263,ba6eed75b08c5186a18893fdb28624fb1afc097bb9fede767dd9ae3c889ac2ef,True
715,L23,5978736269433730776,bdc3c8dde4841be65aa9a1834aa15994ebd8c829fc915158fadda10d1562ecf3,True
715,L32,7362900237878164874,d4e7cac4f990c0955731add54ba1a7607258bbfabc9a1e9632ad6dca56f36f0b,True
716,L12,9396956418275983337,baeef17485ef95a13d336a87d8e694c08d160b62f018b111e975e65bd73469c4,True
716,L21,13384283313348921012,30d1dd2af98c79dddd467c7e4d1fb52a555152fc7e0a28b58b0dfd489ff12781,True
716,L13,15675920377193509013,3e8af6dc10bcb78bd97c45a46d776c2ef55bdd10ee4f4ed25a4978675684c921,True
716,L31,15211495771843354375,2713a9a413cedc0b7f4ef9f3c65aed2998f96483e245a85ba33db7033543e8e8,True
716,L23,5987311300301435254,6af8fe0a3cfc80af2ce954600c2c6b4949d79156e4b5935b54d5c22e746e0215,True
716,L32,9788926363359706261,ba5d6027aab82483f87884b12676e52f1ba6d421fa7c1df45125d60b74559d88,True
717,L12,5683040690630364265,ce938b589f48f8cdaaa607bdfdb535c8c62ca6d27d5a3bf4f8dae44c9e793893,True
717,L21,14377190452485179192,b3822fffec7f7191f0f6b99371d50002caf037ebe926318924be4fa86c4536aa,True
717,L13,11124720693136974788,1c7abd86d93ed9afa01f7375a34079f2f6f286e03325b6da17c714d05f166278,True
717,L31,8717219174847399901,26a18885069a92d8c7f02e137d943166877a902ec086194898e57463db0ee3dc,True
717,L23,8469504142367223664,16e4377291858eeb2ff6340d1ee42dff66ee5a4c27d50355997f02ccd59f052f,True
717,L32,678780181757375717,2c8bef3808e0e9ae8670d2a23476d5efd08c55330b1592a6fa93b6eaa179845e,True
718,L12,16345452186827727247,e6b87ad993e55544bcdea5ca6fb7be9adf40d04442def3b146d57184c4e70a55,True
718,L21,4357857321546645637,1b3278c993ba99cca4687ea9444f714b1e7084f5df354ddd587a66da312df5f7,True
718,L13,3065675654185988905,40dcc564485c1cd0ab60bac8293b469431a67e7ae18c0560cf0d030d5213d93e,True
718,L31,15589470390093495434,c6ced13cc3ad10f8211184cea6e7b34e8af79cac7b9edd7181b1f978d212ed61,True
718,L23,5572468088502554391,f9880bc40e16dac106e36cdfcd72830bd317fe5ce4158406f5e0467bf06773dd,True
718,L32,10869893704855460512,9688231a409e4422c2d4a986ca3648e5abe0e19f5274538ce1b40fb9ccfd14a4,True
719,L12,9646108804326605875,2948c619cf395aade0185704121e44f43c1e9b67f3b01b295d557eb9d119ad30,True
719,L21,15119347035962571446,ef640c0fa5d224fdce569e5919d012709e7316f7bf938252a5762eabe9169fb0,True
719,L13,11294991371187305815,e9ca2fdddcee2c547b9b6fcef38f9f11f0c93474ee7ce1eda6224b0767ba3ff7,True
719,L31,8088118521046722584,232f3eb83e750661a8ec2e1b4240237a6835471445213045e2853bb985fec6b4,True
719,L23,2109792463103340345,b8b4d64ce864ad7516f1c588b5bf246be9c55915822b3645ff509d31d13a2b3f,True
719,L32,15641989022264325934,76b9f7103cd3155db647cf5275904e207c4aaa0bb683f5b728f5fadbcf62db0b,True
720,L12,2362242384246915730,48d436630149a32fc3aa23484e4b1d63ca9b65ece8c87ab46e633e8a2dd1aa0f,True
720,L21,9949450521766505627,be3247242baf426ff55512a05790743a2a37d9eea6ec6afde4029e238cb6c979,True
720,L13,11986209531459255003,71013258b0093cf94ee146cb4555029ec67d1d67b68e6f4a2af5f350bdf6311e,True
720,L31,16780325977775290246,6bca2fa2f94d50b28b146c92ad2c7db7600988a9c6313e29db23749036b6470d,True
720,L23,12506478569610089908,6643730019b0a8f2da705da30f20401d743ef3bd3693f3de5084590a0e55ad6a,True
720,L32,7576208779359784565,faed36bb69d274bf18a7cb23ee88732b84727bd2746ae91e8f768691a4346d2f,True
721,L12,13514845978887999776,ed3270d430277570d64d43689c567d145b0074b3aa5ca2a7ea1a5ceabfe820f7,True
721,L21,15645989285249215276,b91a2e2b8628a1fffc2c6b076775b1eb436ca7c63431615bced77036227db08c,True
721,L13,14926829813206226477,c7b9178b7aaeae9b6f57eadbfa1e65a42331028d4949388fcde46b68b62e1f54,True
721,L31,11180516344149057539,be99561d5868480ccc399361288b62d7287d5cbe7416a3df0fd55d9e6c808000,True
721,L23,13705967530171454892,5e92d4c019fb32436ff6d83c9b807605f1d668f4d659d0ddc7ba357a76bbdd86,True
721,L32,7518226008920710707,805f71294578a3b68bcb61af4b5eaaaa45e715250abe98a74de6f22d66590136,True
722,L12,5536149715863839153,3162194b97745a749951095ef973ab8afc9bd9c6268fa7de7fc3e50ecadf1e0a,True
722,L21,5111263269317130991,46a53f6a7557e45d6dbfa6077d08884d8b9f761201682e23b0eba53fb3432596,True
722,L13,4236469287493237117,477561140995e4e9703e1f637b909aa50900a73820ae4f808819e2393cf887d0,True
722,L31,16855790578000972848,7e509db8ff09cc052339cfb3271593e9d9b4f4dd56e8a78bca11cfa7aa1a7c95,True
722,L23,934023441613401899,d062a045fab5dc9fea140e75385373307b60cfb56e2b1b002c67673673715b08,True
722,L32,15167375543954089557,ee4c38351b21a1bc9341c95225e519075ef845eee5426250108c31f8e8f73985,True
723,L12,12464555650514849137,0e0b01bcf4b40972a2b321b484a13688edbdee47981e8d484ee53d7192263ae9,True
723,L21,10329493736430869906,222e6f9c223010b41417fc6c27de9fbaecb2e2f9084d43eebb3c21c06dca1af2,True
723,L13,7421669430412883239,2d440d56f27cb4706454573888403ef0eca246f991f0ff6cf745bf887caa9886,True
723,L31,18010644648643670291,1cfb6c78db4978894c7760e8a47a36e599e5b351b605067ac1a883ba338be993,True
723,L23,4375149238792483614,91290d18c36cfc2b2d6816adecbe51ff421ce1eb2c5ffb35ce1ac2f18f79ff2e,True
723,L32,16803096411968196208,aaba1554632878c38c68787f51e176ae7e3b331d5535731f08ac610500bcb101,True
724,L12,13245298852811509683,ad3c8399d5b8e1a9b894aa23aac5dd4205eb208d0ee8f4a8153625a6f3b7be04,True
724,L21,1477767265924216904,7733b7c1c4d8bb72e6a9660c93af399e838f65670181ed02142a3530dc38f2d2,True
724,L13,4941473763305976697,fecf22d3b285575f947940af70a777d3f784aa976c77d06de19aa5e55af16457,True
724,L31,14379280991776653745,06a0772cc23ea977b309999bd83722f4d8e331278d9a15309bd36ea9bbfff1d3,True
724,L23,263200087076244404,be18feaa57ad7b50a830ad7ef75f70a1cfb44b17efe38e7ccf7a731ca168a6e7,True
724,L32,3692106336992363690,0797b7461c215210a7d3f9ba31e7a20d2ce584e5c3edfa4212c7f51334885241,True
725,L12,975839506716109039,789d3715358b4776edaf8d628e0c4cdf53ba01ddb5dfea86952d3293c4147c61,True
725,L21,7203472917838206917,5c7c7caba6aa1456fef4524a3401cd08950f4adbfa6981c2573ce7cad47c441a,True
725,L13,4259523546560195866,81dd031e9fa4c5ce53df02c69d7e59127cfed4b49c91f5c0cc981b2e56f41c1a,True
725,L31,17050012470574133421,091b30cf7ea3809e89616555d590b8ec682002686443a434ef9efdf5e5330417,True
725,L23,4559570295374056535,02275e31873608b31644e8243208735ee979f4f15e37f71babe947884aa00136,True
725,L32,311931052636761363,71785190552dc17efb895b4992e033909553082d0a2e9e5c9a8139627762fd14,True
726,L12,2343608470155611449,aadc8c5a20daa40c66d5de5c4206f3ab2effc4198f7821c608374dd64b630b64,True
726,L21,5007367285410067827,da94e4d1e7be18c70d515d1decf6d4890e3dd8daafabf4e8d8d15b6f700e35cf,True
726,L13,9742191912431495715,c0e277177c1a894af253e3a88d911227fb8e596760944965be751566f3336da4,True
726,L31,11320000909684485810,63bc1116edc9d642c87ad3df1a5a449610c9b5b822603e82996da5bcc5bc17f0,True
726,L23,6795751500460692211,00f48d66625efdc200d1fb963c20937d98d891e4c819d471cfdef0a5b4c3db86,True
726,L32,14488604665304331763,17d9802744b3301b71b1797ef8ed610a32b9d14493e1527e2a9ad498911fe1ec,True
727,L12,11035933293925833482,ca6c3fbdf56c06b15b80475e7cabe958995a0963a09af46132b1e9a72e882f40,True
727,L21,5204759477101286769,83f8512cad3187376eed0a977c102320538e48054266bd7ba2906392b77cc918,True
727,L13,299521651865275417,b4cc08ff0b093b383412a4e2a7579c9832a156f41ea9a9f1806ba367d19f62a9,True
727,L31,14303471436670670159,c7955b21951123f1b86089644ec2f38d65574fef064c15b9978ebbfa10e9e51e,True
727,L23,13407430457627488989,a5dc2b7abe887a0ecc0761193edc3eacd3a0dc0fc1918fcf20fef9bef1482822,True
727,L32,6848725939323627820,f0066c21ef85d0358b7bfdf864e9feb0f96770c19f6d6f046a14d66924da9b91,True
728,L12,14901206296009448388,a34ea768036747b92d364e0fba5af94706e73ac90e343a18552629cc8a1a857f,True
728,L21,17827719043536055542,19103174b5361e0fb6a4e71c80f5c5bb6cc07cd24ef94e4e95d1d6eb418c045c,True
728,L13,15071346400602504936,c66f3ac699c695ba2c8a6882147c251f7ae41c12999e2f7335d9e6edf23e591e,True
728,L31,584408866461305911,fa7630664c27c7d397588b8bf2b01e18925c443b4ebc2f16bfc15d102127dd2b,True
728,L23,17130629589111512872,bbb312cd8857e0ba0f3bd000852f3fd610a6e7b5e8115dff28a8d3b8d8018d76,True
728,L32,2334145701732738434,76a96f07399f8fb6975a306e79e521e540c8d0672d54ddde8f6d15f7a493337b,True
729,L12,14372903488136037250,f72a685bd04773afa7d0ff5c98424ccd1a57785b880ff0755a2d75138933a403,True
729,L21,14119885356647552052,5f53c88a71b696cba9e49c868482c51155efa84c1992657b3d9b45d919fad034,True
729,L13,5986897086841150589,02abb1598f8abb7cc9272d05c1d93d0ee3775580380bb4050eab04841f218e99,True
729,L31,10706449859739733165,f663a3489269d942a7381cf832db986aafb5c7cc8dc54672f722e87b92d2d422,True
729,L23,15800138604512029216,7be45efae37a5d75d3cdda14c963ba928a2f0eeb05eb1e07db58b885b5e6ad30,True
729,L32,494799943414861467,916399c7f820e9fe238cbf9389ae5eafd525a7cadcde3fc808faa8c60f99ba16,True
730,L12,13647882124672987702,67c8dd74f8d74abc99eae3f6229129356e20249be5f2485e8ea7039b6f3606e0,True
730,L21,14149365669878242054,255ce678e4f3c2e744efefe5735a49a4aed95214374176060f1efe10b602f42f,True
730,L13,5458505633974922702,dcae04d4d2125c6b14eca965795191b1c0d0506119d1064d4c6c470d8d5eaa94,True
730,L31,741863771024830337,4deebd40a8f6ca2c9704bd395873dbc0b8c5cbc5ce4e8f7c398dc845e5d34c2c,True
730,L23,13941245074291587365,b583f3dd15ca665027c9dead1ae1cea971c4ef725627e857e12b92e7b0470765,True
730,L32,15764144181482775968,652bcc11b4a355aa4dbbd0c78ee902a18854c120c421be0247a31ee1506a1fe0,True
731,L12,6811955422757208052,dfa61dd4f55c28624a3652cf40592497547bea1d0c0af7c31ca38ef8ec06e412,True
731,L21,2473061818131008034,361508f552fc80ddb26e5b086a555b5728bb51a62c4b6aab101e7c2138f4283c,True
731,L13,12197413697248118176,199207cc6e11f49d02d59dc878d3e673e574559b8e2b195db51450bbefaeae03,True
731,L31,4263950189461498665,e0b3c65654455dc2120f6c94d9c5c586b48df0cf40a29c738485b0f58dcbe861,True
731,L23,7966481405988654227,01776412e7b1a00c63e9190674ed0cb3835d98b73eb3d1260a06fe38b1ab8411,True
731,L32,18230046443761403363,c408726a2ef291896c69c40a15ad70c57a846853d05a7c949e3920fa246018db,True
732,L12,146751939944059969,0b1a14cab6b04caab0159fc58d4b4ce3aad719ed2ed4f006b85c4b6736754954,True
732,L21,17287497571903551528,6be1c949a92e3c6cf3a02ace59c5044d0b7989f0abd45cb4c8da6fe9f221573a,True
732,L13,2175256164224311170,101bc0a7ee8b28d0ea1305e976862999fad05cd4edae7cb52eb678738d9d439d,True
732,L31,9107955372549832211,7bbdd5f6285549a79a575c4d2e3aebacaafa79f92e90a79d3ef9c9377f544df3,True
732,L23,4645035458437521464,afc808df99d6b07dc90142d8e0845fbbf1cd90e7da4ada62250511a522b52436,True
732,L32,9881778902484992981,ba4d8d14e4761883fef1ed15cbcbea9bacabbabc4320f91587d5df7e337230de,True
733,L12,11142016449175111087,cf0a1a2622eb39aa1c27b79d4f023cc140ecf33eca3d1bec9b33b1619ceda1dd,True
733,L21,6280400075750441717,17e9a11737cbdc0485a0211d27af0e58c1f6b2defff0645405d73978282665c4,True
733,L13,1293903282835275143,95b19597c5f881241813fc74184722173b1c948866660b837a7f8e28d8fa7098,True
733,L31,15340022496995221489,4445a6277c4058e2b0e82502f188b9eb1e6a590ef6c4d2bd874a991aaf186aab,True
733,L23,2132883376245444227,c5023ffb41b30c19482d306ebe0f4e3b395e538db44a285dd4bab36a4a9311ca,True
733,L32,11647060037315983112,fb98a2f97917c81c373e98a609f1f4e9cc51d1d21e63e7d2c51fdb19d2566fef,True
734,L12,6832035298816439702,65a2008b28c1236fb7e89ac8765a1f09f1024e70fdebafa5034fa9c1daac4bb9,True
734,L21,866119377970300064,e1455ac94309a0a3e5323864916efdd406b41c98f76a4619c6633882ef9444a5,True
734,L13,4377527650156542653,c97ff989e18782a34934fe0e3bf0a5e8f4d77221ec185000ec552f533bd7e445,True
734,L31,4779926259988701666,faa8e7e736483a2bdf9e64d09ec96f5977e1204b3921fee7c241e0113dedfdff,True
734,L23,3269873511977980821,28e5461dca40126073fcaba752996d2db82550a0bfa89df94b345a9394437d57,True
734,L32,10536844815502799554,eb2aac9ca8318edad48c4eeab3a393e99613a99d947522700a010ae8af6d8a44,True
735,L12,5925384430340020498,e1dd02aa33ef1f34af03dcd5e25156604c00cee4e9de69d474e08a960323cfae,True
735,L21,16345188741986777195,3356f7d0c7250f3abd2da6722daa7f6af321fc7ac3de7f7ac42c652cc9360a81,True
735,L13,13526369336227958644,fd503bc26c6dd10a63a3609d039fdba9e393dfecbbde9a6ce2437f65b7b35373,True
735,L31,11727764028671157105,9afe5c5bcccbde61cd577431a83b68cd9bfe18665a3649af214e19f97bd24019,True
735,L23,6251971170307661739,31f1caa33fab6b06506c7b655d9e7f8965a358972485814c5502003f92678284,True
735,L32,13217986409092780003,88ec583ab148f8a0e4422b71674e9758d5ed3dc7c6744ddb1e3bfee03fb4ec0b,True
736,L12,17032497372775619680,3bed3b96a6c5db70adbc4026a0403bb25f6594a444ebd91b3fe719f4aeed1813,True
736,L21,10821860293866572716,2ac53fa7310ce22eed1e9982cf63a92d30a6415c49da31bc95b2a21094a8eab0,True
736,L13,4199837080229819197,8671fe4069ca776641cca8306231f54ed9a51d30bf4816f761e85c4b5c3fbc52,True
736,L31,179451641361512701,e504fbadda2b355aaaf8e75c395d2ea090089c2fb869d8a2bbaba62e64bdac0c,True
736,L23,17826482116617064275,e0c13ba6e70482b3691a1747cb2ac1694fae2657d236dc336cf6a8d7415dcc72,True
736,L32,15769492122301831129,7edaed81f3a6f119fde899797ea88fda376506ca7fab9fcd8de86d8686263f10,True
737,L12,14721856397591460978,67575bbb10a970bf30a4a59297cd0f2f3cd4a7a1b980db51426b1d62d0e3b4f5,True
737,L21,18276534236454750039,fb79afaae84eb9281dc4b92ec51b8404f6a15a8f78d51eb1569e4f6b102715a0,True
737,L13,14582472805972478607,7bf61a9a6fc3de4397407d5d3dc65e14e61c98632502bccf4b40c58cd97ef47a,True
737,L31,17617506344253463672,39583cf9b1403de558e7d8b7eabc17ec4acc9ad3b9a188968a6f1d754a7976ab,True
737,L23,2268946360674247943,802f115e6d4dd6aee219140f887288b782d1b0eb0d8fcbe2a4a8eb2b3e654dbf,True
737,L32,6643580250230208395,08f7acb8d0fe477bbf2823d5d1a3555a2452979e3803d8991a45230978836577,True
738,L12,15709040298683744679,fb5d1d6ed3b0292dc634da464531b1ac5b4cb1273a54bd0267f4fb8e81ff0a10,True
738,L21,10946537615205636635,14b5b7f786e017481a41cf0867157810386dd1271bd30c3141cc70896a22cc2e,True
738,L13,11986101929973587908,a7c11ab28ea57e9ab05e1fbbe93b900d9e72d8340e898a32973bf0992fb0ec3f,True
738,L31,14785243441199519302,700aec56a604b6a3e01eace9c7b23202ce65a78560dda5f207b0dc304b947513,True
738,L23,7108001774862580145,808d02805804251475608f04bacd4a48f3b45b07d5fefc56b022d01ce35c4db8,True
738,L32,16103622375827056307,d688e0160b81500cee02d1ec87a91cda55259ca7b987be204e9ecdf4428b0d1d,True
739,L12,3446723406368230143,8379614d2551422133d740bd96226f629f2d26347f7a792b67ae565d9416a8d9,True
739,L21,14608590081052786457,511c64eb70f1e26bb2f76c63893540119e1a58d7feb5712b54c01d777bb37a2b,True
739,L13,2693950565284522956,513b22f9504d92fa44caf41949fd70611abaadf92cb7a4b392089806e894b686,True
739,L31,5832123456459416476,0b69b22ccfde68cf8c91bc38d11a0fee7b2622491b9019a3a3746e560446a0e1,True
739,L23,12652304227817488466,a1706e7c5356d9dd119d4edb46dbc098aded10c661aa053aba6943177a2a33e1,True
739,L32,6124157761442520551,ad7f66355baf86c06ae4316c611783834ab85737e42dbf721d2c0641aa9da02e,True
740,L12,15026984565950476103,bc1edfd1c99ff8f6034f1d51796d60aba980d4841b5b489ca07a242030143b1c,True
740,L21,445581146404445776,24ca4f4d892ad41f744e28538ad31fac57e71015b34ddcf1390288b74871cea5,True
740,L13,14564772169014955958,5e0a8b9838500cee7d3e72f48aa40a9741856124838f8b52d7637bfea0c32f31,True
740,L31,11388817398679002789,6361de84d31e9f7f6f7f4f10ffcf9edff4d9989631830d69c957103ce86b72a9,True
740,L23,14203210207512809364,76f96fcaaa2031f5878b0758ac4f6053eb82056ae76cbfffc73b1d041b3a918c,True
740,L32,16351603941844309954,9a4b6a6521aa091829b9d19a8aa30e66ddf7cd13bda01415b321dab6233e930b,True
741,L12,186242163811352905,16ea2f045f8bf8aa19e76ba9da1c4f9826ff5597e3c9b54671cc486f127530cc,True
741,L21,11599344964465801402,0175d3342199de0dafed7027ea6e7194707892187df412e9653bbfcb077a8859,True
741,L13,8199612869112012348,7ce12d86c92212687f69c7a68220c48878023e225c37ef6ef2ea63bad9f33342,True
741,L31,17381637795274049468,0e2fde9250cebc61fd17e006af5e9d8a25429826bd992ae3e836b822701f4f8b,True
741,L23,10277607824721292702,c05903c27d6733d9d1ea03e413dbf41224b2d3676c49c25bd8f00a034ecd8608,True
741,L32,10389343117191633297,acf84d427dc507f60dee994c3f21f57929678a993675f6ed04161aa068eb8be7,True
742,L12,7873932279232156854,cf6be5455064cdc2c3372bc6d4541db5182b9e05bf6a49d22a6a5949206bedbc,True
742,L21,13905577581144705270,2ecbb5951f1d71a0771b91983fcae4224410dc5cf6f41376eeedaa5955ca40c8,True
742,L13,14636977746229708178,9bd98dea26dee30013cc5a91e459be7c0507aba00e96a6d7ffb1f2840b57c6e1,True
742,L31,7185701704093831314,8c860fe0b8812d63d3ee3b9748b2c72f7b5945e16a108477f25c3eef16568b5d,True
742,L23,2334097198374843888,620701b4c1d2666bda8a818b1f344687fb824b7b877755c176e2a210cae1001a,True
742,L32,2075702990740653162,b51831d7d2ed9006fdde5f6faeacae7476b91779d8254bff06ea4399dd639228,True
743,L12,2797148206240319615,0dbf95ff8de87c6bbf28530735624088bb23ad0288e054b840efbcc4833f0dd9,True
743,L21,10689682408323899807,9112beacee39c44b3c5d1d4797b9beceeeaa9c4c69bfd26ba174f87a19370652,True
743,L13,2191516624963157284,f056ed9e7b41d5eee5899b2f1a8d84d7b3b9fc94092a71f19782dc309db704b0,True
743,L31,9862145952541065253,7163632756af3d5caa642d694e7bf66bf6b0bccab88fccb755fb39d4e6665435,True
743,L23,15960519464395839445,b5b6d744cc857ff3132f6139ac21d439612cbd749b8e06956b790be1aef230fc,True
743,L32,789560269415220920,8c4ba367ba6657c6690ce179122105ac325dce7849b98551e773678a8bde2771,True
744,L12,2688098289810512000,29cc393b6dd199a61b4c986eb162a7c7df7b59e9af4bb55c3ee061bc4cf5c10e,True
744,L21,10679585198997965179,68337440ade00ce00f2ed1c06d6726cabec3089f20438ac4dc5ba66227cb5ba4,True
744,L13,16412808078848878400,b7c83d1c759b7dd9f79df53345a00b4f0eee62dadcdf5083b848b4e5ba1ff32c,True
744,L31,13270392373397813372,13ac465307b667884279966b7c5dab387befea025ef31f543028c3b81cd96c51,True
744,L23,15570224240669191677,74fb1bb79e07bc4e6ea4f774f4de088077fccbff745822a00f7c4d10130956f0,True
744,L32,6874085086400221108,c6b96b4bf50fdefc8d983083dcfc8f7a9e07ccc0bc04fac5bffbe3b5e434240b,True
745,L12,4281491884431682297,5f07cb4201970895397522518d49dec7f1b5a4b98ecebb7f8661edd06088e906,True
745,L21,14235776618753238899,458b236fabb5c454941f1a5946ec360a796f278e08a2968f4a1ad7d273e14245,True
745,L13,5863370880292636704,3f075b5da5516f8a744a8eec1505d0917f47959d818872426cea1b4e7de873ab,True
745,L31,8216633422834900649,b0f13c8242d807412363ce08b0657d7eb95fe79afe176fa158c52425a48f1de6,True
745,L23,15758186673015633640,5e7e60e3865d81104c7e00870b9f4cdadacdd68df593c082ae80aa6d4d6a64be,True
745,L32,11087634406575755127,f1c7ac5deec044f1c3e8cdfdc973865ac618e55100a4cbae813dc6032a64ebf2,True
746,L12,13722485316305753621,ffede3be75160fcff758e9d5ba4438908101e1b0493ffb04e9fee3daff87d84d,True
746,L21,11119776183935936825,552063d7a49e1a82b8c5767d2f524718713daa2a56c2c8b6ae2428f4faabad66,True
746,L13,8286408920169012194,f960883bdfac3ca264e9f1045add1aa65036da2f539e4c5f23f254111ddc85cd,True
746,L31,12872551352558532275,83943edd1ac54096db3da468bc00324abdd056b4ee7ff3002a580088db2a793e,True
746,L23,13665206196785094253,5c376e5add42ccee5ee2168a7173197352a414f22ce1e07e270b708ea31d8e82,True
746,L32,3480453291822644836,0a40e8b54644540e4c48ecbdefa74f55d8b124c5194ee2cfcf7dd793c941d8b6,True
747,L12,12114336170847503080,7ee946ead4b689ce4b54c47cccd3a0f531dc6627bf544b0fc2d1d20cdc8e9162,True
747,L21,17615021655302249006,c2803e76b3ec817b6300be8513de9306afe828255ca55419d20e5c72980bcde3,True
747,L13,9170634559384322645,375f3788c51a30ebe614b903d349e4d65cf0bd6344ddc0f004526d4fea4cf8d1,True
747,L31,15234640084258540651,f57d7685d6649f6d52f54e3e49a9419cf77ce1aff489a433afa948c3c556928a,True
747,L23,10150642921709839528,507790d5d93399b3e38eb553aa80cff708b5ad99a6a059c306f0a0d40bf8cd5c,True
747,L32,4230440483757924505,fd467d8425e00d62f8b4cd52296dba08ee58b51dcabf62f6776af31b3684f949,True
748,L12,4556239860876444408,2dfd6596b321356c2fdd180c004bf3a296447bbf46b8962c5dc97561add7cab0,True
748,L21,16317060549489264215,ed67d8aa028ba0bb0f5a476ec5195693cb67d302f9bcab6c09155b58b34b1f97,True
748,L13,1059357316063913111,918eeb55943f3b58196a1a2b468980f9ea89ebd5c347cfa0606777bef3de958a,True
748,L31,13594830798141878508,68f2ae3e336f6b5a8e95231062a3affb5267b13f0b1ba71a61af9a1a15c36595,True
748,L23,4349451557463897055,55b9f59bc30e3f64cf4bf03da4eda4c68a82e56320ca6987cdf5113a22c1af2c,True
748,L32,4033769976241195210,78b64f85f2a8f4d32b06f79eb7c79828c4eec7e051b7a367afdb7d9106b26dc0,True
749,L12,7619054766621166673,70d5ee6f424e2286658051d7f9aa2125fb210dd497edc5fbd9729733b2dc9eca,True
749,L21,17459648362470534162,50aaf413891c45268d7f35392aa5eeb879045fc20dbbd0b226db39a69a45a809,True
749,L13,18139032442893872528,e1948652ea496e075400b2911acb83a5d25bee4c88b438ddc58aef3c22752beb,True
749,L31,16767481791965109652,800c9fedfffae0c57afe9d54a38c34a9e96a9642d9840e5b39d6923b4346cb81,True
749,L23,12522785863525138223,9ab75954add3c0e94a57359191178863cfe476c53df68978e67a163f74038cb9,True
749,L32,17561327958336457022,635fd4f386d9eb5d896e9d821287f33d398c7395c82a221622e0423caa57e8e4,True
750,L12,1487261985338874406,88acd328b66832c42b26a6182deaefb9294da7621fa5bb20094e9201a7c3b00e,True
750,L21,11559862922971147222,866185cf4a984c832e5c889f1098b8956c7f4eee655b5074f3d3638414539b76,True
750,L13,14340954239077414069,8a124e87c3fe8f2819a2f04867aa78a4a69484ca22b6d9c910a11b229b846120,True
750,L31,14541247495667014388,df7f3f94275e24340fcf2508df2102e2197ab768bde9b531d89d7540036b5507,True
750,L23,7616849276656293613,05eade324babfa37613cb842b97e7b54bc4d5766a57aef03b1a8f38f76413943,True
750,L32,17794012384048377782,7a5d8a2876d386a046479e7461bd38a3b73d9216d61eed84fb5895a65f603116,True
751,L12,14527579773976609654,588483e9667d3c65c87fa7ef20c7a492f25688fc68d4e9e7f2f7273ab59c4658,True
751,L21,2963346263384271976,de3314b11bbdb8a4861a8de97fe2977a3eefd3be02919f5b3346c4acaea8bd58,True
751,L13,9894013993577570497,2cc6035fd6970c8215042633ef83366a206aa0ccfeec52057e6e757f5f523841,True
751,L31,1767865298535153621,d82d90c191967b2a86339e8e7c846bc979c20cf248074a3c0ab4b0a69d392e6a,True
751,L23,12407860681717989382,4d799d65bd2a3732249f2e0b925d0c2907c69e5d2139c421e06da6e085cffe4d,True
751,L32,4315819103901751130,5b08ee8b7d8a56e9837d53a15d9cdde50c84b43337e7844d996d99c2c9cd1ed3,True
752,L12,3121858934203382450,6f208aa8380fd7c4655b3bb664635f916587e97122f11ca2ee95c0f61e8e84b6,True
752,L21,12415738737301368361,cbfdace7fdfd35dc698de3ee798c6cdb25fd4f65da9d4db610b4914e34a07917,True
752,L13,5332630617642367438,bc555fb8e56ff9c6c7c3694df07c94fa75161a358b5ff13655985ac77a61c6f7,True
752,L31,908731191775159633,1b4e0b0c9aec76e5ecf586b94e30bffe03c902a814ca29184a8855db86eb0fa5,True
752,L23,18437033777897142152,046cb0f3dcf1cf433d78da9b713243a03bb90341ebd2dd5e54b2fcacac97133a,True
752,L32,7509721810403378863,2c1f0fc451826d9aa59ec29e3d63901f41fa5466f6489387ac683ceb5352f8b7,True
753,L12,2961887499318200010,a8bf5eef320b3d8d59e30f2bc16799982d1d9af4d56bad29467e8533d98196a3,True
753,L21,1385822164896977474,217f8071909d1a63665ac26a95936806aecbfa51083e087f2344d36690833b35,True
753,L13,15815737690940537934,b263b49003cdad2bace77ecf9c0ef26cd590e6639ad88458cd4d81aee74bbcd6,True
753,L31,3895319213212736024,74408d9fda58a3adadfdade63280af87eb3f359064052de57b7d82d06833cc7c,True
753,L23,15339219423134256953,f5e335b1be4d21e86e7477ad049748b9716dcedef92fd597759995634e2ca668,True
753,L32,11354405717339152849,f47ae6b796dc5c99ac6936e31b04ab01e00c7c317d3bde1948b94a6aa243b0d3,True
754,L12,16761183091713521181,f93ce42b957a7636424324a9198c159f649362a594483600e55a5b992e9f5f1a,True
754,L21,16690108464915282817,e604186d68e3ad6f0c1c05cb8d5fbea4438fabac7babf66dd3d72c9f61695b8f,True
754,L13,14398231087084557277,1207d16ae7cfb7f088bced322d2b66f1da4e407dc0cfe51718a4f27f977a4ce8,True
754,L31,3106649814432320698,e1f451f96625d159d641846803c6fec17d18d834add13ba4a747fc946152d767,True
754,L23,11187252184733618645,9dba1e400c204fee0d13d3ea6beebe0cb54d29f2aefe76c579f4c1d6343b604c,True
754,L32,3613092020507949239,04d85a1c1ff20540f211b2ea4f9c0a403c7b26670c53057ab3d6ce64f798993b,True
755,L12,11980096921969813084,085b51dc1a1ebc87a29fe583348e4226b8fd80c0eaaff3a6968f6bb177e01049,True
755,L21,12533691048458853167,22a5d95834511bd99436f0a48747637439d06e69babdc2394bbcba671f91b14f,True
755,L13,12049279320225486718,5a0845f621410fbbd3a62d10bfb837987fbc26b587b136bef3680343354a729f,True
755,L31,5733674448783704255,63b7abf786d6de576d2a66e2ca253d97f81c3f5ac327f310bf2ba8a2e152f456,True
755,L23,7492351233011696585,824696c0864b421a2a39b3a27f2c21856eaccc5522cc036b942de7c31433100c,True
755,L32,3225967947641557716,80334a74e2881ac63768233d29276619293a1ced1a09163dd4f5a3e229af1c4b,True
756,L12,10250241117575906668,f17d60ca8f6aeb7e75ab3f8b35975ae66e72bc2b4ff47748a920a4782d58a903,True
756,L21,2172105031138674943,34ac1654f3940fa3f5e513cf8245658d69a8ad8ce63c57e5cfb3ff0e94f7ff44,True
756,L13,291351607007301175,8cc7d71daca7adb2b8e62d00c5d5eccf040087bc839074c4fb3ae2c42b51f52b,True
756,L31,11390450145269293391,a5c528a51cb9d7e592bb1629d96de045a001e1e60185c8a4b665b87a984a43af,True
756,L23,2552232710908987761,b7bf69f400b64fdc168045432e9eebf4757134a89c9b1ee4497405df7c0b25c9,True
756,L32,17077257442715761775,2fa209b69a92e6a7c15201939e9ef798c7b6ac624416cb8c0c3297e86be64aba,True
757,L12,2748833751267415895,72ce75d77194b69a1f8cc11d9e0eda7278e5a05a80b77dcc7db270e20fa5e991,True
757,L21,16940094762482264678,a889b495bc12acc24363699c57f3ac733557b6d982f34dcf1405bae2a2368f61,True
757,L13,11016979276057000935,225f7fd0600057b8ade55709fef540554ac34514d32e6ed6ab4cb7fb4a703e99,True
757,L31,13454889861675853537,91a6697c74bd2fe403627b3ff779f7c33c8c9dde34bfc3dea4681e57e2076d01,True
757,L23,13658822248329291335,a574c68602ac16427ec92d70972e19432f1fe410dafd7bf3be2c24cacfbf7a8d,True
757,L32,8936175987998332965,ee0673870b7c124183bb2d329c2032239b0791137a6d7cd72eab08ff2179fe6b,True
758,L12,459445638535788966,687d8e4f40344b054e9948cf7c82b3731de5ae014c20e41777e561a0181c3325,True
758,L21,14790958805699321836,a5e59db298645048f88e61562df54c2a87449afaaa0b5cbfe620e4ebc00c4c41,True
758,L13,1604627588942503836,341bae99c04fd97fbc6ffae3dc88fb5fb49fe57aa4181926c234a7989f9f5994,True
758,L31,283062286547436510,53e64a33a56aca430b4527ed061041db4770d37b35eeb45955de664f53d9b21d,True
758,L23,14033279221041531547,6082b0c624b72987064b0825beb0902cf40d9078ccb1f1ebac269f5c1f3023c3,True
758,L32,1685845632867566289,1156f5b404603b6b9c59e644cf3eb7dcb39ac0542c3f20aaab094ea1c0f08be3,True
759,L12,3129626029430440499,861c5f979a479b61dd21f0ab749b02a0ee415963fdb9cf0990b570c41a4bac65,True
759,L21,3759800605375961318,55604453e2a27e48ac6c4b5f7fbe9f9e2d52540f701aeff1db20e00496482a9f,True
759,L13,12008940847622674238,41277c1bbf0c25a834f408e91707b99765c953792df1938231e44996a9431397,True
759,L31,7816336127661622034,a5121dc7a33a32997b17977a52d50656e02ff6a550b19a43442db0d0028fa8d0,True
759,L23,4071993854389354170,972ab6949a54997b713446b1d270c42694bc63f13d9c275def5326bcb1b76b04,True
759,L32,12178481595452911625,43e91e96ba527f4cafc4499a3a3a9c3622057f4dfff597dd7153d4465e728afa,True
760,L12,15911171550925379424,2d670f0b51bc1ccabf25d3ac92edd2cf151f308f3fb398ecae85e5525a31de60,True
760,L21,13408147226435454472,9e0cc9273da55a00b2c0e1fe136043c4b3a57da6bf2f299d79ecf1ade4d04035,True
760,L13,7943282216236389221,07305dcd8cf0be9ddbcd9d15b651679cd86d9bbaba064e654c8a349ce59556fb,True
760,L31,16738030315907439207,dbcac95e11b81d7644ea64f62b5c56a8307458f2e946f3975ff269e004c90ae9,True
760,L23,6459027038533083260,f3a3f49dbb04288613c7f777d47c3d4c2951fc20e465d7c5e8afdd2a5de1a6e4,True
760,L32,16509801678541674867,5579b072be301568bb4eeefa0114978fa41dad09974e16da8d9bb45d2dfa1793,True
761,L12,11299720219696159815,f08a497426fe23307288760decfed4649464ab2f115a3625e271ca31d3ec30ec,True
761,L21,11949459915252481008,6f49546da39e774d400764ae339cf6dfe9a2132ed1bd256f665a27269e41e2e4,True
761,L13,6020137248894544088,13efa64b2fd3351109172bcff5d668913e7dcc4dee8711235fc353150d681a29,True
761,L31,17146860241092278628,024da5e9dd743d5cef2ec68ce7d05cba30221d5442373128937ba379db07392d,True
761,L23,4447745827167903282,89dd71acf140226aa62090cafeb2f941e6dd0aba7677998eb052a095608b07e0,True
761,L32,15367863522485387698,a16fa05de485a94c9f167dd354e5ea0d766f36f049908ebf1c279a1dca1f3ecc,True
762,L12,11208433443077708438,9c815575c17e5b84481c9fb65ac6469fa8b99819c0139bbc7a87540837ecb312,True
762,L21,9129765675980097220,b3c31a331e52c27122fbafa2b91109ff4c8616558c561b051640111d3d220307,True
762,L13,14426445585853549723,32c8e74ebd1447f18a52f1e9521a87c6bb8a309fdea668255c2f539dbdcd59fa,True
762,L31,1175388024884019132,45a1ef00482ab5efec60ad215f33ebeb99f39ec6045b83fe3fe0b77cab7f4a76,True
762,L23,18314677748448539219,453b521e26bf4672929285ea9a393bbcf9ebf43e19b7f0292ffa1812d971f15c,True
762,L32,2021332327347240508,fcc5c55379d375bc116a9d9b395f53b7985fdf1b36f8bd97df01bed88ace903c,True
763,L12,5120422271328148866,9e65267aa8b24265b17e5a9c43b97c347c1d6cf46b436102cae89b35221bd634,True
763,L21,16911580204145941590,a91592889ae1035a0b3a8ef0314b5031f524fb52da07df99759518d41d7d877a,True
763,L13,8788120510859819354,1601c2eb6c7afc2a0d9ac0834b9b678c18d2b33c98a0f8759eb8ad8309b3eae7,True
763,L31,14692163924698231365,7e4ee214c5c5863f4549d2ce7576affc899d558d3eeb87f817e24bd3f4ae9f2d,True
763,L23,9012068371341020210,acf786e8c64d0b61c3d58e019403a236f8b2b331d3f3d95c49d7b3c28bd63f87,True
763,L32,14636472592071463321,d97ba028e010f348fe72d9ec77e20a0a6fdbd91b60aa2b5afb60e11123c442e2,True
764,L12,3189490734265640052,dddcf3dba1e4b7e5ff076dc82c80fdba1cf9495d657f52415adb1ccba6e428f3,True
764,L21,17518549138363714517,b02cbb7a68a038e904d490819dfe08719d201adc31ec911ee5d6571a40df5149,True
764,L13,911714404152142087,6ed02d38efd7aa8b4a533100168d35cf344384cbbd0fee6d11ff4af8529b3520,True
764,L31,14145650075335159046,3d8200e5f5fdc41db34a06b7bc049e5def32286e6adf0dadcbc1f3a1ed0fa394,True
764,L23,661088359159550919,0bdcf842b81560e4cc155f26fe4680a0048b457e72a6e53c8bd6f353ed177ff5,True
764,L32,2771123999839354426,76e022317493ecef207071331ba722478345d6a3c9fd46d976b257483b01317f,True
765,L12,5239756871777898594,da996a50345a47f8d4804cf24d9f9aeef8e006d13d9c9f708edb08d73f275084,True
765,L21,857196270559203323,37c71b8ca7fd688d2b6b3b4cc03e8956016d3d5b36fa3a1e5f2f27d3d9fb212d,True
765,L13,11216464262016220295,376a84fa46c65a88ea98f5bcb209f25800948d8b172d6e6d0f551357f993cf0b,True
765,L31,16861425861996161287,aa0722016f16ce879a0d3b22c7e02741905af9b09b971a905270387fd93904c6,True
765,L23,3925016654246700051,5a9b389ee1e8ec951f8e349500a4c557a42e64264543022d0dbcaa0b26fbdd0e,True
765,L32,4375806841244989208,2128c1ca10739b97adae7c16f397369b878fe49088ef196bd7f89a34088154fa,True
766,L12,7142833309587266355,e2a0bbc6732adba4d71ed127d06ab86c27e1e307f7904235fe2d3d62e8ae932f,True
766,L21,12965377472198639381,574d59ce1071552ba47deeffd1b3fa26a4b7135e2f646d56892b6a9c2577a1d5,True
766,L13,17261716157107083417,0543928ed8a09965083d330b88c2d56b67977c55ba07d6fe46d6e3daee1fac64,True
766,L31,4006189772078748413,7cf340638ba873a2b5565da02b9feb2ad069bdb970c9d09479667bd5fb20a482,True
766,L23,9604423856056129804,d823c3abc2462a255abec4a69ab82c70f5daa9f3379a59bea0c10946ecf20dee,True
766,L32,28629028089908767,912b47defe276a2c5d8eec18623ab53baabeec57c3530eeb1451fd4f34a32a58,True
767,L12,16617505788209293384,568497aab4fe0b5e548a3039989f57dc7ef8aa2ef85f05d588a8ea23e37261f2,True
767,L21,12311395560284109695,9a6c9f68adda3bf169d0223d46282f93ad76ea11fd3a3d152c7d16c95e66436b,True
767,L13,11176511823608397634,9494a209f2cf45a88536530c1adc7a0e0b5a2587492efddc0849f06822a495f5,True
767,L31,10643334195431365904,7525d3195fb5a4915e57217f352bba8b8128c714152ba3db2da770f443ea6a86,True
767,L23,3076507221054774786,f5dcf3ba92a9ea349dc7e850f17f4cf7129c1440a65c3e55718927e2756357f5,True
767,L32,14448813974279600086,05533e2fb3c3a2a5beb9b29ff1c09090daceda8ffeebea98e65e327d571b815f,True
768,L12,17074190950981470089,74c3b9578cf7f9955171a8d8148ecb0c384219b14e063d2921c0a6a5b9ab6926,True
768,L21,2141305306543730839,b9611f490a46d481aada929d90a14b4aa45bfc736ad018d9ce3922c0bbca2569,True
768,L13,9016221122243667780,3435b522043874df4b57b33f3bf7878a9c5c494b40da745b8da7fac43c8945fa,True
768,L31,3781611638531262749,45542310218b845d981e9b81293385b8db8d8798f63ce74d90716c38ceb9fe6e,True
768,L23,1662600192370674545,52b6893a2d29a3303cd12289a5986724a29807a5a1dbfba6a781d037c03a185b,True
768,L32,5195242192660907643,c8d02c468daa8e38ea3c7905cbc12abea5c37a95af4bd4e858653b8f89cb42a6,True
769,L12,5868903216427179446,edccce48e3bff9e6ab930d254f121b12281f4b37d7a3bb96fa9c93c4b1630915,True
769,L21,16359301692497410890,c9ec79dc052c9f27a595e1f47f386351a209dcce1d7cb27a50ef7a0d256605f1,True
769,L13,3285954760650468032,44f1e0ae4f3f9b95a0e32bcd1094ff836635466285a55d87ea0e97bf434a6b76,True
769,L31,8375658783662733912,a11363388f533ca8e02da2ba648a9a677d10c1fc4ff8e5c56ca0b69c358259d6,True
769,L23,14305968934315843489,e02f329a821afe03a1ed0e40f3b81ed3d71cb1408e0a7e9bf2dc6e4c440dbfcc,True
769,L32,13456697768762033216,803170087a87810e548db0daa23cf6c6e2b48617ae036ee6611c4e0909bbb549,True
770,L12,8030230218275249257,1a9ad43d335a0df5fd9ef05a5e93cb43789040f07cddb472f1dd24bab33edc4b,True
770,L21,17545337494754768527,bb9e4f7765247401244631f2371d6af755f6e4d0a2901d9494d3a306d440598f,True
770,L13,16429135289719002203,f5482046c2eac1795129dda9733750f65d5421336a1fc631d2c66a652c8e5be1,True
770,L31,13849543472831642465,0c259b442ee337a9a7f2e2f2aacca2ab8a36f002960711a79a4489dd71a177b2,True
770,L23,2573203386448431789,bdc45c113d5c3a8201f86d087eee9892daacfb737970eec6ef4ef3a09c668828,True
770,L32,14869243725538161252,281d0f50a137bef81c7c7ab63fc2e097848b2d7fc4b95463930327557c48d480,True
771,L12,2462211110935754059,a51036dcfc3c5d4925dd8a1466a7ece7789ff439512ecae1e9aec9ac929a2105,True
771,L21,16757885032028191602,9f3f2fa9ac00a05ce6afb2a24ab108f6681f6504e8f95f84a36e848cefbb5c72,True
771,L13,12781993699112613378,b81f18002cd6af9b3107a5b0adb077f01bfa5dd4458f4a0eaa4c1948368cd38c,True
771,L31,15165211193784066478,12dd6df3d5384ad0ad1dcfa5f8bf1a18f33fdfb2788839110ac5b8e2c8237b3c,True
771,L23,7011392259955011655,0b465aec1ff02c0b9fe2d1422e77cc4016a39f9fce4b29b07b5638e39218eee6,True
771,L32,11385765381140884788,bce1a3d5667adb1e4e0cd1c942823cd21424f744734dddc45733b10425ae961f,True
772,L12,16007110921109115371,a9d9958253ef25e68a9f3422a5bebc751548c741a43f027d0082c247500f38d1,True
772,L21,6997097129017309436,1247fc3fac72d461b7bf36241b1f130f178dc9fc252038b7be24f1287ae18bd6,True
772,L13,7608113050929067835,2afdb7db35dc5741fb2d82eab61d3766e24de97e7389e93ed469b44f7862d028,True
772,L31,8753843991285547719,3799a48f5b607a1260e50962216d07bc1aef29e1bb2e0e8c7e06aed313c69eb6,True
772,L23,5232842790161848314,cd379ba2eaa617a86be56145fedd6d6016f48b77a2ecbf1450f3dfad7de9bb65,True
772,L32,9393287379459691997,90248078e490e27daaca6f17ac825e5f2057c11994d6bfcfffef2cfa12de27be,True
773,L12,12328646702866041754,d9f8312bd9b181b1d56e55636168c75db57ebcafd2b1ad2a309e739fbb0a041c,True
773,L21,16955005105456634741,72657b2cf539af160d099685c47d1c1ffa3c5391b8949881cd7e3d9911d0fca9,True
773,L13,7585986113048653145,110c6f47a87cd740be3bfe48f2f4a4babcf6ee004ddbf40cba0fa6885113eedb,True
773,L31,6906628267797296895,fbb13b36297bb089626fdbba3d9e44b91df193cafbc4fe3324720b0748b0cbea,True
773,L23,7084193036757312181,75830b4f6d6352c24b37f4d6480a9ee00d8fb7d24af4937d92ac4b6683eec4d2,True
773,L32,17620088595124753216,8bc5b1c56d9822c5cbcb1afe0a03dcbe337b24b397e4ffddc22a5106982cf774,True
774,L12,10337592614485770963,f9f8a12583580113e7e2723732de65582323bae956a2587038e4942ea516d5cd,True
774,L21,6592272406367761386,ee42983145ae4ad1ef7e3fe26d9ead80349be4e2242d61d10bdb8b4e703979a4,True
774,L13,8885269309934979532,45338b3eebc7b7fbd49d693de2f0730d9b0c59fff85fa84f208200415726b820,True
774,L31,4173443176052721076,e53c28c860f91e8232c4d34bcf3fa8aa990abf5daf2d580cdb5c9fd185df8b46,True
774,L23,6574063713500841546,5983f7464cf02fc0bda90d1d6050a28838ed99ec2bb3c15ac182faeb10b29286,True
774,L32,15090946305227308789,792961c1cab3b9509f64ac7e6dba591bd6cd1c2275fd275992a37bc712943e64,True
775,L12,606771392250275727,dc756d66fb061d5f969e1afc826e52a359c3d1079014e3dd5c5c63ffad619422,True
775,L21,6152540871331144604,17a3bc797c867c4c50c1aae7fbfea6aea9677ac657589a9ffd4d80c2033a40c4,True
775,L13,10360131632838029224,23ae768c149cbaade593530524e1b7719de78b1076062c4c868c81e710b5680e,True
775,L31,7082632337395281423,2276ca75d7a9f4f2de4aa161d5afac57987c2a3e1209c4340e10f31d0ffb7d5c,True
775,L23,16159187629979472608,328f0a8296974becf4b27a277dcee67a31b4d950c760f14bd261ebea6bc79af3,True
775,L32,1025167578478543888,20c3b4a0d8cdbe0fbdb52b65c41ee0866e04065b5f7b733e358cdbac8f316b11,True
776,L12,8538360026174729802,e3e1e97eb351d7fec7ee3d44adcc0354d0a175fb27268e890221734003281df1,True
776,L21,4101762039924850475,f5ce2a56193aa43cb2b3375d9f1858dd84839a5f96663362aed8c32979838fd4,True
776,L13,1761469482762376037,e89b02f9d082b15e02f7817dbded331f6c728e5d1e4df04d2e3566f6a109b12b,True
776,L31,6848008416023010683,ab30dff3783c18f3faf434387dd56fe4869d6698301bb0076f0bcee3b7de5e26,True
776,L23,17860455535429253395,6ad2581edde2b098cfca66d06ec7fca55620da5c9d848490d8e4f0aba19b417f,True
776,L32,4700864586651783473,2d533d716a64a0b79bbd93fa1c6f8e39e69bbdb58b754b71f534f0eaaf8918a4,True
777,L12,334574390667353646,1c3abca7798f922a4b8d5409c78614f04af4ab4a9522bfb12ab5410fa993e565,True
777,L21,17848332052521259135,a45911e47eff7393b88d86964f731a6947e03a9f5f4205080ce9ac339fef7344,True
777,L13,650331158006812198,7949194c139638f47d99e2bd632ddae50d01d4b78cb9b12f45dc1eb3f56722ed,True
777,L31,5421559408262000844,32641f465769be136bfafb9cd037fa7d6d66989edcd81b3aebaf7be1abdd9a05,True
777,L23,8690282778263470548,92844e3291d3881cfbb5aa03746f8b7928f2d75121d3df155b0109633dae7e4c,True
777,L32,13186873904278622876,30dd98fadaf4bd494cdc1c1f61f3b5b45cf62f1b000dcc871228beb86c352910,True
778,L12,9887841292551413353,f0c51a764dcb384108b15ee869af54e97614f070709f9b248284bc0111dd99a2,True
778,L21,1875777059393099870,dd9fa73bc99ad4abdc59563f3ba2511b273da3441dc981f6d3da834bcf933ec9,True
778,L13,15163150753636292635,8d3a71b9b8b200a3e890e0b21fb7c8112d6380fbd7824c9155be8eab5bcee745,True
778,L31,11864118078812560060,cbbc5be0615ec6060c3249defef0d7506c95b3a2ffdc75799262aff694715ef2,True
778,L23,18278163660867322582,f6904e69a3f09104597322be14469477229358129afa59d40c031b1139accdcc,True
778,L32,9700254884721141073,d91687e42f141e57d045847a340b5a18d8e4a2744044f6ead3e70db0ee2cdeda,True
779,L12,10097226837730016215,1fe2375addf43fcd33f1e7257c328a1e09e0cec825f5d4d795fd7db54b25f563,True
779,L21,7916875276735558093,db409ea399ab43f4e87d7d08658de603d3d11bef4cda233e3c01fbbb494f6443,True
779,L13,579631069372884280,a3b3b5c477ccb76cbd5d39c54e40023a73d456dd30c4c705a2dd4e08e4e84fb5,True
779,L31,18130349776004744663,6488aa578b2c3495e0a59e0fd8f62ad422e1167be5aa3bcd11918bf8cfaea962,True
779,L23,2443540417887923341,8e2d42cc66fc0a43c67b618ed1339973d15807676d10de2dc07895b990f34426,True
779,L32,12982927123433240088,80c79549690a07811f9b7e76cd9412add423e42682289442b859915c6e510eb5,True
780,L12,5954078320918716658,081e206b0bf99ab615ff629c1ae69dbc709c90ec0e89042a055c5558a08ba14d,True
780,L21,3378860467949145770,d54a5c9f7b3d86849a62dfcada2b6aab331640525ea82c09c5129677ef464658,True
780,L13,16152254735851668176,02a96301f0c05c9749634f18e921b4ec9d5a871dacf1cd1484e0060d53c64857,True
780,L31,7499827473536046517,627c46318406a3d86c12cd5efbdfe570dea0b8eb5d443afa93ff5852e332fb86,True
780,L23,15996756217600263575,86005ff46a055d575a647473a69723c584dca79dc641b3947f2658ef91a78a9d,True
780,L32,15688800420512626987,28fa8b2a78c4c479faa7697fe942cfd9b5b2684e45de8fa7249cff02cdf15d11,True
781,L12,12780656950605041100,b7aae073921384ec8f1610751e67e9273d8d32cd7ba5738b84abd9ed5cd6b7e5,True
781,L21,273347176027833995,cb3683634f4b6f959a3a0ac1f921cc07703d9f6e215072750c26f0503cd8717c,True
781,L13,16424109794286018725,b12c86f0431e6e9e4be75c57ebb4c2e06f3b17138059257660dcc1049cb7e55e,True
781,L31,12598012270190539494,838ce69e28ddb3c736e3144d065d070fe62c3532925e639f3c97e40230909d66,True
781,L23,5296143619811283754,050aca862ba152ddc1b9b3659d5af399e39955c49b820164f4bf8586fd4d7586,True
781,L32,13842169926565552017,1ce2ecf10f8e8acd228806500e9fec333d51d53203c9834a52caec6e4ad2e031,True
782,L12,6602854380415224615,1265fcb7b6830dc858bccd8f0acaf4e16f3d51cbe348a425762864dd438ea54f,True
782,L21,1362552821371044257,5b938b7e2c8cb7435c3372f4b08ec39e27ed457f031db51c35342a74a93e0d16,True
782,L13,5494565307206634909,8dbe290b193a67503e654460a8d4892637e414c60ce5d4c076bf52e1f8468395,True
782,L31,2446097090736795144,8293bdcd358c1ca2b9c4a02a5483db28d0e929de1de949995906cfaf281479b1,True
782,L23,11763122972841478873,9e681ffe0dd01da140ee64fd3730b2c8deed53d30c58c447703b34df2dc7ef94,True
782,L32,7795594445443238330,d3275deb1f4060556edf9a4738b68777477365771914381d71452dedecf3e096,True
783,L12,8328134412588458975,597d0f598269c2ec6ecdd5e3a4352fbbcc44a2141cc56ec1abe457714b6595e2,True
783,L21,16152337430884176565,1ea3e6701cd76062df273b22278749e135ed163bc6094a4a0257215a56bb17cb,True
783,L13,14254399068763449316,ced0617b349d04beb037658f6d06f943c30ca9f910e3edb2b8f7e767b7023b9b,True
783,L31,666649739141243314,877357240ec3675de87aaaac4fb9eb11a4f008c42398ab7aa92827e59b86e50c,True
783,L23,11147356775684267737,b93a293f43db75241c40c4488e09f7331f9bd6574255d9758d70233ec4d0c5f2,True
783,L32,11689338453662848406,ac6aac3cdf0bcf7fd4f04f039071acd6aeab8c5176982f7a898e248f0c1afed6,True
784,L12,1450862346614744323,df38f4a855891894fb468f98dd8a91a535f0b7748c1b41171638f0363dbdba1c,True
784,L21,17808685768842263744,4519e3769f53cf13d1bd02809486f6ccd2baaadb69f0c8541ea226c764c0008e,True
784,L13,11482803824493380949,87dfafca9f2b0b41a2fbecb288485fe667d79db27f9cf9d6096ec632fb575c2e,True
784,L31,5887728798744086785,deb9e2a6fc4dbe218e59a05d542a634633905bc3b088f4389c51a8d0d558152e,True
784,L23,112675402257864389,30137942842c1d413e69270fa975780a012d998eb190236570024d7b5f7d0917,True
784,L32,16699045174683995610,13ea1cf5dc798d9a7d4d20bb10c2b7ecf684283fcf10c56e0ddce32bedaed849,True
785,L12,11443323095120730343,82fd185a2e1a524f684f38e483bfed6823a7ee3b27e4c17fe5dd4901b9111fa4,True
785,L21,14298579261179470487,96bd9cba05f56861c78ccc2b15021be3afe4e900a0f866918ac9e77c2bfa09fe,True
785,L13,17404868405229809508,336c3f4c2d3518ca84181b1e4796529417fca8c36f298042e84b8d9341ee4df4,True
785,L31,14031869940037191015,c93116df6f387191543f923ce2db386486e79bf12dc643e6b0a02c38151ee9d0,True
785,L23,18361213962351096337,fc5f33ebe84ec9eff74dea79ac0d2773185a9ae2ac56f5396778150ff76f041b,True
785,L32,12850692061158821832,0c3eb20d7bd8e886db7cf30f0afd2f8cfa2694549cf0924e9a4d1a0005093c91,True
786,L12,13530458207550394219,cf0a0c6424e9a97fe4b64a19d6db76d58df64c1d6944fcab8ad50de06738805b,True
786,L21,16772983463871913136,009f1bd46a549fc55617faed1415f736d5ab8367c8431e76252120e25560a94f,True
786,L13,9623386283360509704,44bc903dbb9b81bfbc7748893783d4715e98a99b206be95e863a1e75f321df29,True
786,L31,16116272476751412834,00b25b7308aee2ad745e6372d916d694e8e049b957cabe16e4a03eccfadf81ed,True
786,L23,15147223747263580290,f627a18bdbe5bcd3bd67ea64db2e77ea73a872d9ed4ce8863e9f5c43a48e3e36,True
786,L32,8423194013558282499,39e9f1d8decf00911c6b77c42ab789ba47c8e050419f23ac8c0f3b7926a0b21b,True
787,L12,13815314073319815951,47a1c42811f8252a51ccde96408248f000797dcfebd004fc29b0e59399f71a58,True
787,L21,8729121999083891409,b03d94bfb61517a651b155cc68d8f9e8edaa7f190cfc4d419d060feae889ae2f,True
787,L13,4788488420273225380,5e2048ff3a63772d43f5c7586fee1c7e2219c81ffc47f2e1ff4b19d93f6403e8,True
787,L31,15378544399363292339,cb677f451502fdf5cedcb292cba433030260a3ea293fcd855c7302ae9163c986,True
787,L23,5704818070459109404,40938e0e40708b90e218a2463bb6ed3e84c770d412d0979e7fc68ed79de6aa3f,True
787,L32,1821631780529802110,077e76a7dc863db579e4fe30113c69e6db7aa5363e2e64ac7539a2b32f7ffb99,True
788,L12,4543655710802941445,d8c1f4a5066b60646b74ef01311ecebe7bb21c45cbde2108be4b9bc543891f80,True
788,L21,18416818398528043107,e929398cad5e436372c078001a098e03faf4d2f2b026b457b3b146cec9a1e7b3,True
788,L13,14325598558472581761,d66fc2274f132d655a9154aeaac825db51d283294c99a14bf37b5dd6ce33b903,True
788,L31,2399293201984739055,8a63dadb68267f1ff52bbb97ff51a19a6debefdc68e7d6722760a725454ce8d4,True
788,L23,10599900277049789336,544a290f2e117186211e8d1bc4eaebaf744070d5bd9d0b9adc5e695c653ed6ab,True
788,L32,1051745915415700697,f2a4e27d388a075d56e754fed57688872348b32daf98bf73c0c7e04b3d138a71,True
789,L12,8556544409084101561,237eed86ca02a72cea56552c4d79a340d9a23b3a6f2942060d0faffea6a83695,True
789,L21,290785707417019448,9616c28a657b77a07beb037fd5055b9cbeeec822acf00039d82943da4347be1f,True
789,L13,14216769655487053050,5d1e6c61e0f7976504ae033d96096d2a8f3fa11193bd85952dfe82bacb12afff,True
789,L31,3067188579680437325,e71451ed0c9aece8ee6cea5fcd573357340c86c7ae25710bf41c771dc411d92d,True
789,L23,5946002014753204572,db310b70428bd1db70bfb0788ef6448e5a575ad24e41400ea4a8a4f64d1aceec,True
789,L32,16431525748879059840,1c8d2eecf9c4310bc69ee762c205ef7cd5ea8c9872b970193e7bd9cd9204ce38,True
790,L12,2490988552569391567,efa4ec86840f330fa7caeb40df386751776d0b069de720648e06a7911e4d873d,True
790,L21,92238695597219905,e29fab0dc7ea7c1377715e112f770e1a03ac000ee1232aad688ab1b87db6e6cc,True
790,L13,16478399769781382031,8360749a7bb173828c8c13d56e3f8a6e4017feabadab067ca7cee9c16a719b92,True
790,L31,2944343264252437631,b59487c0bd730ee24a403d59f6985a0632f3985a8709f475a1cad2e33f39d098,True
790,L23,10434171856051842985,07439893850f392c405fde943b11011c0d4e1d98d3aa77c82b040a25bb3bd16e,True
790,L32,15104093446291198746,cc60faff102da0c6e87171cde468fae3e98c4a37bd4c4f2130aff49b2a99c197,True
791,L12,18153851838134443895,c8bc5e8c74932be5d2003f4c5d647c13904147042ef6a1da3cf3ce1fa8c25046,True
791,L21,13549977959663299933,fbc5eb8b48c3163aa74c7c7ff01f4c967931d50a7db3d31b729c9d9903973691,True
791,L13,3665978772759061872,e4c3ab5970ec8813e4b3e2600e3f215f19bb3f45641527338d4a670eab326019,True
791,L31,17383685482019051231,81bec2fb9e03923d81e3d793d3ccf81779f9c418ef52990e3e1b7477b9f5e42e,True
791,L23,13632270553140700709,e32e43f262e3f6a8e6bc850aa49941d47e27ae59363501770049dc3a2dba55dc,True
791,L32,13466798833309959879,d071ab9a814803b1922097b13da9896fe1624d8daabb0ade65b3de57b96c28ad,True
792,L12,7792221606685851976,53da2dc6c07f3e25af1984328e57b19f02c0e50fef22236d27d092593d83e78e,True
792,L21,10893446118453987319,e70e8fbc0dcd87f549f2df59497b0c55787823e793eb9fbb3a49dbc67e04b350,True
792,L13,51408735051908041,e754de402b36383e8577a5701b806085b85cceb53a38a7227fa057418644b21a,True
792,L31,3825891346853723932,79b95f3a09eb2305e94ed5863b98340a46f5036348b51d421243b84a4945b50b,True
792,L23,6242443714772613223,4167af9c856a529771cc082421c32abd5284189263824acdb6473c2d1d4a3707,True
792,L32,5551730137113840947,7fda56ec0b566ab4eee55d663b1a0a0658ea91c5aa8e99edad313194cd148d4b,True
793,L12,1106535986691254752,6efc5003c31ac138b4bbf8e7143ef3707182aabaea1424112421c62bb1c39e44,True
793,L21,1190180996039314263,75ef81576b100568ccbeed539b808442ddb6d0c95074954ab973c1d0ccaa90cf,True
793,L13,14759693005232785413,f5f3cda3e2bdb92210b9a06fb11cbd131aa326880acf44bf0529de8320ad3000,True
793,L31,9538100664303818397,a7d0ccde284807870ddb6409dbda100ef10a91aca9d2b53c9351d82786f4219f,True
793,L23,9736120858681488120,a34da5bc81ef80d35a619a465418287d9c31a78d486da5721c9f18f01ae2f61a,True
793,L32,3325177266151043367,ae7210575a084e29894e6f6dd30a7a48d83e29768d471a19ed9df1691edd50a3,True
794,L12,571203035520344255,dc6482a87b7252b82d83205f7892ce03c46939913cec9e63f2e036c8082cfe2a,True
794,L21,13794055445252805226,a9e7b5325048c6460f2131a6e6629bb63aebef09894d5196e35701e5e72858e6,True
794,L13,5869948302855264790,cb10559e62e91e5eea80bd9cedd9aac3bee9686d2f95179d7aa175102d3fa3d3,True
794,L31,7556340625034033379,25972e93f5f4a8e78b5280c65469bb671808e76e5b5b87d0a63a099d4a217448,True
794,L23,10151204119392916974,f2abe67f1689213905654f6bac3840bfa5341378b5a34f2b8c3f2e7a7efbc34a,True
794,L32,15537938385712487287,c3dc50811a2aa746966a51c003500855df6ee00feac3b46c925b0e673e7de55a,True
795,L12,9491024990922410994,41b2583ff27d6690facb0fc535d834d00bed524de746281993ca715a0f144f35,True
795,L21,16478847355917347605,335e75ed27303804077796c4b507e05f4dafd20af7d201ffb562a7d1d948184b,True
795,L13,7887533219791615779,e0d1604a72b36a7fce721b5c2768a8b4ae13eef4438d33516be709ba7c88c380,True
795,L31,7688222665775670906,5c89e2b7ad4c9e3da355ce792db1113e1f58a89470626f50089ea97b7e4d2fb6,True
795,L23,6151298381855768041,072ffddefd5da4457c0b54822176804887f59da25ebb15c0bfd009530b6198bb,True
795,L32,13724064120779068847,b2fd73dfe485db8cafb4cc9b38bd8b146824aa4696ab15ff125c3e7de9e20761,True
796,L12,22417498826936312,eb3192f5a98b6457d6456a01e9d9d3f082c9ceb5f43ea3dc290b3691b6e7fa2d,True
796,L21,15139126010593026277,953bd41d26efe2bca98b90c15a23391d95a177c027a8ec1286ae7f7f7b4e4ee9,True
796,L13,12426960707075745406,f93c8fbb03355e221b13c904fbab01be5592d185e350effe46443efdb39324e1,True
796,L31,2641854711247537171,db1271b70bff3ec42bd3cb56b4f915f78226317082a4e61cca69396920f2b12f,True
796,L23,4819915249960396609,6704e75a649dce724f22be7a3749ea0365f3d53a6c79afafa422561149b1df60,True
796,L32,14506536815862736320,ef09b318ad8b4a03d37eb5f063b6eb9ee43629bca5ecf1eb6f091d4669f5cfc9,True
797,L12,1900364854204180001,e263f5a195054e224a4e517fd1b94afacaedadaaee0a7c17526e201c87f1c706,True
797,L21,11622463786708450406,066ed25442a12c6fc4f35c3b83c9312942d600b380377e66955ac2c1c958acbe,True
797,L13,11321581799932685168,388ac1419bcb8d241ddd3c734144cb43d4df7a1a8539db3f5a69af9d4d9853e0,True
797,L31,8219579636516788529,7bbd62b243797a931fa13223f4d585cd5326c12e89238d4d3405138be5c2852c,True
797,L23,7428205182965763509,7f9bf27d2a9f47833131607b8699f9734da85d55b3f106590e511d21c2383cf8,True
797,L32,7454662599054017587,8ac9039bf91fd565841371be98fa583714082ca584a44d425e3de6016cebd87a,True
798,L12,9349380014842630162,6dc76b61cf8815adea7b063b7ea61dfe4307545c0763d08e616f11eca649f0b7,True
798,L21,1961815648183950725,8f7ecccb0e3c256e2cfec0ebaf10d255822c00467e3b36c861218470087adaed,True
798,L13,2639613191795824739,208380ab3e23125514ea2d94e957993a7ad7388d40e64468e83e7cfff26c1318,True
798,L31,1816147124056494332,92d1729dad29a0f3f71b10d8b2a9d898a4ce11428c8fa1c3c1af8798fc92827d,True
798,L23,4531675873156535969,be353b871e5dee8ec39a3be64894310fa31577201d14fceaf67a341f200c3e73,True
798,L32,3444945073518734581,b9631ba069209eeb7c6d2baa5021b100d15cc63171d476a18dad03a72963f3d6,True
799,L12,6996646671323756043,7fc4b1fcb78b438b9f20bbae540e53c77a73e465f53c48e6941d0af324a5c16a,True
799,L21,13440227850724145233,f2b8d03bb20d8b36daeadd30c131fdb9b078749f0cba85755fbfb8f5d1638214,True
799,L13,5373120542419510049,da528e5de7a6381b9cb712c0d5fbeffa01507d83f3b2df51d7e25f94ca110db3,True
799,L31,8194263704801012421,80a7f84d41a8cb68ecc9375f7c28ee0add2a7aa11196473879922a7377aed377,True
799,L23,4169938298878277206,96d9bfd4e3608d9168c2fd1ead4e9585bb64e48f10cc82ef8253a7b132893e73,True
799,L32,16642958502800897561,af38e7bbea6011fa4a1f9773fd7c65a98b13e265e1fb0feb81665891391cb08b,True
800,L12,235474391290519982,ff72cb2218c1ce65977d3795058647867bb6d56fd6b10fb1b1a572360cf6e891,True
800,L21,17383437069145956026,7d1e7318f9666ac8dcfca490a64d5759be002cb935e3ba6188f5cbe607fb2b41,True
800,L13,7775694163470808868,1e19c0ab5e5588f0e287b837379f6788a3954cb17e613c5c233419af594f8d93,True
800,L31,7988884591523434585,eed552a7ae0ee580fa6d668c91f661679762cdeba381cb46c86acf68e96665ce,True
800,L23,3806493482477641044,76a1281d17ef98017a01095c497c504bf17a721708f8bcc861027a88c2259735,True
800,L32,3523764128299615383,6f926e23e9d2a44df4ebf1f7aab5d27ddd75f92b4ffa0e90db83d170abc54902,True
801,L12,16047939181277342094,543f736e39446b32e71842742a17acf45a877a9ed00b8e7e8af1fdbcaeb7f0be,True
801,L21,3652673276255549078,b0ec1db4c42df4af4456719410b84ef37a858cc669e8cb2c4277b832e4c801ce,True
801,L13,5961264020565431996,0f99ad71c07e05230e43d87ac8aa84c49816f18a3b27e6ec4ee72ba076f31770,True
801,L31,3429594374183630405,5dc930a6a4bcf7be4a47869bed85831ba408034f4b835930fcb45f20f7357c83,True
801,L23,1232764694686768538,94caed54ee91ea19053ccb0efeabeee48336b4dd99d7309900156bfb793100f1,True
801,L32,14490512816007499033,2136279832f913fe1245f0b1d6d603a3b608b367b6dfad08a58fae8fb884195d,True
802,L12,13722097937445857275,5e85cf4099cf675f6876c6c5b4ae146830a3caeb571146e4e4ac26c7d0aa6a84,True
802,L21,4027027888694805404,58dcbcac811cfeeb7742cadb85f2f04c9cc55953568d82881f62340c9a537586,True
802,L13,17295715824446021238,2eadfb9d450c1aedd478100393e18eb6b19433b9a62d9b10711ab82b192c692c,True
802,L31,395363010321634360,7d6a6d00a0b513707be34409f0d98d4d37bb0d54ffda8534b5aafe841d560cb4,True
802,L23,14145238379452510541,c00322a55bb123614b0fafa03affea994d623968ecb0629a77008c25bf82afa3,True
802,L32,4099648694142741451,34223c15749b3e752f8e8a7ed1556486ceecf2c86f5a9a0705c15db335a79f6c,True
803,L12,17560082928524852685,48c64fdebda6125b5161f42672054e8655ce70880f8fd0067f14100a0105a050,True
803,L21,3643339524221319178,5292f34cbf28bf014c1741cb4c07f7ff9f22cc594d11c9931a5c861e3532c6ac,True
803,L13,4753994504726147443,80be45d6fa8a0269b5deb97bb56401e54e36d2704e61bd42167769120df70fc9,True
803,L31,9155418620463773635,ec0cb1ac571760d88c214f1f2958f9623d4126ca5b3ca3e42649348b25f7e077,True
803,L23,17327415203131796083,18f5c4b3438c926df84a49fc44f0f8d850b97136f213186ac39b96ec4d191fe6,True
803,L32,7055840073588450981,6e791eea2bdf7377a78558275a67b9388d71b310aa3f71afbb2b41b8724282ef,True
804,L12,11459218284135024911,6ad4f53598db0890cbdccc8baee92efefbb02af7288258c8120e342e1bba48ad,True
804,L21,13884577433366427239,5d79917f4d20aca593c42990530d9f75913212e9cdafedd359eb04562cea1338,True
804,L13,17821596282346741221,d3e1623b6ae4f35452f412dc582dfb7c8bd1f24e62a6eed0ad5b79048dbdb017,True
804,L31,16887929495046570643,f4d4fe56453b82199234b4c9efd0915456a39a418bcfd0c7d852bf54c261425d,True
804,L23,8366593403163159979,8f36e9b28c6ab199d20d0a81b0d4cf026ce2107aae28e08e920b738ef6656cd7,True
804,L32,13469315645002805351,eea005fd0bb6006f88313f12035f464250c8b79736afa96d7a305cac064cd50d,True
805,L12,14389797748201634145,bcd274047aecbed3349eff636dc3b7bf20222400a55f1248fce7675aa669da6e,True
805,L21,9727396091208077134,b0c5a8563906809ecf37c7db4f6fdfbfc988b069dfa978df29479afec3c73a51,True
805,L13,17751559888505129111,aced7f528cfa1e7ee79223cf509e1daf91b27773e32628ad93c19084635fe7df,True
805,L31,9225805249009540057,8381ce015313245e32da859c5b0d351295e4f47e3774189b568531db2c6766fa,True
805,L23,16081057200071605729,b1a6be85603f0f37f7ae1d3b00de360cee93192d971c870ce9601d888f0f241a,True
805,L32,6699030075941282245,e93512dfce8a2da0bbd49233e8f1fe00461f3df29ea4271427c2af7ab8cd2add,True
806,L12,13102051212139386865,48e5a29b274f1c9f81bfdde5337809cd4b45c0b44df8b877a4cf56136ad198ae,True
806,L21,12367959655259051055,cea48a2723f10bb52143318cd12378d4c709bb213e93188fd50c812232fa857d,True
806,L13,3483632037552092024,395a6d165c05b35bd37ec8485cb2a1892b32dab0716979047e1bbed926f67fe1,True
806,L31,5170618882650217845,4e984a47b767680ab832974bd05de7598bc6e5c8dcc1cbc40100a56927ffded2,True
806,L23,4295086434653209245,356ca3da1279e6aa5022ef13c6704eb7c008a6f543c12d0f74fe66a50cacb84f,True
806,L32,16635075709914683868,2f59e77a794cb92b29c64740d14d1e843bc9303344021df138a55337d73431af,True
807,L12,3613493797137036465,840c9a2907b03c0b8b8e42417cd96081927d311d4bd07ddfe014cff9f08c8fad,True
807,L21,4617098839470074706,388a00680222c8090d8f20891ff4791acc5a99b6a323919f4144ec7301d45a71,True
807,L13,4930746093294916108,59ed923281a9fabf86b5b2ddc2dde924c57ca9dee82d77a231891b60723a61d3,True
807,L31,4361134506707679863,53b12482a208153159dc5c45c2baf2fc768ec1a680f6ceba1fcf9a6d659a8cd4,True
807,L23,16606665512184626739,3cdd65921503d0adcf39c408d9c99138d51990277fc655f5abcce433645375eb,True
807,L32,2922420817701217098,207e5a64af5314d8fa37866f047aa1eb78fc36ae7c3cbb1cea7fea2c80729fe3,True
808,L12,5977825502245542663,58f3dca6b99aa829c7065763b47a6dd8f013c1e6946c19799fff19997666742c,True
808,L21,16682322475668275074,fac3bd949a5f947e263f1b2983481edc57fcd5e020b7838cb5766a31d52b4d09,True
808,L13,1336099292479849713,b0fd64514d021cbae36cdccdce45ac993ec51ce751edb2623ac799f5efe57e55,True
808,L31,3741313521776301364,6cdd62048334f32c475140643439e60c29903c0fb6b33291a9d844f0eb849065,True
808,L23,463357454985056034,54153232c70c764650e62aa50ee0ffa6447205dc26512727e2c91ff4e6195e09,True
808,L32,1248617829847674841,651f97b9f904237d452d798e7356f81232d03920959b815e0aefdbd29c647860,True
809,L12,3976942556992923901,11d13055a87f3886665c36da6f57417d9e76ecee155915994ebe1e119d624fcf,True
809,L21,5647538030038724206,780dc7714949c16ebb843337b8e3e9a373b461c99c05a65f6d621a55d443760f,True
809,L13,15127592641066690838,56d5efb86fc6e7dd1832dda797ea6dfe53ff70479eb6eaca8f39cd7366355a50,True
809,L31,9471205199875806373,efa3f9487a642cdccdfb12774458e8da3a2d5f61b6ac4ec278250abbe6bc5f70,True
809,L23,4983910247782368808,d38ff8dc996088a4d42965fc17e9d3fa5c70bbd211c9b15713cbb9e56b4fb4bd,True
809,L32,12742394205875073178,3e6ae78f8ba676c72249cdabdf0ffb6e3b934f17fff4e5c5552b5b1a9a7fd73c,True
810,L12,1549988583362189883,e8c98ddcba1db6518011de93e1179345ccaa62d4ae009273d314548d0b252b5c,True
810,L21,15908069025813755592,78ffe4ac728d5a30b646dda521acfc5772a03b03ff6bc7d86094f38efc5e6d48,True
810,L13,9563845770154025498,7dee757ff28413139ea55d87a510aa8cb36e8fb583bc91fa9abcc842174ada5a,True
810,L31,8359675413655402092,d5b3edee82e0fde02c81a05aa173c1a226de60411269233ed8eec6b8db34ab4e,True
810,L23,16827626018664259620,52a4d1644da78e90d24d2c6ad9e868e890450fe74a54889021e096afe60210d4,True
810,L32,1805099919780903478,10aad0158418419e2adc7b2e4f4c936f17fb1e2c48362d0a5f99aa90733bf946,True
811,L12,11104301950155627602,255fa5279ff931daa796cb045ec4b10e591f3ca8b5c9aaab5448c93e70d3c7b4,True
811,L21,13367630251498151335,11e27a3176665c90d9d11f0eaf2cb4cb5d84741605988282251d6925e89b6eaf,True
811,L13,7655771090874106010,9e423361f34e56f0117fd557c78141b1dabadaaa468edfc749d40f86e9f666ba,True
811,L31,8290135619588931461,568ad3f9208512e510862d63c7d73625d8bf366fce0a984bc54f353cb537a4b3,True
811,L23,15472670476884325248,ad2d82e2e211901dbff74db92e4aafb87e2e5b31c4c6b75e7ab81e822ed101c6,True
811,L32,9805911257309753073,322dfb270953d1598943e4c17a837a8e73b04a5be64f7c315491292689cc37e3,True
812,L12,16332065157153940902,56410b3c082fa2a9c6c117fd8d8d1b6907bb1817f0df43fd82375344b408e2c3,True
812,L21,7168575680631310529,391cdb28bfb6a9fc018a06d7c482660ba7da55ec96110713c8743bcbb74a78e4,True
812,L13,17268744653266886185,abbbbc1aba35deec028e050f6cd5b66c14acde9c3b7ec8a91bd7b2f5f008a04d,True
812,L31,833414880932432772,49d4e1f911a2b4fd5803a8101a0ce13e90e0976c8626586409187d0d39cf73cd,True
812,L23,14799868880618447959,69920126d15d4375e3bb2d5bbc012c7caf2922ce18ecd5a2f6c30f5f3d34602e,True
812,L32,13462345995397014143,256c7e84e26b2818519f2272bd5093e4f9c1149ec124cbec40d7e606fed8fad9,True
813,L12,15919913902168774625,7cf9c15044a41569c2d932a8e2457e9e79639b645bb51b2e225d142d22705b10,True
813,L21,6670904726477178053,c02349cd3ab128b1f0a8819d217eb0757d89604de5f97878d5280fefa5d29279,True
813,L13,16278452491833213221,9b0a4488d2bfa277992bca40e415bd1b0793a93876696c2a72fa320ff7340985,True
813,L31,2378106196634872909,1376e2bd52bd75778eecef96177163a77223075d197ec4b3ca38bdd46f620b49,True
813,L23,15817941515986738336,4ddfc95fb18cf70eb54c2298acd23c47c9161b3c461c106bd5cbbcc5d3e446f3,True
813,L32,806448996650461333,78790a5cb33cffcc04dd31c6ff5903b075fa2e447a1a3961e2ce2cba980ed696,True
814,L12,3292667299087191604,28f739ad464a9a905da450fd8c7c54908ef1d1ca30612d631d2121ee289b1604,True
814,L21,5094563335634634381,8a05ea164fa36651850f0ecb2020b612dcdb57c0db3eba2595b0e7d072795bd9,True
814,L13,10934437365119871673,2bc985c1238ed35f76d1564a2ae770642c42117973a885218ff381954c40b6d6,True
814,L31,11627031482388613596,6df1dd923bf983395988c6123b7227ae7ed0eff3b9a2b46c1d711b74404a1085,True
814,L23,17545332611010879592,01d276607ae57602e566900eed7793b8c2bf7008927a6a471ee188df5ae257b7,True
814,L32,7090096947283926972,a1973a53915e70ee1160cf627847462be17b720d2bb5e420d791392639c243d6,True
815,L12,18292836613519267570,07cad035b4a4932f05d52791ce5a7d790082b99f69144401dfbf72077321d394,True
815,L21,2677915656118040192,c92de5bb952a3173a5367ca3186b0fe2e7ff345b880707a1db401af3f1ce4ea2,True
815,L13,3320514258632931857,d34586c0b81ecd81a42214040e1ec310c401881c8cac8f78b5b34cb7d9e09c5f,True
815,L31,17700344880710048935,3de7a6d9917d9011cc78d3f70dca6a0e8bc474bb3bb9d508971e7f6bb6860835,True
815,L23,18077529114529662549,0476c5cc68500c0ac1c787ba72bc9a60c39d4f10f90493cf240e6508da1afd83,True
815,L32,9387295416256933342,9468e635848ff639bfab39b9a9dfa3d6dc3ba32b94112043918305697055f61f,True
816,L12,2559046906753640159,b4a409384e13cb984a5404451ca1510897c12896ebda6fda823dc01a54136c3c,True
816,L21,2815713248947160459,e4fbaf415ba8321cc9d873357cd0478ec316cf21f62ee487f842ddc05f002251,True
816,L13,11939656429601410454,a8d5d44b109ad2214ca038cf631ec43a79754c8704ca1a477968d5ac45bc9736,True
816,L31,13389497431169139552,c916e1d88a7d20e2dedb2ec175c701a905b47ce0cf5bedef65e48ce4b8521c27,True
816,L23,9597781940189397240,ca517c8b58d0e82402b3a75024e763fa476cfe4b9052829100572cd33cd80422,True
816,L32,4836946105392942422,1de0514c63dae91d013ec0e039f997f91fa61a6198d1eb09417a8ae1ffbf8483,True
817,L12,15671739900297351795,5ded9e4afd31191bbf1b6ca1e7558efc9eac77db3fc9af358ed5c3284af9e7f6,True
817,L21,2786648715241586407,70b006ceda89ffe55b98887330f682ad7e0d0dfca560b75849417e836c75aa14,True
817,L13,6662418394079225158,5134e69d8dd6dd50350d7f590c43015cf3ba0d8568016be6f0b658250fe12b37,True
817,L31,6429293426776416289,24f3c5afb17d36cae1b0afe8ab1743b495c3e333c9d7666cae93138de8ca69d7,True
817,L23,9239791314800394171,9397e7b00373c636f669ebab63e35808909a65d5a66b97a6bbba0f47f6d4fe48,True
817,L32,14316064045939861185,09757760227bc5bea4221676c8c800deb53c8a3eed281af20c238e1c1bf23f5e,True
818,L12,6585110891383917986,0cc413322ed8df281160f13d52375c6d0d9c3cf49776c48739d67e18d91298d1,True
818,L21,13613384977758765001,41d04e45bee6e40e9fab1bda93958de87d628de24a1ee50e7d2432fcade614a0,True
818,L13,5950478623137930444,0cb49c798e2ddf5745525e2e565810d1203cc5a238453c2fe79d7b709125512a,True
818,L31,9220916861322662588,22999a286d6cb2ae51f168ef3cbd5855130d61ce77b2c81e17a0d6299dc02b16,True
818,L23,705614403798314113,6c7abf099bf325ce58d5aae3ca8d646a46e7fcebb37992217a234bdcdb2ca239,True
818,L32,7059818060503225648,ec8a86fb473169ddd879f64ad38727afe99686ef921ea24c3066ece451a35b88,True
819,L12,8772785623676392809,d228774370b1731cc50d0d8f14a7e957c952579cb6dd54c5cb27e776010577cf,True
819,L21,2839689345742441519,cc9e3e0ac6648b4348e02323437154534f8f29cedead3296cdaa2f86d85b140b,True
819,L13,7524186500002751196,a3a5562b4a3f6b7c97894574eec3a5544c767e35a38548ff84abc1b9a0764d70,True
819,L31,2763563247366774117,62afa0bb7d798e7b6a24311f30978d792a6c30940a2d427062a5b556f1690756,True
819,L23,13876505905168701747,ffefdc3b123773a83ba3792043e671cc75e951b4cc1bd07478831eeebfd3739f,True
819,L32,13401985218735721967,7b5d9b8f9e873e1360af0331c5d3cf27f6a5d55b75d08ebc939da2fc8fba9291,True
820,L12,13183393349702165848,13e673527daa6b5ad08e9ee678eb14db0887cd46a68cd83628b4737a1d78fb84,True
820,L21,10187440916751865760,f98e3819b0314ccd0c0a9bd8223d9af99d39a7ed2b674f40e24961d98975ea39,True
820,L13,15588569644238570594,31ba11f06de8b2e272910566610ef0b8428f40fc5cdff93e0a54cd6cb4bda558,True
820,L31,15255638032354451180,1d05f62d3c53c628c269ab415ef398cd395e45a468eea0af36d25327920d0cf4,True
820,L23,1512659752143816235,29167fec6047312730986667744c9db648a0ffab047c0d8c542e74de03844093,True
820,L32,9106177372000406737,fad0f26221dc629052f3d46f0a060b7ba7c67b8b5af3cb50529550232a8c33c0,True
821,L12,12854820295326300158,45b061cb3485a160d80edc1fc10a87f253edcbe2dccdb41d246f4cf6f0cb297d,True
821,L21,3373082702033933561,fe45386cac4fdb5850cd74005d5a8186337d75ad0f771da2adadbd14d10c710c,True
821,L13,10458388243291703944,092cc9cf33b5450f8b88efe79fbc516a822e7cf104c3e5256bf0ae6bfc977836,True
821,L31,12989777148158906059,271c975b327283f0b7d4c51583c3fcc1f364e43e7d63595c80e96206f0dc8ebe,True
821,L23,5986966300555652255,76347e51d5618b3e41cd1a87e60748f22ebdaa3e1184b7569b0fddc8b01e6f09,True
821,L32,2487823099315761082,39d8116e72551cf2a7a216fef804bd832a29d29649c8f632fca1ef5f87e520df,True
822,L12,7398980408726064434,f1d6a9c6c5748c9e3bf0014668f3d44760fa1b887bd54ab3714b5c1435fbc2c1,True
822,L21,3336224383126552725,09b167275691e4fdae01e988e47122cdcadf9e77a9a6dca7e6f5974f7f8e4d74,True
822,L13,9244727662121886915,150dc99ffa58a2fc4a63bac5c21ba14cf7fec75b539121d1a392ee1e91097f62,True
822,L31,9377122526307954572,50eac1a5e9a1e3af32d96d42cec47355cdbbc18772d43fc2bf8c73d983df1015,True
822,L23,13823435584626980154,93502b1dc5d2d834d50c8ec3caeb68550a0b01ad73bb8e771f331cee8c3d9111,True
822,L32,14202470720409156858,ab0c422562114304bfcb6623ce1c8585643bf42d364288bcaa078308b7f8c9de,True
823,L12,8801666300722571722,8a666f922631cf40401b701ba29617298ced8f2c3d9ab94c1f58f8667fa0b5f8,True
823,L21,13950040015908593141,71e91b21f1915ecaadbb7c331d0e66a71432234ce93d6f525e6072fe859d1601,True
823,L13,17559289229517116812,9131daa399a05cff368c13cff2c1b1d5f068f8a942a393c25bd040c68e8e5b4a,True
823,L31,1622819552300281985,08b08a3eebe8838111a72e7bfa2d589b79e1a900fa4c4008123cc835338bd3f7,True
823,L23,3061849607136648946,4952ce6a5a0ebc10e46e188340218d719d31499785c5ab0d87487a7dccaafb9a,True
823,L32,4287307750513745220,75f0767baf223d5243ac60627c2e0e80a00f7c565b0cb403aad9c5bd03c5e7af,True
824,L12,11092403664175175980,46c027af57c04449e2ae8e5028d670a66758e3182f67120f47bf46afe4d14e85,True
824,L21,13102249162070333473,dbdebbf7efda9fc00aa86dd0d4630b1c2f4a72312bbd5f61d4130c71a5065371,True
824,L13,13085888424274816341,abc6b49536eef9248999fc400962c5b5330363eb9528184aee3335b50a56da6a,True
824,L31,7848999695482128024,804bbfa59d3db174831fe1c3f06e9998954b87bbb75ab8a67d20e23f19f530b8,True
824,L23,6598075938597078656,1d8b5971420522b2f0e4568f62e1ef9535f0472bed48825a8d2381b54e8950e5,True
824,L32,15771011865578727507,42e9ebfb773e13fbf9799644a1130cf844c50dd4caa81104f1364b999c1fa37d,True
825,L12,13166572483665764094,2bfc552d03d2df98c07d2aea0e17f6bccab9f778be88eeb97795cf05e21feb11,True
825,L21,17103735036286201727,2326224533156cac2b820976c9f8e57ab9540f599f69401641f724349534edef,True
825,L13,1888860365728419529,883d56da3190bfa921a17f0aff59f353c87adf502dcd45e1c79e2204a60f1a3e,True
825,L31,2437476331403074089,f855d054ea257d36df5073ffc7b4eca51c8954588a5e2eba97f55857f24d6708,True
825,L23,10903510974002888771,382d1a483dde67212d03103d287ef2b772ea4a36197e3b7d95e512da06455a83,True
825,L32,6861164480111203578,e056cfcc685f054ca865edc8584e3de04b2d8df060528d1ce04fde7539f0743c,True
826,L12,10311683868772254087,109adbf05a66b6eb74cd32bc78fcaa2e52f5e4d1f6ef6eae486b077733f96492,True
826,L21,9223162450970481584,98863e4a98bd2e619489323b4b82c4d2ad55e8af81608d2b2c5aea5371634e5f,True
826,L13,11838555162441171115,b88b10784566708dec4a745a5c6eb3bd855eb03645deb30526861be95320a7b7,True
826,L31,8880118073074165177,7d78f5db23805043298c4c3c9f31d193280d3959c2c193a8d8388038d934fc2d,True
826,L23,3515552126462187304,e3b83b85f6a072409edc52998d72fe35f6753ef96c5e1f158c330672fb33dfc4,True
826,L32,14803759030709039312,cd9843e65a5b6fdf5b1124ccdff7e24c6521b952bbc18365812f6d4b4b637a13,True
827,L12,13772071922665737481,e0a9c9b6b99f0d0ecec4801e303598151695af13603c48539610f4d1e4c9e43c,True
827,L21,65463263058964614,8ccf6136dd5711514938faaa1ad114456ac22d6fdbe4e8922c9fcedd3565cd12,True
827,L13,15666295772688821758,a95a1fae23f899ad377213de8171a7025f2ab3723bcd2ebc49d2a10976ef56af,True
827,L31,13045106790455616701,66c8b5543fba2aa742ade9937f3c855eb80c8952cb6c0adf71e521070ce32f32,True
827,L23,11487233977787945927,aba458d37b936d0d94b8aa2350ff2076f317285f4b476a19884c76eff23f0f07,True
827,L32,2145587168059053644,6addae250614011728cf3ea3f6a723cdeb4c15585cce420fbbedfa553621eb4d,True
828,L12,1812414363407358681,368dc8745a6f89e779ffe5cbc470d00de6e665394c33edfc5379c29845b2fede,True
828,L21,7134129253984233514,cea42d7804418431aeba31475de0f58939cdf2ecd8c1a6f8d39959a4eb34be7a,True
828,L13,18232631849799979411,fa1b9eb5ecc66da99cfa33f344e689ebaf89780505d8df3f784ee3f31e5494ba,True
828,L31,3871187593995664086,8cf95e742ab758f06ee36f4ed1a32b7c487bf95e50ef243a79e4b256cc3b53ee,True
828,L23,7865815959911916604,c2f495618d12e379a7871ccdee563cebf89fda6f0570144c6e38b560807d42ed,True
828,L32,8966692945554520819,2faa951a7c5bbafa5944b5293b270a7db257fb0ad368c84d1432d218cd339f95,True
829,L12,18437692458824181639,6500f3577d0d3fa86e14d8b3df2b6fe9083dc0435b407cd84c732818351961eb,True
829,L21,624158011519803964,9989fa26294d43caf518f0146599d4406da54bd83d6ca2843e966f483063e531,True
829,L13,2351985372899074473,537494614963adfb554cc6e5f53959c6825d1f2fa1d71bb1aaad5b79e69bd592,True
829,L31,628025927503593740,f4ce43a4cc26a1c550372f22305bb072f3800c9d62c56ced4dbb4ed2eb8dd6d7,True
829,L23,16315177143180325659,c5cfb47320f54735b66d89edc3198e323dd95f4e3754f6f648c963612295b1c6,True
829,L32,10333701638998640075,f7332a0d73ce934e8f9814aaaff17abbc11d92202058c3189a1e434736a83a34,True
830,L12,15216913960427125526,f5d6cf4d652280714c68199e7c7b2fc943fb51ac7d9c1a2d80665dfb2031fff1,True
830,L21,8673853386794213221,871210aa86ea4d720c6b618dd821cc6e4231526ea591699f3bc8bb845bfc10db,True
830,L13,12808027830687194786,a4a1487ac24b7a88f93f7664ffbca44393b1cc099e9cb49dc6d43eb2b0ba44de,True
830,L31,3226617666149607896,10a08ea0f5734e42be21f85294ffeb0ec5e0e274217c37b72fb49668e16d0291,True
830,L23,13468016294359743314,5e6d0e144de463a5865b8e018fee8b1a9b5dc16dd9f66924a849c8f4e06b3851,True
830,L32,15860761354033306575,05bf97cc0c4a9032a6912d12d5a8b0cf7d5d9ad03e2b7bddd585d5505eca29f5,True
831,L12,10712198563220545157,ed9ce446ca9f2030ce8f6b980d7e698de638ab30ede80d0809e9810996362f02,True
831,L21,7201218435375584378,84ad5137799d0a4f60d60783ea531f13af054be9551d3fe49ca9410c1fe0bb4d,True
831,L13,13742249163694568250,8dd4eb0362ff526e14bdaeaa3f3fb018085e0836e597a586f15c2f47857e5690,True
831,L31,408645623797652791,64dbf11d837606f9f4fe25071031ef547460eb4fcdce0e3d7181d73afd00390e,True
831,L23,892460956374964373,39584d298a7a2c50f1e351f64c21c417974c325168b5d2b0184caf66be36c8a7,True
831,L32,4175772992562345518,e721f2292ffde09664971976e801c0b038d3e92e98a78069bc84205564739e6d,True
832,L12,10104654173952001500,9282e85d7e3eb3ce2c8062b72e7c714c6d4dd513e2ed385f351d93f966c49a47,True
832,L21,16550963756313308195,d5745481300095c052911649552316dee742945e281ccbc4b374bea5681bf8ca,True
832,L13,9885785885047763492,8d68ee004e5009f9ab72b0d40628d139d040e2b8cb1241917f5885e10631d78d,True
832,L31,3081846369156309557,b50049d7ecc51d5a1fc681c3fd93e1d6de97f847c4da22899a379bd062d909e3,True
832,L23,2656495717721750014,deff83da082a9d97b832da9382181a4f08d53860a01a9981813b353502d7cf19,True
832,L32,9796342884668160029,2a22b6d339bdfdd81220051347a4b93f832524be787d846f9581fec11eef668e,True
833,L12,6372181937202151156,444e91ea723aae6779fdc20e1693ca99a0e7871b58b83a850d4561bbb7ea5c3a,True
833,L21,9233434285247134564,9bf1e0be961d0eafa9ec125995043aceecf705ab873cadb45f6bcc67e0c7e47b,True
833,L13,16577342698988600507,611322a6e32fe4f26d7eed2de07ec183547f36733f656b05a6b31116321914ab,True
833,L31,7584728252872858340,778ff8f582a506965ba30457dc447effe07d2d22b9775fe080cb52d719ae9853,True
833,L23,11988433871862328230,076adc87681ce555fa8c4f6701136bad05ca16476e18c010223ad67c7919f664,True
833,L32,261724868892747253,8edadd9725e32ced71c8943734ec00e6c97725c52ccf05da0fd2bc576c3e95fe,True
834,L12,7352906853702770890,b905c13c42184f8a2169934fbb3862d005e79a093fbeea78030233a5ba4ea356,True
834,L21,13109347712293022261,28735ae0b2442566a677117b37e066e0f8a76d926a5abf7baf744b03c32d13d7,True
834,L13,1132351643640849430,4a56b935d46e5df2e0f8b1dba17c4d793dd17c07b84b1c0787fbdf7d744e28d4,True
834,L31,3556529365511253131,dfe0e75787223a1d4e011c921c05491c3ff402611d2b2331b652bdba9cd54b65,True
834,L23,3572412825485188485,40240e5f820c4c0512ade1f76d39edb89698fb72c701077c4e731c915d8868d9,True
834,L32,13833925079948479175,154e9012f7615c3f6f0299748d0ee3f9fe371ce7dc42defdd5b0ac8503b66f2e,True
835,L12,4255002839941403287,6155164d17940fa9d6e4f995b7fa90e48fdeb7180c83cc1eba6c2641534bf664,True
835,L21,17724252380260182797,265a0044c594b03ee1ca47717b576434614aff0156a7187eb5b734292df54e6c,True
835,L13,12525074695984758089,23775b55940f3245fbfae53ffacf6549a70eaf73e4d2262375c17e9b37371b7e,True
835,L31,69477785371972493,2ad7604f982621ef3fa89bc2190bc538ed2fb475af76024098aae553a7a65834,True
835,L23,11201899092657801041,3d9d853f1ee9f5d5383afff678fd015f1a6470c248cf74153f70b7022563db38,True
835,L32,6380211570651104309,33d440be6af0a00574923b4709155fae69f9ed9882a66288a6a384abd8532d47,True
836,L12,6339083293897387721,004d6514714ffa92f7522f260e5ffff7e711b8f63467dda7e55840bdaf6699d3,True
836,L21,8742525406618442201,0232aa32502dc87da59f6509ca156c7e2b4278a1be7bd859d898f38f718ddfb1,True
836,L13,14465750934642955196,57109148dcf75bda910f2f7665e7cfaa7c55a33fa351fd04cb5d90a61a88244a,True
836,L31,5895329077653534051,ab6e76471e91b94154deca9af973258b95bc3cbb100142120c65f5185f0f366a,True
836,L23,13343948381379171886,a2354bc6e795f1fb52b8380b668f98871635dc489511294f7176979c67100b62,True
836,L32,6517002373098060464,07f851ef252e3c50401e5eedf6caf57d44294c9e82fa0ce26cf3fc4b38bc6242,True
837,L12,8156883081951898796,30f7909c3d203792b39dd44c7b135704be982b8e195c37af354f61f5ef0a3d86,True
837,L21,8764169335186308520,7cee0bc9f825cb0194eb4cd022d8e6fc479c758f62e292725efad1376a4430f7,True
837,L13,5143574874164757470,a487f9b4ab70df9cca8ef2e02954adc7d705ea31ba8afc519f7788e995982e4b,True
837,L31,4190898722972044389,a8c64cea9b5ee4fc0a53824af62585ef0c1bb1d8aa44b74eec345a4ce48e8f7f,True
837,L23,8568925504553040546,0cdef6ad0e2c14f1b0487ae28b3458923cb0e49309d6600fd77e521e2642e03b,True
837,L32,6203398223404856219,d0d3ecd3dd9396efd03451b380e4415a3b1b49c8f18a544c76582e8f03ac29dd,True
838,L12,2669776889544182109,bd813fabbe7675596b19ae12ddecc49f955d27ebc788057eb469e74a554b5cf0,True
838,L21,15671762321811201344,74a04c7093c267f35269cb6f96246dd75b18976e01ffb3da82d31b7b53ddf020,True
838,L13,17158146564001711167,1b05e1ee21dc31b1bd9c8c72566c5566db140e1b239235d6b42943acce90e948,True
838,L31,8712032467458975442,58be2a1a7350b37433e38d6b97f6f151a34c3bd034cfb2006e77881111c87f60,True
838,L23,8229213770539252657,2fe0cdc6249e0a684ee3304eab5bd3468b498aa50124d04dd837960a381ad96f,True
838,L32,12244620234781674238,f9607d1546bf56f9b42029e737efe9319e52a91c31fdcfe04dea26251a62af04,True
839,L12,16237605244977976327,17cf35e25592bcc4e7a50084d9a6952aa9ac7af52ade352d7e470a2dd4eb925f,True
839,L21,16888653984316577176,e17d028720629cdcd2780fbd801fe72ec6cd9069003cea6c7b1235efce20ef50,True
839,L13,16403270077480462414,47ab58b3089466fc9f829677323aa30954ccbec379ef7d546e6092aafcc9cdd2,True
839,L31,1099105296493728718,09f940db41016457a36903e1af1fcfabe111beb0a06641de7e736273d5774573,True
839,L23,14717018566945544415,fa6308caf427e89dd60881a05845b903759d2db14c519b4d17232edef5637d95,True
839,L32,2533685082493922153,c476fcf69b6344d99d03361bc68b43be0bcf61692b491b71efd0d15f540ce0bb,True
840,L12,12728971102414108418,78dd9c322d7889ce8c1390b443899cf9dcf0bcf0a36d197f68f437f8040ced78,True
840,L21,10792502849758984122,c7f0b32a554abbf00530dce2d425614beaacc83a675eb2896c3f954535b96ed8,True
840,L13,11407160007584963494,f046821fa895089ac761ee3902938f3cf9c858c0c12d00829376a9df0e644a94,True
840,L31,92098528349627506,b81a5ba97a2021ff915f8702b7359258967771e57161b63d9dfd4fbfa1ed0216,True
840,L23,8181802582817957603,563b06e7ffba1f89dd25ab30ef3c5dbfbbf866145927f20ff5dcc620bda6edc9,True
840,L32,10340201851313568853,dc65e3b37079480e57696b435f345c6fa0b829ef6e7cd650edb9947c4c2e043e,True
841,L12,6521991416724339297,93870d1905950e372057fec12f308f26e004c72ff86b41ddd6e493fb2b28a0b2,True
841,L21,5844606319840015081,b9991323f5c540f169a2277b327e26dd0a798af2ab2f1915c8d7a6a70c94d150,True
841,L13,8440343801864805339,5cbacc8160500791ecbbb3dcce8cba725ba9f933396f9d9cce7c6371ce20cca3,True
841,L31,7375364597389659124,59c4b69a6dc92ed70bf83dedc9990eaaed6595808d6cf72ff2443ca9d38ba3dd,True
841,L23,9801050677816404227,4933b208a3229d8df6a6eb0932a6152c01a998c2a22e802e382f216250702bee,True
841,L32,10476980891349741950,c0fc7c1de0f287445468c2b4b6e3b77463738c0c9db3f57909ba8bf591aa8ad0,True
842,L12,4903032567686841919,9470ee0eb15de6c14b8fa7db0c698c92fc7f505509167d3d45b578bf3d22a4e9,True
842,L21,138303068302831560,3b75688ce284fb95561e77406abf101572726604f0cb9f5e9454c37312e9be20,True
842,L13,6547616441811709565,90f349539818b97744cb40725dd277306c90363f940d6acfdbc1da8acf2d6863,True
842,L31,9442883236222536232,e48e737f6883719d7550f873157bc85d162682a0f8e1ce677f94709833b0cf55,True
842,L23,9698140525604580054,719e07ec69e9d2dd9c358e3206af2595b860a6923b6c8b1b7e4dbf0def5cd568,True
842,L32,382721112729778754,825d6fba788c9965463d96e09a2645089e15eb1cc7f005c41c2c532aaf6c925c,True
843,L12,16959673272398533940,470088b913859e0705193060780cf99cd3d866213d875843f4d407720014dfa4,True
843,L21,2554981674320600131,4d88be95109bf6ef9b60fa5c67d3f8ef2e5362bf197d7780ff31c32bff737060,True
843,L13,13680662979628640970,8bd947213bbec320e59a3ec06e3fc2b4e137f933f145004317325e3d84efc1a2,True
843,L31,3497822726648905611,6ff6bec90f7bdb31bc4c9624ce1abcde39d94b51f4076c41e6da61ff879e97f5,True
843,L23,14334828427201450207,66ed91be71a6865d49dfb7e6f8f1ff1eb789c5ed52ce69ec7adb6348f6370075,True
843,L32,11658277215112332369,d63d956e8b5dc59ef85d29651bbb3b2ccec71d9f8221aac2d37355622479e329,True
844,L12,1401906017330315149,5db4bed9a887d2d3dc19de14636b1d495a152913ad459a774a5e471d929c692b,True
844,L21,3014547908575967033,9b43e6a24798c0c9f9ccd5f7f88d39f719595832d17149faf72d9b5fab55ccf9,True
844,L13,15742478659439827968,457c54baefe913acbdc796fa0e3b5e436ada57330aa685cca67b15755d727d9a,True
844,L31,4030923656489215156,3d5a7784f5f3b223a8f7a8b69d11a7d9c7694ed02249b9ce4118d6b6ae7978c9,True
844,L23,1470881589043093721,dc48dc213c7a440d92e17879aaac5d252fbc2ec6d427b16c1993dfc2bce2e71d,True
844,L32,13288226947842458529,3396e2c553dd1dfb67eff7f40694bd5197e2bcd459bc76b812e57df152b2353f,True
845,L12,10656847217269434233,dc2cad6743cb6a9006bc50433945b4a50d41b70a5c63e6b623ed790a332f8245,True
845,L21,15934601124598072815,ccb251786adf2dcb7ba946e07e67ee3b68884842de8eba7bda156adb5cfd8439,True
845,L13,858321539897425404,013ccaac1ba7814aeeee39f023c942ea4eb5b3bc0ccf9982721cc005928d1bda,True
845,L31,10867824927115928777,a10293d5408d5af5d5dad7a59e5bd09433e49d5b5087ab25090fcccfce899bf3,True
845,L23,3562097226913987833,d98e5510c2f1ccb82f2d7493cd89078b8341feb76d5c3b2e9c119a2c11bc1a73,True
845,L32,2575758327680867487,c1a38ce1476d1e79ba4ed33ec5b070f689d2d56068f56f1502a1ed8e92e27ae3,True
846,L12,6578004531371281431,d63efe7748efa54010758996aee386acc2933e99597aa56a0e2c7794ca29a1f8,True
846,L21,9506086061144640461,b2691c4f641fe24b4cc6dde3b03925010c01dc3ae66b227ed649ff54e1bc4330,True
846,L13,4872009987957433638,9a0ef9b6b6602dcbee9af91796406e268240813684307eb5808784a3d6475d8d,True
846,L31,11727629262975592684,4dd64779f9e57a4359a2b3c8df51cbca8a9f5e99c72edcc3ed0eea45abeed27b,True
846,L23,6863811474869564320,ddb4557c139989438a67efb2cdbe9adf4f2004df824a0bae37e73abcc467b7df,True
846,L32,3525425435146293481,0abfd65a7cbf14bd5bb602102c71f1cf6e9ca381d49f68e0f7a76f75cf691367,True
847,L12,1568450427401947196,80524bb13984116165ae12db502be6a379a16d86f56ab0f54e9b21f2163a1a62,True
847,L21,1325139816181717520,ac59af293fba01040dfcdfcb4fba2fc4edd0a4702212e68e41b5a530e5a55534,True
847,L13,7209808721755406000,6fc3128f1dc31bdd399c946bb4ebb8108261271a3084539994048cd71efebf33,True
847,L31,7736867708741773350,e5d53b4ecdb92ccf76d35133414a77484ca07ab526101ae8862560c39a21cae9,True
847,L23,13059109959453790831,37a006a6368d56892768893aa23b1846ab88f86733bdc70f1e1d249a47afb876,True
847,L32,12065320061114610829,17bf0590770811d8dad7d6c85df892ae6dbefb7671ca957d0187d6b8c309977f,True
848,L12,13808389621008832622,9889728d8103503793915052e44f11b6bca839a48e153cd22738b99743d19d3c,True
848,L21,14516437481296971148,f578537eb2c28f8b91b1a8ff3dd9c0fa78d2e70d1ece3d12d6d59dc9f3e3d338,True
848,L13,11961194812349802030,3a7c97bf9d5a8405e4cc0eee91596b45d6097128bc7c6dbdc2d7e102f4ac9de8,True
848,L31,2055038724955911245,2eb6964775c324131069156aa441f5263487509206910a3b4537cc137d1b303d,True
848,L23,11859077426562414556,be775057b8dffd2aea4ff91e1e16fb9c1b13c0bc636bd00c242301f6f317ec68,True
848,L32,11069581757396923766,b3c1790e8f4785484d8f9795f431f98a4a4cc54d74e4d1356322d1a4b5951d98,True
849,L12,4905126110336990507,df53a4e9fb5a8f2dbd0ffc9e138af92fc34b678f48b70c3866d0e1d10d5b5641,True
849,L21,8105346133505265479,6c0dee2c2977c9ebac45f0b6fa26f084ffba16372b4a6975c70cd7b78de16af4,True
849,L13,10930593095760721464,4d5910b0170750bc81e2c6a43df25186ea06a89b3343eb5d8b5e2a7dcb9dd619,True
849,L31,18247371773936948765,c2def24439c657434f512775fe0b958466b2374e9e1875f80a70b541a0fc6bb8,True
849,L23,9983137497751037607,0e59b685a2dc320e1cfa603e93d805f9f7245a71624081b3167ebe874569a1fd,True
849,L32,17563938712737746832,3906577a7248172f58486f5af38ce0f412e32ac96aab405a0e44b701c577caca,True
850,L12,3713815791252616087,a494d7fe35d39fcdcec052d7bda1ba6c9d4b89be5ed79f0556bcb1ed6ec2bdd3,True
850,L21,16607084099471955024,d4d01b2269bf99421340308a273192fe4f248979f567a66ac12c7ec0f6ef7b65,True
850,L13,2118828829119406240,9a472e157b12c07ecc5e3bf783e22c89350cf9effa01a9b0d0d88ed419aebbfc,True
850,L31,11356017925997083738,35643b2d553ed373465f1140a5282ea34a79b3faf301570ff3e1807872c047df,True
850,L23,16562745972412864063,dd5290c34d655863648f0e05b2b1eb10d676186a74df5a2c11451b7ec3583d39,True
850,L32,12043698719034616540,78cf2d134e94d08e1030929e260de15cde9e64504eae6230099a8da2721cc5b2,True
851,L12,1575032662068501243,d37cc631b232b385391fe13e92fbcf21a91904781f36043b5b6d5b5c79be6d72,True
851,L21,2411328188380048462,092cfe27f5d6e1bbf32369d565e37cbe743954c4a0564691648dc79f1340a330,True
851,L13,18249512254310489769,c01d0e11a9ec8142f476ef4d380dd8755a906594accdf40084ba2fdcc13d8b87,True
851,L31,18172335942406674918,4fad6f62fa652a97da391726d65369e08de94b3b07ae3e395c0730352da535f6,True
851,L23,17643277424683927944,ec9ffd6c1cab58d5ce4570f73378a20c875bdea6bb0e3bdfa301afc50288f8d4,True
851,L32,18385535940930889044,f8d67ae402ecf75a8eb2794a20b9572044f0c35529255f62751d76e2d23bc417,True
852,L12,6161691307511804375,b7beb8b002e7bce72250340d4959ff70801b83d6a7ce57babfcc86af807ef496,True
852,L21,16893445190931121059,336fcac645000452b34413be47482d67b4ff0f3850cb2d66dc30222559a4324e,True
852,L13,7557875679885008372,43edb4ff1fd46c8149bb5cc66b308c917f283261fc25adaa64af97e3fcc7e8a6,True
852,L31,4827833834060813548,7035ded0846482121f66ba8fc11a69b1035724d03b645103cd3803f63178fb47,True
852,L23,61433938343903748,f6e3400082a5be8c9d393eb8d95b1a5de05394c5c0b1e603b96fec9cf678d9b9,True
852,L32,14548378443211526832,751011e00b491ae6362c35cc15f825267d0d550cc136cf7c724ec0c0705d1de6,True
853,L12,2793235595355984836,7518144cd4f2e0589c9edb417c7b261740b895b102a8ca5f41167490113e07d5,True
853,L21,275425639701350978,9d72db57d8434c72220b69053e1f07b7ead2733d73fce6323c3cf4b7d4c3b230,True
853,L13,10222743054837510382,61f147102f8585a9dcdaab84155e68f53f311b9eedef94f9a6a857cc728e583a,True
853,L31,12733988159457152587,ac58cccca0696eacf5f777dec908a1aced84e1e61bdc6bd08201d4a6c22f27e9,True
853,L23,17141227144080736232,4bae0b2c1ba89a7007ff12f9cbc6bcca38fdeecde38f2da566a7b99ef6ecce5b,True
853,L32,11346957664778225224,e896b3097917f259c8ebb843dca63be49fe6041281fc88055932d1d0f0e6573f,True
854,L12,11954049722468947974,eb078d54a2380d2c0ef250694208de3420f41ede23df92dd48485419d3609108,True
854,L21,5629540536043451008,dee8a828e47f9adf7689695bb06dc63b4cb950db8c0b0775d9060d006d6237f6,True
854,L13,5860511218828438403,522501f15a65a0da961b4e0d5dce7c9644d2673d9ca07a0a8017389e556ea4e8,True
854,L31,4704632192927222503,680ea75dd3858ea804e43fb6878ae87116609b8ed713309ac2cdb570450ac11c,True
854,L23,490720560269045142,2cd1eeb5342cb9379993e5783ae457eb79cbb972988b4f10d5c5d2f875474620,True
854,L32,2592595669627829111,61164d079e66576d94fa979a11ccd9bb31ff79f2363a632bdfc931faac7ffb30,True
855,L12,16928668419487768742,f14af7ac5ab26cf76f3c69064b30aba52b2e5c536d87a55fd6dd01c40e3f4a2d,True
855,L21,7992275344730504261,841fc84386f1861101c32702572326db4ed714b361bf1c11c5c5652fde56d528,True
855,L13,17300568331210703027,d9ff8d460c1d7cea94359c89745cd1aa81473c42c5873d8509cc3cbb85cfc97b,True
855,L31,18179098566116746659,495a2c7d7721e4bf971c5dc4e95bcdefa6578f359580661a855ac71fcff0cce1,True
855,L23,8728565084122854690,608ca4cfcd3f060c8578d562b3b9c8ea467b0285fa8602fc240f52fda28da970,True
855,L32,2980963782902613970,22969078ff41f98d29b2ef984d9c98d621a61eb4b41eadacf8c3398cabffd899,True
856,L12,3459464422978236276,d63463b777323a80ca516fc44772195d18d0e53de79d7622bdddfcfd47c3d403,True
856,L21,13185566450612829466,948f5445fc9dc43ded04a32dab66cf0d1df6041a447dc59511b9c2305d9465e4,True
856,L13,13046941486179946534,6ec4e059c90d2097532e821522513d0df232ba1a7939feabdae9bc2f60d75075,True
856,L31,6839663267285822188,4d8636a1da90498946eefcff1d42df12ade567fc46bec51738e2ac20aec471d2,True
856,L23,8462479022221101095,d5ae5233ead360304ff2c958a8fa956a834aab6e80cca5838a3fbb28a8e91342,True
856,L32,14668994861589665642,3038c873574bdb5fbf1e10b57bbd11b05d3e9f04c819acd7e69960ec89006521,True
857,L12,14585083474024320784,7bdadd70d88c1476f5361255d16cd5aec08b7f32224ae18393200c0369984439,True
857,L21,10444530941745435622,610082312c9f35f1b5f0972f5e2a65b7ff9bddc8ede1d9d5825407f8e5c0e233,True
857,L13,16390608403073733115,fd8c622541f1ee618045efbc91c6155ed8807fac0de94a2790197f26fff37e1e,True
857,L31,1810398349474370236,b2a5a31692dfa9d73159000d2e7fbc48951e73eda0a502b3293613138e058e81,True
857,L23,3223261430305002045,74908af75db108514095b5f40ce9d2ffabc235ae90b03516724f674cda372b6e,True
857,L32,1775922575971016258,479c19756faa348e498fd2470501c1ed68d05405eaa0f9b583077c5987ad2425,True
858,L12,14649953191105254054,c1f170dcafe92bc31b831056566ba45555a7d878c1e6ec5418e3fd118a0b274b,True
858,L21,581273830056234315,c273d84a5c5574eec407ba26e2c5cd0df85cdafad395cbf22fa2487ca28c36e2,True
858,L13,11220645415914832828,c1fe66c1b4c5fee73404f08eef863c6fe8fc4189d3e913ae4c2014d71776bd6b,True
858,L31,4648713180589557367,a1fe99b206f5d0df83f3413ac5c5ead00e529f019e8575854ec10267c71caba3,True
858,L23,2981570277919795565,e1615c4b68219d50affdc7a7a6dadea6053430a35f5d5fa8ea1272d431e5ff48,True
858,L32,8785283540961605118,8c8868be2055bde3ec70bd83aea4cfc4c25368e78d48208f775b705b683eca2e,True
859,L12,7441547648950470834,6d8852ca97c982e8269c42f520bdfb6ed0151d8edc951bd08451aa59a7215b13,True
859,L21,16028458669115968441,9e05b731c5d0175082c3f3726b521ac24798d2fc6e5a2b51b79d73657b6f9c64,True
859,L13,16403050817247815990,95f810cb5532756e7adf5f5dca80c8260c032185f97892fbda78c64e85fc6116,True
859,L31,11676572340899019697,bfceec3438aadc9347a1ecbcc924f6b0fbe9bf2bc4d0c69588e70a8236581ee7,True
859,L23,5173770752090582716,90e2714b302dd201896084a43cb87ac39c05b11f96c66b556c5bd409b4593ee0,True
859,L32,9537801132459951804,4844a3e301205f7d1cc924cdcc1a5fdee02de386ebf13cbe2f209b1abe775b12,True
860,L12,18137128763114723273,e4ee9c887ba707a10524bc8357271d02af0195e70b66c0b0a2fd9c32eb9dc2e7,True
860,L21,5190926602912268536,807f74a34cbe3bc527710f42d3dec16ca6e5f7d678d9db75cdbfb3c4dfc20f28,True
860,L13,17731223005616184208,c1b9f6e261347470513e8f774f297618a54a5b9ef0671a80f574183a75576f0a,True
860,L31,11775026265911990867,173717ce78b90faf2ff87f1acfccfc02352f38b3733bf146e0fec648d9bdabaf,True
860,L23,1793239637370508551,48cf814a9f9e0e50369e2e05bc52073aaa319e9eb94884d42d471dffead71861,True
860,L32,17475475951798603401,b4f7f68aed809b6843faf0fb9c4ac933bfb37e48cc0a01b4b0308d547a80374c,True
861,L12,3937586170928976893,eeb11855d7f6cf0f13dcaa3702a83f02a1bef6468b8d4243df97ea58b1534dc4,True
861,L21,9633188427805799604,abde1cff0a9d4d7878ef7e630b95aa1bacadc56f75a8e45637a5d32d21fbb47d,True
861,L13,2022812929218342957,cded4aa108795709d2865efdebc5ed1fbac8924d113492014e747c9268ec6136,True
861,L31,5237566681848187067,b39f904474561ae3d9159759fc1ad33a2248c5144dae7038d1beaf74c607db3f,True
861,L23,4076175183326151245,ab256eb79deb224de5363fb160c892fa7d51a108015f44f1b5e95edd11cfc249,True
861,L32,12375681654431446133,78c24c9d2332ad900c8d96b24d3fe8b5d238a64d34485d910d4d23b2a0c5419a,True
862,L12,7415908885503896878,8f47bd78f168582386ba5c68af10df3f23122f58b06b415eddf2e8b1a755bf1c,True
862,L21,14234709004746835868,07b8d5003e07423ebf1c1578355de2d00b056d125aac092e078cc71704975459,True
862,L13,15298384862963288755,62de9f3ef41d94f65f32f7a8ca5b226410a5574c52fc37fb97e15c73c0c7937d,True
862,L31,3584712464327316288,303e867c30f33b647cd4981995a395a98d52bd65871da3be9691e76702fe8252,True
862,L23,12430681753438947432,5b548fb5eb3b1d1c4f7fd675d50cb3ece644b513770f899e225ded7aa4986e41,True
862,L32,393719102901740697,237848e4d30570a013258866bde3a5ebe424fefaa5439fbd0a6c5d183980f9cf,True
863,L12,341160592369094943,e512aa7411620125c95611d1ef2b5545ef7c11ff912f97b1136cf40ae5aae2a8,True
863,L21,27127109726595408,22f696abf69f8daab4479d3593d0ddb24714bcd752b8a897f0245838d849f310,True
863,L13,2688024755230466404,1be4f898e61b906224a887b4211e93d7c8beb0ba924d6da28ae7807b276a3170,True
863,L31,7444727499918217683,594458337234f239dde5b0162699d3bcf286d6e260151066e1acb4e9b90aaeef,True
863,L23,6252459053184584752,12a969016e1eb9cdf842436898ede650e02d1bc55df5baf8aa9f89d9ee94cc7a,True
863,L32,9827288779033722565,cc42d9b3dfccc80afd50f86c8aec9b54146b1679758ea37fb0ab93ed66674ee8,True
864,L12,9469698483255838235,ff0ebf145dace064d7db64d12b36c570823e7434b5ec0441d3eff40b6b758db7,True
864,L21,5809781961274506154,211fafd2e95284845c7857c94807a316e32a4c5e5cbaafed8ab9a06e97b1c806,True
864,L13,5174110076815495307,a3da289d18ce3a36ef0937a01da3b0ffb84630ce37bd9989dbe2a99865ac0b1a,True
864,L31,604042815667723670,7629381fa61e18797b2da5b6ecbc5c5459a519153b7185cb27492499dd16dd9f,True
864,L23,5878144693774867857,67599cce1540d0813c1d99937b3133e21036038cfceb2b6d906382699ce3c027,True
864,L32,11401174810874506161,040cc7f52f62dd2f6c57336ef3afd4055cc85cc944b9cc3846a8e8950e970acd,True
865,L12,2529099580713516367,c916e8c2714576603b9ecf53d034bd30842af29a3385f834d2babba9bebb23e1,True
865,L21,17373657031668034318,baef29d52ce6a0ab76e40db9d3c84e25a0d7581884ffba2d8b74b7466b70947f,True
865,L13,13627882982098160125,a277efbcfecc9d5e8a792d8e169ade649a87a9dda360000a4f9a7b892da28d40,True
865,L31,9450303239787118599,f3a949ad832efaec5f1fb0cc45dc6cf259f8d63d02d6192751fae8fbaafa12c1,True
865,L23,13570116788644088507,fe09589bc59f760d2f0f668fb58e25e72fdad8b88036f552aa50383595d5f7e8,True
865,L32,610102175764823629,be857ef96ddf547a058d5d22482f5ed3ad534b7606721068a6389e254c92442d,True
866,L12,5203955605113211639,329128153a39c339cad837a4302db4c35df9d53b711d5b3fc5da0f4b3166466e,True
866,L21,13739964724549270784,15d080dee803f4abef7d8839d06b887e87cdb27770a87e8432803915a079c494,True
866,L13,6653212620703278721,eef30b76b392092e7fa0f8f6c1cdd4159b6b092a5293777e8ca7848dd643bb43,True
866,L31,15082993352289035647,0a2fc00e46e9081669315fe4dd3f4ed2de3c6697f8910a5390074794ab143efa,True
866,L23,2106483723059438048,c2cb41167805e5cf0396df50818ca728a4a91600107408ef930df2353846ea83,True
866,L32,5049877906935630525,15409631b3e9ff39b2ce2122f216c595261ac42355c879aa64bc272a256c7e8e,True
867,L12,9686125574728524998,9dc3dc8d23d03bf55546213d39c4a0cf2c060e1f941a31337fb4b9068394f08a,True
867,L21,11919927737229053032,5d2840464c2319588f163396e0ac1e2597dd7ff966d0ab459511d74fd22c038c,True
867,L13,2643697377250225020,cc40d70c7e28bdd4ca68bcd88d85f4653dde1bbf5e653488be86a12c2ecf95c0,True
867,L31,1755503387990325228,9cdc22409a1ed0c872989154b82993fb3a61f8c045d7872775a04a35b2b537ce,True
867,L23,5022561176122140795,d61d440acbf50c420d03a3369cc36c4ba18e875de1941cc4e884278f230547cb,True
867,L32,17835924426296647752,cbbdc10d16e5b45c6914fe381c6e12df94c3694e1f6a33e1135786abe5f1df82,True
868,L12,10310850964530922986,41c57c156d551aa2b0bc0e73aec267f0229414e8cd5b6a2b46bb66191f22683d,True
868,L21,5267140743159119658,4de2acc452945c0ff57d314ef98c0a474b59fab75bf02b9246feaf70ae779c5a,True
868,L13,11456043590947693561,60c8d8e44743e6333f8e718e7d6072370bbf341d81dfdc03a0751f9a89a2f690,True
868,L31,651673268732740727,46bdca61610101efc6bf2a4f00f83ce5e8c0f763f8fb9d0961feb45b8a4cd3bd,True
868,L23,3157296691651534917,9a1538fa0403e3849e3937646e837b49a1fd78c9eabcbbfa96ccf3b584d92ae6,True
868,L32,11075193942293190143,ef87f0c91251129a0d8505188e6ae9c7a2147910781447816dbd3253ce95b699,True
869,L12,5718775403579452869,6d65be4b580137d2d97a81bb9739b7395eca53838a0c3aac2b58e5cf9229ab2a,True
869,L21,15784707672808769668,229d0bce284b6f6edb13bac23b097f20a75d8391cd961e81b5ce5d923282f5da,True
869,L13,16901418026377714390,84afc70da034929a9c1cc2a4a1139e5d4d7d7d8f67f02e46a525f1eaf9594215,True
869,L31,3337579191496585904,0376406684bee728c6ab3bf16fc075e7f667349d59e46d3c270ea0c17248002c,True
869,L23,13886098505988146483,8c4b1a0e863f0644f19237de8ce59df623f0ce66978f3b44e504aa9a9c418ebe,True
869,L32,6855732977063001276,3a62372d8703d4d30ba4887d04aed59b6a834b987fdb907543e9d6e2a3842000,True
870,L12,8302116593713507518,5d0af13bded3b2ad8763cb3b49d85e85ebf3409226494ef8f28a474580444e03,True
870,L21,10496633863930972986,74772b24dd0244075ac66a700f7cf96d78e97359fb92cddea2b0b2d746365edd,True
870,L13,2196340655283160390,93038fb1562ee0b21db1f49874d2c349b10600e7a43685adbd7b3a426f10379e,True
870,L31,7281917707477529184,02f7c2844d58f3e486b7f9214fc6f0b87fd7271353c0d81eb97829df1a0109cb,True
870,L23,5875460295569428333,926a0c6b5818302faeec554d665963628acc97ea7ce63ff6c68b5d9fd0d8c0fb,True
870,L32,5310859327012048229,141b54fb29d7a2c82b5fd7550f469a8ce54eb6877ac600caf4e4712c9824aae4,True
871,L12,15891544714878908222,df8ea922c43064c91a65b722fb7a601cddbc75e75a68cc8f64d7c854cd878041,True
871,L21,18382297120041554086,25262609cee50fabc04d80bb5659cfa10c8c7538514cd0afae00661f775bb631,True
871,L13,13758474200696082335,5d77b2838174bf19ff9bd80fdcece0055b9938c4422ad26d9601e3573e7aead7,True
871,L31,804032928698527564,cd89b038d123d0b19e22a11f258412cdeeb56661da3d7950eaacd2b6321cb32c,True
871,L23,3627787287974459716,a9f03c376bc903a295ca2613b7ca2b1d1e5348c5f5425fe11ac07cd5ae6a4911,True
871,L32,13433562141644877422,026c81227f550c0300ad15f9e9e05226f20aa5cb601e00b31fba923cb6226aa6,True
872,L12,1421494133200069666,9da1fd9e71126d8fa68e4beb44801b9978efa19905e5b940abce509034447f17,True
872,L21,6844948842841558338,6b2a44667af7f279577f02ea3593bf94195aacc21ae20cd6b012078b1201d5f8,True
872,L13,1297773558947094761,caffbc2cc5529e2360783f09a5b736be616383e74c538af2abb339d9e40b5386,True
872,L31,9152247451347566073,461efab05df8841ea0c594069e89297cb9cb67737c2bc8ace0921b6e8b104fdc,True
872,L23,14649513230635241762,b7ccaef0c15b0462811acc18d8254008282fb52d5bb208a70a2e1a0127798446,True
872,L32,13213077634245566422,e2c8212a913676f5cffcfcece7d853e7c7b9db498ed7bf985c047bc770cab10d,True
873,L12,1830273340333823269,5ea63654903197ddf7267012af2b220415877734ffd6ae55f339c411cf84cb11,True
873,L21,15362961216704922560,443b30364a40bf36a758ff365bece2bb5e776bbd64ecf0f15aa1fa9e94cb437f,True
873,L13,7423919268672707051,9a5d85740f0e3f6dad14879d6d2d1147c3a84d56d541a2b976b6e9271ab1a2ab,True
873,L31,14850481659937301958,6981940adb9591a1ca7574528dc59b10bc634b12c9d9e59306502ad4d8604240,True
873,L23,16179416193916304850,56149ed25e29b455ad2515634bb3a2a87751ebb99ddbd7a361fcac3abe31305b,True
873,L32,14475568362337382206,f405f901974f86623505c3bc8616f839d822caf5916b61f35bd1ef025f9968c3,True
874,L12,1690852081401713391,0a7272398529ac0f91025f45ac10fa46703461c6114ae9ab58a62251c4fea6ce,True
874,L21,10392567832981825417,46935767b8c3355688c7a6da69eebe6d9081d18167f6d964bb36cd5bd4928a07,True
874,L13,1686128812521303550,94c2c3210e16ba3a6f61123d833476d191e28306518ef70a0cd029674906df27,True
874,L31,10632102657506070980,71f88d5587cd0205e902d58972f8985ffd82516d1544ce115460fc922cf91217,True
874,L23,12782871388541276252,6f190a577d0fbccb05f80c46f988965d8d9f206c9f2b922413afa5b2330f9569,True
874,L32,4103478075033313016,9885167f99fcf13ed8431b1bed029c4392118f870585153cbcee3ea918beab12,True
875,L12,8139699784823999090,862d6c36e005d00cc2a283c4a2aaac99ebb76c00d9f97912f7ab93808c4c786d,True
875,L21,11198649119035463312,55c11812ce634a40b53e7c8fca764c3d1c1ecb93ab860cc9c76aef72b95cefc2,True
875,L13,5163011560354229882,01556a28dff2f3426c30959ab77d3891ac21b68e90059cc3d9114c8be8b514dd,True
875,L31,2158322131879531528,ceb83cab83f15b00a88a770bc468055da07cdbf5e7dde685c3e4b98f0c56450d,True
875,L23,9084622894152744090,bb08108b495980b0a5d6d0a4edff787fd111f4f08fabf9cbe06c77f5de919a94,True
875,L32,15875254033437996337,f4c6c84829cfa0d4f22e4d92598e8ff9c39024b362b322e463532d6d39d67a35,True
876,L12,6171616659404550493,465191ba061e5191e9dc5cf64d3915b4063f6dfa2a359da529066f0477945942,True
876,L21,6218347937095934452,f1de540deb7e657dc87737f2e81f43912de7279a04448b18cdbdb49416ebc2e2,True
876,L13,722393545145873816,c3edbfdcb6d4b74a6e97273ddde185cf004c874d0afb4e11d2b5361bdcd5d8de,True
876,L31,6503698615099205373,fc258c3a23877d23cc86b45e1d67bb4ab96d052dbe1f663d492983eb4bc2bef5,True
876,L23,1188887228212199591,4b5b3fefeb0f10ccb24a827e314a7836e4b567c0e3074de7b4fe022ef2718b24,True
876,L32,9890208215880008077,62e96acb4283bb666b19fd8a9d4af8b9cb116f24ae43c72de20f61b77bade12e,True
877,L12,3896363266403975327,e6dfe73a267dde4f9efbe3b59e5529cb97bfe013af094e01de8a4f320d1255e0,True
877,L21,5237107575848336924,1f2c1354c08c82a79fa9a3571a9c8126e27312839540f6a0b46107b5eb4a30d8,True
877,L13,12289379598662809855,fe7ac5198b808a1a55a4fc2b8af3415236b45af6451049fc465d03e64440daef,True
877,L31,7592282766949238963,373f6ee9a3444f93ae9bb09a47d721f0d14f52a40146ca7c037c84321700fbb5,True
877,L23,15732397573750100855,5fc1c513aa21d24cdb2a9a603e9f8aa4d970bab1148b969298bee98943d4f59f,True
877,L32,18024154304532743467,2c25e00ddd2c65498423e42f7b5ba7bb56226260373bed9330c6e1211f0d6c4e,True
878,L12,16553666833693776354,9bfbdecffa14c9da5cf1d1342f469e9ce344d950a123a3fda001353765287a37,True
878,L21,16141879876966474756,f7c34015ee74c4b45bd336a87248a14a29eb9eb14c6444211c7b37820ea8621a,True
878,L13,6198850435449439147,b00657ec7d359f07d85714eed5a0d597f5120c4a2e8a96e0e76dce6dfc09b2c3,True
878,L31,1613088716002885645,cbf0e482aff4258802bfdf1709a11badb0ce375bdfe20503a6c70725ee8ec106,True
878,L23,5300188234842128830,7d1b48e72644b62b4b11964468f7bb2a5027a53da9bf65f0184f0d2bf7e922c9,True
878,L32,7735220476710830240,cef1a6b111bc5d11730a3d3f1c87e19cfe706a3a3c04eedcc322a61c1fe2d1c2,True
879,L12,17107315069049382976,8cb40eb416b36823f58a69736cef105ac9668107cba7c5146c99d24a0d58875b,True
879,L21,14702546639365995646,51744d715c69302099bc6328c24893e5987fd13a08da895f3ce30920e86852e5,True
879,L13,14963807285678511364,07e0b814114c5fed35a1e489c3f9bbfef28d734c1eaf66e2dde5755d9e5f2668,True
879,L31,13484291055432171702,5f57cef9f5ec687fec47dd5a6a216963f85776af9f84d6c2d3ae7b0ff67c6b0e,True
879,L23,17692936755285273441,d153d1b6e53f4b2b5f7eedcfd5fc3d4a61e8dd2cc21985ef905ce58ad60d6c44,True
879,L32,15619384071157390054,6587298ef47f03ca3c81ba2b1b3f779c027dc6921fab91bc749da224ca84ba9b,True
880,L12,13282385036122105200,5cd059dfbe6998a729403c158db18868db2aa9118270606ac078cb98b983313b,True
880,L21,3235934763589874034,b5dd3ce7d1a014ddbcd9298bb5fa7489d72f73540d01bc33385ccc39c91f7d3e,True
880,L13,3101686820060149182,fd924ec1e239a75ccff5e8e7c9793b302e3059df1656c38c931255c3bfa9934f,True
880,L31,15937086394797813421,6fa9428454b0fb99938842daa48018b5b498f160436e78fca347645b43e2f80f,True
880,L23,13332317519881365786,313067629b42c967c49b66d41a79b7d380997c1b6ca7e021777b3f5944fcb27e,True
880,L32,13308672401445528455,688918bdca999c217d9ea85f4543fdc07f11468a6eb75ff23e5324af3edaadd0,True
881,L12,1961338001034967248,61086e41cde0f3d201ca7fd1c9918ef6472f40be3c82f426295372103da128a8,True
881,L21,4113883937116678488,897c7e7bffc027dec462b7c1e6e652de0312140e2ceb0a38a8f747eaccf6e305,True
881,L13,6192920150614462805,fac053f9df3d41382e7b104bc13c7fdae5647be0a539e8b56ddf18209ccb6292,True
881,L31,9358281248457752652,194e1d86eda972b9d7971f5a2e40c3cd24e83e25af0a4a4226dc88df93f6f45a,True
881,L23,572239485588508254,55317c8285b7f130fc1caaa62d0f7de9c8da6ed84f83da6c5b9e06a27315b198,True
881,L32,13515399504123420532,58a570cd53b2ad93072fcf1ed11b3fc5a7b878080487f6dabf0b2f69ed51df1c,True
882,L12,17594843822262780298,619229ac9b7d034603f45f918ad05137cae41743e8071499f45aa24b653c76ec,True
882,L21,3432229327341321994,124a6a086bc69d1e4060b779fc727757d12f62c4d5fe92915460644175639752,True
882,L13,13447388226368155800,00259a453843a3d98fc140ba81cecc8ebca8dc5fa0fe409d6d348a307a0f82ff,True
882,L31,3537622582860743332,531da51d945fd279f075e9cc6c0880ae32b8cbc80c5091dd18e1b4a6e7df68b8,True
882,L23,2851419375849429394,9ab9669b1b30ab2cc5f9ceafc2ed08449d428a6ed8e93c25c75a81b6831c0b4e,True
882,L32,3248134370048875431,fa784f62a12f7eb54bf11c8e47b83ca40b51a27a8fe72a96bdaea2911bc073a6,True
883,L12,18149733594195954246,c4a5b880731107aed147423896e26c919b4f69f751019a73755024914888b70e,True
883,L21,15821882775892733718,0719cf1b3855276d4d5d45e107ac634dc80b195f862a3414f0bfeb61f0122c9e,True
883,L13,17048026379025748748,a114c8542f1e902b5c35f38bdc572cb0f51d6fa6a844d93139e3408f27c9f545,True
883,L31,6188062331491328467,cdd1622334cf48b9e2691dd173a57043f9a167d14179795d670b6f348afb329a,True
883,L23,6590222166935824202,d7cc399ceec8c3f5dc049e9937a55c5a37438e275ebbbeae3c3b469dae7d7751,True
883,L32,10997850615414585750,7f9286d53f72813d627dd05a657bdd4e3f25668314e617bd9598b22fed2f73ad,True
884,L12,11631623336382653669,0dc6cb9c293dd35fd6e25931951cc4fcfbe9ab22f64d8c9964344bdda400cea7,True
884,L21,15669517167241587290,29fcc52eaf1b419220a15959d918bd6176e09b4d08cd89e2ae0e6f815448f3d0,True
884,L13,8165699276316827246,ffa1fef2f76ea2e488456a47aff7c094a7852544ae39ced6475a354fda6e68d3,True
884,L31,6202602037061148153,e589f255c3ecea0ccf4897e0509c0c7896ed19dcce9bb08bbbf222e98554cfcb,True
884,L23,8097289892589045430,0f02bbdfcbeea7923b4a3bff7311f9ee6014cbb6586229b622ba2e7240302800,True
884,L32,4404561589609627207,b8d4c687fc8c26490c4aec2b24cc64647e82b29659ce75dac166e27dc39e3c6a,True
885,L12,12178442401059592097,6c9c621cf4c89936b5036ca178e97570da8b0894f139ea6906688d73f666b828,True
885,L21,15387371444055707956,78cd4d78ef63f5ea7f2d117dd59b425061c176bc6fb19ef3c7d50746b8094180,True
885,L13,9333600368760184819,6841fa09552e8774160cebfd32ab1a3ef40d3f9bd0f46d77a0698f0645a525a3,True
885,L31,6766541635609600141,18de4bf0b86bb8dac04e48abd387949155d53e40c2a2860c3ae0497788224be6,True
885,L23,2023070139471557226,0e9031442fe514f681554b66f9a5f1f0767998d7004882a05d73e7bf99c8fc2f,True
885,L32,294690464119166659,5322598bc4563742fb557a453577bc82dd8bace97a0dfebce02c5f3476a56895,True
886,L12,6723799245711783519,4be8c6c687279c4c251d1d8140335f417c405c041c2bda3bfad25a11de5d51ca,True
886,L21,14991547989765306543,da5d36b8040ec2fa72ff669a0aca3f35e7d4dc39c4a798b98de4082ace841656,True
886,L13,472519325281421924,a41b7ea7a1ecc9909ae7e336f95534242f8991635872f28949e2300f492dd34d,True
886,L31,11628278270798742652,a9227699d3e983ae6efde357b48504557cdc2fbcefa152e7e4dfefe92128d776,True
886,L23,9196277408180473843,bea8daa0e83764cbc8a40d6e1c24814031e144b9659b91e7d7ecf1700e7fb1ab,True
886,L32,11360784075440612518,0e81220e6a65ab8e110e40a6d9cb516d9ff40b93a4eab274ab91494d37984752,True
887,L12,16387057990361707840,ecd9fcec8d6a9468500f45f158a372830a1ea55df2f22d880d9883d58d1642c0,True
887,L21,13997068297621479174,4b8411428c0f4c7cd8df5ad4de81e4b84b91a2c0a3fe47636579a5b5243beade,True
887,L13,1323208202265502419,8a30a638b004c6c78c9c924bd294618d1171ecfeda6ea3381440816ed82c6c80,True
887,L31,2367130904612223483,a7d0a738900edf0872f0df976ebf59a97fe725790b55dc86914ccae6eaf4d2e4,True
887,L23,7652694974374125132,78ec9cb1b73c4a805aa5b1e34c4117b2898614dab05a3635a08347359579f893,True
887,L32,5701730701576672623,9246583cb581989dfe45a87adec01ff56bd0ba938030683be42eea0e61f22c18,True
888,L12,17755493560232106954,fee2680475ccd735756152cced644682e3ad68279f6f081e1cf2a7c6f57dddc4,True
888,L21,12544940852036138704,5cf0c8fd5be7055e9fef8512f990a82d7290fa38953d5fc254a8f83daf78f919,True
888,L13,15084476458157330625,15e61967d7663d4c88550794c4512bf639f57e7ac516e80a9a835f014e8e2f14,True
888,L31,14415700400071222408,63fe1558da993ac9923ff896d6496118559a19741d656f37f566fde68d7d9458,True
888,L23,3513114166246004762,f386cdeea8fcecb7db66ade65e768c39242ecdee367ed83d9a4f90cc4164fa12,True
888,L32,17745224988206034770,79bb3cd69235440323acf3b78b2f81ce81189df1c0a3a727120749c55b3a7b1d,True
889,L12,3652509683524228102,11d60437976e64da4d257a76c58ff545da86bbcf7c6b4a7a067612a48040525b,True
889,L21,13188007347371221224,d81cf1786cb385a17882e42eba80dad718f25a54c522672fe9e6cd35eeb86897,True
889,L13,1434622868990608298,7e75371f2e97049427955cf66e0d3daedf775aa6fc5ec738cc4d9c9d555b40bb,True
889,L31,15554772402443779976,b22cca649ab3cc95e9c7a3bcc822a3c579b43e08cc66fceeb7e5527a2ac85d9c,True
889,L23,8550184155872953661,257088b4570efe6e03b7fd147f22407e1cf60a67e7b624bb35ed4842691c93a6,True
889,L32,2001945626695910590,be9f2bd1c7daf5a2ac1a0a65de5600d5a37e4f605968a994584b6dc662c4195a,True
890,L12,2120117132351429333,7cfe8b278cab19c3d1aed087f55dbf1deba906c79af165675d36b284a5c409e1,True
890,L21,1466481084408988026,382cf2178f903eb7f9fc6b395fb701477bd71519c5169c6dc697798054690789,True
890,L13,6449518655513375749,1167454f599fd415ab981455a6e1f30f4545ef68ad62299c8a1a944a32887fd7,True
890,L31,10852439839017569458,b3ad18b537a7465a3d47c1b23adebdf25544cf0f61416421974d08cfe60a4275,True
890,L23,11526843249113609423,3e6c2e88e8f009d9fae9a1e054949c4e3de5442a5939a13d2e527aae7b5f8f28,True
890,L32,14672120984082023265,5e641c510f02ce86053958d9497d5af6c4a2335d4ac9fa1d5d270fde2de33d1a,True
891,L12,13844390962484118323,c25d714d98c48337c36e72b21ef1a8a573c15b48af5ad79ded3cc780a2aa1f8d,True
891,L21,1056495248619972398,d9a2b047d41da4bf0653afada26630e8e19127ba168320c90c37c71fa19be21b,True
891,L13,7419275516219417000,bd03f2aeb814387f44e3de7e1145378b55e5d37e36e585360b8c74a0ec60ec2e,True
891,L31,8067742688517475889,b26fbcd5a77d3006aeef4551dbdd8d61bc3e31ba4b99b03b876b6c81630046d0,True
891,L23,13102611591419238520,d0b92595c11d0cf5a44c43a50bb6effad20c73e72b1b21854e83a65b55a36d86,True
891,L32,11533873073297289112,5d2bb50847933d79c831857615850812caa4d59977d6fd4352feedc4e173b754,True
892,L12,11668272511201619117,5fe28349b06b152ecb58eb4c7c7d93e7585c37672c1e518c49721101ef20b1dc,True
892,L21,9354186762043808343,1579422a038fbdf5281ab0a3df07b590f3a32c7e546c61b639b26b44f0a88b9c,True
892,L13,6562887586807138789,0147de68fbceccbf408982f802b9acbf6c2aa9f6a8f595b7f2999c87583df70c,True
892,L31,13130431495528401283,a4fa11fef920fb5fd1aca5f51a6bcd4a6fb4d9e29a7b88231534815d9eedd198,True
892,L23,9412195965775667397,42440ac9216f7d5c0385aa5d2230191de2299eeec4c3e50455bb0ee1b7931601,True
892,L32,3798607880550546922,b8a5a76a03b69b5d0acea10eb73d2eec1acb6d3cd3534bcfa55e065c109e625d,True
893,L12,9562524085603683776,51a95178ba7381561860eb9b138d8a20b1281c63752ec86a90ea0d63c6b29841,True
893,L21,1537480141781572838,a3429cc683466d5a26f0390a1fc4c6f26d011f8c7129a3dda09e8fb28b4a13e2,True
893,L13,10996110261332112624,424486c4d2d61b7cccf065c96892ca5f2fb483b40a7e05617ced716a1e90bf85,True
893,L31,6669190030707084791,056a9cd1fe8f21c4411f31306393ced0f3c48f1859b314ef1ef62ac575b57907,True
893,L23,3618212515460595888,36724001372cef1f2cc55394ecbad064d0fb0ccfff70c9d449d3ee9a3b2cd70d,True
893,L32,13613877729889092529,4629d31f8a5d5d02a4fcf63596b9e5654f59e324de89b763d1e66aef0cddd891,True
894,L12,14200450580998540652,28aff419e1fe93cb00974a1abcba30f48c62b6d94a17eb400f471feccc0c3dcd,True
894,L21,4681210956539358062,a676ad0fbd0c1cf0ec50b6a7a5eed6be74dc3ec26a0fe3a5296223dd49b27b2e,True
894,L13,15909225531725190376,614013a8d20ba25ca6ff10c8a53d6dd190c721d754490d873dadebc46dd4c4df,True
894,L31,12968187029837016504,6921e0394256efe7395cae0c8378e383a535447a7a09aba877e9e670695c3770,True
894,L23,15626067751854377636,32fde27603b4aedced286c984846ddf4d4dcd259d163c7e3b4ba97d77562118d,True
894,L32,6230319178691128978,49801bacf4eadb3acf26b6f6274686ece90137867ba98bdce8b9ffa2ba74e157,True
895,L12,5815483339226968500,9029e83bc85cfa26e0625c12431d7a145ccebb8bfde5a3e83a6af80676ee91b6,True
895,L21,7082401856709566014,8ca5837542145b54d16e83e6be2c2c72c18aca2b396c5a1f46c8c1e5f99ee187,True
895,L13,11606153919586515986,77aed2e65ced3906828bc115ca40cfa7b7451963576f5a9a624c2c8ed36c4828,True
895,L31,4261428808997006227,c8f48866cbadf5fc4198c1b9f6d387aec8926503287ca7a156e70fa45fa87e13,True
895,L23,17601721748875279423,c365552cec686044fdb467d4cd5cc5af16125c7fdf2a94698d7da0cf9c37ba5b,True
895,L32,13649517035360160042,a4de945937d2a0eb0197d803783e27e98c9cf9ac0bfbc82eaed229fb48594d93,True
896,L12,1183335941851297159,7eed0c7b0ffb41e676db8e3b87ddb16368624d39d9357373c214fc48911fcfb6,True
896,L21,17956435229410854718,d76f4bb3dd8d863dfe3a567270ce7902f030d310b2033f77fb342aa5916eb940,True
896,L13,15516368450315233783,005240cb649ac4091c97965d74c5711d866142fa26ddc53dc9d0759859240573,True
896,L31,4750466591407904168,9e1bc13d102bd7c538747ba57a8cc9b263648d8d133c4c89fd40582be75bf7dc,True
896,L23,17843142406757823515,a52f0d83bb4bb3c71c0b24c7d7b5964ab7fdbf10362deb6933e77d231c957d20,True
896,L32,11524362546008176226,a1f1e5807e346c9a60716bb124d59987a98eabfe3dcdf4f880eb03d035dec9e8,True
897,L12,5408554780172990123,363836f8ae475b0c4e11cc093c3ac306dde19bf5cbb93986a5815ded054330cf,True
897,L21,17242834809141030629,39464269ecff5ed62f7f51e219f6cbb12b6e761b0432358164b7595248e939eb,True
897,L13,2086051429203253259,f1c8657597f95563300a58e060c9700d2d25015530b80d00c3f86ba40cc5a83a,True
897,L31,17640161563577155865,0afadbfda021965c83fd802c6e94da1baa42c1ec88d79dfc0089a107def2f974,True
897,L23,1543653896772745010,f03aca68de756b5118b4161865766116cc341eb824877fc8367a912d1a005499,True
897,L32,15910490144999458883,d444775a0cbfdc211f70bfe4600901e296c2816017f3fcf6fbb6123c6d9ad857,True
898,L12,14619319303154816744,e2170706be977f31092f5c01663c55c8a425d0c13408ae983338fe57786c4d88,True
898,L21,17154264217780543323,ce31f23671115e65298f75ccf1df9d541cde51f05f41d3ef9d61fe836c6c7b3a,True
898,L13,5215101644274064672,b086331abbc9a85907763924d65341554c0fe10b585b9f7c86920567baf9f885,True
898,L31,8809740130591952130,6a4922c771d784a4000b53b162589d9def4d6e6330e83f160bc23da7fbfa49b9,True
898,L23,9812653538291514722,dcc4f345e85ab4e5d3021c6d8562895a5660b3090f6d646e30070f84b9066dd8,True
898,L32,12667423885089491726,8ea6b24783c77a77a763e68213d7afbb5453190e94cf38e2ff3e1017f1fa0e7a,True
899,L12,15146804991774359445,0883a99374a3ac259fbc64fb88e5683c054d780fdafec608a6c400d40e497208,True
899,L21,3620894335462219543,f9e2e3b9f2b8b8d2f4640f08ae264b67c696fddf3f982fc2940ddcd0bc675bbd,True
899,L13,8909518572686409806,6b7504b3b7a57431805f66024128cf9678d69a39be98a665183ae0909e6e837f,True
899,L31,14956888214425450137,c1049a95efdff45e20dff5a36a3d8d316098f070723e4e3089e5252eef31e505,True
899,L23,421743934783704440,0da86789a629c7ace982bb52b861d82afd28012565ea3c4589f6ec9506006173,True
899,L32,667353200235843387,a66f63bf872e763915873466cacec37d4180fb08deda95ba85f13e4da60aaac8,True
900,L12,2209151645173127238,fffa433c87efcb7ecbcdd4ad820172874ac2a39b49529855091ed76c24469ea3,True
900,L21,10037502964061719626,6b9c9d4dae99309eae74921cfdff492765346838c7814f7b1421bfbc36675f5f,True
900,L13,8889426436622535105,b8b444697ccaf3a98e32e1059cf198a97cc1170a32839c97adaca968d597fcc3,True
900,L31,7900837018181402443,8abaed37a917d03096719e37f79c1f1d03f5238f26ce8659268532e83aadda87,True
900,L23,6022933433088344190,dd75102a0e44652c985a5ed798eed9cecea15b616e524312c0d94ce764551a9a,True
900,L32,8801189610008898968,86b2d7c80672c590c6d32df1fccdf15140190c1e201b18bcd6717a3765100cc5,True
901,L12,12130678738571785277,0c402b52b85c20b2445dbbdfb5b39cc263c6a31ec1926f38ec6cdcd5b58325d2,True
901,L21,12636030564410880946,e4d4ce4c5ad543041b6cbb886870ea930d832c3d6d509d708ccaf212d9932ea9,True
901,L13,6686027508780739435,580e8cb245d5b0dbb0c906b69699990cb520d07ba5478ded3c3c3c16bf26ef82,True
901,L31,8412427380024767340,4e1564df3999e109a826e325e8a2c0367382f5a4815a2116bfbcc8ff1453187e,True
901,L23,14271529581068216423,384ae6558f5b50d5e2870806c6df0b6b44048b85e71d284fe902032437ee0337,True
901,L32,6927947808238349200,5b934d180672b3ed1e3ffd05265cb54e41cdb6b75f2c72fcf31cead03868259e,True
902,L12,3976645957334058200,554db39aad18085e77b1e8c737b39ce8c8daae22ef7246dcc121db1f2f1e0376,True
902,L21,2008184037961366906,6fa6c4779ab641cd1b0e6be7534bde2566e62d81af73be7c357400b5b05811ae,True
902,L13,9254272230868745162,a47e98a58668fad5a44c68831f0900f19616e7972be6154f8a76746935d304dc,True
902,L31,2775847329003163148,a05f8cd636739903450f02f42cc3508cf28a932e8df88662f06b453775ddf99d,True
902,L23,10920826092883631481,0fbbbd30f73f7c439915560211e199cbdf5366c47b6dbc5f077f19f9a0dd4f15,True
902,L32,589098117708568160,8302ef4329a1548353dd030aa0a8b58a1e0f8452df78fe6baeb44ed66ed67d80,True
903,L12,3198909786111722298,d4a1d2028388f340c619c6cf29ab08a7146c72df799c99d1fac160150b1532d7,True
903,L21,16956314911901884191,7222cecdcd729220dbde669b658284ce32bdbbd3cd1b6b21f6318cc05b09bb4e,True
903,L13,12467572813313652292,cbe5d4e155e6bc72be47bbbe050bb911b393771d729f8fc03772c4183580b0ad,True
903,L31,17784365098660026021,92c2e5a271efd1e519105da79d3aa143fc6ca82408521a781bdf2d91200fced3,True
903,L23,8520290075922523642,6028a892c5c84800143080671ef8c0f770c9ec6353a2624d71c4c778f8c1b3a9,True
903,L32,9518294624831999077,e9db2470ffc2131602205bebf16955523dab7a09c3cd8ad9f101d8e639a66763,True
904,L12,8685918196130817151,e487b29e6d1035c1eabed8d270b422d98894cda06b8d7e104f8223cbeabfe15d,True
904,L21,3737585621279565486,98f6779a50080b43aa60a1aae20f076a98389f39d1e6f63267a738df5671a191,True
904,L13,10042653437724289593,8295186fb8c893fdef56a225d1dacaedce35163cdb93d07ac70bc32d2e88f436,True
904,L31,7327327012070955995,b75069849256344cd86561d8177c450bfee32c38fbf11ab69a2f08aad37fe5c6,True
904,L23,14761527305584324739,b1023298332b4b15d41546123f9b15886c84e1fed99d4dee41b73cd6f166baa7,True
904,L32,7346541966679255845,89508adb53465b2b0b6ac584edeb493d90cb2adc3b415a9a952667225ed582d5,True
905,L12,16633413973947663545,da7c0cade4389ee98dd4dccdceb289ab84cd53ca53ea30a41d5803e414efc4bb,True
905,L21,3293265311810463038,1d012303012d1abe1aaa5249c4cc7a98ad79faee6e6fafa6ccd2642eea625af9,True
905,L13,3048222333216011164,923eab289a9acf0cee5a6ed78c63b49697d032eaaf7f77f96bbcfee95c1969d8,True
905,L31,14494725286728344596,daa43dd31c5d0e68913b924b354d7e0ffcaee0a1e21f4d123444241b455d6b73,True
905,L23,4493751171537073296,2df8802eb48096b76c4312de81aca01a54df882a1caf3e2ef11f8ced94735e6a,True
905,L32,11414083732585045690,924780f25bf48adee261c5fbc014754ced8d6e7a2e9583029633d142393087e8,True
906,L12,13439307374716808941,11b9f973f9638a44aea4d28b77310a111f516c19b6fc264c5f06d600d8bc0c12,True
906,L21,18010801502099370642,b66db98de4c6dc6822052c1daa8257d10a4d7c062ccee6c5bc61c10eca01ee1e,True
906,L13,11759453304373698525,01bb66a9787899279ac045acbcc3633ae46565e1f3d49a067290760ce5746ea3,True
906,L31,10769321373794493832,46ac9bcbb45cd39388b8ee74da1e6f6e6b17037cede72314de606d810ae5ccba,True
906,L23,3371386013416810812,4978f26dc9b89e7563b324ebad8cb4ae63c8e390f8af1373e1cef5be4022addd,True
906,L32,11121269549463352940,bf7beeced13ee36d7024bcd2b50443ea5d8a7dfcb22699b26a6dff76b3ed5ebb,True
907,L12,3152021396886298966,16d669bdf7b9ce13b40f383a800e436efd877922e6c1478af6bd578b7e5d4643,True
907,L21,3922841134794828996,45678d5a6bad48b259a7fa57e4b65cfd62a2bd6c0343e82b5040896e8c7890ba,True
907,L13,313467557589055767,f6794b65a2ff848c56be3afc569a068689b5b07ca9a985aea1095131f6bed860,True
907,L31,6180359563085219151,79ccf33b5822ee13723173e17b45ecdac40934f59a625a08b8ac8ff4a6fac055,True
907,L23,4321854091420054891,3fd16ac97c23e04e7edb917cd70985aed0d2d7293f8bd414b673a21f9be68399,True
907,L32,14681835518475750948,f4b01d627b0fbcf7ed88ce6492f638b75e54b4f476db54ef14952d4972d5b53b,True
908,L12,9643911384940911216,338c6111237a73c849576c7ba961156c9088c43816c308ef3b22ecd1e1e81a68,True
908,L21,16942068831711077902,beddc27e4ea2dacefc01bb545c0056286b6ff03d5ecaa8c33610f9ba48d78d2a,True
908,L13,2629324491038578797,8a24927e0487fafa050797009450502a8e657cfb6e80304bae4300e37069e005,True
908,L31,4245222058696004257,ef7803a00277c25c8b823b971a7d6b909df1b4a0d2215482ae99da032a0e11d9,True
908,L23,10719263037865177305,6f9ca8f2d060f86f8a49c128cd444fddb2eed2ace91cbd9d33f0c7e9619ea033,True
908,L32,10988252223893996035,6ff1a3bd5a5f727130356609921291ba2eb8ffe936286942a8cb80f8cedbb68f,True
909,L12,2119017779351504356,1ffa01a48c2eecb8844eeeedda6608e71f078c82175b96c472ca2be80e495bfc,True
909,L21,10396835247276049896,427fdde807b9bfffd7c31a43719c2fbf7578f732b56d62f07008f1e257f21a3c,True
909,L13,14029826694635610149,2d7a50a4437e5486b3944ea0488df355b3bc3f46046676b6c4fca0bb0e20185b,True
909,L31,15899626445070261092,e2d5b813ec98d66edc9ddec076e427a0730dfff00594c8d4ea71a62211c2541d,True
909,L23,3981531955339168778,7966291cb062b7b7a30637a9b7a3bf3cf42a4e45ed9db8b5a9149023aaa3c951,True
909,L32,11947030841448937832,e9981013538ebe92f8e42f0cef536c604ec7e5cd9d380ef26bd12dcc4bb4d960,True
910,L12,5889064409512270302,3e21d37ee0593a9071ecd924fc35f1b2547100272e24bf0a79f4f4073a1c96ed,True
910,L21,56173880187223498,6541a862e7fcad6fb51205fcaff164d1118c982817f0ba6ff5bd2e29ea3de585,True
910,L13,15468788619380126340,aa39054e4af63930d1a8049696ef90ef95e4379aa840475ba3a7863b963aea2b,True
910,L31,3516845176365838654,dcc073b82f6bb9e1f7c5a2719523078bd470ffc464603c2c5873fbd496a1e73c,True
910,L23,12110934631228124857,c99b9d25ad89f34ac86c921419be427bb445aeaaa370623c141dd2560530662d,True
910,L32,17767394814200861204,ae502a9c76c81eacff5767bdbc8593e9a0e041b0013b6b12f602cc935c6fd187,True
911,L12,11104868629055562004,0f92d2edffd7ad67f4dad09cf1373e013f8925e1b651033740f8f46dcb536b9c,True
911,L21,4874542916357255207,e9b8a3d17e29d47a8b8d070281697b59fe4f472bfcda41ad64ef863a10bec2a2,True
911,L13,2598857837925078607,88a4496af4f071c77980dcbd3ccb8af970f692694388835ecb19fbf0a3039e66,True
911,L31,1330872634481902870,3bef00c63858dcb877e91a285f7fc6507da82867c34c95fbd55a073fefc5fc3f,True
911,L23,9459532878362879180,1d62f60701532e7cf322b7f4274350ee1155a942d9693654e3144bc777cf2d5c,True
911,L32,13996895001972345467,bffb34124a02f633fc1bcbc0dda92740b14bd9cc82dd64a9208b2ebf319ec7d6,True
912,L12,15817724828518760471,c34397b3422e63ded5e80302d5691ff0c8717c1066c83ecd7c90de7466242f26,True
912,L21,8955395214790636449,05de13f21f332ab234e9712503bc365f8f625a6d1b7894f666f1b9a985555061,True
912,L13,12775843568923526282,bbd53b8252d3e51743974f750f4b58f38f4e27b9884bb0d944b2c2aaf78bc424,True
912,L31,2737888169516698113,fbeca6734708364ec07c5df2d947777e63e2b8d1a41254138570f8abe119b4cc,True
912,L23,8460840807716781857,5044392ea79af4d814c4423a5517a69fd38fbb0bd6f8fb2868af67f993954a77,True
912,L32,17189375781750316025,721afdc8719f6bed91fd3fae4a366715dde92e939a529c36488dad73ea031f17,True
913,L12,28415031357500861,0c9e7366ff7b8b8e384d6e8a2517a454b69c85e48a1c368d4645b9434de42391,True
913,L21,11858389095909983336,a6e192f25b05d13a72ba37a8ff12b2296bf006aa99939638c48e43b4615bf527,True
913,L13,2664062218195785253,a6606650409864c84962d81f1010a4f195431788d15547adca97f4864cd050e1,True
913,L31,5016134075132232079,7433fe3ecb500a13de0ab4342bbc29ee90cf7a44e56e6ea7ed9f2725c2fe825e,True
913,L23,9563390703976626392,9e5f8e4384f64442138f45add83263a2371be259911b0fb78977fd9efc2a4afb,True
913,L32,196389603384276627,4d850a2f32297118ba49ed434a5d3687ec9b9539e4a8f4365b0852178a182612,True
914,L12,17817135084732065380,24ddc5009fb5215ca6855034ec38165524b4872609ea135a7bba84c3a7bbd89b,True
914,L21,6802991655884855786,d944e904c0327a441566de86f97216a9523b7becc24fdee55e7be9e0ff992c21,True
914,L13,5360137724711283485,a6af5716f65cc1902c80bfdbdb5f92e776a413df84d5eef698e3e9d22842ba43,True
914,L31,17389964886940386201,d19e82f451bbf6543d7154c850daa234ad8a78210ff3d4c254e3291cc8c1303c,True
914,L23,11651863263369913387,877c9f0446557545dab34e7d8ba810ca140d354e427deaaf6016650238c606e9,True
914,L32,4025364170988908526,16a7815b7dcb20e00bec027369743bc7999015c836b2569c0a603b3279b6744c,True
915,L12,17874579351906909727,3c04b3feff464537bf46658115b3ed10741970fd5bd969f0868c2cef264825aa,True
915,L21,4691816692939299296,3ddfcffcbf1004f5880191436c04d7107c69112b5c8fe3974b1c2c46ef3d1ca0,True
915,L13,17573719782856725400,46eb38b19b46971ccb1b615e6417386bd1c7bb24ad1d8b33976b83adae3f0020,True
915,L31,3974550776492731662,2d175bf7a1d083ab8ead672a09cbbbab062b138c6118e85deb9b4018af2edb62,True
915,L23,11829992191100096840,0e3d7f0c0dfa80f6f63f14b406c116646790c7b1ded4a1092e519352524bcbf7,True
915,L32,6131551094424056047,2a148e7c529dc6d0a457f416b994cb10eee808d9316890e61cfb2266e02c237c,True
916,L12,14918247451783634707,fd911281838870c739ad5c26ef633c755787a8f2a2b0c66e295e210aedbc203d,True
916,L21,14330792630792570182,e2761295ee2d09596ad3014bfbcbc46e8bc729c7967d3b5b0a19eec559c9417d,True
916,L13,7151057652856255432,a89d65e8173adfe50d81e6cf9ebe480bf6bdbde83546f4fdbf114dc75f8bd418,True
916,L31,16731682126296393972,9c229b930684a52e8a3eb71d62b9384886d119fb209b9b82ddfd8a877b99558d,True
916,L23,16161440584021925433,cd423ae0318a54caf0076e856eac94b2579d3f8416ef1066a1792cdef7aa380e,True
916,L32,12533725964916424632,0600f30013a6b9818712a7c93765b8bfee385832a43235fd6a5e4e08a905bbb7,True
917,L12,18357893946484549829,aae8a55213338d86210f39505cd3577dbcdb4c4c455e08970e4457d1f4dde545,True
917,L21,3174950978974696066,587a595c162a9760ed366c682367c609ceef147d14849ffdee3d6dd9ec90bef7,True
917,L13,7410507421612685594,6e2b2208750f64c7912d5cf410a60dc1b22b6cdc6dbadf72b3108daab74f4b78,True
917,L31,11624878408604118644,f7055cf0c07152b559f05db4a3ee4e42f1a689656d48db9dd403d80e6047293a,True
917,L23,17279681397460693461,636213f8c114c296887873d8dba5fcb938e041b1c293cd73156dfadaf341f939,True
917,L32,1528402284912891667,89af0407ab16ea3d6ed1a25857c3dfab0bc9301ade3e14e872ba8c7b7430c26e,True
918,L12,5383463835316670956,7bc5743646cf446e0526c4270ffdb3c7616d0a10b8aa472501dbf4ed44e9f7ce,True
918,L21,5098023458516885421,7bcdfc17d472be51cd22a04208fa251986514d4f75437f37be3abc8922f97a7c,True
918,L13,5888091825735932967,9512520da260b6f3ee0568913e2466553daef70f015c31b928843ea48780a683,True
918,L31,6628041901389782488,f1f53f84eea9b9b3ee01e7d88449da56cf138c3106fcac4a2b9866b6ac29659d,True
918,L23,9453390248528449870,d46105ad33f87a39c92f93d140f97a2d2333783be127cafeadfa5d9639c7466f,True
918,L32,8862227502719241192,c25fff15b0ca3bba59791fbf3a6e5b74d361b120140dd1aadc30c10cc3e422d4,True
919,L12,13391242782190970185,9c382d3a29050a1f84bba15d62bd39894b7616109b454ad40a5e16e210d21591,True
919,L21,15244046869092521593,709b5f735e9bae537b73991cc14debb2bb4ed1dec77e8692a10a08f6cae0e584,True
919,L13,4935831604048944626,e43adef7150242aa7c2d607582f78714eca5cadf3f63ba7c78632ea8fafc28bc,True
919,L31,11660709801017380897,5479367a5828faeffbc8609c7ef6d81be8cdb62ed3e5e8b718759b65a96438f4,True
919,L23,790325990702525778,2a4e5aa354e9cf9bf25fe6775a783f8ba565f65193cb2a5d0352de45924a4cce,True
919,L32,10546519638328370262,b6ff18025934d35b488e3e8f5ad00c948307aa0ed45d1327d757f8e83344faab,True
920,L12,13398135884802131153,f4b13cedfd3ce5b5bebd50441b4c9803ca675f74dca5e294a5da9031d858db24,True
920,L21,14742878817837426152,4a34209d6b80f6647bd114b0aad439919adde8d4217f27f0818a2bcf3a640fda,True
920,L13,4587791903007195887,7131fba0c3010be9f1b59d4510cb1d483c269ddb9f23478dcc257c2110202fcf,True
920,L31,8248537934232646935,dac64b50a8a2e6d71076539cb029486de3947f48bfb3e930af782b95bd4c1bee,True
920,L23,1787899370610607495,0edf6ab507af791fe761289de8560d16181ab59340f2e9e4e6f58b4c100bbf4b,True
920,L32,17287470043387549959,4567af4688daa0839465f3ad9a78bdd15374b5cd7c38864b7f4efe358d4291c2,True
921,L12,12897746859252269606,5898cddaf87a1edd90da8f5c5c3a0282874ca58e1789f945ae28f6f475ee57d8,True
921,L21,13197313432804531007,8320624305173b9768823307249f5a715f2f9dd30bbb8f0706d9a02ef87e16eb,True
921,L13,12942247002659408929,da5163b50657da05889d61454aaba91a9a24625dcbd2beae29a4d0f209c41d78,True
921,L31,16576308070737281336,bc5c669e6198b41d5862d6e68995bd3787a319f8136536bb2f2cdd523e7cdb9a,True
921,L23,6727087611194512165,45998b5220e66c84ef3cb2b56a81b281943565fcb5707e7d60fe2a5044ab27e0,True
921,L32,14574479072990510895,421c7d7d4a9f96b55bbe289eba4ba87b5fbea3fd70b3263bcaa3841c3b41547f,True
922,L12,9270548949240477217,72bc8757b5a71d534976205ab0eebaa5fc35b99dab4f5b9fe69c1bdda2944eaf,True
922,L21,3020363350274949278,a91fb224d9ffada8e2f936f0cce7828295cd6e5ccdb3e462d34f19e41e724b61,True
922,L13,17185297690251625318,25f593df55aabbce7378b5bc75dfadd49541c284427719d70b8a1cc1a0d38018,True
922,L31,9455224167312436214,564dc623436d63ed27f7406547d005fc3851c4392afb228f09ae0c4a87bb23fd,True
922,L23,2023476040418072325,5ca112555571e4e7801b9bc5ac8ead644909725b35024e72721eb6fc944da233,True
922,L32,2571062184977763312,8e0b8e33e5647ed4af23fc572d8cbff851bb7eeff9c47ec0aeb60b4efc7e07a3,True
923,L12,1200082428015532621,edce9cb8c86ae4c6f62c70411134f5fad2707befe26c5f6cda16efe4b6b6d402,True
923,L21,13839584414802219320,cc22a53e71ec55417209abcada56dede45b0459e32c997bcf7ebbe569b2da299,True
923,L13,2613357776440942848,761fd274c50d6591b715148fecc7a65ba66061438b6b75b23f67948aa8262d20,True
923,L31,12088276353251556523,07577bc92cb7010c9108104adc6ed9fb5ef2e6defddf688338d03ff7b4ae0724,True
923,L23,5201663992636007081,96ffec47cff9132216e04bcfc2bd3b0e6979d0f478fff0b590c732ca041fde56,True
923,L32,642010205776999090,dfd8672679b111504ff629d2f535944a26cc0b32a2927faa7e583d9b8650c623,True
924,L12,17350314463736775266,747fe5a427cacdfe3e4fd91d390d603ac4e634ac2f82851a1b9093d13831683d,True
924,L21,7286676609565309167,133326624b0b9ea7cd5f729a4d9dac4580b37a681aadb264b99eaf6b76f03bb8,True
924,L13,1490210820313736175,e825eef00817e3faa036f1a34666bf5358089349f3f73bf0543f8edc2393da37,True
924,L31,5504234101039361519,99bfc146b1aa5998af21584ff1253ff83e6f79f808920107696e12930adb680d,True
924,L23,8649134115510466227,f4af1ab2e2da7de64940fbdde52fda8531b88320e6b4f5d9979af9e9b0dad2ff,True
924,L32,16061781278668137737,b40ff7d9f02da007a319421faae10c486063260d1f6a398155020a23e198bcab,True
925,L12,2481110637123517731,9867da97b9eaa10ddc0bed25280fb9858f726fe6f95306d919d276188de9aa03,True
925,L21,13507530564429786402,7cbae69207f36b5b9d46e57ce0d2253ea3185f05c00be1b7ac329ec9b031ab8d,True
925,L13,6857444074842136329,13c0326be316655aca10b50e0dc812d8392ee1de098dd341b7851ff2117bf086,True
925,L31,7261823423946851071,b16b21310780d17e7bf257e7861fbe23d2d47cd396382165ee121b16d13359e8,True
925,L23,13410181270888890174,b41db356a2d2678a851de45f1abe6fc7ae4f11bd1250beaafd8b510159f9f7d3,True
925,L32,6559144673607081032,d7edbb4eb419f863cb828a8a68bea6222dc587f2734b408e93e61199d94e3ce1,True
926,L12,13309595008419509637,e8c8ec75b8317021c969a7aec86c9e6bbfa2a52b2f18c8bb2627849e0819acc3,True
926,L21,2889560486574546117,65f75fc30ffdb9e1d5d402963551835d9419708ba822618ed64abbfabdb02aca,True
926,L13,15318463709594452313,5395432517552c1e719545a3d8b1d9033b4eef654dc566bd610636a76ab8ff80,True
926,L31,5691887128947570423,b5f9209d428da9be96742cd9bb059fe0a2099a98905119196138c99925dd5252,True
926,L23,11362531423882963074,4001108f936da35fe76192321107554f70010ed1cdf2959f901081952f8a41d6,True
926,L32,14813655976002504473,29c28474c1bf222a99bde3e1a851c0aceda881afc436cbc9d0577fc4baec2f9d,True
927,L12,3778647287966789481,61d387b63e21e85d47c63abe6fcb9af0da6baa4d9989bf7de11fedf614991251,True
927,L21,3591022294140522887,d056f257de1585253e25dd447884685b55d635aa9ebdbc85f2ab54c0d8ef30b2,True
927,L13,16485005096327408210,80377edb9c4202401933573453c63832b06d9e74551b492364ad8918b446e080,True
927,L31,14817616695512824145,68009d5e67709ed1f3d7b1233ea445c57d9b920cf7ef4c2f3d65df9e8db887e4,True
927,L23,418105122510178633,171053fe2f614939dcb8aa7668f18830db9fd6221bf78782f412c8c96ecaf08e,True
927,L32,16551819823767747649,812a69e65e69ee945621fc923ed03f05758b1df60cc23f76cfbe28eca2d7cbcd,True
928,L12,15208780571304173535,2391b3f9879df893c9dc34c7f2a479477e3229721897d0c45b66de349957e2eb,True
928,L21,12528055194399834541,bb7882ec6c229217c0bd507a7a5e6825026feeebe45c3a55684aab995fbac45e,True
928,L13,12078686086466274577,7477712b550775471e1ed764e203c68b7f9742e75b853aa7e619c9cda72d6fed,True
928,L31,16433675966071739481,709047b98410a7ca356512028e4ec6b649f4f23ac79551b7d3e9e79b50c8c10f,True
928,L23,3772502084548889230,785c30b3cba9748fcb88ea5d05675fab56d98ba35ea95fd161ee47e5c3ee77fb,True
928,L32,8590104917083089867,7130f4dcb545c7299fd8e7f515226df8d8cd6934e41c542fc16033efe1d40338,True
929,L12,3703794373955039348,f2e4ab5c95a4b43392f02e06e04445e8ace8541a6762dd501063ebe00def4f6b,True
929,L21,13418908215893616456,c621b52eb05df2964db1b5f0910b542f84de97e9f902e3015df384deb95a3ee1,True
929,L13,3925390005433697379,b958d61fa1e3fd7e533f4d92a22e27a6d102f89aad37a543c96d977c965bce98,True
929,L31,15843036221291681479,a5acbcbbb463e6b9b80be52965c31dcf5118fbbb52e5a347741cee3e7ae46862,True
929,L23,18064845381235976031,ebd0a0eac93a586699f5b0e975c8cac077b97855739759b53d707c8f4d22e236,True
929,L32,7561798417700730581,3d8efa7126a2ed2ae1c7bdd4df1f78ea101d950300abcad832faaf660e84be4b,True
930,L12,140550596957818059,cd88ccd99005ffddb4fce199b71e4109a4526eb1c87800e6cc3585ce67ec7f4f,True
930,L21,15541292899262605300,a73f1a3e7c25a8e1b602b037e3ca6289e8331549eaa69aa0c0b3d09153f502b2,True
930,L13,7662317278896131832,9fe3ee159a80863ac86b75e2dc3ae5fb8a0f4db60f161fe97ad6fae7f96a62a0,True
930,L31,3951212445747109701,04d338fd08880b68cb263c964c5352793a1442fdcf1265cdbe7874113768361f,True
930,L23,2440231418207350579,58e0a330edb882205ed8b588d87ca4c2c912c20f3a85e87c3c546a41ed767889,True
930,L32,5316466042393021899,7366a3a3e77416a1e76e4548347db79f69fd73455142a78b8a7628f3c4824465,True
931,L12,4367843164337016245,664007a239d897fab4f49bde81ad62ff13a953eaaf4ce8814caccf9d5370ceb9,True
931,L21,10063985116510824107,10aee5d78ac5bda982ea3be71504b48c666f3b20db085e926606dd3d79f3e623,True
931,L13,4301009464055104872,730a6a39dfd086452aa561ea3e4cdc01dc40d478963b32fb869b046872c3a506,True
931,L31,13918832051219125841,408aeb78ab854abe47f7a72ea9345b2cb84ef72e3652c973028f7a1535c28dc5,True
931,L23,14959491122617454914,3a070bfe65d2295fead844aaa8725799f103abc7f77dc41044b170afad3b8aad,True
931,L32,9974419744317989641,5124b13d647fd22b1627b2b1d4d49be5c623cd816cab3a63858e76aeb3a582ec,True
932,L12,6782738191468463138,5bfa45ec0082890ad0b119bc7fdad6d4112cd6fdba14a110434ba733085db898,True
932,L21,10579415096523736458,0affc46a0736c5fb96c2649dcc9d5a9d582feb60fc761ef8e71bc3d44bad258a,True
932,L13,10788383297434180307,a45cd3f522515c7650c2d43ce798440e6a0d7d90dc1141649ac69e722df84452,True
932,L31,14047136486297385652,204dcf00ee213dc36f942bffc77836428883c912847032cf59132b6603886bd4,True
932,L23,5674288084170354013,b25d809dfb2f1f58a5ef0524a595905503707f71308f3165e099720906f34f40,True
932,L32,15278909666232508247,053a7b68ae97229fb676e448644115fb754d6570d3bde3a7fe2c8d7607046d30,True
933,L12,11933715547045892822,5cf7aefdf75a4b5fbad9c0828962433a1a64d05bf66b7f8bb46736cb51f8a463,True
933,L21,280730197082294767,51e38c818eb606dd5294cbf314b0e82b08dc3a2bf431ba0f1a59c3722e35b423,True
933,L13,4745966707591363166,73c8e1d79454ae4e5fe0e980af18b3b8fea36673cae0f1e61975bab178020a95,True
933,L31,11651827851413005738,7b1021ed31c7b53230f9ff3c9c14527103d0e6936af10f029eed6edd4d27570e,True
933,L23,560611366581118507,d9c96bb1a57ea2b497f8b0f6c2240166aec649bda669b22f954aef7335a56092,True
933,L32,15387213082685547972,889ebd1387b9c00eff884b8d9400f1d8fc0fdab198530b5fca4b0196f0b85013,True
934,L12,3231705759153565484,ce65711167d6fb17c2a70e79fdfc104f37a03824de6e5c9d2f50e7078aaca0cc,True
934,L21,12914195033045264681,9de8408639b370ea3418cd5abe13fa763d5f995727b79f8bb5e9d67f8ab7aa9a,True
934,L13,6770247867346381335,f0a561e0acca148a683b6bbb974f9fe44b3b4d768b36885b7f9c4e0296c89878,True
934,L31,9697853492081345037,38cdc965be8acb241b82cd50cf00349cf15cfc10932287fd2273f430c9ee7a2a,True
934,L23,2662730254114585431,3a969fea653f0286e89f487ca41d303e22f2b9182671f9c5dcf5a44d11a8ff67,True
934,L32,4369776661553134001,0d38c1470a4a91a710048b39f7ce269badb9f291dd73b1d12519336c2d80eb8f,True
935,L12,5387072962208616472,f84ad70c4824e17349971341dea437c36f9e4ec2912137ab87b9cd312fe0ffd6,True
935,L21,5499018984192324492,dbeec5b990e505e42313778b52e93305e4cbb2dcda686135adf5b13400f31456,True
935,L13,4054416700231463216,fcf66689258faebb8de985c67e601534f3bdf617e2a526fed563ba77913dedba,True
935,L31,8054947454912141220,4f81417f8d9413de3f7ed92d25cea74e9c513adb7b0542cf2a90206a213123b3,True
935,L23,4992659500765475982,74c8623b67b6376f305a3789c90e9ec760d3872785218858991723529beff118,True
935,L32,7995242538376522077,73686fb6c7ab513d1e5f6d924a90f853575781efdaedd34965b8aa028acd3f8b,True
936,L12,9201525222021169041,17fc700a9b6054c2da4367a8bae8e0344788b55c3cd63afe39a58f359f449eb6,True
936,L21,9879496277641979200,4e6ab00a6e3c9e5fc155f61736c958713c0e70bccd4717e6e8faaad9014f43c3,True
936,L13,12784794911343162558,a4d0c49c1c73654c9ec9fa7f3604a3bd81e45cb9a914ca92652ea3b1ed4e82bc,True
936,L31,8236968872986829673,ecdf0451cedb3b377098ef297e4d96366e154e3bbe41dc984fa42944584c81f4,True
936,L23,9321286735216618315,698ccf5b759fea2be5e275d26a895b465efb173efdfea83930be7b2393f374ef,True
936,L32,13144590313827183438,df58000c68ba141b5e537b6da761ee389a0c035ccadfeaa5c146d42946c82984,True
937,L12,12472843077511648106,83fb58349ce9880ad89a7cab168318bdb142417c7a8e72dad86dfb66afa7486b,True
937,L21,5778848775340316601,2a6e885f2373e7a0d4f4262f89e92798c51df286fb9bad9dcde0d1249118b19f,True
937,L13,4140133428528636208,9e0d84775b2417a336b802858b4cb6874e817e6cae3e9c4a6363f1b68ab45475,True
937,L31,6416142812677092773,aa49ba3602f7416e2abc1a55044670df2b36dfdbfa7bf483c4983db059a2ff1c,True
937,L23,8463665026144095175,6d091d5f30a1d05c4bdc70beabeae5fa4d773151173537d394445bab8537f3d2,True
937,L32,6497042433544844806,3e6760e5d94e34b39bb63b8cd7a679c95c81888426777d7ddd17f1b50ba1dac4,True
938,L12,653211602488629042,6711e57eb8680869dc52d8b719e106d52488e38aedeac2c04eae07ea517a6047,True
938,L21,9168234301992789084,911d956b7061fa3fd8400eca0074d945c75ee7b2f1c3549664791829da3894fb,True
938,L13,10812052618243491722,44bca60a441f6a792be0c5d6a35846a4bea5e9aa82fee97dbc181c87c4b47b22,True
938,L31,16135217771832723239,cfc2bd00b567237c57208a3e4624d88950ed82c64217b352cef188b231505d25,True
938,L23,16963268993871900012,de4dd3b1d57a8761244ed122b7d61f969117cbe597cee44c1e7120617f46afa4,True
938,L32,17084653859957912680,c4853103d95162001c17b0cc8be94e02506ce8ceaebc9ebfaac181338800f489,True
939,L12,5722846356408577218,7b4a6fc4eb110a342e859db7e8e0b3084030c6472aee7df895b53b41ba33cdab,True
939,L21,18302299539940966196,08758f06c128ca59f8d4d9f686a1a47ffed49f191afd83534f32feeb61e59eb7,True
939,L13,17934596797620547868,4c15a21012007e6337d7511b6872ae890ec3f016ba4b2efe43ae8bc4730f67b4,True
939,L31,4146397452183404984,59143ed08e969426d8d6bff946a31126b14e8e1ab6dac04dacf9a2a8cb39e031,True
939,L23,15863555027506322462,72e325b92b80b856db7663c541d72314d5c4fa9db64641e04b8c2c39c6ca81ca,True
939,L32,10773907343424789583,d7c736962c16078ed72fbcc78baa7cce0c75b66abe249faa319c792ff12393ee,True
940,L12,10802528747791561265,05628e5a8fcddd04185a32236fe43a47f0ad2968798f0d9ad01d31470619a2b9,True
940,L21,15892752989148284116,d979c4bc3661b66dfe2e0c016a2df3218c8b624c042aa25f700d9fce652041c1,True
940,L13,16543821217612318404,95a2b329e6379548165ad6a3ff467443aaa270a13e90439b541c9633fd032e5a,True
940,L31,9564504569565624660,937b33b09f861a2f63b10f58b57765bb1fda2e4ed02e1e5ec6359d639c9638a6,True
940,L23,13388407641456837310,d288e3083250a0d3b3e89f7a8cd9efd1b0352307ccdc33d37f305a98e42b910c,True
940,L32,14506719483780559820,70dc75354b86edd627d4d37d883dd3fb1c28eec536bb04b6d4bbdcd6861d0a26,True
941,L12,1419673270002147966,8d87b92d6144d2eb27d2e4962e7af4bca3758c947ae0154fae0fb1c902d84358,True
941,L21,12834176456556014491,74c570552f5a23db2739db7eacaa022ace01a6fe0908e6d11badb4430665f61f,True
941,L13,7701112893716643114,c24192a7e2616d76db68595523f969bddc49fd03f490180ec544f627e45b954f,True
941,L31,15621762020651509144,cdfa091a4c89ef13a9ebf6420616f07f29205550f760d7e4c9834ab2f5b5d52c,True
941,L23,16647890294778617687,902a3616bcbefc32617a00a1e1869ca43f6cf07c5689ca6fd062158273ba300f,True
941,L32,15945257993263291624,ebfd4d379dceacd891fb32623c9b0458f596b3b141b55e241e37aa14ef356834,True
942,L12,17245052847827707124,9951c6330e47c550083b7fd9f235ddcb7488f20fb9797131290c98a6ed75757c,True
942,L21,12182409145915830772,612a3183c7a5a6ff1e24564b07db2380724eefcbfd99edc6a33fbf661d62fa0d,True
942,L13,557353680688556204,6065e501845a61dcd6887b7a2a1f2f4ee6715d0ee42a14fcc0a652fef9ebe550,True
942,L31,5598778086826540860,8f6e32dc527745fa75830a0da9a37e095c84ee6ba503939308a7de3b8b750fee,True
942,L23,17095546283367016026,b487ac853ec40d7856ad8af5752e4e01575f91b8807dfce0a0a09be72a42fa18,True
942,L32,13108432947483948604,0d079b8284ef05ffa5a86fa474dd15fe7aea156d7bfc0603dbcd3929a5598264,True
943,L12,6504750730911971670,dfa5af7986788f90cedc6391232232f311c0f5b0c3babd36f8080d80031277e8,True
943,L21,14744877778444491219,0a0b23eb4a0fb4c5956f40fc5c10b13584b8e80571df35845c19d02ff38f02dc,True
943,L13,18146353112064019563,3b4d4aeb6c10b34edb444b4de662d61927b752fb227357a0aaadb7d4762cebb4,True
943,L31,6339579164771564318,d2c280bd68376e209fbe391152b3869f4ce1c04b2dfc6f3976a3c3a44fdb2e0f,True
943,L23,9809117526545074211,1bf5b8a5474d23c5ba9f8f0ebb1626d281e06f1883d73d3b34bb51ddb74252f7,True
943,L32,124258246679524387,f7bf73d19c32fc9f83ce93d504054a877a411dab48cdff9cfbd3ff27e62dc888,True
944,L12,4524553861172723900,3b7b8260700053d4712c6fe6c6349222245ca2f18f8582f1476f9a6a6ce6602d,True
944,L21,2966201269968849657,ce065c92b41a70d139d1979d93e7a1a27f5ea74c52c76702982ddb93647cb2f1,True
944,L13,3631693969931557187,b034b5ba56933643628e3123b77cab6f8992d849e4ad624e2fa4c4f11032d8f1,True
944,L31,9159647267972014985,9b977f3bd36283ec74b751c5b5929bb379c7d3513e8fbc25f33fa0b752e8ece1,True
944,L23,260371446235168061,22fde0a084e45a66179b88908960f2e4c143d6c910f94bde7b9926cda72a64f6,True
944,L32,10463285784475529435,2594f0a6f83d8715c03082d0bdde3412fa95db8ba0c8652ce41fad03c4d03a40,True
945,L12,18307402821097351188,46c7c1b36992357a50de855dfb2bf8d5889476fe2261c68d4ff74ce5773ee97b,True
945,L21,17410183486171177263,9273a23b57ec4b7e8d3ec2e6d39b8f223e4dd5f4f119b67c50b4166e82d5b95f,True
945,L13,13935395443635357094,fce2037e3fdafd0a494c0681127080ee90117f596ec9b7aaadf780f6b26afbe4,True
945,L31,2574841941770510196,b43fc298f0d98959a2ded8ab759771c3e9e399531def293077f207a17d34b024,True
945,L23,4912531590119326790,dcf021bc93c083bab334175b5d584f0ea10a565d8fe53aa83077fac02d2a151f,True
945,L32,12391270178556648606,e9109d78a21e80e17dc44e9836b85f9408b0ced040f6ca264695f3c88c30c60a,True
946,L12,1340273453627344180,81c272bb5c3ff8ca2b3f6239a382b4549ebd23f31b56eccb3cd67af580c380c1,True
946,L21,17086348953796586836,eacde84a2fddeb486f49dc1246570a880c6d0f3887413778b926e6aa9d237612,True
946,L13,6206518254678585066,bff228ccdf0d6ffd10c090176e6646548dda1dc596d97184428367bdc51c27ab,True
946,L31,15040558213902103854,d2a40ece2db890957ad7ed8ac3b029434fa0701ccfbc0bf5ad2d21f43d34a97c,True
946,L23,2596123804256857449,8b3210162b6b48dbbab83d876ec4a622140b2bf876f94da2f07f76fa9adc2816,True
946,L32,10410023921524551152,93bc068b91c77a274b50848d17ca153a98a6cceb85e87db887c3265629af5f7a,True
947,L12,2362993596566724013,b133c86de5b75a3dbd0f0a524ae9e48ff1110f981264f2db20cd146e3de281cd,True
947,L21,5054808848537438323,1cf17cd8748512535a596925fad5d74bf0af33f0a910d9ee524934d316795748,True
947,L13,5033444489790210048,82647f66bdd87b374d69f31e39e9ec353640c0f40d3a66f6e34860352af7520f,True
947,L31,3138187624466245345,a9297f12be4a4b32f9247fac1f9b95b734c09efc7f27b60ece06dc279a53c9ad,True
947,L23,1731800438368885663,159ccaab551703798bb7d6eff3c760de742ddbab27b95ba5481834666d2cb10e,True
947,L32,2508162530279238998,e4ef8e720f622ec4e749e3933904de53f574eb7ea169d8de0caf2a7b4781797c,True
948,L12,10554687553151106630,26d3a8515baf7f3403f11f26cd0c47b96acfb8dc512fb9cdddb764c0cb14a64b,True
948,L21,4806033087844211459,3e5bcf8623aa306f51d6768511fd567175417c0f819b41a2687fcf404e891074,True
948,L13,10951405581879092707,388d07dd12e713af77d891d33f72b1d9ade5ed18d87880fa0c6636199c57481a,True
948,L31,17521688171334160402,9c0b661a4c59d5b2920992fc491080a222452ac31f20fcdcdf1d704183c2a5e9,True
948,L23,15689301119216343365,9fadcf2e488524ae24f2e99fff263fc6960bdb36ab598d42d08895e690eff12c,True
948,L32,17873568401623952833,e302c44330fe836df475589ff5812e298ed16bf8be61dc653248b4a3c459dfe6,True
949,L12,6502482026618975438,6bfad55e699f996b28ec7b83a642a21c59be56e0e86645a857f3c054452be200,True
949,L21,7623987652904841751,94b2ec7b96fd9b17f2b4a953a68fa300c1972368c2573a5fc92626260ab84193,True
949,L13,11284474630974782042,813feadb086d580694538e262560e4bb497745753c2e9efced64d17295b9264e,True
949,L31,11348535898017075085,d20d2960ea3ce7c1a626ebead130b212787a4d01d18c47e2a639416514919dbd,True
949,L23,5490766789907575172,b57dcda7c20180bbfa1055ae981058ddf16d3e2888e5c50930f86e4a94249a9d,True
949,L32,13510142652623030056,e799e72fbcfcd325241ded83675ae816f3e7e0105f8486dfb7e3ddb2ecc221fe,True
950,L12,15413343525108284731,50051a97d9ab5619806ab60738315a8cb41b90279499abacef8134d613573e5d,True
950,L21,15734681412249124211,3277261f3f987e56baaeb4a0391e83f4a7059ac64ac87791716c3457f53fd40f,True
950,L13,5398402381319574442,b3bf8940c86d5abb91654a28f2f58bc68d43001dcf1365f1d9ef570bbbcab791,True
950,L31,5412194975989544742,79ce6fe6390132721ba7b2ccd7ba8a6c64b1567d438f9347b1b704452da18514,True
950,L23,4291054433158817500,4f694472862b00d120aef8d0ea835a57188ba5fc3b3d2464580eecba04f2eae2,True
950,L32,14467291166264861224,6860efb857f7220d09680d5d2fb6d9ca9f25aa12d38dd6ccd0f62a2e1afc7410,True
951,L12,15254021160365465337,320b7e0c1c1736f7bf2baad6a87048da9e311f8bf10e807a2da6f09bcdb5f73a,True
951,L21,8976873826988670168,011e974bd017a82593b2eb572de3787120b22a9dd08fcf023c735c6ac5bfffc2,True
951,L13,6142994800724288385,4f993aa284664b9bd41194e9b88c63202fe498d6f289d0b64f2b26d12ca2f433,True
951,L31,12414381924341487087,d6c3e56597b9b932ac3407502d0b36b80af95ce8eb6cb194468dd88bbd97932c,True
951,L23,7124225030630047669,456ca17781caf3bde00680deda2e1f98114985b62c5e41ef49006e5ddb0712ba,True
951,L32,1809234157525937287,9e0c902553e9cd2c1577d91f04b64e979c44264b54d37d573fbf4e37fbfa0d70,True
952,L12,16123070998393630440,8b8aa0dbfba79d82f961da0ca5711bf27c8806712db9915f0ecbde0c34437da1,True
952,L21,17953547990780939663,9558956b8192f83507732a0a367500699352af0f27fdefef762bcf6d5265722f,True
952,L13,8443625352762704511,610d8d9a0b84db8c3ae6112d0984eb85beedf861c151265fd6e026d9c01ec3af,True
952,L31,7214991385828408317,d2e534f384d0f62ccfb9d0f5050e7f4441e24ef13ecc915562ecde8646d4b590,True
952,L23,4301303513360908489,ea9ca673117dd1f21447f6e64f1153436ae0cb543e3682b5c0172f22ac7875b5,True
952,L32,7297590497343539135,5faf06a572ad7de991532a8f688e7435dd62b851d1471e6f778e656ef5c135d5,True
953,L12,13754755282480704378,2f9370b993568d8e92bb7cc9724c7a8bf147a47892c7add05f1e3a971a0749d5,True
953,L21,12179149456379497249,dcb13230d7e48ffe833f4a019ba61b63a878b91318aa0047fc60256d26a5b8cd,True
953,L13,9985898818847479642,5ddce80bd8704a0bdfa1f9846aab40f2367f68eea6d8bfba9397ab4284b4840a,True
953,L31,13080363232560538785,fd27a6411504aeddc70a905a36cd4205a646c312bd4cc4628799f15f0841179a,True
953,L23,17495103812378923854,75172a15ae96a90de7159e8d7cc2d0f316fd1605e5826eb1265e6ce21c60b284,True
953,L32,6230062941597134643,b1c49a81322da07f12a723783a022dd8e3fe4c4d7f591d3513e8c45fe0cd4532,True
954,L12,15424200348225313564,7359a000fca8bf210635bc1ba1f987648c7945667974a33fc7df83b08ede4fdb,True
954,L21,3377377153306878026,de105ae22c66b0e74bcb6d5fe15ff36a7eb1a207206e637f36c24366d1edff5d,True
954,L13,4375015532559128373,eba4d7b87cc77e5cd37b9466f37a3e9829a2a9f7121901565df8ad6c9e3f23ad,True
954,L31,12466020922437112701,91c6fb8700929112c5d2789962924f7d76f52adda900c98eba6b926e72436e33,True
954,L23,17710612991100517664,ba8596ec368d7b56fe3806f27fb6dd51ad10dc90e305725cecec3e590f23c726,True
954,L32,1116105012995881008,e40c1ceee2ead0799579e12c252446f5b8e66bebf52aaaf36785dd70bc029cc3,True
955,L12,4689203040200313385,80977c4bc5b1e86eae5fad5e2ce15685d424c5cf2a76b3c539e68d2ceda4c9f5,True
955,L21,457806253858539604,8ecb8803d3fa0fc948d3af726b5b139824c3fc5a8e301584a23c9e49c22e5c05,True
955,L13,15148112166873446425,8f063c8e31a82dc857aeef5be9e5ef093fbc665238ebb30828fa302089be9a93,True
955,L31,12645573204060759178,5436ad6d454a59dcbb7cf18eb688390628b9fd2f0344e9433958055766909c9a,True
955,L23,9566236368607785037,4da8a483e4713d3e89365b5e197657f26e6cdff806a9f4f4305731b362a3e935,True
955,L32,2726789341325886096,cf004ba3cbe51b2d186951d2802fdf0288c3e707133dc3c3266b95766ddaf475,True
956,L12,14478260347606428827,e9910297365bcff91143e622e600585996f3a195f4b2eedd10157199bb4b4c99,True
956,L21,5026447415165562028,ba3d2fa6a198d38e43967f2447938c533e829b28a2c58a32b2648ce384b34cba,True
956,L13,1276914668728211710,4f46df51530cd36cdad3effce5301c13a97db2f72e27de2d5d7572979d230a4c,True
956,L31,8220143191656060245,cfb39520287334687012772c4dcf70bfaddaa3518a4e54c3859f544e26b13081,True
956,L23,11572818405404995314,2408086bf0d2048eb6d7cf64960e6d59ccaf9642393fa5a8a8a5db1096e69868,True
956,L32,18280759470593303325,2fadab4e7553ef6d2b00ef6034805d1c747ca6625b3acf7c1a43518153da1eba,True
957,L12,8041894717099133455,f7a4403773d5d73f4e6e24c9ff734999b6c5a68b88387c4711c1e5433bc9a68e,True
957,L21,6602487598887819971,3a8788258bde798b96d7ed2e5bde165aebe4c74de260805b369056e060395048,True
957,L13,17382082572120221847,9a54a3994d436564e88f69add8b180280be1f5cb8c2f00e6e4491df41dae3d42,True
957,L31,13081989542070591804,983866c74585b2cb33fb7a8b7545a5413463e29b52aac72f79163f6ce81e4802,True
957,L23,3792402893839201079,6d42964d826af00df0bda87def4b61b025c3d0ffc29e9785ed8cc4dcd0e49b45,True
957,L32,14196279008410780911,28fab78092c83c338ef618e5efdd51f71ba4a8aa71d783604b142c036d66494d,True
958,L12,8800148771437743436,89106004fa89b824a68cf0ce9ee009b222f0d19790f6f93b04b6210e32ae9f41,True
958,L21,2219925180963238531,793b47d6d3a6399458082dc584f8e7e6fdd64b840756216d7029cb90b7dc283f,True
958,L13,3241489461966784243,bd8939f7ff2807d2209c4b9dc65c11f127d8bf6e00bffa896214d1f02c3e0df8,True
958,L31,546058177101781101,a9ee99123fee830121eba5745c69cb88e046caf231e866bb01f62d1ae2a758b7,True
958,L23,6215461374124291346,36885a19417d1207f5c1c78151a3193a5e569961091ec9c51f8cac285fa95846,True
958,L32,2093150294764076110,4ac86588a173766311aed29d48a8aa0731a491f9227fbefd1a977b1f280cd96d,True
959,L12,5493223460597771820,345fa703f0f5fa58c7850cd361a5905d20927d18df1a9d7d6cb39668d33396d9,True
959,L21,6867618392383083469,9b64044e7b935f72c07e525dd23f2229110442847e51865692ec51d3bd34d818,True
959,L13,1837894891206480961,c062cf04b2d5604e6f80fbf0ad1faa89a2989cc75cf997be68c526ae3a1403c0,True
959,L31,11125582346138476738,9dbc7f4c5457fc501bad54d0b53c906d815fa642854ffb0c6e3f38b2df9c70aa,True
959,L23,8924513181988469184,c3a8f75bb5170cd9e5c8746674e591f47e84a4d8c0d5ec3965b7dec805dfb455,True
959,L32,1787844947295339834,b2a285206b3b8a0c24a071d31f1577fdbd86d92daf0d20878463c2a9a9863b93,True
960,L12,15493202263493683709,3174f6eee9f0fd636433a32b40c9692d95013bccffbe4a380904eb2d7e37b96f,True
960,L21,2531668965723810373,8628cd230ddbff4113b43f220a0802155b43ac5b3672427d19838df58cb66256,True
960,L13,8839320595848581891,ab0c2ec9f11f03d8cba1e37230d7b89302bee5272cef6a7626817a39f05a9d03,True
960,L31,13880182015813483259,c79308ac943fd3a78cda2321c3c26da20cc5409c49ebfd0ba6aa66fd8288fddc,True
960,L23,16659836332839603542,f38afa48d1843f40ec38a27e5b67c147221986d8a1e9ba97d9aaf49f5ec6e337,True
960,L32,15349632885313869168,3e6ae5f7dd06a177d8e2322140e34725a24464ceac09591a41e670322801a967,True
961,L12,7357764045307406047,2117cdde926d7d5b45e180eee227978ac14b67014fdeaa7f0712042b7aeeafc5,True
961,L21,422579055600332802,7aa8c24af45b73d70eb4608f52ba16d8d101a9790de158c755aad76876ef3ef0,True
961,L13,17862445557349691633,1c70111b5850206e6c1d6d0378787f7544883a505f955d96900963e947c3a7ab,True
961,L31,8752560588724792815,bdd7ebaaeacae65236de9d4c46fcb343d2e0cb5e252d27416b75ea4fa435ab26,True
961,L23,8984696649876680675,d900ea3375c8c80a5376b6b7ca04cc7c737ad8b89bcde11c3f7b24295c28c68f,True
961,L32,10596318220425896989,b4b4ee363601f67ec5399be6a3687461a3f713e8990207b90792e65b263f3272,True
962,L12,16934167348448955414,78f3426b7d791c72149d55e9599e1e9a0c3d231bd9356533d089b3989a38a874,True
962,L21,4806155366903890420,f4afca56af66c9f374b06d14e616548ebe011126d1e68ff5df20512f75040cbf,True
962,L13,4627105844680124939,918280d36348ae73c3373f8937737ec724cebcfe50e71f89a927a4320f625077,True
962,L31,5805663191632244216,dcee4bb25e9bb51a7265e6b837e737f4c0081117de6c890dc2c098c9b8b71113,True
962,L23,7326117985600026896,15b43e18290f1893ba0f41cb26d5f5f3231386233a96905c424020d460718cd8,True
962,L32,12089221212627198202,c665a56b61d9e1f4556f5659cf5bc41d6b29118b20680c7a01f5c962085fb1bf,True
963,L12,14563571162890554044,aa433551f2935a0ab515f2b4099a180a42ca5a492e2f9209190876c74237b0d5,True
963,L21,8498658662864109694,cf4f29229417da798603f704ea1e4188e7a6fbc3a2610eab5403cb00d991da13,True
963,L13,16132246237427790118,3ec6bc5db4f9eb43dadebbda684e6c1e308515e9ca9fe5b783cb8e4eaefde7c0,True
963,L31,7616414072866319611,fedd81a02fb6f43e6af6ecd517b0de9b40e6ded7749c8b3623bbe5572e5f040f,True
963,L23,8329053132082480114,2103e5e0fcf83bd76eaaf2b47b578a65dda19d8c92d075212b28250541fe5f02,True
963,L32,5281978806449020813,0750970f0d3b638c54fdd030af463c87939dfb74f4097edb1cae65ba220eeb6d,True
964,L12,16070168441728746893,02f3e2891a11ba19036d1ef26fb496c69a83721dd2edab4cac30621bc4e06b89,True
964,L21,7899954702619195239,ff3f88823a8169e9de414c5f44cf39ffb939646eeb51556a094b48dd43e88dcf,True
964,L13,3313064852915884334,2a71bd9b2595ed10844c93747f76962f7e570658543072029565eacdbb2d5c50,True
964,L31,12100271637235383626,a6b7c95d1e9ddd8c34c36cb1b11aa25501e9f00efa4a9580c6293459544ecda3,True
964,L23,9900403647487603836,8172953c1acb3470e893b8f43a311e534220095984cc61c843bdc224f850a6e0,True
964,L32,15931595470513640990,f7ad7c789f4c1f09c47a7a9a9e96a5fce279df141dabf09e086c4f29e26e5617,True
965,L12,3899055916212147030,1b6fcd19f71a1d0b47bfb6169920e204b3271cbfd1856f18e5e9d79f6bff7b34,True
965,L21,13674560791393526521,01adb8880b66da7fc9cd7cc7a927d9d8afb2fbf97f8e5a43bf3974d653361a3c,True
965,L13,16352402395122704277,8269285ac3dc252844be106742da4d1c860bb5678a23c402c16b0ece89b514ec,True
965,L31,16848810925841492960,b699511bbf23a2895f10aa464e74a66bb5994b37971ff7c48a02ebf7132a8d58,True
965,L23,9005193664807975915,c3407711f8d9b21981e4f35b9769abd9fba85b8d929b59dd61c054fa4a6cf784,True
965,L32,12374717342261431336,d781380987513a5a8b19f2bc3c9c65985b7d65ce31c16cc532370355835bc28a,True
966,L12,5541422750536362489,8afc260764fb37c9b7a48c41e738e1c4907509dba9fb13701a84c722359009f0,True
966,L21,14970242508649651797,2c581deb259cd932b92668551f6b72b7b3048ec24356a59d83458eb5bd1459d0,True
966,L13,4778742394947349987,dc620f9ccd042067a79196105a604940584471fb2ed5d8faa3c62a12166a24b7,True
966,L31,357858052740146153,e05efb6eda7c834420b1fd7f2ba8ff8197d8359bc5e71dfd217860d2ca89df10,True
966,L23,17375992954111753459,ef426db0c756ef1d69b7f71a655228a93ebfcafa0bc40529075c7c3e641a81cb,True
966,L32,7362417054203803826,8fdb774d9b9518998388e184560aa7bdd7c8085c882249c6bdb7af9a3ec0826e,True
967,L12,7441635436477206461,2ae8f0a9b41cacab9671c76ace44f4d38bad7e2168e25882a034285c28d195a5,True
967,L21,15273297359183856615,fbfd380225fcf5f1568de8a0d335d9e7faa41919056d37b59991e7b11d0cd76f,True
967,L13,775384498075816754,0a3c9133f1b2018c93a6e3b1e5ad5d2dc3f20b5ddb5ad8b969c635527d8678a6,True
967,L31,18436992646874153600,6ad3ed0b8c34dbed058641988823a025675c05aef12edb4eca001ab1d64c3c84,True
967,L23,8306309441916810259,344e940aa842df3a90dc5555d16143879b32ae65c9feea795d890010d88138c2,True
967,L32,9115078109309342822,51ad017baad68c5649a6eca5089a11ca893705a5c19b51e02ccc5dfe7962e7b9,True
968,L12,8604253988994595758,5a78963d82f14457607906656979fbe1f71f166b4e0e106cb0e254354f7c6444,True
968,L21,10415680364559733648,993f05ec66c561e4e9ef5d187e4a07f3211834f2f5d36d8b5bdce1aa507fe9df,True
968,L13,9697556533665610301,67351bfd03870819a9190d14ab4a211f9b173c3ff377ab818457a35f1bd38ecd,True
968,L31,6846845444499049409,c230e52816ab174a4b5f2716993757acf6ae61e934dfa7804b611cfff945f5ff,True
968,L23,15788345321525068274,49933b4032d9b7b721becaeda293295f2a9a0349ab60273a892d7e3f8f242bbd,True
968,L32,8803027813602060869,dcb03da54e0f2cce0acd7ce6c10b3ac9dc601ec4919b35eb79252792318559f7,True
969,L12,12834576970168586573,c4d12500693bb17fe7df2e0f2b9b1cd79080503627fee6c2f34780c2b16f3bf9,True
969,L21,9614113651502383601,a223c17fe99e17e2aec027efcdd1b2d00c2c8795ec6b230c75963acff6dec4d0,True
969,L13,8612390642038533963,de32f3a97ea9a76fea0018d49d2ead7a2932a840511eab6bd59a8eb396fb6265,True
969,L31,8759698438591041589,c15076395ae59fddadb04787d3c1f1e0f89e65ee4ab8eee423379a32520dec5b,True
969,L23,2693049441232185146,e578a15dd5b2d1d6b88125ce31adf965e282833d48c8e6dc061b625d6ae25113,True
969,L32,12234730072118520899,cdf46bab2e13403b77b7364180467d7231ed26d40f1bf6c0fbb13c95034d2926,True
970,L12,9580275631311780133,a7d656174c1ab0e27392479f1fd13a0d3dee7a8ccd57603090244b56a9f5d81b,True
970,L21,11333677775331090240,699234d987024984b093c42a103a65e114af9e999f2f1811488af29cc9cd2ec5,True
970,L13,8699668843744946989,366aab6bc652d134f69b7ebe0c4986222292ad59c516b121e6c231b21bb01383,True
970,L31,3265647575499082039,fc311c5f3a902a9b836468ec2a678700baf8c930da6974b3add379df9ac8625d,True
970,L23,12545887365848897860,8e4e5e7bd322ef1b735dc89852c9fa7b42e1ab5446f2dcaac24bf7a5c4b02e1d,True
970,L32,14433500509082610955,5bdf37e7166a47573a37b57804540e2e6c6f47991dc7288a158a76df8bb6ce90,True
971,L12,5604249369122394733,02fca5120c318fa083dfaa99d2dde91ea5f9046a5421be704f12fd4ecfae8888,True
971,L21,10827166809836580748,eabd174b3f5a0e7cba1b54778b3ba5fbc73e008cb9d425d33072fb2aa58a7f15,True
971,L13,2845508486536207210,5d70398d4952d2e4c4ed2d3681d694d6b601376c232fa95e58cf38fe7d938d20,True
971,L31,6069046227882824576,b45d886c4cc185ecbcbd56e0dbc21d4e94b3f877ee30faaadf3a679f539cd5d5,True
971,L23,1154923683468114662,e8453b91260e806e1147ab7cf0bef6c5fd73cf4f1f651ce787c6727d29bb29ff,True
971,L32,1216507593808660236,92a8efc5b12af6f4ba7d0eea438deca814c5248b821ed0977e65c528c9bd4355,True
972,L12,284131829743480093,18d421050b293463ea86a57237d8afbb1c9b282fa432699991fa2b2b6ad3998f,True
972,L21,7588669365194000004,7c7cad595fd01e654ffcdfaa583f808667c47065dd34b83a9f03da66d956dbcf,True
972,L13,2092179301176917093,54779d8b1471af2dd709e67ec265c0a19a20a544297f7ae9c5b29cd952d5df53,True
972,L31,9543011857632820305,d187fab29032ea64e4b4ca7eedfc92385b740e76bb98b1ac352d8ce9b81c1ab5,True
972,L23,12577117696946865266,30caefd98f914dbb73c4454cd59a05c9d39345b494877293310f6e880a690ea6,True
972,L32,5581702931828896315,04da0eca4a74d81625589a9a7b95b1e18bb6fccbd7a275a96df1e1f55bf77b83,True
973,L12,14509102981125084328,f81d0ee21d5772a81c67214ff63fa2d407b8e656bda8d3c9f533482ecdea7b56,True
973,L21,17671048439764001313,dd6dc6fc5f803439f3f0ace8e6b3e35ec8002d7c0a9cf2da3da12b70a20bb33a,True
973,L13,3840963551131988013,155f47f73a2aa14ef9ee4ea6322a14c42354a131e4919d0679fa2130d3cd9ec0,True
973,L31,17543653215446338785,f8cdf34670a896d4a211c2672994a47a18cd9332675d114da44231a1f9e2db7c,True
973,L23,14699358741382371508,352be7ec9d2305160de8a62d562934605a04c3ef9f9227c34d19d198cfe5d937,True
973,L32,6591041650708360126,73d0b16a18e7b3fff672758cc94b317bc7fb347354e9f638c609b9c71505205f,True
974,L12,2429031159398594188,b7add35c83c5d1c0e602c47e4ebfac2c32cf6e2eca1942c9cea4351297b728b2,True
974,L21,11102480016728976994,830fd189da959f218e0d25e346f829453080282a77cc05330c1b7d1f929f8fa9,True
974,L13,5021410700421549751,600c3f5a3a5edc5c3fc3b6bdeb651c946b56b49bd4e7286fe6ec6d67698f9404,True
974,L31,1405539905418147991,90055d1f035fee86b16156eac674eaec2fba1df28395c07f8425139e2fadacb1,True
974,L23,11352031292470584302,f07b99fe4d9ebaa6b9d6fbe9301dd672f6eda00583f07eca2ef0ab03d20d7aac,True
974,L32,1813165080609791214,ba8f1c4399fed975bf7cda69b171addbc893fc627de2f3f7bd0ad10eeaed3cc2,True
975,L12,13782668645774476941,c970141e3b372c9a28f5d6177dcbc02b8d1fab267ff1cd9e6d9c06d8c5659a5d,True
975,L21,15039231771492001650,7fc77a2b26e23f78f69fab15c66f5fd310fe61c527fd56888cf76622adf45eb2,True
975,L13,13784987713433014306,ae2bc1bb7e0f89dca2067391b30b31f5e96dfdf938f5b738064219a3bfe6ed63,True
975,L31,16981426954923718559,4d70a239004dbc0d477e089e1d7c3e6a8db4526c8dda1cd90a3fac134500cd24,True
975,L23,14228666973439254606,2981453743e746a72b19a08cba93793b0a7ad44a1d72d0e5d2cb7d743ef61e1e,True
975,L32,12714292916508050481,57353160ce0ad539f71b5d26995916eb098c754292c40e0070d9e200ace43097,True
976,L12,4199581681402481516,a908cbdb24743c302c1e1565c44a19ffb2d5147450ad6b0041da3f4759aa51ab,True
976,L21,5099319757247829095,cf274e1fca1bc8e8fc7a83bcb9947f05bd483fcee5b981888f66a26a917b27c4,True
976,L13,8549006408024500362,5adbc2129efc7cbf7f48b5e266f64d5c743379b3e50f86312872d22429c4dff4,True
976,L31,12562699474975914336,534388c231caa96d7039b3906f8dec30d1cda1891bd61758c174f9ccbdd2ec2d,True
976,L23,1649903274571283455,f2f5dee5d452111b7b4635714e982496d175bd5ccad800eadf14ca275b6bc883,True
976,L32,10743030569599851904,12a62fd8484bddcd3ecc1eeeb73852352569c4895f85ec419229802b68d8570b,True
977,L12,696651326996269147,d97af933caff3383761e87706d152a28848eaa65df8a8951313506cd9da6c76c,True
977,L21,2166787659832246892,a6493c382b5709731e3a8809acdeabdd9f70a9746b3a7bc9866f95348fa4b387,True
977,L13,4391336962667752119,1d810c3cf087eabee46fd0124b8337a2e84bc098078460dc4fdc4a576409c458,True
977,L31,6085991301373248157,df80f004fa650357e06f5f09d1899717dce8296fad1ef6f6404c368dcbe94a15,True
977,L23,9761024524274750838,4fd241409dee537b222756b474e653d49380d3b79e1a1efa94c453301fa19596,True
977,L32,15755950888122860311,92aa8a51baa7a140ef138158ba3eb41129e41c2c14b5c1ccde8ff614a5f3d851,True
978,L12,8017115066209082787,0390463582b8c8231b70eecdc0a990d0a2dab41a0c788f2110001288ad6f8ee8,True
978,L21,2993900589656796603,15b1c17c224d82892cb57a65ff175f59f088a26360e3c6908d80c6fd3e416f60,True
978,L13,10972071302197070693,26cfb6d88737d69aa3d8b07b21b934112df7d2b73b92ac1fa96082eea7b4a651,True
978,L31,10483224556802180841,8415c09bd96e8fbc16a10cdd882f387858644fd26907a7084617aaf637efd38a,True
978,L23,6891880706459988177,10e05e91e10fd9178af1f64c1ef2a4a0f15992276050988730d871cac8cbbc0d,True
978,L32,3428532365503521025,210eb0bc4036c24b2964a8d5e5e35a9a53c9bf091ad28cfc1ec15dda5efbe3ae,True
979,L12,2939484605618786436,682e120d34068d91adc1baf1e39df137d4c76f38d70df3ab49367615fcc27b1c,True
979,L21,13351297785123505761,f9047ab5ca0997c2ec3ba99ac27830579f30b607c0442293c7d6367501781cc1,True
979,L13,14176870187281195392,40f0b55376c7f32c7aa76ebf46b2ab9e4becf5cf9bb41568056c17845e19dd3c,True
979,L31,12845098958914437152,75c8b90c7c15d0ae45723fb3bac9d5bf2255a8e95ca3a1a529efe68fd163d63c,True
979,L23,6796069972783293666,a98afc93421a002c07e716a3bdf15867a72450aeb2534dff16805be01c481f54,True
979,L32,2475116666705810114,98077bb363086ea80733d82bde14e857784c1cc2bce883dc1173bee2b872b06c,True
980,L12,9091288171252500994,5d216fe5f9ac34f30aa5cdcd1d478db9712d5ba006fa71b2e969a0db372cb752,True
980,L21,3373972754788115944,9acc993c1a16eb94b3fef41a4022b3c14f0f37f19096ca6c155c0ba98168a3b5,True
980,L13,12248776712663548259,29d5f42e05c66ad5d0ae40b13f4710bb7f6f312f73c051e6e09b65aacf9fcd05,True
980,L31,7475100577213184321,3de9d8080c691525573fa179f1055e71964fd3ab05b95fb5f41ff1e000c9f889,True
980,L23,3091106894405000103,d400176545549bc1eee1aed6672719e638c6d9caf81b4900bd0460c4f1652338,True
980,L32,7607535101404169888,da69f793d2b1ca1ffd86e8c2e6c9eb9b1a449a553d16c8b0c5df3544b79af306,True
981,L12,7680400937983748720,94a87e5df358e9f0a1094630656c15e5c48a6a37d8c7166645c8bf0c56177dbe,True
981,L21,12132864983863835614,c7b9f156db8560e340711a6561be6d9e917962697427edba5ea9bace19de66b4,True
981,L13,1215885900120868358,c2fba6e6fe6b02e17d68d5aa6798a04504a4fedb731b08005838a96f1b57fc5a,True
981,L31,2445899257401928000,899c2edd20f5e2feed7c27900bf4c5cfd86147d4f0b0e6ad128207239c3350ff,True
981,L23,16727386231552663355,d673302ce41db36ad5d1adbbcf02f49043f81d7a9fcc1c03c43c495acc831c16,True
981,L32,9564626470357499297,94a140f1dee64c654796b9a916c95b4aefb4d17f9a149a70e28f7678d9830e4e,True
982,L12,18398732651939834088,ebb99595fb4efc760ef63ae524a782170cefadba984f2409860968c709a8e996,True
982,L21,15587504603339361564,53a54bd5da5278b749d5b161b414249c971df32d9ec83c7cd045902ff66ee6fa,True
982,L13,13326754200051005861,bf55f098caba4ea9253e86411e798d5ed3fc4e866d0449d5f806351f203f11d7,True
982,L31,12974953679837007234,e0fb689d9a591f5468f5dbb16dd348657120ec8384874b927f0fb8986f6419ad,True
982,L23,8556586531043762143,fcd02b95ea846901a2b1de39619930ce293672ff20fbf4eaa67679b864ac5f44,True
982,L32,2372538731700285083,462e5404d07cd1b74cea29f3ea66f86e458b8217054b0da2865f4ae0a93d787e,True
983,L12,14968881508920173996,0204d3e612ba8bc8179d3b7c2fdffb10180704ce97c8b453558d535cfe2fe130,True
983,L21,13014670135008420978,eafa4fe6038438de2b705aab01759d26749603ab3c0ed6b0e4c43c64fa679140,True
983,L13,16301592846357036580,3c6a8ec12d711b921d993a7796a4685edd475d0ceaf1fbdb0f6acd40921a282d,True
983,L31,8241890137742026221,2d1d0e47491f06f00bb0da96ada2b0c63a19d9fc4745d05b519703f4f7a674e1,True
983,L23,12733774088244488342,33807440f4d28739dfb1c8634499d43b8cd8978f0a439539209365910812d751,True
983,L32,3417465561513348395,675e8b6b5ba410f95b53483fa0b20efea5c15c36c589ab78fe61358a4ede9c19,True
984,L12,16602950361721650372,224c9517e09e30e2c63bfabe5784432697925232bf55c49cf16737c90706102d,True
984,L21,4596199614329808103,797001c54e93ad1379c50d207011ba0c74d0c2926c03280b525ac87931d04b26,True
984,L13,10714562764883750185,3346cdd596309b9e0bf0c173f13ffd44e111d9ed380bf10d442e10c071d5d380,True
984,L31,17200504166302031556,70ab7f64faddd62d39eceef20ce1ef2aaceb44cb463514c0881e61d2f73ea76e,True
984,L23,7630964948715490766,055fd86f7ac6ee44359bee03e9bc5d84e51593d6cdccbda3f6c5889632db949d,True
984,L32,5039991717202480598,4c39a32ef9c3031936356bf3b690164f9d92870fa92c158464495f03877b5791,True
985,L12,13237884315558865098,a7c39265cc83e26458a936aaa84b93cb7a1b0ff49380b1da0ceacc4be0961d37,True
985,L21,2409123486374671263,ebf482bf82b609e811e9857a8f30f493c278dcaf019c8affe1f0cecd6a0b3225,True
985,L13,13234447846844364059,9a1e13b6c0db3ef605920a9fc59e51d74b4924526c88e6788c0fef8d0612173a,True
985,L31,7832182142000581244,c6ba74ad7a86a418710b65e522a6b73c3ddec5c2f85890196009ec635177c283,True
985,L23,16020713086519460427,246f6d993553cfc9d5687feb71c174b72a37d22cce817885c5da20929c6f57e2,True
985,L32,6851031067741100707,ead154ae23ad3c3c1a2b7b14cdae30871be7a1824677ef73a95109fe4422005e,True
986,L12,14804169108637335723,afeae12c90ff576f8d8647a951aded628ecbc0d744f6bd8f9acebae4943ccef9,True
986,L21,17133542324648656922,ace7fcc60891f266885df195305420e3474f49d0dcb574a1ddedc7005cbc5d77,True
986,L13,11250110932585167746,ef58a8cc04e2b527984cf70e432837199e4e5df1f11fcce99210b537d62611e6,True
986,L31,7353092399886364169,969b700e5daf63b1de0fdfc1b7b3944bacb6a64cfe864ae57859efcce810fdd1,True
986,L23,2533366194308153539,9bf19e081b6cb5901788c35d0a0dac190f01ae98e474aa573b6d6df1cd85f626,True
986,L32,14043658387287024439,272c0c4bc846e54f3fac511f4e6a5cb84ff57077f7e54c10ce2b7ec045747eba,True
987,L12,4595937220547277527,0a5c041b821b82da2da32dccf8a30eebde517790be2c8b75946c642f4a90ab98,True
987,L21,4517421489304765113,27f55cd46f6de14d316c5bd866355a7e1e23743852db9f9302c1a5af12993739,True
987,L13,11283319710387582957,dd40c22d7839d16853038556552b80848b8967aee4be17549d11196e16c8a405,True
987,L31,8325393579706250118,a58143bb9947116bca8b52ed8ba7a45b7035c77b85705b349444735f5bb9db8f,True
987,L23,2355795355273743798,f9a72508b76232c9d574ab1d1b24a377af61d6d086272f1647894f4b23a5ba3a,True
987,L32,11931661880690200890,1792e65afc6629de368693d8c8b290ad50eb5537018015cade703567fbbe26ed,True
988,L12,2429573522940823688,9021ba1de480736486a014150d9e1caa708e472f7f998c14c0e3875c088aca38,True
988,L21,13771727970077303807,10da0d0a512d1ed6a971510f690ad60c85bb600a2a59efa98f9d780608b64971,True
988,L13,6363584446417835779,9bd7d1178515ce8387d30ef54338378af78aa2c30b4ef2d69f85932c2cce5496,True
988,L31,15044957667886399138,c6708bb53245f726e53e39e5387dd11e4c0f2059bbde0eb60b06344d7914b54a,True
988,L23,8950965242513173520,e2ee46ece7371190a079fae4cb68d49fea4b9b688de3a2099f24f02bf2111dad,True
988,L32,5272502617622483437,0cd0da891f01b3c7c09e6eca87e6acbe2449ae9b5da157bae5dd2d40dc9c6b40,True
989,L12,12351896419670409162,8453d3cb913d47cf2cf31b37f648b39b61321184b3f0a1ada0141d40a506bc7d,True
989,L21,13457096654677783499,fa8c2146a21f77b82b8938ea40d96f63f78b89316050d0c202117e0bc45d595f,True
989,L13,6041107564134145079,0ef7932191e52a3423fd007b3a0da34e39a326b721bdfb4de29bdbb2f021eb7b,True
989,L31,13502533238789822042,8384b57c35c3d574ffe9baec3faae1d9f75cf68ddec6e72ae2c5c1b9ec01408a,True
989,L23,6331106537482272010,3698eae194795edbff2404ac5aafd5fe7ece89b0feeb29f52c7697d5b68a97ed,True
989,L32,12502555188441259980,6a23c98b5291f2758372ad9657bde522cc9cc39b954d54d5a7f74eec54660575,True
990,L12,3541762158406356895,695b8bf245f35daa4b80a8feae7764338a93045297618e384548efe95a70ed9a,True
990,L21,16918611413529209212,e9c3691b0d033305cfdfa8f6068172dda86572eb47109bf7be159289a50e5602,True
990,L13,7047661328608240597,0cea97999ed6f77f39a9dc76a47151c749f3c2c7852433bf0ef62e85824fbc9a,True
990,L31,833501828286941282,97b523668020a2d6e2aa439ea184ab258427e62c407f9c02e385ebfbc9b3e787,True
990,L23,13482533702882436836,b96e61d871198239818d353130d76f0c79da6a0a06ee244fe7bc1a7a08f96c40,True
990,L32,18132015429265316433,61f94a4859be656a11d8635407eb64ef875c990824f037ef459d7fa940a89d11,True
991,L12,1428522636240181871,bb0c15df85596462a8e66f3aaf7735262343281fd7a61e50d3a9d4515cca1fb4,True
991,L21,14457312022739434215,e7fccc7cdd306a86f4258c049017b0c3f595fce7306d64c493bf05a44e74f3e9,True
991,L13,9680863156636513607,4a4d9c4144be70e309794c89e01a93610efea71991865af15ad3829f2eb1ef1c,True
991,L31,2045478858118021725,4676562c51e37573a1e5891889cdd91f4480ad716d5669e1a813cc842d442e6a,True
991,L23,5954488367239250026,9e59149abe1515ae9dc441e10c2683eda99c5cd6175883ad2059ba7fa2d0450f,True
991,L32,14880593912236934370,b12740cb771380f6b8030a8347b0f923b7e86fc3778bd2830d07bc1f1e4418da,True
992,L12,7844132853730000742,ba987eaf8c9fb697d7ab41815e3acfc65aee6bc3574d7488f73564e5dae09277,True
992,L21,10408013321777812848,886995ecaff35d5d30b6ce45a17feda2056888a5ee3a851e474c93da0a459307,True
992,L13,17905889485511457606,b913f961837cdec68b95a0577cb1aa9dcdff81772fd1d7a9abb85da69eaee600,True
992,L31,12222383912563147699,0032a057a9e1dace6c1f1142232a1e579ed43d0f0cf417a320f3bb042f520f61,True
992,L23,10885206976145269337,29a48ab3d70e95f4b91cf0c49efb3eeca0b3ee105267eba22b9d06ac421a4b00,True
992,L32,13149384594260889503,7723112fd6d31365af8d69663fbce963eb930fe90b279c2719eebfa861e17533,True
993,L12,8337773342485258716,7cc2c8b9c5d16c2ebeda794a7fc7bf5757f5493f0c934f7bfe47217c8dd4ec34,True
993,L21,15507890525724985857,cd92bee334297dd81df68ffb277cfc4baf3dfe616abd49d796591c5215f35361,True
993,L13,4453739563804443852,4e4b0401ca3439c034cd735f024e7cf63d632448425d50a15ea4bac399514146,True
993,L31,2821749765417324858,659fdef6a6c735bc6e9fb0c241b9c46611cd578f6b3c4a93f5917b161cee4951,True
993,L23,3104200587056773748,414ebe583ccf74d18724b21a1dc74aa5427fab87242d5490636d0d2ad8d84164,True
993,L32,13323839547156486659,48f252b124b0e8b104ff5591b6cfedd1d7f5b9567b56f647e64752f935df9153,True
994,L12,12874700114258702333,4b11b5046d00493bd5d148e47eedec88d5f29d1a4e17ac316d6ab08ddc35355c,True
994,L21,3854149821982304861,7943468e3b7938684e465cb7ab7d14617dcb9f0c1a50f419ac6f874d84d4f558,True
994,L13,16818132729242626496,6ad149f73db5ac8320dc14975656c00bb64d81fbbbb33396d715ee57752c87b0,True
994,L31,13827971740660167444,dd089b9ad51b560b4d5457631d936f631ece2ea7d5760bd568e198e783638d82,True
994,L23,5296169680702567113,338162c65d2931f11b8a0af28c8fa5f5097bc81c262d61a6cc26899d8a11fd90,True
994,L32,8232398878200575652,4cba381ea93f1d3d4815a84f55d8cec8d1256eb2c0f939a4fb6286b20112177a,True
995,L12,4628341604382345140,2cdb3b10e0ab090aba04abec115d76b4cca1b154168d00ce65c6c8db0e6e9322,True
995,L21,9484603001290574027,28bd93fa070010de20d4caf2ac2902891641ca95faba1c9e8b83cd0569df80f8,True
995,L13,18363317975602989401,565dfd87d83624cc39e9d9d16438353e8f5da3c3f58f7d770cd8c15827b11aec,True
995,L31,2771778572403384966,2a43ca8bdd02892d83a254c055b501b85f7dcf44927c45128b041af44a8fcd67,True
995,L23,922796002737633658,e3c08c8f60cd566e6ab43eef38d2c2be79fa8cca5b5de8f0b742b0a7cac4154d,True
995,L32,5207835345604778861,f456724fcf1e2ce5fd84bff18fdb96ff22b7eddef87b78a623d6328ec4a8ba25,True
996,L12,13964278824841151778,91e947652ba237c3d473ac6eaba3f70f36263a8b3fb9a35e14f3f9557e8fceff,True
996,L21,3244443172623315930,f2e58ab47edc1e6623a369ca72b63da930b34fd48a705ffa4d3867fa318587ee,True
996,L13,329729450528869753,b5cf31604c0c4493a9cd402e2e3413a8e1c604187a7c1d85c19cda4f703fe0d3,True
996,L31,1127875709461029457,df1a9667b87a7c7a5ff563db207e3b862a2bbe0f3abfc3e86cc617f0c3db787d,True
996,L23,5154464050809866482,bccc407589cdefb7afc128c2a82ba31c822ace493cc52f563d2cdc883257d442,True
996,L32,18037824574471049698,262c9b3410f5e556bc6426b3ce850403fbb49d61da0e61e3b6b0eb4733795a03,True
997,L12,1568373569651229873,bf95f1e34474e282c86d5d3125a00e1b9b546dbca85dd9d2b4146a09a607d27a,True
997,L21,17721265492060121848,ddd412f11a5420e9b52f78e5ad4c8a8827f84f79cc876cc885345d4d02ee71cd,True
997,L13,8577065560673955408,588ed50e0caabf02a8e2db8f85e2126972d5d28e9541d4c7514c78601e18ab93,True
997,L31,12623050360395978250,f9b6f27604ce8c2878e4ed1ede80f55c0e4bb3705c492837627c33f98969a22d,True
997,L23,3282489001254424401,05e1173d3774efe99fc492f937af6ec96ea362357a702c8c1401e9674c73e73a,True
997,L32,10491178084945282933,10f3438202fe4c4209b530a20105df252dc855c02bdff5c3156bce904cb1ba6a,True
998,L12,5003774318300150487,e2651f0d7a31f88f0d5cfb5dea90d0998678170210eaa77494009e1ac6cf60d7,True
998,L21,96209643606754789,e755c540c348ba63045585ca22b9ee7db7994c1ff0e8aaa955c8930d80e1bcb9,True
998,L13,18256931684453241299,f3db84896a099279e0e69b79af2b93f8e4cba27d0e7dd5e8ffc04e334bb1d8d9,True
998,L31,11685347551778070151,2ef8b4dc6c17a79804d6a24ee28b9330b4b5b14492fbe59b1fbea12cd1639f5a,True
998,L23,6789767029344734838,c302f6e9f5301f79fb89768e556a61491ebb6f481f5c3fbcb1860789b802b9de,True
998,L32,1958201619153581323,6fe57a01aecf60a9350d92efbfcedac9623f70003f604a658e971cc2c022a364,True
999,L12,14700669341513161360,2de0a9acfda9070c86704695b8147796b64468af66cae512f2511a879acf8747,True
999,L21,13701891128863819348,fbed41955a4cd6a365fadbaa16e0db47061035a4d1c32816c61262886523c8b7,True
999,L13,2127303916559208392,9c1cb440d7b77be7df0384fdca8e8e62910e69d9329e658fda45cc73fffaac72,True
999,L31,8532236386508299610,1eb8f8fc70b31da645e21bb9b2e6ec61ff7592fadb8d1a29a99be06f40773204,True
999,L23,12082280999986741444,74c1d929988485adaa6019eda4fd1f47845d6b98f05e3766ad1a61eb4690b309,True
999,L32,17978340827936604374,723f551fb7aa6124ed7a691024645e011aa851b4697c7949f3361f87e8d20b01,True
1000,L12,3471296923263432497,3c2e051ecc8338f1fdd9b8d4a95c8efb88933a3d92265eafe5e4bdd7152bae95,True
1000,L21,991229215880099341,23aeb2397a950c0ef13426ffc08790804379dc3a8e8f455ffe0245cdfddaf680,True
1000,L13,1418886804525363921,9f41c13270afa337f3fccebaa5ed9c10c40e6cef4384286193d7647252faa8bd,True
1000,L31,16300702661688096107,c7446c013a68bed914dd9d8585d08b23258ee88c17f363ca8a489d4dc03fe51c,True
1000,L23,8921933698289958749,d4a256e9aed0a15418426bca85106fdfc503d9b76b76a55a49f99d85b01286c7,True
1000,L32,5782490848737557210,d767e7f781387f0bc52b1d9a77a57ddb80ca78855695f563800247df1543d40f,True
1001,L12,8998081859083780176,5e5e281b9fa63d53b67099ffe102aff1bbfcf4e269a2b1d94896f1610b6f68e2,True
1001,L21,17663186423619177309,bcae5a868383c6eefeefd74c957584a2f4663d5ae46c85162347cf0bde068932,True
1001,L13,8678387090338922357,338f938416bca10e34cec531fe346da676bd2f520eeaf4141603205085a201f2,True
1001,L31,8537338287737998576,a93e0f6e41d21345378c7d645375b2c877ca39a78de523c7381a28cdf7753f03,True
1001,L23,3842570874249631880,39600251910be8dd3dadedd53d5ec9206f3118e4999b1932a34291c3a207b85c,True
1001,L32,3928828551742402454,dce0b0a31cac012aa2ea1af0f15ba4507f448c4f5f4640f1d36478c6709a4037,True
1002,L12,3583782536090839574,9ab9764ce8d4873395b224f802e7498c43609df6a9972fa18207858320f6cb8c,True
1002,L21,11504171355877017771,7a568fe2c66099f9e497e3e7e7126eb648b9ddaef8a8efa092cf351c5b8671a6,True
1002,L13,8630052165159980456,1f665f15d77b2c7912576efa4cfb19d7da55df4a5d2fcafd4eb970a91d3de460,True
1002,L31,15137784432103959085,c6aaa88ad063ee9769b12aa9541a77959ac8dc1fad71ec737f6712684ccdd46a,True
1002,L23,16404360103179362267,adb55d870b4372c9f214260bb66272321d1fa79759be7edd29e7bda9747ac203,True
1002,L32,11351125561991675688,18dfd0bb159f7bc124f24a070cf4e6aa78e095e35cd898e38d2c3229ce35c4b4,True
1003,L12,9165776382674851284,119430c54fad9210288e7ba100075bc7d20f0bbacde6cc4082ef202ee15b5386,True
1003,L21,8253162608274968531,903e96d254be8d6a8f5bbb348e90530b30c6225e82138fdbe068ae8f1c5f1680,True
1003,L13,1125943480787170212,ac43fec654a8f6c749a2a022c105643675e58be5d49ee51731133b4bd9cf7805,True
1003,L31,14898744165582476418,a935b78a0934efce6b242aae1363c7e3637e26ca32d41e641e51a971ad40a93d,True
1003,L23,4677696940868032941,ddf42c3098fa61d44d6679933c9704b94e566df9962d0d4d5617ab1e713ca9a8,True
1003,L32,4037928817155063832,14f748b7eab89e6004b2bb0e23348e9051f94b859564831660e465347d3fdca7,True
1004,L12,1369019929899430365,d8822469be388b9462ce413c2d099152685dc0f835ce7dd49a80e2df48057a04,True
1004,L21,17255972564529194551,5e7b34f1a066c41a224aef339ad5401a5918154e7dd62897320851c5b8f2a3a2,True
1004,L13,17884649053376332445,b05d04d8d802f8b45aab334e9a33328852f990c06991c92928f876499c5aacdc,True
1004,L31,2928659812589085578,6c5dfd0fefba1f1a577c6c5112aecf8245958ba7e328635b0ad3f70ecb78e639,True
1004,L23,9676711888985774299,72a0dff3cf70b9a6b33d0ed0e96a98e77943a47c8d465b0016b00607205cb584,True
1004,L32,10999267812674645852,66e75be84e937204282ced98812839066bce5bd1dadb7b3e804f213365e63cc4,True
1005,L12,2884507300701244820,5ce7f4eaa629460520ced503694de8778183ef4a7b93ae11bed70ba5096dd40b,True
1005,L21,13715827712959012580,a0586af28105be76c998751d848797c99f2a9e75f2b007e884bb623bfda326f1,True
1005,L13,6080250336401741406,c9c910eb5c71254021403020e1cb0139ab0301c70444d8f24aff754887544537,True
1005,L31,8221368233568980438,e77bfcb733f6f9e3ec1d70aead8bb68e6c99a745be75d9637ad8cca8658eb21b,True
1005,L23,16205330220789810363,b1091841d38e832ada5f75ac294f0b9537db5fe954e9df4f739fd454321f3e67,True
1005,L32,12771918448754845726,9949366e637ca7fd8173badb45a82c939a678e47bb18f424905c1206a9425b20,True
1006,L12,11218612774829060967,e44c4dc33b6cc251c69dc8de70f9cfd4ebdb3197b5204534dab0db07c2a63b1e,True
1006,L21,3104099157134525045,46eeaa8c55e711492ef1e7829810e1c82f583c76b691e2bf811280c63af8a119,True
1006,L13,15886439001030083195,d890164530107c793fb24aac2cad0439f041f7e7cb8ded65ec84095a731496b8,True
1006,L31,13127131764323652081,6bc7e8d4281d97d48dfb0a5bcf55e41bf9a8a7afd075815bee477d8249f1c0ec,True
1006,L23,16698000652898523454,8251ae44efdae443b8e08559d78faf8e933bd17b28ac42d006a6357385873f31,True
1006,L32,17332941934990882147,6c21a96fd3f9df9a600576cd35301c56352cb853400f7d964c399fa517f0efe0,True
1007,L12,14102743451352095368,39229fcdefa0e3dd7ed1409f3fa2e78c759a3c6a378515d725ca56e2e4aeb04b,True
1007,L21,167784155109489434,cbf4da7e9cdef24a7a710b048e3e8d3dbfecfe8e94862bea39f390ae1b0d8962,True
1007,L13,13680361653823351424,fd24ee1c128e4b0233a1ccd25fa1abf838b3a56441631f509bf282d9356d6951,True
1007,L31,9558270004401567685,6de5f3aeba0272ec432e61abc274bc7f85d358bfe28174e003ddb6ba6e91d5a5,True
1007,L23,13995410551011149046,b4fecc5ffdd90e6a92df8d253799ec3848bd2ac58523f776086cc163bd6dd368,True
1007,L32,3190136951817211584,8ffaa97500f7b950fed52ccc3f9e60c05d2aacda35faf1434c9f11b463bb0703,True
1008,L12,2707986558062853929,ffc72e16da548b21fae89ee99cfabee672c361b2e99d58efff1e6f686d5a6eca,True
1008,L21,3489210393820185745,7a678d0335e017deb929a56cc95bb8df819075972d5102ec86fd8d325147a49d,True
1008,L13,16635100923795300014,7fcb83a90d16b007aa732e696a90b9d005445ae86bc2a814ab93b79bbf482981,True
1008,L31,5540001711893974275,81a8b0a94c9d1fec75392e1b562b05746cf682522638e4b49e5a767e1be50fc6,True
1008,L23,4650975496347740179,969a59e6f58c980a0d302642038bf4d51f6eb82f8e74c371497f52206e6d6daf,True
1008,L32,16797177591227502754,83c3712c5a932fd48c1f2cec39f86280414721b01b2cd86870581407e3fbf5d1,True
1009,L12,7592256554404016067,f8e8b6948596a8b3b92846601bb2cd6e7c30dead9786c712806b5d67a076110f,True
1009,L21,4168593599627485837,470de5e50cebbe32a5daff244876f315caf57ce164de69bf4844bd828e775ea5,True
1009,L13,2308900927710407767,5b151047db61f5956df95f22006d035434e13f5f4a6c963f49a691a89e8fe7ea,True
1009,L31,6905424163262057927,1be0ccff17c51287546c52567faa0686d78ce831c47dd69c6080e3b341453285,True
1009,L23,3687039523421076883,e39b783c6cc4c2c1cbe75a54fd4618d0f42fd917bda09351b3755e3f38f1268d,True
1009,L32,17575860404071388378,e72431e0c9a4ae384e45440e9f2a02864f8eb8cfeaa837fb28267ba6831a548a,True
1010,L12,8581510291517330483,cca0f16b747018b2260d7f7ff482cf3659709c4018cbb0f502147eaf116015b0,True
1010,L21,3632242969377627943,c0f9058fd461d230bced8cbaa0cc5267bbf783148c37f4d8105b0635e7ef65fd,True
1010,L13,1501673508568750265,ba581bf78ee907f95dac44c69e22bbc50d7ae80afb968419adab5bf96f75ca84,True
1010,L31,8271011706928110394,36e9f691c44e089f6d06930f450914b0cc0bae9d5429875fac8d195938ed5d3e,True
1010,L23,17470315328458681719,67cc238fdd5f507c9b317caa2519975ad0ce35276743990b0e10430caff6a91b,True
1010,L32,10629438081277522121,9293bc756a2153d91cc4548166e8f1cc73a86c4c5dbfbe48cd12058a520dcf57,True
1011,L12,5076337680760495290,8fcfeaac1070b1a4840edf1a6123af886f96b5e6a9106fd1fabe95fe45f46acc,True
1011,L21,13617790612176349671,35cec74e6625288a744155998013f731335d46d5453ec36a55fda0e8d69ab020,True
1011,L13,9115459087506008505,e05a37f97a33e74388fea686557483e2ab703957f5897466c1321a10cc001b8e,True
1011,L31,9225636925353063543,11fcb8855a0e2d41ad60598d344fad0697c05cca18043b7ad5a5179c15af8435,True
1011,L23,11563309062703539438,2f0719888e4f65a20a4838f532d03296a3b3744343a9d573fc566e684c823af3,True
1011,L32,6324942646616467707,fef19545153fb05f02ad3b2340519739164d940d57fc3e3c46bf3597b436c7ed,True
1012,L12,14946205460553891669,06ac63fe3c18d9f0c9754908722f2c7e091eab22487cd27fd2a2bb99192a7bfb,True
1012,L21,2303850109519593139,38e93b0e2ca1764f0ce2768987bfb53b690f9b33740759d2fb4516d376b52580,True
1012,L13,18222328858721346239,29d312f6193ee004a018e3436492fd9b770201f204a704d8dbd42305e24b61d2,True
1012,L31,5524532419335848761,e144175a0251483d8f7df1825f0a550e2e76f7b1b0835ae677731a7aadff15d2,True
1012,L23,2616121889588720090,01a776a421995b000f7029e9beea3a2395183636b40ef8c04b195454873c7bd8,True
1012,L32,18248156637802689748,26d662e81e4614675e604dbe2fcb28efbaae5882a11c319e78edada4b1d40ffc,True
1013,L12,9147189439122516880,2ec653af3c636766cd3ca1c27299276f312725c18a7c313dcf96f1a591ba5432,True
1013,L21,8156783908432299587,2740ba4360ebd3472e163f37e8d1b791ac914161741072111d26af5905bb6cb7,True
1013,L13,7957026563952695227,8187e19d02534df7dcb77d5977f293cada5ea755e4d246daffe9711c8b27e111,True
1013,L31,7796966711525083353,92c670fd60e609956c540a6f538c8af8942479a0f7c88c8c2d876d1dceb13e73,True
1013,L23,10544894093392350714,1ec3dae2fe258a1dfbc858202e660f90b98c5a5ac87b279776c36780276895bc,True
1013,L32,1071652265145682521,b0c3d76901ad70df3c2b0e5ddee3c5737605e535448106bd2fd00c08e29bdd95,True
1014,L12,8694856883375803400,9bb0d8a007fa84b81357fdb6db06e642f3fef3d14b743df5d5d90d01b8d465a6,True
1014,L21,1698677221942865972,40ed0364af35bdf41b0d6a731ea1932bff9790f4506f341939fdbdf032fa2565,True
1014,L13,1676389023789844262,45a71c559f72b6fac2b83ed20782c2f59eb66e05809865972e22ef8e0583bad2,True
1014,L31,909353274426690782,934219466b41927462e01c52484161bd0ad74cb4714c245477d7d156b0c0f55c,True
1014,L23,9984976235667594101,1a6af5a49b72981a0adbb36fb527dc904784e4341ada0e756efc11ed46ea5317,True
1014,L32,5663181050650359997,9b0e4f287498f5a799b1a1b7ac97f7199e2f407714c4e6eacfa5a72e6e79c752,True
1015,L12,6313918618896674775,f4382fcddd6c4863a8294600198a486559627e9c85755301246e2c9bfcda6935,True
1015,L21,89676207613766453,4bb1f629dfe9372b03e411a176ed62b37ba8756fd234fa5ca5787a66d09195fd,True
1015,L13,8050561656715680082,61ebfe9125d74c75fb0a56907af204c69e9a2f2241f28a1c3ec9412051534e59,True
1015,L31,4925953929639014707,c35af5f96c9503785252ca07afadaa3a71e155f8808545d16795fe1b82e7f951,True
1015,L23,781748378773053122,bdf13dedb4bb42e100256562a30a2eaf4c5182a99b577822aa304a85a9b0a5fb,True
1015,L32,17013108621721894825,b4f49196acf70c2497e99ac7f47e9bbbbcc34039246a43e6ad4c8f33984e2533,True
1016,L12,13354658277976342148,8bfe7f54cb1270f2a0402614790b636d112a3bcbd9a6c884023332b92c21b4da,True
1016,L21,13378827272676177661,82b830cadaa3805fd2fc1ed2c9043e9b6437ee8a86d6da2d5642c603dc436836,True
1016,L13,11835118358149842062,cd9b1bd9c645b5600251f5a416ec8b8af1bcca05befe43cfde81db7da4568d29,True
1016,L31,2228682300705584928,1e485790f769dc9f033624cd1085dbd219215f2173dae8e49a3f55a09b28c214,True
1016,L23,5342922203251132843,72b533bb9fcd163af7153111e5bf0ea6deb9cb8d01e1d8798213a8ffc73e5f01,True
1016,L32,6771946822681719200,3500eb47e205fbcee5f02a448add7fad60cc53e42871c9009b947e3249bbfea1,True
1017,L12,14754221411873742171,1ca9e5f02284b34000bc9e868b98c4cebf8522dad5c32222b75d722a2e43fa43,True
1017,L21,15266523294503480684,c523012a5fa711f1042a0c6023c42ab951b138f3534d7f2395be8db53b89a826,True
1017,L13,277245161972766492,7cbd472630463d43335fed720c0eb11922266dad8b25e1e322f1255e23a38a83,True
1017,L31,2712510731790862176,c3115f6c452c60f3f5063b02cf76e851cb6f9937b2976bff9cd8beff38444e81,True
1017,L23,828946875377256963,1ecfd21963be8070d1296c08e9511b932b65f7004f114678aec18cc15c6f8c07,True
1017,L32,11759169441198417937,e50b23295b1e2717e9785a6f92370a96d6ce7cfb4f073139b471326e3365ca98,True
1018,L12,12054957939664685518,821ce4301885194b95003c2f153cc0c1a543707efa3d527e5ca5810d7f9d4020,True
1018,L21,16944106689973235455,0170803155605a2061d2ede7b290099f6ed2a1e5f475ecea37c434adc40e315e,True
1018,L13,3098656154731468249,8c427fd271070218464aa88cea07ed8f913c712b0fd3702105bc775cd3d380ca,True
1018,L31,16971941845178621720,52b7256edeb265327ba123c566e4a3b1f3e0ac6cb93997eed38af4a61b56f2a6,True
1018,L23,1157121622457740287,ffb0a3c9ba64b9f22764cd4296d5ceeb22152b6a0c846a7b13d1375d3c6dd916,True
1018,L32,7585942340703185388,fe61dcc6f7fa88463c6f9ad4c9b38453cbb0a8d674d7687fee09627516c2d9e0,True
1019,L12,17498846366317770033,6f0c93fc4e501d69b335949db3653ae021725e6f833b1a77de78c7e0bc9ef403,True
1019,L21,6668136536635880801,0823545e0957f5ca79e9b8b476a26053d21d9d6407614dc577c2b43abbb1c991,True
1019,L13,11270549117380127056,cf08eb77e41b9af174f70cbae5b6ff6271460d9b1ba9a9e939a1149f92ab7062,True
1019,L31,8729826627041739015,e3cb0b58ff934e4c97a974f6862cdd351ba689c0b94d7a14f4c82483c81dceff,True
1019,L23,12860697954521513265,f1a2e42075549b3418a81dcee9d923c6af6d4a5ea8e5a02217cfebd21c16302e,True
1019,L32,5757585336983891332,e19c78b258b085328248dba4aaf3f8d848bd128957d3b3887cb11095af7dab39,True
1020,L12,12200562463830983379,9aaef23b3dd8767ebd240b569440f757d0bf5884634236251863f6c72017d1b1,True
1020,L21,14777998241774876950,2c912e37510858f819425c2a7033ae1ec89dde2d0d00da7de571736b9962bdae,True
1020,L13,5532189974053303431,388a39cd173e757b69243bf91113452d207a00b777bf3640c9a883715533581a,True
1020,L31,4448285184069767576,91586ca27ad2b39af8bcbed6f858138ecd7ae1b6603499e00c6d0c8ed68533d8,True
1020,L23,15367485525503053792,5ed673be5cc7f7c6ca2ec39e37867185d556c68816ca301e58a0faf765d8248b,True
1020,L32,16074462782947249298,7b5d3de5d2d91e9c9400fff1dc77eaa57fe99ba8a7923aced1728ed55f2048bc,True
1021,L12,17137967110920036257,2679cdf18af7330de51fa21bd8039dd8989706b26c235117099fed865f788086,True
1021,L21,13188032599635118376,0b0bfde8cadfa4ab453f7641589f5bcd4bacdc2391663e472ea20a7bc30d1504,True
1021,L13,740453529316511663,98317989e4ae468ee0994b515711c4f2cd8389ddb5482d43df64bacd03725cb0,True
1021,L31,18153564976299166548,727e331c8ad77fd1a7c235aa77bc1d82ed47cb0f4c1f06ffd0d6b67a510ed74c,True
1021,L23,11701832522876989578,e5f9f299a8374f43db2cb686899a70b72cd8c2a17677ccafbba9292baff71213,True
1021,L32,2181357778878449119,ac996f93690f6e4c34fdd9e470d7c3d4137fdcfc26b1b4fcb3fe1ab69a825f7e,True
1022,L12,5293759497749648533,98838932bd16e25585576cdea7c58814121d36a95831a71e3468e8ff3dd92498,True
1022,L21,7350097380219396537,a973cf6addbe6f44dc7e1ad53c77a390a069cbfe178a8cbd1bfc762b83ba10b5,True
1022,L13,5569002136584596606,696506506580f3b40684d977e0922f618b82d4361becab2d9693ec3bc8475a09,True
1022,L31,7273893921953452409,8067f0de65fc9e9e57304e34aa2c3633a10df0720c31c3da5f7192a4578230db,True
1022,L23,9256977592387470725,a4f801538a6d083b8475ab68ab4342f27cb928a67a7761fb0f74883ac966490c,True
1022,L32,3219325902868256685,d1c08663f7b0064ed704b7bf0384dd9cb8517f8ad99c48ee802c892dc880174d,True
1023,L12,5132267388526058435,ab2ce000ef23caa788c5e61091eb4d1e9fd80c52a449f2c27429b50ad046cd9b,True
1023,L21,6461941274061783186,c3e8bd4143f4872fadf84a2adfb8426f112a8f4d710781387fc8e3bbd5d73ed5,True
1023,L13,4383374762318041527,736f76b24318c8774b2128a2d7cccc1317df61f5a20f382c12d3312785f397b9,True
1023,L31,2292171197065015686,791b2c79b9e56bb7f0af9f369d352c0afc957b3eb83d47623c7d2d51dabf847f,True
1023,L23,11937927515112289397,0d2b8d77fe24aa0ccaab9c3f2bf9dc6ce88a6874994f4ea68c0c2b39b9698cc1,True
1023,L32,10528797665505464156,cb57934f025c5ff2af4ba4064edcba03fc7de679a61d810558d5421c91395c75,True
