reference,draw,orientation,seed,landmark_hash,matching_validated,radius
S1,0,L12,17193055753898191783,bc1e5b1ea4934bd04989a983626392ad1e259201455fe6c387d505f9b26bf92f,True,0.3914354556717935
S1,0,L21,6165112501607746227,6ce5de0ccfd1908f3594a1d8eb78496cc7cc12a5a46b8da38f3335d6aab1cfaf,True,0.4730842042498298
S1,0,L13,2748748026227730364,b746d820dfe5fddf82618dd0a0017ef770102a8ae9f708cb45fba8afe590a43f,True,0.4019870745355506
S1,0,L31,17968030662335134755,1b18f505de623549c2c14afccbce1c534d3137227313e714d50feb3338f2f6e8,True,0.4389474971688532
S1,0,L23,11324492287896558509,09883ae98d50fc19a5a3887e7537dab0c71c6359d08728a17f1fb4a90bf0d1bc,True,0.47715539512350413
S1,0,L32,3421249456009775747,5ff5dc9537144fd80d91f0840dc966d24c6e406f50bfc11542e98ad0a90b6ea0,True,0.4245268115039843
S1,1,L12,13519291830038572711,93d177846b4a341084be26e9a456df629f8631a5e37ce197e0203eb958b654f7,True,0.3898738953791958
S1,1,L21,4458314646142316574,984d440ebefff68f3073e2b227a93ea90c4f23b2d71dc5840f7fc95226d40575,True,0.47355610142548415
S1,1,L13,7800214318779158686,accb6caadec23721ee8e8e03cc1397e1bbcf63d38c3f2ec885b6ac6dc46fb469,True,0.4094089440904747
S1,1,L31,17704444667910071198,e07bbb15691a08fd357ffed39c6694fc5677c6981d1b10443160a66a891c2c5e,True,0.43971834054272985
S1,1,L23,10751258966376015971,86a140c61ac99189a64795c5076fd6d286b84b796a5b9b090b212573a6b00158,True,0.4702167004032758
S1,1,L32,17793252258211870489,ca12317cf05b5e2ec38f70299a0af92d06a84cc325151edc6720b3f63b9cc0d1,True,0.4214963953834062
S1,2,L12,17751199028871774370,5e973e472d86980b52a885c974696638623493b05f4a4f15c91eaef834e73490,True,0.3932864243411104
S1,2,L21,12597764477463039983,85155b29d9009856a066fd9ae7a9a9481921cf2b542299b62d54aac5f8bddc2b,True,0.4732657061600068
S1,2,L13,8517116732022465016,c9b381068cf71214d7b99f4ad1d58a606dd69033ac22c14c9bcce5cb44ef50f9,True,0.40595758232067747
S1,2,L31,17072138936142048664,ac26039109861e07a5f2d2d9e49297a08b61b37debcfcce2b1b233ffdb26ea45,True,0.43619134942400356
S1,2,L23,17060278878584051788,1bc32ecb12399414d06b77b10a04af1f1be84b1f426ce8ad2d009a3dfa8376b7,True,0.48337455690999803
S1,2,L32,14798500066318345992,79096c2a407a7f44ef2f4310df1866fc96ea6f6ca5817862c4da93952f5445ac,True,0.42684607561040855
S1,3,L12,1813479409929677209,21a368c0cfa8f5622f876657a7474b425557994f123c49794f2d565282b5f81e,True,0.393226748932082
S1,3,L21,11441199790901722628,d4ce3e04951591f34dfc0222208a83264bb27df70b846821aa4690ecc04a23ec,True,0.4661209263238483
S1,3,L13,15840153278810006615,0459beaa24bd5b9e9c9002052624c242d1fdafdd0b0de97ce4364d716577c060,True,0.4117833962065025
S1,3,L31,15404659004298279540,10695febf69203d47a0ab4bb9d620ca2df51b2de925bd164359622d859eb1b5f,True,0.4412945195571812
S1,3,L23,8211661233749064654,5b8e08f4999018fb4cbe5f7e5090d710d1c0d3e05801849449594342e116d35b,True,0.4790279208007906
S1,3,L32,16909496613587681755,4b71531706945086e3467c47b2a69f8676f53075e4cfe3e758b32f89b3c7782e,True,0.42694662644691206
S1,4,L12,261202824788357355,a3eb9869ee3169f347e8336d5eeb7ee303fa9dc067c09f10b23804a2b08c52b9,True,0.3886667770257715
S1,4,L21,7535670321316490558,b0a5ca22840b1974f6ebe3959759ea5023fd38fba36a24830274f2a8b4b54d4c,True,0.47218422907927776
S1,4,L13,14939126618995081797,33ddfe59dbc62eee4bd5e2984322d2bbe78c771c0af682ba566a46d60ad81991,True,0.41150462574773605
S1,4,L31,12247930881076056918,c9d8386d77dccdbd269916325f2652356cda27f268aa1f88be24fa93962c9c00,True,0.43699760291627854
S1,4,L23,2822449307191681853,6638ed69c8e5003c3fc8f31906606f6bd927416c9d16bc47341007ef34229473,True,0.4725475036304967
S1,4,L32,14661215366645791386,22c278c809f63b55c870f3e0b41a612b1cf9cdd4705193e22d5cbe4acbda4b2a,True,0.4243272553996223
S1,5,L12,17190074430984554488,a96046ac7fa96ae07ee8a66c77f483fd0e3ac33fe3cf88d87900db88f1cf7b0d,True,0.3909057610125992
S1,5,L21,6186561099176155816,9be3aca09ad0fad9100a8e54dfba60686537c343034955c6e2c6710f0dcbfcf7,True,0.47041882923958656
S1,5,L13,1370957669706427310,168b7f258bf354d7b0948c1fc38a68ec218f3d1b37958684796ae7957945c048,True,0.416303873009644
S1,5,L31,12509210758749771055,f5e7b7d58bf9c35056a22ca8950a0d61eb453b9d64fd522ba6c65074da36d268,True,0.4428834915341281
S1,5,L23,14280957479629879557,693fa283ede742832031716600761d8e74e7b7e9092be3ad8cae93fb326e3767,True,0.47680909112372866
S1,5,L32,655638814672341642,fb93876f4898a6fc922b34f142376af0fcda1e602592ea5e442fef9488f98400,True,0.4261435780023536
S1,6,L12,1844577249410439764,2b0c396e2f27e3e998211a1f20ecdf25edf3b13c615bd8d7da4488451a4d0fb2,True,0.38757788793956277
S1,6,L21,12109583150034114490,8e786d8704d6b5b3863f824fd04ef82ba40a3137aceae65c76f9901f95216cf0,True,0.47168952576961726
S1,6,L13,5309513652400018804,1017783221d0bc61ffc23456e02ece934d0c4f4dd4396d4ad73d458182ec80f1,True,0.40366898784635313
S1,6,L31,13335953366068834327,b2463925d4059e1bc6712d0497153bb35e615623de3187bb19fea40854010c7c,True,0.43986434694115484
S1,6,L23,6938260006030090627,066b1fadad18f34d27113205776ddb0e4ede5255fe284d79a5f0f4ed64c08c29,True,0.46991611204555833
S1,6,L32,15826724042055441370,21ea4be3a14d6cc56b82ede074850e49b55cb5d3627e6b504ea71caa23277824,True,0.42586311291980683
S1,7,L12,10278631274916941808,738de9acdf54d41f86128144d511b3aadd36ecdb17ba4536be0866cf09013b85,True,0.3905673678994273
S1,7,L21,596721307685063189,370c7657ccbad0adb6c3075efd5b2199c3cad9273aea41fa0a56812e0c4526f7,True,0.471427808275863
S1,7,L13,4820499062684222752,9f0bd62d7958bd5dafbc010771047ff609d640af1740ffaf324a6a66ce9b6415,True,0.41152443378116255
S1,7,L31,2790354839366669056,cf3ecd3fd37649fd477750f6b17f868c67f437c970af0a2a6471951d33afc08d,True,0.43755634124022685
S1,7,L23,4168524210828337330,e4ae7999693f14a36eff9efce04750fb8c5b049fb8e15ef2f5977509873eb264,True,0.47452000087407403
S1,7,L32,14556753236582222258,0f0b3e3d16f1fcf8714e7ff071f043e43c337cbf29b20bdc88837799efbaef82,True,0.4223385614388826
S1,8,L12,11221672140398764003,491949236cf64a3e8e517670e94bad348e739e5c09be8a169832e508fbb603f1,True,0.3944408139958775
S1,8,L21,5842550791404242180,f9e73e3c3c931fdf7556efa9f94c325e9131ea39d8f1a970e73eefadaad21db8,True,0.47240077039488704
S1,8,L13,5423815519446255534,d2097b97d74157096fba0f8b877230da064e24083a3939a7de1b66a355ec7f3b,True,0.4090454695069923
S1,8,L31,17977669434901805450,f2c6528d5f4d271189081fb34fc3603ed3b9d72335cf2136ef2b502ff6e2900a,True,0.44282386590713135
S1,8,L23,467871376366389944,248f4fa32ce59f21c2520c57d95caee68ce66cd246539ff6716e12af483c2ba1,True,0.48124220775727244
S1,8,L32,17547340678356095522,315c35962e4632d123e1bcbff7c89ffcd6c123552925c0add634fa03bf84ebc4,True,0.4233501270438159
S1,9,L12,12244804161134266385,28f7d2764790963f4a7445d89a826ee18df0f116da679abd172460769a1230f4,True,0.39083441687784115
S1,9,L21,17431904923577004540,d72898808c86465cc1b208156c2193a59090ebef8935d7f656018ffd4c56fc5c,True,0.4782872560131779
S1,9,L13,5997714340307067814,b0a4a0e4735aa743a8173896a5b1eccfd1feeb2d3610ed8d5690cb60bcad0705,True,0.3994292744390784
S1,9,L31,2547442903612098047,09e2faad9f1def5551ba3506b664f06f780230e34dad9af2fb346af31794dce6,True,0.4422097998401898
S1,9,L23,14630810954887446140,6c7eab615c44eb5e5c822446fbda45bfaa0986df97c0b66d3527c8cce12e2214,True,0.47512961978459173
S1,9,L32,17008151360064314905,46c1fc0c3b81b8dca7da8046d7b818e9390ce88bd196cbc92eca4443fe794a94,True,0.4223123672210194
S1,10,L12,15842389055675284134,ff9f6682cc7cdb33c9670fcc255d31d6bfe7b207571b14988b9d77d194d607dc,True,0.3898769880080345
S1,10,L21,11410285408396209388,12005c571e4c74876ae0ac03e33c1f079417d2e6db7a12aff952f972a576ba7b,True,0.4745118716910459
S1,10,L13,5437887759284019318,403e7dc521d7372339851f2cadab7197a9b0bc79775e0f109b667d54e860e52b,True,0.4058361520476208
S1,10,L31,16416986667716209568,0ac05f14bfde8e71753e4ccfe72ba027d27f44032bd09f8fe5f3043eaa1ac041,True,0.4416807818613255
S1,10,L23,12797681371145257571,ef5daca38b3a9218e423725d92ca1f6966f0a8d8252d41e70b0b3d542c8718f3,True,0.48191728071372997
S1,10,L32,17154873135168893122,6e2059a67c0ac108664294aedfdda26ee48734d5624b8990d561c4aefbd53974,True,0.4212331912288623
S1,11,L12,720175357924609560,f2d509787716d3d5b26cccef868202081a9fe77db866468b7d22e61ea3d2f29b,True,0.389466555324615
S1,11,L21,13949549413081957594,cfbf29e371a152bcddfaef77d6c8d5bf51fcf50b608004200d1bdedfc94b05df,True,0.47408501531796077
S1,11,L13,2913136419067423506,769ba3a7bf0967466869028f56fffeb5185c23c80f26aa34ac8c8e0b5e908844,True,0.41227184784848236
S1,11,L31,15639647968962567472,bb1a5e3892fc1e07c9d843641f296cc561d079404f2d4463a8198c298f1b9dee,True,0.44174652843956774
S1,11,L23,15664886331381705529,6c53a8776be67d70a6744636608e0f491021d8229697167315a19df353cf6157,True,0.4743141051272053
S1,11,L32,1759631936695933106,8182bed75f993907fd7688fd65b0860f30f182b99fef623fb0dda4f6b3152f07,True,0.4230362840494211
S1,12,L12,6602387667258648049,cb8d5ee1e2ef45558ad4623b74ef63588592c0e49ec7fc83a91213cd989a17a0,True,0.39280761385675217
S1,12,L21,13986279391991526814,bb5bf1fd71cac6f74c65e8a39876be6c21ab4d033715e9c218835c2b92cbb962,True,0.47439665955577953
S1,12,L13,11594813403927759340,c7a2a9c4c94aa95886dd0fbdf59f15d0fb5f534dc512ec387d0ee12f7547afa2,True,0.4106266797747423
S1,12,L31,5658499161851786581,2617abcdc8202a5d6e00f232610ff5b5ff72a117b21f664ee9275c1429a21974,True,0.4424186609355944
S1,12,L23,17235540226671328047,be7e97c57ade89825a5c522abd0d540df71553840c1bcaba18e6ee00fb8c1917,True,0.47582866816329783
S1,12,L32,13780422707962603539,67ed9c3ab4ae0968c5ca6e00ebe61e832e549074998bf8e1bcc3278bff76ef19,True,0.42209481656308173
S1,13,L12,2866169632827156385,2a822f6912bf48b3b558eba6e881c79db2f627ec1b502f07dc877fd4a68ecb2a,True,0.39075482114410853
S1,13,L21,5532799784826659990,e6a8fafa1aed7c8941e93abc148ce0774f54b990edfc9f0f5debd42df8e0c98c,True,0.4714194287374793
S1,13,L13,12821894096894339094,9f89fa1f0bd100e2992c86742c2e2a4ae7d1633e527b2c8e72f4b89d435a0df2,True,0.4049130490621803
S1,13,L31,3022427160829908769,bfd23071dc84ef70ded4d403304cf0d68c822040ba01cfbec36dce3f9d6d9bb1,True,0.43784132257155217
S1,13,L23,14810578762798530890,1d25e56fcaab6ceca6c774ac0e6ff667a33ab9f050ae9cdede3bdd4033dad570,True,0.4713617291822633
S1,13,L32,14345872875036819317,e43c1aa60475fe694ef17b6da1d3689740e95b2c25b02fa31bfe7c0b2685fccd,True,0.4244916487373974
S1,14,L12,7099597966056289140,9405aab644c9725fc69dcb8f3d9fd972675ef659f9e897638bce327f74f63e14,True,0.3939745047642091
S1,14,L21,15187648261634230206,39103099ddc1a6ce2d4a841a429645d43fdbcddaa5e036458b3e018e532f9453,True,0.4721686031886602
S1,14,L13,5827165557807063504,10bdad48c157447133b0a948c13c31fa3350b4a7b2ead4e29d636130bbacbb0f,True,0.4096964878270442
S1,14,L31,4981865803374478612,8e303a9f372eb534adb25c5ae0fa7b31255e0d7eb86753c011007232808b4b21,True,0.43954889045549617
S1,14,L23,17951113103375433220,aa95c69a93e94f8b01fcd0576ce349626da3cd17cf72f1f2b53e010fea6a8c01,True,0.48227657486785885
S1,14,L32,6703841988951671910,b92a8e8137c61a8821b1e62cb9f9dd76ae8b02508cdddadce8b873caa7f1916b,True,0.4213176879965839
S1,15,L12,13825417217245308288,0505a386dd29b1aa1cce10777e7834df30a8e896652529fa5cbed47688dc96b5,True,0.3934914624752123
S1,15,L21,8829268557100497626,cd0046cc290d0317857d193ed1b29ac7bdbb995c86c56afb8beda6d0f75430f0,True,0.47424898223864415
S1,15,L13,5394584560701087715,90d6c6b98c817a026e712992ffafa0a4257e78acc9ffb6ddf7d331d8e2972d12,True,0.41129228884179836
S1,15,L31,6619687494831909932,f640baa2e849347506c2cf88ad2fd9b82d3efc4eda6139ce1d04ea80c11e52bd,True,0.4375611810531387
S1,15,L23,10066756461355552170,e5723750c3e759db2fc6c4b8564fde20e3f55f681bedd9641581a23aca3c05d2,True,0.4774300252353364
S1,15,L32,16521394952033945457,db7a14566c44a295421f934e06d668204bffbc70a434d04a8ec1239010c47771,True,0.42964680948562234
S1,16,L12,6173841684927773119,c1f9dfef3cb0e6399d8939cd552f129829fbd0311006fbce0b71110a060c9dd7,True,0.3857498914694625
S1,16,L21,13312258826319967140,d2c0ea59e886b7b44fe27313c0b324bde5dce267c991469a2c9c6f92a18a890a,True,0.47030351962343503
S1,16,L13,9325364909411445351,9859754bcac9d35f151c1f0f9eda0fbb0efe65ce2328c8c5b80f1abaf5aaf2b2,True,0.4070071545353448
S1,16,L31,17589044372057096056,fa8e5210b6a27a5f1cb4f2c1938773bb8808ae565bbe619bcbea869ce5bc8aa4,True,0.44636363337928575
S1,16,L23,16866685218899863721,b0cf9e35ee34a210edc1f0c95dccadfa4b351c69ecbf9164b03e08017dcf7e29,True,0.4743990743567244
S1,16,L32,2051057806426257713,43255e49026397b047cd27855333526125ea5a4535e0bbe228d849153d5f8fdd,True,0.42364821873996594
S1,17,L12,2520976430779568631,801c27ca3d6bf6434b4d2d14967b424d036f9b8b14cb7d14cdd9b730bc828ee3,True,0.3904356019312264
S1,17,L21,11636381748671387013,dc8d9a4c4fbbab3fcd8377c28948c6195f06e974a0140637a72e9627b9540a3c,True,0.4721138474125496
S1,17,L13,5022141223374753764,9308e3d4af6e7f1d2ed84abb7254eab3e7992d62233de70d936ce3432f52c894,True,0.40840842469438204
S1,17,L31,16224129103569252763,dfc08616c16ade3dff6c8bf46f95fdb918f10f093be93c14f2c440255f3e5718,True,0.443616055109194
S1,17,L23,12900767139511315559,8e83933e78863717cbe7458e5dde932850bebeec1c55e552ca6f3656b9c35079,True,0.47564019718592077
S1,17,L32,463144493032337404,7f0ebbdc5a30dfd4f1968cfb1b5f254c8c57b6927dec64a098b29549147436e2,True,0.4261728485240371
S1,18,L12,8937234116682565706,4f71a062c70f8391911fa76734c5e426bae3fed3dd921ffd49c264d33562c61d,True,0.39282209060646284
S1,18,L21,318732327429609500,6ed865148dcfc04041f798b59a8d1f96ae32ce76a89e1749e9dbc691f395fb25,True,0.4687434845360615
S1,18,L13,8728101265715945772,fc2d4f4fc396808915dfb2df8da53bec685d96b6e945cffe449da1e0f2d5475a,True,0.40790493215383705
S1,18,L31,4309859623956520339,73d508c8f923f742e4ec9756487f85a92a8e2c53c0cbb24d81f5f1e2d65ede82,True,0.44536431725043035
S1,18,L23,190300707227275856,5269592d490f0392a0e597bdd22d70e1aaabcceb040c8c0132ec1d9a280ce326,True,0.4815822578683828
S1,18,L32,6652030657647057690,e65d3814363c48d24b47180c36fb61190946fe131ef876e0b79dc9b4aa404929,True,0.42505237030925463
S1,19,L12,13582863126090497420,5acba7af86ff8b1aa3f24b6a877c59eb5e9d6f7a0db3b0340d09000d13ecbc65,True,0.39450590205874814
S1,19,L21,2946465807903521629,6b7c3345885e1c1a3e27882c43447b3dbea1defdc666357fb88bbe37b86844b7,True,0.4736294425774946
S1,19,L13,7188988069308123473,ecfb7b274b7225ad8891a45301f8b38785fececd39a1a2a53683d02bd5a2d72a,True,0.40622304454224556
S1,19,L31,16764790044710279059,63f488b849a02ef0cbf9040bd9e1be1f04ab932e768d303e2ebcec8fd1cfd5e2,True,0.4534005503646162
S1,19,L23,16676580157572853341,4217d11cd8998760e3c21f2509e6f758e0ad93d908db84f3965a9003626ea81f,True,0.47463495201264166
S1,19,L32,15046274211905124495,b55ed68a1043180a70ebde046276dc7bb0c9ecd4437aaf9b04e9fb238186694a,True,0.424123713832024
S1,20,L12,8181900171742299983,f721740d11e544ac83277b2d3d43c10d8e7e516cbae31069b0746d4c8edbacb1,True,0.391543272104928
S1,20,L21,6339900111012472980,9db4f916e92f71528dfdaa7d3f45c674f79d208ecaa41af01bc4f9938bef2f4f,True,0.46735346635445213
S1,20,L13,12644037955574178285,8da37b87fef11200118346754f1115a22911a784b92ad4369baffcc612aa89f5,True,0.40209368126918726
S1,20,L31,6914014077095771086,6686362d8d546f0ae7216a550bbb54dfc09b544f9fa2f17d56336c03b6f7280b,True,0.4361314315461218
S1,20,L23,18427953198046946704,3c0fe0e464a625e4d0dab6952291ae1f2302b75e6b453a784e53b876a9dc402e,True,0.48205651224491025
S1,20,L32,9783157551265334000,76aa22a9330f6bc379d1da7cfcf4651643a6feddd5ef5f84e62a68576796759b,True,0.4268173417648502
S1,21,L12,12849401708497225112,90ceaf5bda66fefdba95c66bd69c5bf06c3bf94695b8002313249f0488655ef0,True,0.3903637298540442
S1,21,L21,14362506620748078108,066ecdac5840f9165175f1e3eb96a0db85c71b1a7161dde9c3d6493efe04ef3f,True,0.46973844767562095
S1,21,L13,6555058312211165958,037fc836e24ff79e6828da923dc545f9ed019d431b3b6e987dfc7ff118f2493a,True,0.4011327451865903
S1,21,L31,637768176278363964,a2cf85cdda69ec3000352497b36718924ececf9c71bc1ed7ad008c4d40fab8cc,True,0.4367513649436431
S1,21,L23,1780529896009791009,fb7df337a737ce271e6cf6cfbfc08748d8a1fdf66738da74c1818c2be37c31a7,True,0.4780079292972209
S1,21,L32,11823067748551116453,c9f2845ef7463084ce24b7b969edb0496e7211cf86248a15b3b895e5987332b9,True,0.4267523999795506
S1,22,L12,6226943363899360616,e0d4cce075642c8f93e632f45f9755166a4681790b09e56041010664419d102a,True,0.39164089360056525
S1,22,L21,15852428578355499403,6c6e62641275eec756aee6084e2acb9c873d1454e839c5228e9057ca17f47ce9,True,0.4670179752656748
S1,22,L13,688770535913825591,18cdad31e098007a391fdf76b511bc6ad8cd6bd520514b26eeb4d2f5b701e0da,True,0.4093102966684217
S1,22,L31,11681619517244634936,0175c2117a0217afd7a6e19fdbd4b3aaf1bc1b32958bdb54e8bf8f35d1ec86be,True,0.4365725633945887
S1,22,L23,13532214400885586543,21249e77ba620da86ba550b5f9b46533253686ca3f38b67384878160cef73eed,True,0.47761203652205936
S1,22,L32,5725839294338378579,3e9ad7005d100e644799deb84e20bc4bf1522d5e97336f264f9f38d017b82087,True,0.4230245771379757
S1,23,L12,1568770520055533958,141048b5a9f811f0f00f2776ad8d7241607cc9eff59c9b008e3570bd67fa02cd,True,0.39176735173453203
S1,23,L21,11764473121468860925,4de6aca058391d1123131ef8fbf1493d39b48c57e24ad2ee42d068de6b125c7a,True,0.4684402079055003
S1,23,L13,1871618585870912619,c9307fa1ef67c9de872fa50b672178eb769738aafb62929a171d7cb122c956fa,True,0.4085254744596608
S1,23,L31,10436266887223539093,e1ef81d4a8c15bf6ba64090849ade27b0d83f208e76f3efebf1aa7c3df37c49a,True,0.4386031730028773
S1,23,L23,2060446402979552727,9fd4dbd378703734b484d70603a02324f59a6b1d619e00bd74131abbbf154788,True,0.48115925948106125
S1,23,L32,10630143894466491421,9c62c5ff561e1709d1cbf09b5b0ceccb364b45e0767ca50261462f0b52d95066,True,0.4245581752693214
S1,24,L12,10118606118976924119,16d864f6ef533e11afcc9ae0c67742cd8164e273d5c8f9ef122df37b47cb5fdb,True,0.39003506844423697
S1,24,L21,499607469179626700,5dbc2b92d43c3d8c9d7f50b4153481d9635caefb6fb9fd0935aaae2d01146403,True,0.47131070705039346
S1,24,L13,9332792908897603806,9799b4330f7657e94b2afc440988e9aa7d7807486c9c989c1d76b806924e9cf0,True,0.4072816295460543
S1,24,L31,6536692082679730147,09a12564297fedd0383d4f3152eceef4ccb2aa9ab7026412546a1bcc4e3d1ac1,True,0.44245543213697935
S1,24,L23,5681667965310252271,4249735811533cb27346b80caf5a783696599e08c883c62742426238f208d5d8,True,0.47526684293496013
S1,24,L32,9704872812153314674,461dc6154f0b5b1af419004c821fa6ae39db3a309577ac59b05fd612072b374c,True,0.4257713383376371
S1,25,L12,6415621354826113543,584d377f8576382bc78ba45341acbd967471edcc4600745415e0b8ce87c3e01a,True,0.3908074479674897
S1,25,L21,790483525498500620,b77f6cec217d1f46cc9bb7ad224256d9905f70347fed22471e217bc993aed839,True,0.4718904633805916
S1,25,L13,2222914478961397145,944b43dbc893165b0dd1647985f5552f3c010746c467e699e840c983819e784e,True,0.4095798665386875
S1,25,L31,10765275766577635230,61cb78c04338cfa0669e83c761e0a269e2e426d9e24c4f5c9bdc015800354c50,True,0.4382607164397238
S1,25,L23,5117376031942825108,af163cae323070c5e0a978c480046361a1a1e0bba1b0ed622f4d75d56e0ea41c,True,0.4828103505765326
S1,25,L32,2265625068766719909,5a16cd45f2f42b6ff29ae46f4ad01ad9e6a08bd87c53c1c98ac003f0b5965625,True,0.4258506858327543
S1,26,L12,3580323991498060854,3871f6e3a0fe427ef4e9bdfb11888021741fdc081ae2a51d9a63723118758873,True,0.39055716484649355
S1,26,L21,15746371258452485831,37f291fa0a82ac22007b432eba5726cf9ac64429701de9ea0d75ce8103881bfc,True,0.47216630622181194
S1,26,L13,4447489266494664697,1563d7679cd84459ad39674e9d11b324d4af10396bf721a02cd1df7b3e726c28,True,0.40879641767174546
S1,26,L31,14907179732082121403,c408c849f525baa5caee684883e4b21f474b0f7ce3df79d2d57487e34181061d,True,0.43644782564916645
S1,26,L23,615142101298589896,c7d3ea40a4c94369c3be8c70ac4c838c258d730853ae5de371334f2b4523a2be,True,0.468132881712389
S1,26,L32,11146380795063191821,2155ebb3a01db998518243aa5fc167b2f216980c242d86706a5e3e5cebb68457,True,0.42712765485524173
S1,27,L12,11407255378209270332,a8651df91d0024a66c9c8d447989806df69ab1392c8bce1ecad90b978da72389,True,0.386768229210535
S1,27,L21,14542530611210336947,59aed42e59112736f37ec035e4c93b970fba153bb4a4a7c4eb63710f28d9bd86,True,0.46919353642382994
S1,27,L13,15859471233168636848,a766d4216ce3b6c4a693a60d2f5dc5fd780d8f2d60e1470d2d14b5377e3bcae5,True,0.4125311141882929
S1,27,L31,788887731083882953,61447494576711be6ed72427ff5077b45ed38b6214dc377049b4d63da9ae032d,True,0.43871915126295324
S1,27,L23,17597922791777076049,687a53c06642a118bf2ce60df53674478db3f56cfd4f776b524276c71c9d5855,True,0.47995668064017005
S1,27,L32,16699746314018987188,8f1efa93bcd46bf665bd39cb9696d9aeab2ec24267df5762e229be353e5c03a0,True,0.42332464191738367
S1,28,L12,1592888102711061341,77b9e0dda4add433dc06184720a8b22b802f3989cc325d8177394c889cdc8e65,True,0.3917742076084494
S1,28,L21,7434458834589434676,4d1111b94779fd6a826a1e9136db11129e6d1fbec6263f4cce98cce9ba3cac96,True,0.4714252752989416
S1,28,L13,10311574386758849529,d0a7b141b6309f7bab16d897b5f759de464c70470125f75535ee407827683574,True,0.40676069272241133
S1,28,L31,14393879871520764514,d3118429865f65a464062e2213e7013c7d0e1673cbde199b3121390c3c1ca82e,True,0.4376225197627521
S1,28,L23,7023200460064355646,3df0481e2a7f3552b80b5e5d06b70f1c33d35b650d513457c8e79334b95a80b4,True,0.4792660994384064
S1,28,L32,17566368744058850742,fc393cdeac1164de3bc6af2d29ebb31e8db4f8e48fa66b1145aff89ede089dfd,True,0.42347624258003075
S1,29,L12,17005656222188829390,1ee860d0631f43319dd05da66e2ae48b0574ab9bbc0d58bf69df4476bab19960,True,0.3933698131347069
S1,29,L21,758196560639319555,3438c93ef4258f10221235b212fc2d2ce09989161c5f5a1e2dda5f9b617c7b08,True,0.4733199621216471
S1,29,L13,13044632492936437890,7d2193a6b1409435982f2e367df87d441f3344c814d0e72a2916258155a910da,True,0.40920387759714655
S1,29,L31,9211936350752773816,3243695a1c635247e1cf58a1025255ebe863c3621250b9e7010a07e069d23ae5,True,0.4472252154845765
S1,29,L23,11970633195122603981,70ed322eb929cae5386831b3b8ab896340a57b17b134fd860c128a7fb908a212,True,0.467153758700411
S1,29,L32,9203141333792586609,5690224e83547ad69da28bb8ba7d42a6aaa11d864dd22441d168b92c7cb32f54,True,0.4251016498388819
S1,30,L12,7984887581187638452,de31a0774bc74e88e65ade1b923bd6500e087645c6d3a9c74b0b71afe5fb1320,True,0.391232911531713
S1,30,L21,4366591834183507604,0c590cd05bf8f74f3469374f1aa5e934f77fbbb12decc9945bf8550f21cb7094,True,0.4730687552354671
S1,30,L13,11166643756274337487,df65a2e778e7c1abf7c48dffa9e6cf97348d8752c3dc89dc3527ea41ebef0188,True,0.40587782847365733
S1,30,L31,16487421080528480581,236a22462590f689d3b2d6b0e18529fa0a4b2acfa4c5c499860ed02324cf6409,True,0.4393612181859674
S1,30,L23,8771241125542645322,89b5cae4a397ab0b367285effdbffc55c1e7a23b6028d86831180f1c25b461b3,True,0.48107832422192853
S1,30,L32,2474972948688560287,abc9528b6e09315e7d80b87bd6740dbdf059c0a6b5abe8b3e32539aa02d88a55,True,0.42441627311104824
S1,31,L12,11444566081097915964,6da33ba7df38e9cf675ef659bd6c6e61879ddd5e3d857e69f60db94cf7aa2b24,True,0.39184487800631335
S1,31,L21,10073621875402731473,598c678943c0dc3f0b5ed4031f9797c006fcbdd347db4f264edc3fe86f2dcf1a,True,0.47499601657489354
S1,31,L13,11535611447358996639,808f50854cdde4b54ea3e12175a5302459082434438cbe023b8bb625304d0d6a,True,0.40344773960915925
S1,31,L31,10093245251269548692,41a7bee7b7fa333014a50ea33f816cad0c9c5f6085ca310eaaaac77175092386,True,0.4292232928780323
S1,31,L23,15434611472247679037,da04cc2388a3d22e62bb8358bb1bafa5ec7dbdb91cf60eaadfc5b6a223a7752a,True,0.4784381683846928
S1,31,L32,1397758401594114219,4e032031086068e7032733011e1b70d677c26062ea0b2af0e5b9ac89f74c4a0f,True,0.4269866459678163
S1,32,L12,10397759483926087940,35f9408a522ab8d43a238f98a685ad6767fc953f092e1bdd30d43e3e55bd494f,True,0.3903852549821708
S1,32,L21,974674172248558547,ed4a0e0d18c12f2de550b79d214d141269e711f8c5e2f40923e085de973d598a,True,0.47107780726890436
S1,32,L13,5795531233406013445,d9fd2894acecb82dacae6f72f150616a5a1a3fc1ef69945c28a9ddd34eba3cad,True,0.41537223792475875
S1,32,L31,14971755125514285200,b586a5b15ed80fb8278752d9b8332173609daa3ea0fe4d611fe5ae491aaecc74,True,0.4366323350640976
S1,32,L23,16058271827078587010,96f098d9ded67ca82c04a46987b37254c3e5b22fa4c68086b1aff31ff1afddea,True,0.4781482822809492
S1,32,L32,13988766240629032637,c5a05843ac21481483c9a75d108f990aafa64c556d68f1fc36c8eafac4c03a53,True,0.4225631747220145
S1,33,L12,12966079448890105643,0e17832fb7c8dcbd831cb50b449f5ffa5570ee956dfcbf94f98f0697c9b43fcc,True,0.39216305864580847
S1,33,L21,9623056092456672733,5f649a30d1006501cbf6dd3f6a15c8fddbbbfadf59cc3d168e1c502f1ad0a830,True,0.46713118256050185
S1,33,L13,16307570432265353287,018e5da5ff42e1dffac272a2f781797ee63bee8bf746f79a5fb7cb1823d0b5a2,True,0.4082220822043957
S1,33,L31,2646577837896808042,35dadfdf43a4a48e4ad39f21b1f81bd99b1aca47ac0b62083cf4c95d2a4c761b,True,0.4405545862159766
S1,33,L23,7427105148899185428,1d316a1ffb9ccea9f46a4b7639b85e62e970a6a6b8c2b94d188ff6ba98b75075,True,0.47514781886060525
S1,33,L32,5474494725013260496,a4acc05755ebec64f4f3b54e61085b87e1f273c13629c888c5a35a4006a22cc2,True,0.4248846230316765
S1,34,L12,10558917451066436173,ab2a3d47b66313024ba45e26d85d147df60dd3ecaeffbf80238c79786941732a,True,0.3925721152549963
S1,34,L21,18239194054615797529,cc4e48e4915eaaa4c029482dec9e87669f4648fb2cf3668f5f5a889b968cb48c,True,0.46747892219352516
S1,34,L13,13661527199500034399,b9b45314902d8cb5e73bf48b313eadf2ef05b2e0e0a2f76df1118fdcfebada98,True,0.40213976439079757
S1,34,L31,9109384506449232912,fb5a4b05a86a191ca8fd1e373099044dacff40bcb23cbcf1c53d8b4adc6a572f,True,0.4480151992498242
S1,34,L23,9459476221978975384,0b78fac4afe2fefc4206e24907fd48e2d060933914aa054c439d606fb6afbd8d,True,0.4750491720513411
S1,34,L32,5763724678499545265,ddeed6579d7e5a4cf1149f894bd1c3f27d54f31aac0ddb19d2e54ae2608994fb,True,0.4218882185866557
S1,35,L12,10507897985174255773,69d48d41fde9a9cd1ee8739c925e9ab6a6cbf9f65e42aecc0dd025a21c61d067,True,0.39332048604844067
S1,35,L21,3533920138242689515,8c1e5710bf78960282616b58951b47f78ce0ab101167babc36a61049ea58b02d,True,0.47306014484500053
S1,35,L13,10886213336196327492,e2ce21d146fe5e79ce2e3b00a133cbddc97cb6b04732a8fe0191bca3690fc9f6,True,0.4055463331830297
S1,35,L31,1402647543395567021,9a60f6c5c2f08239a0db9925a19c2e968ea3a95c1e4d515ea8aa94c2cce2ec5b,True,0.44224081016661654
S1,35,L23,598958985567849934,175047ba6a08edef749afdd2d25f96c08b1cd597726de0a5c4e68f0d3bb71935,True,0.4722973000713134
S1,35,L32,4143770786597910821,f3a176061adcce41c992cbad6a4cc2f34b8d4f859ee31a1f744b50b91706b13c,True,0.4228334488356258
S1,36,L12,13932787873867400624,c6beed2bd9707e66df736145ff3c105a983e011fd5f5d84a42c400d732dfe67a,True,0.39012805350931185
S1,36,L21,13878633865560900505,8c7872c23ed2c1982ed81c3cccf1b123fc1431e2a92c92db533342e85c6ae90c,True,0.4767094958305827
S1,36,L13,6898591578398628587,a9e81f71902f6edb905681a7a2b3717a8e929fb90ffe3aecc8af4d35b98d6ef1,True,0.40960145772594714
S1,36,L31,2590702620925537288,f4a49ff6151e99a23956641cc3bba6a153980973e75fdbbd988a8f4fd1f9e0a1,True,0.4388045159832126
S1,36,L23,17463228583944509180,571ea9a471d7d3bb47ec9524604c413b77deae64e5ce2df0d9503de88b861777,True,0.4785242963122264
S1,36,L32,2618027816993732277,5303555a2ac6aa5a51b7a6305fab313575a105018136423e8f1bf6b7f813a065,True,0.42394513001303974
S1,37,L12,17613489980568050168,34c950594e8ce00a30a0863691a5a11544733f958e28fce30debd8f46bf36cdf,True,0.39059212686622724
S1,37,L21,18149881779156171152,5b645f0cfc17271bad8a89b6c0b45461fb9a0b6a9a3607ec5aba13695c3cd900,True,0.47277184537335465
S1,37,L13,8603699767047747349,27d83770fa71db1b85b47fd19cdbbb5bf09f3e0fefb37460032acaed1ed88535,True,0.4081827892466827
S1,37,L31,15857406842399529952,0039bde88e9b69231e41bfcea39c32fd15656784aedafe737f8bd99b9ccc765c,True,0.44135913160872897
S1,37,L23,11723166652364251839,5f80ba6e0d336ec5bfec9e2e93756ec75d80798b1e65dae95014e145a429fac4,True,0.47804223916792915
S1,37,L32,6360738369881830332,d534ca238d3e6ca916c90a2ed30a9e9f693f67866ae426ff239dde56262c8e6e,True,0.4300397439498671
S1,38,L12,2133220727210442096,e69b0fecf84bc5b3dfcc32723437f182bd8cf216de13e6b1c6a4725aa0a3a511,True,0.39156783677917817
S1,38,L21,6103140558814606213,6f86b304ea28b042c47c34aa06e00dca912dfe253b9c3427367c157dab713c60,True,0.4693832690824071
S1,38,L13,10956375048495361372,99261405b80901e25d94599fb6e7a7652dd9a18bbc74707f858d81a6ef4873d7,True,0.4086714321682611
S1,38,L31,5928320744841618376,00fae34d4ec182236ffddef5200579e336376bd37de14da61fb6e6844d0e6a3d,True,0.4441604614997613
S1,38,L23,13653073257215501705,1eec1cc185e1d1a34ff40b68bfaf0eef0fffc107807c12ea756359fed1d917ca,True,0.4828806470637417
S1,38,L32,1513572380767472432,5a6f4ea7165d1ed8598b02ee174e5af4593ee087ef04f4a7733c6894c9834a83,True,0.42228369643541974
S1,39,L12,17012945402659342887,f0bf86ac34d02fe9888dff12bbf7384dc903f3ef7444c8ca7dd3c7096d0f786e,True,0.39268419566640944
S1,39,L21,16043279180404110683,83f587ec058043223020e4b398c571225cd55ad8197fe552807d659d56bf1bfe,True,0.4720951007873325
S1,39,L13,9841625369372044191,ed9517ea5591851fdb7b10ce58dde35282a192f2c788ff740350aba0b44e5612,True,0.4055742125994906
S1,39,L31,13278154139270819808,50e43850eacb61fc023106d57d83cf0e8471896027628d099c4940120704d5c7,True,0.44601732356101587
S1,39,L23,10554490547904724867,c344266e3fdda0b98cff9fac7da04c2957e1ce4038dca21c175d09e6a48f29e2,True,0.4807341683615414
S1,39,L32,3136072337761927188,71f68db8df4e385d1638cb0443f21b23e35ebba01013fa0f3e3cf70fc1758bb3,True,0.42517408608956786
S1,40,L12,5247662223228803282,9fdd49f0ccf02a6034b88b14a7360cc85e6f5e82451c95ed668b0a714bd52343,True,0.3952257971840137
S1,40,L21,9774166423413395911,cf6f626289c01359e62b2445c7d561cceae131ec57efb5dd3103b030356a34f3,True,0.46776455029974384
S1,40,L13,10014942430635112088,353cf7e10311d0c1f1e99813a7b5060745c620127421d5298c5adcb9aca4ad14,True,0.4114245657230931
S1,40,L31,5794519133386659783,57127c6ab97c269c785c64fc65c778ab8ef26db07904f2e2a4a2c025ceb9a37a,True,0.43831581587319635
S1,40,L23,1429683006140095675,fc24b9b272ce4c5be10ff075f73a318846f4107b5d76a9179b2e7dac52611ceb,True,0.48143015846534865
S1,40,L32,10537697943424783569,e16b1b7bf4d062abee5669a27b6ac887f112c09a2f10efad429dbf9fd5a1ed6b,True,0.4234608165465323
S1,41,L12,4456694955458857555,45fc3b9cfc9889afe1e9a4231309be72db4a444969f2afa2cbfd25cb19c00d77,True,0.3925576145314521
S1,41,L21,8898750049553817546,6d2ad8bce9fb106504affe24c2ff8d9cbdc128d8218d08576a039c13acea3deb,True,0.47382459218707645
S1,41,L13,12364382571460548963,e494d2e02dbe7d386f8f5b757499f91c7d2482165f3c24c75e87f41726e9fead,True,0.4047427597263543
S1,41,L31,6139562486391419520,f25677d5c47ec656e981ac7cdda86840ca177a3e2cc1f006c2dced41551e9033,True,0.4451801468358332
S1,41,L23,6655011868282283386,4cc9b78ace8d7a980869054b871429075bc6bbb72c89bc7bf5745aa2c738a8f2,True,0.48050787688601904
S1,41,L32,1874357427581397954,43532cd70048d77f4f87bfe997335db3c49eb8a9b17f1bdcf95c44a19761b9bf,True,0.4260067300348479
S1,42,L12,10288904197672593889,88f41b7f15b525b8ab34b789a3a72fe1f878546f65256f1ef0ac3196540b436b,True,0.3923367235376996
S1,42,L21,7806135805067573908,dce363263dba0106833670010fb78d982e2dcd89f173f19f6df7add2cc70b27d,True,0.4742646143268589
S1,42,L13,7839340215063813660,436dd17142d76521b70908cbff06864917aec5baa58b3e9e586927537e283558,True,0.4101486016433026
S1,42,L31,17516968717552836689,2acec7b511d08d16f6c007c6061b361e7fad49b40aaf047d6e1e467cae4d7a1e,True,0.44333701894687894
S1,42,L23,4204590419590791602,83cf064977dcf798c37671ef6d7bf4f12c54a0401bc1dae4d2b432f8ba62e688,True,0.4859686813601499
S1,42,L32,209208250710403367,486a90cc74b083597798969af2ab555879c9c1fe4e94b5f8e49d8c1eb874f416,True,0.4271001864471199
S1,43,L12,9935847198082594186,85827ca6f2e6050e439f9b6116288d0511d037794bad7cd6820ce400a4586265,True,0.392163676255816
S1,43,L21,6087600533688981833,80237a80904db93addbf1ff066b4b7498dc47643f983638291e6369677cc519f,True,0.47328363822756936
S1,43,L13,4299104220588605192,9698f8a9d63316aa89390605710ca8857d6ef84e813d31c554a0d7089c4867cf,True,0.408113491821673
S1,43,L31,10319022145735867605,f34bd1f067db2ca6a6c8b2d6d36fd8691dbda7fd009736bb2108342c757f5cd2,True,0.4426242333435543
S1,43,L23,1399798174055906351,160b15a1d4cc661b3c8e4a65c2ccbe55d1eadd1ef93c9ed1a083ebf5c7427112,True,0.477956666622694
S1,43,L32,2161217398993402785,89ebc34102f52f80d2f3210d746b6dc390b9f8c3b31edb2792519cf36e704c39,True,0.4252274839415839
S1,44,L12,7828852443624460870,22dce9a6ee19ee6f4ea15c37cbc90a68eddf53000eec99fe449e3b3a4da32081,True,0.3856335441538863
S1,44,L21,7600225756384494195,e7e983f70dd16c38f890a8bbb9d480f3e55abfd31566cc269624244cb23a2813,True,0.4706710397281416
S1,44,L13,13565986014184182518,a306f0bae2e5f6db742d743a249be84fd8b78a1e8491edd324d74cc65e27bdb6,True,0.4034268784603242
S1,44,L31,18161922233821102406,bf44f78c288755146ccb8f5ae93c8552ce7d8c8bd94cef7719c471d40949822c,True,0.44394904700098314
S1,44,L23,3570338261990236557,575d76b10305932ad336e2822b0eb79ae0ca22cca4f4ef03351837fba43994d8,True,0.47495109087597726
S1,44,L32,12001751122453930593,c260400dad10d96afde3310d178d9870feaa3c267b5039569d5ac1328ad1b669,True,0.425004192970369
S1,45,L12,11214761640287101202,b5a2059e6acf59876dcdc3fc34953ea5521d145abcde56e0868d18e9c4ccd3cb,True,0.3907568967854821
S1,45,L21,7539807099689762781,a2efdb1e7fa7a93d883e0ceb411b5601d788b4e2d0397dd5ab5db802afd12d8e,True,0.47336467613185074
S1,45,L13,5332313949567925656,31f1608d340ea8a36181e64e5abfc9d97b3506d9178e8eae517524adb2d3bf7e,True,0.40888117575582605
S1,45,L31,14162351902260272884,81d672092bdde5430dd742a6c5c0be691e4db98e71236cd50efb8affd6c024af,True,0.44287229707573167
S1,45,L23,7104468670146802226,3a9dca624e2dcbd47480d80f3029685f35b8d31651f4f3bd6d71d253358878a2,True,0.4838970851077704
S1,45,L32,7230830594277238118,03da319f81a6c5da7750abe3560194d9904567f9bdc2e7eef107b0021422a0d8,True,0.42610772045850487
S1,46,L12,11573082494047155036,af5c554076fa9ce1efcfb966baadc65753fc1f173a2afda38b52a8978ab4bf52,True,0.3875530235984864
S1,46,L21,13194441094744499152,241b2272d70de54bb16d63aa8fd7771686e1b10687dbf504ecfb66107c553db8,True,0.46971022861186007
S1,46,L13,16459561234315885526,d1bf44e4af60381008496d8291de017ef7d752cd8eb9e34c0bb60fa51d65bb29,True,0.4158053395825367
S1,46,L31,15319339234636349833,0c94187817d633bab35e1bdd56e3a2b9dca514eb95601d7ae482125f25be3924,True,0.4417978681592531
S1,46,L23,7125667029912946693,cd913a5d48c0aa728e611288ba919c1d1daad0a98956ee923ba19f69db2a1ba7,True,0.4777360912150659
S1,46,L32,12729421539132761086,9af39c64769cb30e8070e20903fe1445dc4a0e2374c9701ceaae043786a338d3,True,0.42368660690471827
S1,47,L12,15787154653757976143,f599142b211dcdf3a7f1937c534e1c2aa0cb5e115aea46506f036b0bcf0b0ba8,True,0.3897717820340585
S1,47,L21,9637104414488093325,b0e6e99eaa2c3bef1d6f32d8da58863b2ed304a63f385705f5a3595405e79159,True,0.46797010763460184
S1,47,L13,17023176313570639630,5cced368e8911be8df884a6a5d1cdccee09320613d13129734a1954fdd70cedb,True,0.40821581111076816
S1,47,L31,5242834651510132164,ba9b2082f3b50ec0e5c2d00ace7cfeea651260423f52b63b8096b99c097d6101,True,0.44287229707573167
S1,47,L23,2753516370213320332,462f5fabe2b8f44703b64e0708ab08af5d686a04b5998e42c4f9d5df8bbd695e,True,0.48137547205295306
S1,47,L32,15740846360833568408,ceedeeb7ee3236e0e201d3527611f036a5aa04e95af303ca77aab292770b6038,True,0.4203075379921446
S1,48,L12,2624123024329374353,d52131c52b1dcb5392bb42417795b118c272f4cef58dc0882432fc7e50e191c1,True,0.3895517315082039
S1,48,L21,9122656814315528442,42ac97bc12897b95eea11fe709befd654497c0489f450ea3244729f668152072,True,0.4753306814772237
S1,48,L13,1744737434508037825,d5984b7d3b111fe6e117f5316a023c35e1f8db4fab22ca6b82b8e5b479f89340,True,0.41498221247313416
S1,48,L31,311807660581272451,e9b3171c0497b73cdd2741df7307919049bac0146752e13730cc8ce3fa50eb67,True,0.44892171623378835
S1,48,L23,13358909082578117713,83ddebe5f45805e8ee396d182d831c349b5e50bf4dfa744b7f1446c8cd4d57cc,True,0.4731553575874921
S1,48,L32,3197828057411797475,e67472452c9d27960e76fddd304d0ddd576ef544bc3f5020f5d84a6455afc7e5,True,0.426604661609204
S1,49,L12,4332569093336668468,4507120a304d418a9b1b86f868affb852a7e6dd9732a8bacec144543aacd307d,True,0.3938071866238347
S1,49,L21,885600513664752791,8cdfe518ff52451a16fd2e7652ba1bd7f36cde74e99c37de0565fa7584cf98da,True,0.4735114948077427
S1,49,L13,2882239096738209735,098537aecfe15aa1ae9c360eca4f920c115e2113b44862dd3574011cbbacb7f8,True,0.4095123719304048
S1,49,L31,91399429265877164,4067063f64fe134bffab5adbbe6371c9124ff1434801de2d79195ea4cef27834,True,0.44469472174802654
S1,49,L23,6845448941344859596,61b565bac63d13decec72ca940349bf4ed38a13b10deef5a69f1cf2655672336,True,0.4740059055900597
S1,49,L32,2343828376878024375,43340e53459773f17c9abfe58deedb38f56d7f630dec0bb0958f01afffcb9adf,True,0.4245597685993083
S1,50,L12,7044126772625574114,c41b253c91f1e66d83b2f8a46936c61c5393e2d02a8b691c426497f0ae563e69,True,0.39083387135531045
S1,50,L21,5969649298676106687,eae52fa9f19623064683f255604f3ad8b5fc713f5ebc2835fdbb2eb6b1f3d741,True,0.4719589984855123
S1,50,L13,4238370077170577000,48b3ce4a08d3bc9c06d3ac91f815de68aeae38fa63e25cd72b0bc6350abe8405,True,0.40229091549893636
S1,50,L31,12962855006816849498,f760994163b4db7b26308b63acc13d94e3ed0c70462e936203d2fda5c8f8ce29,True,0.43565311913291216
S1,50,L23,15533943728680584333,b4151b8b4e8d015452aca7f0eabb169cb528bec6c8f8cb6a2bfeacee0c96c9f8,True,0.4691500183712795
S1,50,L32,6202886301758639501,587be4131ef636f40b07519a2fdae44fffee8d54c6199d7199c34e33a56a3703,True,0.4224899701996355
S1,51,L12,958668598391724523,7bbd88ead573e0df94130340ae52c38bd400b7dd46a6b9ce5c7a6ff3df85592b,True,0.3925632226116005
S1,51,L21,4947692297360752060,0bcaf71d8704077b9c482ec512b909d017b898578814e4ab4e0fb14a7981a464,True,0.4651418039393605
S1,51,L13,8598343632370624967,5d7562e21a12b37fd8ea373254eddb964751e2dce2d3df057679ef5273e305cb,True,0.40556573605063784
S1,51,L31,9231502120818486010,f3b0dae0deab29279c01b2ff98d902d1e8b4447b14683e90f044742da731d9f4,True,0.44288546405956347
S1,51,L23,3287966541793663361,fbbb849e407476649a05d2407e7f89264e77f21123e34535f93313215ab38bec,True,0.4810612030447222
S1,51,L32,16904580585590320016,bdd5047c077dbb6696a4cae17640e6981925de07228c6501d590e72aa84cd0aa,True,0.42030710676378147
S1,52,L12,16865235347726971624,6784169444548686b20167b45958329cc4311903e5316b7a5f8b1030475d71dc,True,0.387513945599301
S1,52,L21,16600882856692477197,19ebf8f9658b665b51f0045292e5c2f5b837403f6dd9987a4d3cdd41c2a329cf,True,0.4684575709682285
S1,52,L13,1917057268818397000,bc4501f26023597816920e7ba013b06b5c22dd7dcc68c3bfda4e5ad1344cf995,True,0.4108470486377323
S1,52,L31,12467038469051446448,e418c122781a8f23fd876c819ca87746f9fde7fa7eb4f1f981a88233bdcb33d1,True,0.44137724335932155
S1,52,L23,17532590747692724688,5641fb799ab2ee71a79ae7024e54e637c30036c5ddcc832d42bba55198f84129,True,0.4691912506755569
S1,52,L32,11903923644134931904,8539efdf1ce794ef0b77c3dd4a4fb379917bd341ce21fc696a40924964cb71ad,True,0.42486068126679655
S1,53,L12,11240862779211405750,50f6f2e24f1df655b70d8072f71b54bd34d0c3e47665fac53943f9fd87dc8660,True,0.3908821960838469
S1,53,L21,6309359031578978919,ee08cea0e75c30c837e00bc7b1674f74beeb43acaf2f6a1ba36c2245ea951f63,True,0.47448482417636867
S1,53,L13,8938517017591045409,405afb12f98ac7368b38474c898f76b2e7472c3e752988a65d92b850c6a84a8c,True,0.4103667159319492
S1,53,L31,12901370538316851464,7ddf22846068f6587564157e33f8df2e9f0ea3f02eb7a65e3c964eff04c26dc6,True,0.44476661783206856
S1,53,L23,4345937072757914957,20c302892ada453abbee171bb6cdb2fef61d549850079d59d94743d7e611bb09,True,0.4809494699522574
S1,53,L32,7982950980469953443,7c10a537ef03fb99f26e20eed080e0d742e9f5a34ef76bea18b78d84f06bdf16,True,0.42125054337018997
S1,54,L12,15441381864652669929,0d945e8185474d66609ad36058e87082cfb39837e08031e577ce729123a39bd6,True,0.3926398666267064
S1,54,L21,13770538682778330722,05ef9b58fc82d5b5fbd829c09c6ccbc4669ec2c8eafe44e981932b1793757514,True,0.47148405802190374
S1,54,L13,13928692086157456481,8290aeabce2658dc68a2b900ed319164134b9f51fdc8b81cb973d92c692b33f6,True,0.4100910280789062
S1,54,L31,3552207784302969511,c2beead7a9fefff2bcaa1fd42dbdcd970ca0787eb967a4e1c888b2e940693c5f,True,0.43446085226739595
S1,54,L23,10607899884623861931,0436c81893c42ee6fb24c517937ebbe94e63dd08bdff541c30fdfb80fb5b7378,True,0.48110209455184044
S1,54,L32,13051386568034247003,a67ed105dcfb9a0cfc61445a4e72a11541890a4cd99e8daeff5e52d4614811fe,True,0.424528798162666
S1,55,L12,13981274853252546893,2a8b20c4d7ceabe3608e99322197c42502c7392539755594caba8034ceaed1b5,True,0.3907756110302209
S1,55,L21,14323922966559962066,6e7ef5a3260779fe35048f5019f60ef5ad2fdcfa0811dc194498de0065b76800,True,0.47762530753110694
S1,55,L13,3451222645044340902,2fbc8c696e8da7929248e12ffc8f58ea12f40630bd886d781e9071106ddebf47,True,0.404150650278937
S1,55,L31,17211853517642328002,1cb1e7a22770887fe1439bd05d84ec028654b0cea9884af72f7045a98fcbf649,True,0.4383848752441394
S1,55,L23,16488718385710201645,7fc492161a9676778c42af9beec42f499ae4b8b45d242c1a40673a504aa3ca59,True,0.48710684072916616
S1,55,L32,11020298431821260377,5c553c1281c73dfea1c8d11b9c1c32b051e8e9fdcb8dfa17caf1758942ff8f14,True,0.42525112471840937
S1,56,L12,16562021895476806007,5d3e7b657a61fc0d1a6954ba7b2517e6f89ff8e5d4d1f8212ea2feaf22a69c66,True,0.3900647809116269
S1,56,L21,16212414367245013051,d73d490ae24491d4868fc321dde984771244e4d3a9bb91df257d6c63f629491c,True,0.46729798885650414
S1,56,L13,12405090220620912630,a488c58346e7bfa9cc4bbcc2913e4e5202c56cdddcb3078aced9b9d5557806e6,True,0.41099357699069583
S1,56,L31,16938162350161290965,acff08fefe1e28d50d8beea956850cad82c0401b546ee71c57f484b7eeb8f395,True,0.4355089842864304
S1,56,L23,4237119902113149128,676d81ed0a54b59fdbec50e040b7e209617aad23611fe2949d589785189377df,True,0.4776458978914307
S1,56,L32,12425109692982375581,a3584a1d5ee7ca9adc3108d31d525369c605cf7c97ece784523048c76fdc63d8,True,0.421807204321118
S1,57,L12,9665876765699893370,1488cb7cf36934e666e275ee5b706d641a76cb3da3f5b1e4259f3b38e3a0ce2e,True,0.38812501899658003
S1,57,L21,9028219968101442750,7c2441f0d9b8424815044a8d13022f8a3812f593f5de5ed4abdec729f72102cd,True,0.4679912693755991
S1,57,L13,15236810427681932893,917c53c304bccb659321db090d07f7eceefda07569677dcbe2eb220fd133c4f2,True,0.40469207986341116
S1,57,L31,5570542123839259752,852d33ff673d94de1caad28bcd99ff18eb1f5aa896932358519dcfc7afba51b9,True,0.44388996486123045
S1,57,L23,6056879663879052897,0b03240532dabd0cfde5c826c9c0eb8d21decac0adc13a14435d53f27db6e61d,True,0.47573097258028796
S1,57,L32,3372448884454246952,90da0058cb62f5abd528418f574c40d4a59b392807236bd4a51431f62fb05c47,True,0.42495053251353937
S1,58,L12,2623658437777941418,c0abdc87766f2303209c60c9e16dcc0caf92c6589e891b008d6ff96cebaef625,True,0.3930882159222903
S1,58,L21,14667440387677227930,47f113403c0503b1462fa8b0099a0747cb325974212a631e910e303612f36403,True,0.47033869559293084
S1,58,L13,16954382505922080057,a9237eb751e4abe038484d0f62b053f3d8142f1708da00f5282c7947ae4e75df,True,0.406150387560204
S1,58,L31,14075094030464885947,9d2f7904d863ce591a15a4e62ed8b2369454b3eacd8b34c1708b312ad485d90d,True,0.43778134416979253
S1,58,L23,10324248113886585370,ede278ee98fd53a1907d7cda7733031d1cba666b070361f86b712df960ac97ff,True,0.47440251587230087
S1,58,L32,16206950373414214242,1d4a1924e31df99f1ad0420fedf43c24db677314c86245473831e9dd6ebafef5,True,0.4223727851009419
S1,59,L12,2403345825218311699,d03e9cf6417f8a4da63b0ca2d24c82ea555f21a52e0872819859020a7c4c9b25,True,0.3955183811703445
S1,59,L21,2002814466139426747,b37f1096dfca7a8fa23b2fdc5456b5288ca0115930971b62dd774ba91813b9d8,True,0.46615607338710374
S1,59,L13,12924219488873005880,3d6604d0bf03d515c3c9422736ac0f66421051313cf63b67154dbb829b672ecf,True,0.41077878713439375
S1,59,L31,14935843896235820426,320be25c25812cdb0e11aceadd70fc3618b1add3594928310fdd1ed158a93f61,True,0.4373626711269657
S1,59,L23,8270156041573148595,1909d1c55b3b21dc982546730f5b20de3e654e2bfdbac42b64401520b10d9f09,True,0.48111847284606596
S1,59,L32,15399100328499009126,f81ae4a4d1b125288476d4eaf1b1e9460100e54e9a6b3c9e432353fd1a29227a,True,0.42331647322405463
S1,60,L12,3686905670878216233,337a4bdad6a45b64bfcedd6dd01d790d00288ba572ffd4f95a2b3e601455138e,True,0.3921417369682178
S1,60,L21,7101495556760481220,657db081554810195080bf1e0a21244cb6220cf18e5e10c56aef863769f50b9b,True,0.4677343562246567
S1,60,L13,12263805837594985135,d590abaedbaf463c8adba8510fd570481398d8aef8dbe04178124bad026df262,True,0.41155375093258595
S1,60,L31,14355157653983379036,e75a1d46e063fe171f31b906ac540075301f5643103f1565133fb42ef9a643f7,True,0.4528058136689377
S1,60,L23,8541708937721023850,bd82a2f37238eb35bec5290b2cce7786a76638f36064d947dfc2573497490c0f,True,0.4780539011287527
S1,60,L32,14951846497337466026,98f61e062a97e3fdf48d1d8cc286a340021d3c1e0c7c645886606f5bb07fc8dd,True,0.42474798798464963
S1,61,L12,14119692713768030075,223797d8ca3bb7d2e977ebcdba1e4a264ca39e7043b0c28dd783368ea9987463,True,0.3901820829674254
S1,61,L21,11989887714554782689,b489d3f6801e1a35b80d5d9276002c64c7c677e986bf37039afb59123b9dc62c,True,0.4732743439028142
S1,61,L13,10081470091587436509,db5113fbb651ec73e20d42298626f3aa7f51a0a79cad98899d735f0151887219,True,0.40321801310207617
S1,61,L31,2257252364380610504,f307b74c1db3e4c32322ef8cde1c522da4abdd1921a89b98cedb8ac1ebd89839,True,0.43585319095107344
S1,61,L23,12460574121979412321,5ce3f0f8a2781a7128e89ea42e2f8cc061ce013a25d91a974507a1eb0b4c9823,True,0.4732503092980468
S1,61,L32,8964011536962283647,fb250efc3c3125b625e194df7e06379ffda3a5cb20f415ccccac4646e3bc5131,True,0.42201574385439994
S1,62,L12,16303425811241901912,0376a534af6820dc375fdab1ea5081d635996cc6a6b306562524e509b116c46c,True,0.3928597859841583
S1,62,L21,6382274056220951718,a14b1279030b202d01559a009cd89d47208bc50ccd97a127afdf5516b1c0c7e5,True,0.47104405548234674
S1,62,L13,2162807537341995199,574103d286f3c4a7ce4bf037c349700caf3595e6d091bde32576cfd3776fba42,True,0.40190261424874224
S1,62,L31,1029608950508761760,6efeaee1928c9aa5bba3371abfd237f9064c6af0b73af34861c56870f17fce14,True,0.4475970978410818
S1,62,L23,11328217956030825748,dfe7512648ea0d6a341f5d16cb022a89616b7e9c934790a9a5ab2e3079d89154,True,0.47525422651482807
S1,62,L32,5909699738255399188,ef02669792f1e5b4929c440bd8f75129a6247bb7acb7d2bc9fdbf5d6751cf1ad,True,0.42750553907463057
S1,63,L12,8755896146082327138,71ac4bcc32db4874e9b641be7caa36beb1c67d173d72cd5cac9c7b689fb7f903,True,0.3918141938229807
S1,63,L21,17576066694538715280,3d4b47c8662313a379fb2452f2e5a90d110332042bfee2302b0e9db29f6dbd04,True,0.4694184769592143
S1,63,L13,15557229679914406209,2ff1c92a76b55b71e010ca85aadbb43c69e5b91bc649e226b945d8092168ff82,True,0.4155276358860709
S1,63,L31,16609875388714033082,a3364fc09be7eab7640a8d1f131c98a53e6699d735d399125a34940c1e2b3ede,True,0.43373468096651135
S1,63,L23,13816942307933881710,f121068560c4573246b393ff3db318200175abdca5d12ae5fb79c2482e8818b5,True,0.48265236456917837
S1,63,L32,7831770203241453233,d9ccbdafd69dbb57c9f59996e8cd00c0782553cb2f5bc3646f989642004a910d,True,0.4257194473620393
S1,64,L12,14312658540239113456,1cadea39c46e2ef9e9298fb1854070249360991cbd69d4ac40b610dc8ec921f8,True,0.3956478408887384
S1,64,L21,13497521497456778922,df7326088f1a41449fa60b376edc40b3f676df785f778fdfae2290c1d7df75a7,True,0.47022923510367504
S1,64,L13,7200534737492111702,492162b1a3903a1b83f1dbdd66835937e05a0ab7350d436cf6897e8210d03406,True,0.41494384777898724
S1,64,L31,2316552071605968092,287db3b7e9b72e8c93adb83f5925ef1f38380c8b01fd33f39d1bb0984ff59e5f,True,0.4523038573117345
S1,64,L23,16225108756942525211,4cb20011365410237839791f364e7221b21eb099579ebcd77aaff54cb0ff7e4f,True,0.4728673857143019
S1,64,L32,4602676769284090092,ec24e6997003f8f7fee157ca15c444fdfe1875948c5d41944960acfda3460c58,True,0.42362369839878855
S1,65,L12,18219649908498597456,e8f3453a2f4fa6db8921fd29c7727f537d48e4a2a8aacb1d52da41bd4e52015b,True,0.3938272956782581
S1,65,L21,14030700634158019475,bbf0f24ab19db4823ff22e2c256a4ce7d138219b8872dbcc39857ba456f8ce0b,True,0.46713947712747694
S1,65,L13,11357895896368887851,17f6ab10cd40a2a7db2a1b0e8dc8c84baf3b33443b8c2d4376191a78c524ce9d,True,0.41228263342135146
S1,65,L31,15373428440164762589,44df115938a3323472df6bd8e7dc91ecfcb5da8b81b24262831a0c629ad2cefb,True,0.43804041781740544
S1,65,L23,11169866422587872264,b57af5194641d5f8889b3c61164a018e9f925e705d79c11ef81db8e5aff9ef1d,True,0.48286175300544787
S1,65,L32,2762953243055241703,a0a0aae78c4d56c29e8d59f06eace5424fe35fc9e7815c29dbc7cee143d3b8ca,True,0.4251882884323564
S1,66,L12,3386388164450319596,ef619ec21bfa15cefa4080d5d7a91c55b5d8df17f1a83a58302aa79c4f1be688,True,0.3957363307269071
S1,66,L21,3566589809027204882,1c62acfafec48c1164f8f1d6cfdbbc9808d9346a080334db7de2d73c2f62505d,True,0.4712753968630309
S1,66,L13,901929429912988965,224607506dd2471263d37bb9afac09ebc81566ccccf9dac89275d269e17863de,True,0.4073430239699826
S1,66,L31,12076250585746707036,f9f12fd3f4170819de2364317d2c4ab62a837494e4decf82619c2e8cb8cd62be,True,0.4361055295805361
S1,66,L23,14568760672028781347,fe8118691853ae50bcfebe3bbd43e4b480b2cc6f6817f3d7db1dba4aef568054,True,0.47944808296912156
S1,66,L32,6265480755257075001,dfa3996502fa61a516c27f4b7d433508da75d487100b069c08bc8fb5d4bee87f,True,0.42771814731639524
S1,67,L12,10829688170465146985,55269f26170ec033a29dfca080846feff28b45f9252f8e5c41eb7444f45b3d27,True,0.393820179936493
S1,67,L21,6767425502355814319,3c925b7f30d6bdecfa3d0aadf96850b0f7dca496c91026d322055c51725c1ca0,True,0.4750741386690009
S1,67,L13,13664770350802942514,fb90faf49542428bb43c6217296ec483dc7647eeefa4c4889b6493b05b101e74,True,0.4026700003620767
S1,67,L31,14736550256849591267,d03089b68688e6d099b53009237d5eeec5054f4c579694e4106088e41f4af0c4,True,0.44768988850590036
S1,67,L23,10029182348219578383,75f7cfae12067401926bda0f9a1b904bac67b078df67658ab0239ad343ed9be2,True,0.4817038811957624
S1,67,L32,6069087080314892323,ccc960fc3ca239649deaaca80dc058dc6c12bbeb42b879e6457952aeafe1d0bf,True,0.4240790722065019
S1,68,L12,11513936804912917686,6887423e461a3ed2c4d9499ef622cd615eaa59e569481c4615c2a3419056a0a8,True,0.3907468654252998
S1,68,L21,3754135490544271849,7e597d037d956d5745fb1f0130b224d437ff521fd75416a9b93066271b981b8e,True,0.4690953808609487
S1,68,L13,3016340138967229449,559c0fee95d86ccb37b7ab518a2bec772416e0d0257477b63b11741eb52b4630,True,0.4095706218790508
S1,68,L31,9345014664551351128,35acf99b9e819638706c966d66b969555c34ba38d207741e152fd7191bdbf45a,True,0.43766857366002065
S1,68,L23,9323734912059610464,4b48c95dce1d4a09f3d934e757466490c5cd45bd3b1909406db73949d2110dcb,True,0.4729237451876478
S1,68,L32,18317791547329816728,8bfcc036da36ae262d3e7e6bd91f3247df15c65e893972774e922487df5139a5,True,0.4219809681982866
S1,69,L12,3433311281661158478,2a1ac4c27a01c1ee662892433eccf397da2fcd065a838cbf3965e46379bda2f7,True,0.3937240526342999
S1,69,L21,10890069881046686801,aab133447d64fe092978fa3a0f90e8f06b810ad44aa613cfe5815d7e064810c1,True,0.47326418682707727
S1,69,L13,17096126708912640228,700871e7ee7555e4faeb28661793b15e25375dbd3def5339b4f08b36b8fe3c4c,True,0.41755280833484393
S1,69,L31,5722613831414482692,2e3ffa39eddaf10eed311b55be9c943da0a41e330f9805f0218c17ddafd3ddde,True,0.4407584693994985
S1,69,L23,12983680098115602344,542d6fb581fa785b3082081458a7b7bff63c5dbfad9a77d3ec4faaab250e3542,True,0.47342198894534493
S1,69,L32,16311455886874217023,3cf2772c432fda7eaa24682def1d2ce46f50c3b2adf2495fe773c56c0f4bb738,True,0.4263976819395603
S1,70,L12,6989107859678648330,3565c602d3247a18815279e9e7e189ae4504e8036549027b73f7ce696bd84278,True,0.38702628238325243
S1,70,L21,14630116707919681961,1b8505ac79caaea68a0c3582ef5f0fb8f8ebdaccfdd2bf1a018edfc045ac46b9,True,0.4749955192507921
S1,70,L13,5648739219499123456,82b5d9ae32eb524f50c096f1f78421cdc412bab6288769cacaadab9953c68e07,True,0.4140925277423232
S1,70,L31,14082481908444546343,64d45748f4f41ac6aaea0c136d6cb55c41c68b0194d014cba88decd322cac125,True,0.4345883741001528
S1,70,L23,4247462215250471945,7bcbb6db30430ed809a8c7b962fc9549bb38180e972fc3baf50abbdfeb024b08,True,0.4784889775932581
S1,70,L32,7671811982573294718,17e3ba9388a2da7cd128281974d1917f63ad5aa030ea36a91bb3a8d4ecde58e9,True,0.42469455505046894
S1,71,L12,3342271804076822136,f50ac65f8368e5bef0b1fd1e39fda8ed2bb551dc0656b1459054a1ce7664cf38,True,0.39417645066910595
S1,71,L21,16202053174465530692,3ae9ace876f7d48d8c1375fce1a01aca1e96cf9ebb5fc14f35eb9b44530f91c3,True,0.4724870242400159
S1,71,L13,16616855054636245942,94758277dea464096174c9ea300c902ee49553240e35fcffb757e0346632b067,True,0.4053988613745797
S1,71,L31,5331506573054786897,9caebe3530f72650787f01475cff5328ad8851ed9dc1b7971f5e778ba9f23138,True,0.43527821819883056
S1,71,L23,1216580946152460151,a11183775583c33c1284a4682cf4e08193faac3eeb5496d95762a5f1c6a331d5,True,0.47183032918192563
S1,71,L32,11469984392691858222,0d1191c74941a0e1de6a695cc5b2013eda82a931a44a88f13b3a0eeab514959d,True,0.4263976819395603
S1,72,L12,3628521396286551942,b8ddd6239cc024706167c765183fcaf5c4319c4c90e40283ea84d8a1a4b68d27,True,0.3915297461229772
S1,72,L21,16234418929785632387,94f30c0eaa54ea5cb739262cbd88b99e1064f1e51d3be7b1ff40905b94cc10af,True,0.4735454426282373
S1,72,L13,1564154517022775599,d6bcaee1abf4de5bbb5d9a5442c37128a3bdd43f7edc6b9a2ad7eba8c62d8c2c,True,0.41213397544167457
S1,72,L31,15999808972055704793,e142064d2db7412d2784a1116d80a7d5b2d1742f7dd164f938a37cd75cce8e63,True,0.4431410579296009
S1,72,L23,16637868220169972824,bd9e519701875599abfcffaa153068210c65cb9bad9d5aa902e4af0a4f9862f5,True,0.48205185819640606
S1,72,L32,1100243361740123159,c1d91282435b5af55f491703da073bedc2d9bedff3c18297b9ead010890a4552,True,0.4251814352948752
S1,73,L12,17018222960824857222,599299f536b1295ad1724ee6662cb0fedcfbdfe5e6eceb8b7830426676d75934,True,0.3902340126977287
S1,73,L21,14834449545105555560,98187685369ba778702d3549a6b57738257d5ca372b7b9b7781851ee47075793,True,0.4701408086450787
S1,73,L13,7177827894223454602,ee1265ea2855f118f0a46ba12f56f919661976a02669db5037d2a7c8d1a6ac07,True,0.41357649671088387
S1,73,L31,8880803208849715019,a75dbae854aa49fd74006b60b2edc98d00faf4362b4adf241816be2f0c2f539e,True,0.44455391581171166
S1,73,L23,12562927875877847739,61b4c3df58656dfda427d2ae50810aa0f3a4828f0d4eff5430379e6b6099c742,True,0.4815245412329104
S1,73,L32,5033297061925651122,dbfee54ade44900da8cc4eb0d286f24ae5223fc292b935b6ee4c323288a5e0c4,True,0.42136351927049626
S1,74,L12,10321672130689100230,ff0e131f800cdb7811452b0f67edb551909c8cd82872b6854a85c2279d8b9970,True,0.38556543036636903
S1,74,L21,11131460832314749208,e40f629aaef0bf6d23fff7bffe8656869b3b5dc281733230e3a6806810f4578e,True,0.47239194257968936
S1,74,L13,2775060908265002307,6dcb457932edfbc7aa9cdfb6b733e7836cfe0a74671196b26eab7425d48128cf,True,0.4100133462642911
S1,74,L31,18290820181890745489,b229535485a2c74d939cb96058eacc16024f0bc49d47b1ab0bc4eb62201a6c0f,True,0.4506487659190337
S1,74,L23,11362010741946484153,72549386d46faad26727903b03e143d968a432e46fd9ef454f2f85c03671cddb,True,0.4839267747623317
S1,74,L32,12353965047787773677,c84cb6ad8c385db1308efae352f7a0220d6fd61f6f0968cae51fe70484f90503,True,0.4239700208876011
S1,75,L12,8457928686238685304,b80c06ea3aa75e6f98be54fded0963aaec43e61ded2082786ff47eef9bc25404,True,0.39443201601363975
S1,75,L21,15502877255966509375,0987e5e78c4340b5c90b654fa0bc7de8a7f6b41da8fefd6d70e06c8f35988b1b,True,0.47502409208563856
S1,75,L13,6917740785279947922,925cfb13abb7d5ebd43745ce9c2e5f4084a8957601d2376d17753144eaa01232,True,0.40551520764677107
S1,75,L31,13222410605293319956,1a58f71edc745b4d282e775128d9f06e4f3a1e4c7436375b36d8fc9eeed2b441,True,0.43714464849120704
S1,75,L23,1262085996731838861,7d5e126180526f9d84f24231a5f83ded6666bf5767f837a2d032ad048a9356aa,True,0.4809355813340854
S1,75,L32,3139602169922640151,428d66bc4331a589f8c6eee3d7600fb7b66059208f9d0a47d31a4b52c9460931,True,0.4187442019591879
S1,76,L12,1567327481395670714,1ef57b3673b9532a97d3de26c2987f856d53ae6bc8f63d01e1cf542865549ed8,True,0.391308007305308
S1,76,L21,1980697300903661309,cec9112ec5f31982065f468e57ef29e9ebc574bbd4a9ee764a28b9ee5ef3aa8d,True,0.4724101872355477
S1,76,L13,10348650724634998206,2d69e127092688e6994d9a0bb70ee0556959411c1d32b32f8a9c2867e9e8d843,True,0.40076816211000443
S1,76,L31,16075296361338351807,80422ba8f474bb03911578c57e45540610b5511dbe2608c58ff57f96299d8772,True,0.44372596307094714
S1,76,L23,4245272311015600627,42527e5e91c558fc1e28b2a9bc9797a8ff46b86fe8fbe3cce8d98b3ec8776e98,True,0.47629767009524066
S1,76,L32,2993750866756927859,47644a5b4f04468ed86e11acdecd07e463e5999fbce2a55b267738b3c44b2e52,True,0.42588403936245645
S1,77,L12,11956029507872300107,0b8fdfe31001cbe2fdb4e301cfdd97eafba40e06723119d59fe68aa6af1a1730,True,0.3912833260406024
S1,77,L21,16841530754099365222,c02d167c17f206dc90b4bd22c89200c02b385f63ec8955b3558eef22fa45df3c,True,0.4746182284616673
S1,77,L13,4781792620988502411,601e118794e0d6d8621ee82bc87d9158e5c24dda8f1d80e842835e573cbeebbb,True,0.4050516894310983
S1,77,L31,878170731153196465,fcfdf8ab4b0b88b618ae5119fe070e9f3de31a2f7ce420c348aec16b9987fb8f,True,0.4410424001762157
S1,77,L23,13101318139430733734,461d8f0a99a368079c7b1a27c763bd879e641661b398de0bdbade6964cd6ecc0,True,0.4782572427464866
S1,77,L32,9604403013062273437,22723bd64f5d1d1a3b80c22ccec9d124bd8010a7556846865d02bd94317a13dc,True,0.42515677856855877
S1,78,L12,1439902348502071327,32e2f53f433e2e24855e055f1ea5cd0f94d22a976f0924246d9e5aad231f2fdb,True,0.38899813996411414
S1,78,L21,15123065603957363120,32de05b6e34b8b6a8c034bca430163ef5e63a8f0a2fb66b33366a4fb88dfccaa,True,0.47548689939228317
S1,78,L13,10472851806381965828,64e4fb6c854959598dd8fc597f8cc81c5135d62790d6998793d9cea8b3ff8c5e,True,0.3996142378509289
S1,78,L31,14595563555407754763,b6770359bd90ba2213d93c4dfc9dfee86a63a82880940fb102af6cfa3caf3714,True,0.4433717172765295
S1,78,L23,9791509101380084027,a1a3a4df6ed7362a78fea1ef2172a01a89906b8c37e4dc45f13dc8f43d466721,True,0.48278755298565357
S1,78,L32,1305294455590517687,0edf2e465e4d266ef2fa60c569a9aaf4d7ea687dd65c174bcaa690fd2381dd83,True,0.42447361953679097
S1,79,L12,2265385588411353731,738ea6318f22ded38f702c5e790a139d1e88b2ede500b4d3f0bd51c2ba8ea4d1,True,0.38969988227647456
S1,79,L21,257373310243110513,11ed84cbc3f489329006f0ff9fb4a6cb12efaaf43b44a80c829b36a743d9eb69,True,0.47328282179675146
S1,79,L13,221747176571180820,404f377647d17e791d0a4af037420a9fdf609437007a9bbda51674e54bda1b4a,True,0.41324132379526335
S1,79,L31,786816347693923576,9c9439570192c07cbbdf1495b29e31776396a2db9d02e6da7dfb57b2d160eec5,True,0.4346831152304586
S1,79,L23,14844453986771424004,dcc21e21bde9127b32050981cbcb6cd23ea4875a8d744a9e8ccab7a2155ca7a3,True,0.4705448308541312
S1,79,L32,10125803560694416158,55b09fa699b63f830c656495d934c76071500e4c53a82a31992daa464f2cc665,True,0.4263904862608013
S1,80,L12,17856666493071016800,fcae66f92daafc821b5c017e73e5d9de52f5384418b28923466bc9efc06be2af,True,0.3880903487353893
S1,80,L21,13762066261809713025,27fcf9e00e42696b949863c4e90251da0fe36f5d8043d18d72ec36e9c4a0bc93,True,0.469079017749794
S1,80,L13,1327293899748129699,763282d36be001838b8eea7764e62377f945f46f5940158ec1cbdb04dfb20de3,True,0.40762908925039065
S1,80,L31,6942436661216523503,b9816002c1fbe596ff5728f3c9128e9c5580e3f4e4a644667dd56c0a83890153,True,0.4370659969653031
S1,80,L23,10732121691704106439,4c6d34116ba27f5f577e0e2ed811bc7357bdcfcc8505b9df5c13a107365a7d22,True,0.48166772921701306
S1,80,L32,15035407171113330643,d91e6bc75f41bea105d187ea17f0adb2a92535baf1922478b2a67d8387536ec9,True,0.4219296710868736
S1,81,L12,8337244780554648288,635ea67b687ab56871f26bbb4d1519748a38924b82096304afaea6cab10f7ff3,True,0.3940992150129714
S1,81,L21,6179033578101603089,ac58b0a5047b36cb22c1aae89bc683ada82d33e924900b72ff538fe3e6e675f9,True,0.47409888350148266
S1,81,L13,7634112439060328751,2302f8a270e1406ae7b6df0ad93580c1d9af35847c22a3ae2e4d7b6afcd76369,True,0.41183758234441864
S1,81,L31,15885742112671619163,22045819a2dcdb72a1edcb50cc4388e4009a6e546b4c1089f94ed60211e37e71,True,0.4402684656254498
S1,81,L23,4290426412129094276,658e04f457de2a4046f2b9ae71a03e0b3b3a3930d80566218fc59079ddc70670,True,0.47375572264864624
S1,81,L32,9094544294102462787,2f546616322186935133ae4b5a7b51efa98897b7bf87f0c6ae0bd3c5ef03171b,True,0.42310560429326655
S1,82,L12,2790203224790290491,5d9df0a5d9c0ab7876876c8354283d524943ecba66baeff6afa68a3ebb8ca1dc,True,0.393499728331105
S1,82,L21,6203664698861092692,ec7af6bdfa886aa96206d99c5ee0bd923685f20620d41291c384842b622d3ca9,True,0.46562343213748875
S1,82,L13,8375757042861508203,74efc048977f5cd408851b8b78ddf58783ed8337ff4c00c8abacff8546649357,True,0.3967596649158094
S1,82,L31,9154475558755702929,61efbb079c80d4dd2f6701df46e5005cfa0d48b4a3d7654b374876caeee5cf94,True,0.44290652416381904
S1,82,L23,17506695331306277284,4aa038510b084ac5d608886c366ffe33a07de3e0f41a9f35d3c7c3c367541f66,True,0.4734479149346234
S1,82,L32,8097393293963877214,5744ab029315cb3c137ee509789b64e7ce3cca3b87332b5fed3ae9019431ea63,True,0.42694803650338775
S1,83,L12,9364191181726344313,2ae8a21de856cffa7f3c2b6157d9476b92bbc70b2c55290817c9d5c55bfa1a2f,True,0.39270938198754296
S1,83,L21,4336453387462125834,42c84b1b639fadeee9d321468cf5026885374e7b352ca118069115dc77258a93,True,0.4692364621719402
S1,83,L13,16606797085541870287,6578959a1e59ddc18581b8a24639a2fbcaf658352801300258f0b7f4b082db51,True,0.41094973260370726
S1,83,L31,2092771621609266279,9668681c1bbd5d87be7cd5f88fccab2fb2abdd8c549cd90325a65f85c8d03726,True,0.4465444267775117
S1,83,L23,11907938539854101395,7b1fb1429cacf0baa465b1efddc3e037cab4f4edc7100817adac4af46289bd9f,True,0.4698493487162458
S1,83,L32,16502193389745868314,3234e40356e0a96c4c037b51ea18a815a22e4a4ad5512a613d2a3f45ff1e5d44,True,0.42525346465417146
S1,84,L12,8881486618894949856,a62511d062736550227d2650e9b7c8ce6faa6b71d16000699b77f8e4e7c723f6,True,0.38697378139006666
S1,84,L21,9271326814421586401,3f157fd352913e5fdd39f2d73610aca6c82e8fda7a7fa8abe549977dedff2c2a,True,0.4676971160377429
S1,84,L13,545482600093711711,467fd989e5ec66be97779207ce0865d757053147153f1ef8ef3c3b6df5c5c91f,True,0.41041205821023663
S1,84,L31,1306702962463679333,b541dec5cad2b4a8b7651f15f06bee41651ea342038f2c4167ae2629a455eb96,True,0.4327835322544038
S1,84,L23,4018302885510272243,e182d756217385f1f5a684c90bd50cd6523f3bbe36d90faf22594f149fb79f1c,True,0.4730687552354671
S1,84,L32,6318089850672320903,6b7c2865dadf27240c94f95ba6a277673a49ea13836d979ff55537b2671480fd,True,0.42246020214703733
S1,85,L12,5913782533954954472,a5f31cac9e587f5654ebc7c693f7ac9c5c7cc62b683c6ba8ec11cd9195521e40,True,0.39262289237525183
S1,85,L21,1624589520427996277,dfd2d2bc6a64cbfd0a4d9f99235e150bd0bbcbb8d8c25812cd7b2260986bb7dd,True,0.4661944174174238
S1,85,L13,9546164795988976747,26c17a0d1aab20d9baf9bbba5de814865adcac8d4cee5d59d8fc0c648908cbc3,True,0.4088290095763153
S1,85,L31,12671050506211456189,778f154e6a99c93c8a49e1bf981acd4ff75ac2e53d6c9b10944e3a59b95efbbc,True,0.4492538904366808
S1,85,L23,2075363298407633248,01a187f845005b10bae71f43178c9ab638479a0235106d072aa3336b34a2f113,True,0.4828041053405755
S1,85,L32,12965083482968782115,6fdfe8f706e3c306bfc83fa384d1a3ea11cfb10e61d3d8ac14198eb46c445342,True,0.42170186500150264
S1,86,L12,17613779477299930821,a89d20db5c8d8d6bbe14e400bd25103b82ede3d19305030f9ec037402e0b746d,True,0.39055981429618525
S1,86,L21,6550924764287278035,ed4c37d420b50b786e36cbd37fc34b955b20dfa63d9a104bb93e0689abddef8a,True,0.47068244179549135
S1,86,L13,15073976910222553911,27c4f793040bd78f896347072bec15b6f77fa78ffc355fa3874992e3b41d5a82,True,0.40778553221979735
S1,86,L31,12536277395585453501,6865ac94c279e34c1c389751144bac321953075b211955ea20edb64e788ef7f5,True,0.43240721376706065
S1,86,L23,16812044644445929646,c7de6ed7eac3146c87d3f64b57af16cebfeb91d3724d1e2ef4d075060e25e198,True,0.47204394263052596
S1,86,L32,17413508830620785397,eee32a596515da40f119d5f451f37b0f875c8d7cc6f22efe3cbb0bb337de6507,True,0.4244916487373974
S1,87,L12,11356870799127115433,670743adecb230e19678028dd2b00784511652ec1b83481bd4852f3c4d2d6631,True,0.3917524910462955
S1,87,L21,9852229178423831388,ad1f0fd5b31ca9d9ad6fae05e63c0f38cb4b642fc5427b60c5c134ade4314840,True,0.4749858617736104
S1,87,L13,13965415801087956557,339368e870eaef5f43cbbe5d61c81e6aaf8fff6f62931bdeb860ce0081826eb1,True,0.4081905222976955
S1,87,L31,4671443081172810936,c2b9fe26b2c12fe62a490578c5af30285a684c6ab8ae1c29576039853b49e5c6,True,0.44255319782271385
S1,87,L23,1031134781796518994,2c67c3aac79446dfbcf0eb5e59515c3d40bf4b0f1bf5d9b841595f5cd8324c22,True,0.48162935080311775
S1,87,L32,10184835888213579811,7e37316f1e3d50c8364bf4c63ba06727b4e192416049ca95b60cb22337667025,True,0.4250346260529566
S1,88,L12,1012772249151513873,3726a21bda8a809172e244cfeae1103d9660f3c9d5be65fbb5dbb0a79444459c,True,0.39399960604792494
S1,88,L21,6327519046812131710,6ac7ff1882b574d4ac0be29cf0ddf61e36f065c9e61a7a5eea262356ff55f2dd,True,0.4744111657962981
S1,88,L13,377980255865494904,3ac500597d71067f6da571b863bf984ca5f75a4a23a50e828632cefed8309525,True,0.40348253039461146
S1,88,L31,10843331390169299829,5c3c5c6784206b8aaac75a2b577a90ea54d847f4cadf0d78f4e7dcf4ba1b62ea,True,0.439347462307048
S1,88,L23,11851364830484608890,33159fe5fa3ccc35a59795093c81229f5a0840b6b8c84d1d807bf2ffb1ca0665,True,0.47340649919640626
S1,88,L32,17015911217676076035,84af05de7c5781c589f8dd278770608166f7b1ce4e262a606f0156af007bf80e,True,0.4287458253999147
S1,89,L12,8829584555234761326,f1a934fb40f1071a0d57aaf67d8c017a8641bb53665c97f79ca2632039a7c184,True,0.3891504549679344
S1,89,L21,10401686322369400634,00cf26a1f0df7c5e925566a65d8cf81324253cb3f17e5b57a252e4594a1ab8a0,True,0.47674338157062146
S1,89,L13,13479703008903429540,5c2631754d277b27157d92fd31ed6fe0cee1eed45453135a1c4d943b2274a576,True,0.4050326183837137
S1,89,L31,17527332663222614077,20640818116510ea05329ed65742616253ee87b2ac115000ecd01ca54c11de94,True,0.43731286110130513
S1,89,L23,10397328433628316782,5f0ab9aa496719fca440daa1141d1c9a21a52742727642859ab9aeac918a23cb,True,0.47952961397561683
S1,89,L32,8328722436195296536,d4c00e65f00b85094f142ace814936d9c2c8a69c25c51089789d1a6b04dee0c5,True,0.4253763147242847
S1,90,L12,9925073485021577803,392f9da5bcd579b66d70c494f5f5b83d2db053498798894613c5a29b23674fc5,True,0.3901863561905431
S1,90,L21,18136489487121403687,25e737fd926946abf73516ea4c7e09add6785d1a9dce42778a7424d3d2fb271d,True,0.4657690077722447
S1,90,L13,6771960855209921475,3b400bcbb1039defb1a45f1949d86f7d95aa8c624385f5d6cc1b8b4a06eeccbd,True,0.40822828877159384
S1,90,L31,7138139190107102767,8fafbd6bb72fd4e5a9e6db6b913a2fb0d378a9ad1759d9210ab1b559190ed3e9,True,0.4446919044018928
S1,90,L23,16019153394734267008,fd9be2eca57cc5cbaa4f98408c7cb2765a1f944eb10cbe6b9ca757b7c4fa370a,True,0.47245443999979814
S1,90,L32,14840384212503884916,db655c415cc84901984789a8f7808ab10158d36816090dbf025ef3f463be4b3e,True,0.42902530089623997
S1,91,L12,16506246880580849903,bd496f57ed49e7aff4e09688783b69407571e5d027c4851d6e0b24d459764fc9,True,0.39159008735190914
S1,91,L21,953484571397001630,b539d48e72819a4d82e68f013dc4ea016328abadc946335480c35ad5142a2319,True,0.4729261645001935
S1,91,L13,3199499185278673906,6cd3877de97010559949feffa7c932ebc479910e21a7a1b6cb4ff812d1bbf183,True,0.41787552159059627
S1,91,L31,15554996574019334298,68ca1ef5392074ce65248298e40ed947e12e30ad9dc5c4f40911a0d04da0ba63,True,0.44219863344554955
S1,91,L23,1694168203742970642,feb8fea89f5eccf1560a796bde5295c1e1716faf81eb2ae5c1b600d3c327ddcc,True,0.47346919150781
S1,91,L32,10681280384206406358,f48fa732e44e7566d92964ade63b03a0f33543245db770bd122b1421327f418e,True,0.4239798872462644
S1,92,L12,16269392201358479246,66ca3f30ab638713852020020aeea6f83449cd8a418b33ed1cd93fa38fa02ed9,True,0.3866017272127681
S1,92,L21,4721639814193295268,40de852b520cfe240b00714161d87bb4c88b3509a02a7c0836956682c8145e99,True,0.474361571826009
S1,92,L13,12517211624852067364,c7d50bf276ea5677211ab4c4bd5cacd9a81eb2b861af4a72e6a61060cdf816d4,True,0.4081523914180871
S1,92,L31,10037645119134720408,3f12a64be9c27ea48ea31d1304db3a2792e8016a2b65b3406cf1e95dbb7c1ed1,True,0.443523899917533
S1,92,L23,16614601699971557961,242bb957f134138bed6e88eef215b84adcb97039774a6226885fadd51a574c3a,True,0.47795189189295034
S1,92,L32,15905130985104730387,f76064365c483fd80c59a5c36e682a152795edd78ba8bbfa3116d9b2b335e8d7,True,0.4266470757435917
S1,93,L12,10316800975458381230,772ade9c5bc93776b6224abeca0a47eb56f536288dde5c8da99e0535d8eb22af,True,0.39399960604792494
S1,93,L21,1589063361440758104,ab18eeb12fbbb760703817ac85f2b01d554ba30065cf88569b3b982a1cfcea11,True,0.47096501073637204
S1,93,L13,6262852702802849499,bf04d195daa547825feb48c31e4ba436a8f080c5876125761bb43a5097434cd3,True,0.4090759317281425
S1,93,L31,1372829511280412226,0558125c898e266c6ad844a8095ceed59f143f9be63a09dd37ad6c47ff44529c,True,0.4393047545527266
S1,93,L23,11955235257911315497,07f21d67085532362d5f20e83815e9df3cc8c923e1b10fdf3b08852936a41fd2,True,0.48033332256759254
S1,93,L32,4074783038770094832,84e5c23820e69f42e746f7a352d8094f3ef069a546f0136dfc91135e0e061be7,True,0.42496058482227556
S1,94,L12,11339880366974800936,abd9155a7310482f5d73d152c8975add1076c3b2b433d4ec08a7461f3ef297b4,True,0.3908285618665428
S1,94,L21,4827370694370255393,dbf20e1910f18d1d98eb93d892de58c14cf70ddf313e85697215eef813365b43,True,0.4752907461482691
S1,94,L13,15968038498686075605,decd8aa79110c49d6bd4ec260ae8d7ef80798634b58d7f3ebcfd869715bec07f,True,0.40711543683865703
S1,94,L31,7896506276804169315,c0d62ca0ee5be028fd5ec8de2e7adc4af2333aedabf9f6cdcf14a21ee1aede19,True,0.44356053830879333
S1,94,L23,933359146859187238,38853ce661b973ab1fc8619a2a19f0a19ee9b2d30b67247ba293c5cb175497c2,True,0.4754924599956117
S1,94,L32,8522176829503215652,3b993de8e212f0f48618ab93f69ef8d5406a85d321e3e7e4cd2358f4e8d72f02,True,0.4223623141573035
S1,95,L12,9583609094368621507,b43c3f6bc3556152d3a4a8683b8c528c9fb6e5076cf580ccb12229b1784db4e3,True,0.3900712738621228
S1,95,L21,9647958705376743979,4b339196963b1b09613c89bad4209a6b9bfd89ea39c225c9d1d83b176ae13d84,True,0.4742375616152207
S1,95,L13,17179643720342013112,f875f20829262ff68766d1d2aed8fd744b570439b2ee6f38a86d2a5ca556b842,True,0.40818426772808425
S1,95,L31,3188925816293605817,115e3f3102aff9c5342af69bdedafb1618fd348282b2b95b6df3874a1dad5205,True,0.4450002159791282
S1,95,L23,693585812419685182,50d68d3af79aebecac9b6855c2c08e12402652cb6819904352789fe50089ef17,True,0.4745562705262043
S1,95,L32,9929951700583135921,6c365fa739a77e5a8dd643454bc37648086ac4f9b1e04dd3495bca3c996e0043,True,0.4277535018540079
S1,96,L12,3028886338134359168,b4cb38310c0744dcc6b1939d7e38e161ca98b7545c1fd24a53dc5612901e2ef9,True,0.3939709326936355
S1,96,L21,7420341723974890169,ab01cb0a4dcc38f4c8de1594a91d268462068b2b18e6402c52d5d1b362dca968,True,0.4734884842846391
S1,96,L13,403295693271420429,5d2aa462781d1a0b6ab507ebca67e5c1ac2332c92bc6100476a16b07f2e884ee,True,0.40809639903567074
S1,96,L31,5687212978848891403,6f3a7fe866d7a339e0ae91e0c30762173a3e3a94624668f219d7cda36a2d0075,True,0.4479294506147049
S1,96,L23,15117266482662082118,3897192d69d845b71b462f4a835031caed057106465d9d050d587b7a5b8ad7f2,True,0.4732198270071958
S1,96,L32,15145333316512937304,3f3f7f36661989f24f0387eed7a47535aab099f80756f8d2d1ced379646991a9,True,0.42440636298153467
S1,97,L12,11176939099246874798,5ea02ea035f455ed7448f4eebec93000dbb2b9d7643cd6e2cd18a3f9ffc9fa36,True,0.3916635969851081
S1,97,L21,3356981748900432214,b323086e325316943a7da5d3d8c33a5c393341072408a8ac1150a91e16b91ad1,True,0.47478053079108323
S1,97,L13,5186234753520468262,c31d4666a75079a353f0dbb542e639febd727e677b44391d64f48d5f30ff04d2,True,0.4152750566788315
S1,97,L31,12037931564656061530,613291c14a1af31d1996f41244e1becde6b58123e409bf362873d1ef730375ad,True,0.43564379490192506
S1,97,L23,8289320439115507530,cadff0c3304b93df7e6c84e622121680e0bd004bb1290cd2234086af06c85d58,True,0.4805629707476605
S1,97,L32,10768260074835229725,dcd64372dcf04a94d5edeb20dbaf745a388fa042f9e025057fca4677197ceb65,True,0.4267480187749509
S1,98,L12,13009556619040442244,7334bbe041c33bf7b87c4eea3a9ee82ec51c92d71362f9f6bdaa7ff7527f4926,True,0.38924590500960077
S1,98,L21,49136460057993460,e6d1b77b30e2de0aad8b8cfe7564a9aced6b9326f144c9522ff6b5ff71bd7d46,True,0.4701936260198037
S1,98,L13,17075774915775963387,350892822717e14ed1cd647e8390d6671a5a7f5ce854438ac350262dd725af9f,True,0.40823535180214215
S1,98,L31,4589808415240621975,6044910b066386be0769ee8b35456e68be66a0eb151684fc8abdcb19d7ea15d6,True,0.4421125308338346
S1,98,L23,8042129894546114730,1574faa2748fb4491beff4cda757774db812faf645b81ff368c74e7d76924d65,True,0.48176894078615373
S1,98,L32,14604694482117844346,11bf2ec6dc10dbb12ccd41d5d09ec150857ba534275c5170472362219c7eff06,True,0.41945171137437315
S1,99,L12,6006040209949634777,24e71de0c611c1cb76625ad3826edf9e9ed165cbcfdf127eddcd295c414b981c,True,0.38954848543727194
S1,99,L21,5988455754402829444,a7193c2fe33acbd2c427405222e57ea4894b12d02833ba3d4fcbc60f3fb32b5e,True,0.47711392550449794
S1,99,L13,7639285617926362474,0a6ff199dac970b9411fd866371882815a2e4cac099663d8434da6af1457cd02,True,0.3998922111370361
S1,99,L31,13399798892850893531,edb620016d01aa75b280b171b686367f3ac3eb3ba4b951830f26b776e8da015e,True,0.4397784752049875
S1,99,L23,6817338030106706564,f83c9457239094eff46814b3063b6f64d1794eee6a45879e400efdaf108f1a49,True,0.4810688684095691
S1,99,L32,10377816678435803692,0aeb09378cf9f03eeebfc141a08b132dd10c7b3c6a0b43a7c470458aff2ce9bf,True,0.42545211721271464
S1,100,L12,13336615244860057290,ad62c832ef658675bf1fd355fe4bb237a5790db416296e2d76a65fac2b11c606,True,0.39600522972694085
S1,100,L21,7629049861687630761,df723a2d739506f4d8e18c80c9eb0e725da4749555e8683f344d5ec154eca709,True,0.47354704684641025
S1,100,L13,457855652605408474,48231d38e85aa3edbce0b4d1caec13acba80651955ea32e7a948df7df576726d,True,0.41080314494468495
S1,100,L31,8607937150611326165,ca53b9ab9c83ba4f6819456d303581d795862cd2ed27d18f72d918dccabd6cf1,True,0.4476464313403485
S1,100,L23,1604742400534505994,ea43af9edf90a4c527ddff5c356b94e29e06819a7847e1c2647be9167ef2c681,True,0.4821589394781483
S1,100,L32,15318167733613473313,d446aa4af442f23b69f034345f5a40f969a67e59fbbc49f263c3819f33641c37,True,0.4212578281665241
S1,101,L12,17460728702942568192,6f70383123d3c54fd30b76616a8a8b63b0ceafffbed473525a377ee6d73a1ae5,True,0.39173170456941386
S1,101,L21,13848269083220664079,b9f7bd12c9ec4b6e54f6cfba009323c532bc4b5d8d755bc7d0c1e4ab903158e7,True,0.475392992566639
S1,101,L13,2023128532550623230,9b7b5f8e51f18ba7c7735d8deceb11db3b66819affe978085eab54849ac1324f,True,0.4142129612980598
S1,101,L31,3432772073394050459,22b857bdb1aef554e27e19446f7b1999c8041e3373b39408293710746210737d,True,0.43902028847733043
S1,101,L23,10778841900139294662,a8eb9143671c9ab1032fb182c409236047e4f4587c4b4a97b8ed5fa43abdb5a7,True,0.48033419070523303
S1,101,L32,16871931959843930991,480dd475d73f38e501ce48e20cbb829e7fa3f54c29b02f192d336425810c0145,True,0.42153769599023616
S1,102,L12,8819673750330427689,9739b6e48d0b0a058e21cfb355662c637b17852fa8de3ea9e005cd64554efed9,True,0.3917394349894594
S1,102,L21,11735537077723034389,880e03794fea96ca0609571beb4459682ccd3e34c6cd1c0b9f263f4f1fc096f2,True,0.46509340361712476
S1,102,L13,7159008565911954510,d1eed2a02b073ed8681d7bd7b9e3bd2c6f6c190b34ec1e9b0d75c6dea685064b,True,0.41449126537561654
S1,102,L31,4518770685802535468,79abe485462d9e617c98c6766e608722737fcd9ea5fde8f7863a3220f86e5541,True,0.4451396210664357
S1,102,L23,7795666283257196466,a3a56c09417e941145531d8af82b010c0f554dfc2d41e9df0c111bb3a2e3dffe,True,0.4749618776278023
S1,102,L32,16815443340923408520,d85314a6aaeaaa424cfa671d4ba9fde7dc1c9aec5030a5c7a102b4bfb2f82987,True,0.4220584758107439
S1,103,L12,696376038705269671,bfe106e157bde91369314276ece51e7f1c7d54e255462bc0c5d516fb8610ca02,True,0.3904260098919399
S1,103,L21,7290894990285172621,663bcf3d159189ff0595ca99f0fe6374e2b0787786e3990da6e6a5b9bd86b93d,True,0.46798017941205705
S1,103,L13,2287088470490232142,c766ca3881f0ef45fef4e3ff02c7b0801db32a8dc663939a6d3d8ee0b6913eca,True,0.4062662787842189
S1,103,L31,12452409535324383453,48efa49147461fac1ffc4941e2bbe47825eca10e61b8ac62f876372392485acf,True,0.44129298182718607
S1,103,L23,10091194901828259704,bfc8f9327c9f5bac99f0317e64279b80a0d3a12182525c817565e5b899d0b12b,True,0.47787326960763554
S1,103,L32,6455390182793477385,a337e16e39bae735a46e2aaba386fb99b66323629d82eccc2fd9d01aea668000,True,0.4259604724797041
S1,104,L12,6032434136438271405,fbdf832d546e20cddeebc4e8708fee917e98330ffdc56813d764519796c23193,True,0.3936126920989743
S1,104,L21,2297022803366199557,6360d44a4ec8e5fccdb5fa85fe72a44a275d181cb593a09497f676321b17f8ca,True,0.4718908494801306
S1,104,L13,4898082599290283867,dafd2edaaa5150e416753dfe1bec521da3a93148c6dbb274c239feaa19a5cdb8,True,0.414361492634774
S1,104,L31,67383482776080417,7515f9bca64aae8e3724247d4e11ddec5ed6b36fe0107d04989334df58380f2c,True,0.4416408619548604
S1,104,L23,162839931700887108,3628b3f7f6a0d287fb63ffb8b5c63684cd0f17577c21e7768387aa1d37755047,True,0.47997142810313487
S1,104,L32,7809419138563754167,f29686978715a167d1a06bdff4b1bf7d532115ae081b099c9e8be7858ffc17e6,True,0.4261628655054373
S1,105,L12,10762468257074504187,778168050a5d8f37cd3e241efeba6d57d7929f138dab916ef9d11d30ffc35a04,True,0.39252175292788194
S1,105,L21,9148252950597753928,ca9b3bac16ca44dca129737624e2b04743b4720b05620e4747b3aefa350e0da2,True,0.46853928124321825
S1,105,L13,10581420242750692932,8e53e03ad590a7d7e9f9576df394469307058a3ec98095adb54d9f4af981a7d7,True,0.40224251434619945
S1,105,L31,16645776223909537072,d70fa524a68f9d6cee0f3c3e989583e308e30083ab3ae5616733a7909a869c39,True,0.44279947495130284
S1,105,L23,2547602772841218058,eda990831673bb5a5bd58af34ad41d8a220a05dd70ff52da52e9b8c6f5fde3b0,True,0.4730283378707729
S1,105,L32,7793461190201459429,84b87b7707531197c8780e900a6b1485d1fb52c548e93387935b5b2c3cc0d54f,True,0.42482978464771604
S1,106,L12,18326952461890325305,65a988f34f0c25e54776cd7c9aae278db89e9df2df6003f6b358e0811e506c67,True,0.3947245712078792
S1,106,L21,15100104931954641847,f64bb9dbdd343fc260fe4103ce8a3ab4bad8d679774b1babb2c5753368e18706,True,0.4734884842846391
S1,106,L13,10474792212621587177,c4ad15cd849c511d753e66c88f453c231e4e9454a46e54dc1d0687ba69be7bd3,True,0.4045904614625585
S1,106,L31,6751294977697962663,d33b77588ef6729e6effc55fd5e4f8ea1cf58ef813d8473e80713853476aacb6,True,0.43759747294147744
S1,106,L23,13879935029386250123,095359e1e9650dc9a80b64b46f2ce0d5ed6004747927485407aa6d9bb076c885,True,0.48141562351012895
S1,106,L32,18203686976009896484,aad143fed2293ab53a4dcdc2c3e73fe2741455e1e5c2a5def41d77e95cb6f37c,True,0.4240105197724497
S1,107,L12,13152840454083325640,b6886876629f9fcade2608c4c334209b06f0e0a78ab70a335a716420ab9295d5,True,0.3921008466800039
S1,107,L21,5887722427717633275,bd9c84ac044014860c0f294939214a5f652cb205018b9a84fe6bc368b4a9270b,True,0.4706136030646676
S1,107,L13,4406354830773202680,7a8c50d36374c818a4de61c5b69d025f3d51f06634b20316cf0fdfc84fbaa5d1,True,0.40876780343762914
S1,107,L31,708700331637013638,c7384e9b82b59c95fc3bc3d84935e95a7af7f8ed6b0e9ade30fb3001443686cd,True,0.43579792406075174
S1,107,L23,15739119724992911707,522c970e20910132b17888915e19313825360e74fdf8db657617daf71f1951c0,True,0.48269402728898386
S1,107,L32,6790788568153848616,54f616953312f9d08658c66a74f769a0a718ea0241c048f6358c59cd4fb0230a,True,0.4242291938786693
S1,108,L12,17267187156392929120,9311b4bdce2c35ecaa985c103933d035caea2b68188d2eccecb1816ff93616ba,True,0.3899437546171672
S1,108,L21,4149498427981055958,36261c0e9e6f9db54141651e878d56e12dae52bff8b6e48c137335900305932b,True,0.4758226711650123
S1,108,L13,6703167024559568142,dcf64a8f244ac8b1e97e884112c72006b6bafb15105b8bde9a300dbd5a3751ff,True,0.41071753503456027
S1,108,L31,12494083865762925871,47b3a13cf0f4d335d2551958b66820b1703adbae3be2012a6fdae2e72c44f227,True,0.43732605440801275
S1,108,L23,12597106877319133941,7962800a0b6b2802be4f7825341154166f61c25944abb179dde94ae6e5471578,True,0.48026176987938946
S1,108,L32,13338097550832231306,84c538c5fea2411fa7415247073b59233c58d49a3aaedd6b185f06ff8dd4e630,True,0.42598364423573876
S1,109,L12,3004678798212210019,034e1f0ab4ae06f8bf6b4eb477d5b5ae097fd3e395fb29783a7a2f402541f5ba,True,0.39159758859745114
S1,109,L21,9095891765411474762,4698ec22546c8125868ef6b07ed01c514793e93c01616ea40f093be32ca0a976,True,0.46926478818114736
S1,109,L13,15062165612171230350,365f362caf071a7ba64ef2284609f9b2099ea67b7459ba8619023a5b7f42f963,True,0.4018805994627662
S1,109,L31,16027237996810892014,fa6aa9963163900c896b101a3d619b907d694fd38162d03019ff8ec82834a6e7,True,0.44505440746843816
S1,109,L23,7099319312518172456,76c7b4e85ec1589555127edf9dfe5b7fcf766593df794b64f7932228ba3ddf68,True,0.47508306026040803
S1,109,L32,7583440902617508298,f56198e2f9a5b77733253b585052c6cfb444cdca43a748ce35314cbf807891ff,True,0.42750553907463057
S1,110,L12,1316576714172370222,4017c1e7260364190a3312d7f12b34910424ff26ba18a14215c6f2007cb4a8d0,True,0.3919829132010914
S1,110,L21,9508933969954884630,20ba89835f69e4b2cc3916751566ee61853f9b9f5fb5f4a18579ba376d814397,True,0.470076291071573
S1,110,L13,6687759181262711155,d117d0fd6787eaad886e63b88ff9926f214d62d5c7f58b02345d5d7b96af4f8c,True,0.4056645111710242
S1,110,L31,10214169958868120629,11bb8d8c88d7833837185a9eb4e91177fe0c5fc9c09868bee29118622fdae8dd,True,0.44151879881653633
S1,110,L23,4066089684850035867,9f2f1a4bd57a8a6427829040dacf459c7e92384117f25968892058233bed68c3,True,0.4757394717446854
S1,110,L32,17424034917970886558,e4bfb6698cfecf39c1d3ccc6d32a56193d7663349775359f08b23a5a08fdd1c6,True,0.42442201945090424
S1,111,L12,15554391875090364644,b0d5d2f12dcceb24dfde0520b515674936690517366f40e3eed1dacf37fa4e67,True,0.3944238557810593
S1,111,L21,3103047436131756046,492b2a8c0065aae2df1bc8dca8a590b2e795bc2ef808fcf288128304107a9db2,True,0.4737829417031554
S1,111,L13,10695228306445193693,fc8f76755c57bed72300d5e31ec84c46eda77fa36bb4ea16ec9242f18c7b8895,True,0.41285066579845253
S1,111,L31,3219265061854380786,2a2a71eaa2909b1157104317084b52bf96eeb1cfecdf2fd49025248198dedef2,True,0.43490956195466973
S1,111,L23,14594916890532127389,e87684e15136f2ca1a943af1f2f94c22251219eb6e069c750d88c514c0b948bc,True,0.4813527195378158
S1,111,L32,5661321312898276059,0ce0c70fe3aefdff6872b0eea4286e0a4490fea73fe1d8f4a2ec456d71627e13,True,0.425858404455461
S1,112,L12,2375096923155349311,91a3078a531fd03ee0158b778fccf4b7e9a69eaaa96f5d2c26d2e709abbea0a9,True,0.3915689758376679
S1,112,L21,10924507417991038956,7b866bd59001df2de82ccd7440ba74d1f9f82a2fcd0c4467c6f6ccfd627b15ff,True,0.4726463665383307
S1,112,L13,16883600124200514693,fcb2a97e47e2e6304ee915ce32d7d7511a3d63a2efb8dde12eb3b20cc3783da9,True,0.4094472317447707
S1,112,L31,6810210978029668125,dbdc53ecc280164fb869c090a711ff366da9e0bc3e5f30d29b0949e205366065,True,0.44658260932583205
S1,112,L23,17370638259674382741,4a73664400bcd263c68d67296b16f248e19faf969260f3b6e20fc50ae1e80492,True,0.4806859957866519
S1,112,L32,13620747153627388706,191d351827b8b518a4d6c384d29d23b96c964e0b1fd3aa7f2f678a50b8037501,True,0.42785947795918206
S1,113,L12,3546567035201668816,19a9809fccab58e65c373808ed4510c7128e00bfbbf6d668512bb7d0d9c49627,True,0.390790422380056
S1,113,L21,13609122881179653566,c67c816a5932bbad64e5c8722a336e86cd9427ef9392db7815884c6e2d6d1c66,True,0.46615386915602564
S1,113,L13,806849796950121106,d15b6dba271af4ef7db307e4910bc7cfc7705fac2906790df4b450a6e57a99b4,True,0.4113529473394374
S1,113,L31,17975447898340924422,9185e650cb079596695c58e5b2e56d3f9d2dfca62e791525f5eafbfad3f395a5,True,0.43705110890274695
S1,113,L23,15057611173879114609,1a8e1b63ee792a4e40b9ee78d465bc0965b77dd8cac892b0e64fe89730492450,True,0.46922821479311627
S1,113,L32,1027944366235503826,11db654333db494b2b85913794a1cf108e154b280a544063ea0e48249e138556,True,0.425925329545266
S1,114,L12,16951304816621514704,a8b23d5d35bcdaa416d1ebca9eda5f067a7fc50885a646fa7545101f954d4f5f,True,0.3908318068211166
S1,114,L21,15306111512362093091,9369a93f85d7bb54ed21e814a314964cf3b663a2130deb4f0fc91faba209dd2b,True,0.47262236906509353
S1,114,L13,18092789511790586558,68307669724b6b4cd396e48053848e0af1c22dd13e385a7b95b62e9cb6887591,True,0.41121218074219196
S1,114,L31,11802532088997032811,92e93658bd9b42feb4191e8913ccec66fb9f28ef1dd83741f347d11f9056aed9,True,0.43998188009823347
S1,114,L23,1439172690479779546,33e51788b8d31b83e1c3adfacc5369d2535a05fcd61f0ecba4fc32b3c7bf2d0f,True,0.4750693009008752
S1,114,L32,2573072927229653332,696eb0e76e1f02e511fbc8857fc1abb8a54e3e91695822b927ca089076afdea6,True,0.42012524253176925
S1,115,L12,1560197669920171171,5d655956df2eae29f7e4f01a55bb991edf5206be5339bb6b9ad722302f3fa1a7,True,0.3926705618724048
S1,115,L21,13533181054777606532,e9e3a25595aba50ccb16c1a2533d2211f5b6d4b143156dca8641d5fc7aae52ad,True,0.479335479442222
S1,115,L13,11830140602711653709,192bcfc2e7c754a4ccc77e3be3a295c2fe28b5576bd5647df5191fd4460efaac,True,0.41085442189979726
S1,115,L31,1417285772751782774,d11feb6fe2aab3c245fd87b89cd41dd4f4c2d1d9b567da8a23e437a763ceca3a,True,0.4396858844945281
S1,115,L23,15303773724612841351,5669474a904430373ec05f59a40ab4ced496fa587e3188ec15fe4d9b48b3df0b,True,0.48341522262497083
S1,115,L32,4932338297201023523,fa548234497c4d370345529ee67882eb1690834737c95b8fcbb7bf34a1dade57,True,0.421858323199144
S1,116,L12,12400824329044317611,06ec7d5e6659e5879d2b54e7ae1a1c4135979ddfd13a4c440b37c3bd79cabec8,True,0.39112994199568074
S1,116,L21,8666755989387329120,774b5d7cd79ef46c59520adcc8657cf3d22255e90456bd6093c8f979d59eb841,True,0.47695853744568883
S1,116,L13,2220319377795988690,a4ed64709bb8403eb5a13cf3a6661e449ce41020d56576e4a89422dc2c3d2a17,True,0.41487274350277975
S1,116,L31,12310065786470410967,2a43eb9068609ab710bc22d535bd13928e6edd38c72f3903735d754340df56ed,True,0.4441630366990328
S1,116,L23,11003191911810651940,bf601fc4191bb589ea49c249cf5229bafb1de9d4fddc682de55463b8386b6ce2,True,0.4829861783251642
S1,116,L32,8814622866329942134,212f08dae14f8a05a6fe49b3804fd636a10d83278bf4970ad723d4028e92e080,True,0.42447361953679097
S1,117,L12,4206066195315697691,b8d7447b2d71dc4b5f988aaf85f8f17da73a77eb22745b2f712e16c1221589b7,True,0.3907568967854821
S1,117,L21,148752183265344245,ddde1f23fabe3f481527c8652233f6e931c65d1fcfa0a66c79a867993bfbf939,True,0.4730687552354671
S1,117,L13,16392544385435430640,30e40860a780fadf7ce7a0e61fb91dc8a3cb663117d895bf46b7a4372117ef3c,True,0.4082051425532825
S1,117,L31,18332988039164624089,2f67a9e5fc3c9d66556735c9e5f9ff0bd4fcba2082799d44a0657d44089f0ebf,True,0.4449617527818473
S1,117,L23,10026397242762372031,547268270640edb1bec17b14ff8478f139019d31311c079b4beef44f55bc13de,True,0.481489020652926
S1,117,L32,12286777435031727169,56743186a52f0b3c2234148d71510098f507755f32fbcaa669647e7a863ec3a4,True,0.4226635670748996
S1,118,L12,11169058269612576634,a47bbf7a5257f159a092f3c8537fc2f33915e8b7668d052e5c274ddea12dedeb,True,0.38645905842151657
S1,118,L21,12516746502045622372,89c4bbf8c6fe4cd6e59d9996ec20d2a79ce50590a04d7be5389c19e6ea57f027,True,0.46766402680109825
S1,118,L13,6477088299781518393,6b0d51c3882a8f9e0a2f2b9e20fed755a092f32dc6b3e565ddccab6353b7d94d,True,0.4094987470597114
S1,118,L31,15516955822048463259,1267d7963b83066ea5a0182332c01e866b2b3fe4c111a0cef1b7140bbc2875b7,True,0.4389030734857343
S1,118,L23,17241062590024264972,5c1639b2600e81637eb0950d9a759fbd94ff887dac863e2ed8997a994edfacbf,True,0.4760339097700085
S1,118,L32,10062783209586205970,fc5a8830c4f4238ebd7fdf38d2979379d5d8d9e201145a9cde1c1fbc5a6b42e1,True,0.4223100660626027
S1,119,L12,3135639650047064804,36563398edbe7272e762fb74d72b99518d66669c0d4e0b0d9101476f31045e7b,True,0.38891720093981363
S1,119,L21,385905500055531611,d772b473eaa6aacb80a192fd00def7fe65534ad20091d7922d06bab6469f800c,True,0.4747621930697644
S1,119,L13,1957057612355113117,da08c1593116e9b6c1b32f37e0d1abc6158fe97f9d53392435bd6290108de42f,True,0.4108384926801651
S1,119,L31,11458920710731203168,982a38dfb1bbd3e4e8374c9bbac338f2a0a7f58e84f6b991514c0d3cc2e51d12,True,0.44062068779786856
S1,119,L23,3909574176059715695,c5f7eb35a23b7fb2752fb86898c3305a5ecfb661c3cc8e761e1f1f17c474e105,True,0.4748388923289223
S1,119,L32,2809785604049084093,3e421c9130ba51dda07769dbd5c57ddfa582efb02b50641f9d1e4975c2006478,True,0.42561515634438685
S1,120,L12,15077415451911910763,20b81d8346c1b46cec60b31284d0895c6622e26f08cb4c033a4af4c61a00dc83,True,0.39268192610242086
S1,120,L21,13798648640397892553,7b411864846729808d336f879af1649d399f5128a52ef51d0af3bc96df5cefe4,True,0.4730710782097875
S1,120,L13,14836235459318775716,e4b86ab50e4d8e9a4096ffc6ccd7e74d92473077d6b2e090bf3126fd82c034e1,True,0.407605989295231
S1,120,L31,5644722684901605447,29dc8defea148a9188fb723b3abb2643dd1a7e4a884c6409fa9b05634ade8ca5,True,0.4349543670896727
S1,120,L23,9088667221144112421,15b6095c5a86f4876295802094cf4e5437b62b949b6bfca0cc9296ea55d7e9a3,True,0.48203459994232317
S1,120,L32,8893766741616725751,3c241eabd444bba768e8ea8e919e3cd0e42f36641dcc95160b7406b02b2d07da,True,0.4220184963972754
S1,121,L12,7815412748010707381,fbad44ec7495abc9bafbb2ebb517092834e3dd6badc5dbdd12939474495b0bbb,True,0.38980297891316634
S1,121,L21,8913742698948363225,c44dd699c3bfc7edba235f1d240450f91f25b51840cd7c9eb5bb54f21b3968f1,True,0.46797010763460184
S1,121,L13,4298518380615170561,9f3879be29e572e36b6e0ef2d991efb08df93cd07b5e94f33df3b0c593357173,True,0.40386193265022435
S1,121,L31,13926817833166252527,e37c6b1beed0c024307f898b96c7e16da94a760cd36329cf2ade190dba14346e,True,0.43021638207077795
S1,121,L23,17637888707389487381,bb24b137f72b1c940cdef188f660fe4398189a47d65a8c5a126dcb49f82f0f62,True,0.4737661492597761
S1,121,L32,5415201098519716008,b0f9889b51bfcbd7994bae45b7f88aa78fb703ed95fdfc53c59ae05c5cd562de,True,0.42447361953679097
S1,122,L12,15560504312997800005,4c372d0ee3dae741036d482e77a3c31a3f46c5cadb49604bbacd717680f17eea,True,0.39170496285513196
S1,122,L21,12066036644631184602,5c01fcf5b5094c428bd87a146a802e43472dc058bd4cbbb20403ffab69dff2d9,True,0.4698514643425439
S1,122,L13,16481465335120320788,6db5cb0fffa5fd0a3dfccd3a8af6b4d8b9c4552d02c8e1eff9d5fefcb60c32b2,True,0.4038870943228927
S1,122,L31,13484787834479296209,a0d85975e87ed79d8f6f5f72a9454f6cc1ce3e2e166b627b2b6029002028cba5,True,0.44034613622181557
S1,122,L23,16370659942658627105,e259cbf322edba4a355ef1faa028e856d3b7d88ae649ee366fac8aacee35fe0e,True,0.4785495484126059
S1,122,L32,17875358144321261718,cb16c135b505977c32245b00003176da3395a3d24c37d505d5e2a102e34968be,True,0.4236637134595545
S1,123,L12,14870575243514205226,82f11e903f21fdb422724e82e1767d51cb60dbf50603b4190511bb7bde6305aa,True,0.3942501426189578
S1,123,L21,17458289589267353054,d9d387a976aea1ceadb6f5f605beb0a02ea4c92f288b6d574b88552cc0a984ce,True,0.47161100401751255
S1,123,L13,2474683338433167525,8dc204d0da15618d65cecc501d269a3664b79ef2cbff6129e754b7c150230165,True,0.40652039048294125
S1,123,L31,10793743144510674922,0fd555136db2fae39f66d0f94619d837169476ae9048b310b2db4da4fd665386,True,0.4384516982715933
S1,123,L23,8920258721665482579,5441ce310a8ebcf4cd6a069c127856b503910e3c1ac29de36d086980d985e878,True,0.47259560778091525
S1,123,L32,17060169156163267751,ae653166edeb075c7dd05e2dec7362e322a3816171c36d8e816c4a84700e2255,True,0.4182254629632032
S1,124,L12,11539461558803859251,0cff94d650d6ad6bce5cef29da305c574c12b304a6d286cc5dcafb3ceaa332d6,True,0.39280761385675217
S1,124,L21,14720531235748105146,7cda78a3ad701599ac95c1e040fd93983d1285a3c5a7260898329922bfce6ac6,True,0.4707547933358932
S1,124,L13,1781724782336945113,539708d65ac3d2f4ccaea49f2ac3c0cb43f9df2c0d21e2148666eb3a633a807c,True,0.41075247423066236
S1,124,L31,9219882196566086552,06f1644d93315645b25f999482e377813f97a8d57e094d4555f2e0f950e6c898,True,0.4390747476185139
S1,124,L23,1578069675793823557,5b4ca3210c5bd46f171ac498b7e2d92ec56141b4cddcfca961fc9dd659527727,True,0.48385266781135505
S1,124,L32,17727821315810042069,494ec7262504afb61f04f8054e6ae9eb1eea234b3b612781267a1ea4587df310,True,0.42526535362514184
S1,125,L12,12365624401722252318,2e0f2d42bf4e9a146cbc5ec1fb8dbb545fe8ed4b970f0d5e40249d6d045df2cc,True,0.39432165077503023
S1,125,L21,5910219480028615511,b201e3236d688df43a900fbd038752c641665f84b0b004b8013de6396478d2e4,True,0.47628726468731325
S1,125,L13,13068992363785348217,412fa013cba8bc7b6dd0f428037dc2098bd881298d5407ad65ab37d6861c6dc4,True,0.4076988903008026
S1,125,L31,17033363195704523397,a1cd0f55dfd81ab67313ea21c3239278539b742b637265106bceadac2580665e,True,0.44682587035293836
S1,125,L23,5724346587664506026,3dbdb2a8fa5cf12cbc9229b1adef35c67398cd8cff1586c698c30df1579a1ef6,True,0.4758803605809464
S1,125,L32,1976967742273083875,07d696d965c030f92b6f02d2af45a07e786242d94c11cf6d100a356efac36165,True,0.426245614677066
S1,126,L12,10056952397505597806,0bbc0666f0334797e33e820406130d920b42e313a98f8b8c072dabc9da4f7cd4,True,0.3939426914030434
S1,126,L21,7816315358543196967,a478af6c813a4ea9c3bab49c164ce33fcfbc204458b6b7ffb241c48da2a3ac58,True,0.46942432931915656
S1,126,L13,986869438560813041,bd319da5f68878fcff7b5a43ef43a4e0ffb9d59e59d434f172e871dc2e5a6b20,True,0.41113463579769033
S1,126,L31,16039970926381901696,2a064c37f0340020e4aa24062a131dfac84a43a0a91c960771c766083823c655,True,0.44227117046015935
S1,126,L23,1558020242133474268,33d70dd0e3b3ac48a67d54d4125488983b1003ee5e9f71b65f44c440cd816d70,True,0.4846805647226829
S1,126,L32,14143105109560989388,d3462a9c20421f2127236e045872ba363d414fe7f9bdbfd3d4b5fc8d7722fe24,True,0.42516992503370754
S1,127,L12,12922947537364496830,378fadfc246e92bd56b9d2705681cd77b573c9d32808350add19aaf1c178f1ae,True,0.3926738812297955
S1,127,L21,13901335389620149666,050fdd662a835c0309c238dce5d04ae95b8d8e9de0766ad6fe1383f5c85e57fb,True,0.47180652189637823
S1,127,L13,15502637297864409736,f1d8ebf0817005f020b17f134b921537a12dbc7f71d692febbe7e93cdf1949e6,True,0.410137821389323
S1,127,L31,1810841474865230650,e9713b968556f56430a7292d7e7d504905a5c0d79c1680e508157148cd670a4f,True,0.43778054854608583
S1,127,L23,2806510103513627317,79ff1ee8a657d2ba074de8f90c5c16f443715ace361f4d130a16a11e9fbf27df,True,0.47759587146460336
S1,127,L32,15707195209119291839,0655df137ac61eb4be9943b46fc1cf838ca6312d58d60ca415adf3a97b111630,True,0.42456702474628566
S1,128,L12,14691562744378005932,f3b78ea47c314046e2ddd449ea7a18fa2ac2106c045d2b6374f3c47e6cbc56cd,True,0.3899866476073678
S1,128,L21,10738393524511906697,d96fa52b2d880b04de8b978464dc668696ad3f92f998765ad9ff1d333ea08d61,True,0.4734703258916668
S1,128,L13,11253161349527568587,0f0cf6255b45f0ecce47aaac9b5078f1f950841c740716c843a2532b07b3ff94,True,0.4119256129864536
S1,128,L31,173723615774909617,e4e8bf19d2a39c52ea735c8cf571ec9dd3e2db31727ab339feffc38f1e271f3d,True,0.44071394749501624
S1,128,L23,7492417082075286282,a3f4c13c9cc5242188880e1b6f5203307fb235d36abb949024c511cd418ac3c7,True,0.48169246510208286
S1,128,L32,13398206503102134251,a7b6d4f5f373140d2df3512c369b3b6355b0076d21662a0d3ffcae99effc3387,True,0.42583219313652154
S1,129,L12,3836025819294320958,43f2bab2eba1bee76adb09965b8850d37d10f853c57c4975353ce3bf768db3f7,True,0.39156098639026127
S1,129,L21,17547603916297459336,fa527212f68ca06c6a0264661d423b7580c4dad786f563a5660cdd3469992792,True,0.46813511748892156
S1,129,L13,7612282944424983654,3e090ad00dd0aff0291deb8ebe2415e51696a6942d755d0576f69384fd6a3a97,True,0.4031531176450605
S1,129,L31,3521630961554258095,e363e5426e05e7650f49418bc3b87c334c33af9a75bb65173731e2bfbac8813a,True,0.4363063418371145
S1,129,L23,13364097090441299150,34657067f60bb861732a165cc9efc695ffb9e2dab237152499ecd5c3cbe921a9,True,0.47612034196547426
S1,129,L32,18062532438342626014,9d5cf842ec40e1d0c4fa9385482f05367be4b561215a37a9a7db9fbc21e1c2e4,True,0.42000004806306285
S1,130,L12,10169332655587237259,7bf1b5f35e495f6b332b103bae67ad60cef128b68230d4600aa3458067f58b53,True,0.39129615417173597
S1,130,L21,11506834197877041926,83e68b9cb1cd1512ddd3f6e9b9710f6bfa2a2355a45ef1aa1f76a5d2a4a9ba03,True,0.46606110885381485
S1,130,L13,14835742255899593272,7ef5f6dc28590ff0df5e6ea663cea5f78915dda37d5da5004ec3e57e15b29c8e,True,0.40116006267793153
S1,130,L31,10965771895723512907,69633d61bb12b344b0d3217e9acce59dc0f7e8aaa4e995d9601412c7c3114b6a,True,0.44733698265559907
S1,130,L23,13810682739948503812,eac15e55f7ec69c0c9150bc6e742fe44dcc7b67b191ad16a551bb59b78545773,True,0.4720750642317893
S1,130,L32,3693614366890070881,0cef2ca3dfbdcb078514adbc84db3f01b7fb6013eae350116565506836534c7f,True,0.4265628214900995
S1,131,L12,290398377100006025,055788ef79ecd0d946d972be8d76aa6fa1f4d9273d324ca88a7945223702c4e7,True,0.39039484729717516
S1,131,L21,15764545618399520787,518602a0e93d3ba552252cf283ea1054530ad2190aa822d8f6c81bd8aad044ee,True,0.46499775744670124
S1,131,L13,1382389886193775447,3cd70fb46d85db75b21f14aa3445ae52c1fb23eaa20e0a7db46ffa0d96b45a28,True,0.4131296701890085
S1,131,L31,13291987988352266261,060e26038da1831c84ead855760f0c5f23b691f3d91b66e0c19d43d05e17d9bf,True,0.44268556342754434
S1,131,L23,2554626727372069049,b107347de19b93efa15c2bc54cb0095de6e7b6c25b50140eacb63a778a55748f,True,0.47097817605960884
S1,131,L32,7096690195613521152,9195044f440c663691e8b8619311b89d110bcd292a0700186051ef8ea1078cc4,True,0.42783886783469827
S1,132,L12,8413377889563053356,04dbf24b0f2c64d409981fa2e9613b3cc16ebea13f10001610f16d7596ce2432,True,0.3873506292955584
S1,132,L21,15991812688349360825,641b33da816cdd82871f645bfbf54aa1458a8b927262a0631a6fe9ead31f8da9,True,0.46644599406300424
S1,132,L13,6299507658388042537,a92ea1cea6ba8c2ba89f489f408079aa26c788b8619e0c50983460eabed37bbd,True,0.40359285885290935
S1,132,L31,15665372910008840827,10b411ae8336443d960395ac09912ff77a9eecf67bdbe79923b883108a38015e,True,0.44464961665313624
S1,132,L23,9189474202317687429,835f8fb6780ed757a9530fcf41a137bd46377d46eeb0792d3b3fa23ed0440417,True,0.4726127856595748
S1,132,L32,9527757961959253703,f14c42af0e520ee7364f78ba24167974d5fa06046fa0957b63c78e69832a3ea8,True,0.4200778693646889
S1,133,L12,7471792297374786703,9858f59123b22d2614fdc393f77f9866dcdfabe4262ef336bceba20b2423c786,True,0.39632087636318974
S1,133,L21,11629129653840478395,a77602339d0bd47a66cda0c2525531b42e7707c03575af0b5628e224302ce161,True,0.4724827996181883
S1,133,L13,14631892395411862382,115d2fb32efd62489cbc43da975c322665c5902a44fd583deb898b3e1142812d,True,0.40586875532261857
S1,133,L31,1064842094586056478,2df9ea7c12bdc4d7bc4f8a9b02610463b2b5bf38ebcbc7e513e6dbc44e247c51,True,0.4515269853298265
S1,133,L23,8220088731114169530,035dafe8faa3d0c96c72dab868ecdc1c55e98bcdbe2f50ff43c521cd380c79b8,True,0.4823739621528291
S1,133,L32,3832905420493232634,1afbb9e46f1c78c84c91bfec8b4bc031aac758867ce2c228b22adf5b1e8f3787,True,0.4240336770327654
S1,134,L12,15316687244793147621,c1863fffa3c98a8abaef8315a1e13d3a65413d2d1cafefdc45d76eee07c4b0b3,True,0.39087930324098374
S1,134,L21,17715417741446318336,4a2e6945e138d0301e4054a317252adb47d0bbf961a2d25106e1d8d8426be65e,True,0.4734747159790802
S1,134,L13,1847325648621640126,8a9f59ca125b4679ddd34dc5cae51901ba0c98619d35f3bc9ca264943fb465cc,True,0.41246187206571533
S1,134,L31,3381320567916241092,36cf66f0c7cb6dfbed2e9ef98559934d07e9947e097df21b4418002f3a7a516c,True,0.4403389420401287
S1,134,L23,646557324025554472,93d1f626d4f116aa4a2c35a7f01d8f519e0f7acbcc0d62dc2b55e3a1056c9b5f,True,0.47775241973630966
S1,134,L32,15812713989461787127,289d4efd4043a448a63532ee6fc8653ded5901439a29c5edd8365413870579e6,True,0.42663644131594664
S1,135,L12,9510429647704146886,34bb4221f30ba0cac1e6000793473d4f83e1d0fec472e97b540efcd89bdf38cd,True,0.3958931694150758
S1,135,L21,2133083825926147085,163d5c6bb70aed454404add8ebe88ad6df064f6930a4d160db2dd7b2aa81efb1,True,0.4740527825082665
S1,135,L13,4000452178760750416,92eeb6e8c974a43e95283169169aa66134ef4f8ef70f6c30edffa1a569f97179,True,0.41155617661951
S1,135,L31,16616272867388532238,a8fd91e69ed94fc29999cc88101804af9458d9e1ee88481d735f9a9026dcf7e4,True,0.44616201398539057
S1,135,L23,4866784664304032522,ca83a8f844574c56e1252c330ce08b17f343bea54902bba9b7b0da37fe6c4741,True,0.4714265715374532
S1,135,L32,17321535075527970907,ef6974280a8dfc2325527b45fbbd1ef3486cce9fba8a68fc20488f7ed9f0f976,True,0.42475623382851174
S1,136,L12,4430228195555784694,0b214e32ebd4b718a302ccddf94f4ed924eeecff48850bbbfcc67b92d43ce49f,True,0.3902638626127648
S1,136,L21,10381742840520293247,9f96b91ea3e4a99547a53627b5387569f21efe2cea5d87ed002b4601d2ee5263,True,0.476272460006001
S1,136,L13,13122221425931638759,17bab63d59d7a7e04007ddf0e5d8a180b1a40db8f4926d2e1c3374842697a0d5,True,0.4025010780459019
S1,136,L31,14341738208823179205,a74a86cb56fa0c81bb2e89d3ff4925ece3fc721515588a4226822a8ef7464fef,True,0.43572889258276426
S1,136,L23,17635152529353247332,59e8f12220888d89a44212b4046af748face3f3a112cdbb82fdba9711c3ec6dc,True,0.4738663388780904
S1,136,L32,11942146367181132476,9f3246654d4b1b691969f5dc58f43f432cd953ebec0bcc8cadc81abb3d3372ef,True,0.429205556215612
S1,137,L12,8414176439059066429,ce7fcaf0119b59062999ffe5ec3464903f1f88dddc2cb072d30a04219183cd47,True,0.39269467005565784
S1,137,L21,18327310957335902603,dadd47947a7db9ca1d6d62024a1a3704a8eb4fbda200adc9e5e7f665494e7779,True,0.4740943104372342
S1,137,L13,1477878581293325233,7ff07a2ca383461779b355403b7bb673ccd98a2017aab2001ca61799af626b18,True,0.4040626158839347
S1,137,L31,16047760782229380689,7b9649909035daba8b358b74f677bc8e7c93ce1492b450ee841f36d5a383ed9e,True,0.43769003540911766
S1,137,L23,1332188543983866777,a8373ce337dde295dd7100b452e62e70ac6927088a48c9cf994a8766b66cfed3,True,0.479879501793847
S1,137,L32,13378629036918755337,87d7d86703d715d237afe0021e57d10e3b6cc4b8fe6a52f58c7661fc5b897532,True,0.42657327057264993
S1,138,L12,16931679229900056659,07f7de6252067a2c1e1b552995bbc5bce67e91561384f7a2905cd94594e0d97e,True,0.3943219979391009
S1,138,L21,177519155533404524,dc20f828672cfd15dc9b4d453e8ba82679b813b9e354216e105ba26b82693283,True,0.47455143671253597
S1,138,L13,12377153501090238455,89d904d0548eaf28812c63c6c4e0785c654345408348b1f59d08c4f566ed4229,True,0.4177793398291801
S1,138,L31,792341851359785641,9f208e675140caa9ef7459607553f9d9a42f86cfeabe1b824243b655e95ff410,True,0.43952265576490085
S1,138,L23,5756625534336950942,7bc1e97e2f7add7584075936f931c851a9f5d9bc96345d423a68dc4b9cf9d9a7,True,0.4742627379473619
S1,138,L32,7466627800777452886,da965cdf76bb8429a113e62e2bc9b5a492461104bd04ed880affc68a950c3e1d,True,0.4239131194400876
S1,139,L12,17629346455978194818,04d9daa8728400fc05b27ac6609188516f3724b8b4a1d9b56cbff1329f8b1a92,True,0.39268958534264015
S1,139,L21,9175387647042143248,8887d099276ad7acd368f1e355aa827b1908582016a51458f9f51c8fccae51bc,True,0.468185830020115
S1,139,L13,15840252986513271913,7e451471442316ee79a2f37ba0f11959d0245b831a312ede52a3dd14866256a8,True,0.41139298246976175
S1,139,L31,6995678106789975352,b733c3d3200e7c2467e7b12003693382dea367a24dc21dfbcb086c4c49927e9c,True,0.4449336426616298
S1,139,L23,4272756773264289627,8b239c4ca947594aff5e1d85ff7d3d92fd4cb0a2b14ca8744320b3797518efb0,True,0.4722753495488449
S1,139,L32,16718206581757270648,8de44ddb4f16fc405010db08067df3993ba79263b5a1aee115af0765dbbbcd61,True,0.42738382680858034
S1,140,L12,9069808892024386476,eb8f6c7f14072a7d96de677f0697f5263f015b6ebf0e479964e5da2684129512,True,0.39391848111132005
S1,140,L21,5185411601066389273,9dcb077bed0836efa146410d7eb9c3f27c7661e3a3a492f9d7189c7bb018b383,True,0.4706387312137207
S1,140,L13,16659718741721813412,8168a3f7df8f047a028f8c6aa24e19d725b7fe663050efeb45f7eb8a0d0497d6,True,0.4114645916444357
S1,140,L31,4642396835338983501,e8d3a96845df1b403185fac31b3c10b2ea4dc526a64d61f05649594954ba5702,True,0.4476129800751445
S1,140,L23,6057139757719288669,a8ecdc54576f48e271183666be69434933b68ba3be65aa7d0654a7dec0695289,True,0.4711510099413314
S1,140,L32,6613382699153651822,20bf9d6c4a644453c258898c659de5ccc63b314b0739fc5267b2e8cf529699b1,True,0.42133490947923513
S1,141,L12,8052194883188495827,fad784fca6235271bddac75ea9cb745ae0214078b5d902b5f73a837f2307f128,True,0.3886687178258027
S1,141,L21,18275805909490330034,f308d0e1d53befa3d98d8f1d120d4c34b52e0999d1c9dd39581c02c065593b00,True,0.4729899502823445
S1,141,L13,10326287567911009575,5b12629de7d0b8adb8200f70704e9cdf058e07b362bc89ede7553bc9022330df,True,0.41156731123080037
S1,141,L31,12594615488322038259,1ec4e3944183a8236c7feb3b47e3912f95c50e9e0a9955bf61fe6daed24414e3,True,0.44127697887151396
S1,141,L23,3642389169790861048,f6107210eeb0f991c140bb7f66cd4274acf5948efd6e3d29492bdaec5e2d6a3e,True,0.4777250786688373
S1,141,L32,6882418888530703659,e4561ef57aab36b896df806178e6b1457a63913a5a5e9d5389be0bc64ed28882,True,0.4192987038081865
S1,142,L12,10583821711363962061,3df68445762451c0600224d9faaba654d8d4b59f461ff02a412687d4c4469306,True,0.3917394349894594
S1,142,L21,16150986109627891819,0d1825cb7983d0c3d9b90496623d323c1557aaa8b6651eaed257ecb152445881,True,0.4677083546109461
S1,142,L13,6856165286663580856,0e868bb6eb4c4d78b7d899b5ad9ac178620d532f4e6b7f032f0ce1577cb79006,True,0.40460279505905106
S1,142,L31,14727758191659910311,e57f1248597a2256b7b616846426e558a06a030ddd6464aa69a7da4f5fedae1d,True,0.4342872156281382
S1,142,L23,14010224365964415388,e018a126f5e8b8ab347df7034dd0c46444cf85a0e9830498685062b7f501430d,True,0.4797473770828099
S1,142,L32,3625463087662849064,a7fc4764f0bc6e7aa73aef31a05ced00c1c689decc751c0edd51306702d88318,True,0.42076698356756714
S1,143,L12,13978752677037031729,a6ef8000ca20e1c47f4a625868f16ac488bf3446d7eb0a53d51d349a2e63e6e5,True,0.38858102369513003
S1,143,L21,12300260325869070666,876536db3fef874047cce017c0a5d717826bedfc53137be37433f3e2771d5325,True,0.4734747159790802
S1,143,L13,11153873525212879788,8e33d1052d0bd647c776926938da4741b90554b4359a18d2eed466643798afc5,True,0.39827919051924554
S1,143,L31,9933884427866870422,1fbe62e993e9784cb562af49a012effa08db2ee8e10b3a396fafd1f6dcb193b2,True,0.4382615211634763
S1,143,L23,6326736343802326371,bf8fcecec0a974d83f1bf7b415a27408b0923bf2920164d390882bc23211434a,True,0.4754679981015042
S1,143,L32,7581599818768991685,828f758baa5af4d0a6eeb9955f5c3fea5259ee7e1f710d0eea27f6bf0983b7a0,True,0.42562697101076896
S1,144,L12,11925143846293317955,e0f4a3220ade6396d7ade7179a6a934cda77fc7bc0ab6f9c504cf15db308f5e4,True,0.3945533743264539
S1,144,L21,4783972211772138784,fba23922657e616d1bb25257dc5139c9402391d5c4660f81dd344bbb4f50a029,True,0.471027204564315
S1,144,L13,2241079802015355531,8c063f08959de58bf7eed1e46d41b38408ffa000493c03fadf4f5b7c30188e75,True,0.41058983243623515
S1,144,L31,5479313940436425327,bfa24cc1abd2bbaec8aaa39facd2695a9d330b8d44e1efe2b164a468470e77e6,True,0.447244493025508
S1,144,L23,14181546986344124135,5b9054669be2931a171861a72a7c73f79d848c1258217a51db0258a66cc59463,True,0.477614461995141
S1,144,L32,17230010290619293449,f4d90df79245018084749aaa495b14c9037826c1b69301d25902f28c91be704f,True,0.42546830090544563
S1,145,L12,14017391535433566639,462bf14d68d9d51be1aa2ff954d27e7b8cf2c3b262ce155e73c78518516bb759,True,0.39176734365795984
S1,145,L21,2506373028571441698,28c95e1650e4af5c5e53480280f752557f7cfc048e94ee6cda3a7837ef44ac1d,True,0.46617429025588264
S1,145,L13,3717039994292163219,c3e809e5d6191c8a4f1df6f703cebb34a12369ab41db9e2f054fc2690ddc8f55,True,0.41192387159003163
S1,145,L31,16456608360745919990,bcb6e5e33e6361805c89748339c65efed0d10f1cbd76a045881880c6c12c2ba9,True,0.4380469419246311
S1,145,L23,10956936864452424535,fe6da2f8b43bbee4ce25327abd4765411dfa71eb8d51c902f6cede6daf3d3d6c,True,0.4717948775057812
S1,145,L32,5800160708803460303,b459e6b3c36220c5736ce18aa8e300664af5bc19e23e80e1832af1c76de46021,True,0.42673938184547144
S1,146,L12,3271026749584793686,60801afc8ce380ec42928a5c395638948dc578b83f8d3d1a3a4d11447d16dfa7,True,0.3953261717674056
S1,146,L21,5733046833088104208,c5ac582d52f211f41a176d6913fe96742adf23c367c6061bbece6472934c045f,True,0.4715634559479668
S1,146,L13,13592284160358053042,1f973d53e31f4ad2bc911acec37fcaadb328a3ce7aa09e1d6ebbf6c29ea764d2,True,0.4094098997127397
S1,146,L31,16837940667840190865,dd7202bfb8eb837411c1f92b511f443c34a101aea0fd1c0bc6cf22d21ea7bad1,True,0.4450869668962061
S1,146,L23,11072474593330597208,0b219ef1faf2d8550dd43bdac02ee81424ff19590222d950617bcdd012f13414,True,0.470597688826764
S1,146,L32,6910308779857367852,a80b245ee436ca20391bb089a027d2fe72bfc930aae57b4e045c114ebf65e6e7,True,0.42475185358542533
S1,147,L12,12784867610698763861,16d8c20de07811d761d0fbee81cbf8b89f548623fcb24fda5b266f40011449d4,True,0.3937515407427068
S1,147,L21,6307481142457302835,a4b82e8bc171259d32272006b44b5339fd9480018f2183d2ebeed752a3f80fd1,True,0.4769298478212449
S1,147,L13,12540734348876774117,1ba5d0229c684fef032a5d010536e76a89aaf7c2d7d743fb339fc00c7b62204f,True,0.4087583682975477
S1,147,L31,8964067958513260845,4e15eb9987890fc01fa1f24f35bfc1811b4f4a470d9a1437dba03352fdfd5d1d,True,0.43859795194830187
S1,147,L23,15486743353272951362,b3429e4fdd15961edf6a332ff7de7d4a4008aa670a443e4ee3ed80b2e0337cb4,True,0.4760808419825517
S1,147,L32,16166998015835238158,eeb9037b90f2a7d518ba5ad6c35d9be2cdf301ce47611bbe2ac2506482f69aa9,True,0.42281854918938455
S1,148,L12,1201229392761026915,d7e107d305c509e603c9c2feec64ec26e602fc48ffda91c7291a4f86119114b7,True,0.392640219711501
S1,148,L21,16784023515571298104,6ea430fa8ea3b3894def702e1feeab707c059866fa23832b2ede412ee2c23349,True,0.4705433510971673
S1,148,L13,15417758152576385864,9edc0890a4fa1782b6c510596bf3299f66e4ebea005de400f6d99d79d16a372e,True,0.402778244115886
S1,148,L31,12082801610307649023,65bc8f0aab33483b613e2e64ff1799848caa6ed99cc84aed7475bef23fb9acef,True,0.4447179644635403
S1,148,L23,11047638669041304104,29de0f0c2ed0511c20094596f216c7b2dd1b86d9c4aec5ccbe27ea3bd845ea89,True,0.47848811578984973
S1,148,L32,5894115097470716793,fda2cc9bdb332804517b003d6c622fd81604c56539b7f323514e75ce1958656b,True,0.42493864347022337
S1,149,L12,4114396317919984467,48e4c83ea92a38d9d26f4e86c581157f79ec2c1aed4114fe3c0903da8215ebcb,True,0.3870687899930332
S1,149,L21,15629136373153798588,ea25bd281a739b15e52367adcf7f5a775d3006c62e1f0620f4fc6de9bb6c4af8,True,0.47144247270848433
S1,149,L13,1706442245442668771,214094c17e32c648e66b31a2ebb9ea807a44b638cfd2d20994e13ba5a041aeb1,True,0.4026275771037633
S1,149,L31,10988986824870443344,79b34d30a7d0809cdb64a38c0f6adab6eb185263282992e3400473e2cffe72b2,True,0.4469129634391411
S1,149,L23,2219728763327970145,1d4b460ec507fa11b15497579a8b5fa22d11ab6a5446b0a09e513b692f7550bf,True,0.4779597970676254
S1,149,L32,14083417244612339723,75797febaa66bd528e82d9d372c551b1ca0953005bb257e40f3fb144d0116cee,True,0.4256814261392227
S1,150,L12,2397877732449623559,9ffb4c7f6de7b2b152b0ef8d2901860b2bdc06a72c88c95ba81c064f9e8ad980,True,0.39091719147929604
S1,150,L21,3996293376772151021,19fffdc3213f1532bb6213e548e9da9c387a9002f637c170c44ce348f7e6df35,True,0.4717266840529126
S1,150,L13,13411670780733355905,3e1511f2515e5eb4baa5a5a9bc043549d6d2bd660965d04477991babdee88ac7,True,0.40960693680631355
S1,150,L31,9505988190289571109,fbbc9880b18c13138a6a7506e9a61f71364a254f26d695dffb24aab098bbb8db,True,0.4386945288896415
S1,150,L23,4968745392047005750,f20ecdae8cd8ae5568ef1f1bb0aaad29c3c5841b19ded5a5c9bcc6513e31afeb,True,0.47628527599107523
S1,150,L32,14744727084131788299,e6e97c6627196efc5b89dc47c0aa00caf70b370b0eaf69c2b3ec673aecfd1939,True,0.4257501454361469
S1,151,L12,2856804946996958051,0592045e015842adb639f231d06385052730f0125e2540c5571e3b147306db89,True,0.3933371748958883
S1,151,L21,13299413879285287636,51a634454ddfac8b8d9dc1cbcf3c81cd54d12151eb61b0de60a1f60f4a507d9c,True,0.4714252752989416
S1,151,L13,17901519016052311727,e64247223d46aa56eaf17a27f09867127c5a0fdd90a124da03d403ca43f7f57e,True,0.4053534329859806
S1,151,L31,3039814399824085409,bbdc441ad1c7537299e7956a37214dd4d1e0239953ae06495e16c429ca11eb51,True,0.44316831931653755
S1,151,L23,10109526834400600478,d81dfd6cf31e501052bce911ae21c4800b67d6c2057cdff4e07180950ff19737,True,0.47777038746273426
S1,151,L32,17439170610576941258,6e563a281a9e9ab64009ffd7386718639d04beb935a5274929f7fefe5def3042,True,0.4258343087369878
S1,152,L12,5593781406524004126,09ab591099e064b19200494c13bd94f11c2b49ca37a8bdadf4c47364d509441f,True,0.3948051428638154
S1,152,L21,16889975788413311593,6ea727ffc4b7055a3b055f2f6c452aabfed3fc5f071a0b94a6efa66f3859cf18,True,0.46902542244167533
S1,152,L13,14266812515210619352,b5f3444a3497b644790c3a7224d7d27544eccdb03e8db8c9efca44d4953cbba1,True,0.4155538953532799
S1,152,L31,4529138010447189955,608a8e3f5d419ab6accd0fecea2909e014a0a325cb19a7738aff94b0df442da8,True,0.4464907068963553
S1,152,L23,18003953292418651787,645a59e33d8fdb18160f8a64cd4c8ceba470daae217339770794ffa6ea99e460,True,0.48027736261662557
S1,152,L32,7377241236533431884,4621d15628725c0dcd2ab4b9fb0cc7ad20ece315418dc8613aa37f2c4666ec11,True,0.42365137303503986
S1,153,L12,362346536404083588,6191b88f0b499ae5f83bc8299fc488d47b1f0798d0ebdcf4697da0ffa3f32361,True,0.3900605927059385
S1,153,L21,1409445547959812910,2628f9abe8fb52d30d71d5ade04099c18e0a999953fc38ae777bedd8befd622f,True,0.4765866387480112
S1,153,L13,7468651137090441971,898ede9d6f89dd19f9e8beba00c28172479b4e7d574f4dbb446bf223987a6695,True,0.40964443248519145
S1,153,L31,9293196490492744040,fa4c702538e8fcae6b738c93167baa0382e3617f9c679cfa3fac53a417fae112,True,0.43747839082748063
S1,153,L23,5817322228335732911,9f1dafa424a03d6a6a4c2bec661639be7d8dea6832e428ef1450581c54616200,True,0.48084177055434313
S1,153,L32,6057739648074529518,61117497efbd43f0f61bae9131fe535d3dddeb51bb9bdf7cf6ef457511c9225d,True,0.42456022286884004
S1,154,L12,836513238519858273,ac2fcee17ff2eb4e4f8b4dc7f58eac085670a33be4582c8f1aabc30dba6e01b0,True,0.3913643740695743
S1,154,L21,2173906068402869698,fa36153111f5b83892cfa0cf736289b5dd26781cea815715abdd612e4ee242ba,True,0.48080206186777685
S1,154,L13,6632646398377763056,76d214b1baa4681d6edb775e4abed3bd8401897fe83e7896cc05662cb4bf9b73,True,0.4096392452162002
S1,154,L31,16214750772750909903,041041845839afb439be9811a575d9b73a46a6d41c2f9cb17f147fb6544a2d8c,True,0.44220343689511377
S1,154,L23,14613998767772303899,229b79173cd80fe2088de1d00591047da2d0847b749ef29e71f3d42b0ac0225b,True,0.47194881746389244
S1,154,L32,16115460243419244239,a22fe2fef273292a2926372ddfc881b4c1566a9a5c7be2c4d9218ec0df7483b9,True,0.42466842262086785
S1,155,L12,17449337995687586129,ee6f35f2c3143faab567b986a9965c29f37a3c26dff9b9e05255c4ae700009fc,True,0.39244229156637556
S1,155,L21,17760319009155258920,fa07c12b8dda17acb29f9950815f6af11ca7f9bf80a47b2383d36b848c3cfe91,True,0.46886256108263924
S1,155,L13,8226785526034868201,db9d8a9aa41ae498476e09227928df71b7239549d03499d286eb72272fba3906,True,0.41745351162049416
S1,155,L31,8751647215907452364,4066f0d488b255a5e95b8e7956c206134260ad48719a89ba0e972428fe15a0a8,True,0.43932267474370207
S1,155,L23,13821833696192969303,b1877d82ce81ed75f2b3f4c622f325590016180e7bce4af9186230e30af1eea7,True,0.47744091374421443
S1,155,L32,8521085237809034742,3ca04f5f7ada0dc4cbce2dc403794cbdd3bed03884e9097fa9bcf999274b6149,True,0.42505264598747144
S1,156,L12,13144139452785524728,68258a37893340dd1ffaca68401c565b698276e279a06bcad5467e07de3d0219,True,0.39096229348954875
S1,156,L21,14249169846114447969,98bf38a1302fb2eee9501bd114da7b1764af58c0b709e50ead5bc16721738d6f,True,0.4754053817662969
S1,156,L13,7977104974759709954,08de1e883bf3e47ae645597ec956bf7a04abaa6c26a6d9408893c83d9c57b924,True,0.40940216088374226
S1,156,L31,3870810461241606893,1f41da381731fd86e3bbb7ecf4d94d542f86599d78520faed15e107f5500ba73,True,0.43177785984712086
S1,156,L23,15659312321778237404,459259363dba29de9f79d479bb49a9bba79db05da2a6266b46227e67363babf5,True,0.4847654416849306
S1,156,L32,5705729494716365754,6b911d7f35bd140256ca33d34587d686ed79a2df822d7abb3bb42d1ddfd64b7f,True,0.42756024181114266
S1,157,L12,4141736778869484856,62e38661cb1a6e4cbe6b905030ea1143704cf6fd8b770e55ce4058ba37afcc68,True,0.393104072654892
S1,157,L21,18157156545078495097,9ea77e22b274097f8118ea535df20cebca4eabedbe3b68f31aa8433ebce2427c,True,0.4666481064951128
S1,157,L13,17598291417155156611,6ecb805053d4a9403622be8173df0b309478241a2debe93aa031a7410ae5f140,True,0.40892946085090803
S1,157,L31,3318672966335026660,fca540871f0006291df93956c1da81a64e9d32dee8d08c42fc4f705337efa921,True,0.44148008068556605
S1,157,L23,11666069838900261401,bac76b9f7c561532dd5a7c0179f99799116009707b4a229323f51a311acf2c35,True,0.4750114120405462
S1,157,L32,18292093757052066553,10ba8da656835a6616b4ede31caf8539c50831e70b4646710e53297977dbaf4f,True,0.42619711773848845
S1,158,L12,7305344010595655649,8c6cad91f22e703faec9a7538ace1574bea9ddf9918b7d069c954556d0223dcc,True,0.39406079918501674
S1,158,L21,18241806060942088591,a688557e2fb6893147037675471069010219c563d00bd41e4a53607910af3487,True,0.47363309440373785
S1,158,L13,479743831095027657,54ba1367b9f2184d956b2efac6e655dcf88d334bfe34a383a96f1fc65b706cbd,True,0.416238022139314
S1,158,L31,14142370052567439405,75ff684e4cf3f80cbb18fa983303a020a2f63330ca7038f25f804b06aa3f1e58,True,0.4390348156650564
S1,158,L23,13884199102389992470,13b39737ca11cbd89f4bfc40ef4d4bdbc22111d78ac426264652b74771257c5a,True,0.47512267765242483
S1,158,L32,881969257494232241,637a038a08ff03bea9f330e59c9742acc52d81896749dc68a7de7254ee59aac1,True,0.42464609664821046
S1,159,L12,4444219417477742791,23a99ad801a6922da591c35f721f3f67fb93d05294273df1a9894ea8f1778230,True,0.3917688295487885
S1,159,L21,227552017955257365,e3afd49d061fc21fd73acd20f9f4e2c36238a1f526542c4ad0272bcf2dbf8e24,True,0.47479448984029643
S1,159,L13,16055738254108676434,904f6a14572cbba805397f9c23060ed92b7aa6de9ba6a853b8ba215466587144,True,0.41062478144739517
S1,159,L31,3520534480103774183,510e1d1e9188e8514731337fc862ebeab89ad4e2b21540f5869bca9c11f32380,True,0.4446816187172964
S1,159,L23,13534842869753722725,dfcb5494c86946ff4d7548b165a2e6e1d6646f917deac5923de67d295236cfb3,True,0.4799709835666873
S1,159,L32,10838680492361153846,729f4b3de1f3ea1fa191aa4f73dfbdb1611de5f412b2822aae59368b79247217,True,0.42589603468619003
S1,160,L12,14754935189307340809,e8d690445b305abb691359ff0bc4ca0b2fd62243e75983309a7f30fa5c46f78b,True,0.3903735020081748
S1,160,L21,211329122179188134,9356aea2ee3ff4511363b41ff1593f4eb07f558fd5f26890abe381446396ad21,True,0.4714235776606584
S1,160,L13,6057391985824770629,c4de3f7395afca5178a523a09ae06dee94358d2164b1385c9683b1258dfafe57,True,0.4009307579669605
S1,160,L31,7835151565371529828,ae876a7e20a4ff0ad046e203d08fe9cdd73393caf9b7675dee26e96412874242,True,0.44359241957852014
S1,160,L23,6600764427524936323,07e9291d120f0e52de2d367129bd026b2de11276fe9f6ad53c78c3e04cc458b3,True,0.4818298921100297
S1,160,L32,1471895522747494518,cd4004553b1329f9c483015c082f5e1ab29f8cf302e6c1239525d11ad25471c7,True,0.41880420479548547
S1,161,L12,17416574825602658319,7323c969d4b339999e674041b12588012980a8f36cd169af29f659d76cda42cb,True,0.3903458914504012
S1,161,L21,18145000496390970936,1395c9f40921d6a437428d41225e7bb8f9ba5e42df26eec74e93413d4f57ef05,True,0.47769295037410975
S1,161,L13,15079262667395934828,14b4755c7debbb05522a90753b14984cfebbbdbcfda0df1790eb80e2ace841f4,True,0.4099051318884963
S1,161,L31,1415349655301953615,71abe97c8e7226b4333d2735157c87432a7e8c14660d4c1df1c540b0c83b5f22,True,0.43963158125607743
S1,161,L23,9876002429712950824,ede10207162824001c913ed227bd5f744807becc44e1620e9f8e527e5580edbb,True,0.47856455720835334
S1,161,L32,15377114231407627909,f03539d51b6eb4c185ff203228a692e90faf91a5177dc1bd15f107dad699a06b,True,0.42444370480373567
S1,162,L12,4427299866630231417,79bae87ed90f07593b8120a290d2dd621feb19d7e70f0fec0e9a414cdeab7b76,True,0.39096724529090887
S1,162,L21,13516567955725696212,65d186b47f382f344068c3c502160f7804eeb4ef709d4149e0e68071b89804cf,True,0.47047867128120563
S1,162,L13,4120918410191879719,f4241a4ca7164bd1ace8ba41b9a5631ea2ac4561c48769d836d29bfa4c5c1ca6,True,0.4114467342255268
S1,162,L31,82682906016267097,38d7b6bf1a1786a2a6919b6630725096656916ddf9a5027fa04eecbfa4feb050,True,0.4413092632919786
S1,162,L23,9753317465341257291,e156e8b4a94014a73ba8b8b2a5f527a5cd08b14e64f807fb5fc643b632440bc2,True,0.4808512378414616
S1,162,L32,16340426326595515371,bbdd8b840342832e611f5e5966ea25922eaa5a9620554081bb7b6e3c985353d3,True,0.42358162421707324
S1,163,L12,13293239407498497562,4b0671decfa02d01bced92163a10e7fdedf20ee1a3954cb0de39bd8e1ae00441,True,0.3926058334089121
S1,163,L21,11745192123859272510,eb70d2bc115c32311bb6bf356913a724b36653b0af953239f62ac88f2091de67,True,0.4726233158147167
S1,163,L13,16846379253721339783,9ff1e1138caebc56f359c4451cfe94a40892426199552d81a18f8fee146aa58d,True,0.3996834686509755
S1,163,L31,10921424331553815159,d808f0e42d63f5a7259ae9d7472a30a60d0e9e3326b2c82496e3dec8f1274bf3,True,0.43670745293893004
S1,163,L23,12344189185780005755,c9d25819497b15ca52858e10224388756ac22998fefbb7e9f2fed6963538953f,True,0.47806942291760013
S1,163,L32,18392139319081875642,e3d7c95696769a864124e728cd77cb4963877bf9a5ec0af4207019525e97edec,True,0.42687544511404363
S1,164,L12,15837267654044389516,00dd5a9b588208c8e55bfcef90f74e74c9a0f4dded1872e5b7215ae96a1fb7db,True,0.38864180081775535
S1,164,L21,7470067207176282558,a8bef48bffd61febfee5620ef47ce64aef7ffa8cfabc3b6bd7a22bd1a2385f48,True,0.4721142055845791
S1,164,L13,2634748752474513671,88ad82ce3a2f177b46fda499c50c842b0ba8e11bdaed094efa96181a75905ae5,True,0.405417549591189
S1,164,L31,9712708576094406099,c34cbce1e5ee565e96450ed07f5451eed3e1a093c10dde94e08d87520b02761d,True,0.4401033285012854
S1,164,L23,8320652944240467156,54d145eeb82c8aae3c9ecf9c98ab84de4096bc1f453f13d1393e1e305b21cbb8,True,0.4765748764767257
S1,164,L32,6535631651996220743,efdb84388371ceb6b435c31fad4cc083b08f188cf962c81576d717065e1ad47c,True,0.4244597918039182
S1,165,L12,10991748490327422584,0fd49afbb7b6c1604e1157169bff4c9b2268aa4a1000dc9ab293ebb943a5e34c,True,0.39596993380646583
S1,165,L21,17029765525411446884,0891efbb609535fc8edcd213ec343bfbc7ed4fa90a0acd3e760a0ba18891f257,True,0.47360204958067287
S1,165,L13,3937904258339911135,59037247fccb4d00e9fd10658124cb9107a7ab2cda73b1c3943f5b2427715489,True,0.4126967206812245
S1,165,L31,2460405411296196946,117d1129c3edc21ee27d3158f1561a9e6f9ce5d9f9631c81f15e8d9dc1683f8b,True,0.4350719757373179
S1,165,L23,16940752390376635100,31939a5da3d78d7cd141cf5cd90cdae80f9803574f71e3d2d58317837666b82d,True,0.4766699285160798
S1,165,L32,13114296500243530386,5a5dfe2703c5690eb5e931e70d63f5e6a39b39dd58e4eeacd81528c89cf0cb36,True,0.423839634744014
S1,166,L12,4846395555826422949,0c2626c92c116dcddeb3f250a1185e1cc90bd7015c48ec18d4f6378b38ea7ce4,True,0.3932619220892455
S1,166,L21,5415002447448436511,f7a5ab68c5ef3272fb86b5cc3df9c209a267e761426b20a9e170d169be2e3b62,True,0.47478606276635976
S1,166,L13,13960902737830067502,56d247f7b8f28001b116c0c38cade6a9d55fdc100d9623e75f507e2f74584983,True,0.40409801987349364
S1,166,L31,2905620945644672453,f64de11a0e1fb3331500024f93e5f99fb634e5b90926674e00fd295a436b8353,True,0.4400916516127867
S1,166,L23,17279731142546590727,4ecb0793e99418717f6d4b0395b9d2be94cb52ded0047828650ab64612b476f9,True,0.47611538118366264
S1,166,L32,513638574979492926,1424be7affe25114281ec77a06aaadbfbd4cb4f9e72bcb2f45cf68da1509cced,True,0.4248559453270965
S1,167,L12,1691090919579402662,e81ede285ecff683b7b587c3f34d464dc58a220fc64b433bfcf3f8ee0482e49d,True,0.3920791161962007
S1,167,L21,611666908482283782,a495b1348ab9cdf4c3a5a8c8b41eb589cdc987192c32e69e07a4d4155b2f8dc0,True,0.47142162566292406
S1,167,L13,7557928225175000923,d158a12b08d05c2de859299c3afa67639e708829a33ebf4a517f15311561be24,True,0.4082245559632622
S1,167,L31,2952935277551543054,46ce60722fef4f5befafc47f466b28c20ff268cd54965518113144891d36c020,True,0.44196554843084457
S1,167,L23,13829414831545624556,32337e1190b82f1abac21c54b13179bda435bba07be5480f7d07b769a10bb5f5,True,0.47674958459258776
S1,167,L32,2895745799072686642,097b4c7a55f86f5951be4f233ca1e1d30d36a05d87896b679657c8732005390d,True,0.42441171134245137
S1,168,L12,5303124023249546435,073160df610993510d316b1943868a4d691a4b11596ae9e5dc5aae1e4c21f082,True,0.39024770268537756
S1,168,L21,1396267392556172575,c86a1e0d74ccc4e8eaacf5754a2d7cdcc150ee45aa80d001f3caad513a3d1a06,True,0.47045241648730723
S1,168,L13,13803999432476398748,d6d4e7e87cf382ee6461d6ab1b3e4ba91ffced6275793606e1e01eb3188e1fff,True,0.4079348956100216
S1,168,L31,13971018833737068287,a6556b80a1ce39ad3a6523dfef93f0bd34f96078798104d1e7abd18a51926359,True,0.45334702922832626
S1,168,L23,17621975838239030207,cd0164e34b1a4cde16cfda7d91e919c5c4c70f5d9a3874d9b5fce16821135feb,True,0.48447445163713926
S1,168,L32,1003780788587756082,5c43432556a051f76ef93ba52c8e82f08bf67d5e866b22ec6c75cc1c3b1d5e83,True,0.4251187876181659
S1,169,L12,12096324161378596796,8e63c80a8ea973b5507aaf3c4e7439250ecb445cf7dccac03cfb03ac6195854a,True,0.39330587661266814
S1,169,L21,13099088618869262806,db0ae56c310778b44c9c0d83fa2392ee0826cdbef227f18aff721e40feb66236,True,0.47379621412069717
S1,169,L13,10180447882257175231,cdcdfd9a133f30de7a3eac72fd36895ef28b18ecdee9eedc30c04cb3b43648db,True,0.4041215685772435
S1,169,L31,3700185473296299526,60cc3501e0e55321f53d76ceed94ca3db0ce449c123831e5ffdc97b6604d880b,True,0.44358961939088704
S1,169,L23,5028821627783022243,204400a71f1136da945ae463a3bfbe69bd3227e5d8fbf5c7639d464bdd8fa72e,True,0.47113094266227923
S1,169,L32,13724569048773023733,a97bd78fd728ee51e48065a4f8876b9c5787f410e02349db647f4c3c537e680d,True,0.4245251531310779
S1,170,L12,5173892899823398547,350799d8c468a3b0cdf243c659f8983b8cce8393cd23f6c81013512cceb44b7f,True,0.39038886051770794
S1,170,L21,11017936592259495166,8053f2ff8b289c98eafc2d17e5097174c24519e3428874916b5ddbbd8a0ddfb5,True,0.4701887222738723
S1,170,L13,12631879457787043315,8e235db0a1a6cf38c4c67281dbf5fba9fcfbba2832f32e063633effaa128a541,True,0.40389714532428844
S1,170,L31,9441166669395893805,ab422591e2136ea7227e143400ee8ac357659740deb3ba77f7854ee9ad8380ce,True,0.44536868490703285
S1,170,L23,7253950001250487187,d117582cecc126ee0b5a6f979e96d5e3c5ab3a77b2c0ad799e61107d155ea024,True,0.485321831168669
S1,170,L32,1081312714007906312,e655613ab1fd6980dfe3d1583b55a53a73fbc82d4e593bd8f951b69da63402a8,True,0.4242946655744902
S1,171,L12,9945384634877917610,e75fff44c461b356f91d5d3f7539f160082cba65700d669470e2c4dead711912,True,0.3912599173503505
S1,171,L21,12737452627036371133,4bd4ef6202f41a71355a45706b1705f23ab7e2cb653881dc49363dd62a386b20,True,0.4687269655243093
S1,171,L13,12002219920137542777,a9e6f8e62a36c70ccf54076a5328cfa63fafa7b68b3db332e4ac18170e553a90,True,0.40585245727809516
S1,171,L31,15108729864728136339,dce40c3ddf5573a5bb88d90c31e5cee8857c9973bbe6c7bbecac27d2d3a75c82,True,0.44261884194885354
S1,171,L23,8477594300472089664,7cb6ab6750a30d812a2e6cc8895718cfacafe7df2e7a94c7b029c784f68dcaf4,True,0.4819452647127369
S1,171,L32,10538433825194277692,15e649c1b786165d9f973a13ce70a488723c84a287a8a7bc4cc990088d151bbf,True,0.4220112357822479
S1,172,L12,4846703236579302552,a185349732b4ea845bece79da3513bec0a56e70fff53de487c6407e8ead504bd,True,0.3876947997608913
S1,172,L21,14247744205191430398,c84a376531899a5343d24bf8af9839cb978eaa355300b258ca4d28931081d80d,True,0.4689390845351588
S1,172,L13,6477234420632397386,7559ebdbaea0019a93351449ad2418e8386db01e6ecf351def75bf00b6926378,True,0.4125896150298901
S1,172,L31,8881674829395769076,745b9676bc460395b8693758f4b50c2f5d02325c01d3979f8868b4acb5d52f7c,True,0.4377939053751057
S1,172,L23,6759959620578037526,ad3b94fd5f156c80939a1ed44dfbb4b375dcf98dfa3522bf83a0a2685f16a0b8,True,0.4781903949513668
S1,172,L32,14351826859346770391,1d819c6ead7702b67ca04a406bfd9ef8ddfdad53fc85e0b4f0fe741620c7b148,True,0.423345875598591
S1,173,L12,11694936938122443939,3c6117793aa2287139042eae0cab6bc0d3647b0a55525daaa9a69e1ced8a10e9,True,0.3908318068211166
S1,173,L21,10649038111600151252,91ece8dab99a9043ddb2371f82043de3a795d1168ec8bfeba2593166fad21130,True,0.47506579398815063
S1,173,L13,11176486043489476099,438110f3638d1c71b158464da799afa309b43709ffd84e2653f1d10af4cf7648,True,0.40765719004712775
S1,173,L31,16487818764518996846,8a4d48f367d5e7f44d1da608cae14cc6e8c29d5bc0f63ca683b91ddb05a807ed,True,0.43991100423524404
S1,173,L23,12444772852816524617,90be59dc7d86a92a4a92c9ffa08bb568e08e4a847d80c2a748fcf0c648216e01,True,0.47688740310819977
S1,173,L32,16344080983593830646,8dc6cc4b4be2ec3ae325ea6a715f42c24bd3b19d7db6c5ea84af21e1a84780d5,True,0.42253157048261636
S1,174,L12,17123063219838506067,9fa59426056bd6d02ca8e8a9ce2b334428f36ca1b91abd91577852115dd429d0,True,0.38556543036636903
S1,174,L21,8479071337240136057,b385186365dc94508246ee2b5233c6bfa60abae611b82515afade9330fbfc491,True,0.4760802321506459
S1,174,L13,10994769727384016229,5dba051ed96effa6f04c9126cb5a233a1f023b9a4aa81563bd6f90e6103f6693,True,0.40677577056422887
S1,174,L31,8577489553424660576,68a491cb1a7971aec61b0c0c020d9f6aa43d7dcd1eb1475d562acc14366cf0ac,True,0.4493313656416394
S1,174,L23,4111707194739911159,5f89b9a55f0f7a0eb3a8a131aa7ee154c2d5e6713f82649b28fea533eb2b77fe,True,0.4785302281061554
S1,174,L32,7383502270523760033,a88665862e1623297ea33ef2da0ae9bdf328b88427491e86e3247e28072cfb77,True,0.4266494246102989
S1,175,L12,15349816925860014357,0337873630b2ed0a28cb531b5847784e6f4edac8b65dc32857604caddef1b147,True,0.3917550860168028
S1,175,L21,3709372622431537422,c92fef393484a604df2b074696b265b908489a3859c3bea000254adec48c2c22,True,0.4717891334928334
S1,175,L13,13896481822745994569,33f07854d2e787c64069bc3365707562bb89cf497b54a3b36c7215c1774880ae,True,0.4134884459039156
S1,175,L31,9178815671994686740,3fa9864e3906e06d7fc692312b52099fa76f01646c7f409e1378ce1af4026eb6,True,0.4559208585553213
S1,175,L23,1129510477538696393,575e214eb8823bbd523fca648314b1c0fa3bb43b350a4a60382911a71c30a5a7,True,0.4760024251867654
S1,175,L32,15057697883084701220,65a3a8ed6b7cb0c01d1bc150023075c6a988b78c768f3bda9ef55bc72acabec7,True,0.42371860095573577
S1,176,L12,2407175191193195551,54ca4b4a140e0d8b3461d7c7296568c7ca10aa5ab53e28feff67acd9d649d2f2,True,0.39265110657189883
S1,176,L21,12042428319982378375,d14ab9c08d2dd52a658120ba6989ec75bd56c9a9ec604dc2f213c93a0ee1f712,True,0.4716664261438456
S1,176,L13,3941182472941764769,9a68b3fc964577dcd9f5f55c0f5bd794848e4ae509f2cd70cc0338f58ca22f6e,True,0.4040486459599116
S1,176,L31,620532170499829045,cf94b806391012957aea828f710734087247a87240f14d81258ca94a25b408dd,True,0.44287229707573167
S1,176,L23,16928390004418239098,88e033c7d4fc590821bfb6f978166b588bd72c55619141047244cd56883d071d,True,0.4822870280896799
S1,176,L32,14745778344845245219,f2a102719da0849899d50ee01d5595c2f4e31409f5b1c92986e78d74e614b873,True,0.4231054888709053
S1,177,L12,7441318989631239950,fdb4a9dc5092ecd5069c790760656ac37bca2a978599f03da76c813349f65152,True,0.39259646091130923
S1,177,L21,6993489771709242839,ea3a0ea1af4b3f8a4f32d2d116b1f02aa9e259b04e8af7c597da406f38385d93,True,0.4698407858544035
S1,177,L13,4628967940247892195,587e8b33aff6ce90f5c62995c9d2bf2dc622f31f954907c23b3e6544d44470f4,True,0.4174704484529034
S1,177,L31,15146049488168650780,db5831a27ee69d2cc3eb5d665eab27be9edf2abfb5c0d8a3fa252bf906fd9ddd,True,0.4413251552263149
S1,177,L23,18358692533495452986,5e37d7f8fa2f11c69fa5250c612902a6ead948d88514ca17cd6c45ebda47a357,True,0.47586423530275357
S1,177,L32,12464956653648766377,52d482b141f6962c323d75b0bf7851e1f606d5db1f9a7636b29cbf243bd1db97,True,0.4258506858327543
S1,178,L12,12600338324737584098,fb02e2fd0bc39a78d1a7671924050650d744a4a4a75211f7bd1d44ebafeeee6d,True,0.39044640760059046
S1,178,L21,11843277087918179401,12f635705771cf168f17be21267de8a45d86e0773714402ccf2a3af0d84bd6a2,True,0.476071812031994
S1,178,L13,3469924569203347875,ac05d7d94e534dd7d436c6e7c93801efa13baa58212cfbc60c0db982fada69b6,True,0.40923741103409345
S1,178,L31,12944474840370981000,16cf49a932ddbdbc72098a48951cc1d6c257237d0871dea351fb1440a2da5148,True,0.43826822972580626
S1,178,L23,1314857145134418381,dcd36c894927ae29430b4306c9e06ba2342ee660d7e98c27c9a053ae2dc47c14,True,0.4791834267821718
S1,178,L32,5938075950770875825,0918b0d2f0085d321abe52d292ccd40b4a7a9d6597694f1576f2fe2957e3a6e7,True,0.42904745215776524
S1,179,L12,13009860545274065316,1d2e7ef4a987b466c5b231606b75cf1579cf64b4356a94e2b4bf1a2bfff15ae3,True,0.39043694349869074
S1,179,L21,7336608638367761953,d43d4009e7ec7a8e3d9440437aeabfdd18a66e49a7662f636b9193108624eb38,True,0.47300520638000204
S1,179,L13,11608964977374117651,cc220e2165179f664518d9f16ffd6fcb6d96a6303e49bbc14d77cb44657273d3,True,0.40909635942798006
S1,179,L31,12469074169747256123,1b9d37880f16bc8ee37a7497b7345c7e6814df9c9ee3526370c035157f1a375e,True,0.4475530384364217
S1,179,L23,3769213169581138021,6f630e1264a6391285af6ebce2cad0888941fe43be7c201d234650de696cd119,True,0.47940039344169844
S1,179,L32,5922742007070305031,fd5e2224bc6e46ded32e17ec0f6d252e5efe2b989e8c091801aa2013a027f500,True,0.4249741482202922
S1,180,L12,1143851309042983218,bb2fa890da63c760724d009dba0f4f474231653122831f4d4b5c7098e4130e96,True,0.3883212689820212
S1,180,L21,17745799725439500563,ac50ca2058b5908947a372963a3e8e3c11e74c55ed3cc507a2594a257dcb9dbf,True,0.47366314504033175
S1,180,L13,7459626435264899306,0140eae3721316f9d9adf6fbcfb6902e7d76e2057e756b50900b388818232d43,True,0.4088046340835447
S1,180,L31,17033040184015675654,3ade712d266bc997ae00a937e71d3bf6970f262f5fa4cb31398976c9b41eb9e2,True,0.43790179927747375
S1,180,L23,15500286473193193713,842e47c44fd2f5f0c0eb12d9477d2516933751217b12eff6104d923ed6c038d1,True,0.4773484638283799
S1,180,L32,379270165008026785,839e335e52d483c953b3906bf24f62fdd78b460b6a7bf7492a7822ec24673c64,True,0.42555095443809543
S1,181,L12,1120177146292407251,78c4705f4fdd22611c245d0ec8a373d089e7946ab205652f59c125a91097097b,True,0.39144753461225534
S1,181,L21,6654236107662998645,9d1956e265db1ccbe39d76842ec1cf0d77fe65858e0d3eb330cb8ab4fbda0559,True,0.46634646960297194
S1,181,L13,1775810145547951069,72c5eeeae08c3e47bb9107cb32a3ad597165f58957b53ed12ef1eb1664a4176a,True,0.40733181426760817
S1,181,L31,4443670365472910937,e7b17377e32b0fdb7bd22385000acbbb6a82d347a9a4b5e6a1e83d5dd23aeaf2,True,0.43033392646431745
S1,181,L23,3637932974669362421,db197725c8ef281ebcee5879187e77fc167878bc363c2c42393a8effcc89da34,True,0.47479448984029643
S1,181,L32,49109674541194271,18dc4c4255aab84ed7b35a14353ee1609a32791cf70ced073413c448c973de25,True,0.4284933623015472
S1,182,L12,13025811899814191261,d2692eb0d3f77fc7a364447f4391775a12f32ef717e25ac35b2d6e4b0b1fb171,True,0.3908429820193079
S1,182,L21,18004950268550280463,61614ef00cd47566050db6a2333d40d9bc40bacb99f866dea0cd7a8e02410966,True,0.47481610822578735
S1,182,L13,12885564599715562656,a84d252ae8cf0d8ee5291c57bbc370b4bc7c32a2d1dd9e4833a11cb35a4f17a2,True,0.4040422275791553
S1,182,L31,7790908730287188155,5e153c7ebf1ff2c3611ab924a64111a8ac0bc27036a8f5ebc4c35a118927a95f,True,0.4386919409064334
S1,182,L23,17868682552264043058,453ef765e2cb7f83d2389fd6dc2c0ff86466489af47ec1a53c6b6a09e563ac31,True,0.47832654541073866
S1,182,L32,8277480622989785929,b2e58147094f7e68e11b9e5929c7e5cff55255736e9cc1c0d445a467a897d898,True,0.42574743840355816
S1,183,L12,13896710479527653183,8b0e74a4fcd0ba18e3be9c6f1d96639c73c88f22c1e51cd8d30d62ae3fdd6384,True,0.39177936379054784
S1,183,L21,11800752350891059500,b887c49d346b78103afe14327866d16b9a48577d3a9ea8a86246beee3b16ac38,True,0.46919353642382994
S1,183,L13,574883768334598586,044ea97fe3ed90a296cc247edc3d4c22b02efa1ccb48afc78ec3d40e8eae1f66,True,0.4055474239597195
S1,183,L31,16943672183614591728,f459ae226321afc5ec946cebc605c95ef0cc519b71e69beb0e24c39a64b9283b,True,0.44383216118836255
S1,183,L23,13962487030998720621,9f2849981074a17c2b1d3597d2268ee6959c914b83158506cc0c68a5f9017413,True,0.4756816868782121
S1,183,L32,13718321891671424288,cd62f5fa49bb9d20bf93f5735cce11ed88806fe4e42a11b3b36cad558ce947af,True,0.427096305029668
S1,184,L12,4145723520988268881,cc9ad78a31e5c9cbd5452a9dd59bf17e12354a56975397105b8876354db0429c,True,0.3902384053480189
S1,184,L21,1422857042201765248,31d7658ecb7d193a388faeda2fe09ee3dea57443980a4046d5828c1550703068,True,0.47080820048209104
S1,184,L13,17483523659190362124,32cde117d74a1577a57f12cef92b31ca39457feb26e934ca48d738ae3b2069a2,True,0.4079937655836422
S1,184,L31,9433984521988690213,3c79060fefc6a3443f3609f388d47973de33384a14820bc1fa082fa356f2590e,True,0.441254676723072
S1,184,L23,15043169591924901695,5c38444b207d7b6171744e9abab5333fb8d3784d05be0bca45c0baa3424ffab7,True,0.48154351530889683
S1,184,L32,14508426349676637455,bc9d26d40156758ee9c353dc3518828bc38b9953b8c04aaaf84dcae744c207aa,True,0.4227416531835427
S1,185,L12,6756972869420245666,0c53ee00daa1bed73a23a15b2b4db01051f81c4a21cc763eb4f22f97d3d3421f,True,0.3900183019720743
S1,185,L21,6795285325914991481,0759ed19672003b333dbc49eddf20b3f5d8a2ee8933860efff04eaf7409a84bc,True,0.4768407943879982
S1,185,L13,8269980191821756531,cb4b67a82f1db371cae1addd464909b2b59862a4029393d2379a5c2166a23f44,True,0.41553788793035223
S1,185,L31,3140923028601449126,b6fffe1f291ec890e7ab2592aa379fa709cc2ec0ef911bb0130ee7c56a71657e,True,0.4389199534941749
S1,185,L23,11507557510834293414,ccf9e75f3cad8de16529c6f578766ca58a3e1cfd193a823980d45e4444484522,True,0.4821505503313239
S1,185,L32,11964900500286982009,16a84636e8ce2c14d575aa9734663967feae5c24290a5632ac47acf93670aac4,True,0.42592533589759257
S1,186,L12,220953354598247143,26019098dc6d9d0260d915a3f87e9024be5a6252ab53e0cb3246d5d7adadb52c,True,0.39361222238412824
S1,186,L21,11230176200821304708,5d6f7f52a3c67714b229c73e16e3d196147943d00ebd6bd0a99bffebacb3a96b,True,0.47330224143358446
S1,186,L13,17877446477068279122,c10a9c5770850302fc2587101e7b3b9a1c547cbb30829a4d0089d636870440f4,True,0.4145668666057744
S1,186,L31,9663646187522112302,bf0e4f4d4c54f0121467a91075c9d640860d0786ec0f3e405d9b2ccaa3dc7f13,True,0.44327509316027974
S1,186,L23,10162513958443225031,30564b78f0cd8522fbcb9fabb1453a2e1599de8567f42653b4c3b8b40d82f2d7,True,0.47965486232388277
S1,186,L32,17080511040270077956,ff3bef213bccc7b1884e88c445e95353a05c3eb6c467e589086bcc759b752319,True,0.4265938928650289
S1,187,L12,17431659343847613888,4b937d0fe26f297ea1c3ddf4a337c026485f3f25f6d1bbf2175c166a0919316f,True,0.3901411324596789
S1,187,L21,1761635576637687438,f89308198960653eb7dc76e6f98aa5dee8e4fdc0309392db555d6f11a18a4d1f,True,0.4728085833104839
S1,187,L13,723742854543776162,ae8cb3039ebc8700ccbdad8b2528bae8c73ffc7903a838e95b762e2741cbb95c,True,0.4087705235277757
S1,187,L31,13222336710585084721,827cf7ad9bd57d3424fe87c71440857e07fee265cf404c78ca86c69d87f69019,True,0.44326991089637435
S1,187,L23,3573174742667884979,3c5c2a5031fcc1bed41cda5db84f4a6d4879ca5490611d86b611c7948288f1b9,True,0.48259585879501377
S1,187,L32,4171444085339352937,35c5c30019d2cf2fbf44b54eb6e64c6681de8df74e92eb1d607c2acf2186ba99,True,0.4283378831111627
S1,188,L12,15592494078631839321,8da368801bbb758a3c256c66e8898c11935b0a61fdf6e7a234141542dcea5aef,True,0.39011361945467343
S1,188,L21,12900807280574404889,ecd6ad593bd1b21ebc0a36ecffe8a3bb80517ed3a5e1919f88e93fdfcbfaab97,True,0.47424898223864415
S1,188,L13,9745005844303881298,4949093397d0660277232ab65a62dc2d8f73e7c03e375f427e60910dd87c6483,True,0.40810731172417714
S1,188,L31,15979264070039950851,adab1adf171b777cffd4f227e7ab64786831cf7f532513ebc0fe43487dd3607e,True,0.4368487058738459
S1,188,L23,16213141604619928176,36df141c7ef13b953ae3586327f87bf36f9e959c13be0cac99a028cba05b9b77,True,0.4724827996181883
S1,188,L32,2328841193812597243,8a5aeba54ecf332ca5ab7e1fa9dbace26c4fdc99ce456ba4a4ac5004824ca939,True,0.4229672326790875
S1,189,L12,5189406178578540718,92716c936489b8e8b7ade63cbf4ad13d23246017440f5d731b5eb54e66cf7374,True,0.39270938198754296
S1,189,L21,1699139309344439145,c08e4f204da46052c0ae55e5bf6015cb06b64659abb15cd77cc3fc8784ef8426,True,0.4728829851864038
S1,189,L13,4272656705099507970,1353de3439e01e962b349a6a970018b006be24ed085225b04bdc22512e34d0a2,True,0.41156731123080037
S1,189,L31,757047868460026984,0fec8891d5be64d975589f86f622d109c0c35f350afa60ae71f8cb7ce30ab3fb,True,0.45306129865172795
S1,189,L23,1111652333603036185,e6e87cc33f4d638c8b6e5a1f51ea4ff873fc5875d85ebe2eca0312b148531883,True,0.4815752315640855
S1,189,L32,8830608985539629268,dd987bd7bbb777a292097208c7d16e86c05cd15207cf7a5adc787994179da11d,True,0.42467721292156957
S1,190,L12,5391791077656130800,f48785db40c6d3b9c5f5e14d6eda60c6f0cdf27659eac68a6ed09f40781d47fb,True,0.3922718687969516
S1,190,L21,16342460870911988955,8c59b1564ce459eb740d102595476b5ef64480f463d7358d52a604b6b670e908,True,0.4713617741647371
S1,190,L13,6665045580508294332,a3d740952a254ab157f48a5ed01c48e8f1e7c8d1e0740ad28e132f9c67a04d8f,True,0.4149118039533912
S1,190,L31,16524366050767176525,d8b84fcdee413275f57a7bd4c7d52bc6a6e2224953c1477ffa2e1e95e424ee11,True,0.4414391972081325
S1,190,L23,15531507075690390192,bcc5f2db7ebd3a50f04932a637c2ca86fee7136122d9325d8c91938ce570f8c8,True,0.4718287427849733
S1,190,L32,6642199769061693037,83c8f3ed55fc0228bd28ae3b7d804ae79dc6ea852a480cc4b6b7d4120fb7625c,True,0.4227359678737703
S1,191,L12,9786627877524707122,fcef422117068cf14e6ba1a8f67b8296ec4945f83fce66be36c53d369dcea43d,True,0.390738372492444
S1,191,L21,14860714093429280978,489a49dfd49210b80bfd639e615da764f83794851cbdc73cc150ca4e77abac8a,True,0.46829733071626173
S1,191,L13,9039653157444948350,6351f461a070037e0ecb1c0441a60bf54d1afb3ba8351230e953bb012b165422,True,0.41083607705759345
S1,191,L31,14801506778586333585,e78989d65c49c3ff45e7d2a99e8ae6cec7f96f478cc7eb24eb882c9a51b561c2,True,0.4404075215651504
S1,191,L23,5976738916461411823,481dd5c3aa7ecbe7e006eb2e85f7d3d19c357f525a95f7ff34a870ef531df131,True,0.4886998636107692
S1,191,L32,15689235463223628910,9cf2c9bb3dd1628943182fc6119101108a396ef3e60cdcf05a99be053735a30d,True,0.42561668638855416
S1,192,L12,4676852362087144113,020dbcedb97890e2a66061ee81e9d42bda89e521ee5cb8d2a54db7519dbd9816,True,0.38848481390428935
S1,192,L21,7838408535255245590,90707aa208d83796e8ffc99d6ee9b233cf109aee103081d93f434b29cee59385,True,0.47088713362199586
S1,192,L13,5601311338851538465,7e41f24be9acd56f1fecfb66249656853d21e54490a9702c2d589ceeb7ae9700,True,0.41748706405323943
S1,192,L31,226010647290428749,2fe08273b17ca07b30a63e542d222aa4402cbb31db38ea5ae7f45ce52fe5be7f,True,0.44263175102940044
S1,192,L23,1666385771348982588,6edd05975cf5c4f29036afd195474b5f889d4b51cdad5f13d85cdf9b0aa77f2e,True,0.4745566700474089
S1,192,L32,5367772550298944418,153a597e9e6860348a46097cca2f707c75ab3915cd4b932d0550e2b585fe74c8,True,0.42288527895771094
S1,193,L12,8053829509760028168,cd8267afb0956693704720c193b2cf7d38bb07a342ba06d5e1078958537c4033,True,0.390432922202822
S1,193,L21,15756037331201105917,ba16db73df7492fc0f43ee80d1b12fe7ee1a091d097d2bcc7e083efb3468d4b3,True,0.47107780726890436
S1,193,L13,13554635461473949950,dd31b91c6f43a1b80474c15659d9c63c5d5a13f5089fa7299644581b743a1620,True,0.41147201100499237
S1,193,L31,10576680486244079874,e92d4e07029e2c0969daf76ff0c83708529adc0c0d460cd86d6aec2d2d6960cc,True,0.44825099597426277
S1,193,L23,11855998848568339388,7e7f17eb9086b157930414a723afd73cedf1849b784c0e71cae34a971da4666a,True,0.4787508369106227
S1,193,L32,5511248639017270957,d5cf81638c9c6d9f424f0cf03b415ec903258c0f820e237774a470719f700e5a,True,0.42310560429326655
S1,194,L12,10459591582179718983,bd546e4e62bb906c14842bfd2d94d357b3e44acf341ea6aabbf15327bc9b1b3f,True,0.39001039874594756
S1,194,L21,6949772477961576315,7c3d6f83d95ff06a63a6e8d5bbd563db1a27f37b1c8cc6089cc636bbb2586372,True,0.46639403154377895
S1,194,L13,6572639762007565308,3a9933ec9183fae47988616e939743bdc839efe1c4133ab8c3e72ad349c25a2f,True,0.4092480450355379
S1,194,L31,1621805691136833880,c385c9d140b4061543a1ffc4412d7f59d0af53157ebe24efee5daf0a50ef2e28,True,0.4344094372735565
S1,194,L23,17252762035514697466,40c03bef9fddf810d4ea52a3199ed492f96f76b828b78a8e967bcda1069af7a7,True,0.48327543981356924
S1,194,L32,9995233625212177211,5f213233682bdfb0d7e91dca45fabc5d5a5522f1e6d915e4bbe5249648085ab1,True,0.42825359816800035
S1,195,L12,14644465528117241936,4d92ef69842a65de8fb7c10178ed5dc0b4447ad0e3a1e6b6444de4b3439b2146,True,0.3910699041940338
S1,195,L21,5586084031076789852,e63d93bbb5ac49bff1d39ad16efbaeb4b12fa6561eb51d5e6b261b166448570e,True,0.4689150261998815
S1,195,L13,10757364680877369385,e2e942ac77b1c939f98d02efd32f28377c8d1ec64171e3c4d2fe67bca399a1f1,True,0.4149596007590435
S1,195,L31,765155206201312859,9f2c0b3b493ec99e12487d62b03caab78676f22fc2db86602dca653a53643988,True,0.44620475512912855
S1,195,L23,18104697295319312994,ab16e3dc52d11213b5b6c95dc85f474b1b30c3c2869145792d47e633ea67b289,True,0.4732301166214751
S1,195,L32,9362603075925735582,2814b8cc33b6ee7767b848e91effc64b806a6b43e79100484d36ce981d735c6a,True,0.4221624263426458
S1,196,L12,8045151752690822122,8965e39feb634469f02235e2da42b6f3a424e34757446574d75c164d237b841e,True,0.38837474204718697
S1,196,L21,3391665755660553332,8f36365fb83503c231c2ac95410e0e79b0bfda585c7717c75d6a18e36f4e5dc0,True,0.4726065104934343
S1,196,L13,4552633853442359025,9dc54f6b8472244fd2b09e502dff68a0cd9d724d22d79b5446b6af27288780fd,True,0.4144302478284959
S1,196,L31,12420852721708518501,92114247b7a0788f110c4b32495d1c62c0a881215af33fbd3f00e4f8083a436b,True,0.43320786349433626
S1,196,L23,7726129978618174167,603ed2c576461812289b485337508f8b7d29255867c2113e118a4d64933c0160,True,0.48236864582430355
S1,196,L32,105673450436785302,20da6036f0e5cd7e2787e4e3dff76cdbc4b4ab97958382998e985c436eab6b0a,True,0.42337195655370236
S1,197,L12,17814423095905322693,f7d80a9a2c1019e1a0b1e1d4be600c84fd437687a13a47525269633ee14154ab,True,0.3906241502054045
S1,197,L21,15508638668360344221,403f3555452a0286ee3fbf5daf8921d9572ea8019155269ddeda159895440c05,True,0.47443200698846094
S1,197,L13,77242072667564352,a256f8ccb21a17d66b939b82f77269f84c92c3f1492f4ab0d5c3179e7b3993ba,True,0.4099234485283247
S1,197,L31,13422636934689828038,17720e65f477f67f2f6b155b5815fcbebad6cc6d0be72c21ae9376727b128347,True,0.4431407498691902
S1,197,L23,3052678863527880152,1072cbdddbbd664230bbff91dafb22aeabbae73238022d4a55f4598b314d240d,True,0.47833284227650197
S1,197,L32,11243330233965934344,5c1dbd5dfb5e99ee870d8e73b1132dad40404683cc9baad48e20247cf193eb1e,True,0.42406680837780575
S1,198,L12,8006426917019341699,ca54aa1815ba9fca28c639a8b4b0af3587d1f4e7a2aeb66deaf88301da7da2be,True,0.38893814732738036
S1,198,L21,5990960938912202695,a1f9b1700e399cac1e1361c6c832435dbe11431cc5b8de95c0d86b0397371788,True,0.4738474587419025
S1,198,L13,1370520379294574951,063cfee870b4c09fd02b24dbc3a7baf84e8c5b5481c0ad0e93164e507c880202,True,0.4008365378446366
S1,198,L31,7192547566005675461,4fe3e09420830d7ad9c05580784988868f1d7f2830d2a762e816636e6422e445,True,0.4413160804452363
S1,198,L23,11597855613228948629,51a447f04fda11e5a95b6420020ab0d375461929acd13a9b82894d9231329684,True,0.47365194245469133
S1,198,L32,8125033825301009313,47a42a95a31d9b2e50deeaa4de6435e255a0f4633420d6c6a5a4c761ec4251be,True,0.42558068257989184
S1,199,L12,11535309194249930001,51914c117c0c8689b248b8a7ca8c864ade04e8bd16aeca1adc1760fcf45f7c52,True,0.392640219711501
S1,199,L21,16388445267881485278,66ada09cd6af0b395976b6aac3f3897317980f74c50b5d07f6112c9aad40a679,True,0.4702392268556002
S1,199,L13,2263109210937177452,609a0f5d83ff19fe4f7e66489fb6083ef5b723a1ea2533d067be95964b2a6a27,True,0.4158209005275262
S1,199,L31,4463434425683339605,c35800589e884d0b2305118982b7a7ab3f29761e50b02fe2a83a31ec78e2006f,True,0.43959294040115016
S1,199,L23,11722376063262757949,98e127bb54a1aa70d2ce079e390061d0c4f32b8bef52eef0ac7c63a7434fce88,True,0.47277985485728724
S1,199,L32,15946820191434755467,b9a5bb5dacca79355bd49152e051e1e41832d78744242000e23743ac20e80db0,True,0.42337682614363303
S1,200,L12,10039819375742463202,96c77155968bd33811827561f43547c8603469852d769daf9a666c707d39da8c,True,0.3889709126060473
S1,200,L21,13682140444720194831,e0add8457af2e134e221cc1f2f78e7643a3c255c7549ba55c7f6b6826c95d40e,True,0.47626496797764983
S1,200,L13,8762130140629751488,dd27831689e969cdcaba47ad4cb883b23029a62abb89e8c8b8c3631fa8745684,True,0.4101428418984372
S1,200,L31,13314306571757557085,39049040f88371004d20cae428e2ec89f2f65eb2ce8fe95d4d2cb059cac16597,True,0.43072952779150653
S1,200,L23,15763374693970990340,665b0957099f67e9c70ae21e75cfdd3938e84dec27aa9b3e3e956ff2d6344ec9,True,0.4747638081380737
S1,200,L32,10376932420690521521,4e4ba23d3f80bd9b5085afc417eed95e8c5bb8a271ca4240407bbf9ae1beac6c,True,0.426308818982458
S1,201,L12,1662674497177614406,cfd6c04b398f649057eb1e985c270db3e0508929925d061b7bb2934885354996,True,0.3961101615614904
S1,201,L21,678761663166570403,c7bc0503221e8aeee85674d8a8a2b57a9482a803d8751aa12ca48e9d91cb9b8c,True,0.4719584029994461
S1,201,L13,1804872011054176507,4784dae87523a992c28727a1b4fc63fac65ddc792b22452286402a7e965fb2e1,True,0.4077576803694285
S1,201,L31,3673029579477777284,42cb4192c837b87cfdd5b1b1fa3ee8601f424eb70a1eda2765d3941f1f89ba04,True,0.44836304204561134
S1,201,L23,6849750481436320797,af375c11493b9c32cbf456edf8d110ad375e15a395b6c10d812c5afacfd68edf,True,0.47917179286576517
S1,201,L32,8449980672437417599,d70081e572c8b239c0df9cfe30e4a62616d634093a9deee5855492baa30c09ad,True,0.42413589454909856
S1,202,L12,5168377221855256413,8d49907e579c895d1dc8ecdbaff81752e61b15fed72827f2406f27d91a05ebb2,True,0.3869817859511634
S1,202,L21,10486590609488298794,f250e8e5b8813f162a68de8be77689cb87c8294c480fa3fd0afb2d4606178934,True,0.469337286657264
S1,202,L13,8354543481246489331,69734e990c0d07e0bee7ea7ed1c7307e8923a213c7cb22189c683a8d0644b768,True,0.40575061291078435
S1,202,L31,1745795744653453910,04e6c709d0e20adbaa11d1e7f7df94959e4ed66e48c93bafbff279c57bd2672c,True,0.4424994097564656
S1,202,L23,2436674817443074093,1dfcb84a3ae8172d0685c9eb100f1649c0ab2697e926acb8571db9f0fc32b3a7,True,0.48110110609327894
S1,202,L32,3582940642371788922,9b07c3eadfcaca95604be3a0bf067722978eea2ac4ab3320c46962df61018075,True,0.42136136222333886
S1,203,L12,16147965529747559787,997bdee1029c5a785568f07124d50a39e115ff493b5b9b4819d6da3d14e11d94,True,0.39087930324098374
S1,203,L21,17896050011276601609,8db08bae0d9ff211d40616475d8fda84c24d84f40c0b61e7980b244509e9371d,True,0.4693543804890016
S1,203,L13,17168373861401569594,508fbeb2df8122943745dd33bfdb7d3e8bfc77186fd3884f76059b2d542ade27,True,0.4073200318609461
S1,203,L31,10456567103787437521,4a527b750a2cb9c08eb4959a2297654f60977d56f2fc84b678dd2a84c783a2ec,True,0.4365693717086816
S1,203,L23,7396211810482692960,aa530f37acf5195110759cfd32aba009c2b209cfed1e0a3d99c03c63f5672d37,True,0.47642112066912934
S1,203,L32,14540080108976874040,ead1aa55aad97e50b4e7806950d7f4d3bdbcc5a36e8f50159282e5f7739529cb,True,0.42722668271784975
S1,204,L12,12323797815052058238,5a6e5a14198cdd0fe1d71bd4db36a364a5d6e938170050111f73511882bce0a0,True,0.3887952026517878
S1,204,L21,5564306044507166327,d57c583fdbc585dff52118de10d62dcfc1d1f0f4cf096a7a9652306308f4aff7,True,0.47322336357485567
S1,204,L13,9552099340208046156,3686e450633c283e8713c0e3bfb3e5826d575840b0eb3aadcd16d8346665ebf5,True,0.41117660912513243
S1,204,L31,5000285614338100810,d683a2eaee65e16c9c048f998a3bd434624fcd0373bcf48215eea004094d6671,True,0.4466028400918042
S1,204,L23,9443488207375244533,71f5645cbcfc8244849b87a13a73e5707d6abcf066d207edd90b898defc0220b,True,0.4807081055342226
S1,204,L32,7623893321054378822,a2e87c6c39cc853793d6f6ec1be3dbef9a888b126aef207ad7ff8bf1b85fcfad,True,0.42426271537403487
S1,205,L12,4396742284093049087,931aea4f6c56f7b0448f2ad394a11e01623cf9e5ed4823288b3c7d572bddf094,True,0.39223476834537113
S1,205,L21,12981935457431550419,e58bb09e3f94f7f2489bea9f5f9dab3221a1aa20c0cdb50bf7f2e3edcf42e07f,True,0.473330729672528
S1,205,L13,12893870686177527996,39a1b17deeb3e9e066551d4c1ab7054992ad8d4110e3d37de4edb13ebba3cfb0,True,0.4069861723349192
S1,205,L31,1406862772836861049,7f80b2010922a9a6f5e7562a2a3c3202b8138abea55c11aef5d2d00b00145a9c,True,0.4395548048759009
S1,205,L23,4028081304939598514,8bbddef4e8792f7d041f0375a956a59740128f5be1e6007044fba112e9300e0a,True,0.47483322607734507
S1,205,L32,9615412626090573633,dedc2108d88279d9274eed3fb4e71b4b64c0f8407482d9ea7f8092de272e321e,True,0.42569254237056897
S1,206,L12,18189478135485407982,8a5a6f10d318e037da25833e05a2ef3316b5245b4af57c092414a4a09cfd03e1,True,0.39241530626071236
S1,206,L21,14895832900108147213,224bee47416e793a7aef23574118ed21426ada73868b95515517e965b5ace14d,True,0.47218598960499386
S1,206,L13,14174531658088993301,894ebe18037fd14b26d68e1815a49729d2984854d33625883e24c98ca168e32a,True,0.41142931427710017
S1,206,L31,6237934691599324079,3b371aa6bff28541360636f538a753d3fede8facf1ab06a4a0630e8f23c19200,True,0.4454740689965573
S1,206,L23,18290491673223315846,803db770ff749e34ef99136e4b6b5baba6e2952d64ad8f16bb75cf40109da360,True,0.485708717889148
S1,206,L32,13970502657998031809,2679fe157731a4e8e9905b9630000cd733f99cdbd80bf1cb4cfb8b7af25a41d9,True,0.42221453360705785
S1,207,L12,6593110817057642810,2facb32a9204cf84cef319a7cd91a356fcb84acfec05e78256546e56e7db3071,True,0.39209134695683967
S1,207,L21,11989659355311483330,282e7cd9d644da0b077580b05a86a16241d4e3eaae5c6be8bada99a549331b50,True,0.4658447042083455
S1,207,L13,7427203807432264679,09a0a732d6a1bb8ad439b94a33a3409b5af002ab2e708c7c9064e3f4ac1e65eb,True,0.4085801911133476
S1,207,L31,4674896932670600401,ff43cdcc856308f3b4f2add8b5e17676cafdb3e1ce9753984a47f040f55f5adb,True,0.4465272295182915
S1,207,L23,12759795703252112374,e5276a9a4477938d87b71ebb688ad33b9ee3818be453f728de2b9428781f29a4,True,0.47239673008480815
S1,207,L32,13949229038804022574,ee4a93a8633776f72dc2b8c6df3d647a0a5865a588bec3295454393d9d377199,True,0.4291752637664867
S1,208,L12,7452679743001595495,755dcbac4cb4b8b0da25d7da1795413c6a3f745bb82f5a9fe52a9ad5b11917a2,True,0.3903950420116072
S1,208,L21,424072154023088487,163d7964b2e9e41feadb1c41075f8da0ec6b6dfde5bf802201691dc4c2a7819b,True,0.4748056698171222
S1,208,L13,5640505938535327686,61b699807d447320cb9b28bce14786a60de971b83d41c26dc391eb60be0a34c7,True,0.4081224261571648
S1,208,L31,9931933165764085801,b8cb9bd27c9acd8a7e026ee3520fc4f6a2a08869e10ce041552307e41c89d070,True,0.4399934385061768
S1,208,L23,11231386106699369071,cb9e07441f2e4d80f6f6f36babbdbc6bab072fda347e1619034d0f2fe52b7742,True,0.4776670362564011
S1,208,L32,8535485319354107415,2fb769e30276aadbf3a82882deb13110ab17231ffe68714f4d039eefe3398bfd,True,0.42277599621815143
S1,209,L12,1438691944788192567,a0edda40d0d7da9f308728b0e76fed66b71c7d3dd5cdc1df9bb842ef01663fb4,True,0.3897373082571764
S1,209,L21,9444116393378811405,e56a6758423a94f1d643d0e4ba0740315c18b86b0cc1e4d124ff95defb3f3589,True,0.4682713968123171
S1,209,L13,1075059612918696118,996af26da4c904e1312bd50c2c7f44cf03f266cfe8601ddab1752a06ac5df51f,True,0.40779980675033844
S1,209,L31,10131006582087091108,8895fbdfd8e7958ba608461539b53b0c14beceabd870e532fce7ecc5a771a9f0,True,0.4385703509451208
S1,209,L23,8468947546481155682,5deccae3c85118b6e9a1cebacf47ae155e0a64e66dc31cbd182a4ee0ccb901dd,True,0.4785302281061554
S1,209,L32,17980535740421253124,6de8c54fd67ad6fce06e7d2fe52fd8bc0dfeff3b473f82d21e44c993c19463e5,True,0.42302461561209614
S1,210,L12,9119668897189488023,91adac90b4b6ea81244284ec2d9d984b2d7ea610e191f73b42a275b41ffd6962,True,0.393634152383195
S1,210,L21,6548559633148878743,47a38236a49470aceea44a102151b24cb7f49cb33a3352186cbb5cede05c4a26,True,0.47104904439934037
S1,210,L13,7455289181039564609,45f3e71b6fb2e97cb590d31e0436760262f484fd7a3941cc2e8c02a6dcc8db32,True,0.41110761402340296
S1,210,L31,5330851874769092399,0986c73ff9d558ab3b0e7c64abaea27e142b5ecece6f60dd3bbb07520d5f9407,True,0.4428633796669867
S1,210,L23,2105832950867129955,6108bde35291cf00559e6d055ab82fe65547ca32185afa563824d8e3e5b11df6,True,0.47993160981725635
S1,210,L32,10013904068993165823,bf919197edc35706f4f5816d7b80a9706662cc31256e739bfd05365af62a01ef,True,0.4233696976382587
S1,211,L12,4717253610547060607,a939391ca9b03d8873c72c8f6e3bdcd37060092c3b6148ef2dba9816b2bf1f75,True,0.389188147727553
S1,211,L21,16697694458425117193,844b5ebe8ddf6fdd55dece5c501e721a4b1751159f539a5667ce3535da3db1e5,True,0.4726106485673739
S1,211,L13,13343450251880745684,1313e12372c0408a9d32da6972ff771ccfe11f87a208315025e5a508cd0f1674,True,0.40148688869548854
S1,211,L31,12620452283508119384,0ce43d86f5f6c2e41694a6597412e3f9b2078af1a72e7d86324a2d0ed8445e5d,True,0.4459098734407806
S1,211,L23,5444875212759340920,132d561ec0eb3429bd112d99987fcb60c61d910e884171ade62148e5cc335cb6,True,0.47348648122075804
S1,211,L32,16131492667681449163,5eb636a0d531fad53ccd2280e29e3e2be65e3bef4a295e32d730ed4a3e6c172c,True,0.42488970083976774
S1,212,L12,11713630597159867255,bfe2377cb7364c1c078ee74ba8dba77200daf6ffdcbe14924542fc828cd3ebc6,True,0.3947530036738791
S1,212,L21,7017046506462467400,bcc4de88019447f33dd7e60b931ceb1a0fe6d1922d8c5222acbd01790cbe09a5,True,0.47473862944280437
S1,212,L13,13169251315656477461,2bdcf6522333e4d4a0d50e91c27c86cb9dad1179598854777d99d19628570a2d,True,0.40595758232067747
S1,212,L31,12552906114930453198,ab96cbb121dc94765dbd28a524caeb2f70ca39021ac89d6822fcfd9690747f48,True,0.4382624550244419
S1,212,L23,10231184909254864151,cf59da46ddc8d674aa4b7f1d534f7583faf29eaf57fe77078bb917d2ed5fef1e,True,0.4797473770828099
S1,212,L32,9418480794638451999,aeda5c97bafa91abfff4b08d39706faad8b404f115b8b6ef9868dac628bdf329,True,0.42412724952992253
S1,213,L12,11417162431272802013,27b70d27bb065905b2e7417f9e8f09d67668fba7e0f5196852e4bc78cc8cdb93,True,0.39668524729931665
S1,213,L21,15128022226343249200,ebf23faa3e4ce7e50192977067efb0030185d3acc3a30e45916ff101e09ba31f,True,0.46921620367588757
S1,213,L13,11432703239162131894,1ec73db123b3f3a9e7fd15f3d4cb9f68da41715caad9e6e22a663de63fa040bc,True,0.40387910475062405
S1,213,L31,6349867229826527074,4e45128d89de0b1db5aaf3ed177e3110b39d3693a80e98a0ab7fe6c12f0aa74d,True,0.4391876150779982
S1,213,L23,2339113569040079861,d6905442a60ac441493902d61e053ab1f75ecadb6386d2520a81aaca369d19ff,True,0.47803121631300177
S1,213,L32,8650222776366199065,d88cdbd6faafd0d2b555482caf111271f2f826d3862709c220c72b4424c2f943,True,0.42742888775742194
S1,214,L12,8732693178708655227,cd260395d8f74738ccc8100f339f96da0557a5bade0bc9473492fc9cdf99d264,True,0.392615624349509
S1,214,L21,13751376358898600790,0f47d01acb849822e546b06858402bb6973ff0bfc0ae0d28262ab180ea7629a5,True,0.47122564193803906
S1,214,L13,10501095433934634129,be8ea80dabd9c1d7919f3e14b04b590feb15b53dbaa2c79f075d0d5ef4bc7a81,True,0.41353643720340894
S1,214,L31,14185088454294517249,1e672edb3c991e7be92734681c477d77abff5cd2b5a977e529d9f95fa98b7e63,True,0.4463621402138416
S1,214,L23,14553476208059946076,b57721457ea102f1d68384ce068b82f0de03cc2ac925546ac4b87cdcb8b02faa,True,0.4722067394554506
S1,214,L32,8990460713285253301,c50ca9813f8a8580dc3439d5b376f6def1e518d6632770f29c5535eeac0ee6d2,True,0.4269603064985348
S1,215,L12,10708707800545859066,c295eec08cd76b289c6dd18b78ff0a6a7d24db06fb0f00f917fd70ef50a64233,True,0.39155833444443133
S1,215,L21,5102810516095547414,317eb0906b3d6feef89b24561a148fc304a5191ccaed6125f196e795779c612e,True,0.4743027676381417
S1,215,L13,13041639107069071246,3bfafa86a36782bd4163358ea7a3842b3ac3b5b5a826ac628b8b2db1c1d07580,True,0.40275443887828855
S1,215,L31,15363723545162539597,9c54481d27ab29a5769bd19537aa7ed3a49119747dd9eea2c3fbe9a221b14b7f,True,0.4454950456612191
S1,215,L23,10338298182800919520,d854e69de15f31b908fd03984dcefa9d4ca08468d3b47ca07cb2f5ac5fcc720f,True,0.4846443785583727
S1,215,L32,10333983298791471034,00a03fd9aac967335e03ffefa54afea816ca3ea3cb3d915c9342ac421062fbd0,True,0.4280713857001567
S1,216,L12,4440405798714750100,f99efd0b1183beb6e91ac1de90ea566a359b1adc2871638349cbf2b6b84d673e,True,0.39038886051770794
S1,216,L21,9248526586105151752,64724377a461e2cb33ef4f4093020f4758038f9f6c5f15ab72e8eb589dd632d2,True,0.4701729612757325
S1,216,L13,4703360940769606644,c72bfc140e3c44d7d011c4797fefe201dbe2fd78d4fff8d1e3677c2ec78f2d0a,True,0.40528229928633464
S1,216,L31,14365827027350202743,0774b9bc2e3951e76b8f2436c40d55d58a491e4277f0a7e3258eb32468e39467,True,0.44161896424926217
S1,216,L23,2193019307919716735,a98ed7c4318f48b5e92d9bf9a95d91ddb0dba55ea0ff894973db8cd20f865507,True,0.47304926538621844
S1,216,L32,3589967927413734247,fc6d8c3ceb5c30f434f254e88effa3989270e6960d8df6ad8f8ea52fd531d811,True,0.4290805185736713
S1,217,L12,3548718555058856332,525050fbf719d14cd894becaea7d35ea8041a91795de410997dba402e6cd606d,True,0.39214379065602667
S1,217,L21,1873301825868693337,fc40e0a23b8dd9638c243dd2a96f068b1027f8dac6b1357f274232eadac532d1,True,0.47442248064064063
S1,217,L13,2363227177950815729,13179896bacf1c8e70c56b1feef726236074c76624fc918fc543ea241a610668,True,0.40285300010412733
S1,217,L31,10203162436912654916,d57c9020381e3feed71b5dffb71f97387007ef045d4e4335b137c9eb67fd2c84,True,0.44031770395185504
S1,217,L23,4478583534807581075,656ceaa13761107131782dab26d249a69dfcd6aeb3e2f47217b3353f451ddca5,True,0.4769715675234373
S1,217,L32,17975698781127551528,00dacdaca777026603a00f649a69c342ee9d11c484d1708104e66f35886bec2e,True,0.42634199682431334
S1,218,L12,11010022123810056129,a11efcd0aaa7d3683b9333060edcc3841883e97c1f870c7db6f6b782b1fe45f0,True,0.3885208658694205
S1,218,L21,8256190222965410677,18777cce29f2e5ce43ff2b84a584f49002a21f997ab52582fed2327be6e8cd85,True,0.47184802090640443
S1,218,L13,6063495040749333446,945518b74ffc5212046ec2ee5257fc3abe2a7d8babfec502e08740b5c59f3956,True,0.40771302619390104
S1,218,L31,16536888010810677335,d731abab185ae52f7ce729aac9b5699b1b19945f492793912f8a3e75d7ee4539,True,0.4384644573781873
S1,218,L23,7050984988681382731,5bb832d450902286c647be96cdcfabcb447f54bf6d3fb464642f3845d5237769,True,0.4801729428064051
S1,218,L32,12809616314339246356,138d6843fb6c2b1bb77e230aef4faf363070c8487c1070e05ee0541a94b1b922,True,0.4277341290382571
S1,219,L12,14829247018983236486,4bf87b7361892daef99064108d5b59052499ed16c733818df64c6884e5242dcb,True,0.38737058943872305
S1,219,L21,526425621513820688,9afa70cd9cf9fa199abde3bd754f0ea5afd93abee10f38294eed6348fa24bbc4,True,0.47139296816958265
S1,219,L13,14744410101013338911,1ab826dcc1829779e0927625f90e7300c7391332f27bf7516781c5291c774db6,True,0.41140078363694
S1,219,L31,6732837085940127524,ff72798a78c43062c24bf1054ffb5725cb0a9c51fe35d7c905cb0c64d2072069,True,0.44036213281422687
S1,219,L23,13937999486202954210,c89f0e6243e5d9b8266575de51bc331091afef6bb6ee9a13b04d22eb5810e634,True,0.4712653851270848
S1,219,L32,15785922220630632363,c0bc4afe3b40b5e0a00bf7c23a7fb94496f8123069dea3a8914c0fd96ec4d9b8,True,0.4239770486473225
S1,220,L12,14845304000465474433,6e80406cd10aa99c5892586ad638fefd7a8e204c0a71865d871e5e4062638167,True,0.3857409681314706
S1,220,L21,11043427699334703122,544d48c23644408f23e301851dcf0a217a27929cececfe7728db197ba1fd0a90,True,0.4769284349083988
S1,220,L13,16853792480017881753,687e3c1a810aae66bb859469d6e2a36e7c427ab0a65208fb9eea41ea108a834d,True,0.40767673211395467
S1,220,L31,11247852465488925032,6d66a408627a4caacfd4fce9175557aeb7079be22e75802347d46ff209b66119,True,0.43554206847538923
S1,220,L23,15792672458683158578,1773f7c9991195ea817d53a7a183c6812021388faf9240f5f79cef1976e940f3,True,0.48218290181504947
S1,220,L32,12106783083462071508,a0c15ee983d76692e85245a45bacdfd1861c4ed9ce7a2ea27b2a57edf6ae6a5c,True,0.42187491799452076
S1,221,L12,3467241190898803479,9e2794482e4de3f7273281376afe2ac6c6889a78771b6d7397ee14b4a86a85df,True,0.3846492416599653
S1,221,L21,14974951635040015117,08d5378b95e53205123e1ccc9fadf1de628d3c59ac2dc03992630b04579d0a18,True,0.47128034101519145
S1,221,L13,4420623340653288500,17e5bf70dde680b70e7bd49d15d7183305ee385c6e17a52112a74e3f5b784902,True,0.3965054207967444
S1,221,L31,4067800408071932191,bade6e608b70d97fc3caaedc35571fad788b14df21232f1b8e52da235c4a13d8,True,0.4329063806888777
S1,221,L23,4883959458441783007,31fed303d0856587441da3a32752d1d6bba1e9ebf7d21e26ffda807faa0cbe4c,True,0.4795712925469418
S1,221,L32,3341646914375329786,f7f1ac19be0eadb6f3dbaa1dccc26c3b95086f7444b8c7a384c5ad3fdc09d95e,True,0.42316627656040473
S1,222,L12,15757621352720346391,ddfd189a9ffda0c63fe4c2aec1febd4cb207f7348ea070e177bd63ceb40d4b96,True,0.39161007433123945
S1,222,L21,14477069824701580882,c25d34b3e1595e0feaeac3fa2622874e2e8a8225d120040420a6989abd0fee02,True,0.4679573881640476
S1,222,L13,11146700916300735964,eb8118fa8ee25eff0846f748eb881e0cb69449716e1c697124b00686da49ad94,True,0.4103292506528228
S1,222,L31,16470985322054617439,c6f74860409bf983c17ac4ad47045b72877e75f5355a7fc5554c160f02548009,True,0.4445558280300537
S1,222,L23,5599261565629063129,b2a57b785dcccf01b4df31c29c2bf1e1d073ad8767b75bdfaa92fd72b575f4e1,True,0.47874392752680367
S1,222,L32,7339803263699929980,bab350b696e6afba087c0323d1183b9cf66c2666d5042b62f1d6fc4e94511c79,True,0.42230334046140705
S1,223,L12,14405798203546342639,fe69e9f6148885a9c757fa2b6678545e8663fc14bd1cdf79a97a6c0a5a39c76e,True,0.39038886051770794
S1,223,L21,11909205497712748419,0deb58bad803c1bc88583a311d53ee8b4d56efaa6d4b0f8875343eca15dca973,True,0.47092936655570594
S1,223,L13,10328493579774308996,3b6c04c01bffc17e8b65613ea91ac7f19350a20c305ab0e2ae4ef7382a67a045,True,0.40709841620792203
S1,223,L31,18228354987790676364,9d271ac9bb22e619f5a7871a4dc9201f44f3df8fc006b43632a939ae3513ac6d,True,0.4360471883132152
S1,223,L23,2466095827523919070,0dd49fdd7ef5aad33de09df77d62d51aa81f1498e69b51a58b4c66b4c17c3066,True,0.469940221000682
S1,223,L32,4149756019622271453,e61542f40a2e22ff5d3709f9b4c3f45d65930190a52322b838edb370d5031199,True,0.4242141553398372
S1,224,L12,12850748398209619276,71d3283e1711a016eb194de745b8beb52a08528ddf33cfb7ae17d3a1395c0c56,True,0.39167318590074185
S1,224,L21,2580191324129654646,3bebde1c0acb41e1a9a4734b884d1747daed57757bf6195a47646ff0bead0ba3,True,0.47459498552254853
S1,224,L13,9379501836565172121,ca203eaa2220bc1e1e3343e7d811c03bbc5f4ee918bf33246f0282a4a69a211b,True,0.4091385880551727
S1,224,L31,12379445727695243658,b02bd05d0cffaf0ed4efa98794f1d4f58340231ae6000088c3a0a6acfa38f1c9,True,0.44684163115980796
S1,224,L23,14482057761352375394,1eae78a181fb5b642337198e2fd8311a0e9b42efac755ab8128cfe5150e30b22,True,0.477312120099217
S1,224,L32,17213187291280685689,8c21a3259f90bd583932d86e7e81d7f2e22255054984787b9c467da166058dbb,True,0.4220184963972754
S1,225,L12,4339435540611671175,f409775b9f2bb293d5c31a51ebe4ec441d04f4676af2c760a8cd56f49a27ccbc,True,0.3940797707333106
S1,225,L21,5217447599745049932,6e560f544201a4d299a87479ca0068cf0023a859b596d81f2cf7107244dbd683,True,0.4763009527603359
S1,225,L13,3482810253183475559,69b9e0efc4cdc550ff199ecb93d61a2b5b5e2f27c894772455f4e90186a03ee1,True,0.4079655268587926
S1,225,L31,1051499284211483933,6a44e1e1b8bcde2eda624b3da6c0a405cf9b7e3673161276860dcc5080a1872a,True,0.4445742862937417
S1,225,L23,6654778656223694527,1fe6ad1fdb5267ec251cb39f932ed80bc2b0c32f188a05af5d739e5337daa432,True,0.4811775308150625
S1,225,L32,373852831853187495,7c5e149b0ecec1be0693f3cc35c8922f3580872fcd5d25ec5af3ee999fe0b432,True,0.42258533434304957
S1,226,L12,6139510963745825534,eb934b410d45fd4999310fa62c8ca5587e828fe76f011f36b27761173d763c9d,True,0.3949506612495002
S1,226,L21,12585789229143096643,8c6588ebe8ec289d07048dd196b5089cb5cb13cc9d79f5e7d472da064b319123,True,0.4700521486554264
S1,226,L13,3311249127454399701,c753c99f54007286d429e6437dc822a97c2892e30f7ab8d478a418ef8a85e50b,True,0.40343775841935914
S1,226,L31,4837038674427993918,3d0524545134cae0fbfc7f8d5f1ac9817d140d46f3c9e4b27bdfbc50e57bb86e,True,0.43782123071584655
S1,226,L23,14327392717546751338,8c8cc3d7703fa4725b455660c8f6ae86b61091ba1389d78e58e92aab2bf187de,True,0.4768810397137966
S1,226,L32,9591511851356686546,7f9c172bf3e5892864749259b0729c665a23b9285ed9070ec65ac932b7f453a0,True,0.41986459150544175
S1,227,L12,15015629904597119930,fdde03fae15081242eccca2e4148a2146b58311fe24017091ad7b4131270c528,True,0.3922385067714066
S1,227,L21,6281021521355442119,619b5708cb3b9cf0884a64a04bd5ca5f38bd98978a217f9f166e0ef215f7eba1,True,0.4681424715445674
S1,227,L13,12330296649452394797,5cdecec1e5001497a432f06d3042077d3ed2bc5d5f52d774ffba176a8de901ea,True,0.4049977630772103
S1,227,L31,4166173853092746751,b94019aa2c2597c5f76577abc3227aa24831e695835c7693a0d4691a1702854e,True,0.4451488316745466
S1,227,L23,18188281326607414052,78f380caa025778032bfa477e4484c84685810d131646bc41298d6237ab66212,True,0.4810595986225692
S1,227,L32,6807708194659785605,91f9e35b18ec5fc828f2492cdaa77505ebeb98ae82953764ff475fca959c0a65,True,0.42365137303503986
S1,228,L12,12096184598268983632,283dc3e43231b693b860b679379d6e2881a78df27ff6eada4b184b7e8f6cd4c2,True,0.3917209242257625
S1,228,L21,4353916565411049613,71666267c6cb7398206be83694c61cf956284258a42168aeb682df63b6949434,True,0.4689390845351588
S1,228,L13,12149486681535339028,7396d6860fec1707b6c2aa2b0bce386c0586227d24b30e9dc4be266ca321d4e2,True,0.40926092086881233
S1,228,L31,13282327267962489471,34f5bb1c96a8e3b7beea7cfee10ca46dfac305ff417eddf1c707d60aff2c7242,True,0.44254079999488044
S1,228,L23,6329907224546763101,c52d34383f0d4899f68614f886f9ad20a6bbffd794d234aa000b81255c9591b6,True,0.48653836087910396
S1,228,L32,17325920562646871028,7cc9f6370ecf4ce31ffa1fe2d18d3644b8a993811c0729dc7eddce76f8e3b15f,True,0.41825789150623494
S1,229,L12,4321622917486910149,9dfa5d99a8b6550491bb805ffb2924ba3957aa47e3ec10ef7242fcb5586d4eda,True,0.39025955052092026
S1,229,L21,10246334030904245224,e9a21bb70d13fab759654785b64c05bd3d8e15b53c42f38ba3237d7a91fe15a7,True,0.47747475491630187
S1,229,L13,13039945191534241461,591a9df4753c46479c918d33fb3fe984fe3837e255df30647b08060b2120ae42,True,0.40460575770073753
S1,229,L31,3761190661168872848,425a4d09a3a9de498d1e047f58214f72715f027debd9eb06c0fb3486eccff59d,True,0.43756819242677436
S1,229,L23,12739974162046959428,94d88864058041f39ecfc2651f2d402d5ed1cda8f2d91807413e4dae56347293,True,0.4753713277272414
S1,229,L32,2445457497317980123,14f88da8ddecdb37a7e67bb088b96e914e56b6805403ead049dbe0bbbd82b80f,True,0.42406680837780575
S1,230,L12,8878646498493074043,92fb595203b487f71cb42f62c367a09a7a7304289711c2b7ecd00a46d60b299d,True,0.3929864278486185
S1,230,L21,12617324242997178608,a2618754d2179879d2a5c97e360810230e7251338fd4a418f2734d7cf99f485c,True,0.4701936260198037
S1,230,L13,1471303664345550720,f4ddab96efb417b2ad7f511ddb94d1b5fb57d1e2249af4ae64106302254e826a,True,0.4060611987860345
S1,230,L31,7336334267283862156,a3004bcecf7d61b2cb8856b92851cb10a25e8418805dacb804872c3be10e3d08,True,0.4366798164564361
S1,230,L23,17323143954861551567,df819f6e69a79b644b7b46137fda07b1a10c9f14ecc3cad845bfc28d4b2e405f,True,0.4775306282694736
S1,230,L32,10316985856628200695,fccaa344f45a57a389ed1ccdf216de4a383d8a0f72ccb2312e87e8a3b5be8f3f,True,0.4243620217107249
S1,231,L12,9973225696474414527,75843e14ab1d923052f9a0cf0eac542f8ca8d250635059e0b1b91bd944bf5201,True,0.3899147718652223
S1,231,L21,4676539316501842898,bcc5a8fd6697bcf38db12252db7f2ec6c632ae6f87f75ad5a075f77a7742f195,True,0.46625587340657065
S1,231,L13,1911529829968095635,62024ce3b87274b3d57b930ff5d319d8548d792776df5f4798c4d92a16e97c08,True,0.40646650118676175
S1,231,L31,18311827261693528781,f4c504995a21bcfec8ba3b4cea13e3f01a6eaa25ff103e5bddd43955e54cdb47,True,0.43415330239087513
S1,231,L23,12184998259632598874,74e65ab11b57c39185396f040df2d5b7fecb577e78f581ff8bb72899b1359dad,True,0.4746657434781618
S1,231,L32,14464366042368327945,b8d0d5bc4215f8e4d11b7b8607a52e7aa2618df84ac6e981f1cb4ba8ce12aaf0,True,0.42484821622387964
S1,232,L12,9865527598178016630,ea32e898a341f0ee467ee1400a8334aad764e4fe7166f68a592ed28a56a1bc97,True,0.3922548049396367
S1,232,L21,17377357764283964124,6666de46d753d748568d49103053082814e24c917ac5f0ad6874ca198b34057f,True,0.4670089455098015
S1,232,L13,11529148403187014541,1185f73768b50d4d97a674df7a982d9a2b040ffe2efb34b2c812d6c4931af6e4,True,0.4192834670679313
S1,232,L31,1454983698623309741,b9b72335744b6c8757eb6dca384bd608b09ab7f184fc5eae3c08eaa78a315283,True,0.4409454905062705
S1,232,L23,3039888685146490375,2cb9bf1762f5e6312452664c7249f9f3dfbf33bdd39ee3f18f261a2d25670f12,True,0.4759605551573997
S1,232,L32,2328898960355232890,2cbff0be1889e9c6d7cb6c1f73939524650dc11513a633b1fa645e94a9c8b896,True,0.42282299334830603
S1,233,L12,4296815832404933255,36f15b373d079c3f19b359a658a68d21d6c995a4fa0bda3159858da9bce86de8,True,0.39212521873857853
S1,233,L21,14326981367363078628,2bd32df44dbeb50a22a3aa2a3f47296110294789ec69c462a4de7e1b95b7e643,True,0.4753453822615541
S1,233,L13,17250455591655595384,afe79a3b16af0d693f91627a4fca68ed2386e8e3559097d98f9a109c599f885c,True,0.40561080541410593
S1,233,L31,1021954973147905492,75b402b3e6b86f9c423b14b49167ac89972c96d34e4c649e3498683bcba6a16c,True,0.43912751121568794
S1,233,L23,14629045134309525865,102a9889cfd35b170a4d1e56c4bc685a40c2b5b33eded8768923181dc8d0635b,True,0.47654826499484476
S1,233,L32,7045113539955286166,79f47b3c4f0175dcdbfc38575da47a099a929a58b581f08c44a8168fe4f3f47c,True,0.41818517725959714
S1,234,L12,9986418358807152092,78761cb2d99a22ad05abfbe03921eedf26bdc92ee05a4d42ae1e3c615781686c,True,0.3954539678608458
S1,234,L21,15786823870014392227,2a043af0c722e409833f50292766ff4435efe8fb7ae740886c1636b121652203,True,0.4732135843329367
S1,234,L13,4452832368988544219,6053658e8be15a02445fc86dabe1dc85865b77e384d40144d39887b559aff297,True,0.4066580838800703
S1,234,L31,14187037720161154957,3501ba70c6fff51844a4d4f8cd8dec2e189aa4587927d13980c493a62098e531,True,0.4478842015896455
S1,234,L23,6717324275009819686,a1abec45f228c0ccd0708d46d9b27e6986056b9e8ced0f35f5c7ec00efdc424e,True,0.4816196742970399
S1,234,L32,14144911919673258030,565c6a0fd0e2ef00e2e1ef2b0b11424e858f6ab08c48aeb6050de59269cc8945,True,0.4254350317570997
S1,235,L12,14421991594830713505,f1c333c36d66f70245f1446e11ae0aea941a83b7d0854b43aaceaf8ecf593350,True,0.39425192019604305
S1,235,L21,11567000630782296536,5a602491ecdcf5c95709e391630c6b5c99d76424cc22167b5678b54cc329e27a,True,0.47121494960065274
S1,235,L13,6102469913047471128,758b16bdf8932800d4107478236adfff85b1cf51ccbe9dfca715c38c4b3fb8df,True,0.4125078637360183
S1,235,L31,12857080517861474529,5cded77deabcbacc03253a0f334d1d085d6eb3f436243193e92432522612bd31,True,0.4466708988972449
S1,235,L23,9695402722320276424,f475cc153bac49b54a57e71c51cefbeb69a7ff755422376b5d46413c805cc5f3,True,0.46844928642294553
S1,235,L32,480863558396239393,5117d9563cc1a572d63eb4521cf805f4f81faddd9b435abfac4bb79a0a8d6e40,True,0.4245934850327198
S1,236,L12,17343233597209070753,4823b1ff1c85294e33a3c20917ccf7f49bb6f8b3986b5b9fb005afddca4ffe79,True,0.39536575328175155
S1,236,L21,8325880402491451892,8756df92f28b2261b2ce369c3d7aac4c3933e2d691ece47a41a42e3c4b4c6294,True,0.4759612747781237
S1,236,L13,3239190816585415234,dee9892c7549bb0e4a1bb72056e9bb2c0c441ad595e889d161bed4b53dcc3628,True,0.4162117739889501
S1,236,L31,4586693709118134263,4787284b16fb1de7be51fb561c460582a191ba876d782d4b05c4c44db62c92df,True,0.4440357923328756
S1,236,L23,545493175689500868,ef71366f6f979fa633c5497f1cc7d078986514cc52fbde585687cfb7297b86f9,True,0.4731338960707434
S1,236,L32,1872937424832868005,bc06862ca6090f3b2fb11cf860c419e4db0a59c7e6869b2429ddf8da1e7338a4,True,0.4247823572706666
S1,237,L12,11413046515228442379,858d9c0e9588fb408ed57a4b10f756df7b788bce7f4e0a02e7e56308e622997b,True,0.3901092985937036
S1,237,L21,17290387264255107800,dd974c076009f9e6c785dca0506be664c36a991e4424cb594b34361641e0080d,True,0.46812410693398065
S1,237,L13,3012444072393738581,d2cb52be4f1c4b7551b4339eea8bd00400517ad49201bbb335099be65e2456a8,True,0.4092490659495028
S1,237,L31,6113849654134876845,b34760b3c72523d725d28f77ed163bf8b876609633a61b2296914c58aeec0889,True,0.44206967424483146
S1,237,L23,14082213830989614594,4977a61f724fd7093aa756240131ca8c9992e15b32816b9d943a75755f8d7155,True,0.47776187977229023
S1,237,L32,14945367446566425278,8d47fbe96e20bf86edf0f63dd2e92f079844fdf939ba4e8fbdbf87ac7f4f8fe3,True,0.42386429634500133
S1,238,L12,9220662192524130160,71ce8879cbe24d42475f6ceee9d931b04ab26395b81f0aece59731a686a1b9df,True,0.38776054540081684
S1,238,L21,13655691144677847691,513c5d47d98774436734920b31caf3bebfb848416d2a9fd3414b2c8be84d4a3d,True,0.47189499120541867
S1,238,L13,14990280256597452863,3a63aced111aaf88cbc93922a95a4bac920536006ec4692f2c99489d38ddbbe6,True,0.40237447517207225
S1,238,L31,14995372967373631034,e4a049ab7523a941b078583d0977d39d6b0a56cce9392b4438571a75a5f22c5c,True,0.43694521147779025
S1,238,L23,204414159500715122,6f570c5a64f3cd48ae9ebf4fe1292484ea2502b14f1374f8a2ec686376fa0937,True,0.485717421581265
S1,238,L32,430155410314970781,d4c7849e95ebaa7e15ef8152e83e124086679e2d55fce02cb11fa902b06f853a,True,0.42211714832208236
S1,239,L12,677344044932856412,bb845189e9f131801be6f01e83c23ecf98f53044d3c6ee7ce86b71573b7a5157,True,0.39304862951637476
S1,239,L21,8121908105937606030,f0560b36b4ecb87894c7733d883c39dc792f0a14c95af7662a9317139b0060b4,True,0.47030907055964266
S1,239,L13,2287913859430337808,32dfdfaee8be8ebcfc949a8862a47127e5bb850dd9e7eaffef3eca9422290826,True,0.4117841924128435
S1,239,L31,5344702602018564936,f78086e25cee3af420bc2d6c3603270bc8f5376457dc83690f62a5ed398e0896,True,0.43737711457290973
S1,239,L23,9820081332830485063,0f1f5e28e8c40ee012ad6660c83c2897cf889d32f83210ec224d38b40cea5088,True,0.4845640676690578
S1,239,L32,7597477228609041100,7a0b51c3a0450ef5ce34c49301ef03fff6725ce62324ea178663bd1918a0bf70,True,0.4245742549127957
S1,240,L12,9422831561414265605,bc05d191b64efd3a4d11255912f09f31f18c7525d476e3ebd5a49b3390495d99,True,0.391560964517206
S1,240,L21,3049556379505198089,ed1e125ee1630149d3558f4b90889435be1365481b45746bb40716d03c7423c4,True,0.4706024098844418
S1,240,L13,12528591611972091303,94a62742f0f8cff7bbba709589757c5c64aa265db8ce9ce9626e35cccecf7d89,True,0.4053200055438428
S1,240,L31,5567046986959395564,28486371380b35ecf69ef226baef0d5011738e559e025535eb1d57c6b1f84744,True,0.44468493279807153
S1,240,L23,7338747832459161274,1940b298dc24f4b128a3460ccac542fa05ac781bcc6258fa2a366a524620b322,True,0.4840655058472802
S1,240,L32,15281436067779670650,56c2929ff686f2681d1ebc50424a3e8648ce1b5cbd9e0d38329bd8624a0a283b,True,0.41983929814747584
S1,241,L12,3389986787846508086,a66e0e22daae90090fb31a4e3438e66e54a8a15c75a1e077567958154c96845d,True,0.39562670063200245
S1,241,L21,9746948319336731005,f6a0bf71a931279bc8b02665a6625aef84344e61e3861d8b9a3379b44f337b6a,True,0.4745955572092118
S1,241,L13,8944548934755623700,37a538992f5423566f699cd5a8d87f56103a5dc6d9f5600b3dbd20ae654fa24d,True,0.40506403566363425
S1,241,L31,15374754402089799005,2c8458c4cec6ca35997629cd31b61291e624271a836235e69145e4a0e8388e0e,True,0.4445742862937417
S1,241,L23,10499802706413304695,f42a75f515d0c8e3ebdf40d0808383c5fb996cf8b2cbe026425c99a671082130,True,0.4763068245158766
S1,241,L32,13133222023032347826,70b773b251d72c4d15fd5820b8982f96e3be1160d73cb0013ffcadd83479e269,True,0.42307608926990264
S1,242,L12,4888202276831768113,2b64b0d526fdb79539ffec2302aa3890f4255d6f1bbfa93b3b0638cdf28d0c5f,True,0.39383566927601144
S1,242,L21,12687275788591268364,21ddb895a3927adf790eaeb4655096d1eb87e8e51c0d3376c6b5cfda1ff84dd2,True,0.47489054982364043
S1,242,L13,11942242692006863971,5282535a4c08b4d1e1326709cfbd24d7ec80b1d7a66d11f8e6809d521ef7130b,True,0.40920764205509225
S1,242,L31,380525369189257292,6de27e081fb87ff5bd32c4d6ce341351471dc9d9160bfaee2dd5390e0077ac01,True,0.4406270447911733
S1,242,L23,516922721953159817,96782582d13e17b5618770f3d00055d8a5b6c197e0eee3675f37c3f51d21ce78,True,0.48155341047600037
S1,242,L32,16304840931472463004,7eba6c5c7e06a95f17437ea61a41890c1091a0b90f71b7bf16e6804c82e16eee,True,0.4241798601313753
S1,243,L12,4855259311559721518,901752ea1df7e9444d2982d04512c364e19d565404e113330c21c7262eebcf05,True,0.386768229210535
S1,243,L21,1900465625022168394,4b2694cc80a117d8d2abc4b7b2d75a8b49245b8b0f68077e1aff8ffb74dd791e,True,0.4705172710767143
S1,243,L13,16659702963391252041,4695419f957457d87754b1e4fbb2e5e438a6cf84b995f44155ff2df84db28869,True,0.4092698815801704
S1,243,L31,6868741161964505278,f867871ae642dfe95e446a234a265c3382245f4094361009b8d594e0f730dfa5,True,0.44279947495130284
S1,243,L23,6093566047131952227,1fbcc63d19c707c56d805c228a48844ec260787fcea2673da417b17aae5b59ba,True,0.47919994322689075
S1,243,L32,3386180985649570354,1303d79949c072bf9b83bb92128ae052e61edeaad49c8f4360c7fa0ddff4f257,True,0.4263957895275027
S1,244,L12,9762894246206499893,54cbe9a1ccf95f3badac838f8baaf5a2ffb4375af72fb17758d9e97718c1d9d3,True,0.3870344499922723
S1,244,L21,12803796855772435686,778eedc9fc71fa5fa34f3c90e43be4e329e7d8f7768167d8559002aad6813c8a,True,0.46764155764262194
S1,244,L13,3626444828298670197,ae65816a03de173e900c255fb4defc31e4a585137599efc7933ca5e35c46a571,True,0.41436138577885956
S1,244,L31,15742821796235810071,2453ca064e421ade4bc812db4d651492cedfbb210faca1dbbd9ec19fa61f5214,True,0.44183473139597873
S1,244,L23,12373800695132020537,afcfa8d7dae814ced83fdcb3990a944bd14dff848ed23d32fdd4a97614929076,True,0.4732333345431496
S1,244,L32,5722091682782207298,409a4ca0554a755423ed8f9b60509a2e68fbfe833fec25bc2cdf8a5340a7c5c2,True,0.42818765092488853
S1,245,L12,6892097358433153881,4344bd71c9ec913a5f9145a59b3f3c091034d0f7311ee3f0210f3a38744f8078,True,0.3963278017098715
S1,245,L21,15926071799196841749,c68109455eb3c8d37005a7e86190c1c89ba167a3a7e22d484a7b7b87e2e2fd73,True,0.47058941408656907
S1,245,L13,17212059432373758050,9dacb964773a3c3c3be7aa5f8e37385c4b48863ce406f49dc3358df210d93a81,True,0.41155455344985187
S1,245,L31,3490691399107859933,e76856628e9e0fe1a8fa6b24c1a65d749bf3d044a59cbbc4215a7a9267a2c488,True,0.44293963745425213
S1,245,L23,12911486863125791761,583474a213325f731f9fb68f9acac11d13c0a194dfc4cd2d2f5d270584053dc3,True,0.477626824273608
S1,245,L32,9208581199066096956,b893c5c5f83e75058946fe86b50ea5614bd5ac90d0e937170c920b99ec6d8797,True,0.424545813952507
S1,246,L12,13318854931295204910,fc4fd52acd28db25dfba11c4b1c004fd6450b91b89cff328d4b54b1d55b8fed4,True,0.39480201267585563
S1,246,L21,4684583804198618804,8289513e0972104e67bc72c4ae14242c6d83d2ff0a55fc44d5eea52e67f50c66,True,0.4734333288878032
S1,246,L13,8635992268336391942,137697e6e3fe2324eae7c0c7b610e1219d6edf07734c7d112f29f67329229d08,True,0.40961267899516984
S1,246,L31,15640849616865446007,51c2a883d5342301fecb3d6ba0588f125695a6b26e7c146839346f5c5942fb8e,True,0.4367174859389035
S1,246,L23,12598982801997576830,8d53fd0590b7bc614591c5758aed5ff84d40d15df2f5435a6740b731f7a55b48,True,0.48575514623063665
S1,246,L32,2655905131741377069,7a499ff3bbe70f1e86d216156b77590d0c6f01a3d101b2fe4662b9e8cc6d7c5b,True,0.42407587098191035
S1,247,L12,2521726576037224143,e9a5601d331e6f8d83579372370372ea1b95cf21a3a49280266356bd3d237811,True,0.3888290525268864
S1,247,L21,125033384921397444,5f220a38b19dff7c5e384801cd196a52a70de7ad5e0aad9f490b4b105f340312,True,0.47318034956725075
S1,247,L13,908142884658929373,f8fc6be6362c843c99bde86b68d940a7e7dceaf4a5960f780109b186391b2979,True,0.41567951670914693
S1,247,L31,3852328429834284005,f0d2390c0df939a535712214aec8cd2175a9ee8c6e2a16209f858c206e4a2934,True,0.44068415229009344
S1,247,L23,11893992593243566555,3726bb993365969eac2ee5c91ca04fb8bd6ef2b5b1a05425c6862ed6934e8d96,True,0.4834792086011421
S1,247,L32,17780508394091437695,7544d0608c1edfc77f71f367058afe4964cb66948b225997d6fa9a60757cc2ce,True,0.42649959086341277
S1,248,L12,7213973650568135257,b471697bbac7db819cbfa22f0fc528d8c5540beeba8ea62dc381ed6341257cdf,True,0.3904356019312264
S1,248,L21,13265282220412707190,c07b6ea152c0c1eaec1d523fec12f02df539fb8dc59076be4c1b17601dcccc8f,True,0.4730865637615728
S1,248,L13,5636298441099465083,665ce8eeedd296ae68122215c8b0a214c75932abcfd16dc2feccb2720c8fa29c,True,0.40510230381357387
S1,248,L31,1829785083866202769,344f208e7b16b5af0bdf77cb30ed31f80dd4d7ca5cbe82c64002dd67b3084b40,True,0.4376634093427955
S1,248,L23,2140707544017166286,8d48f6aa2331afb2ccbbe851d6438e68aa3c30ceea316bf9b1d340bdc66cfd09,True,0.4740527825082665
S1,248,L32,16261290935112009657,16ce23caec61feb960ec6c36bec531d5759cb3a8736e7f353ca04b570625a56a,True,0.42365137303503986
S1,249,L12,4833506545041713625,770cbf8fb864fd68d0189051d411fea5638c5a72f22bf978f5d2f1a1730981a8,True,0.3907924950777024
S1,249,L21,8299147331361003675,6841a4f80516c70b60c91a4300402a6c9cdefc51554220909cba26944407937c,True,0.4760102974680526
S1,249,L13,10995366765699775509,1d86421818b401093299558a49a3b8dda7c5ec63c90ed45df48ec116c3fdbae8,True,0.413338826851123
S1,249,L31,16258964831551511565,32b5ae37393b6e3a6be5a987354e5ca18c7ee1aad916db39764df1f55e61b81d,True,0.4428834915341281
S1,249,L23,7983193361571073813,c3a21e7f36865722fa0d2e9eac73c612a3444c2dcdddeebffe2efa319812d35f,True,0.4816196742970399
S1,249,L32,392304790606766367,c26a0c9b2da2635245f298690096230fc9a090661bd25b5dff2482e7451b879d,True,0.425045453688837
S1,250,L12,12980053942771296044,7af2af61dd12fa18c269584bf50456aa50d10b161a1a9cd02d277a71f9064faf,True,0.39544012168807474
S1,250,L21,3076558036722607367,fef2faee6f55972e4ade2f448331dec1136115daa47f3f34a999b630966dad01,True,0.4756311053153864
S1,250,L13,17794903766857848245,9bf0f1b07e18cc631cafdd2e37ab977fd2fbdabf9952af0f1595a2678fb5667a,True,0.4063655924270756
S1,250,L31,8484357661941612577,14e16d0dcf9ed2a9bd58d642c3d53a846ec554ed516cc99f91218d502f64892b,True,0.44416319293309925
S1,250,L23,4870987227863744983,8935a2f815ed3e9de8287868ff4111a5b6a354033525941ec827184038b6f937,True,0.4744993740438222
S1,250,L32,4736731731988602449,c6c2c582065b6a1321700997f6ff6e2cab781c241b39c05880f8804fc33b90fa,True,0.42444496764678974
S1,251,L12,8248939687934724063,68f0f2eaaf1c93da1112fe5e5fb204c5cd4c09be3bfb5ba5faeda5b0f5244166,True,0.3894474200616539
S1,251,L21,10916266052403212590,faf4d8b46e8499d7572fdb9e326a142cc599e17408f4fd4f38b5b1875d11c4c8,True,0.47291682538777624
S1,251,L13,4146843554238596209,73b850286fcd3bbf92b2cc6c906c80f18726aa1a5737c0305575bf1e0622e4e5,True,0.41185326324983673
S1,251,L31,17122215306505957458,ad6ff53baad5a615536633a6a0bd4f35d52d22ee73459889753d0d6a5fa14ef1,True,0.43856396349568605
S1,251,L23,14275886433372610879,760ba23051e22d2530dabacd4bf4acefb00b71852b47d7c6a832c0f5c295b191,True,0.48112105222396234
S1,251,L32,16346873303889374087,bbd02a7af4870188599a8b8b77a5cc9b4d96cb41c8ea9d8053aef4a156e101cd,True,0.42027461738423266
S1,252,L12,6570333315239850634,6576fea9866d4d9e0bf3f1a5ca26c08368fcd704e2e97e025cbbeb483db8ad61,True,0.38880616533928847
S1,252,L21,2840143361248309437,5b0a310a46b37ddded0d3fdaf33a5b68bda8e315e0c655b2bdb5939cd245ef98,True,0.4776847208524585
S1,252,L13,5653452096501075828,52f2b6d002655022e35a3c2bb17444112e363fd2dd36e7b8fcd0c466043bc4d3,True,0.40180217075189834
S1,252,L31,11399331142948297391,985589e9a21502d1c0d6765a3683b9a2e95ce919ea9e90c78b90595e8a84c664,True,0.4449906319313006
S1,252,L23,16090443107218433519,27c69165ef4ff978669c8c6613983acc1b41ff3ec2ebbe614787d8dca5e321ff,True,0.47129689223367516
S1,252,L32,15904066860481214107,cddc7f197ff422ccf35af1338478848f653156926846c87cc0907479818fc92d,True,0.4257964818398788
S1,253,L12,3437729171301262657,3591712e2064ce32bf2e6be799c15d998410ec4ab1f71b1d89f71580a0c544f4,True,0.392576059483131
S1,253,L21,15643287114230093849,a19c78a1d7974c37c211400e214b0ff27608439248b1f9df2ede60ba4c83e5c7,True,0.47140151472248365
S1,253,L13,11915705867136444894,98f9e01954ca0eab0603aedf8d3e0d57fd01d9ffd603a151b1a59ae96212906e,True,0.4084767030826487
S1,253,L31,2071857101556279294,cfa8000c39258ca05f4dd51e8fc96ee54f521472e9143d8fe800d9316921755d,True,0.4463351478293408
S1,253,L23,15253321811624556531,02c9f2723c3a8b5f5ceb99222f7f500fa800fdf1599b008fdfb878319ee6b76b,True,0.47986196049956376
S1,253,L32,10771161772035059259,23fe83068f17efed3b674caa058697e6353d7d0c7f2a7f576c0ddeb7cec3efa7,True,0.4295598474536759
S1,254,L12,12219623785486136827,9640d2fb1f00c24e87572be7a8d4ad04fb0e437ec845403cb265639ed9cde676,True,0.39449694943636854
S1,254,L21,360942058298848908,f250abd7cf6e4958a4b11c8550fec51e3d0dba529715a481f1f8dfddbc71c629,True,0.46766402680109825
S1,254,L13,13351374685322046345,dbe95c19446df43bca8f7fe15d46790f410921f854059260fded0b0caa4f38ba,True,0.40728348114403745
S1,254,L31,6313012704666432702,51ca263d0a1d86cb20d46fcb7ea7a0089d625d2e9690d27de92968aa8a65ddac,True,0.4374204439130289
S1,254,L23,1775783880611779593,381f636fc44a98b7856b0862c959d3bc1e48dedd0802a2306cbb16f328f0f26a,True,0.47187515426561627
S1,254,L32,15288483057229146792,990137037619bc34a64408f46c69f14df7c826e552b5f845cc4902203594da6a,True,0.4241548337899482
S1,255,L12,1555655147913329476,db454d7f9ec5cb4d3e31cd212b6c996d5c9e0d86e9baa9df84c417a0f5670e8d,True,0.391763713691189
S1,255,L21,16302623117205537841,e88ee4aa80a5ec0501a7120c59cd067ae6bad3cbf64eec34d6707e99bd5733b3,True,0.47058783969051826
S1,255,L13,2626920639162329368,11101745e216a048c4475c620b53083aeff8c55e667d995242144e68a16e2ff0,True,0.4037460878909371
S1,255,L31,17675898162619651919,cc7c4b535980630889a5a6c9d0c2e22288da19e84478ce3bfada07f7703a037e,True,0.4373634842074857
S1,255,L23,12939324943677281510,35d4a1de4c1181f4ace9e3166e179d0637e41a3d1230e27a3b17b23a592f2209,True,0.4724827996181883
S1,255,L32,3285283745425887530,0f1de9d4c336222a8042d74a56774644f06640e0aa320c5ed8a6c95b76180ced,True,0.4257292918516091
S1,256,L12,16175152321107789262,70acfd2bbc0c19d3938c882f5636ea79c66e3e4d258c8b0bf53cc8c815108254,True,0.3939998674106465
S1,256,L21,9890716516818290285,6cf9cebf6ce7202198bb458444d697c7887ec4642a9d55041b5edd961ccedfc5,True,0.46503280514707285
S1,256,L13,17200131329024076700,7336b6e0926d8179095cf51944173bfb33b217618b5b981e80560428e6b31952,True,0.41143035248693755
S1,256,L31,14837322583199620040,e1b8fd111740275d241c0cd1dfbd94db152050c489c8ccfe905dc28a30e89830,True,0.4367360565319139
S1,256,L23,4276836989708653850,2936dc89942e8d7f3146778da2bce5a459dc6df3e79284543657b02fe1ad50eb,True,0.4700445440329951
S1,256,L32,4187107385136870060,10e2a049a0ee0341c4ea7b952b39e8ff2d2dd49b690828def4dfa11bf7997525,True,0.42560579129452264
S1,257,L12,15294131199993394742,c0cc2ef559a00f39b733c9c95de13615244e1f0f4a48878097957081f25f3b79,True,0.3879367366014758
S1,257,L21,4907892323187150618,e302a3f65bd4ad95183212ab5ecb3cd533cf531383792c693e73aa5c8c46a438,True,0.4684378241894261
S1,257,L13,4523450078515558879,da998bd3dab3f4447d52e22e99c7facee68f2c2dba725a92dc1335ae72767dfa,True,0.409789817265509
S1,257,L31,13420963117179966881,7a7be1f93f870eb17cca201e492e10db3d6478ab4128d6ad851b7fe049d80f8e,True,0.4419641308265675
S1,257,L23,10384697505084176796,68466a820000bd34cb6438133b1435a7aa331515aef100853d5f29335cf2dee9,True,0.47605763013262675
S1,257,L32,14982129684462341797,8d9a280d87de8e86d0590eca314b9d7ff057efbe521c3a0e5595fe6f9e25bc10,True,0.42426366877470145
S1,258,L12,8947507809130240544,469fcda002df7d8b350c24e4cda328c2e980bf2db894375109cd3a7873131dcf,True,0.3903444540864531
S1,258,L21,14465873758561908165,2bd53a01c2aa864e648cc5db1fe9764de526f2d3b3779cd609a1ed7e3d2ccd51,True,0.47139203203187774
S1,258,L13,11575279834461753418,c7b7d2b7de837d6e7d3af5c08384b6e76f1ecbdfa4ee6f2538d5ad133854a2f0,True,0.4115100989213139
S1,258,L31,4650724797968998997,d912bc553ed11e4ce3b16a37595c87b30ad6a73121c84fe41ee92da80f5f34d4,True,0.4464828742872532
S1,258,L23,8758935510788696561,917e8d23850f3fb0dca133a781f143ac9bdb1e537d8a6369b5be9fe4b7b9449b,True,0.4801401510327303
S1,258,L32,8041556175777232411,29292ca808fd90fb48ef4a8f3375730839e296bbe4d1b969c9855abcc0d96f74,True,0.42263147482537344
S1,259,L12,8919411345506747155,8a241f1bc9befe9770cef38791d3e6b8f61736106b695b43eaf6f2446d3c343c,True,0.3948189616684038
S1,259,L21,2691464437181469890,0c1872aef7effaadba28c5e0f296e086bafa0792a85aa07123ced83e74e274da,True,0.47171238714876124
S1,259,L13,13397760963853896123,2e155964923094b979747bad7d2993a554f9d282ed680b55e5a3a913b671bb81,True,0.41208238347324605
S1,259,L31,13143014265359629730,fab2602b5605de9d9cb56ffa27e2014fabea99a32f521daac2539d03a11e0f5b,True,0.4414173480854974
S1,259,L23,8682068797772623417,3f3848499cd2e34ad348b6d9e8d78947a13b64d22652805a24a621750dd2d8d4,True,0.47285415281570675
S1,259,L32,16066906688868809899,6b2fb2470cce9894e587cfdeb8a7bbf10043bbdab083d506252c9c37d0ac5444,True,0.4251193081544882
S1,260,L12,6560168691692533164,78c168a5ae1030d78ddf7f0879eb6d9fd65a0410face347953206b213a9bf5d3,True,0.392002927743829
S1,260,L21,2343990830201020557,bde811f0ab428bbfb7e67db97b97bf5131f27778f32565fbb78ade4080c93c19,True,0.46929521487096376
S1,260,L13,12868768962654265207,76c2367e6c80999bcfea7fe18b294929e9ed572c11b4acea4518ba2d7eb3ab12,True,0.41025925524057283
S1,260,L31,1883033791314156983,df0647f30a7661385555f1b1410be3bb9c86f9d9e0f04933424701e1c06a92f0,True,0.4349261080911934
S1,260,L23,9203953822359287084,ef4c17edd59de6b8203d1cf7cb58136f94a8999a0ffbea40551b5f5574f094bd,True,0.4800440246109643
S1,260,L32,10361875050715873262,4b0bcd7b5c98b947b2b4e2ee48d6b08f680567f77b432ccf35b72ff047ac32c7,True,0.4214963953834062
S1,261,L12,5469200282107800257,4ea838cd7bbc6dab25fda2a7d8babb6b6eb76e313743ffe3857c82c997255b02,True,0.3928778308873355
S1,261,L21,5987411182954313439,ef2ec8bee9fca6c9b9f2f7b5f2bb2a9202105da5da4fcba18346c9cde5db6a81,True,0.46952383202144365
S1,261,L13,4014366230643809221,8439f7c0df9af5d67b3e7b378ef565df9f5bc35bbe9bcaf476ae077569b879a3,True,0.4073856298273272
S1,261,L31,11564860712636141697,1c7da14f90d2c3d8f1447784b04c80aec5ae9f79480cfe72991e9e6822003843,True,0.43925365018156903
S1,261,L23,5813510943262552911,7e138232c5c123604de27b0a9183330b43f6ce2100a94c25c3244d930ee02a98,True,0.473473418086087
S1,261,L32,7190119827179350692,e5621e9f5952d0be9fb43dc90c5ec54eb308d84762030fafb92597621385b85a,True,0.4275059597134704
S1,262,L12,8915573222408607905,fa9fd7f104579154d7b2766001a9c3e1fd9a6269ec9b30cda810c6249166edf8,True,0.39102820049882236
S1,262,L21,18034968445174251092,ed63b5620b41dae890db8144cd9e0f6de13cf8179cd6fceae42cb11c7fd5aafb,True,0.46956488489700865
S1,262,L13,14966460146186022476,776e829500fb8d8e2faf5ff0c5b1b02373515cbcdb1f27203e0f7611145ec982,True,0.4155538953532799
S1,262,L31,8728800815549945037,7c07c5dc2acf1f15fd4b897c3357e15f148ccbe5c42a436ee9ed7c5d7c5d0809,True,0.44002458038247616
S1,262,L23,18204348689512284386,b31961fe79f648ca3619c3f935b53f8dca728e7f9017d1061a94279cd216c00a,True,0.4729261645001935
S1,262,L32,17275584306942454903,0283516abb88b25627a1e078b2903f1b477be1034343dfc3fbd33f3e538685db,True,0.42848996672002077
S1,263,L12,15276221002305945224,d92841b11a8513187a7d02581d40f65b181236fc1d65a376223a229962d5eb4b,True,0.39235588931187326
S1,263,L21,8421307767008458350,5d2024ca3637852e366988d209efef56368246069c563701fbb516f103dce362,True,0.47460495349809984
S1,263,L13,6129907900802518954,2b31bb4e29986788ea89b0a346d2022d1ae069edb38731fcd3a5a0ae1eef0aca,True,0.4119486459180287
S1,263,L31,4322738253069944766,e17898b4758aaee851aff4459093ac680a069f1cffbeb4fa9e9e943178eeefbb,True,0.4427745926578623
S1,263,L23,16750004209359369707,67548143b76d653f510dd1f393b8f3d6f6264fc08e2903f524ecd037bc3e8186,True,0.4733049316484904
S1,263,L32,2133874608000745584,de12029fc80897e42bdab7ff0f06cdc3b1be14ad1de8172c2c2fddc1bb1aa257,True,0.41948862545941684
S1,264,L12,4468073026492922838,7ea4be688083f20b3d94dca70dacdd2d73b8f0e1b6c4576c8a0c9fc4f6a6315b,True,0.39034517915418726
S1,264,L21,171223864777812113,2d7d900cc9eae93b8afb605c685cd18181703a99d74d528f12bd59bf7217b19c,True,0.4733230489126891
S1,264,L13,16289801094170180249,62f4a8b69bf04cd614fcd0865bd56fff35fcf24490f93d910e015cc5f4f8f190,True,0.4120919082889908
S1,264,L31,6420467652688554740,9611361c0cbf249dd88d1e6e2720c3d4f64df0853147adeee362a9e4cae1746d,True,0.44471300088304616
S1,264,L23,8320357512727718166,cd076423a079821e1158c8aa1c20a6339ebed27c07ffb6f8b38f69227bf0f95a,True,0.4725259874735774
S1,264,L32,3318989734340537196,71e39c3f330ea19c439915164d9dd888654a66e43f1639246881e277c60e7334,True,0.422376770954242
S1,265,L12,1599554239417613082,9d476d2209699421303c1a2a3d208549ef5ae751dbc9e833e10fc240e4409dc6,True,0.3935309944194307
S1,265,L21,16276879301683862497,9774153772db23bec0f7a63fb13d40f9eb302d0fd0fc6742f8838c51544d3425,True,0.4736729066446119
S1,265,L13,2918292038233594928,5ee59739a1a83b6a080bbd0af06c7c44ecdb559c7de512e572d9bfe2c174f991,True,0.419122502256884
S1,265,L31,180060826948230976,3b3f8dbb34bdbdd099e3a50efea5c162ed1fb4959ebfa8bc6bd0e8c25beea70d,True,0.4474933550283626
S1,265,L23,17872351539890137170,2dfc86a4f764fc26af95e7b1bc02138b1b14e8aefdce112a6bedbab8eb49e11b,True,0.47885980129834305
S1,265,L32,7441222617459953560,84e2e6a2e9b8a234db4c7fb192dd715f53fabaece8d6888e13207bbbd66291a0,True,0.4225938810187507
S1,266,L12,8748414290376520463,e3f7d7d8e39dd1ac67db5319fe83e116bf48e79636dae0b8cd0c1086a57fcc4f,True,0.39459729490602985
S1,266,L21,2375696085030811969,f80ffd963a21ce09a6ca097b506c6570d8461db62282e20e85bcd0631f830e84,True,0.4747050562910705
S1,266,L13,6404492352191337597,90f01bf92d946cf5fa2aa901ecdb12433080715d5026bf6dbec37df9f7e8ddc0,True,0.4089296952583383
S1,266,L31,10673110888754199938,a5895cf8df31213753ddf9615f88159cc3103182d09ab1f67c707b9484211d2b,True,0.4458620172270121
S1,266,L23,10930828177935889437,0e5457df47fc2dfe2ab204ffc25e8cfd622767c88e1c3e448ce686214af157f7,True,0.4846763794917768
S1,266,L32,5766132465293505828,30ff8589f58fd92b8b08d7d5bb0d512e9d83cb7bc2f4ba91a431de43273472af,True,0.4191216183023697
S1,267,L12,15761362630601306105,f61fe1ab1883e56073652250562f131451cf760675e4cfab564b8d0d6b43a22d,True,0.39044640760059046
S1,267,L21,15036140272068036148,1f1ab3f34addd9bde24124c82367e8fcc88f45e77016c8ee5862618212ca6146,True,0.46798589457481937
S1,267,L13,2683529384085662081,2f69d32bb065a353be3211d6bdaf7c51e0c17d67ba773ddcf8026cbbf0f20169,True,0.41147863561954523
S1,267,L31,16331476325111422874,f5bf34908c0c370e4d1d12c9a4e6d4105458e489f9260a022099dacc3b7ced16,True,0.44528850886641147
S1,267,L23,7361688956444713020,4251e6d4bd9324da4c79d9d179869d1b35696be66c27576a93307580c0c955d2,True,0.47677850054277254
S1,267,L32,10694054249109301893,818935b9593cb1b3b7248fc893a8492927a267065ba2daf789062a4c698dd574,True,0.4271933016727786
S1,268,L12,12916920868317593249,cb9bd0ed4f479cf295031a939773f5ce38710dc070c1007ef165306c381e617d,True,0.39172821234456595
S1,268,L21,3146713406226270035,908767b3842f133eabc319a60795fd99348f61d26902509c2e53505b7a3deeb7,True,0.46799948884322234
S1,268,L13,6944280663425933496,b68952bf18e690245289ffced338fd979a5add9d21e28e08629c14cb1e4143da,True,0.4097196382556014
S1,268,L31,1999011542323966445,5f748be7e63c0c31f258245c436e887be3a94cb32bac96ea7bb7cfd520c3bae0,True,0.43927645150921235
S1,268,L23,12484250035478695269,adebef86b40925174cb4dfe72809e8ced83960253583fea3cece4631681d9e09,True,0.4814906901612747
S1,268,L32,12796598627714987119,371a3e030113564f617ce726e528c9243907abca725cc9a21e2cf6ade17267dc,True,0.42027461738423266
S1,269,L12,2005373965950381882,4f7fd711c4ba435f27363076615e88e2e9f0118c7c8b6b8e086436dcab9f38ee,True,0.3927479095517061
S1,269,L21,13958273710298010198,b62e3b0c62c4e8df9a3d2914c3f4819ef143efc418888888736435b3af094fbd,True,0.47382394906975056
S1,269,L13,8583367892357956289,934abc0814ccd1a77896146fd093b20c72482f974092cb50d2628f4f814e3a41,True,0.4081430833813792
S1,269,L31,2366059816569996204,cc6d3f8b8d986ec1a2adf00ade0d99445294bcab049472b16a664f0f587b17bc,True,0.4374130995831429
S1,269,L23,7348440554447343624,4114d7bcbd13d4684b1ed399891ff54ac83e3ad10335ceacf0258fe06b8733c4,True,0.4888542385484886
S1,269,L32,16532211303665844495,d7085aa17b4b0297c40e0e5e054ae1e5a2571426f2cd888b4cd2f722cccf97e1,True,0.4277765619113561
S1,270,L12,17247832647180010122,0b920048c957b27ebe6435b12e14fce8a80fa3ff49f25e549343760dc45bdf30,True,0.39142468542781306
S1,270,L21,9195529087443362421,c9e6d5e6610052ae35297e5dca8294b08054cf77e924c0e0a80dee7e46cab070,True,0.4718907099168468
S1,270,L13,11128734267370115304,35dfe3c102a87258a78f906d3c7a37e419a076acfc86dc62d3515f21cd14ea50,True,0.4103827155800903
S1,270,L31,17084874907544236119,76b0159571426165847e9590a19a24d48b30272776abedd42aeb8c2ef518caf9,True,0.4332272557475483
S1,270,L23,1797061461691093530,aa146846e978e530d0efd73485dd692866174625fd65e0a453447b813fea5762,True,0.4796569946694875
S1,270,L32,8020643957311262920,2ffb24b63c0e0b2b148c6e3ec0039d4bd7cca4b9065707d39661c7659965559d,True,0.4217707186894947
S1,271,L12,8417099455933997225,aa806d34377a33c1ce200f68331cbe4ae7fb826469b39b6a74ad78fab79ef192,True,0.39358014244314965
S1,271,L21,14119651025401931483,13593f75621300cd370156ed3cd0e7e61e278dd5d7dbbe648f3f763574e47d7f,True,0.4723917431854361
S1,271,L13,11634908584625972702,5c25b0a7f9a6a2893a9aad8b5bb48892759e4b5d6b7a5a66c098ef74722b564e,True,0.4033388110593712
S1,271,L31,5151008167810782734,36981a5358e4b4c747cb2e762d06482ed214a473eab1b63fc985785125e55dde,True,0.45411543987496744
S1,271,L23,14806116805863818497,11d9e260bbd92f9559e089e993fde6a2c6497ae6974bd35de32d0f6a38d13f70,True,0.48148024717345356
S1,271,L32,6520095492776834732,d2534119f9d318d803c2d0f3b0e358ccaaf90383b6b5f59c3b18836ede151fd7,True,0.42654704870067256
S1,272,L12,18121508789517332751,87369a35be907bc85430533a90a4b084e0ae80a8379dd92899a96fd0eda647ee,True,0.3917344982801836
S1,272,L21,4555789278397304037,56ae5ed494b833878b7e59e33067142e958ce519f8579e87d43f40b0c116be98,True,0.4678325444479912
S1,272,L13,963924735155468719,b52cd9d31298c1b6163c3a6e39b1dd365ee0019bf85766af73d2f5874867442e,True,0.40603268568762807
S1,272,L31,9954136073847411217,208e7c4bddc5b00df740c9b33faf60a1bea20257db5c236c4998f5c55870f4c6,True,0.4459680860435883
S1,272,L23,2691802286301678575,423359cba9b9bcfa2f5828aaaf8dde54467eed6379035041409eaf7394cafe5f,True,0.47732904616370914
S1,272,L32,9300675319539883355,5d41052fd5ce3bb21ec98b22f87e4d3ab79bd89aa955abc98d0f1f3fd6213297,True,0.42238964777860993
S1,273,L12,10108685212266045568,0aaca1390674c1f8cf785ad5ecbdf65c47f1042643e4faa84538c0d6aa9280d6,True,0.3891858606901711
S1,273,L21,6452345786672583881,ba981ff262007113f6df8c46644005ca9cddfebfed6e14a99a2d62cfbd2a88fd,True,0.46688528783679206
S1,273,L13,3284016278347930853,aa332359da75d952d89480597809aa8f09fcde5948cc20ee3f11637f1137ef86,True,0.4112329895515533
S1,273,L31,597078906282691932,70f74ebdfe61043f037129856447059af5c4c68388d2c90d4c6fd13eca58099d,True,0.4418424246189288
S1,273,L23,1156032419302423393,b33c31542eabf5b1733d451aabc4b89bf41362e1a659d8f575d17808a815c834,True,0.4854193193950784
S1,273,L32,5307251374403526369,7223f3f1fe1eba64014e1bb1d86d4e877b87d7b2d0766100ec475f3933a26ff2,True,0.4215429145682907
S1,274,L12,9798200665204637122,8389dead58bc04754103a2c2922bb86451d0ba75e762d2ade8dd951ddc1d68bb,True,0.39232629664971036
S1,274,L21,11493746060885433521,2b908c8ecb5540eb1199f22f5b8c80e430f953c89e048b186a1aba9d28fb84dd,True,0.46799312445401275
S1,274,L13,1369100606322573594,b1a544a428fd10a6542258336440357d3f7512c599f9faaa83249fadad17d6b0,True,0.4185273505457577
S1,274,L31,6690054755535812172,ca43ca54171f79b2f9e2f4fb002079a15a198add2dbe436ec9f88074d0d09e72,True,0.43703410558184064
S1,274,L23,3318138808234341264,cdad5568a586e798efecf6d71a6f0c1fe9ee5052f9d98c2e31fe796d0648348d,True,0.47863707214100104
S1,274,L32,15248337752133237797,9d319966fe4d36602a8600382b289bd34e92c2314152f3592ac7737e4453d2a2,True,0.4236669162191128
S1,275,L12,12887206939453195077,398b6738589b9429db4661cbf745b9a417c5912cab7fe3d8b831847facb8439a,True,0.39458255804405273
S1,275,L21,18156116708818867089,49dcfb22cff37409f3565f65056dd6af23f70b4c0da4b1296a5263df59662910,True,0.47120530072148215
S1,275,L13,15188006287703223877,9d645377080c7d9992a51a17766e8cf013f0f163d29a04729409bab79d453d05,True,0.4050415402416348
S1,275,L31,13120078323673614562,971dd6b90b004ad2ee2fa0817eaa87dfcabc80f132ed4962367192f1511de038,True,0.4409064501558826
S1,275,L23,5391207759919787972,822b99132b7685e71229076cb32487f14d3bdbdddba840ea4542d388229f907e,True,0.48201268643933626
S1,275,L32,12489342456584828412,2614037863e3b6d99d4b3da72b721d3e8bc080a2233cea9db4d25fa0d5e08ce4,True,0.4252447054340538
S1,276,L12,1913008328208911728,ebeebb644f14a088509faf49314f9efbb96597cc73bbd096ed6b56fc259b1918,True,0.39044640760059046
S1,276,L21,10117369235662408218,265d17c170fa7f3ad3d68abd1af28d731380ff207d79df961624adb699935503,True,0.47518407723211953
S1,276,L13,6113750211647499513,70e102088daef82cddb9f4bb4ee2cc9cf646b7bd4e2c7992faee130fa98743c7,True,0.40878686057888597
S1,276,L31,8190677317071755010,64a01bd511477a1d91d116d44b20d27602e779973ae7e944976732960a524217,True,0.44509129294320104
S1,276,L23,5951668760882492491,8aef63aafd20c81f85293fe9f709fdbf40072ba50cba09ee438d04bb133ca68d,True,0.4756152861060645
S1,276,L32,11771252983259912914,e21a21a9c7ee39329e3ad7b07bed690133ca2eda5459ae46f752d68390429a0b,True,0.4251526175126985
S1,277,L12,4918072228919987520,32081cba84cb4e2678e83030143459c65bef69a4ebbe1d2d603dcefc9d4e8599,True,0.39117795784685083
S1,277,L21,6655541882730001050,8209fcd4e8cf3aac6627e4ae02089225bc5dcce2ad78b54ad1705c2fffecade7,True,0.47244165093217305
S1,277,L13,9665151905290065439,7fd0530046f332e70c11bd22e807e0215ffb0a952a02af9a950a758fb1b91e4a,True,0.4128406023404886
S1,277,L31,13540495524629125506,a1795dd79d9d047ed4b8e45e0a5ef16225a063a07cc4442f023cc1eb253a920c,True,0.43927643998808336
S1,277,L23,4368985912980987665,3a1d5110858b880b5efe40a8408ef4b6f6ffeeb5c41367ad09e75828349b131e,True,0.4816994863044925
S1,277,L32,14534385650963048805,62e904e5dc67c49a5df66e4c564c19a7bfaa32d7c570592a264e24d2aa168fbe,True,0.4219464326631196
S1,278,L12,15718624806141195598,1041509852848ae28ad5fc66164787c5a3d6bf320d99a66a73474ebfec0c2a34,True,0.3882090943540203
S1,278,L21,14688938241508798357,3473c6db749169af708b8bbbcf2fdb6f1d6322d41dbe5a36359ba3ffe655fdd2,True,0.47036185195611324
S1,278,L13,14360892337955565979,8aac1a420f71784b48adee944ddb30b281c697ec3ab2fe1265f308880291beba,True,0.411492842850784
S1,278,L31,7317369292062616378,e02f0eff7b3e49665537fae5f893c3f83173dc2357fe7aeae92890aec2f4f416,True,0.4477691606814075
S1,278,L23,13613078053796792520,59639caebc0f11e00572785dfac312642ed33eb0501d29a5796a2a7a48b51552,True,0.47947930748117396
S1,278,L32,766081481198834730,ac05539b78235bffdcfbba9d9e35b89ce92db15c8c4ccd1f0f51dfbe837d5d54,True,0.4228656175401635
S1,279,L12,10780936407332285902,604254897825cd26b090e4fc80db941d590867ee5c734a7fed145cfef3fb608b,True,0.3921575087585079
S1,279,L21,13101812362974873843,48e27cc1a301da689093328b6fa565918376827c640263049e88e3c9111af397,True,0.4728283677969874
S1,279,L13,1756166307742036649,da1337d3464ad739fd377ef2acf01da70ed9d48a53e8f010b818bbca5c57d4db,True,0.4152472185317743
S1,279,L31,11594094513732617993,66df1fb17cf356e484a5979cb0de37576152415e1328ecda98ff48c25caad0ff,True,0.43745204198721355
S1,279,L23,13732794138877074717,52859d8cb4ac9c9bc2ddb62dc5deec22a83cef1d388dc7d5551449cf42836db4,True,0.470597688826764
S1,279,L32,7027202002791917616,af3d1b4d911206062612e43e1684bf3edf0222cfd3336578212a171d13b97645,True,0.4256250417939169
S1,280,L12,1379806574516557678,8d3c50d3c1690dd9871661a4c0cc2959a92e70a956836cb09fbf172ae24c7293,True,0.39228408446969176
S1,280,L21,9198570320249136967,a95e2309d0a1dc07bce142579cce5557ff8d233a129f3e8a5db32792a11466ab,True,0.47187652792905926
S1,280,L13,8338470028988689054,01cacb0520de38b281ac8cfe8e990c0f38de44d9bd2df3755fb39b8ec8338ff1,True,0.40790493215383705
S1,280,L31,4681097378283788154,2be04534032c12f34c02ed31fc44f125c182ff06401e0db65d6b58cd3412cac8,True,0.43170230592805353
S1,280,L23,8842338779889129849,5c06638e86e60a8b9cf6847af8c5c73b49ea84f942a45e7b4248ac60c9e81a32,True,0.47676032416784936
S1,280,L32,3193346595971855508,17477588a536e09fe65db4769a8a2ef731e00eb3497e21fbfd9bb3f7f6a52e63,True,0.41980912599296916
S1,281,L12,354677602653217281,ef2a521718527986b4371255b8e09c541066fd5c30323f97d3fea8154da0e289,True,0.39046795778469945
S1,281,L21,5532261589419471647,864ee52ddfd3cbeb3befcb3e738081f436b7e4d2cf9c3ea6d731937fda96fc72,True,0.4710620036832065
S1,281,L13,10078044251915847390,8f662dfdc03fd5e1dc7d1dca0655ca69bb4200dcfbaf2dd457869fdb54db6dc9,True,0.41643771617550907
S1,281,L31,18105742750093071853,2d90e6b06ed7d7ffc096535458d7e26b201e4228e9d1bdd29972959a98e03a7d,True,0.4437860897407287
S1,281,L23,9651007975518243235,eca062cd5ed11c5c64cdbcc27591820ff10ebf7d1c9e15cc036ee102e2f4b7ec,True,0.4783535651202555
S1,281,L32,1026967349496277057,60068f75e3b6ccc37d0d7cbd5e23e9446f50ebd2cf7c5ea1c4cda3861b4844e3,True,0.42444370480373567
S1,282,L12,9972110120757719407,26e0f046c1b0e835c3314cb25486b7281465f7c75b896bd3c6cd181d428a0491,True,0.387013881829563
S1,282,L21,1232280634488496614,a66aa70e24c771dd96b7d6024ed159485b383a43603725fcc2c9ceadb17ae2ff,True,0.47326021778556043
S1,282,L13,4344718916389206142,04f3266c70efa42770409cade64ebd730722b5afeba0f7c262a1f8a8cd24a6c8,True,0.4054951396240204
S1,282,L31,10490779335484807283,840953485683ece748e772f227b604ddc52895702f6c0d1e1c17226f71386084,True,0.4450412268200295
S1,282,L23,157033008051080344,63af362e85d56013a88f603d9abf805643769c434f7325e09897bd02dfafb18a,True,0.4687568250948712
S1,282,L32,13137043289566779562,40bbe5b34935f49dd6fbe75c5e26f8036e1e3f1182f1ac07bf26aa511c7db602,True,0.424123713832024
S1,283,L12,10656916286355866683,55b7b53d10e79f82e223ac70dda0276e95e854b88cfefb1ce09df02b42ec6da7,True,0.39214379065602667
S1,283,L21,14882811562695730744,55cc4fc43b09c02f88da085e669ed584a2dfeaadd1e7339935ff6af642efba22,True,0.4701887222738723
S1,283,L13,14657569445128346298,12e3939469e187b28232077ce38025e0398e0b5bc8ad7b547906438015e8ee04,True,0.4017015142632105
S1,283,L31,10038345564016305542,172daa17bf236c15f9d8a6c0eb512952bc31525ec13b12b9bf15446ccf5017c1,True,0.42981188051801333
S1,283,L23,2683090673961285965,edf9412df2662776cffdfa4536a8dc700d85b7874211ac7cc969971e99c1802e,True,0.4724865242436458
S1,283,L32,8183550393235407426,639ca09edac018ad1e340a05b692d0db4d467854609ec6cefa319943dd5b508e,True,0.42163270355237903
S1,284,L12,17065325884097301172,db37bc13ad41b938ce5b133e3008679552f57948da5a68189427b84e0e32991a,True,0.3954572012283489
S1,284,L21,1520580678672571800,aaa512e2b842b97b9846efcefcae03f72ba7c86816a3075a3920c252a3122e4f,True,0.4716168881710704
S1,284,L13,16886234102902550858,13c5a2f7752bfe32dac860ae7081cba2240fbe27d4c1681913b651551cbee9d1,True,0.4107667959608616
S1,284,L31,15695694998704204552,dc5f3d0c04f2199d5c22f8f9f83b01b79570f310b917191ea49aa6233983c31d,True,0.43847509362545234
S1,284,L23,4227822820888315997,5c93e8d6c30c28f9400a2716d8fe91e60c7d82365d3bd5a643733b1c55ccf498,True,0.4772923838323063
S1,284,L32,988871424899315618,b2c8a488ee968cbf6d120e53e2a4f42dfb74828d6f55e2d09eb0fa85c2ae6da2,True,0.4213003092837424
S1,285,L12,13089465356947538037,232081cb19bddaab1fa33266c4619594f29b8865db3524873819fb7568301d57,True,0.39319693358126384
S1,285,L21,1913624879337977762,6fb3e7380fa6c16384b93e710c8850a15f3d2c5662bc781841cf8e7648f42215,True,0.468185380244368
S1,285,L13,15981996182884994924,aec38df2eda27715f9ab6311ab1e4edcecee68d23e708cfd60da06427521af1a,True,0.4099234485283247
S1,285,L31,7465967944607794259,ddaa0798380eacba161b5fdb9996fe8d754f80f285cb2ae966fa276dc8821aaf,True,0.43115829969551434
S1,285,L23,11095103424930542278,bdfedcae0bc18d1de23a901dd3e8b71844afacc1f7cb9bf928e8d2dce9180c5b,True,0.47044153494123975
S1,285,L32,10998537256936755458,3178781555ef5d163af22a10ea8150c1335998576f13761abd977d3959a17816,True,0.4264560522511811
S1,286,L12,5472692352782525614,9fab5e81b9971b1c0ad293332d5911553471aba6bdb4b95a997e38cfb0f0e930,True,0.3890361429607804
S1,286,L21,9445674270577356878,9ffa7e81132d5fe76dcdcd1d5b1b1c9769452ef70f004a486e6f412097f1acb4,True,0.4736406343763765
S1,286,L13,4408860090819425697,8c385fc06e1431bc43e9f054a4bcd9a82cee2c8c6f7ae2bb69de8056b5bab954,True,0.4026272207049277
S1,286,L31,8117479325532471522,4d0eb34f28556af9cc82d151863faa1a411f7e7dc88a814acfa8d955ec7955eb,True,0.4395548048759009
S1,286,L23,435948899262376818,254f86455f6dde5a588d702760fdd32130c2cafbb58a9bb20a4f0a56311ab4f9,True,0.4812462488733735
S1,286,L32,5584148875599942157,2fedba769f6296ea765d22aab02d2f12543ae24db5182cc5d90ca9413290c3f9,True,0.42505264598747144
S1,287,L12,5428570857172965252,40968fbaa24b851e6da5c0d51dd8ae4bca8404111b60b106de611ee327f80099,True,0.39334193710370224
S1,287,L21,549354728717234441,2a10782114f0bb79a76eeb278c59618fb61a63ef485cbd5d224ea935575f712b,True,0.47129706313046305
S1,287,L13,9592195012403663778,e650d99366064757e9118b2f838e18a2b47dd87a8899033c75b20b4c3ec531fd,True,0.41119726063403156
S1,287,L31,17589089816646481581,351a5994a5b6bee34b1e01edbcf9b100235a40108a3712a25e1d7ece72237b14,True,0.44070769357842887
S1,287,L23,12175253813480396895,0f42d6a5ba1b8c5073e955f2f74e24b66765d35539a19cd10d93eb88f7f037bc,True,0.4820384935495812
S1,287,L32,4687415508632203500,c6ed826d36ec3eb48b986558304075e3313b5aadfabc6827a5f0ac21f61dabe9,True,0.4223636427750702
S1,288,L12,14116857135937625135,1ade8b3d254492760ebe6cfcf9b376db6341513d741294038d10145b1dc8d15d,True,0.3895119778535576
S1,288,L21,284307858441061537,f2ecaf48828ed5db773b53b1bb8e5430fc208565afd4081f75f995daed6d6f1b,True,0.47458649865288105
S1,288,L13,16326774249993844463,c396e6853d9b300ac41277612ecd0574233f9405d58d2feac47681efdcb1aa36,True,0.41316093258322323
S1,288,L31,9809176591685369044,21210073bba1073d3bf2409e3fea2d035ecfd771a82437dfda08976f516bac1a,True,0.43848232367190354
S1,288,L23,4765694003228834373,1fe0700e0cecc5cc50340dd16eb4f46939d1ee66a4def21362dd222c003b960f,True,0.4826859405913252
S1,288,L32,8998172906410441719,e573ec70d1502b5a3f7de3381068bd6dfba8719b475fda1005c1e72e881a2314,True,0.42475185358542533
S1,289,L12,6763593520158516498,8a58c1f6afa0124e0eebeed9b127b0833171bdbad3d5f5b9734ce3952a6bbea0,True,0.3871169029091713
S1,289,L21,2497206444029520725,36022bcf25a29d5870d631d437153fcc696c4a43da384bcf593e8b4c3c4c4561,True,0.4788383279459911
S1,289,L13,13365476400005270478,ad9db3f36ac95d1015e8d8a2d8f2bce2fdac5e476952db483835af97c59c5501,True,0.4059155963858124
S1,289,L31,7677467346900112236,276033f5093562f4a36240e767fb83ad1039aa96e93c59c772c3046636b0dbbe,True,0.44071394749501624
S1,289,L23,3231215193574564049,1cb76bf3bde22462f1efeacd1600dac9ec803bd7eed1ffd4e0db3e2a4ce5cc43,True,0.47362418210605833
S1,289,L32,9582087149455999039,0b9316de3b67322622b43c75ebeefee879c31be17f2358b7c2255e0e913de6f2,True,0.4279699164099599
S1,290,L12,18252738728576524191,969acf59f15fac8509d552fd93857fb64d515c06599dd0cf24b1249056c6716f,True,0.3937342754425238
S1,290,L21,14000722522513243669,840abdea7898129cd797dd5b595b3d85cb040b60c85499ba9e530ed343dc4860,True,0.4671465205905805
S1,290,L13,13535193826231304905,08f52773b78a9bc73b4bb4190f0cc2ddbbb900a56b344cfad674b984d1f8441b,True,0.411599032804905
S1,290,L31,14772952713932966073,2fe2898aa18aa0635a41cab27ebef9237f3ad7c592cd90a7330d73f52fae6ffe,True,0.43821726648743564
S1,290,L23,10731962243359937555,f5ec99b25f3fdfc85ef5528935ed7d665db9d6b64922fa8936ec97a1caeafcc5,True,0.47341257467227355
S1,290,L32,2478225685461352866,505b5a1757600ff0cd14b8a986c568013c75d042862462a1b4b69655d9bb1273,True,0.4182145402032179
S1,291,L12,1355561147913336967,8590acc301c0ad7740649f6b407f86717d449c2bd54c756df86a424f0c3c5bbb,True,0.3868108202655401
S1,291,L21,12976701235719748780,a2e042f51f96b5bc3e9c46a2bceb4a191b3121c54321e8c84a90ce1bd9b62e3c,True,0.47343235320101806
S1,291,L13,3458953686600364465,3184bbb2a286803fea1b63aa4a9f8cc5b40142dfa56b92b86cf6ad3f169f66d8,True,0.4081308665972157
S1,291,L31,4001070981879313499,3655159d92fd3e7896a39379b9f0c15fab2fc756da3b300f569b89c4f6f28ade,True,0.44100309358227585
S1,291,L23,16570481671385155149,7540306d18cdb12ad534ae8c2ba863b1ea759c340bcc90cb229cc2a3c88141a4,True,0.4724755929206174
S1,291,L32,5976530733813742106,5907d4a1af4e7f049fdad68533dab637b56643b8f678b2409be928ab9b7d36a3,True,0.4220184963972754
S1,292,L12,10074408666393356014,00d1c819c445b66f946f1718613ee36338bb7ace2fa8c0e4278083c03b1096f5,True,0.39438071069996483
S1,292,L21,7877093943081066974,5d69c8b257bbb6e8d61683c33d96d63c632b6b9fcd009e8f0038b14a7980c4b6,True,0.47698666955401964
S1,292,L13,8738657469724474622,2c10465037c3e47966d7f4d1cccdb204a2aaeaf1ab3e5301dc1e44be7833ccb8,True,0.40562968843788405
S1,292,L31,7592237947245743238,01023995f15659ec6cf76fb1613230c5f0fe26e3bb7130d4d178a25d3ba334c5,True,0.4395281900389872
S1,292,L23,1215834931876606164,5e8abed9fde436305a5e83c18dee2ca633d13e6240f410caae0f1a757591c770,True,0.47529241039965614
S1,292,L32,8397890300364132430,0f6735ebd4f812f8ffc0e12f96863679bedee99f8185887b333fe23c629298ed,True,0.4224761823790257
S1,293,L12,9447739386665047445,78bfccc62f0c0f83a4c24a7d0d77637b3c4a6692480855e9f5d5f4c8c4c45367,True,0.3938692720155472
S1,293,L21,11558807059283905206,1336ff5a9e4c4cc3744fab403daf58a7426b889c758d5dd2fcb8440b2cf2df2c,True,0.46852461046209615
S1,293,L13,528986111954664047,ebce0c273009b284810d80a9d8b1d8e9ecd803c1e63613711f0dcae582851fcb,True,0.41802521361562495
S1,293,L31,5718548781512050711,0c5fcca77fbcbc3f72c8ab0702a397d571da46cb286c43e69d52b0a66d51c08f,True,0.44852737338407433
S1,293,L23,9588663872938381702,ff488e81b289c2fc4a2e97b41ce0cd8339b409c84e64d7d9f0c1b302054a141b,True,0.47245014606917685
S1,293,L32,14554170137816877053,81adf913d6002a18b0930f887466a30e898f615202be01068f3ab59a6cbe0e84,True,0.42379430694819525
S1,294,L12,5803548449576406859,b2ee08f76baa769cac433ee3ff0b08f1350e0768c0dc6b256fefbde2dafca5ea,True,0.3905694283973937
S1,294,L21,6635276147698755235,ce3ea231f526c637db8cac39af01b5c304655f55cc57d80b78188a2c861b7da0,True,0.4768260195763172
S1,294,L13,13795549599353445040,548853926a2a935272eda8413d27037dcbf106b8a73094e21828b33470ecf5ae,True,0.410879095850726
S1,294,L31,16968739832711585914,f0690dc548afd0aa314889f0a231c7343359b25a51813833fc15d554bc5b15df,True,0.43546527085458037
S1,294,L23,3954162024042405656,3a84a3d1bfcfb9daea82155262b54788152fd059ccb1fb67b4210e5e69ab65fd,True,0.47579253707618197
S1,294,L32,2763365645548694765,438806767c37f5d9f1a169e5c83c263c8f0aeb4f0035d51fdee1438dd3b413c1,True,0.4218842209527533
S1,295,L12,1995828764990037260,6bad740a3e1b9a7a1ff48d79eef6926ac4e5d6b76ade4d96cee08d95b72a8b53,True,0.39184636174862214
S1,295,L21,4490269680601550604,f56933a69ff87994abd85709d2955f6b2267d22fbe302a42a6236c188c95f7e1,True,0.4651473247266466
S1,295,L13,34884952076405604,baf7d814bd54a42f3c1ed5f7c3a8fe815b4a3b269976fa618a84f0ab2e154880,True,0.4081088802271446
S1,295,L31,12062708498612882273,3268ebb6328ffa6b5413a8e91af38a809bbb63f7b0c63dbf352a07f25a46011c,True,0.43618292477145515
S1,295,L23,2266020306284307027,59a4cd43f53c562221011202ff394da667f6200c14fef6e7ff2e189abe8e8fb2,True,0.4836460094019284
S1,295,L32,18102369165480080716,b6fccb6ca703c79d521eccdbd3b909607f33b9a17bd643a9dc44c6bd4e20219c,True,0.425348815482366
S1,296,L12,15688449827895858279,52c89ba28e6b78d94ce6052dd24d762074cb75dfd54e667b338f69c491696bd6,True,0.3873284019404241
S1,296,L21,14274214963526944464,c0c1de38bdbf790efd347503688a805897b0d56a56ea940966940cbeda100621,True,0.47214155624211407
S1,296,L13,3927709154768511755,eb9831238eeca9151c0588f41a3a64e12c90258d0cf08cf21b50dc861bab932b,True,0.4069890942513022
S1,296,L31,17366684269731800504,1ef6563852328e0a8ffc5d4aeef79c13c332ca48c43206ab2e68faa95f3f5aff,True,0.4374130995831429
S1,296,L23,8184607506483579227,ee74b48f109c7cbf3c5ab85e88204ff65e40a675f9e07291c0988020bd9aab9c,True,0.4750013077902092
S1,296,L32,17489019522950576238,ea5b8372d18ddd84b563efa8720f91c74ff3e3bcbbf686dac781f813c927fed2,True,0.424735947669715
S1,297,L12,13275300038431770091,2b4b2310e3a4c09819d78b3d03017037b3a381c91ab71b878f272296544c146c,True,0.39266843390814793
S1,297,L21,16832822077731995900,08aac08b2818e840d391fc346d3e2a603f4f48454ff6e52fc89f51041bf12c2b,True,0.47643271171974655
S1,297,L13,13375127684645006486,c4316ba3f2e59ca79aa65499962ed83960212bfd541fd8a96763ba2e5e876074,True,0.4148305605074295
S1,297,L31,14053254496023240803,82e87c6c308e6a925dbc06ea5cb2a6dbbec6efb3cc71fe99a085d424a964d892,True,0.4352923822736378
S1,297,L23,12752901984473679465,00e43ae8cd8b124baf25fd2c13fb9638de20d2a834592f1d3db6d4e2e89070c2,True,0.4751767623753389
S1,297,L32,14532731456043801505,746664d638742d9609d7bb3b563008ec2a7bf32976699d9ea52d0ad3d09ad87c,True,0.4234916290687617
S1,298,L12,1810064873329273011,118d8cf32952ca193ccab1cf7087a28152037094d73dc9dfd7244fd2ba7a47b7,True,0.3945805970545338
S1,298,L21,1239402575354722882,5d49953da805eda895ce2cfa0021d46eeefa7e0f38983631032f4cfba041cd5f,True,0.47889185895926956
S1,298,L13,13171098055426591975,bbad1d4b01a2cc217ddd984dd44c337a163a2422440884117e0e5c3110e80b1e,True,0.4068475853826093
S1,298,L31,7348515249090921308,4689fd5389dd7b2d2b8af99461c8ed42ae8e7a635e4e2c0645abef2943ce74f8,True,0.4397342914186521
S1,298,L23,2051666400592479442,a7a27160bdb7e4c34fc3cb5bde5feccbd78892e95fba9cfc5e12a5eec8afabb0,True,0.47059509588203347
S1,298,L32,6339948969132705476,2fad95bc3d2871935fd48e98eb7b528ba5d568b9d723779879dfa851635e8d7f,True,0.42446827117587427
S1,299,L12,15446526810273117778,29a880cc00743432a71f92dc0937bf770ebdc0367800e3f1b80b4b4127207969,True,0.3926946226974932
S1,299,L21,15514913841121572239,30f5374aa8852c520341a52e6d3c2d14a152a5f1ef2d21aeb822b3126e91781f,True,0.47030351962343503
S1,299,L13,9136311873238256228,dec579a8533d9fb9e3f877d23eefc7fdd6dae9f2a4aff334f15d90cf5ecaadf9,True,0.4040736235988427
S1,299,L31,10222689426956803706,a79efe9125391f8f8b466716be3ec43a593c3f3d718861f0a928a296a9ca7fca,True,0.439846106142265
S1,299,L23,14188113324011129005,963715507048bc47d31a930002316ddd5d5834d4e47b40ad0f9fca93a89427f4,True,0.4791396483296279
S1,299,L32,4384565418757249166,33c4fa2abde408fe7ffdf83ebf02c63e0254d334a8cd022f18e0a9afb534382c,True,0.4269874241813404
S1,300,L12,1155741567557125494,57d7dfabf920ebc75e189655b5ecda0591502c28c3b358801ff3c4287f8637be,True,0.3949084157900884
S1,300,L21,16477499844136794196,18c1a2f1ea85b13f92980d0d7da112d1c121261fd2148591daa61113098ce86f,True,0.4773950018746523
S1,300,L13,9045363488261540443,d8971a2e26b9c8a2594f4f7b90eeabed914f0c5b72010a026f946e573e746251,True,0.40763987805707896
S1,300,L31,4364855027093180373,ce980de517091dfc9c3e9a0374adec9b49aad48c84cb7a8655496607166563cc,True,0.4455767153364113
S1,300,L23,17588723554208583562,268500411d10ecb99da18de42ed43b00ff4a85f0f68f0fc775c7460e55651f00,True,0.4780976496477599
S1,300,L32,14050408151821892665,d3b4d5e4f6b0213bb21822060801a75c6e0e9a356e305667cf8afa2947d83378,True,0.4238143574983869
S1,301,L12,3878583563100567722,9cf8848cce49a9b36dd01a89fcc213562551dc711f29010c8b01372a203763d9,True,0.39194291847858365
S1,301,L21,5583749529561415510,cc467116a755f2ef393fdd2daf7a48f7a74c04d031cca508f0335ae4a7460ab1,True,0.47643055372268256
S1,301,L13,11044862425769961743,cb28c8bc4715980ce3255fcdbe1530daebaae5c57fc4b4ab4e47fb1eb18ee297,True,0.4159839413649296
S1,301,L31,3126686093554517343,423d6f179cbc70219955292753bb846d41129886ccd1ecb9592dbf15631ea6e0,True,0.4404151092558909
S1,301,L23,3011468505214386121,499dab5d22e011d1baa139f491459559774f6850b31e1619434ce886e0352691,True,0.47033342390163996
S1,301,L32,17846424599579150218,78ac32b8bbaa270a871628dba3422a091296eb8a9106347bd0ce2d924e4ea422,True,0.4260346107165095
S1,302,L12,13956874492469652866,6070acb409c29b9949e0a29cd251166b1c2d1ec8ae07e36daacea572913ee7d8,True,0.39191922485169395
S1,302,L21,17756342036208915874,2e9c6bef373d03daa467148fda7596f1ed21621e01366200b16e410b8c9fadc5,True,0.4692943322573584
S1,302,L13,8097205702004546920,22ed696032993698815fa11c99f445c822d2d9ba6a28d0b75c95a51049bfd7a2,True,0.4024774595494558
S1,302,L31,5588392196951593551,4e5567e2cd087e0d07a6972fcdb93d162fbecc05d9465101b525707e7da7d230,True,0.4392666779036504
S1,302,L23,8236176502078072115,12c98545acdeb0dbf0a415af3e66c4e2388c9b93c2aa698dee97e18e060160b5,True,0.4771323199844333
S1,302,L32,13148344722650203315,559412b2cbf0a95c1e8650248273b4ab1f0d3f6767aa773a2346f411ab24d950,True,0.42471763109419153
S1,303,L12,4913085517849126500,aa0f6d06896cfb7803f5e19fd6be294e71f8c4f633beff639e3edd96a6c1311e,True,0.391512924142296
S1,303,L21,16536842412692865159,bd43ea5446f530c101ed7b38b16458f2ee6f2bb7ebe237d261fc924a983724e6,True,0.4728030767400561
S1,303,L13,6037021299195571159,596d5e29f792ba9872d8edc7981d460a12f2ee76cb46d3d1da17103975fbf946,True,0.4096500418775886
S1,303,L31,13226733588840005647,77f6fe1122c57e85e9133d55634a6166ee4860092d7cb176d61489c40665931a,True,0.4426149483318747
S1,303,L23,8390100076813357154,cbf4f8fe35803baa3a600dc121d264e33237759e858fde4bd8a9c56992187871,True,0.47732083348573884
S1,303,L32,5463040532486996983,c0f9da34983fad90242985ef7cf0fe2541cfa542cddda60026402684a6b69b60,True,0.42572000459689074
S1,304,L12,5061049418522312824,8185be95043fb7d9b48ecfa27ee8e5fb63f80a253e6808a2f413d5e256440781,True,0.39589900957350804
S1,304,L21,785120300450060122,4c5140676def684c5ce11c39253b7aae6a5313c71a2de0c54046ae5a6f27e893,True,0.4749582180258946
S1,304,L13,14449897373401416677,ef4b26dbfb83ae73aa70f7a67ee773b9c9e5fba8c9884f1d3e9e1810b3e2c139,True,0.41360990482478793
S1,304,L31,18365884414604161605,339b47e23a457d4a294a675a153f92c8440f84fa7222a09dfb8906150ab46169,True,0.4395441618252498
S1,304,L23,14913688088460593786,8f9f85c981bafe5e47a391d693ac4e9bb26db26bbd475b2d9abf8bac00829ee6,True,0.4797524100852615
S1,304,L32,13583468309192343009,dcc76a23e7d3e62d7d4ff7f1b4a71d40bab6a8548a55c9a66653ec35c934c344,True,0.42599968689624756
S1,305,L12,3263201930014566447,6dd969209325bcef1a9779bf0e24193a4f6fde13496d6a6c5a0afdde301e214c,True,0.39320343273999087
S1,305,L21,17791225785271956689,32ab80203e937f9fbe31b678c1cd766bbb425c468d81691748aaad8556e24352,True,0.4734884842846391
S1,305,L13,12131570583207830379,93965129b82bfa86e1fc1360a81fcdf55582c98875e85a3baaf9169655fc1536,True,0.40895244538211484
S1,305,L31,3858333557596699812,b6059403e30d0a01f12865fddd363dace0a6ba6597970d022023cc41a86135d5,True,0.44048188084416606
S1,305,L23,774879075119989764,4e268fb0221d12b65544d7d0a94794c17643e9149cca8ec80b538ad478f2845b,True,0.47943565332771676
S1,305,L32,188857040549019717,1790c1666678638467948ea5e8fb8411604cc53866beaea7573b49e2c56964f9,True,0.425834693590468
S1,306,L12,5334310881599215258,a866d41144e3c90328b8f591a2f28df722bab53c657a91fb5380e77b49590f12,True,0.3896842505981896
S1,306,L21,12107931819625839182,933945662d8e2b8bc2b88615afd7ca6b106f75765d0e4360ab2a6dd1ad248af5,True,0.4721335307957315
S1,306,L13,6736424679904971722,ea4105b08099c76e9b9dcba33dbe3db206e3be31eba30ca6515165b044a1d9fb,True,0.40866224974768717
S1,306,L31,9630585939858704637,fa48f78225d035dcc6fab25b480f09df04b8a12a0835a7cd794528144c248519,True,0.437915563299331
S1,306,L23,12811626924122979099,b646b09f682378a63fdc7a83530a15a728f59fb321cecce7a44330fbda3b484c,True,0.47869365500660044
S1,306,L32,12335660705986935304,f725aaeb5a3dd2ffb72251bb59a6962750bce00017e268dfd8be53886677b08c,True,0.42722026799289275
S1,307,L12,3777355859167555804,69a8f78c14c5610247badb4c25d872ff771e8926efad4adc32a07bc7ec3c3af7,True,0.39615641432958254
S1,307,L21,403090986292110568,e3258260798a7185fc5da55c7e9a8011dd2a2cb8e765088f428b13d2b29f0ceb,True,0.46949609659043423
S1,307,L13,13705419123359418339,9f09102a5c65f291673eee0514ee0f333055a506011290f0fb52d8a24291c2fa,True,0.4101637266828293
S1,307,L31,8588833414433297332,84a9b1c55ca617896f3417b912db51dde4255a8f889c58467294e287f23c6d11,True,0.4453272098939452
S1,307,L23,17855948876375634060,6dc6c736ba45a61431e80c65d1cdd4e59c0a3003d2f8a08448f8619d957acb9d,True,0.47425759910328186
S1,307,L32,9862365608493076336,5d908a6779c6979bb06c0cb3b01a0fa6bcaa4d84a6ddf26a97074d4e347ab978,True,0.4216989080181748
S1,308,L12,4128869806646737627,179d27e466069d7ff4b3df70d9d8a04375fb15be6d000d589ae5314db776f81d,True,0.3937342754425238
S1,308,L21,14337837023278970974,0acc2553c9e86db85973cdc6b62a673c2352e610255622ee8e00e70ac822c361,True,0.47829469699636934
S1,308,L13,12265493956838438170,46bcf6c63f8263ba91e1328a1d5107a190cdaae33b52cb3bc6b1c800d4db75d1,True,0.4027643737851171
S1,308,L31,10255457785143168104,d39dbf19dd762d96bf13d45af7f96a1748191f88f9544ba0e27f92b2798b6a1e,True,0.44401943143003764
S1,308,L23,14670557714183258516,84804b3a8f71a9b93be751fd15332a76d29e6425758d11788bdd1ad2b276b29e,True,0.4699371371765495
S1,308,L32,8888808622597413797,0a372067c0c1f41b9acf2a40dc640d2d978d6a0950e8cb55c5b33a4cc9f4a99b,True,0.4241174596568739
S1,309,L12,8588052719796270647,10d9596f10d5e6ba2634a2cb5f07b0cbd3108315573d0d3b155f60328ea79d04,True,0.3901574003690735
S1,309,L21,5298998422208081117,8e880b701d81ccf71161afcf7d2474b1244db629ff86695cf99aa679ddce3ce2,True,0.47561538567971573
S1,309,L13,8638099802603434281,38335cd38e52ae25e8009e11825399b0831304528087397b775c6069589933bf,True,0.41283981343597626
S1,309,L31,3137125462502073164,81538f49a1a91fba125c97e83254af55401269be896caebaf6c5b7aa12578621,True,0.44337440370002923
S1,309,L23,5769864949126202820,aff7427ef2a97d6c8bc48204ef133e4a7abba77eb01e0a45583a45e563d8c2ec,True,0.4735724448269096
S1,309,L32,124219136364085113,5edccf9d63fbaba556e872647b46f8c52d369a5337bb6b079d14549e24689ed3,True,0.42380231496456217
S1,310,L12,14055286545627260484,46ce0a16cc066f6a28af94ad17bfbe93c71073c84bd4f4ae6dd1f6cd820f5628,True,0.390465578570606
S1,310,L21,8409179490486824252,0d5646f3eb04914d9c012a3cb78594f141d2f79079c7c028c1c7e6cc3d33b496,True,0.4684034379869124
S1,310,L13,10986216995994315277,beaf6a89248320937e1183fd5309b50a0148eedcf7a94c7d72b33fe384f04e30,True,0.41454866267577745
S1,310,L31,12532837073907131056,c24d4cada99a56bd9367026e89822546026e9958e01327f6c3e4b50da491b207,True,0.4445778969265134
S1,310,L23,13163187198551836720,e50081adb96b08fa5b9456493dd97a035805a62fed38cd3b2fdba1313c033988,True,0.472806491258188
S1,310,L32,15785018425615041305,f9123965dc4f89b74de885d732ff369c300991928e4e83f87eb2e9d69ec0887f,True,0.42268670579402073
S1,311,L12,6301724719459439494,521ee2786eb7789b13b891d3dbf8c4d508177cd85ab3fa622542926ce2e7bb6e,True,0.3916427314690895
S1,311,L21,6196455047210869642,f6858e47fff1425ab500ad8d0cc64ab70f9b50057749f7f2537233e10dd80def,True,0.47279371590151376
S1,311,L13,6715801538696922560,3dd7690f5901d117be6e8f5b2f8591d680409346f4b76c909b6c13eda0d05e50,True,0.4104666646086324
S1,311,L31,8701799616764468379,5f422b4f3c3515b5463f3006ff7e4efe6490b1bf4fa3910c6c0d870071f85199,True,0.4362969063158518
S1,311,L23,11029005335664012727,c589afa7dbe8b25c21bd1dcba3024259690d9fb65d9ab5c745ff160399ae2c08,True,0.4754280507369578
S1,311,L32,1743314962723594144,35891f09142822109ede6e1ab831d990c4511aa12f3b2b965f93c765dc926e4c,True,0.42558305979736255
S1,312,L12,16592541204064996305,8b542c1a5fb1c6a2f0b3be5553b7b103ca8eb19c0b070a6b63282f8b110ddc00,True,0.39265110657189883
S1,312,L21,16267688265572892021,fef842daab1f6c6ef44c2f0de4deeaa4d7f5329956d10bfeaf409ede9251de3f,True,0.4718846537967474
S1,312,L13,17227823567274449260,3593180ab4c355edd4f5dbe8a782b8e321dde75f9470e42f01223b1372b2b0db,True,0.4121749426325136
S1,312,L31,2097521108292196724,041db4b3d11e2526a5c3a82c5f8ef012ca8dbaed59046f5b7a1ebf45b7035480,True,0.4423817034329343
S1,312,L23,14433960188555278316,730f7a2f41762bb6c5467f394d98bd9d379b86aeb1fad3bfb67bc55f9d15937d,True,0.4807546210453711
S1,312,L32,1849040906281501470,3ead0dc7a38287c4933d32eb7f73c7329515cfc0ebb75b2f14f7e4ea937ed879,True,0.4223391935329597
S1,313,L12,15997440413260351823,af4e561dfe9382e60c5e391aac389c99e972ec12064844503449c8169e07842e,True,0.3873726178839443
S1,313,L21,1033575135371615189,9871096343196fb475830bd11db1977bc0344d84cc519ef9287e788442325894,True,0.46575228043710715
S1,313,L13,845963451509603776,f1206620d0b6fe7a54d805b109e4e8127a68968101692deab091af618d74ac0a,True,0.40987916025762805
S1,313,L31,7611086409929237331,2cb12985bfb5fdf8fc858c4fa93bd51922c8192700e1d37a7891f939f5d76ebb,True,0.4466982345850921
S1,313,L23,6287132850027060244,91282a95e1cf2c8545475cd25ac4886a9035ed5ee74a4ade2199c85fe646f707,True,0.4761844127676145
S1,313,L32,14025916327544791817,10501f8af619ca50b4cef03ff978e6e2ce4fd52315ebac55933993aa00a605ba,True,0.427995009035819
S1,314,L12,3418654921486668405,8dda73a7637b59c2e29f77a32d2c63e03465004ca979bb7e26ac40e319d81e85,True,0.3933972536159752
S1,314,L21,11259025967548540725,a36bb4a3d340d8212f53547def405cf0885264be21b1bab31168257fc04cfd20,True,0.4677466829714916
S1,314,L13,9367142370027338580,e4c83d3a553d760eb3e2fd25e181c95ae857328bd86cd7c7a382e86c5069a286,True,0.4119553420314258
S1,314,L31,12237384000736079556,c32e9b4868cf2a062cd87bfd94231b615957877ee5080035bb8a20d2596f5ad4,True,0.44027725761567565
S1,314,L23,4328762484102129627,364671e4f5bcbc0990e6dd096c199f10e344af8490f4396d1d4bc85464564817,True,0.481193871406557
S1,314,L32,12815913747558332608,08379f319e67ec660b91169b449d62b45ea418cf938e6bde633ae91fa48ee49c,True,0.42479883842941185
S1,315,L12,9879709807315401157,81d54c53fbd4f7f5e4207f608023599f91c71f2efef77eaef017d1a60d48d5fb,True,0.3887078695032877
S1,315,L21,658235655442482031,fb2c22b95b59ecc0246680172e65c03a5fba3d3ffe0e3042c703243df124a8f8,True,0.47140966800656847
S1,315,L13,2039225567995669027,2ad6369b1f235fad6360d2ddaecc8e98d64acda6bccc26318626b8ba21a05a48,True,0.4087687681128095
S1,315,L31,8322008504496692819,091ac61b4a43c2e75819106e7f6e5e8cb36df89a75fdc6c232ac67cb8b26ab55,True,0.44229782940424506
S1,315,L23,14553453103743276119,d24efc8190e1dfa075e0a7ee1a974cd1c0568c32d64cbe55125edf85cb4074d2,True,0.47745666489511035
S1,315,L32,6036868098678383845,565c9102d6fdc5e1a25b1dd81d93038f5f0cab4819708ca7a7b3c742dde1e070,True,0.4230265370192671
S1,316,L12,17638248069017209046,f1ebd694c94e2bbe2ea1ef17efa6d8737d92556d5679921103397390c290a04c,True,0.3903458914504012
S1,316,L21,971656487281771371,7ccde6bff0e91ec6bd94d01662028172abc45933f70bf04fee41b9a1c36cffd7,True,0.4658552128996678
S1,316,L13,14055764605270851954,4b26b1c1d7b9ab1834ace195786f0bfbbb334a387408fae59b5ecff9857aa8bd,True,0.4086398017635011
S1,316,L31,17711306819562760777,8ef29f276a45bea86d095bb191e57cd96b460708ea7ee98a6e9f66c7d8b2d126,True,0.4377278440862779
S1,316,L23,16765526293539966980,23eda5816c239b6e26c8773cebe516293a009cf7d0ef6bf9d3382f681958b23d,True,0.47501008134183853
S1,316,L32,16940884316768552540,cbcfaec05a78de61936dce94d49123f6ae778ce03802e074d243bf7b91e55163,True,0.4251927746012666
S1,317,L12,1215394777079735519,c293ac66d32061f7901d484c8a3dbd40e3834b87a717892ce25b0e2b23fb6ee4,True,0.3901131253129087
S1,317,L21,7887086380633367221,432cbf53a2feb04cf8e4e5f79114a844e1dddd5cbcd2a410a883b6a38c0efa1b,True,0.46929521487096376
S1,317,L13,6650093000664763125,2b9e0cb6d9799130b8462c7d0aa905e6f226125da632b1f236cbe912dbe95db5,True,0.4154553508128408
S1,317,L31,13502792307625363600,19977d02dcd204536cc5d0c34eaf532c31f701688ad2af34a584e2feee656731,True,0.44554605436091416
S1,317,L23,4598858651558473916,c994362ce22f43d9558efb54cc894d23091fb95bc513fbc1222751c1f3ee3373,True,0.4813544339756404
S1,317,L32,18348243328839006932,dc3e77a81926d8be52cba7dbf73b9256b00118485cc78f9f5ddfcea3449eb134,True,0.4242016846379643
S1,318,L12,14502867108870428950,d98482a0a3b416a5ec9a8fad80046f3659877d826ebd84b4e4af76b2a4c6faea,True,0.3948471000380804
S1,318,L21,13360723607755724149,63d9ee1a83635fd2469b0dc7ad06cc95000dcf2bcc7565bf9c29c06818323e2c,True,0.4728673857143019
S1,318,L13,4663348232655043843,6186bdae911f21d847961e19db11cf7f90405187fa7b736b0c7a489241c47139,True,0.4090691998720155
S1,318,L31,8246563160817446861,2b8255292e1a3f59fb11a11f39ab058c1528e061774fc2d05ed8beb8f262a63f,True,0.4361579912494974
S1,318,L23,2433302469720599452,62f23c4e4b80d7f0b171a992fe94fcc1183f0f52e57e4ec3accfcbbfbc34abb6,True,0.4760571760038361
S1,318,L32,3816549973039176577,4c7fe23dd40f79287fa47680faf7311acd594792355a118ef848818d0c43e513,True,0.42566660024101793
S1,319,L12,8787592729439387810,ecc1146a7b1b4207a83d4a4900d0cf48c31fcf3e6045732a3a63d11c56b0c53d,True,0.39184487800631335
S1,319,L21,1341509483160116557,beb7ee5b9e414aa6aa8386ab8400858f6d96a1db0b7ab22a18def9197fc1501d,True,0.4689390845351588
S1,319,L13,15364850308417740748,f1abc6c6d640dab3d628d65bfa57ba1d2424fb999127957826a68a2f55cd5a99,True,0.4080515272767894
S1,319,L31,12650130921762648558,eaa8340f431efe53256969117ffc95c447d19a735855e9c471a307f2857fcceb,True,0.43784428976449563
S1,319,L23,13655226056387811557,2af9b2299b59677dda2d42e9cf92131363e19890b81480edfbe8e800b9d75fef,True,0.48197042320952976
S1,319,L32,12230002334726132756,909af5a9661da0f68a5c2204dc3764bb8e5577a66506a57377162f48178134af,True,0.4265489129120462
S1,320,L12,255909315107951419,2caea1e5bc3f9623957077a3acc029fb3e47eb67565d6b1d89541f0ed2f85d58,True,0.3945805970545338
S1,320,L21,3135281846061191012,87b22073a2f8dcc02137b430c99f53d2e470c8bd8988e73ce420c9e0d345628c,True,0.47122993038097327
S1,320,L13,6472353719953346095,4226b0a840c368020c761ec1368aa683af932c2df5840b59e9d9a9c01ae06178,True,0.409088860596457
S1,320,L31,7912227818868863186,29e782452943e00d93111ce7469c61843d02ffb4adf38f4339af54a94629c1fc,True,0.4496636192613438
S1,320,L23,13758466891513270609,61ddf859554bb49ecfae8c625ae02da2f6983045da50b43c5bfd5e48a249b03e,True,0.4716663929697281
S1,320,L32,12152131231152016685,9f5cb52947fb0de52671f8de118ebf783cfc60ee96ee1d0dbf0bee13a8e80f30,True,0.42486213614404233
S1,321,L12,17802861134375432595,95bd1ed0e6b6c1c1870b3ca577022d953c98aba9cf48c528b1e914a4ea2d5abf,True,0.391288859955306
S1,321,L21,5252069807606714315,22f8610ed4220dcaa2c3c00913584ab5039f46fd0fd2eb2e7cda3795131ff5fd,True,0.47309044692408886
S1,321,L13,15864735595802272273,e842436c6c70a421ebf50cd6f165274878bdb24aeaa0a87bfe2e1c6a0aa7a87d,True,0.4050755374677006
S1,321,L31,6617627729210357675,ca4287f150d00a36d50e11dd84532853d21fd0e8394704c09cd4d0f40b18e2d1,True,0.44086140612271096
S1,321,L23,10399133670508574450,10fbca4cc346ce9cb22bc1273bc135cfba85deea3a6939d59f64c2902679188c,True,0.48017178528908677
S1,321,L32,2838294700004917982,7e3f61de336b20c86d8c0d9ab28ea4aad16632177c96c576dd57e7349b9baea4,True,0.4246138906650566
S1,322,L12,15043672842287102986,f0cef5bae31b7971f2f11aba2d64208a538cbbd7f742561e83aa92c4137e3c76,True,0.386768229210535
S1,322,L21,16364080432770387674,d529bd7fd9619a42716f305b3da07496b0517bf1dd20a8af0398446c67492e62,True,0.4678608355641401
S1,322,L13,7019891589670573127,52dcb21a99d8b24feec4df864e93ffef07c601025721ebe3d5c43f33ffd31fa1,True,0.40488258807700245
S1,322,L31,11795957440641329685,621d783cfd887425f60315e2c13d50df93349f0ddfeaef0d13757082f97d719d,True,0.443383174897385
S1,322,L23,4869009530690095644,121e393aa18ff92994d61efb0e80b8ab9d872c194f4c95268af9d08f65910808,True,0.48081968735584635
S1,322,L32,14472923656644667725,76a53afc0c4a569131e1ba289bd08ba49347612b04dcc2d0da2d0b5d30c8e0f0,True,0.42471763109419153
S1,323,L12,17297294236961359800,b014864030b33ecee40b9c77ec954448d8dd96afb6263e15b554b900b75f7915,True,0.394799182704368
S1,323,L21,11254895977871758849,cdb3c8619bda0c76bfa601574049885e5f1aa870d9d23ea9585fa206650c53fc,True,0.47220379493311676
S1,323,L13,15259132702163864411,0a505a677212dc303885a7f70dc9a1ab97013061fed39c3b1e6ea81b765117c1,True,0.40228200489965066
S1,323,L31,6718519834551470434,034b3cbc08f1af4cfb9f3c1c571563255b6b26a1a2185e8cfeed3d12202ac299,True,0.4420561852588188
S1,323,L23,11647999230037521736,34dd2f1041b7ac6a330c034982eff6036df404fe44ff0deeeb21957afc3261ab,True,0.48153625967769725
S1,323,L32,2033297262261116098,cd216d603deaacdd916c5f13e704f8c2f1ee883288d49fc66190770c6398f5ab,True,0.42106178275248374
S1,324,L12,7902244977980714619,798cc29d8854224a2043e937068c2973d4e59124c41da79e1cfd596567528e60,True,0.39041595986103983
S1,324,L21,17924561605728857302,291397822e6adda7d29f5de541ed19db4dadc23df038d2206bf88fb85a267462,True,0.4706748796320226
S1,324,L13,8838164403066055264,ebfadce1fff50f72e363f7c998b68f7be70c185b2853e7ef765ddf88f76d1e34,True,0.39677734534247194
S1,324,L31,4969059530351153772,3dadb4b046410139002b8757aecdfd164b769f79d88821c2a091f3969f4bb7aa,True,0.4409003459361034
S1,324,L23,7926399665705162977,fe65ad59efe3cbec5cd30528b6110d4b2460753fdd7d2233255f4196016b2589,True,0.47433198525369635
S1,324,L32,11751837193574427076,2bb498073958c67e80927c1df5e9980e4303797d22e74a89e3b27acc99db5ed0,True,0.42567814771042767
S1,325,L12,12017472494428731050,22ba17d84c457ba45c2f668be8188fd81b71c36305500323f1f3a6ad8398b6d4,True,0.3874719203603354
S1,325,L21,15615408799256693615,49cac9a0206cd562acd5238691a80fce1076a451ad5081a4cf22cc505b2e643a,True,0.47463307401919363
S1,325,L13,1884068273809916041,318249d503f5ca6b1c59d450fbcef1ccb8f67b2a1be01662f8c7855cd2eb765b,True,0.41137090069088816
S1,325,L31,13258772166383452976,b8f09e1a6153d049e4fa5f45da042555c9df87a29ac5547f0d7bed5cd16e99ea,True,0.4329063806888777
S1,325,L23,13006943693466192594,6bb088419d2d3cb7fdbae6b9995dd023d1d3de1ff977b52081661cd33c80c8e2,True,0.4834646369781738
S1,325,L32,15720697110168142547,0f582f967fdf12cb3cbcd3d26faff47bacd84e6a4659dc97fc9359b24f000e13,True,0.4223451584925406
S1,326,L12,10350795167150615709,14929c4c3bc36a4492ba2274a5e2b181dacabeddb107ccbb4c31a90ad6a86ddd,True,0.388288835553674
S1,326,L21,13750633560126638778,99ae48d45b60e12ad63253543b00f4d48d37693d4d180606e2cc2cb5829d0c2d,True,0.47446625817276633
S1,326,L13,9513122417394214806,56877c61d9844ac6ea7c0fb6e6913bf2a169371cc899facc4e4d3ad624a24f8f,True,0.4025618014122001
S1,326,L31,10270825644733410975,78e4f3c1d9b67e430848177dadb9c0489cb7a9bc2d7743d691f4887136dd8e39,True,0.434124445858676
S1,326,L23,14803028707643112811,c2478d999fb4906195dc2da6856b837ce4143dbabdb2f27c0511046e7daffcd7,True,0.4831840617082679
S1,326,L32,11415277847434071426,aed71c33ed76967961625b0d890eadf2e2dddd840f760739e0c8aae96b2b6a30,True,0.4247216447493808
S1,327,L12,13657687919043833518,de23c0b86ed26fd4d60113760ab07b9b345e200c8c069a9eb219d7fa182063a1,True,0.3896478549633968
S1,327,L21,17063530852014130977,b6b54209ff6f733b2682e51e69c2eb7bb02dc3600060a5773767f031eb8fc924,True,0.47771061202663356
S1,327,L13,2113843185753586578,7891a475909d2f487a07d21a9b7ffd040bd40d5941b6e1b25c06b5f3167926f3,True,0.4083223157180597
S1,327,L31,11650087572764047246,da406378bb415c70e3437555024c88a35b0d8cfb37a01db5ec428b529fb37cc6,True,0.43957956962605504
S1,327,L23,3291444165872437655,e000a18a0b4d624a8f77b1edabad94a4021909c307e5f44587b3868ad6473195,True,0.4809355813340854
S1,327,L32,8044092825450171843,be7296cdfb79fc32faff5c2c970bfa6ee99b2623c3af05ced642e8728bc83ac6,True,0.4267750447039313
S1,328,L12,2328989222670211532,715f94068e2413c7f3902802ec58b8123d10bce23c57cb07e56f318ccd7e2c20,True,0.39529887221009696
S1,328,L21,11054081279788368003,4939df94e35ee90436621bfc82d35d812751761fbe0300739f562166803f3d4f,True,0.4687737513729361
S1,328,L13,2951141426095922920,87f5ddf77ffefa829ce32d99adaa00ddb5b42b754dbcbe4fb6ab43c89ffacaf6,True,0.41434623563924594
S1,328,L31,8341619313945526672,03b97fa192dc65b56ebb31043a5e11ec5b5a3911747722836a1bf0256385c7e4,True,0.444520468422662
S1,328,L23,12156712360799472961,56acb138ee175f4ea4547c3c2d0a1f0bb9fe9030a806edd47dd8418f374d9267,True,0.47944564824001246
S1,328,L32,5126425407414341370,17bd3a5774317aeb5c380367e5d2b529adfae7808993d24fca1d77aa25fdccec,True,0.42750978928651984
S1,329,L12,9397359037944871178,293f5d269439bbb34cd996c89c78009b15b7203a9668ded5a20d7abdadcdd072,True,0.3949084157900884
S1,329,L21,9914354220530923194,479160ea3737d6678bc5888fdf041c0f7410b3ad8c1e0c760eea913ade3d231f,True,0.4724685488946121
S1,329,L13,8328570663516737440,38861fc5aed70df9f40c1689c64ef38cad60f7ffc7921c787792a8508f16b6a6,True,0.4062756969923064
S1,329,L31,3074679373737540427,b745e5dc961b0d0eafa14935b89273602a1390e8fb7fb5a93753b4be5b17d77a,True,0.4464422675932532
S1,329,L23,2867427118340782131,3b6546748657db137cc6a50b8b24bf509876687c0e2a4994b456532c60ee30ef,True,0.47960107746827324
S1,329,L32,1571020996521989386,4e56141b543ba711170eac2d3badef365486d015a609a9e76784f48ca09c1d82,True,0.42179111175690803
S1,330,L12,3175962378441753824,9abb41f977c6a5507a5c4e25cc40382d6c1435bdfd04b6d2da80e13fd883a846,True,0.39054769281672186
S1,330,L21,5570965538001855257,6591390ede4461ad3caf0fefac57bf406548ed13bed7b55912f6d7ff5c292cb7,True,0.47289110881321106
S1,330,L13,13042014952479465199,a6e1b1c3f735c7d92ab853c383f1bcd8b0e15bf4cc0b6150f2f238201758daef,True,0.40909635942798006
S1,330,L31,10051352921318542604,bc13ca075f6f2cd7bc40738e5367cd19b9dd3575caabd0cdeee14ba6e537a0c4,True,0.43673941128929583
S1,330,L23,4192312314224549740,186402fed485ec2b7c6110e72ecc3fcd66805c2cc1f821e0b125ca240a5776ca,True,0.47911943246812927
S1,330,L32,12493823098761321567,2d8297820a666a66ca6f2973271ded7774b1be00c5cef580dc5388bd1b5b0c21,True,0.42074573936915804
S1,331,L12,5702040393729250522,1e72593063110a74cfa9d74f6ed8c9d3f0560dcf6de62cdfe0e5032543aaed58,True,0.39266174213142874
S1,331,L21,5918225091206899543,bae32778d467ce9d1497acc3214903855e4397371d1892ea8ec243ebf3ecc193,True,0.472538046221914
S1,331,L13,10404499321196119945,3999fde786b6df4e45458944079d8710658aafb3c4db3715cd22ad1aab20a18b,True,0.4068088752035469
S1,331,L31,9221487666570189492,049c6bfa5efc1fba0f72e4741a303cec23b6edfbde7bcf5b208f00ddc8849ed6,True,0.4402031469601266
S1,331,L23,8949491463243372769,f335ed14f1e881b12e30c321af0a0684e81313b4bdd66310314174cf0ac8ffb0,True,0.48172105771791607
S1,331,L32,11964466500539552061,30e5fba820e699b5c94a43c5e6846f7b3f93cc5281dbfadbb18894714017f244,True,0.42406680837780575
S1,332,L12,8286349689921484024,78438f895d3622f09ac68a4c7bb8101299e7ef194b25f827e15b953939bce9d8,True,0.39406079918501674
S1,332,L21,8589816418678233900,5bc50d6d95d59e6f88688febde7a4d13263db611734af55707c91101777b99ee,True,0.47032233918811595
S1,332,L13,8555790240092523367,9160afdc5f14eed7879f702215d88fd361e8a43a32bc1715e5e23d6ec09c9ce0,True,0.40827577765901
S1,332,L31,16439763607769344793,5e7c47c5d8889ff1a43a15738944d9fcae6a2a69bc728cd85d730f3281ef0387,True,0.44034839441377277
S1,332,L23,2578754205663429336,14cf255dbf1844f772259453bf113e09b420c5bdfde9c023ee2030cadb4cf3b1,True,0.4803057069201445
S1,332,L32,10957130455909951389,e0a0b7f20fb5ba21617f28e2ed4fbb23b035f96e500c0ee0bf48bd891b12ef38,True,0.4265768760553538
S1,333,L12,17292154897914579836,3fb65ae01d8b65756e9de08ef61d24083a182bb0d8b38b0d2b2cad992436f9f6,True,0.3925985045990734
S1,333,L21,4896548219001305684,1f72f9d5aca0238a0b7914cac47727d246365571adcc25a678e306b4cb302419,True,0.47514531820694433
S1,333,L13,11007473860718070893,855132c3ef48779d3959ef1a5b26d224804fc306934de07fd209681ed1bc953d,True,0.41035795025427435
S1,333,L31,9658985782749583639,21d31520eb9e5842eec9f723e8d48fc7db5439d150b599b15fe8f9ab7e6bc368,True,0.44835637748968465
S1,333,L23,7329763157260926679,7fd8e5db0aac092e5868c2df9b35470eab2aead9e9f6f123b2dba66ce20fd1ae,True,0.47854133527585496
S1,333,L32,2823504081924441259,f217c73521602aa78dad73e1264b27887823909628a6f2b7f74b550daf5f713d,True,0.4219783665680834
S1,334,L12,13347472144076012117,cd6c7a62f8c3ae6efec4a954b76b24b03e5a6cdb1044359abed1adca5111ef01,True,0.3909057610125992
S1,334,L21,925966515923082557,e34ede7af4880b6f16da6adf61fd2f720d6ebba989b458f5fbefb6e568b2c6df,True,0.4712830166898645
S1,334,L13,429940284230978225,82e1ab6e7e141f5f3d4df20236e915d2c9278271f36996305ebd9e5ba19bf819,True,0.40799767686970767
S1,334,L31,13570514254653962374,e8daa1b6f7de2b71271a8888b540f166235b9ac6ae1445968f3bdec5819f1414,True,0.44807507957051673
S1,334,L23,645960537687745641,cfb143e4d3411d1a648db08029b8930bce783bf3c85d688aaffe52e8a6b4f81a,True,0.4786015906415826
S1,334,L32,13255509031889425049,ed8fa8476da40d2c9f5d1584af2fe10a45a0095ed18670663bebb4a65bcf1e5e,True,0.4217927338469382
S1,335,L12,11329556784420355613,8854ed55114529dd9c6930f016b94f3540504d4d2cd4df12c1876204c5528b7c,True,0.3932867733197667
S1,335,L21,7249670166398680873,d13ff839a9065d7895668a184b02111660378bad5480a289304e2ab5fb55df4d,True,0.47323084002391436
S1,335,L13,17231242928305515978,5c4a3e04aa39f773dc40279436cee46d4d604f7344d811c4dfb5b3feda92afa1,True,0.41061460519206505
S1,335,L31,16898938576309110573,1076e13be60db8bba7cbb3c3e62941f0429ef3fc8d002e36cccf940fefbe50d9,True,0.4363222670265374
S1,335,L23,14286609010690854927,d7ebdab76ccd8edd51d27ae33e92c91d061f7835653a0826050fee0820a9b40d,True,0.48095776022195263
S1,335,L32,8494364410294803651,e7511d0658793e0eaec06815684effaf6a0c91ca5a2a589a41c40d7ba74ecf62,True,0.42360527596750874
S1,336,L12,4145891040341441870,e0f3cf201a9400a8f464b3832a367e201655300d7e4ff9deffb61d664b329c79,True,0.394818078371051
S1,336,L21,1281804186713430021,d625fffaeb200fafbe41e3d8ef39a778b7aeb39dccd8792f52391fbd44abb098,True,0.47434620480242795
S1,336,L13,14450364318179719645,135df634a536078cb95ad1fdd78920e8742a28a6e05023ddc1a3f314d63cef7c,True,0.4080952026723309
S1,336,L31,3452657655892152846,cf976d88669ee8bf5bdec67a2264c8fe4b661c57eb68e005b6c19f947e29df69,True,0.44645835815307056
S1,336,L23,14865194910738174500,00ae22dd6455160d546dc5fab0cd98e687951f80a8bd1533eef225aaec00c3fd,True,0.47275902716801776
S1,336,L32,17895515888017353110,f1596ce9f0b906c666957f3b88b0f2448a0a18c8ade89370522f5d636a02fe37,True,0.42851238677296855
S1,337,L12,5994997912404465796,ce3e74ad4348903434ea961d5b55ed76e3bf9e0884a7115de88cf372c62851fd,True,0.3906324469658395
S1,337,L21,16997316846048361616,ee50937b7e041a1b1530c9f5fa7aaa623a66eaf9dbe26df493b2d82c799c0610,True,0.46926478818114736
S1,337,L13,1319408133219006414,c09b7244607d91b0d671c4e08dc06eb1af59a7750dc3c9750491f356d9785941,True,0.41163103255980416
S1,337,L31,11415972382861116785,ec0b8474a0f3fed91bd2dbc68bda042fbe59c29ebac45bef9b536b139b335afb,True,0.435254131631412
S1,337,L23,9020147818312901269,16dcdea5d71eb9b30b894f9e72c22261b711ca6bdbb02db65d0447b85df8b756,True,0.47866744567556735
S1,337,L32,2648035681078886761,444609c8c701d703c7db31a308a5dd40a789bc5d70e3d503d05a6ea881b44ced,True,0.4250005177592854
S1,338,L12,17303554436878635808,9d93d4d72d9e744281926e9299d82f1b46cd22d54486d8e660154096d11a2f9b,True,0.3944694428804544
S1,338,L21,5960627072816325645,ecc232fa2eeabc8a41af4558069cc92c864e003a5eed4988e83130a88971c460,True,0.4712830166898645
S1,338,L13,15594461216633451212,54a2055a5504dd70f2a45faa0dd664b784585195b9cd2c8a29f2e73d4a6d5d11,True,0.40734515911646907
S1,338,L31,8943346253402068760,bad737d2ebd29c88eddfde5510dd3e2ac5f30a0380022f931e1189ab165e2623,True,0.4470665073478025
S1,338,L23,13390605836575500375,7ce8d4c1d101401a658133721dc7807fce85cd8f7e9c50b7ce7b9b3faddf41f5,True,0.47679020162511415
S1,338,L32,4654146825614500254,eab42c2d326431c17d50924ecaea300b77ede97135c15572524ec42f52c3a726,True,0.42481797818257394
S1,339,L12,13420496223032799651,7e94010a3c5606cff4049e5c7483bf63e2455922a1289ffe1d5ece78dabf920b,True,0.39555306346447006
S1,339,L21,8109859944445472203,ae6e8a3472239e688386ea78398e11aca2b9a8fb07c8c03c09308d7d8ea005c0,True,0.46674471730473643
S1,339,L13,11154322933444116311,875bc2ee5ff220872b3b7bcf9ca3717ba35844aae20716fad377dd8cc5a8b77c,True,0.4121304266723234
S1,339,L31,17331970102298210332,2fa59ca873c7fbbea1b270479802b3486198d56f73c6350b693f95db7d7f1a63,True,0.4440268955335162
S1,339,L23,344359415863616358,68c8be19e9160b339eb4df4a43b86d916457d9d1616561b8c80be7aa53909561,True,0.4786889894543149
S1,339,L32,16803847367075586480,48577e7b7e91ad6a142e3e14e3a80d1bce96f46f879d7d1b77441b2890a7f18e,True,0.42459041278913257
S1,340,L12,17791690109814069986,2e1fe91e81aaf590058c7ca729d1834ae249e859c4d766cf809641bdf1e15e76,True,0.3942899060057585
S1,340,L21,14773442005479674307,0491ad69533ae0bd305470c9058c5d5544abcc2be3997643cafc95e441afc28d,True,0.4748643593142695
S1,340,L13,11464212655793168716,d313dc2462406ff53846b15c605216881de63029825a19cf3c504a7f754dcdb0,True,0.41282279641709557
S1,340,L31,9698127914860133392,50589ee9c5480e7b4948fc8ae76d98fc73be271bc33f3438df7a1ff782124421,True,0.44282386590713135
S1,340,L23,11720352813622819453,c3b3989b8dde75435acf57676adfd2f5c982b94c3c9cb6302432f6b5dea37858,True,0.48006636311522344
S1,340,L32,12891335651090779628,ac0e0bed764dbf12ae6681c8dc806059dc8f69948300391f88fe8c8d002e27fe,True,0.42057109877103666
S1,341,L12,14207167659990657720,62f61dc78fcdf960bae7755964ea525cdd1308eedece9c93e9135b4b1a315279,True,0.3916207798575879
S1,341,L21,1439631205300428344,0ef49a4540d98dec5ca64821bc56f38e1bba7f1e59f13426bf006556b6172c7f,True,0.4665066646126437
S1,341,L13,1215326718191674901,78ddc93116b54545b7d453ec9413245f1b29e3336320aa4a573ab4207e747bf4,True,0.4084143846107765
S1,341,L31,8639668888708135818,cf0329999f61b9690707c2463392e41006c4484c88ac7b41bdfda151485435e5,True,0.42994755567919374
S1,341,L23,16331084472772269342,5a6290b4fff048551f4ee5ebc4d5845718b699f38fc91aaa936397872b8c7908,True,0.4793843481539415
S1,341,L32,2053894066292422235,d894347445070eaaaca61e850a0c9509ebfed5f4e601464b013c84dda72ff6e1,True,0.4263021739608992
S1,342,L12,9727060667685854432,4f1d8c528edb0eae0ef8d2a21670d76282ec94a9ea4f43244191559b230bcb09,True,0.39002483808475263
S1,342,L21,15152996773203063849,d84254ea90424da2490de91d5914a658820c12f470799113dffa9b8ed21244c1,True,0.47420181314428256
S1,342,L13,5954468442337057213,44982dba30df7aeb8cb763cb269bd12a05603f92a9fe339e25d1b940ff0409fc,True,0.410540963354198
S1,342,L31,17877901849732276749,0336121824ad266d46ff70dcd3f430a22b756266f9bdbb976a76b3567b4eac1f,True,0.4408710775010172
S1,342,L23,2632306644465922406,6e59399981d492b8f5ebfb931ef9ad695a2e1992d98a5fc9549b9e29d396727b,True,0.48025553434215335
S1,342,L32,6289088034628862677,1521d926c8ed94f24686f44d230706980bb8ba5d8e2522518793b72d83ee0eb1,True,0.42097416531962145
S1,343,L12,5426361532490608420,fb11848a787673c7f0e6118f06a56483011e68448c1222a7ca87aa7519f79fe2,True,0.38819645327994085
S1,343,L21,4275284478812718364,e8021e63a9e3944b7d6dc9c42bc092cb3a2acc4ba98ac5487cb251662a4a4341,True,0.47599852937132786
S1,343,L13,1843788357399861943,dc1da0b8b6e47b848f6b35ddfcb7cdf4724378353336000adac63cc1722cb27e,True,0.40280832531545097
S1,343,L31,7565431514025948598,13d54d63f770d47b43651f537c2e6a83cc3842b8d5d795c5729ddb6ef0bccb88,True,0.44345371212735674
S1,343,L23,12300107076283655272,43dd963fc36d49eda9b08dcc513cbf37cc930a4ec93cd1f814fadd565f99b57f,True,0.4817077936794798
S1,343,L32,11600843251080675880,40bd94d9822122a8deee3a6d5599e5d56cce937224680a769440b821a030a6ac,True,0.42495497041813957
S1,344,L12,14705701710188314089,37462de3a63382b385d58abf0c6c909eeb61918ef6efce9d48be08d62fce0f41,True,0.39268944326814625
S1,344,L21,18265959973559988814,77096d664fe1b505efb116b9c4653d2261123b7da9a679302c6283e83464b6a3,True,0.4705794802806064
S1,344,L13,1170465332828021085,88de8a15064e7cb443ae0875990ba7cdfbaf0ed6083243affad905d931f7049b,True,0.40873014846113037
S1,344,L31,15662976343713953101,6c7ceba53f74cac9f5d139fa209178b5b3fd6c588849a4ab15e830106d3f0085,True,0.4448231804103592
S1,344,L23,14257093326724970140,7115dbf391f9eb073bada3405320589f2619526ac7ab08de329790e133b898b6,True,0.48251912095528926
S1,344,L32,15792141698020278602,632a9e821a1ac8b1f73e3db64d7928a7123b99d22950ce5fac02b5ba0eadd0b5,True,0.42126357369322076
S1,345,L12,1141141615110565874,075c54fd4319bf2f18f0fac2db2947f85a9cc62d707a2b8ab9ea79f2b9b31d1b,True,0.3905688625183153
S1,345,L21,18303333357681694643,e6f47541c20559c9c1e4db6dc3f18d4c1d51e48a8408714a3f4c26f4480c5411,True,0.4682285916482985
S1,345,L13,2982151075819496648,7520748f32e6e727d7e52d18e2dfeaa4c555ec7738effe5f05c4d227da0f449d,True,0.4129170091703156
S1,345,L31,12725860105712487340,1c21ca52fed9d57aa30648c93769e438b76786fb877a04bebf6e341d26822c04,True,0.44039403190062887
S1,345,L23,10149057282391867031,19833558a07cf2eda068a5e76c0a09c9c3ced2ac0bcfd2700b1e78c4b3f21061,True,0.48059582505652315
S1,345,L32,12757535188470002922,db99583567f32802edeab2a8112f73f4a899f56fd86abf15d21b91b251c9c058,True,0.42701941771771107
S1,346,L12,14515771309597210174,4dcadb8e8afc4f4aeee7362388c21f720fd4260ce1ef9c8ff2e20dd13e44ad14,True,0.39003506844423697
S1,346,L21,8204663189636876501,bf47ecb13adef0cad7a02b77d2f402e35487eea1e5cdbb3d172884926bfbcd18,True,0.4677530825839626
S1,346,L13,13768258160821843693,e041c74c9ee0aa9ca61c0b2e3f82384b97592692dfdf18b214167b2550959106,True,0.4115344849985637
S1,346,L31,15443158158393569356,605985a13b9985f89672b9785a8f001784a3fb3112c472c1e68bac2d20264b10,True,0.4384542838530829
S1,346,L23,15695401167693544715,b334240d3f30d01f92ec6b148c43bb5335526d16a9480eb77a0b0c496549dfac,True,0.47453952982579906
S1,346,L32,14162872580967826213,67c05049f6f50584d0dd4cfec5f1a38228cc3507b4e4729807a37ac12f2e112b,True,0.4260481641285031
S1,347,L12,7081957635116457663,cfb20cc86aa7e40e0ef3fe810c6e5f173dccf8f2141211ef304c692b0e515742,True,0.3926562374070789
S1,347,L21,8300507165521510902,2abbff2390d8de6524ec40c5603a9cec0c3ff92ee2c0cfa6bbb5073bbb46751f,True,0.4656101205885828
S1,347,L13,16430674262118155191,2700d529e7bfc65173fe87a2e86fa51ea43ececa05c7fc93971c0007d1c60866,True,0.4081086964886155
S1,347,L31,13200471622461744883,34333ec9183e9c70e7d5f435b128f2dd5a37a4e88a8ebeafd846e867d4402502,True,0.43843887779026847
S1,347,L23,6435843292471334400,961b8cf823ac4779f33dcc8e1003e122b5d2e8521f5f67e748d68048570e6f0a,True,0.4834646369781738
S1,347,L32,425744454986968227,8ead4e79fd351f14aa125fa48408e13a9403f53ffc0837a2792e111211fe4089,True,0.4285139936263783
S1,348,L12,14948657861675807002,0dd6ca74d2d7f1084b9736706e1799e3dee9a13c326cd1813b5890e6cd7230ea,True,0.3922639429238426
S1,348,L21,5079911928502821979,957516a7491eec0152d70618ec0eb6c7b87026c25f800e0450be2b9505c87d5a,True,0.4697781606862034
S1,348,L13,10964618202573832327,811b1c9caf9329dc2838628bf5ecfd099f23730f1d8e5147f2789efc7c69d938,True,0.4127929280236315
S1,348,L31,10655936140819290516,527491623b9999ad439eb8e39229509ad55ee5672753844b0732fdbab7bc2673,True,0.44483251800333606
S1,348,L23,1615036361705105903,5dcaa35f41034b19c7a4cb9b539826cee09a1a3561774bbddab9622c8e5f6ebb,True,0.48403274031278365
S1,348,L32,2212910600480033984,5c0b94de758f406fb15a8b45d9f88b5c65bb904b37086b7e7d017e02ad2afbfb,True,0.4249741482202922
S1,349,L12,7602687937618402436,4ed311a7d1255d5dca3f736c0c59f92e7ea0e380f5fa8fdfb8a8fe9507363761,True,0.3945805970545338
S1,349,L21,3871287391665982832,a7e56bb7b0a2963e497a09b8da006c89534a0ae0f4a307665125513639acdb35,True,0.47175527939842615
S1,349,L13,16456897918186188474,98eb9c9541d67e27bf93550425dac4ab1af16c62deb671337ad2c2fcea5db553,True,0.4066569844138096
S1,349,L31,6093227371838586007,aeb0e4ced7afbe090d02960112357a79262eb52152842d50fda8e6c168423a9a,True,0.4408691663459881
S1,349,L23,7624218358643062767,fd6cf767d981b49aed39647a30589b5153ca1201759f36f0d3266dbea4bbe8f4,True,0.4758807896395523
S1,349,L32,16176049118908685630,27846fb88728d297a0c307129b915eaebf94828d28ea2ba00cea2ed20393aa96,True,0.42004439874856847
S1,350,L12,16590670591765207497,098fcc52ab4a2fc1430fcd09f89c0583aae0a468b96bab9f2d8f7578da508443,True,0.3901970637351941
S1,350,L21,1103361716756636181,298223c926deb018979b64214f9e2d66fda95bc45e13d9a05a07ec91f97b0606,True,0.46784041769364554
S1,350,L13,13860918728719459254,52bff23f98673bfbe2cbf1a3a83ef1ef03f8f3a02711768ae6f6888d68494aa2,True,0.4096722381381743
S1,350,L31,8025608635687664095,f3c79084ee96ca259a9e4a9fdcab8fe8858d64cf1cacd86748fbf18eed0d13a4,True,0.444496611146595
S1,350,L23,4929821848504863473,649c1a33879b2f040326369e41127f32e6a079115c5eb9e0da1f94fffe4fcded,True,0.4764570370216542
S1,350,L32,7315615574862160021,27544016dd282c8e6673271ac0d7de7700f7941cc27b8394199d61929a29ba90,True,0.42767982141550037
S1,351,L12,3528981482562737090,5535844de4d6ee2f4dc4749c39bf77b9803f9e54091736e04eeb57bc658fee91,True,0.3917880858908412
S1,351,L21,11481531065137556530,7ab7bd7fd3c1a25949a06097524de363e7f3b35dab830528331090711fdf08e4,True,0.47205148106937356
S1,351,L13,3429270645119045150,080c3e342d0523a744decdba4c9fe7124af4f2347b70d7e7bb8c884005dcf7c0,True,0.407481804197807
S1,351,L31,4978722704954329082,88068175c95b586916de17a1aa717e1d8e5e782accda9ecb54c4a0256b889fef,True,0.4392666779036504
S1,351,L23,14872812495525256984,47d69a8457d8ad286812ff903922cf43e08cd8c756596846e8b6934b6c4dd7e3,True,0.4790668880615394
S1,351,L32,154013528565363527,575ae46b1118cfc295cc6ac64e1bdde110b3cd74ea5e1b1a032bfb4f559425b9,True,0.4272296412981342
S1,352,L12,118671978935819847,cfa56296d819bb94ab1358ac78fc2b0245909e40781cdabe8ea23ac6104cbf9e,True,0.39772384642515
S1,352,L21,4956313747634667947,ba7f803cd9f81355b6d81ff98a0a45223c08a0c4a724ec4c8229789cbc954ff0,True,0.474355702466722
S1,352,L13,16853889792763693184,5ce215451b3e9e44c921c48638c2f0fd15211e91146575bbfffef928e885e226,True,0.4030562479588911
S1,352,L31,2439074272316980015,a72ec7256d309fba690601afbd876b4ee8ba3050f48c2efcab2f095183648b17,True,0.4418154430022563
S1,352,L23,4730053903222257909,97794e73b57de87819c4a899299938775a56df67d0ee408e2d5745d12c59cbdd,True,0.47913458859798563
S1,352,L32,5798948342737463160,4cc5756fa955ee1832d3ed734c1277945268d9e282294694e4e0a18dfcec64dc,True,0.42419941032115016
S1,353,L12,12254934275331173560,0a411719048930d99258f2ed64b93ce0e61e7386578b6d5cdb7cfcc6eaaac849,True,0.3958818865245034
S1,353,L21,8560611673283996395,55d618cf9415f13f6c78b9c4fd654029e59348214ef49bada7f3f24c8878c1be,True,0.4764045986222238
S1,353,L13,6859596575737959399,ddce49c651297229beb5c206ea72c773ac90dfbe0112f3a29aba9b9bbc58bbef,True,0.4053094554102951
S1,353,L31,13358857894963185681,c7f28f57b3e95caf0298e8613909425accc12085034332dde8f8a495270a5fd5,True,0.44920327446794217
S1,353,L23,15057687111196945986,2882b7231da6c98d4a3094d97cf40f3b2d47fae3b4e340087ccec2782b815211,True,0.4768093319408702
S1,353,L32,5324286142691316701,c50be3677702380243accc3744ffb55f2248628af3b66a9429db774b22aa7937,True,0.4290884221278167
S1,354,L12,5844281287689935432,6d29abdf4a519d028d1450c899e0c9ab1b798aa34ca930a465e88fcf165517eb,True,0.3926772838664474
S1,354,L21,14946868304016365393,5983d4976640f0b613282d93cae037273d89458bfbafa68b0d8cb93d944edb72,True,0.46877063929080365
S1,354,L13,15099466259233375191,140385f7019dc1d84e69ed0bd5be8039bb0050f66c6e7c733df86491fb88182a,True,0.4018962555644836
S1,354,L31,10847077972229383583,d6373a86e8db692cee23d3a18c41233293d35573a32e689d097871a21f2ee471,True,0.4406750894616889
S1,354,L23,13023478025312165243,6612ddd4812cd8ea41c75ed4e09e27e6bc569073047355dda35d0a61f7a7d295,True,0.4765338805133222
S1,354,L32,3814880697574418537,f6cfc8d8b081e4b5d22c0e7a4c0f2d63e13a8940e9235ceac5b2e39e84af8632,True,0.42230334046140705
S1,355,L12,2921447300834159512,68a63092cbc7d6e521f948dcbcb2f1986c7b5c732441034516fe6fe1376eee17,True,0.390935627942447
S1,355,L21,16737336790299926362,52922de17bc4efe83ccaa96d7bce332d33ad53827c01ee65ef4478c45595046f,True,0.4729188371561549
S1,355,L13,18130613306159412817,f72a02acb5dab5fc6fb4d20ad8df043184499f0e58a13c1eebc709ecc3c8d937,True,0.4067570873709504
S1,355,L31,18440924948203945093,a1372a4cd1943d3c7746fa3274dd4765f470f957565fc910376510605a21dc6d,True,0.44073233911459186
S1,355,L23,15419438755512861305,a434c904e35d901bd432cd077ae885ded699b2bba4bbd8fb8e33864dc0e9af6f,True,0.47396305914657777
S1,355,L32,10477483032923263001,f667d4ac057a15f2edf2dc9471b0e95b147f0f27ee719ec2598356557582d3f6,True,0.4277229680497184
S1,356,L12,15797579833642988274,3d102d9b6bd19e0b00a1c23d72e75577e49d2baee6d270ae9ffa83142c7e6f59,True,0.39230962385995816
S1,356,L21,7507044589212647763,ac67cbc94cac72ad622f2f14ab2fd93ba40908df40da62fd89d93ef5768bd917,True,0.4679951475148444
S1,356,L13,7958737150247001783,1d684b1b93d55065a786d9db5e20bc8d2f63855aa1832a17d69d4b7e0f60e3d2,True,0.4085392104792359
S1,356,L31,4512495875960591350,9bb75e1992c822355e6cf6805a95528c375789fd4c10011498e259b1eb8cf9c3,True,0.43540726453666256
S1,356,L23,11427668909758032622,c14b2820d28cb61ca84c6a72e2c537186367d1815e11b7ec7410c09459683ae6,True,0.4681342956497284
S1,356,L32,10486138303659313744,2c447cf0b720fd084d1484f3d409d5c6b966afc273501e2afe3787b00cf5e4c1,True,0.42821339717561047
S1,357,L12,14211264711385534467,fbd1a621119f30cd261fece15be9e1664e79387db8774e56551a0123d4085b16,True,0.39526194722395225
S1,357,L21,15782837036131475873,b4f4c9f22558a06d7e47712ad7e2569014481d13e150698b719f25c939a6eaac,True,0.4735291489529205
S1,357,L13,17058099159666329557,f3a772a9a382ab1185bd9c721328ba463d3e7554964f97d8ed70b34c6185e50e,True,0.4115575659895897
S1,357,L31,18258881163195152083,5c0c7348a2dd6df5084b80bab8a733ea5e8170c88501a17e5fb0f1c72bf71369,True,0.4355443117329021
S1,357,L23,531763558998777238,6aa1ff3ccdb060ade5bd8002439dec60bfeeed9c1af1c8b7988df4b70b945862,True,0.4821788903144721
S1,357,L32,11909236771259112473,0d244f316b7f5aa2f2670f330d6548456f254528d4fe4579cd4255f6dd8ac712,True,0.4265870357127467
S1,358,L12,894346098803582152,c41b7392dd2fc4a5fca9a7aa77c33a989e5f9dce432a4b143288ae0ab458f92b,True,0.39364918896460976
S1,358,L21,17468956273045518040,32108f789ac783c968f69869d6d6f72cfab979e90fb036dabb314e2ba47b24ef,True,0.47160314235007983
S1,358,L13,7130812500222355324,491d25992c0ca0824e40ee872dce05d00a81018b847abce6c9c3af1679e180bb,True,0.41503521383314584
S1,358,L31,11072832298789040768,be8d6a53281077785df72d55405754b371fb9027f75a09fa8030721bf111cf87,True,0.4427185954424625
S1,358,L23,12500450505115817895,cb08545912efc68724458d7b3af77682bc0d26e8d592c8796749bf5795e89621,True,0.4839029974896507
S1,358,L32,17860273859576310662,1f70c035c15b7b3b3a0e94b24b7ed9bbe08fcff1adfe04c0ede6f6a80fd97da0,True,0.4181796699700899
S1,359,L12,4570129840791094435,57dbd582d9d731a24139c5752290feb59f401c2f6bf6f12fe28b9868098b4603,True,0.39056034948418794
S1,359,L21,3487806186667202832,1fbb09bcde4095e66290c6949e05f4109d1be8833bfa24a3357c2848a47c2a37,True,0.47420552265188326
S1,359,L13,3975894596474847673,29a82738013d70fd9ca528cd46399049ca9c985802faa2f877b8c74709b1679d,True,0.4075456585647068
S1,359,L31,6162008421279244577,b97b4ba20c8fcba443901690b75e2812ce3a7fff27e83658862808f86f868648,True,0.43771145493836666
S1,359,L23,15695766591837989280,f953fc40be4976e06d072a204c8639c8ee92d1468e26d60eccc97fd691b5a648,True,0.47712616085818665
S1,359,L32,11675784262771948968,70044481d6cc89a145fe2abaf5b8dc5cdabb66611380ad29f0e384464ff6c5c1,True,0.4191598088735832
S1,360,L12,3557282266755728089,185499c7adc347fa73110df1ec77bb58618856c27d94be02d53910803145706d,True,0.39162702062930116
S1,360,L21,4825234837534770917,8e63b8c603b3f5ef0b3134f8fb34787b7ae6e9b95c149c3f9462ddb821234d03,True,0.47462086561363953
S1,360,L13,12202960907337866055,08e72eb53ec604a201d0e0797d00efe9104b91b93cca686c75b054f4c14dbf91,True,0.4120985347732573
S1,360,L31,6977412697069858644,254e205add767266a648cffc32ad722179185f7f396356a96f160e71c6c5c4bf,True,0.44659190796964093
S1,360,L23,4820629519729875283,f25c0112eafdac7489f974f5ba64619c3cb1aa5c004570a9d93c1f7bfcfabb1f,True,0.46945196130352645
S1,360,L32,1457620076734535251,1f20ad950dde17e489200450e5e2ff4af360e634ea91e11dcd958d38f404c521,True,0.4255753352388975
S1,361,L12,3829697004906384640,598e4a4c196f0a3ce8c626000aa672e1f23e3499cf11d70b7a2c48b88214987a,True,0.390970045684693
S1,361,L21,5474199270595194720,50e18efa8ebaccb4861290f74600bfa3d035309d2773f7eb1d737a94a14b27d7,True,0.4688883057009643
S1,361,L13,11896004420493089868,e5077e256b3872d2044db0532c1374d3d647e8afb90042b9de9dfe030479671c,True,0.4089410564388162
S1,361,L31,125595295877272640,459bfa8b071947c33b4a5c91c19e4165906ee766b62715ecd7802132990239a5,True,0.43688095299099367
S1,361,L23,14748884330148387797,68eef1f7e403681b660e492d9fff5a02d3c57aecce28f3fca490b62e0fa588bf,True,0.48150802945487653
S1,361,L32,469704744059703476,35669beda2bb54f28ceaf697b584e02d72608a7627bf91941e8325f4987999cd,True,0.4245555299759639
S1,362,L12,8203480074161889774,e8afa44b952b76a4eeebed961b07f3e0168e4044f0f262e9673925093289983f,True,0.3918173359398326
S1,362,L21,1499284954947051652,b7f2bd864ca2425b9d8c1a90899a86ba047984c74fc9bf9b1fc1e937d111feda,True,0.4682669499593805
S1,362,L13,8103168924656746525,98e4bc16e9d1b220282530456643d3cc638e1852b16214a9f6ea4be4d0bb847e,True,0.4128257133610005
S1,362,L31,13353720278497315531,9af0385e030378b5ff02d65246a15a4d8304fa59b712c18b1efa8da2d172b01f,True,0.44002809189231007
S1,362,L23,10094953743510375215,4e7896ea7479e3e0f30636e8a0bcef217e44fdeda161a719bf32a56092ed9a6a,True,0.4760402324917532
S1,362,L32,1702291689657858600,69b77e713e173781fa9897179fb1dfd4b37b06e017c8b1976fb45f45952a95ee,True,0.4256223360316377
S1,363,L12,18409185004984192238,0a0883b8c7213da7142dede128172147a01546c8a0ed77eaaee93163572aea79,True,0.38796486125493734
S1,363,L21,7280534750483524396,b41d36f3b39ae22e35596d2c288ceeb2635f68f5f51dfa9aca23a2731e0fb55f,True,0.47674186482593567
S1,363,L13,15204465317725679130,272a4db27864b24ca997a79f641c6f84b83652fe9b8101b0ded22fcf6543de06,True,0.4107577718088277
S1,363,L31,8754385697507373185,cbc17c192910a3a32009d44d40d143ac53c83fb36aa1382d3bb5945a853a1157,True,0.43959630676975203
S1,363,L23,3638438898966480226,3c86983875926b94eba4823c0acfb7311a770729745c58c89cfca85eb6f24c45,True,0.4751128318237976
S1,363,L32,2231317413330694884,d6e39a555ae22f5419c5a2399ac64e583c3e89760e6b083cd278ab6dbb8a54ed,True,0.4225745883708296
S1,364,L12,2595847970521370847,97e868a9b85794a0161b8d6fc227ce1c53715413fc65740ade9f180e01f6387a,True,0.3908034926624908
S1,364,L21,6922200359467829743,de694827387a5150aeb4b8b87054f72d3953dd1d5f775e8f7b4300cd49f1b517,True,0.4717542540091549
S1,364,L13,11183295580714632360,52a66cd6f243039b294bef81e9cc6d0a2ab3f842413bfaf8e22334f34eea92bf,True,0.418256678611143
S1,364,L31,4545687675328491027,6f4e78a3cd70766a50a7e0fcdf53cbd85c61bd9f12d8145370aabfd1b21fc181,True,0.4458777823955033
S1,364,L23,12190442626341295170,de02d6bc31209a4dac83932ee4f1f0f4efb3c4f240ea6daeb13a2f819ff337ae,True,0.48385266781135505
S1,364,L32,18026592065059777038,1ad4ae0d21ce3a4e3ac9617884ce9064e8ba1d4be85bd19c253c2aa24c8e53fb,True,0.42569254237056897
S1,365,L12,3857234588199383640,043b1977cd0ff29f96b6d9f4bb693a5fd03b69d7544505b011fa755289dad589,True,0.3926508506345824
S1,365,L21,2219888601960611700,517c71a2dc429cf3d3025e49fb184121928e5d8b5cc7223a7f12ff2202c2e9e5,True,0.47166451857114133
S1,365,L13,10505917515726328321,849d4b3801c89de4544a76ac5d37af1d2d06cc5613384a16cf5ea326a76ceec6,True,0.40644890814531787
S1,365,L31,1916061243044863357,c30d1ef506a7e8a68d0b8f089038e39cf16143d4f804d17d7a028d9e127eff29,True,0.4419274903622203
S1,365,L23,8819118433594555955,2d9da9906ff4ce16d7f5b42230b637edaf0b055fd5bb52dcffd20872e65631fe,True,0.47412361781024787
S1,365,L32,4655883725062658150,eb729eca48067883c3642a20dc8a676d6d505f220d1b39b29257b7794c5f340d,True,0.41839977337845274
S1,366,L12,9244355559571907200,220a377ed4f5bcb9ecc3cbe8463e3a561eba0954f08ac75b39a0c63988ceefd0,True,0.393281158102184
S1,366,L21,5791379669873667598,d99b564f7120782da1b31d9b8d03a040c79c8967a4f41198016c18bdb1a01114,True,0.4702447560764549
S1,366,L13,14366263875852818389,1bcfd355a526b0954bec9fa137ee23bd09c7b87b9cc8a6f2ccca543d07e018e0,True,0.40983105542978787
S1,366,L31,1770924628141757502,7d85865cbb763d477fd556e81268c28cc605026b2768c3ef7b3d59328b5a3b2d,True,0.44089283670091517
S1,366,L23,1255712901423280389,aeba0b36c92eaca1c974dcfaf5359512c24d9206fbd56cbfed9e0bd7c97199bf,True,0.47647452496605813
S1,366,L32,8857913801766201412,96abdb75bc0ea3ed2794f85fea8a5f15371f09d61228cd7ad0742a5bf05fdcc6,True,0.426240709776171
S1,367,L12,2723476476771786497,9edf495644e6006e0477be2ee66ed7ccdb75073be10559183a9cda9476d7cd66,True,0.391626026162954
S1,367,L21,16378637590843783831,d4af35393dcbc4c1e179eb22829ae48bc841a48db1ffee3ff648bb0a3330b13d,True,0.4724029001882266
S1,367,L13,12773420102559002357,53baeffd5563e32edd5386d06e4380b5dfbb8e757f028ffe507e82b34dee380f,True,0.4095932727310641
S1,367,L31,16568318845111543734,909c03a8f233ac3cfc253b00708bc8171e101e0cb1d927d9467f9f877d376cdf,True,0.4438248898538727
S1,367,L23,5037092523156664551,6dbb789f5d21a5fab484f87858495c1dee7199bfe88e36dac5209d5d50dc0d6d,True,0.47389004155005393
S1,367,L32,7548908971842190540,25a9523af20290c2dcdb5ada485779e87f18fdc5587164b59315ab09d399c9f2,True,0.4192181626269905
S1,368,L12,78265553758578928,97f0f3e756100f72c16de955c80fe7e7e5cc543d3189424f2bf2f755c63ac820,True,0.3904321913858391
S1,368,L21,3405266079858966826,12c4c6b878e5b946fbbc8c999136ce5d2735323bf6721c71707d7102b63c4e7a,True,0.47232362746833684
S1,368,L13,17698342829399846090,1885440c423a7bb980dbbd52b774acc38866e6fc697a8fe45af6089ac009d4b8,True,0.40721266231088943
S1,368,L31,550530846720090762,13a6f0e9af0d2ca1aa8fe2921370ab418f1912501dafeef755a0f70c84aee815,True,0.43747048819561457
S1,368,L23,14995810475744576542,67331fd073f1e9b0b3e74786abdd723256a974d5c425d1ed4ef773fd05df206b,True,0.4725197783183327
S1,368,L32,16333193680783500282,cc4d98e6550931c774c357486e9a7a8c88c5dad602b5634d9cae458573d0e299,True,0.4276649424692382
S1,369,L12,17129374695607581853,586a171e5964bd24ea7c772382c10e3584fcc3193dd5ba28b45eb6371e4463fa,True,0.3927138507583531
S1,369,L21,2199989504333932643,500c9811ed8c1f086cb99641b3cae0f620f850b6f9fc2c577cd9f2cfd853a3c3,True,0.47237362386782783
S1,369,L13,6579247777184056335,56a994023238e1e86b18dbcf0a13bfaea2fdb53b812d813bc502ec8fda273b86,True,0.4117127954814459
S1,369,L31,12898924861071128138,a6feab1f08f96f12554541894c3425632bc994904f5dd012c47bdd1766386d68,True,0.4395684204122175
S1,369,L23,5428421498670023409,1f9284950b2d2e99fdbb8221586b53f646ef0e3c1b276ce7aa14708523ac76d0,True,0.47875583701023394
S1,369,L32,16109048076090826409,3e470180a53231a3c19417eb3e69a70589c8523d48d9708738ddaa8a84575d1b,True,0.428920694032152
S1,370,L12,1103260126647686833,e4216f205888b0f881cd4aa73eb03a66f9becb885d7525239dbd9cd0da877c42,True,0.3917812022628099
S1,370,L21,9313138183250405956,ff503b86ccb1b3017f2c3e570fd79fbe570af4e2e6d21075db74fd73fbca25fd,True,0.465943967848967
S1,370,L13,7133546948482239862,a7b3b91f47fcf566155a05cb90f0313f7827628e6a713a4113d0e82fa3d2d444,True,0.40899149673261825
S1,370,L31,12413321528720648789,fb70f8271c6a68ad17124119ff3d001a8fc95b179f64c4c16d4c278f0e6c3910,True,0.437712124110764
S1,370,L23,13082243771556901279,49759bc1a8b38654106e7a2c6a93fba0a33830f03906e0f671651976636b6207,True,0.4795629541345502
S1,370,L32,3461510865660884063,2821b881171763cf2c4ffdae1c3042e52889ed88985d527f32d3131ffae992b7,True,0.4250742431109379
S1,371,L12,3582453815981789132,421d946558c327219418f21a199047ba3a8948945109f6be15c6336d3d8f8fa9,True,0.3897711356922139
S1,371,L21,14997896684773369603,38971a69b47217ec08c5c0d09d6e9dd39d6c874bb777d5e6f193645329160f89,True,0.4705271380245661
S1,371,L13,14292243591438610018,9639f09a23739a67714a29f2025c13ae01979789461ad60f211c92acb63d9f78,True,0.4070195964576331
S1,371,L31,10351445589665625915,9bd87ba3c4f658cb15355f1ab542244cd686cd9277e0dbb5a29c5fa4ec5eb6e6,True,0.4421535797715551
S1,371,L23,1354187225051213504,19b3c547b37f2b5b7aab53d030448a36e247201fb98352e882961449d77eccbb,True,0.4771700647360469
S1,371,L32,18223249920391023032,9f85fb2bd582e5b14b653019e3dd028092091e4391b9d3ec899e365afec07f02,True,0.4249366817724115
S1,372,L12,15764681855575519693,03c8916457de0e03c1bd798fcdab1ee4ce82f48984f11eee982b7a2f8af975a0,True,0.393257011003334
S1,372,L21,1567267826609836721,5e03f86e3cbfb8aa663b8f43db11e13392a590b933954e00c6bcd4462ed1ed78,True,0.4704297420161636
S1,372,L13,12455553127598280057,7f14d14de516206d4aab397e7d8e3ea0b78acce0012f9c2f875da0233a64c79a,True,0.40164319475239496
S1,372,L31,17143655298849076429,2952c3ee93d25b45b2b2d6d30879d8da3785eb744a103d1d433b9504635fe242,True,0.44224174646904657
S1,372,L23,7347125437746535923,28ea29e7d359bb9009a6f5c796b97a8168ad5f719b702f6dfa0cf0bdb6b8ae48,True,0.4761161504791128
S1,372,L32,1720917142549294013,001b2408b11b874076fa9c381313b012cbc6b1ba740b95a3109a2c605453034a,True,0.4266179678929296
S1,373,L12,9878299276175363300,fab0890f51fe4a68637aae91369b9b43bec875857511017f041db2d5e9b2d6bf,True,0.3939731490516887
S1,373,L21,11518057160056569252,59275fea84f88545570e757219257bbcab28dc29a803a76a74f6a85a4dd1c2b5,True,0.4716568089367575
S1,373,L13,1342804264080095409,c77863612c4044ceae31eba7f3fd30d3b8e2c8408ebf6201f2d55cfb9f2cc093,True,0.4038489475707425
S1,373,L31,10884458740384500521,74394a55e8f7cad7395593814299cad444cf4f9f875ad7a5c690d73d54d251a6,True,0.43829440531553304
S1,373,L23,17590651389853552748,04d1ed12e690f0779994ebe2b59832294e6cfa098817352243f9be07fb2e3823,True,0.4743300819318075
S1,373,L32,6530651328268131107,e694558051112ec1f32fb3dd8e5f619bbccf2a6f52d12f413a404c19ffd29aef,True,0.42552567095718846
S1,374,L12,17989812245275631572,84a060c6b2d2a0f33123aff8d6b7394c79b2f46cd5eae42f33de5aaea279a0dc,True,0.3926981303843579
S1,374,L21,14522763181941083918,5a0e2a60f415aca15eee56e58fcaaa99ac68d934a6d85142c99ff6040f1aa178,True,0.4724126376160662
S1,374,L13,352950517546469528,12de0de2fd87861708519e754b43d856826c3915351a8f0bcf444b19e27567bc,True,0.40795820904028096
S1,374,L31,850171469621392919,2a79a2a3ec41efcfd865a9bd54c7751885bf0c2d37c36448bd7c2d2cb75cb3f1,True,0.440303656290035
S1,374,L23,11287296033774009502,d4aaa6f80cd5ecfa2b16065e91de1a9fec872a22ef90e96ded98e5977892d9dd,True,0.4825362583558593
S1,374,L32,3186410881298596585,d84e9fe2172e3835b954a7b49a1a1945d43f1082d8cf344d031f2c49287b491b,True,0.4269775844407377
S1,375,L12,16045314314375877769,b89f3556a61be5efe7af3fdc463e00b1a1616e52d2d5898753797122ce05cd28,True,0.39223476834537113
S1,375,L21,3729770633086068901,10aec677e7f993747b768278768b60e86e8b8c64f0f3b90d6562c543432fee16,True,0.47450664468656084
S1,375,L13,56745997556096378,060f880bd035c502a988b281292b5a04d8fc66101a8527821d5ba8c4cf04d60c,True,0.40403374715260965
S1,375,L31,7791620485619108674,9c2ef3192654d907a98529e98b128ffea6051638124c40cc31d0b2bb82fffc56,True,0.43423090270904896
S1,375,L23,11552443765014096460,509ae83a6a41d03b57f6f1e7abba5848dc962eda93d73ce2d6e9b4750714989d,True,0.47767659927994294
S1,375,L32,2381540361718272318,90534708ac40bda114f9219ce2fb812579a68e262c97486e722d1419e2659717,True,0.42172452561066753
S1,376,L12,10349071277391851580,c1c4ab96876045af455a82b87d872ab0cde82402a2977994aa9ca68ad598fddd,True,0.39511818955483674
S1,376,L21,17665634822488501925,167f04b17c8fce486e262aa8e9a0d3af45135f7fa1317ce132c3c2c2be97433c,True,0.47179645451049634
S1,376,L13,7188615411239937686,494ad0b0906e0a2a9ee026a2d740395b1f4de23b612b5d934df3ae6a7e4e4840,True,0.4075207353880455
S1,376,L31,11936594038231574399,8e17fa35da7a87d13e3cdeeba84823c597aa366828809e582b6a93d27f1b7e51,True,0.43302868928810173
S1,376,L23,17271367584654109838,f31951b1566af710e4d429b88301ed6354d204c7f5c57bdbbdbccfd0a6d958b0,True,0.46774417326806367
S1,376,L32,189112370263599458,e086e38de90f89d919ca2d69ef72be9df64ad4d648f9b6990d65943c42af5196,True,0.420912539397273
S1,377,L12,1534840621326658736,ce04a60b5c34723faadb2c7a2a193b7ee1b7b116cafc67864bd8fdad7775a79e,True,0.3916857078737278
S1,377,L21,14952542452003831492,755baf920465645be640567119107d8162f7f7370ba9a56d13533bcb4dfecd5a,True,0.4724039329327812
S1,377,L13,2982212155166471987,9323bde65c0209e187c38e62f0f06a0de85f969cb13c94f4a5d6aaa6bf8f1d74,True,0.4123968691043921
S1,377,L31,4941448333688198700,badf3e2a7389c709b142c2a26c0c7c791d568b36fb047f110ce18f74dd3a5f48,True,0.4465972079677616
S1,377,L23,9813072986779948773,6293363797986224756a0a341de9fadcd2b28a22a5babec29897dce41b48ecbb,True,0.47517094255103454
S1,377,L32,4305548238030533246,c1d4c73d9a1f3a7efa4ee866be296d89346d750998c230328e8caa05b2795f73,True,0.4270764181018441
S1,378,L12,18085470911537766110,8101b2de871b986e666b01efc50bfa754d36e80a410e2fe1923acbffafaf0abf,True,0.38545512187805514
S1,378,L21,5407284768585016974,4f45f793819099b704410c9b73d62a41b5ad3644b39dbc85865e6a02dd1a9663,True,0.4693741349524959
S1,378,L13,6288348247608087979,b6141f36c1aa1f04dfb50e279c27f96fd8c79bd5010aa23eeb567f8d4c8564dd,True,0.40982886270793495
S1,378,L31,14657356371082267457,83590e46e4a687de963126a312f64975c836446224b777c8b60659ac27a0b06e,True,0.43364587634247376
S1,378,L23,10454099168189954317,9377a9e6184ab6281d6c8c0a0108613347e6bf723eaa27ac5b7330917c9986d9,True,0.4808651665940593
S1,378,L32,8224546999080095638,61894a467c6bfbdc3d77e2fcf914cca0eae7fca83213ee2be544bb92e67e0e3b,True,0.4265000404780851
S1,379,L12,8438539225342516181,7bbfc8075147b306d34b5b679d5b98e8d491dd32fca656e0bc2ff1301902d692,True,0.39120776894707887
S1,379,L21,14980055083500490063,ccb1376f65bb7e6405882d5b7dbade5586a59e76235c8eb0888ac302b3fea7d5,True,0.4729736096429891
S1,379,L13,10726556484445905762,f1f46175e16134fdfae234051ae5d5a2886e503ef999fe2caeb95677c46c319d,True,0.4089334947872087
S1,379,L31,8337881951051359561,58e82f360e8f57374802f0895c060c3ad604365c105f257c2de7358eda8bc129,True,0.4426486186011319
S1,379,L23,7811628399534696704,ad0af89f9734964a818a45067d73b7ad9dc5dd9345a266f18381128c007d0f70,True,0.48039755711125687
S1,379,L32,4454937426492456451,1d4012921425928bed8e714f30a95e7f05368302d3919c34866b319c3ebf46bd,True,0.42418112578974243
S1,380,L12,17616985873484241362,a2d71a7f3cac1a30f821b008ba47f59c2e794442c4237a363446a0e9c9aad949,True,0.39221907396118694
S1,380,L21,13638127494118009917,62f46026020c0b3e42bad4db2da06aa7d6fbb968e1ff257e24cded7d327f9a2e,True,0.4708399971746798
S1,380,L13,16133479458120601445,80859f66fac1218a94b860e71b0d9edc8289506e74d440e07ee4388cd9120da9,True,0.41309436175906483
S1,380,L31,3560341383293599125,7328f43ee1f106d6252a17ba514a31998ee1e0b5283f4536b4c41f063be5832c,True,0.4480927486198797
S1,380,L23,13342841037792425738,34c860d30ef63fcad7fb0c953d8943b386bcfce054a29750fc01ee5e50f8b5db,True,0.47931821399761587
S1,380,L32,5053164152041814778,d20c38566bb7212cdb8e04889ec4997f40361ae4b45823f5d09982075f50fd34,True,0.4275633943459157
S1,381,L12,5845738239214860225,bb2faf7e098849db2497a5717e42142cedbdb71b4f706d5302da96d9497c4d16,True,0.3916431724853445
S1,381,L21,18257405214860624666,d6f0cec9344bcb7d942c71222b38df0e7e077d9cccc9d0dcc422bb136931e54b,True,0.4704062749499041
S1,381,L13,1040115114704408085,c7893fd5476709e8493a9256aefa485c2b6f92e2ce2517e70c02e37ffbe05e19,True,0.40069654027714097
S1,381,L31,3360215810189302153,9f7448e93f37d51c2a7a4d0c4d32fddfed712ec0a9cedad0a57aed6bce2e9369,True,0.4375411074978412
S1,381,L23,17208713160118097954,e8f7eb83ee9fe0b7329580c68d9ba3dea4fc76cf9e368dde9ec7ff35a1dc019f,True,0.47832840954762673
S1,381,L32,5955153421318303576,e8e1a35d280f25beb943ff6c60719862f5a2db5c6c9e7b19f69daafc3fe4ab65,True,0.4235178426390129
S1,382,L12,12096144174572169122,e2d4203e0a036bd0754fe20790abc266b83df06c945ac1653e5c8ce6e21b837b,True,0.39184862481599686
S1,382,L21,348713557015531012,eb657467e13c560568666dd35afab0bb775dca7389c063edc038193c8ad3c4ce,True,0.47054451661290525
S1,382,L13,12734811288967046831,f81c6a4a05307dbaa9f3af7ebfb213267fbe0325107152a0fe6d831bf2349380,True,0.4121192275545489
S1,382,L31,583034041789324825,767ac381956ea43c5e5d0e9b3a47b68d18d1ba6f4cae7c3923d8fee2edbdd100,True,0.44285102610203125
S1,382,L23,19191597869231956,1cf49a757b8eb7ccb91bb5d52eebdd3b8bd672ec3d80eb2187b5eba95fb02828,True,0.4801085549022392
S1,382,L32,5718981166689763143,59ef2fc177d5ae2939f6e8b9188c64cdeed8afd13dfb8a58dc5e749866dbbd59,True,0.42632632351517086
S1,383,L12,3937021131404708977,4e950fe959f466c72f697711e9d0c334dbbe6e2a2d77bf85d93c672bc47e327b,True,0.3908364895754876
S1,383,L21,3902542231992159354,e27da1f8e4eee76827fc4575aada413f3872d0cbb4108def9a85338039381272,True,0.4743984725382222
S1,383,L13,3430830787178681225,bd4d555414dc3cba8a1690b81de1a55c33b7062a3e0c5b1abadeae83f325c9a0,True,0.4055326789324377
S1,383,L31,14567579975176629717,3c7951625fc03e2b4815f4195374ce7db05557d275bbf527a9f57088d9b3636e,True,0.4327219997916286
S1,383,L23,1988065905244407555,9524ad522663eff79ead3ee13a6116316d4eb46f61ad69d08c039c411b73c8e6,True,0.476253793024082
S1,383,L32,12125430480164011563,655ceb639ecdd3d37748646a977c89c307ea98c5e01b899815767caf641dd502,True,0.4266999357315785
S1,384,L12,17635516646531331907,b114f17098dce9d79ecdcaed7397f54a0257e9d2d1acdc1a3146f4332083c431,True,0.3899831143292159
S1,384,L21,14395305522597626089,58cecab47132fa9c100a36d50deb11ff491194d5b7654e1d6d54a950ae9690a4,True,0.4714274259174253
S1,384,L13,14232440291065794780,5971b85ef21b840cf8fc84ac99f54edcb350c96804182d28423bdcee4c29cdac,True,0.4098170162082391
S1,384,L31,16021142183551819651,7fb8ffb057cba1f0db28ba54468f7f7186237a2819b1ee7199a1782ebf429880,True,0.4461542441555857
S1,384,L23,7154812193435265272,2a0c6a8150a8bfeee2ca85811589fc31975c7c085eb3a909b20a935118ee9b4d,True,0.4836596781430949
S1,384,L32,6113481330777238698,81479b9d83050f62eeefffb4a2f01475e94b0eeb9b166f233dcfb03ff1f7ff26,True,0.42145532334643643
S1,385,L12,14899831426102209770,080ce3d771a83e83d425e2ac752a9685deb0dcd3e6eb0e3a6e88885a68b0eb7b,True,0.3932143047222066
S1,385,L21,9314303392001548589,d938ea3b4be03a932520a6c05b397df27719cd8f3b268bea70ea7be496b6881f,True,0.47434284581998953
S1,385,L13,13729487574723787208,c7b53b93a738f8f2bd805af6aee20eb59e87a4dc8e1606f925e29c2afdee51d4,True,0.40528727505085016
S1,385,L31,11354328107778158187,3400a8710196acb4d71838abce20000be1694e97be1779d5afb6916247cacbfe,True,0.4396413253776201
S1,385,L23,16233117990973397562,81f70336b00e769716ed44fafe7a186575694d6266a95f20f29fddcbec630432,True,0.4817007057674547
S1,385,L32,12253578209606274579,323631ac1ef493a7927b5dae1f1cad0b94619dd6ff628e86c4dc1bfa29105df7,True,0.42047000059861744
S1,386,L12,14341153936407831566,6ba0d9e83c4cd8206344d99181a8b78ceeaa921fce1c94e0691fa6daac0c0f66,True,0.38973747894507565
S1,386,L21,5826874566293604770,df429a6f2944c2c43bcbd0a7f316cd50ef0f39e32e1c9a4bb15cadb090192539,True,0.46846354111740274
S1,386,L13,5915960693833796749,df5bcc64fa04bc24e1bd1091371649fdfac50e6cd499899160ffa248bcd2a2f1,True,0.4131083544772862
S1,386,L31,3786256485612207895,b830018c9bacbbadf1f9deee91c0ff9636bd364784447ab687f85c028dbc0a78,True,0.44058409007699617
S1,386,L23,7725811259471362933,c0e848b00d7e9ce8e6b347bafc1b9eb972a83f4e20a0b6826cbc26c8c0b9efc4,True,0.4772049287430852
S1,386,L32,163391393468265733,7329bbdb53a43530e1ad3e1a2bf30f78899dd385dc8add6226dd0799b96fd1c4,True,0.4244130425244471
S1,387,L12,4207036605267074392,dc4dff45679d51a1abd86e079e6713cfd6c751e3abf42553e7a9c2c8fbd9af2a,True,0.3856335441538863
S1,387,L21,3329959345392134263,d310c9fd0fc72efadd2b54ee137ae81adc9a3abb0c361a07c35e2cffc17e79a3,True,0.4677924668910517
S1,387,L13,15900744440440182363,707b236cfac25c14370063756dc13cfb2e5b780131a97c52bb5c2a3b3e510f12,True,0.40682936041550766
S1,387,L31,6091897982888102498,280fd263a91be766cf07313a177b71fa69ef7c486d8712d75839b350f116fe39,True,0.4358552494621476
S1,387,L23,12741102888846545350,bb10ad5ba4863363a2d9f0569e02a6ce473ab7d2162d02a75fa40e64a19fd0a0,True,0.47548174495358464
S1,387,L32,6420125100226928546,d3b25045fe7e89480fbc61b066d9e030594e49d8abdbc8ff799e30ab43192e0c,True,0.4199136420391322
S1,388,L12,17144636906693425357,0988c6ddebe5487b18a87552da6474d3a25bc9d6ed36a1fb6a9c714ba6425c10,True,0.39399060757741144
S1,388,L21,3758659812184750639,da4c7c76965ca8a7cf137296c2fb18ba7b79ed0b0b286958e837cf4de3f997ee,True,0.473799231735806
S1,388,L13,11397301406282685867,36d7393d8086c7b4a7529f3c66e96dd1d4d848e9d4f81653871aa77dc4fd2b45,True,0.40525385198095765
S1,388,L31,11013652735978703032,628d399652d3702297e10f7de394e2ee64caa3668be6e05777a13f74cc78e124,True,0.44517515622079024
S1,388,L23,18298262135048340605,2f42677866bfb0d2dcf260e9da3311811eac388a42f4f698417833c3882de945,True,0.4802406061804576
S1,388,L32,10590419589229266370,9c0036cd5b44dae0c71c5fcd83fead32741f6ec3e7e636bd505eddd1b78df22d,True,0.42537568792241964
S1,389,L12,12088831529673174473,4b6bef28b7d0e1361e69a25f2edc0b889aeceacb467d4b9f199f3523669cf6c0,True,0.396201601265993
S1,389,L21,18328638634599202651,57355b1f77b47027de0372cb042535acfae2c8afc296853be770894394c9d3f7,True,0.472458480309877
S1,389,L13,2060297360454268589,db68dad0cff43d97a913e47266f0d45b7ac9c02b8f656373a116de05579bfb10,True,0.41403531207629346
S1,389,L31,142138302271150279,d7674710a85d3197c8fcb5e2d7dce7849350bb45b05e272f3b886600d642e6e6,True,0.4386395456509351
S1,389,L23,14731801378699488910,a94371a540332564eea08a0ad1faeffe2d92b3ebd59c0e0f24faa31f02dc1d2a,True,0.48121159360257443
S1,389,L32,11605812028448232284,ddaa52f721bbf41cfdca0a110da9f7e65aca47960a01490e1297eb826aca77a9,True,0.42440636298153467
S1,390,L12,6527526360753077965,4a17c2b7b15a27fc6beca25c64c516a12080af6bd74e4d440419e98f5e2cb004,True,0.39318063628502864
S1,390,L21,16022465580515381403,7dcbe8964cc8716e79b130e02a6f24100908a18dfae8bbc063ec121082543567,True,0.47303592243393294
S1,390,L13,15230571376735107652,da670826d65e5d98d78e8c57aa6781f8805e0794126f317e6eeb885da67689ea,True,0.4101334451129191
S1,390,L31,6594667074917065832,19bd80a7e6ada5803e0e4d5210aa99e5e1e5a39645fe1d4b17fa6c129e9427fa,True,0.4421790604888847
S1,390,L23,2517220440374673859,483946abad1e3c1774bf026c0eae95ab33ee5a8ffea7f2ee2d5432bde62f6fe1,True,0.4810968372526251
S1,390,L32,317217306389036429,b9c1622848fc488fe405ec06aa22f978073f3d351fa01d3acbd5f3ea8fc37098,True,0.4213847976588309
S1,391,L12,762500453226676895,b76a4d3350a57537530625970033f0c9d230cfd4a0c786b3166bf3ac9c4a4d72,True,0.39315277437659696
S1,391,L21,4392534982198304616,f7386943d69ea0b80d3696fd31c057712b9cfd85aa03e7e5533ade8e1a8e2143,True,0.47483113983497993
S1,391,L13,841422064552964713,9a009a18dfc337a356b3b9d19ac92a5698ab5035f3b87219a4cec08e2e664920,True,0.4114645916444357
S1,391,L31,7101215905293254244,f9edee9e0b67772cb9fa9ab7904a687dbbdc5282977aba9e76858758006e5050,True,0.4428899828022869
S1,391,L23,3367208594755846486,c843cfcc77d7ff7ac0efcad1cfeb6159f8a5faa562a029aa5ce855dd29b468a2,True,0.4734229521829077
S1,391,L32,4795892528022041211,96e9c6fa0af4220642ad4b8f74cb469f428af708660d15234a8deccbf8b9cd91,True,0.4181821453437241
S1,392,L12,11597241293354358215,76b7e5bf828b3d12b6116fc68c21cb4a7351c23695e0d4220c7f869c12b8b712,True,0.39583707047425004
S1,392,L21,4413523430794128922,33e7f5b03a934d4c30dbbafa918f503d4620d48fc95d016ab00c2552d939395b,True,0.4727457315004755
S1,392,L13,7144901841800236709,85f41f2a7dd252dc3e5804b373905dc57ec7df92b55ebb8c45fa6400f5ebc08c,True,0.4102154174995155
S1,392,L31,842974851683487427,0e82189af91636c7d83d08b8982d9402c256cf487fd71950276fde71e116a1fd,True,0.4391184684923264
S1,392,L23,17617854597690695666,1e12cda3eb83038c0a8c359b624fcc09f5b8fffec75c3242ffb9c238a4aa90cb,True,0.4778423908696286
S1,392,L32,13126780682281421024,ee5e6bb28513229de0bea409d928a500245172d45366931e99fad4794bc88f95,True,0.4245975427647788
S1,393,L12,3559505699101840315,e56c0faf0c72e7d117a9ad09f85b8fe55e27a974386c666de7bd646fd1f1ef4b,True,0.3935841971024323
S1,393,L21,6450547430033365599,191c28c688a1da8e8d30bbb35779cd3351adf277ae30b10e6c2d51d359634f3b,True,0.47157524654327754
S1,393,L13,15973006882786824226,f2ceac0653c720f0bdcb96ab2d4e278f31e512a9922ec645d91540d61398d123,True,0.41242810771262617
S1,393,L31,15358810852822586972,71ce7cac16eca28265b784414bb2dab2557c285b45e08614213debb4221c0513,True,0.44360667037361146
S1,393,L23,4925473915491191435,4780ece4c2221355832a20838b867dbb2f8948d1764578f351e8949719ecdf15,True,0.4820338715083408
S1,393,L32,12616578922081033508,73197eebb07a416576828560525409c0a039a65b1b4f31e6f6ea3417bdd38cca,True,0.42351332106548345
S1,394,L12,8596348636722628867,92efc0e97dadd54931fb576d4a4114362ac4b1b2617fe2970a166077f64ac5e4,True,0.39325954348594416
S1,394,L21,15959601068082870837,cbc354fa59d196425637b8890ce8b0d146185a18ffb64add487d543133000089,True,0.4712830166898645
S1,394,L13,1864848171346836957,fa5ea688632157da527c92a8db43e56f0aefd06d6da9b5026054cf48e7239e25,True,0.4076545370847168
S1,394,L31,16570175956431332760,3210d5ac45c4ebc198aaecea1a795948a8e9d79055c38d9a2182e823b9eade8a,True,0.44041246574283044
S1,394,L23,3313566322625233944,9a9bf47ccabc148c91b815e8b1f8d3b075732da03ee39ad183133f2da10c6d46,True,0.47590275978482155
S1,394,L32,2511629978312743392,35e53beba6af5b5b65884d2bfec074aad00bec7ced397df8a8d4317b1c25bc6d,True,0.42623988394722956
S1,395,L12,14795799992555030582,0b0f2d7b38e6dd4d3de5fc293b7c3c0f7274fcb9999739726ac3ad7182616d7c,True,0.39261169527727025
S1,395,L21,15865704549066680684,540d668fb5e357ad24b5c9b19f32ae95a6a0e09f3b15de36e00c2b2e9b1b8753,True,0.47753806610992794
S1,395,L13,16598507205726301056,4c111b87ab6e2e9ab744a44ac2b3b8ef115c2897fd2f93ae195cc8954303cbbe,True,0.4102732476210873
S1,395,L31,1640147915081788565,04c0035896017cc7a6bedda6afbbc2100be793e11c879a16ec5276b7f8160d7d,True,0.44625501570719406
S1,395,L23,16095947506949413932,b1d042c0145ad7349171fda963510ffbb2470f329547a9192ce2027a3c54038d,True,0.4801113457081218
S1,395,L32,15320411143374402345,9d9d1c5118f796ce3cd0d64a362351026ddb5e72841a1810401d6e9db9223e1a,True,0.4271850366414592
S1,396,L12,3220298424704222915,13453ff3e82934f670746a2401bd0fe60025221a13f3da91e1adb5958e6106b9,True,0.3903444540864531
S1,396,L21,12004218575141286234,fc209c8614600cfa0f9e85a77cc1dafc74e5c0dd518dca499192ea0f038f5f77,True,0.4712830166898645
S1,396,L13,14694897872878593711,6d34160fb1d8ee35640798ee03c2653e8aa3a93bd006cbb9d553541bbbdf8674,True,0.41167479423101216
S1,396,L31,11698799491969666308,13543d99069459532ac7b309d33706a34919b404e9cd5293909fc4182cb9d655,True,0.4423320618989409
S1,396,L23,1530041421356191406,0ad17c8e5286a38c454c5d925772584b76c903702e2d35e62239b6ecc122c17a,True,0.47858243553865004
S1,396,L32,3734161853112740876,3e015ef0b36bc8ce8a0002613344c86edd7d1460f01ae98c4f16a75493413865,True,0.42489782735651827
S1,397,L12,5124260428806588362,7f1b569029ca7cef239158306a69d8b6c791ce3db093c76e7be4522ac924ba72,True,0.3887576233169705
S1,397,L21,2207288979258768119,34bb65ba042c0344dea560ed80d0c2999be0b98170bdceb143f1edb0f5a72a63,True,0.46615942345235006
S1,397,L13,15557486739827686960,9857dda3d9aca08e0c5e27b804afd542aef048dff3830e914ced867a838a0229,True,0.4094472317447707
S1,397,L31,6659954801090525714,139d6cfc68625a918a0fcec611f2811a9391dfc03fe27ee837ce753d7ca25a2e,True,0.4428789253190376
S1,397,L23,7630043911133709343,c73332f4521427c2e224547d3999b7d8d36beb91a807513ccf8f77dd8b5f2472,True,0.4749838056719016
S1,397,L32,6260565102910647069,d20340e2c6c49b94040b1820d2257806bd2a28756799b9857413e93f7f4d51ae,True,0.42146210155148905
S1,398,L12,17048877804665707754,c79eb9ea27b6543a2454535dc79857151a9b39973e1334fcfcb9f1f416ccb2d7,True,0.38903670966921144
S1,398,L21,1993886441020318392,f7163093e524259841cecc4cbdfc454857d60fd0bfe534626676bce8fd2cf9fe,True,0.47361026737997863
S1,398,L13,16931286766238581538,1ef225aa423a54d4fb95618ba669cd93fef31de1e1307b8b74c55577af2808e5,True,0.4179463646551983
S1,398,L31,4271516735821117055,56f1b5bc4d35944744c93f7915fd4bb2e6bd0a1f9e002a790f04a088933e2bdd,True,0.4432485057198521
S1,398,L23,7728731120807738957,a1833affb9c03e9f9d953d7b5bb42363ab62a7496e4c6a1ea7eac94a42e41fab,True,0.4722104646170171
S1,398,L32,1828094515446939727,44c414f56049f75288d04f49f5fef9e8cfde04721aba7530fc1bc12c9cb1afaa,True,0.42501576591666657
S1,399,L12,3984927151049511134,7c4c9d27e614c7d29ad429e9e1a5ae9ab1b22d66e9fa8bef29b141b05ef38f1a,True,0.3889869367062474
S1,399,L21,13478517256111046329,5f79e302bdc0aa0d4509b0050d97ed9634720cfbd38a937d3f35e4075814286f,True,0.47120217651391966
S1,399,L13,10837377609950189564,8db227ae970091028e69505eee668571a28e5d0d31c4aaeccfc161ecee513ae6,True,0.40493128404114453
S1,399,L31,6763213958098273656,3298f89a2b0520b5335f2c5320c2f766a80ba960adb96887d90c064161bf755b,True,0.4425967029981744
S1,399,L23,10500887365521800980,12956dc9f779d9438dc1ea0436bb305f984c80a3edb151f59d6d6196b8aa1487,True,0.47356690506267024
S1,399,L32,8467016822453154152,09e8a3c275e7d12257b80b983f14dcec9f22cea4c8756f680135e1a5746f3a66,True,0.42412361737433585
S1,400,L12,5962392675504326180,fd8f0634e28d9c95bbaf8bbef107b1b174fa56af9738477b46bb9c999c58ae01,True,0.38829828760606955
S1,400,L21,705969257473447784,9fe792fcb79ff4466042659b5ac1d9c4b9c10530c90d4d4803fcd53e98f3dd63,True,0.4702216041492072
S1,400,L13,14381292826311181019,110afe974f1c2f91588929af0f2ab18557b5d27bcf5363c4135a30d4b0978228,True,0.40410029054069063
S1,400,L31,997810700676978174,c4de8a282c8adc672eef9911c0e3122deb7478c8a38fa62c61f792e49f739700,True,0.4426560368358624
S1,400,L23,4777251285986347852,35b7383184d7e1d483c90a36bc4166f97011c682e60cabeba1bea1234c036ce6,True,0.4775143023387081
S1,400,L32,3942448184281990266,a908e58f1af3403690fed0c63f0b6cf0e4993bdb64035cacc185d843b158f46f,True,0.4230248714344405
S1,401,L12,7931311978302813053,bbf831350631d6da5056c0d40662eb4005cd6e47ea2b111dee8972588a03b42d,True,0.3921372580841017
S1,401,L21,7171174478108380375,ae61511465b2a5b392abd067960686fea3e8544b90a8d91b5fa82366ff1f6bc1,True,0.48009409008265314
S1,401,L13,4581775253484417968,54796b48585fd76c3225412f3474fbd9d574016e5342b69a57a21720c3381186,True,0.40813380498126917
S1,401,L31,8973729804739177016,3912b186475cfd368fc20a97c9aae14d24aa1720e3f88267f2c1e2a2da92d7de,True,0.4374099198552875
S1,401,L23,11452504694421238929,50e956442b7c253147928542eee64cbd799ad5503271d812544d93776ec1a823,True,0.4779990585060755
S1,401,L32,1319333848592856392,3e6a807360e7af20f5d5fd975c3b5bd57f44ff777e6925ec62154112fc30346d,True,0.42774581504599474
S1,402,L12,15456576846032015204,c04b4a752807e3274b4995132638f3e0a5e10ed6a55bf6b9532728c975deaae8,True,0.3904748236899055
S1,402,L21,9313511313880285014,2ff6381a3190f481ef1ae030392f85d2166b24c2770af4832f7f5f14569760f5,True,0.4714648717245538
S1,402,L13,12185537864454165474,27825004955edfd7427630db4122af66dea49e61427f75c73d537ccc3aacb7c6,True,0.4070071545353448
S1,402,L31,11269791048484169052,2e786d023569fa28d127a4a452a0bfa636b8d042cfc1649a71a82ad8c92fcddb,True,0.44564212068020137
S1,402,L23,11067887409390417241,9f89f8faffaeedf24dab3725fe7369064b26ccd5634631f7f51c2c03cb1803ee,True,0.4844330632824015
S1,402,L32,2228825845093474279,f6e0d1d6ead9ecbce5e3fe27990c7b461e599678b9eafb571c34458ea888fb0f,True,0.4257501454361469
S1,403,L12,14312267808158406915,a2958349ff19fe06eadf35fc96301e168b05ad2154ad4a47813eb7982ac4beed,True,0.3946981271795651
S1,403,L21,11746556225747129633,dd73c57acb3c022c4114b012a52c52e259fa3469b5d60e3f225b50a9e9d01191,True,0.47615445347221225
S1,403,L13,7891171762724364239,d2836a2c25cf85f30320c97541907f199ac7f817a06770d9f5e589e42f31e8d4,True,0.40942478582737873
S1,403,L31,5593054417013407390,3ea204c0617a45bedd2bcfd053109e389992c6ced1085339bf90504ffbf020f8,True,0.4384652871224227
S1,403,L23,8855853423132220870,65e954fd3005d1b70ba0738d6f6abcdc107dc5ad0e7ab7df0b91312c15af4cde,True,0.47948584859084026
S1,403,L32,14172684041841955421,99e2baaa55f6432444291fac09cf2cf99a59fc58844e758d6dd9a838715d7dc7,True,0.423621489729478
S1,404,L12,6932634753632844080,cd83a4a027b0a8bc1e02d5ff5d65663e775fd5826022462beaf73e9e64852d3c,True,0.3917885811877841
S1,404,L21,13726485755046559434,0f39f3f503f8398f4f9e27847f583959ddbb5c7e72bcf659ca62ce9207137c67,True,0.47151367738746164
S1,404,L13,16264511114629543839,7a15273df612c2d936265dc94a8d05d7de9e6e8ea1d7c9733799b69f1b49505f,True,0.40901832416297035
S1,404,L31,13493503554928499484,562ba98419022a36750842c3fe6f6cc7434ff542eca027465d0db8554b4d7080,True,0.44194081394196605
S1,404,L23,9790509753019054229,0b04f7eaf5b2d1d0966f8c22d7e54992cc60ba7cf358c079230d63df67e4db44,True,0.47504296490501097
S1,404,L32,2453887018770495009,6cd9932fd4a6cbe3a8fc52a16332e40cfb9de9eaaca530a4bceaba8a51069a48,True,0.42463902342970306
S1,405,L12,15613828292613682537,0b117d56ec016b4662fca336081d62a6705663e4ff362b4ebb5e9994c6d3d1e4,True,0.39208211001626075
S1,405,L21,3869709980057008285,825528d1f103f40f4c6caa67594c6d3597d06b40070c4e3c22159733ba16943c,True,0.46627903031781326
S1,405,L13,11705852992301167411,2da506f49a55f021519503ad606c3178c2966d4a5473c678ebeb7e4891de1c64,True,0.4076598874957419
S1,405,L31,1044233565882190844,9980476d6a277498e2ce4ae98d88d9d4ba0f06bb314523912e755d836407d23b,True,0.43275815556891906
S1,405,L23,10246444689412377302,aba50dfde70fc869674d363a5b50313b769eb8dd6cc24ccd4a484fa09c974211,True,0.48088117735705954
S1,405,L32,9359905587901724221,339ac6aa5d475498b102d467d668c58e3655a3f842f92d3e086937e40ba2fccf,True,0.42854574424700337
S1,406,L12,14948185637434962400,a67f24a0c8c35501bfec8c19ee177c36d6cf72f381f06be5b38864b2e7fdbf46,True,0.3915297461229772
S1,406,L21,9988432468227757368,ee09a772bf11ee909a0b6bbf936b84b83ce8e82a18944a202c7ca15be4e70a8f,True,0.47391268328866226
S1,406,L13,14268089593391979921,00684b28b3977957f117e0cbda44b7a3cbc3e58e2210cdca75e5f93b2f96790f,True,0.40779160743944576
S1,406,L31,14785776365582706436,cd9a65160ba24f08d72d634e2fac70d5ca2ffc2c6bf85c7c1b9aab1df769dbca,True,0.4395608917655419
S1,406,L23,10725098526323201950,7ec3b0547586d668f087d932071bfe24fa1708adb68db6d0086c3c6cf5f3c1b2,True,0.47427888804257146
S1,406,L32,12077652068421220600,92c63ede87e4d157222cedd242dc70136070d19e42bd07372b71ae884feb6429,True,0.4231566851704026
S1,407,L12,9666650449729612444,357175807ce57ca7363a0528af744a0f516f649245049b15f84dfc07415ff3c4,True,0.3918529705975617
S1,407,L21,12893469031792858184,9659b3b44f53bb19d6c0fff7a23fdfeff5fd7e8aab14105c619a458efe581968,True,0.4722299432328486
S1,407,L13,13408099208626299239,0ef5f3ee399f1e76a26564450b6f17169d934ec6b6d589ad0bbecc1cd1251bca,True,0.41113327909034636
S1,407,L31,9730268568898911202,e47196b5de61310f2eb8fc97598e6c60249b9cb7699218f14375a23fa3ffa62b,True,0.44183278209242105
S1,407,L23,8652229528052925582,788ea97d19db5748f88520f6bd8fe12a7bfe9a5a7b5aeba9a556c024ad71dba2,True,0.4717266840529126
S1,407,L32,9484780213660788180,5d49c60746dc7ef568a8a106739c4c3f728abcef08dab3afd00fbf7a3a7bb048,True,0.4241686760422577
S1,408,L12,1718833364519780078,2095f65a6bb61c9151485c42704ed0fd8c407d013fa3feb6981758a3cc13455f,True,0.38936397439057135
S1,408,L21,12506011510488893746,1d6e10eb69730be162c26fa94123e08cb0c9dbf7645e7c0b1cdb907c651c1943,True,0.4733933932291523
S1,408,L13,12826400191978906085,09caf3b81bf664a8d1b9b25f765c84fda572f39fedc14a49ff21f706facfea37,True,0.40715502612189625
S1,408,L31,15731809038663602563,acbadfd2d2bd84e0815608cdfc31934c3184da583bef809d34d232e6e29f0ec4,True,0.4438313817135781
S1,408,L23,4996747850106770085,4edb9c2e9c057fe2897671d5ca04ebd7f4a57c4941feb70b12ffd0d27043389e,True,0.47831489867365373
S1,408,L32,13465094194524116019,4a1080bc9c78cfa87f6a2e770fe1b08cde2b5e3e5ce27442ffa8af5d31b7000d,True,0.4241215385275988
S1,409,L12,16565289578673325462,7521553a42045c4f430334e86cc9d06e6d49e374dc9f6b192b946f444272856d,True,0.39270328038442276
S1,409,L21,1910147181743598963,fa228427145f9ea73a0105d4eb9de5e65dd14128cc951a8dc1ab6700abfbc92a,True,0.47289110881321106
S1,409,L13,15328233843204026259,e2e34cd10336064eb417fec3257bcacd56f891249ce4718cca210d020094c827,True,0.4090174061295741
S1,409,L31,15078729299753515486,1ee3123cd7848301328848a637e4df8c189faae80bb30b51d8d4a4025d751b0e,True,0.43830875464405933
S1,409,L23,1520440011662323939,49ac4f21d583bcd937be515dd55f65a54100f3b8ab6473e23a49c068a1ab8224,True,0.47259285118084615
S1,409,L32,16264871275591039293,80fac7664358e2bbad73cac7bb449b2e6a6472a346881e532f7a1608d6684a04,True,0.4278569393909754
S1,410,L12,879072539060353877,39d071f9e4da08a1dff15bbc34e77233b984990e114095a82b6aa3f2340d62eb,True,0.3949499844978949
S1,410,L21,3792821247977746114,e09668ae64c9c5f2318f570cc1344139819050679b02917a7b25fd3fae2a3701,True,0.4748427775300038
S1,410,L13,18026584658564357811,09bd232cf1098988f6f6fc314b5fd31a8b6b00686e41d535d2c69d56139c5dfd,True,0.41234231536707594
S1,410,L31,7433631119166942299,cb8942a3a468482b8f02d80e4a602a67092bf68af4c8d03874635b599b5c7800,True,0.438664068900877
S1,410,L23,17916508851181391924,2a55913d0f34eb744bd8c05597481465b441dac86dda59376eaec57e0213a786,True,0.4793566649368149
S1,410,L32,1523096319552867732,c6462964a8dc42b31d23d1e70cc894c9b2fccbac20b13c09d32093a8f90d5c4b,True,0.4234589481786327
S1,411,L12,7224859459562306321,0c276bd5ea173d47b0602e20b3a3e9480e5eff281c7314eb59bb471f76b4c2de,True,0.39237747243909216
S1,411,L21,18019238234431260189,8301c75710f451dcd47f60829f406681f20b2d04ee35fae98933d92e89dd2c7f,True,0.47270207729630737
S1,411,L13,15097648941012632551,dc8704a56f42f31b7c5f6ea3aab17b3da0d60371dc976cdf6857192ff1648ee3,True,0.4066762962093535
S1,411,L31,7579184032689475727,d3546b41c9e3c98c70901a08c7cba3be3b068e3d9ec223fbe3a446ea6c002c91,True,0.44351350815710355
S1,411,L23,16662885711722667015,5a36a6cf1f7872117182933e01d8b919adb3e4d146f44964b393a38dac06d4ec,True,0.48045533282761976
S1,411,L32,14603546339791429906,b0c2381361d24368eccb1524753a7d94840c88b6fde0211bc8ec442e022e0d8b,True,0.4247383803254769
S1,412,L12,14479524655511362333,a51c2970c6e57592422190fdfbc0366e03e3ed79cc1ab3fa0b6fb3685c320c33,True,0.3923639470094057
S1,412,L21,17532869921025154975,711fb883bf2cec2e961f6def6bcd30f871ca2adf1bf5f6834f888ffbeccb0e57,True,0.4751547885628107
S1,412,L13,5726046655319623164,d12fcb68bcaa0859f448289ce939127cbe5bac0bcee4df3b955b78a1384dcc01,True,0.41336585413195986
S1,412,L31,6946210074315146509,2061b88580a07b383f2ec4e50cc1279cca74dd912bf25b36fde3875a38c89f6c,True,0.4421017937636902
S1,412,L23,3522860690362690725,f8125a01046e974dfaad9b4b5f6c67004820e9b29d4f58fe73b5968a3cd95584,True,0.47600231197527304
S1,412,L32,5750170488533846705,12d4724aab2f26d51b0b753433af5496cc36d6c7ceb66a3106652a5ac0247748,True,0.42255258208167495
S1,413,L12,6918822228588145763,65b44a3717beca132d3bf2da97bcb9b0c850ec2333d4b115638f7886076efff2,True,0.3904385568075024
S1,413,L21,10736981213724854858,4f797aca02d8bcafeeab13484746bf0f776b2e68520b015ec2038c78c53fe4f4,True,0.4699716373400755
S1,413,L13,11965118595611479817,3960a10e797ed001e4d2347e13b16c159051f61bda1f5148abefe388ab9278f3,True,0.4096512742629947
S1,413,L31,3250011403354734557,61367eec09fd532b813848458ac874f186605b9840d0a87aa97c811b37ec1b5e,True,0.43160803652013585
S1,413,L23,13345609734675074701,2485364e5f82b2c4adbdfeab12625ff13ea52e168a719d1bcc3ef7c6d9d7a244,True,0.473435020025919
S1,413,L32,6663610313613804017,473bd13b80f8bc315db6b1f957c34388d698adbbf18a73fab009e0e93b371865,True,0.4201006441792316
S1,414,L12,7303223339674621016,5d35f4d27938668afa8f5342ab31368ccab61aeff85e1d09ab56204f8d353f9f,True,0.39025353404647467
S1,414,L21,6454142681305256903,8e0e56a67a2104e9e8acac6319d7337b19813dee0c87bbe6298a16c212740231,True,0.468731037747394
S1,414,L13,9810944807433339943,fe77a61b2c1023b2fb405d6deb10153d73d596eb06e7b682a14c008537b46dea,True,0.4115578424896482
S1,414,L31,1217230108664076191,f3b21b8cb3db584e7d24b77bfd5144b322b2a9665d36fd3fd35dde32000b08d6,True,0.44557822660651103
S1,414,L23,17476433172632937864,c79ad765faef2a22d7613a6c9a861cd092d7c809eaa39708b367cb72b4302aef,True,0.4848209760006993
S1,414,L32,7334144833776470783,91eb7589ed347c5df974fa920765ae31684584dbfd616c32dabd9cdaa530fa9a,True,0.424790994763788
S1,415,L12,685645499421616295,f0618e3bb4a293be7a6bfdf3b86510ded4f11559137684ca55e920ef91a011aa,True,0.39173578013941357
S1,415,L21,10027192142318048627,31e48f27d790493a19192100cdac550b2eed04d0e303b59cb316f473a205118e,True,0.46798017941205705
S1,415,L13,12307579938606457833,e2e133b5b5ae0595236d1f6bc0df837ee91a069a6e0ae483f4bbf15ece0995a1,True,0.40751214653937085
S1,415,L31,2453606786355415450,c0f0cb93bdca53c553bc8ffaff89e0cdedb34da2cf175e51d8a3632c048e3c9b,True,0.44515412790546344
S1,415,L23,10466715013411680170,26cd3913a6ec9613f18f0fe6d46ab31cc54f2918ce0a63dd709767439466650f,True,0.48104742250628485
S1,415,L32,16788824570346615820,b6d6f0f8fdd80159d1f5cde3f18da66b663b8e7e76cfed8bb0c670347e53e3ec,True,0.42378596866949975
S1,416,L12,7379825738932761544,047d08edbb92433fbdf34062df8fafce51b32829ba022cff12241788455344c9,True,0.3911268564096603
S1,416,L21,4489690296957471640,43c2d4583576aaaeb44c30523ea4982568596edf20fb6a8f06fbb7afb0017ecb,True,0.4759337623974106
S1,416,L13,14491679265701937553,8ff7f20854d61cb0592499ab867536943a7983079582e678d8142cbe87a2ad52,True,0.40258018815766394
S1,416,L31,14438938233260117722,79936ac546a2e236beb357f70635a4f0fb7d7818f2828008f1624e4ed4dcbbdc,True,0.43614868204289287
S1,416,L23,6739159615031543343,e8d5ccb3992bf9d564907289f8c027ef1eab391b7ebbff782ab80a56ed83a096,True,0.47853547748936803
S1,416,L32,18123608116642400237,7adca0a544c8379ff787d0512ba04ce3ba023fb336bdabf889e0f243bcc179f9,True,0.42367158740499444
S1,417,L12,2380662073576175894,83d4b868d0472240422478c1b2914e788f7293772637ca0b8b65d10161dc4251,True,0.39628911122273097
S1,417,L21,14444091536268615379,cfbe3ab86232b8e2d2ae64b5f963443910a264dd4ddb1184385bbb968b75db2e,True,0.47311479843166654
S1,417,L13,165081890697910182,805bb248a1051559ac8b110c3ff5914d57750a77314146616bc3a403bef56c49,True,0.4150558185921604
S1,417,L31,16519745297004897560,aa1a9455122e7f7f062f307bbe89033bb974c9321e2d776ad584113f096c4f2d,True,0.44192679191431816
S1,417,L23,5011720944198671407,55fc8bdc7ac760597937a80fde0055b42aa45b0cb44d9949b9b16706bed1eeae,True,0.4752286929711106
S1,417,L32,4710782563684535040,9e7f8c03b5ee6bc14b99f2000a8bdfaf9ba1049a3752f20c1cd9e73c381b5a7b,True,0.4264235882789984
S1,418,L12,17922001261627211728,98f0e8d5e3b057fa2194173824d01ef0758e05b5203cf6cbbba3918999af976f,True,0.39153523329322837
S1,418,L21,4353838661277435239,ab1746b63f75eaef41b6977aa0efc772425ce6ee8758c67bda85604d63bc2820,True,0.4752240295444338
S1,418,L13,2713345453405208133,6e4bdaf8a892b733b862c36bd284f603f850fc78d8c63ee60967fd3c72cdd3b6,True,0.4073513690300971
S1,418,L31,10031605429453601636,0474d700cd76ec1a3239790ec31cc0570f307e40abe07ddb2c19d5a35c2e8759,True,0.43804519049264573
S1,418,L23,4770016701127215062,0dc59f96e9691af546c9c252a83adab070707f6a34f1db5a571ec02c0e5c8964,True,0.4756551854902288
S1,418,L32,854989287794643116,f643a200a981e1fc9da942db70c35103c5bf07793c5944929c243f133af81f72,True,0.42105403034206634
S1,419,L12,9799184319776970263,33ae2e66c8c4c6fc966dc58b31645c87a31ee18cac4791bf5d4ae39684f6f59e,True,0.3916464510791101
S1,419,L21,10891846730344736331,954eef09897731c79b33cbf8b4eed4f89be5f0763c09089f0fd27d00e2695ea0,True,0.4753949788844304
S1,419,L13,625845203998779602,c4be7d62e880a65899b691caea0959dbd57a66005126b35bbbb40a47d78d006e,True,0.4136222478048043
S1,419,L31,4711085294905255459,31ec8ca7a3218111ddbfa19715d3e541cd18f59182ccdc6483d5e56711bf4d76,True,0.44105042963713287
S1,419,L23,9766193056856316117,3aa23a0523b3d8006a6bad7770dfcc6dce6a185519f28f46c4d4316e7a94fd00,True,0.4779993283573099
S1,419,L32,12686535002417227640,67ee07c2e7b423944a49d0d39886890f96d8c138b54e8eec0539cf183162c49a,True,0.4225631747220145
S1,420,L12,10763981352182455748,0f8212eeffb3483be2925aa71d2889053369abd30bed723f9026e35b247f8258,True,0.39269377992887555
S1,420,L21,15118242619701042107,cc82077bb2af348c92bc42927560366154e9287c929f2d26766b22dbe20b4204,True,0.47665737658670554
S1,420,L13,18239434281381076496,5f05a93969605ef5fd8b0eaff7bf2d0252715dd796c2f56c637969c0b932b462,True,0.40820901648265684
S1,420,L31,7216954522790408927,24c470eb326007a4c63e4f4c6b09c12a12e312e8b2db39abdb23d922cc1961e1,True,0.4454842513212068
S1,420,L23,11252064978942115063,4fa8b81e109e9d284ec4f0d474d9cb3cde534457e26ce270e961b61bf06407f8,True,0.47828668898261034
S1,420,L32,14575702841763544033,24c2eb0f999f3eaba7ac87b06e3181b9c78e22c1a65274838274902ac4e78264,True,0.42457366436155075
S1,421,L12,8734336294641558764,6c2d954723a9af8e23438302f46a1c838557a6dbb58eab3ed6421fe210629928,True,0.3909754588648653
S1,421,L21,2804408042205182759,1fef823b31b239a04756b7e1b0e23bb6813590207e60e96f5232607f43fe6224,True,0.47069254399038296
S1,421,L13,2782817953544935445,0240bc9da23c7e4cd2bf14ed415e1550c1cc120249d4392654f8d50ed0d70567,True,0.41238971775014766
S1,421,L31,14302952896184053171,c9d683999b60500ff73521b8822b4a323a8b0a5a69f115f9392b42adac82c405,True,0.4392421798323356
S1,421,L23,17505091356818377852,a33d6414e3fd800e6806f2e945b6e42f253d03cb3003de358016950b75740598,True,0.4689150261998815
S1,421,L32,11783056713159563667,3355dbeb4979e4ff6c4d31058dd84cb25234dd9a88ed268bf34e5176ec1d497c,True,0.4228538994034608
S1,422,L12,10241769204889331918,8403db75d0d6251ec4322b66ea2d103c07a44f46680c2d2c553dd7a4d4bd1f48,True,0.3905626157865757
S1,422,L21,3217027084185901974,c3525d81edc2cda4b445068cfcdd93307a498aa1b787bf1cb1188b8c57057d7d,True,0.47337091653068447
S1,422,L13,15651843709792142727,eee34a47cf5a1727e4cd3f6ec9371ca6393612043fb9b8ce0355e5be7fff4284,True,0.40778553221979735
S1,422,L31,18336610383968455346,35dc1ec7ebbfe90b1e07bd5765277703685f6077f335969e8c68a3a85a2a7fca,True,0.43972590843687853
S1,422,L23,5411097089248786597,d5af3557cb5eb37a7b3ae8fb84754e19c8ea82332df40613d3a3532e5c8da35c,True,0.47832654541073866
S1,422,L32,11465552316859668848,28f3433f5c853a26895f430a4a2b924823c9b7ef5d1199b59fcda0e4e5f26ccd,True,0.42490906847928167
S1,423,L12,15952279191170064209,2a0ee9c837f9f4fd25f0526eef4af2046381294f828cd473b97e98cdfa64923b,True,0.39125818515083033
S1,423,L21,16225526115867154725,5e44f39716bc0199932eec693786a9a12004d88444f99c810d41e8545df68637,True,0.4728708509186149
S1,423,L13,9574622584967486270,6b74aa687e715f4bae5467c61f35c9fc9119da642ee88285f7300fdd8bad81ad,True,0.4058610653612995
S1,423,L31,9132732421958825044,ee1cec169f84808f82c99f5d8711e6b56146401a132cd5fbd2b9733ed4367ebe,True,0.4399594302901204
S1,423,L23,6800651876598023859,0d2b2d964037e9e0ac03c609aa1d55e319dde848e89488bb9e6b9fc2321aec0b,True,0.47253179939955126
S1,423,L32,11106474467974442411,21920acfdcbe8a20596b737279459b4dd284af25c9ec493bad4e63726e82a693,True,0.42494749103984714
S1,424,L12,10260503290090051218,f46fc58af16019c63b32242f155e6a587cce8171f600ad557c029904f18fe883,True,0.3939450453301959
S1,424,L21,17689015263947629004,ea9306e4a24e0dc9ebe7caf840699ea6161640747e23a9516e3e3a20ef42e9cc,True,0.47962269660321133
S1,424,L13,1625879430203753605,f485b149c13b3d8b2c122c7c1da939e588e58f8fc26ff76637b1779bc7bc1c3b,True,0.41651265082053524
S1,424,L31,4147078607125810150,07ec17933ea7e5c8867f65b99f718d2c35996d224fa4647af95272b4ad80da7f,True,0.44221111827161375
S1,424,L23,1525625985232410824,ab8c4e802d4b6932fdd8912f1db16766e35ed30713e86b18a8b5ab50352d1251,True,0.4816858353336624
S1,424,L32,7529432173189167837,37f74ef9688655e63246ae1887d17b220975ca73b6e075866b36b1e20ef733ec,True,0.425597530264559
S1,425,L12,17452424262622355409,2136ef91ead480ca61b70e2cf9871c7f861dd7b7330a1733cfd15892663958b7,True,0.3918296619097787
S1,425,L21,6693024357689053289,5ffd7d0f66504275749f06d736e9d8db3282312ee6312ad93859308c9e695b27,True,0.4694377092518586
S1,425,L13,5778260948460183971,802391c300d2345e0f7bec817bc7d4da6bec4a76a2111dd7f09acf8405d460bb,True,0.40495264083114774
S1,425,L31,12289219447157919736,2ecc50dafd95bcf97280c0132af6d58bf6349e1c171b9c8cc0bd4421061ba828,True,0.43816716155467544
S1,425,L23,7676221714401432725,b42345afd0b0a10a7e240eee55082c92e75b1d884690696c9dbbca37416f8ec9,True,0.4728041439897743
S1,425,L32,6101612561939833057,37187276c0e22c5687fd39f11e82cbe6949a1e2679af7f5ef6a4c568f1aff867,True,0.4253628793691965
S1,426,L12,12005627443434832423,cc84a4225a9960988ea74066ce3e65f2f959c6d6528de830285d6c496d5cf762,True,0.394532204893886
S1,426,L21,8532081851185790483,10c2896008a0a61864f3f1c42049fa5e7a6a85417567ae709e71c7d69a72f79a,True,0.47068284464242155
S1,426,L13,7704307331915210025,6d36c631e3d9f188f83dc696905290e1bf9166e5c1fd4e36bac2aca4e2cab1f7,True,0.4080515272767894
S1,426,L31,4965336902597776622,44bb3e5e47bf98d3574a0bb31d368d1eb063f3c39c514b6aec6f9d9c82f88507,True,0.4314301872945703
S1,426,L23,7332850321886962550,20328aba5d9b86716b114be628db43ece779d2e51a2e9ee0c63ccbee1f919cc4,True,0.47730345180324424
S1,426,L32,9553452458085321010,3328461321bdee2b68724e3ded05b4709c845148ded130573e6c94130b6bb323,True,0.4248638386592596
S1,427,L12,10562541848611674839,74d0f0c88009db4c8ddc99a1af37a7c479b077bb3b4b236617f3a6c84aefc45e,True,0.39148464636580393
S1,427,L21,13563832935135114255,f18916229f2709b6ff672f3395f7edb840d209ef0c0cd3b445d5ce1e25e7d54f,True,0.47163318652429925
S1,427,L13,16230319673556130635,d7d1b8e0456a6fa802e6b25d9b400d0645bd2aa693a95aeb38fd210c1fd9310a,True,0.4091484418277701
S1,427,L31,16695391652296298719,f759b60987aadcd749f832f8379dacf55cde8dfac55d43ddf779ff662c4cc3ac,True,0.4446919044018928
S1,427,L23,14292191590349160384,5302d15ee259b077ca53a6d25aabb0d430374e88f03a3100f30a528ffd02319b,True,0.47856455720835334
S1,427,L32,10289477556756825594,5d38ae32730600f2af62ae9cf529a99f007cfd88f8cb7f8793a9bfef4b3442d1,True,0.4266674554129455
S1,428,L12,547945151119445160,6f705e418315b45f8620cf731a021a862ca2dfaca9ff76fda5e90a0da6f23edf,True,0.3914347199614919
S1,428,L21,11602187851992091503,0067122035d2eb79ce76d3933b61d33fd1b1b87c9b2f0290538f2d00cbf5a0ca,True,0.47378406810936535
S1,428,L13,5830811796628470771,b21d087f0034934f8c605f36a0734b90d03cdac036573b9297809ba6409b0da9,True,0.40012746324635656
S1,428,L31,10987398330529533616,f89ba6b54c7fcb16f5414947ecd6f1910b8816df84a30c0b7fecf75572fe864e,True,0.43646368085197795
S1,428,L23,116756634050184539,c9de490fd3fce33f0987c8b969b8c054991c871120ddc958954bb9807ae89c01,True,0.4759312600214749
S1,428,L32,733780048503753355,f50663b0008703e83acc2ed3333a8769fcc810042532907da0a61440a80fd6ec,True,0.4272235635028972
S1,429,L12,5937507917946764201,23d17b1eee2b1677d64c52d3077d37be2e8426acb46a91c30cb1b881638dc873,True,0.3920631851862779
S1,429,L21,15618556531381086961,dddaafa2e0bbcb9297fabe356deccd8f76bfd5154f47499f40590a4d3fb7d268,True,0.4738125104254671
S1,429,L13,1710931097431202841,e7e88b639cd80f9df82346c29b946fa1225c42360569ef97b2b86bcfb53fbd78,True,0.41150462574773605
S1,429,L31,5982360604805349362,e418f024265524ead8ed4aebb38a197988a23d13bcd80f5c3e63abda7764fcec,True,0.4386634572070823
S1,429,L23,14474025938574402356,990386c8d2fcc40b61c6fa815c87ff196d694f2c08e96a6b34817bd34152d071,True,0.48160207309343306
S1,429,L32,8091140343502622959,91653b3129b19bdd80c408284220b26b3a8898b9c30cef0dd8a6a12fa67a59f3,True,0.42154493788866787
S1,430,L12,15309420448853706079,3f9b083b134dd3061ea2ebcd99e9683c2e1fe3c6580c649fe7d339a02d42ca12,True,0.38556543036636903
S1,430,L21,7664806949856439105,92b7afcac0de6a65497be867c4f40fa38533e072acfb2b7d56721c369064187a,True,0.46866459786658093
S1,430,L13,9657788851086299978,fae3c2a6c2e71554b22dd8e82a9023a5cb1cdb5e3f1059fbed67ca73daaca691,True,0.41745492057542316
S1,430,L31,14629508872313799937,40ad0fb3945d2b645c89ee530e8ba209dd4d160d79c5ef2d93f81d698ef8f897,True,0.4411672076265254
S1,430,L23,10833648047144975530,69eceb2379fa4046d044b9c7ffdba1fdbbd173bcb893c1adb5e5840fd3d78b95,True,0.47285411751765577
S1,430,L32,10794658831141062148,191d31f6c066893442a266d0cdde50fcce2085b151a5cd868f1af2cf27395151,True,0.42413032526023253
S1,431,L12,9596878929682230613,f78bcde93b618e4b02c9af6075b5032de05ab89900b63896ca55736d067a2976,True,0.3923857159850066
S1,431,L21,5463186748636053708,7f446ee213720c158ca3186e48efa6a735fe965a8591a1f7f3dc20c204ed463e,True,0.4676848392002215
S1,431,L13,15432478502051306791,9d31fd8b796505173c325050608aead4fa6d8c14e27a64ccf857fb60321054f8,True,0.41394254960255866
S1,431,L31,8889375848222795650,181080353a8d788b391b8b37bf595779ea87e6f6db2baf830c7e14feddd8facf,True,0.44272142060198644
S1,431,L23,14511790533011069369,b391894e5914749a1de441eef8c1ae4d3a315da31abfe6515b10195178b3bfa9,True,0.47254136288010407
S1,431,L32,211882714875581814,3efbd73956fa9997bd1460b4eceb615d949c181777318bdbc63aa38315201389,True,0.4245950838567313
S1,432,L12,17812550844867873386,60e715d6c77de20ec68cf8e302ac95e739c5a1b9e05beb5c0ed751716e4f79a8,True,0.38647947789053383
S1,432,L21,14713352072244485056,9aa832b03f9e4c6433b63954a0a8c5a2b1849d3a8df312cbfcf7bf89146a5a61,True,0.4712970181479892
S1,432,L13,6120785629418843696,457201e54bc9a5ff8938fdc4904c77b8f73a17e2a49bd0f30fb14953dc3f0cf4,True,0.4085561274488342
S1,432,L31,13620008570108350286,d8df586499f2e3f6370cc58fad6bb0e8bd3988781a22ec0c7848f7ecf7e8b8f8,True,0.4410314035111311
S1,432,L23,2567675607048683155,66e9c23dbd255c2f600620e44339067ae46c1f1bd016a81c10de41d922d64875,True,0.4823177897232454
S1,432,L32,4753371731476648514,ba2555f330762fa89d3300edf7e23c0a14695427cba2134248c24221b11e15aa,True,0.424123713832024
S1,433,L12,10172481923265521714,01d896c4a516b615d4ec1e8bb400875955ec55998ebd796aee2f0544c4a16a6c,True,0.393281158102184
S1,433,L21,17839169213572131956,267252fedc1ebde0f64ed49c13cde977eccb9fde58e7211c9d4223e0a93d18d3,True,0.4740768839978394
S1,433,L13,16420107384344108429,4e543020b6eb7f1dbb7071c934ed1213829e6ebec8d0964c5df41707fb6eaff8,True,0.4103587049616844
S1,433,L31,3093784898217928693,c04c34840500a54605f747218cc65097a1b350d184e4667c8075512485bd0e80,True,0.43971834054272985
S1,433,L23,2081361799719394231,6f88ca534688d29d8dfb1ce03979fafc3ff5de3a3fce1b0268002b3d365525c1,True,0.4748745842121418
S1,433,L32,11066969562430282080,3fd939c5516d57442e95cd31e5b06cf19677db174aa675f3ffa6d9cb626955e5,True,0.42493599667682774
S1,434,L12,3252782853081448688,23d35ab4d481aa470cf23563efbc6008cc3e494bbfd72b5687cf744559264143,True,0.39107782740547287
S1,434,L21,2964758585443128660,7c91e8bc6a4e188d92d2c60ea50620dc1e3338f5470d3b0f17c4c516052d344b,True,0.4738232550506109
S1,434,L13,14520960061248284976,db4c09e865660940a046e65b873d9fee203e807e6509b7936c81ddaa74819a2f,True,0.41114906914876037
S1,434,L31,17834119579533089569,9c378955ad45d10cdaaebc12f82f9aa1afe25c190cb29bce58ebc121dc55a672,True,0.4470281033864945
S1,434,L23,11190670980858734997,85d3020967f33207e21e5af445d519c933ad2430f44427dca75046f7afcf747b,True,0.483686476720959
S1,434,L32,17805294066668035098,43c44b380fa5e678c6eedf85cb524c7f29ac9dc6c3b0bafe7390ba05b2bbf005,True,0.42556301546905667
S1,435,L12,17612977876850539422,b1ff29dc45825b1a9cabddf5d9976fc510af2784f630907e2260a1297c864f47,True,0.39062818301289837
S1,435,L21,14803775435187465975,ccb09b756de893d4fdd9ad0ff6b88d52147175115544f42960207e8f2337f0ec,True,0.47045755424241786
S1,435,L13,4361535956707687524,6a56e1375e029933f15596e339bdf0f55748aebff7ee8e855099204864bdd76b,True,0.4133768732660888
S1,435,L31,17301018893979792051,defb05bd1bcbefd7ab8d8b18224f07444960ae1e792da86e5e44bafef6fd2bfe,True,0.4440184422760531
S1,435,L23,1404729181014813199,caa5d8d0912bfc1cb63553dce496c01d02a866e96f7144745380c3ab85380b15,True,0.4817543666590738
S1,435,L32,5123613584361880690,076fa86c90b71ad3cc02d3cfd345226131a4bc16ee86ee057fce0285cf9be997,True,0.42318525723995026
S1,436,L12,11861621593495710097,1cf7cbd138a9cb1f40263b2adb766e8a517788b2a1fbb5aaf4db8a04e7311409,True,0.3936773848873402
S1,436,L21,11945205929943193300,81fcc0af8f5ec0ac90a9d7fc8dd29c1c458955784f864ae7c947f64d01de8f5d,True,0.4745275787205482
S1,436,L13,10141857758585001676,9327cf9922850f72c7d425d6102618d0ad9164fcbbf46e5e8080e74d1522ec03,True,0.40589015168748144
S1,436,L31,3271072700845030840,5f1f5339e3268b7726f46a481d11cd6548c54a0f1ae1369aaa6a153e7c5f7132,True,0.4389809055775124
S1,436,L23,2489411279565925047,84a68a01ae9f7a2565730b59aa0c4bf98b546d89636892817ca0aa51756c17e1,True,0.4744877261363759
S1,436,L32,6184084997315725638,4541431055c121465e246d38525f6271cc2bfbb0989b2293006b8f0de87ba6a4,True,0.42205679003468
S1,437,L12,8917980726511351730,e3a93b510445a503a601b96a0aef9f7cf3a61663f5a9cbb4130ee0518ea4a9ae,True,0.3918434001920569
S1,437,L21,16770638980210626005,04b0f2bd5446776874446f8cadaf08ff6ddcbf4831319d9a33f3c457c37433ed,True,0.47255580884872883
S1,437,L13,13631931580953365289,f173460020fdda5656c14851891f0c6a029ca444d179cb194748a252fbebf55c,True,0.4092950113127608
S1,437,L31,13014222337019578472,2aab4a0eae4d1200a0d39f4332dd2a64950aeeea7cb81adc91fc2e91f1dc65de,True,0.4476875738397647
S1,437,L23,2024205818631426203,ecf91d2330b1917460e0b710bb2d3d1c08d770030d12d31afc1317df6e7f542e,True,0.4790111569181866
S1,437,L32,8402716154201104179,2aaeaafc0f4d212684278ccc0ef0b11a4929c3ab08165786d5d3fcc8acb52d6f,True,0.4227767912467095
S1,438,L12,13693278081733492575,2b04439de0798863ea023b540c459eb89d839f99b0eff5fec85058101c8fd53e,True,0.3924225846090787
S1,438,L21,8729241288586096733,af2b4313d726c42be03f6a86a2a16a7be3f852c380c018f4dbc049c74ed63854,True,0.4736844455433115
S1,438,L13,11472460750993991725,e05fc103319ad5525a38331dca3f8e69c74a0bc12a7746d095c4264d8b0e84f9,True,0.40600282885610584
S1,438,L31,53580824798531416,c9767fd7a5dfed7c5d1a4d0d0279800476311cf2e0f66250a106040cad94214f,True,0.4395218068766213
S1,438,L23,17619303953197771779,1ada47544f41af73694d9854b6e5d30606f9625de4858a7717e173bb61263d99,True,0.47903895463056706
S1,438,L32,16640638735420074083,53745961457b146aed354d30b99078df2ef23d45391b4479410f282157525d41,True,0.42175027455162684
S1,439,L12,15209510233551673320,32eeadf6be7c2de5c4a03f871f7855af0e635bcd9169176286593b7c5fec41cc,True,0.3937589379845959
S1,439,L21,13170358899551771310,864cdb80abd9f0a3fb699d3b8f50a41ad106f0d9d91fb18d42bb897fa3afa3f2,True,0.4745118716910459
S1,439,L13,10555094017712189277,58f6f4a61242aa145cce7e31c677551afa8926616bb7d9d6d014fce4f22fd620,True,0.4022929421239164
S1,439,L31,8939208680537159834,5603545439b42d618ea2f573a7471a4eee9747e84f688ded86533eda5a5bbf75,True,0.44279819512454194
S1,439,L23,14870924656292358507,3208675f7ad4d07e0638701b642f6322821d77f4a0c34e9d883bf9e88f7f53df,True,0.47279748022596935
S1,439,L32,10913495707800001943,bf6c9e2f0a1067e6277aafa5a5d39e4967684dd134c9049668370a44fb8e3ccf,True,0.42267923314142913
S1,440,L12,4606170122248659024,8799310036c8b5c8786fcada8dcbdc9572a2ee846367ea627b0278a5f44322e6,True,0.3929998829906165
S1,440,L21,7245341640432872031,3d44d43e3bcef2d3cf93c5cf81bd51dbf4dc4fca74248a60e11a1e4451771c43,True,0.47159444772970227
S1,440,L13,16432544489344837004,0135bf333eed85c931b8868fd7dddc654a3291da31f90b09bd09c0595e624913,True,0.41280951777178576
S1,440,L31,8364397923059129744,c39afc44fb3e5a60ba3d4c2de037fe736685be013d9f14c78d5132dc21c50ebc,True,0.4479643190561488
S1,440,L23,12616048484969486060,40a9d06b876f7b649bd58f9d9d03788b9964df71af763b1737c2f66a83503975,True,0.4729339496345358
S1,440,L32,17187704078401225141,e0d5006b3fef351c88443d9d40e218e0ad7681f3cf5eb73c6f20a36d9b89da3f,True,0.4250346260529566
S1,441,L12,5325506363044298170,ca5294f5bbd601fe4b62c52b499341506daa8ce4f44dc30fed6cfce9b5bd1519,True,0.39301851516695085
S1,441,L21,5876938417409719517,f1474e989682c07b7971cb6d45c0c293a61b2ace91872572fa7a0b68660d6bbd,True,0.46569357292202923
S1,441,L13,15325919346656241242,52e0969ea29ab2261e4eaf01e44df1a05103c40da28ea63da7a6baf79a4ac825,True,0.4012422025949008
S1,441,L31,6641600822099033599,e020b707848e9d13e466ac5481955535ec014514241ef081addd686152c6c9fe,True,0.4443050963812886
S1,441,L23,14058307789254905044,6048d881920c24f3855e97e21dad89a7e6a8c99b71c8c0409df92b6654651715,True,0.4730392425799216
S1,441,L32,11793838638551107916,059e6ffd232e3dfbccbef89a0aac23553245d86ca6878f456bafc0864345811c,True,0.4254085981195779
S1,442,L12,9748144842217739900,1837db3889dd0a92c00433a8473d06d4802c5eab8cf0d127d7c6f2ee0485bf49,True,0.39241726678045247
S1,442,L21,9437168228334754032,2b691d71d1f14ce81d198295792d2a51bfbfd2a9d14f8956edbec5fb6e64d897,True,0.4733881130080728
S1,442,L13,5794164701270669087,27c10a3421cb92a9784f644db84884a6b5aaa83501196b3a2d275a1ee494cb47,True,0.41678920622375115
S1,442,L31,16727023465642407262,c67324c79f40866ac2649659835499cbc76413e4df7ba247632f5bb37f4ad1c6,True,0.4385505922853419
S1,442,L23,7808939098039548050,fd2552e0f7658bcda865f633ac049dd67f98cd9881e07be2726ff7a30bc1458e,True,0.4781964821416036
S1,442,L32,11977520102581448743,cdc36cba6ace56f0bb0f45411235f6ad4e2207c164fbd30dca4a24aeff46a7a8,True,0.4264235882789984
S1,443,L12,16453204766899126310,edf37425e8837ca2a86d5f884fd64738cceda4a5d7e57d55d1e33c6a414e26d5,True,0.39487644899515495
S1,443,L21,10325382534976960426,cae05a44e269963c4a8cf959390ed94c91f5583c16e71258c1480eb9578a8bf8,True,0.4748539239381149
S1,443,L13,7034696733785165638,37e83f89f597eb3309a3a247db001ca52d1b9bf357bcf79a8a2d29354826c954,True,0.41215418586925584
S1,443,L31,5794800251930133261,eccd3d2f1f0220cf7718967c50d717253fc3d3dbf5b5dce5db18ee84fb4b13a7,True,0.4425603210797125
S1,443,L23,6593691603702283914,7f7ac741fa66f672f69282b23e2a22c161de9b79b5c7004f8cd4954df40f569f,True,0.47301909885223264
S1,443,L32,10931809474904035900,f19b9446c2054c9b0b01a0c5446fb9fb55a475a73cbc212ecd9df4e98cdeb249,True,0.41923535767461767
S1,444,L12,6631114861387229215,25c96484b5c72e5a1ae451fa8fc1df766e1e0ac4b0042fb87532322ea5672c5c,True,0.38571118395115067
S1,444,L21,5192721880212289070,e0bcb94734551c3e745ab552c6a34aacaac6a42c696b34a3f35c39233c147157,True,0.46883950516583306
S1,444,L13,12043105729952354376,7ad9703579d35582c7c14a31b5be640701620d762202365758d1fa21714c39db,True,0.4065040617131619
S1,444,L31,9158604130275973646,7cc5bd46dd3340c07bd674955d8edd2f8c14d572bba3cb41c67ca5b29f204174,True,0.43802223002850293
S1,444,L23,12147238040105445979,d1d5a118a8a064e26b3ea6e64819652fa6b1b7bb98ec8d0ae4faad6212b31461,True,0.4784889775932581
S1,444,L32,35786465179261453,edcc75042d7f92f836a642207ccc2be3539d4f9232d27f26b5093d90f8ba12ea,True,0.4242795556801505
S1,445,L12,4133598699900731129,adb0392488e39171e82a7d6622164857ed921c8fe96022210aa88966220e0c5e,True,0.3886321817641728
S1,445,L21,15062016197499528315,9b1af55185b7224a0a129c9aa7f203f10b82152f2db6af66cf25e7a8de9e5d8c,True,0.47418982260642983
S1,445,L13,2610619008044030723,656a3198854acc127f8be41a9898674eba0f3d7a7d02916c506d788904f11508,True,0.4141946997690779
S1,445,L31,8305895567078932409,99eaa0e469f018762062aaf81d3adbba5edb9f913271085948e47615f70c1002,True,0.437461372109035
S1,445,L23,16344965392460615735,4cd43c4be62a93be0d3668d178c05d93e482476eb316627de3affb67ef11c3d4,True,0.4747070577452118
S1,445,L32,14002108329299899590,f116b04d42ef42f90bd5d8a2d7daba1a3d82062c760e21516ad0ddda6ad942c6,True,0.4268156041141418
S1,446,L12,10730180662884188643,2ee3c8320a0f4808c5eea28120f0167bcd4c428a7c5ef6f426ef9e1cbbe0c615,True,0.39398294744026785
S1,446,L21,13882338599797542641,d0c22a39ee9992c3ff11fe61f44c83736dff3e2a228fe43d45f638da7762ebcf,True,0.47031823086122915
S1,446,L13,17870541055553527566,17a6001033fd4edbb102477fdcfbff2c94458a84fe34e6363e4abe1b488f05ea,True,0.4095677620183743
S1,446,L31,9738275397127489397,57e935feb0e00cf067ecd9566b92f170da50b5cc9f1a8a65504261ef83beeedd,True,0.4368061223360844
S1,446,L23,3867120881099433719,e91b091da89fa26f332f3c1352c3d91c677ce60cf83a77d550ce3c0e051b5d65,True,0.470294563288829
S1,446,L32,11458211146829796944,cb19de1d48d1fd4fccf8ffa46eea96aa0456a27c455c843a4941cea6e18d3857,True,0.4206347818049334
S1,447,L12,12561509800015150969,5898908a7f605fa766c18e8f4d6d0d30e4a01928f06b104b1715a1a9a8a3ccdc,True,0.39240583255797234
S1,447,L21,8982276217933770553,06305279a79aa7e88400ad2e9b85a99d946a04f0f179d7c3b390cd23bca2fea1,True,0.4698079289467099
S1,447,L13,2881914102311193608,6cf11983340810943f1f76da2146e6633194940a2c72212809ee77aa800b026b,True,0.40867664528496284
S1,447,L31,17465769677072462855,f78efa20e5fa3c36bf9ecdac6375a13fe626048c873bc993f86debb6e9b2a109,True,0.4427305398990231
S1,447,L23,17763278112571209109,bdd6e4998b4c6a9cd42fcc92957dd1d280de7e649581a747a1ce66de59533813,True,0.48171337538089454
S1,447,L32,17124214072982967117,6461ae9f84d6fb2a8a58d13f06306dce1a4d0d033d0bdcca5925cb613a8a4b5c,True,0.41991498294744123
S1,448,L12,772922325002387194,90be29992f492b3e89566ebbd7cd1c561cd275e1c835e99327636c5b273ea1b8,True,0.3907521896956233
S1,448,L21,13397979924169335851,199d425753f977d93804358ae3acc52f159221f338249b42b5f3f1ea48286552,True,0.47254829376956875
S1,448,L13,8546099972408818532,e63eae8ac77b6b8b6022f9c6cb439161f9f6477df48b658cd1ddb344b7262ad2,True,0.4114922659896077
S1,448,L31,4120233991024140802,329a38c7a538931c2ecebd2338b94cc6439505d380ad633bcd6ecf916cc7f028,True,0.4399934385061768
S1,448,L23,6425049595359171626,e14e966b238a4f71e46e1c4a8cedddf29c46fcf236c7c1c7365f5e1acb2040eb,True,0.4838725695548941
S1,448,L32,6244708333194517245,5ee0485329b2a86c60b3f2f4bdcaaef8009b83131cee4b704704a50b44bbddf4,True,0.4182243340566937
S1,449,L12,11192076632447930981,488dee03cecb2621b1872aa58e5c1650bf926ce073a46c3889b851e64c62dfd2,True,0.3934807128761515
S1,449,L21,3791822800126760655,d5dfb873e53aff7a8829cee34e55e6869a6d19683cf27edb855d1b1e813708ee,True,0.46667909978055444
S1,449,L13,8358959129817883312,1aa7ac6f8e033aec0da5d55f48c18a115673207f0b0c67f9b428c4b635c0721a,True,0.4147226115485704
S1,449,L31,6707571800693605128,0bf99d11c119a9d13c83f7ee4e244c1186bf4c9bd6b51e4c9c38f0ba11fad5ab,True,0.44237486395616454
S1,449,L23,16721644245562607738,875fd84f5e56d4657aca2b490ea4d7c4939b4256260d3e1e48b94c01358633f3,True,0.47749394236171316
S1,449,L32,13004937209879332236,dcd7196663ceaf1b41f8cd645c5ec0b9767e09243d9b193411307b80d4f7f2b6,True,0.4242583471506599
S1,450,L12,4667607591979159804,571e6f3d338214216e5a69e2c3fe9988fa25713a65d3c3695add60396acd5e6c,True,0.3909754588648653
S1,450,L21,6373794263638597759,caad3730e1d98a632ed346920ce8e7f8bb3406e5f17b7cdfdba6e17e8891732c,True,0.4705494961496253
S1,450,L13,4875269538916506788,4b2a1c001e94044e1f0d30fa6e732e8016e39da6d0d8a1abd0fe114df1c35bda,True,0.4076081537788019
S1,450,L31,8538273644518232333,3831321a1868396a28a63c020f2d870f19496f22a29ec97ebada226e9682b8fc,True,0.43825973425583414
S1,450,L23,3646698969905685506,3d7926bd2336b99d26e95e0ed0f5519783bc2a26698c72051bc60109af132e01,True,0.47361411636461836
S1,450,L32,18028584276721157346,f78dd61b90abc42c01b7d752c0a54daf42ecd2ff70ce12f313585cba6a4bbbea,True,0.42377270968252817
S1,451,L12,2569630080456505775,a8910eb0080bf81c357b1516f37ae8f30f8ad422e4a917aea9513e57ffaa75f0,True,0.3922345621491851
S1,451,L21,4813154089019966995,c88bfe7b8fbb018faa6f30794f74b31ca9b74fed1dbf90f77776eaecce57d619,True,0.46982231995730306
S1,451,L13,8626722158022530933,9e434acdcce2e270dce30b6bd985a95038917edc2c48cb85ec1a6463db8450a0,True,0.4115330551604733
S1,451,L31,1141128454910529707,7dfe09962e8c9d55027f96138b0c7284803be023e896b3b9ff4284fab756c108,True,0.43117120025694156
S1,451,L23,7861073373298519242,8213fdce5c3ee9970623929e116c3db3768c4cbaff9b2702bc93caf0d0dea9df,True,0.48304855351788917
S1,451,L32,11233300590546344901,312750ea59110a3b42c512036b34f9af244a97666f5c881c1e56aca0a3f3431c,True,0.41929526123906047
S1,452,L12,15792866578951417440,f1c999cd4901eaeb86d3717d16588f54b774f07ff2750366078105a361698931,True,0.39001039874594756
S1,452,L21,9767429120766681301,d980174648cff9a92bd1372080498f46e3639a70e32eb6209b7dcdefa1dcf407,True,0.46481720538047855
S1,452,L13,7998390449457340091,1ce028365c95e554c616f59557d35f50b7dc9a9095b13e960bcbea2ec0e1567d,True,0.41332416845815356
S1,452,L31,4539199561347987335,003c79febaa7bf8a65a16a3495f3c1ecc9af3af2acf6ab24c554efa16e186692,True,0.440358317977928
S1,452,L23,1155336826482328534,fb67efb219dc881453790a8dd724731b9e336f42a752693fbfc4978061078eb7,True,0.47652056749801175
S1,452,L32,14951614260207036493,f82c2ff30444fa518e9cf8f316f1ac9701f0f8de60718a5c43949f490d1e8986,True,0.42362369839878855
S1,453,L12,1733340050116941232,620d97c21075cff6f949e93e92e9ca0f0cb6645602fe75bb02aa28ae40365432,True,0.3935304396383156
S1,453,L21,5240006525056250454,fd54c546680cd24b512c85f2fac1656ec96d984e8bf0746098275bb6d51fe175,True,0.4724527767511681
S1,453,L13,6264557917725966992,dda34ef8f08786332463d95edadcccd613284bf78f18c0a5e16209e717483bf9,True,0.40563474065188926
S1,453,L31,11418638508450926559,cf8631f489402d55a1cfd87fc460290acd2dbbcbea0edc6487b2744c13d374e1,True,0.4352636751641519
S1,453,L23,1592429561134534902,6d06f90e4c60c5cc61101a2e39a6e67f59055b8bae75dfe990576b35cebd45ca,True,0.47132009874747893
S1,453,L32,359970069554760841,e74278909e0c614aef44a9857d36cea5cd7f676c016d9923624be040a5133f39,True,0.4246186177973663
S1,454,L12,10777413059441081047,4da55c55c87f68dc8e376811d6c7f7fe87b105925d5cf2b2e1bfed45b45ce234,True,0.39017339916433735
S1,454,L21,6998591757104883486,fb2d95b9616f6668b2e8e68028af718d97aee57f3e337f63922929f212fd29cd,True,0.4665066646126437
S1,454,L13,6696058096689996285,237dc8b71a9c016cb8bb54022ad62b229b95a805f025ed4083708b5a44f715fc,True,0.4070879746065389
S1,454,L31,5864561482588555627,df6edd997d38998e1dd1bae9b9be921837979f0a461ae75ebc87fe05a2799dd0,True,0.4366551677803185
S1,454,L23,6658131702627809483,27914fe6f620a05e0971a51e21fdb7c743a7210d858aa44363e7cc3ec30196e7,True,0.4756870797373595
S1,454,L32,16240921389257714844,9bcc8c1d9ce4b39d8c13db6aa1acd27e84ec7710a294148f9f645760734ac1cb,True,0.42770228569122576
S1,455,L12,4114638000348374995,adde55a2d12a0f49c560f4a522008260ab4d8e352621760c251109e8a462a9fc,True,0.392615624349509
S1,455,L21,4810980638760310275,d565630de05df67d8f8aa1d3eaabc35d00865d1cb49e645cf7ce00d812d8e265,True,0.4663855800134573
S1,455,L13,8214245607236516958,5262473fa336691ee5cedbab11349b1c5e42c1555ac409ffbdd071a14168990c,True,0.4111537087126188
S1,455,L31,11624993629593400768,10d2912ff7065916695067bb763a48d757807e0ebeff7854e0878c2c18480061,True,0.44611213030320795
S1,455,L23,11409700373510721319,4e9a67924d97307cc19e9696eeeb143941b2ac3809b05f2f7a5fa52d6508be90,True,0.47569218338686464
S1,455,L32,3368865852606006098,6206372da98b093c8c768ddde3a8fb636938ff77adce473f0b5c1de835b5f42c,True,0.43015102753694745
S1,456,L12,14609937636569229846,626b8b8e729519c422854812d23760df34fa20f340b509aa0862faa0352956f2,True,0.3906241502054045
S1,456,L21,6759054753046353423,195a5a727d04e5f5247f32746bf82a238020c014dcf194f18b20a34ea477ae6a,True,0.46859386186568275
S1,456,L13,7749837783270034796,822eb0b85f6baa367d53e65a65705baf3b873a171b02861bf6655111324d433b,True,0.41193832277746595
S1,456,L31,2149209017517602454,17b3608d9bc45dc1aff66eef1e5f128ba86b3a22cf94cd2a94e2f87e2508c174,True,0.44400681848458795
S1,456,L23,10370212298958508342,abd9c1a6d6e360d5f2550826839dc7d9c33470f862fbb8efd37e30acc5c5088b,True,0.48134045691034744
S1,456,L32,6585326577806051284,aa88eef369e189707fb38bdcf077c35ccbab3d198e552c3709ad7995af2ca43b,True,0.4226275532384059
S1,457,L12,6676302574432098073,d639bbedec92b36b2a052c1e6507a4b875ae852bf9e319fac9d6452ff60e5188,True,0.3915989155011776
S1,457,L21,6171153418926088750,49ab323de66c88c83d7d80307ffae939b2c394ab0227a63b4553ebe866141d46,True,0.46717522554387797
S1,457,L13,10639294744259669620,692ecd6b744a78498afd414b3957c7d2eed8c1a0a7a7958b64cf510628df9db9,True,0.4056933935546383
S1,457,L31,6291110567646368550,14cebff3114ad427501917fdfdc87bd736873ca0f44fb7e7b3ce80b9d03b12ea,True,0.44240063441989785
S1,457,L23,14638168665339517203,2bf29db969b1857be306e0ec12c1b0af9b7f9b1280681d0a058bdfa4cc4503dd,True,0.47456186654922916
S1,457,L32,1680269747636382700,3a43397cc9234d20f76f7c77b599dbbf80b71e6e6ff2d4ae71d5bcadc3c5583d,True,0.42340743162693173
S1,458,L12,13239235360429090592,a4a1b99bba7e38cff74548342fe72118ec04e25556c52eebe632a4926521b5aa,True,0.3912313309090865
S1,458,L21,11388328935805699256,7cc3a2e854185d1716b53ed648eb0fb5be81be08d18287e433315624d4911630,True,0.4715294229848852
S1,458,L13,17034202428637662774,24b7e23ef2b0ee82dc7863593a407eedd8947cce871d978a3d19205bf5d673ec,True,0.41314761603352346
S1,458,L31,5935773402971154991,34544060341395d6d3bcd3d9ae82f0caff51121d485ab5e5777e7ac61d7e914f,True,0.43887398355996154
S1,458,L23,3707593041533941754,f3547d290db85192d73b2a75be1db700afd707b3eec16a221c2f00f221a3bb93,True,0.4724706786879517
S1,458,L32,408350417088224609,b1cdca616c767e488c681158f32dce9c9c338ba5b70b3a6b267105796cf94fa7,True,0.4227416531835427
S1,459,L12,1057325475585554297,47da998c61b3fbdd0e4fc254262c33303165617e73e2e10dcbd31afc023f6140,True,0.3934907151509205
S1,459,L21,14744336935702273759,dfd01e7f127f0ea9d7506c7828dbc993ddf1b5f093dbf40336f4aca55136df79,True,0.470325166819288
S1,459,L13,11329151941816927814,a1a790ea174f31bb2664569f1bf015b9c3f68e42bc2968116e1492ff6357fb37,True,0.4100610202837727
S1,459,L31,10093851263736560557,7d527c3050f49c586b718cfef269c4c9a755e12fa86c21ee50822a5fb546dfae,True,0.44190142294570733
S1,459,L23,3024570607541886691,9befaefe4473673ab4060e320492d409c42c2adb91cb7a22e06da1f01fd3bf73,True,0.47231621848546745
S1,459,L32,15275813563074330328,2f6804809d60f6fdd5a148efab54e53bb13513c6d841688f12b76ef82127776a,True,0.4226923665505884
S1,460,L12,9162124288857377737,34da1323f1b55fb646f88a4af025874238a26a784eb17efa75d66690597db611,True,0.3868723515004622
S1,460,L21,4224443837389915932,3aecc435156bfbc976005c2f419cf4eb64d883751f95b03a0da9665adeb401c1,True,0.47274136659161825
S1,460,L13,2187972749195635004,4b3c306148e2effab0d342993385120c9bdb1f730fccbd14044d571d44958357,True,0.40548041053613787
S1,460,L31,13886188336173673475,68abbda5b7dbad4a2fe6af987f689ee0dd767967781c78d43a482ab18af8716b,True,0.44219060389709675
S1,460,L23,2901423027416916700,a247da50854f0c9929cf31e578c0f62746d4dc397f2ade63888b20726259989a,True,0.4808842611023848
S1,460,L32,16867938959179159504,335d48a977d08359327751a581af4e36346731f65a0d8a300dfed76d96cd97fd,True,0.42357643292750496
S1,461,L12,16244588389507366063,3735584ab8edbb5da62e56964267a86ade2bf761db031a0a688fa16c5b1f45d1,True,0.39348088485043536
S1,461,L21,188942700823572446,868d22c6309ef38a93cb171f80d5ad2953c2d543405a2095238e4fb7a03fb66c,True,0.4747103361072983
S1,461,L13,8855495981868722427,253236bd62e56d147948659f548309368f24aa2bddd7ed01c7b4498835d5bb14,True,0.40609534434003347
S1,461,L31,10512955058683226060,7122d422925f568ee2c38407b7e9968864db52e486994c7f7eeda09b8070ef8d,True,0.44093188088090585
S1,461,L23,3396757368909751677,907eeb28c07225f54da90bfdca42d89300b98dbfc5fc64a3431b2c7d17f64728,True,0.48044616659281203
S1,461,L32,9795727543021987819,40d6a86c09a293097559dc8fd8bfda4941295497933d0a66b48787c0b58c058e,True,0.42179111175690803
S1,462,L12,5861728598227818332,b96cb02b8e6c507c618cd28787be3430c6e85d927a64e0bc7644faae9b2ddc63,True,0.3895446399791263
S1,462,L21,15846800745002462811,a7dea45a79c62b03fc305e08bf9f05baa23711d5c296af9eb96da43cf45d413c,True,0.4723677725799902
S1,462,L13,16975900424104771820,664138bdc3623aac745d1a81423ffa7f2fd8dce8898764a17a30c09f3c1b34f3,True,0.41084005276910507
S1,462,L31,7050818596095364163,d5b96dbf22ef10d7443c03716f0500e7ddffd4fcf6120b6a78e6777c5898dd7b,True,0.44369557398596715
S1,462,L23,57584563321498228,5352c452372da6f0514976744601cfbd727d1fb64d571b7ac9d24e1decb5b534,True,0.4762596341309474
S1,462,L32,6893269809875428842,de62d43cb6fa2f3247fcb17c75fba85ef15e0759e5e0761d0c2343106dd9a7de,True,0.42733146916980863
S1,463,L12,5874424734973588802,457222b9d806846e005bc5d862e9ac5840cf2f6de4ea9ef2ec75a988d6456f9c,True,0.3901736812800161
S1,463,L21,14490396528602738563,e8a33cc50b5fcf11adeb96e358f7ec0a1d34c8e948d2a9bcd04b5733c188c521,True,0.4734047278823811
S1,463,L13,6904770686170933626,d4440cb856b89c85f5fe923f1181deb322e9f81f40522d643406c4fa07f7c648,True,0.4115603955486746
S1,463,L31,17436830487592692284,5d7293ad2fada7e769e42064a410053112bb1a5f3357ed6eb62863eeb9405714,True,0.43455345620183294
S1,463,L23,17129492468710932241,ec4d236283ebfaf8dc416e479246705621d59227cce379a6bbd3281918b13c7e,True,0.4839476008825612
S1,463,L32,5510297114018286903,1260fd14fdee1e90969ec91ab67a5bb8442e50e2aba22352ccfa3ee09eee0f79,True,0.42228369643541974
S1,464,L12,15162107831029013677,59d101ce99483e1ee3d788b00c8479ec0af0787784a29c5d0026d945e22e8847,True,0.39349375504120754
S1,464,L21,17481797719197342894,94ebd65aea6504aaf0728b2a7492db8f064cbd281b3dce0e909a11f35fcf8bf1,True,0.4714243808326588
S1,464,L13,10556987081793369229,c3aa3d7663c8b9ad5819866969c86acc87df67cb1f30ae0984573d19a9ce78ac,True,0.40254479690648476
S1,464,L31,17328537984103291781,e138c65be6ddd87551bc85270923dc52fd5408fb6bbbd24bd55adbc75d8f77c1,True,0.44312190498824583
S1,464,L23,15570316705334505523,e8e044533e4aece282f06d47578c321d66914f71603f4223788d913c44ae953c,True,0.4759487308502581
S1,464,L32,14590321353705148411,531301d81001a5580c69827c678c82fb7a0f9580685699849b27bc9dd4cddc1d,True,0.4254489978321748
S1,465,L12,17484544015373042077,92624bd6450ddf5e7c5998d273e2710e56d696e13c70b2cfc26582d0b24a21f8,True,0.3900044179617015
S1,465,L21,7264239102585561045,9fef540318a42e2b78a99eb5fe19c55aa125aa78cf3116610a5e7ca0006da905,True,0.47377418938493676
S1,465,L13,9097556349512657846,bef1378a7f3f799641161e8e29ede4da947ab01965cc2f4cdbf103ffe0c24d26,True,0.40644890814531787
S1,465,L31,12213294657223418397,fa3d913815dd090b140f2d22f99efebf6093c41a24a2de6e8d22b90772811237,True,0.4484408575055082
S1,465,L23,5133075836513089857,c85d941ff5cdb4f7fc14854955f8937a5b10cc05c360b05355115a9b31991527,True,0.48079810109942556
S1,465,L32,2427761018179882058,a2a82f428d2aa7f4df94f2527aa135ff057c190cb21c24a3d6057ec690b4e27e,True,0.42800883113627336
S1,466,L12,8099182846288876432,57d53c467ad483307e9477197404266450f0470f102214dd41e7ab18758ee2d8,True,0.3943423846557752
S1,466,L21,8175296200662349381,3d91eaf24db9f747cc8820378373e858a8a6dc3d9a8535b1e4402cee6d751ef6,True,0.4724126376160662
S1,466,L13,11933391409056075842,6eda406af9e99f600b13d5ffee1a0de179bce355ec3b31d4c419b46235c27640,True,0.4102100382091065
S1,466,L31,5774067149645396381,fa195e2af04eac06260ffa21fc57cfd28b460d168663b535bf194943c66d22aa,True,0.44778513860693775
S1,466,L23,18018238886036046536,c41b76b7e0420129455733b49a80af51cecfea33eb556e2fd68ab7c9768adef5,True,0.4814105412448935
S1,466,L32,18040120715803040171,bbb3086005c675fab76e77b83079d9717b4be8296c36e4ba48f65f67fd98eaee,True,0.42137421958587395
S1,467,L12,18441421357012943447,9d2831ca1dd25385a11832fde5c40ff583ed9cd6ccbd81464822920a6a8d3cfa,True,0.3913087072361559
S1,467,L21,7269419172258654123,e589c78e8e50c96e1fe40df050d403898c5a066116cf4f805fa3378e0f01debc,True,0.47300272602815335
S1,467,L13,10187861704511207985,bd2ca6fe3c81563a1027add2a26c8930e8dcb5af6111bf55971c55602c016fe3,True,0.40904116103487764
S1,467,L31,10699221259941958385,b8819004e91bdd6ba2f9779972e1ae010c8e64021e43fdccd338706ba6050161,True,0.4392628419761392
S1,467,L23,3836073106996939669,ccb72bc3bbbc5aa2fa4d6a01d977abceac4c295ca52bb848586fd1ab55c91f15,True,0.47300520638000204
S1,467,L32,13296581972049058123,a5d66a445bbb78e41dd64b7ef3736c99b3c2d6cca2ca02ee0334ca661fa09d89,True,0.42585870904845846
S1,468,L12,1526559824085134706,e42b52ba65701b3e24f0819eeb33bafdef41804d34da9cc79695775089d252bd,True,0.39169502462745187
S1,468,L21,18224147115478658981,3244b62621de9e839d5e528480cb868944fa5700a9da21ed544abfddd4c94958,True,0.47313641951049495
S1,468,L13,4285712797603876452,5e2344b182089337d798372dce8c96e405d2fa441021ad61f3197e5e760cbd9b,True,0.40967557010721223
S1,468,L31,1388770071332395850,acd49be919c5e2009cb71722972bbb3d024fc48e7bbf5834b02fedb8c41be9e0,True,0.4390447635790341
S1,468,L23,8193372323084617683,c678dd7c49b8d49a3ffea3fe76a59d484ad519fff9b08e1b2734f373ae3cf943,True,0.4743506073700712
S1,468,L32,12201326471339040394,34293e8f775ddeebe2462c6fbc839f6e70f824951021e408adf019791303e75c,True,0.4226659400164524
S1,469,L12,9373242441342119343,550842e28242faace4052b3a04eaeca79cd8f04dc10caeb466570af27e557361,True,0.39437188046098115
S1,469,L21,6999034652568399571,a7a95888e35e10f08b18da57fa965205b52c1e32539f673107b54f74d4a5af1e,True,0.4752418999300348
S1,469,L13,3274616292252385221,deac23aac964068214e29781106b3a6659e6223daeef907382e091496eed2348,True,0.40983105542978787
S1,469,L31,15083142039192638764,69a3ea043eeb629ac0152f35f3aec3b3c710d9eaffcb437685c4690fba94b2d4,True,0.4373634842074857
S1,469,L23,7593111001599602174,a9af13866e86b75e0cf4599bdce0ed065a38ceddeef2049e1ed6cc31b00e722e,True,0.4822990981599745
S1,469,L32,16271031879845624818,0a6e9bd1971b41452a3c8b7d4802bdc915a6d18f003189988beec677ad6c3057,True,0.42545966277919045
S1,470,L12,15679266970676981082,4a6b359454406f3edbe456e6295aee66a31e901cb5e5451cc6bd2fe24d8d93f4,True,0.39221871199451663
S1,470,L21,3715602046664195409,bbbb6cc043463348f75477bb01c246a5024fa7e6fd7225056f1dc8c8aa44e8a9,True,0.4705523950510848
S1,470,L13,4576461670566877521,ed7196c8d2c54289462d8a53854f7425a9e55f96ca011dce2b2dc0f858c2cacf,True,0.40252793193125025
S1,470,L31,13536211722845963274,ca68261181702aaf0c98c8a8f7229cfec901576de671bafcce49e4473f578437,True,0.44287229707573167
S1,470,L23,3020808104825294780,e433c1c77938b9c5719cf18ffc04dcca06b6dc1bffcaf145fccc6afe00038739,True,0.4756319473688227
S1,470,L32,954802606628855136,76c6d4d2c638c4304a9772a2ca5f606ddfc4fd8f21980a63c22097f06cb4961f,True,0.42957540249659243
S1,471,L12,7309366906645630961,d9d73ed6007e3c79dae0063bb70334b599d03cc70e653a9d2a542c237819f2f9,True,0.3934724199657873
S1,471,L21,5467005102996673710,22bc43e2d6f8022c41542767013de093440ddc7d92e9470b6686139a3a221aa9,True,0.4723547976144742
S1,471,L13,1723517550071215626,71b96cd825edb4b42b44c2d784045f74471324c8f75f66d17d0b6fec4ed78e67,True,0.41151172496815697
S1,471,L31,15404248617636222849,3910086d887c5b41cca37dc3d78fd47b6305d96780dff415f21a180727f622fa,True,0.44357445830819886
S1,471,L23,13783471552584703795,4e5c8891e603bbfe01f06a83926b538f90a5c121a25cde8902b6a339952082ff,True,0.4849815022230163
S1,471,L32,12568374751913744382,3d2500aaad8709728dc76fb7d0a823b9cac576aaf8a7fb9829dbf82cf43f0ca7,True,0.425004221526762
S1,472,L12,15342761684552833972,98ae557240722f1732e277ef1c1094a57aec9a35d1166b63fe0af30db8855b97,True,0.3935322964770021
S1,472,L21,10144140598624558458,0a50f142dc314b6f446ad22bfddbcd36f2dd48fb1e8571ff0378cc03c9f79f21,True,0.47067832677502314
S1,472,L13,14892438755733457107,9e55d7a368da5ecf74a37ccc9237b7749c758da48858020f591c2458349d4aab,True,0.40481014959917966
S1,472,L31,3082909629874075300,921e667a6a63c95382c1db6697a2350bf6c5ae406c0c607ab9444d71e0a5ac58,True,0.4408710775010172
S1,472,L23,8355354086000531809,9c1fab95884a166907d48f11ae993c4289ed3af67adb5c7897a61e5e5fbe8711,True,0.48500325289830903
S1,472,L32,17561739887061001573,5ffa2e2364f20a604ef14f8dcd79d34bd3bfdf5ccd60bbd3057a91eddb4d31f2,True,0.4256714226496713
S1,473,L12,13864575621229872719,e3ed8857f1bdf84c8932a39bc871e898baaf13c38494f23d9726979a78b7f4a3,True,0.39334193710370224
S1,473,L21,4475484407847331547,deebec2c7e9b15949992ab09ef986f1aa45cd9083390aa8f5389809667f9f506,True,0.47301802552986016
S1,473,L13,17139799113445032340,df1ed82bebb36645800ea66d85adae67f5d033f91988b248f790c9118555efd6,True,0.4072935670353476
S1,473,L31,5928489693487436083,a3b74ffbab30b242947d6a5c7092b805d231332d9d879a94166ef16e547328ea,True,0.4455890351483271
S1,473,L23,3292428625117736303,3cfcc12361ab4d20cb96bca1d26c4cffe4d1188634d8db83d4373a783fa48cf1,True,0.4839178391571756
S1,473,L32,7947945874525097968,d0f6d052b7022436bf2927bc5240d88d333f02afb04dff748493193d0ad08096,True,0.42268344282645187
S1,474,L12,2564842646088895723,5766a6cbb057fa14615e968747354a7b7d467da0c3ea5465d60f96a04fd2788d,True,0.3932678700820633
S1,474,L21,11792682657265627788,098773e54df2743db74aafbb7445af1a37e75b14238aef2738208dbbc39ea347,True,0.46610049920805485
S1,474,L13,7347208337190948943,c8c406d24f161b11a644bb33db83d03d15a27dd39c43e5a19bd2b983af465a4e,True,0.4055020450062834
S1,474,L31,7281801257147808350,aad3ae407e270864de63ff4a08db0c44700d1dc2094e4d15b55bc02af56960fa,True,0.44690222363603316
S1,474,L23,3786567766363901385,564ce2525fb48cbfe695ee1991353cf2c7a1f631aeacbd58ebdee2cd5484a658,True,0.4751776158403368
S1,474,L32,11729795036872717107,7d12cdd61fbedddc6c90b242899f7fa27f6c59dd00a69bb7926d3c14b615efd5,True,0.4223522338142067
S1,475,L12,11812270659131621411,2c36e94d525a333dba78335e2f6c1c7ed8ec219a72f13f791843f6480d7c2915,True,0.39199052032956594
S1,475,L21,18184804342323751299,9f56c4fda6b3a8b5f63f9359abb3a901b430a2675af3bef16d2692930fbc494a,True,0.4756600838124124
S1,475,L13,15557336947391885487,1cc809ecb79c58dbc88400d56f15674367ce71fe374eb27bb2e8fa43bf8b7c14,True,0.41018541413325316
S1,475,L31,17577589718818497775,050c405cc84053c8208fdd77fe2f840edc8eabbc03495a5e02a8961b14098072,True,0.43742098958292874
S1,475,L23,15163422921214125388,ddb95e2990c37c20fe0725b5750bb7bf9ad3dc6dd8e0ddc7104fa3e8c4973a9c,True,0.48220817266826893
S1,475,L32,16423363442276913401,f6794fb907eac08cf7dffc0f754c8050a1afb4bd743b95855f9c4904519e4525,True,0.4218882185866557
S1,476,L12,8517491851947587704,506a5eeb6c9c2f5f26d1e5243496094b8dbcd1e3fc9227587627e8403cb7f1aa,True,0.39634714794967946
S1,476,L21,1523004004737798665,6de7791d28af0401001b2e660370231f82b942f4334798d53416feb99c5c972c,True,0.47455143671253597
S1,476,L13,8818270492049495337,7e39cd61865ee3ced67fe8c0255f7d29dfbbf58d40cd827a5dcf323e41a3d410,True,0.4086152081581483
S1,476,L31,8097329115455306220,3fa6f8c7f3b2cda780725f36d8d099a7223d54ee8598d9fb36d9bbd7abf55afd,True,0.4451252507472859
S1,476,L23,15190065570061068334,a5e0fddabd566dec65bca9dfea73e9d18caf9aae85f976620e0220c797fcff77,True,0.47738362106972443
S1,476,L32,1589626077905102233,5f8db8050d6f56dab153fbba7c305c8581c2296cc9bc54201bd6f345efb121bb,True,0.4230779648857669
S1,477,L12,1253211641696333993,152d8a00a027bfc9453176c514dd32685b46e997acc69533dbf8946a1c8ba282,True,0.39526760413390194
S1,477,L21,9782714292259762643,26f4a63d7249cd0e4e771211a3f4a62a9c12b722dc9be631f5226cab7e95c1f7,True,0.47663909262343546
S1,477,L13,13707212110773713955,433d0a5e2c15c6d320d35a9cff214765bcc63a78f913594f158dfe149d7ad258,True,0.4126856109735394
S1,477,L31,11545264114932373734,b789cdf28baeeb2af60bf6b52c693e61b856f7d0abdef9083f2133355737f598,True,0.43620846227771537
S1,477,L23,7662950311742522251,7a52c2589949a62c5f87c4ee7b645de74810677ba6183e1557c3b1241b981c20,True,0.4826012447078679
S1,477,L32,1523940026540434097,40d79d3bbb6174213b4df42193bd722eed5cce45b8a9d19f8a29340a5f92a9dc,True,0.422101858042664
S1,478,L12,16667098924838321846,c5ead0b2903d841614cf957b1f904b8d6907719cc4877798ece519686cf605b6,True,0.39175335505229747
S1,478,L21,16911550716544107154,24dbc05afa23ce192153ceec1724139313f50c87c26279dc39c61fcab1620657,True,0.46676341024420875
S1,478,L13,6395226901416813017,ff637055cc32c430db83371f9a0532f8c8469cb93aa5bb70993dcfd3c7892eb3,True,0.40921927506791106
S1,478,L31,9768844190048754697,f48f13336e405aafc8c909be1dd4e9cf92d1720babbaa7e8fa4355253ac64d6c,True,0.4374604682696453
S1,478,L23,11629401246722718928,517330d63718efb8deb84d0401b3605f862db52450345fd447533d5a70febb90,True,0.4765480617655176
S1,478,L32,958560139190768171,022bb770e42691cf6f3d5ff5c679fc49d6e6ba1e06fc811bbcdb3000c7e59eaa,True,0.426505983082057
S1,479,L12,1604512114731450376,b146adf431912fffc91403e5f32c53da3545aed78ea91c0de8e051d9a4433bff,True,0.3908429820193079
S1,479,L21,14496675416441141662,613a3e9d5a2aa50a999d729bbc1b0d377942fb0fafba8f5a7b34b67bf65fdf4d,True,0.476514743244413
S1,479,L13,16137649984843189842,1210654d420b5312aa373ffbf72cfa4c8c44cd31b2aa54e1a8ec0498e646dda6,True,0.4134367998149158
S1,479,L31,17811317621078337288,25c774cf21d28a7e2047a5475bdb5e38e4bdafa42f9e196ceaf339039ccfb6f3,True,0.4372819878567955
S1,479,L23,18032076081147160869,1285747097f6180f1b2660849eef60ff9ea5ff4cd0deea36922983157aea3c36,True,0.47775241973630966
S1,479,L32,8826519987039461078,1a671215a82dcb8a57bf4673975264bd85f394f2b5a0ca901eedff8aab0116eb,True,0.4245975427647788
S1,480,L12,6013405497138252928,b94ad81efdd855126bdb95368abacd3b54f178e0697465bb09aab39c16481152,True,0.38932060200109936
S1,480,L21,6575198275751430325,10c5c159836e1b86e5c60cd78f3d1c45855216880e286076a35a7e6685bf596f,True,0.4751187246915212
S1,480,L13,3373133448571469718,d8c0c31fc9856347e7cd796324ed4d4e8a3cf029de4c1a9bfec115d8a27bba9d,True,0.4128400543097347
S1,480,L31,10612835774399279467,d6e1b263b19080be57cbe62f4eb419323523801ec96a1f340aaf4c5900f17fb2,True,0.439744271908766
S1,480,L23,7183730794054706686,0514b60766f88d73dde60155a4686184ef2f4e645d3f1529da1be1f51dcf4671,True,0.47601459476792585
S1,480,L32,13189136414752316505,d58d8e41d899a7e1c62580042937d6f32f236d942ff66c030812f54500f05e4c,True,0.42222781811230475
S1,481,L12,16739642865560343230,1f5f0e98907b830922e227d7b6359c013b0fd28ee01e80be2993c5b7306646b7,True,0.388652015990338
S1,481,L21,15793759180758166966,0ad3ebf81fa4bcf9cf231b8afd82259e6fe5d25b47a19eee63bf8f1a4f0f9fd0,True,0.4720951007873325
S1,481,L13,10671775859045133774,7cb3d22cefc9d1fd6227f607e5c521825f976a3954ec94a7dcd1e67e6b5bbab1,True,0.40697192191823006
S1,481,L31,1776926136764289826,915b642c603e5532d79bd3c7ea67288cf6f9d2e3d9828abecf0813d68d1eaf1c,True,0.4447240789447686
S1,481,L23,9076194005738890472,b17fc61f9bfe510ad81f76f94556ffea924f2730f00dc94ab6560ed7773502a7,True,0.48090232708984443
S1,481,L32,15220933793126068938,19c6e38b8387026204bf36848a5c0faa550f4c769e2bab4246d2adeada18953c,True,0.42429073961656183
S1,482,L12,17277267855973165401,925e998c7b47e9b23e0ef568c85ff42a282edb24da5c1a456be51c26aa4e91a0,True,0.39319531461345236
S1,482,L21,9601769637613196044,41e77b2b4ae01fe989786e3f2de3fbb2b013613bedbbeb7e39cc79620ff39c1b,True,0.4723266365381538
S1,482,L13,8086439025340453467,8cedc440b79090b05be10139e7818dea1e2292e6853abf4971acad54a20a672c,True,0.40993662545436216
S1,482,L31,6107644880084700851,90244528539723df96c37e2d5d61efe700fb72c3bbcf9e0a41641cd931557de8,True,0.4403228370162501
S1,482,L23,5249296878082072240,8cef2c2ffec1396db7aa4fa99206a1dd7419742cf0620c4b4ac8eef1aa14956d,True,0.4817613772558604
S1,482,L32,16612666756789988628,b7a8acd6be617baea3d1b00bca3743ddedf4e36d5da8f1980f37b9d4d9da1d98,True,0.4209643014242598
S1,483,L12,11262326768200995079,54f892821ac2ee6296d07f1f1bc21f03e16ce3ad668ea7a913ced82743287737,True,0.3867228552625153
S1,483,L21,9482260201764758193,8999c5df07ef2b2d74f86cd15fc61266aacda131def87da689d842c3c9be97b8,True,0.4687568250948712
S1,483,L13,3777104258682582182,56ee11d330a1dcc06a5744652b6d3484017914d88634512b4eb816b85a37f93d,True,0.40731518313259
S1,483,L31,2354470375669861272,9aacf0bf3e695e5e43a1982a73388c04d2f02c7ac459f00054e4dd54977bbf51,True,0.44416900550743743
S1,483,L23,17983583289919993527,f3933e3abfe7d383572e21a5cb2b70052c1a37adc9186e8505bd9b681de89d9e,True,0.4737148666666555
S1,483,L32,7613495242053851807,ac4115331ed97e8d98a09df73fec591d1963c6dd5e1d79707c6446a45ca94ea5,True,0.4227435561038822
S1,484,L12,10732515622537837388,30af27efba3036ab2f148ffa33acebf2dd3d419f29af52687e1b74be66d7bac6,True,0.3902572949482159
S1,484,L21,8187230294547217805,b8f75a7f4a1f1cb0057980111edb6c12ea5af160a8f0066c655301c9cfc4d98d,True,0.4765367903791767
S1,484,L13,13204805800975489950,c681886dd86d942f35749a600b74275514da403c72ab820730b23e8757ffd9c7,True,0.40827979870599385
S1,484,L31,15230175191839265996,53394cebe8bc4882825e6e52ad74603106c9d2914fe1f0de6bf9ef20fd5a0900,True,0.4459479410225574
S1,484,L23,8875400511352552517,66391f30f3c8a56ad1acca879f2574c2b4c1cc3a1b5dee76434eae626069660c,True,0.48358063676643326
S1,484,L32,1204470672636725624,3f43fa91fc18204ed911bea01c3390ccb7f71f3e74e7db2debc457f49dcbeffb,True,0.4223123672210194
S1,485,L12,11195263798042808901,43f087038a3a58befd16cd96c16dbfcac7ddc5c58c6a0c123a57434a4343158d,True,0.3908143940238495
S1,485,L21,10069380392205154464,b6e9e4d5b4f0ee28e5cb80580e311bf06126eef8e686450d7dcf6e8dd0c0fd0c,True,0.4713902304586586
S1,485,L13,18350995630306366823,3c4d13d3917cb46f831944a4fb539ef7a62044cbffbfc4dae1737f202eb6aaa9,True,0.4076388117431811
S1,485,L31,17701009595837838729,d1e293e59a02127931dfec340fa75336e4334f24796cb0f1d84513525fb468b7,True,0.44822252384644007
S1,485,L23,2137531988705288934,c91c33ad0a1022f84af8112f7348d15bac9358862ee099fb8ce9f84a88c7fc66,True,0.47976195093842444
S1,485,L32,1290421031128965785,43fc8eac3637550193a2f00d7d65e15e84ba0be8f8abe2fcf29676cd02b39310,True,0.4240029630469623
S1,486,L12,10543828097170097693,20cdfd2223143dce6c0755822f188bb1f9d47725befcf2f3bbb9672d77b4b654,True,0.39172590983363687
S1,486,L21,12611375250384443111,54faf3163958dc81b58b8b8d46ec556e11b0afa2faf1a168ad347705848dae2c,True,0.46537507895232255
S1,486,L13,12214143489434868060,ab7fa834b5de494985786cd84191f7b320631a8d97b34bb782f69ccdd6f8b16a,True,0.4092295706660978
S1,486,L31,11763486554557960974,68a3c18f5d450b76d0f80bac5ba6fbd307aae4a1fde4a6eb6ea3c73987adfb43,True,0.4383943063108092
S1,486,L23,7215311649207734762,fadbad3454d4aac8ace01ccce35bf509932d7dbfbce21ca0500b952b7a01a1d0,True,0.47381000500432496
S1,486,L32,5332788462086029534,69445034da641cd8c46d46ee1ba9b7bcb1164f0eca9b225706f226d577cf8780,True,0.42776601988609525
S1,487,L12,12799760942774742295,6a8a048a1d7e0cbf259d1ef62336a364a1ca327162567482f936f8df8855d10e,True,0.392614620945177
S1,487,L21,1944585896193270639,98b252df47a73700cee7b633e6810fde4d9202a6bae20bd11d1039611d1979a3,True,0.47593346326082164
S1,487,L13,12149953806307981933,0175917881e9d6d1e8346a5053c01239bb2e48df437ca24975eacb572335b119,True,0.41042654149606683
S1,487,L31,17927538418581886766,9061cd60b58d3322186bca9b473c8939f56e9d84058aff82e97be5af2cb6e5fb,True,0.43553189946296444
S1,487,L23,14681140431063501896,681611a7101cbb3db42d7fd16184b3e8a660b1a274a9d0354b9e97f20d6676bd,True,0.47027754006501526
S1,487,L32,7691938574786849270,4b6aa08516d467c901f75a8a26c25042555296ff517b90ad8798ce2362596b48,True,0.42379236572693296
S1,488,L12,17442370789414596678,ad25ddee77b91179c0954cbb68009e1b30887a0f14fc32283c16653655ab92b0,True,0.3939401762929438
S1,488,L21,11657695958427406390,24e711f544c54ac01836575949033a1acdd60d2ab95f8b54a7877a7f612acfa5,True,0.47177925789989705
S1,488,L13,2532247798217442309,7d91c7fc9bb0a6956e145de35d9c16d304f713567ef679067ec8dc990239b301,True,0.40540234127378855
S1,488,L31,17137694374119197661,f3938261dd1a83655511637671f402ee1c49910b76a8db0d5d8e502acb3f702e,True,0.4390443897231012
S1,488,L23,13397200864824133144,21449672c58b6631ca9bb0804ec4fe91adf4db60ce7cf963f9136918e5c3c162,True,0.4681790414885495
S1,488,L32,4268919815606775843,f34d32a260662000e0f749e6b873e92bd726b9c5477c945175311db77fd4ab5b,True,0.42459151938405704
S1,489,L12,1074864682350227398,47a3ab2d76f9dd35ef4f2a373779f6cbff9fc2ddabbbc92ac2039e8b92b72b9d,True,0.3854118846192327
S1,489,L21,6716181797511488176,bc3dde536a3d1a92ba9db17c24d5c868125482f49b943dccac9a7baad176d55e,True,0.4705289512457279
S1,489,L13,7811149110148969905,b77d1bb7e905f1db8daec4983cb1e5be9074ea181f84da1229fd4ff3ec2b54ae,True,0.40469742582084633
S1,489,L31,8740131074795747104,06773679f1c68e09224811abc32a5efa4a598bac797c94d17db440a216c91e35,True,0.44430714287965123
S1,489,L23,16512607327761296745,7a7fef9f93622f19c6a9d07615dc615628726d9058d15ee119ac80d6e96ff6ed,True,0.482901883799998
S1,489,L32,7549726127657183101,c96d2f18e0cee12c2a0f5e764438adef33a59891de28c3655b7dfdc6b6670080,True,0.4272244731906416
S1,490,L12,12393422765107065461,3db4af52f525ab7f8f2d863e9f59c265d33c8a6f891237241532a1bc9607b735,True,0.3925642084055925
S1,490,L21,3174921495363784651,3a45388c38edf129f0ed0d57ee1074a3d99b9ab3db5ae9381009b461192c5794,True,0.4748792604296907
S1,490,L13,18301057189988719560,4915c06ce65527b3d27a02111e6e134388047b494425bea9569cc3e523d6e543,True,0.4028752716544267
S1,490,L31,12091285412334787617,f50042a4bd8761fb97dfa79c292e01d33cdf1d1182e0ff791d785612f7baebb2,True,0.44212117105878723
S1,490,L23,3967981244866333697,bce0cd2e797b27cb98a75348ddff655ca31f73f14b0f81e4846a30dff0f065e1,True,0.4732135843329367
S1,490,L32,12098239522450856915,312aacf5265cd5e6cfbae909c580526b267a0e22740b3cd5d9bf02c3f9e27c9e,True,0.42632087690737724
S1,491,L12,16664496320171582982,b95a1a4d541befd770560163322964226a30ef6d84d6f415bc742c9814b35666,True,0.393281158102184
S1,491,L21,1045316108222808996,ef4464b1ede87afa6fb26a158529bb32faf93a508380944603fba8b8e25d5537,True,0.4633866182470038
S1,491,L13,7891375263278157993,73f2ad00e4cd3944a7d962b9d6a61c8f4d895644f0e5815c85f5c13830572977,True,0.4139171766656809
S1,491,L31,2805157215836365494,e836a41104e20852c88fe45f53d5daa5f78d9219a0035230b861d5505f04e660,True,0.43458229836126183
S1,491,L23,4497743804779711760,61807b8f4d0ee11c4d98575485f837810d06ea56a180d953eb189c0e197e549f,True,0.4797093817653354
S1,491,L32,480225698739439515,4bbea1e37b1dbe6045a2c0dfc66f19000efebcd2bbe7ce8dba98f00e2d635c6c,True,0.4248484615451194
S1,492,L12,6607539622957119429,7340467afc6c46d3a4f96d9974617c1b6e64773d5b93879ade76923642af9d03,True,0.39249574473039417
S1,492,L21,11103334834167274705,33e2d4e61541e66640a7a15de72ac4a3a2cc2d8334fec93864ad407b63eb08b3,True,0.47737821658885493
S1,492,L13,10653549024902001163,80976015427141929fbddb12436b7b366709656b03ed9531b0618ffe5395c519,True,0.40952945597241175
S1,492,L31,17507762159474544808,c58532ff85d8141c057d68aa2d64ad17a4253bb0d329c8db3c5ed03676a16524,True,0.43904049472783424
S1,492,L23,5009248014754819623,f904de192a84d1abeeceb8ca3fdc11b3b4babe4ec58d88d37c9d3ee07a2a9261,True,0.48194898417615084
S1,492,L32,10666976242598266357,5dd968194f0f1a43fc145aef3ba5b98a34d41e8b37ab336fd13053186308741a,True,0.42246563587422675
S1,493,L12,15123401245830263895,6ff83dce60776c91a6b9a8eeb9d65fb439fe9e2fb7b6e7339a62153dca46c41b,True,0.3895699434475281
S1,493,L21,5836861693342286886,afd3b4c3e3f6cc546b5588746e048f2ec2c62e78c311e06032ad264f7aa1730f,True,0.47323084002391436
S1,493,L13,12160351401512293136,282179946ec3b9f43df932ef1e3488efe25c58d47131bd47bf8c9ee1876840d6,True,0.40630525950142843
S1,493,L31,11483175696291217362,1148d1c5285f6c7efc03cb4a22fe4339d89e516506a2fbb5ca47ba394dbf5dae,True,0.4390247096837849
S1,493,L23,9046578879666748544,ab1a4024db093c07e530bfec058ec4d8ded6ec496cf145f071add2fc57097222,True,0.4746310448653141
S1,493,L32,4907299276100866058,a9124a8f17b407d0550e136e8a06e17921b8f18eae363945968e2c3a3d14bcd4,True,0.4257179493894074
S1,494,L12,5658464831775104369,495eb8dbb0cf01dc665614ca13112555263f3b372ecd0b69c520c27a87c926ce,True,0.3946981271795651
S1,494,L21,2602169525926048847,0da4e52bbab694d690c246d6c2d1a6f0450f10075f29ae85b559548c7d9fff64,True,0.47104405548234674
S1,494,L13,15794437686497611787,ae3481525db5646b2edbc070d82106b3fc4e5e7358b754bcc7dcb45f450b4765,True,0.40017499812424523
S1,494,L31,3246715794861357922,0e9e6028d57b8ad2b4cb54d24e2f1d797a0b2130b7fcdbac7b148e685b0117af,True,0.4442643295731434
S1,494,L23,4710775042385411397,e679286d0a54e19e4035641e3313e6cdb76477cd6c64ee906b1fe617e729cd86,True,0.4885506473014523
S1,494,L32,15829343659595063730,aed5e45f6e892116fe9582451ed6d1feb672f87c636ac254ec62b142249b77c1,True,0.42453522226731655
S1,495,L12,15465659510832114320,b67d7ce06d5582778b5ffe768da3ae12251d1bcb454e653c2d95be10247edda9,True,0.39276572708062496
S1,495,L21,14119257871532637221,fb6f7c9276317b5039b57ee5a6d526693dc023137f156f360720c1eb8b406c74,True,0.4727501553252903
S1,495,L13,1989925755698020652,e373360f097b84afd54042a9f3d30f1ed22b97970cc56f0723857501f4a6dbbd,True,0.40947527223257796
S1,495,L31,5456511213113284490,48e6417d58a79fc64d8495ece8fa8a965d1275e22ef40e0c5999a38eb13b9aeb,True,0.44296422101830685
S1,495,L23,14980314561947385440,f3ae7bea0232fcea953e37269679a74e3eb3cf5ddfab391bfca749f363d01707,True,0.47867813882480953
S1,495,L32,12368258599941223678,4e3452d1e1683cb037dd6d7eb47568f2a72966df1d0646c315536b6640b857fc,True,0.42419808958817545
S1,496,L12,12121720822925727641,2b6643da5bf4a43d96278bda56f21350edfab13f7553e3f38a64a7f4e28f5bce,True,0.3938136416996071
S1,496,L21,4624905518104083966,ff2f4e4dd3a8927e520110c5c5694385adcb579023080c413b35c01771be97ce,True,0.4705437488309654
S1,496,L13,15626889718993165426,9d2ccf41bb177cf67ad09bc61df459dba841673ea57da0a29bb4d1ba4fe82b16,True,0.409765479611237
S1,496,L31,14126355914256219814,92322d2ac67b1e58ba83692d06d1d7904487271146b2b5f2dff1d78810daba89,True,0.44372115515320487
S1,496,L23,14953442231874987662,813c03efec4f0498b76e803aa90e6938e7d76206ac5d8949df1483cf8081eb0d,True,0.481958251160842
S1,496,L32,2968650101319909080,7f2ad282a2fe72dd6eee9321eb36d0f454abda6c8e9000f2f15ca76dbbc56915,True,0.42358163572329305
S1,497,L12,9173006475484538346,1c207d85a7847474833547fe7a764aa3be3ec6832b76e08ab8a5db1de83e64b0,True,0.3920321829929857
S1,497,L21,10793484690054684897,e033a1813ae205775fc50711cf177b85a379f923f8c0c275f760d560a73697e6,True,0.4735551961587523
S1,497,L13,15435120863227791496,68779351493b78e13a97cb6d532d2e3ecef1d8f93805940ebfa08d352fd25db9,True,0.40861686990887824
S1,497,L31,6542962619247082726,4fd4e46199e849490bc979da6de94c2900314d24f9f43a2022242bf897facd57,True,0.4453432342689897
S1,497,L23,11884330754637317302,fea785ea1338199f6abc877142ca97f58ecc76c4d9e4d08cf061dab458062f34,True,0.47768186995962625
S1,497,L32,17942962364031425393,369fa956f2e5a4fda62505ffa943bc32665a2b8fce3fd83f25a1917f1fb129f7,True,0.42521546945324434
S1,498,L12,4206734660394233523,d2e22d516406abf771fdc5584f1a0aa9d620e55a1826afdf11d33c203e00d9c1,True,0.39233995276587896
S1,498,L21,6754198114103621213,dc348152ddb13dc31feaddf3fc1c5b7c73f9101b6a9273ed0ba194a8fba63f91,True,0.47198088056637155
S1,498,L13,11678641083764557669,99e52888f5eec3253b241329f0e1bc769f921fa017f83c67b2e53e4d381c206d,True,0.405543104420533
S1,498,L31,4755316998411713256,deece528617905026030855cd7a0425ba7560cc1070f16dacc87b7f995d7e8e3,True,0.4442444798695129
S1,498,L23,5972430243955026166,aa4827f39c6baf76a6639bd779e16b8ada254141141508cfe2183c69729bed8c,True,0.47884686726093684
S1,498,L32,11238037986350581675,6614f19a0e1b9d2a6da164b8041322853505ac6027702ab739e0eafaff3c39ff,True,0.4242035802661092
S1,499,L12,10333345221228702498,f8be3741f60679d3d82126e73ac43b8f525c7a8f52ce321ad4a49e118fb788ac,True,0.39164089360056525
S1,499,L21,17844278273637766192,7f7094c7577b578d32db86d23a2eff9b46accd95a6546b47b6470ca9d4d228de,True,0.47343165086926575
S1,499,L13,5367557576249368147,09d272d910c59cf658a2f8cb555fcb47da32e562e1dd12066f471b845935afdd,True,0.41540032031178453
S1,499,L31,3437825747660781527,f14f02f0b5e4040b36d924a6ab3b53774b36cab4d14d025c2238182522c6d1c0,True,0.44255981497242547
S1,499,L23,13828004025578694315,101c946c3db4b0335bc4a1d906d338fe3476035397c7b0c9918b7dd622970500,True,0.47843422756294846
S1,499,L32,2788000542856410341,1c18630cdfc97764959bff123f3ab2056b3ba4439a5c94a0f21c33ae83b5d35c,True,0.4275529963846627
S1,500,L12,9526133809189338068,32522cf1b3cad0d658bfd9d1472b0a7300926c9f9974310a1095a9bac6bea4a6,True,0.3927151577662927
S1,500,L21,7224512873283864123,8938e8d0841a6a0a7557aaf4764387bd73cb2539cfda6f2a609897bac4fad9cb,True,0.47281908191805505
S1,500,L13,6648978318114061989,ba34b358df5b177d3e50c39e0fa693f7c12c656c95649a10feddc0f6363331cb,True,0.4127599030635375
S1,500,L31,15202303577646225541,89e6b89a09563754a29a8ee1e1234924af3c95fbf0927fa1bd381830edf14564,True,0.4379812918930604
S1,500,L23,12732415901355747849,5384e796dfdbc296494fc39e870e9ad35b64c5e04bf557f04e9f3d12f5787fca,True,0.48662944302397443
S1,500,L32,6197831689380664655,a9846858855105f9d71fd88fa5e8bad5f5502d7c460a145f18a6e4953802f8b8,True,0.42305746086672175
S1,501,L12,8761402410932300427,9ae1f7586ca1ade2af4aaa3cae7b60776170d3fac8cdf483d4d5d9c633720cd1,True,0.3936807733362714
S1,501,L21,4542187940536624914,b0cd82362811647ef62d3258a94a651e66902f9776d52122382588b6157e30d7,True,0.4704302596620332
S1,501,L13,18410954840043296092,d0968e2def9ad36ce8e0897b859fe3761dd32699c3ac1f1c398717d6bde69fd9,True,0.4123650012119374
S1,501,L31,116149332991491446,3ace38e1ba54444329a658dc8f6f1445a7efeebcb0c73b6e54531b3740475705,True,0.43799101260922624
S1,501,L23,4406497662650959673,d69052d227db95f7144ceb62375a9956a3221303049ff6c5524a69cbf94ecddb,True,0.47969337353108865
S1,501,L32,709929745045137114,9ba91b7b863468e21a0f0ef58c5da862b4bd1441d30a4a051716fefc765b0c30,True,0.4259989073962997
S1,502,L12,17722972385483036507,b021d40b804225c8976f4e25e8f9c3f4b18a2ea5144b7a0c05c13d5898738804,True,0.39220488099405165
S1,502,L21,4799625923641655535,18799e2d0ddcdd34f0f056e5cb6f042363b4ec7c28826a32acd9dc21bce9cc0e,True,0.4744774602287964
S1,502,L13,579982044580388816,f9b793a9e357e139b95edc7927c9034ef498899f9aa46a8bfe177c39bc183b7e,True,0.3995123349695201
S1,502,L31,6490511751937525519,818d7acb9d87701fafaa4f86646c1499435bcc79cfbbd79973e7e06a2552c40c,True,0.44320127112115865
S1,502,L23,11852296427327916057,e81b98b7d802e06a63712bc10ef22bea55a1f010558dabd5ad72370ad19412f9,True,0.4820979153000723
S1,502,L32,1367460809523631452,9315fd71bef38be2e8300c67b9033506c5e7f24c8b821cabd5f8480140d456e6,True,0.42277451636768143
S1,503,L12,156753072046938186,670e7957c299774438b03a885e59f7999b02da34a4848ee930cd92ee1e97b38e,True,0.3952075204773263
S1,503,L21,14321679349425717183,5530ab40be9d17ae8e8f1040fdb8f4f26fa8b07cd46d9bb94c4eec72df2fccfd,True,0.47476945763132006
S1,503,L13,11434094367807296095,dc17edf03b17b32744290c2b6d3989ed826635716e87f9304fa20a6c4c7dea91,True,0.4145764711086908
S1,503,L31,15406719333220150512,5b268d594d41b397c47c2d3d8572eef9d36cdba828c68d594835b83a5988295c,True,0.4431988320822563
S1,503,L23,6150790883106824800,5b05dde1e353579d446dcf3bfc12d34bf45521438c3016d1a535c50af73e0a18,True,0.47426479741924965
S1,503,L32,10518432859309333732,52b9011bebf33983430bca9d0b0126ae5c5ab9c8df766540d34e219ebbca8974,True,0.4256984610664525
S1,504,L12,9695122017022774921,b5883fc9c833b4491ee054305dae20c6e8a1e475fe1c70d3430c31c01b41857d,True,0.3938308667752344
S1,504,L21,15151808185966953726,088332be660eb0386acd9396a5cbdc123d197526446ae1dce233f11d5a8237f4,True,0.47768186995962625
S1,504,L13,12548664073337997105,7918ff5f3274d5e8a99b88cf9cdd4aee580f54cc3c1298306ba31947d84ee135,True,0.4087417913801213
S1,504,L31,8345769680402052550,c7088e1aaa3a8195b6491f7b82aa252d47dcd09469ab2f97a164b16465ca9fb2,True,0.4360699337740322
S1,504,L23,3215085472226396584,0b7e094c257555e87322b3b5b9cd9d37bfda056a66def984b3125fae69243140,True,0.4766880710265558
S1,504,L32,4160842756237626651,f907678858a04382d1f75571a70241ef8141e80924ba66effa1b3b53893371be,True,0.42417352875591274
S1,505,L12,9839275846957412291,4c434bbccd2b328afbaeb1abe03ebe4ad4bc66915704f29e4c8066461acbff0a,True,0.393634152383195
S1,505,L21,6165718002243328536,674154def28dcf7aa38f336a7f7de13f16d1c8cb36765d25a7b11c7081ebe009,True,0.4712753968630309
S1,505,L13,12509844694508291642,49c657926a9fcf5f94d0e5078419c35a6a05292d2951b9258a28f239b85a3836,True,0.4092553373438514
S1,505,L31,16214280769663530019,ab29ea5081dfcc342c8c8aef565dd4119b42dc28c62db53fd66a643f8754f965,True,0.4501641829676241
S1,505,L23,9476506815876727778,482e1725f1fd7a584cbcaf1ca3bb10e1f3497de900c399f7f857c95936c88284,True,0.48033575545951046
S1,505,L32,12447135565421029845,4b1082c3df20ac48c123aa3510a69ca99212220d1210ed48129008e3f091dc1d,True,0.4259265997986169
S1,506,L12,3630891213723172107,1f8ed59f8235d0c2c1ba399bde66fda6d28c822d5626293f88aefadf6462b362,True,0.39193708895471
S1,506,L21,10363385345296549796,4978bd92d2fc74f8a66413492dc810d3ff4ba66f1e548a44a217d8ddb69b38f6,True,0.4653675308772345
S1,506,L13,16095934746311044111,e1c0dabe270355d33371a8ef9cc04921ef5f0309030c1bff4891992d0874b6f5,True,0.3998755494285212
S1,506,L31,2777439889630561651,baa150e6dfd9fdc5c29cf2059eb874be6eb37fa2bdbf5edac6a28bb8527c97a0,True,0.43819387902647744
S1,506,L23,16202320114927472341,0c4f286db3c18f35640c964e7ec9cdbf3bf33d83831064802675d4cc24852852,True,0.47229687824265576
S1,506,L32,13517065807446147756,6e5632091010fcb92ed48bc290db094104d0e2c2724c7e911e1e8635508c556e,True,0.42676702113136566
S1,507,L12,16325338195400337183,b61a4088a1ba355ec222a2771e469aac66d5aefacdfec07a3bd99432d02cf0c9,True,0.3902005346694824
S1,507,L21,10002979088288507687,405e73742376c0adaf0437f2a965b81c0c7d3ecb7cc49e9deffb66a72c17af5c,True,0.47308130568538226
S1,507,L13,3676868169641201212,7fbdf0bf30916b511ed7b8da0fe5744af9c3ce82e49a86b3c24ffb8805bfdb73,True,0.40510181110563886
S1,507,L31,17072157189429212889,e9bc54f12f880fb20439e16110fe5bcf37b8baf4fa589ed9f85c74931c95c0cb,True,0.44259977266734607
S1,507,L23,13948723171849427556,439c814afa7fb284d122206a6051947b5816b01d353bfa5db5640a2f77a9a705,True,0.47423891162530285
S1,507,L32,17903959498894044237,f0957454afaf524171d49cf112cc4bf11afe3d1f442697939fc342b7ca495af4,True,0.4268653170350038
S1,508,L12,13484610138546384517,6a3ee33a35ce75e6976884d9e15d10eae5331d772c7ba9f1dbc2064f7c1449b7,True,0.3891858606901711
S1,508,L21,5289951615160906707,a8a9e29e96988fb8dc8ab25b7d449bbcd55129288bce87bce1cd1b20b3268672,True,0.4659009428295429
S1,508,L13,10773340883434657237,c266976c9bd986d678b1cbaf9d21fedbd1ad71da5e945f6d830a54c05e1dd7ae,True,0.40890282491250957
S1,508,L31,18431804508892551309,d6d16cb40b1498b057e5a55d5289cb63edf266d9dbb14b0e171ba1e4f1a8ebed,True,0.4408786556004629
S1,508,L23,16448912375672065462,6d4bec8729da5910350254efcfcf70b7db613cf048bd9c0492b061a9be77496c,True,0.46945196130352645
S1,508,L32,5585978321410285532,ce845af0c088a9c4ab3a6355235f37ba28ff00ee5fdbf707af0ad189aa605079,True,0.42505639781526733
S1,509,L12,11518240956199619505,159c75ce99c8038659a197e98c0d3ece940a5a46ead99af254aa6e062add8cec,True,0.3906032938825529
S1,509,L21,17734854580948884806,93afefad3715654eeb67b30f9541163b732c63530a1796fd6183efa423b9d6b9,True,0.4735291489529205
S1,509,L13,13648119847395927619,a71d01bf401e3fe906ab1111fddffc77c99aba43f31563748d12534aa718e280,True,0.4163358726058578
S1,509,L31,9501177609812751124,bce642561141e537832576d8f57e5da1c95f8e907d87d83bfb5a471c9f3f913d,True,0.44564972783408385
S1,509,L23,14016955882141940487,e0ece04ceaa9d4a90cb976aab7113beb636296f9be2a650072e1cdb5d1d5885d,True,0.47769994617130174
S1,509,L32,17693017559998527864,b022a283c065712832773c04a163c2706f4c7cbc967c790836ec835dba1e1f8f,True,0.42444370480373567
S1,510,L12,1745451320361469462,84c8c024544dea422e9083ca7b043b4acdd2293b0cc8da809e3d482dc735a353,True,0.3917402135821829
S1,510,L21,8653165383390291165,bab0d483b1049fb213115a6201ac29cc2f94216725dd90c169c9f624f769b02b,True,0.4728246479523578
S1,510,L13,5165089801956902811,6a0d90cdb11efa67213af2af34514cbe32969201e6325de3bd0d6f6ec5a8185a,True,0.407095290541716
S1,510,L31,16940698958870006274,bf7fc1c104d80af74ec620a47a91565e97bc8587cf77ed8264cfef96051bad3f,True,0.43351309878062205
S1,510,L23,5244608696558726318,526afc81fc120c10682112b8b0c80b1f97062f0c8d7470f5abaf099773511bc7,True,0.48122358579822117
S1,510,L32,3082558259912620272,771fbfdba889487b368f1823de663a578eaa11790d10c3da26f53fb595d36cb3,True,0.426052698583805
S1,511,L12,11021390171018235548,1a98056bdad92e3d331940c1cf0068df3ad38aa8c47e8acae9f6891a24a76413,True,0.3881216013647337
S1,511,L21,10890103727620656048,e32950cbf9eb495be8ea422e04161dbd3a8bccf0e93a08e4102de198b83e09b5,True,0.47337253546344416
S1,511,L13,6350375892965947479,33d0881d1abca399e1b0c01a4daf25bf4b082f11ce50a180752ebba2cf8937a3,True,0.40682741302059977
S1,511,L31,15446639268331817637,0bb4542e88f40de4de1ebcbfbaa4ebdf2c42c71d87edbec01a6a1114513198b9,True,0.44443288751074195
S1,511,L23,10806510599496893208,8d5bfb2ef71146027778998b12e98df0bcf4c349d9791a2b8b1499340b032222,True,0.48107240494791337
S1,511,L32,856695192550332003,2b83a5002b730c44bc19db0c8bd72d46b343dfe89139b0ed71efce1f4a673099,True,0.42388739664550573
S1,512,L12,5050488011949636454,a422dfe13ae05610a197cd3ed9bbfd7f20d7b42cd874b70ce5924de2361443ef,True,0.3899140367652705
S1,512,L21,8293021975292796233,e0848bb26d9e698cd2aff2a0b5090137bf8a37fb77afe6ba28da9784e990e54b,True,0.474537871532728
S1,512,L13,10760652643712620320,3a8da7ddf651b9f4e9ec3d9b44e7d01ea33ad0e36bd3d95c782fa072725244e1,True,0.40928751464454893
S1,512,L31,2001324665887604931,dbfbe726e3addd304c199fdef6c8d8842160037f5fbda4edfa1dd61b70a5eebe,True,0.4436396595207446
S1,512,L23,10125756774962495065,f673ff08235321aacba1c1a2d1fd6b41130605c921648995729bd49ea7b63efc,True,0.4775902263594525
S1,512,L32,11891213626678021559,d243a5e40aa767f819c7758b330abd59ab4a673039b10cb273d6f151e017e8cd,True,0.42674449873659925
S1,513,L12,15152220727270420799,8fb93cea892b47223d19a46b4e75dc115b29b856e18c6a9384435b52e5fd2a91,True,0.3952722026529382
S1,513,L21,9422962191490061904,cff78f7d33614586a9ce3972e20a05f474974606b6afe79753106221a6458f37,True,0.47160411908990824
S1,513,L13,6067300107850466799,24ea74dc96fb31ab7f469847c440b03e2ee8ea0e5bb348d394303b77d2efa874,True,0.4072445055040702
S1,513,L31,10178312604132586314,713fb0e381159cea754df1cc59bada5982130d241ebb3679b2dfa758260f04b9,True,0.4359100070070824
S1,513,L23,11053658904273266163,b83c46d40a16743ba2e98b47503012a0393d31adbcde5eadb31140f4b03755f1,True,0.4775222315286506
S1,513,L32,14757893696519114567,5d8870d8870001e4b6cba20837592af05acd94112bfb9ef88cef75fc7ce5e708,True,0.4222312910445429
S1,514,L12,17682221026619391263,0a741316dcb1932bc495ae50fca8493a2ad8cd1f5139b16a1f31f62c4738db53,True,0.393281158102184
S1,514,L21,143782131897301087,993f94f3dadb95709c73f04a8a8181ded5c446865affc933d81cb7acd63a71f7,True,0.4678336239308861
S1,514,L13,5483613280041642518,8289c73d8f19896da081d08fb0ff3484f5022ee3f417d5ae4738199613a04ceb,True,0.41392126931573814
S1,514,L31,14871663021132473709,a44e9c707b8b494aabbaaa6d520dbe5816f56f1eb2f46d117f3bee6252657a53,True,0.43913146300955974
S1,514,L23,16259791399026527584,55b83a5be00422c2385aca9a8c82ac3359dcaf6a57b14ef5727668193461089b,True,0.4813579959878187
S1,514,L32,3921133360834232482,59ee06b45c4aedb02271dd464789b736431b7c1bc1a4fe02c4f9d9f74526ea70,True,0.41962882943283264
S1,515,L12,15149387599836829265,221ab7c39d8f7d1b25798d96a839f40b490fbca3b6c37757c56659f2f1272f8c,True,0.3917885811877841
S1,515,L21,7003860086362434323,71f2c93a565c53ab04deda7f3c0db4e029dcabc5c3b58a96907e6b305628fd90,True,0.4705853124131662
S1,515,L13,7039294070771085070,05732c79d81fb11425bc3ab190e778e801f0f576a0f72149e7f7da06e0e0fd5e,True,0.40644890814531787
S1,515,L31,5881699728389765108,e15a31509f45b97576cbe247aa8dc962e4fb14b105a4956b23d53894ea7fdaa3,True,0.44130148640267175
S1,515,L23,6457482512173806186,b0dcf3835c9dd2e834c4d2ca611d75a9c2c1ae0f1771877c1400a1da03048e62,True,0.4780775612739233
S1,515,L32,8942443155267994129,5358551e4eb497390f3736c97c828ade81109dfd0af97e179cb7e5edf993e8c7,True,0.4263216806157073
S1,516,L12,12042117822582181174,c694dd84ccf69add07b2bb4ccaf90f8c497d195bbe974958378fdf5c525835f8,True,0.39232754279172216
S1,516,L21,8776927708226341893,94dd856076fc900217e6aff5909121ddd3cca2e56b92a23f6253329057755c17,True,0.46989329169854155
S1,516,L13,6937091763329034252,32e72a3cb7b678a89aa53eccd06f8dcb12b21b16372df7f70799cf49917e6734,True,0.4131475254799548
S1,516,L31,2257318869555288808,92fd507f7dc281a0c5e0d8fa60a2421d4e521906fdf812530ba35a035a8cc160,True,0.43699591870107857
S1,516,L23,11693305008259150929,613be786363af8c0833d260ad517e1b556d9c4d1d1cfa491ffd041ba3eab4669,True,0.47615130992120636
S1,516,L32,15064261247175512210,988dd85d3c43fe726aa28cb1420c162d30f9ac6c781217bc902db8b81f20b309,True,0.4260365311155929
S1,517,L12,1411531390964394452,c2b5ebadd13b4719af77d420ac0806e9a3eade823e524f4c56d5cc8f4d7eb8d1,True,0.39043694349869074
S1,517,L21,593619388187969925,88b05720efe2ff1e223f934b607aff2d1e609b26a2195183b068c14b0166b67e,True,0.4730148836527255
S1,517,L13,16728705743337329294,72eaa92a01e6f8b31c5055410a400da6acf2ae70316965b2792336eae1e11323,True,0.4077763824987647
S1,517,L31,14229779612064975793,2384013365e524d2387783796252f7199fd8faed35fd90a2ea739aa58a28154d,True,0.44178318209197054
S1,517,L23,3571733576439747885,6dc561b4c9f449aa441f970a66298d24229f178adbb26a6f2183cefd49f2789d,True,0.48033035760983733
S1,517,L32,11588708420404916950,dbb764398e3d1ba93163bec912e459209e3c023a9770530b23d4367445b64062,True,0.4229957906837608
S1,518,L12,11020955331196547834,786a341a254e42e68734efd0a8514dabc1edced571308f57d5143019c55a9ae1,True,0.3905694283973937
S1,518,L21,9665585062221276385,b63fd2894636ae61c91231a3d4739eee4c6fd46391728ef6682f751858ad5bc8,True,0.46939906046291263
S1,518,L13,12541128598850702850,6504d0ca5dc3687c9996575fe4a57d80e9698afb2dc05f39d6d6771b03fa8a25,True,0.411848304489806
S1,518,L31,4202961281340455697,ff60370c92ff5265318094fd15b85f855c26b216d2eb5b44b91787398ffe2770,True,0.4353997140115071
S1,518,L23,12695497274599600903,1ecaa477b8433fd0ed2e8f9b3f8bbd9382c8bb77f31a4a45c086b04fa9c138b2,True,0.4809257869286535
S1,518,L32,16923933929753021821,6b979fea935bdb8d64cf5399f79fccd0e5f702514a9e5a92f2241615e5c661bc,True,0.4238512270285999
S1,519,L12,6582703156820176473,cc4d7bd454ba4bd59bcf8b247387bbc41ac5243ce6b1f254429279c7a9e2cbda,True,0.3924471057476613
S1,519,L21,2636387776437426777,e5e5b56451f8caf7fa6556bd209002795ede8dc505f830397b34febd82e6a661,True,0.4696444270513978
S1,519,L13,534868284136570026,f3f8ce5f674f8a1751c534804d2aba302700fc89e63873274c0121ab469b07a6,True,0.4143404933834881
S1,519,L31,15181606396493129717,2180d4c82cd52c8850b62b5d1995d93b8de013c850148485a5f7ceb65a0ea3d1,True,0.4457115252580683
S1,519,L23,7789122459220140585,18116db946c3ab7a8e872f0fac93d457e355300ff726e973d25e6bf240c45382,True,0.4690734603720604
S1,519,L32,16463866697500753028,53f26e67c3cfbffd1953028f22e2cc8dd2f6a1ee2d60e7011c5be30587174587,True,0.42720082268595955
S1,520,L12,3018773666732841396,24feb6fc70f28cb695a07bfa1e6f5cd78fd8f41ff0abb35a7efc2db3e3a13f68,True,0.3919851154434738
S1,520,L21,3855435035460154667,29b553a41436e8f1cac618bcf53be41cdf1db33f7a887dfd59d6457a1f02ae4c,True,0.4744218650520318
S1,520,L13,8312454252773698487,5ea8df324f77b716888f9245782ad488d7f8e0f4b0cdbdb03ea3f9a624b594db,True,0.4129596831764494
S1,520,L31,1832203824834432086,2964f6fd131a998dcd0ddbd2882a5eb2f34a986f5a8bd40c9a9de63bf2953ecb,True,0.4406923085676383
S1,520,L23,15123008562925355694,c3ede7579831f4f584bd8e03d8ae3d0cce12f0ffca2f7a9a53dff51d8baebb01,True,0.47144247270848433
S1,520,L32,11561372013054523937,594c001da1f6aa08eccb8f5bd41096e62be9cc9ed2fb84e7cdda30cb10584cb4,True,0.4249268859097748
S1,521,L12,5475143022692130743,bdfb1a086e5927fe704b00c39e3b2140ba66ca9076292e21e283248eeb2a5092,True,0.39197801653793973
S1,521,L21,5352676496087968427,4e4481433d8c582456c9cebc82886cb2aabd9678909151b53453950d71d26979,True,0.47173927913210006
S1,521,L13,825702804397628063,4771678a8cbc9060fcafb7b1de738dff03d41c1c40d4dc58be7ffe378e8b1135,True,0.41123002249220875
S1,521,L31,12217780683828390478,91a01447891d43762829dbb1149c45ce792d4502c91eeda1b236d37becb49d50,True,0.4417382772372421
S1,521,L23,16020827445221828236,cf1a2599ed0331b846bb6b880eb0912f903e9e2c5cc34e66bd0581516813ad51,True,0.4775321368806755
S1,521,L32,7827474037006299128,f42221f9ec7b28ced7067ae1d10990766066d1ac46124b436a306cfeb55dc0ad,True,0.42247268397493776
S1,522,L12,649793817687406838,30fb5654119d2a5c0dedc54d2cc1c5036aaed6acd21bc16d8c7c02428742341d,True,0.3922166561620806
S1,522,L21,7509557545285760285,6b2cd865d0d94c170ef20a0b8730f7b74969847957527af0a5e38049ea782def,True,0.46522992718444195
S1,522,L13,4613080328047753488,98e62e254368bfde2b58be935317d27dfcbcbaa48dcb474ec78cc5946eec471e,True,0.4034268784603242
S1,522,L31,1455105062724577308,fd131b2e6975aee7f5e880f84776758940ec09d2f647c437b4573e4eb88728b3,True,0.43857497742219437
S1,522,L23,12345112282100906228,a67d8087bf7b0b06fce690d858e637b93df0509daf6e1a45f24e71f4f79cf2f5,True,0.48015959706276407
S1,522,L32,849816918004870254,7b35873594ec44ae8904ddef1260ae0d2c16ce1fc3f2ff04d48176682ba805fb,True,0.42629681600245783
S1,523,L12,17045557429376011108,397693487ba1e028ec0e83c4be501d7c69a14b4742561f0acfffdc6f8e7385cf,True,0.3907024577848277
S1,523,L21,375273237756634492,987b695bf9c9ac8ee79fcf1a587c3a20cb5bebb780bd56fbb0ebff2e885a232a,True,0.4721504726506744
S1,523,L13,8135320947220188785,4fc77b6e2f958bb7be687a23b44e8ed037e89216fb54403cb1593a8c5be3af1d,True,0.4011740829725818
S1,523,L31,521027529314758009,8cf755f361a96540943a4e696da6303cd9d0b12b59b4fb6fbdcd904960531727,True,0.43931200282693145
S1,523,L23,281620959457049155,e77e0238e286710621403337d333e7d2b312ba9f9b704cb29d34d1c5ca75c12c,True,0.4725074771633221
S1,523,L32,4189056536124562067,f4c9a297f797a3a085ae53830534d79e71c182950360658fe24faeb0eb4512d0,True,0.4217519476317958
S1,524,L12,4151666539399820538,e12b2e10e91260afbcc273ebc32e816e40a0fb69a87e70cda4e0930f1bf47323,True,0.39286869336948416
S1,524,L21,2563153772626490469,a1ef010f8399873e9d29cb5596aaaeaa5214180af10aa91cd24474a615396685,True,0.4739348260731881
S1,524,L13,16162804579290609527,5832069723a69a9e0f174e9845a9d41237954531a7644e7b719d7fe68671ecee,True,0.40257929265315684
S1,524,L31,12032509937907802358,d9e72e7be259838df946cdb69999a156a99390ad8569e71fa68c1d6e22722dcc,True,0.4411865514118388
S1,524,L23,2829816791720709631,8d27c6e1bdbe1221441df70b626b8055c2370c17e78706c1ff84be10c4c10f5d,True,0.4767257728866197
S1,524,L32,1397952112432988264,c22de505463dad8fda3af75df5cdcf2b72497b24a7dd73070eb400344c3c6151,True,0.424793687739209
S1,525,L12,16004062611553186839,d1f6bbd5ca1b784df6c13afbb92211d16dc387796756e9e0ac38328f4b5fb226,True,0.39403319523991387
S1,525,L21,10923069543746157988,1dcccce99049f207e51f3e0340f727b6efb00a9e6279446c8cf685aacaa00833,True,0.47388930451965355
S1,525,L13,17248929588499546487,75cb6badd498394ba2fa51c898337c6639bc6c5655149a0455c8a596549ce7cd,True,0.4046245471781395
S1,525,L31,4484452502380885793,d72f38279db16dac2a6bbdf94f7a758854f872610846f4cc8078c52ae9e31e4e,True,0.44115306951210004
S1,525,L23,13121338027083399611,36cdf8ee231fbf0660e5fe593fbb07135274d0f5f9e1ee5254ad8f276aa3724c,True,0.47916055574954086
S1,525,L32,16356069905267943598,415a3e93f80a239c5d1174738b900faad041789c6bced2465129723e0a8b714b,True,0.42546329447720094
S1,526,L12,11160137301468201125,3aed31198710d08511320261dfe94ba01d150753cc51f3c9d29fda84575d7f81,True,0.3922166561620806
S1,526,L21,10455061640947610557,40fedbdfb7bb1b08d9155152d9f90035275b88f07932960f41c570c0779e54a3,True,0.4745058430144127
S1,526,L13,12016419054967938215,20c7297d794efc47abd39bf36f2bdd81ed65b83ac8a9d49474e6ffa320bacc18,True,0.4090444142052989
S1,526,L31,1278637007107979294,5509cb8e7aea2f026194e6e90696c990468f0cf0f6cbea1ec1e22ee34c6877b6,True,0.43637861377838516
S1,526,L23,15548562036552848894,1f888f82e6194ef49e2f0d29bf7cb3b966df4f781b1a65744fcb62ee4ae892eb,True,0.47422579020669353
S1,526,L32,14282019825359374057,e321f2dacb9d5a1cd39c1cb9505fe0f7510c1b9540e1b7859a1dc5aa1b64c8ae,True,0.42155999076777134
S1,527,L12,3034145261512109183,4f415d275a4a6e255fd67b3d0fe09cb12094700b5545a203be44e6b868012fe7,True,0.39105322078338456
S1,527,L21,13103970450788467994,104e659a411ee20388c2c60ea02b45d7c215d6d481bf1777303beadcc4f2a99c,True,0.4713560732662181
S1,527,L13,5604293233694223910,861e1fd6abf1fbe9360cc74e9cce8febd4312020aca1d6fe791ef7c74c7c0c7b,True,0.4077906392743661
S1,527,L31,8186031167396550187,f6c72c0ed127bbd57b52154a5756f9c6d10d8675cd14ac8dc9b2758165f2cae7,True,0.44010393378894275
S1,527,L23,7999332097203696091,d42bb3fe873d1b1da1f22c0a4894c85ed19f093d1cb9896bb819d82af1f7f35e,True,0.4703122558689129
S1,527,L32,5017114508521024627,ac495677506bb9404645668bf34b46cca1581ad0fe526c11c3e4ca83bc67acf9,True,0.42672338501883983
S1,528,L12,2762174316566204538,ab2ec8195bfaa28ca54b5f71e1d9c638b30b806d156e5f2a9c6e13fa8c82c142,True,0.3917381453654559
S1,528,L21,5831706190051376669,ad8bfff7d702dd1ec81498bb2587dcbd88139cee97fb1257411751135b0b7441,True,0.46906531086255954
S1,528,L13,18419563594888057703,45e89b5a3928d4a870ede68a329908112d98f933f9b3f2a3c355fc28116b43d9,True,0.4109535091405986
S1,528,L31,4118596847996885441,2b69e957ff98a865ca391b860bf5cdd9628a3b338570bcb9fb746621b0566c99,True,0.4368090246948181
S1,528,L23,1300506663837758879,a69b9d2123a66cc38f32f8a4e8d26b82c4f678fdbf50e47316adb5d3dcaba2a1,True,0.4811785645652441
S1,528,L32,8644491857013303374,47bddffe10377f151eeb93fd02612fa3ea8cb3d759fcf662a84070aa9cb64487,True,0.4238512270285999
S1,529,L12,14559745780364945794,9310ea20fe0b48c2248103f488b639e2ceaf2dd9f4c30577d69c57a54c4ca859,True,0.3912029999963208
S1,529,L21,2494347104133092078,3376e84f0a20d6601b154a8fbb7e9ea7032e0075ef09167c7d23e37eb599f528,True,0.4723463686374283
S1,529,L13,16645704532201320849,6494ed989223785960b176319ddd7c1aad84c18bdaeb4d8f908e92caa4c60019,True,0.404109872264415
S1,529,L31,995513976079556660,fc94cdec0554647e808fb26c9596ee80d145a399577c384fc0c17f48fc17a85e,True,0.43997263232955836
S1,529,L23,16082274169947015519,3485d708fce2fa5b8715cc06ea071656f2717310c88f9cc2f1c11bc74e583e61,True,0.4848526551525085
S1,529,L32,4014090832446277863,af5a2ac49ad5e450ae628d4f2675c50ae3da295d4c6ecd1a093370551be3a63c,True,0.4251882884323564
S1,530,L12,6898359461513182956,bccbac7fe6ba3a59cffa24dbd0f8f93d23936d5b77ddec1e13248ca907ded1b0,True,0.3927151577662927
S1,530,L21,17432098394993194220,decbadb1c9148844ab97cd9fba362babcc8ee3e028a2a28796e5656350881e38,True,0.47365693190245417
S1,530,L13,1660058516191967854,842f8368d710ca4698bee463c487ca76d1f6990024908af1c8af003dcba7211b,True,0.4088023492296961
S1,530,L31,14202451130602624095,952871de4a63a6fdc7b768e011de253eb5214c8e6f439b942077bf2eac3e77c7,True,0.4455259000010581
S1,530,L23,11252346721443644479,a154bea1a4a63ce06978ff3bcc2c591d208b4be955afa06acc491cbdfddd8708,True,0.4723385212689521
S1,530,L32,16491387344289820735,cded879e72f14b74a757e3863d045a57799aff27c54237b70650ad71bb4c768e,True,0.42444370480373567
S1,531,L12,306444305837455441,ea9a5bbdc744af6a25f0103a2d8c522166c555be21165b532396d45bbf774526,True,0.3932330534585587
S1,531,L21,837979659486014874,31e6692d1e0912f50537d9fd4efe07cc591481ec71646d52562d942bd860dbaa,True,0.4669796653769159
S1,531,L13,8773780044080966888,d4815f41eb42f77a72d5a745df8395310f8eb1327281dd396fe331bb992811e7,True,0.41653170492171876
S1,531,L31,4371992105432865435,1b6d1e372834473389704fbda2d21a697812c03416f9997f379f69fe1084f76a,True,0.43829227816369976
S1,531,L23,16161968606994187082,bc51a9f11e1548837034f7400f55b50fdb60e461a96de7dbb1c0bd7346514503,True,0.4718708250409389
S1,531,L32,1351980885415209778,71df2e10d0d5901f318f977f0630f13fa2208ec761cc71a7fc266b9d68a5a7ab,True,0.4210924893766613
S1,532,L12,10475328345423207126,a23b5b85d3c26badbab7c3af050aa3d2508ef1528b7a5e53e6f6fa34f6578d30,True,0.3928778308873355
S1,532,L21,6287161972395417441,649740dc9a1c91000112c1deefffb344ce139a33d8248679ab7840e771a11d6e,True,0.4640167911172218
S1,532,L13,17112535606656198799,36f5f68c33af7219848e1a4c7a2f86edf8a66ca59171c3ad6d3697dea238105d,True,0.4067290172620923
S1,532,L31,13676655863913325670,79e852fbccc95b83963b8ab3a6f9a97b0b9424184799c554bbbf036beefbc951,True,0.439813302629361
S1,532,L23,5882487116452108197,cc640d2d42b0097f2978ccfbe765f47234082e90e74d9119daba9fce4a977bd8,True,0.4759672399025645
S1,532,L32,16494648683333964558,a6c118a1d2516b8fd980fc4a6e554189164d7d52602d07cbea78b59495300975,True,0.4256853275870653
S1,533,L12,6807482725339686833,a3d2d8baadc14db3baa5c68cc8e483ebeaf249843230f0d9f7fdd5a24434cb5c,True,0.39225106651360125
S1,533,L21,10023741377286553225,dd18e79b3d22e12eb179cae8a005895e4c5c9e6cb7cc6510bc490ec059491b10,True,0.47299102357501804
S1,533,L13,3581749207285654846,b302b74a34e58814a972bc6235411bf0a6ed3e285ca3adb6fe425c846350fa4e,True,0.4160116177189182
S1,533,L31,10813866934549990734,5128cbc99feb9f69a1676420caf373ca9961d5ccd3f9953ee66c5605bb8a5bf9,True,0.44088574311152495
S1,533,L23,742997317789068714,5abd340cac08a86fdd9f5e7b7ef75b6c789cbea34581af79bc50ffe0be89890d,True,0.47151873615851614
S1,533,L32,5840481116816920707,6d0e4c2159e96aab999936c59ac4a64736190197e93293ebb26ff72c6bf5a64b,True,0.4241368376358563
S1,534,L12,7645898673775351650,cc331d19f4f88fb12e7a56472dc5d78ac902e33ae7ba4b08dbde6b945a70acdb,True,0.3922660490093389
S1,534,L21,15300829118484844404,2dc4a719a4b51f1c7984785b1ac79ee5ea0cbb9c41f6a3c1af95de41a0db6ad5,True,0.4765128823595899
S1,534,L13,1364467332435636854,1811a4b0d293f858ab47eea4798adc0137298b974e275187a5cb1dfbc0c7a9d5,True,0.40309091218104026
S1,534,L31,13930590164539404926,07b2b23453e09f34c979da50ee67f2e9f7fdd7844db7498598dca8c1fbedeb5f,True,0.4427133726986876
S1,534,L23,14088446807311245772,3c949d47b676be7f767e322c9842888d26bca1a2e96e4114af2a1a682c421b92,True,0.47882042982559125
S1,534,L32,5936209802665969704,fe7682ca4ae5966de7b1224e4b66f70c51cd9cc58dbe013c38ce9177e589aea8,True,0.42056014946371245
S1,535,L12,6063283080972962069,67b53967b7b5a467fdb7a4e6be19a936733e20b51ad971e350f2558e47485a4e,True,0.3877121903160826
S1,535,L21,6432208434994918872,994d0788b1fe703cd1157bd8fadff8c729aa37e5214eae1a88087bab4a779826,True,0.47214733253625185
S1,535,L13,13176154830204956733,a7be4a8fcce84b5905831074c225f1803abf320cd22f8a50a64154272066de14,True,0.40809259546456433
S1,535,L31,5748475180191178600,fd728e8b1caabee1f7a10062d5bd080a581fb4d1ccd0ecb929453724580cf289,True,0.4423321524158159
S1,535,L23,3912152677324398665,e825ee43e6fcdc8248463c82ce97a5ecddc2bad7a4d4463bbe6eb3ee89e3bd09,True,0.4781749175811347
S1,535,L32,9332868202130959729,a2fea47e8742ad2bcc480e446be23f32675721888914435d428eb6f4db6dad4d,True,0.42654190723300245
S1,536,L12,14528582852136086895,05c5a1fbc0e95a8ccfa4d91e6e643a4c89a448530821abdee7bb7d0c1024c53f,True,0.3920685943970835
S1,536,L21,12474437129706573630,4033cdcce8ab08fdc3e6d1cf12baa54e77248357ec1f05e21aa386df11cff6bb,True,0.47326832397795776
S1,536,L13,2298462670368069999,f2bcdc57b5f25dcf788f08950208e6c5420e3ea97dab17b50ba8d591b6952bb9,True,0.4050839207331637
S1,536,L31,10348801267615545103,5a96e5c11123b44c9d833b83f96cabab31e25b1d60541a9b9184937ffe4189de,True,0.4467886885095653
S1,536,L23,14148803261387499210,4fe94507e22185b1eeb58a7e923a25e356e4c17b4fdacce6fc9b23935521f10f,True,0.48530750493633296
S1,536,L32,1533501166162658658,4f2c0e1285081afee9bfcd70e04abad54b6d010e932eac510c4f9ddde380ab0e,True,0.4225953594555883
S1,537,L12,8550445812730006019,a450f6858d4b4a54ddc270ddf7a1b066911b9ff595885ae6feb35562bf52423f,True,0.39022319609111744
S1,537,L21,13512244067891937282,0c7ddbbcd61797cac3c9c63196c8457a8de9bfe913b1d568cfc82295f00be2c7,True,0.4719196757588556
S1,537,L13,8530740398321619813,8e13bc4218eae1479e3e34dffd15f2633cf702c70d463df11c6e9e0df721a768,True,0.4146651649011671
S1,537,L31,15133068969997569522,f31588fe922ae44c354591b3f30600ad23568313c5278574214b9846ede11fd8,True,0.43795998062813646
S1,537,L23,12485150027779012889,ef6bb55f1074b276f56883251473731d49a36aa6ad7602106eb7a7baf4883057,True,0.4758018765964224
S1,537,L32,9564624300330209436,84d220fbbeb16686440be24b5c2d63803cebe538bb605d06baaa84fb19a82180,True,0.4244130425244471
S1,538,L12,10175984015533728385,c0b5169a49e832b54291cc44a81a17258ef6351352bd8c8f2fbdbaace1faf16c,True,0.3916005719964926
S1,538,L21,2468663217151406351,7684787a352f224ac17d98bf16acd97c3c83fe58e90be36f5476f314b9bd241c,True,0.47243175634975076
S1,538,L13,15939577019590567444,3dbddd8d0b34c5755fa64722bd0d442d76df6ab1602f4cf174a6389584852351,True,0.4099472268621578
S1,538,L31,439176174179848080,9695baaf35afc2c2d63d55c72dfbbd188b603b7a1c3eda8880bb14e2afee70c7,True,0.4355089842864304
S1,538,L23,5198738454063960941,a0e51d084cfb654442bdf95400479f800a828fb6407dc6dfa3779bcf8e543bb4,True,0.479648449555736
S1,538,L32,7107598658786583903,4bb0a32198ecb635adbbf079241fb8880190dda5749aee2c6ead1aba19d3e9dc,True,0.4237998337411861
S1,539,L12,12025553686886769495,711c729b18c4f8632a3ab5d4073e5d11ed01df5f5e0b9a5a93aaa72d6d4d7240,True,0.39083387135531045
S1,539,L21,9656504678296020399,c0e9e4707a8cf6e11e8e7f6379e1799e884cc812fff02a04ca76b3739d766362,True,0.4777889855549414
S1,539,L13,14771330768915658676,6acece9162ff9dcea89a1dc964ae00c2ef6470bac25d6819467768ae578950fe,True,0.4123392125291623
S1,539,L31,602722243161559324,18f4d0bd89ac4625d360e63fa5325a2acd85d3fad93dbf36aa700e0d31c846cc,True,0.4441287119764889
S1,539,L23,539661363811835064,3ccc73fd8a77bf4b7ddea92cf3da7b35b4e6269bf8c3f5e6729d4a5becd52c0d,True,0.4773754859351802
S1,539,L32,9506117259187338822,10d13e36a3a936ff1e5fb77b950499ec02624ad9dbd2ba3955035f990c185786,True,0.42228369643541974
S1,540,L12,7043049645947810592,31a4cb1a07e3afff545f9b6111f3deb6db443f69bda1857557cfc5047e4cad34,True,0.3923639470094057
S1,540,L21,12218478090748961195,b80af20145fa51e283ca28c2d20d617c7b69543a5f98c0d1bc07fceb79704683,True,0.4645386001215745
S1,540,L13,5813518248376149993,7fe3deb3dd9393302b71ad0f3da27c4d239a858c713d74ca02742aeae6b5f61c,True,0.41531569780695937
S1,540,L31,3353049496644444115,03728c5bfae3667425cf33f2f48a1100d10adcd67e8b642a318a738c6ca2bb5c,True,0.4384213021599097
S1,540,L23,15926390337939691219,d744995a63dd1de8d5887fb07e006b4bf070557fe96ecebd88fde08163cac18d,True,0.4754953956491135
S1,540,L32,8116408758670430887,a846efa19f3ec5efe98c6482ca56e62e5fb8a2aa7699d8fb6654e9a35ac36e81,True,0.42270291932524134
S1,541,L12,5742177446912666760,7ecc1fa1c4df0a2bc58aab5f274797c333e2cfd776000500c0ce7dfd233db633,True,0.3944221600818179
S1,541,L21,9523707854086329960,4950cd943d9f20c3116a8c64f302392b78053c75e49e5b539648e42e4793c6f2,True,0.4704732892024602
S1,541,L13,15165215585554797798,eb3411b953ad41e32d8473462df543becf672ae56f74e1ebf7b5f47bccff9de3,True,0.4100768898831193
S1,541,L31,17231901843794935833,411886309c50fdd74bb128dbaf9b9d280776dade46d0eb706880db2926691173,True,0.4460810805017677
S1,541,L23,16725567021093560130,651224dfd56bcc5ed5bda7b4e38f37aa105cc873a31d728f2de0e633649305db,True,0.471515668122143
S1,541,L32,7982779078172723456,9e54c9807d9f641f4b69812fad81863bdab6870383e3612ae3d3dab47e46eb48,True,0.42344921773964406
S1,542,L12,17677316345682470109,4cdc0d9f599a8eea8bd828d0e3ac62a09b5ce6d813d672920e9b48c7666a8116,True,0.3900605927059385
S1,542,L21,15147102144542387318,16b06f19f7a9f99eff10414b0ee514e24bd989446117d045e5533bef1288ee11,True,0.4730892270453773
S1,542,L13,9356983017857378817,53310c85a26f267aaab3fb29bc347bd15f9113dfee8bd8887dacbeaace66c3c9,True,0.41439894367845853
S1,542,L31,1496882201862840691,8418a60e4e538f1258b6077018d7d16c04e7f9b48a4cc34ec290b251471f315c,True,0.4464806480765367
S1,542,L23,3143762043310610098,7b429b205414672d016828c3063e875dc84f34e3b1be591b935736d6e46f5865,True,0.4766131361461998
S1,542,L32,7662239290479412323,f6cc23dee370bfdf38403591013752d6a4090c8816e71e6e2366ddaa6a13d9e6,True,0.42055249200448086
S1,543,L12,5769732085033442664,f9749e6819f2cfb16df1adc273fd49ecdc011dcc4eed59d385a9739365ef0277,True,0.3916004294301982
S1,543,L21,18097163962300697083,0c2e932c1ca15003b5871fc1e3bb8826303313180ff465a3241b8d0e156ad5a1,True,0.46942156053722145
S1,543,L13,15100208537965924297,e0bd41ab371a10ec018a6f61dcaa603ac8add3342cad60e372ae93622ed7dd82,True,0.41154304334477054
S1,543,L31,7795193663621225906,03a6e37b76e76b766fc499f4500530207efde5f4bd22fa777c61ec781e536676,True,0.43919545015350986
S1,543,L23,2069417358902594814,f862d738f3670aa124a61a3fe093cdb9f4135254b9599e3bf77d6ab4fef98cc6,True,0.4764016117402462
S1,543,L32,10833953297524489116,01fd32bec6a528ec22ea2936bcd861ea68594e17d73a7991c3d425d528534bce,True,0.4222904856673097
S1,544,L12,4045153954012413502,0153d173d7c84c234f036b7fec4e746e8a798fb9ee2832de7713fd24b8d7daf0,True,0.39212521873857853
S1,544,L21,15804381273718771146,f7f10409a80f1443d8abd86b37a732acdf23300fbbbadbbc6fa2adf1f19a4e25,True,0.4677045468870481
S1,544,L13,11779396415073895664,8b262ed62fe7c99be499629588244c800b88ea5e35123ddb58287b92d30eda1f,True,0.4081364996162592
S1,544,L31,14117741083498968941,7c1ede4d8f79e54de76ca49c762f220beab90b77c4251e9b81d8c437997ff591,True,0.44615290743369834
S1,544,L23,1862659057471243170,6c50f5d77eae52eb8d8856190686d8583e46fb6a622cdd2622961825296ec832,True,0.4814070733990104
S1,544,L32,8057080262686831520,49d84d4949c6055e8d9907310981797ffd1910c13fdeb30c97cccfa1c9a80b23,True,0.4210501387401171
S1,545,L12,12317171535195853287,bc633dec6a0b8b1040c8bc08577052d59b47fb65c8a4bf5cc1300df40dd0cbdd,True,0.38892444983487495
S1,545,L21,7080739396271956795,b8bae21b199d2abd7f692955e9deb66ec590747091fd734c970d168d60154213,True,0.4745023280212893
S1,545,L13,9566353255518328931,f6b0ec773f7e997bb5abc56654fc5d73de5a97fc541eb9bfeadb9bd38c7632ef,True,0.41254581033822524
S1,545,L31,13097652736908536023,c60730105ccd9698dca590b2adcee29d7e58735a29b76310331742b5406747dd,True,0.43697516083480925
S1,545,L23,12829979388393313253,ade65a9d5b67fb41a6f72ff371ad5c5e42b01788622869ee6f805589f37f0e32,True,0.4699244478960025
S1,545,L32,873985492389154496,c0db567d5d0945ccf22028c1366d0a741e09b3680f4fd53dab40c56a613093b0,True,0.4231315202925556
S1,546,L12,12399079598620685130,d9cf146719ddb58996513347d4f6f23d76109d805e5107dc7b7d09859560cf7f,True,0.3919235311450039
S1,546,L21,6124935247941032543,16a243bbe4e6d93c6e91e452c4ab7dd1c9b199412516e323a9dc3e6181f8f250,True,0.4678927388259293
S1,546,L13,16754016697366276926,b3c54082301f73072c0035e3afc03cffa476c9c91c0fe528917503a0025e4f8f,True,0.41101419203967604
S1,546,L31,16169706496788831274,8fd60364a59f04cecfd80b8321b40e611ed3590a315ad92c42884943dc75e9cc,True,0.4392606274084948
S1,546,L23,16654664493527042236,92428538513c5a435ae67464c4ce7e83a2c35be22cb3cd31210afbe43c25ca33,True,0.4737046401993261
S1,546,L32,3448511763057727416,5668863cbdbe83aee46324bb545224db537cfa0188a7a1a579d2bff32cfcb1a1,True,0.42405443362288864
S1,547,L12,2874241230996690290,b8baa52227206189341dfe54b621b7c8ebb30f9017ac1eaef699cf0797b6bb80,True,0.3886450303405875
S1,547,L21,13105564245273772324,2c213c55845449e0a50ae6b7a58cfdbf91d21d776a38ab7cb9f7d0587626cc63,True,0.46926478818114736
S1,547,L13,3342108763419312858,39ea2d7dffc6789d3e6ee6b2d48f009573502399fc92e12e3f049d785c1c0dac,True,0.40952945597241175
S1,547,L31,15052307547556474199,9a967534879692793a3a59f89ceb8d62c7539dd0da96e03edb5988a521d634ca,True,0.44419223800564944
S1,547,L23,150529753491307971,2f5dca775dfb62d8b40ad89f4b6aa34c7a8f37a4e7efafee09aaa0aa39202acc,True,0.48143983567324544
S1,547,L32,143453410074272254,297f2821f78771c863574acc6388b61fdeb55527e36b5a9ae7348de23fb7db3a,True,0.42055249200448086
S1,548,L12,16090073150425284979,83d718aa6bdc24e8149c77fc39aa4ce21e8446a5d9a5b6a84092c80cf804df4b,True,0.39246918111932894
S1,548,L21,12571936249130733253,6caaee4ade6279ee3c40b7567e5f294507f5b60821b5d1957629af476d3ebbd0,True,0.4677642304917459
S1,548,L13,17675021186424338435,99ed945d07f00bcb56968b34d6e17c4d5dc718110162c867f3b1293575c95efe,True,0.4154339083327153
S1,548,L31,17080572339192110583,a4f5a87f1441d3f4481fd04406120f2c5a37b8a2c8ba0c29d7ac811124651fe8,True,0.4425603210797125
S1,548,L23,12915291368663498187,724a932767cbe245b230aab0c18594f4b9217dd25ce9472d4e78a115af3b5136,True,0.48199542476208274
S1,548,L32,17920111494024304385,aea7661d08568923091fe0a2f8735b6352dd62fd054be607de764eabec725445,True,0.4225851264775733
S1,549,L12,3461125324235468543,27731d6863f4c60839dbd5b5eec3e8d48ef2b20efca9d9907d91548bfc9b4fed,True,0.3962310972059517
S1,549,L21,6090279517345813932,e5512e5df0f429e65fd2b0e5be127246de5728ce80519e8c8f05887b9234a9e0,True,0.466932787136029
S1,549,L13,3466951086726994576,37d3bd92f2554079da7cf6fc548e674cbda1ef9d1d1dd6e6624dbdd3f3eca783,True,0.4090427972300161
S1,549,L31,3046010265006526689,45d4fb1d8e9521b4c31c6f3a4f7de8536f6b772b5790fe754e8ff7e3beff6d8b,True,0.44167129843924746
S1,549,L23,6463831284328848469,2a81a9292814d481c31d96a06ba7081cb5ecc505e3ac95b103be26e5d40a1db5,True,0.47927156962289674
S1,549,L32,3168008294743155262,4629c1be60df5d844264b705d1b76fe558a8ce23252243154686fd2c1b67e46f,True,0.42809505860448377
S1,550,L12,2410311433135747673,470f249cc56293c1b34f6fd300364a3461d9419bcaee3fc942014c27e23465aa,True,0.38953345733238176
S1,550,L21,14817490330076758300,485a1e89807c4498d2fc37c98c336cfddd0dedb6957d7f1b95868d1b6d4b3330,True,0.46526341407463145
S1,550,L13,10575234854956994556,8d5c72732600ca71df2dfcba13fe688ae7ce70c1e2994f2358303fb98a01160e,True,0.40751512999286926
S1,550,L31,4249920562828055631,b170c97f0f40bb6c34a17d7c3331ed9215f54e071fbf0c12966a0e18fa06a457,True,0.4428227458632092
S1,550,L23,11372691963153540368,94044d3f6724c4c839a746b0f4bc1d4a004e546943af3be5f9e3675716b355ab,True,0.4770695280448977
S1,550,L32,1960971475086660783,ddd79326b218dc83229b817ab6367a99bc783fda22388e2e8aed6c9321f76fba,True,0.4245557248621996
S1,551,L12,4974112654103046421,c06e34a88a60bf3cfefcd4c4bf7c4ba04ffa57e9fd98f55f8dc487596cd98104,True,0.38947225634450705
S1,551,L21,13126777549930599692,b703e801bfdf706cfc9d162c73d7b4a7bfd6ceeef1cbb29643bea378ed387ef0,True,0.46739187138144794
S1,551,L13,694891794600139302,e105068600a62a8902b71758fdb83b07e6a4cda2dd9e0428f41adb4c69ad335b,True,0.40961753482912283
S1,551,L31,91028663774428762,eb7612bfe5c494850efdd566e5180f8e6cb2880f50f76b1052761bbad1858df5,True,0.44501392394354844
S1,551,L23,9313840318176610143,3aac09744b43901d212f9f9e1a47b49adb72e648f9e6011f5e1360e4bb1986ff,True,0.4737217992228449
S1,551,L32,11645946459555026590,3dd01612fe14ddc566eeab478071fdaf2fb174f23246fa3b39c7d69c3b68abd9,True,0.42332543592986155
S1,552,L12,18299033666927437368,3b73133ac55fe567642488995d21b58d40a4422c40dece010a7937cccecd5713,True,0.39408102045330856
S1,552,L21,5779944733979172688,11c081610df5f6db61111fb3bb14e562424c8672e92369e372a0839f92ec134d,True,0.47128461879639943
S1,552,L13,9316802813040580048,1d03707c4d266a7931eb794bed2157747f9753e3c357dbc69c9e759144c56272,True,0.4048759366923572
S1,552,L31,750701359237802418,4c3dfbd69a742e545f46d8aa7c83b63d1d7e134a27e3b0abb462c067a6a783a0,True,0.4459308610541544
S1,552,L23,16987406890521240645,19600d2d45bbc782ac5eec0809db1cfce4499a132fd276ac68926f4a5482d0c8,True,0.4817977990838192
S1,552,L32,5971845023649717233,c6b41ffa092fe3e304040c82524624c3fc1e6747565817a8ab7d835b9aa8b908,True,0.4232038597898007
S1,553,L12,12051525021317122566,0810e6c510dfa39c74b6752ee132ab5f718a8632e05390512020882bf81eb35b,True,0.3912469276982718
S1,553,L21,17196626195595282622,02f3e827d9127975f25001542f72392f7a447638a4afe909e29bc6cd7a4be317,True,0.47342591098751446
S1,553,L13,894417571277695860,62b3b2cfdced9c9ef842a01b89ca1883ebe1657de90c0d8b0f15b6edd222dc36,True,0.4057998495585975
S1,553,L31,3102098894176047667,4db2942f144d53235e1cd49cc3992256fa055cce86bbba43007c187ed3a60ce1,True,0.4404100264595302
S1,553,L23,4723558560890354258,46e8494fb8ef74d0828e77c5570940b0dbb72e0a95a0c5ce2da3eef0e73453da,True,0.48199542476208274
S1,553,L32,4793751476000834070,e60543fe96f590cec1cf42cac9cb31e3a5561e4e7879deaa6293241a183b1f5e,True,0.42373640384660416
S1,554,L12,12349514965365113462,3f442c4f8917aa774709dc4f8ea1b34689fa87206e784e96fdf91aac201f7eb2,True,0.3917951879149314
S1,554,L21,9214016255507763186,756d9d84c0c24113359c94adea6a6821dc09978f780f9aefb214e527a1f300f1,True,0.4664550011444071
S1,554,L13,14399385028068892601,933d2d48159dde6b6aa13f159a4c004c2ee8caa3ba0ede88c93f037d3e7a6468,True,0.4046942802232105
S1,554,L31,8220127093007779812,69f4ba1a5fde51fdf2adcc20342818f6bd32dd4701cbf54c7e83f06db2bf5fc4,True,0.44183843210387747
S1,554,L23,9262789006165183870,e906cba0e2e53449882b7a15d897c24553786c756a3d712326bca539ead2a4a7,True,0.4798231834552502
S1,554,L32,17905561914212042196,4d878dabb510f96ed15a0c96ab1373396af3c9ff13edbb9e936dd5da6aad0082,True,0.42258321220994055
S1,555,L12,4116116878563767943,c3a9da897dd8aa5a503f8806daa30c341f8803f50c5262d4f7363b41e1bce6c8,True,0.3929174320085528
S1,555,L21,4844998836106727550,26e1af2c01813a8cd18da7f7c960908eabfdbb4c487c29ac1144d1896e5ca2fd,True,0.46818962500930883
S1,555,L13,12244820267704231330,648b8e0f36b566eddd50ac760153e09f6f7e92c86d8fe3fd4727b927f981d896,True,0.40899584881528794
S1,555,L31,7140095925803702054,467d157e1bc4c235229d011df412185fd1bd27626a0f1e10c306c8fb93bd4e2f,True,0.4518824693503791
S1,555,L23,2310306658164239122,f2647c4abf72dd3a9b9ec47c575321ba198d2029d9f95726e6d47c26574d456b,True,0.48134985771708694
S1,555,L32,16549868028262017308,6364a0b256da35888f4128b777551165391afc406fe40238b61ce08193622a56,True,0.4224056984497877
S1,556,L12,3655394382168205610,8fefe223abd42376d9a6847dc4c3a4152e389a22a2ae0ec3ccc85b19af691c24,True,0.3942673658035418
S1,556,L21,7980243997442050557,6a2b5bf91d266450382cabd29b059255a3812c9bda970c56ee2d54c24f85a317,True,0.4674808133691355
S1,556,L13,14722673899066363941,faa0f76812b32bf28affa936107e08c093c4362dd7ffd130f01dd1a2d2ee4aa5,True,0.41742776197405684
S1,556,L31,7288474590599117312,5f5226c2d30265bfec0d207769e737890fcd9bed937e359440273fcf2da87672,True,0.44469830934724774
S1,556,L23,5086969487282974334,8618274c6e5eb3263e5030c23c85d64381018c9b242d4c45fbf873672c6b3b72,True,0.48237457970433184
S1,556,L32,6167707652245090738,ddc968027124b43eea4a0f698d12c15109b2f398e4c9699012ef4e7b1dee295d,True,0.42444370480373567
S1,557,L12,3580140422509325641,bc7778c144f57f08a1281f4c419384b487dab9800fc255ef3f1db30bae5b1311,True,0.39450590205874814
S1,557,L21,18268744490135321345,06d85156468e5d0dcb2e3683cb06cbca2b4dae8e4072bad5d7b43265e6bb8ebb,True,0.47366314504033175
S1,557,L13,16708451272392903393,f4522e153643363e2022eefa2ac510269fedcc832f5f09352bcdf14391528412,True,0.4096136388995305
S1,557,L31,13542048142511575769,91b79d6ea311fdc8b5b67e178014a79e01d9694c046421fc85d33654a3322413,True,0.4435492927224597
S1,557,L23,3020995865986242381,ccfd497137eba4d6c7d583b570a933a71886cec5f8222fb7e71c5921586917dc,True,0.47577088928772515
S1,557,L32,7789367819175775701,59aea34d3a953d0c1a0279c511712d4065579b66c05bde712670ca6a98b386c3,True,0.4217273892509119
S1,558,L12,14840813972535176689,367a369a1b0714077e07ec7768e656cb885331054d5c1fd42ecb40e8ff560e05,True,0.39347347109066333
S1,558,L21,8621205777584980095,a043c3dfce40edb01899732023fc4e0ef71093b1474c86131bb8dbc0851e37ee,True,0.47420568179524025
S1,558,L13,13557937425202947784,faa7724903836bc2d327706f36116d43ba675d727a2f5c3c0730eee8ebc0d01a,True,0.4081437485454693
S1,558,L31,16839825230898416162,caab6dee2991eaa797b281e675fe79b3a1c4fabbb51aecaa209649eb945d5d36,True,0.4438319739141355
S1,558,L23,17171944977312076200,90ddd629a9952908844902ea352f42bde1c3d257dfb84f9e0d4da9d30fcfff0f,True,0.47995668064017005
S1,558,L32,12123382947509448010,0ca49959706f9195077140f303e3fea5a3e643e66b1c3b13ebfdac115676f9fa,True,0.42488769560055095
S1,559,L12,5388883669793124565,37de2dac74f20eb0bcef1a964272a4511ea677a89dd5765e79f278a13a334d4e,True,0.390236980940313
S1,559,L21,6646903366979877266,6a39867754b4e06232e6749c70107f7b57af117bf0254f37f07758248acf1ee9,True,0.4692969197364171
S1,559,L13,1868825107694415809,36f8f2e31c178e35bdc3f25ad372021d559f33b3f9e6b696132fa8b8b5576e3f,True,0.4114467342255268
S1,559,L31,8204703504809500560,fc966af4594168c06bca557da5e0c0b47e84e0386abf7d1f4be548813c4279be,True,0.4410401331988833
S1,559,L23,1406732166091674485,eaa4c7569685d9c152f29774473b72f2d566e7d885d22db8054e4d1f034b01f3,True,0.4773844425841764
S1,559,L32,14793772306267595451,4080a3f33bd311821090d4ac20903809efcd5d4c511ee379dbfa5c64e826b6a3,True,0.4224049299829864
S1,560,L12,5140166031182194853,285369915cc5eab8caec0f7efa3fae6f0b3078c4de63dedd29417f30e248e361,True,0.3930860342023632
S1,560,L21,17995344607294995414,b45a8e931abd2e39b92fed94fde9ad00b12e7a5b6a7b3a7352f4de92a097ea53,True,0.46634646960297194
S1,560,L13,14791384833702214450,93dae73cabe40dfa02e77ebba4f1847f1c042935bb570978d298b5e4fc24712e,True,0.41329456231000805
S1,560,L31,1602182829032148921,038d19f823921a169a424eb1ec704bae6e6655d2b2d5b799be6747d02d2bad36,True,0.4471358220576347
S1,560,L23,7526720337426382850,416beaa9562de2acb5fafed36cbf9a6686d7ba156d15a26facb433d5950f4ae9,True,0.477746519123271
S1,560,L32,6950914595255832594,8f896b01799cb89c7fc55b5144eb09b277523a75bb8f3a2d55f9da341e0718e2,True,0.4263021739608992
S1,561,L12,5373820680676767299,c86ebe702280ddedb4eb73ff1ef8d60b13e7dc1daa312703037c035f8d0ac0a3,True,0.39012629436520035
S1,561,L21,1307636871727429822,c37b4a4a7d4392626608cd463a7c9e1c4512f5063fdce4b29e8b8bde0a9b0629,True,0.46513194555928333
S1,561,L13,16311707368742247366,7811fe02b55361b3c13c89ccfcd73a0e2c8dc0ee3dc554c732d8f3231950c0e3,True,0.4065209817775099
S1,561,L31,1580473515035199147,43cf3d1a8251414838b76e0a2aad050f606b4fce1f0063818f744ad0ba29e662,True,0.44105801846326104
S1,561,L23,8203207443434124520,a2f8ef56c2c56ab126892d826b3dbf944befa6746ea9731ce435e85c1d287532,True,0.4759881079056692
S1,561,L32,6924784206312062269,dc375146353827256805b3a9216321ce013f81a8f68ddde01c6f2692150e7a9f,True,0.4254085981195779
S1,562,L12,9833465582060700410,e73acce6838ccee23396117e39ab449cda829315d74f3d0925e96b13acc1c551,True,0.38911540265188554
S1,562,L21,10254007799097278719,126b426a22a40c041468a2fa188dbcedf6692bfefb01ba10e07fc374954d59e6,True,0.46966927795641433
S1,562,L13,16923246884192298610,179a0c9207110eb17c6f84e7482d15a81b5f65592650bfb6833daabaf66a3d6b,True,0.41153365255167423
S1,562,L31,10409856357324449035,7d06a84b8172e5cc31901147cf19dba5fd02cd59272e18731d5db180de97fb80,True,0.4445608403363742
S1,562,L23,10020685882803772565,e26de437c25d8a419cdb042c2c882c4dcaaa8631ed297552e861b5caf0b10ef9,True,0.47564017609548004
S1,562,L32,12688966625757059860,3df4d8c73ccd0cebe7ca0c42262c3f063f5d1884c91994711b4284044f55ad89,True,0.4245351619336121
S1,563,L12,15721987173448016583,a8df1af947f7e787f310b81826f36a04db20fe766801eff93c7f2fe9328f59ab,True,0.39673526812190496
S1,563,L21,17042212881978750336,eb497361522229070b9f6b6e6dcaabee4b325720eee592ea8621976478d8aa61,True,0.471446323885737
S1,563,L13,7538784818422654673,4bddb6ad9de0830314fbaa73a1a39951b95e63c09295eb9cad5a5cf3acabf4c7,True,0.4097096529589156
S1,563,L31,2814484950327344967,8592da078eaafab95d873a6d5b4dc645161317ffaf499e715e12f2d9f5fee3a3,True,0.4539216490835957
S1,563,L23,7466109308705570965,0ba82eb4e42609614500cc3d76e041f905b27025b4bb693593afd006542bfeef,True,0.47450664468656084
S1,563,L32,7259343368276770912,8c4e51838fe3718224066d165d568b6cdd0a730b74090ae85b967574d328eecf,True,0.4254589848595565
S1,564,L12,4817325026132040862,4bd7902a4f8b4d2a66a53fa32c6d8b8b06d146303af6a5eb1b9a97cf817c1b1f,True,0.38895954077671735
S1,564,L21,13913270553728259993,7d8a0ceb4d47cae7bb7c85eba09d980c2a47e8358b936bc17e19d08cc76fd590,True,0.4648659734162022
S1,564,L13,15106561715666667133,0d9a7ba628470bdeece86b2033047652b4a2d6b2e7574bd225aea149dcac2211,True,0.4116172498749992
S1,564,L31,17657251561512295482,559d3122650abee25cfc11441a46d30ac1b9f6a31033a18e64176a9fb24aa8c0,True,0.4388297152063147
S1,564,L23,625830335205158364,68abc3b5b4bece9c0ecb0560afedf58f492b856a449414ed5647627fb2b7453a,True,0.4768870826202742
S1,564,L32,5340719276344306034,a3723f02a01e61f2fa37017c5a9c97875a591b2f13198807b60ad7a90bd3a226,True,0.4227097196330681
S1,565,L12,4118056792311696987,5d66603b84523e53f3b0a1be5134e51a2a092e40e250959fd25f92f8e657a13a,True,0.392337226739225
S1,565,L21,15058172713187659510,9b2b6a3aa3941e9767dec85ce042352bc30dada64bfd636481d66f57b43fa46b,True,0.47343109765047187
S1,565,L13,1512310312618385062,75e0010e81f51a4947ab3a5ddd200d049ef6867091a9c33c2dba4bfec8ae1a35,True,0.4119789654522139
S1,565,L31,17138293619801960847,ffff86204b7f13ce81c86dab3cb157755627240ed5704616b083cf5dc6067260,True,0.44866981290439223
S1,565,L23,4128009150780164923,a9fafe27bb84c8a4be0b53af12a222f3a26b70687735a29af9f3791908da1e8d,True,0.47819258939848175
S1,565,L32,10566307625338825605,f2eb64f227728d96ef39d0d494dde83f2f278861f7dd67e804d6444da807a964,True,0.42813406257935055
S1,566,L12,34859547717321668,382d5fe3e0d3d2736378f4e58d4ae70e3dbbef4eea3bdafdb3758f31b71f7d5a,True,0.39285689712962046
S1,566,L21,12078023885184726698,a5bbdeccc445fc9690b81d503fbb64aeddf1122e8a700586cb75c8ea3fde2fc5,True,0.47643958598174563
S1,566,L13,1731220343608870078,e6154b05ffd4fae54031c11fc4c654dccafa570baa83e2ecdb0a8a74d7322643,True,0.4079301508270874
S1,566,L31,13684866851433094478,226d70a0062a5af7e36811eb498d47dcee992caa5999d1010ba14ab2f176416c,True,0.4431133095215545
S1,566,L23,14499971439872300275,df6a421d1b8015224619f9f8b626cbf65d887041e5536096f74331f0418041a2,True,0.48025374154894296
S1,566,L32,10268025711019645539,abc33544a923e43e588feebdbb0de21d60fbf16da7517147a8e4671796728729,True,0.42663134369615585
S1,567,L12,3595288621374918299,4e711c9c971b804c13fdee2ad224c2bead4176f3c0cfb625c1528b7789a1f910,True,0.38924590500960077
S1,567,L21,13474028998604245150,d692839b756b307efe647dcae2f86924c675bcc87c8c131cee80c60b01d81217,True,0.4692969197364171
S1,567,L13,2341214473816243909,a6ad02713683d486fba950face33e398af2d0d8739ee92120a94e289e77179ea,True,0.40775669431213957
S1,567,L31,3724716114848762576,ad45d9e00a540eb0dd1a810c3eba7485fdde9f4dde33125cdb2fd61f572382d9,True,0.440303656290035
S1,567,L23,13142364364482279882,03e46fb91b5e81d00d1ca80dca2514adbe10b674f1ddad8b711d8661c02f520f,True,0.481348111398556
S1,567,L32,85109285245996767,472add5e694cfb69f237e850cd6e1c514561dac53e163cc0aa0624e3db4e7943,True,0.42515677856855877
S1,568,L12,17573733789034753433,31e1aea1dcaa1e17ff5a36853f2c4dbe54ad7a1ee5c5450ae9ad54a9f72f60dc,True,0.39484427006659273
S1,568,L21,5320510106730875685,3c94f82584872cadab2b160ece94a367ece734db15183bdd3a898d964a1f2442,True,0.4702865366065354
S1,568,L13,15707649653980953064,ad447ef273335085761aaeb955a7050153f9dd6034112f73f50fff65b78541a9,True,0.4133154061647779
S1,568,L31,9797047141046402062,dcbcf45f9e25373478cc1ca7797d0472c9e854ddd7ba0e4d8368b284e4e99dcc,True,0.4383924709284935
S1,568,L23,5203796701310939414,07eb99fa5e0f5760c2c1f828e6214f4e83382faa54d4430acef663eda83f1b1d,True,0.48543205089493136
S1,568,L32,1522836467073134785,d67cccb6a7ae8ced1cb6998a2ac200e656aabe4cae1c0635c0669d0c0f5e3883,True,0.42486812125803325
S1,569,L12,4364949929898931880,030442245615408b3f888a01d2572ffd54b373170801e3f4597d173c1eb8daeb,True,0.3884304709955596
S1,569,L21,10246205405432090571,8492076a16348ef29e3a9055e1971a4724378efdeda0afd9836272d2221493ae,True,0.47622859994928635
S1,569,L13,13271419262848941067,2a6c51838146fb305e2051855eba0493537fe04119f8c4cf6b6943cb051c012b,True,0.40959294144160263
S1,569,L31,4440679828986881172,3230de4e198124e105510c7d2e8d69fa20b16e98811154f01ac490002b4018e8,True,0.4463151367961709
S1,569,L23,1114681408766725428,051fdbe8d0c546d7473bdc8b36509d07a24ddf4fd4b6b5882e35fabb2f2ef042,True,0.47594720803991825
S1,569,L32,8703642680842740711,e4220b1cb4a06ad5dc753bd9c872b04cef6355bead55a4735f6ca96c53a51e49,True,0.42497767790678953
S1,570,L12,7238535240065129994,58254e45839652004d83bc5d290e6c8ceba64788413e67592308ef38cf761c39,True,0.3917157527376993
S1,570,L21,1490988631633911382,1b8739bc1f973980e4353c203339b8a9141fc99121d7ccbcd6c1bb2a185af652,True,0.4680516230307777
S1,570,L13,3826146573684748155,b4c7fdb1ca746b28a71ef2c7cb5659571bda109a26e4ace2d840ac076a5ee273,True,0.4051569697961747
S1,570,L31,16725148130193976534,9d659575a5f7542d1e191fc5410ba51f47707bcff210f882979655d97ec170f3,True,0.4398859481003917
S1,570,L23,10941810315493727382,8761b50826ffab9f6b64ea03d28d69a9a8df4241a7a7100a022a6d1c46377ce3,True,0.4745157286595988
S1,570,L32,2846849333535027118,557aa6fabbc0c8c1e128d27ad6690cf965421e11eafbf09ee11046dd3a0a791c,True,0.42319875973793025
S1,571,L12,14137563537088806396,b72919cfa4cfc2788b95308e8b1aeb224d85fa1fd3d187c89a402b204c5cb961,True,0.394381736392803
S1,571,L21,2417741074203805708,b2d4b5859d9dce5b8a300ca4f3106b10c42642ac23212ee4a3247b1746d13a20,True,0.4672261358134596
S1,571,L13,8392673906718103581,2866c8efe85cb0207f9966e590fb8f98f0985805b8721b147bfe537b7d2285df,True,0.41061455168733635
S1,571,L31,1260383904101958699,f41a8d4623aa9ce68455a42ee667d16b8a3800aabcf23514453ec52cdc97d31f,True,0.44732297706932406
S1,571,L23,6168399488823274552,21f4477e9397da601fb57d8a8155113b3221b2a0b77f03488282668268d34768,True,0.4734195830262544
S1,571,L32,11398317533375942016,0127129edbccad3f67831f025027c291e24b480393f9a4f317ea53267e4c194f,True,0.42424831818718134
S1,572,L12,4082576387937485061,0042176ead8c76694d7a17dc0d829ac4dc72dd72e48a48c79749f3a3e9005aec,True,0.3916658758698874
S1,572,L21,14780710092530349936,4b187632488ad142ee1ef32f64e1839d2e12ad6302f6efc1b7dcaf3bdab67862,True,0.47299131080937945
S1,572,L13,12521627359027893407,e6607ecfe99f800ead8bbdf12ba9df608466c7a066a81e15ddb128fa712016cf,True,0.408115752164228
S1,572,L31,10962256622434324648,9b73f1ad851a6ea7519e56b1e736cb24410e4c8ed4aa81a0a512a624d5529d7e,True,0.44015241112896064
S1,572,L23,1676186428152759302,87826db1b74e56d05f5038cffb8c6526ed801de43eec723043ab5bf3cc20e1ab,True,0.4737256026954251
S1,572,L32,17141390274295247255,b88fbed76d2bb22a0c5e6ec1202215fea086dae26146e47d3efc58978d724f23,True,0.4231617123253881
S1,573,L12,17961297305937247467,e41cfd433459dd15188d7002d6aa68f16116221f446ec7e28dccddfb0d0d80d4,True,0.3924118699524025
S1,573,L21,2542419088979040235,4277faf1bfdacd59a50de0bf3607934a8c04862db0a19fd1f4d4a2789c209be2,True,0.4713352137546164
S1,573,L13,11754521917367637119,96cdd656faba33173bd4c1b748e35494d474a419d6331f9922b0c3a036c069e1,True,0.4159778515370999
S1,573,L31,7730919292452189498,affda8cd1e980b2173ce8c0bba2712338e2498fbc7a81da9e510b0917627e0cc,True,0.4376508766225238
S1,573,L23,4964941178359661311,6ae53a6cdb2a95b10382e11a248cba573825b9df1bcc2969ec4b3b2a15ffe099,True,0.4763172704323281
S1,573,L32,13826317849881182342,0ba5b81658e3a40c4b1073af545bdd1570f21671b7b50c0bc1f6acce1484202b,True,0.42362369839878855
S1,574,L12,14082857596065292918,429f10ae3b153d437daca51cd14ccb6fa72e7c49d573174e4ac6e95391d8ac3a,True,0.3912881120146382
S1,574,L21,1072315848531171833,ff46e0faddbe9016f10078d1f56fe7f2edd89efb54403d2f5ebf18abcceb459f,True,0.4655840860696716
S1,574,L13,15654998569273479994,2efe4da14fd8c3348c3006c31da0f0ba2015020122ff67eb00268a21f3a6c7be,True,0.4048362820857757
S1,574,L31,16087498556259586406,0fe18cea43b062e98e740d614520bf975e5703d533576a79790c9a886e001af7,True,0.44251256637830877
S1,574,L23,9493539546109590560,dfc807c8f7688c44c12befd08321d80fdc41055f8989f5ac6dca2519c544efe5,True,0.474565695138505
S1,574,L32,1726758031112474093,235c8d02932c10dccdc645302d8d97ff4302d66834ed74c6534970eb5f2b9a77,True,0.4299497913114357
S1,575,L12,3200145081129848277,f04b62c726881513cb669c8dea871bd7294fd9eda5c2424058ced3904d46dcaf,True,0.3921699845324769
S1,575,L21,12819605985663632577,ecc598c65690bd040f9ae119933d9bc6481ad0aee202b21080aa2995f80e5291,True,0.47602469164855676
S1,575,L13,10705291206690834261,16da8a08ecca1e44caa52523af4442360f2b04869d4f6abf6f33d334e6496033,True,0.4072207860913591
S1,575,L31,9230745606279836455,9b7bb3fac6dd5a6fd4f478c1203e5a668f836fe370744ac36887d9d4566c1660,True,0.44151137377727845
S1,575,L23,77704488917442775,0106462fee2f03f5f4bce62a355f5d7a320c7f309f552edc2ed3faa537a3fe5d,True,0.47490294998890603
S1,575,L32,9522596995671154064,bfe8c4fc6c629047fbac6543a7bb63d96ad45039b1cf33e9604e61c5922e4128,True,0.4285089306731764
S1,576,L12,8306930452777098169,bfc9b04306fa818bf7ea356e540fce9e0049f0f55dd5ffb3062f9ad6d868820d,True,0.3929355772037098
S1,576,L21,15794805859431294839,680039dbcd8ee40ba3614941d29d6037a18f17b169a1e2bf91d6b8bd1e719669,True,0.4752319516357621
S1,576,L13,15383492154504019794,4f528e6ffb11addc35b6e733abd81ce982a1f235a367dcd5b11918cc30f403bc,True,0.4031709403242242
S1,576,L31,12774945561260839570,5a121ce756b56a434fd855665e83e3f23f8e845492e85ef4c398c328ae506932,True,0.4423509995452203
S1,576,L23,18142784633779591441,68f822c9c5a97a6d68f6834be799c3d81f13a289c4329f4df7464ff88f6d013d,True,0.47750692582217735
S1,576,L32,714044804394022548,26cb2f11f7b1cb5899924a116c567829ab77579acbd79916d4d6d4e5f2ce3e7e,True,0.42540153358275057
S1,577,L12,2833287121985899068,44e397f325eda0b521f12520e4fb0501e76d66d82be0519373c33602cb98627f,True,0.3962902246160511
S1,577,L21,16920250490740649353,63d82f761f7a40ed367a0bb0115ee00bf3536136cc405a1ac0133ce9fc93952f,True,0.4776643209444418
S1,577,L13,5310488665557695628,36d2f4bf801b6546071c1361a3edcdd1bd4c69a52b725aa8025ac68793546cfe,True,0.4138437808880617
S1,577,L31,6321166382162833495,9ded0b3b697ae9f3ed8e961772ffc494a5b38e0cfaa5c63e2e30cb1fd164b88b,True,0.4380620304702776
S1,577,L23,14331033884865872488,a14791a401bf3d7b2b7e02e2d4d94e55969ffde9f6f921378293be5010b0bd40,True,0.4800165433607313
S1,577,L32,11094987173627816519,c9e580dda5edcd06cf757323e3fcb44555b162c2a8b5b2df2964c77cfceed909,True,0.4220233337085605
S1,578,L12,1200346146425099114,177b35c48a2494070301f6001021aaaaa8fab4720ce9380d13abe6fa6cbd04aa,True,0.39157760161812083
S1,578,L21,9351953993698825342,15ce92b734f0b5a8570a83eacb6b77cbfd368e1288faa4ccb3acd7ce39bca083,True,0.47018499465187286
S1,578,L13,7206195786528015025,2ed3dfc0b3ac3ae14b393f387d5fe4b1058147f8c718e77e4459b1fd1d6606b2,True,0.4105415021822595
S1,578,L31,11700593724212961398,8c2cd0e7a71a948ed928377d22e37278ab59387436dfb835035a0f31e0e0e438,True,0.44356535331353397
S1,578,L23,13937190949636865645,0c6c7271481902d422b341a6a58442fe025fd9a28a423bf056c641df5fefd5a8,True,0.4806622117205713
S1,578,L32,12600036328588970030,05ce6507f498b2137a7fddaa39862fe94077a12eb5f0285e09f44e4e21a2b085,True,0.42440768019105296
S1,579,L12,13220283596958550385,fd55a7daad90555a3ae747713f28cc1090f3d44692ac8d27f528d4d28e5b2d03,True,0.3932691495967165
S1,579,L21,2353889666026037049,b2cb9aa2e0d5dcf4549ad0c2ce502db2c59ceaecb0529b005587e67080c9e7b1,True,0.46887456273479683
S1,579,L13,339194916599451487,39bab36ab4f130d6f02cd8ac27efd414a7d810e9e2ba8a150446d76a30c2d17f,True,0.40427801681519226
S1,579,L31,3327757482201756010,e0c658dc56c51365cb418477d9136bf76d865ac45f16f9bde9e4f55dad817ba0,True,0.43972841262059825
S1,579,L23,3570219326725930098,3c3e1dbed2f7b2e4fa88d24621766389cf99eb163f7636b3194c5e74f6e64a0f,True,0.4716936174626163
S1,579,L32,8602757639791335608,f074fc367a00041bfde1457b8b511b967d521380d516a2b2714126dd3ae5e303,True,0.422900915058512
S1,580,L12,11943801892830930518,97b07425bf3880d297d09f04bf20d19facde74d8b42830b844e64e200eac08ce,True,0.39459729490602985
S1,580,L21,4052643233699462124,77b7ee3a05a6382ef9c6e3360b598c3a2682e550393630b39d368022a9745cf7,True,0.47537241661129936
S1,580,L13,1425539312234327854,4ffaba469c83f61a0b4945445b14cc8207a24a96f96e5a15aee264ff637efe0f,True,0.41807610724690564
S1,580,L31,10880209415273709158,319d787b30f5b9b46eb0aa3ccdc9c4527a770f70c53a97c20f17b2c4bf80d184,True,0.4358503098059693
S1,580,L23,11809980490176593998,d600c726f49f60020ea9fe4935cd1baaec04fa366b0f9825b608340f8ecfae04,True,0.48006102054013305
S1,580,L32,4774154622137650146,8c07c21300e2301353a67560f3f4ebfb6506a637049047372543570c54fe94c6,True,0.4248484615451194
S1,581,L12,7581515854328311571,5d56559574fcc8fcf0ba3f71ac37d585527a211b49d8e76891da7bcd0592db25,True,0.38980297891316634
S1,581,L21,15159044815216231765,fc4940c47956535ac0b6d9ea077ab3e64789133bbd77e79eace03b6e4ca19fee,True,0.47980314476885283
S1,581,L13,9531988856568355922,a433e3d56a62ef824ede560581a2c11fcdee3c2c86c824b155fa052d8bcea5ed,True,0.41285066579845253
S1,581,L31,3333034822016238901,4ec3a7044c8905eaded85a96d364575b870f5da6df215e6e7dbda971c9288e2f,True,0.43588668431133215
S1,581,L23,14099913336179187083,3ef698aa32a2019210a003a8c857cf9ab74c35e3f6f273804b84d8dac94b53ec,True,0.48259585879501377
S1,581,L32,8163739292497818001,8f91354eabdf55fc4b99b99e596e9dda2797c8597e5c2e9b2af3d14d4bde62c3,True,0.4277170136340636
S1,582,L12,9481119851859876796,a23344f50a432a0773eff58e8fe19d0ce144e85f097fd37ddd8569e4d890c5cd,True,0.39062948835821426
S1,582,L21,6031269218438847388,b91a39106198f9989ccec5d2746f48dc589f36ad70c119736982bf234e4243bd,True,0.4680496403000794
S1,582,L13,9512718083909071606,a661dbaf57ce6eb3617089d9ad2dc8d388993612b5b7fc5ebc5c6a610d7c603e,True,0.41335971312365904
S1,582,L31,2860405757230069504,b11bbaf2cf8464d9519b1b2ff69a95a269113a9d0cda225f6eb241dcbb8f2830,True,0.4406693032669107
S1,582,L23,9054618970624036286,f467dd71c714397bc6444f1ae35f3d7adf20d4f3fb987f3c50499c9ce5fac5a9,True,0.48455042522091607
S1,582,L32,3130486779118355054,5a75ca2b9583d228e019393b38d6bd723199092c73eef5708c037fe96aaabba7,True,0.42250532406319785
S1,583,L12,1006389325128947361,705aad7302246879f7f08808a756559b572542ea3b2844f0dc130ccf64cb3c2c,True,0.38870873379570814
S1,583,L21,11501711443523053556,c01eba2d8c1196af68f7b5d29ba686c3fecd0bf7854406558126785ca9257a2a,True,0.46821167563297117
S1,583,L13,5753300799662985629,93dd75ed51bada6d41ed0fdb2e5293d02f6f6ce9fde07019b322a9f6a67a90e5,True,0.4035708144084103
S1,583,L31,7141430385007342942,0051525208d9e99a645e5ab5496c45f8e1ae44907ea72f1b376d9112eccd30ab,True,0.4368762634473951
S1,583,L23,13112988862106673381,f73c3aa62b254c2020868214ccc51d12d4c056eda6bf42ec5360b6bf17444991,True,0.4847774469462328
S1,583,L32,8743162249714105921,54b42da9902148fc79f91e59cc3a15c9c491a644698c9306f95d015d0aad9bb1,True,0.42462428467076896
S1,584,L12,16967630671128177410,2f405e21ab88ce6ead216c018562c98a841767cf1855e20aef0b7cc2e57901f6,True,0.3916658758698874
S1,584,L21,11668907172744428488,81e85ea01d664d040841decdab67a4d456437e01abe8f14ba5ed343250d9c484,True,0.47400310241350774
S1,584,L13,16953165262661905077,5f5eddb3af7223bd5b6eb540439e8d1a2c31da1e52cdcce1331a87612285c376,True,0.405624092481211
S1,584,L31,3456621105789226739,1a178a7b0ca5e659f5cc7f0e6e8e37c4aee93fd660fdb47a7697481d957acb10,True,0.43759747294147744
S1,584,L23,16078341810591163992,e42421a4d47be909cba5a7cbbe76b64bb9e58f7a9c10d7f7f74e036616323758,True,0.48225368793013534
S1,584,L32,9949233767662828865,48d2c51feda2083e4ac2381ceb4dad49cb7a99b33d64c45c0d6fbf2003e6da83,True,0.42119489251853093
S1,585,L12,8502447406658092979,047b0610a5653fa145ea83441314ed1bcc00862518b43b34e475cf7aaf12a384,True,0.3909754588648653
S1,585,L21,13505952297003310944,3b7eadfda360027e57da9304bf7fb79f1f2dcbea069f308459965d80774ae9f3,True,0.4713125074384932
S1,585,L13,13991336052142825326,f6f933957b2cb5820d4482301280b35324176be7d711c7cbb4091690854814af,True,0.4037197362991965
S1,585,L31,6275779935149858797,a70b67c9ad9812b19ebe5c3d04c3abcceca8a652b6facb85796fb44fcd914add,True,0.43941137876832437
S1,585,L23,11088219580411992227,d3872e6c3568d74c54797cf32a3f408dad37f5dffcaf5ae8a5109b58f3f27301,True,0.4791124782907151
S1,585,L32,11343134968576853310,0bc6f84791f6f77a2c369ca4f077893c68acb7074c19768b8068ce46ee8ae21f,True,0.4249141170553246
S1,586,L12,1300615343396693909,64705917a14bda9144dd1ae045548789746b63b1717731157cc1ab8e835225da,True,0.3879068530726605
S1,586,L21,10995132957074715690,c72c65a45117b12b87cac30d543650c6fca77f92c6f77218252e22eb9f7a0e72,True,0.47348874371166766
S1,586,L13,7817704806912965815,bf95ead62c41f1f8cefaa720775b273daa9d76725b50a9ae9f095e868a0cd724,True,0.4082127492909885
S1,586,L31,17849021061905374277,da6b3404ffa4106e070fd9713e2c9353135f1005d26b99afd0c454ed8a413b27,True,0.4393409833496744
S1,586,L23,5698823438606027792,e9f6dfa3ee6e97302f16f1a3fc65c929b508c5c9c66c62c8050b23653bdce797,True,0.4818862150674784
S1,586,L32,7703074218171029152,012b393d12b5426422eff6d213cd0b42df275c0e5e3597db6bc63319b7b1ee6b,True,0.4212259053576849
S1,587,L12,4856618346320975349,5e8490738d7d543f3b4d08faf0849273d2059409dd343418d4520df934f421e0,True,0.39223476834537113
S1,587,L21,9232717616323953074,d923a5eed57a57572e68dd1d74a4de8d62a3b72bd62a4ed51bb8556ed088aa07,True,0.47390572552636173
S1,587,L13,10649021914047680201,87d0795a9fa657a2fd2df2c39e210d281f63e4b90148ada73d8e67230b06bf21,True,0.41139021538856974
S1,587,L31,10015594863822724286,b2ca278a48ef34301c08541174e5a33897da2ecb73168199703c8d1f15324e9a,True,0.44684163115980796
S1,587,L23,11300503167400867546,28d18866836c568b7510d1d5333aa5d6f9c4a11813fd2e1fc98b5265f2bb1742,True,0.47962224193749264
S1,587,L32,17453187613376484485,1f7b7ba5e4fd80e7a6e16b47c43965e36e639133f58aba69e8145272c33e01d1,True,0.423963755097758
S1,588,L12,5787491664311130975,d61f62e499d33e7867a892c83cd5346be8d4e57a12ea3905b507220a214cc6ea,True,0.3945226619323604
S1,588,L21,767586881656861040,7cda4ba86fac875f1c9d2d1d8366ac637a1f9602d9b6bb32c922da7b5f7218c4,True,0.4741154332168977
S1,588,L13,3450999846444271410,92f5c188e113eaeec7004a0e2d009c5028eaeeede947d4123527c1d1bd6d746c,True,0.4078517884123146
S1,588,L31,8941680023430439081,ff5ad8734e19ea41cbf434838eb96434fb05a94d4521dc14bd0d9ef7eb7d8584,True,0.4390907431438632
S1,588,L23,17441911386184266501,22c303c3b2536f1f75ddd0b0f9c94ea385fc73b306c816068a05d7e7ed9b3772,True,0.4726508757134053
S1,588,L32,10766418201185531072,87f824069469ee605322869a3495a9180152b36802b257818c3e2a7aeb43a5fe,True,0.4259504537797494
S1,589,L12,17691019261247795095,be3e11d31ab30f85328e013e2bf06541138398d82a2334a088e680e7b45d70fa,True,0.389534338681208
S1,589,L21,4860242464450424483,cf712ee001cefde42209a25846fe6d95614653fbe5a7349098b074198ce2c67e,True,0.4727457315004755
S1,589,L13,4300594685506802581,49effeb77ac5993c550de747291d0c3bf10cfd627b809c2e725076a946105f38,True,0.4044086135881027
S1,589,L31,11813531164716574712,e07fc709e033ae533d6861373b6134d6d5a364d437f4a52c146cbfe0e55c93c6,True,0.4396626199283453
S1,589,L23,9297585676784985672,2aecc6708f04a70a78ff239caea07f5022f32930e8406cdef6b459ee1feb917f,True,0.47274136659161825
S1,589,L32,10264540575597593621,89dddd5f7d2f881b0436f415c4e766d4080e831ef0d16d632122546258d38c0c,True,0.42362701928014135
S1,590,L12,16901000687032644202,c74b75485b0e5f565567340df462d89acf886aec500a0c4c92025c34c6673538,True,0.3882259071176364
S1,590,L21,1126944017050599926,07722c87dbf38dc7cbadf299300022cee115cfd971e17e6e020b6587b966b017,True,0.47380606418794197
S1,590,L13,9504527658308279895,65d9460169b4011487db733ffd47aa749f03eacfbce3a5fd3908a31eac1a3ec6,True,0.40486200225601393
S1,590,L31,18310083022022772038,ff0af7f712964d2c241bf3678cc84e645f8ec90cf7c8427e2d5891ac243d5c6a,True,0.432132118651292
S1,590,L23,8570710661590615715,97d23e69b2de5f3685d993e58379a49f6f22fdbc442d049751b376ff979350df,True,0.4719196092680482
S1,590,L32,10850275687270052666,da9a6f843e5eca2059261fac19a4eda33869eeae2cfe916c2fb8ae512e540840,True,0.42787372780933025
S1,591,L12,15841455530937839935,29c435a83a0de0cc76f1412285417271b818e7e526069feb8cc22ded03e81d52,True,0.39120009133566824
S1,591,L21,11887778148256519225,072c989cbe00ff76872ad72ccfc5db907c6200fd3cdf6b2df675e6c92632d592,True,0.47418193381120943
S1,591,L13,17869700312171737837,6655d9a88f7e818aa0911ff49f956cd092a380dfea166605f1e6dbcdf7b5942c,True,0.4105643665057705
S1,591,L31,1859143135743933259,d0a897462a2d3c3a99a5ff0da0e03f58b17a70d97e56d540890e2622c64734ce,True,0.4396685855104906
S1,591,L23,2556412308206882576,931f8a7eae351889ecce6bab197a2acaf02dee014995cb1bdd24961a2949a1ff,True,0.48021277011337543
S1,591,L32,9321534176084792955,01851d831173b46e491b91f51bd73724e1b684705812ac3e2c8cf67531f10071,True,0.42555059839150633
S1,592,L12,4548719016709591558,6fd88d63a109212f68969fd3f6a2c1fcdc7be1f114ab8056cf60da9a2fe25e50,True,0.39176734365795984
S1,592,L21,2074619745896481502,90b02e2c5a62a4dc0f63dba9743262e2a67c8779b1ad7e2e941e1d5b4dddc3e3,True,0.4767003860707947
S1,592,L13,10047863588889158622,bd6e1289e43210b9f09c7610188e6de011417d8aeb3f7fb9a681fd9e378bae5b,True,0.40916317858852685
S1,592,L31,75690751316230493,8b601eb23743f0ba904f49aaac6c2a7c1f87ff8d1f15d489b5af640733d13fc8,True,0.44414919706812594
S1,592,L23,8246155609696030856,43fdc0ec4606162d4690df4c86b166f4f74c3df78e45a8dad62aa0ff96e47904,True,0.4767902378505957
S1,592,L32,14913563811504961867,8771a9c54ef7732855aef108acccfc6ebd182013ae3b1df0ddb800982e5c24aa,True,0.42345263125078614
S1,593,L12,8802289591006882998,e9186267cce32b24b80610902b0bd2ca4a8f5ff97b3bba220979e5030e8422ca,True,0.39356530064434286
S1,593,L21,10855879613749096329,db1a52794a5ab0c415053201e206b919b35c8850f853643a130cc65579fdbc17,True,0.4704303554819645
S1,593,L13,3271171506293931054,b60e5ab53a4d6497b2f13f4fbc12556405a12beaa49d6ef27e884936833d85d1,True,0.40116688752826507
S1,593,L31,2851506245241773711,e9c725455c973a8bbf4cd17d950038a99cc158d3d13432b3fe2a14c05e368ca6,True,0.4367500573997059
S1,593,L23,15751670987980283705,ab8b109739fe5c6bbe7850abacf583597abffe00ae83914d044dea85c8a87dc0,True,0.4763068245158766
S1,593,L32,5925304264937430138,993d3f3375c4fc7fb6f3d06b9f145a9df862f0f1ed1132cc096073ace6f136fd,True,0.4224056984497877
S1,594,L12,5111096207487565927,73f41aeb686d2307939fe0cb301b859bf6bcd3b05ad012320ec573d54ce7bf3f,True,0.38760951156701084
S1,594,L21,14363471652372760193,b505c303bf77601fc44a53324674b54df99893ef0e81d22bea9e316d7ec058ad,True,0.4689296517913864
S1,594,L13,13958319408026955302,cf98f3f2377ef544b8a3b74b22362db90dd60c0928bf5c121feb0a2fee51c7e9,True,0.40775807536480724
S1,594,L31,6239591700607949391,f70d63a3958574e82487f72c8e0b389117da2a82bde8bcf5301d621f03234d8f,True,0.4446911203748432
S1,594,L23,11929998681564250212,066ddcf297a54a26f2c08485e96e1905f95f2318dbf16f8508f16d44ad326406,True,0.47479448984029643
S1,594,L32,4681490464730777187,779ca3275567488243fb308806f685684a891abb9fd0ff66106a1860432df9d8,True,0.424790994763788
S1,595,L12,4349422927877069861,9a48b34010c738c10c7ef06b88600fb7a68f957756afa43cdd38f8f71260e09f,True,0.3927138507583531
S1,595,L21,13674659908502056158,4c390134926d6e3c11de9945ca11457f2b3f3dbceea77cf89bc1c97523b00a4c,True,0.46988198839264783
S1,595,L13,11010527450768876101,3fccf5c7f2c585730535df97059c2a59f4a4d7cfa632dd5362a1c431399a2c1d,True,0.4093038990775423
S1,595,L31,15678656875653684387,5368f23b6afe0b672a6afdbdb6f079e6ebd3383a5e390e83d8bb9e50761171fa,True,0.44060280608827684
S1,595,L23,2182424438092600315,d38d6a706bf9c0df16a17998912fdb8773fa63e57b6b2a467718db44e4d1db94,True,0.4753058293080509
S1,595,L32,13672027299383112097,c95aacfcc14f630c1e9f12f5b7ddcf6c55f2bb07b40b2a9774fe520975c65267,True,0.4277312964137969
S1,596,L12,17728233477891458408,8f2464381d5e8e7f96f97d146aa51b0f655b9a14ac460c31f28aaf74de77f82c,True,0.38989820556080146
S1,596,L21,15602638211161717592,4856417abef526495120882321cdc0f47685f1af9ff05f31676e2579d0bd8490,True,0.4679168401650592
S1,596,L13,1482640516451116003,9b03fe38b96b70f6bee0f4a4a2407e6cd068b779be84ec8c5beb379363032092,True,0.4120109051939993
S1,596,L31,15273607057597972953,6de218cffbc89bcf927c11ba42189fbc2a0842ec928b0a1ccd52b6de946674f1,True,0.4421950099758811
S1,596,L23,14490668338801042637,f4f443f5148eb3e962a84972c36dff28618286c0f8fa2110aa082e52b06531b8,True,0.48135053678180106
S1,596,L32,16477437380519015401,09db059fef18602a93d733ea7d45d4855f89071602b4ee2d47f32283c2bf37b8,True,0.4220390300173015
S1,597,L12,12181473167908908024,ccbe20683dbf752e6c9263e28fea94d1d57037fa466ca9fdae5bfe6bac64b970,True,0.39016441331965973
S1,597,L21,8077020078154933486,83b11d8233f645cf0c900cc86ffb20e8955b034c0a123a2a0521bfdff29d8fb4,True,0.4681976877736899
S1,597,L13,16656357765109498298,aea7e3c4183aa5d26164d6d74221e68f44364be98899f07f0786933b59dc576f,True,0.40279612900942224
S1,597,L31,6212385129435114400,5beebbd446ffee9add1373b00a7d7cead81e4d393585d1354fcb5a8b2d2922ea,True,0.43813521687500895
S1,597,L23,14493205365815366190,d5746af32dc2f657c383587f0c668d1d0abd5bbeb270a0a89d9b88a5ac2c9190,True,0.47440510266882696
S1,597,L32,12668349194287837074,1e72fb01916ba4b920f65f8b0ddb0ac397336d82956de2dc41d7f76faa3d76a3,True,0.4259604724797041
S1,598,L12,881342544433047750,0665c9c6955d7c8d40a8d8f57657fe92a33d81ebdf14bd28fe3dd2e091da0d17,True,0.3944694428804544
S1,598,L21,1564746653558042466,a4e30c970e017f8ffff07c99344e6443ad8a0f87afb6f343e34500f26012f2af,True,0.4705433510971673
S1,598,L13,16832236589577244733,3cbd2c6d0a5ff8ca80b9c9b3fbe3841cfb5b450a5c37bc99eb0acb748f13e424,True,0.40512628672644313
S1,598,L31,9978361594447373578,b040e9347e6e1f7df38485c41c6906ec806de06dae0319df395bdd40470c0a51,True,0.44728039327826175
S1,598,L23,101848536061188248,34e928d76ea2755a68a506b4af59697b4d74d27aa8b62fd01b1dc6333fd05395,True,0.482703776128341
S1,598,L32,16445061637677995058,ffec7260cc2b959681179b84050bf094e1610162f3bba0eb6f1bb85937cfc401,True,0.4222181882766677
S1,599,L12,15204134046267605801,407caf5a63b627f1483d2102404f314c8794c0f2db32b2326ce8c0cac8d7799c,True,0.39154959053601307
S1,599,L21,319129903721340978,d112b3fa4fe436593dfa61b8290cd1da65abee39a2b8b52bb5da95ce1c783d27,True,0.4694905720278906
S1,599,L13,9082835351351160236,6f4c22e0ca6afa23e64da4896c171b48d7532420265fa671e9c1d831c7d2a919,True,0.41163529368131135
S1,599,L31,16089150144178408388,e50c8904e0349a7f3fc5593bb26d81d3ac43f7be50f3e158bea7fe791f236ebe,True,0.44445617263311493
S1,599,L23,13790599337869445625,b670378b4325dd5b573e6cbef661d0b3fa3e03846083daea9953807c8e8dbdcb,True,0.4745989463234891
S1,599,L32,7390770717511359485,9767958256afbdadc3e0847a58746c46d611caa97911b7b63422c82b986e29f4,True,0.4295922592446466
S1,600,L12,13799737007798419011,c8ff2a8a752ed3c202d5857147c9ef9368ce1d35737a23993113c004e3eb307b,True,0.3901720424656074
S1,600,L21,7514803994011097142,7b2993a497b9db353ac604ee100ab5941856ca32ef6bf3ae27b00311cf335171,True,0.47593799665258096
S1,600,L13,18267050589718094590,36ad2e81d05db4ca6c2bc21a545010e8af37544cb04c151c5132d00fbb45518f,True,0.4114802507681812
S1,600,L31,16808912514696117308,87d9e533340fa728e7a92fe7392d76900d344f001477affbb9a90a698fd477c4,True,0.43716252821801516
S1,600,L23,8625483574365928518,d6b16f74bd707dd5e8d598175b9b425eacffdd2c896657abf909f0b2de75b479,True,0.4790793768013858
S1,600,L32,10879061611680522332,e0562ccd78a06ead0048af58a154612481c09d57b576df9dfd17587642f0bc70,True,0.4238139072491481
S1,601,L12,6785292694489642918,3c4ae4dc7f1e4a386a67893caab9fd7b3fb28353953bf3907015037cd4ec8c05,True,0.39025955052092026
S1,601,L21,11769997798982679695,15eb48a85c82ce7ba1a150aaf98822becc47fe7e848a4785563278e186527cb8,True,0.4713792499298872
S1,601,L13,2988660983224954927,d341e77c19866b303f9af39e63e2090c9a906c42db3a8b68c4be8152049b172a,True,0.4033758466486318
S1,601,L31,16892774857146317143,ca1f6f930209c1c7298c7e5402e7253b845063ac05b0d362a2205482d64521f5,True,0.4407633688446287
S1,601,L23,13288349250742902628,ab40374f6b58294535cdbae398b8adde72625744a8c48c3c493f656690f049d9,True,0.47308060991221623
S1,601,L32,8329706750688362985,4bfb2b2a1bfa3d7f562f37acdbba931d5fbb647b547d67be6e50ab0c713c4ec7,True,0.4255068132356575
S1,602,L12,10549537609104048083,3eb10ee59fe665c6c85b326f155ee944189e17638f0f734054739c6ae76acbdc,True,0.39033051998462587
S1,602,L21,12060626854099831816,4e382ee27e360c5a7878222427e9432b72bdbc59100fb3ecadc54f2f6a626d03,True,0.4690755735180877
S1,602,L13,6666957470536838414,55a59ed5be84acff1c8204a6d09690a2e0756beec4fa87c72e01505fef922c7f,True,0.4077234224155155
S1,602,L31,4452273140055231705,dc525b7db5647dffea40bcdc02f62d381a552056520da8639efa5f585e904e71,True,0.44464183270117524
S1,602,L23,18065653927335080957,881321b19eea3de02961d6e6068d9cb9e52656da8d11c40d8f4c2f08f092cea0,True,0.47807471478054486
S1,602,L32,8844701605027062988,a67969ccebf68462e84cd7edc7615859eaa8c5ba52530c4e07c2347b9a380a4c,True,0.42485266918742476
S1,603,L12,4502943530140712333,842c39acaaf255d6d12495d8bbd476d093b10fc82cb2f5bca0e6dc4a94e1d47a,True,0.39343306689091956
S1,603,L21,10661941157113312441,a3f15b930cbf252785cca17a01de98b704e903d0101a93c5584594e5f08b522d,True,0.46514902325006274
S1,603,L13,14558316534943080264,9446151116415687b5775178947b90c84e6c38c6330674083aab112177329966,True,0.4053647953121084
S1,603,L31,6662002488469971690,3a6450ca269c610151b0ab9ac828c5fed2b6b3bf412f44e7c4bbdd636519b20e,True,0.4526483802298816
S1,603,L23,13295287301087689301,0ea7b4216c6ba78f64feb0ec6643ee15c1aa58ea7cbbef150979e678ff3b0c1b,True,0.47853108459933313
S1,603,L32,17787365865286907928,1898908ded18f13e26847a1db0e891678ace5ce4d7945380bc39efe1644a4a9b,True,0.4209107043870272
S1,604,L12,1869850797172942628,71e739ca2ec393ee58c64bf251b873b117a75162b8dc3a98a42a454449b8cbba,True,0.38819121682752333
S1,604,L21,3918164104055058185,ba13cb8c7ef05b1f04ee426630bf125c3fb4fbe811a73a264606b16a2e0a1fbe,True,0.4699297574927434
S1,604,L13,4938165316171936466,dd0e6e163a0c40b16e2f2bd2ad0ca61dd092cc0c31bade3e457e4f1534607b0e,True,0.4114908931223653
S1,604,L31,3722002104689515197,7e5b2c13e000dd3a98c8bb5edde1c29f572711a7f352bdabe1325929635528f1,True,0.439063088265245
S1,604,L23,7488335156744463512,cb2a03b90b5fed827e78366a8f08defacf6095b23cce6bef14551dbf810f0ccc,True,0.4805630736406633
S1,604,L32,16091429483360843289,4b398af424e4a7140c0331b79ac72f91261ceabcfd9f275c8f2aac56c4021213,True,0.4283088181751029
S1,605,L12,9885136786286956855,6e47337255ec0d7a8c3f41e05e079b672914e958e6ec5f1c96b7b800f949f8ae,True,0.391372527157146
S1,605,L21,10708042912166462792,85da25705aae638213013d4d5635f1e964e2e20c7182035481e69a10fd3011e0,True,0.46619434871212206
S1,605,L13,3658596111494384705,e04d5c158e6a9e06ff020469d1b665ef096e6fc5f7afc97d2e2351c9ccb02909,True,0.40952596279944314
S1,605,L31,5854745524594223574,4567dd4c1df2991e14a28753623e451dfa9abaeea4bf6f13945690a99e12982f,True,0.43338415998502644
S1,605,L23,12213899026155468404,2bba468570fe197efa28b955411e275909c5597ab764afee89945f123cc77769,True,0.4696259405220115
S1,605,L32,14216178093010446413,6bf641ab14c958d3fc14db89323acfad77112359c6aa0c5a7290d9cdbe30b4ce,True,0.42567053444536057
S1,606,L12,12860643824987656919,2d8ee4399d72bc5a1fcf5c87e08061531e5444ada43ba8b9e4609fb2ba6dc085,True,0.3945805970545338
S1,606,L21,10110360866089674608,01c8f8b453330bc2c4c25ff776d8f0869cb15e516db37967cd5ae5e63f011153,True,0.46852461046209615
S1,606,L13,15717082239199919463,f7e3eefcd84f0607e12e9ce6ee7c0c915a6c782fb8fddede370fc28f18613093,True,0.41288548742355263
S1,606,L31,12177625344691062528,6871c2bb897bb7ce447dc10c78933fefe25a0daa88e21f3327ccfac6749e40de,True,0.44636843502871765
S1,606,L23,3831366450394884213,02342916874bd01fdb9aeea92034a8c9f77defbfc4240df646cc09036198ffd2,True,0.4845378967099608
S1,606,L32,9163274448849412492,6e14a2f29528dcf0985e618b2dea655576686f051dcd641e19d24f43589d4c8b,True,0.42362369839878855
S1,607,L12,7881335930697851079,68ca4870f803d5583efb074dbf409c4d8b1433631aae00cdb688fe6be3ceb9e9,True,0.3932214246469073
S1,607,L21,1264647923458255578,98f970b2fadc1ab4f968d58d78e57009a78204800a37e6f288bada63704e216b,True,0.47906273769821506
S1,607,L13,8218705668675313547,fd5f0385375174bd5282ae8382f1255fae15020e571476e45e6e5ef433737c9c,True,0.4133751028391614
S1,607,L31,8744407719175616133,0c6f6bf5aaf4bca2714d87e64744b8ebd2927d88b997bb05bbd446b10e96e657,True,0.44513401286627835
S1,607,L23,8285406829193393528,5f83aaee63e09d3e8af7ab33fd3debbbaf430cd048b30a98d14d79f070953e2d,True,0.4822121968472309
S1,607,L32,3750431653848682125,a4f94f527e19b353f334cb095de2d16bdb9cff395039a439fcb807ef4beef304,True,0.4221323977070066
S1,608,L12,9280424762415376365,54128c3439db6928004943d2434da856e673bc7f11f5603d16860bf027ebcdad,True,0.3917050468440522
S1,608,L21,11841474258277504063,02f9405bba64c72fedf0523b30a405ed99ed0850cfa2f172a117f0ae6c0405db,True,0.47329297947743254
S1,608,L13,12211504564903065090,0f3052ab221fe20fc35bd671f7d8c77f89cdee8282c2b64bf9009b51b91cde7b,True,0.40810731172417714
S1,608,L31,18255253187061277213,51e54543476f7da153e25989510ac80ad109ba8ee2e89e9931d4280350e8d131,True,0.44342249863273675
S1,608,L23,2579820510708534370,d7c1c45c38bae86f465fb5f34a1f3006485490f34b8ee16956dae06db5676420,True,0.4815440848337389
S1,608,L32,5867158577581249454,cffcdee1fbdf3f68e9341f626ba75bc8f6c511d5d43878a2945488c34ebe2c60,True,0.42380293857374296
S1,609,L12,16717252925526340683,d71209b8e56a8d803f3f210336addcf5b227e9966cad1cb7382c4427b7c2c2c7,True,0.3913087072361559
S1,609,L21,1775644596697620829,8e35c901fc0fb204a5ace22e077c7ebda3d66a23bbd7259f763512f327a1bbc8,True,0.4713352137546164
S1,609,L13,15037261232289739887,530815fa046498c6483ec526fbff6d4acefb3f4f852bb14ee8a00c4d0120ffac,True,0.4106387767691006
S1,609,L31,13814249280704946963,f2d3076678608535e39ad580d9e8a58297b5cf19a87ae1d53f06be2b2adf0771,True,0.43818658896725327
S1,609,L23,13378849556510509347,92b981b5cb894a2260b1108d43f4b62d2495296416cbc187592b499f56bc4c9f,True,0.48282555699125035
S1,609,L32,4311460261808789992,484d1a3b250702697892be04e8fb6444acb8c2d6842857734a1367b3b7ff57ef,True,0.4274501243499276
S1,610,L12,13341764782880518950,853dbe538704e25d57e9be55f1bf6b0272cf2cfdb485831829df5c1c35c46f52,True,0.3935302247241609
S1,610,L21,17737770600967163900,f448dabe98697200983829c986e9c8653750bbd7f67fe9ba0a6cd25dc67f5896,True,0.4742243197944605
S1,610,L13,4974425698703170953,1adc7040ead59f5fb98034e5042743af8429d425d0c14cff039074ac2ddaf46a,True,0.4075207353880455
S1,610,L31,12733323124630755149,2eb49822413c31c12efda5c757047631cfa4569ae79886540d21d851791dbfd0,True,0.43763950068593943
S1,610,L23,13479561613667902182,8d782afbbbbac215aa4e80b432952ae9499a89e189f14ded3b591c933dbf8558,True,0.4753377504776986
S1,610,L32,15802098810255036559,4ae47ce6f6161c1667647cd948bfb4f769cb506fe5d039df63282998c6909eff,True,0.4176181761397119
S1,611,L12,13240978024366485543,bffb440029655912e2ce41679da45ad9b8ff00700a2ee1185fc76d17429162f4,True,0.39057317930492297
S1,611,L21,9082423378695248403,3b9b2432cd377d052b6b27eb93076852f09df694a52c9ea4e0bdfa122e857e87,True,0.47347762224163165
S1,611,L13,14232987448539202133,3389b4118895ee4565de1124ffdd0ad942a88ac488a321e1c341510eb05977fd,True,0.4172853913034155
S1,611,L31,13385096420222245195,a77d89a08dc8a075b15337c4cdc3f4d2bb29124f7966ab0fddfdca48b3aa1982,True,0.4401628926195539
S1,611,L23,9262715918673482439,73fdc8b98eae5b84b82daade08c75914396deb408bdf5ef2ba082c9487870568,True,0.4784189034348663
S1,611,L32,6689779668847503795,426f04fd0120906760bc99aaeffdc2401e0ede632fd8ae0150d08044a4e9b3d3,True,0.4277887551364964
S1,612,L12,1344133090761166469,95c70fca5f9dedda6cdcdde53cdff89a3a313548db85eb051a226c32a50c4612,True,0.39254083319805755
S1,612,L21,7272535166662415875,549fb859799a14fe876ce43b5e8f96273a49519225e55da63ef7e0860a81a737,True,0.47205148106937356
S1,612,L13,12353183845630728451,1808cfd6ae4b7072672cec4f5f07ae79759cc2d380bc9a1bae24e6783b24228f,True,0.4135223159073172
S1,612,L31,9799350456096270353,675cb78d6e6b7e20ac7fd8ff322d161cf69f69d8f36ae9cb7f17ac3e92857a4b,True,0.43392213297051857
S1,612,L23,14333899518162556398,04e9da96e586f854affc53f0b942b9f139009c61180478dfd6c07cc99556dcdb,True,0.4735029925460262
S1,612,L32,6786598935789236976,03cb3adcc7327530c29783ba4d7f12806c25e859ec6f11c9bb854d04788f4a37,True,0.4271056408495067
S1,613,L12,10966067377608903794,2f06800d770c373337343aa0016f8253d4a930041af761837c1616889e94e252,True,0.3932548629732747
S1,613,L21,5117197836131144605,d2dffec62f2dfc362e4063463eab2dc74e496733bb1a88b6dee9ed30ddfde440,True,0.46995704453756204
S1,613,L13,16532974184122108631,7caa3d7dcabaafaa541f1bff1826c0daafe11b4cef1dc7b549798282632ef3d3,True,0.411939611693937
S1,613,L31,12226181494453827947,9f99b20c7136794a9b71a5180e1a0ac1652f5a3f479c83cffc4b3d495ffc6aae,True,0.44837634744762506
S1,613,L23,10669469918292033258,a0aea540e7d670c674763e246f2ec328d7a2badf6d2d2766011c04f95ad34fdd,True,0.4786760064119684
S1,613,L32,2379066548452491348,78fb4406e306c7c19a03c48f5fa73c85a6386447e3bfe51f946f4f692244cc4c,True,0.42451997414605386
S1,614,L12,2061771516516159163,190002484c7798b65b6a25ff98b31c0ede8d702b25ee49c23a7ca79367621c3a,True,0.3882298729228127
S1,614,L21,15800903913886716990,a9e07796dec5c0ce5f8b74777c1bd5159843bb02ed8ed7fcfe01635f1b10c572,True,0.4665535167951264
S1,614,L13,14626891387485926692,3b50721a3a166345fa1ea7f97dae2f72dcf33b39c00d79d28fb7da34c973c9f1,True,0.4089504061673952
S1,614,L31,12544703471794983695,bcea672bb996c520d17a1d653faba25dfdf46c36de26b0b4e9f67f99b7188b3a,True,0.4356354185931641
S1,614,L23,10377650620467804984,837290dc7b5d035f9c41439661ad2065534bc949507ea239d1ad16bd9d16a3e7,True,0.47567828701265713
S1,614,L32,17116176385415846395,8c616b337ff8c855610d220d234b7d76d3f6fb87fd8b6f8444d4f85159d02191,True,0.4239816339428292
S1,615,L12,14630852905986750291,34fc68e2ec3e5ca09b665b09b3cb00c5ed63ff23a87b75d37f44ed509997565a,True,0.39135970201405473
S1,615,L21,7600152948505566199,2cd6a8ac521e69f91cb1a4a06e5d5279940a7eaf253b6ceb533ffff10a3c9b2c,True,0.47373954044001787
S1,615,L13,16173290761812274087,33bbdd5995ea5e1b907138b5e83dca6769b4059393592d6f04f95632f9c1b4bc,True,0.40781838962462524
S1,615,L31,14763540936422262301,0324dff01fd8e4e9a8c17e20a2addb17fe151d488beeff0f91550b01b934aff1,True,0.43769125095077266
S1,615,L23,154223351887896191,1ef2be83ecf437b9ebad1e84048feed3a0f6683216445fb95cb153af778c9d74,True,0.48250189959927037
S1,615,L32,5564913965385660973,4ec3ca6607a0a97078794f7a7034159e66991f475cb7f355a6f352365c0c072d,True,0.425834693590468
S1,616,L12,16029555566173532942,00e865b6a81f197a53caa9e3be337eed2195cae66d0617e444a96f649f4c932e,True,0.38862824525299317
S1,616,L21,18034592379346166979,5f0d1a15661206e27a202253c9aa9a2418fc903b869efd1e8660c5bcb70dcbf3,True,0.47255580884872883
S1,616,L13,8169411451846975533,7ada5898149ef901f7c11a157cfb9682f4d721effb7bec0aae451529430a1419,True,0.4101862150380783
S1,616,L31,10222653640675406446,0b43df7fa5ad420e16af05e928417a3d1655dd760428c23f9ef2789d65dc7f2d,True,0.446613803485044
S1,616,L23,6687560035825207271,837e8003d3aa5f7d2aba0ff4a4c2f3e5f64e4b55d178454d6bc68ad507d70175,True,0.47841595285637134
S1,616,L32,4108168487283835949,f36b49e13c0dd9e822a9cbca0a6aa6397659831624b3f40158296f585e963e3e,True,0.4265200846633018
S1,617,L12,663160057603370138,ca5100bb3448f7d2cb4a409800865d5c50b6612e75d12f8ac82d481379e76d51,True,0.38470260540887313
S1,617,L21,14403679889385268018,03edbef419145cef48c45c79a55354c4f17291d56f26aa05d932be0a017719ce,True,0.4752430939158134
S1,617,L13,14251696853104573312,7da1719e4726cf434edded4aa24120458cb902fbe1f8bca2866a5d5070f17f9e,True,0.4112643246772012
S1,617,L31,14282548059331337317,c526d955603eaa696b8385409cede4ed4101da8b00bb1868f4e1fbe2bd83303f,True,0.4455438175181837
S1,617,L23,5025631990348906732,fc750aa789f7c7687cee6ab6f09d662c897e4c783c2b1a0ca5f74b62caaf3557,True,0.4796896259162666
S1,617,L32,9836719041293154040,0435a0a26a192b38b3030db3065b190cb07f22c41e676ae6766304e699af79fe,True,0.4256828435920637
S1,618,L12,18118233533046859889,8bde9bf7bcde60d56d08ee9728fa7730cd949393d1ba739ecff41e6c20b5634c,True,0.3934293741885454
S1,618,L21,3734472381053373042,f3698fc7a75ea3d5a18c8fa4f601f4467f71e53f893e13ead57e05bfeb3b672d,True,0.4732165495630169
S1,618,L13,17593789032530627078,75e16b1ff7859c3b4c2363181f2a64ab46737326e274ce4538969ddc0975ab22,True,0.40742818281706156
S1,618,L31,4644609667133960302,f3d641827074621e7ac6c3afb64b3c174188d613e873278e378191570b85b1ed,True,0.4426149483318747
S1,618,L23,12769341474554983620,7001d3b1676691ca01eee26712f7489a53f1a3782448ad23cf63827204499a73,True,0.4813929704440824
S1,618,L32,11735779543812095977,63286b4767206c549d1b49fbd31d7160685b537943dbffaaaf951713c888d6ff,True,0.425834693590468
S1,619,L12,1288433560583193602,8853a1419116a929418c99a21b7640b1186287cbe1cd845dc4c6279b63c3e007,True,0.39107811776799023
S1,619,L21,17501726427022047446,f0e92b883215d4822cc90c7a59bbd17af0b81068b43ac9e21c9fc3de1a084842,True,0.476481946273176
S1,619,L13,1041180930351808601,009e9d37ef05f65b5e3f4bad49c7a65d184aa2992fe0282b534de15852355ccc,True,0.41393687378642907
S1,619,L31,12723461541650952968,f533db0da685d6be8ccd57c5769c42625fd4ee181e6921594456e5fc6a05163a,True,0.4379130871582327
S1,619,L23,17349349170777350100,e55ee4adb8be2e08e98e267af7212966d5e56ae54b7ef09315e2b532f1b7983b,True,0.476969058176669
S1,619,L32,3201282882170574677,6305ca9ca526e5461730aaeca4f78eb3b447b73bc02e992f0ebd33ef3f4183be,True,0.42804939384766
S1,620,L12,387507307116311990,f19c308add9cc3f66cf7a1667979e99de04edeb3b931dac3937b18c2a9084eec,True,0.3948939718889507
S1,620,L21,3052466359422514590,5f686ba395ff2bbc027e54232faa6bd985594c0526a129df9d43bf602cbf2668,True,0.4703703110154309
S1,620,L13,7866869299046594545,cb18001961654dd3937e121b75600d275bcee08a8e80f5cbc6181941b1f67c5f,True,0.41104493534934783
S1,620,L31,5104760980397756885,4e39e06c3c9c9a1a9902ff7d46847bc55a79efb65f16a3aa01266d2a7cb46fd3,True,0.44505542849088997
S1,620,L23,4415597303380377805,ae5cd78d4f47fe60e0230cafc717a97f6da5c26aed89897df3b9f997326e493b,True,0.48401298455215513
S1,620,L32,17473030803300598811,d9876edad47cf7b4f41321eae558b6eb68d359b3181105773b8135403184fcb2,True,0.42232000948941945
S1,621,L12,15902658859195210252,30456c8009e3a64ef1fe3aab3bbef0d74da6949a60daa81e75f4d3b40429cebc,True,0.3916377261556496
S1,621,L21,5349210463056415718,6a8350f2290b362bed18e64a54fbf1c9aa5e2cc25de48201d7054a898ebffdc2,True,0.47183602278349124
S1,621,L13,1089918661824789895,22b255e53bc5a561b8b1b9051a9bb8dada6ba6fbd57c9869623d7afb8f081761,True,0.4000254136878745
S1,621,L31,13248136889411108753,911365cac3f4a7c4f6f15bfc2bc01fb2e9611271fdc2d266097035ce04465159,True,0.4361821436957485
S1,621,L23,613836056471098582,a9734cbee336d3852d670315ceecb8f4d380bdba66fc89e42adc4a5a4b6dfac0,True,0.47511374039781923
S1,621,L32,11390865956868599095,79385c2cb0650c5bdcd8c735e632fbdbc8306429cbb36fd45ca2606b8a6b3515,True,0.42363022203969963
S1,622,L12,14619266548917789717,b12bf3052ed2a7a6cd8784f04e36be75ecd919a23bcc96a60a087e3941562ce2,True,0.39265110657189883
S1,622,L21,2414034028237156959,9f7a9b4ad8ad70aaa97a4959a0822c9c36c6a4b0e46be076196dddf032d5e2a2,True,0.46888238305691626
S1,622,L13,13063483059753482256,007f4e74360397e4123e1bc453df77dd5a4f6f0e67ac74147b632d3d8295707c,True,0.414077134281301
S1,622,L31,1563830172032192378,fd621ab2b953389a9c7c95aba30a3203def7110b10cda73245d791b776f491d5,True,0.4460681593747402
S1,622,L23,1858918280999367673,b5c12e59bef24b94a6762460725129943b1ae28f225cd0d5dc5dbc1b67b40c8c,True,0.4723877028753572
S1,622,L32,7478067175245058639,fa80cb8e92ddcaa9cb2cc3ed4bcf38e0f077bca54991791aeb298f2345d3d84e,True,0.4248033416655496
S1,623,L12,17139139129297373734,949e00ea9bbd0fd9bef878d364845f3da5dea19079e4707a8d455835009b7897,True,0.3908429820193079
S1,623,L21,8221374004695440406,5fa5e0a5d467f65f27dd8fd1e8bd4c7e208ddb7e06eed3c4dd0184b3774cb818,True,0.4714208930741024
S1,623,L13,6309750640069528973,fc9297ef3cfe538f12a9d014d0a6ec2918b7a1500408aa025d571afa16b28160,True,0.40970910899429114
S1,623,L31,5241991451692377490,cb8046f050cfe1833faff40e281d83fa1782f380ede5b5ebbb0321dd47c0ae98,True,0.4403855981655207
S1,623,L23,17464624116117782486,2587602549c03f4ffbab059b42f6a85c7ee4d772a459218f39c0c37b93a09439,True,0.4889891267181852
S1,623,L32,8903985812118909163,4af226bb13b6e2c00b1bc36c898bde1d08bbfff1ddc8b87e633f36a563355cc2,True,0.42460824515806206
S1,624,L12,10217861171195025659,0aa4e860f76dd2ea13d7bfcee90f66b492692e86f12ebf80fca98aacba896615,True,0.3908786123417683
S1,624,L21,14445519936954501280,b06c1376c7e86f8354f7855abec2258460937177d9788953e3bf9f8c7e4eb7a8,True,0.47560759178844075
S1,624,L13,8363131702348821513,fcf9816a5820e64cc51a8b9ecc2c1a48cbcaecdec83bba8d3e25652d22c292d5,True,0.4026706877325993
S1,624,L31,6033702542899950503,9018d63f730d0a38715e96f3c79d84198300a638402cb02a87e22774fa3dcd15,True,0.4428862387478028
S1,624,L23,610758407755059881,5ae4fa51a6d5d68e871e4ada3b965684ddcea1f60647054cdfbf9089258c5058,True,0.48229381669039434
S1,624,L32,17788498617421707199,f0eef3f25b3a387ca63e51d72d64cc62695988f85f56d7dd006e8df260457886,True,0.4247147519298177
S1,625,L12,8823438887783832833,14e5ac21cd1b35afc94c200dac85765c3b8df386b4ca0b8bec1844cbf3a5cc4b,True,0.3930527699975987
S1,625,L21,18441056778722352989,28c26c20df63b502769cd9422dad29bce15ff654e7de0e5952011fbe038dfb37,True,0.47994590345634336
S1,625,L13,9825200073385999486,1beb04714a5dd9cafdbd5601d1c47a3d7c7d9afa4a5a931485bdebb82908a495,True,0.4087687681128095
S1,625,L31,8416566746737888415,15d24a3a8bdf4d53b94c3e0a2194197d8d4f6ae26958e81c9ad61e0421b02312,True,0.44678114047533785
S1,625,L23,17361137947769413655,b6cbd142fda396977998a43a5b41c2f1e5b51556547aee699448974fc4bda977,True,0.478627865307292
S1,625,L32,16656614757320593446,e276b8d1bac306cfb45fc1c4db5ba96615e19b1106c28e9aaeb52be54139a010,True,0.4234923652918652
S1,626,L12,10876903497285002812,6cbca011d165d5097ef370bbfedf95560967bc8f81e8da9b51298fc9d0526b13,True,0.39003506844423697
S1,626,L21,12301219209059383600,abcf5f4aa4b9ec55cc59efbcc744102075c22b02a7d552f9711142e0b333380f,True,0.4707792328094925
S1,626,L13,12971610679965749624,6ae54a8adb532385a291324f6a10b96eb373faa1265b79d4bd7fe0230a0bcf07,True,0.40724621589742516
S1,626,L31,16974483003756915606,de9bcc686f1c9ac3a31b679d45c48f6ad9594870ed20e8d2f380616d07457135,True,0.44289557899990134
S1,626,L23,6225990437085129571,8c4780c9bcad7b6e8867b78e0ecc7cbb10846c686a34b205581ea16b39d27eb5,True,0.48124080661638324
S1,626,L32,15273929912375698954,e130041baae97edf8771efafcdb822001309b4f3d00955adcca67688157cfa67,True,0.42503058987619113
S1,627,L12,3007947475976898942,0548212461762f00722870facaba726a7bbfb90e2747f6755fabee9b7281f609,True,0.39419292309582943
S1,627,L21,9741629628716447993,b1a75b4983f44a8001049895cd5d965b107c31976437545edc9e7ba4edffbe78,True,0.47652056749801175
S1,627,L13,1462118330613972477,294665ed6184701b472a0ea27e6692202ec3d84109b94e2b4beca821be44bdb9,True,0.4098207491094249
S1,627,L31,760414524336577123,64adb19aeb3a9d60b9251586fa70caf00f0328d76b760ef78addc0d3c1e86673,True,0.4428328621654216
S1,627,L23,11937557447693864059,c8033db856945685b4ef48879159c27581ab17e1c81ff5cfe359536550d1db50,True,0.4816958161980731
S1,627,L32,731098199341841245,67d53364563e0b2155468a527ca96b1abc9da070e304636bf126860cd8dd1ac4,True,0.42570949369855127
S1,628,L12,4168917621208229893,cb2faed795aa06ae6c126fec4b48a49022e0f2b1055b9e180264619b5b149306,True,0.3905957306143285
S1,628,L21,1457661185647505538,4b2f970d1a9363a9445b890c0ec4e15cc8893c0f2ff4fb67afef4f40c9800dc5,True,0.4698798727663498
S1,628,L13,3548547663039614353,65ff0d00a1e062338bcc94557c51e30e5edff2a44e48f8a8c02355b44390ccdb,True,0.4081010359046152
S1,628,L31,11041835432019405357,d089a5c0797fd32842fd1b4689bfb81695796334590f64758da26a4eb60af93e,True,0.4451703169826905
S1,628,L23,9238875124434109137,69a17add4b40c7de65a0d2bde2a86dab1016d1ae14215cc169a05eadb0003cd0,True,0.48041226283311855
S1,628,L32,3999010005314613355,a79a98320174dbc453ad582f4e1d1874261cbf383d7ffe8328f57c8ba963a2ad,True,0.424123713832024
S1,629,L12,5091338601845470982,18934da99b8e95f2493cd6941b4201474518d70c15801f6b0df31e01917394ac,True,0.3932445470806134
S1,629,L21,3869838535162414210,69db98d568fea7f41fd66f9b70486c8dcf8e7d2eeae9b24a1de3db119523ecd2,True,0.47378231546202143
S1,629,L13,15850586505174320070,6723cf13b631e93ad2d6e5c226203b7693842b8e766ae66f9baa875eed2632df,True,0.410864012071919
S1,629,L31,11927148750799592378,d43b072ec7acefb9e934f28b1e6a212803e426269c6a6625f3adb83e56b8850e,True,0.4379244437300092
S1,629,L23,12690559418084188174,00db1dfd2d4bc0efe9531d3d1885dc19472557108f4089b3c47a99525183d921,True,0.471838552328231
S1,629,L32,2419217703691430964,cf6df5b91808c449aec39d27ea535be079e13319c118877287d99887c627286e,True,0.4249755875296781
S1,630,L12,12626226032943475686,83473456658559fc5921077c08c1d3f7503208cb6d47e6dd2a84b2d6d44f13c6,True,0.3897076456220523
S1,630,L21,7462341005696598061,a555a9ecfd8016f5ddb853b14571ef7b61eb275b24511ca133b6e483b1a4cec4,True,0.4659091494176386
S1,630,L13,1200051625656359056,1a6f25c31e95f741f98240f4e4a5212ffbdee2258ebd27c6f5286c7a833dcb61,True,0.4118123887622257
S1,630,L31,4884850931498807054,4a8b97434c237f55ed78f5129fe3441fabcfa3917921c398c6b7718601021a52,True,0.44236712826066904
S1,630,L23,12564005287237353285,aa1773bc59039831df6bb4ff555a5bcfb6114369a4143999923cb6be7573c999,True,0.4798765176057904
S1,630,L32,4831012441061809860,9fdfe67d21379fcf03c1f5a52141fed7a06358b0966a52b115437ef48a431bc1,True,0.42258321220994055
S1,631,L12,15378594455310520444,beb44893f3d568d5a4e3d3828f5cffe8c5282d8660f8099fa124c6fcb987a460,True,0.3926887620388915
S1,631,L21,13007810568379681496,64d1d39e84889b48be6b0c885203de260d57abcf59c69d256f1eb7862a101225,True,0.47334322213220403
S1,631,L13,14229483885470799483,7f73bf4b7423f8614a382543f3b2bb56fd0f1f7ebecfa2a6287591d45a418dba,True,0.405784843309638
S1,631,L31,8146949750941522309,640cb2d51571c93225300b93bf53c445514e7e0d935a3e8aab0d0a13b7b04d4e,True,0.4374813904460659
S1,631,L23,10913339091693708883,cf0dbdd3b9ecab8577d5ec8b059e13d1a2364d2bf19834a2733c015f2e8c9a93,True,0.48084177055434313
S1,631,L32,6864765608093141049,79b3ecf5883ca73f3c8813a44df2ad44f2dd0aef47336e55bbc2c6270f8e4bb4,True,0.42190704265595375
S1,632,L12,13349044969251782078,2f86e7f4165d7bee097d1f5731c3d2f7b076f8ceaa11c8e3e6e28a310ed19b21,True,0.3932867733197667
S1,632,L21,6016850209324334329,7aecd95368ae885f7b736bbf1360ad0456eb012cc001d51839d4fec564e7f36f,True,0.47344046492336406
S1,632,L13,10917830745333096422,e9bbd7a90990ae5333cd1be93c852aa1501474dceeeecef7d7e43b4a028736de,True,0.4087825032314358
S1,632,L31,12159105422395035766,7235d82c17e689e70d291a9828cb3ec2bc9dff0c3017f85b6cc294d3202c7102,True,0.44195923434100376
S1,632,L23,17758584360839288920,d9835156e3849e2677a45bbf79d9ca6ac2e454e8f6a9a33af3e4943a66e65db9,True,0.47267801857493275
S1,632,L32,5184799426763254315,f06e24586352f7d4174487f3a2d70d1e1c5ecbd6f42c6caaecfa5c91d1e2ce8c,True,0.4245597685993083
S1,633,L12,13310141178797164801,9b024513c8c17574e7db1bd62e1ef5acfddece9c1f53c968788c82fc32e7c3c2,True,0.39417645066910595
S1,633,L21,14275706698249391219,fbf4e83eb3724e8cfbadb80326573b9f1523f914bef642874e5828530bde51bb,True,0.47433296298166777
S1,633,L13,1831894035710836676,07ffb3f53c491073013e8588bab0846f712320c765ccf85f303169c340f80099,True,0.41259725066505265
S1,633,L31,14012991193234684967,d56b255daa7529d2e6922572ab50b4dc54c63128fee1059a3a20200a2efba2cf,True,0.4487309787945687
S1,633,L23,18314691421299090846,4192baa06f0195a5d744cb823bdcf10fae9f1cc7fc3878caf77cd36cffba5009,True,0.47852054816648015
S1,633,L32,13815840884324804041,e1abd48b195f1334a5958d436b9443e6456ff3ae1cdcb97766d701a2e0a76f1e,True,0.4293454571293164
S1,634,L12,17543811905310409786,d63ff9f934651e340196085ebe6d90196e8d903aa9e53d6ca0a12fb8e641c68d,True,0.3925747652903303
S1,634,L21,3291897431169932072,1f08a2088285e92e8f404127250516fdcd7b19e893a32bfb4e894c3aa3180c7b,True,0.4678856789376922
S1,634,L13,9933600266857569463,37344d56a5de1d703d23e4bb6d630045ed911a359e4995166e60912558a7d573,True,0.41312773883070253
S1,634,L31,7024935126453608020,33707c2ce8fc556f69704662cd86683882df6eb434a3628b284105290f6f88eb,True,0.4363134125597233
S1,634,L23,15064897447195427656,ac97220e93bdbcde89f5dffc101c0c335b28339d26abd9d4200e0d9f4b84384a,True,0.4815716721725563
S1,634,L32,13259291362671077597,2cc46c2a7fbcbecd72efcb483bb442e645f0e9a42b21a2219cf575f56ffb0351,True,0.4225631747220145
S1,635,L12,16300322087810891759,0917ce7e05e99acbe41c12b5458ffd672a738a220bb8c64fb36fb8be786c7eac,True,0.393257011003334
S1,635,L21,14281093796645339497,736c1ea2a8a96f87c34dc467be95f9844e2e9bc61a492231b7eb18e086f080b8,True,0.4702239161352268
S1,635,L13,8354923583863559672,5aac88469d7786b588443fbf676240994c6cb647220fdf8d1d218417fb4d1b6a,True,0.40889443431363554
S1,635,L31,7371696092264222509,9b9438630475d09f8b16e24d8795c638cb94501f437e0d55275a5d4597f19e8c,True,0.4413583368532497
S1,635,L23,9662209885001747601,7b741773b6b45142f7a64c2be497ab3dbec47371e2294f49b16ccec1a550263d,True,0.4755466533893415
S1,635,L32,8208299298297416551,0f8292f60abddf6600abcce68ce4f982432152a658d359d11231a21aa526d727,True,0.4226013100758036
S1,636,L12,5839386057036608289,5c710ea12b966238be53b26d718bafd58bfb69f4c09fe464029f9336286414ac,True,0.3923837573006095
S1,636,L21,7721487454100864366,ddfd2b1692b1340f673a50b4fb24a4626f1bddb0fca162860f9185996e3e7c35,True,0.47355610142548415
S1,636,L13,130486339407258922,6041a48e6bf496c5177951b594af545aa4003261d86ae526ba41f902f6c9f786,True,0.4083908652540841
S1,636,L31,4423798955564477858,fba70368b4205b976314b9c6daeca57fc14e56953aa108caa596065a20bfb8b0,True,0.4332355177591528
S1,636,L23,4891056770807474308,d9b852afd3ec6437f6ba041a416c1dfc1d0fcdd6b71f5b7048b9fc9be7eee7b1,True,0.47461826404547675
S1,636,L32,15800924893235918620,62aa7d5c366834ba8567cc0d13a1ecd9d69d72468d20397ccae4f5d57e5bd256,True,0.4254330488981896
S1,637,L12,1956860815432404340,5cf7a6d8b0283b3097d5e8639762258106651bb58fe39a434ad2f7f3db60ae53,True,0.39515062142381274
S1,637,L21,17025382679033824239,4222075cc624001a113defc681835a14d7335161d4ef41ad1332212d3297a745,True,0.46700426364776937
S1,637,L13,15851325373774659063,96a8395cd97a5f19111e197cead1d32d02b32bb59aab35a95a3bcd2c06973c94,True,0.41521362583214044
S1,637,L31,5570507783802712545,c2526463505b334c3a15a8dfdf807fce1d655e863f3d4efe594fd4fb1ab8da14,True,0.4412419379388316
S1,637,L23,15895689387286756345,e091a5af019dcede2cf3975292734d087d6ac557f28dc6f1b971837c78da094c,True,0.48006636346775444
S1,637,L32,11786477458730778890,ac4f0eef2e2b595f583255fafff6334fa39a4651cb66a39f5ed1eebd40b7cd8a,True,0.42158804373343245
S1,638,L12,882308104639543165,6528a32c29a4eb7e941877c448d88816395c321a93f5de8e1c0e3ee2099bb130,True,0.39512801945471887
S1,638,L21,16886578231671301410,9d47c478563a14bd631b22fa13c2036877a7d7ca70f595fb3bd89bc66c435426,True,0.47207638682382436
S1,638,L13,11197045881177256664,8343db7f87d2589bf0e41004b309dc45bbd3287a990f0d5792f1464549ad5cc5,True,0.4132910460327475
S1,638,L31,11530175443905641188,bfea3c681b9db6ab7e2c6a7dc740288e960f2c3a5cf96f79ae71508c3144a782,True,0.4419192547204614
S1,638,L23,7215678285502041279,d5b6963b8f324540733858b437e6de09b2b6e21f5f1a5d3b596902aeb7e32fd7,True,0.4735897541238092
S1,638,L32,11526534505467603329,d8ef127afeaa2bc5c2b491c0f3a6015021195bbf8ae5e22be64f47038e81e498,True,0.422762400451948
S1,639,L12,4501862220538694384,9400ecd45f79ae64f83092b6f9013b440eecb60bf07864c68bab382ac356aff5,True,0.3891300548950949
S1,639,L21,6654032390409460791,ef904d160a8f4fbeb3fefb2c17d3bbb2d14a326fe4c9d6d1e8ca8232d8ff5131,True,0.46363076259353864
S1,639,L13,11547539283851978975,881897c5b19095fa8872f1bf4db9adc0ab941aa7c9cbe6c72b3a89034e92084c,True,0.41260096895964055
S1,639,L31,1806354983211930595,9b35503016d0419c3b8b053cd27ab9d02b0a6ade274268dbd94d2c699bf45e3c,True,0.4411772135547245
S1,639,L23,4328420464656056462,06cec042f91af7bd788f2f6c5df33d83a3844b70a14cf62d6f1322c21192b9af,True,0.4740669172254397
S1,639,L32,7395545946435580431,35c1488eb265a848f5cb332527bf7fac9dcbdf49a96eec04a1d040189ed39879,True,0.4287337777580642
S1,640,L12,2564062650189497377,1ed7e3d8ddf5af5cba659955d94c0392b3f69c050fb0063fe0c2c783ee985b19,True,0.39185010230257494
S1,640,L21,16429804583906190278,04c9fab7d597da998fbb48e85ec3bb0921f73efdaebdabd454af80a0dff90182,True,0.47252684307469606
S1,640,L13,13231267048295718179,77d9dbdbf4d9516504f7b1871dc9591133cd38d9f691ddd564c16e654f61e4ac,True,0.40671041769136634
S1,640,L31,12695728813118660614,8435e4850eb3def300c5aab569a811e4e6e7ac4f83e73d06605b967121781244,True,0.4342743173789082
S1,640,L23,12874868604755647575,a5dd9ea35e8bad35568138ca6b4c8b17299fdc9ac4770c73300874d9f84a610e,True,0.46978920499514787
S1,640,L32,14236933234829545449,a2e517bbe64e5d289174727f0824833cfdd23da7278e874b817e17d77ddb82fb,True,0.4192366373920364
S1,641,L12,8484437148133153932,d0fb80d661cce4e9a218ee338764ec49b2964915fcc302a5a65b0ad6a05e220f,True,0.39040102879107447
S1,641,L21,15981813588604351163,4a241f52622f5f5ce03707b6d2bbe8323c656298ff095cd5b57914e1ef1f20ab,True,0.4718201889067116
S1,641,L13,2192133097144076200,1cc5ace722aa6172f7fa0144f2901fe1bc81702ba86497845cf20d45154eab41,True,0.4115506615211601
S1,641,L31,11133932011098572137,3436fc5cfe45c079ddec53753305ba022a9cd8b857fe406763a2863bc2c66367,True,0.44919313645176295
S1,641,L23,17831235085561988290,2f28db301807c95d5a3bd0c1e836a2f6545a12ec3c49b0338a202bd71b320acc,True,0.46994348405544367
S1,641,L32,1745256310404845651,d2540b07afd61396b7918c08689ecb5b4b7d97b2411112af26fa3402bed886d3,True,0.4253662618844529
S1,642,L12,14316474898384241238,17d868beccd82a9025697edad4d30ae375266f37f4af499f8836d937d4d69fad,True,0.39196342551684726
S1,642,L21,2192262693344451504,6d9e78594f459fdd64a99a5976fee102ec31e5ef482feea7c0753b3f7266b094,True,0.46611478251360927
S1,642,L13,14090904978750200805,2a0d5aeec553380056a1060dd2c6f26a9b3b4b463e094a9e3b4605bba7389aa4,True,0.4066583420798574
S1,642,L31,8670046755914365548,c25f7dbc8aff62975479aff74d347f9d503bc320fc8038a9b0ac97867197abba,True,0.44005846403515275
S1,642,L23,4207015561569955436,9446bca9506fc870e44c7e44edb15d0045eebd63e3e47f8f7b4a02e29c972f1f,True,0.4821133780113011
S1,642,L32,3468609164777687378,d8fe56a2e51bc10ac56fa8fc5e4cd23608853bc56bbbcbe5a22f4018aa7f57e0,True,0.42713618734534975
S1,643,L12,6874811203399655719,c14b5cd733b4cc81f79d05e8f03b4e723e956164c07c3ad4291182ec12e1ed38,True,0.3866084830481495
S1,643,L21,9822570484837086525,d34b497bada355dcdc961abdc17ac5e92b1ca10be36174c47999844679fb4f96,True,0.47142162566292406
S1,643,L13,10053252668050186157,ac20e507e7596816f3de751ca205511a35b6f57fd2f1418b6a8663eee4afed03,True,0.40950270222510665
S1,643,L31,14650001378295816912,46d104051f69bff0ee207c04fa1f012d49ecaaa30ae95cc904422b58c8a8c87e,True,0.4425590625522399
S1,643,L23,9050757983222555887,affd107928401efc3c3077fcdf7f66129df83fb625e755373b1de34b7b6fdbb1,True,0.4798127817747223
S1,643,L32,1045150606098316272,8a6a5b91b75188de84939727a4d353e9104253049da4b6d5a0112c33271ad5c2,True,0.4247291882206973
S1,644,L12,15833668013438050266,95bce6a97106ac7be9076c304997d496c27458073814db9617c1a1fcb3436310,True,0.3921739291546984
S1,644,L21,6704208153692083018,428dc96be3c0015a91a4e37b69093efeb7d2564167709a335fda8b0baafd5d44,True,0.4711955629687328
S1,644,L13,11994508432478392255,c1b74306ffebaaff259cbe724b3a5b3d58349687019f4a3171eacbae87acca86,True,0.4108701722278767
S1,644,L31,14227774711364024839,9d3291ca21f885217e471c38e4f004934d22e4c46a2ad2811b6fc36164e7287f,True,0.44010239207524804
S1,644,L23,12616808526596825317,d41161fef8fa02d2385efce8f08d6903b4124fa4c14ca6bfd668010cfd2a9749,True,0.48141562351012895
S1,644,L32,2948119555708218531,33443676299ea9bf8ff93218c622fafe9f2a4363d1515398bf97e540ddf8ba91,True,0.41821389458960434
S1,645,L12,14112836916815210847,ae971efca155e97e48cbac4b6d700b846c6420d16906c3b532f6f689cc2af7ae,True,0.38816013843444264
S1,645,L21,17669207579123439887,a5ba96f8169e00f15f904ab6f9fc09f74b3348ee40767c28147f8be26c649ea5,True,0.46979757155225216
S1,645,L13,13845477418136036226,fb7fadc258506c25745437bea78f06418dcc8db2c3fd8094f7f990b14672d67d,True,0.40804763500758756
S1,645,L31,36472474018118635,0671fb4ad735c905304d2e668d8b1a17e413971165a0a58f616c423399c7a629,True,0.4349498734290256
S1,645,L23,15756543951567422199,e1cb0c2f4409ab699d9413e56b573bf3bf82fdc1cba6f418ce924406eef31a36,True,0.48037006237585966
S1,645,L32,538376160068819427,d0021d483646abe52ae2d0de64ea4d86f1af45a0e5df01a0a130647854d46b16,True,0.4246138906650566
S1,646,L12,3531581561404841279,062aefa02a8863c4f01a05c7e6857b65d691434b7a9bb60d37152ccb48758653,True,0.3887078695032877
S1,646,L21,12359205112613495474,aaa823710800bb90a7ae9d88f4880f3d84a65a3a87b64606dd721dbe2239f11c,True,0.4735209842365138
S1,646,L13,13023649601174561838,5c8bcf346d86070dcbe27d64a8890a805f17ca7dc0e565b0476438d21cdf62b7,True,0.40876605957150064
S1,646,L31,1025047078190328636,25deb09fe2f9ec6ccbc3076c2b9a8973fafa7ba8439befc30b6c7993fabf03e4,True,0.4472399211045558
S1,646,L23,7675373070223729252,b12b8c3cb6b490660efacb022500a20f97998a8de1968025cac2a618e8b92eac,True,0.48203282583458634
S1,646,L32,11401858019698572124,e884a65c95b07646546cc4bd06ff4d16e71dcc220d93c1a07cd54fd1bb1593b5,True,0.42534291451660144
S1,647,L12,18294604006317745755,3994fc3b0f4a5f6db09707578a926d8d09d132bea6f7eda52bcd23b2e57fc07e,True,0.39044640760059046
S1,647,L21,12161971539112344754,e37a1f15c5c69c8ad4a431b5ee4ff4faab052d819eb71e66894b7df7a79d5b10,True,0.4762439476450115
S1,647,L13,4153711762331881267,ecf4cc631cbacc1e1612da59789a1142d61062e106a1293042ed766a8165a442,True,0.4128455764680912
S1,647,L31,16277218168587187160,6f8cb7ed4c74c43e3bddd9e5ca247f2cada7f1d2de6736a1161093e97fe458ad,True,0.44155490113374773
S1,647,L23,5479024956709701789,5f83756d79d8f5d76909739319d3f9e2ae3a86109faeea9877b0502619beaaa6,True,0.4834706836538852
S1,647,L32,12888380423546727018,dde3792d414dbfd6b9b5d1938ef0dc1e26c1e4ef7b4fb68864e93fe58134ef00,True,0.42737968341468385
S1,648,L12,1486584822924232333,90aed00314350cfb22001b8792b11ffd00275c74936e7ef054235fcd34a47287,True,0.3948040103436618
S1,648,L21,12051906279539380546,fb24c0e0cf236b8c82dfa3457ab2f261070d2ed2c3e7b01af716b3114c4cfae1,True,0.47151873615851614
S1,648,L13,9405167724222923453,a0b237347772907b88d51d73c3a774eac4ae14040f21a99ed2676f7bfef20b33,True,0.40994370925637785
S1,648,L31,3934489175386326306,75b6535eff98cd56995b1e10a9ab60073bab2775dc96cc5870cebe92bc329d8a,True,0.4437604048945518
S1,648,L23,18158055540378887810,8cdb4b1734b02e06f96b8850447cf9480df4266c184672f404b3a16feafe7476,True,0.4765895821415892
S1,648,L32,3277808871612900820,4a9c496533a4b86cf23d54feaefaf19e2034668f5266e96364a736957b648419,True,0.4241300043924786
S1,649,L12,9070017302730124314,5a04c6d71c98dc4d5a73027ce761e374dddd465c15a82307d80f841be9579b08,True,0.3919829132010914
S1,649,L21,6004002215670935063,d1956e55b915079a4713d38a2e942a83ddbb39835026e11390e307d16e3d657c,True,0.4703429481120952
S1,649,L13,8145198582190239246,21de9f9a47d32949e449de70ad3d9b6c992f0f294bc16c9d9ac5d1fbb9d2fe35,True,0.40962087437549577
S1,649,L31,6005520530191505461,e6b06e92d479525bbaaa59c0dee5a64b8c390dc3aabd67d23898230a5ad4f0dd,True,0.4464946477085149
S1,649,L23,11393579842665335723,47235705d0e8ab54b36fa8b9d4217e1a704a6f040e741e55356a3253dd878f57,True,0.47931273661211093
S1,649,L32,12067635535681691677,c7e2ad6ddc1bb1b910f40d3b5ec52179db80c3cc0f1872861731e8cfd8cd064d,True,0.42544856894821836
S1,650,L12,8145197804017048911,bd6b518d62d3495b57848943e8b365135d91dcce8e11a760bf0ab881c9834da5,True,0.3916174343056341
S1,650,L21,1522409577745200943,f4484eb9db7e651f1bd3e2ebc9fcbcb2f5ba01773aa86b32503dbd086d5872c4,True,0.46569140639564327
S1,650,L13,17317351490906705512,48d9c4bb741c32c51011458df8d6467158c0049d920f464e6c1ea92d6d63e240,True,0.41067606511088367
S1,650,L31,9793089268947038804,737dbf713fe5cd02b93013338fee86232e93337a61eade1b99a9df7bda515f2e,True,0.4405501166615535
S1,650,L23,11389487347555818015,ae901910fafda435a3ba9b2ad05b72bda6810e64ebe8dcf68437b0a60a91adb2,True,0.47599414634731696
S1,650,L32,15809782984512373710,bca93c3ebea2b8eb9db23993c4bef0a30a9fa5abd77ae898b2cbea8ef45e0930,True,0.4264624723915056
S1,651,L12,17457105507647678607,c738880fe375f7b253f4863575eaa0f0e0e18ef349d4644906bf6328086c491f,True,0.3912223210761835
S1,651,L21,3538224946411264513,935e1a5cace7bb42d8b6a9913609cf30d1d73273fac90ae1daaf344aaead76b8,True,0.47042596342723875
S1,651,L13,9070417617619380035,02fc8c3c3d12d7e4d356772da8292050f36189e0eab2134cabbc6237fb979fd6,True,0.40282743552791117
S1,651,L31,8843264111565222306,a30cabc97f9dda887c35945c335183186948738ead4c7e528cecdef10752b231,True,0.44322062218947067
S1,651,L23,11130622306022704968,fb4932a07f8bc6b2f6ae2c092554a2270261a027691dd1ffc593a001ab6f3fd3,True,0.48559437463774197
S1,651,L32,16442191651830784070,79c91190670e0275a443edabc0a9be083190debc6fb671c039618eb511e00677,True,0.4250415285212821
S1,652,L12,12100207327384153720,5d4d22aac84f8637281ac51f2862d07d6bdb60c1e765f317b3901da035aee9f6,True,0.39125288023752647
S1,652,L21,14073365589009229297,be8ec2d9d68d5c85813dc16bd8aa8458f7ab3503ce561edb2f5edc80410321f3,True,0.4733350424254721
S1,652,L13,6359167477812953813,636c84eec1313853d58ee09e84fc1c147e3ed085f05190a32e13b50d10018474,True,0.40631911505386464
S1,652,L31,6131380379775349402,2b997096464f87c390d1eb3a6103a836fca5064d3199571854a03a771c34b28b,True,0.43679865793679346
S1,652,L23,2288921216163060852,cef1a671b2367653850213d8cecc40019e21f2b0b5060a3a911af121ea6dc305,True,0.4816289134185773
S1,652,L32,6315595466988678870,53f0ebe29c8a1798c1661a25443cf2c45ead7ded87b75780959c5f7f10f6090a,True,0.4227064940956735
S1,653,L12,3524138939205111866,286f49fff202f957cbafa06db66fc526c9f51bbac7b05ead61123608cb97b785,True,0.3906900447541184
S1,653,L21,311438896555508145,431b8c1c8bc53cacef58da861c932e6e455fa0b7497c761fb77e7d16b6e5e342,True,0.46798017941205705
S1,653,L13,8329319636273983907,718809539e312a03ddf27e20ee9f53bdfb5c479ceac74cf6865771dd36503695,True,0.40880053243955083
S1,653,L31,324214514889978386,705bb9de8a3edc5b7eaa3de3b462f14edeb554935c21e8e2ea2038d96df3eb2d,True,0.4355162565015468
S1,653,L23,4723328877937583468,33c9fd26fdf94a899b0b85b509517b07956fc8b414a35178217e085278f5df02,True,0.47500748772767076
S1,653,L32,13155200157632269702,df03da759bb5928907614c65aa89b4585e4d179a33ab963a98b5fe6b7beee84c,True,0.4252577100786903
S1,654,L12,15199409256458106726,78de9f9b63f9399e0ee93301d41328ec7d917f683f60475d2e10c27b7a8b55ca,True,0.3919624384405517
S1,654,L21,3233899424052234533,4f518a92ed8367891604522dd7e8ee13e8576bb7add6560f42f57c3a911db626,True,0.46723170537407704
S1,654,L13,8342726902604112760,3f3f46fa87aa2998cf30dccf1ba1ad2a0c87fc9c4cf0fd86bc7ba5fe72933c04,True,0.40663399105006626
S1,654,L31,13648427919395599242,64932d186b12484d76f1f8f8b14a241d3656420d12a4caeda370b988160015ac,True,0.43570496142433196
S1,654,L23,120052674349049347,8b3685fdc8645660e9244824a7eba46d511266da79df46f39f1c37dfd140e60e,True,0.482901883799998
S1,654,L32,13483502574280223681,f11bed0d74a195fbd00cbb8a67f26e4003b2cbefeeedf2a641ff207d5e799cd3,True,0.42273828238256217
S1,655,L12,11782117324370844240,45b02a1cb96c57f84715dd914a94c8c01b58ec87ae955c9a5ac6fa5827f3076c,True,0.3897048524779834
S1,655,L21,12772823707800961781,6e31f18df51ccfb390afcbf2528c9e7e309a157babec25070870f253d5fcc7f3,True,0.4705954349967595
S1,655,L13,4571708509350763119,bad71f720a321669e10f9733ae53569c3cf18f8d809329ee9257e60dc681ec09,True,0.40860492799848214
S1,655,L31,2434785033483079763,b887600cc2dfcac06bf29c9ef49b232102f7963661d65f0feaf5e0a74ccc60a8,True,0.44094638356656285
S1,655,L23,16579953672919796725,703e7f3fb0a31649a9cf0c31bcc04325d8231059e0f1ec31528ca31c990fe7d0,True,0.48331430759370514
S1,655,L32,4632895277892876188,2af321bce4b0f99cf82f534c9939e724017af2e771629b3b8554583dfee0501c,True,0.42327527265271153
S1,656,L12,15895905034161213448,66985b118e3549c80889b7091c1a4400dedd74252543fde74bbfceb85fe4b85f,True,0.39107782740547287
S1,656,L21,2410727851272178537,cf370ebc04d1e772d617bfff47101daa195de1b79be73b7f92ea70c6e4432821,True,0.47036388562335096
S1,656,L13,16138607685796250234,9471582fa1a92ab0f7c86563ea98b2eb5d9f290de84349abec50cdb0f52cf218,True,0.40879803513085744
S1,656,L31,15762837812705215369,d153bfd907ed4dcf4a40d0bfb30602aaeaddf20b47013bdc62a20be25255e71d,True,0.44266978485392033
S1,656,L23,1287677927102419098,f96993b5636cc97b5d10637ce1836fcab1c22c5c461bf62bf7496252c8ce6c8e,True,0.4780563040647352
S1,656,L32,7589531355724658682,b5a9c63e672943771ac1e096eba2e1a84925d971c83e6ea586aa5e2c13bc9af1,True,0.42755044986405616
S1,657,L12,9080746891198830995,06063b94f99110b5adb7bea4762199e974d69a95396d8fbdb30902e515212345,True,0.3923818610150244
S1,657,L21,12479108151258208060,8293017a9cda2bac55b68aced77d6030a11ca35a55534abef38296dff7a57914,True,0.4691068202257642
S1,657,L13,5187876208787474824,1813d5e709967d9dee60c9ff415075ff65193a464c3e3be0be2f1a32717510ff,True,0.4059046283542925
S1,657,L31,777730001541066956,a0d7b08163adfa3557a30b45d25dcc2490dac885edce402d3b0556d521754816,True,0.43238348138585436
S1,657,L23,546940394765609029,7f32519a2dd4607e62b75c1297c7297ae5a0effda8478bf359a1e12a9237ba5b,True,0.4826024276668624
S1,657,L32,17168713900809895869,2bb70f15ec09451440d0b9bc93993d6c6f2099bead31a1f2f82e0dff3e66a6a2,True,0.42514071886944904
S1,658,L12,1278247000633224715,88db3003a8c8a3adcad3fdec7f2f6f14374c9bc2848188a19b66138a0390d971,True,0.392289630714011
S1,658,L21,10197285461893490875,80946cfb4ef96fbc50b2f142c655b67acaa6af9ead5fe6cfbbe6fa707accd47f,True,0.47692501086419037
S1,658,L13,4183084656235141637,c8b8d7a3a1bfe5eb04f014e635711201a3548a1340b5d6a5a8e6d48f692eb1fb,True,0.41552002221060386
S1,658,L31,7275007105288575087,b36564c4399c4ed828b99b0b714b597edaf19524a8e6c1ddd420f5d79ef2fcb9,True,0.43455641668732486
S1,658,L23,2625286782398866134,85551c56f97c3f30ad07920a7bf1373c8ef5d177ce1259da4ee4a00ccf65711e,True,0.4734869341701801
S1,658,L32,4122876063715684633,ddd5186cdbbed4ffd8e9d9d853a6e5b555b17b16aeb04387693d20cfd7c9a1f7,True,0.42370359881160263
S1,659,L12,16093230413859562215,99bf40d42ef1448f55aafb9b8ab2c8a949c77e9e5beebd7741d139ed992ecc97,True,0.38989820556080146
S1,659,L21,10154475247694321542,fb9b6573de87a088097b434c3594b0f35672ab71a8300237bbe1d1a0ff59577c,True,0.46687626145398514
S1,659,L13,17602075737445527316,40134a7b1f170c359c6ecd337f0b95010f9a42235f797fc48f6fc145a20e7493,True,0.4082142134915459
S1,659,L31,14185875907844531283,fdd4443a00fbdad404f5ef3829b101650d0c90a554ed01f8975ef7320040c142,True,0.43864214920249156
S1,659,L23,14967269920095812781,990c17ece3fa7ed95e80d5a853eddc1a28a3b0016ce6116c9c17b4743f9d9685,True,0.47941284790312594
S1,659,L32,7801369158337989153,12b7a831dcad46054e207347de1f08a58d588486d465ce9d02eeea756a0297d5,True,0.42163270355237903
S1,660,L12,5690134318718789658,9efea0f7c4d02120eb7684ab075ebbf538104fbc2d30674de38a209000ecff68,True,0.39162646846419613
S1,660,L21,16554115141108525195,3ae114c443606081659cfecbe15e702d45499b4a5451da4cc75d6b29e72b6465,True,0.4689150261998815
S1,660,L13,17135428911252500466,8238c881638e91098794cd40784bf9d19f036700ef62d01a0dbb58d8180a6528,True,0.40257913658837263
S1,660,L31,14761374201720440854,54aa341cc2ca2722dfee1798c731fe1cc0a9bc363b7beb23d38f267748963815,True,0.43554206847538923
S1,660,L23,17613745168620246514,1ac1dcc5852813ff46eb241c7968eb99a2d554b7b56ed577cde19309340cc984,True,0.4744111657962981
S1,660,L32,10869891195994456762,c2fa195eb4ad6b1bbb5df7d4c92f37765c5ebc6c912127eb891cb6d3ad951a6f,True,0.4248846230316765
S1,661,L12,14225394997025039486,dbc8c4e25189d11f1e357f27a97c3cc358d32db9f517e9f28f3ece29e78e39af,True,0.3924276233830307
S1,661,L21,7414074791104135482,0b5028881e7f3d70466b4a4157e470830fd83a0c181424252e4314aff8e5583e,True,0.4710735689315536
S1,661,L13,2471931448976722098,c1c12f33f54768ec7bdded937b54ae1b474232c684a06377b063f0cfa841d02e,True,0.41172956758922086
S1,661,L31,17541445625719249186,93a53c392b95247afc570b824f2c87aef8f3403152774972cc68104efb11ed48,True,0.4382400871037648
S1,661,L23,4857601694447915770,3e0087e23270e44621b20bc9b5f70b91fe1a1c9882591a401de6f6b34525e5e7,True,0.4774652832227439
S1,661,L32,14346625848589235609,f467f955a24e0174fda2b45c206a1b0cb1ea1622a7b0b712c17f623947bf091f,True,0.4283378831111627
S1,662,L12,1765261391324095473,e7dce301cc87a07c2acd110e079e9de9b980e000d95597f760224d2e1dff642e,True,0.39124476466528507
S1,662,L21,6942322485653400670,b2aea0f6c89ec4fb332966cd6825caff8eeb9153f46736344a66d2e74e4b185a,True,0.46579685896864587
S1,662,L13,112551778395495736,4dd28afb0b851952b3ecec2d8b9278b3c05a7f06d4cb09ff0a00e0a15ed817bd,True,0.4104345483840395
S1,662,L31,2641334508973794447,d55917aae1b6f76306c68b1e93c18f19a102b41ce32b8c8dd740593f8d829151,True,0.4408801472309054
S1,662,L23,12268940745675906662,38880e50277198a76317d15fc807c793cabc47d043ca1b21dea7350a27bdca51,True,0.4750693009008752
S1,662,L32,17858638098034345585,3cde80c09c9ba737dc387c273f8db4f279aabff273eb483b1b7a3de361f905bf,True,0.4262097013418602
S1,663,L12,8840005664504929879,7048c27416fe93d477d7861f22ced2ec62fb7c30737ee79c0fcce830c4ca2ae8,True,0.3928501330188396
S1,663,L21,5834961520357440127,a72f5d2f321e6a37077d6b9a9ed9d2f39ce28c900261dc963fc716780c25e8bd,True,0.47122993038097327
S1,663,L13,10533669604286042506,892132cbbbbaa0cac6e4ccb871254ae38709136d8d4d120c30580c5f94cb83d9,True,0.41560073138508097
S1,663,L31,12512878779505156466,163d3d84e1e4def52d5b830597cbee43b9c6335f4a16fe2da8d8573881b85c30,True,0.44469846459903917
S1,663,L23,9500854068444224133,9cf147e205a68c04f74d00fbe6723c1ba950528797fcd07f38d5388f98ea6727,True,0.4761544702768024
S1,663,L32,4872601384311571329,9d30ac01f603658ea99f63922d8aa9d46b2fb7254e4eb72efadca1cd6ea5259a,True,0.42466514205174233
S1,664,L12,5223499639593236146,c6b5b442686ed14b23acb9e0a1d552546099de91db78bcc1e44c35c8b8e7af49,True,0.3926981303843579
S1,664,L21,16712328358245057690,4cf7832d19577b7b3566215890cd990448fd56371d3c141f3d7016009342508c,True,0.4690843655561107
S1,664,L13,4837411253457320367,ae22ad1b5f1109ec304a12ae3085df74911e6ca2901aa43acff805ffff7ffd53,True,0.40640505764817625
S1,664,L31,11185461438036892474,43da97ea62899dfee4fd6cd250027bd5bcb4d020b8bc547a23b018517d0226a2,True,0.44634432971609755
S1,664,L23,2303358265608072155,586c392826a70326cf27142942e7fc76140419c6443e1d0222e302f74a4e3601,True,0.4827584103315577
S1,664,L32,14851348028971106035,341bb9e6304c0175544576fc65dead04f655af473841ca17b2c9b0e7cffff8cf,True,0.4277793219523478
S1,665,L12,17063521923515786942,f3ea60ba6d12ee752309fcfd92e378763d929b78ad2b3d68cd0c4d634a71aff8,True,0.39271408764453203
S1,665,L21,2526827287108633954,16bcb89dac10a36e0eb62f8a4dec98ac475bed8be253cba0399ab915b3526396,True,0.4759672399025645
S1,665,L13,5622090853559057808,e4375df3be557789977e40855109384f3b246a3759fd6f63a9e8fee442bf2612,True,0.40474005266573254
S1,665,L31,9142769850266043941,f389fa32ae91bd40031662d7df8beaaaf114b1ae45f1af7514470d644c19c313,True,0.43768105896606346
S1,665,L23,8276556538262594658,71783d337c5af894c6c0bb35f3de483dad69bcd4ad534e442faab8881e6af528,True,0.47672539071182796
S1,665,L32,13538632980674022521,5400769d56f9bf5b9eed435684fe9bdf6f8fd60152d1c2001bb45f5cc0a75adc,True,0.42464190259407686
S1,666,L12,5114622583579729143,bcd220c96cfe78c6288b370ab8bcbb0560daff78b9a71abc4b7a51207004b409,True,0.3915989155011776
S1,666,L21,11840989909672403080,b9a1320435ce31a472d2f2ce0298708189a88d34ccbdecb9055bf910493352f7,True,0.47453470041618423
S1,666,L13,7856785247787614863,3cf574e7048cb244ac8f3538e8c39ca9452045c0d758a660a442e3516987c1ea,True,0.4113586731550185
S1,666,L31,13919572086994367023,4320e2606b53a3ac605b7c13ad5647f5b3a2128f7470bb9f8016c89f627a86a5,True,0.44656981596441253
S1,666,L23,2193402787409400867,4aa4065e77a2c0f213f9ed4b5c76cf746d947f8ba847235f5ddae9df830283b2,True,0.4714360326150395
S1,666,L32,18347197330329299236,257933ab9cf174bdbe4b330e301282c76f0853257affd85401d1b773fa5e2b8b,True,0.4264177789612975
S1,667,L12,7376931673475484684,245d2b0a840eb0a3d602862c21b116e519409071ff578e42f94887bb358294b6,True,0.3936773848873402
S1,667,L21,2616476626035400594,6e748e9a79afd8a4375ee36de12ccdbf904fffcf4aa5ab153e465aaf98426c84,True,0.4723025482794647
S1,667,L13,5774230581047692077,d43e545f9c26dcacac17aeef29128c48b6b86349e2449b37daff49d51c1d4a81,True,0.4061221248979645
S1,667,L31,2780149296901701608,1c1fa9a29f3f4be9883d0852159a7bd1e0825c690e9e1c49ff4bb3c3cbfa14e3,True,0.4401510244097657
S1,667,L23,15666336257413610302,b5c295fecbc74dbcc1615ad62556b0348ba66d62b008a18e460ce32bf19aa6dd,True,0.48156024737144254
S1,667,L32,1156971160867168317,471015c2fe71e1fa73c71ae48b9a3147475ae25b632f7a07465cc382e98e848d,True,0.42245167994068505
S1,668,L12,8401911359338108603,901cc45c93b3278add8d485a7204695b41e32a22ebaa159d68184a4b98f17b44,True,0.39340713290922924
S1,668,L21,2599521579881808228,282566f80c9426a89df25631aa22ef18478375a7b6f03a45e57a74f432a1af64,True,0.4679637500013773
S1,668,L13,17949707652108651639,1f4278ed20a7f4f55d8db8b64c9a0443384ca826aaa7409e5d583e7a81f35767,True,0.4183612262076802
S1,668,L31,12103847780629695491,53aa4d0014d4681518325cd72242b86eb439d3755ecb615329dd2ce0550335ec,True,0.44308128067503605
S1,668,L23,15992480333968298041,32a126b0c9b54c4018436776bf8db521c6ca7798d3abd4db2937ecdeb645dcb2,True,0.4760339097700085
S1,668,L32,15746957935698109920,83a102f65c9be1bb15636b46c5b05673656211ffb3ee997c255268fc44e854c5,True,0.42515677856855877
S1,669,L12,14428677875124089177,cba097939977d24608666f145a7cad74d8f83949b584a6f7c51819f41afe4013,True,0.39399960604792494
S1,669,L21,16989097019205483798,9b080beb0d122df50deb48d283b6eded65d2983aaf9b092aa913358f5823792e,True,0.4728708509186149
S1,669,L13,16418853235117605758,5981e432b52be253e36c313436fcf76eff67017e9de3ad383b237abb60572c61,True,0.4115517342688182
S1,669,L31,7019159905030166417,46f06b28eeed1c63302af73d8ed358300ab016ead7dc8057978761e787fd114c,True,0.44546688172562027
S1,669,L23,18208605186918750394,caa16e21b3c302f1a212ec220b6df596349d34afbc4345cadbc9a1561c901528,True,0.4743264381111314
S1,669,L32,3942689129304359347,6622c2e07a5bbc4c1aaeed3e640da8b19eeb0fc1d4436a8f8a722314d3022a8d,True,0.42468150370105334
S1,670,L12,16555385101663160813,bbedad9b153eeebfae87852085cf81822e8c8a03cefa4fd49664ab0e094cf601,True,0.39035924566962005
S1,670,L21,10320325140567682656,ca6ecdf3d2ea20c64aeb9cc8ca9f2b5c74dcddf87e6e3ed7759414b1b4fe73a7,True,0.4709586533967202
S1,670,L13,8110711283528631638,faf637c988f66a9c770dc8820e84fb90733e33ec8d296e0fd516ae13ca86c246,True,0.4118656811873096
S1,670,L31,11287090030506964936,f3be2f36fbe27510164dc8e731cb7f74d5f0952a4602559293d4e5dae3d110f0,True,0.43714371670469376
S1,670,L23,6261801298729008001,530e758825002b93995f9eb0f95089202dc59d68583583303cb612b02cd6667e,True,0.4760055656182549
S1,670,L32,8135047603783797324,2d2f3b3aa8be323c93ada10312e32005e68b826553173e5838aedb4b4a5d480b,True,0.42393672608811334
S1,671,L12,5106468520780459582,ee31dd3bdc7b0cd2e703f0b18ae26745300015ec67824217ed1a43ae1c4dc7cd,True,0.390236980940313
S1,671,L21,13754630731292698318,2e12ad3f865a7db66ff2b15bc87d87ce47dba15a42fbcd8f2cba8b651bee8109,True,0.47136959980207055
S1,671,L13,13649226294970107359,930014de388af37893bc0f7b2bdb1ab5d9c304ab19d8c4a5142e385517f28229,True,0.4096099947640847
S1,671,L31,14492622398556265816,78a45d551b6d3ce4a65addd461391af906ae15a50e4673674af918d8508fcf73,True,0.4391761932138307
S1,671,L23,6880244959788143179,96010756de5af3f133ef5dbb56e91dcbf514af5a088cfa1b58a5fb015abafafb,True,0.47194485553183346
S1,671,L32,2406410625248395764,acb288dc0f73b9f5daf46017f90f7b01aaf576510d1c2f364bb3420192beb877,True,0.4254193067993158
S1,672,L12,12433961239375711659,57673075f6f64b2833ba8164f851b4cfb055e7d95d6e8054ccf27b21c2f448b0,True,0.39058205512779864
S1,672,L21,6891170496049434441,4571115cef950617dedca28714683a0d54528bab7a8df3801719c8412fc5ea9b,True,0.4713944042273404
S1,672,L13,16231962002941507088,9d38cd2492d6c88bad78bf2fe0e5144c7fabacb6f264109159aea3b6fcd2f60c,True,0.40806485033447965
S1,672,L31,9202948750347690913,e5f8c75e0d6edec2cd1cc7f8814dd28490d82378edac5aadd8407e09d987243d,True,0.4366841656870797
S1,672,L23,17470539007542334491,a607dfb3af3f4e9b3b064d6b85461e2978e60f950c978b313b9e03157496029e,True,0.4838305433685497
S1,672,L32,10077626541626358479,32d0af88692fbf690232453bb6825ca30c34343ff9f1842ab7f4c2250b523ec0,True,0.42852918840652376
S1,673,L12,18069247922882350852,05fe53bfd4e9f8db08c707e963190ae363b3321470d072e39cf318a2b9209d1b,True,0.39083353972834606
S1,673,L21,5029989926493456208,e1daaafb3a447174a15ec1d77e37f12ec855ea6f5bce4b2da7756b112b650219,True,0.4699026162585431
S1,673,L13,8550802401545967852,31a7ecb56e2cc5866c122635b9bbbf60fa6ca9c84bf68483fcca81d9b288c46d,True,0.411939611693937
S1,673,L31,13076262871199150156,123241e8c2fa054f10a300e00eafb5ef4e5229dc358895e7e0f1d9259cc84404,True,0.44525968325241494
S1,673,L23,18120323563191627455,855979cbf40426787683021cb071f8832aa4b07acb172a0789fcb00ed3113b9a,True,0.4771210501112798
S1,673,L32,7484480943827700679,c800c2deeb9e4f05b4ebc4aaf5c17c5ff7554143ef8837cf1efa51c1d595b5ff,True,0.426674190576243
S1,674,L12,3942343464711512542,878179bd5d47417ceceb1c7d9ef1c214ca5b50edc6c3c7d1d8563fe3980a957d,True,0.3886244469050604
S1,674,L21,1435206963670577018,0eae780c90bf76631091fc284ac0d39157654da9b37bf65fc74577612253b894,True,0.4751060748223749
S1,674,L13,7129111641819108941,fd5f4081a51d00953693cbe36fd760d2160c1585c0e2c478b1c46252b871179d,True,0.4130795226597741
S1,674,L31,13908086998843042829,e85b002674d19162bc58d3b1799d9e4d29271f24fd4f6afcf73a6f47a09cd612,True,0.436590108473474
S1,674,L23,16651058956274211646,ec5b22be151c441bc07135a1256de654525541443ec6124d10611a73e8de6a85,True,0.4828296581094278
S1,674,L32,8801601171572685315,4334026ce30a9b0f4c0389e3e6ea48d26fcafdee71db2de5ff1846056d51795f,True,0.42465381216764964
S1,675,L12,3888509154343467282,62a2d920de1489c4098e48da628e64a22a95a5627ed4bac7426a2a7d79124d9f,True,0.3932691495967165
S1,675,L21,1257252614110694054,ee3eccdda7d476d9bee194675fe0b58b8989fa509a14bfa408568c6aa438377a,True,0.47124944390406226
S1,675,L13,4959480808965337254,e942b4b4aa4a32f0554785e1e58a42b04de00de76ed286b72baee23cc0ffc523,True,0.4157130485069341
S1,675,L31,16804406167845250531,452be2cc906835fac3d9d292e37f8ab199602578ae66e526ddeb43469769d930,True,0.44302092755943967
S1,675,L23,7292544521015338731,8c0bb1a64de4cf55d4fd3e2c876e93a2c48b0ec2b55093b26ade69d815483b77,True,0.4816887563549701
S1,675,L32,4975742215122678033,cb21e0dc259d691c45173806649a83e198172bb26a8e7603d95b1aac60a5d08c,True,0.42979215397969905
S1,676,L12,1240286259280012117,f2e5b8762c5072cc7be889b15f67e2fa5a551de0c2ecb18a33ef70a02cbec1d6,True,0.3895517315082039
S1,676,L21,1180952730700532054,2c61aff310bc881e330e66c123f76295ad8e7eb768e9b59d4caca894162961c7,True,0.47234699072450725
S1,676,L13,9992559125192127870,c4cab46b5397518e5e6eb5a6fd0c6ff104077c4a937cd2bb25234342832ae4dd,True,0.410983779379815
S1,676,L31,5359716060882851925,749e8bdd561e905eb3ff162f15dbca8e4f396c0d48116b14c80b0884c20726f2,True,0.4375668743992621
S1,676,L23,3922028977202635973,cd588c27aa93ff21102f4e1ed5c7da5c4f3ee0f83159bcee5c8ab858a8184599,True,0.48443105862256786
S1,676,L32,16393673089176169707,1d7bdea4b539d37aae020110662a7254cb8e63568d39966e8eff099fba8a4f15,True,0.4205027071215526
S1,677,L12,9570533659279432987,b9ae4f673bb79e6e8eaecc32f699b2600dbba4db7d3137fc1594f95704c18957,True,0.3911180888621087
S1,677,L21,5690453902161385089,822e5d0fa04495ee5dfcdd1afa8aa9c8f85ae26577433c223a55eddfd7f44499,True,0.4690565630801405
S1,677,L13,4078032700374936171,a93f6f541705c865eeebe117d2477b52e0815b6602e240cc9632762406de4e7e,True,0.41040660796791867
S1,677,L31,14813548442215118287,044a6093af2bc5ae5f68ff7dadd39bc526872e7e68c575ab42b6b421fb959fb1,True,0.44786309531965335
S1,677,L23,5868596024820904064,ecec47cb53070d731d0b3dd273a6161efaa4b6b601981b138392763fb5806fcd,True,0.47217239449757337
S1,677,L32,10797073668918352220,e1015c734ce1a8ca85585c7ddcb481262692390e7a31fdf02bf417ff011a2369,True,0.4238512270285999
S1,678,L12,15592701271777790856,1ba45107d21a656b2c866c50216dec1533ee1596bbb945fddab28ac8f9578b0e,True,0.3925448523627998
S1,678,L21,17986827132637393939,120ddbc3dfc8882feb3b34f269afc421231575bf42fe634a5b88b489cf98b831,True,0.4652100039721362
S1,678,L13,6390416950057547684,cff929f7321356118a43eb4f4f7e330dc69a3a51d52c34420e5aaea7e126bee9,True,0.4037449233392406
S1,678,L31,7825523965794485117,ddc256ba71b8847d3a0608eba4ba0f32570ae8fbbb740e0230e2b74a8f70de15,True,0.43913708486087893
S1,678,L23,15011890768012756677,3a94f9ba822951b364226f6772bc065b188627a5feddca1551ca90c96ce43097,True,0.4826012447078679
S1,678,L32,6630518487624229936,35faa9b990a5aa91fbf88c129020f4580827c877ce91bb3f5e6512570dc730bf,True,0.4217921520101794
S1,679,L12,17703161306413720325,67dac1a96b3b805bf863f9966abcc96055ba695ca466d60060de173300df5d7f,True,0.3913812620822793
S1,679,L21,9590185835247896277,8eaf7236993ab5abbbacc6d49ef7ecbaca81c8109897a9e990b5ea3a101f678f,True,0.47350225411960306
S1,679,L13,6095628583978637093,b86b50b6ef8607f8cad85ad2b894c5d40a29ffce21e67a8e66490a48c484a8d8,True,0.4052742627040675
S1,679,L31,13804578663257379778,f23043978d11595d504d8eda548d206fbbd5b6a7e9f7a31cb78f00c5fab7dced,True,0.4405545862159766
S1,679,L23,4482336820949366260,20484a6e974db8973b9a2232e17619a76efb5b82dd2a06e263e7478a075a7812,True,0.4781056463254887
S1,679,L32,7059803008782736062,00a6665c64d01b0466ae5dab768327a961867b75f89b12e2187e66947d6d4e5f,True,0.42576516980072715
S1,680,L12,6037745929658531118,ced16801d7561a2e287a266cef34c4091f5c0fb19ba76754664e1b766198405c,True,0.3900875890017388
S1,680,L21,829008916635422413,5f70d489570150358e3f0790b9a523299721d72a4a50a272674d0262342d82ed,True,0.47133155283142614
S1,680,L13,15925646125622974317,a69e97b531ae97b6376f00d01599420c0bea1879d5be55cc71ef224aff62eb5b,True,0.41429132730684154
S1,680,L31,14690024948945859687,fb6e4c294516a0bb46e849d2050fd675384f75b7df48b94991246a1798c8191a,True,0.4451396210664357
S1,680,L23,18216100270300546145,280ca62a2a5e25c1116afa0353d6aad5bfd10a16f298b9c2bb106f0370c43ae2,True,0.47613361050100933
S1,680,L32,2962697102788188504,1e7fd43d567d649df1bc428668c2d3f6fd7033ce44c5af4daaad552e26c76a6f,True,0.4233304745460189
S1,681,L12,3418161749890451800,0627b1a0d1cc3b23a03ea1fb13ee11c78aa80f697429483d8b94be45e5c00ccd,True,0.3900269650503684
S1,681,L21,7607186548165938523,4161a4c509df56dff7bb74874ae3019912658bf7b3af6279124d0403a599eb0d,True,0.4747638081380737
S1,681,L13,10909335511405491683,ee45deb54be172d1c47cc4dd695ab97f7d79045217090224870ff0a1c5c75d92,True,0.41165786191399
S1,681,L31,5265798824344306745,a429e4ef8d1391f811f1d304a448abc5d8ccdab3fa9b72ce0198fc01609d35c3,True,0.43675188537302573
S1,681,L23,3077226351088681116,e369f55c8704fab98c51e79edf8665dae0d550956acb256976edabaf01f5b95e,True,0.47158075761066626
S1,681,L32,15530407988378001756,e3e88d622c0e79dbcea9e69e62caa2d0c601ad303e20d536c66b9ea82759204d,True,0.42150274434626944
S1,682,L12,2983734989356162681,fabab957c9213c80669d748a766070dd0b1a02d9757875b82a6515f53e5fc8bf,True,0.38855949283845104
S1,682,L21,4131063596741891168,286e5a078d5d73e920c028ee10aef4dc8e43fde97d3cca8a159543f0e3f2b28e,True,0.47166909611923974
S1,682,L13,4667295891100383057,3330ab5b981bb9c5deb25a4f4b9446e89cf3e0a794f7dcbb16155cfbfc9b7fed,True,0.41438760222315457
S1,682,L31,11626310579030916828,0f3544f8d98812adfca637cddb7bbb70f16e2ff0b0301e33d0e29a0ffacf271d,True,0.44261884194885354
S1,682,L23,14130694442908260280,4b066f6097e5166a2b36ec80a4e7904b32ce41051622268669e1074f4359d987,True,0.4786699215125623
S1,682,L32,15342923403100546944,72dd5b00bec957f5e30addc472871f8bd688031fda459cec32aeaefb5bc56c54,True,0.42666282902098823
S1,683,L12,8647499553889031483,d21ca3eddf4ad0a079dbd0187bfe01f84ffbd7b3d352be1db1d80fc43be228a6,True,0.39146475501035993
S1,683,L21,11486208662365818701,3ab0ea2a7b2287fbdbbc4f42e04e990f164292d9620e21b4ed8ae4d9122a1651,True,0.4745408683292093
S1,683,L13,15574392628508483024,a69b0800516f93c4b0b5fc8e5d417c9d2c408046f11a0dbbbc10c3d58f642f25,True,0.4119716087553795
S1,683,L31,1346830967352350145,96c4e02d1aa8f82e95075344e9581b85a4d3afebd44a88b1c17b6097cbe6f91b,True,0.4447365202321981
S1,683,L23,16221969295018865558,c563457cdb7c8cc6b3ce9ff8629024b1130f5dd78bf13a985904eb64e8d77e98,True,0.48023580266668286
S1,683,L32,11941384975249700725,d07f0b917794bfeeb4eff165bfc29d3ea07e60549a731f4de4186189f7d5266b,True,0.4257576768701496
S1,684,L12,6986101936846223027,f2319a319a1cfa67d4069fc7c26dfb77f844eff93696d30a40bcf8ecc8776b43,True,0.39152375094899367
S1,684,L21,16263833021123088323,f86b607204c5e23876ec50531a44c69041cdf00d8ba0b0b0424ce02e6dab1eac,True,0.4747638081380737
S1,684,L13,9524598711580394924,4b67669d97e456b462d79c30022907621eea59f1a8ac003234297877131a4d34,True,0.4055674942798222
S1,684,L31,11506322740902848900,bd91dbeef2e613a340a53b59833e015dd77de3c8e9894bb14163503bae838aa1,True,0.45016470210470055
S1,684,L23,7073218102607121619,e62a2cef75f3decc894137fa402f65a509966243e01554bc26fc2f4d8e209efa,True,0.48139172028754423
S1,684,L32,9226123186618368676,cf3d5fe1086e587a240a11dd79523c19924fb8e1654672701dd26f03593ba911,True,0.42488238269173106
S1,685,L12,8246279679014667733,36e0c0d0edc1e0153180ac55bce707fa4e5dfe47ec54beea654d0152341da5a5,True,0.3926285550747226
S1,685,L21,7080491476795362989,757c39b8984f0b41fdfe83f503adc17842f696cccbfa9e8283328ffcc247e37e,True,0.4760261647853495
S1,685,L13,17958224794518081355,186796bf82e36938788428d0ec734f46bdc37acfe227f3b8de383cc58c2d52c3,True,0.4108408999818823
S1,685,L31,9414533032476920928,9457b4fc3b229694a6aa6838a10de765ff8a029ac3062db0b2b41002ecf37af8,True,0.43612266025946655
S1,685,L23,13764826438777853370,93f498e07df592a61af16c08bb09b5142a068dcc74955bd002aa5c5173ad7dd6,True,0.4801070680810171
S1,685,L32,11752333606117634394,d7d33832a65cab220f62db8d2de30bbecc4b09caf27278c5a4194d63cb8dc6ec,True,0.42000271046730303
S1,686,L12,12574182761312872086,80bd99c5ce6b6efec2ce87d8be82464ad93b70d2eba42efeb21a237a814b4c88,True,0.3925400653861083
S1,686,L21,7696372687521720293,0b0e6a93ac0530d650bb753b52dc6769299b059f66af1138a628c5e980bfe7b1,True,0.4742629751049068
S1,686,L13,14651471039522710550,1887b7f3798358c714e12ec2b108f61555db88296f6b634c1a4b3c085100c971,True,0.40686325875215423
S1,686,L31,8471044000698427769,a9b42bb8443c595ca9bf1178cd32b49094fbde50323b5df02c72280e9c09df52,True,0.44153383744576735
S1,686,L23,12622567381118768920,f39cd4da854ceb90f2a1f5fbaedba5588e644894b3d3a503657c3a9ab78e60a6,True,0.4820132731952302
S1,686,L32,6799663812226023557,1209332087702ce2788c318ddf906f19e6beee6e12fe1e54edfc8782bea57ab9,True,0.4249141170553246
S1,687,L12,8054272517058433366,00df87204cb799b05c7cf53a9dc92776d967f269ac505548b571f286ec9be65f,True,0.39408049923374877
S1,687,L21,13789808574652469582,f8503afec4dbd3d92686586d89a7ba665d44afb4f8689eccef73858a426e93d4,True,0.4719306312527789
S1,687,L13,16786487531751479308,65bd9a33dda61757460659b20df0d69aa3c1922b2887197bbd4b76b41f39f3d6,True,0.4078905720899023
S1,687,L31,568331744017632793,382558d9485a47faaad11dd852dcb4543e1356c5fd929a2f74ae9cb8c86ffea6,True,0.43320786349433626
S1,687,L23,17875371088559331416,ed5fe5486af18952e6dd226a2958a41d7dc58440ff5ea77029a8a48422390a85,True,0.4868250554778615
S1,687,L32,3139819273489695339,3503863aea4b00c02cc1fe0434f925a07e55e1c8657b11bc3919b109b03046f7,True,0.42615860329290334
S1,688,L12,10291369767598033424,ce094cc615818bfe854c40182264e6378532789deb869da3ee320434c87a9341,True,0.3922282468387367
S1,688,L21,7988687240951255930,da294872dd4053a8b7029b5da01ed26282b87961ab23f973a3953c291531a226,True,0.470931673874298
S1,688,L13,16128339053986792027,0735e58125b507fc9cfc17f9e3493ce8b2585a5d1b6d9e9565333f128f19bd65,True,0.4132064973040963
S1,688,L31,17329641914952121875,76545ba6a415fc1f1a91b4def0d2d0e2c83de59e7ed267eaee01ad3ad7963985,True,0.4371809080125065
S1,688,L23,16922130077406216085,fda0ac00556e4d9c358825222d4bd20cd920b0723a761136c6121734d18b077d,True,0.4773698637173154
S1,688,L32,3855460409345718698,8d52b5313bac075075943a2ff77cfe00f25b5a32c7d929ba7de36bfd061febec,True,0.4224623186890155
S1,689,L12,16817791955216088178,fada3be1054f6c5a9a793ec98e54d16f787a11c1f16668cf0db8f435f36a08ad,True,0.39144744260470155
S1,689,L21,17164311450077041943,e45cc8594d7f7ab54898dfd60774bbba9e712235977aa4cabc194c4e1ab1989f,True,0.476588549480571
S1,689,L13,9704604377005620326,42b893054befd5b80563de933da852d3abcd85925e0da7938ebefe0391cd559b,True,0.4102249672956225
S1,689,L31,5987038819821562509,9841a92ce71d460312777064b7b1b97cbd58be93df860663f958f800bf71d982,True,0.4451252507472859
S1,689,L23,3752223359536304857,6429243523ba59c1eae4904fb679eb93116a1577367269bb3df5d7c417d87a1c,True,0.47483113983497993
S1,689,L32,3325623488530067182,71c4a97b9c7336625d5b6855fec0ee64da77c4d713bd21a3fa54838e9b5514bf,True,0.42148161349538327
S1,690,L12,7724814380610397945,af14efeb4b5cba4e7f360f954f89564917f9ea33e9eec91bb21f7f4f30fe5856,True,0.3938001991595298
S1,690,L21,1298279779511255495,1dd0aef0e3220be50119e33ed4562cd95a86258838f1e2e0e0c07ba55672c8e6,True,0.4734046330463726
S1,690,L13,18115066181928188793,c5dff19440baec9befe3e341de4ef57cc6d1030098eadada40ad94811ba876c4,True,0.40217840177524655
S1,690,L31,9971152975452606360,e042689685f0f8d89d3d0551b771d5b9be4b8d79b3e83a3c4ec79ee14fa38779,True,0.438434059401702
S1,690,L23,9953390076792014407,a50c9216242321f95b00bd9ecc6a2205d3d3d1df8ae5a394c18327b0f4c46a77,True,0.4765750500486508
S1,690,L32,461843110362659319,28ea0b917703518282f337cc3bb1c10997f1be88b14b42b022c583bf1b9d2654,True,0.4252212235249841
S1,691,L12,410681355931393953,0589875264a84581763af271e074fa834a08fa830ae9673d7b8a3a4cdb09f037,True,0.3921309398276128
S1,691,L21,10033704752813803631,7f20a4e298e349e952ebba1b80ee0cfefa7b452c540c302d9793a05c9b0d1d69,True,0.47217623835383493
S1,691,L13,9081428468790100459,f77b4518e7cff8391c442ab4c73b8e198b7d38eb0749f5a22502d5d470d3f427,True,0.4155009141988951
S1,691,L31,8050480972163959207,bd86969749880fb1973a8e40133ade5f5b44a08c69da0cc4de85950ce26e4eeb,True,0.4445707947584706
S1,691,L23,2675071865621604235,742efa89a8ac6fae1358f3cceb97985c363870258c549bc1c70bf3afd7437d59,True,0.4747711821451808
S1,691,L32,636815343490369302,725a4bfc8167c700315d672fb992c0b538c57335b77eb7f8260f0fcf636c84fb,True,0.42234284540728356
S1,692,L12,5639771073040503725,29c01c3605a52a891759051eacfee619ab7e63b3b77064b8822e0741447ad50f,True,0.3932961590101981
S1,692,L21,8847465138084678766,15d029796f0321e1a0a37c6e08db7231bb84a8b15f8a26b46ef4e246a1f95fbb,True,0.4771604961385384
S1,692,L13,18079729339349114150,a27f8db5286b9c6fdddc44a7549cb0fe8a48d34a8cf33b29c20ccd1e9191d7c7,True,0.4097739354539359
S1,692,L31,17919926476265279865,0d9e1038aeb3b4b2791759cfa0322590830d3b68b02d20048754b32030eae278,True,0.4346728722063984
S1,692,L23,17544079210376618000,e83a8efba99d34e49511025cd31a1541c0cba609eb5b231321baedae0cec45f6,True,0.4806745964440913
S1,692,L32,16646164891063058300,0d5745423885005a98b6ec7f168a90cc13196c4474bab7b02af16c8f7890750f,True,0.42232339020235915
S1,693,L12,10955437391115806357,a6073fb028619005566d8cc5266f1a91e6bdd0e155ecca8321e67a6e95d37612,True,0.3949516045733294
S1,693,L21,15970234231171034035,6cc75eea0320eb62d4484bd9ef02be3971d743f20a15931c01cd35219cee9ed4,True,0.4706136030646676
S1,693,L13,7998812530482352280,495d9e5d2a5ad42045ed07962fe6a226c6a9aa2177e82388869815a92f2bf7bc,True,0.4092480450355379
S1,693,L31,2728088220894436676,4054e41639c7a9b0da63a18eef7398732c366b92b8313be5196160139fc049f5,True,0.44279947495130284
S1,693,L23,17281342799892903919,3236ade00ea8f41f7fc969b2b917a83c21fc45ca0dc3dbea96e2d33545b72459,True,0.47279748022596935
S1,693,L32,10974737295123330754,9b23f6f617efe8b9fce00b5437169f0af0f6c22d6a38917cf35eb372f3b23167,True,0.4236815845677124
S1,694,L12,11250876228984715754,db46914de91d23b2a424f68e966e2d402a9fa44d653ee4941488d3442daf448b,True,0.39103497378832675
S1,694,L21,9699192838160788790,030ffc5b2696bb2dc17d41668dfc0bb60ad17df30a64d4c55c6c5dd34026ffa5,True,0.4692838618893832
S1,694,L13,6344132657510761775,b4aeb15628fcc4838f0039db118b1023c8199b5b1b9ab5af777567c44f1f342c,True,0.4073028773546527
S1,694,L31,9512944520501457770,d817452ae3e7e68d67f49f72be342ba86c22df0906874509bbda0535e43e0f6e,True,0.4425770075948322
S1,694,L23,11242514602042031729,7c6abc4fe8d1d6a2fba91597c49de8358739ea445690cc30be2b2fcce031497f,True,0.4774845621388506
S1,694,L32,6924049559960826525,76641dafa6178696837b0cd0131785c9d5ed44c69d953471688437a8ae0bc867,True,0.4261454751179634
S1,695,L12,11980146781424676197,c3bec548e2dc1faccccf2f293f4a5033e79099b03f491e0de2c9d95b3bd25261,True,0.392332669229437
S1,695,L21,12704613325480010547,a192c744b5c4259ed6d84470eb3a90ce698b168f5981228e65944d98ebf9ab0d,True,0.46910558393842705
S1,695,L13,11216384170511592755,62dc223884a50471f8fed5e8419a93cec4a26df28f81c0f89902f43e718ca12b,True,0.40218107714154294
S1,695,L31,5723238647574790964,616f865d4ba7ab54dbd666fcdf905148de7dfec54feb7b5cb3cd23391b637179,True,0.4515672755753375
S1,695,L23,15033183287954136282,bccc5091b8064b4e777e846c0c82aadf21415f130b33dd886658ed45ea937707,True,0.47430342821852395
S1,695,L32,12637840367671534618,e0dec8f35a21265c62aca6ed84e7fc1194150199b91f2f4a207fbb0057eddf8d,True,0.4220755955789468
S1,696,L12,1925290481888386794,4ebad0fcc5afaa2e5ce9637fcafe47c39014b0b1570d8ea04d36deac247b2c67,True,0.3930253330252793
S1,696,L21,2299971971290898575,5deb7d7e7b39d1aa311950ecd88aebd771a42174267a806dc7342b218ef1a88f,True,0.4742771172859743
S1,696,L13,1743942962882088300,c4bf1544dac6a0d5d2faddc0db975f7404343b33c92892667c5b02f0032566be,True,0.410775597272203
S1,696,L31,6145124317678115490,49fc73a4027ffb1e30e3b843f1de42daac4018570b429c27f6b58da3950390f8,True,0.4471969843440147
S1,696,L23,14150107537271597736,9ea05b32301c395139d80495cd1a9e9ec59a63d637a2b7b702b91b1ee2beb4de,True,0.4756820015723977
S1,696,L32,13465497088414671361,230e97dcfd6494ccb80a105561f91ba244768a7478204486420fc80c28972c11,True,0.42038556664797716
S1,697,L12,2546552745230580412,a015a60bd8b751386efe59deb6376411f2da185c8c1942d8e7c265980316ec8f,True,0.3958633795627485
S1,697,L21,14533104696886163856,e3a94e857cf5ffed965320cc97d8c37be11c53c3976d993e9908c3b63c1e8536,True,0.4706488334086123
S1,697,L13,8207035935942397068,242eef4bdf514e3030dfa6da07f399f3f28bc4cf332631ceb4c6015a8f0114f8,True,0.40741275599050214
S1,697,L31,15132712208053824597,296c5049666b9e386c7e1b6d2c2aaf85d2002322aaa13b096b2513e92a0fc86c,True,0.43742214638054855
S1,697,L23,8237917693672648836,be6fedeabb6b345c1ce128d61b2f5389717d5148d8d2ca3c9b07ee79e1920653,True,0.47302117643553987
S1,697,L32,4271756817444182932,d6bac20072de03dd31670b76ba5131d7a45def958fbff1e98d2231ebc0a874f5,True,0.4232085160976668
S1,698,L12,1118270450812728740,12e6dd52ac119c77e55cac29fa6139994256d25992559c1756cd938558dbbfb5,True,0.3902059952414426
S1,698,L21,4956717045834304884,1861d74e3d60f7533f0a731a1f1ec9c3d414a74ca0ce9752289bc105fee568d8,True,0.46943981662776635
S1,698,L13,9305281571775076828,5fd76ab05c3f2bcb9b529cbf3e668f755d312a734b57c9ae0d30f384c3ba0980,True,0.41130892060095225
S1,698,L31,5681239086606334817,3515e8a3b738654064ef896d630503bc74f0ad65c71a875aca51d953231e73d6,True,0.4376963596001708
S1,698,L23,988970452243310279,d558bcbf9d9c6f8fd02457617dd378b8d5a4bed8a645a87cd1c9f0f7f7222950,True,0.4766105243743174
S1,698,L32,9089362578126105079,75a7aa59c77c109a236844a34c4eea938689ca7a02c9321b5dbd5e99d5c4e4cb,True,0.4237638369072957
S1,699,L12,14002069182080534532,12e07c7f71345c37ef8ff9c282d2e466e648de3683df291e9c1735a941360c63,True,0.3922660490093389
S1,699,L21,1265746924316960213,272f68ec7425cf04c6651e820e5c864262ddf562a4b9b007c976c5b00fbb1f8c,True,0.4719584029994461
S1,699,L13,8397105670356588105,84dac17d1d058b42eb939ec0ba78ecae3e3a6f7de4b4282276b8b2f9d0053821,True,0.4114493267785173
S1,699,L31,6534339616282091432,520590d6a915eda9f9cb2791df982c12aedbac0fe772fed68645d28759bba9da,True,0.43719777548376737
S1,699,L23,9822813961137387987,95dd0124e42e44e85c1e961306a674c52694ff0b481be0eee20388f1c27cb684,True,0.47434620480242795
S1,699,L32,14596227754226434177,6b1493c51b6716d9691c80da125421927304be7f5f2df60a60765d7e92ca528e,True,0.42032854020549515
S1,700,L12,1239546274982864775,046b140ec9dc5f698ea40a03d0e92d3d09ae72c58fe92757fd7082c7a7a68542,True,0.3907468654252998
S1,700,L21,3099539437211303446,b96198aacf0ca201f4c96c56c16f91e914031bda316cc87daebeb80d512ac10d,True,0.47479448984029643
S1,700,L13,1461748800593837302,d3e1c34cce656ef8fa3999a291617dbc9d6f7ea8343a129e6440164aeda1d373,True,0.4085173988547053
S1,700,L31,14100339593054522315,1b7a27886dc3bf7a18fa5be9aa80a29d1576d33fadba93d442bcc48bccc95640,True,0.442638453345243
S1,700,L23,14881061443312720023,3e8f7c2732d7deb4c9d4aa26badbb7b2400c357649373bb41853ee2d022dc0ac,True,0.4822422390516369
S1,700,L32,15310888990939026189,60576bbd9b96b86e4fcbcb35f75a1efafbbd6490a731979cf33e04c44e787c9a,True,0.4248996988245636
S1,701,L12,7882065503329506561,7b45a65c7c6e7d18076de7499c4cbd093a0186849095fe942b5ba17e3b6be10d,True,0.3905445381160886
S1,701,L21,9348151818148982790,cc3b3bc6dd48d08260a3580498766b42686a2a3fe1395027ae3eb4ee8913f763,True,0.4705608505251446
S1,701,L13,4421700592039065210,55c2fd5c2c5674d790b2685dcff402e30ab064094e590f18bcd0cd969c0bd37b,True,0.41318793454129443
S1,701,L31,14134513781380842543,49cecbb7567725521b70441bca287c5444ae63d15c59c64d77ccf6e3ad23698b,True,0.4391997279788099
S1,701,L23,17858848298421716881,8ed63c4d691f884433b094f614d6c9030722c0f45fa51ae59a711dd8fefa292e,True,0.4808552888247137
S1,701,L32,8305987834590769626,697598e37371920121c82da7e5e4fe4c4e164e8b538493762918605b73fa5471,True,0.4225210160031113
S1,702,L12,7165700386815376809,4b65b25970478f8352e77c86353b73712311a9fdae10baff3bbca9cb44dbf626,True,0.3921300940072405
S1,702,L21,2147404045907068369,2fac03b5fa96bbcee77274255e904f80d332bbfd8e71735ec230e54b09d597b8,True,0.47043512409490906
S1,702,L13,9108158116264667849,fd8469fb43d274031e92cb150589606167cc5d0b35c49e0471a78fb375ad71b5,True,0.4085591850810429
S1,702,L31,16461033028048059754,d2aca597b25e604f7ad424e9886886816fd9d4f25776c5a7eb0aa8dea4063886,True,0.44602455786733897
S1,702,L23,4124221520177490401,f28aadca12083ed638674de009e97b312c90360570b26fd3c01277355932d023,True,0.4744111657962981
S1,702,L32,12011616512736054282,a46316fad516d522a40982efcbdd77da1856ac572204dde5bf86bc44f978ca67,True,0.4248484615451194
S1,703,L12,15072041471930782034,d5b99d3e7f48ba2273d1103c84d8de636f25e57063713ea8ac9e07eb7021ecfb,True,0.393281158102184
S1,703,L21,9489051209217050471,bfdd8b413b546b969f7f2fc9ba52c75508dc9ae1fd5fedfd2b7f1406023c7bdd,True,0.4670143336428553
S1,703,L13,15608056016754518982,12c5e79e2230d1adb695069f50ab03d5c3b72c9285808c2fe07c4cc6ef014d27,True,0.40850379096998357
S1,703,L31,11674223858138679111,7e328e00f5810beae98f689f3f1a0a7243779b5086cad80d45e4c66268925424,True,0.43838009716101534
S1,703,L23,2323776483555528461,87b1f7e76367c53bbbd01bb70e270cba96f2f491564310fc8433a4bff9402fe8,True,0.4786378264754323
S1,703,L32,17062078603028219070,2f93fe4905281f1400ecc73e5a7b03b84183d2bf13c7e9eb71b27b53df8dbadf,True,0.42421167509616975
S1,704,L12,13514175412113065742,5ffa6ce1999de2d20a4354bb607b673c575f71c91602a527846772d1a4896776,True,0.3942526486964813
S1,704,L21,14729351856722280242,1d5dae635ed5b94b428f00246b1c5118ba799f678778e13af9e1043bf3514fdb,True,0.47243032248867073
S1,704,L13,14540488184310776298,d8e491dedb7f9b35794b7bfbe3dd709b9b791f5d4473b1a09b7f5bb82433c565,True,0.4097766508735271
S1,704,L31,17113266852023946075,1e253317f86f5b100887baa018ee178eee7f5429ad728c84b2c0e0d330e2ba41,True,0.437559129932388
S1,704,L23,12352279731301242937,d2d1937a8b753f3b04d3267f3355ddcb7e7fbf267e8e8dfbedf0d8ea914fced4,True,0.481864860114532
S1,704,L32,15734579051699547730,320dbd99aa690f43f8944c65d7848f30e4123aa12f1b43f0eca2df93cde66bf3,True,0.4263021739608992
S1,705,L12,3950846438943010569,c3bfba5cedd499c7cacb5dcb26842df6a05e175d29c834c2804a0e167086618e,True,0.3954014229909595
S1,705,L21,4479426819271185309,bae232898ec947876e6e4b48aa10eea889405ab35eb0ef7c99bad6edeb5b9cff,True,0.4713305588763902
S1,705,L13,12226483493166022491,0e5d88d07058218f26109a00bb3fe8d68d1f7071ae5ec8753b3abda885f3cd80,True,0.4072840300683043
S1,705,L31,12499203744662851864,2f421fa80217295710d5809ce0a34d988cf3089c6ecbff982c33fb8ff94a93e0,True,0.4431153841966505
S1,705,L23,17145984286774901096,9c8fc1f7c9bec6934ccb439a0ff784231433f8b412e2ce5f56673ee3ae74e321,True,0.47549209488786487
S1,705,L32,4831964345758376638,339f796939a1d9d6d9c448299719635ddd87037e6658d6026c8507e674693e93,True,0.4241398987536057
S1,706,L12,6186747526647730847,fe0e995db6c943bb18fe689897107db3548681a242e43a82dc541a841396c893,True,0.3910852686660639
S1,706,L21,6840538922969011336,e4e3e46914605bfa79fb10428552de4056ea957a57671ca4830b022f957d0e1e,True,0.47707758943362977
S1,706,L13,5723729992421838769,cae729bc5b01c39a15071eca22a5396dd816f912df2f39e81a116a146e01ec46,True,0.41149411136533953
S1,706,L31,13193688765780287807,3c9e7a85c32c12222e9f45ccdbeee906af4bf87d6856c57475139bb07366212e,True,0.43294563666849284
S1,706,L23,17929997082088873908,87c674e0097696b35ee0609f40f2b95f9b63173349bf319047e282b71034acbd,True,0.4828971397177951
S1,706,L32,9607568638763256851,09820034f53840442f06658319ae465531bdae8da2fb7043da33025563ad26d0,True,0.43062124483672937
S1,707,L12,14001240896080675915,b7c632e5dc92925f9044a4a79b1220a57e090201c0ccbe1a27e6831b8eae9175,True,0.39399729590436766
S1,707,L21,13123284440276505036,8a7bf90d2ca6e716fc3197db4d97f44b0f6d5324815763431559d29854f99d1f,True,0.47216329715199495
S1,707,L13,16946511971092146397,6b8b912198d0324fba52b23752efe26c63ad2ca9bbd44b2ccd452201e90975ad,True,0.40420842015165426
S1,707,L31,10217464838091112997,c731e3e62aa290ac54ddfea730cd8a3e0fa2b9ec2f2451d51def5945afb65e30,True,0.43553189946296444
S1,707,L23,5051869831639510205,385ce69c1e294d210d35a232fac8fd32509d8dd23e81cc5fb798dfe3fe028f3c,True,0.469135433386364
S1,707,L32,7449452492370562054,fff5825d8045eed0c30ab95a1fcc931ce02afaa60974f89e527cf7e89be2ab6c,True,0.42456702474628566
S1,708,L12,17200761548982180468,657008e5a775ce6eb961989e577a869b534e3706188ff324120ade34e10a7830,True,0.3905957306143285
S1,708,L21,10897936389826554575,3981e14011568f456f755c8f0de88629d82e96d152c124b387179c67f74fb350,True,0.4722359974621093
S1,708,L13,16260407585375533729,511939a24348c0dcadf0b5aedfa8ff13599562439f4b3877c2f6f35fdb3286e8,True,0.4085782393607802
S1,708,L31,4379152378150660155,4bf5645a0580c7ed1fc6dceef07d303abff9589f5c60872cde26aa063adbd19f,True,0.43935202169923554
S1,708,L23,5306550920412021695,24c38418de14643a7d63617ad67f3869dd8f94dbe0e78458a71ae730918e936a,True,0.47068474354844236
S1,708,L32,18163909806721950578,38932a01711d52d384677ac2e0ff95cc6b821aa122410300b53b3dda97e6e368,True,0.4248127328244011
S1,709,L12,16203779702592386881,ae8dd8514c85817502f266cbd23f38ebdf8816ffeaa3f3992a769017fe157454,True,0.39453985699233607
S1,709,L21,105294557561085398,3b951f1fa1a0507aa504dd30487685dff65c839b6b9ae85d3a658951b50aca3d,True,0.4665409595903106
S1,709,L13,2254222692193049600,f1b8bd77199064e1391785f19890729f1e067e0321448f4ba7cd71734ff04574,True,0.4120454377640227
S1,709,L31,9566393095099083440,3152a3a67adf24ecfb4e33739ba893e690d6930ccab3034ca0df0dfdd999ffd7,True,0.44969174188692407
S1,709,L23,10089099159131721576,cd65632d05d2f08315be0e550e2eea2862f565b8097f6f01bde63470be1cd51e,True,0.4729292052089305
S1,709,L32,11909632357752475407,8d0614df6706859dfbf003695731a79a52853d47102aa91a44a68fc93336fdc6,True,0.4250590603843989
S1,710,L12,1934515003719296960,05355ff5cdf1ec9ea1a8998ca0fc6ce689f9f8d1da32d69b5f4ed78259d10f93,True,0.38980297891316634
S1,710,L21,3277019074650477887,d9be3aa162f2cac755b7e05be499976a0c931cf08f307591cc3aad6d688d16a6,True,0.47128461879639943
S1,710,L13,1686080914843250623,a8cdc4a287255e3f944007e62f53075e8aca34442ca8057cdc6e1918963c8c17,True,0.406765118314285
S1,710,L31,8167301929905438734,76e62db72ae9d4733868a4997f1b35311eb62ff0e0237dd80d3c76605eb56dad,True,0.44169640543853167
S1,710,L23,18207142039255061680,a83f21872d4e151f273e536e74cfaee0caadb439eb4d914f30effc3871bfd2b3,True,0.47858384479245797
S1,710,L32,192810944607756019,258078dc4032aacadfd5f9d91baf4d95de29555de0476b8909f7511e2b51c189,True,0.42346305636789455
S1,711,L12,14695694351414640281,51aeb99c99ef7a30d966f228dd0307a9232f0e2eef040f7c28078560f40916d0,True,0.3923818610150244
S1,711,L21,6247269854719667590,84bc45d035a0037fe34b2a7fdffeff22c95cc309f5ebf11bedca1acbab8ed5bd,True,0.46673478593985956
S1,711,L13,797558121021119056,fb12f89cc7f1f8c75d792c82a2e27f50c651d5830adc2655bf28862ba195d8ef,True,0.4110465457401684
S1,711,L31,10392297430417255231,cddd647ce80a7493479b098afaf8a77d19b46dc46d6b296ea55f4c9d784773e1,True,0.4456021155695012
S1,711,L23,11319579750938307719,bc58b35294410e43187580b3b6a1e2e8e5ed2b6629c891871e5ce71e40959d20,True,0.4735244006527087
S1,711,L32,18001788809335318508,49783ea118fb41adb85e576a698a0ca9e5ec83a7e2b3ed17bb9fde8e53390de4,True,0.4251481453887763
S1,712,L12,7595581353565330151,ffb2dd2ea4c3bab82e82f998c35fcdc0ec926a3f8d5469bdf119b588982cd1bf,True,0.39323832429088423
S1,712,L21,8919785555068416497,ca3a0a0cedcafac83a6d41d2d1d7af14066d8e75e90eddf274be456a1fb61970,True,0.46936017917918876
S1,712,L13,4424393806877947196,616c6ce7f41347919b023308758e0b7a2d2f8c46bd8e8e0fd7585314a2dfb7ee,True,0.4096386789640962
S1,712,L31,12906926207336089955,db87b18597fdee8187db522cd2a8956d0d9593667caef97d4dbd0c1abd6f69dc,True,0.44521065636162893
S1,712,L23,6789251833841736126,91143e133306c1c89800348938fa9a451690e7effb0f5f40a39011b7d357e226,True,0.47516339128498564
S1,712,L32,880028648730666979,d66e4059ecc33f87ac434b02fd685d831c8b50df2e5f8179591a6e81d0f94d68,True,0.4244130425244471
S1,713,L12,773149084445645909,cc03c80f30c24a7cbe6ec82664e11ea27999eeb90fe1c6df8067ab9a3009be27,True,0.39334193710370224
S1,713,L21,7892749674691560727,94f4c44171a82a3d30953057d339a1cef6aa4e12005f22a827e350e0d940df28,True,0.4652836178589705
S1,713,L13,8551594825942345195,141d7dcca565d654e0421af27f4fc06a559f62ac49084fde0fde172699c5e458,True,0.40971367427981864
S1,713,L31,18176149812137464176,a01c558e80f380781baa418d383d0f71c82e976b19d3d8d9ef44d0de0318b991,True,0.4405545862159766
S1,713,L23,4276491477897516331,ec9a8d8a9f3197895cc422ab1e7c06c945545290568f4a271c820683abd1216c,True,0.4808359291245557
S1,713,L32,9034664683546044266,57fbbee0e90ab1ca5c128d84614f1b709c98532c1235ad7cf812f5407d1b54c5,True,0.4242775723686013
S1,714,L12,12337466232583268228,70d3d04e72cf6cfcb37ff02d36d3fffac41ba2cf82ee70ca713ac8f2953300f7,True,0.39266843390814793
S1,714,L21,11466975125161165519,f3a1cab7ce0397e4ea4f5b94a687ac5e4b4b29384b1e59e8e6c57a80ee5fe9f7,True,0.4693588607323833
S1,714,L13,1590952894591610400,cde806dd7918c7f3f26e4a0c130dc4bf41605a8d7409ff74cfc53547898431ce,True,0.4067290172620923
S1,714,L31,12901919770471690240,b23c621c05c5c56b9e585d313f62e73c6d4de25198e7722354cd62aa6215a2e7,True,0.44046901338523353
S1,714,L23,17736560456200054823,39081b30cb28a82dae05af01d181ba6c8beeb85264cef38f660c9f3abd508405,True,0.4702136137099714
S1,714,L32,2065762895451737015,f1c75773bdc41ee6be0271e3acd80d42a12c48d26b94d743cbe8fd9785bb3d39,True,0.4214399804385306
S1,715,L12,5026648594330403259,c1f21466316195a08d667dc67f6cd5180481e261a6afc31ce814834ed3e82076,True,0.39155535104538985
S1,715,L21,11587718584124834954,fe0b6bcc0cb8a9d0742ca32d069f54ed2f51946fa59d438249f9373538a068c5,True,0.47094013691174386
S1,715,L13,464656515754783700,50e7bec242059c48a8a051bf21d3a30885b2696cbef549d30d2291085dd9bcfd,True,0.4048782476331873
S1,715,L31,10526545610817827519,9fa9bfe7c6d84e4086f60cdbaf59223fa591089beec58de6512e010840c447d0,True,0.43916373957617655
S1,715,L23,6663342766819938497,28763f1f37340ef69044a4d49042b2dd29a1b9fa5ff7a5ceede63a340b7b879a,True,0.4737382315436145
S1,715,L32,10015086554067115452,26a8153ea89ccdfb81e40c5429737ef3a9d58f6be6be8141dcead50bc8f9d869,True,0.42465533456372984
S1,716,L12,1695450719331984600,978a76804e3b10a2542ced965c4bb1f671164e120fe0f343da44a7ef08ac16c5,True,0.3897085351845379
S1,716,L21,992089881471320365,c8514d53471abb5e02839e6e61a2fc5b990c59677a771524a6fe581d76e4833a,True,0.4651864447506354
S1,716,L13,17080222591299194121,b9a3e07fd537c916b4dc935a96f9fe1a67b36fe233fd9a043728e57aecda0316,True,0.4089286345434188
S1,716,L31,7327469168341366789,6e603dd4f5ad872bfa283432b8f044433ca44dd547c40b16291e4f82f7ce0a10,True,0.4433570296382416
S1,716,L23,11100690657690135476,bfa7aea90642ad590f1cbaeeffae49f638ac3c9809d7c461d54a440125c5fa4c,True,0.4795565918499225
S1,716,L32,12367019072165636685,8e2af43b91b3c8b24228cfa7b1eee28dd41acc7ef5dd6a0b13080852a61efdea,True,0.4252446971642937
S1,717,L12,7535041096323612187,ae553f50382a5008b999c00607276726da17473efbc5404c610829aab8058733,True,0.3903637298540442
S1,717,L21,587739972982471499,d26992497e4c9fd9361987d1b2749a6a456f090ca15f256dc78d4a6484e5ee79,True,0.46921620367588757
S1,717,L13,17840422437329768385,1ddea5fae05802e9841d394f81873595bd15a8e859cfbb6fc0791a963febc1e0,True,0.40491311438101474
S1,717,L31,12953052751383483309,513c47379601a5b232426f04fcd1a08951fc86cddf554de53b309e2417b7afc9,True,0.444233334690962
S1,717,L23,11519458490663515481,99bee5a1a77e7ad754e45ffeeb88d436770c0120b6d4bd447fa25a74001f1b2c,True,0.4785228903958549
S1,717,L32,7632806997866545355,c74113739093d967eba089d09cd9e6690977619bea4117a96255282ac4fb1975,True,0.4249167337832105
S1,718,L12,8365650188908681080,efc770a0259027435224c9d019cfd77eea635b8a486cca836a6c90e3adee9d42,True,0.3923202592552802
S1,718,L21,4919991497866830372,8ee3fd503d587f2c71997474c36f9ff2443279cbb497ad3541fd47c1e1a218fb,True,0.4666455714311564
S1,718,L13,14262772467629475583,5c679c3217e89120108b6cdab95cc659917472ee7240f42ed382700461de5f34,True,0.41529042522338805
S1,718,L31,2994050486940458779,d90de0784749ecf40f79d758a3802157a42d9bb0e65b4b773420c84d482a7fb4,True,0.44850706996930184
S1,718,L23,3259179031630859709,afc81d82a72b4d4d2889e274afd4eb156182fc18f124e31475f09c4b8dba9643,True,0.4748388923289223
S1,718,L32,4335217384930579766,3f90c48b62c8b2764fc762826f8d3cc8f0249d467a71223cc826b802c03dc4d1,True,0.42227106306944584
S1,719,L12,6887191869359637625,3e288aa9cfb3d1d1b3be50445c999fc0b2e9ec13b6235f0c67f69de87fc64b06,True,0.3854756836693286
S1,719,L21,10848598354043982732,461a496460d843cc6f9b46b7234a3f533d8b2813dc3082b68e9afa8add134d2a,True,0.47242408104982614
S1,719,L13,18245099360604371166,140c750fca2d772fa8835fef20307a0fd400e4f1623bcd14d5ae02a02398f39f,True,0.41537223792475875
S1,719,L31,15638691677629117195,2dec492b341f3c148646e7c812ddb821973335c460bb6d3dfcb1c99261802afd,True,0.43507288218285983
S1,719,L23,9017507099587698566,8a10004fcd5fec04575602716f224b7160e8f6195e3f139bf402874558570b82,True,0.4735876299223334
S1,719,L32,18322648078934415127,e0133d81808c833c904050f842fb675b7c00dbd9d6b7df51ccea2a394b5df39e,True,0.42452925243219775
S1,720,L12,18052954617568590263,aa6a959a801c0e6e7989417a133b44e631432649c56ab1476f926e6d19420370,True,0.39423331166451947
S1,720,L21,8678892689199062536,903050203bb2ccc8dbfc91c3637e6ca97474af91f598dcf098fed58174325ed9,True,0.4682229963180445
S1,720,L13,4253942591379426928,96df521ccc6ffe541fce7bde39a62a2a892e8e47872d54c5b102a16acb13b8ab,True,0.40280959202672184
S1,720,L31,17277176693579036858,4e95cdd073f34d5a52e65ac738710de4b2855f29f6ac91d7fd8e59e0c7d261db,True,0.43328358685396573
S1,720,L23,951547425739072713,ac4f24aadd90185113acceafd4a8bc12e959c80eb447815d8598f6fdcc80d87a,True,0.48154356207284077
S1,720,L32,8561138657654858902,d05e39c761b8097b4e7b6768d5bc5d6348406f87c40a8a970c164a14f9ad6546,True,0.4234862258152887
S1,721,L12,8920550503742867116,c836abcb50f512cca84bf02443b95da0fade4d35720f916a71a9c2807fa7d86d,True,0.394314497306737
S1,721,L21,9689703970448301505,73f28510af15faf37cc7da57dd2c9e18375a5fa04477842398bd2e00e0d740e9,True,0.47303227797900393
S1,721,L13,15662579401298263595,8a9812bdbf68d50d5565109a1cb0091801ef59886f50035ea0a0240894136a7a,True,0.4152005661234738
S1,721,L31,8959243702123898460,0937ca60aed80abb9bbab00cada0fe466a1f87df31d079b740ff889a35be2bd1,True,0.4446749173982293
S1,721,L23,16342136283055037195,0a7081a837026f48893f48f8000dd554f60dd09101a4666145d071ce62370fa4,True,0.4749716884320079
S1,721,L32,9496440689207037267,b348c2f610a0b85036974c6c911fd7520f5553e636e9fd84a6ef30d6fda9f96a,True,0.42255610836438495
S1,722,L12,7023205010799540556,d78239a3f17902046acc53068cbbd7e8f3e45a6c84f59e6e533371312efdfe2f,True,0.3926980699489541
S1,722,L21,9480614577033270026,a448c097425bab327dbc4c6dff966a81a44a0cfc947fb945b9c83089f8fed394,True,0.4712830166898645
S1,722,L13,4859148790662202207,198ae6e77073579c5ef79e4bbe0a60e0610797fad2ff9df5afa62e838b725c71,True,0.40928206247586185
S1,722,L31,5245307005112129473,f7b9284d780e9045c52443b2e074e3ec26a4669c2c612fe38f39c56bfb054af2,True,0.44218878826626656
S1,722,L23,16148737334729953138,10a7eef48717f11d00737b4719078972a39d565fabaae57c1ad1c8b7ff35d6c1,True,0.4850376339716269
S1,722,L32,15117057319659185493,a085f6544bfc9a57cd09f3f142a00663d41dc2d7f254b6dc36379f57bb256474,True,0.4245557248621996
S1,723,L12,10686238297603825441,f175769e3644e1e1773f450c8b1ed901200a070390c8fba0b45c26cd1d0be5dc,True,0.3917501876073819
S1,723,L21,139498434186915298,20161a87ca9451bbac303f5a67aa103eb08954058546ced814addd1061c43969,True,0.47350225411960306
S1,723,L13,14900439706843835158,ab44320b014b253308ac39622a7e9e83267edd43e81b0474b78f19203fec301b,True,0.4147505089019989
S1,723,L31,5486648987257377079,ae344fbb09ac62dc7d2a4aa904e28bf36bc1ace9fa9a59747204094a8ebdbe49,True,0.44251413124139694
S1,723,L23,11454655195611851747,5724d68b3abcc2d3793d4bec19b98da2fa2ae8d93993d5e3e2ab11265ef5672e,True,0.47846524432512383
S1,723,L32,16248841643867646057,57a38cc2b8240d56198b5c5b5e62c7d08a569d07f8831aa1537f6c6639e64bdb,True,0.42668632210762597
S1,724,L12,13120277558743586531,cf3f5b2802c799f9798b08ea0e3bc7b2b4495810a97389c1aad3acdbbfe42f08,True,0.3914501865580853
S1,724,L21,14617629847306810744,904e919b8eb2af57a85adb7274f9642d72943bccee2d4e1ff20c8915cc96d360,True,0.4742203326969811
S1,724,L13,17605951992870611763,349ad986a53584d8c8deb76e74073f26e6861fcbfe6623a6bf54df309e41a778,True,0.4187304291442381
S1,724,L31,2005868558339152857,417fb80c14be4d5acf0072d1a1232a29478fe494f43f3fae72b70febfb3b1bb8,True,0.4413036196333499
S1,724,L23,12825262256215098565,31f28a3e1c1a44eb85f5eb3aa72ff2364f3b0792dc62318cc05938c4d099d63e,True,0.4737853869305758
S1,724,L32,5006375708985277891,ffd4f388395a3ad5237ca46929bd757a23dd9739a77394f6afcd36a1f236b05d,True,0.4237762768337796
S1,725,L12,13443967804289469881,bd435e462b3fd2a290a6fa0d05fb0a30b8fe3a1a94ab09535afc0a5b8eb75271,True,0.39403561941212895
S1,725,L21,5708046655055167223,8ce2ddb5166b0428b4f0c7b16ebaf855ba012099d3bdc5e795da00e0ac2d52e6,True,0.47328305041490437
S1,725,L13,3861774562056610722,91369c240c270c915d16d0d8712d65e4aa62218d218c377ad49dc009414a2088,True,0.405830508967826
S1,725,L31,16882141972273366304,e12f0a5eae75fd2c26156dca9291423cad4e5c844c5bff4ac4e7fb4f69582fb3,True,0.437466292800775
S1,725,L23,14794181061820534609,4d768db9a5bed3f67268da037476d2c72406744811cea2ad5e1505a09e19a6a5,True,0.48146649245891776
S1,725,L32,11139327450510304774,96233d6f8df235cbade32a07b36f5924d457863688016d1c208a897124853cfb,True,0.42170186500150264
S1,726,L12,8581646405270321618,45cb5e1a5bcdadb7d8e125c1d20cca61d249547b7359c3c9a5e220426ea96e7f,True,0.39171600859053324
S1,726,L21,2049760491128628707,fd10d2dcc17438662f2da242d85a9389d1e0b897f0352e415fc7a8bcec3b75b5,True,0.4690603605291859
S1,726,L13,8230140183592604069,2aab6bd6a480e38bcac2799be4610910019e7c940e94ccc56cd621187866e4f8,True,0.4054341221538338
S1,726,L31,5811624236192822518,703e9eef58867404ea787876c0d50c92800491ae7db97d14bfb7a6632350c32b,True,0.434773959858247
S1,726,L23,16378894163668754124,e3e96be14428b4eb7c04e45c4cb90bca6de5bc00fa15ad5011eb8db3a9ae3b70,True,0.48005595986752786
S1,726,L32,4640497817341657842,a7a4eed688e1ce7715035dcf617b98794711e434674813d2a08193c95881c90d,True,0.42749235601168495
S1,727,L12,2386703509522102012,315bd542ba5854892bd3e19dd73393f98200c1971ae4b110e9eb80596cc358e8,True,0.39191922485169395
S1,727,L21,7592224675065534168,a5a792db74bf4a77e20400ff4c224bbe66ac96db54aa3030943d3c3a4bd41d21,True,0.47299907240855554
S1,727,L13,16881701447135678704,4b91c9349a65f53e90aa56abbc850daab1c69c97fe2d4385d809f69c3efc6bfa,True,0.40198196826443
S1,727,L31,12072654920231647369,d197778f00a6f934b729082295fb34af8f1d2e7fea256bef99664910018c2548,True,0.43893734936571366
S1,727,L23,4851842137288336015,4634b257abc618f746b7f406305ac9059f8250d14f9b3e12ce43849d2f8f9e15,True,0.48251795086021676
S1,727,L32,15099213477403514648,7224876377ea6cb90ad700259834575511fdef3c8f8f93cfd2d0070f369972b9,True,0.4239478962938454
S1,728,L12,4752264105608547365,e9f0a30c3861a2a085bc5ab06ec9c3cf7b5822cc5044636e964f8961028f0d1c,True,0.38814142084381587
S1,728,L21,6314838356165911052,9ab1616fdfcf387ca609031ab69c9a43f58531edf0a8b95145ccf1b4052a965f,True,0.47609728046666816
S1,728,L13,6905907478953732806,f0300fb3f4e672fe76d1b9ca0166de68e78011eca10554f87f2510ef9dfbe1e2,True,0.40875793146902883
S1,728,L31,13008305841299655744,2385d6af48a0c15e0becb37aca44856ddfafd57e4cfa0b2df46db7687ad279f1,True,0.44201119458850685
S1,728,L23,9186201012221957580,afbe14ef08c2ab4741ac4e93c17b377e273fb3f4efa17485ca0f3d9795adc1c8,True,0.47616325839054735
S1,728,L32,14354011301812378258,5cbd80d53708f0336e3bbdacc75510e8a64763dbee2f5131126596c8c4eaddff,True,0.4263145103292875
S1,729,L12,10852775710632161685,51d32149a80354dd6039dc2d4c710ae907e477df0347854b7eb2f6700446ac42,True,0.3916167141626886
S1,729,L21,14722097539019955086,c9e8b91c02979c398fdf4c288e1ad87be6c8b31eb995fa33e2ab926a9a1ccfa2,True,0.47307910457143043
S1,729,L13,10076226308965320283,3f63413303fd095e9fad9e184144cf74c986a98dcad8ada67acbf36b30cf27b2,True,0.41423413363728795
S1,729,L31,12344883752514640232,20a1ad8f0b530076277d4f232ef86c49747f882b24c3cd51683da677480dd7e6,True,0.43900019431812076
S1,729,L23,17334175551428389752,6100166d9039de5a1b3a35dec7fdf93d1bdbd3bd33a954fecb90360f38b9fcb8,True,0.4762753883449942
S1,729,L32,4634888004266167363,4720a37a9e8c1b60794b693a48c40681329e047df238f079b45361691484f823,True,0.42439719433528955
S1,730,L12,15339759770013197371,04a9bc24b5e81bad198603fedaac23e738104f186b87645e0c0b64fb1f4d7339,True,0.39346103116582254
S1,730,L21,13094965290307815109,bd59926a71e2e99041db495fb7cc32b8cfbc353e3e929b4fdabc25baa119082d,True,0.47341147746145595
S1,730,L13,17549966310598646057,dfe38794b596705a243037e9624e07fea484eca0b66edb1ebce09b2091902694,True,0.40771943278902273
S1,730,L31,11908179418985411965,b49e26166fe30d43034d9232b203ad19c2cf76a679d090d235712a00e3c5f276,True,0.44040498885311075
S1,730,L23,15938536917265956331,c5bb88bc8f55fa5d490298fb86ec62eded6e00bb061cc44b0c672da238c56e74,True,0.47297055140976474
S1,730,L32,15238158677353680360,9fe913260edf02cbb95e101789d23f79657d19d423598de1cd17fc6d0b134679,True,0.424664776774753
S1,731,L12,8278345210907521316,9226c61633b5c5b5e5452689d6ffe77e7f30e3d7f42ed259854182c39a0662b1,True,0.3902674681483019
S1,731,L21,5325074568258413628,1e80296c0374e2ac29beae8b8c1017d431b61f979aa790873e5c4af792ab1b98,True,0.4729416088225944
S1,731,L13,11949541005921163191,56a114b0d03fcedf57fa1ce7f524385fd2090126e3b5d8645db654df6f08010c,True,0.40677448797041194
S1,731,L31,11872009868203538086,d09b4ea09113b1e011e4ca479694e574c7d68fc9a482129c645e0ab3bbf08c7e,True,0.443831995138966
S1,731,L23,7046646083284986075,bad7071ae9ac4f05c2c9e17e5894c11bfe174d6a2246f26ae833765cab661f76,True,0.48091577226510357
S1,731,L32,7442621166055932234,3ffb80be97307a434bbb3db94ec17ac623d987e8d01d6e11ee62ef3c73e49320,True,0.4255595872616517
S1,732,L12,15280340597072553229,2188f0e85228966089cc0ff205bade1358d259fc792ce47cc5de5bb68440883f,True,0.39099577873337854
S1,732,L21,1571373401397735968,4dcb7002cd24133b02cb7b6adf3b7b4e9f2b67db8b88698317dee4c981e2fd04,True,0.4716168881710704
S1,732,L13,7812915844374524755,97799798742374ed5d414ce23fdafb27970307c12eeb5853bf9bea9ba07c0885,True,0.4046473871150437
S1,732,L31,1577112676816561920,a0cde4341d152f83cff87d59111645ae8ab37b25f07d6730d7349e230e8eb7c6,True,0.4402693636291951
S1,732,L23,14693662553981348629,498d790a3a72a03da843c4ae7bfb151e971d733d26930b9851871999cfa3d82d,True,0.4782198279353592
S1,732,L32,16906960028733262359,8c5d9e2673ec316218804ca12712301884895b8f34c6dc6ee6b5e6cba69e623a,True,0.4232306305790142
S1,733,L12,9862687433214025677,39a7977c470678f4a4d24ba1fb8f3a6e2d78941dc4c5cc8793625c0ccfafa9d7,True,0.3945303947182136
S1,733,L21,9975039086838134057,520d32de9c272e38399f066bc7271749797710e86056e03fe3a6ee9046f36313,True,0.47299516778890993
S1,733,L13,11552905626301901441,d3692c23a536833013b346b36bf71a1c142832c938a1a8b20322eb45e45c7e0a,True,0.4122283905810972
S1,733,L31,17504436597560352273,824142fb7670941b444d15ab27921605063692723b759cf3b982a19ba27f3517,True,0.44226705078537165
S1,733,L23,5975088529032105087,f865835752b171e7ba3dd8a20e2d71c7d3ff13f3cffb605ddf4c34e583e063bd,True,0.48201000236803304
S1,733,L32,15410920139962509848,3c0575108bf9d562bddf7c9654a71ac7dc239dd7b6388d13cb15c4d8e244f302,True,0.420244805197483
S1,734,L12,2816497312934117306,b54018aa0d6bc44947b286e1439c7d62100ed2aa5b69cd5c19126f197ba5f77d,True,0.3924131301224002
S1,734,L21,17080854461747971033,95c82968a25bd982a620d62b536c0d7dff8e37727ec4620517fa018c477874a7,True,0.47351307887870553
S1,734,L13,9966597646944673265,286a0d4b58fdc06216710100ae27b96baf9d85d58cd45c7b09e0986d1cabde45,True,0.41202988371623006
S1,734,L31,9998610601649309518,a55381f0835967c526029d1af85ed89fd27668de456b2da8ef84dcc184b6ddf6,True,0.4431438864349527
S1,734,L23,14484425145413869863,69ce63763d13429dd9331499a3ac07feace8910bc34fa8ef63c69372a8bfd2d9,True,0.47629767009524066
S1,734,L32,9384196275680753680,64a378519530e0384446d2fc551bc07f41280044bc514b37a4aefa89ea0ed0cc,True,0.4252264956649164
S1,735,L12,9098112011150810195,3ccf07c97ca0bd6e5f5c7f2758268c870e4cd3ec1320965eba2ceea1a9197c85,True,0.3917885811877841
S1,735,L21,8115144005272728779,ff9a87866cbc1cc0ab17c6dbb6ca6e4469ab264f6a9c0a731e7cdf07e28143c7,True,0.47176355743712384
S1,735,L13,1563359760043730624,3885a19b051139bf7c88033308ec62e2bf87385594f687a72cd78340fbc9b996,True,0.41093026549177014
S1,735,L31,5633150853252522134,92fbbe18c04d10336a05eac09907f06c39c419529522efe1555fda267a2e8ab4,True,0.44315662623091423
S1,735,L23,18055176551207367942,e565abdceb9a8742e2e1f4f3bf7967ce86af50c9250e4e399f250c70b9d4700d,True,0.47775385310739216
S1,735,L32,17363219355143968783,e2e4552a36070d197caa8a994062c08bef02b706139e4d2617393b433ff9ab9a,True,0.4216408521689691
S1,736,L12,15171452229715641527,bf96a0b4616509e1d16ff2378736a22bf82fd2cf4c9d686e849c0662ab663c0f,True,0.39668524729931665
S1,736,L21,107115345655170160,fff6516bd8f15dd3d9b28d019c12a6b9a4cf1db540f6238487ae06c3f52dd555,True,0.4737382315436145
S1,736,L13,17312979720275061641,618e86960630699d7293bcb90f85eacbc3f72056d46d44e44bf9a9edbc7b3d4f,True,0.40691016004956276
S1,736,L31,6148828248493539387,e20bab28d8ba1f8182bef1aaaa1ebbd328f5f7d8978fb635390927a3b62f5e93,True,0.4390688169612736
S1,736,L23,17517297007161764011,2950ab96a022d0d2b6b7d9a5bd73586c56b562118a2b837fe4e1b405cf62ff94,True,0.47059178480906805
S1,736,L32,6241369780386647296,8852556a810f26ad776d6e744093b73bd1d6dc1cde3899078b2974382330f78f,True,0.4257990709554623
S1,737,L12,5731234289389206694,ca680cfe7e91b1fdd784c007a2774c033a6ccc674963d230e6f3f3ef7f0f025d,True,0.39281295308861147
S1,737,L21,1767618755281616945,ca73be36fc02d22eb95dec38997878fb5a53045efaf0b10ec5635d9fc6574c57,True,0.47399903779184743
S1,737,L13,9527267416692798560,cab037a306c9061281be18222334ed5bdff76f567cbcf64aaf34505b86becabd,True,0.41123838538694896
S1,737,L31,12930506282520399466,5ffd284676f192116e62c42ab3a6b68746c99fa7c28f521c9947314de8278817,True,0.4412658342439023
S1,737,L23,399748862801489400,28cb19421422aa540258c70b6709665042663c408f4dea301ce16c2f8e08ae04,True,0.47582866816329783
S1,737,L32,8886502282797312233,8a3680964b6e21107ecd962be3ae7c2e4079bc9d102b99a0a52f126b77b1b74b,True,0.42411107263873116
S1,738,L12,7481262129309368851,8896d2aca3aff1179f69e32914f008cc02a96c9f0ac985513873999fc54ab497,True,0.39058691166762755
S1,738,L21,13841916681866025782,0f97d1cde89f5145f27a129e3c47af98b145cf513dad2e4b681b1e49d023540a,True,0.4712830166898645
S1,738,L13,12450200428982406823,54f23d93aedb2ce58e1e4600f32db45433d5838e57aa2452f2cacb144b836d53,True,0.4163266678468503
S1,738,L31,4990543859150930839,3251e76af49dbcf0c70c6bd3c30070984629c8a67a9b8843c7db864a9e693549,True,0.4389049875380263
S1,738,L23,1388844735793898831,5b0c538eed924f16d57215c9fff3d2328fce1a7ffb3cefcd820b981be9a09fe8,True,0.4756160994630596
S1,738,L32,3307104945296700547,8b760a95f901a527a4ab759f56c73722380c1fb79dfaf0c471aba9c36beae33f,True,0.4243012447988814
S1,739,L12,5552669423184183845,1647a650ed00804379520a51a257060f5893784b0e497708460acdae71fc1bfb,True,0.39223476834537113
S1,739,L21,13798810901212023341,a7c336aa7524cb7033e3f4242ac326deca0dfa8aca0bb434a566f8a8f340342e,True,0.46822202065876967
S1,739,L13,6828699047267934235,7bb6ccb3833e5cdc03b083f81cb9dc5a1449b793bb14537a5609f22558f0cca1,True,0.41067879033386023
S1,739,L31,11918816992761095845,13644de4921a292b92e8e676eb404a344821abf3acbcf2b3da9ff68b0b611646,True,0.4548829957784107
S1,739,L23,6853332207128055988,006521494d56ac11c89e30f10ca6b6571a79821644fea9ae2c6fd26908b1f1a4,True,0.48537903328932597
S1,739,L32,4898378881037205887,6ca940e40e082cbdb84abd1367c52398cc8a2e907f4114528f2fed5a2ebbbc83,True,0.4233976621803248
S1,740,L12,8655892831479826746,1f4c46485689daf3ab092bfb758cfd151fef5907d91eafa390b3c50ec0e7120a,True,0.39122760661840916
S1,740,L21,12140500932023805508,db5dbc35f4fc682eff04f05a0ef28d47dbe3e728e97c762cbe7682d1393e82de,True,0.47643068599593263
S1,740,L13,5311241912928839344,29df058280ee8dfc26aaf9d66d66fedfca7116f66cf25b79bfaabae4be6af048,True,0.41156899114476464
S1,740,L31,13732900945839467177,70ef700757f663c520f64f527aedf485cd2dc0d1424c904afacf3f4d5fe724c9,True,0.43952265576490085
S1,740,L23,2713935631466557181,a07b99a054b52dce60c1b15af9d9b88794513a510955bc280e2a693c30c0278b,True,0.4818299956536063
S1,740,L32,13744783699995758114,6a72756e7d85c674349469c95e21008d992240f959b38e06c0116275a1da372e,True,0.4259116347008537
S1,741,L12,12274653131490117810,44ff51300073e6dbaa786bf172dada4651f829c3266c65ddb50c0252b41837f6,True,0.3938405383132635
S1,741,L21,15137908844836368167,d28d23dfb49667bfd12d64684fe5d30f3b24b387b9b5f7b702b0429be7341f2e,True,0.47122993038097327
S1,741,L13,1242902448846439580,1e4c0cd2221d15807787a21cfdc64628fa119cec1a7916e8b089256ce5b8d5a1,True,0.41115932061719007
S1,741,L31,9415915247968256843,ee6a1191d9a88344b56a77dcdf6ed153cf77f4a5d8b3244b37c0f1a7b0143371,True,0.4513821898020376
S1,741,L23,10831327674539108379,5d21e4b4c5defa062517b580eb27a2655ede4c66fac1298a9195419ef500c5d6,True,0.47768235144003873
S1,741,L32,1830221263641620614,ec4658cd5e25842d477dcd53f1788503edad136e25d7bc099d81aead991aff68,True,0.4234925717367694
S1,742,L12,4918917910058793455,83cd463d56cfd1f0ae032fb19ff84bd4f10eeb5534360718b8675f9930166b4f,True,0.3916604295401925
S1,742,L21,10218692150024428067,83868f3238dda00c132e28a5658b7f70555d4f66aa9d9839945edc0514c74e38,True,0.47300520638000204
S1,742,L13,14130203412975609427,6f1d7f9867cc9f3e073e1e4377428b75c1a088cad69ac73da6ad85ee13220411,True,0.40257929265315684
S1,742,L31,11916695235163063378,851d0c9a2ace4418053cd40e2afb51874e543d52b24d56a10a386ff3ed4ccfc1,True,0.4351031765178033
S1,742,L23,14530459144130538192,e7b58d2e4e45d00dc73ae696f1401080c3b4bb2b722870a73311a5105adc72ac,True,0.47004181843921083
S1,742,L32,17746721245948191468,9a8a14e0ec74c57dfe352f96ecb1303276f175f98d3e81802f3cb3601867fa7d,True,0.4238512270285999
S1,743,L12,13404991309779436177,88a13db4d258c0ac427f7aa06bbc59a55d3648986651b744f1e3d1d2977be32c,True,0.3922405881329838
S1,743,L21,13690655942489860871,9c05d6eb7381835f94277fd182d3cb12be05078bbcb52ac4353c16987da49c61,True,0.47621989518479013
S1,743,L13,4964510874293775185,dc9666b8cb4909b0f8118a5b24f33365431ac21ad958c3cddcbe0c51dfad285f,True,0.4076762133369526
S1,743,L31,8169590836880448484,211e8cf9185a95f7f8eb6d0f4083bf700de0203e84fa77260ba7d14838486215,True,0.43558061926270475
S1,743,L23,191996652575851859,66bb70927dcfd3aaee5e8fb0a5c07ec3897cee8cce0556a34b532193f8ccb3e0,True,0.4780925886674754
S1,743,L32,5347089922613449930,f179d9d07992ea1d4e60d2aa11c4e14776dbce2831e63545172921189157bc7f,True,0.4265938928650289
S1,744,L12,11551518691027797480,4dd0c7d232025e3f734b1dc328165c90fdd6953692421a55a37dd6a3f554df51,True,0.39018312581758324
S1,744,L21,1363158671235094425,bc9c9820161bff98ceb4ee7e7e1a8461298bd43d569e59bf4e7dcafa98e03304,True,0.47472294087985833
S1,744,L13,6550283314104339424,891d16f39f1e9df1f5980d5b98d9d5f62566fbb13489ff32086669655c534e01,True,0.4153036664997579
S1,744,L31,11848677785248809776,47a932368a9137dee8ab00f14c300747ec0ded45dff3bec3fb0c54b5cc8f6862,True,0.43753330938008506
S1,744,L23,14295610950095444081,10682668f7405b988061fe70d2525ce933fb2270269de8d3eea77268158e1631,True,0.4767257728866197
S1,744,L32,7826928912076060317,d8023f9c7b2e65a9ba4551f22272a92b5747abb1e94cbbb320636f26120483a9,True,0.424790994763788
S1,745,L12,15699412051069040903,3f848f18fc195a5d3477354925b949994de3e190bd540fe2a5287afe5b1a87a4,True,0.3898011316033765
S1,745,L21,9360250026820497346,9db21d74f7c68dfe2b88a2577b97574ac65335488c3b7270782e379433adaa7c,True,0.46587837765441087
S1,745,L13,17323671730185390386,1eb3c567b63282741bd55b39caa7a1373cabb2c44953064ab1196469581d0218,True,0.4092819013421157
S1,745,L31,13194735021243903577,0ed5ee2c2c0658a0c221098803daac2763530c30bb16305c1cdc750bb9c54f68,True,0.4402139907439779
S1,745,L23,9877136415475218271,00513a4b6f468254e24e5895815db41eae5c2c0d4a17c6dbca4361472c6aa7d4,True,0.4793198806572965
S1,745,L32,3530222683956088243,f8b3992c53396152b8172b7d7cef33a00bed777c8247dc5e833c163a1540a4cd,True,0.42894635710562945
S1,746,L12,5935896296678447400,a55acf6d87c5a3118709b7c57718940848150f964c55115464c37a506d32245c,True,0.39279502293099855
S1,746,L21,17960019876030961440,45a41d235f4ee8ea9b60e722965d4eea247945df106244490ac36b026abe57da,True,0.46998096338321
S1,746,L13,6375519488041497238,7509c5fa4a1464790a0ce33b6584fe4afb539fb727042b2545461497f9505b6b,True,0.4144634202690649
S1,746,L31,8278899884906446100,01717232f021f3f5f2a0c519d6409bdb03d00439d30ad865f7ee418b48a4b7bd,True,0.4380314295496924
S1,746,L23,14822240311757428865,87c4942846736f09f4ce24c4c43d1d46fe006eb3c451532b41e0d39c95368e1f,True,0.47628383381145795
S1,746,L32,1795308496965763189,37b18af9757234dc325007e12636c0abe77de67cbf749ab33cce376f3755c97b,True,0.42190723227493165
S1,747,L12,17767836844695192973,f2e3ee22d78d9f8d2a880ef7be5153febd60784c3a4662b038c135d1cc65bfc6,True,0.39310158239457293
S1,747,L21,12849078192494344888,c982793e39dcb0c8841dccc8b62e7d73e367c1a5e830a963ddffff757d8b345c,True,0.47296666846776236
S1,747,L13,15586475953056856379,8167014fb2ac84139b815ea71a98f34e9448b2ffcb153723c0a0fb16bc75ba04,True,0.413756497848167
S1,747,L31,16926723475798108575,91ccd5dc9274867e1be1d869c4db288aa13f8d10fc43834db15721fd4154b5d4,True,0.4375952243963622
S1,747,L23,14818725944438188683,62cecc27daf37222658581685596998e22e19dae5ca9b411d8d83cf3276589ea,True,0.4841415282242917
S1,747,L32,3515924346805227883,cd51f76c141bd7910c8df34bb9a0f0f850a41ae67f0725d55eb8e2d5bd08dc82,True,0.4235078597689082
S1,748,L12,13059022407149180821,b744f56904cf95b4cf28be9ede6a8e44944de96b8a17f40d7bdb663429acfc97,True,0.3917402135821829
S1,748,L21,7205731544575798954,7eca5b1fe6cc2c351714e3a996c7694e4c0231b186f082f9f8a1a877703aae0b,True,0.4747524499457564
S1,748,L13,15429568031576129218,ea006baae7a97bf302e390c7c2311a559078d4e2636939ed3dc20df0cda27e97,True,0.4064003017440498
S1,748,L31,1439127294480520510,514aed0dec00ecf44280a6d34290e7383275a384c8beda36e78c1475754e3e5d,True,0.44093247559253856
S1,748,L23,8892231840408996484,4171cd65adb386d9cc431d9eff30b54701335acaf380a7e4939e4f3be6404e55,True,0.4795232119751228
S1,748,L32,13151432422229027358,6682582bb428508662d2f888350088840e9d581596786b133d03ee396703cdf1,True,0.4194033573401991
S1,749,L12,15913700796986068090,6adc2b3cc2a0ecaab92d184d3a6f745ad595cebd7f9b7a0eb0030435d3790e0c,True,0.393204627951702
S1,749,L21,7667379991704503994,403adb564574c9fd348d328855c2f5deab20bc499e24196e594de53d19384f45,True,0.4734882928458715
S1,749,L13,6296084239991767913,4dd254657bc4db7a12ef94b659be5b06054254ea6a02b935c13f094903e15173,True,0.40868121062340157
S1,749,L31,6634717641642285040,03e301549d5b8201efe5bec2663ea529cff6ff45fec53b804711336dd513bd5b,True,0.4299777869888793
S1,749,L23,11625301549310110068,0595f7a0f0cd02b16ef91949e357e7995a909bf901d0aaff8c00c7c7edbf1f10,True,0.4770954138123401
S1,749,L32,1459306662731545552,8310380cc28c0573cccdb65d4149f29677b5e8ca4079a8941f942263b8053c37,True,0.42116462498660406
S1,750,L12,2865024994872884130,7e5ea0ecce054518c9b43e39949e59dc5d8dbe7429251da6d87edb38508a1d05,True,0.39091810846771796
S1,750,L21,5146468617412858074,987fdc9c220e27da9c9aeb597ea78f0246be38bcd88465f290be580f31d4481c,True,0.4731416775866855
S1,750,L13,14960464265500217986,4beda82a60a0537a661e84e3ba6663048fdec68ed1a7b59c3a3c53550f1b44a2,True,0.40769610620787294
S1,750,L31,5074859331710202287,5a9c169fef8099e4409713f943b2bb7ad5ef458964eda52cda4b944b60345ae4,True,0.44076021118057557
S1,750,L23,6507096762538541468,6e556ab2cad6e147b65936b57fbab279f8f881fc11dd1497784d8558c85bafb7,True,0.48271693289327877
S1,750,L32,8289937601881182456,93ea6dd919bf0fc1783a23845576f1e38859b9e726defb2456d78198c0854c76,True,0.4216099666271844
S1,751,L12,11222206984675885852,dc46ff1b65fc699dca98660022ce5b09bbaf83be530d49921924aedb749671f2,True,0.39025955052092026
S1,751,L21,8050071891529256815,e3b0b78a564927fa9e13769a3ccc601c95493a1111de092925c9d637ffa80bd2,True,0.47040490578196625
S1,751,L13,13634729778173500701,d57b052a094d3bbda87405897f6c79803e0869433f36f56f18e88372482eb514,True,0.4032158224619041
S1,751,L31,492631638205544589,d6acd9481981e896abeb973b5926866e32459af5d4ce594156926993d7c8a02b,True,0.439011598631148
S1,751,L23,1311231762412342014,202df6e20fd4a856ebf9ec7d1991ee5ac75a1809669a700b3b9ca7d1e32d19a7,True,0.4778567644324983
S1,751,L32,10756745486012581,1ae2931bc65b2e9d27d6143bec24386dab33951175b1ec75f844ac9f18945545,True,0.4265000404780851
S1,752,L12,6739199449139420289,7c043a37e9bc1f6484bd4ae133b2c38342f0dc71fa315455871e9c8303fdbd1f,True,0.39091955874308754
S1,752,L21,601885350399825048,83011a9e70055b2745e1558118b64ef77abb0fa5622a3a806eda4e53830407cd,True,0.4735291489529205
S1,752,L13,5517322448508334515,bbcd91be5d8a3d67221cc0428ec8a1c48cccdc26f2edb15f8b2a4e36d79aad73,True,0.4034909672011813
S1,752,L31,17335417117633963428,9ab733035d2bf6d112ca972b09321249f75290409e586ada99c4f9830a844eed,True,0.4384039857144598
S1,752,L23,11658097520326072685,c053f73d4654a047a476b394553917cd5c39013bf9de0c1990c510229532826d,True,0.4766005350981027
S1,752,L32,3175950626725674907,55954c33b9a56038fbf2bd42a94685d5a83aee9c69df00b2f863066ee2847cb1,True,0.4241949482404298
S1,753,L12,9128237327481196937,8efd9f5303a3d09c6f3177e1d130a8f25e6bbabf8f5ada62b9338bb99a9e62ed,True,0.3916005719964926
S1,753,L21,12671447992759192174,5017cceb255167243d4cd6fba99f4222d4135f23af24af6b5c300c26a0f07f10,True,0.46798229375729233
S1,753,L13,4424590468446539896,dbb80e02e9aa10f90ba0cee065f4e9d1bcde0ce6ce01bd6be9f914a0c1acee0a,True,0.4159172341095461
S1,753,L31,3863962590144278344,a4046bf99a0f3b8d081b7f1c605095f704829dd2bb2740f1127e83edbc7a4321,True,0.44241516977449336
S1,753,L23,10153787133857231878,0b28df684c9782e9d06c52acea7e42bf88400ccf8d8d50493e148c4f521b12ca,True,0.4705692828932605
S1,753,L32,8292131603019058078,9447c13a46d219e19df67a1a2e0a4dc904b5a8867a810334d54033d54b990342,True,0.4229561593905202
S1,754,L12,13936369865041954629,9851d21a52c2219bbf2cb4191bb612263e712ab00975f90fc93fb85217af5aa4,True,0.39001039874594756
S1,754,L21,14621562453549684015,1557b908d7176f5308b5468c0d582e88b8c1af99ac68529ad72e86b90450ee70,True,0.4713352137546164
S1,754,L13,18054171590783544670,aa874f77ed6159715869a76be2d3626e5fc009c270f6b5920eef125f99f2cc3c,True,0.4091385880551727
S1,754,L31,18250416697529459535,b7a1a0023c63a838cd6a81a566cdbe575cbd9bf9a8a2584ad9565c580104cbb2,True,0.44310491666854224
S1,754,L23,16830117484989475146,8377c4192d1a78203cb9c8df5c95e8426e8d1ac03c4b23f7a14e6fd08668efed,True,0.4770401524157278
S1,754,L32,9325636489696587786,d9275d5cac3ac968b16c0b4c11702de96848714f3334730976d5043c7af67148,True,0.4249889709430239
S1,755,L12,11639514531105663524,044eb66274f00146854b57e8bb35288aeb7ac0a91367bda44ad127f95491bde6,True,0.39286869336948416
S1,755,L21,13276729284829691827,8f26cef54a4c4637fd62db3a82cc8098839b3ef7019c618fd334df9774f26405,True,0.46765850710599544
S1,755,L13,8022325377771002230,8d0dbfb0dcb906c6a71717cc2e4d3da85224f5fb55a771d0960e220c19a56f9b,True,0.4075337272680346
S1,755,L31,745209232682054517,d6bb2211decd4ef3fc341ecf51be4b6d76190718f6c17bae430e8fe092b90912,True,0.4473268206058387
S1,755,L23,6993411958813710322,3ca12966c75f92b0fd163cb20d0904e388c4fefe1bcfc4dd5e6df196dc3c3e5a,True,0.47742456428153585
S1,755,L32,9632040698233332304,1597c534bc6ef6fa3c3b3fa21edac53358c2fa2bb18eb8dc8f5ccfae9af708ea,True,0.4267180742753203
S1,756,L12,15911496765074268136,ed4871920e4fbd5b67e03e1a6a37cda4b7fa5727b333692776207bd07d4c742c,True,0.3948822663840588
S1,756,L21,8173504510686565653,4f283a6324e1d36c90c1d155c1c4db3a0228c871ee3fe14b01b5e15ae14f3f93,True,0.47128461879639943
S1,756,L13,3844872944985138777,77d0f9977d154b1fee7b819740ebe1769a3060231a3cdc4c310efeccac9295cb,True,0.4154747019601581
S1,756,L31,3544436801640378646,85512f4e2881adaf674445c7c451df6f12a80e0399e81a70385752fed0e0ef22,True,0.44309180632509637
S1,756,L23,3738163705347427568,5df63e98865ed94bb73270bde477da6a9161957970de218dc3857c9e8663eee3,True,0.48370716412695036
S1,756,L32,10381360703516258227,ba19e7ceb2327ebd7d80679699c4f5d8bce995865d98a0152e888c384759480c,True,0.42406349622699324
S1,757,L12,183565240732808011,22ce514f76757da115ef785a57382a0bcf2719c5e0582608f0927d745efb76e6,True,0.39351136601901665
S1,757,L21,9061519205073839473,60f1c6b9152f67e29e5a3607413c088af088f18588a3cde47f53bbd681682965,True,0.47052386438699395
S1,757,L13,13555624591982828309,9d33f713efd2cdd862af9aedeb488b52c274d0c74464d6eb96f006acb5bb49dd,True,0.40812622972827123
S1,757,L31,17634553883424910358,3e48a398221fcd1d867e415e3f8ef904a975aaffa7b6b8390b7ac6fea2c90ec8,True,0.4427081031651791
S1,757,L23,14535292702987776266,263471041d55ac85ae49e12545049a0845ec1b34462b290b0229209f46244a21,True,0.47301483858425863
S1,757,L32,8052066079324249048,f2161cb77456dbce1bc935b9e8036fd60417feb605ca4bc8893afb5fb93c47f3,True,0.42455274588107045
S1,758,L12,7198584868496721885,b58aebd082480453160762c9b49edb11cfaece6fa12af77ea39528c977d3a4ce,True,0.3899827019738813
S1,758,L21,6959645942039569525,88f531cdd17bfb7d69bc3a82a74c75d3c1a1ace24a093e0b51c79b42313feb6c,True,0.4719790242146419
S1,758,L13,5269330888025406824,7737c958ec83a19147854792aec4aa4b2d90deb954f890e0ce4f32d798d90834,True,0.4109396484841934
S1,758,L31,2862673566959899892,434a80c41e84a36c7ea852e7246a199ad004640401b674e4b9d57274fcb6121a,True,0.44681170360416944
S1,758,L23,505948675809856406,d69bfe7505d8eaf5606c7373e0d5751a2f746b44a5755362b3be5f2918c2b916,True,0.48177483934386806
S1,758,L32,6560395470216926440,58c802e51c3789762a83924f9580eae353627c0c6277461f9c13aef4bce58d8c,True,0.4232072349253326
S1,759,L12,8901258078743243817,cba7d44e3904c35b38d235114b2bfca2684da42bff395a09a3c16f2162ebca13,True,0.39142468542781306
S1,759,L21,14117136890148257135,079a365c1cfc92329b5f4e90ecc18a2caea12a7118aa98a9c5b723a6480fd9b1,True,0.46945847909280997
S1,759,L13,14479270041113450850,cc2f0d8c299290dd1549d7bd0c35337a19bb07c36aae54b667e62a5d805da477,True,0.4053094554102951
S1,759,L31,18390316786796856048,6465681b70ad8f6b52f17274552aa7a2de6f3de575ba0d971d4a12881a1af12f,True,0.44942138105234075
S1,759,L23,16476771105635396211,1e070bf1b076ba179c99de7c58d44c4d95afd791d1cc93705cca1ef380f358c9,True,0.47377942482721547
S1,759,L32,17814904541171990927,99ec207258d80e9fdc0ed92176ec6997a7c0d91d3fa22fe47b0031b544eca229,True,0.4218594029695202
S1,760,L12,12237306629665802553,09444e492e3b00a2563d98eac72cc576d6fb5c043ea1439a488bec5e87a3b579,True,0.39038886051770794
S1,760,L21,12219957932761133123,2d4506518a78ed34d1203984f7da6c09cdfea015ab895dc07823b90a53bbc761,True,0.4713129203715276
S1,760,L13,11951153308363843517,5cd0a0209c2df593f671e6ab68f4e76f63da936fa612ae331b9688e6c49a2a88,True,0.40064495225761204
S1,760,L31,8920439581771153609,f719b0d6171194922b31c4c1aa1cd15bacb3e4c0b31ef684b32154c13a1362d0,True,0.44283350321597437
S1,760,L23,7245722169710877525,bdf8a4a4473877a2d6f935a2ce98908dd2ee57f5e9d8694730ab0bbc857a984f,True,0.48190183983452817
S1,760,L32,8311633570624341699,338031fa8800236a98042211cb2b7c0ffb3791923224a862c3f337cc02dc35cc,True,0.4284435159061497
S1,761,L12,6279426458945148150,cbafd497ba70db6ddca2d1a888052249c90d03d8572987632f5857ab1eb58bcd,True,0.3923060169194861
S1,761,L21,12212527494087893762,b8f67ca4a45cdd942aaa3a7faf37859137597452fff29d95c0cad9aceb6badd6,True,0.47385944808620134
S1,761,L13,17172075254554574464,b2bd5140ae14690ac1f9fb49e75ac8ebd25638d1d4ec6a3e2ee13f287b6a9b5b,True,0.40902100471442326
S1,761,L31,17283047765361477977,b630ab4006073cc2c161494507fd6a9e68f02db9ce3b8dff6db8600033a8fc06,True,0.43682814733730746
S1,761,L23,12693342382777832559,02d80c61a87f28644572e21271b9e173218ae73dd9110ec5c9204592dd23ef20,True,0.4812102810895175
S1,761,L32,14074475469395505526,0513c31c59ea923dc0506f5fb966996bf85ca26d9513e6715b7258467b2cb5d2,True,0.42817696719197584
S1,762,L12,12672963898353383233,77c56160f7f245895d31443a270e40f8c98cdd86c04db311da3ca0430148ada2,True,0.39091810846771796
S1,762,L21,16675717841931542983,856fc7c198c77e2c01661e537bb94c200a708671e0e32d1b5cba7eb62aa87fd8,True,0.4717869748622438
S1,762,L13,13290705776011287829,a48b752567852146fe463dfab8dedd6c8af30ddbc7fa94acf2a43274cd868960,True,0.41326473426625987
S1,762,L31,11435015964082022754,61606a1f882c7b0c235b164a83d2502574f0a92d580cc6498d6b3fba3b1bc7ef,True,0.4367818345876592
S1,762,L23,16449898185235145219,cffc3f7c78cd3afedf8e7c707ad30b3bbf6a562a2c5889c90280b76afea3959f,True,0.4836118531483836
S1,762,L32,10900160624548170178,b3c4f30b433c6bbcb11d7878f01bb31ee672b6ddeaf4890997f9adc41daa9817,True,0.42666053318276953
S1,763,L12,6907871206243535289,9f48da3c7a8850a16a09f16129fd40561df4fd1ba9dac705846d9387600e7ec3,True,0.3924487474609624
S1,763,L21,15236000775662243014,2a6f00c850a1a9cd2da8238132d85b867202cbb230d73713c93c4891181ce69d,True,0.4802084866406129
S1,763,L13,4544858396654410437,172497ce6f192c59c0c054bab6cbf1f86d7e40cd489baeb79666c4715072405c,True,0.40409801987349364
S1,763,L31,10840085694862341493,8cc94a4001050de57f61a062c4ec15d8bfa106f9f8754cb0b097c3dd1703a4f6,True,0.4400695075557445
S1,763,L23,7496809968588472756,de10660fac1b7f94cce824a8e10487ab94edd3bda70768a862847fde9fdab3bd,True,0.4816903625773858
S1,763,L32,17953300335687806866,0afdc3b3b80b6f0a43f3fd5089798cf3a038c313dec849ed425ac7e3c4d2511a,True,0.4250590603843989
S1,764,L12,15843404208870099107,eb7f19e53cbe1808818c43efd271b353c31b3f54a1a8a53987c41cabb10b15b9,True,0.3886450303405875
S1,764,L21,14330177736350400853,8c3fa571759004527859e3d3c7397d04c5bbdb7ec8b40832080d4ce8f11b3f63,True,0.47300520638000204
S1,764,L13,5036010901930689873,99843cf41094ed2114c87e214b7681253a84f8e080a9b07749b2ffea3308393f,True,0.4041625151786465
S1,764,L31,4858910715550619427,de04178c79746d8792acd4f51f833c7c2e5cf209d4847844213cd3f214365943,True,0.4430750041027731
S1,764,L23,10985120308187008565,09e111bf413caa71be8be11e339be43e449031fb0e9bd236326524392ecb1aee,True,0.47342198894534493
S1,764,L32,16239497861854007568,52ffc3841186bed52c8a9813429ba4cd722a25b1972c53823b15bbe5758dcb08,True,0.42460117949419535
S1,765,L12,369796119554602527,be80493b7973b043462a56e0e771b1b413e0109bafa9215760a25cc5b29ec754,True,0.3898738953791958
S1,765,L21,12978299194638167016,f2ce9082c1df7189f75d4eb5eaae4d6faca838b00d91f70415979eb00185259f,True,0.4737217992228449
S1,765,L13,16349807733681871458,ac89376c18411f618a312341302206459604d0644d42102f8b4f4cdf730a863d,True,0.4068475853826093
S1,765,L31,9808228166595433550,75183153d670b3a20e312c44ef19f992d807676cf8c566c3436f770d11127538,True,0.44279819512454194
S1,765,L23,11891287508675984151,32bd59c24733f2c0efafd451243fa8a518ede3fc0e2031e46d706a34b43ab1dd,True,0.4746396597979295
S1,765,L32,13565613846409497005,2038fa19c86bf169794170e0a9c5a7c63241dd016f3709bfc7299519e1a382de,True,0.4225195831878356
S1,766,L12,8371445616915027652,16ab15e828cb911a129053622eea075e072c27411a25267372cc736cf4224fe3,True,0.3914954166097844
S1,766,L21,10815329905078167855,c807f4fa6cc4effad5e829db527030b5db7d152834c911e7c1a219c09f691c71,True,0.47288698220615966
S1,766,L13,8944314681042064210,47c1057044bce11597d982c2d366bbde123d8e544a3c60eea1423aff1f34339a,True,0.40996165293283615
S1,766,L31,11712598328623012185,4ebd70115966d7f158825a2189b7f692b8e07a5dac545049ddf51e8efe544590,True,0.4439853317713262
S1,766,L23,5072954233269127714,c0e147f023ee9a69f5d41e4086816c91010248cf16ac346f4218dfa7fe46c68d,True,0.48275139065572964
S1,766,L32,15318265945579130457,20585b4f8a248879217c34e320e868da362af36ccf4ffe03796827b85c8d949c,True,0.4236821759298377
S1,767,L12,245301697269094477,b0cc48b6f2a55170f30d589d4196e6bc686d1d01350e4b037cb1360974ab17fd,True,0.3901054961669611
S1,767,L21,9746912691878073974,17df799f300f8a75cb840e5c16100571fd2a17acaf76213889bdbbf48fda715b,True,0.47621989518479013
S1,767,L13,14732172651300963895,1ebb2378d3cb4afbf87d303294e82321b42a58d90a1d561f244c365df05b98a2,True,0.4083131132847211
S1,767,L31,7758510819558503848,0af7e7b0903f96d7b225bd4fcd41d0f03a09a88b5cdb88d047ec107332317c8a,True,0.4420605558515048
S1,767,L23,10906024837121426991,43e04ff601ca55f2ee5dcb928a5711a01de7f734cbbfbe10c1a6663289c44662,True,0.471147083262839
S1,767,L32,13435850289432107881,286904190330d12e0ca8a449fad1d6558d3803bbfb18f8628206245cfbd998c5,True,0.4249023644517642
S1,768,L12,8341970477943609179,18992cf14cda5e6c41116186dfba140184469ea69026971d566a87905488022f,True,0.3923367235376996
S1,768,L21,7820323985555875771,2b95751a7351d0d0e4cb88216a272f10d6843f9cceb9d2ca1e15a0448c35d840,True,0.4659716409328024
S1,768,L13,17615952960364877901,de8691bc6283fe11d641f4189798700a41b192e9ca9a511c17d625c9f9e826cc,True,0.40756138923574037
S1,768,L31,17078869421958231326,2b49fe6ecd52e2367933c134d856e1ee1db3675884ce2d3a60e8689845a230e2,True,0.4355089842864304
S1,768,L23,15272866156113578225,7993dc7343e8412acc59638133a2d4db5826e949a767bde67f79bd1de021d211,True,0.4788231504751653
S1,768,L32,5323441339416352071,0e60cae937f68b5d719edb332ab31553d3110b76c29170d8fcf541f689cc016d,True,0.42266631715247543
S1,769,L12,5196572885809036450,52c720352a8dc0ec823e62dd7aec46bdc304609abc20081d606f9d26bbdc70a9,True,0.3927479095517061
S1,769,L21,9851317212705777512,e722d6c8816a3f86868a61836e087d7224235250d630bf96a9aa0ab010f4e30b,True,0.4714738440716978
S1,769,L13,4141838636754271551,a24a5d7f48a4aadc2d032137db3e0b93320b1db811ed342124a058d6ace94ebe,True,0.4155682036933395
S1,769,L31,7126705323495672651,c09fa0bb24d9a5b015de90171cfae1aa20a6ac444c1476a891e7492a67f0e539,True,0.44156073470673396
S1,769,L23,16816339369747292237,99711c49abc5a100c917803d1386ab3a58df5339beda1e0547a318e24467c8e7,True,0.48310732879674717
S1,769,L32,7133922044141008461,165abb83cfd3c5dc39219c9cf6199b27bdef0862af937df67df2ba36296963aa,True,0.4275560566746608
S1,770,L12,8697155472449991968,1967ccd51d8cf713bf67f33dac7d04bbb05cb386b9f9893958832413e4618e76,True,0.39112994199568074
S1,770,L21,6963289137474064112,6ac7b4fd97fb167f31ca55964a9650d2bc34e71d7922f4ceb8db01d118ad820b,True,0.47231780097175885
S1,770,L13,3785202009570228718,4612410ef89df39075b3f691c20d672751d6c5c2044394522cd176b55f776c3f,True,0.40829640209281165
S1,770,L31,11967370936876013485,394541077c6b413b0ab7fbbc53ea11fbc995dbb61487588c863d9779a0e72d05,True,0.4368509303426018
S1,770,L23,1980481348286078672,a19aec9afb2bef49074786d35585d1dcf56bc0dfebef113bfdff80c83128daa5,True,0.4794719288337785
S1,770,L32,10465759788158398122,0ae1f1e8e5c92585f322f7b2bb44a5ca60ced8170f33dddccb4a5a9c36b6877e,True,0.4237711194660617
S1,771,L12,13236485533182946753,56fee04adbd074d8605d2c439015b69b637ba2b888009e5f0729915c6e68e135,True,0.394818078371051
S1,771,L21,4856349272385277345,7b28440d1c612af7bb7f1ee431b44fcd4e53ee00b704ba403659b04731806416,True,0.46880752125429687
S1,771,L13,9530376770375863074,76c08cea765dacdc59957b34e5ea9917cd6cc57e07ee4cb414196d597cb943bc,True,0.4039338154571832
S1,771,L31,4129540132316606038,352b15228a662ee2a558caba38999cdb5dedf695d81f3629c5c4373ba6e3c3e0,True,0.4353853082618614
S1,771,L23,3880740809018436838,8cf5fc34039e9f7aaf240896427f2af177acd29379104ade14976fe3531a46fd,True,0.4749618776278023
S1,771,L32,10211139610590253033,4a929ca3e2250da03d261fa5c59ea4d264b522f9bb156ce9ad07656ed111772f,True,0.42540153358275057
S1,772,L12,12585643248750707031,680f31736f5207bcdd97ad097981db912f78c10d640dc5063821ddfff0a01e0e,True,0.39122760661840916
S1,772,L21,6211176125611545694,802dfacc3838eb0c05b7b350123d2f19f98e500f1a6975c68a4aa7c88ee85d77,True,0.47070299586845377
S1,772,L13,9192636092128158846,5f02ec1b793e675328c6305fb2b0084fbcfc320fef47c94eb22669a8670a253f,True,0.4100506673609794
S1,772,L31,9774357817076671038,095ffab1d1234c865f55643da1ee44b8a3f4fe1f527da39408bd9e93c1fda4cb,True,0.4381611213289232
S1,772,L23,7136813687502758080,897a27e62ecb33dbaf4e0f0e389fe186528706bf2732c986c7c919d401086060,True,0.4827453897736299
S1,772,L32,1922658562367639182,6f9d3010199317b370bf2733dd05c40eff270fbfdb195ec7690ed5985b3d782f,True,0.4246769600547845
S1,773,L12,931925610288929956,1bfddf7691628125f7027f6e223bfa28e2bb196befb27989000c07108950b83e,True,0.3908034926624908
S1,773,L21,10007481040785490511,30dbaf295fc305cc22397b045bab12c53d5059889e0fef6d94aa22f6d0267227,True,0.47332578941419856
S1,773,L13,16838605387426124004,38e528972c5fe473353660c700e7a97fa81d47c172cfda5b3c3fbb04a4d2f34d,True,0.41217054872771003
S1,773,L31,3273717622295260843,9dbcd3eab34ca1949e9d232f5ab347487ac4a990462361b3740691fa134aa05f,True,0.43763311628111146
S1,773,L23,1321767669416763226,1db62dd9fa55aea9a463076c8fd1608b6dba687a95bf26ccde0b156b815e3835,True,0.4816196742970399
S1,773,L32,6690940531642360249,31e93ba5451e08f5babab5e18769ec482ed2aee099c4568e3e31d1d2965b7d3f,True,0.4224600132886116
S1,774,L12,6417623398864177253,de65d040efe8efc50e44a65db0c19ddce00eed420f5a72a3b5447c6a47d67b06,True,0.39443787058288293
S1,774,L21,7581661481402649539,f6487975c12cf79014835dddf91f465c0b0705229d2839d084c6278666e5704b,True,0.47267814769190364
S1,774,L13,2582224786426887827,7e6cfc2ac4c8dc97d29199e7e3317db55ac78b78c98fb6da781257f3351fd284,True,0.40362027679961066
S1,774,L31,4632007585509392590,86b1cafc7d77eed54161fc38bba22386dea4c301a3b394a6082035b691659c32,True,0.4402684656254498
S1,774,L23,16466893164393759742,770599d59958cc4060df2839362d80538c4255f88d17e785757e7860a87fc990,True,0.4736515235473935
S1,774,L32,10148677855582409067,0a1016e4d3a762d1fc74ab54c2e2c5b42a014428f17bda32b4521a951e8bbfff,True,0.42268327166556036
S1,775,L12,16433017312053731653,6e7775f075c690040c26363cc4aa67dcf373a20ae45ed6414c6cdc96929fd7ed,True,0.3908285618665428
S1,775,L21,9048227526927470896,959b1bb79e5e2d86ffadbe178d0841d5993f5d878334a81b02fad2abc593852f,True,0.47295476421568766
S1,775,L13,1110367250213555602,8de9b0e667335151eb32f6205d2b6c9643dc93026c7e835749d9fdf6e912bfce,True,0.40736961325352194
S1,775,L31,17769214880325934453,16d51c49c7e523e9c3d372523855758ca6d233359aadf43585abd5a39e51561f,True,0.4405056001091224
S1,775,L23,9360078920039838551,116b1523788cc19038e155a58df3a4dda1651a608a59aeb615750293af859520,True,0.4772359160146242
S1,775,L32,2278888722157436199,186c23003a655db34bf46b5bbb0e7ab11ae58a5d793b4e3af21f0bbaceb3dbf4,True,0.42561757459286487
S1,776,L12,185741769251916647,1c694dae2a04df2245f95dd176036bdd8431f1148f115272d30f69cabe0ba604,True,0.3970029019008635
S1,776,L21,12554337936295474753,5a016543cde01bc1803bbad79a6c14a482a0b907bcf16d5335dedbb9ae1b92fa,True,0.470857862428108
S1,776,L13,2330035854623133175,bfd5dbf1d501322ff0b398e2fe41d62703d4616ab79394dd9a01bc075a9ac72f,True,0.4082051425532825
S1,776,L31,16051028414767753987,1f8d4e9ae0834e43260eb21e982f3216c6b3544a1fe66ce452f17094c5e8e041,True,0.4393625064429716
S1,776,L23,3643164657346274859,937b1729fa25f5869cae2225682cd44a87d132d4bef4006ac3bbae11fadd705e,True,0.48191728071372997
S1,776,L32,11280135548289113106,7d50955064a9c502069957277f3729e7e002c0c378c44393c90a960bd6401bbd,True,0.42475185358542533
S1,777,L12,12077318165124318691,07fe86085b83a1d164485d85f677d0e51c1e9bed01fda4709c2b72a6abfd942d,True,0.3926198640884334
S1,777,L21,16932024569212164288,f7219edc1603e588e36aa89e36f1f07073b33629b692f7f9c86e7a89a12b83c8,True,0.4734905912798962
S1,777,L13,17992528987722891111,38dd35312e4d11abf4306af23a125ea42f7fe6e5bc36eb7b94d789b8ae2f3544,True,0.40870345164721505
S1,777,L31,1838977515942434596,7753a7805da3023abc6bf736496e232bc9c6a061ab4410c230352508f5924f5c,True,0.4425873184591003
S1,777,L23,16039675688831002471,5c8d57685a2a83eaad93f93579b06fdc74214f0d2bcc0b36ca4c27c8ffdbe19c,True,0.4799445130655183
S1,777,L32,1060619260285655093,b2b0a0383274ac62b80757bf86c2cdc459ba786cd449f1071d3d56765b161d05,True,0.4259610452263184
S1,778,L12,16012547960368841423,a7572391d07c34e9889e80ed5f6248e0e359b4140993d2f48697a846f733a377,True,0.3886450303405875
S1,778,L21,9693930219925823532,f9602fe07bcc82c4f191494d0f87232479544cb7fb349a22cbd1530274e905ed,True,0.46884655572589246
S1,778,L13,15082929483203675743,26040aa19ee40548ced9918e272c9646f289c88947aa094bd0653188789d00d0,True,0.4103352979207757
S1,778,L31,10511474319773563212,327faa24ba3a7ee491b3ade5bac8cde86eb3d06c5b0c4c300c900748efabbda3,True,0.44044325525877204
S1,778,L23,17203979010774083850,e4a4c003616e30e87309e68b8347154d718db3aec9850b5b3324122de9e2c0f7,True,0.47543586036243546
S1,778,L32,11991944496274101895,57432c4fd713e6bdf3a05ef074bfc24bb5d8398844fce8aeb2adc2513e8b376f,True,0.4244063015333631
S1,779,L12,9154962338002243153,c7622ecd59835a0d3bf07f56d1090c688c03ddd65fa691abaa96de226a55c5c7,True,0.39025353404647467
S1,779,L21,12731793994041248258,65fa618fc63c3c279c874d109d26f1ffc6dee103ebbe05be1430a40ace42c08a,True,0.476899843834598
S1,779,L13,12100437044324653286,5d06b58ff8f10d6d3e6011b45267aa6db7b314d94eb1c34b36396921744756ae,True,0.40761712037091224
S1,779,L31,251104178343448166,0e5ac5469c78e799a2ac103dcb2e4cb50791c4510d2db914effb9777823e23d0,True,0.4374817073455072
S1,779,L23,15390508879186264417,3d143451c2fcd3a7070577fdb61922e2c76ffc16cec491064c1de1f2aef8aac4,True,0.4689150261998815
S1,779,L32,9087955846098990923,f6c612f95c4c77821c870c015a6a8d5cd303ada9c45a6b862e08f18c2b53634c,True,0.42488171427865884
S1,780,L12,14450097412276081920,a28cdfc44b8855e7c83121c9aaf6c69b5bfd310bcd2419d7e5860fff6823df65,True,0.39173264578733524
S1,780,L21,792414609971073483,88d180a44763affddd8c0ea7c55aebfa210aff4d72effffe9ec8a064c8db6d60,True,0.4764990072193259
S1,780,L13,15832369209951120038,b55749b6cb41b238881a6834d05b276ba530e172e41e903f575d2584f8e4e2e7,True,0.4067931211127219
S1,780,L31,8678676860868381796,d33c60e9b09678dcae49ce4e3b0ed82288a9dcf84de696a437e573ee9007594c,True,0.4429001672570949
S1,780,L23,545234149605687836,ccb3120ca6a82f809f31bb5148f3497202c14507b12fe79736a5d21a24b8a0b5,True,0.4732008911265036
S1,780,L32,4809645737587411928,cb2b85d747a2e70cdeb8bbd46b1f29cf3232109393f7e1511a744220f867f6ab,True,0.4239478962938454
S1,781,L12,10757982155019449686,7e79e496c6792469ccd072733f0dc9be15fc4fbccc0cb83d58a657cd080f223b,True,0.38545512187805514
S1,781,L21,16974240735903334370,6f12d764f704d9df14ea95db9b37be650310a6504eb3a2dc818aad9fa44d676a,True,0.4726885007210771
S1,781,L13,1158995176922717028,058302d76d435c430c465269b9cc2706b38536c6c45578e869298a533c65f524,True,0.40808617236421685
S1,781,L31,9424387514041491968,7348ff61a39cf37bfb5030e4c647c0c1a62ebd1e629ac3a728afd852675f45b5,True,0.4451550949548403
S1,781,L23,15428937569194112322,25332ac8ef49881c9ba850e2994bbe9b543e0bc65c4d381fa1970e383d03fcb2,True,0.4777628476308974
S1,781,L32,12373445484838644112,acd4eed04efde4c642c10c0741f373d955b695f67082de78a9f7f11e7d229dcc,True,0.42604828725332655
S1,782,L12,14051886158927715237,ccb56e51ed302276374a14df0491459566d2c1d7063f95b9efe28d55e723e43c,True,0.3887170591983802
S1,782,L21,17127937458858905481,2ad2399a4c773ec32ff27a5594701911fb288de987b54d59567f1a098372a226,True,0.4682158384292535
S1,782,L13,7035349139333668331,be80ee7a1ee4dd974a293ae88a7bb6de9c46da37820e60fea22ae8bfc91d7539,True,0.4044195754928777
S1,782,L31,1139268538160921142,c9cd8b7c6090b214cc416185ee730077289017ad0a4ac2b7bf07853f6e972da9,True,0.43491965445437913
S1,782,L23,7602496123912133226,a8b5f0ae86fef0479cf814b15af87e7a13f573866d5d7149bf2accfd77c7e18b,True,0.48120291111179125
S1,782,L32,13783110124012273437,c2f42d719d3b92747428cad07c4b1cdecdfe7c826176be4c5ed57efa09ea1d40,True,0.4233957443332898
S1,783,L12,12115342308221459491,fc66300303ea9750171f0c3ecc20ce8f08c124a8efc81ce23c10d50cce04eec3,True,0.39297883619886953
S1,783,L21,12878322165712318078,063677cf2fde27167a47f192e40b271aefee81c24d36c1af68ec426df4375d9b,True,0.4653433874958877
S1,783,L13,11870084140337414206,de1ba1dab82af96ba5f5f8d64fe863e413b317bdfcba6dca815d4be55edf2b92,True,0.4024675026144456
S1,783,L31,1769132434058126686,dc93f9f896a7100bc318af6639d1fb362f8ebf944481641bee88365aab92aa38,True,0.43892986476008466
S1,783,L23,7893292362707516222,2e348f463d48be60f500e7210a3e60d9439c1b1e30c4434c5ee9cb6ea6eacecf,True,0.4812058981283875
S1,783,L32,15485855566145822730,83bd9fb68e42e1a84f5d2e71562016cd8260dd63bbe81ad5658e42fb96b1c37f,True,0.4223727851009419
S1,784,L12,3282632294634034663,47515e24231eff1c70fed94104214669543999c0d56c3a84746ee458b4be1712,True,0.3889360110544421
S1,784,L21,4278283515302545230,9f7ad22cd600bbdce2feb77e4ed8b2d13d963c9ebb634cae9214f1d66c5291c9,True,0.467576625120827
S1,784,L13,4072969546685625201,cd8544dd0cd772b96701c2ba3756fdfc3710e667889fceefdfb0af102e160760,True,0.40781409649237954
S1,784,L31,12276516932506433044,5606efd69d62101cffe4b5b225af5381c8e47ad816c1b87ad1e0317f7b3364e8,True,0.4418421990777898
S1,784,L23,7435815275770331577,4d2a54bf753975f90b6569ab483a6133bd213be234f43e221ccf094463872b60,True,0.47687180483482916
S1,784,L32,5960757990360693848,5195e632dfd0a6f642096b0bc3cb6f6d8e9b1cba28cfc99fa2164f4aa87cdba6,True,0.4294166666034035
S1,785,L12,4033067671685030993,210a4cfb24de63b86d687ff3b6c1c1c9fab419fd2c5660ec9dd2d9d0e0fa3054,True,0.39403718307080815
S1,785,L21,8007521511556372599,05570130ec272c4f1b770222b8e1b32eae23921f888f78c26a3815f1fcb12720,True,0.4735723989515618
S1,785,L13,774533337804433093,d4760a2d4a48845790ddebc0cc19ab296010f6b83c7182ddc468821632897763,True,0.4104754371259548
S1,785,L31,8004959916788300259,43a1d284cbaa81541de0683042b2efd90779d58323349d02e2da2d48c4d01674,True,0.44479383453800186
S1,785,L23,11336843312570157370,506bc36d276753925878032b89586a8db3e78ac569b866bb2015c89e66953fd9,True,0.4765959461198473
S1,785,L32,13479067408298144211,975fd59cf99a60b45640669eb26fb34f44eba75a2e7fe5f12afd5bec12ba5ea1,True,0.42524904134326474
S1,786,L12,6700151148084398195,bbc10154fadf21ed9b66da181c459ca8b218037d1121449e3ace19ca6eb1ee9a,True,0.39582575164247535
S1,786,L21,13825047076382909256,4f4be26fe4acbba2d34d27c067726fe4dd7f0e40d19cf03f12d2c35e0e61f0f9,True,0.47569014096360734
S1,786,L13,10518002830458152882,e970d65a1f992b4d23bfacdc182268220d90f0e31ea10620647e78f47860d3f7,True,0.41318974292096144
S1,786,L31,1501156586014495549,248256b9d2a98656418066c31fc16d2fb8454bf89c22d07ae64075a7f1f93462,True,0.4397836937232179
S1,786,L23,8956348790929774296,d1ab1e76f2f58edf0ebb73cabc6160965869c133cd8f5c4cf54c91743423076c,True,0.47800800772486507
S1,786,L32,11634841642276707926,93d84e2eab6783d17807717efe81261b37f32cc77d0bc5752d8d9ec406531fb2,True,0.4226742978023672
S1,787,L12,10464834465841700919,0f8a39a99ee4a389ca343d510a8456fd9452009fa81413836888d82dfb11e75d,True,0.390856051086678
S1,787,L21,17826340198397195718,4ec4021e28a6e7b1bf11b5134016f2e56c06f8f3f81712a4be300031a653f5dc,True,0.4675107999350671
S1,787,L13,18239332017036805974,1690469bb564cb2fa3af8a190ce8455c1cdd2b14443118b850b7334510d6fefa,True,0.41822809801935057
S1,787,L31,8426357444159067575,781e71bc6248b6062649c983bf079e8808351066da5a17a87653b3d1ca3571a0,True,0.44479758277605974
S1,787,L23,14824961540322438437,c3be3248dea04d6461ccc0678c2a4d56e029c20efeb432cfad87fb64661bebf5,True,0.4782308291334839
S1,787,L32,7931196698148188656,bf52d40c2f77096de4f0abbd33aae78885c2b65cd5b0faf8ee3a1b3177e60669,True,0.42704639990019294
S1,788,L12,7945745612257972809,83eaf8a1cb6be96b6bddbd86c23829f215c89fde2140cdc72d5fa38fb048ebd3,True,0.3904843776029887
S1,788,L21,1529645065588796839,0aa9e2800a2888355b76f408ed5500456d17af8bd522da59523363283602f52b,True,0.47030273165845765
S1,788,L13,13375234112247240275,863a76e703ff72e4c6283b1e2acc748184cbb7d140f8e7d995b3919bf019ff41,True,0.40142476874935007
S1,788,L31,13957812530678174852,a8694c28ab2a358ed202a5e806aa78762705845df91532c98840dcdb02503b25,True,0.43863291877722854
S1,788,L23,323201948892001989,fa661247f7105aa3ec14d63f61d8b9e10f9fb76d5c13df1593c8f972a9ac8679,True,0.4786408119778966
S1,788,L32,7971743902443634820,5131bfd19e6210894b3d7833f94811e49c204b46534b80c28adabd3ed0dc9bf8,True,0.4227182902738768
S1,789,L12,1694941441196077022,02ff9ed038c945369cb9e35634562a29eff9d20213b60debc4709bfe648d1457,True,0.39164334067583634
S1,789,L21,7875290320128838632,865c25c2bf94939583dff06af669d3da5ccf79c8373cbc7d1e2914adb93cf080,True,0.4667757408359882
S1,789,L13,858836059780574473,05fc059618ab57f9589d47a1a1357eb5cbbe28cea8d74e44b1e859ae65286927,True,0.40936622734990025
S1,789,L31,9808214089882121655,91cfac6813904c371589c7ce76ee8e80b2654fbacee8c8a491e84791e87bb82e,True,0.4459020060377457
S1,789,L23,6640568870140874621,a4a16fd134439f260ba8b60fb474704610c964234d3450d5180bb264abc0469d,True,0.4767514137415244
S1,789,L32,5740907497565818720,f94b7e7dd77506bacfc4a640fad86a4ee7b1e5876535584209046655ac6a5080,True,0.42447361953679097
S1,790,L12,7207393805389577839,dd22e98b0f35843d90e216d287f050c6df1f3a6a406e983740d9629637134fec,True,0.3902521096387688
S1,790,L21,6247870483983225785,516cf3297d07dd56b5c3e4804bd1627682e9aa3a215c06429f82651077052b8e,True,0.46797010763460184
S1,790,L13,13645095221418959615,683723cdd95d3c9a814a39fc3201301afeb74e4622ddd0ad541642f21696a37d,True,0.4070350794549305
S1,790,L31,11265694615063709757,f339f252e3166f58134c5c42aac76e19013cb62f8a8aad051837d30770b905ca,True,0.43744599190968547
S1,790,L23,12243760179730489958,6371cb040e5115e600281de68a980e06d89f1f4cc11a13782e488e880cf2e733,True,0.4770549547234659
S1,790,L32,12609662258609419323,19dc54e8e7dcd2f83d8dcc1775971898057afbde8baa2a590bf84bd7932fd0b3,True,0.4253439107023565
S1,791,L12,14946819874736233231,131c524d6b46d295692526df67b59d3732b3ae6737941a9f117615ab83156844,True,0.39338805889439066
S1,791,L21,13675487623808421670,7a1e567cd826c83d16514a3a07a867cffe9bc07aac4ab6e2f8edea2275af0046,True,0.46925295845241294
S1,791,L13,6974193799805048677,38cb93b0c10db5349e4ebe7f5178c3979642e0bb8416698d79af68ea03fd777e,True,0.4102249672956225
S1,791,L31,12511713245035384215,bb174a866e39df0838c35a108141dc1f4dfd78bab284c38f3385ba37ad20d552,True,0.4422089601154049
S1,791,L23,15915782529280374485,12aef8403be5d42d9a24d25576c116c86f0c82781745aac8a936e1f9d61cab87,True,0.48271120473234264
S1,791,L32,1745423060823554776,e854f8e4d8a1e6effa34b8cc50e69fc7f30547d30b3c8fc47cf61755f9bfa267,True,0.4249023644517642
S1,792,L12,3282522977556683282,f5c43e2b4c39723896241645ac36f834243763dcdaa7417b63d985ef743389f0,True,0.39649450256815855
S1,792,L21,13214569131833342485,598aea359c2be4fc28ca43755ecd5b40bc9f89ee81ae4d3759ba8fc982086829,True,0.4733049316484904
S1,792,L13,11694362809018638899,f79df14e64228e286561c538f7f13cbd01452edf986e3beff0955a8f75fab482,True,0.4044572281180876
S1,792,L31,436248675290420859,8a99640dc084aaf6dcbf987a9d4b43ba228504907715b8841cb1c354c66df38f,True,0.43332372416904036
S1,792,L23,12071513747720774207,da2349023b982f1c36f7ccfab37f62dd7f2810c71e3f15b6a933716e2c4066bf,True,0.48534029382769894
S1,792,L32,3912183733644778627,05625e35e0f11493662347a1edf31b58c2cefe6a3332573a0bf4e6720f778528,True,0.4243027972877419
S1,793,L12,15650155035088676504,d2e3770161d9fe73d4694167e640c001e84c37354fd46ae2679a3f582d08e424,True,0.3927985282644483
S1,793,L21,15398519168232419427,c65ed7e7c4c9f09cda4f868d14eb650ee3a654d518bfc6fbaa6a5084a2a9054a,True,0.4740768839978394
S1,793,L13,9825629168884811732,5c0506257a2bfeed7cfc7474e3ec7b66e00e492f84f500c483292489d2a45ded,True,0.4149750022923608
S1,793,L31,12458909399839919602,babb54cea16329be0feb9ea46e61a9c7895b6bd46454047dda43b6de674f232f,True,0.44174655227496534
S1,793,L23,579604801269289540,613b2592f7f34ba74645954829e5012c6e95baae0d86f14efdc3e1b3a46e243e,True,0.4766747297325015
S1,793,L32,17878297782649963094,65911bdb026707deb6568c8a5023b53ebb2b755397c05001d1bbc1a547085e9d,True,0.4173851552436443
S1,794,L12,8988231257586147616,757092a2b4571fd197210c4f9aac7d0630d10baa7645ae2f23bd2fcb0fb64f67,True,0.39076645029713464
S1,794,L21,15975803444506888673,124f836a33782a2379aab0f9767212fa948b431e9d0b758f218a20e61168a8cd,True,0.46427128725437217
S1,794,L13,2147118075581984145,3ff4545b89fa1ce4aa4a27c0da63385fe84f0bb262a51900e264f287c673a082,True,0.4147932128833761
S1,794,L31,5409981638819798456,9905f0bcef08a75eb079667b599ab73ffe01381f7b0b8ff75ecd257c0ce3a67d,True,0.4363627068121095
S1,794,L23,3388118336442574614,838b412a73a9acb0bd68abdd4aa4a88283232dee10c49bb3417a7fe2347e6f76,True,0.470431667993388
S1,794,L32,15486693257152356529,a392d74e641269d5b6055ec453b9ab917c5873bcf7c29df2ac5ca5310275427e,True,0.4258260273978628
S1,795,L12,12582141862620246176,cc49bf58011d09d35125c981da25955dbffe771c8cafc182b174029a6dea8aa9,True,0.3907568967854821
S1,795,L21,6219412225707619980,2f9e7728b759a4e22ab791a2c85233d2d2129f91858d23bcf896df5bc0fc5361,True,0.4737959123810376
S1,795,L13,12303598513994900747,b725eeb2b2889ff823795791324d291c1d18fab0c05beadc2e2dabe5f239df7a,True,0.40866685349506937
S1,795,L31,1024833941182945288,ad194b37bec52d52c6008be6866361cd99bb93df10798f447b69c4d5435526a3,True,0.4395948568152154
S1,795,L23,7890623231546776490,ef57f55ddd0510b55e260a60475592080a63aa78031e591406659070f7edd51d,True,0.4706375393813201
S1,795,L32,9011158248122923245,e5d2cf42df469c0bf26e2391a30a90fdac078e6f09fa79b20c238608a7457335,True,0.42515677856855877
S1,796,L12,2137681693236020982,e9130a54ce0e57b06a12262e085520f8b59a35a17657873d0cf4761a5bae64d7,True,0.39312969126528235
S1,796,L21,15782535093550027153,e6e68817d402a0b93bf34e045ae582f9d00c28e25b74d338812d1cb7af192bd7,True,0.47131070705039346
S1,796,L13,14327357795067820144,b16fe74f7a2696627c6e09a3a6b43a7e62a2572848bd35c6200380663dedf994,True,0.4064754347055903
S1,796,L31,18342018092279634173,1f47d338218b6d04d32208191e92e4199389eb28c5badbea1ca5a0660c60893f,True,0.44442455176124807
S1,796,L23,1053795695494959572,b01b9d09d4232052aa3e6254abe93c13b43c44c58325ec7e3205292945b8c810,True,0.4848102911687789
S1,796,L32,17821335850822005741,acf36333cc2ffb090584c40737e6a08ba976c6a759b882bd4f0254629a7ceab1,True,0.4223522338142067
S1,797,L12,11667006429866018277,419ff522cedc0ef95acdf69933abf15e37c8c7a220ba060d17e5f4fc6462bd96,True,0.39413639233848885
S1,797,L21,7497473266396686988,7bb2cf281a08255abd9560f12a30123f6f3ef3ea9c70619f2bbc6f9eba9f60b5,True,0.4704501552762008
S1,797,L13,16930059180457080472,8fabd5922c8a10a2d17a3a8fb60e96218498e7c3ec89cff5f71c0680669a65c4,True,0.4040934196732886
S1,797,L31,8246883436320772267,46785805cf17b4cf3270d4a103071e94dc35fdfadac121e45a7b4e066b7f11e1,True,0.4436960150116368
S1,797,L23,13354288837485607642,ac3ef47665262ec3128e43756ad027179f46140d44ecd779ad1b9f3452b4d538,True,0.4747129272920229
S1,797,L32,17102154813838518834,f6fd3f777a526fa80c1dbebd7444903c5322c7524591ecbc0b50c860bfb816af,True,0.42488833901928874
S1,798,L12,6853590238746428575,f112e9a60f5754c6927edb57660792fc67821c50a903e13f35b7857940a1416f,True,0.3898208346054764
S1,798,L21,9169253376130719137,bb8184fcdea15c679dc486e0873eb6e078435f732dbb4113b82badf7e4319753,True,0.4747782939081073
S1,798,L13,4431566428316467020,c34e29494e500583707a378812cb39f86c0b04006120c7640b757ef3906ab85b,True,0.40383254244712435
S1,798,L31,6715156624712141412,1483d6d23694a307f200de00878f1355879487914880bcf34e2c83f1f3792803,True,0.44435651327311876
S1,798,L23,1052623882075239409,350a3d62ff5dc78a0ad909d7b9fa83cb1a0fbc121b62dd8185fb414e4225a4e5,True,0.4886089335500661
S1,798,L32,10752001088028028063,9fd45d63e007ac73fdd45cb6bec4d67c7f54194e7c4a0fa779a1738cc687f068,True,0.42586711337934163
S1,799,L12,18236793042601356784,c36d16fcf0023b5e4cc87edf4a3f7522c68ec382cbe160582b7b3479ce75b36b,True,0.3942443956404259
S1,799,L21,4856209539400529594,11aaee45b8cf308e2fefd3ee88b5d6fae480782e9a6dc67a199ff6e7267e5caf,True,0.4715541704337537
S1,799,L13,18431327600245270609,273c06340ac1ded602b5511e0fc2659da33b4848fba5042e7ea6c801c2b74887,True,0.40756138923574037
S1,799,L31,3595688457139585048,bf6ba4227f2cc6e6e342885d7c24f2a87dde068e44321a64b0289e36efff1eb3,True,0.4348490070278823
S1,799,L23,10525228960396009780,abe6f0bb3963614ca24563b114b75a302571c5a6fd4f939d2fb2402a3de121af,True,0.4722649683442323
S1,799,L32,8029690894437751704,9a427bf29bb851168c4796210d815bc53a1cd88b719239f065c622c4e7f7c034,True,0.4237594172449718
S1,800,L12,5184337216233840929,b30ed098d59111205528bda0925967e4c39e5503ae616be944d9d8052ccbf5c3,True,0.390107340630227
S1,800,L21,12062603089310660662,0b753694c7d07186be7b52c173e2597f0a95b4bd11ea95846e6856927c0d7cf9,True,0.46805425725331684
S1,800,L13,251128785175100210,80b142b49a3e2f44f6bef56e7754b7a6b864139faac364b40a8929d3e5e85b8f,True,0.4058790961624343
S1,800,L31,750933388949667862,b7333ba4100d702aa0f8955623fd8b81618ff01ac88fa7eee255a7b466a7ec6c,True,0.44173383594656446
S1,800,L23,12887223635011245094,244f755ccbb6162dcc42bf67bfa1e6a0291c901f4893046b1bb96279dbf84ea2,True,0.4760187750314854
S1,800,L32,10220600642591072707,29ba722806133661f851b5639e4bf4150e55dd49dd0b0bd6d8b952800dcb27f1,True,0.42404815530795154
S1,801,L12,8957214649922234270,7369855b0f9660a00efb06c9799eb7224f00f505f8886928d37af944a09f6f0e,True,0.39367760178680883
S1,801,L21,14696999100131212281,72f2143075d07907d4384613bedd85c4d0782d674af72012b80be37b9d8650e2,True,0.47266013768976056
S1,801,L13,15256183230463574851,304cac9df8b32dbade1ab6ff4e69e020eea3c90e51996d5b39ff71500c284fa6,True,0.40994212784619605
S1,801,L31,18204591305380314855,d90b8a94ecc18b910422b2cd39d849d63fc471dd549a3bb6bd23ab4e92a782e7,True,0.44859344171819376
S1,801,L23,16774722560785786989,7102170bbeb74b0820c267d0324d4201aea5fb3d54ad16b3e3802f504adedab6,True,0.47304427241214986
S1,801,L32,18118835826810906393,db20976f1f825d19072d81836ae015404b75211fa262181482f70954bfd24f8f,True,0.42377385071584095
S1,802,L12,13359207090678906578,51a529dc6dff5d2abe99d1bdb180f39378f691f5d78400573716343e3a52763a,True,0.39176735173453203
S1,802,L21,3367211948235502720,ad22ee0681b3651ee346e0a8909bb17d980c5bd451a626dae61aa0a705b71da8,True,0.47046612888219475
S1,802,L13,16275695613438227877,91eabc6716a4405b294f486278bbde18a49b7f4addba3cdb582284e29da45355,True,0.4038412350123125
S1,802,L31,13277968912310729279,e6efaf8c12432ecce940eece1c81b68105404d69c371580779c1803c979c2226,True,0.44249232954269013
S1,802,L23,5790736080117136769,5b262b73574c33cf2d458604ad20f22bef671ddd1098f61e6e3b1f64068d39da,True,0.4727798237378097
S1,802,L32,3241314735332721194,3645f776f9024db0d48846a1455446bec98d8cdc8b2b385fb67c827d0607b0ca,True,0.42232325382963487
S1,803,L12,14555898139075622545,dbeecd46292609220c2a3700f76fa2d8d73a3cae623ef7f2b9e57a39e2b95a0d,True,0.3934181607359064
S1,803,L21,12035293286875940847,0cff4f3d1f6a8c1ec6b6cb6c0d025e8f2a34d226e9796c05f85eb4551311d1ab,True,0.4769953560175283
S1,803,L13,1582735774759090351,f0a88804eccb01b6a07687563679b5e237a769fd44e822671261efd69adab49f,True,0.4089810123976655
S1,803,L31,16058943053175082817,d5ba7fa1f661705ca0aa26f936810bcc44eeabdca40e59ac8c883221748600e9,True,0.44329264114883393
S1,803,L23,9544619391093350797,b0bdc1eb81431dea9a6f9a9c8bcd20d706ff129e9f6e5cb06f056a13832f4157,True,0.4704179981795922
S1,803,L32,14472486960008244257,3b75781d1bb45040f3e822360d25570f5e379f2c0229b37b453a34cfc409642f,True,0.42376806586515553
S1,804,L12,4578661634355181611,2c3ea9bf61c3d480689cb00cbfa183483dc9a10804c2c2d2cfafe00ef9b1df08,True,0.39100631624569915
S1,804,L21,13977094422959616357,e49094814f7967bbe49a22e2c02655a20f631995cecb5215e17f42949136f4e8,True,0.47129706313046305
S1,804,L13,10071711406937571927,5292b45b0f4bffbcea770dfe5b8ba1441886f40c345655543e60d8a395d9479c,True,0.41408811016875946
S1,804,L31,10970175047354546773,a7d0d1647cdbf086db00eb44aa3a095d1f884bb1056ca5bb7126948ca522700f,True,0.4431128270705657
S1,804,L23,9872054763825394710,bd849055f8fa6a7e350486415f9b25856bb6a055f95c0e9e53db0a629990ff16,True,0.4805877373649398
S1,804,L32,7727866635449758750,2711c1d021b3c0f3ff00715a61443fe639e8b1a95d0aea5ef876424cf103169b,True,0.4243127383924605
S1,805,L12,15994100519252882115,84ffcf654868c31a5f992c72eda6d3213bcfa72de571e9732355910923c24846,True,0.3934041543468057
S1,805,L21,18046610129250769812,e57e791656467672dc2c22e37a2f06800994f2d18509c54858a2f5bd1da1ba86,True,0.4726463665383307
S1,805,L13,1171582167045676263,e3f027d95aacc031d8f23ef3ff7e32547b444f8af36075c490b1ce12f71c3140,True,0.4060949274699771
S1,805,L31,5736176845590944645,54d0c911ba7795fe2e0084f19704eea538f3b07e4612eb6c8cc2e84f0d1a6a3d,True,0.42965015808641827
S1,805,L23,7231944966683218895,32473a1445cfc7ddf26a03362e46aef986778ccedb98f1b77c407d2e00aecca4,True,0.4851802975523557
S1,805,L32,11371246621142103864,e5b5e58bcd36a3ee05c96ad2c8a3039d91d616fd4ee2ae987ea4f821c162b25d,True,0.4279867957483541
S1,806,L12,14346650622459972968,d0777da5fcce84796dfc4647070e59fc894bb4c8ae75edc86fa163663f4093f5,True,0.39321112711042905
S1,806,L21,14455985091646915502,ee21bd64b3755f0198eac483011139df2c8d3a0d447bf24ca048e3c5fd412fb9,True,0.4675065129070379
S1,806,L13,6731700161838952267,f640442d02b40b2f6b9e937b3873e21996388fee77ed40f0f9efb5c548707b37,True,0.40803810997056644
S1,806,L31,14130815659975477579,3de178b3a41a2c7885698a8fbb59ea366141e7ad73a05706813a215456830555,True,0.4418508056213195
S1,806,L23,1567893442906629806,b4fb84c0384a479cfbe5638fe857175ddcdcfb29d1d9a5877519ad35cea2b73f,True,0.47634532223456133
S1,806,L32,13250580722463760773,4367ccee340c052c0ddaf939b2281638dfa14e593de751f1ed9554d7aa08eab9,True,0.4280460309670316
S1,807,L12,8445783219361881461,9acecf8341ac9b3aa2d258306496bc3cd7ccfafc5ecbf5adcec7ac876e177138,True,0.3935322964770021
S1,807,L21,4835953785673720695,13609befcd141bb2561decc53eb570d74dd078e48bbfa51597e6cd3ec5905b8d,True,0.4769604713774176
S1,807,L13,17799784248080711023,88094be5dc2b6725e40c835ccea0c171e146e6a43a119275ff7ad3281566ad76,True,0.41054468817425305
S1,807,L31,12904689108998968129,cb8a807644a6df467665fa15dddd754fc6e6696315697090a40daed6cbbd601e,True,0.44165714535761974
S1,807,L23,9425828700116330197,633b6753a1207336499d5feb891c8997d4bdc9cdfe77604d637cf24d2f9e0f4f,True,0.4817270728571381
S1,807,L32,4522290022239209879,30cc2d7de2d87ff6fb9b17b3d81d222d52e8f22989bc771debbcee4616234256,True,0.42915037347523866
S1,808,L12,14858296412986447259,9f01590cadc7a6ef8924a9a74ccba571791beb5ce6f050c9646e5dddf4a850e9,True,0.38892444983487495
S1,808,L21,2007129236830567645,88b36885dc8c35b2b1bb98d2f9081d557b0ed6b030d141ec7964feb5805acb5e,True,0.4704162058202034
S1,808,L13,8168276721207593466,5e2e5dbf2ce230470e6a9e075ffcd56965935752a8e3d9f3fe16749d8600f689,True,0.4127599030635375
S1,808,L31,8278530502235913100,52e856826ec410c093f90378f2b96f2ecbac37480eceb494d54ccf05d4b72690,True,0.4424239140132231
S1,808,L23,6798452218461546364,a991c1df626d9a0b2f535c807cb3dd9c4834858c3a4371060c60793acb80683b,True,0.48393173755628327
S1,808,L32,2951883757610337371,b33de6ace2405226cda409cd00a38c77edd5a696a3be4680e845a82107dd9cfe,True,0.41980912599296916
S1,809,L12,11450090107519163592,964f6652bcbe7b2429b48d8110403c2608fdd4e7f898a8d26904e85bdb98aaa0,True,0.393257011003334
S1,809,L21,12350503447812197176,5180b646f8f747f346d97ed0e7f9991d1132c76edc9f6803e03f2d771529e0ab,True,0.47601465841363116
S1,809,L13,6673891500322066103,53f6c4ac8df8564f67e0920f74bd396284eb453ac3758c392a8d066f157eb4bc,True,0.4075603279711718
S1,809,L31,2168618828302156675,71b90b0d42be2115b8f8194d86d144ff1029bbe6cfc9f5de03691119f633d1e3,True,0.4437180321468673
S1,809,L23,9282150012882713367,d8a60c2ff2c2c14308564809188efdbc3e39d9b24d9256c68d74c3a532e1734e,True,0.4733925347416863
S1,809,L32,14731545088408795570,70972ff7a7e220c10b0c2a68b62c2c8f6bef487cdc53e2216eee1cb8f6eb0713,True,0.4231527523672045
S1,810,L12,6849784714857485205,399f38655f4fc21580ff4fcf8ede233a00a4bd52f8c30fa532300d92f278e1a0,True,0.39024779754692424
S1,810,L21,15293307931872600543,03ccdc9aa523a9bdf03d4e76604f0bbe7804921a39f72fe2e5fcab52b4a6131b,True,0.47330168581741144
S1,810,L13,768234577657547260,d874e8d74aa31c7212bf2dd33c8f43af80af94b6678822c268f327912a4bc37b,True,0.4065256749666055
S1,810,L31,9537090291229015633,b406b8af02a636b19427b91786978343245c9c3cdb4559d5849701f9d4d64710,True,0.44941380717719037
S1,810,L23,754508576519859624,f398373af02bdf941a32d6c00efaf9173701c63ecd21b1a229667c281c884ed0,True,0.4819603726228306
S1,810,L32,53221401149704228,7c675449f20c596be15af6d46cd314b97975ae79ddf026c54544dd1ad1874b0b,True,0.4251927746012666
S1,811,L12,5781048066225598718,938cc2ff4037919ebed228d8d7f9130cfa0c7e3b77b60d69d2b8e2e41b91e69f,True,0.39155833444443133
S1,811,L21,2766266628074999115,f911d0875adc97dbc2fc2e15255f625704ba2f8c28f26852fe23b79cca8024bb,True,0.4740985659493424
S1,811,L13,202894404511155705,c265affa8d06f00da0eb490f8b852381efc642bad3e871baaf66969ec5f4af64,True,0.403927535183933
S1,811,L31,17998631366896446201,ffce313fefe192e1bbe612d2414e1bcce663d8766bf7821e8b9d7e50b7761307,True,0.43399239542515305
S1,811,L23,9019322505256460088,ab8d4a4e953735976978dc7398216213947ba1f17ee566fe00edbead0ac1e07a,True,0.47844928671676173
S1,811,L32,5042785840242971622,1a15d666c5bd903f35a2880aa96e90898440d3f71e925e1c5089601a4df7ae42,True,0.4241283868212603
S1,812,L12,7247638861646777447,e1f8c18e5bf47178d6da17689a6c626138e461f89ff35983def5d1e053da70d2,True,0.391626933984843
S1,812,L21,18047440891861092483,0a21527faa3de37dc44c2a101b3fd252605c78820dfb176665d3a6827efade59,True,0.4714283719255529
S1,812,L13,2216081464995515086,99256f9825dd2cbe5c63006bc87838ef1180d55cec239a98d4480811bb92707a,True,0.4114714899555147
S1,812,L31,2454663387186676333,c049a7e4cbc49fb39060f7b6be1df16e5992d12f4c039a6c0fbe105be58221c3,True,0.4387449124186693
S1,812,L23,4848167360518870275,2bf9d9bfefe18c08d90159ce85fefef5b21894b1a0c42803cb9028c5952d0aae,True,0.48480069814829646
S1,812,L32,18011706950082449115,3b317e5f9c5041f58c50dc92394f37e01b6cdf9f5e7cf1206145529fa3682741,True,0.4248014032586482
S1,813,L12,3631184074775885131,e743c606e63bba210f7f5e2455edd61a015695f0e6760e0900a032139f105e57,True,0.3921576263960195
S1,813,L21,16959956533997531096,b14949763159f40367ad03614b9537778ecb582d77781a57249753b4440c4904,True,0.47469427826254035
S1,813,L13,5244158510668456514,3f16b85b270eaac782b5ff62dd9ac52775a110a761706e87d3c5116e8498ab4b,True,0.4091074562930934
S1,813,L31,9184943668923998563,3794bbcff8ce33e4dc97e5543db01a51b4218de965c1a9438f4fe93de5789640,True,0.4397405638716382
S1,813,L23,4641711352532137339,35aff5fe4119abc17cf8fcd4ed5deafb1ac3f1487b0470f53d8b2dbe903f029c,True,0.4754136795473115
S1,813,L32,12206169322445139456,977fdfd94853eb60d9edcf53fb6bc93fc357aa829712f442ec5869a744a27f53,True,0.42673872343879515
S1,814,L12,11921025676258733925,af5a3a7569ea92aa21a977da0ea65f0aceefa3e99bfdc6b9d9d6754e2926cf4e,True,0.3899925619720677
S1,814,L21,3332785811957888918,15fa0f384f0a6008d1bd5445217f96546c9ffff83f47eb4dfb49ff92f711de6b,True,0.47331953255523573
S1,814,L13,10833223365521944392,5fe5034e3d66bd027e677235968c126dffb6ab72fb8840e882036633d0d9abc2,True,0.40894119059333206
S1,814,L31,13078370252893514322,09f94583ff2fa6d77276e8cd60fa9e18b4b4d29ed41ea75a218af63ed3208bb9,True,0.4381501499897797
S1,814,L23,10058815367093811738,a8ec073fa56ddc10add2cd510796e0601cb4873f4f71a0a432e1e663886eb4f1,True,0.47320431475970326
S1,814,L32,2334179910665244252,40565e5254d32b890ce931200bd116fc7b697298fb153c9d341be74cf96c4320,True,0.4248014032586482
S1,815,L12,4952319923909198793,5e10e0392d8254957e52b1106128ffbbb663b60c120ee41bb41483fed2a10603,True,0.39223682417780714
S1,815,L21,2780710971677934176,6021e7d9367a6d78f7b01d96f9c8dd31f7ca46df79edce31139d20724f30a0fc,True,0.47452942548637467
S1,815,L13,11175161876180886801,8919aefb5b3b27e4a551b7e838f0d6a3808f20329517cf2731a0795e9427f333,True,0.40993662545436216
S1,815,L31,4111359340562752605,ae7500a909a6b5125cc67e07f932f14f931f36733f14d7bdbd645f754e409477,True,0.43518770066231366
S1,815,L23,1812853592823732283,d129a2a0c6e6e2feeca68992d7566348b52098978766763e1af38899611ba069,True,0.4859074247493209
S1,815,L32,13501590881670525380,b874727f9636bb6f70ab97f554b3d1da243c8de0047adb01471f5f680629ffaf,True,0.4231346523853269
S1,816,L12,10120066098935062284,10dccef5ba869b5836f267c225a98a122aba99604ce144fa6852d21c149c2449,True,0.3940364130229557
S1,816,L21,6625475853152139440,1f21ae3228df26f195ed5e781de9d3e59c2523f06ed637e4bec572b00e15b04e,True,0.46866471376029184
S1,816,L13,6002795682558176305,0796884acc02fc87b4465172fd81dade36974305ec1f4f8ece05fa1aa3d202c7,True,0.4064126802502162
S1,816,L31,3368092737726071405,5ab857129878e4945c1cc6cadcf54c0f467c58a7c1d9b4eec7e33756e5651600,True,0.4357841067126947
S1,816,L23,46368731909991127,a87dbd7d9fb586c2c336bd437809ed32cdec27eb3861556a7a98833a8e697b99,True,0.4811911964001081
S1,816,L32,15702451999877157931,2c66d03b802dd9196bd2d25cf29bbb6c500559fb557ebc5092a9ee464e15aa77,True,0.4234881820878024
S1,817,L12,16202396537193066787,8173301cc17f2341976bba2a381b39f70ba9bbd47b5c064f47d388b3b3179dd1,True,0.39408102045330856
S1,817,L21,9452603100440754436,8ae2e7324df54ad00505f3f09d2ee89fda8c5362e565d4c6909bc42a4cd4e3a3,True,0.47593400357935534
S1,817,L13,8436383040360658816,ea2696d54707778107a553216edf06d8be2961c0aed24eaf1ac7928fa719542f,True,0.40800432530922304
S1,817,L31,10614860028502134896,a698b89cff8fbec947c1b318a452f7189c37205cfb0144ada6a4ca16f7bf71d1,True,0.44069666186514367
S1,817,L23,10619746995511755182,b59088111d48897d939a43ab9de77e441ed5dc8c2ee552481c42aec49dbe45f4,True,0.4780554691717653
S1,817,L32,7903572676080286424,66dc6ebf82b19230141f87d1c578c58490f22bbadd88a9e0fcedd2abf05ba9df,True,0.4210169860887693
S1,818,L12,12290295470181796467,8d334af0d5e5c4785850e2b02bf8d36f6242987091791ee4752883667ebd1bb6,True,0.3939759232299352
S1,818,L21,12999970091949214071,5ce5160916bcbc48a76e92b20504f2f57f39492b71d1fb4b24ef8c42aa7c63fa,True,0.4760684633313249
S1,818,L13,6614909141008545217,d6b25a72ca83d9b50a474a263be702b07f1ee5bbd636299dc4707705e46d2caa,True,0.4095247730434697
S1,818,L31,17455248394964554534,40439f278cd3476c757ebf624fb7e51795bf2772264d7ca397b0758ea52f4f77,True,0.4422097998401898
S1,818,L23,6308390174718476430,3e7ab2ce3bf79a1c21c5f5bfbbcb4ddd8b1bb75e313b449b11f2741c96620698,True,0.4849503828237899
S1,818,L32,5385772281556509893,25ce844887403ff97bbf3ae709365471aaea2ca09044237add0fa4ca00c5d1e3,True,0.4217662860110142
S1,819,L12,1618683263100055577,7ef0a5e9bf503ed36cae6ca7345e7b72b24ffcdddaaeb8cbe246f9102222b5e2,True,0.3902384053480189
S1,819,L21,6430907233863880274,7412f28f09b4efb92911144801631ae16865256ef9e3f0c54e38ca3b8edcf502,True,0.47131070705039346
S1,819,L13,3236807417689771237,0e9ce3dd6218f53dc0c6db42ca8ae8b78693e198dec418b4e4f63d854aeb46f7,True,0.41115175525057435
S1,819,L31,10803545987924997200,a1c926c0bc0125b72ad181808c656cdc65a3909d2b90cdc2c2979dc3d9ab2bec,True,0.43534983439939806
S1,819,L23,8114456433497163761,4df7aec43e2308d66054950e275c49287e31456a76dc6c9826b421f6a6f234b0,True,0.4810591702853316
S1,819,L32,10211923572832747638,8aecfd10452a82bb9675789d3d0e9f6774419ba774dcdedce7cf9b8e687f1d19,True,0.4254791213740644
S1,820,L12,5142822226924843079,404c365a5525352da99d441982a77c6baf68cec1c007ccbc942c76c6329f8106,True,0.39162702062930116
S1,820,L21,13523524607677992393,e60ddb5915400f2e32722059e50161ea5cb747f4f3f6efa3914d9bed8baba965,True,0.4724021786021629
S1,820,L13,9816578194197614034,0bf8624c55f3ff4845935362215538743500fcf0cdb8383e94a2431b7e959b99,True,0.40578633246390644
S1,820,L31,3363765793260121776,c3dc557899bf85dd088b4b718264d6736e40db2fb231130ac65b51164129e1ab,True,0.4374447303321779
S1,820,L23,4675523469510651912,c7970af67a52076e7aebfe0a38a1800348805640a31035dc1c97a16b4fba7185,True,0.4785725213342238
S1,820,L32,17551510660000014408,08476202579f42d87c29286ee6eb9693a00cc5b023831efa95c6f76461b7f309,True,0.4282573544411985
S1,821,L12,9693779534829268572,6aca05c2c4e921c7191cb20f9ec94e3e14170fa90d0e608b52280447ce08ec06,True,0.39618611579223795
S1,821,L21,13995555446486115710,9fedb7bfa1de1da026582b57b0f68509e99ec2538e51a9806f71ece3962f0180,True,0.4660617720768615
S1,821,L13,1189459351978396407,a362bd29ed00151d5dd99c995101eb4e30113af024effc4fc026c44beec63369,True,0.4063731433379961
S1,821,L31,1699827982039292297,b776fc5797ed889e1247cd319f82da6c3308f640d1e68c6a7f6bf0be26bb0b33,True,0.43679782923164234
S1,821,L23,9293072793797087799,a8bfff54353abb9b0d716df96c5c55567a03dcbd17f8873971f1480c72423827,True,0.48118055417752315
S1,821,L32,10602107557849329943,2e185ca6c588cedca697f7d0c711d36b62cef8db5f25138616a3d20cb38d21b1,True,0.42145934970444965
S1,822,L12,16653702945131574632,6380bca4c4fe4b148f127d38fb1655418ef556e0298559eec0882f026cebacf3,True,0.38933996627858536
S1,822,L21,14249101291227206763,aea3d5105fcbed228dfdcd554d80eb72555d1b9684bf88589999ec908778a244,True,0.46901968983432035
S1,822,L13,16265094582767993530,3e6483575a866a7eb3d0d3de041eff28ce1f011b8f53edec0ca941cc6d89f1b2,True,0.40970745295267236
S1,822,L31,6159291664560833637,328f148aff871e735f07b38e36a7fafe5848f2298f5b23b4d304128d8ac6f156,True,0.43553835967527504
S1,822,L23,171540393053201623,bc1a05171dbbff356873059abe8815d05dd23a502cc9b6b40041c6b0bd8324a8,True,0.4745157286595988
S1,822,L32,3491319395044459132,000bcaba65a99bfb810142e15f0deed3aefe28bd4f668ad9cd71fecd60056a8d,True,0.42264929753230285
S1,823,L12,13817620593986779451,f57379bb1a29754ad29b57cbd7b6113ad4a6399dba5409ad95b7477f255ff548,True,0.39025353404647467
S1,823,L21,3666407867422698974,30164070862e48db74b9a26c34d98bee86fdd22fab284ccbc657094b94b5801a,True,0.46870533192584385
S1,823,L13,16320382002671445487,4c51eb9160e2e47990cc4e69f66bd4bf5cae113b2e9f7a0448a8a9bfbb552e1b,True,0.4130221215597838
S1,823,L31,17102370663493752479,2ac6b3659f691c6b0306de6011062724f8b40277705f18958c5cd44c6fc439d0,True,0.443616055109194
S1,823,L23,6496875273029696443,96378096239acfbce9b1d3673cf8dd646ce2bb01a1c56491dfa44ac097a75f13,True,0.4794009097188074
S1,823,L32,17318719608342121652,5927e9f0f82f8f261e6c14bd9005a0b48e46d1abd9f82c221d6ed08157020128,True,0.42521607679594764
S1,824,L12,7242259391032830254,13b0504dee076ae712c30df771185686ff6a556fce152ae8313ed66d1128dd94,True,0.3883212689820212
S1,824,L21,6574395774771931421,fa19d891146d64ed31df0be201422083d3b5738a36853f953adaa9d55b839e0d,True,0.4710971082119222
S1,824,L13,14177414622248935383,ccd1e08f1257427010dc08711dd359a3bb067009a392ef97541d1f541b9c558a,True,0.4154974871541619
S1,824,L31,9358400302843437228,e04be7ab1d28eed58c70dcd5bc5b7aff3bca8a2580787b462696d841a8126b50,True,0.43688244897912343
S1,824,L23,10024510890801393374,306ceda524932a9a2bbc5ead76dc988f944df151ee55fee294790418791f1216,True,0.4809503304124199
S1,824,L32,6446950654619394827,81d5463cdf49b144237d2429ed46d18d947fbc577394e11d76241811343ea3e5,True,0.4235470009723289
S1,825,L12,7154450243690971283,71f9b7bbec8595fe181f613a205fc6976fea273ee6a6cdb4d64b4cf266559f5f,True,0.39334193710370224
S1,825,L21,14039554168054905858,e12a9d0cd90efc7a301f2a8c0cad7d60e3901387091f475a27fbcb9bcee48ef1,True,0.470452689809542
S1,825,L13,18012308295213212531,eee836dd97ad54f2498f1f0132fb57c2cd2b219acf3d064708dc0d95191db765,True,0.4148683883792593
S1,825,L31,18250006039083124762,27d70c1db3a8994780249a5b57d484f3d75f925ce5f0b59903df529de4bf9fc4,True,0.4375851282056178
S1,825,L23,3078234211342497104,91b559af0f999e8994fb99203db623b6ffc34f986f6394d4573f3a74cfdbc717,True,0.4775643308974443
S1,825,L32,495472310558249301,38debf2c60579e881e51dd525c9f5e8f6058360ac7c7a8d009aa2f6b66c6923f,True,0.4245581752693214
S1,826,L12,15892934992045327554,42d6224d2bb72de538ca83bd1096212c09d6dd655f34418007170e60499dddad,True,0.3899573379722281
S1,826,L21,11657838169587833873,ab7e41b19975d8b7ed3b497a6a84e07dec28e376ab459301d12a1c869498b3fa,True,0.47355610142548415
S1,826,L13,2987041771239619419,20fc9ba89672fe99954414597733357ad9a39679c752c470bd26fa84fd994f4c,True,0.401315742617542
S1,826,L31,2433544223512224092,4fcf034661175a27f402194ac1d45e5242b839e82df348f85aa9321216e164e8,True,0.4372076729908027
S1,826,L23,11685776789471011471,cf188e829239a7b656947afb8e6e14b7f3ad5ee6c3d70b5eb8d0e52234027aa4,True,0.4735608769963066
S1,826,L32,1489528841279647239,0b25a3f16285c5809d446b13605c1e037109c8a179b47b934b98b596a2b99b11,True,0.4267459717414779
S1,827,L12,5456263436077871285,c48165a6bca8347c6f23099d40e401e437f05be66f18e69d55162dbd914a7eb5,True,0.38602169281864207
S1,827,L21,13411975393923002718,c0fe6091f3ff0740dc30d46d516b6e05709cec6632f5741734b88f6f6d24d11f,True,0.4735454426282373
S1,827,L13,13277632289768993904,d5d3d1e6471284a940dd32597a1f08167ffdc25a91b312142b5c1fff0de5744d,True,0.4105388762684937
S1,827,L31,10994209268328836674,156a826fc8428bf82b2f39869ece5f64fe998ae6c1fbbcb05ca6a599bb569d28,True,0.44636363337928575
S1,827,L23,15144850100567403836,a02a2a924a9cbcdd5d9a3283dbfc24cf766f767f30722edfe580a75c46efa249,True,0.47856469997753187
S1,827,L32,13525581028062820208,70b136d26431d11fa901927e1c8676b30feebfd57c2e597ee625fa63761c9082,True,0.42280545678242126
S1,828,L12,16587338995586612494,39d28d82471a6c86cd72f4e6aa4e99addb2023df76f866f47e5017b8f70eee7d,True,0.3892892980229945
S1,828,L21,10787124287679369049,25c7cfc0041754f2a109bcdf91fb76a385be7e4ae90f6419a8e2976169a56776,True,0.4717790661069515
S1,828,L13,3343558346104168465,0ce638950e26bd77747e6382765453c9bc1e5ff4499a05a909d36eda9a65cf40,True,0.4156960197659825
S1,828,L31,3639406109092220403,404bad73ff20098ce15ae2c90f8a1caaaa6d8d2893f1384d478c5a16d6a316c9,True,0.44456489079080624
S1,828,L23,8511265691901282982,4150335e5025ac2d7ed0da46b2eb3069c483c318c9aff38e23f755683fc0cecd,True,0.4765657925245514
S1,828,L32,4205315603353094411,0fa869debf7f8278bbe2f8d6813587cc7d7beb96b6b33db169e4dbb0bf236a8c,True,0.42252577837496197
S1,829,L12,10368794015078467195,8bf55c61c83d9e48dd8ce636ec5d5482b07bb404bf01d60139ebc91b9c3fd28a,True,0.3927169735401752
S1,829,L21,11204694723397000095,c83db5e00cb786ccb4306b5d5a5fdda469be32b733756aac362fc7dc2a18cbed,True,0.46881830638270455
S1,829,L13,12809576709736800087,be2590a9c63b9d137caecd194bb504b70cce35004f20c1ae56321807ca292cdb,True,0.4092333730565509
S1,829,L31,16599882263960112018,bc5ef09750666c5d1bcaec823fae806dff696cdd500ad03b4b32ad06d3ff00e4,True,0.4451252710629887
S1,829,L23,6793603870292844955,00d90a11839d9784be82329fcce5f4eded7e9b52336b4bf9af6fe47712a4db40,True,0.4780872239762437
S1,829,L32,9458927287914183090,afdeada403bf74804f51cef508acaea20a6b3760d9e1caa13e6bbc7dc9265bcb,True,0.4280457297271969
S1,830,L12,13406481643523231672,da1632d12cf3497c4bd90081e7cd9591f6655902ccce128da5b023fc730a8627,True,0.39476547394933337
S1,830,L21,17974382409198978316,8081ad80b699d0ee9c5f50d5265ef0b59198e031575bf8573603db498911368e,True,0.4757608936034783
S1,830,L13,3925172132345779446,e65c399474c6d8a29b1f282c0e01662c646f173d1c13e3623df67222a5dde07f,True,0.4125645781871079
S1,830,L31,10003896971644073953,19f26de0b422eb576119ecaffd79a18cbbfa9df22e050612a3d61433d8e98cbc,True,0.44870080847877514
S1,830,L23,6617894070346185758,7f4a08ee0a1b74a0bfb39238879f399de98dbcc241c32df1011d457f45d59b39,True,0.469256895358938
S1,830,L32,15414462285624983062,56d2bf5d6beee068c32e0218d05aa5fd032fd507c38dee8610d639dd34421478,True,0.4209643014242598
S1,831,L12,3314083266006910398,c4e7754dd4aee51e571d955dd756979d13f9a59ad8da01283e4fd8075d7e01b4,True,0.3899891811931806
S1,831,L21,15060875657277098889,7059bffdb01a59ec7b090fe018d61acd67c4849eed7eb7e600eec8a2db7153da,True,0.4676958580393177
S1,831,L13,429037938981778755,69016221667459a6d01f204a9d142b4130bad8d70928b22428af4eb4473a31b1,True,0.4141554641339679
S1,831,L31,6143600465780680562,116ba56741dbf35f038fa1934752f9a582da12f9911fdc286454081ceafebc7f,True,0.4426561562142192
S1,831,L23,2142102786933175467,30ccc241c41233b2eb66510a57e09d1e919f5b108d6784375648e7a3e7deb2f4,True,0.48648546834148815
S1,831,L32,4777868694029433127,27ad581797fd7a4d9b48d1143220a4743949c7dbff063111a38777af656d4d4e,True,0.424123713832024
S1,832,L12,16714999418818274750,cc96bec0332c16273695aa3e3a1cec7c92d5be837ed4c8d6e178607191516046,True,0.3978512871908801
S1,832,L21,12339266737272093107,28fb04023c9e13672d71da47342187629bee154032bd96be4ba890f10b300ef5,True,0.47862352483189347
S1,832,L13,12359588649718127085,2ce4024bed8f36c4a86d0a68704dae5d94346e2c68e5f7d913b5f026f496127f,True,0.4095314862956675
S1,832,L31,14458356824166267302,b29cbc6da30757c97e72551e4d060e6eab438b9d4b5a6926fdb9806a1bab5d64,True,0.4328702584377316
S1,832,L23,12325184138307956956,4969a723dc3c34154f9d9a9cea9cecec65d13bab5120cb2adb0d5ae002d977e4,True,0.4741361229365723
S1,832,L32,7522031518928193170,0bc5279238f61d138a123c736546eecd32f2ead0bb55f0cebeb245e09a0f2ebc,True,0.42154493788866787
S1,833,L12,14691922855385362696,6f2b940f00df00ec57e7209f3f938f67dd46589cca3deacb2a95b618222f4ad1,True,0.3888081061393197
S1,833,L21,4143757802157465762,fd013d1a6ca5395fcc22a1fa257a283d313fdd9513fe9b10dd0080fa78ef9ca0,True,0.4699145022043415
S1,833,L13,16795382781087652920,911ca395b08c4fedfbbdd701da0af710a55b247197b95cd198a6b1ae207dbc78,True,0.40773399655094583
S1,833,L31,14129734804030062265,d68612cdf243aee0681a8895694cd90f59bf116e2373e888d88ad309b66b3d94,True,0.4359548677302409
S1,833,L23,5961671147314754184,ef6e65e5e6feb7290a2cbd7bfe2a223f6d82e9a78de71200ee21ef4881650b26,True,0.47457596754233755
S1,833,L32,5828926497458842909,27a26a42ee33f0936de9bbf140d081b52063cdd65abfd144a5a266fe72d4107a,True,0.4204973920258684
S1,834,L12,9493340061827808893,aab4b8e4a80ebc0dd01bbe1900725c73ef29a5f80fc0b03cbbdc56ae9070f233,True,0.3905842210278484
S1,834,L21,14293774496966808800,13958588131c11b3553b3f3aeefb25e6db6e434f73b46e1835faf38b7cd68c65,True,0.4710982811450658
S1,834,L13,12477014320847806474,f8bd482fe74712f16d6f3a0b9d0bd2f8b80d1e11eb0bca014ad3fc149334ae7c,True,0.4082502489474182
S1,834,L31,10144661887805345846,343365318d31cdcc0d41dfe02afe166d12ab41eebdedaa89c63e418553b31d30,True,0.43846200009651276
S1,834,L23,7258734327475119160,15e717f592b4f2e53e817748c92bb278a9c73c78f05e72c4cedda94ea671851e,True,0.47903125238262323
S1,834,L32,1334132646266016714,8abe429003217975b79a472fb12dff63b75f26a134c23ecb10f8dde2a8cab50c,True,0.4249877120615968
S1,835,L12,11947663282846757623,b0f48703cdc10536241729306932fde06af5be7dcebbaf9b232d2504324440f6,True,0.3900870739036447
S1,835,L21,6970421000476093163,4b2628153809d63dbb1b99affa799c153c95e545012c6a067228b200d7ee8b7d,True,0.47489137766958445
S1,835,L13,4134378629204042992,4d83706bd3f7d68a87a3b8f3d10550ac4c5e26b71439ec1dee2b8463a37e15c0,True,0.4098505180628578
S1,835,L31,18295688809805686730,7611fbbc5a59be4c84b03953d177b29009552f0e7238ad83dcbd19a992d15b7d,True,0.4401321133327088
S1,835,L23,17869265522109307359,92ce9b08f2cec7f250f89491be6ceee5f2b28422d64c2a3298f91245670354cb,True,0.4784437741519181
S1,835,L32,7528940135001641253,3a1d42c1290635a938f14dbc18d8a7c21ac85b8cc15510fab28390eb5076696d,True,0.42821039955696144
S1,836,L12,10085214217349183025,3bee74693a8114195d9e79d12cb668b13ec39081d7df0e8c277406091c11a66f,True,0.39872152297450103
S1,836,L21,18044651551658343609,6a4ce008760ac4b0abe453a4d8650f5ef09b6c3153b284432df0ae490011b66a,True,0.4735224447753611
S1,836,L13,14494237804309446256,02ecf04b8e21f10e6481e09ba1b2c92d2adb7974e155b543693e580e3130f922,True,0.40810489291750907
S1,836,L31,14507864389707203463,4aab30e510350b3cf693456b6ebedba4a674c2e7812202c4e506461e69a7f7fc,True,0.4421044514117511
S1,836,L23,9824537524945469194,da0fe635bd5a27de5e263be76b99a0459129f3ca24be825c70790dfb10c0b85e,True,0.476123577729195
S1,836,L32,2517566257966548716,51ae3f8dfe2539f6a121406f6dc5762babb000e03c1fb13723ad9eb0a8adf327,True,0.42521607679594764
S1,837,L12,9652629430254412321,c812ab0988ad31a253b5ff5b8e4a4b863aa0e27b069d74bf210819e50c453ef6,True,0.39153523329322837
S1,837,L21,8988221311451727732,aa37ea3cc0a22faf5a05bf79214b12dea926ca0eecaf55754e82acd952b697ed,True,0.4692969197364171
S1,837,L13,3871795979383961628,163cd4e1edf2e2283834093509f3808186164a56232dae418f890a57946c2f5b,True,0.4081572158689383
S1,837,L31,9521312870663566616,04d529cb979084bc971a5a8d5f78a4e40bb7f67c968b2ad50a45ea6f5e00f239,True,0.4478797741106009
S1,837,L23,17894399199498360616,8bfc1e4c8102e5bbf7c688f836ef0ff2890d0937fc28f4010a3033238ded3dc5,True,0.4845860096699425
S1,837,L32,4616644848051306924,a74659b168ec76ad73d16385d698d8c8867432183976715dacdbf2e22beaa9ac,True,0.4227880524865511
S1,838,L12,405548688306101127,11829b2d2db83866ffd8edc24bc3107dc48894d44e10a44196dc1ea239dc9bf5,True,0.3917688295487885
S1,838,L21,7631451844502801133,6d9b35258448cf63e75e838250efd5c6a2445d4186c7546d7fae31f3963fe9f5,True,0.4685943024300864
S1,838,L13,10458058729736721416,12f1e417f0e333f171448dcfc39703ac9531e43d733e8e304cd69571557c6a9d,True,0.41471486849304856
S1,838,L31,5546284082778386836,572d874000fda974b1523913f249404c4884b39a481f94760e3ab99ab1aea5e2,True,0.44291016835073793
S1,838,L23,17245079570976327699,3110e12e083389babb3efe5db04f78c1c867a9e60416674f0bf23f9a1ea3da95,True,0.48009126976053257
S1,838,L32,2973206632477689008,cd6a1e63d425bf72d93800da6133583f1e2b83a4d3d94cd208d6799761f8d28e,True,0.4205027071215526
S1,839,L12,11049122775675492833,094b7424f4c2c4d2d10e5d3797d7d9ae4fee33c6bcf93f650c78a630fe4835b7,True,0.3913902640218251
S1,839,L21,4934312367389592430,d2ee9262edc92ddc4863608886712820296a4f2254b4df802af8daa9071a4aec,True,0.46769358440096365
S1,839,L13,13803845939580942036,cd2f2c0596d1d0a63393d818f7a23bd71ebbc3eedc7fdf2b9b3e9b20681d424c,True,0.41262215782309
S1,839,L31,10964382045413923733,32aaa63f1e55aa8008c86142da7c2dbadbe7248ca462fb25732ad57f0ea8141b,True,0.4404961666440107
S1,839,L23,1152706932856884988,1c7dd6cb78902d683b08547dc869a9c93a2a530c9744b85cf3de98abf3613472,True,0.4749728808460417
S1,839,L32,5910302793414765968,fde6a0ef81f691a8dec0d0bf31a45ed9b7cbe9a680a343a44c8da90247b3ae89,True,0.42580271064601116
S1,840,L12,10770354577695162640,42eaef68c4adb4a169394c6cc8f8584778cbd0db20c2d639f17d730606e4140d,True,0.39185593182644857
S1,840,L21,13612211512610080276,060a9cd51c506401a391709c3c3158b99f080f7e73f18ca971efaf6d4d2d769e,True,0.4714265715374532
S1,840,L13,11716480091494640247,bd6b3cf8c1760c808895ce6c963141b272a2c5ed2397d1992f3be882b9ff5e76,True,0.4109084518739482
S1,840,L31,8088102996605772696,f4c5708613600a84dfd14a3e95a77277a326f1203cfe064f4dc5be4a6508caef,True,0.44374301293370344
S1,840,L23,15876585572387084069,113373a6c5a36d183a3b2aeb6c5b816b726e5ab9428c49d9642fbbc9a7694314,True,0.4778671113894777
S1,840,L32,7252660428096823683,27648663bb0e0e2dcc956b416bd5ae98d1295868f853a6729fb4b0f44980f8ab,True,0.4253394052313054
S1,841,L12,9611904817907304412,e002c145f3518a6883e3a6f008dcd9a3b31f215e6de615309ebed370ca3c28c6,True,0.39485749303808676
S1,841,L21,15807982431476474823,3ad1c0e97187d49b9837b68a454cbc004f02a27f6dfc028d7106941d8f274ba9,True,0.4724126376160662
S1,841,L13,629458173851568782,2bd825138bba5f83c594b1f910ecb4bccca9e35a3005834aabf4f6a1b34d2fbf,True,0.40574443874051175
S1,841,L31,14897653858185714127,35a0a78528a0b7c1e93efe5cd18fc27f0120a8d44e7411fda5107439ffe102c4,True,0.43892181668318797
S1,841,L23,5644656166168738505,70f34d655065ad80d3670ff9b363a27747ffef27365293e1965d21d521dfb9f8,True,0.4809838748728278
S1,841,L32,14482114695684915263,001d3725d7f5c44f7924b1153ddc4e9143b7f1b22780c3fdba96f1c534d2eb1d,True,0.424793687739209
S1,842,L12,7564192364255652616,85c0277ad0c7a618eb92de1fdcedcda37f34636eb1426ff0f43ef4a2844cb0ef,True,0.3936443177299884
S1,842,L21,4878758198385123278,634298be0bfbaafac9a9bf4f7b886acb1bab5cd190fc6c343b0f36bbce4a0473,True,0.4706384231622436
S1,842,L13,2391217855203319304,7a4bcbfe9ed2186995fbdb6d9b6ad8626f671aff98164437fddb5c4b05b6e459,True,0.4028165309923282
S1,842,L31,7490334297614645516,2747c213ae0339ecd9b30c3e99c1579e006e00ce431248100bacf6c49bd0468b,True,0.4320108803149757
S1,842,L23,13160470670716915331,9a6ddb6b07dfc064161c38b70feb55bb85e49a6d24cc1886fa9c82d88de51e65,True,0.47843474897681926
S1,842,L32,15910610074693868260,9890021a6d7782c0592a68346d1baf25f7cd361a59871ad4fac75cf71ed15dea,True,0.4260461563695186
S1,843,L12,8825597235762722328,3c927a2a8027619d6b9ab682fee3ed7f7926e729970640694a9b921e99d9b029,True,0.39471335400286817
S1,843,L21,293981981659531311,83c15fd7c3bf41e0dca3c4e4e5218d3c120ed6c8cc4ec4d617cbd905541c31e0,True,0.4665409595903106
S1,843,L13,9215614871014041843,4ed5f74207705c7ca46ef1626aa595bd301a9d59f8dc51a34dfddf16561039f4,True,0.4089901861742913
S1,843,L31,7125911163211070597,f4e50fad3901e1acd635be9c9e948ae2b5d54e68dbdf0cc61e77cbb4db37da96,True,0.4365309646816127
S1,843,L23,13825272743624239731,bfd97afcdeeb77fc2ad7d18207db4d4b40b17d29293766d5c20d61263ea1d272,True,0.47782913773087676
S1,843,L32,7065367062843878962,19962cb01368b5c22f8d0e52e0ad227256c5f8694db1f3bff8e2e2e0b17126ed,True,0.42492215017049484
S1,844,L12,18160549803910333329,733ffb58c73399e46a89af4d0cec512047a08431ddeb4b41137cd9d48461fb9d,True,0.397811432372021
S1,844,L21,16325921981725327998,4919fa2a7e8303b990fc9d58808194eb6721ab0edd50078a136417ca55943cab,True,0.4737217992228449
S1,844,L13,8954932898151681979,2e9eac70875da37c1f753a5eb3ca9d3997c5494a470c697dbf6fd7ad7b6eded6,True,0.41537978090521877
S1,844,L31,11691338436274332876,52c678414e64cce45a2fd47a030fb665f8ba03bef452e94f8d71043ebf807462,True,0.4417566796836174
S1,844,L23,6634294019893291448,400d56daee8e04bb093a20919488b453c85936476dcda68ea1922f6292ffd022,True,0.480043254921408
S1,844,L32,1368927976425127093,8aeabac8dfc7cea9940e7da2e71705827d8727b31e92792df78e7d19e3f08670,True,0.42130105443804333
S1,845,L12,10245385627581128414,897149ca2c1686df51ec16c3e39cd36fc23ce8bbf373ab31f20b6f77611e7916,True,0.39017339916433735
S1,845,L21,14764171724277682487,b8cf43123e17f8be318746f037d234cf2261884f09acb44a3113615bf45cea1e,True,0.4751039024846787
S1,845,L13,4266830821034582366,d5c560040ebb38307f85f153851c0de1aed98184b5ffdef82248878408f7904b,True,0.4049782625686854
S1,845,L31,17277091741504553410,cb1a855197c8ffcd3e742c4ea66f9d517c5a4325a29147549622eaa6f8215800,True,0.4358244804194873
S1,845,L23,17741062397795947805,0daef016a1cf48b7ade25b9a5bd5057db28bb3c90db09ca91f6c641580a3fc41,True,0.47059509588203347
S1,845,L32,3021620362821226434,cbff5175cb6fdc53925e1925d242b90aaf58580f6343f211b69755158fc41adc,True,0.4262479182120639
S1,846,L12,14656766249930510573,fc6c18da46c546cdc6e986a90d455cebbe147faa6bf109d352d60887f62e64b0,True,0.39513191222932253
S1,846,L21,9430919481841663743,097bc98e2bbb849c7a9307bc89e5194766277a3577fa80d4f75acc34aa0c87ae,True,0.47255519975709637
S1,846,L13,14765488424987645134,6a41fd974ea3ed81dd9065879319bf7729aa2c076750dba8c853c0b8a4598a9b,True,0.4101486016433026
S1,846,L31,17211656500860463218,fc02a9ef94cfadfe9e943f4253b939c7ab6942cda45d96b5b188350fbe75c85a,True,0.45806963766169845
S1,846,L23,3719856620166765017,2692c7e041d3ac544825fd410c60c9f1cd87a7990451e2f5abbc567a78cdfae8,True,0.47875136496950754
S1,846,L32,7730663949155342451,14e2ec97cba4b601e63519f8b1cc9c66831dea0b883cd2829d6a1f6de0b6c577,True,0.42443079011821006
S1,847,L12,15905259342515896996,53a17dc26b1a30b356801194f840b4f0452b67a24e71eb65bb49221030aa2e3c,True,0.3875595964050754
S1,847,L21,11378233890080922100,3278b71df2f104148b09a01c875ac5a9c696a826de605ddb2dcaebd4c4b80955,True,0.4649661684493364
S1,847,L13,14270854073823026551,8072c1ea13ac93d2e7ffc3646b403fce1034358cd46a486787639cced655b4af,True,0.4064627138959942
S1,847,L31,12094475012253088696,a4ad9a22291ad4d3eed664cb235036d0744dd23794a2a70843fbe1282baafae8,True,0.4464648353145066
S1,847,L23,3375401088806157232,74de1a5a78c722a945b9aaa893dd6b6b7c1be634928f888c6ec8ef0777d864ff,True,0.48010992263435176
S1,847,L32,12809722469967916125,786e1ae05137769e58f40174253d375bfcd80cd2d9432a0f833dcdddbf130aed,True,0.42426751533342466
S1,848,L12,15304092319200772807,7e7a251017ac47f5bdbe9de3adfc8adfc9b60b7a54186615878886812986b1c4,True,0.3908055653601372
S1,848,L21,13050152010568969647,07a219328367dedfe2005e9e8c11ef571b2ff7da5f84d906d471e16bc4eaa616,True,0.4685647450316537
S1,848,L13,6281151328562866648,9419e658aeddf95c85de55582b95531cf18e0cdd1fbf51ea213168e3050cf5b4,True,0.41501324290374225
S1,848,L31,17782377592173022857,bf2e7d1fb9b9ae8dedb5eb3ac5743973cdd41bdd74e8893fe58f01628c5742cf,True,0.43953381009348136
S1,848,L23,5208691366853324651,32527cb9c4fe9530e92f12097ab89a9693792f18da054fc7e5208bf620ea09c2,True,0.4816067660529456
S1,848,L32,14031869214193706116,0f8b9788b1da5e1a59d2dc3f06462f46b5d6199e1e17a977953f46914485697e,True,0.424076040962598
S1,849,L12,12929573965503726547,405d770f0dfd63f9b235e21ec2f05a3b28fd2942c47c20861e18e3c8c93de980,True,0.39391512889976754
S1,849,L21,10152853204984227511,775fb039a11ec166e25a3862a23694535d5fe05735d4da531dd499938234a498,True,0.47479436872938935
S1,849,L13,15610085631748488536,630b48223bcca4d3eeb7425abcfed2393d69af62284da82db6da45af5d40a8dc,True,0.4135530942175145
S1,849,L31,5078157625399489900,9576f21831495364fa4b26e76da41f15e022c3e3eeef1e1830625b01735eb2fe,True,0.439639359384161
S1,849,L23,9020836272804246194,765a992119b41d19a20b68f07b7287df5a5be102eda41a7b4e1df1bcdd03c3bf,True,0.4714265715374532
S1,849,L32,3394995610706818433,4b763a7717197e91b9d28bba4ab1f8efafaa3cdac76b6348e2b9c2da3190ad2b,True,0.4251187876181659
S1,850,L12,15624276359280153403,475a5b81970b8deac67737349dfe6c90a9726125eb8e9093b2c4162eb0e14c40,True,0.393226748932082
S1,850,L21,3047941236848820978,8d6b308470c9895d6a8a58d223c9950277b70ea83be571b3bafbc0cfc858fb77,True,0.4710637868049615
S1,850,L13,1295525663974628358,b6e1e3ff1c2856a166df12bcc27a2f84338a8f12001fea93e6be593b38ecebdb,True,0.4069954873355061
S1,850,L31,3899922573137030939,11405871ff67cb7c438a90ab2f9f9ddec5f641488889e34bc2a37723b7ced990,True,0.4432477694518858
S1,850,L23,17767921034443904386,45d30d9378ee3accd422716c81cbc8fc8496c391b0a1cddab78f6e2eed9b67df,True,0.47720334520979973
S1,850,L32,14700327595144235626,0d9816756703100d4207ba2c2eb7a70fa1d92131c4105a72be8e4daf1225f59b,True,0.42145335664602396
S1,851,L12,15269917928388799205,65254b7ae3aa646531b68ed933d22c020115047b5d2ef04b96e172c1d7195d05,True,0.39176734365795984
S1,851,L21,1777891816260390699,30fa05ae948a7cfe8a4bff2c49da2aab2e47606e1a28e88ad2d4c221ff2c7f75,True,0.47215284626716225
S1,851,L13,14309331402626700481,7f8be5231a1e5fd36c5f521753b1853428bfc31c8974cae45a518babf53ab282,True,0.4117049279404931
S1,851,L31,14977781407071140251,a420bdff93295f36c9a0055fbf83708b9f61aaf041c06bfdace6c5d7987e3233,True,0.4422601178747751
S1,851,L23,3166383536809087111,9bd27fd9200e0689420c900a7139ff555335d68e67ecfe197de7a0e557cc081e,True,0.4764466236485112
S1,851,L32,16374911357153457494,30ca5cd397a24096445e7f7bdb5a0801ca486e082a38695a72e33c1492f3541b,True,0.424790994763788
S1,852,L12,18168108787048344583,b0daf2291fecbc7e71fc387daf328a92ce4e99d000ceffa0d5ba3318776bfb22,True,0.39323057688418417
S1,852,L21,9635436749674926824,ae33ae0a200d984ca0933f7145649c8db13fcdf20cb5c958b01ae3c3181bff29,True,0.475952537273904
S1,852,L13,2116616393358959724,4c256d369f947e3d0a17a13d56917b5b9e718bbb09c5fe4c0ea1a533dd94d099,True,0.4140394727589182
S1,852,L31,18426474647945504745,923449eea6ec6b1189de65dbf3bb1f972d45026b433edc6c5e5a50e36f61b556,True,0.44684163115980796
S1,852,L23,16691221061591879542,fc3b22084bac63a318ae1a823929494467922e26415de2146b57593f505ced39,True,0.4733041340521683
S1,852,L32,16843511779522935968,54248dd72cab1c801f8529e6cf56d3c969a51d9cfd78ee82362bda9bbe83f152,True,0.42376141078935703
S1,853,L12,17783098261483218515,e2e285c091194cc3aebe96ab02e2d8810134450117e771f3f120e8609f9fe3bf,True,0.3917710980830752
S1,853,L21,2404449061748641534,1777e7cfc0b38a6ff325e8f7159e83e2d413062af99c55caea565b2412562dbf,True,0.4748456408146021
S1,853,L13,10226532814368717852,9ed3fea2bb29c46ee55ccaeeb233f603f21d75a3f605b2412e70e9e90032586a,True,0.40365595441708785
S1,853,L31,8059159133006348430,486c6c68b3c0f97011c22ea54c5b42bb6d645e7ab696dbceca4181bc04537587,True,0.43657612410169516
S1,853,L23,3619936502919661172,74495902f35b3bc900aa4827bdbd8c30f719dc23a3ac3c60537536b496efe6ff,True,0.47381939475558194
S1,853,L32,563127163981965694,65bce7074f9cd7a78984c6f973471e08bbd9265c424945e4c4499403dc403fe4,True,0.42447361953679097
S1,854,L12,17984867505210898442,9cd035b40f0f972a9d75e36d548c4a652ed38b4f4b045eeb927dbba2582afdcc,True,0.3951652059904222
S1,854,L21,11817396454063953362,62a6473dbd284f62b44c70f4085c972d3389efe384b7c8375a86ecd958026b34,True,0.4688883057009643
S1,854,L13,5925644181355647006,77418b298c63767ec91e64b832f046ae53b7b9823d47c2d261d1817e9f43bb5e,True,0.4097161889318792
S1,854,L31,3763505468055010063,0abb187daad942478af0683b827d203b1b89e3d2bb9e828a4bc0ee91b1cbfda0,True,0.4413124730496717
S1,854,L23,5953034204754743622,06188b598e9e6573c604dc14fc683ae78e8342846a9cf95716d4fa6020b31283,True,0.4745157286595988
S1,854,L32,16693624506730042065,dad416ba4d480dfa4375b2ef9b7929ef6a8297c9115af2748afded97cfca55d3,True,0.4236848784007196
S1,855,L12,6425532766031508639,51ecef23a9278f91cdfe24db981774fa1ccd2154378e020a9d50e8e8a930b08f,True,0.39321112711042905
S1,855,L21,17220639739515717381,e129c5351c7014e9f86e346f656c84aa6f272fde29aea5bf15fb4ceb0226c176,True,0.46528731254022193
S1,855,L13,17250892430914617722,8be84af2a16bca4e1695d876c40d553a778ced6b64e8092cf93bc42adbea8058,True,0.40888117575582605
S1,855,L31,5209119808572179573,17dcd2310938660499d3b739b20f9f2d4ebf20d1cafd91ae6b1562486aabacc5,True,0.44355740732547444
S1,855,L23,14729241513137984249,35f87ac1e0d22b7cbfda8270c0262442c7c2402e805203c0e7c9fe25adecf0a0,True,0.47864215006451927
S1,855,L32,6829952463939906919,9302249ef09e6bfc1cba5e591480e66f32a56305e5fc0722fcbfc53033db6e53,True,0.42483383561370214
S1,856,L12,6676338573242781323,46143a47e1f5942e7e1f5809a56009db455aae24795b7d9e54e61873cb85df52,True,0.38813569130990444
S1,856,L21,1296728515049840510,ce9c91e327716f5d8694e589617644bf37edb682e40e72c77ee1f0422e2c22d1,True,0.4688244475323617
S1,856,L13,6676339218983451212,a6cd36cb695b59e2165b38f21418abd55cb29ff6d4b317be098268af81dca04f,True,0.40739671446820064
S1,856,L31,740820299597003937,9e373b6f96af93a2ba12bba426a6362a936dc3e3a0b94fe835516b96f3281a57,True,0.44592866172691026
S1,856,L23,12111054522622034146,1ba17d0b93a524c7e7d88f0ef51464e3f18292db9d1a0f6720561be5bd9c0696,True,0.4793827718452833
S1,856,L32,6215313431957414342,f2ab6d6d554fe4fe1d9eec6a0df2d4e51cf813534edfeb545e43c594d5662cd0,True,0.42371860095573577
S1,857,L12,5668438866879793619,2a1cf60d6c0cbf4008ee18ba20558bde46ac04db5b4ec6d23245577f4679638b,True,0.390265757885326
S1,857,L21,9633210714441924219,dd41e8045ff94471ca0e71a10197517c5d5067f5d1e9ae1cb66279dcd8d2f2d7,True,0.472682720888472
S1,857,L13,10231264523172378057,7173515eb4ba1e12dcc8671c4229a05c0efd941a0b2a993d5039714b4cb1a3ea,True,0.4067285810055288
S1,857,L31,17870888162742929040,933e7970dd9d13cef6aeb5ebe3772487e1bbfe60073b4f774d495ebf7eebd3e6,True,0.43608342523665355
S1,857,L23,219399230427172547,58aa247f858510f0088622a0e42ef5a944ace419c1f9babe6d9215cec84a9582,True,0.482736201392341
S1,857,L32,9796322702435035540,bb9207a9b6e7e3490b32a29b75df0a56e62089bb57a4e050b9da192266cab123,True,0.42644709743619835
S1,858,L12,14688378522309999715,47ada6b6cb6f8819b51676cfcf6f2354695c3c7c03a9da2dd3b524c391a735b5,True,0.39044640760059046
S1,858,L21,13089930414973210733,52e1df6253192ea6031f63ec75cd79403a0ebbca0dad1f377f25d32a8fcae76e,True,0.4741444435138749
S1,858,L13,9190248629190442690,98d417f7040f08cfdf49023ecccfa474c26d83b8c35efa99ef698f080c74e9f2,True,0.40481896767129155
S1,858,L31,11620377613718216208,bbd8a56cd66091afeb3a82c010acc9c3a2198a68fd0b33a88e5c81e3b00e9000,True,0.44268406493202206
S1,858,L23,13258715732897561261,af4d00e6a0782e410b672664c0fe639f724153ab300c1976d4c9fee005844489,True,0.47804637772765124
S1,858,L32,10067457264444402032,96a25c15ff5050e64502795fbd73766be7290211d351ec613955773b4344bf0d,True,0.42360659410839063
S1,859,L12,17062021871478563753,ef0d87b1ab205bdb9374b99c690da3fa104abdc6e2c0df6cf07ba83e93a99be1,True,0.3936362682149602
S1,859,L21,4681341663867459680,7b22d27ae84f35634160a3b090b4535cac76aa14b47aec17e7bb974ed20dfc1b,True,0.47373347924090836
S1,859,L13,18279759813518263148,86cbd0a5fbc2389dbbd1b389b8e14ddbb115b75b7b3c9f974b68d22020244217,True,0.4082414468123137
S1,859,L31,7630584152355847259,8c4eea305557e7ba70a8a5f010752c9956ade6b8c3210603b481d55d302b6462,True,0.4451159973714784
S1,859,L23,15958119368511327813,086046f5aa6396232654f960d6dda873bd2ec3e21e741a3f0852d8f0a1d1dd9d,True,0.4818836860231151
S1,859,L32,11033451824616830463,efde95b63a10a9c39dc049b6e6b666ed95e860f824fdaaf85f830bdd20247d61,True,0.4238093356311762
S1,860,L12,14018861815843696808,124bedadc6fd5b2fa4b0448591bf1257163e46237b3ba4cee2e3199c1f44aca9,True,0.3882273039643348
S1,860,L21,13936411174658996743,9a456f3ef958a3dc9ec496a5927d3553936511ef9f6e34d9a038f2af3ca4e489,True,0.47070032282457464
S1,860,L13,12224010247260348823,82be23615ea80e472d6b52d41f833d867bf0191c9c685c40995b5f862861c6e2,True,0.41352281013830483
S1,860,L31,14130520859636589062,f7e89f0a38bfd515c611ab15ff5ad98edaceaf5232f6e9444773c78bd466c55e,True,0.43805995750320326
S1,860,L23,10424555485376521462,1e4a7b4b73df5ac583d13383ae44c9a5877cd20da6db6aeefce16af43b1c5ebe,True,0.4813596135908096
S1,860,L32,1450954261978977017,e35ed861a593ebdfc4e01c9ba35b1d0c0761bcaaed7e606feba33ce28a11f0db,True,0.42460824515806206
S1,861,L12,13537501391610510442,5d14056487072f7d76a20d9df72c9fb887120e86aec56153a386db6fe7f0aaf2,True,0.39239331995257376
S1,861,L21,10204644309910138172,8d6eb99517f51fe05ddb5250d21ca8b822392cd293ad8bafa54c1c89bacd7f8b,True,0.46812414495594684
S1,861,L13,12465505551320654729,bc757f1b9259d3883ec025864743fbba031a3a2e55adfe854cb6503a9b76ec46,True,0.4052611046604352
S1,861,L31,17533212761494296014,ec528e8fec973edfd850808ddf3b308df2ccf22170b6f6542eb538d40357b57c,True,0.4440818717872413
S1,861,L23,6991380989770890091,8ccaac3bda8de10d23e6d861644da522af2c34172a54f90370177d3c2409e2c0,True,0.4807604947068379
S1,861,L32,5157606477435225978,87238ed9e2be5d4db9fc56b238245e54ea3bf3bf770377543e08de369af0caa7,True,0.4265628214900995
S1,862,L12,1614505851308331708,bc66c8cda1ca37d857e3c43e748b4bca2ab58fa08d1bcb1dc6e8489d3572b51c,True,0.3923042339265076
S1,862,L21,8977970771433554614,b6a83b1d0d5d0a54c989e0c6f88e95f6a759f39fd37f2c8885dbd5cb2ff2cd20,True,0.4691769939082696
S1,862,L13,9971364603154718757,6ea92bed2882c97431505a94b55c180bc6f03c43ebfd019455335efaeff225e6,True,0.40885254863352927
S1,862,L31,1797919083482144380,aafaf61cca19ef550aef896ad3fdb2e7230ad186d55ab73a517238cf88e93284,True,0.43935202169923554
S1,862,L23,219283166610381978,f3c1b01e6a848f885513352e17094a67396b74dd61ca877a4b4341f5c493fda4,True,0.4702167004032758
S1,862,L32,14436511347348642730,9a2c9b6d6093b0ab4cea30a6b193d919d3d43fe93b192974aa8d6acc66ec7e04,True,0.42479819097534677
S1,863,L12,3180165853135790323,ecbd7c1a9f8850775eedec20e70f3a381086e76e5144e23682020527225f8481,True,0.3884182433466915
S1,863,L21,10546350395961287948,33665e0a7d3a01abbf82742f631031bdcc7d61690ff714d7bd6fc0341f2bd748,True,0.4734905912798962
S1,863,L13,18291179051502403987,d225555f076d50b5220760196ffc3e619796852b3d12fd9ed49a7c4c902b4c48,True,0.4127218135034396
S1,863,L31,7996005982159035485,270d6e9b290ab4b36c7c45b0a5286eecca0c1c0b47c8faa6084f1883f2bf5b8b,True,0.43707434205135803
S1,863,L23,8121412996067741422,b3d518de3b5b50f2d2c1e0c8cac82cea04f711e0c5848a99bbf46916ec899f99,True,0.47968429547160146
S1,863,L32,2657066405451518065,6c49c6ee6b7bf660e06e190d3770272caf3c70350f609b74b326d55327c279a7,True,0.42126311004221734
S1,864,L12,2052488044143514559,67b57e68e7f0c6bc0e3c61b3b7f6da02147630d721e07241514c6d461ef0c72b,True,0.3918434001920569
S1,864,L21,14227596755614538518,b2645d6ee537079e56912d9733dad36027ff780f32c3fee34507f0a80a95f271,True,0.4713659658385713
S1,864,L13,13131848239153187474,70c5ecabd633e49637e0435f34fda000c8732119b03dfd65111b7789b69cb86b,True,0.4080952026723309
S1,864,L31,14791317877542749897,ab452f52ea3a810df49ea9f20186419f1aae86755b01140c00bef1d44fdabdd2,True,0.4349430158131543
S1,864,L23,5069665249599364693,7853effced608b8bdc919484a70f9a1d38fdbe7f275e6a7e65a745ad2c15e31e,True,0.4786760802783372
S1,864,L32,177160634152367215,ce2faa451d2f570fdd808ef0ce2ffc1e4471f50244808a4ef7fe981b56b0f8c3,True,0.4228381152372968
S1,865,L12,16446576825062068912,d2726e224453ac63e70e3e7d4daac382d79a79aea6f33aa8e605d5bf61757647,True,0.38697672233411673
S1,865,L21,4351981159698911466,d2eacef7de784695a1f89b2d5f69a5f8b1de00eed7819e71f00361da2988fb0d,True,0.4671479987872008
S1,865,L13,1746815198148657548,32d1ee16a13399e03c71191dc7ee3cf121ed7498fdc73e64a5781e166993b4e7,True,0.40795820904028096
S1,865,L31,17232999836328342190,465d4c1c5897ff62c4c69f5eb39ea3b2bcfde7cdbe8c288045d0a5cf72622f25,True,0.4355339330731791
S1,865,L23,17847415395542354096,bc94fe84b668785f4ef6448b2707ca3ecd566a233bddbbda134918b43fab4ac1,True,0.4780438018884987
S1,865,L32,3365288916114074934,bc6f5439ddb92635ec9fe5eda88b2815c92484f97ffdf65268fd9504ddbee5ae,True,0.42191499432923213
S1,866,L12,10717630965504004624,3204e4f2f07a18e69a0c95e4751a86d4167662b421eb0e5ade67eb03a9fc3dec,True,0.3946981271795651
S1,866,L21,1056442238638617128,33da0e1389653608b8b305fe3ef23fd0314dfda7fd70b4812d8aad28726e62d4,True,0.47130215105687234
S1,866,L13,18403630111541053910,df279d29c8ad5d3a13c833a3581efd4e77c5a6836ac60b23faf20f0a662e9e63,True,0.4097343327275257
S1,866,L31,8215192958464443682,3f35c438f34aab42ec21b5f0beacbc67c0411232aff744af6a32f542e5ae0daf,True,0.4342743173789082
S1,866,L23,13814635892161714604,83814197f28cde86478889e6f689c40f7446aea966a8e4b433adfb0504c260ac,True,0.47526718374242183
S1,866,L32,7928347422887341364,fc25f4dcc9ee1d5e1445f8668065d50460372b284134ebb04f8cd0f1a185eb4f,True,0.4266265204036923
S1,867,L12,6136955401898826019,5667f82e1fcf719a45eb3962f8acb05423b0927290de8a051ed4cdceaeea72e8,True,0.3929017337581945
S1,867,L21,16152183811511548032,5dee50c887e011e37ccea1b0f8053e8b1a3b9ba4ba7d055dd8159f6595013cfd,True,0.47800253694659145
S1,867,L13,12628624118016424683,35c1e30172d4fde9b6726f0421887fb4c084ea5500a68bff3cd946d8ec98e721,True,0.4124155434606249
S1,867,L31,14555731790513428769,ac00084c3ef6e58b45816aef0660ce9526d4d87181d20f259a716d9887e3f7dd,True,0.43937485827359735
S1,867,L23,14182068641298877582,21dd37b9236ac9aa98264dc7c0211b26ce582710f0db7e25122a53e0ee3fd20d,True,0.4813754008248087
S1,867,L32,16029977755948427779,ac63376481ea27fb003fdde7733bd8141b19381b742656c4579ec77f9eb7b09d,True,0.4190937848674532
S1,868,L12,6101490354896608970,c5c0eabd3c85cee3f945715ed1f7d901d913348d0230bff53d8364625beca72c,True,0.389280118824623
S1,868,L21,189287968041307950,f957580e13c38e3dce58208162b588b57333f418a33b6f8a60427b717f308408,True,0.4729060240741785
S1,868,L13,813251223345776187,70f40031f0d307c3369d333a8cf30d03ab23f78bb677f5cb18f91748ea4d49ef,True,0.4152240955214178
S1,868,L31,13790371041810796324,dd43599c4bbc31e06267c8cd4b6d756b377203a81de04dc368a74c5e01371882,True,0.4395807142756198
S1,868,L23,8546121574317689994,a358977dff8f329850e0fbf52f90236a8db143750f5582559c33f72ae0c89257,True,0.47084857400202174
S1,868,L32,1349839144303039102,dadd4dfb5197915430fbbd7839585298a18dc9752f7232f2504f48df3f7ec8db,True,0.42470584070460904
S1,869,L12,3638958033547061060,3a04b0148c02115ace3e25c9b502243b524c7c0f335b5235135d9864ce2318da,True,0.3947766308256468
S1,869,L21,3673797213099559919,7a11d15dfcdfeaba29395f94fc047394563ac4ffe33c46198f90335e139362f0,True,0.47347842218102676
S1,869,L13,10500641586995799332,2a490e17fa079fa5471edf789de5e96952ce18fe0a87756c5bcb747228f7a466,True,0.40407855836813356
S1,869,L31,13799663953003803050,d1cac3c9d4589d2f42f884b5f744941bf7f4a7f1db38e3e4a1316361d3d5f401,True,0.4399957547731975
S1,869,L23,955189401327062687,ed3526b834ac67a370de9a39e0dccdcf9e0ce629d7c94c467f7bc1deb324b7fc,True,0.48342620133239494
S1,869,L32,820369357029974640,15a709c88bf95665f4b104988135963f06edcf8f41804e6759a8c65728dd12ef,True,0.42771814731639524
S1,870,L12,1868259421021242208,d99cde1278d59b0558b16f6aefc5ca6240cb1a848973d640935ad925439f1b14,True,0.38932060200109936
S1,870,L21,10909815289351515803,137df2e2ac0f2e687b08aecaaf86be2cf7b87589074493a623da6445dec85374,True,0.47367870014277114
S1,870,L13,16223166436820232982,d6a0f06bafbe445c43862d59a9621dc308cb52750a24b8c3e39d937f5c42a50e,True,0.4110700608272148
S1,870,L31,17622438845360089668,f357ba50da5333dd3dc7e3f03f881c60bc30c6ba7eb411aa9c87a73746886d11,True,0.4390971215241282
S1,870,L23,4012319337093295423,5aca451f0732e2fbe3683a8e9fd71d8599e062cf25f34ed74de3a3834529792f,True,0.47721293261312514
S1,870,L32,11801166772779760610,531c22e2c8f1491b189b2dc294724dc057c3de266259d6f9970a7d47639ada58,True,0.42505310095578136
S1,871,L12,10511968668978834376,28e7a630996b8b1aa08f3828094c029030eebb0b7aa491d0b28e1053b0f7a5da,True,0.39525465885067085
S1,871,L21,6835111481098035851,c438ce926e27a452e8b15fae3453e83cfde752dcbcb6a3b53775779a9e2a1782,True,0.4750449978609242
S1,871,L13,10686226221745001433,64573994449640846216dadecc28482a01fbf6e0ba23db20f1cb8212f375e03c,True,0.40051227999167294
S1,871,L31,12497534145432469953,ff7b72a31baec189c7e2382d6f9c69a0f88084679b640504edd3f41ccead66b9,True,0.439762548341683
S1,871,L23,4721132268118699988,4052142804b254e5ce41815e222d277ab0a6ddbad452bb8d6890ead58e1161d2,True,0.4709475143211692
S1,871,L32,2700917822466871380,29a676faaf730afb5d52f84839ec02ab2c93a582e4a546523b685d4246e35e96,True,0.4196850716910095
S1,872,L12,14261824078634062073,0c27ff268e17a3d15f1091a0fa5660c1307c297c83c6701f800c5fca3cfe7085,True,0.3884865017689563
S1,872,L21,4630381789416895132,11ec21e565c854a9f8c79c182632c5a2a625689c082f22fc5a633904ba743d44,True,0.4726829903285885
S1,872,L13,13534035002876427104,7571e620989086c0057f43f826c22321e9891ba78bde740f059939dfcfa4937e,True,0.4134762128921796
S1,872,L31,7612112435054962988,6100ff666df576e5c4303e7835cb1f16fc2cd65b478ea4f3b00980b332c29121,True,0.43553835967527504
S1,872,L23,9820966558947860582,dca2606b5d4876642ada21b05b4ec8ef0e642d21884768fe46a2f86ac347ada7,True,0.4735408533432877
S1,872,L32,12174600801566426418,09cadb619c4123e49484726ecd81819053bfe018c974a24db9e9aa5ddf7d9703,True,0.42228593305622775
S1,873,L12,12665790371946301645,7b0476e755f976b95849f16d14f2284a7e780dc2362f23a96a9cf21b3790df0c,True,0.39018793716912936
S1,873,L21,13717340845473651310,891c8ee96bacc35c3eb124387533388acd544f9a78b600c81704dcd85e7e0987,True,0.46769141984726137
S1,873,L13,3017339497802149233,ffb23991b7ff2dd6e92ab35ad6f2151cf9ef317574367edec4a2350da6e2b276,True,0.41274896998558325
S1,873,L31,5459252721356063504,00dc766823748155d3d319d6649f75464d08e3c1604450db145743fdaaf34065,True,0.4397837359728693
S1,873,L23,12902222428218049322,132108baf79bfcc66b97e3c98d81758aab61411eddeede34dfc256eb49523628,True,0.4795490343774884
S1,873,L32,10089290213861485655,2fb287b887f4de76aa53d94c89af85e1e6d5244f22451e8436614d0ac91b6a29,True,0.42321275043502987
S1,874,L12,7374507342644526817,3ce0b5e6be750d7942c9691fde239bd42bd928c611a260c8e9b9a83016e915b6,True,0.3876057773426286
S1,874,L21,16254058854781495590,1d01bb4122f8e92940c25618cfff62a2d3a8e445a233dde9417dfc39d5f8b5c5,True,0.47151873615851614
S1,874,L13,11706303609299480948,7c295aa0042bb36e56a504e894cb7be22c5659171066bb45732958402598df06,True,0.4115344849985637
S1,874,L31,8075190626392297499,2df40cda230450e02d510c87fc444a1be58591d2f1fbd8537514ea5ee4647a9e,True,0.4364923201165207
S1,874,L23,10203819436079849557,f2fcb642d16eeab96b8a74b6151ea9138960822ecc1873293c3c834e8d708c0f,True,0.4685359789369704
S1,874,L32,13446784758225609376,a3fbf66e2f14e60279223ad2ea5a23949579f33cbf691f70b8a97139000c165d,True,0.42572662723867694
S1,875,L12,18263749020737252384,b775e532478a2b6b96f76474a72548f35f9211e07d2f101ba8fda50d1014bd42,True,0.39035490580743315
S1,875,L21,7612546983052798578,ca34b842d0e0735b41ec0665e3d20f451d6974d4deb22ee5e2ebe09041f4239a,True,0.46903379434055287
S1,875,L13,15911146320861199347,69a1a2d03ec55cd1f97636d80b5dfe99cb9143ca5da079ed02869c9406a19920,True,0.4089731816582045
S1,875,L31,15559607464071084973,1085df25dc817765adbb3b73b9f27e949ea949db2744375f311a590b028c3ee6,True,0.4395218740684134
S1,875,L23,7684574784238090440,532f5a8811310bbb0b774000778db1cfee30cc99c92cfa85e25786b6b728e87d,True,0.47701349599969567
S1,875,L32,1357411228541038059,e7e291e7a031888bfe77b6219f4268e3784bde50db4502415cf700d3bdc67ee5,True,0.42657010883980184
S1,876,L12,15443582843177194243,577b2a9f7958d93dba99ad88e773285cde2cc9e80bc1423fa46c2d3a92bcbed1,True,0.3908285618665428
S1,876,L21,12965918615358323950,79b679712f31d860792b6707fd76526848aed016f591d4fe8654cae6a1276c15,True,0.47249270641340135
S1,876,L13,13188445439592500428,4be69f12c62402e6cc223c62fe5e3476c8034d2821f725b26f20e76aaa271d71,True,0.4091474019927643
S1,876,L31,14295929609376593697,3aecd4800fb470ddfc034cd5be5dc49a43ad8719918f6c1687d769c883aa5d12,True,0.44781970724166154
S1,876,L23,15423920077385345256,7748101037fcce56e672f7de13e37087ffa28297c51d8c7e2cededb7d36c0c96,True,0.477787144874136
S1,876,L32,5139311787136858350,8370f22a2aaa82753dbd06c4ef1fd716781d439c797d8e8abf67e72ce7c398c5,True,0.42556301546905667
S1,877,L12,1908363507336204384,07c436a49c13c2f7a9d3c5709b39f838d9b9831adef224fd5c1b4a6811371946,True,0.3897711356922139
S1,877,L21,8900861824898038419,abb0b6e264684fcb899064dffecce60ba9d04001be80c119a5263623567b89eb,True,0.4716808700833887
S1,877,L13,149232830833072817,6b3dfa216c2a9e50831b9fc6d39486f4f4e6f39cfc214970fde2fdc8cc37cf1f,True,0.4099725453575982
S1,877,L31,10444293209947223023,60374137ddb4f3e08f61d939090ed760617a6d26b094a1de7111336afdcf18c1,True,0.4352326674918437
S1,877,L23,7348572395133309998,97e165caa3fbe73238e923ce944c7ce3f52df08b622363f86ea0381714613404,True,0.47563935513248445
S1,877,L32,17343691020431343606,731bb141314b9ffd77bc846f3efcd68e6e3393aa60e1a5294b925583582e2cf4,True,0.42635012045714676
S1,878,L12,17716257620328612049,82daffd6a2c5b49e9e432ebe223d3fcdbd0e4b00751c2191c30aebdd3004c00c,True,0.3917658658437034
S1,878,L21,16012048834239229127,cab149ced7030d83a8d29f853680ec28dda395b3bd563ee77baca4a1e1da0d9f,True,0.4714356524812128
S1,878,L13,12482651074242790813,ed177995b916cf046ecb0056c29d2fecee8eaa823030420d2862b02bc2c22e62,True,0.4114589917283469
S1,878,L31,12364696196871452756,2b794548aea2f776e5a329fb577966bf462295c9633e5110cc15544caea59082,True,0.4361103118425425
S1,878,L23,5567625687231999001,110994f5aeecd406a37e352daaa84aab4105895b858579478daffc3075508ced,True,0.47940127189423615
S1,878,L32,10021963702837558651,2eb1ec4579bfb33e296baafc006cf17e76d9d5b8692a3f67775fcfb94551b07d,True,0.4221129372000911
S1,879,L12,17814537316925122837,da512b86aa5c667ac625c7edbd887bb99d54cf0f3e6e8c6e752711f6e5385537,True,0.3899925619720677
S1,879,L21,10922581756245642204,811f8c92b99ba5dc81b1f920a7359b67e880d3754a30ba15d0031c5f05d5ebe8,True,0.4750988846417118
S1,879,L13,18369867327473896986,97a7da2d89fd1d0e5a86c3f31ecfbf3695a279689d0a98857b04fb21699591e9,True,0.4037965717760774
S1,879,L31,16409682037754013381,c8d084e5870d67c679572755210918f131af605c569e08115b743d18740464da,True,0.4439155063151652
S1,879,L23,17985819041016364433,7e72dacb41b18f0b91b14508e835f34b9e4a7cdb1ba35838fac531aa1bc59725,True,0.47316314464284737
S1,879,L32,11509749103328727898,daf159af905fe49d1b4208b0e58e8c8a0f111dd2e9687d3898f9a2b6a78c2028,True,0.4237666668134774
S1,880,L12,7865312090703867376,20fa2a27d4d0fc3097a1e3b848f8099ec15540d5a20a7bfc4eb986c30bcabe8f,True,0.3902420685514744
S1,880,L21,7642910217524059071,ff9e811c408d2893a7d07f816495eef0298f08c3284e337cbfc6cf3ac67df1a4,True,0.4674623063585416
S1,880,L13,12234966102945240597,1dd372d3a64e9fd8906b78db173bc5f8f7a9ee3196164f7d43c749dc9ac9efcd,True,0.4042010937126068
S1,880,L31,10595518247272533726,188f01acd4919c12e9fea32ca9ffd3c6afd8ff6cea99b96cae4b0d49fa2d7172,True,0.44746198523537684
S1,880,L23,8032347156169295725,bab26cc4e35585cd17fd047cfe550c236d143419d971352fcfb84a4eb8f07967,True,0.4852160200678477
S1,880,L32,12882366600038806533,ebf8abc993cb6d0dd82f449b1e1445b522297268217467118d0195f6580cf1bb,True,0.42527021499705364
S1,881,L12,4309464914752297387,d9a2fcf1e7ce57910b6d4f51379cdc5a6e2605212ad9424a0d9760d47527ecab,True,0.39222451544648873
S1,881,L21,15379933158305464949,cbf160676167a2f35f9704a55c2f0c20f6cc1d14a8de50c43026cee017e9b070,True,0.4720874066264725
S1,881,L13,2781480610804779892,2eab0c8550665ac7a43e48a77817ca57e27286567104af7f651e46a5666fc3d4,True,0.4144634202690649
S1,881,L31,561541942790124061,c691297d11139ccba7f6b5e92d7c8c5719262c9c11a35c1af845a9d7ca4a4f28,True,0.43655662985536425
S1,881,L23,4969809166047010492,1c0f579895d1ea86b4ca9e8464c85fdfefeb70d1ddedc17d1bf204087306e3a5,True,0.48386559992913397
S1,881,L32,12646541113233298108,8eb9e7972761daf2670985982069a64c4e655cca29c282f4f2290e6ec4e55cc2,True,0.42232339020235915
S1,882,L12,17700902358379408060,cf63aa5d6765a95a5a4e6ed5fbdcea16fee3a458a92ce6165f544db3dd6626ae,True,0.3913366708826541
S1,882,L21,8592214147959823538,f1ba3869c9111ca4ef3695a99dab4261b6009080b62477c5adfc022c24c70b6f,True,0.4756385256971744
S1,882,L13,15027778117509167517,23dc93924bb10a223e086a8d63626ac6af2f0c1ecab057261416f875c15effe8,True,0.4098158032185914
S1,882,L31,7494068203378389124,42a833058d93f71fb32f72bd75b29f98305f999c26605ed4caed8150a0a4db2a,True,0.4390292461954559
S1,882,L23,2077794680863227270,3fbb7d3fac49e8e08baed7a0d1c6b7846efb9f79f775ea9fce3607560b853d06,True,0.48175166924801527
S1,882,L32,8645417676718440174,a8575b20bc0dfa320ae0e504c66bbcd7c463be955c2fa1500db609763af3c144,True,0.4253628793691965
S1,883,L12,102224563720121637,d039a4209a2b10ddef723d8d243874d1aeed65a5502c91c258644f8482ebe847,True,0.39260307538958256
S1,883,L21,3264367018813050462,b3f91baedb4da50e0fa575bcc177a6c53a2539ab1a717fa2a37a72eead2de603,True,0.46707238031172493
S1,883,L13,12143050629093187204,ae9aa62a5b4f3d6c19d76952f02e3a8e53132450185065f30fe09c829eb2e31b,True,0.4065770624825431
S1,883,L31,8359009943253617632,fe9aafbbc0471661a711d53c3602d24ab07e0a205991dad7e6d11466a56501d1,True,0.445174679948483
S1,883,L23,2809317682020928000,c1ac81ec02c2c302d8997d698402a1ea909066c928744138ce5eccb454ea645c,True,0.4815263645105937
S1,883,L32,13929046504123770506,1ce80bf64e2f52548417c9f28b9ffeed8909989f5bc06c822981feb51c3407c5,True,0.42512516729703037
S1,884,L12,13245256170114093441,cbf3f089e5554eedbc089fb26891058fedf6ed7d3cecbab1cbef939e9c2bf976,True,0.39216381703516884
S1,884,L21,18383650856507211743,ea0259e488a28878a137e47e6c19a949893b4c7df979cb0f8b5c3bae3676099e,True,0.4716384219407059
S1,884,L13,13672691404792735404,d2af5fb5b7e66bd6a93a2c4a320e3a097f3bf6f8783ca5eb55cbe6a657b59b32,True,0.40958818390493623
S1,884,L31,7467090699876751245,b2b13dca0f3eb6140bdfa2405bb1947ed497749052ca33ac4b3783688cae290b,True,0.4403382540323476
S1,884,L23,15991060326267692025,6dceeadc495bf4863fdb534c84a87e010a2143d641d84ff1a7400ee16c4536e2,True,0.4759914600446181
S1,884,L32,17630014534607836030,1538dbff0dabfd89582837eb03bde38a69ef2a9b80461f245ae2f20ff5e52643,True,0.4266519799774848
S1,885,L12,2002967915547382138,c4936e6c9d29f86ae500aa6843bcd3e866906eb9cddd70acf81df301f21e4efe,True,0.390236980940313
S1,885,L21,16233261652619983723,22ba27cb6b4eac403791a9c7bc092fc59481aa003e57d80d526e5ace991dfdd9,True,0.4701936260198037
S1,885,L13,18001969425461581314,a732d333dfadf7875aa61c5b7148536c021d93ac23f1eede3569bfefa4e63887,True,0.4070706417129975
S1,885,L31,9273212003608092888,c2c2f4a9a7df57a706b873e0e8a07349ea11e662044b91ecbea2ef5ca4b4643a,True,0.4408189672467994
S1,885,L23,16494123749365342113,ea9a09f305fb3fb5c44d06f1db260f7eb4d77dc1b1c788104a2b91c90f8416d0,True,0.47851825795813996
S1,885,L32,16890939381938773991,c2cae780a9bf840fe48556a8f42a36a6ff23f9fef0f0ea918228255bc7909656,True,0.4248415301014111
S1,886,L12,2109825658440095699,316dfc132e3130db2c0c334e611ff6fcf117529f2e933c77f74e085bf0a92bdd,True,0.3904895928015884
S1,886,L21,10810769829919745328,abd948ea011e16bd2c5105c37eef212f5147a8603ebfbd20e174281f6740ed2a,True,0.47129706313046305
S1,886,L13,1212709514427589463,e822085746c0f7c6c2e6886898d8c145dbb22f8c1c4c7a874dabead5fd61b9c4,True,0.4068585250783697
S1,886,L31,3484918297501999455,b7486f64d7f42f66729e385ad6126fe84fab45b53b86590a294281671cee6615,True,0.4357505324567304
S1,886,L23,15601908555554089859,89b2e8d1bf7b4946783d9334152e655244ece1636ff3a6b49f21edcba434d925,True,0.4773350524473475
S1,886,L32,17028311385796409273,617d41bc74932b08909fa649de5034c7b6f61d6f5d3ecb84e051af6475800600,True,0.4241128927317196
S1,887,L12,1042201397432172365,5da3e6dce11c358c8d30b038b73d37c89eae779c291ed0ecc611b483140c0a9d,True,0.39025955052092026
S1,887,L21,15179989911374473938,4a478680521dc9bb27c1fdf4e5120f695984ac5b8f519e623f6cd06e6a969048,True,0.4714648717245538
S1,887,L13,5922166736142904782,8ee82e097e4b1390b909f6a9c7145778ec58e77fe753955198347772bb6d41c6,True,0.40346918416432465
S1,887,L31,7460112566897303505,7b96c610e11a94f7f1f1ee4b64dfd19511cdd9ccdea56719022b432469553afe,True,0.43812568581042943
S1,887,L23,13517607661129539419,5b35195844762e9ecfe04e562b294f45aa33e689264dab3e19668e09703742ff,True,0.47853836577195175
S1,887,L32,734929845619699809,283f4023c95d92fa513e11a158835a297f643b217b637e2ddb3faca2c63fbc75,True,0.42548699460788797
S1,888,L12,7048372814560775068,c6ad0ec2bfbcb9e385444d46dcbebbc30e97b8046c4f95cf4603b08619bbef23,True,0.3923650869977351
S1,888,L21,3011896592117662670,df8b3c787e5387b63d3dbfea4e2968b2d5e33c2d8813b30f6f863fb31dca27be,True,0.4720874066264725
S1,888,L13,127516885821329455,d409a8c3861712028c72512b16a14b98397290085bb4d3a96d1af8491f198a58,True,0.4101225915394543
S1,888,L31,3296629438005177320,e083566d7a04987c10fd5552b3af1024611edffaf18025fd10ee757393fd4860,True,0.4453205510070717
S1,888,L23,13755976366147622145,0e3c5e22a61b1268df88f489d1e993d06e1f212aaa1c640f3dd98c319c60ffb0,True,0.4817760441848472
S1,888,L32,1129982793323485383,716edfb222059d36a6a1971176051d067a163fce85d4509eebe563be8074a17c,True,0.42252577837496197
S1,889,L12,7941800481198880031,8b3de4f3b9d89b78e1a91e1ffb65c82312f9525879f4a9a2c979ada4e0e18e49,True,0.39122561731528305
S1,889,L21,7631025601767704158,83091493f6fe190823c895f2329ab696fc7b20e275a72737df4063581434ae33,True,0.46718387275100487
S1,889,L13,8685058592409967633,33fdc63a0d780181a8def488c716b8cee7e515407255a617bb637228e1a1be1b,True,0.4142431617271201
S1,889,L31,5774321836302345342,13cedaa1ba050b61a0809df140994619f92b4d9c9ce64efb19e199dc3adcf95f,True,0.4466240161892802
S1,889,L23,2453986101528776787,6b51c34af97690be54cb81d92eb16287e06641bf3cd6f57bce702cd557e52136,True,0.4813737576151285
S1,889,L32,12619436575291513806,549b51689b1b085a62cf33d60ad9f93161c20153ec8fdf98d2e892017e222dd5,True,0.42557740108336856
S1,890,L12,3979344614294158984,cebea6d2258e1bfc531a8c033c18a757a23b283a4b6d14e731a30f6a09544d1d,True,0.39268192610242086
S1,890,L21,9945585822433095283,bf11299b82ba92d88341179d29b9f4c45ae2c9f52e9a204a11e037f3dd5bef89,True,0.47246977363236287
S1,890,L13,3262326474123405998,b29ea94d9ccab2ce9ef69564f940a57c1c4f62f3f5fdd3c25eb045890f17325b,True,0.40928751464454893
S1,890,L31,9719849424351667096,fa9619235b53989a75a0dc6389102143285154806fb559bc52e3c5b357f75935,True,0.4476822863996518
S1,890,L23,8980402971305347151,b961848c1ef648b72502e3b87b8ad8a3330dbcb9b96e0a56b2027b7059d7188a,True,0.4771669921652286
S1,890,L32,14825622854163897988,f3c13786f78931cdd94e0fcd68d0f9ac7ce37bd1e77a5b06f81fdaefcd721072,True,0.42675281703355883
S1,891,L12,8488442573641722671,d20be7d8e3cf8eccd37c2caed26d4d4850dc0cc0e242021e84b6502fb8e31785,True,0.3897048524779834
S1,891,L21,6256724746162739444,cd238e474d5866329e9ba71327d74eb662e7ab321bcb3da7dea932577d12f59b,True,0.4749735053966291
S1,891,L13,16660378236085198862,3dd3f30db6d3c20bb1432259c4532e2cddbe4efd9bbfbfb93c62d8e730bb6214,True,0.40676060420981497
S1,891,L31,18041252041222569970,c11c6e32d1fdb10e1891a4be1ddfa0feb98187306f934254d1cab9f963d59d0d,True,0.4355808785796482
S1,891,L23,16981430101779031656,7cb80cae111602e62a8de3a5df3ae4fc684505380d729cfc8372baf1e421e779,True,0.47523622183942726
S1,891,L32,3439058909781346817,1b820a9de987d276279bd397432f6dbf2959112e489fc5b4d19c3c7b0c77376e,True,0.4223681077927719
S1,892,L12,8752895248048085187,31c0ae8053ceeb06671a3ac4e59caeb8fed1bfa1685c7ee76860755b439f1f23,True,0.3909844335964093
S1,892,L21,14721452192604188708,629202825efb33fd02edefe7db10697da30bb8c005825278bbf70082a3feabce,True,0.47573262050915377
S1,892,L13,13916071288507965985,84ced77473441ea5f5fcab7b6203cd277f93cfcc9500d09ac00fe555031a541a,True,0.40542032036326947
S1,892,L31,17069864286317898791,62e95b3ee2168ea00beee8ed02fd4bd6316e4183455b6b76613eac8b226bcfc3,True,0.44768988850590036
S1,892,L23,15051378889437018159,b5aa9a909bea87250662363d3346755980e318337bf763f3df9a6addaf13cc59,True,0.4720750642317893
S1,892,L32,3286167772424781641,9ce010e60fac319bbe5692351ba37303789155de0d2af1cbd2e8505a14949ab3,True,0.4228184012820571
S1,893,L12,706591630527274561,a1e357ed348cc6cd37cb93d42f94b5772e9642214ffababccb42122675c47dc6,True,0.3904843776029887
S1,893,L21,1522115101652541071,61a6f5f280d5727abafc1333e932988b1e1f685fcff243eff6533df8203bb1cd,True,0.46857347100183566
S1,893,L13,13832693764473886772,da86c84d6f13bea66e4fd1af02e2367c3b70e489606145ad9cf5a2783aaaca03,True,0.40462446844066946
S1,893,L31,3585880393122197715,d22c6606bd0ac6c92090312373a2bd2e9c635937b35d3f2c46b64e47abd995bb,True,0.44220474753843975
S1,893,L23,15805931963137649217,892ce607aa3fcfeb2d413eb0914f617fa3e8fad2f91df6af3c0d5eea987d2776,True,0.4784567415449189
S1,893,L32,3978619827554388816,66686435829d05e64a80c253ad48a8408ace0c27450f3b7b27fbaa7013412fea,True,0.4283644188093758
S1,894,L12,2362990154763700443,ad90c998d11c4f4717ec67135102675fd88809bfa5bfd7ea3b857516f0fbcec8,True,0.3973597887254632
S1,894,L21,328439491334965297,1731c3e3adf855e1bbaecef041d47d0f7a4cad9916107392bc4c688724012112,True,0.4707096069314054
S1,894,L13,15430182497813631655,353fca630588987001488a35e5860317b879b64db9fc3aba41f319b5e35ce61b,True,0.4074676838404395
S1,894,L31,11075903035026512351,a00f70431a0f62411d4370df5fd5994cc1d438307455abb1e3f376dac521afed,True,0.4438050997303121
S1,894,L23,13797069811083294779,34bfb3319cb524ebe0616ba3a07eae3e43af4713b16b9f71464f46137c61101d,True,0.47463307401919363
S1,894,L32,2179768641342132251,99341e1be60c4188ec2fedd6d2d1b3f92effe874b6fe15ff03414af891355817,True,0.4223086317875955
S1,895,L12,16713866879142976855,7df83f9ac260a2ec4076f5ddf57d273a637de8f28725ec5500e8655ef93e6d02,True,0.39233940836953934
S1,895,L21,4535804691940801217,8349ca38f26cbd0f0317a1fcc5a656677dedc6f3ab24a99d4734d190f7dce0f9,True,0.4715246161477406
S1,895,L13,10930311001834471184,7a3dd2b1babd709f05861515f2f0e46453df8fd327dadbbc4392bb51ed0e411f,True,0.4155563042667386
S1,895,L31,12769470321448707780,1be0ba50177aaf9e6a830dbdb62da43bb9d1ff17b1e6565502204b6e76dc9e88,True,0.44193215788971185
S1,895,L23,4433740778501390671,207157422e75e62fa1c05643df3da8d446d591a6eca5900b3d3c580e0e3d589c,True,0.47428349170661205
S1,895,L32,14147826255226816386,c3ab06fdae6f58e024a2e2e3fb099a21c55359df7a2d38ac8d8f1a61d90912e0,True,0.42228369643541974
S1,896,L12,1835701588540978714,99e9379f1d8349e101e61c4606296181c7d4e59eb895445616fa1865e986d1b0,True,0.3908628886828095
S1,896,L21,10836681180233539222,784514f7a63db04796ae53185a1992b37216a479e09574a48a74fa6b4adbdd7a,True,0.4769874318022522
S1,896,L13,6811590478730468783,7768085e1ac2ae3520693029bc9f7da55ddb18dc9e01a701249997ead9d4c79f,True,0.40877859059148347
S1,896,L31,8797458353639045742,4757d116f1ecc9044c8daeb4b230ba660e66d06146c72cb7590cc3d66534fab2,True,0.43974161840119774
S1,896,L23,5539907378862169673,16d612a504f65e664ac1290e842d31c308be36453becadf4f1f4be1719901022,True,0.47239982862790775
S1,896,L32,16940140546231968191,817a0bbc180a4ecc0f80f38cdf2253016565869d5f12a5d36b419e5a29021062,True,0.4210101343094522
S1,897,L12,4163660064107075962,3cc336221f8ca4f2a4fb5b48c47207099b745cc4a4cf519f881aa1d07710e845,True,0.3899831143292159
S1,897,L21,3432059213132112058,9d01c80ce08b38da243ea2e95e1d60f3e38c27b0b4e5612911f44d3594f6f641,True,0.4681592850974086
S1,897,L13,12080299229549190589,45dc51b98039f1d7ade33e5772edd5dfc264d340c01ede4c5fb6edfec0b9d442,True,0.41165641298199673
S1,897,L31,12608395085430224036,f70cba3c7ebd0b9b8577f2269b7130d1d6b266227a51d859f7e03f7b6de49744,True,0.4459328569331301
S1,897,L23,13619740561174171110,a45a625b4203f1d207807a214976af566596293d4a035e79afd8f872590060b9,True,0.4728593455829122
S1,897,L32,5745994266736870979,76c7699038f12267df68a3af0c69b015b1b11e2c67cc22cafe24d67acd4b4943,True,0.42731439990126063
S1,898,L12,10552105910424343715,5a902ed99931ce2ac09e3cc4a8e770a46cb2f577b00da32ce36de15d80e9a6f8,True,0.3954400894059339
S1,898,L21,14711969434549893061,f2399525c269b7d94b050670d3d9ee941b2805d3d833760dc0c5763361b34ff9,True,0.4655978778862468
S1,898,L13,1730642687552354436,1364d1a22edb7fc71a086042056f0acf25bb7b4b96788520ab36cf1a4bf696bb,True,0.4023417807871898
S1,898,L31,14422983075591782383,9ae2908014240e1159ac0880e5e22968259dd7b97b975a700d0552dff604f8ee,True,0.4390501767177891
S1,898,L23,8816234935876251010,7e58ecb16f6d53e6b48dce330587e353357096eccd02c917e3f59873e893194f,True,0.4702813708166943
S1,898,L32,6322809234589977141,18e4300f124b8711fc89328ffc63b8eeea16246520806332b2a92d69d8f91741,True,0.4280453737690154
S1,899,L12,11696760858577695493,6788858b02a605dbd217556611bf7be2958c58984e848c574feede9e667cfeeb,True,0.39073194582176224
S1,899,L21,9742063316012185530,dbcac945ff754655e5f2a878c394f0f34f74c108bd2873b190d7a6c228ceeed1,True,0.4707732489648435
S1,899,L13,13564077478027050264,3503b97120e445f863d211c5184688827d98876c28c26e6c898f56e27f5e8671,True,0.414565155029614
S1,899,L31,18204445283658946919,70c9cc2c1e45acfc5a2919b3bc5ed24a0b3337a1a6094039be5d1273b2abb101,True,0.44283228306165984
S1,899,L23,12302764137552636996,f3e0bf7937939ff7fd48639f9c6e45906dda3f6c8815dd1ed291977457784007,True,0.48153625967769725
S1,899,L32,3433945052828942998,9ac4e1adb6d1849b000b9f6d2ab5d0ee3552dd7eaa786ec65d5944f096a5dc73,True,0.42468188650764777
S1,900,L12,6568808249635201018,17d5f6c4d8ada53c168e2d9e938de53e9a2926e59d0679bf4acd5ecbaa1c5b64,True,0.3932445470806134
S1,900,L21,8264459144407199993,28def75f5931caff9f597f4e481a3a6fd91bb78d93e75f43283ce41d8b1422c7,True,0.4706361382689901
S1,900,L13,11098699771419045178,d2ed8cd3f902657032c7c47433a52d3670d06b7508dda74b06489565eab0d0e4,True,0.4110949541008514
S1,900,L31,6273385108886174411,0b8e516cb184bd891b7587cfba51867751c255fa6303cc639065f2c2a1df6e7e,True,0.4364870253687823
S1,900,L23,2333074934681903495,50a75c360fbfee5f5aa8a7ad685460b386bd16c6f591f00fb9c5fa87ae867c50,True,0.4770434172423749
S1,900,L32,10828999405382735597,7ff9f7fdc6dde8f13200e16f3363e5552cd9a89ea9137cf06dcd9ebfaba81dc6,True,0.42145153131387786
S1,901,L12,13727095411203109788,f7e146c444d9d6cf18489d4d584b0762a72500e93d6701e5a4971af89ef6d4f9,True,0.39178631812040937
S1,901,L21,2541649632993676991,6abeb015fbe75d06f7df774aef65dd7762364929b53f5acbc8d2e434673019aa,True,0.47022623855507323
S1,901,L13,10143555174946010837,64dbbf167ccf57af7e25efea4ff5136b9abc938e2a51442b2bf76404aa69a860,True,0.4178159214324615
S1,901,L31,12837075452573969009,3b5a4088e6224a901a3854262e144f15c975970c7e6439b8d2490f92d7fc934d,True,0.4443323385013168
S1,901,L23,4186525664681179609,ede74ac707c27db43043b0cf9db3bda14069ac3cf74d5d4f740effc8ac0be8c0,True,0.4846888059459442
S1,901,L32,1215985178932100816,11e0fa2a90f6efafcf7eb1a680a242083d77ab41da03bcab096eea11fbe0b924,True,0.42405988919355847
S1,902,L12,10375969846847417616,801bb8b74dfff258fe74674fab89a42d5e97baacfe98b3bb7520f0abe45608e3,True,0.39336163563370474
S1,902,L21,6568665729888762190,e5d81ef5a118be0388f6ed2320095983309a42b2d1d0e59d075bce055b0fb72e,True,0.47224031494703594
S1,902,L13,16511371033401835608,ddfedcccf975f0e5273590511ab71d8d52b3ca185dcdbc85ddccd1fd9663cfe6,True,0.41482566113435543
S1,902,L31,8948261121984577530,831486940efed9a182f8a27729ed398ff54204b73181fa18390785de052004a4,True,0.44183473139597873
S1,902,L23,5090607771150120056,01e567708894b09880b9105fbc1bd46070fb5505bb2c1582df9c86daaa163641,True,0.4768776141852158
S1,902,L32,2104863601630367552,26c1f28b8aa0d173388542641ddab1a571aa7a50b630007134d915db2a938474,True,0.41944245542855213
S1,903,L12,12625346061970419691,1b20fb3d02bf38d69e49ee90b92c9b6be2d7edb627444b194e0251db2636ee84,True,0.39346019638688656
S1,903,L21,7422239820249277970,53b4050c5445974b197770954fc40996d3fa5524ad4ff1c079ae74efa93be6ad,True,0.47245418637925574
S1,903,L13,313097256761499741,f4cf770fed3abcdc69da776e79c1526d4263a997b7790a7568c253e8d7c65d97,True,0.4168051473431531
S1,903,L31,11894189371947671794,1053a80180e8471709dcc522cfa397830a147edc0d1f71e08ed14cf327e643fb,True,0.4377151203245478
S1,903,L23,17334477462179093145,d77d5540beb8c492b7cc9729e38d95a679447c8c3d0b81bf34c70aeb83014e80,True,0.48216791316372404
S1,903,L32,8032628166631887565,7df9496173763a7f976d32db3a04dcbaa86f2b855682370ae65969dce55b180a,True,0.42491611232999715
S1,904,L12,2719083187019367948,6211f9a7718a73f8b4526295f9233868adb96172552555a7874696afdda2ae62,True,0.3930208358092741
S1,904,L21,14928315013879789984,cb590efeb8fe9af2a987fcfe03920f25cfd17a29691c27ce1683596ca4cf65ac,True,0.4729108523868499
S1,904,L13,17942849579782150429,c8d23e373d7529ce9754753304a6815533848470d14c6b2c237403b65ac9bcac,True,0.40766967657625097
S1,904,L31,1129798973935727742,b7d91e059cb204df2ddf3e3d818dcdf56b712a51f28dd951d8f43af1eda32293,True,0.44713970710918716
S1,904,L23,1116001574561046389,7a9ed1f12213f4eb102d4648fc9cdcd3561b8da93a5ab57db97912218819309c,True,0.4812740094779003
S1,904,L32,13415263163953077854,41f9e134f2cd51369f61368de1848df22e368659172b4cbef652c487088aa3bf,True,0.4229080635425374
S1,905,L12,8801508934941117460,d36314e85700352b9ea79cf0083ac829fe5bab9c9fe688257b2591004072b4ba,True,0.39083441687784115
S1,905,L21,15248245500851687939,7c81abb56fcfb441b70387e7c7b4878dc5592823b3be77d68e9fd40ee535ae74,True,0.47351492644693405
S1,905,L13,10144905351987713328,82165e16fb2f11c081de611081778718d90ac7f946a7eb3e9696e71f5f06d504,True,0.4074185070129137
S1,905,L31,8858152508832202306,6d860ce9cbacd457fc7a27fdd40792f6302e67f4f17925aa2a04b3b60a1347ba,True,0.43545190304781684
S1,905,L23,13325560695202893956,8f89b722a8fb4ee7c130ff7b6311b1f72353a89cc644601373196dc29524c368,True,0.47995668064017005
S1,905,L32,4291311022001917899,2260a8b3bfa53c1b549dedd4f5ca3b6e1c0104cd267226d10adb75e62fded1f5,True,0.42159672750655364
S1,906,L12,530386068696941652,9bb427693a01438ef27f4f9b4ac5b88dca1fb18c1b349d82f5e72c0719b07a4a,True,0.3926429542230079
S1,906,L21,11589878943604178976,29d5ecccc05a980621469147e805359d2499e63c82e9a7b4fa0ffe3180daa5c7,True,0.4663517900710049
S1,906,L13,3793794625171798743,56bcae45d7a8972bdabdaa100447eacc5be6917e806d7d5ab90f571b290b6e4e,True,0.40855352431630554
S1,906,L31,2437510025738130906,e6566a6092dcf66a431ca5c13a2dc8b344fa51fc64e2666e5ddf50400f6cfd8d,True,0.44390841326535835
S1,906,L23,13018451952290353061,3d45e3599cd6d878a6d97ae27b93d9aa8ae8cd3c173aa6fcb402ac9b7d3a7f9a,True,0.47557135037869497
S1,906,L32,16582492916513576254,be07aa2656d491e9b4656e8c8dff471b98f536edcafc9c37cd01bc32e7ba1f66,True,0.4227153370686591
S1,907,L12,7778793801401348472,dbe88acc823b61e44d0e558073cfe48adc1a1e5f9115697ca957756e61188df3,True,0.39194291847858365
S1,907,L21,14959064619051080437,a159d83ced555ee56395283a8ab55836f13318d19dfce042016fc62c964522c9,True,0.47285054466346743
S1,907,L13,13928265270284437709,c997b735cbf7cacc4b41b61053bc122e25bf669e8ffc1cc0d0f3b1c919fa369a,True,0.40880053243955083
S1,907,L31,7599994777265780414,0ba824ab735b057906286395d1019c6a383bcf03cc3affc68ddabae04740fee8,True,0.44482295782523146
S1,907,L23,7009608325169723438,5842c2f5e8a7ec34208ae0a377595f11aa8fde09e265c1a991a5e5e364aadac4,True,0.4787635573176133
S1,907,L32,2229697641699794458,7eef71b891b75866b2ecd0ab4a0f963c63f2875016d29c9cf332a89af953b857,True,0.42456022286884004
S1,908,L12,6615942019111700548,33df1fca8d0eb3876d06a9a6be3c757ebce8a9e08dee8a103e247a2f722dfe79,True,0.39017683006557213
S1,908,L21,8320538176745404184,24d32c5cdbc5839551270dd42158fecdba6c7fa92d8dd6345064f06b9edb8f03,True,0.4744857841614418
S1,908,L13,675193934084167096,465845e36705c72c327efe133518432064d9552f4a1116e02e91a5e6b0e11777,True,0.4088093275242849
S1,908,L31,3320170170856334217,5b37a458984d3f66200641fafc47093b0f119e9c548903218d87d6f484203dcf,True,0.43986350641336613
S1,908,L23,7832576307564302185,c0700e7f04414394183d1c84d24f6b3cdc3df6851db7c14ebd53cdc1d3ead562,True,0.4809712134729884
S1,908,L32,12049324509194886467,069fffb117e9206691f01a9bd4aa47fc2becb8c7aa60dadfb0e96cfe330cd841,True,0.42765042194255365
S1,909,L12,3233915195566895709,b2846cb772d80f6b742bf2a5ed1926a679ba2031fd085081cd4fdf95ddffdf92,True,0.3934181607359064
S1,909,L21,6821859355783629850,34a7e47e5e40104416d0969f0bd98daeaf977628700b5fd7f54cda9d68dc1b84,True,0.46835616659025103
S1,909,L13,16651145582951064465,165bb8e9f691b0781fc1041859a61d14cdb519f3ce994dfe22ff32123a3b441d,True,0.40358971530342763
S1,909,L31,3909097593845935875,f3b52a0d197332de290b0d021bb2282f16a374d1a8b43231346f23ff731f3cdc,True,0.4392104590524417
S1,909,L23,5978887818114639147,733e24c7b806f0fc8c2603179b15699d0e8c9b50fad0e62e6ca343f3b4c201af,True,0.4746134345523335
S1,909,L32,17130448884519184235,79f820e0e4a592129348aa4920361e18c5fa14201a10edea48f992708e331896,True,0.4193786554686124
S1,910,L12,7443899511171550451,170d36b732f84ae7320309e3685e125b171e63a6662030749280586552a5e614,True,0.39019221039224705
S1,910,L21,5426314428628190557,9310c5c0571484b0d6be987caa81804e0ac85eec7b1209b7a36618cc434cbbae,True,0.47131070705039346
S1,910,L13,8117719210305677123,1460ead603d75ead33573b6936c868414b5ea658700ae67f0c7a931f3cf35e61,True,0.40367284116483493
S1,910,L31,16057860140369731071,e683db84a9d566645152a5a7d4cf7b65a114f640ff71f2c402739730282d3ec2,True,0.44227738248512916
S1,910,L23,2938675844032132157,b7985e0f33d16a491883cca9745cebb877b254d6a095994bfce3fc72112a466a,True,0.48210876688353693
S1,910,L32,2489297647829131702,b8109ff2f6236eb7c8e4a6f15e8a6dd5a15197e4f1ddd6a29ddecb56fd8c1647,True,0.42453590480048947
S1,911,L12,15468408941989981803,f36f69ba6622169cd706a2cc00ffdf7aacc528c5bc2a657978b3f1f12e411694,True,0.39246439414263745
S1,911,L21,11847229393664232750,a2401c70444517bec8574d950c0e957708b4b65af1d0cdfc766719173974a339,True,0.47130215105687234
S1,911,L13,16599300362872779913,8eb58e32e6b79bcee34f87b4a8c3082ceb4aab23aa03b88589d24a2956171f70,True,0.41443752647773985
S1,911,L31,10764615933094090524,1c298a6264eb44c73572e456c0409a949012a51d838e09c1e42fea40f7e7666c,True,0.4409397200376979
S1,911,L23,13434708931014847793,6c7caffc4b4bea3fbe852ef5b65bbfa45169f73c46d29ad5da052163ca49973f,True,0.47423891162530285
S1,911,L32,2751640522443942259,4fdf74d4ca0d227483a376ad160f438069747a73f4d15472d43bf655b98edf45,True,0.4221129372000911
S1,912,L12,9970457951827303843,437cc938493a9f85ac84503582caa05aeb98b523d5bcff619cf6f8df293988bf,True,0.39140329001048624
S1,912,L21,780180218610111330,83b211c20b77631e9e34ec481dc768fd85839ec335b2e36757900d0c773dda47,True,0.47030351962343503
S1,912,L13,11095774914108295011,81a6e165c73ea484dfff56a5b984d4ec316b556ced459775bdb72de5e96bac9e,True,0.4123263368205475
S1,912,L31,17262665445044277498,53baca249340450e7d9b4c9cdb8271aaaece0a38b57c3e1b67d01db969280c29,True,0.43571245275366327
S1,912,L23,2358551082392058043,42ffd1f796434ba7cf8809fdc225a249b5aacb87e742cc475a1283dd46f2543f,True,0.48313400203674234
S1,912,L32,393730378269779225,795ff668e233f898026588e7f831138fd637802166c4ac99b5dd17a58861bb01,True,0.42003905507463635
S1,913,L12,9782234935634729895,ee42ba0f0d16bef1030c9101a202a4740d63704b44bcea6491c5399b6b35e968,True,0.3935322964770021
S1,913,L21,7801068681731672655,37ef6c2068013d30bda5f028c9ce75f12bb28238160964e9b758a5bb17594e7b,True,0.4774185901397512
S1,913,L13,14406477890350383284,6bf135eec648ee0d1c7c759afb7bd0f4a97276726f5b786c3aac2f5f3ce000be,True,0.4029138363315685
S1,913,L31,2564963019004385956,b6975f238b7145b4f3d6cc422030c8bb6c018473a13cadae72014d3015b81ffe,True,0.4401943065398065
S1,913,L23,8945653982178956537,2eda6dc6a897f081b1e04ecac007fdb50b32b5be261d42ebe010b126ea8023f9,True,0.4801369885530832
S1,913,L32,16236711133246995263,00d412f040c51714dddc27a19f44120f8f9d4df564228c0bfe44fe64046a9e9d,True,0.42453766319553
S1,914,L12,12606519997626362360,e3e9e1411354a1d669068c8498d4d66cf0d3a786ac422680410558ca67ffaac8,True,0.39154959053601307
S1,914,L21,2049483893615151134,722f4ce60beb4bd7949fc99f476ed2c9ca4a907e56e9cccf7bea55a51c8c7e77,True,0.4695101356584803
S1,914,L13,6710851622357893332,8f902b1e0d121d6fedefeb76a124ed69df93b9863449c6a0e58a8e304b159346,True,0.41158342848425017
S1,914,L31,16372635428139722080,16794b437121e5cb40547a40491429e0429bef1dd3e571fd7f86739facd782ef,True,0.44872114025488957
S1,914,L23,11212493551881467524,8174ae0d29ba71a572523cbba4cb95e417721153bd2ce19d29b93857b9e01fdd,True,0.4835566012743419
S1,914,L32,18232721607099118208,da8f8858dc8c8179881f70877ebbc7c2b3e5e9bce3e9e0f270f944716b466667,True,0.4277223400200834
S1,915,L12,1303304355060362506,d1bc3ce79232eb032619c8b662b3eddfe4467e74ee741bf7c3a4ddb0b227407a,True,0.3942772994811842
S1,915,L21,13366785879132212696,7e0ce183f3161a0a6b8957bd0ffaea4fcdd54bf8a67dbe99031ffa7673b0e9ce,True,0.47051586274535956
S1,915,L13,15831478141371837860,b08ccf08cd0d9c627d5c006da2078543595be1da3be69e12318e5e0b04cbfb39,True,0.4064954220739109
S1,915,L31,4515454909140090645,c1bad6f88b18e559d5b0348f92c9d606ec8805be51f70d0dcb2d4812d51f1a8b,True,0.43771171640770173
S1,915,L23,13651393277160425833,bf78a247108de3ccced7ebdcf0bd7ad782b3853368bdaac2ec65aff1658c2553,True,0.4856799412164
S1,915,L32,5144246528105911305,976aff9fd4e42451f2bc2e12d4f64cbb44f572a32b0cec0e6f666f675404845b,True,0.42572046150001824
S1,916,L12,8356630755618889001,c6e42d0c1cd9b70b38f55847dba0d247ec9d62c44e072b967e3b01e3966f56e0,True,0.3904959313787823
S1,916,L21,4444885626118403077,15f66bace988e974b0434215a5ef56bc5eade6c015a6a7945840620516eb23d3,True,0.471504368040398
S1,916,L13,8024698286889029122,9e624daeff6a5db38b61e8db3028c932379572a7860fe69cdbfc0960bea5d66a,True,0.3995264939890777
S1,916,L31,15109410347353116307,86645238c1779f6605c3fe4ab07528430e5aeff1e528d7062bce3c758e62fdf1,True,0.44759440623986496
S1,916,L23,601215437374322540,04bccb7ebe397133080da09fa023b8c1ba05e0ec0eacf3a11d46f37043dbd02c,True,0.47843474897681926
S1,916,L32,628536086645315730,2729f58588c6c473be8ad576dd81217d67beaffbed582f339688216fa7b4a4f4,True,0.4248014032586482
S1,917,L12,10205196508196884549,ef81aed0a9c087d8c643e9ef0d7c922ed0e58c362457056a481fee3d33a8a5f7,True,0.3915831120437659
S1,917,L21,3448609106904781147,efc9656a232eb0572d32f7eeb026e421d8b35275b0cdf627848da17ce116bf37,True,0.47124545213324476
S1,917,L13,6469246875379041174,43f92554a0bdc65c0e8717b06c25c9af8333eb6c96157265c4f92ed120cd0bae,True,0.4073709518385526
S1,917,L31,717456587004722589,ec1c7734d70ea8b2d105a60955de4f394f32bf0145f58fe5f089b21087caafcd,True,0.44230617086830337
S1,917,L23,16127026530846715329,40cc285e19fb41b7d37a28d2095e21fda8f520c70c900362842a756ced64c229,True,0.47139426927991895
S1,917,L32,248862680887337474,3d879624582b7a11bcf677b1bc244166eabb4e7f992ef672c5fe036bc378e0c3,True,0.42188506517941493
S1,918,L12,9684378278331185792,173dc78562deb54e9166106367221dc0571edfff18d6da7649f40182696e7a6f,True,0.39600284757746707
S1,918,L21,11382205939365199500,250279d6f68a98e71c1dc85283f782907d7392b7e3d7f98827aeb7816b4d025b,True,0.47316701416886064
S1,918,L13,14261590987439477951,f7724cfd69a3afe8d2db8c107ecc804c5eb0448bb933c386c342d030fb554216,True,0.40790676701508605
S1,918,L31,1895155876806676072,ce75e08fa18a33859a0ed7007fe40c364e21237f556c1ffafa131a047ed98e08,True,0.4368072445808174
S1,918,L23,1828953664428602046,120605e07cfbb9dc1f02f62456aa1a91d9d6f61dce3c9c05a16d5addffa5241b,True,0.47225200026414593
S1,918,L32,12558229125943777820,df41a5ce8f119211521a14ef3250122589f51613015f4d920f5202cd363237f1,True,0.42562457771855644
S1,919,L12,9132942088350016941,a7a144fe2f51998fb98d102b61c6e049c2e5e375b83800165457bcd95e1e37c7,True,0.39051010790281065
S1,919,L21,8957672855157156867,7b521f201f206c2a1bf9b0de776d8e9322b307d884ac63a65d4968e3bbc57ed6,True,0.47249054165521026
S1,919,L13,12354350927803081211,0c314ade04df72bf36f23a0901f853e506079d5bea41beece94f83149a07282a,True,0.4081878273910119
S1,919,L31,3457573167725056480,dd96a2c7cd48d0858342b50b6182ee1c4ead5f7a938b5cd132c6199806a25240,True,0.4448584993655755
S1,919,L23,14405451657625914832,c2444ec2c98e18dd3ba8360c57533bbc4b6d203c9f3b7955ba905aea8e8c5391,True,0.4733049316484904
S1,919,L32,203821230730265593,27227357545c375a668ccf168185f2e8d6e066c1442193ab291684f2d0756849,True,0.423612848750154
S1,920,L12,16854589026372156490,1d386b5be5801319593c259f59eb47f5ff8e54b7eb88629177ff4b93a0b82066,True,0.39194291847858365
S1,920,L21,2093225579055486118,1efd133a6ed3c0b291c20750ecd8768f34d34b279168bea43d8a29577067db85,True,0.47139289384981764
S1,920,L13,11953497763052124242,bcac618692ca7f35ffa71788d4097ff74896266ace956432d4070a8c2824c6a0,True,0.4121749426325136
S1,920,L31,13004909697344233567,731c2b4a896a4dbb26201d537a72eb800ef8b7d29801f5f6a9a9327524ca62a8,True,0.44597464346718396
S1,920,L23,13653855796906841645,3b91585a0f9998e613296bac558aebaf7fc28e1ba0ad84896df06bcba7704f36,True,0.4813102107523235
S1,920,L32,8640319814354306290,4a47e24c4c0bf2aca946b2853c0b881c3e971d8f22653008408c8c04f9d78e8e,True,0.4257071255180999
S1,921,L12,11324894792156824684,dcabdd26bf573eb29aea6110106c23165dadcc20323d42f3f43b95ace9822525,True,0.39154959053601307
S1,921,L21,2647133642371506020,2483e0543d021673dd2545b20cc628e586d7d97812a2a75f264b37f818b35ae1,True,0.4681995104567296
S1,921,L13,15780651991074743195,c9b19cda22a15c4ea7807ccb2ac83a872220b706fde25450eb4655944b9a7078,True,0.40321419601571706
S1,921,L31,5029144533814684789,7edfa0aef0a91c1c726b5583ea5adf622ebbcb41acb0daf1217bacbc54d52b88,True,0.4432205767938969
S1,921,L23,190473906768985726,677e9f0e5fd7abca85fbf870df460e10554da0b93c507400b9aacbe668f55746,True,0.47413014387120117
S1,921,L32,8020671740764581760,a3bd4856af8ed230572f9a9f12ca5c21c727014ca15ded11ef1ec21a88ea5a55,True,0.42230113098160027
S1,922,L12,8589174269524509231,09a1c8d93cd9f1dd53ff6ab0172e6bcd3aeac871ab1fd42ad3e7fe4d9e8c9ef2,True,0.3904260098919399
S1,922,L21,12227978374455082633,595fa7bb3b781a6fa0d787d6413be84a38832a4812187cd469f5f95aaa85808e,True,0.46644599406300424
S1,922,L13,481044917844204489,972adf6257121400a5ad331111abf9912473d4699bbde626c9ce65b93add3076,True,0.40779542361174226
S1,922,L31,18045827866503632906,92f56768c603e3dc4d090220bbde2641c527b26280eceae0716d3cc0e40006f2,True,0.4511203053368821
S1,922,L23,2244991445408229416,55652452b91ca3a7b6a318b15574609a458f1a3a7aeb8fb13b00386114c88937,True,0.4750805580676732
S1,922,L32,15776934361824173543,a84846c4b81af6bdc0d786f36e3ee76d886e7b6e72b0191d332ab69024c0dfea,True,0.42716278974153493
S1,923,L12,5108131758122495415,0faf4d05c2ca6cd1e710bf15719e66b7b8e92d912e77aabd8da2e1d21089d8ff,True,0.39196293302132124
S1,923,L21,11157982207277340956,e007265e553697de32d90f737e2173403363b5b18526a30d7bb72ffb3716d9f0,True,0.46810954461947574
S1,923,L13,18129057945602270323,310e7b6bd8927972565f917151349b3b6eccfae30a0b752f245671a52a81b91f,True,0.41307787162707
S1,923,L31,8962846682910991588,09c5ad0248f8b3099fb05507092e56ccb36149e04cc09184f3a1a0f92184893e,True,0.4371318952349252
S1,923,L23,5465289751238336743,7a68100f85aa5aa725068d8f4f6b61ea60718aafedc97ccaa78ef38d8f427374,True,0.4839988530134698
S1,923,L32,4637979774606060101,207e3490419006a6ae53bfe960346e0d3ad3c13e07affded74e99bc4d6f7d5ab,True,0.4257900568022203
S1,924,L12,6124350167015366935,16c0fe3debe1d2f6be3ee0b26eb313f5080fc7677e13fd821e09ad35ca0b7582,True,0.3896716347399459
S1,924,L21,16966853545167332317,45b3931c60953de78aac78b254773bcd9feb8b20b8bba66128eb2773112127fe,True,0.46802866390533093
S1,924,L13,14245051797051489656,2b23f5c9fdcfd7cb5d17f3c575583bda44ed0702db6cfa3dd9670491543eb4af,True,0.40869020468883155
S1,924,L31,11102543214160684526,8417067f6cfe9652de94ce66dc1f268043c364a241378d16838a9c7fc43ed381,True,0.4410658354445804
S1,924,L23,11627043600128955251,43f60ac00344ea124ccac0f580dfd6a0bcc2f1a966c4fd0cc2839de66fa064d5,True,0.47999233176200984
S1,924,L32,1163321938949236059,bff672a8fdc6866bdad5aabbf5cd3b887ebe4a24e37283b8c6e4a47a7517bb9e,True,0.42185872868526
S1,925,L12,4621058088897599810,0ab06fe31f93c12bad83bf5e87b0612639a365a68f87dc0261bc182c3fda109c,True,0.39155808247767065
S1,925,L21,10163172785053211070,220ef2694aafc06499fd1534f5b69c0de1b3a19ea9bdff637d7063e8e6a18c33,True,0.4721335307957315
S1,925,L13,5730932475646958461,ab66238b13f5557b7d7a9f2ba1a87b20dea31465e348c1b9cda2ddd479f4a27f,True,0.40385026328037466
S1,925,L31,16128207168864901600,76b4d1bdfbae58f18931d711e0f823cc9a786a7aac87eac5b207836989704e21,True,0.43610010928513593
S1,925,L23,9588115500532162503,ccc9f58011184597fbfa1123c7f2f85287f18586b8a45da4a4bde553be7d6a76,True,0.47435621808551837
S1,925,L32,2571057450301208566,328f2d282184a6d556e4c9c52661433483ae2fb940f256c339237e91ee04653a,True,0.428973394604051
S1,926,L12,15227083107690095934,be4bfc9a8e48b97d5a74b67da17cd8648cffc008f8f778512177a00722174b5e,True,0.3909187993669334
S1,926,L21,2561713484810007153,515999d09e34196343851e3a4b2f8b2bb156ef23a26b3ec4e304a8327f69e24b,True,0.4658837345359332
S1,926,L13,16915941540869628872,0b148e8601412d7280f637acb94576eafac9113ebc3a9bb24b922697f70e60e0,True,0.3988850367757173
S1,926,L31,15023063702232760743,04495cfeb5bccf709003b787bf6051c21bcd718e9bcbd5e303f38ea558b0b82d,True,0.4380742659504837
S1,926,L23,17308143596558574314,8e2b4ddaa7439bfb01e9a06e896e352fa6d1ef02d0f3c3c527f2f5b9349e6394,True,0.4823266229134163
S1,926,L32,4483900062698643654,4d9e0321b07d3cabb6cafb704fb1db884cfcffc3d8f929760f9785dad5eb6b76,True,0.4258847493983309
S1,927,L12,12427047465177342845,a96eba9951daeacd6d33518e49c664f06e05e454dbbe12fe8fbd2f5c9da73fc1,True,0.39146641150567496
S1,927,L21,3902720582533729598,be06c27910f2b5e9da1c19047881373ffb943f3ecac87cea666301551ac21bde,True,0.4729607008063887
S1,927,L13,12721332221140980376,10602a8927db06067c74ee60aec4380fb6472330e33a7b1446fc9f5e458e72f1,True,0.4124008973251003
S1,927,L31,3003172819140954653,bd2620a4340f173567d4871360f874af4d6f439cf676289bfa94552466357b9f,True,0.4381994882227723
S1,927,L23,16907135543507191641,1b41a8869ac0f54e89e384642f5e792a3fc32876e69c1c04ec70cab17b45cd28,True,0.47865417295973306
S1,927,L32,4612291018113731877,298f3401efbe7baad44fa9360ef1aa975e66286d0081b01d7d6dee6e1f0c9edf,True,0.4253984886467467
S1,928,L12,15436240338369545291,93aeb65c86918cf6a166287353f8371cbdef1dbe38f7ec99faa9b99523f55d49,True,0.39454610521927863
S1,928,L21,6672104974841434859,650e0915758453374d2442c63f972f3a741b63b752ad7312d27b3cb2c8dec0b5,True,0.4731416775866855
S1,928,L13,3543814716747563889,34449378f28e9a667310c714d501c860040215b17708a75a7be5163a99ac7908,True,0.4099064958846666
S1,928,L31,15521715248784673724,6bf84dceb3a1bae7c6c85c1cf9af873f3b207a1ae4110e4ee763527f7df7d5fc,True,0.44276537282712136
S1,928,L23,2691268782147655998,f5e4cffeccfe78549ffdbb588ed00db3dd303d584ffbc38d1249cb42e5ef9072,True,0.47906278259119056
S1,928,L32,14774854609079239572,ec38a89f1ffe135c7c5d2b522baaf51ac7fc8b92589832afc0918c06ef8585d6,True,0.4231054888709053
S1,929,L12,2856949702897880245,1d18fcb3dd030fbb75eb223b52e60fb7752646e2634f295e4ba81bb3b7704dce,True,0.39215562452269104
S1,929,L21,10135308952625066410,2415bd5879394a8e477bd7f00ea7eb500b59d9a5a93acf37332f4886671add49,True,0.4751648999135807
S1,929,L13,13144166127309577065,d3f52baab0fab0061a5a09fff528a5449e40d8354636c07c8eaf9eda09e8e121,True,0.41145712930914446
S1,929,L31,13084554576551147562,df33b2e13a2fd327c67f68befaf0753a279d43c4db40fa3f0fd473c36a794d2e,True,0.4362311232613615
S1,929,L23,1149425827535505810,cacfec92a8e4afdd492462980b7fe0567241410bfecbc1ed92d06294d0602dbf,True,0.472666478922294
S1,929,L32,4882908485293180736,26405687b6f69ecf2d2f83f5710fa44add10f4cb33f9242cc7b0260c20154780,True,0.42501860372306277
S1,930,L12,17018092541371104602,9818ed8fa7a824b5a534b802305a1ce9c2f1e4a562e6b0532fcee2c37475ab8e,True,0.3880869847886775
S1,930,L21,1487671297106245343,5e8c081e8899be951e29f0ca5fd0cd70fa5f9961360c7cfa6751319cd55cabad,True,0.47484946934230793
S1,930,L13,10114484474078506574,61602452f966cc92f0533e9b635d41a00305f895a82c14755539470506fed54d,True,0.40662350262065
S1,930,L31,10962735723684544294,8dd86a559c3e01ba8355139ddd1db7808ab3258722150c3b5b260a27eee989e3,True,0.4418823604134233
S1,930,L23,10580350501217831436,0ad50677c6b7b5518935795ba2e26a3c56aa5186823f4a3c06c45f201dd1ba51,True,0.4767963004064415
S1,930,L32,15547384896748258635,6ca907c5330a6a20c86938db4196dccea97aa136cbe7219fdf8aa0af2b444128,True,0.42349938466465864
S1,931,L12,10453603683475032796,42e6e61fdc0512dc80a1eb6473d9058fd8b8e6897db3c40c08842efa49cfca63,True,0.38871329827787326
S1,931,L21,673084379973891141,87b3ce76ed80fd1e17a92ffd47b426d95cda5aa5a63fe42cde027fa5df664658,True,0.46890974905196126
S1,931,L13,4217607824286964103,1a7067db646552044a24076237bfac7d8840a6dd89b81e5347908dbf1373d2a9,True,0.40814863360171244
S1,931,L31,7602420398191008819,07087731e932dd16f449d5191745c8163539d689d11f16fb02268a6930b29fec,True,0.4384456920185081
S1,931,L23,4098249628553172922,46ab28f6ba602337c294bc9246dbaaec535faff66404c3f23f79d22561096173,True,0.4769006225922636
S1,931,L32,3326566212038456073,96a0b932bc7e6670f7c88f9e31a2a15f22da841794558c99ba68749156a18f08,True,0.42667274993324256
S1,932,L12,8903991757840842095,f1e23affb526410b22c69c42316c08be962364a89d2a865ea555ceabe7fcd4f4,True,0.3924225846090787
S1,932,L21,18359112843958733166,645802d9d27a353fe15127e99111559e152f4e38e97e278a55bbf6fa0f18b4d8,True,0.4724021786021629
S1,932,L13,619483318346587904,d3ef1c5e0cc0a5a5261e7ec760853a75c2cbdaadc10cc715f02d288d04b0f91c,True,0.4143141581786653
S1,932,L31,6479286696261208290,a566c55b01cd3452fe7ccaf4f5a3f7566e5ffeeb8b8fc1ddcd2e8606e033cf7a,True,0.4399762738550177
S1,932,L23,3119979491876038616,6fbe98fadae7c6246e539be8087db39e1e5061f212b21e28be1688c744314baf,True,0.4754223448419915
S1,932,L32,17968894996183017890,5bc3cd62148780935720c225583bce63a444e856612ae35272b5987abc3decdc,True,0.42631804740464346
S1,933,L12,12560875276100898240,f002200f941dbf17d0ab517d7712674dc1e94bc37526a6800301a9ff4aae1166,True,0.3907235703486924
S1,933,L21,17344159645597622719,23ff44a7527fbdc466d194fb4759c033ee2a383ae46a5cb4901669a28f653ae4,True,0.4713305588763902
S1,933,L13,17694065479555010671,bee6c0046d6d4829644e0d56e3e48bfbdc255be09491438b22f7ed31f710f554,True,0.40721927724700135
S1,933,L31,16569150854955497555,d0eb4c4257e1dfa632a7649644e3190b9e46062380eb88fac5279120307342cd,True,0.44271802956690515
S1,933,L23,4141786880163508864,7acb365d2aa0c0261ef14341c6a36a1e7a994cffc42a0726c2266630109a6d1b,True,0.47417259397132416
S1,933,L32,1518855922066977342,e31fa8ec351686e8b862d2adc0cbbcd4e6b56ff5aa751a0010e8dbbcc054d32c,True,0.42611505017751683
S1,934,L12,12170526714802438770,78032bad07d24e54daa22aec7ff4b58677fe14ac7085172fd0b0805353a15716,True,0.3931332051382827
S1,934,L21,5103449989608328254,2a36e87791e2e55fe332d488e1666c1c2c77b99be2e043f796dc43c637505524,True,0.4751515609712555
S1,934,L13,3464231638575270066,09deeba04e6634f6322990ce280ac22fe7db22e09fc3d4ec27a12317f8a5963f,True,0.41552002221060386
S1,934,L31,9749626703010823099,0d3d3d6c1d675b40e1fdfe0df2d7250cd8d6ce0c0489dd999f1ab5007efdc3eb,True,0.4450228792338873
S1,934,L23,15553620846054151813,943c84ab16848af7b6e283995f741c647d89f1d5e92b00118f87a7fedc969b79,True,0.4802898744878119
S1,934,L32,16609977079709061008,0f2a21a3ddd1bcc18950a904d4e96b0987331865b545831ddc101dff113c3e82,True,0.42267122771320775
S1,935,L12,4020506217302176623,2bd24c6acb698631e0342200711ce14a97da7ced4c83ffb010a9ab7f03510d00,True,0.3907776837278673
S1,935,L21,1147944179002988986,fd02ff6c00bb42c5bf386c0ad52070c64ff06851925bf60054aae27e7b0467f8,True,0.4776269792464477
S1,935,L13,6699468651058352989,00f2a8daa05cc81a3c19db53e701d61a48621b2e5ebfb1689db35efc428aa77a,True,0.40644890814531787
S1,935,L31,15228716186868651164,c28905cb511ea43f311f669ec015d0e6144549799e23eddccae961dc63b7350a,True,0.43658234815937463
S1,935,L23,6623349419739060961,bd2ec106dee090a5ad7162feed8a4c5714322937448e3cbe557b50f43ad05f61,True,0.4699746165043158
S1,935,L32,3109433962791725331,3ffe5b960b1cdb3872506cc2bc63b7ef716957513ff1e14052cf1f026f31654b,True,0.42731439990126063
S1,936,L12,14546962743730938160,47faa7488b35ed46ffdfd8047906d7be631f83c028eb4685e492365ed8c74012,True,0.3939998674106465
S1,936,L21,10806917531934475285,c4dada083ab56d46dd6e67260a4d253b2635c39e67a01e105f740e9e9a0d6c2e,True,0.4769748599718552
S1,936,L13,4413674574785814253,0e7d1e6f99b24723e7c9d61ae930b997b67815f82d37e9a1300be0765bbbcd22,True,0.41131855973920983
S1,936,L31,7367256090785019258,e094e4f29f3e2cf24c5c93de2318eceaa2c650672985be240e3366870f0cb74a,True,0.4373695801070817
S1,936,L23,7048886487531564261,67f36947d59d9d41500e6920ea5292a318a2e06770b8d698230c1e73b862efcc,True,0.46910922721308546
S1,936,L32,5403290738248425782,8e82bfbc3f673d7bd423b25d0e5c06ddec13840f1d5a0c3ab54b1fc2f7e9eee5,True,0.42636091291532097
S1,937,L12,6418749071936298963,65163c9b1485363f30aae27c9eff957692dd477befe49b50e6cddc814c43216c,True,0.39280195272935964
S1,937,L21,4734918987528540021,5e11c45dc663a06f27367e0f8a31f82d926450bcfcd5b5e8742f4931038fd73d,True,0.47441579617131857
S1,937,L13,8930155292251430866,2e4811840baf2cd607f013e1e6c7394f919bd091ff46e9f72c8855a73cc09361,True,0.41124176389011025
S1,937,L31,4652949251103350033,326bcbd9de296d1f570f641e838cea6696c603d68bbcb9cc873b00f474e44c87,True,0.4455662913142861
S1,937,L23,13097688414121299810,02989c69da2dec87298dc267515b119b4ffbc4a7d3699bfc27d2dbc663fb32ad,True,0.47405546166787216
S1,937,L32,5172826536683200827,ee696ed1f8cffb27d8fe02425d00a234596058e6dc27879ebbb65e06b883b740,True,0.42152164508816536
S1,938,L12,384588045162203261,e2c7649138af95ec7dc2a71e8aafd7d74981dd5c72b666c755b4823157c2be94,True,0.3902059952414426
S1,938,L21,7488263871534934138,87e6d56a358b9b65384eb2cf60a5112ded3e717ee4ffeecfbed2015df7a33a70,True,0.47348259719790653
S1,938,L13,1437877731173159595,e6c3207878d3dfd68acefe8ed05d7f1b57e989c0cc5b8f4d03d4281efb384a33,True,0.41491952305106616
S1,938,L31,15726012711946375266,5abcc68f694c30bfcb255ed4ed63db1f71ab4b828d5d4e0dff43545281bef946,True,0.4434697171174073
S1,938,L23,15025682239430851220,440bf5559c288dde22ef3a288ad43e1668c44f54e02542e83e1b25c30ea625ae,True,0.4734718226664566
S1,938,L32,13135590974524889436,bff6115cf5cc6e2d4d6d1aa9a24aa01c6f90d7b85d2e17f875bea20f1fabaddd,True,0.42371267845430594
S1,939,L12,9269707567137558039,1b66db35b0e695a4393fb168a9ecd91bcfc361fcbdd2bc13bea04517946b8150,True,0.39083441687784115
S1,939,L21,9387722326207995240,dfc993edc26fcc1e87cf02e1be0ddc50595b73f54a008243bd54d736b3810913,True,0.4717496727508604
S1,939,L13,2382034468655068000,c8452fe15caef0480ba915b5132c2a0c63ee1d4cf4c39cbe6abbb77758d8ee02,True,0.4118123887622257
S1,939,L31,9645711344956714353,3e96741bae2121d8c92601859ff69008c87716cb183e0ac7169281780fcb5054,True,0.4466917161261622
S1,939,L23,2668431484858345655,1c5263a852a3ac9b89c99a3b56c7c281842261cc16d8192c79ba95da471cbdda,True,0.4730251989194225
S1,939,L32,15379240604874618343,1cb7d51f895fa3b317803a13f236175f0f22f23d7cdf5473808327c94339c6c9,True,0.42495612368449365
S1,940,L12,4278743632824809615,a1d640293afd005dd78972b1e18e6fe765386de69cb57c412a44377f947e48d1,True,0.39268419566640944
S1,940,L21,9881796699696118009,8c1875cf9104b9b6c2ab36543ed984c680046a43e386e623826a6ba1715d5ef9,True,0.4689419677876465
S1,940,L13,1394531029392578046,14784cd38a090f3f9827d491b341ba8a8ee0530e27e8863a2544ccd65c4741c8,True,0.4104666646086324
S1,940,L31,2812659094029583601,0af6a2073619d40c15898b236d8f43f070d0b68640249619d129648ffe0f201b,True,0.4422654662822456
S1,940,L23,7899321481291126742,a6ea4b064bca0cf166a935f2e7a1a32205bace871c708f7025bfcdab0cac07e8,True,0.4772132071541638
S1,940,L32,1527338478597223178,3dd49d7e7f6cfd5beb8fe7e1693d18f49c249d3afcd18f4e9233a2d2936103e0,True,0.42164168900627647
S1,941,L12,18188189379724979738,7fb6ce736e4b5004e077eb0a7790956057e8a75588fc5bfb2bcaef94fb280da2,True,0.39196342551684726
S1,941,L21,14133607033272885093,6ba1068253ab1590c067e16cbeb73e3c7aecc88e814f7f2683698229b47485f3,True,0.47075715644389793
S1,941,L13,16670806344616096204,59ae2299d62df5cebb11e128a0e0cb68625e1a80cc088dc26e30b19a2a743286,True,0.4054925693259082
S1,941,L31,15631603250244557159,27e7976291a131e9fd65926bb7255cc6bb4122b0341d0dd7593d618a06915adc,True,0.43852018564349493
S1,941,L23,16034504104315050800,15b4817307a8d21a62943db3b27932541743836d5d35da3eda3bb58fa5fea168,True,0.4732333345431496
S1,941,L32,15803599242643925203,4a2f61c9862ac83bbd02c697a6741d2d29fb20bcc0f6dd047930ee06852434d9,True,0.42357446663886067
S1,942,L12,10203148345198123644,5fb415642453e431d25411205ac24caadc2f628a683d32ad2c4a05e399992f61,True,0.39345691195856397
S1,942,L21,6590349622330946259,838d59f2130e190adffc68e1207010f2b263917f82e23fe70227a4b1a6bff725,True,0.47141919543581917
S1,942,L13,3338622649226966941,76ce0478234e98a4272f4a6bc5e712a4c78007a4b6bd7f1b8d10227b0780afa7,True,0.4092130320634483
S1,942,L31,4686736521619840099,e98f3985963a54fbd53aa9579f8f95996db8d30db2f73e2f098bed7c14eb89ec,True,0.4384898407818334
S1,942,L23,9476181040191846109,c9a61d760330c2893bb267e2643317638e0ed32e5faf3a53ac25b874971b5055,True,0.47659879178307524
S1,942,L32,17473510924749473948,3eb471d58421b7060642898fe894e48fd4307a03fd94954dd07306884d1a872a,True,0.4291443564792936
S1,943,L12,5378026832806384577,cb6d8c64d4012c644c50e1b62b8afaebfeb7fd96309a5094d47e091a5379f15e,True,0.3886450303405875
S1,943,L21,14783660267915630638,4bcc90637fe337e8d4de145041be4d28bcf14ba2ced0df7ef09865afe4c990ab,True,0.4723936969103077
S1,943,L13,11440137949640951371,f6caf055217b0894e6663b71d3bb2f1fe468b7737d7e64b7eb623594b5737f58,True,0.4043852856372626
S1,943,L31,12089222161767560863,95e5ce84e4ff977440e33af40cdddf5572ef20e455de41aac207703f1b03b905,True,0.4395413721689121
S1,943,L23,12781598350682739795,d835e82ebfea9079a240de9972fed032af871c4b9aec073ce2bf08d3ce110b48,True,0.47333461962490764
S1,943,L32,8310764854603558658,82edc910574e5164b7358cea4cadfe178ec6973ea27075c2d9b94821a1ac959d,True,0.42153769599023616
S1,944,L12,8456123684304596742,46699e4c0f0f53f98bc31f096b97cd071838dcc4e0f5d96da67034a71b94f67e,True,0.39332234317243153
S1,944,L21,1414394297170297566,7c013d012617f74697ac4ef33461380da01ebf4a7b8cc75e372e43929cd14f8a,True,0.4721138474125496
S1,944,L13,5294944403719154517,43f3f771b1683ea6102a1b9c27dd33c5ae7853e776b26468fd72745da72c006a,True,0.4102922096265858
S1,944,L31,9282673926348225583,d41499c8a0578b941437ffa6db90a9d09286c1de37b46162420b83148c4bfe54,True,0.4487439281091964
S1,944,L23,3363408175518103297,4564480591daf24138b5addc3bfbf1d52fe59a47f6ae1faa08ea6ad559cec6a3,True,0.47921379312537593
S1,944,L32,5067680815496195941,eadeef22c9ddbcb3b002fa5716a4420e66b271689ab6dc0c7d8275fa375b32ab,True,0.42248902288162954
S1,945,L12,2049898414604801559,409e4044e70624a96e7750030511256b9c6a29110131bf57328f25776e796c86,True,0.3923812256005595
S1,945,L21,11374320611283776044,52fec22c96954a69116eb990fcbca097531469c7fdf761442b497650802483e5,True,0.47346985938762715
S1,945,L13,7586095435353023837,ec4f08759388e71e0b30db059acc41b69bf76758e422b2c051ad580ead65fc90,True,0.41835283761033903
S1,945,L31,6116295873253959576,134d4f14986f14931ae52dccc1ec0a16adcd2a6edf28b6459c915c925aa18abb,True,0.43836312766551905
S1,945,L23,12684057339173994533,83bd5306ef4af9312af71ae9872de48a790f8f92be3f6c738a5a83967049c194,True,0.4783182054899911
S1,945,L32,13251492072140758825,a40bc008a3ec395c8dc13b83b16b77391e2aa4323e4157ec25ecae2930c47bcd,True,0.42748843326777325
S1,946,L12,1406737398138873519,9ed8666669bab9cf596d692e813266a71871d1cac6aea34cf300a250076b2787,True,0.39281295308861147
S1,946,L21,3497616207357184381,a36426aaa498276e719ce5fba28a16904c8de6d304b8d2ecf3c43906b85e7fbc,True,0.47186485408851164
S1,946,L13,10240417835410891463,df4a75919f798c751530c0f5aa345e2941a48b1cf081e3efa5054b96bd4f03f6,True,0.40436072242862825
S1,946,L31,11750234444136163196,b6a429d186e5efe94f40d25da8bdc3b7e71644d2b6cbef27c8c1ce9017eea7a1,True,0.44312190498824583
S1,946,L23,5069885185869262490,ff7de4594d80b1222e21b2d7217c1e9300a6301c1e5b2f3a7d91ff897a49a042,True,0.475948093063342
S1,946,L32,836385426558154240,7fc70b0fe31b40bf2b8aea0a91b83f7e0ad32ffde7673f99e38dda5657b1b9ed,True,0.42517935822950015
S1,947,L12,23438737537051549,0d50b8d96c340e3f57a5bfbe756541199313b5bfd48811bea92793c3cdddba54,True,0.38995456899525316
S1,947,L21,10958505096518164257,bb118eda17751a8342ac5c5e71ddaa5fdb732eb4b7c2d39e9adef528f95cf32f,True,0.47005275640430116
S1,947,L13,456874025014272394,2c3d0dfc8c2a4d5bd1d8da6ec598bfceb4302cfbcac1d2cdc8b7da606ce9e028,True,0.40894641015435285
S1,947,L31,9667918642552657988,76de621305a3b9b1aa0b5340804bf14ac7e44adccdf9035e6a5b02bcb4f1d391,True,0.43825346990030334
S1,947,L23,4662274168546654615,dbc916fda32d52eb5eb07032e7b2580914fdf42918f105839932651be85bf8db,True,0.47303227797900393
S1,947,L32,3792496731626678589,61e5f2f6fdaf227c7421fb09b5501bf2183288dedeaafb81fb72493f3361dd82,True,0.42364821873996594
S1,948,L12,13812053423641890594,3476b21f21d582d0f1c3f1aad1c9d3a6651032e615b82adc54f82d88476a4401,True,0.3869897534208762
S1,948,L21,15741258292861250018,36e18e58607414fc79a34a0892254ab771bdacdbe7d362a56e55c5ed97cbbe1d,True,0.474545927935369
S1,948,L13,12890728955539552939,e6ddd51eeb82065eb8989f0616a990910c46023b7668a934bb7c90425e28fa59,True,0.41589687298231565
S1,948,L31,7801122894959813688,b9e7d066fd736cc4a21f245bb3c905c055fa853f12c60d34ae92a69fb29fa772,True,0.43739763931498166
S1,948,L23,2571670658664349165,691167324b46361ead7900f7351f2796f9837a56565717430d3e77a7a39d00ac,True,0.47964999305272615
S1,948,L32,7347080000848698241,c73c16f0ee64f3754e6035540f61825e3b76ef9d2ac173fba463f9c12f692255,True,0.4272055437609582
S1,949,L12,209333842327174518,68e41da76841701cdf13ff2af3adf0b4271f7fdee1bec84842724f92bfa2d486,True,0.39091810846771796
S1,949,L21,1929358433828128154,6974399a9be6c856f39bd4ddefba4776132705c221c6c149714a65fd156324b8,True,0.47251698766139577
S1,949,L13,3172883408736654584,d7ea3efbc2ae4c0e3c47506a71970f4a62a84134872e8d3ab41396a8be03c0c7,True,0.40925030977787147
S1,949,L31,4898698798525986042,0dcb89a35e59245b0d71857bbba8eee903b9e8d511ec3d7fa2f40f721473a91d,True,0.44132501381059386
S1,949,L23,3688123215622308988,4f3bdfcc3996a3d40c17085ae8c36d3161c77d198528be8d2387749c25587fe9,True,0.4786136477582019
S1,949,L32,4777890753718930774,788aa2a327593cb55e70a3a529a7d6728be86ca7a469581ce6abcc3b43c840e9,True,0.42457140755537603
S1,950,L12,650366434470071745,d348643808e1a9dc1545a9371324f69e7ac55d6d66816a4ecb054cdb645f16d5,True,0.3927425703198468
S1,950,L21,14060052854275885841,c22238f56cdb68d20cc071a9c2d54dac650fb61aa5cdf16174f06cadbc80ba61,True,0.47314596379318197
S1,950,L13,909900996565823980,2c17303bcfdc7735ea79d8d9f9b6ac6666b631b2ddf692a9d4e32725156c095a,True,0.40689160417002845
S1,950,L31,4043465078959537089,d78d4188518cda2532f6b95769740d96e7ab2c7fc483310d6bc4cb37d223c2bc,True,0.4385067703232008
S1,950,L23,14580553807433331161,bfaf608e29e9a0a42aec54a5757f2cb37187064c29ac3341ac27ff8700df9c38,True,0.47660721750618823
S1,950,L32,7722846474055610346,31fc6891fb571e54ad8222058fb86a73f8aa0285b91bec06e33660862305a180,True,0.424790994763788
S1,951,L12,16337236701995899887,c31ccad8bae5f6afc6c2978a499f1d54b3eefe651b3fe008eddc5ef04180b95e,True,0.3921668960153618
S1,951,L21,3415989676575257207,56f76163d8bce2f6aae6dc2431df5f517f97f71ef3c0d0af37d504203c985375,True,0.4765676534093745
S1,951,L13,6212174049230092979,8685571eeaee734a73e4c6b8f08a087e0147af0e6f0075ccb6db10646c8327c7,True,0.4113780360905964
S1,951,L31,12793110170733064416,f2744cc97a33169ded35f49397772f44e2dad8daa3a8c959c91a051e4c9b1936,True,0.44417698387186166
S1,951,L23,15022988843761733192,913a9bd6e0db1b5d9d65e81f587bdf76711edc53e571363b61dec27e71360dae,True,0.4819346574473151
S1,951,L32,5770753590439879774,4652aee869d60c104fd630ab14a51076aa55eba3fe1b4d88833ab5a1fcf10bd5,True,0.4269933041721992
S1,952,L12,15032192307822384779,d408f3bdb39283440ef467014e550a475da7379bcee248bcc2c481174f87a4e0,True,0.3912203124019792
S1,952,L21,3943881762102579833,11cf743ffb80cac379684ec260c8c39144576dd866d997f11db3070c952b105a,True,0.4749555541172995
S1,952,L13,15001137696392277014,8c2f6d5c88fed1f0339e68150961313c6b2058a21605ed2453b710247287b02b,True,0.4114922659896077
S1,952,L31,12506169451705936698,98239f73847dcaff56934097db43a7a91f0d9e7f80aaa6d1b91871394a4aa0e6,True,0.4446585094315652
S1,952,L23,16510529631477316883,9c7ad8a4610297246338909f6dd895c0324729f55ecb4998a71389d65ca68d8d,True,0.47172472972895985
S1,952,L32,8305049488534958229,dc414dc7a584a2e864b9033573cf92b4a6bc0298a14a228c56585b3cb7b15ec9,True,0.42462040275457297
S1,953,L12,4793170643867295680,0dcff749c9addbce96f2904ec2ad10fdf1c01af15bf0bcce09cca1728cbfdb4b,True,0.3921271029743954
S1,953,L21,12023708185884238225,0c8ecac1ff217f3d630288a8ebac55d0cb10bd8aea00d652a43712f90b732320,True,0.4732527005960999
S1,953,L13,3471711797991614432,c62962085dfd81308d3bf955235920fbcb80ef2aa5f816d0123804f76cf8b2d6,True,0.4054085446621883
S1,953,L31,1954693288150174433,7537da6a9f6d34d4e32bb2ca35b01c49dd1825d283a08d34e21bd51398214abf,True,0.4374695460940903
S1,953,L23,1187679356871924536,6fc6110fff5130ad579f8dd864093fa58d69e95609568bfd86d6fb8016107c77,True,0.4796356563224008
S1,953,L32,3738982150905995652,fc17cc9b06123be24d089b4b5e30d48fbc4db86f0668f1cf3f5ecbd0c4ea4d9b,True,0.42376745365840773
S1,954,L12,3669755724992452092,1541c1ead52018bddb4f921c034207df6f83a0719835cb763843943e9853dd54,True,0.38957993382506034
S1,954,L21,9530220584695764680,cde23ec616fdf42d4ec5f68ade296a5a7fd74d584833ed163d650cf1a7cbd625,True,0.47239293538772975
S1,954,L13,17623862215843853209,5fd864f29f5c5f1589c5dd36672c82c841e83d343c7ba3d96bb450708827bd67,True,0.4076121734075681
S1,954,L31,18443277038594857635,a0225ecbf7e9479c2cbc84aeb6171ebfb3543d39075970d2076b46826c1b758d,True,0.4465047892700673
S1,954,L23,6478339782796157358,889d2fe5799c1c1b6646678ed4534fe0a072b01e5f0b52f7f23c399bc209b1b9,True,0.4779757590510861
S1,954,L32,3106508904468430818,73019a05f4de38f3e3483cdc443b1b1f9fe922aa6055a45b4896eafcfc62f133,True,0.42518750246133424
S1,955,L12,9083754859723466624,819b0a5bb30e51ad86f60c3d8ef00e02a9a3bee96e9afdcc73ae89386accf4a0,True,0.3948040103436618
S1,955,L21,7679017800025381087,03e7cd05f272cdfbc07cc97eb2778a2a88a5650cf90507afef6bbdf24cf85829,True,0.47457810972875486
S1,955,L13,6435844705155795478,18d2dc04682238f2d92c2d2018133a7901c59b1cc595c47249549a25b8079f1f,True,0.413311230048373
S1,955,L31,11402030634550083380,db353ed43b1b67cf9bdb2c7ea65d555a72cddbbcaf6e46af41a3c376376ced49,True,0.4374334100414998
S1,955,L23,1309886813369764399,cd9005ae51ef227d90c3cd0a6f9926363f2704fadd0a1d95c2f24a42a49fadb9,True,0.4727063602827894
S1,955,L32,13599426234646409957,64ef6b984c4d75e0b22568fb360707ecf3a9a7e89dfeadcb2064813d098ca368,True,0.4226013100758036
S1,956,L12,2901889292214837138,c06f898b70cfe114ef0d1df4c6d52aaa3e36911e0f61c369e01ebaacfded7ba8,True,0.3939937301799908
S1,956,L21,12232990870389442395,9c92c2a2cad290eb9feb01c32edb1be9b4a9cd8f90ff5f12a1a4043479cd98bc,True,0.47175570264916394
S1,956,L13,1566072523761678982,1bb26fe5c51402a6ebb2e5f4d829141a9262ed43cfb9c0cc2d23a03ea53aab19,True,0.40815897595369255
S1,956,L31,11034081330109927432,8f037547db04719def987c34f316df26fd9ee4e2dfe634f008f82917e9fcb442,True,0.44127234769751766
S1,956,L23,15513891588189856774,2b6d946bd9181915e96da5ff3be27d780678d73de1d7cdabc38776f9bc805d8b,True,0.47735133660425777
S1,956,L32,1004475057463435472,6aa9ce7a11a769d313320f531ed9c72f391e1616d416feedd6bcef4d1a2fb66b,True,0.42452925243219775
S1,957,L12,3162994755289671128,7d3267568e677a7347118ac73d770e309a28a9e05fbbf6e12b6c27fd84c3aa8a,True,0.3907699670679169
S1,957,L21,844548865905068008,41dadd416e004ebe1081be1d3ec4b31d6274703b81708ddaa887b8818eb5aff5,True,0.47053780789631316
S1,957,L13,17423202614751675171,5f2c178344f94a297538bcb5e3713267939eed08135511bd0f62356de52575eb,True,0.4035703922064284
S1,957,L31,2899632683741306967,e496430b5a4d40a53a288162b57f67e18117cb3033c9292f23282ceda6e85233,True,0.44847099700859455
S1,957,L23,9856230715875557162,d36d06870ce5670c7e9af3b6701bdfb171481434ef3285bfbd5b3abb9e41c604,True,0.47990738923189113
S1,957,L32,3028994979160898500,4073473999eaa2cba662536e2378aa12fa7576882c6b95728d61cbd073bd6050,True,0.42417352875591274
S1,958,L12,15133425870654333746,1a8b0c597ba3fe577d1a09f995145fa0073ede8715f3bf6bed8efc0211924fd2,True,0.39153700159766297
S1,958,L21,455151630475061687,0dc249266b2f9fd28259299364072d85f8e9afcda262c0fdadd55b1f00369852,True,0.4683129009412435
S1,958,L13,3375545268072096384,1ed41051b583ff9316406f7beaee8d591455feeb27a367bdada82a3e6cacd1f7,True,0.40381277890061945
S1,958,L31,15902743642091829730,540ad69a458351075a2c25980f6e51e6086289c4e54ba1e9fe6e4871849cd668,True,0.44034306563550996
S1,958,L23,4882474070132629373,185098f0e0c40bc5e7a7b6d3956d24947d0a06fdfa5619a008a3c67578b0c049,True,0.47605844420796684
S1,958,L32,12789781838778464277,80c578d33fb351f7d10b52079f2a6047dc49ca4e2b202e50b5d6148f3d89a740,True,0.4256702434775141
S1,959,L12,10155979605827509483,880bea6bc22e2075a445204171721fa60c81661496749cb4e349b46aef8f47b3,True,0.39012109634545095
S1,959,L21,4644034585464642978,89ee99badbdc28d9be5374b00b6beb696fe71ca40f5dc10332b92ff8f6453e5b,True,0.4697964988197678
S1,959,L13,2373475927164585126,a561418716e332b33988ad96b75ee3aa4fe06625d1c1f423f187fc7fa81f69a7,True,0.40506611758797056
S1,959,L31,9466474210548740887,990d21c168baa42c42deb6e84fb923ad1c3dbe68645c8c8d8d7624b40b11f707,True,0.4388938640758613
S1,959,L23,14946475548893087655,6bc0b2ae026fc1749adfa09bd5ebbcfc5d69f6caf0e78353c9c9c85038bd310c,True,0.4696048666866781
S1,959,L32,5453152058963715503,73887862670d155786d15d5806de89c283786642979adbe7284eecdd54fd02d3,True,0.4282891864621713
S1,960,L12,2734576152311773558,5dc5667e709afa97db58e43e6f95cf8410bee410e5b4458772e075f63f6fde8f,True,0.3927151577662927
S1,960,L21,3973496933381865060,db9e728e96c9c0f5cc406a4c5c5b8edcf8fcc2b7b0b592d4dc82d62f577b2abc,True,0.47055804707962046
S1,960,L13,5723867951872102668,679da21ed4785cbf491cdc217d07fc9e91d4d01673f11b366160fb8dbdb22424,True,0.40065083913111166
S1,960,L31,5338360269680758118,07fae1fb6db7d0d18c5f00f6e3a15a34d5b33f5963db2e4a7961436f85b56fc3,True,0.437623602049513
S1,960,L23,12972605282847302945,e2bf496f4f1095d51b4b504eac5eb1f46e0e91af1c6d340e6c797ae4a46710ae,True,0.4729361250088021
S1,960,L32,972195617250810217,a2159952c5e8f9837d58dc1ab0637fa136430b4de5dc8cfd7ccd46b4a7882ce7,True,0.42278649270202984
S1,961,L12,13698822597968267488,335e5d372635defd7d633a9337bb69e1de44a7d8f4860e5685b6ad6510f02483,True,0.3886667770257715
S1,961,L21,5240399602725653044,6ecf49e28c12c63228dcd91c0ac8530f8d9270e5b4c0bd7ce9def221f72eb204,True,0.4717921099343265
S1,961,L13,5229378711355080220,d576fca0635dfafc72fbb517ef6a5896f514e22693a2abd1451f9f1fdec71d11,True,0.4107969990782483
S1,961,L31,15236027098239230310,fc2549210cde7c4a6b8e63451b6f44970e234feb2310dbe07ccaa6a7cf8daee4,True,0.43934055994517285
S1,961,L23,10298726067212906644,9d7e171a88e2e354dfa5988e7f8f16ad6abf0ea183302946684d4435208b3a26,True,0.48044778340045274
S1,961,L32,10658585736737681361,2aaab2072c4c5a6179b2fe55c4b7cd714e647b10c08f494e06f6fa7699c5e857,True,0.42249203926198703
S1,962,L12,1221329104193357706,3977c11539067942cba80bbe49ca0ad6062d296328bd7cd2806fc8e64db5e24b,True,0.3935120008008912
S1,962,L21,3398127100246072326,654ee817a8a1d58b7760b652fed5bd5927f2bc061c2dbf8ec9b77790791cc0b8,True,0.4769874055698757
S1,962,L13,4070611285000899934,be57e8bf37d690e19f400310d43487b6cdfeaeca55ca9b6c3563e59ec5738f3d,True,0.4092807821897534
S1,962,L31,7825645502139236080,e1f13df00cd4c83e23b6b5c062e81eeae93e72c39682a6a0dadbc75acd60d3cf,True,0.4408218008945546
S1,962,L23,9167452703813462765,481378fd842910ff61c97735620b3e3ab1e4624da90bd5d48090a3efa97f3db5,True,0.47768186995962625
S1,962,L32,16005439793149783740,0d47c46556780a0332c096a63b49ea93501af62f254fe7658eb89803d0c5bb9a,True,0.4217519476317958
S1,963,L12,5492698477764942030,7cbc01eb5868dbacd99deaeb60f51b1eb74dd4ded2f1f99451f6ea6992673fa1,True,0.3975375882914455
S1,963,L21,9619508132260142734,f255363c0721fb327ba330ef64616bfc16197f46bcf187860ea8afd35e086846,True,0.46632248037662954
S1,963,L13,7019568373440132798,75cdac7d56ceae4b6753d2466de65dcdf77c87915f45ba7d71e498d14aad11be,True,0.4110825626797121
S1,963,L31,17481990337718081801,547045510c0146607d5145cc3ece4164504daa25cd0c8c6e86ea2ee50cb85030,True,0.44162366275663234
S1,963,L23,3818343314467482407,14e3e9d6df171cfdcf35170393f264c9b2b8dce91c6f1ce1114a91914049ac46,True,0.4772866262019957
S1,963,L32,17634731604385849171,451097a2afd25f5517b1c6397cca91f464c45d0f51a6504dc9559a1143c9a61b,True,0.4234832207161799
S1,964,L12,7598708394340218994,b5b75c9c38c7222f643f491cdb92b3fd160211f44fbef02f1b09ca4f067d0dc1,True,0.392645060253559
S1,964,L21,17865169200948878562,e9bc4fc459f1fde7c822fa3cebcb4bb4455d292793c76544a470efd895e91719,True,0.47431355843644
S1,964,L13,8724163627841421993,2589f11ee7e52e42646c92baecbe5f153847379339bc1faf73c7f701f4197f90,True,0.40581720341259386
S1,964,L31,4891838624108903712,da6d3ddaf3f916fcd5a4827c2510d75aacaa0df27e48f9c3a7519caa0a5a0ede,True,0.4400398025246429
S1,964,L23,3371774695459953474,ba0414edf20eb192b024e02c0391ad091955c989a916db4d309189d0f8e5c3f5,True,0.47558540291278906
S1,964,L32,15540638032797987114,0b42886c6c9827d6238891ed1dee495ee8f1007bd7f1d0c61e5f6dda25b8a058,True,0.418684316692959
S1,965,L12,5324257148479163,5091018228ae6effc177e4b7bb3a4a0537ce4bec4b421be03abbadba2a97d99c,True,0.39187545178841654
S1,965,L21,5456016295278043834,7e90acb91e9ff57f8f1668f400f50336f67d9125455af5480b8fc2a7a4283eac,True,0.4670089455098015
S1,965,L13,7349204240150750303,76659c8268a32c7f5d952d0d9ca1b1ae4292eb1550696a1f5cba03a358e57353,True,0.4068585250783697
S1,965,L31,14890346865994166416,0910b71c60e968a3af10df1edd81086c5b5682b1e89b2127b8ddcb4bff0a673f,True,0.43742098958292874
S1,965,L23,10506330883637405392,e0a6e0ae3610db75af62676936f37b55991b8dc59378cbce046648400e4e1f4f,True,0.47683608923811865
S1,965,L32,17429469837929220421,780e3a3d82f7f795d2ae5e2e1f1ba34dd16e4d5bc2cd4743898fef7f125ad4c6,True,0.4233473301178411
S1,966,L12,8841018856705127445,9fdc90cd89577d5d3d8d8c13e816680f94041842031713b861ab5a2d6e6b2ce4,True,0.3899866476073678
S1,966,L21,4084637792315648139,4396d411228cfc0f8ef393d0e33bc2d39e42e95b14cbf9ef6e21d68be4dfd389,True,0.47381423252012317
S1,966,L13,10865700986668204698,9e6a8b70f9f6c72cf69ccc1b7ed597e4f096bf5811c671c36c7d74438d190e27,True,0.4097766508735271
S1,966,L31,15917708566516434394,b03d5ffb7862efd758d0ee32383304561cd43b47cc7861fa0941999f7970354b,True,0.4384630165097981
S1,966,L23,11298225636356292607,4d8d4a6a1d419b9a87770fe11ba7d8bba0b1cab1817d04a7266249b2346040d8,True,0.47479448984029643
S1,966,L32,9722767828742390818,0243f5e6cc51ee542c67b9eda487d6822166b868254ac420d89ca9359ff27ca2,True,0.4236849129193791
S1,967,L12,12660874060967759811,6214807bbf6176895ac9158bae00e72010d5df2813ebd8286ad7e34b3250b338,True,0.3902431392637934
S1,967,L21,5986865954748386555,d901a9f42556b1813660498d42b5ce50f17583af57fdfc028abd0ff6714062c8,True,0.4742629751049068
S1,967,L13,8832585411265064507,c3bbc9b34f41fb22a89a0cede01ebfc4c8823557b0acc014d385a554af744f41,True,0.4092737686605304
S1,967,L31,7210546560324755029,2a4c306f526a9e583d51d7dabba50b661e8995a22bfb6d79fb32ae39a93b6535,True,0.4422076752374785
S1,967,L23,693591666364401952,5f4a76b831ddae28449921b6c05920deeec9f1c5f57e06b1c0edde78668282de,True,0.4796408817667922
S1,967,L32,15511330657394375025,f19f69628e37851b4b61b7c00ffc3032e4831b92bb3a64c44da6cacc26e73dd7,True,0.427448217256982
S1,968,L12,1360630881193459252,0f74aae4190948c39480e1d51fc182a3a57e042062477146bd471707a5da70de,True,0.39107782740547287
S1,968,L21,1965368101950526051,8738485b4c87a3c2e0353b384b4fe06b62ab5b4acd58a4797bae07516224335f,True,0.47123863077804173
S1,968,L13,3201410827476062545,e79e0bd97823dace2a4a2957691909a3f1ff6c6212c4cda168518d0823b640b1,True,0.3989227861214799
S1,968,L31,7125693492277437143,20d28736ec789380aafab7e3493b7fb04be06e36979823e13ea5f7405a974d43,True,0.4381994882227723
S1,968,L23,5837425689845534947,9267082ebcca91a40044d8da2af9d0161ff0fd77439961e1f4cfb77515c396e2,True,0.48162807644036704
S1,968,L32,12454219924243944969,ecb7e829fd976c16dd8dbe98dc4a6bccf41847ef2c62cc3602324db4d8aa847b,True,0.42305942469813673
S1,969,L12,8223364427546878618,cb474c9b9f38bef207c91dd152ac782bbbce510f4c7028d622ef5d2bdaabdd21,True,0.39041595986103983
S1,969,L21,9043935656737762950,aadda970cdb8febaa22da530bf7b4d25436d7f4e5beb1c2d0ee01684b8182755,True,0.4714714238426112
S1,969,L13,3947165635202977415,09392aedb382f1ed06c823e5586daf4589b9bc6db80b3f0f2d991406cba5f8cd,True,0.4088414167964062
S1,969,L31,10565947188055391699,6db8c7331be1895766e5dbf830ac0268b1eb3d43606c4b2fcda7f2877ef204c3,True,0.44172605633433687
S1,969,L23,13554742859091056145,eac821bcf6e2634dc1e2faf05af46260a160f44d7dd88a91dc33f46f58efa34c,True,0.4726885039089601
S1,969,L32,1839904810382668769,ad4ec21d4b8c9c15522c2b5092f0a742d44fee66eda2737e2d15203b77f4ae66,True,0.42379236572693296
S1,970,L12,7658539609016908962,efcb7cd49955f1f0d55bdbe0f3eff0fd8d17e58f5f0599ff7f79f0e2681370e9,True,0.39266843390814793
S1,970,L21,8500141011498724006,b42abba82d024f5968c4a4a9f40fd53f9fd6ecf1fa080ff3bc81de150e23a9d1,True,0.4702216041492072
S1,970,L13,10963073861720839503,3ad28c499f9051e5b721e75982eaaffcfcd531220fb0f6537ca032ef0fba4dc9,True,0.4053342638982518
S1,970,L31,8826257644344510421,f5248f89bdcfd2027948823453b44f4eed784efc4ac0a8747966f4518ea6a132,True,0.43851623366326675
S1,970,L23,17129319977952164206,38704e319a0c09ab96be38be626f182c051bb395984545170b3ceae8ab8a3979,True,0.4844489851577829
S1,970,L32,5697847886573636106,782337dacd10d04e65eca5935bb737852ae02431771a72b490f17853a49bfbb1,True,0.42275287580257054
S1,971,L12,4776877510704903447,def3487adfe5830d421e654b4ca7851ab7b9859b9b33ce3328886e5ab24c7691,True,0.3901694080568984
S1,971,L21,6848566525035358497,45eb8745f4c6486eb4c46e2395f7eccd611c1deb8d7322d46fe77852469d2c5e,True,0.4705622489689808
S1,971,L13,7606438004142088590,620add081c2a001f89102c7d5f74e10ae5b5013aeea9890d783f77ea49b5663e,True,0.40478791541355175
S1,971,L31,4270870600653017822,58c76dec26f38886f1d24ac3345077f8f3ef2447d6e50b0b1114d62fcada8a0d,True,0.4388050395528914
S1,971,L23,691914112471930565,23bd12749a92ed6dc54117d84af8d7b0e95717cdb0648e4ca81db8719eb6fa4b,True,0.4783570869202523
S1,971,L32,6825009920679503731,59f0bcd97884acb1a860298eac9e1aad3857d201412a27f2a886ff0acc8ddd45,True,0.4200653890854504
S1,972,L12,9428192527073216195,8e0a9876e1862a97535ea5886681a8c1d15d0053bc2a44fbacf60337258cf656,True,0.3901362835516341
S1,972,L21,16989560108978492125,98eba50e0395e095cb50c6262f0473fc7b72d0bd03d7e9b5380196a6423a286d,True,0.4681976877736899
S1,972,L13,15350141041641485542,a5a0fadf0c53e69b9d99f91204119ba255d3828222b3953ec9fcd3dfff428b06,True,0.41246254643365626
S1,972,L31,9768346171017457986,3f0f9de0d66e3800e8120e93c75f83178030a0ddd70fda51f188c48d1fcdd17c,True,0.446904723286929
S1,972,L23,7819625670515479744,85a77f978e550df79c37ecc8b272a399598f7c0510a23202e2870c8dc5f54976,True,0.478003445809174
S1,972,L32,2152238423113559462,99a64bcbc30a53ae355a488cc4864ba96b6211f6261b18d14b96c76841d189e4,True,0.4250670618658908
S1,973,L12,17188551121015513387,4cac6d62904eef176c509ff2722b7c53f5d0e2455d1dcb0a62a69d4590cd2217,True,0.39421520652667374
S1,973,L21,14956019652895157253,1e873d9909479ed885141b6ab49cd35e8fec219c9ce34cf74ccce452aa52383a,True,0.47128461879639943
S1,973,L13,14502097445803437476,d919406fbb692aee65325049bc0542096e39a277b026c8f7a0d49712ecc63728,True,0.40460970748587044
S1,973,L31,771962879713106903,33d04e6a80d4b44710969fdfffe64ae358ca3275ae678c4e8707e38615c00a2d,True,0.44057913086920375
S1,973,L23,8857446618052320901,5584efdabe8b88729393dacd5a4526a6f5e188453915a08dfee1615c5c84bdfd,True,0.4779597970676254
S1,973,L32,7196535947968612611,732d261836a1c55e3c9dcf5e3eb1e8a7351427fb7a979147f5898cd1ec6844f3,True,0.4250415285212821
S1,974,L12,9538901562826770927,40c8066a0bc001ccf75eac1e4ac3b0e72cfee8c7d64d8d56c8ac5abd5d20d63b,True,0.3878071186717619
S1,974,L21,11110278584088990974,3c32d11cc35fa7d6ce2ea328b786c79ff9f4ad9e5f628fab0f503d4547d29e1d,True,0.476481946273176
S1,974,L13,9213177498832179621,3a4c446d12b2a7647e4025f8bfa7b190f0fa22c9be87cd1985a4da8391b67377,True,0.4134828658829345
S1,974,L31,2937706743711282635,225f893a110160e98d26922be272bdeb904a09167319d42effa0ca112ef7f39d,True,0.43760651284947366
S1,974,L23,6468423347615611128,9f5cec013bc6381f0ccd3ab7a93d61968d240564fd0ba86976d0371acb044358,True,0.47688308886449504
S1,974,L32,8436431036536777643,94e4db3f46de75b22425ee17ea87d80f3fc2bd406f70c50b66449ff2f78035d4,True,0.42614732124978716
S1,975,L12,5724004709429880474,4cd95064671b13913c99de93d7a3f47f9a0ac1718a4e0a890401cc4aea4f69b6,True,0.3916169661294493
S1,975,L21,7777370156648415984,eccc2eabccfa2068efa20b3a8571effa04d89d84bbcb767d83e9adcf5e0edf6d,True,0.4737871516017427
S1,975,L13,17426153836954497265,df4cc506cc2e6c58b25e80c4916b55d74c42a39a71e2d16654510e1d2b6a8c45,True,0.4112973262420109
S1,975,L31,13157148521453186253,a5f2b86f4f6141e92d5d44a30d9168670658e4992e1ebf134457339884157d23,True,0.4369553140048298
S1,975,L23,14195215065004037915,61788dfbf9779d1523c570c77b3aa40909f8fdc6e8ad190e77d64ef42e959b5a,True,0.4810595986225692
S1,975,L32,4416861372634809859,3cd501c0beca8ebad2c4e46e2bc9103fc8005e050d031591251c38daa4532eb9,True,0.42263642423856485
S1,976,L12,9647175800606920993,951a0e6f5ed277afe328ed518b63df74c889244d248ddfec2fd5643249f55c74,True,0.39122802158197295
S1,976,L21,13931117158264184817,58ee5008bc52481bc9ed77ce63c7bf27e74adcb70978798c0f44b6e9ef93997c,True,0.4736493975292169
S1,976,L13,18185218329384429878,e08c541e1bdc6fa91b8085596b375fa52d169e818fffad7db0780b3f1a189436,True,0.40872160650620004
S1,976,L31,5249763613609247220,ba8c4425b8272c50a8c349efa73da0a3a64ec92b85b6eaa1aa4bbb7347890d90,True,0.44242607636586473
S1,976,L23,3409099363651587708,9371407b0a4c5e99e8edcbed937edabd53781c691d4dca614b126967f068c3aa,True,0.4786705321814424
S1,976,L32,17194052599282121144,bc2dbde516f86649111c8a4b4d47890c4751f9daf7630167b1ef566f6ebae92f,True,0.4241481311612733
S1,977,L12,3423212123670041869,1a8fdab67369014f926e119d0e01d39dcdd3220f5b75bb524a35ee19cafb5ed4,True,0.3902059952414426
S1,977,L21,17512848802584598448,56fb111ce1c64b7c8bc8b08537dfd30c4cf9ef14ac9d53f87cb9dc37361aff69,True,0.4749520635682063
S1,977,L13,14811674484456423083,7e2164097c278cc6d1395cef797532ff7ba47c880f28b8e880ec031d4e96f8f4,True,0.4066797681350778
S1,977,L31,1012337732269202325,8291683218905412bbb53091363fdea044e5a72631ef99f30f817a14d63d1cce,True,0.44226002868279113
S1,977,L23,8099427710463358771,080d2adff3cebd5e55e699130845bb378f5174b32469e0ff21f774c71ca69e3a,True,0.47806331350518283
S1,977,L32,8171113131513984428,33ed063c94d745e0a00379b065f6c1b7adea0671c2729fdf41e2a4e286d90e57,True,0.4249527434552483
S1,978,L12,17655188138174375236,5df2627066e613ace0175bafba72e3caa3a0ec98cc9d95f437b6bb4976a1a998,True,0.3955991680090972
S1,978,L21,4228313078842266309,74cfd7aa1d796d915232953b49d85ed99d15e9fff478bd77ed127a2a1e6e3de8,True,0.4693703127679571
S1,978,L13,12977222147845809774,125d35af92238c9d17c18d70fbaf68bceb2c3d6d053cda2f7284824cbe34fb24,True,0.39864656209012594
S1,978,L31,4357978894026322995,2695b1e66dac5ab35854b43efde48465ab474b3e07d4443573bf1f5be267f6fd,True,0.44532166684054847
S1,978,L23,18204192212484777285,542fac48f4753afe20b0fc0198f9ae7ebdf24f83ffe69a47240641f49f746041,True,0.47810234296706555
S1,978,L32,13313262976253512126,cfebd750cdce43a838f187b8d985a3d1b8f53434e24d1b4b985b8cff400e6457,True,0.4258119741503456
S1,979,L12,18407829887761846938,10a63dcdb02b95048e34a053bf20ab29920f086f19a004151fa688a8fab613f9,True,0.39108771611158993
S1,979,L21,6836761604987904808,e6ea338d5517e71a4c452a0f223ffb3721ff5f703edb94ec5064e5d8eb6ff991,True,0.47611837040119087
S1,979,L13,7657280354828710524,0b71fe4e1feed67ce5f13143f38e1184e686010e0402eeb8db592c341e39813f,True,0.40545668772987287
S1,979,L31,14026255736099793519,c9b3250228eed039b8fb43a1de1f6367237126ccf9c43719483b93445d9b473e,True,0.44082522708805283
S1,979,L23,14969781906610707310,ac50f75c8b53bc833fe22525462ddfbaf3204361b9707d85c27c7ebb3afb6e68,True,0.48126658892962243
S1,979,L32,8368047483794166675,53a9aaf714c167e4ac15b91297dc839ef560a7c2a08089f6c61a966132598719,True,0.4268380095174234
S1,980,L12,9437673981233032169,dfee4aca2a35e6a84fee10070e6eaea49daa84da053a26426e991e1b22333c28,True,0.3930190974714622
S1,980,L21,5226406864445083572,286499388edbb2a76e4c18e238717c8212b4a261063f2525497dc845c951ebac,True,0.47295940682338417
S1,980,L13,16882042546710305908,6adaf7a6bf2cc68615b353bd2e8e74893361d94003c58b785d87e6e3d90ba736,True,0.40707671787137634
S1,980,L31,9243679317192996781,6f3451e83ea675d9dbcb09100e48fe969efe96f5235cc39746b2b27d5550e925,True,0.457589582865434
S1,980,L23,10557419323638304322,6e6e9d5a65df10357efac5444d4256f39750cd94580b1b27a9dcc9506e592439,True,0.4850730654052556
S1,980,L32,381756983799290574,b4d82bdcad8dbf5dba4d5e3a119f51ff14e0520b327299d9f2f1b1475484f03f,True,0.42484821622387964
S1,981,L12,13414502901148468215,f07e59c86ceb65ee4c5a8d455deb8860e8bbaf8765a6ecf8683d4562f0d6cec4,True,0.38751327087499476
S1,981,L21,815295936956380532,c723a02cb15157ce4256aa198d2766ff7763be94dde8567ccd3351c8027bee90,True,0.46735864444802616
S1,981,L13,4208194413624494149,db7bdd9586eb2d5a327633543f6e5961a434c981cfb398b3569696e2b0aa98a9,True,0.4105434596609374
S1,981,L31,12362741856322850051,b9567a6ebad925d0dec4833130161e94c4e68028109b42f153a92cb4bb67f64c,True,0.44617818089197714
S1,981,L23,4399195473779675095,b190e63688e325ea6d65f78b038de90027ffb6ba00c9ebe58b60b2b181f5ebb4,True,0.47481486665004513
S1,981,L32,7195354044986298584,02e7f4311755478721c46114bcd826faa96aabe52b630efad2e76d4e43603fb1,True,0.4234373931055836
S1,982,L12,11927529588848774410,8c619c012ea1e95ee95beed7f5dd38c273e6e2f0a652c24bf86793b2e1256bdc,True,0.3907876650005593
S1,982,L21,15783508542223671677,afda46f512918ba262355b9e8221da65638817fb2da999916e89b7dee79adb50,True,0.47162059990473143
S1,982,L13,7392017012051085395,fd017936c759476e053097c743875423ed01896847464415b676c36a61cad268,True,0.40540537187899867
S1,982,L31,1501337660631577216,f3480d5be9f347be82c93fdac2403e99d07540fcf8abbf9dcdeb61721afdb671,True,0.4412593601131832
S1,982,L23,15660576554235076555,3cc17dacbe13f66e6c3761b5d8572db31c6b8086c7410da34c846db33eb94600,True,0.48412017749556013
S1,982,L32,2904541124188759074,a8d308a396c05e9a3ba01c86385474658af3d1e0e64a40097c70a796c224e5aa,True,0.421572990854329
S1,983,L12,8120119182235315200,4106217bca08226996043797d1b388c8d32992ee7d7ddc7a27e2f6fa885e020d,True,0.3903458914504012
S1,983,L21,7324069531780428780,9edf9118b4dfb8ac6b47b3b7bd027ea4ae88fc7edb3828aaf7cafc57ec9336a4,True,0.47046748511271713
S1,983,L13,1709546713712132927,a86d420be0d11392883ca64b556d1e3af12cfc1a01832d856310692cf0a7de60,True,0.40779980675033844
S1,983,L31,8885289542461697962,a8a8c07910ba95cfdac8661cdafca238c8a0b152524fd0c6b5188d2a068c6fe5,True,0.4385127759920252
S1,983,L23,13621460233516464472,5e1a9aa96608f5f57b19a87da395365a40e1479b186ce916969f634e8b86eb74,True,0.47943319377858495
S1,983,L32,174741399320624803,838efe7973057d0f7f289b3538254155f987a6161a9ac99c528eb2bc8e0d87ba,True,0.42525081051198543
S1,984,L12,6374519762547405469,eeb407747102062f51464f20242a9264e6354620f63948c0e2a3b5a5bcb2e7cb,True,0.39216381703516884
S1,984,L21,11626731414697077954,aae5acd3e23aa41b41927b078e162c15435e23ad6db770c5b2bf70ce884e2ee1,True,0.47362677225207217
S1,984,L13,1709894838154445000,9a451c7c2a27cfe3fa83140e85c0bd209619d4c82f118d58a7ca034e68f56dbe,True,0.414565155029614
S1,984,L31,10107035575374253824,15b2cd3058ec20086b49f3ade0e18fc2272839b134c09df31bdaf516d3090268,True,0.43738004420390314
S1,984,L23,13521326595449135749,06294e74fb514ffe5391c965607178ea3a0676471655043d7033181ed7682f81,True,0.47501469398342194
S1,984,L32,2386417989828927686,8a372b4c62a383f15e77bd6e6ecb4e51d734b35934435e50a26aa19dac41d8b8,True,0.42303396368155083
S1,985,L12,9703911719234747307,2729116180c3a13c38f886e86ff72767d576a0e74e0fa15ee8e2f6df822f9999,True,0.391763713691189
S1,985,L21,14895588571270311586,c479d6fbed2a75e18034819ddc9d046caa11a965adc57fecc7aba62810e889b5,True,0.4652622043010677
S1,985,L13,7614362793213744141,e85bd05cc53c16c3a48e6322e023ca041a96a9d8f7f77d2844cda0026e9c66b8,True,0.397649947888611
S1,985,L31,13438442469425482672,3fbd1db99fe8fe3bf006145d118eea7bd43beb3de8011aaaf25d2287ab851836,True,0.44126020007002786
S1,985,L23,18260580853696391896,580aef1b5587606557bb2f6f04b0f667e1ca9688a0dc61bf6ede99ee60f38c79,True,0.4721572684132635
S1,985,L32,301505710792983197,42cfd343deb0889a20272e608f108449c8023188969daa8ba257a86dd6549e30,True,0.4233707010916579
S1,986,L12,3953080865657656322,c86896e03b5aeeb448b1cc822d090fc6303b3bb9714ec029488f717e7530d13f,True,0.39067165781314384
S1,986,L21,10904220268794912343,60df1d12106ef4739691243304119e5b6c29d4056110c9d04ebadf321c6da794,True,0.47148817919543434
S1,986,L13,10674121362002857171,afce12869a0370bd223cde0649a1261ce86394954e7808ac911bc7593864c0fc,True,0.40951518430081074
S1,986,L31,2727683405603038757,ebd686203891ffd499cf58e8bcf27ab1cc7600a6199da6b5ea87dd3224d6e50b,True,0.4371437387819028
S1,986,L23,13081322176891272991,cfc4415fdf9c1cdd836be70b0527290413c79761f15aa93666134700c31a59d8,True,0.4709436842135336
S1,986,L32,1895600991341668838,68d75f673f27b51a2808a7e92187bb7f6543ccfbd3ca00c74f6916cb7710ca94,True,0.425597530264559
S1,987,L12,9937318547030590375,926890260aad8d0bfcc40d61aae2236a038204172f648004a053d812f67bd9c6,True,0.3967346001447464
S1,987,L21,16683252758812780676,929c533012d03cb4507d556c1d3f5c86d893893dae0249721f2dd56faf7b3759,True,0.471937894901729
S1,987,L13,8948902605446403334,0fe68b83abf42f9dd4e67bcae1fb3ab22668e38d2f1ea424a1f449ae76fccc32,True,0.4137416380232365
S1,987,L31,9076210118284124885,d1b47dfba98e2d15821fca0de355421224087de11b5873c5532ae63a734680b4,True,0.4407968126507178
S1,987,L23,96217459569217774,6c419e0f29f7e7930d77623aad644a6658631f26c7700892bf90f8ee4315632e,True,0.4755240915818182
S1,987,L32,10279672231575473135,45c29f43f644a5f06fe8dc08e054a9bb918f8a33ebd4d59f7e1435c4c714d802,True,0.4265871537539672
S1,988,L12,8529009949927812836,5c0a8621027ec9b69811f549e489b114cfe87d0c7d24bffb9713ec569e89c7e8,True,0.3919624384405517
S1,988,L21,8946504653763830582,d225276655178841fe757f156d4f8629d2373289f70e8e31030f6381dd4a0f9e,True,0.47041572338382037
S1,988,L13,9985645002487968713,a10b5d7dc35001faefd52a1c63cd0c34a9b4716b6db5669bca99a3108a921229,True,0.4072889541011013
S1,988,L31,1266813370678434316,4900b4e99eca1778f1614ad62421c31b01dd3d7c02ce330c2d8f88991b31e7bb,True,0.44083873226786574
S1,988,L23,648098583220213468,dd5f05bead77a69f7d922eedd156a74591e601e81c1239788d1e8d23128e65b6,True,0.48283575807923873
S1,988,L32,1551187908279832924,f4867f1cf7ff1c47715518ff84d30850d6a0fec914972cb434b44d10125f1e45,True,0.42494852727432264
S1,989,L12,17144014012169726433,c934df6acd664554fb0efc132eed46ed70e8bfea642ae9632e1b84b16e083a7c,True,0.3938229863240924
S1,989,L21,3274047136098875492,6870244c3b415e3844cc9518a77169792aebc3c8912bf0cec9b70051c80f3911,True,0.4752050740861481
S1,989,L13,5488081031803017651,c281868b28f4d029d4c19ab69542727c87b812283d4a333c1e0e8008d8dd28e0,True,0.4152682189624812
S1,989,L31,6790165412141463552,d009677a5212b3e54e0187b9f19c4f579965f279b9745eba1650443b76e54721,True,0.44125857532232743
S1,989,L23,355906886068755795,e57ed77287b978f82e9d64ab42f47c4cda811a3f81e5ccc8bb134023d504a343,True,0.48108962304365355
S1,989,L32,10189821359610121049,e4c2a67f5115b67581c02c9df975f00556c2023156cca0e877200543915f5a75,True,0.42310560429326655
S1,990,L12,11675109534561101474,b76854165ba733477f1578f3ff40977ca4a4c469b67390f46bc8de9b452f02af,True,0.3879907241133969
S1,990,L21,6187068701404656422,79af83e32e4e371793c63dcab22bff1a6029b57fb8109a2f45bbff4d62d4e07b,True,0.4773428435359096
S1,990,L13,14881015776592992956,4c3914814931e9b5fa231216e2cea4b98e03fe37eba5bde0e889ba7ec93732ad,True,0.40272090630080576
S1,990,L31,422144724377251078,3526844461095d77b11488db198ea13a011a7826ea57905f2fd89aeea71ec4d0,True,0.44323321147351097
S1,990,L23,18089466033167042675,c71af500fa59c6e40480798bb406d2bb61002f99acbd7b92c02ad568c02c84e6,True,0.4732301166214751
S1,990,L32,6071565316167156532,5b2273e7e9f83daeb095eea9f04d257c60c46a5ead5f257dd3eba81f9bcec2d1,True,0.4214415794661643
S1,991,L12,2538603768285499779,6601420c16b0fad1b2dc091839b45ed8412374ae31517334ac9523e26f3a5218,True,0.3932648944221152
S1,991,L21,15833688631462510518,7932c9960af403a85fbacd246f0592f7e196f16369f1644f11414c361102a3f0,True,0.47535150750468314
S1,991,L13,14155679824060704105,d6de8fde1ac34efe39b2d740c5955277d01d0291c3a4fbbb52def3e5e1db915c,True,0.40958974042609353
S1,991,L31,15028123019948931917,259b88ec94099f53f543c976a7376427779cf91c1e2960c904cdf7400a743c2a,True,0.4399938179744397
S1,991,L23,4719928833976423846,863d68173af69a63661defc0b29790dc5af440f47c05cac596ccd238a78b6cab,True,0.47851161514649326
S1,991,L32,122737263237913211,76bceff14e274ac82f8a4e5aa8f519d1e0f19a2967e5a509f16c9ce292d09a82,True,0.4264975795122289
S1,992,L12,11445571366295625146,7af4bbe8cf9836914b08377e13635ecc451a85c43e9cb6db2672688df491e558,True,0.3885599451661669
S1,992,L21,10848181743284584800,e073f6e8d853aff94aee1cf73fb453e6baf5e95f0b0f4bb2de9f218762409b37,True,0.4715474362402857
S1,992,L13,8468834841786718321,8b9caaab87866413fd049536a8542bd69d93974a5d327266ce2f3e1227e2bdaa,True,0.4152216311942877
S1,992,L31,17945843540014680238,47343bf352cac33370523685e71a73977ed2120d9ddf11872394b7f1e0a2f7bc,True,0.43633368308593434
S1,992,L23,17957764430831371009,e20170dc936250f74c452c91aa5abd7622968f93e8b9152e92795eea6a41e1f3,True,0.47409920534311556
S1,992,L32,17882925230909589573,98f7ba54d4abf993f8ae5be320161b6bfb0e27cbea6e3f66ae8654c63a186f47,True,0.4295948423627225
S1,993,L12,17389940141223251368,1845496b8b23feb7d72577368795ec89c681906305919be52b54668b812bcbc9,True,0.39322902209473787
S1,993,L21,5051969524221224200,d1d22990dc2c269d60493ac67598403bc041fef57123168e0d098fb892da2c34,True,0.4694090591309964
S1,993,L13,3854828879752732334,695789c13a25558bf7bae181d236ec5a045d631ddd0d7bc5f5510c46d483b5ea,True,0.40344293475400894
S1,993,L31,4407597788472976989,b9b4fb8fc2420b3392bf2ccf8954a989d9c62a0d294c115f6e49886a276bec1b,True,0.4428328621654216
S1,993,L23,177624818193096771,88fcfd49dbacd7761615c2c8b05ce4e9e15869d3fb28e3d8993ae01820947c6a,True,0.4817978135269567
S1,993,L32,558253547019925648,887db2e83e57647adb0a3ede425da14eb68dfabd9da45cfd95e5187ff7d926d4,True,0.4197385481818438
S1,994,L12,2841288798047366921,6a8e1068e6dece9317dc73b638e4d510cdaced86b0821a2e12a0edff27aae610,True,0.39408102045330856
S1,994,L21,1735324391511273949,457a2121d472c6882ce8a0785d17d67ac04bce2d3a19a03fe4114935101626f0,True,0.4756187126554088
S1,994,L13,14905341241196563991,0524d95d1613b3671901c07730c97eaae2ae1f5d03fff5e94d88493839355e06,True,0.4092374345177134
S1,994,L31,17404637501116973788,9cdad57439148b832ac6f66b58615787a48473ba982e46957b0693cace223a78,True,0.4426242333435543
S1,994,L23,4440228888529638133,daa2e19ac76771855eb617e8c58eedf982ed6202a3f2ea5a8a6027aa4247c3a2,True,0.47578025350334596
S1,994,L32,1927530390962747341,8db78d0fb4e1f57eea0ce366900f9227c1ba97add024d52e2b4e961ecbaaf5b3,True,0.424897004068772
S1,995,L12,15444907104555821116,92d54219326fb15ce7d719e95c9372a707f5db7f9287b74228a6ab7e12296557,True,0.3895532604872999
S1,995,L21,2952332932891532582,9319ecc334ba11bbcfdddde645d07f44c32b372e7b71e685ab859dd6b2d5149c,True,0.4720951007873325
S1,995,L13,9262222340202845298,dc07402f125c58fb4639423590caca74418eff99f5f9fe034f7af2f4713f1f4c,True,0.4092464157063809
S1,995,L31,6811401480364570459,2835a045a413247845d7654004523f11d8e0579cb851ec4c0ec305897fc3e216,True,0.4425603210797125
S1,995,L23,1096696465673005070,d7cef40f99bfc717904dce0eb25ae6b0075ad2af52a5e8b90bb6ac0bb1d1f7f5,True,0.47194881746389244
S1,995,L32,15795974808874333001,de6eab80da16df0772ec9fd77965a9ec66e48e24da604eb93f6ca85fcb1bdaf0,True,0.42799054720109025
S1,996,L12,15147108476194366049,f5fa5bddd8ddda05384c49638ab4f6f26849bc54b6dc56dad6663f2dcefa4ba1,True,0.38989820556080146
S1,996,L21,14286569172148653687,e39b4aa048de9226d18d4b6760c933073a803f361afc165400916bb615051465,True,0.4719589984855123
S1,996,L13,3679621773297833511,1672ef83819a514981d90e99090d8e82d4dd6babaa79af748a6afda9fd567c6b,True,0.40656757903138596
S1,996,L31,17292078264746118509,84bb2b811fa74f2cf2a55d507d16c597c2d7c4af9db087deb0ddbeba2d5250d5,True,0.43662582632123936
S1,996,L23,9246118367943904001,f39e6504ef54d84e48e4e634927b411fd6d85c057c393485ff2b7de697db45c8,True,0.4786756344843204
S1,996,L32,5199316192287012398,37b4ef66172b580a487c068ff33aa14c0654c37259f25f3299f730ef0e64db04,True,0.42730786171761187
S1,997,L12,11601116601891184566,9f60452107e4f92e75031d625f535421d6323f3b86d43b8a94f9a6b972977eeb,True,0.3902384053480189
S1,997,L21,7386445046628347571,c7fb9c47813a2fe51c8a32021d9db9e80f65261f3d2d36a7465bd3fa6058d092,True,0.47496657801446207
S1,997,L13,4248675953086474785,6cb11018428d6e1020a183cdcaddc23e8e084e1f6d947f19c63235cae24b31d7,True,0.4073119264344703
S1,997,L31,7190476006497650265,4d2642ddb579d3e4235a6957de4d94529088e37273eaeb90fc2d9b9d6a75f8d5,True,0.4469532690195755
S1,997,L23,11296615801253837734,7f8fb572d46f339252c95d95e1d22b48547638bcaff255ce659638f1ca753096,True,0.4804812569711854
S1,997,L32,3952755713635760510,24bd7770eb569b0fc165a0dfaeb2d3a53aa531f18a4497c9b40c10ecbe7e6db7,True,0.4275088463961939
S1,998,L12,6930688326495586559,1a27d1ad7de312079926e2d453df1c7c8e5f7c692087e6ad34a69fc702f614d8,True,0.39038299940946647
S1,998,L21,242282208820890750,3228c31ccdd7c904189c6cdcdaf38e9f23fbf40e1c17b2b8afcd50185273273d,True,0.47236796552323085
S1,998,L13,8248566661844171871,ad3cf12b29b43667cc05020176f5f9f319aedf56a437aeb9ef6c798841b47b4b,True,0.4105812072630819
S1,998,L31,10098396071216135121,e4c29afba361ab3ba30df220ba886821eaa2d407dfb63a4de54b79b3c098d0c7,True,0.44557460217586564
S1,998,L23,9471844929148033100,a3075302875695850b2b4519380313d78cab0f88db0a99812a6688932084944b,True,0.47650143030584363
S1,998,L32,16690857232525986099,13b3e222ad62230833545453644ec8cbf909d2c3995f3fd45044510e605da532,True,0.4224772898930413
S1,999,L12,11873207397660452111,d0a51dbbabbd9c51e5502bd842a664a169a5c0d0f78a762e0702c3b1f7a495ed,True,0.3932087386689824
S1,999,L21,7605330946810032343,12f570a69ab990df615597fe7b8286f18cca14c1411d4f28b1a774c978d64093,True,0.4722511309068198
S1,999,L13,14819389129314346832,4365bc7ce84c22798c9aa46353c6f624c76cb4d0f06debd311da636c11f7ce93,True,0.41389510020381864
S1,999,L31,1350077383362915682,25dd558d09d299dc81e84ba0a93c512d624faaa6152108e5f151ad1fdfdd4494,True,0.44089608692150756
S1,999,L23,6673886626915366664,a0d571d603153ee192dea4bd34a66205756ecf41955a1fab33ca0da069bf3af2,True,0.473435720604421
S1,999,L32,8205991827689320317,3bf74ee266317fbaa7669bfb7a21429022c37ef5dff46f2b3ba39c13bc2c98c5,True,0.42326311455432863
S1,1000,L12,17761280147597698188,8b9ac0ec93355417e3323c1533d2f895a1c91f213faa6b4b6a58eec217cf980f,True,0.3876754845877928
S1,1000,L21,3832966258495521919,de96677802ee6e88009dd6e3dca08aef2f8b2e4e84e2438ac090b13bbe3314a5,True,0.47128461879639943
S1,1000,L13,10446827211081707071,fefb342366fe50923ff87f5e3747f2a5fb7e4abfcca9824308addab17a45d28d,True,0.4086714321682611
S1,1000,L31,3654067396912350301,95c6e2cab4b4dcf479ef87403668c493c6e114174923b6522d1e79174067716e,True,0.43520144217832185
S1,1000,L23,2137921699639382002,88320ea56a68987f06e3adc4a4b76db99392cbfd19bb86ef0c54563de404b542,True,0.47751784367486777
S1,1000,L32,6724481287981204147,e62e0bd3a9826e42dc89ab44f88757709b41a2962b8dbade9b28332f23d5fb2b,True,0.4237098468064968
S1,1001,L12,1417222921677528617,0456b30e8f67f7289f5d7b1481dd569e01a872e3fb97a113cfa706b6a0e82889,True,0.3914311257877673
S1,1001,L21,13991350611683569955,56191b70a8e9d2de1285b28b2dce6e260fec74941c0e28c8eea8035fbd1bf107,True,0.46728311369506176
S1,1001,L13,9392645558822284231,9599ed2738023f909612f744174cf1b73db8a99d80f0d7a57cbce97d74f212f8,True,0.4146800904933344
S1,1001,L31,6129445443047320207,44e7d7c22744e26180c937d9fde554a957d13d6a6237b9638dd945a8f06e7b53,True,0.43859712419600294
S1,1001,L23,4493980857894051620,4be25c78256e0ae7173f3a04fdf7f5ad94032092c505f97a94133520a5b78081,True,0.48175472674524494
S1,1001,L32,4122591395481074049,b928bc40a89f80e964c9bbb87cad4d171bf912050eac53609520d29ab0660580,True,0.4222859087886265
S1,1002,L12,846907631540099689,86bab17cc7b2bcc20c5615d904d88d71fbc6f3a371ace8bc74a03230dd18fdcc,True,0.3905957306143285
S1,1002,L21,9654176571130273656,e7e119d6d8878d16aefe144ec0753902c007dcc238ca4b680280d2cb240d498e,True,0.466055392308968
S1,1002,L13,8458427319495931809,175dcbbe962fd8e4ba641a29aee55a19edf78ebb4fa20ec45e2783b749aa6a14,True,0.4085534675948443
S1,1002,L31,5968143550565630094,b65a44b1cd2b130f3751c367e56e03ed1307f3b5fa8b7f4592c396725e21ebbb,True,0.44253676694465965
S1,1002,L23,1543344400902753382,f40777d5af0fb5dfacc4a22510581520f0b8d776aa4e8c6efba71ddbbd171b12,True,0.4737661492597761
S1,1002,L32,7306058586273787520,693640987cd9bf6743da6794d45b192b4437a28b1fbdbe5d27f9a60f027adc0c,True,0.42388739664550573
S1,1003,L12,11617892068199769442,5ebc6f88b5ec27a0927af614b3a264c91b51e93b03dc1f636fc975dbe337c8dd,True,0.3899891811931806
S1,1003,L21,7363028248284106928,33e558f35caec229a23904aac18d51a61b8a3a09ce26330059a0edf60a085e1e,True,0.47295940682338417
S1,1003,L13,16613710967240560480,ec94a5d2132df1fc00445d71646e2e33a5f9764ad0a4c2e429ee39795ac9433d,True,0.40471105401724045
S1,1003,L31,4699513292398391328,ca038d11085084b15885e203a9774ca307e8756575be08b33708dd2839f88ffc,True,0.4461374217801136
S1,1003,L23,15315060415605631095,34e504126618e4fb120c2b4041afbb7368dc75eadb004fbf177f82083c5b8197,True,0.4788632334206747
S1,1003,L32,9446478861325691493,e8167ffad989ee42826a8fb97fc4849fbda6f813442c7dd247ca1b1270b76980,True,0.4251823557322978
S1,1004,L12,17684702588905058982,231d6d2d03c77292cddb2eeeaa9d5aaf3930c91530985ff7c4f4b709e5af4deb,True,0.38993410553650476
S1,1004,L21,79256833906008351,ac1b0dcdb5e55d83dab2b74e150ef67e23ad46cdc3de9011ed8568be9f27d556,True,0.46615386915602564
S1,1004,L13,4642858427531879282,7ea5338689460fc73db96a5a0d741a3402f20bb4df004f461e36aacc40321e8d,True,0.41203068686228506
S1,1004,L31,12692089157772780667,506658006283342758532fb3ebb5348ba52e69c8b9147311a3d5fdac6ec89840,True,0.44443972912750024
S1,1004,L23,6013034544794706088,89b05fa72c01f24286c11e73a281c364df2933e7bf2b53f2ec7c33b196031cb1,True,0.4817954825574039
S1,1004,L32,16038124703702795328,3d214a263e260f90ff2955dc0becde3f9130643a245fd9d3f7e1daafcf66cdaa,True,0.4249889709430239
S1,1005,L12,17395226439294290894,7cdfe49dcb9d91aa8de50d266c26a44766126526b7a9b22b17df40513e58316e,True,0.39235588931187326
S1,1005,L21,12331314281975051209,35903eb7334c0a7b91e158248de7440dca99461b6fcb3862c23935cab5f51862,True,0.4674572003006949
S1,1005,L13,2640652981996665009,e1fe564789eb5a030054b6c8249ad95b2d4e2fcbc549887895fd84f9d778e279,True,0.41270524003496817
S1,1005,L31,956985911269295053,025d4c71210979b6f2055ab3113b428fd0ec693dce7a951a2ff2fc03dced6148,True,0.43944648265158565
S1,1005,L23,16311569477441927536,4cca68256cc704e014e179154435cae9fc36789afc6705eb3463be067b7804c2,True,0.482025241914797
S1,1005,L32,3883172150001332844,0e520bf537de63126e7e0904c30b60a55d8e2ffa5d2e007157a5a874e516aaba,True,0.42491543489908223
S1,1006,L12,6451683502558680011,cda8336c51077dfafb4781bfa88c3d0f6fc37e6a66ada1ed1c193b1a25894a9c,True,0.3917885811877841
S1,1006,L21,6347312639102607723,efcea654aa8565bcba85998bd717140e300936ad658f0d0363941a3ff6ab5b0b,True,0.46952193308044493
S1,1006,L13,15714831857525935618,bd05eb75f692438d6857df06ee5e67bbcc03e815305d8a76aa14140e1cdee407,True,0.40245998101633684
S1,1006,L31,18055960801675026935,b6cacb6ae438c1c7976f719a2b5f61d38899cd10e777234dad83a8319a65c5be,True,0.4446225439722298
S1,1006,L23,16231004686942803180,2fc450f460c793122c6a8f55b4f21eefe861ebc6093e9e6f0fd74d0b5f2f9233,True,0.4778758373616211
S1,1006,L32,6131484435867802238,84afa6fb77cb193762b8116b9370ddb8561766cf53fda5d1ef2869d67b31a059,True,0.4257142517364402
S1,1007,L12,6219914787343735370,41cf5f209b91f47be6126a15919c9e290058a7e32c80a6d8eaa040cf2c5d3f91,True,0.39008869335430757
S1,1007,L21,2757534565554723941,f0d7edacb5a80119598fc0f91a2989e1957f2a56d9545abc47a6bbade1d50d1f,True,0.47204237178327346
S1,1007,L13,12472717705567568933,2072c958c4481c21f712f5013abe9a837df6ce564318b33575895e8e94f15b35,True,0.4107261689968268
S1,1007,L31,6068396615969216192,f19c40f3c735bcea76d917eb2828426867c842105fca5924b6b9ccbad26faeff,True,0.44147724122337817
S1,1007,L23,17375090205236159407,d7f0c76289786cb6a1ad1f3b44e1334b85eeb68ba5797cf01e5fb347df3a23ad,True,0.4720750642317893
S1,1007,L32,7929885480597902264,dbf0a6505cf7cd0a2466d23a1717b87ace50719555202e1c408b3358db863d8a,True,0.4279815997813703
S1,1008,L12,17052974906586813608,d54ac6fef75d5216131862fab2d5fb26d8863bfd6fd7fc34f6a106b1f226409f,True,0.394409398283572
S1,1008,L21,5871357061573822309,58979b7907c2585466b8c5c6a231c0c1ff477c12f3bb9e947642d26b222a8689,True,0.47505112664036564
S1,1008,L13,1392954644762156418,359e1222edc56f574e0527470fce16e9807ae553a124225cd28269b3bd4e6838,True,0.40558264201663896
S1,1008,L31,14258537132729170516,b033e9827ab004108742c096d94613e484248e8299ed3494a8b515f1bfc4de2e,True,0.44535354595207194
S1,1008,L23,1427492439438230334,3003cfd627fbeb0bee09fe9df42266f920a00a9b43a0b280dde61bddb9480745,True,0.47383309772236315
S1,1008,L32,13899743968332312938,37fd004f58f5e3db512f2a5ee46dca2ff0a8ec641e4cce880aaf83487b4aa426,True,0.4249889709430239
S1,1009,L12,16351416887554026014,d50246db234b2a0ddc82df45e253a4e463a70f5fd397586d85baab33f83ec2c6,True,0.38755267455259046
S1,1009,L21,1664163994301781122,75a8e626ac3098288b83d304743c9bc528cb44ab84921bb166f0d0a795196a67,True,0.4756569212309606
S1,1009,L13,9270960758780084861,01f8984746232c761ca77d7686c23a563e74448edd289dc4972860c3ecb070a6,True,0.41103239693062865
S1,1009,L31,10284784268873561548,70c439acac6cfb59aa0120cce591d3e764d180de7ac96893836e6d872e2602af,True,0.43751006195602216
S1,1009,L23,13369872241205687257,edf0164bc5d7e44a45325a266fef9150681d58ab5a329c0a2e114f12c3a23572,True,0.4707745227514222
S1,1009,L32,14886550785837091931,a8d62ac558b0987a86a8a186b78933f20f017d3c83b92ac5beb25127e6a0a0a7,True,0.425885066361797
S1,1010,L12,5409381302543242670,2c2547b59012f98eaf5a064b03fcc39fcac35def232839d265ab5785f49b5643,True,0.39096804350553704
S1,1010,L21,16860263326753321295,33a6c0bb0b8c34dcd84c8d6c76dcfdb4ee794655a55513acef57db0d1757a108,True,0.47363309440373785
S1,1010,L13,6740177310811424293,51d78017d1473718c9b61105b274e78e4c9c4cbea32a3058ae5f4a9c3e903277,True,0.40297767229630616
S1,1010,L31,13549645819917091853,766d191931a71e14f82efc1aaeb12604b97b2e51ce6a473b5eab8e4c186af873,True,0.4351170847761325
S1,1010,L23,14407594828686946667,3adbe5c0a6244e65cd2457327485fd7c9d6a3821b8b1533a4c47caa0c14f29e5,True,0.4826012447078679
S1,1010,L32,5124352864732989398,f5d71e7c8a8e9e57b73bc1764f443279c734d715f2d60636c8f3151ed4e9f134,True,0.4227383686807056
S1,1011,L12,7882066618816325269,3ad41ed1078afcef417ca2b18866e8d1c9e1859bc03d96e7f90c2d38612e8e1a,True,0.392832647975058
S1,1011,L21,1408789196156006452,635e5f18f6c86a160e226f2b5db9beb1fe3154dfa865a0fb8f6709f3a8168983,True,0.46768706458855336
S1,1011,L13,17695590702724626650,3d2094ceef116d193db21d4a09b913f7ffb22b5fedf25c4b0a9904e991da0316,True,0.4053735566871748
S1,1011,L31,1285460446796570448,c145b7d7688e748a28e089255ac6d74dd3435acdf670108c337ab2c01d3dfc12,True,0.4400359504866564
S1,1011,L23,13268369246331323946,a3767bc0431797be0bd3bb85f2d11b41f50365dae377c4bb2645e4640557541b,True,0.48449201827054084
S1,1011,L32,3505382821848583615,3c06a63044dda6ef2d44e9e42bdfc1be546e857ed977bb12405f12d70828cc69,True,0.42345262562987335
S1,1012,L12,3034457852135470439,5ce0ee4868a05b436dbe82aa8e0420752b131106b09d2249c4dcc16d8ffda4da,True,0.39086743714357697
S1,1012,L21,17266892022499658068,13b6b1fd8b0df88936e497ef124143f35f0314bf200865544e84c88acf3528e8,True,0.4654322131270249
S1,1012,L13,4419371534529191622,745216dedde2835d0745387666b0d215b0b3e6d9411440f8dd626a2fe85cff5f,True,0.4018913626150756
S1,1012,L31,1867378706331049610,20b31a8f7f7dae70a01e5c65885a3b4585dc98a63442855bee2899d0fbf0b938,True,0.4418125474496246
S1,1012,L23,1040227331740895924,91d42b785d049415c6fb8d9ebad230f5189dafc1cb333d64642f0511ea0414bf,True,0.47710832978139767
S1,1012,L32,17659247870000432666,3f9b4236c91a6a313510c6f0425d89d718b3ad50bf5171fdf9a04b9481f04c9a,True,0.4230765606444314
S1,1013,L12,15382375828535377686,3393f010b826aa54fee6d2fc9856101b48c5055025e375542fd75bff49dd92d4,True,0.39726860795798047
S1,1013,L21,1594540077042168844,5f9713bc16b9b44b894f969a90499fedaa48361ca1d6830f306f47c02ee5deb1,True,0.4712118673645283
S1,1013,L13,7176952269258290692,f40500ad5d87f7d7cfc8bc0e8e245e103585f8e3960de91317dcbf8efc6030b7,True,0.4118596235205287
S1,1013,L31,4739019770571109070,ccc5e8883631a4132ecc7aa0a5a0f1b79c34c75e49c113332f545f10b4eae743,True,0.4422088969274153
S1,1013,L23,11283558990405712089,4b728635f598313d7f912ff05f2e8b91314b1f5990da43e8bb03e0b3b61684dd,True,0.4796307870512442
S1,1013,L32,12550516869386641126,a3774213c564db966823ba268ee4253fc7605df6ae69ce1fccd767013f6ab284,True,0.4248638386592596
S1,1014,L12,15943361875570536874,6bf0f1a9e4b746e51fd8df85bd3e5ab97d21864eb8446545ba2fb5801a301365,True,0.39264880694681825
S1,1014,L21,2474148093077896957,e81b2f4251a11b6ee5742beb1c27ae0fb577cbdee539ecede1b1817a7053d1c4,True,0.4677924668910517
S1,1014,L13,6699355335504664344,8d4984b7d92ed65fc95c32c6313c532794dadd1889750f6d49ee851f99e2aebe,True,0.41285560468046856
S1,1014,L31,17355632604395899846,fc440e8065f39ce167c6182d456a952b6bee4b113cf69f6aa949957deee6395e,True,0.4383915867807179
S1,1014,L23,3018668570771167695,ee695976e9693ec030b066645642bb1ff66e944053cb839868e02d71e2575dae,True,0.46848994925029275
S1,1014,L32,6062032700205641064,c3ffee34487bd04791480dfe7c0854b9560e3a5c670147118301a819f9f67c44,True,0.42836534118033665
S1,1015,L12,11283415402799756651,ea9edf2c3e2e595f971d8c17abdb243f34f6342ca32819e489594c8bf2affe60,True,0.3910705331890429
S1,1015,L21,16516932963349712660,7bba9873077392d6380093a791015c6a5e4eeec4ee8934791ba43005e8e14c29,True,0.4648233138816957
S1,1015,L13,7738448272014544241,e0a211b561b5cb99d44a05223745d762017c185ffd6e403363c4e3c16abd4ecd,True,0.41612988874852225
S1,1015,L31,12400360073599340685,21aab91ed88d861c0a7f36ca24465841addb8896a570c8a5ade4a83344a3ef78,True,0.4415757896487088
S1,1015,L23,16909270501273037220,e1b19d16af053a2579ff23fbb17bfecabffd2e3a6cf77a2ff9ba48c735324e0c,True,0.47145797785902616
S1,1015,L32,16666227789105599002,3c8f1a6b0790b2b3e748bea9b0d45c61b4e0e35b798323a08526afc903e13907,True,0.423372133608528
S1,1016,L12,5363798482237716052,5b206146833852ad82e6eeb9c3f6581ff7db344d72a0627f8c362b4e613d42bc,True,0.39513815027661053
S1,1016,L21,10997533371163655873,8c67d1c75a55bc15916ed0003d21d7619236b5826441f3dec27b412746e04214,True,0.4723175876958008
S1,1016,L13,7175081831252403811,57ee4bf8152cef0182317d2066d519c2780069a0de3a219f2610ae186af6de7a,True,0.4077969904112342
S1,1016,L31,1128954434307081741,758a299909564aba3c10eb608be38412311ee6c862b37490a54de87e878c5b92,True,0.4367586583043
S1,1016,L23,2463700951972067534,380d003f2de0c805d254b21df3aa6c65335328e2b2e6e216c246c2186bbf4b56,True,0.4820508085090567
S1,1016,L32,11568573240906637733,b789e6fb6a03489fa07e09f30875965f4df14215afadf36e3bd3edc246085e3e,True,0.4233762047193238
S1,1017,L12,7782303406867092978,19951866a2aa37031e82bd7c3d9cdb0bae21a9919b7e4d2ac056083dd606cd05,True,0.3908090845350818
S1,1017,L21,11848466187407042460,95f7bac3ae1e4cec295412b367259313b7206ec0b1efc986912635d245a3bd0f,True,0.47693847712101045
S1,1017,L13,17756499778718979223,683a5f2fd70547b7fa0deb161f4c918f372384edb658cde969836b02aa1731eb,True,0.40876605957150064
S1,1017,L31,4184146197574170742,6774342124f97b1c6378566142c6df54064f6f69c960ceee2ae6fee3e41abb38,True,0.44525174485265395
S1,1017,L23,13375461490092864626,36e28610e9bdaead21492854804094df5e3d96bf0c1f272ffa35444090c1bef6,True,0.4776668920049476
S1,1017,L32,11499695205219286665,a4f888e785ecb515957f41ec640cdf9bd00dd72a9e05e0c8bd4a3e266e662cb4,True,0.42316302382996485
S1,1018,L12,371729056235990718,110138b2992cd773b5b40730a94ba0839a372e4df03cf190b5eb3041cf6d4244,True,0.39336707889839206
S1,1018,L21,11980011260056347408,58caaf069a47682cb76c90490d9c72a785464d47e98cf8715e13f564a72ae731,True,0.47150129129302987
S1,1018,L13,11762984498342385219,461f0a55434942ee8f031896dea1acf7809699880ae900d646c5c5e0f5a2eb96,True,0.40992962293513147
S1,1018,L31,2484176288459944331,bc1d95a822c79796ba8a2a8c594253be1a8544aa641031c5ce04ad18a27ef949,True,0.45290862700428497
S1,1018,L23,6870288336394086192,d22031a8099f3382ecde317b60bd74e6eda5a9dcac89fa171b072a7c5196a6ed,True,0.4773484638283799
S1,1018,L32,864617381669080035,c9b11902d2318b799be0c0f0232a7be224b71aa98336e739da595475197dcf55,True,0.42652361586282794
S1,1019,L12,9403939534302723454,c1c98b7ce6c800883ceac9b3b02dd348687bb9f96b818ec37fb92486fb8578a0,True,0.39263839900740566
S1,1019,L21,3309892819719893422,5c7eb982dc3a386b50c6b495d6c3c0a46fb1515953652680f240d4a1ab1e2feb,True,0.46918333334635154
S1,1019,L13,11992801527703891625,40c78ed3dd19a0dae532ff42b0aa4f7c26f73817a252461b4d21c208fd308db6,True,0.4123993808388928
S1,1019,L31,6150260007750177330,9494c359c284f5943f68db4776a544a5bd2975317063d87eb4442887d3a54518,True,0.4439257393157915
S1,1019,L23,5333068394361585401,f73920a5d9976ab4c818bc06756e235f28164472bb0eff34ca818b88b87f202b,True,0.48194898417615084
S1,1019,L32,16898792730765161177,1112861d23356ac27a8201a403fc62159c027f90fb543c505f65c657b3387a5c,True,0.4198542459645987
S1,1020,L12,14220326688373981675,7a1fe2ce4409113e680b9b222b9093a21613b69080e02aab9fabbbcdc1987c11,True,0.38980044532735353
S1,1020,L21,6912375328959719604,73a1ebe1b37bafbd3bcad66f9a4497446f07d0f6427aa29c6c4a699aa4a0e3de,True,0.4757579049710387
S1,1020,L13,5825000649588463337,f041fe584e8d78bde1c8f6d0382e9002137539861ff6c507e598e1d1f212b88b,True,0.3976676730803877
S1,1020,L31,8946736957980299615,6c4258c0f3072040c804ceb8bb53ded75ea50fc0a9e7a4625d9678ddc53f4c72,True,0.4360424778530352
S1,1020,L23,17041620712617628413,7f0cc6656f3598c753ddabf099a063c5d294beadc1f35dfb888d9cc1665210a9,True,0.47205918998392926
S1,1020,L32,7173269129692704633,5d09f7a390eab7baec637729406abc5383fbce3179519e0ffeba79d9ac40704f,True,0.42451997414605386
S1,1021,L12,8282689979818608923,af6445448f8a434f4e32fd9d85aad2995fd8bf3069daf39eda29c81291fa5e71,True,0.3950531827773225
S1,1021,L21,1222749047145421649,a64421afb52431904fada53fef07eed31c600366939719e2e81392f3022590c4,True,0.473801174024841
S1,1021,L13,1701584542257609322,831e13073cd8f0d6edc3fd3fbd2cacf7b0666cd90a218c2cefa261d6e0c33879,True,0.4036737132362215
S1,1021,L31,5055448246120174327,f861739d2f7997324595ef92faffad29542a15a9e5e70597c56a7fcf1d045d27,True,0.4379258856640962
S1,1021,L23,5035218646806184740,67e631bcfd6f967d080a2f16f4f93d9162015176938a7e0d00e7312f86f7261a,True,0.47496035834050393
S1,1021,L32,17872584915865280765,cccdfcfb0cb862e481f7f58c58e3fbc95f7e56ad8bd3a7ea9af865025944b584,True,0.4214352730363241
S1,1022,L12,10145497360284912826,34a067992f703940be4c0c36e2c8556ed71e55e95291c243090e10bd3a7abae9,True,0.3927479095517061
S1,1022,L21,13880280503519363427,8d76b14ecdbdfdf3d76bdd7a9ba58c41a090d2ff11bf097be379a8930a7bcbe8,True,0.4714618864153422
S1,1022,L13,11614368442293436859,ae6434064ec3d262485ed1e1cf2842ea5ee463a0c879e47310311a65198f42ee,True,0.41242404750517647
S1,1022,L31,18401258494280460682,3b85d9bc582c05931b2aaa40d3598327e504f138c4695101a45e28f1d9785615,True,0.43981927739729526
S1,1022,L23,3181304684793612726,0955f1261693f419e06049520e14de62a9110bb9590eaaa06f995b6299dacc9f,True,0.48184183598489094
S1,1022,L32,13080090025088957346,453e1616e1900e3ff050d35639591ef885e9a71f61a2bf003f116877ab8204a5,True,0.4246091990583806
S1,1023,L12,2419950359856474799,88a5c203e43ebb83b74e9655ca131d5b9fb561788d644d246bb5e56757a7a185,True,0.39091810846771796
S1,1023,L21,10558002611219947787,0a6ee6470875a5c68d78f1f96a659133924e29a2a663784a192cd21993adbb69,True,0.4698425939806672
S1,1023,L13,1808671564205307531,bbdd19676d3451d6fb379834883494ac796189f19c9a18838620807c2815b700,True,0.408719475301479
S1,1023,L31,7236664203425844656,6c0a36ed10d959c163892467a65986181e6271974339a40e3f6495b8d5eeafcb,True,0.43329522391581904
S1,1023,L23,2820722799908045071,83ccd8524ab4410f786df325830f79feb859036a3b23c0bf3f2d4a0bf7a107a1,True,0.4768446926246904
S1,1023,L32,890442087117317809,292a766675cc3881320f280532aa6ca7565bb37dbdf970dd0316c3800a632eae,True,0.425597530264559
