reference,draw,orientation,seed,landmark_hash,matching_validated,radius
S1,0,L12,13548923328799618122,bb48acd3918a6413136b8d821a1ccdbf5563546c46602976d54ba7dca4992d7c,True,0.39049637856793706
S1,0,L21,3806286431401320350,c1b785fd790ff893c6992c321fe9276c4608046a0b56bbf218b6000e9020c9b3,True,0.4707547933358932
S1,0,L13,7933140702051358180,ccf87b2f5ab7a124918613dae6df1cd241f20de2e16f1bbd0d929e6d218da672,True,0.414662112360385
S1,0,L31,13895638037305757743,3bc66cab236ebc07bd1e11a524a2411c486e002204c4876e3171ac91c8196f18,True,0.43526840467604977
S1,0,L23,582946200341003135,fb19c1ad292f52a5006facb1679d5526593bdfd5ae86d25b5c15d53119428086,True,0.4731103656921362
S1,0,L32,5445472686308157204,792d9ccc7fbd687f7c2ef055882d493362a80eb0a3dfa7594b8e0d5652b162dc,True,0.42568840770500305
S1,1,L12,1356778155315912510,934e341c53a931bc844f95f75b5a49b6271d4d65e09c7591a0d0c8006c1c63cf,True,0.3948462167407275
S1,1,L21,7376965499736015620,94e5f5c1ed9f6339b70ad85147c92b18c334068bd939e02c4c1681379ac401c3,True,0.4776986524403043
S1,1,L13,16175998769359018765,792d706f40a9df6be394b7ef2d1e22157eb607346d8ef6dcbceb4d70b6cdf4b8,True,0.40962087437549577
S1,1,L31,17518659793863765759,f34c52e98f0bb307a4fe4373e5de856a875ec69c8c27a0cdc2f8717b48214425,True,0.4390172776939258
S1,1,L23,168108130531597527,2ee63a143d64a829af0c44da8098b1ca73a0cb08590f1efd3bb4eef38770f091,True,0.47589636968589843
S1,1,L32,11671331531952671020,c58d7bcce396be2b11ed9656a73001d6253ea47db52594a4df260007f6839377,True,0.4224195625525459
S1,2,L12,15771306156171376653,79ebf817f68a871fda702fd9c07f908535790654397c4997512de424a8abfb43,True,0.39016441331965973
S1,2,L21,8096253697598600106,3302d24e17f4a5080229fc9d189128ebf82a9ad12315ef6689732feda666f3e1,True,0.4748195895062755
S1,2,L13,18089090556788303413,ca104ecd09786226d6e52f066496d2c97f6f9cdbe09199c5a06e1e01d1a49f0d,True,0.4170244131652283
S1,2,L31,6727709311538449105,b8362ee9af77eec072b5a98c9b696061b353b1abe7aa5de7cdd1fc4a2d4aec53,True,0.43730343830897467
S1,2,L23,18193550146319980422,cd448baeed9ae2f8ac06d7b51cbb3c8d02f9b07416415b93c04303297cd0e32a,True,0.4799465956202816
S1,2,L32,2347863835411520952,c72d2e0d479a21d6a9abf38d0988c6e99dc501e273ccfa37714c23bca87a5208,True,0.42494633893078193
S1,3,L12,4816873087016916213,0aa900c9efbf484e98400f8237436f535da518dc7d18fc371580ac81b895e6e3,True,0.3857310530940139
S1,3,L21,16963765470561285437,8759c200e4e47d47c49e65041f9cb7075d323d41851402a70aaaf9182f3dfa3b,True,0.4718057148369579
S1,3,L13,1728145733236295601,9be432dd0676d6e7813b41bb1809966763d69bd53e5937da322ea830f8f1f049,True,0.40561393318162997
S1,3,L31,7796719915057086868,ccf7165edaed2316d83179e5a640adbfb3dd41e514e6cc00d6d5b9239ba4d238,True,0.44418315041531997
S1,3,L23,3255292353655441702,e706291d285e089cbe59aaa6f97f9df405afb8eefdecd26bb5cc9b5444477850,True,0.48201273243096215
S1,3,L32,14795925572099739904,52f8c264c24d699d4e3db93dea4bd00fd0726f68768c885bfb8482093feed355,True,0.4200045916016965
S1,4,L12,3008586346062420884,e8e07c094b5eb3070378453e7b969517afff965f93bf3a74011a551b839203f0,True,0.3966743901515531
S1,4,L21,7636871140850663642,da102f4979059e8bfa177af15374adb649e3726ca2f48503af6dd0a9fb50f77c,True,0.4674416660199727
S1,4,L13,15063641166399635103,6daf073aa5b0eea12fde531974e45bb46ee944a1aca84ff635c1d7615bbbb958,True,0.41007420350970014
S1,4,L31,16489457257985290507,d3f7432f0c45f718c7a8c217f263469165ecdb0f4e0e66133e8a205af65898e9,True,0.44010393378894275
S1,4,L23,17364343148129114388,4c34e5f7995c11a7d00585f43751c31de9a784e8d63e46f128912725317c89f4,True,0.4799600633629044
S1,4,L32,4177868213189578800,c54bbaba3b4354739cd38b694156282e82097d63138b3cd8f426404a7417ec62,True,0.4261754909198755
S1,5,L12,13207613542483822828,ec6e90fe0f882ad5777d2e58ae46c9aea0eea671f3fd0a1398bb35c46a903b0f,True,0.39149065902687485
S1,5,L21,14999998253973110728,59ef50ff620c4ab09ad2c7871d2e9678e34f6e1f863381136538d903bca9bd74,True,0.47285616835768435
S1,5,L13,14654076794351512296,765240ed7651284de7c174050211fc6778537dce762ea97a4c97b7e27bbe8aaf,True,0.40362497185841123
S1,5,L31,4106638574516446966,d70e59df653844c41f4eeba721c8448fd756913cc5292826c5c731b89e2ad99c,True,0.4390418892120639
S1,5,L23,4465196422921028073,7629b4c6502408fa14c82e68b91728606d0286c7ae7882424c31392d8af64946,True,0.48009733284592626
S1,5,L32,6946035952751133347,d9b398c29cf26686bc8a5ef456f65b0c969bd8fb30d42c98e2385342474e6951,True,0.42209360041403765
S1,6,L12,14772164661298342093,0c66bbfff02ee380b3e4f66925c4af8d9dd9fa60fdd4541b7f656bf1159938d9,True,0.3931533821212245
S1,6,L21,17239035542090258903,27b48e37763f9f27e5336f878bb61ea9f540a414987186bb38cbc0340bf661d3,True,0.4652622043010677
S1,6,L13,11780649634094471183,2be6641e437720b292c4d54b8fc9702dc80568381ca72e033b698d6691300e93,True,0.4059827211912622
S1,6,L31,1971110103501609910,f35000cd1059c594ed3b8663d3dfede160d6dd273b62428826360edd2e518a73,True,0.43554206847538923
S1,6,L23,7865490878448523761,efefd912ee4a3236852c3d16208a6ff12861bd64cb6501c3d83ac96a0e794922,True,0.48001806879224335
S1,6,L32,18423377777585890244,ef41a95cfa127bdf4a090889df157d2131e5ca85a76cf12b3e20e095326c0516,True,0.425597530264559
S1,7,L12,13011114828354687884,27ed839c4981f5463855dfb2455d03a3b9ebad7c83f961538b4a168c08205caa,True,0.39087930324098374
S1,7,L21,6422807236117793270,ff8886b5efb8ce07baec087df83a1554a9be5453d406967b5af0e5c77e6d53fc,True,0.47486592496586005
S1,7,L13,2336114488278890267,cc4d3f3223857fafa4698d3dea78889d17f566af7956bf4de63a2337ecde0d37,True,0.40218107714154294
S1,7,L31,10884956559538813366,78df17b60f83a241bb0404d7310087687e5c5ad41be8a149e52afbce028edbcf,True,0.44938762278268235
S1,7,L23,918568289297547563,fb37872cbc37d5356e7b97bd0b0ad680b7d16b043496c0b444d7854d80f06e0d,True,0.477821903466427
S1,7,L32,9180523510250622151,3a1f54adea5c29d0de6a1a424ca61760afd9f52626b9f3520fc9704f38197ef9,True,0.42539298360769107
S1,8,L12,12687616321768120303,22ae5b584d944960274355f5af7baf5bb58e5096711f582fbd62c11b2c83d27f,True,0.39088229254765733
S1,8,L21,12761606035575456706,0183ff0fbfa51ce83dccc29eec6a14aad2c83b18af14bb5ce122321b5d89c48a,True,0.47650366960027873
S1,8,L13,5854372464612356254,4dbeb4fb54fb3de7d9690d33a49b5aa8594a860a3e60d7e298963dacb9f525c0,True,0.4069954873355061
S1,8,L31,17072821608092330039,3b47d0421ad733c67469240dfb75aa4dcd20daa1136ec306e9f7eb997ae6859d,True,0.43731534775184
S1,8,L23,18068694042496300390,3e8c97b2d8087da92bd582e0223d552622895dd5ab39c4e6b42d2ce0aa5c0acb,True,0.4814070733990104
S1,8,L32,3010639624562245384,93a9020c1ab5b0b9fe3687472ce43fc44adef85b8221f65f9713c1c611984974,True,0.42438337741499255
S1,9,L12,3044065962692952547,51afcf9a4dd41758153762b105dd7288e5b15a7adab4ef255eefda39a57b4032,True,0.390236980940313
S1,9,L21,10852055370019857217,e3c4e30590c662f51d05137d1bf876a50e60dc32715aac38eeae96cb1b8f1299,True,0.4724870242400159
S1,9,L13,8914917520336625107,f6d1be6e13cc29b481e85d60b1cf796992e88517d2481658e00f167b1973ced3,True,0.4111475757776679
S1,9,L31,3160024532939746177,bf69bdd92fd8d794b57d00d34b0468ecace54ff1b2db071dd43c2d954478c39f,True,0.4380843775169645
S1,9,L23,3382029255320709241,59f9109852447c4dbf136c424ab4044e524034668b2f4d53fe825755002ee26b,True,0.4792292534243027
S1,9,L32,11398414200728525514,40127ea6397afc9d11a6c67e920899d6e8af8377b987e90093e283750b540fc9,True,0.4232592722095183
S1,10,L12,11551802823543727598,b04379b109fc76d5c436b6703dfc8d2cae6c2507e987057c47b0c02e0b07d646,True,0.3922166561620806
S1,10,L21,6120882410373657451,249e27f7a4f7d9d2f1de719ca93ac5efcffc79527e8d55b57d770d93be4b1ad6,True,0.4693156100842464
S1,10,L13,5648618329362477155,8c25ec791686d286ca5924dbad937e35d34870f0a22f17c3aa0fbf5030e34657,True,0.4066583420798574
S1,10,L31,5661146545095171587,4452c648bb20ea2ee0b70b794b67c4cb4d6448280a8a1217e693e3fd8c940275,True,0.44765625861244485
S1,10,L23,648914545477051716,3616f32d8b7edb1623cf2b592ec548a816b17f6078c1833bb449f71307ac33e7,True,0.4759200004164795
S1,10,L32,147915606865818408,df5dd891846ab3df6da95ef3dbe2340a719beae01a73e1b2cf86a69a2aa5058b,True,0.4246281313501913
S1,11,L12,12512456343260304942,af04eb71a2ffca45a47df3e27ba6fedb28b4dfb9be22a33ebc8f4c33f7b39d5d,True,0.3923677303125136
S1,11,L21,12819556122078849396,3c5c083b9c20150bcd8062c3fe0e449e0d93b3ee760522518573220281120846,True,0.4693028511037518
S1,11,L13,12974319213446257318,297b77ccdcae9001ff4fb2bea22c8991f6cf5469de84e7dbb28ac8d0d407ed11,True,0.4168164931018454
S1,11,L31,14297561816816400975,be79d5dfc060af40737c39b460452674f4a75d4a6f400d9a4cc8b4b520a882a6,True,0.43745512494830957
S1,11,L23,607010713633072303,bcd82917c422a847d3591167c504a4910ba3888eb93e13ba42ae654412110bd8,True,0.47599960163557414
S1,11,L32,18234564560214805774,cdb0c992724eae96d4a8064fdc5f532284b4d2cce5d7705692f465c68069e2e8,True,0.4258626789068276
S1,12,L12,14071187984249949050,66716b0b21df16a751aa36a0b42cd8a040e6b6ea1b2e591e3949d34e3ff9b611,True,0.3936628063985365
S1,12,L21,8931976811417561903,786cc89aa383b6b83ec026bdf15af290f0dfaa13451ab366328d10da72ddb484,True,0.4736890614182725
S1,12,L13,1892634621019846155,85adbded025d018c160a2a71201a2e9a793958e6d8068283c2e65a606dba791b,True,0.4109424304478779
S1,12,L31,909456357231441261,f6e58ba303166fbc0a1fda3d828336aed74e28ba199eabd2bd8cc5db1387b550,True,0.44369557398596715
S1,12,L23,4754132803594738492,c2a5c0cf33be8e4a0f75fbce6b92804b32493ed6043ac567e297de33f6ce89ed,True,0.47594055412307434
S1,12,L32,7984981384096113606,c221f6980196120c61c1283e653594a692873fb36962ea7dc9ea0bae6c963622,True,0.42074573936915804
S1,13,L12,6074728153236672255,e3e4dd8744ae53eb8cfcdc605710af5a52fa145f4165d6b2caff688cc0a3a629,True,0.3945088454717427
S1,13,L21,2700443822852132861,9c7c9c1a54fe13ed44b57757c16bb2e0b9d614d78c9242806f5be42accc28c53,True,0.47452827797186037
S1,13,L13,1399435165608371804,a1a63c23ed7053c6b15a4d4a16663296d88e5574bfacd6f89f2729e28516caac,True,0.41143840365026046
S1,13,L31,8712250545512537576,8432187cb7e40d0c637a03bb50582493f5c9aa5fa53ec725714f757bfff608ff,True,0.4438091834593068
S1,13,L23,13735356417173937670,226712fb3544854e3c77237155299e493d5845e331c3afe4b3a7789d2921a40b,True,0.48218311050651197
S1,13,L32,5856240183657881312,33cc67c716f3aa8a80b1afb9f40f2150a29022be1581fa9b19017e572d835651,True,0.42414114636053696
S1,14,L12,15674537404508573972,92ca53d3970acd40213aaefa5da15fd0ea5ad215310380c41b108a10a87d898f,True,0.3940259936282876
S1,14,L21,16591015952754130168,7dd79251dfdc9189ffe2d926ef16970b450b41c267d681c39939edfa0edcafb1,True,0.4712494858755003
S1,14,L13,3179597643509253262,4af3576c137a25072d850d2fc7c5a52785215bb8c9bd2cd491433fe27f9a7936,True,0.40912500871335705
S1,14,L31,341576158528095023,35fe407b11456fbf4bdbe5b616cd1fd57e24f1e22977c3b43451081246f38a8d,True,0.4345629600295079
S1,14,L23,12215910702055619738,bbd0a142980953b8b43dc51897704510d42446f04b140026bfc16d08778a9274,True,0.4807665405325611
S1,14,L32,7191870546738143139,3ac9b23945c0e92cb257708850a0b372fec278d0e6f071bc9da96b5ec6764930,True,0.42129378344821755
S1,15,L12,9207783377161840999,24a056cc35b1fb69b633753aedb75fea2aefc94cbc522ee6abb33432fa12e4f6,True,0.389707483033913
S1,15,L21,8729446858112834488,957810e48546125292ad1708c144aaabbbab46e84b252112d91fc662202432dc,True,0.47367905589093706
S1,15,L13,3031182998655374988,cc2d711f644697539828736e686b77b8d9430fdefb415000ffadb077eb413b7a,True,0.41139298246976175
S1,15,L31,13538040530272272274,46eabe694edadf38387b1afd2f2ea2cc213f29d439d823898997900d45a3e2a8,True,0.4393803451869767
S1,15,L23,6347163179468359393,c90606c753b144f82d13b8d5a13a30479d392a710f5ef16fed9ae895aad1e00c,True,0.47968659183707085
S1,15,L32,3108235323626809993,06cf2334fb279b099a36703999c1765b66dc49225f859f302ef7e028d1bd71c6,True,0.42424704037721134
S1,16,L12,6925651700933067734,70e068a21e07f19aed7a872a6ef4972772b9196692731620b4cd7b6e63e615b2,True,0.39395056989298294
S1,16,L21,17408513690239583226,e3b4cb1468e94f4dadd825768ba2337f0a364d11589222911b4f177711685a3a,True,0.48003964227668233
S1,16,L13,15908227053902889684,32fd886b7b213231c24249c69a259f703a380986e8016531a3dd42bc134f22bd,True,0.40558264201663896
S1,16,L31,11052621154586228177,bcaaaf14703241f6bfc3cfe1f61f925c66f5ee415aab60070917b85828ecbcdd,True,0.44384669363780566
S1,16,L23,17556703777599186013,25de46032e3c2f8e91fa64fbc8866277dcbdc817955584ef27ed511076876513,True,0.47920887536749557
S1,16,L32,11222601506159524982,d1b1224b21c4019d2d33467182e505266e3efe8c2a544ae5ff0311602e9fbb6d,True,0.42014836770301245
S1,17,L12,5745214900616062302,1580ebe70aef05d8ee6396c2757aee5d4e1ac6615148b2f0833dd0dc64589519,True,0.3885208658694205
S1,17,L21,14389686452773565279,714c4c0e995d4dc25da9a204c76de4ff42b9ecbb1b3325d66d37b814a328301a,True,0.4697329999363481
S1,17,L13,6501390432707029073,99785da24881e1d41659f0930b3b02801df44e7144de8234c4cfb2be8da56ac9,True,0.40363487872018944
S1,17,L31,5208035881562797646,48de605be80686f5cd5a354d4418e551ca9d00983e31c2b876f85dbeeeea555e,True,0.44272966574750394
S1,17,L23,1014209055768990939,9ff57e629c257341bd5cdfffd300e6cf4fafb9c983b5d032b13bdbfdbf180c08,True,0.4793827718452833
S1,17,L32,10296831321106716511,c0d1cc7e137061cbda908fef450f22ca8b17f029ce7ffc47e8cb76c60d54392c,True,0.4245922675796572
S1,18,L12,15663228069690686243,e0e5e8fb3d3d028015443aabcafd25f0c4bfba86c9e8f09e4c512522a9123890,True,0.39379903458785076
S1,18,L21,17633961652190132944,cd4e1aea5045c288485a9c50193f9da44f24a84b16d4c24a222a4ac6d16f43a8,True,0.47022923510367504
S1,18,L13,7692651554901906569,a381bda576985e79fe79192dd3a9696be575e38b3eee0d7556bf4aa03f17f2be,True,0.4089286345434188
S1,18,L31,1594423635487334833,61d36b3e92b76ebf6965e7e72fd3c207a0991a94414f6c0cd6fd2cf01638511d,True,0.43635725014173127
S1,18,L23,14975338261980652961,3a4408f47732014cb91229f8f0c921401fbce62eebb6c8d8edc00b9eae5bddb0,True,0.481169279852855
S1,18,L32,15729607505022841500,a8b8e376516b3378aaeb557d5d512ccc9fed1a637e4aa77f89ccee636d560db9,True,0.427547548353164
S1,19,L12,5411873404081617265,d9c52e5f8aff02c1d5002c73e87d6d7f425dbdd90c2ad600af93cd79321deb0d,True,0.3925400653861083
S1,19,L21,7742876269251455202,3a81a3c8e80efb3da689451637839053b9964a91072f392aa82319f491096081,True,0.4703098740092025
S1,19,L13,13731027591209422228,b6b372dcd19bd6e66dc50ac67b88eb234f19d595d7014b7ae21a48efdc78d6bf,True,0.40595331325795186
S1,19,L31,11497812571993330028,5c7f6192b31f8f9c0f74b5db23089b2c22963a5b5a35954ca8587741929325c2,True,0.4444790117420274
S1,19,L23,9510037478447033542,60d01d7c03f100b55f887a17e5e5a48e5e18fa1e3d39d108c995dcea4f714b4f,True,0.47476892363378836
S1,19,L32,8950016864636206913,e8fefdaba874646faeb16742ddc5d097d20e0ed38764122b23110df070768919,True,0.4225195831878356
S1,20,L12,15181097767059365389,e181e38860805074ae1856f73b73debe44224dd6edab36665e01ca7f44902aa5,True,0.39299754285922744
S1,20,L21,8374610479470323499,feab940348fa874cc9b73b97c4abdb6e80d944d8c8ff7545db3baf8ea6460b42,True,0.4727368390645258
S1,20,L13,8663005018262499729,5cf4b18b857886007e47bda713faf148bef9f1ba899f546aa4edc733e4d83b08,True,0.4079519275682213
S1,20,L31,4335019285790616860,e946eec8722d683d689a1adaead9c28d59162f7629b855245021d4c4995e0e31,True,0.44027725761567565
S1,20,L23,17787530095953762458,3bd7ca6d5c4fea61c2727380a479d46417d4cf44b74d2762f93c23a652ebdf55,True,0.47855791989576757
S1,20,L32,5843348286179550245,60e23f7e33f2ac1a3b2c2e2c8dfdbafc57af30c14b42854f4076d305ffbb1250,True,0.4252239848372521
S1,21,L12,8624840963063862573,0f7833924b1faa7dca4fdd46772557b93f772102ce4dbe18d84b8cb2a88b89a6,True,0.39323295712397743
S1,21,L21,6848378263676567588,26aadecce3402e0f0e3440c10a2a497f679acb1edfd99df3e355cc7dd5e4cbb3,True,0.46987434150650076
S1,21,L13,9229461011555330862,244bdbeca31d67460fb716fff78c652d85aaaf1a41f47ee0dc2c5e02f702ec33,True,0.4152407926542423
S1,21,L31,17781061832921248746,e981d46ef99f47671c46614d95daf1a2fe304f473b66907657ee5140e683bc6f,True,0.4367481408483199
S1,21,L23,15735220331730897149,06d9ea7e32e5ac6ee99b154003c02a716195e46268be2566d8c857a22a88d236,True,0.47969337353108865
S1,21,L32,15582357337940415366,e5c5aa1ac2ff4a17c1c84304271a941443b9e467742802f6c41f9e317fa2e98b,True,0.4261937341809823
S1,22,L12,2180175367899715094,c9800a163ad23d0c671a15d64867a4cec91cf70f69d63606b782caa65f9c0ab3,True,0.3901268611988156
S1,22,L21,666029214096619677,5c5b4d2847f729a3659dabf71e623b1054f6157aa6d52bbe2f0be5544bad79f4,True,0.47298196662853864
S1,22,L13,7006453971213730701,d12a633665a2ee489050090070790d693773bdf9ddb5eead2d3a0f328722032b,True,0.4099484008839431
S1,22,L31,6366088208394158278,5c3737360dde5804d095d5c689e771433355a401ad167a864222f9b619425740,True,0.43653073255177477
S1,22,L23,3409587474919651407,87119abff6713d70d50475525bd55105c91f9d14590d091d9b265bc43bb8445e,True,0.4741777478232426
S1,22,L32,5107328917129582127,8547bda014a7bf83b11881ab1baba3f31aa29559df59797f22e928945ee074a5,True,0.42228369643541974
S1,23,L12,194959022420555016,8c06410c27801dfb7148d5af0247ad4d1b5e08d8bad2fcf53292b964421f72ed,True,0.39422400515257616
S1,23,L21,6912634128083529185,0de5902e521c4b1235e31dd2bd6e72340968f945e3648d70f7c25caddf0bfe88,True,0.4773925881447834
S1,23,L13,5871532820933952850,ab02feb710d4bf31d82fae6ad97e01483c1e6811e82eff19fcc89dcb081cb6e9,True,0.4055686166428175
S1,23,L31,10095157443025785462,b42a1372e8fd0048a56423ccdce62383096ab40afe700cabbc282d678929ce17,True,0.44395957246710366
S1,23,L23,1481760970176986644,7cde71991f40a4fc2e187da795b26ebc7e96021f9fb6495b3a1cd2c55bd9f548,True,0.4840965403571814
S1,23,L32,11861585655237643822,6c69d0d7d2756086f9e5289d021f8200342ca6a0e6732aafe0f50ca4de7c963f,True,0.42369119284638723
S1,24,L12,5804668758381609801,fa08db867f034e1cad3a25fc16d61ca0d547da04d6f54f95d2c6c5d356bb4ec0,True,0.3869712261933756
S1,24,L21,13714354254368035388,1786f6e1a1a13cfc36d6494955e980578988aa6c619b7b1406f1c5f3877e51d1,True,0.47146207308652915
S1,24,L13,8237466451498391968,5fde23bc8bf59e7709ac001a97d14d458e82cb2496c2371128dcb094d2d4563a,True,0.411082599245934
S1,24,L31,6503215311416234667,d133e18e3813f1248bb600e980eccabb6a74172d7b6324a43e5dbf52ff408f6e,True,0.43699591870107857
S1,24,L23,1680017842034378,cedb909ef437b8c7e9a08d0b989890b0c050c1547f5dc00e67dd7d87cb84c76d,True,0.47760473894863015
S1,24,L32,16956025358524501182,2f6be7ca5bb7d87b53d59ecd3f2d1ac64c032124dbc1a96afe50d189f8c22749,True,0.42198580550957177
S1,25,L12,29389986367866106,bf6cd0dc631cd7169b855ae7f93786903bd1f49ca488c3fdbe2938f56bd6f98f,True,0.3908908927289923
S1,25,L21,16066210898137327029,e16fc9d69c6a4763ece60a8dd81658ca0049b8b33c79b2763838908791ff7a68,True,0.4741967714783509
S1,25,L13,267774796731143620,27cfd7e17093054376a20d339b3dd9ff93f2363ecdfd0fed289bd48a0c76c714,True,0.40923507307283336
S1,25,L31,9937056610088190400,bb57615ccde0a5a700cf9724a5b8e2d731af7c1f6f96ea8b0651ed2df0f6b4c0,True,0.4340810746192049
S1,25,L23,14079604873150517152,1562b3588189091f9c1342d073ec09ff3973bab7707ceb3423efede3534d31ee,True,0.4779625386348293
S1,25,L32,15244618840532017870,ebcfcbc904fc749ba14d336b30183ecef674cb9eabcd3e0a65b48e3d44702d79,True,0.42443079011821006
S1,26,L12,4510933282416350154,1f2ecf5fa038c8e686f0abaf6ec7d4192485de1aecbcb4a52195772b23aaca1c,True,0.39058855325448705
S1,26,L21,18353058956640343357,cca54a94c53c4433f8d4dbfe7d4e80ab2ce1fbbbce35071461b3e5e13985ab8a,True,0.4734013719806888
S1,26,L13,2480960999579784754,6e8d1861978b0d775572a5270d1177c6056b10f74ee4a7cae8eda62e16524e50,True,0.4090220493207622
S1,26,L31,7925641506262419336,fc11c07d493e0b94bdddc0ee821d4b7838de55e708af04c4045590737d3b2a21,True,0.4397722399954826
S1,26,L23,9656771519723651485,08992faffa7ba28b64860f245e73f470e6a061b4eda613518216c85bbc47370b,True,0.47496365631941834
S1,26,L32,4437384862102721919,4a20a205edf53e8ef0e637568918a4dbd486a67f5679418218378df24f6ddd26,True,0.4224794236948366
S1,27,L12,6701479066319935760,734baa119474acd0ec9d21d5c7068a4623aa87bf5b1ca536e3253d3b17b1b45a,True,0.38862824525299317
S1,27,L21,11460577816721099319,92b6e1125b6853be9803d45c32b6cbcb60b90fab45d1f5a39ee5b84509df2bf6,True,0.46733230390966346
S1,27,L13,16385892488065441428,1ec82a01ef59a53eb064cd0591a07fbed939969757e7d5d86f4245ec26e80113,True,0.4085963005412311
S1,27,L31,6929476932447845521,472312cb0b59f1a83e2de7cd0d240ca4e1fef3e9f262da4a308c35c5bf7b4ed1,True,0.44429333156639195
S1,27,L23,9327398399591181430,d40d1c90144c5a0999376f64059690de8b8486cf3dd2c5cf8288bbbe212fceac,True,0.4745566700474089
S1,27,L32,17013326332103697359,5a0967a6c86f12d37f439443b6dd8284222cf5a0dc55d0331895cc86607c2658,True,0.42668632210762597
S1,28,L12,5856547446621354222,a9049b1234dc424c96505f2822510e95b29bcd4e8d3816612631aba3601c7d1e,True,0.3922014477873475
S1,28,L21,4012403301674001832,c5f3177e2f5eb68a972daad6c7fa2d1cdd0aeb0f3a7367aeffc2c009ba5fc037,True,0.4718615262866836
S1,28,L13,15837906198236273705,ba94ae3077b1618690f4ef2c38375873c381baf270c861512c2d4036a87c1009,True,0.4089731816582045
S1,28,L31,8939759367137695151,fa625ab87faa8cccc05c3783830a344452e4567534368b0b90110d6ffcdb83bb,True,0.4436117682332665
S1,28,L23,4049828543443378869,45b1b9323a05da4a82553201b5c05744e2115a037d369a9a01c3187b9756e260,True,0.48595375279848424
S1,28,L32,1634993035561915770,d3b83d5b3cae13097e269fcb53c8791e0d525d0b00e50577ae150c58b1683e44,True,0.4209361974237264
S1,29,L12,5303482821864285862,30cb2a520587081f57c9b72fcb3e05bd227dd4b7de45a0b4adeca0291040fc0d,True,0.3903852549821708
S1,29,L21,983869408460968689,12fb5ce69d0fe66f6e95ee2ea120e4944389de539da8300e15e82cfec8370203,True,0.4740730406667912
S1,29,L13,3633776219930692108,4aa72bafb7b7d60fb6f9c7716998027461de0d8e726319c02abb88e43a7f6478,True,0.40373817747353313
S1,29,L31,17584005000584993704,63205f8546934796beea2091a1e04a2d664d1cbd74ed949cfa1ce79497dd6f51,True,0.4469320394746322
S1,29,L23,6658400142453607838,0474436442c59166ebf96407a25b1f86c30888ddb4555d9f3db0f776c2efbd9f,True,0.4734371108286709
S1,29,L32,14411643964667501286,1a65202ccf3ef24d3a864fdbe5b644c66aba390b8712ddc5e5b3bb9381fd706a,True,0.4283323860747992
S1,30,L12,9334440303132970325,7da5221db1e3fd03beb5c0f5683217b34415cadc9dc0a4de2d076b102eb960b7,True,0.39190186281922346
S1,30,L21,17608378250518254476,24c3abacc18fa39fef251e5a9fffb3cbb6b387c6e822026c4732f694e8253dd0,True,0.4739561310388662
S1,30,L13,13391037365642329491,c40dde61778abca7611bd6e72405d7b286cc3b09812107a744c8fa4010a5fb5b,True,0.40575061291078435
S1,30,L31,2671395753205247125,4f5ed2d7816ff1fa2f698226106cdfe0698690c04e894a695982e39177e06b22,True,0.44196929729067813
S1,30,L23,12875052548618172734,925b1fe7e0ec22588d95865411d0c3a6f6f68e02cc78c419e7613d81f4d7244c,True,0.4737382315436145
S1,30,L32,6940221830983366377,141c04f90865aafdae97b91855ce31680aead9ba61b37a739db19193589be7f4,True,0.42483448464272433
S1,31,L12,14012146016598842069,89925759d5998a83f99b394455723796ceb9619cdd56f7ec25a48d4d0819a7a6,True,0.38999026962435834
S1,31,L21,15417202895159437527,adb1815cc2971cbb07157f50bde02f84d464afbd9a0ee957607a23888162f433,True,0.4687201514299749
S1,31,L13,1948095034043802020,6d2cf5cc0be1290cce9261b2af9dacab18c1f31f4f8b93ba1fc1cf1289ba62a5,True,0.4114714899555147
S1,31,L31,15469877266525271083,498ff8b0bb956a087ef043dcf9f1b54a36989138b26c0e393b71ccd04e95e4d8,True,0.44002264358371834
S1,31,L23,3120103378772146995,3146c7ccb4ea64a8e09acba5fb486ac550c2c4ebe1db1cf448b61155e758ebc7,True,0.4828062349645946
S1,31,L32,11671445361571860881,39e3f0022b4db2435832728ee47a1873ebbce2f9a28d7feac70a60755794c257,True,0.4255168029474728
S1,32,L12,10933519792481881181,0ab8a1711912542c32ed81162de2e267e80e9aafb465553b2a2bc8c25afbeae3,True,0.3916431724853445
S1,32,L21,5240154261289469808,5250a79dbf730e631c31e442ecb088395bcf221b6037b4a8959a1838db0d730f,True,0.46781968430285475
S1,32,L13,18027563049445226684,5ad53d781b963c908b6fee49fd2666084e6135a2f83641a14f46aae0c58251ff,True,0.4019498210274073
S1,32,L31,2697587074831089313,98e84aa1b7379843c6dfa8361159cafc89b5551ce61a9540d603af672ca1f33f,True,0.44352808451919745
S1,32,L23,4522463510137543084,7a46b10d823be82c3ed8b3c9676afc15ebbdaedd06a5443334422dccc8cb3e07,True,0.4765301350101617
S1,32,L32,461099628488372270,0a9d7db298cf28464b5f3c9f6f6b99483c7d3429009b64158ab4770cf3eb1950,True,0.42326338799542756
S1,33,L12,7779974414548584633,0ac636e6913b9f2bba351634f2768c9c21234121c3fcc2352cba03c251148221,True,0.39058691166762755
S1,33,L21,8554770899829621240,0d5dd788f8781a3c37ede57a7823fcbbf927afe1aa3dcd4ff4db6479df1907a8,True,0.4712268493833718
S1,33,L13,301375871975244328,5b14ffa847f784fb26a226800cba858d0140c0aa194585bc6d623e76f6f326f4,True,0.4089320659810839
S1,33,L31,7735843989539670945,3e06eb5417c98fff0ac361069275c6e2ab6541a907623b74bbe734e92376a96d,True,0.452116752352337
S1,33,L23,3615704173373988651,f1f3d004a5147d2d2c5696ac3da2d05df1fad4458fc3789b239e770621ee8513,True,0.48097737747670033
S1,33,L32,5059615601308370243,485fb17c05a0920b24739d3e51ba7a0a444a071e9d6c9a088807a91f2299213b,True,0.42567735124958406
S1,34,L12,2646557952176515285,bac2f43ff712ff61b5d5e41374dac98d0a81a372275ed9398cfee7693b4e72d0,True,0.3887078695032877
S1,34,L21,14144823570243728915,8f003b7de83f08e46254ab67ac4d6ff7cc1dcd8c70d367a5f82857f5a0c6eb5a,True,0.4705500222270509
S1,34,L13,6935039736227038086,f84a7a247fbdd049a64663b01ee740002451775243608bc4bfd2864197cf0b93,True,0.3989227861214799
S1,34,L31,15273454313441862536,65423662d085731e967c5b3b5be9da801b2591acc40c1a18704f14f3bfadd2fe,True,0.4451598822939038
S1,34,L23,9513622026977776004,cfc604ec3d893d2641807a3573708a0aa12b57d7818fa4a54faaccaf71e9f64e,True,0.4789045527700353
S1,34,L32,14334917359085431897,7bfe3f79273abf811a44dbf24ad5ffb3713cda07ef4318d090b29815a2fa5ef4,True,0.42184605307269146
S1,35,L12,2940300405601466575,d25ef5d41cf33e2a22b3598ec5e7b3381a32bba1e99c219eb9d9209f171f9cf2,True,0.3890983028799557
S1,35,L21,13719143582376681075,d76a62ec26d80fc056530348c60725272094c16edc6459ab3c362d5256174225,True,0.471446323885737
S1,35,L13,9096802688387676019,1db97ed8a91b6475852ba6d39ee2d7bc0abd79c5283f7aa898ecb88e77edd901,True,0.4073910596354882
S1,35,L31,17024924077556653242,1c91b7865ae488143d047248053682f6e1571e75eccc8c540e4bfe7197cfe493,True,0.4380448074482547
S1,35,L23,11827264628241714088,4233757e6d0d28c013d65c64a77e7a266614741a2c9476598ad5d4b7ed11b1ac,True,0.4783391146467904
S1,35,L32,173846666885214800,f2ffc68b9efa316859bdd7279aea4659423266431d0d22d6de20c7f68e144d86,True,0.42500446507560424
S1,36,L12,6178464466872051230,86f8cef62ddd3920e060ade75630716dfa0f1db2da92b34c043976849a8860b6,True,0.38815762703110257
S1,36,L21,15706076054976975387,3b9b75868d6aceed0afe0839782fb06da34ca9f91f1fb7f5757b6669e5a2084b,True,0.4666496698440792
S1,36,L13,8773444954174401200,6ff631ffc8f2a9953087073dafb1cd0044ac834ebc3b7cb62e48ccb3195039c1,True,0.40734613064702413
S1,36,L31,1374921424421331600,d32a8d797e9d85849f549666daf281b328257867f7a6f60fc9cbf10cd45e006c,True,0.4432222949716034
S1,36,L23,1268885648891022878,140b5790683e5107c6cb01a92e0190bb2dee2cfcc82f6af1b45276977ac9e73e,True,0.4745562705262043
S1,36,L32,926732154929986495,ab9f8def0796e1abec6a4daa8128a91ed41a82db5f9b4161f35fed44b3884856,True,0.42782455437656014
S1,37,L12,9069695608762757996,ff98ac03d34b2dd0add0518c86939e1597c7e3dc1ddd2b7952929cc55a0e70a3,True,0.3952395927411224
S1,37,L21,5748059183680581157,289c0646f969139b03f396f307329d77b70210ed79844b0b422b716b6042e313,True,0.47389510177247335
S1,37,L13,10121652633304829397,e4dd6fe2870e6181a0f617fe43a140298a42a628c3c496fe48b21aa100eb1354,True,0.40928751464454893
S1,37,L31,7363069385267563276,d03f11c9789e434d419ff774188d2ad0bb48a173e08a631b9b46c7030e67808f,True,0.4369912454259798
S1,37,L23,3520275827778672568,91faa5ca6071d640fb4b26f33f55897f66e3639610c4bc544f724beb9374bcab,True,0.48425703880812604
S1,37,L32,4420011140417769721,f03017d69f6224b5391af910a22f795ffa3b52e32e190faf7650e609c38dd080,True,0.42749371169264144
S1,38,L12,17251661179173203068,792f23171464f86244653a2446f40c01a0cd6df234d1981a3b5433b72f114b16,True,0.3925617511895043
S1,38,L21,4477836693546601379,04cb6e4409781ca73a9732b70849c37e98aaf328ff00636f77c76f7c69c4d28b,True,0.46932425936789857
S1,38,L13,239389016384212636,59533f0d5a6109ae85ea5f14356c719212230f7ef270230e5f3c3895a0c5f492,True,0.408046773579445
S1,38,L31,18406197375867997809,814b519147cfea416e18a21d10ead6283695742c4856b5553e9ad8d9cfd068f7,True,0.43730343830897467
S1,38,L23,6392364887540455047,e2847d187a203b1d2e0fab3552c2fbf5576736836ee3e483725ae34f24c160a2,True,0.48242036913962194
S1,38,L32,4953896746338468580,ce5788f9a41e738cb609b5785349f554dba25af74949b4d2e394094b1e2448f3,True,0.42518041154863856
S1,39,L12,505817911598511371,b6669fd6520d6cd20fc029f05fd637249e24dd9f3f5226f121efd2a57ce31a12,True,0.3927138507583531
S1,39,L21,7253075299047322892,751a0c82955adf8ce9bb53ec4abdbe957b36f09ee775b0fd6a79c1505270fbe0,True,0.46931195318270236
S1,39,L13,11165026832332136417,c3ab2726912572fd04a7140f0ef3f579553af9f3d1e942fecc0320234d98a597,True,0.40077734553294614
S1,39,L31,591943551485182390,4500133df711b7690c4b3bff47eab099118287098083199b516121170271954b,True,0.44447081340258465
S1,39,L23,12933364035215027787,22fc2093be1cca46de9a19b52eda6b35602a0570d6616a4af7ccb5ff35647ec8,True,0.4720692861021426
S1,39,L32,14324301807450452792,20f23569f4fcea3bfe821411d6875322bd3334d355a88b179e17d864bb916daf,True,0.4239478962938454
S1,40,L12,4094953283177291717,121256f9293630a9ff289937e8cc28e0262783b62f861be7883669acf5153bb2,True,0.38918453286405047
S1,40,L21,7122229069741827222,06503c6575da98fe60e3c62dafeda7b23d09157976cb847762ff3e18e9e83134,True,0.4737559727607874
S1,40,L13,189076407922781094,968e16611c6e4f24b434cd715e2725a240815067846785e688850d857bace7df,True,0.4096102615732489
S1,40,L31,12256916578410476508,759aeaef0dc0f2924cf02cfe75a1dfe98515a57244a8f365b6d6ddc5f37aa5d1,True,0.4398680273702733
S1,40,L23,4090203480894360487,44bc9799c9291808ab373b24e0609491655c1ea1701dd3c00f4c561c7aefdc6a,True,0.4776617081789785
S1,40,L32,7989002158153189085,1cd4b374df597318d623b7cf8987689101fa408eb9c04928d08561daf31d594c,True,0.4265960254154848
S1,41,L12,14670740241121201313,801d185a0febf612e7ad2386f6417bdc4f1fbad5780e3593e0748ad06ca5612d,True,0.38960932281512595
S1,41,L21,5341228864665306166,48444be748e5cc820068ba6976d00012296c858dffb14c676c0d1ef4a072ea9c,True,0.47164570044187076
S1,41,L13,7801368533829141099,12a64d50fa70bcdc0659130fa89dd03565e9c88edd8712f8c1b4af79920720f4,True,0.4085430756531594
S1,41,L31,7267231567981155571,5718cca6ead344008d1cba6052178cf03958c86894791eeb8b1d1deeb70183d9,True,0.43953381009348136
S1,41,L23,1661468075369699714,ce664be40c5c0eb5a090b9f083a98ef2bc2a5ef42ff3bcb2fe4298205e3d726e,True,0.47523671562787423
S1,41,L32,6112415957982748898,277b4880f373b23af71a3f57acc017c2b3f95d06e5ad9d9d0aafbbac893fe54f,True,0.4259295944559196
S1,42,L12,11719703291498122372,5a97ec94a220cd935eb2b82332711904210120863bf0ed7747bcb9059e5ef22c,True,0.3927217706335914
S1,42,L21,823547765725443507,3564b8bcfcd9c918c5c20c272d0adc59d5fa234c1ded9a000a2dcf3e7746003f,True,0.47272475559863364
S1,42,L13,17635913182734587136,ea53554262c5819476324a0946dcf5b8f94201b7b1f1281adee1b1f4137d2d0a,True,0.40258258901247646
S1,42,L31,1473283816405323947,7a8c4268e458776b01818fec6d4bbda229d6e20fc1ebeb4acc065d70c2c82e8e,True,0.4413169285753405
S1,42,L23,13778919006769009734,40687afaac4ee12d84f255fdc79befda22bbff3e991532f8a6f565849c5e7783,True,0.47758777685399734
S1,42,L32,3309060370012662319,7e3eb37643ee4d1113259cc79e2692d1a98dc0e0d23e5531fb19239e932c2f46,True,0.42121433736047276
S1,43,L12,6828192822222785918,09e88abcfc2213eac1c4a219cad0bcf27fc70bed2d947068e36ab135a315d569,True,0.3915070678513629
S1,43,L21,2163944158789273150,2ddaefedfe31e524b3ada79d27c0c489753f424c022c2e4a1cdf861c3971c0c2,True,0.47606949555280265
S1,43,L13,380437137954954374,c7ef26f256a68324abc5ecb5ebb9c57a921dfb92495755f4c328c5dd72de77f2,True,0.4044866671454369
S1,43,L31,17157562044848863750,6ae81af2576c58f8addb7a56960488cb72be9ce3a4e541e0afa740345fa1f2cd,True,0.44421123849249367
S1,43,L23,12841098603118735848,e343bd4c77873a592a4a77ee93864673fc97b72d75fe71376be378ba44b983aa,True,0.47700173255026784
S1,43,L32,14861605499742785686,5074f8949754cff8ed985145ed4d3cecbd5812c607a924a8782050a473d04ac5,True,0.42179111175690803
S1,44,L12,8894143672024377132,b8d2356265365262eec0be47d5e76397b25d58eb04b23dd55182833f7bc0754a,True,0.38876681301206306
S1,44,L21,4683393979602433982,ec0d05a70229a74367ad80b0eb833ea0e9b9c38ce6366232341cf54946f53371,True,0.46556185466406463
S1,44,L13,13446539767422512491,4812cdbebb61d0cf1807b0926035ad5ce2732291f56f6c2e869f09a2e0023dc6,True,0.4076175903285709
S1,44,L31,16981043309558591730,38239a032d28415cecaf138858baebac4250e095c369ede2ad7bb5f3955e95e1,True,0.4442343475579918
S1,44,L23,7507444798667836363,6485b7b107447d47a5d7d34076903c7f6e0771b417eda184b9f057c650c49d9b,True,0.47375945516385926
S1,44,L32,12115390204521768087,28d4fdda6ef7eb8a9cbae313f9acba09859cd80c29bba689d7ceea856796454b,True,0.42205679003468
S1,45,L12,30095408358243218,118707f0032b872a4a2d34417f5c749f92d85559fec5d42cf1a65c0d1833f414,True,0.3932445470806134
S1,45,L21,16209374149999425925,79ff2621effb06c5cec6b0758146f54a2c04ec5d6a604a0495da7cd8043b3977,True,0.47444605869916134
S1,45,L13,2198805684396794171,a368c27732e8ed9b13d7d5fd0cab7c1dc42dcb7c214c158cc70994aa1d6e513b,True,0.41518718765952145
S1,45,L31,1887018036944935592,f73d4b80e8b15fd6fa143e8219c6e8266a931507f6f208439c131d17002c5244,True,0.4449110423453997
S1,45,L23,12872798229600181917,d876e2e637e904e8d84efa4fb5ab089014f7979af9bd392b28f43807919e8ba1,True,0.4738327766998535
S1,45,L32,15129688053398753718,a4e59056fb3ab39f99ce7bc3a0a8ab1f59fbeec2b568d3bf9362eeb02f3d6ace,True,0.42319134114692336
S1,46,L12,17123935896014149458,6e1d19966b844e309874bd90b8570baa9c4fca8ed7529860a048bcc6ea075fef,True,0.3918081953281808
S1,46,L21,10145425689256191643,a7f2eb44c0523333e61e31f63c5c10132982e3415346d9920c53087716c96c01,True,0.47180171264656967
S1,46,L13,7968377789806970575,a90a1c356c4ec5cafd974d0acc3070810a710a0d9b038a7d040dc68dd912e097,True,0.40630233727814574
S1,46,L31,2641514108408399353,97378965fd3f96c97ee240f245d2472b9b6a90cafb7ea3e08559e5a6e8cf6f10,True,0.44410263840765757
S1,46,L23,546285828566742270,ae6bbdae5caad1f4ac57452fea31ddd2f84c74646639ca803032b32c20951642,True,0.48104301679357186
S1,46,L32,14757040387147549232,7b583aad6ced0034ea8e6770f6f365f7779222cbe815efcead12121891f27d16,True,0.42346476274182565
S1,47,L12,6689680021122974045,9e0940428e55d6d8c2ed0b88ddccd7d2f454c6b297216c70722129b100911d3f,True,0.39439368778250694
S1,47,L21,18255499789421651248,07d957f951f07a3486df82537819da32ec5b74c980587a2ec6b7a7533c4ee9e1,True,0.46679319910945033
S1,47,L13,6200670504315861705,6b764d1bb3831f0843fad421ed92a76f5f696bba2964b10b716a3f7baa70de11,True,0.4037823750711468
S1,47,L31,7849177459264290671,7b3b2761b66b88872e2beb292074dd9c22afbffff8605f7dad355760d9a92a7f,True,0.436590108473474
S1,47,L23,11726402809342108193,468e09a658006e01ca683c187aed5488819a1e68a56173d869d38f1575f6f601,True,0.4808716980003469
S1,47,L32,17870652228060240325,9345a992bad3b7f4b14c11b2cb8bc2ba6a634df3b0bcf5b7bc851a8e20d126e7,True,0.4271906364072101
S1,48,L12,13166565119561203288,640499248997913e7b662a79b34defa1b23a89bf42395cc8101bc9fdafeaf871,True,0.3907950362719688
S1,48,L21,16177585862757986493,60e12b99e1f3653be8d337654a283f12ff293e6c6866fdc70faf49c695b13d95,True,0.4739044915237303
S1,48,L13,12110962325012428329,26e98b913b0e57ce948577d357585b8784fa3cb1e385f0d51396a62206575781,True,0.409681140092832
S1,48,L31,1655017805184910568,cf69c8c77eca134bb9fb932ff5f8194ca98b76d2dab5c5ecd52906731b392fbb,True,0.4338183261302282
S1,48,L23,3254038465197316833,22428508e51ba2cce95f47d1d205930b3637087db3a54fc3b54660a997ea25eb,True,0.48450772538283376
S1,48,L32,9899228183892287561,13c9785c3fb85610723e41b49bd7627ee3c87ae6192f0a37ae8cd90661bcb466,True,0.4241011807760828
S1,49,L12,1246493679942372488,ec44559c238a288d40ee6a0e8e7308adfd6a5deb52a692e2b5ff178aed4d0992,True,0.3905437551527678
S1,49,L21,3043301251291529692,6fe6123b84a9ee159dbb61766ec1f82c16632ab1ff2b921cbf88740f7da2ced7,True,0.47026145345308557
S1,49,L13,3234068068747687748,510759bf9cdea670ce92f06bdc05829a3c519a3ae02d771da4efd3711b67b36a,True,0.40091152489302895
S1,49,L31,14320890740766477143,0b864bd540d6e025bef22705f7c9e9a401d5451f37a5717f7f0fe65835c231c7,True,0.43585773553353174
S1,49,L23,5511206413461256500,80dc28a592d80cb98b73876c31f511b992920dd76b5390ee3a1379f1e3aec5c2,True,0.4790721694849719
S1,49,L32,12865953896441782157,f8e03c41f62c5367e78b2ff49d6a59be179cc69e8c5a0717a28c05af44bc812f,True,0.4195591902105518
S1,50,L12,17204350834238987503,a1df9405101f19258fbc93702d510830e5e5307a3fb403e87b42608d01bc282d,True,0.3915204675305502
S1,50,L21,3520521458173819693,55d82e2458357caa61cbea444fd9eafe67d0377b8d595e91a8d9ac4134b75631,True,0.47076205695444845
S1,50,L13,10988991168016046864,1278e9cb3d199be42583ee9c4a82b4cb793208b75df960374896f27031120547,True,0.41307787162707
S1,50,L31,4283803667720457299,d540775b4f75ab08a1ab1dc4f751ff68d5ac5467b1608af703e1d5d6c10ed4d2,True,0.4405809996691487
S1,50,L23,7678136190504555013,5f7341e8c065fe1a347620450f14d63df27be5d4996eef306a816979009e11b5,True,0.47610272066186604
S1,50,L32,5915765577120323043,8cb007c9bc5506487950e86052e5270481011c5d49867fe9036eecc9f4594cb1,True,0.4218805415160411
S1,51,L12,12284801032591070624,ace8d8f3ed36d275624817eb8c3f8b96faec93250d4d9ebb78798347906f1dd1,True,0.3925506214375266
S1,51,L21,3206772160238675179,b4b192374c071a2b9cef78ab6a7c5dea7ea0bb049f0a6d5a34e2ab58e0ce89d9,True,0.46696005500918253
S1,51,L13,3381035654227561883,6074745cf11ccb121301f7f40b0aef3c71a2f50fc0b68f3cbfee858b51c917b1,True,0.4127601246518549
S1,51,L31,16276252721716489836,36f56015f59a53663dd0a83250b8d8ab6190bc67ee13c414f00b99b34e35eb21,True,0.4385358715264531
S1,51,L23,506184913479348930,acfaac655abbc27ddd2303fc9098e43e964156ade69d9cc938690ee6546d870a,True,0.4799855899661156
S1,51,L32,2535838163602814449,cef48d9ea14c2a68444fb406487e5e94672a3c505af0b294dec23b0c0114562c,True,0.42179111175690803
S1,52,L12,6445467661931469346,2ac303724f1be09923c641398290cdaefe2df2dea5394b05ec00e2632458dbd8,True,0.38924590500960077
S1,52,L21,1974120267049549257,2e068f5569eeae052119d4fca3c2d3eb28fded4c9a18dc683e7af1022fc15a34,True,0.47470877937166583
S1,52,L13,17723728527202825964,ae75a31f6a4b40c0d019881d512fb6f4a3b88a151f890d844ccd39b6e513638b,True,0.4115614400298612
S1,52,L31,3724327924016255866,00e2acb31a5c855da2e9abf4e596d05258972b98fb84b5317077d4f5f71c5e4b,True,0.437924837876725
S1,52,L23,2490200764249623956,657e0f8c2b8d36961c08763346d1eaa87a1c9b6d0108a0a26e3ed66345b0c2ab,True,0.48198857882034196
S1,52,L32,1569270746537690961,f78527c6795a55ba61c8e15182b64e96c4e56c4422a203a650e3ef966fa9d01f,True,0.42662122776279504
S1,53,L12,14463880198690340224,0a63f2a94989302ca1a92ad2a769a6b624e7c92890eec569b2127faae133b6fa,True,0.3948860867765533
S1,53,L21,9634883133779584333,c41926d8dc4ce71094615e03d39ea07e1dc0ba90d17860f42a294d456c09e57e,True,0.46870048022298755
S1,53,L13,5144644183088033124,70134ff60596481428ae4bf13a002c89757781db6ef76aa3334081a9b922ecad,True,0.41502463049930793
S1,53,L31,17591868021865869264,7954a0bfd3fc944226ab410c7c6905bb92a28a54765fe2e31b9d5faf3bd7b178,True,0.4428302928167173
S1,53,L23,6038054872319714133,f4d23352bcd885c7f662b3447a6b3e5f5816cf498875616aefc536eaac85e0be,True,0.4740827663313574
S1,53,L32,9804511730670550228,a0c94b8adf5e7b0c4fe32b6c3b2fab0fef34d57732b096e577544359715dbcaf,True,0.4255222427497835
S1,54,L12,13308712154659914754,55892b84cbaaac7a4d8e05eac6c31100ab5b0f6255db53eb0115872c4022b341,True,0.3933623166905781
S1,54,L21,1846312768348184248,1d004c63b073c87a9537ffd6608503219d67356ac21fe4ca1ce712082bb185fc,True,0.47305799414948746
S1,54,L13,5312843285553396760,ef7ea4da4b030fa840acaa48d52a775e4b9e2c9f1a9506fc6b07082882936858,True,0.41011680204197587
S1,54,L31,3759802851940073923,529b1aaac81686373fa0c824fd7d6400c6ac7d058545fb4eb698936c1abc35b5,True,0.4380580281563303
S1,54,L23,8647409743480766180,d109ab1e13c3ca3faf5091511a7f2ac059aab14f1edd5844df71125637487c1f,True,0.475883418717628
S1,54,L32,15467336093590970708,3baad384ffec1392a5c547ec4df3228b2be2262d3eb1291192edd2fd6bbc20e0,True,0.4275785446946195
S1,55,L12,300259889422237628,b20820f252614225ca0b3e90da35ac0d52fc1d4b7203a74b32aecc6dda8d5811,True,0.3918529705975617
S1,55,L21,14138313289825003805,cbdc509ac82ebd9486de4692306fda8c4c03dfe017eaa0779ee7cf40f06c88e7,True,0.4710339341642527
S1,55,L13,16281628884381954450,fe6561cdbc466e2b7bf8f903f7e6ac316ec19f51da09ffdf3cf99b31c4dfd3e4,True,0.4088068816044715
S1,55,L31,8252016785786999832,bf3e3cae96b98687c8cfb39fa97b293a3ac6aeaadbeff68dcae1650d357c6b8b,True,0.43595724253900486
S1,55,L23,5344403300501309803,758a3552a99276652b45f761580eaad30b451fbaf29d6d031552d0adaf7e8925,True,0.4720308199926285
S1,55,L32,2739318929471064003,d565e4bbba6eeb258509bc8dd0be7d11b1b6f7062d0069ccbf4d1f776bd8c524,True,0.4238512270285999
S1,56,L12,7732813006684957090,dec582ae90df783481e292e5e57881127b3535aea621acc2a95b6e1f55b57b90,True,0.39385832145049915
S1,56,L21,4488752534316028964,9f601a4ef7682f556d36d44b1580c38a71b41b0a366bebff875e7822451a0ebe,True,0.47279223016654304
S1,56,L13,10120157362109917293,709245cb24965f44e2bc89511a420dd9cc80494fe8f58057af3753195e4c5dae,True,0.41374736148197755
S1,56,L31,2205782723211796943,097f403ed5936c40090e13f5f8ae532e009f70eaa3659d04372b8f7872b366e2,True,0.4389819465357453
S1,56,L23,13437079278520977500,aa045f76fb931343521447d0ae24285b3ae0a5db59a198018e2a4a7e664055cb,True,0.4722104646170171
S1,56,L32,5905379504626644255,b691e93801de410efc04c9c19fbe686f01847fd953ffe00620f87e239477f209,True,0.42845293011199836
S1,57,L12,8640535553950635784,4cf2f81b953951ef87ca5984026658c239e7ac486143828a59857af25431b345,True,0.39458006015286656
S1,57,L21,18235034516055632690,3b2a82dc965cc5fe310857a6c8f7b795a2fbd3d960c792454af8d9a97d16a544,True,0.46587578414790637
S1,57,L13,3554433904570301052,c80affeb69be0b01288314e93c762791705366e55131856113f2cadad1d66820,True,0.40656435853334894
S1,57,L31,12234545481619513286,4c304217e33a68835730e10207ed88684e9fcce1ca0041966afc2e2a08383bf5,True,0.43775567970478574
S1,57,L23,14732620859674031441,d50822fd3513eb496a608e06f18864042dfc923a768a8fea4439230b3b3cf196,True,0.4726463665383307
S1,57,L32,13619711932856636452,3153710246c4720da7cac96cbf9076462611440ebe8813d4fce8999aa9348094,True,0.426050061244113
S1,58,L12,11355106369357209701,ec785277341f8ef83f51b869656f3a07b6b95d52a557c74a82009367739e0bb5,True,0.39187397430183846
S1,58,L21,12789481641993681176,8d511548fb3f518ab6ee085aa8ee0c8e416ba6aa77191dd3c00d2d134d469ab1,True,0.46992266939518834
S1,58,L13,16887268314269494089,7c1b7b7f9a0a7b9bbe8123b7d620e28ae2626063fe6658410a4101e09ec23e37,True,0.4064777402128924
S1,58,L31,5725679274284444964,54f511bfa32193b8e50acdc157f77987f2c5c9d7bde683b638c7d5b8f267b769,True,0.4374821520172095
S1,58,L23,13351286276518610026,8598622925115a1acb731ac2a431e9570a96d4c7ed4424a028cd6fb73b6a64c3,True,0.4732750039548202
S1,58,L32,15074528619777797458,df601dd3122ca709a8fa1bdb2de8dc5488c17ed75821eadcaa902b85340d1bd5,True,0.42431346177483664
S1,59,L12,4962297999479292998,7657703aa4a56a2817e498085406e45807b9e0429eb4c9736bb0d9bb86579157,True,0.39429984913142446
S1,59,L21,18254355348569418966,6ef68a83b650bacb3b35a1f563091f536489d42a3fbba829f49c9963b3278d8f,True,0.4732431715550222
S1,59,L13,8237069895873776113,eda8bd4180212b65498173bce5e1fec1a4a619c95f9450d8701cda19183eaf78,True,0.41193208652678653
S1,59,L31,11338620487623143948,928751078887fc86b65f8b6b679b9c0bef481c4754c2c1cc139d798eec269cf1,True,0.439639359384161
S1,59,L23,7275368379467452089,1eed409d2e036e5c11e03454c573b41f3a3605a8a0f3b100d964b9ae597b49d9,True,0.46914510228307715
S1,59,L32,3091915345869699968,ba909c7ab425cca244d0fc2521bce8d9fc0f43a900ff4a3db4c6fc3b4ea34e89,True,0.4277165817639217
S1,60,L12,14911629412652646803,a8e6f6de1648cacd1fdf9804c87accd9ed34dbaa25b99c74c85ebb66b44b6570,True,0.3936690677330875
S1,60,L21,12243421368487075420,37d0ba839763e0369fe36bcfd2d6f261c223fa64e70829adeeafd99a2b3c8d3c,True,0.4737865529378969
S1,60,L13,9181994539818958695,9ec1f48be561a236da854c4cf9e581101766838e707b4c9cc9da897d42b48cdb,True,0.40221544358496536
S1,60,L31,9291064808194441805,0bc1bf03f2ddaa7e1e04ac6208002279e8cb03ffbbe9c6558a078333ed106456,True,0.441764971712276
S1,60,L23,5770277580440351340,389fb09fe2220ad796306b8f8f55fd9f0a7f5d4d4f98e9bb820523577bf664ef,True,0.47522046156043973
S1,60,L32,13687359558524595056,3b4c1813fce8e1745f2b966aa76577937305917cfc86a6b13e275daaed11d6cc,True,0.4224006769911817
S1,61,L12,18067145648299549000,beef35b33e7a0240b2293e721085143142e08466bab19f180979ea88bcb3a5f4,True,0.3909497258161798
S1,61,L21,8863680246986819165,d7122b13dd0c08a3bfaa8499201a39b6ecc84d024ca24527035455d21faa0364,True,0.4629201541300238
S1,61,L13,15312086071956691306,5982657722f62e6decc4be00a18f0badbc47c69c1856c7534e435a103e62e4c1,True,0.4031956445709455
S1,61,L31,13282433357726983675,34bff23ebfcbcbd3c0ab917cdfb3cf21d7c5b563e9fa9d4515b7b7a92d7b25c8,True,0.44534337259979595
S1,61,L23,9837936659921892087,60456d0db54a69d23cb267471700a23816098bbf0628579304a42875ae6092b5,True,0.47747091453041335
S1,61,L32,11827222413561906596,d785987ecfc4cb9f00a55aa969b943a23fc4f897db326e5df10bf0938b31152a,True,0.4237638369072957
S1,62,L12,5330020617593956097,823d29ef4d48b813ebe62f4c682d1f940047a5c184f36b446b3ee202f1bcae71,True,0.3927151577662927
S1,62,L21,603775403834946550,fe889e5babb74d799981edd196cf28ec0cab885d7278b45c93d8beeb56439add,True,0.4714253780487581
S1,62,L13,15149658538247509111,db254749dddd09c3ffe1d59919be4a2865373739fd965e55a6e1ae3871309d45,True,0.40866941731387413
S1,62,L31,12449721196211686036,21c52a9ef88d5bba373ba9e6c5c6d342417313d5be61ae425c9a775168fecd71,True,0.44287229707573167
S1,62,L23,8519497696706948412,0877f2708b88a8db2beceddb8541a7ec2788cdf8d2096e29cc0400a6b616d426,True,0.48410430895595813
S1,62,L32,18346473926739275493,97958a90974fd9b84a07e02cb7e1fc9af268063a8fa8c18cb764deceb192c35f,True,0.41864313583853396
S1,63,L12,4429061709935413667,bc17f026afca83d1f37c3b69fafe11d8f037692645e184866f60ffb30930fb0f,True,0.393499728331105
S1,63,L21,12225378628713312110,e67096e45e03418c2f47074898cc3bd048af2e1961c4a38289f7a5d5ff95476c,True,0.46797034157774836
S1,63,L13,8668977298972757314,10344700714383591e021ff5e55e0a0a649eed118d2e4106ca392fda411e3bf4,True,0.4048994807809385
S1,63,L31,8245995009333342787,a217046c7d97d6f7dd54958a03e71de6151382bed38008140403ed92553c31ba,True,0.43309939225319616
S1,63,L23,7302084958141087041,daf41f5f0becb84ac194b416f80c25550d5b5d86bfa3cce9764850ec0bb6816c,True,0.47667291768666503
S1,63,L32,17297425736363609338,c4ba39ee099fa4d219c45a909ec09de44cea893d453647886b123874e8159925,True,0.4178143674379313
S1,64,L12,7951243626373300116,d22f4d8ad7cda667272e05a51002a6161d26bb1c2ff4c63efd25c6be6ddd4ab5,True,0.3925642084055925
S1,64,L21,3125302813852522232,0bfe17da645caa98611913a21423b5ed0f1b451e1f1ec848b5e38e3904dc017f,True,0.46747892219352516
S1,64,L13,9721995745956940136,315568e78afa76f39bf6213c26ff47843e7e53f9e54a6ac8779e627ca3439e80,True,0.4081582358313057
S1,64,L31,15141276460338712272,ca4b64d1dec6fdc772740d4eb70ff20b79ffff3bae4414df93f6ffe65e83e87f,True,0.4418078529632338
S1,64,L23,8128126914011950597,b1746c70a955f3ec0c6b1e65775df8d7fd22e9cda8368e23ac70e78748b56a62,True,0.48235729412445094
S1,64,L32,3906718683228576069,fa29907e508b77f936d5b83876b51aa1c7380776fec0eb9a5283ebef7a848d82,True,0.42158384980994273
S1,65,L12,10528674780578314137,d6674acb2908ace10f95751b64e0bd7878e81996e99b10fbcd1d172e0339a490,True,0.38909988280905045
S1,65,L21,7896622533162325598,b65eb94c5d7b781c50e61dcbbf3fa351bd3bbe56f7976188109040311acbb9ce,True,0.47134678337078595
S1,65,L13,9173808319028030120,36a489b45bd715bf46c1400ecf4bf39514bccc705216e0efb17c22ec7bc681e7,True,0.4079216630479417
S1,65,L31,2055461749114182995,28ca2a7692744954735fd4dc996fb257874fdad65c83fc28402038ff61fdd244,True,0.4446919044018928
S1,65,L23,9721223548212889432,001223a433cfa56d9a69461991477c1e9a6d4a4258f8d30b42246c5c84cd1949,True,0.4750693009008752
S1,65,L32,4196408676466042407,f2d793495bbf2f269575687548f34275e0c8701600b569b78e7bd927d6d8bfb4,True,0.42530661527987096
S1,66,L12,6178420303359608014,413493fc181c42425603660585e3c5b6848b6ed8f19f89e1cc50023dc7b4cfcc,True,0.38924590500960077
S1,66,L21,3940710268267884761,dabb59f605ed781ce375d1c58b8bf6be0b6dff62939065b55bba197b59f3f5a6,True,0.47122993038097327
S1,66,L13,2142095318269347340,f5568abcfec5ab15b8f8f35cd67d70afab499b641c80f0fde2f3dd017a3abf69,True,0.404890545195539
S1,66,L31,11107721730381722605,6e5f6e2788946eaa30c69406452ad6c92d6f0b6b10323cc7cd2aa74e1acecdff,True,0.43798253839245277
S1,66,L23,14112404416272561281,a4e2ee2e77b7ded544dee9dac74a7fa0730898e4f3c39ae98e320353c1fdd4dd,True,0.4755005357206131
S1,66,L32,17748884071410862932,c547bdbcc8e64b641f7ee24d46441fca09333d23fbf3b66e2a61a4a02db9486c,True,0.42097301257298203
S1,67,L12,17543358523559507131,9c4155848fd0cbd3dba2ae2896d24b1b879749599c70f1f45c9c51893a84a2e8,True,0.39262289237525183
S1,67,L21,829718478880933127,8f5f9f315a6de9c034b06c63e94a3b32ce40eefca22b657e799d4cf757c4ddac,True,0.4715803258985368
S1,67,L13,16049925720077677406,bccbfcf631f6f61751c474e9fe772fb60c8ca6974eb5b24a5eddfaceaf4c09a2,True,0.4077961780987211
S1,67,L31,2891011090289503850,04acff4799e71308afea251d0c87dfb8da97cccf02ffc8c25b393afa4a06a599,True,0.4465674289672055
S1,67,L23,5583631574748151766,0ba7c1a6d8197183e428e7ca55257239969d2ad7de57d1426c72a6a419d96375,True,0.4739303020111954
S1,67,L32,417076197362874638,eb008b3b731bdf82cff601c420a2e6ed449b45f2fbba84fc0a696b30350b3d1e,True,0.42227106306944584
S1,68,L12,2082942310468458200,418c1574cfa1501e1affd4b2029ab3aeaedd2c95d6d6f98a4bbded4146c1a562,True,0.3916023593427427
S1,68,L21,3452557744850084348,c39e9d2cf9a82a088f6a30e5176fa1ef3781c3356ebcfcd06a4b012e9701739a,True,0.4709014522353982
S1,68,L13,14144005135899423842,1cdaa809c08b1c50c0b18f09cbde733bf05a552e29e2b4ea473f5175dd8f77f7,True,0.40548901030329393
S1,68,L31,12915804784132013939,cb60b589384c3cfe0cf3df9d7169e64129610756ad893d560aed6a3f1c014e6a,True,0.4431886480691488
S1,68,L23,2748506637531762841,d14d2792181f7d4e99de7c19b1f70bff1d98870281568fb9eb89996d5f08194a,True,0.475919767171826
S1,68,L32,4409308468805506600,2d7fcdfeb5ba6907b2dd9e211c425fabc2bbe5c9e44bb3859b6bb7a795880d57,True,0.4239480938136977
S1,69,L12,6301682670015640099,020d2af960fd6a2a5fdbbce2bab33eee9150e854eaeb3ea746a800ecc6d48fa9,True,0.3923367235376996
S1,69,L21,1885913164091649406,ebe0bb89be40be37fb95eb8618dd8dc8d9d94e69636b5173e06c94a15249d3cc,True,0.4747573572131736
S1,69,L13,14587334941767040655,46ebef3bbca87364fad39729115483548d5de35f3e6d61006c0db6c1188ba8a1,True,0.4138437808880617
S1,69,L31,7687486206321867885,f885b0085c0b6d847d0c19e2c14b0c4e0a18e97e3b102c42f183ae8ad3c11e2c,True,0.4382239820989243
S1,69,L23,5213295494579582916,86c613ba343f52363d409b37550c3099295866684008e2a96b0322c53720a533,True,0.4769011326100338
S1,69,L32,6994971787738644892,47c719674b8de533b71283ddb306d41cf7f01339fce4bd2cd30cf8e90682993e,True,0.4241344384746403
S1,70,L12,298701797932148410,84d524f874fdeb85516ede4ab5d96cb64704ea249e46c867fd74a6e951fa3b81,True,0.38879062119354546
S1,70,L21,18003107015909370327,a4e9197a948f7f69a5e9dc47189cf5e6f1b12a0dda707a41ed74f77707a382f0,True,0.46857480879082525
S1,70,L13,7934971942087301545,3a0b27b69b99da25d8bbc4d5df99511ba07f0ba49b4c113d4df37580ff69b7a8,True,0.41569980623027125
S1,70,L31,1255541864614173898,a6880ae4f8051ba0a4e17af9e2627f02f23c52b0aa62965e053a2d61744abf9b,True,0.44312190498824583
S1,70,L23,16414227410095218491,4743d58969d2d5fb97c2321513d48f4e7028990dc7cd8853878902786561ac1c,True,0.47818322656556134
S1,70,L32,5709120522354947124,fcecf12448b531227679bd92d5627d2ec7e70862389bb6c3f77b2dc44e9a1687,True,0.4280693123537619
S1,71,L12,512595484427339673,f4ed52f4458dfffd8578a1d0afbeff8f95d1a1de5787a3bc652b64114b110087,True,0.396854740521467
S1,71,L21,1380731507692769028,b7fb8d164aa637ccf4ef9806c85d073491b858893cee5a2e397ecde3b8d79808,True,0.4716003225262784
S1,71,L13,5534018331105125077,e3b5c12a9579f753f8a56c5eae6169b3c052327383652f0d3159e273f29520a8,True,0.41053942233992935
S1,71,L31,3139539843313584850,aeb1527096c250ea67684cebbd1a696b1022b152f8fdbffa2078999331166a69,True,0.4357881901069327
S1,71,L23,12934259558620913500,9bd913703ea9b2f2d3107d87ced9e08c06d296e835fbcba9cbf1bf9c029dc6d4,True,0.4819248344098387
S1,71,L32,13241000855442404667,a9b42d3c87e8fec26bd6da39b7245df6d3b374b813df628f301d99e4bf96b347,True,0.42463902342970306
S1,72,L12,6251012092667640140,95c2cf10e36977af8729b0dba5a70ce3522d6d28b6f653c9f253cd460037860b,True,0.39001039874594756
S1,72,L21,18147661747555495111,d2e6aa950de1f8b2e14c5b6506fedc3b1e36e6b11005f03510665eac85b37ebd,True,0.473279930155183
S1,72,L13,6663337352633584082,a624aafc01f5f367eedd1e96d77a80833545b1a9ed3af360f4c4ccb40a20504e,True,0.39809316556737384
S1,72,L31,5359506231663709651,522e2fbb0258e9ea684b4f2677cb8f01a6e1757dd4526e45dc4047a5cee75d51,True,0.4433455433418625
S1,72,L23,9007053470553899980,a2730836d093794e67f7cbfb4d7a8294d168165ad0c9cdb967cdb468200159bd,True,0.47686377264881935
S1,72,L32,6349766205669058285,e1d892164db78993dd660674ec3fe24c9b26b0a97313d93f2182901a88ad2b1b,True,0.42508043503763926
S1,73,L12,982430821288334180,f8e5f8a6d8b0450b30689db96d837929a5a726f8c150e6a316b37e05a5d1628e,True,0.3886244469050604
S1,73,L21,17441967646877007762,ca91e43d70624636a7142c50228bf3faff1d3b131450a880ff47419990941533,True,0.47493651286355404
S1,73,L13,13444899865528889271,568eaf38b837e2e61b6524d7cff517d8e35378af53747a2a2fd68c83e58452d9,True,0.4126251259712993
S1,73,L31,17870276328285051340,351b81365764018f51068c9c5a001f6f86ba949cb95551b066ed82fb36a68a6d,True,0.446302696890599
S1,73,L23,12412301864709292020,1e43daa9146f1a6a54980321aaef5c3efcfe98001b8eebc87e78a63a312045ff,True,0.475479246215159
S1,73,L32,13707246776554355442,72aabba17bc5a393d9120b1e1f50dbc341bec49cddcc36c6e0a6f0fe6e1cb0da,True,0.42516992503370754
S1,74,L12,9127467445901056834,6c3062a172d334a06a2228458850da4b019a9de594c8a63f31b9d94623f4d4a2,True,0.3910936452550562
S1,74,L21,8771271625494762526,539f83e758ac06f944fb383f5e5bbacbc7721c3a8bd3adb4c279ae500bb54836,True,0.4726847982026924
S1,74,L13,2597379758842492436,bf16b2a8de4df5531e3abd84c553415fe194fd759072cbd90fecbf130de7e151,True,0.40964196712516016
S1,74,L31,13241164289376094952,5ea7c3196765374be8d226bd31be8a4c287bdc1d8a10f08c7698d36a63150af8,True,0.4392935328733728
S1,74,L23,15448264740979693502,6b1b55d21289a8e7c9a66132dec217b0fe03861a693c06acf2ebc9c9a5e6b07e,True,0.48567683576338905
S1,74,L32,2244659317903650501,214296072ff7e2f83cf13694ea1b51de2e594d78004e76ad057c9ebfb1f75ad7,True,0.42704458436069315
S1,75,L12,7446224797201629491,e14be70a20fcc88036eb59897907ff77a1fa6d9d441bf27b35a9b485a6a064a0,True,0.3940856073779484
S1,75,L21,2435650023358165593,e559c1b221633503821c7e7d115bb921762dc8d28a2396b70b85f02d59a0ed5c,True,0.4666424431274476
S1,75,L13,15001579150949264221,0c7f47ec52949a1cd7fc895b11ac85ed23bb654e825755b89c4ac6349b432315,True,0.4096764707899689
S1,75,L31,2152954446262685089,0bbe53b917005c130a9a8d1cfe4845f4bbf621945f639e69aa0330a177312dc2,True,0.4496366350032305
S1,75,L23,10845049633579294845,6cd27afdd3128e85d29ba9bcbb9157a5fd420856880e3f8be7cdbd7f8ce20a54,True,0.4754841685923126
S1,75,L32,8031722032502387118,8236948b3757b87488421495c7e3312338f5f5f0a2e25527a3123a6edf291507,True,0.42733327567604257
S1,76,L12,15231885816551722107,b3028bce3b1d221828ee1b3acaaef3fedc91d66704ca736dea32739cf30458ce,True,0.39094330555385765
S1,76,L21,16152116445938011607,c6cd569f641162ef6d46dde7c973024a0d705649f85857924be19eb20ff9883a,True,0.47141769325611066
S1,76,L13,16633587932706145545,32888cb12d72b848ceb43711ca833a053cc5c5a54a6be597051b3d7922f601b4,True,0.4086175044993993
S1,76,L31,11123913645814157290,739baff190db47ddce7a88db6cf9aacd654a6b9beacf7b8da362d458bf6dd173,True,0.4417418799509847
S1,76,L23,11919994825144644638,c9056e33c5aa39258c9eea86ae235370894ab853ce0170e3773dcbf3a40f202f,True,0.4745738601466371
S1,76,L32,7742897924129641921,0c9a07ba256c17b5d998132204595b3552c2adcbb8bddc39c7e584a88864da92,True,0.42562785921507973
S1,77,L12,2939320188733001372,5365deb974b6f23586ed1b0ba4250acd21ecabd99e63e1ab646029431d88ca71,True,0.38837474204718697
S1,77,L21,8937691430852228525,18f4d8f6b4ac617466748713f0ee400de8a0a7fec2e40245fac398ae77fe52aa,True,0.46996263458504417
S1,77,L13,8952176641906340824,eef2f5c67681234958d79c3fd4e9e82c9978d443e4c7ea8203a9abba655c3531,True,0.4081742576108831
S1,77,L31,8554305592534686330,f1f84afde6d8aa9e49441f3d59393c7c83b8a0cc0203fca3f6175089e66b6ea9,True,0.43950628899965016
S1,77,L23,2375697788467975062,9ae1b25b0d2603fa317e83c0d9fc55f4441456f9a6d00b8e914298fc057bd079,True,0.4760802321506459
S1,77,L32,7534350988942905008,578cbfe490a00f38042eb5d97515f784fb2614b96fbd1cb5e10a9d691ea7bbf8,True,0.42725958723386503
S1,78,L12,4697614900878903698,18403cd3eb10f1f52b7adf3e26962feeb942415017115a49febdd463786f33c2,True,0.38918681990143233
S1,78,L21,13780188942421185549,e469e95c958aec9231ccfb610bd2ed5aa0ddbdb4f7ab21b67b7990898a85c7f9,True,0.47167386175395687
S1,78,L13,15968042531059615906,e8da0beecbb3a71d44341c98ea3959c9cf1d1b77fb6ce595f26a77fcb9b3255e,True,0.4051957304822047
S1,78,L31,7806765807815769334,327c321ec292338d542083c9797c962e1acf1e3282ca55d82f7494ffe1798dc2,True,0.44302616783773585
S1,78,L23,16591965026801469630,f09047edf0c803f7c87bfb54c82602e09f5d5f3b2c0b01dc49895ee19b318fd1,True,0.47125495675616064
S1,78,L32,520793412119050284,53d25fa18865f4f0adc873e680a67595b3243c212e46a0513d0e212ce08eda63,True,0.4232241748144486
S1,79,L12,8113704056315590502,16bfb5581e985842f9d40a6886e2a26f0335f94ea3b5b64aa7ef6910af7b7f8d,True,0.39037460417915315
S1,79,L21,7534219798367301193,ee347e8097f586007905a3f52b6e114fce57b6ba1a5997caa7663519c7eedf40,True,0.4747943145411205
S1,79,L13,7616680573039312333,d32908b8c994a732c5c63631e99362d8f39f3726da298b3d5d3302ac24bc6fe9,True,0.4114148085990567
S1,79,L31,12657710314296090594,c26d3b3ce969ab0198a7226bbcf51ccad7afb16e1fcea7590710160b6d297c6e,True,0.4397312655862431
S1,79,L23,17447577848643443244,45afc736172bfa0049eb8869b6523b00e49dff763fc27f0af14ff97848a90002,True,0.47254923663774134
S1,79,L32,8216523849736366904,829a03f32452d67ff2258167207bcd672793132a28d0d7272ed7a60a9fc35b8d,True,0.4285252695879955
S1,80,L12,9695415764829758232,9ced1d8d6247b69c153fd46468aa1a2b2e65de63c41e9542bac70e855f9e49c2,True,0.3908364895754876
S1,80,L21,10081469826187309538,4daffe4cb5aebb1bca3f111ba412844d58a4511e7c24f4ef5757e00a13df188d,True,0.4702392268556002
S1,80,L13,3805871886855411920,4ab655f8bb8343cc9fb50f23cb064b37d88fe9c72c2eefc885d3b568ee756e05,True,0.4104180429909582
S1,80,L31,15709301302205941114,cb11c26a25d9af67fb093b3a3c38cc363b55f516522a0b1d29e1afbe5faf6808,True,0.4356302576882427
S1,80,L23,13662613698233526806,814657d7fa6e477b9d4c8f330a6bb7be33b1c5a42e72dc9baeb4d57ea3fe0b36,True,0.47596708903656004
S1,80,L32,11164918723517882715,6617aa9018aef031a41707df55de12b52a288fc6f094c3a6b94f7b333b082372,True,0.423694066857458
S1,81,L12,11795003364231023452,065df31eaa3c8aa1be8d28449089d2d2d592b674f0ad2cce5e58b23c92e7e753,True,0.3917918011952241
S1,81,L21,8595638603346020732,b52181d5109e0fc278f1d2dbd79a33ce150f3ebca36a29005c8fff7386003311,True,0.47385944808620134
S1,81,L13,6889710264265417344,edefe3c3c2683e118817eed9a4008204e0189c7a010050adff8d7d2c99286da2,True,0.40800141532566003
S1,81,L31,15082515183624176656,d0fc3804d677852b845e40bc46b71c8b519992ddeb708dfef5b1692344cd455a,True,0.44201030498572713
S1,81,L23,8545990638546014392,157bf90c6c084c570792e3876cbadac6e8cac3cda0cd44b45c7a348c7e140301,True,0.4709464841513079
S1,81,L32,12392730581719568580,4685100079c58e57e3859bc50180487be76d6309b2a0e19228fbe0e3f3d4b713,True,0.42310560429326655
S1,82,L12,8617609946602847676,e5e41bc53a5b7de9c64608b7d950ad378e02bb9198c75fb049bd65eaa2886070,True,0.3923617708710935
S1,82,L21,16051687232493429599,7d4d1614ed4b200d0067d705c06ecf25dc04970d1511f3c740adc1f66e2c871c,True,0.47593792504499866
S1,82,L13,9041961939332758735,44f2f39ba2d11330bb2aef4a8410ac46f2d67d8d4f7c9669745614a66fecd58e,True,0.41497098064294946
S1,82,L31,2123866375201896589,398cc424bf4448dd41e818d4f44ed59523a92f45b868e195abf99b63af32b43e,True,0.4396213058197031
S1,82,L23,1105907567648902489,f6274ffe56f014aa825acc718c055229faa30fa497ced9e5757dd498a28d25d2,True,0.47353498546011874
S1,82,L32,4364638628300694034,4a5c4c245bc8447c5f8823ea2bdebe6bfcbf91e388388dad8a77d9daf94fde39,True,0.41896203924696374
S1,83,L12,2749364989004226860,2f1b284151c92dcec2fc4a2fea6d3e266b7cc973a8cc84738074dafc59c44669,True,0.389707483033913
S1,83,L21,11450752403024992730,cfb31acd250977df329743d0a42e6ea0e60853553e8c40d82433f5f7cb9d35ea,True,0.4751515609712555
S1,83,L13,18087584631177096821,116e3d2c2938fe481217e1e67dd2d3d466d7aeac54c45e17f52ac5e06c329be2,True,0.4122205764511041
S1,83,L31,1021799079080123151,9869fa019779fe33be8fe44372226317995daedd414f24b7f85364f322fcdd53,True,0.44165714535761974
S1,83,L23,3205210507272243655,af120842af9db898f1528cc6dc821a8c91bddc27ed6ab005a680e2fec8f51080,True,0.47197250563723725
S1,83,L32,8188094890848259726,e96aa9874fe675171f4b8c706abbdcfabc3a327eadaa49c808f5988395e733f3,True,0.4276128520437303
S1,84,L12,2268416260072828335,f29548e423357f9d88bbf6ce3dc4e03948a7cd6ff3d95e08e83f9c1f6b9c61a6,True,0.3939845482738602
S1,84,L21,17573938383088112281,d5ab9b29cefce455ce7efc267075b17b05f8b4951cfd011f1240d7bb91267006,True,0.46812414495594684
S1,84,L13,6519528210844199197,87ab1b64f48db6c23d4117482bc3ec2c23addf7a66fbce1df10a564eb394ed29,True,0.41195300552975866
S1,84,L31,1905627589584381545,000ef39857a2d1978d260f55e21af714af63c4038cdf502bb01ba22630628a56,True,0.4456389049259986
S1,84,L23,610433559795855997,4a0082176ec01a82f9e1f8f4b2bdae8ec6c5ec57a4bac0469edb96bae3903841,True,0.47679624402862986
S1,84,L32,4629090875631334119,5f9dbeb70d97d8bcc3e2443091a782cb3cfcd08b0d569eeb1463814bed79d479,True,0.42407587098191035
S1,85,L12,3770993247540979440,a2ed582ecbcae6aed84255d9bc8caa7d3e71e8b6c574cce5206330427b854a4d,True,0.3945533743264539
S1,85,L21,1836939497405106574,aac8309f8b717aa69684fb72836befb262b112bdf8deef8a8013c34e038b8846,True,0.46798630056832125
S1,85,L13,12646177906969048450,73b8e9f24e9a0833e520f042ef513f1cf57737896c181e52d547a50d9ef649d9,True,0.4035188855857316
S1,85,L31,680321784115293573,9fc1d29686a623c3559bbf9e7f4db07a17fa9df8be6b45b21654a37163931f45,True,0.44227660451200357
S1,85,L23,14400482541185497492,d5b9c3b42e4300be52f9ef6cde9cf241a6d9ab784aafed313bcb84df8d7c2a22,True,0.47370894426930193
S1,85,L32,13280467692114066062,9cfa88ac4ab7b3b29293248222cd0a84c627af61890a82d1d66916c585cc8921,True,0.4223421027892322
S1,86,L12,12800428699462257430,8e2e692b649fea8302e630d6abccb13501e47d64520b2d06485a1133e88328aa,True,0.3901720424656074
S1,86,L21,17667838199798985385,c03ca2b9b3fd8d741893291a5827ec96eba5396e71d1b8ca22022ffbaee07a47,True,0.4702798520510349
S1,86,L13,17941119603485834159,af9d25fc05e40e642a3b748fd54686c1d59139dd770ba2c007b230a114d55ffd,True,0.40920782799744715
S1,86,L31,4436217488633311868,b4ba59daa5eb9951aae5edbc79230199cba7a8b5746224381e501af0be1ca397,True,0.43548992143649234
S1,86,L23,7206622171789391964,2f1a2746575c2b600a749e20951c78c23061f7091ab9f53f985f2faabb9a2664,True,0.4793971514954659
S1,86,L32,8277412940490748711,ac823f4d2950a8ca75cd43f7d95d13f0ccaa553d15357528d416430bd15b64ac,True,0.4285162634156339
S1,87,L12,13198832792299286351,e8224f7822575b0492a69742bfdf0f9cf8eb96d9cc47483c1eac5e03a7652d8f,True,0.3903637298540442
S1,87,L21,6393686941770718191,524bf6153a239b44f134185ba18d4745e80b858bb045c96117f91a7d6fc157f9,True,0.47052822004773187
S1,87,L13,14889604865629525480,47cc131048e74cffd568a102fe82b1bd733aab7ba1be48196f45bb9a5903d9ef,True,0.41250508440154393
S1,87,L31,3756759624590563848,7d47200e01971ed6e85f71887be7e57eef5ab70ca3d7868f179c751e2f1de7f4,True,0.43168313768236694
S1,87,L23,15640085845445156885,d84d7e49d59d08993337d6b67570f6476adb000e5fcb9ba1517864221d82eeb0,True,0.47514299087494494
S1,87,L32,8541956020704403322,f8580db021bd811ebd92779165f07f547dbfb14e234822443fd65f4b386c9d05,True,0.42153705475760267
S1,88,L12,14902912245801449186,3fbade31746167765198399cc6be7d20657e0f65ae14e3621f57c8505a84fc60,True,0.39230396108705007
S1,88,L21,9085540892059917188,618f66ce9d5e05b7fb83ff88be0c72e8ff9f8d0f3d370bc875b7959fba0ab153,True,0.4715118624199759
S1,88,L13,11447411079451607754,dc5438baeb1779cf2fb94ff2364ffb00afbb1674be7c457531a7845c1ac9f669,True,0.40892489227663475
S1,88,L31,4856043114126327485,243e40efec2260de9952f613ccb714379b1c2a7725d8754e08d309ab879be24d,True,0.435751419579969
S1,88,L23,7682962689310141631,0c41e26ea0b68743a347c66b1a8ef7c58483ad193ac35c4e44bbe2ac419c2e8d,True,0.4820337468319332
S1,88,L32,12578297023388460713,1fa66005ae5b59c4d3fde2844f4747a56c8c11176566f95a0106739216217526,True,0.42281056313486076
S1,89,L12,14730063192447925475,661ee9821c4c5bd8fae93fce214fb9dde240ea5addb4d141b2b73cfbff7707e0,True,0.3930527699975987
S1,89,L21,15745246973656846681,4ba4a57cc822e2ccc26d85d1fafd2a10439e1b20ae78a4e99fd362a1f0dd832a,True,0.47300520638000204
S1,89,L13,12134146787438824360,8817acc877269c89d1c53409cee32cf615102289a203627a240811564932359c,True,0.4114467342255268
S1,89,L31,12113862963460611718,89bcb97ee6c7629a5585180c1d3fc95192a67785f3a4ede9f40fdf4000d96126,True,0.43738694553889323
S1,89,L23,15971811175215768396,621bc7f6d70256062aa27b56064c0758de1b2f8bab2d94bd17e49fe19bfead91,True,0.47267354841429743
S1,89,L32,15676783516943439958,634e17fb6a8999dff78e8fa8b708d68d80668aed9d6f38c06d5875d70656fced,True,0.42377385071584095
S1,90,L12,4153730785373960888,92b28c97f71c8a503c5d2fa0d4abf5345270726be90922f3a0b8845097020540,True,0.3934181607359064
S1,90,L21,13876652972354153634,beb17a0ed393de9efa4eef82f388b3aebdfc63efd407e4a6996163e15d9ff280,True,0.47295940682338417
S1,90,L13,5106970609266249614,c8ca037e5dfa2daa64f9b238a31f3494dbaf27233dfbe911160f863f207f302b,True,0.40472152188070437
S1,90,L31,1165823254764105577,77c57582a1262a6f3520375979d9b82737764e2a80574a4b731f7a69a2549ece,True,0.4484146795416461
S1,90,L23,3210459072512964175,157052f9d5ed55e3c1b7ed38fc851496034103d5fb0fd99da88e414314385f83,True,0.47616082856066416
S1,90,L32,130001658621627042,94887b062b2f2fa5772c6622e7f67ccf8b6b89a05d89b03b3511f1004421503a,True,0.42367687886317124
S1,91,L12,4282466964287402345,aaf595a3c39c66bc631057d79bf8dda7292356d1ad61b0cc125dd44fade8a7e9,True,0.3912005752371024
S1,91,L21,10174512319390030113,5f52dbaaffc75d4eac3beebb569e695857af1230c6e616b721c2b7ac0231c678,True,0.480250479030542
S1,91,L13,6065370501158852378,8d01ea5d0cdc72cdb5f5363f63b554ae6c3b6c9b4f1ca4a77cbccf5b69dc2f4b,True,0.4054417984715304
S1,91,L31,3487290521880295923,589b84b7cf09ee34a18eb48646eea4fe7820c33d0e804ef8b4d992972b2fe53e,True,0.4416901833420236
S1,91,L23,9753801083404206982,7e82bed5286765e750d2d3bfbec4153aa6cb1995ae34e336788fb9b7e8d48cc9,True,0.47612039989752614
S1,91,L32,17529241513679907610,9e3edbc8ea99bb97d857fc7a405efd5f3a4988c239d6bc08468233651d8253be,True,0.42066902565415976
S1,92,L12,12281858136606327562,014159deab08d92db39e7f7c52fd15db66326ea3b6d8d37a86fe8dcd403821e2,True,0.39270979762445346
S1,92,L21,1210436705248266017,7acb86f15201d675ee63693aa2ce1047d893ebcfaef6f7243bb38ee387b588be,True,0.4722232594692265
S1,92,L13,2275826792497333057,52c27ba1dfa50b9ee10cfe624cbd84924d259e3ac11b5d1e66ca8f9e43a7da75,True,0.41403429767415556
S1,92,L31,9631520640139608119,0b70cbb72b31274d60058ba951747a8f0dd73d00da571abc5c3239216d0893c4,True,0.4408243690937271
S1,92,L23,15898066821421396463,5cb324f03830b99331f8c48b63bbdf3b8756398a62721d6e9618b7ddeaf30b45,True,0.48495810196960826
S1,92,L32,9512014753148896513,2dff0839e1ccab278599cd85f679e534a16e89fedde4dd8da96d11c9458411dc,True,0.42285964883984495
S1,93,L12,15218352184657768705,357c7719efb821e8fb27b5e984dd64f7b7f41f0b9588037a0cff05f8eb153b9f,True,0.3936307122583387
S1,93,L21,6667913848441616498,22be0ae4ae5dffdd3159aa0f151dd01ccf8441a2aee06ca1eabb6df64de59be9,True,0.4745447877789342
S1,93,L13,12556553209503034555,401af390ba3299300cfb21683594e33a922dde7f8e3804a373daaf35ee38837b,True,0.4043832186485429
S1,93,L31,11523513067289867254,858ced6021fe146959d59f3e3702d210aba4499ff8b6cae31f61f3d90e0a35b8,True,0.4484612972117573
S1,93,L23,14728146210046682253,775622395cfe0378f5f46b129c732fe06074e39baa76279c1e8ea1f1c4f7b59e,True,0.47619709142237887
S1,93,L32,12638361976798545648,4ece40a1100ac9070510806cc02d0b64bd52e1606de7d74b8d69c4a718188cdb,True,0.42699985806119745
S1,94,L12,3134390074047674324,f4ccfff1980160d5955e6dcfc092f2ef582ddb79f94ce9f9b188d7d3fd5f987f,True,0.3898137975062307
S1,94,L21,11288707869905207780,e7f31f8a07775132dbd55df59ad837f4e1ed6bad462dd58bd7f6c8c117641556,True,0.47444452454825303
S1,94,L13,2567579433253286347,a94b88368076f09aab73c95d4e598bd52330d34ae68b9901ac37746c7ceae9f7,True,0.4109611496608783
S1,94,L31,18148358352962431083,359a9e9205628d6b70a609af2c0a877d8afa08b5ad24c689a0616a4bfdbdaf35,True,0.43950484306398735
S1,94,L23,9210010009298297715,ec8c606c1f47f7c15031c7311e83032dd1ec6a8d2d35ed02ae143abccd0862a0,True,0.48237151311543663
S1,94,L32,17522842225505626778,67959285751cdfac91910d32ad7839cfff488bdd9ab59f490637c4b852d0e0f6,True,0.4257222280542468
S1,95,L12,6465128033560502951,deba761125b15c8657c541ef327d84e3cd13fddf1072b58b83b3ba3d5ac19d6a,True,0.3918478392352002
S1,95,L21,3928865666652157253,5fa5525137fc8ec7d5b34bcce3998531c89d7e5075c0a7f2e6e54f6b9cbea16f,True,0.466932787136029
S1,95,L13,16968823846291854438,84a22bb75aeac64f733a572bb06aa37124887e5f5e40a2f39d2ca3fa33750826,True,0.4031910276644255
S1,95,L31,12747185831716445143,dfd93c7f9408f9394ebca752893197e176661ab282b7f6bada8a2908cc18c805,True,0.436204608960632
S1,95,L23,8368351543090119511,b6d38e596876e8e166c0cc5c4dd59d787a732f5b846070ad96556bbf35e4b372,True,0.4792417078857303
S1,95,L32,5072216295610368007,c3ee37cfb70fe7c8a0e9b42881d443d773b77c5d07302211b71245dbe2877230,True,0.42452749403715717
S1,96,L12,971163579768500060,f4131706132396018a45dd8d3812447dfb5d63c9d59678c04759da4df1330c75,True,0.39193708895471
S1,96,L21,17578676978591346031,3c7853f93ac5779e59f241ca1804bff983628864975a1cf058182af52628f6ed,True,0.4710057899827135
S1,96,L13,13002240458831699610,ac66ccab651f0d6124d1ed573d4eec3562c571299b082fec496c3c2c6d6e4108,True,0.4091407279561897
S1,96,L31,5618513639374990142,eb562233a507e7fccfe83676ef82fdb698458247f9e3168b058cc856d0e4eaa2,True,0.4376677060033643
S1,96,L23,10912296172286900236,18731dd4bf406a1a440f7f771c312c8a3fb13bfc8ccd9c5ebf38e4e9c007b497,True,0.4811805692991332
S1,96,L32,12616634049978394148,cc69f4b9d7174e967988523a6412283889a40ad5cf6fa733b051a5c8a5e81e51,True,0.4249546062132066
S1,97,L12,1923663819673754976,f2a09028c0dbe18c48290e2fce9faad20cb5bf8b52abbd81a2e8cd18da208151,True,0.3929355772037098
S1,97,L21,16375249216857595948,31c199d7a7cc98cfd54280479497185806c8219b71d0f2955d4579a130272144,True,0.47144325911787943
S1,97,L13,12939609136970137071,8623079bfadc5fc49468de0d94a9603f824c328e1aeb515e814184d2269425bd,True,0.4128608662294418
S1,97,L31,15031030562270925817,e046db2e67618ad44453e74a55907b1eb9cf42c05cb8920dbaa0d3b59fdda4ac,True,0.4426097199864626
S1,97,L23,1719793382490567052,14fe0049c6600d5b86a5229a0971c12b17ef032b35ea85ff3f7ce240294bbe28,True,0.4800413263462717
S1,97,L32,8832821610650912578,8658ec1767b4552ca27e610d003e1358cd153f080ae5e9432a489a63c5543830,True,0.42583385859923806
S1,98,L12,8123884869007916526,b3f1b223614b6a0877e18d4c0f79c8bc918158b99f09600489dd97bd47ee8749,True,0.392648969381336
S1,98,L21,5117151538763377179,832e050c71bf72529390b521cc182be9a3f1478374f66a8735ee15ee09681874,True,0.4742060082046291
S1,98,L13,8706385428692053647,8a5b8d88e99909d225b160fb6f34b710ca96e37bc63d213351808e23680b8bb7,True,0.40234589089852796
S1,98,L31,9902943273732823877,f6854d1a569b9827851d8f3dfd817ee770ac393fca418a0d057031d38b760fcb,True,0.44035186462156817
S1,98,L23,5017317137892428560,0a7fef79f50a472505a061396252d9d190397f80fca9a99eaaf3126de507750f,True,0.4729495626877455
S1,98,L32,17141862120180342116,79a3dde9569e06ff17656f933863897a614a81260362ceb5fd391f9807af2bd1,True,0.4240630192164804
S1,99,L12,15706539183609998155,753ac0f4c7fba12e3a41f831403df481ed4446ce832754397f87acdd6a6ec21f,True,0.39439368778250694
S1,99,L21,10389372966626395767,76d43aedc95ef53a6499645163fa361626388ee1d53954f01aa1f4ddd84a8698,True,0.4746470979996402
S1,99,L13,6478867898010878076,34b9bd35447342101e364ed65444f3f69b71d3b43ed97a3cad2a9c875f030b24,True,0.4121057622083827
S1,99,L31,2285311038095652606,a29854a3a78349e1daaa57e787fd9a3257fbbd95595a55e56fc6abaa7baee9f0,True,0.4361936642383519
S1,99,L23,4410437739941068955,6add012be8d6a1b232489d556cf1277cd507a5e173ec3328e11f1f0a183f8339,True,0.47182430591366165
S1,99,L32,10612873346256328286,38da5080c1bd398f2b1a6185c28f409eb934e2fe4e817c4184b8bd1b31b50e39,True,0.4202345740093143
S1,100,L12,14116645824346916576,2d065278e6a5bb659faeab5592a66a23d063ef3c2768eac70f455c804db68fb0,True,0.397155490104054
S1,100,L21,17111700683173516726,94be03c684f66b97a9d716bd0b8371e3939b135d983b3a2179aa08bf46e082f6,True,0.47213740074251015
S1,100,L13,14596723247150950498,1aad8206eb40e97ef4b8718e21779070d6fe9e19bbe1b9a67b8812bfefa77058,True,0.4104393108271407
S1,100,L31,17596443638033614965,9c5f5036210331bf8fa4528ac081590e1a4d272cf0f8bda7b16369cc654ae7e9,True,0.44072646060785364
S1,100,L23,17291409297314381165,c3a79375cd8e0701a907201e8f3ba5b18bef57afec2e6fd53dac6cd587ea3cee,True,0.47956952416285603
S1,100,L32,1577014258466394769,f80b77bca34b2d543ef88afef1db625d9dcd9d8af7aabd3f1e1bb531cebb1993,True,0.4274282044052788
S1,101,L12,16617158955040529036,5bc4e246076c06b18016c0e3ad620ca3ff53764c4728d6f0da4e225ffbb73fbc,True,0.3928739083829199
S1,101,L21,1976755049959024124,e8db3c5321bac6ac791a1b22356ffa9e145d0dd32c4cf4c4eaa5a39183383bdc,True,0.46902513294954973
S1,101,L13,1659286290389075385,b1104e761bb58e1e60082dfdaa76a25ede335d40650ee12a558ddf0acd2b9e46,True,0.405570335363116
S1,101,L31,1682640213082785120,d1f2c5b96583975034c38de7147bd5325c75a0f09597c1b01943896b715ebac9,True,0.4414839975967153
S1,101,L23,12909710842290021346,ffc3145e0d7fe8e7245d576fb3e85c29f2dab38e753ce41d18c71263fa0e1971,True,0.4797865614483352
S1,101,L32,5534840584849011528,091d285b52e9e42c6b9a67c6b78eea094b11c2a9da2b78f9444482338e966cdb,True,0.42390322154233445
S1,102,L12,12436845568673433046,ff305449df69da693dfdc685df1347011f6ea4bf70c938b3835ebf13b3aa9723,True,0.3916169109855773
S1,102,L21,16241364843959755879,af90afa78c5120c4e7eace30fdbebe7729e8fc47942fa74489455f77f751bbd6,True,0.4755362965853565
S1,102,L13,10979607614621967799,3e77ca46900bce99054090e4eb334c1a2ccc5ab3868e41492f3d3511ab2fe824,True,0.4118123887622257
S1,102,L31,12017996916979630180,8cfdf48f3c768cab497af8ee566dc9cd4c094ce70c5f0b698f9495d008f4c9fe,True,0.43934360063427297
S1,102,L23,17432192682861738627,9f88e8f3ef27dd01ce114f8d09186ee38b79bd3885f3134c5a1bcfb2743e3d5e,True,0.47383309772236315
S1,102,L32,10171081322783220543,881d8b39d0832d33808351a7c34c2928c3cd736d98987186cd84342538c87942,True,0.4244916487373974
S1,103,L12,7992988227143782785,751f5299bb896222db1202e3d4b56a0e71845f7b2b354866b1336bffc33e4fec,True,0.3923639470094057
S1,103,L21,2347363797763993585,b708d7c284a685599fadc1215a4a2158ae5d62ce34ed5909d59a865234cb9539,True,0.4784583444545234
S1,103,L13,548299202613323521,ba34dfe0d8518e4463dc944c2b5ecdc4961cf5606f022dfdd2a5462c711216d4,True,0.4159221384426195
S1,103,L31,11647517415511854708,ec962239f7bdb5dab1ab61df42bb02f68db7024a84e1b7f1b6c0660d5b5d9945,True,0.4444099689425983
S1,103,L23,10481224689934585166,b28d6b4225708a8bb12cd853ce681fcb8f14aee045230c3001c06adf7966fb71,True,0.4786705321814424
S1,103,L32,7790934572975139681,07176eb002e4aace99d8833e5f6f76a4356648d06e08e1790c30839a789c64c6,True,0.422811360844206
S1,104,L12,14394380241944761242,4436e87e9ba19b7ed23dec642eddd05af4bd96b1c03351325f1f4acc613df4ca,True,0.3907950362719688
S1,104,L21,6713027999493354050,7330133b624d6536b49f50bd3a335f07df724b27ead4390ab0d314f3cac98f72,True,0.47279109377127804
S1,104,L13,15281803281171378145,87b6902c04bd4f8785e08b3a4fbdd1a5dcac47c1f18bb3404bc404089a5cebd3,True,0.40689201085773147
S1,104,L31,1991377613238367320,3d2dfd8d6f36d712fdae7dedb4a46894cfd994988f5faf0439236b62d748cc20,True,0.43600233684312784
S1,104,L23,9461532639039279599,21b6822a2af71183ae7690d3eaecc10c0703fd7dc33a4f1ce4149833fb3ffd6e,True,0.4735462819677503
S1,104,L32,3751390165622396178,0d2dcb50e6a9fa85f6a955bd8986363ab5a80d9f85ee6c527d17ea36a2b4a02d,True,0.4267469828067092
S1,105,L12,10207556537936847605,06a13b869071ba627b0d8f1b972df0df25597bd43b4fa135160c6ae01eca673e,True,0.39589623636059385
S1,105,L21,15511307741061641984,4e6e06f757a98df53f931017f234afdf38b3e994ccd55ee614ab1d156bb4733c,True,0.4672125240726428
S1,105,L13,5948558803306260411,b0984f15fbe663c64b511360a9d203817693143618273a03eb632c7041ef123c,True,0.40872405757534536
S1,105,L31,5203345837897531251,08e4b9da1066b95c88ca2e8e6240cbd44f712bcf8ebab2b9de7bc435595bc0fe,True,0.4385127759920252
S1,105,L23,9968960659087002366,5c2359899dc9baffaa92f0b5f47bc786c9091f7bc995f2127ecdcc05d2107999,True,0.4804097420573523
S1,105,L32,9984475097513057036,53970b6862f378845e94303783ae247dfe741d368da2927be0125bf0a5ca6b04,True,0.42135434497804053
S1,106,L12,2058399451018281714,4f6c0524799d7f3d0b00bb53b8761e9789fce9cbbd0111ec5537c66865ed0633,True,0.3878024497920149
S1,106,L21,6947790911302342875,42c310d1ff105e91949f0882451505cf3880bc76fc645b1a05e7410ff22dd80e,True,0.47069254399038296
S1,106,L13,7647703109617366400,1df603ee1704b1681457557d1e66cb6c16e4ff4f1b01b13fa33914ac25cc94aa,True,0.4068179629663784
S1,106,L31,16679649161504778396,2055c3febda34ae61aa633b98e25e9e4717d5949aad763dc3f26aff593c8fc92,True,0.44245930819595447
S1,106,L23,6609498056717079086,310304c3c4b5ea0f9d98a7e4af58ed7f3a6645abaf3135c5e951d383540b2d8d,True,0.4820120567745505
S1,106,L32,4281571489751564906,1e44e72c88ee095122edd6cf42c68dcbf6b88a0b72d87bbf374081ef075d9806,True,0.4277754081909534
S1,107,L12,2093182491882593806,499203a723cc1b60af2b1b0599de14b11f8ffc1e46b5f1f2957bfc08b5a96411,True,0.3918081953281808
S1,107,L21,5301791043351373860,8d0671a92ade1003f627ece1301231cd1fb0a512a46ebe769cd2ef230c5af9e5,True,0.46722645153824593
S1,107,L13,5482360036966665531,7479fa94d678a9e6722db9edbae631704e8cb9364c11883862c33c9fe0b71a24,True,0.4005418528442507
S1,107,L31,4057466196221858547,3d0dbe7fdadebb26b3db9bed1fae3718007f5d0c04fc73cce4dac31cc6ee9605,True,0.4350880408469947
S1,107,L23,7726202294864217316,c1678136c449a483f0f0b72d52baa517a644a8ed1751d226bce08ddf8e05e1bf,True,0.4692547227625102
S1,107,L32,8298089168830637323,b296f26c2d710d2e976459d0e6cb62c72b4458216dcbb7e0042a4d73d2971a3f,True,0.42317597495365644
S1,108,L12,14082010564245367600,cd620d6da0d41a9e9dabb0977f60309c3227b94176cadff2b35bd489ec10a57e,True,0.3874172391852298
S1,108,L21,3565736499415443151,9af09fa8e6329cc385e7f700edb5fa9101988f235e3ae9d9d14acaddef006fa7,True,0.4681017662991537
S1,108,L13,15342131186331494002,024358647b2b104f6c55789918b5fc1af01cee5703362300f71042ee5ec64fb8,True,0.40531012597163474
S1,108,L31,5731078731403336876,4546a9ce5c075690b0b456aa5c1f67c25fb1b085e9ec200e68eedb9f5c3d1c82,True,0.44312505221484966
S1,108,L23,6729436316422330794,151b548832ce2d59664e451f8e43bdb014196ca0a9fc39b60aee91459f0f617b,True,0.4780824131354014
S1,108,L32,15063431107461768244,813b563cb77724edce0a033db3b23aa580cb933afc3f50d34a20b7a87de1fe8f,True,0.4233218358356907
S1,109,L12,13511046271797190857,3d9477136e3a2c117714465e9b36126851cfb735038f8f18c3dfd76c092e60e3,True,0.3916091660684733
S1,109,L21,18387173643419361610,ba4ed4561e1dd08be77c7baaf1d60d520c587deabfdc071f2f238cb596f769fc,True,0.4715474362402857
S1,109,L13,1963770155859902406,e3e09d3db8688afba011642d448471c0fd19159ac62835f51b982435196640bf,True,0.4032871809274471
S1,109,L31,3874653697837972419,7a087f1e3b616b96365f7069716572649602bdd682211c3f04422d851b86fd38,True,0.44807064127840046
S1,109,L23,1090299047812328596,9774737f597aaf8098d347ff280bcf5e79a761243f6917472d163c15e2ffd13d,True,0.48503084528969875
S1,109,L32,486433452334613545,6c31f1543772f8e0ca2b6b03e787b89e814f6ed2e1868058887defeb0f23fcf4,True,0.42504644275076275
S1,110,L12,16617534834046315009,e8725b0aefc9097d8fe4a94edf1045fd98e84afa920d267da1fd5a8cbc7a6993,True,0.388815355034381
S1,110,L21,13043911256185960503,6cf836797472cd9b8514f4cb726cbc6c5e517bb41f5d22e1459be8e1d1ae5084,True,0.4694856623860687
S1,110,L13,3427204671938024579,047d706fac69e09d07fc615253e359503f92243058051e411643463e1b9384a7,True,0.4066085070109319
S1,110,L31,8825155396000007152,5718e9674f906134d93255a51050882c90e383e6d6a503e06dfe133b498072b3,True,0.44015241112896064
S1,110,L23,10692620172384494078,5134eac27541b181028c42796f13d311838b791ecc203561fca7d7c28a758a23,True,0.4734869341701801
S1,110,L32,16079294718587824867,a116b8fedd93d90ce4e6681b21a76729942b2215e56fc8c92ace02a284c10351,True,0.42411107263873116
S1,111,L12,2816960788545880296,cf635867ee9f345bd818eb5f2095280e3970161497127322739eaaaef8a57fa9,True,0.3951498845745631
S1,111,L21,6593278346247083344,7f30383fbf0253e8d985d379fcafdabfd2f769d1162275294392b455b103c9d3,True,0.4756229416155304
S1,111,L13,2381474091862766983,88de94e5ad2417698b92058e0831972860dc2b71a96b96049aebad4837904a3a,True,0.4072233907849973
S1,111,L31,5190635548387352148,695c7fe6ab9a71e67c78a78f32d9c088a27b16418a7814c6cee8e081d0dbb550,True,0.44618136159457233
S1,111,L23,11668845838657233096,41c886f934a8d0ff9b198025eb18a27bd4f3269b8b055a80150d541d700a2845,True,0.48441164599856457
S1,111,L32,1886758923490259164,dbf5f2a5fd251369a6db93bc58eb12eebd6cef584432bbf0027afbeccbf4c65b,True,0.425008269902481
S1,112,L12,8510544509087349777,2c66f95730104e7bb1b8e2c81a1f2afe50201e2f6294c4cb15cdfd061cc56f63,True,0.3918529705975617
S1,112,L21,12486110188338074958,10d880d117d0a81dd26a1ce878d83003760bfc1fc719139bd34747ad282e3a0c,True,0.470431667993388
S1,112,L13,17815509325295043198,b8c20230bdff4212d17d276117071382885baa5591b534be641ab0ad6010d454,True,0.40900981429930433
S1,112,L31,16119987862402248894,263c8403ada177d6c0c0c371943df01e8f8b201aa00b77cd4239a3b5d25bc650,True,0.4427010003999026
S1,112,L23,3071479164458207228,eb058a07d6800d0403b5b0a89d2e1192a0d36547fb785c92ccd1f98d785f17de,True,0.4797276867816912
S1,112,L32,8187822620920113957,faec373f95bcdca18676f4074814b49fea255af8a1b98abb4da1e5b0960dd969,True,0.4220233337085605
S1,113,L12,7446746167584852700,3436eaee9bb360cdf406d0272cba8c4886dd1bc649d51396674fd36077e1ed45,True,0.39233282506464695
S1,113,L21,4134550131634605424,cbd723ecd0ceeb54ed88d2f22201628be8db33301bce3f96484d680d13f89c86,True,0.4703098740092025
S1,113,L13,1641597088178820788,b3caa01d18b32bcc4661e8822a373406325fc4953ab7bc45c8fa8e25900f4000,True,0.4022349380495819
S1,113,L31,14124636681566581889,5b2b7104eaa0443d6870b3539d673f7c6415bfbc123a789acba7027072c3f71f,True,0.44744535889412584
S1,113,L23,4546363775866131909,02cd6bcabda90747415b3a87b3be51adaa3b9f16e48b2327229184ac12529f3d,True,0.4716070567197464
S1,113,L32,10388694147593526031,7fe9e7b212e8b847cec3f8fb83c3519c6a9e0ba9eb2db66dae0c1a8cbfee6f10,True,0.4261705051837794
S1,114,L12,16659321807224210461,3088be8dfac6cef476dfb15a73e44defe343c4cba3092fecb87d9b6331d9a53f,True,0.38741849116895966
S1,114,L21,11329720477688789333,b9106ed0f5f0a179856e609556c9e830005ffc3939859623063e76f08a48788e,True,0.47250947867162985
S1,114,L13,923138645327085119,3c4b885805292af34cb2a6b6f5180272f59504a06b87b63f9e823c15374b51aa,True,0.40683818509622627
S1,114,L31,17569383348172202391,9ab86fceb644b77e264aedd3a343a707babbdda5e8c1902cfb8aa208d9a1551f,True,0.4419343900760721
S1,114,L23,8502443396452398093,711faac6f9d3148a83a2ebde3b3578094a6a526b35fc37204c1ad6668f23808a,True,0.47501070589242583
S1,114,L32,7231157410991094524,e8d11c260184eb2c3d0018429f5f59a57f5f6467815da92b63c6c9d5b105184f,True,0.4265127074745576
S1,115,L12,8884195020621170676,4e13787320dd9cb95c24372c399828d2b4f54d9d26207890ebe83bd7ae73a19c,True,0.3936877602866175
S1,115,L21,8608079176357491006,ae6b0934389860fa61b7cfd51b797f9bde1d2414d52ca03ae0474fca424316ab,True,0.46859102172519956
S1,115,L13,7488363632848994405,b4641a9ecdfe8b2a123d1bcb7c14e56f40507e73c0723ba681fbf3296ad8ba49,True,0.4097161889318792
S1,115,L31,7771157514670517384,7ccec2c5e208454e5f9be6ae35e56402e7b93215c925f526b9ffea96adb7b229,True,0.44263886836120814
S1,115,L23,1497488542911715210,9623de759b2fd8b528d9d38873863d645a397042969838a3d1e39139a317ceea,True,0.48462819516836897
S1,115,L32,8278515039335848553,dd31f79d583b45cc0d884e11764edbc90bd9c07973bf346a2b7dc0f351143edf,True,0.4245251531310779
S1,116,L12,6922263177441276141,554ea1fed472616e393a903fe4d2a63a73bc6b5ee9bdb2829806ddb7ef95fcbc,True,0.39556365084085154
S1,116,L21,12927863783807637681,d4ac4d18669fd85f81f2053f76c68c81d4d0e599966a447d3977176a4cdd7c4c,True,0.46738695104569905
S1,116,L13,14898243324190020551,520ad98657c0da911bd75c88846de3d34fb44b3790e2923f2c6b684432792e51,True,0.40865473802901453
S1,116,L31,9848246578228485638,93ff24968f2df2cf8888f7d1ea0aaf041220945d1a91ab9230c47bf84837df47,True,0.4415626155996432
S1,116,L23,7460604450844571442,2385fe9d89782b11bdff10d95508372b70423a8e82264ac00efea02fcf21c2ec,True,0.4735723336871328
S1,116,L32,339403819364286084,4e7839f0c05d224128d75fbd71c64a066e9f115f2adfc69ede1ff95c1b3e9950,True,0.42360273907607693
S1,117,L12,4654643754452627984,4ca520bdbc63f1e54b27ef45f249003d9612c07af2c9f47ef8dbf25d28727c1d,True,0.3920931678132853
S1,117,L21,14746974653792627991,fc57af3740b75d53ab28c4dac946f17fccd6c3a646512f813fe43dceb23b708c,True,0.4744590875270433
S1,117,L13,6071646931564751619,d35436bc3b6ad882ea90d733bb85b41ffb2a1e5bbd14e6302dccc1a8e60716fb,True,0.4044489696199331
S1,117,L31,7714198156852890832,1d9b246c342e00f1ee6574b28e04cfb0ccd0f9844e60b206f7848cee5272e56c,True,0.43661197305106647
S1,117,L23,13603750282206113341,673eb2739b81255e8afbf68fd9319fe813909b0f094204953ceb5a7ae34f539e,True,0.4784381683846928
S1,117,L32,4064963408742250789,eb8e5ffe7a81afd4629c9ccbd8bc0913b4e810c8b56fc861a1ed22bbbb0c0ef6,True,0.4276790116512479
S1,118,L12,11555609009533669153,22bf54ed2b2616d3f6a7a65514211e42a85a177417f979298ddd439f3ba052e6,True,0.3921239265099325
S1,118,L21,4552774841183538941,327de6bd9ced7dd8f0761d5744c551cb80c5053bfc9d8e50514a41727f024c1c,True,0.4727643163658328
S1,118,L13,14209797370264989302,5ea2fb061ae4eb52f9d0efdc36cef8b0f86589beca687bf013e40406f1fba59d,True,0.41129681693765324
S1,118,L31,10791932007247673435,e698234c6c2a3d3aa5fe9c49df5453536e936e409a2fe8058da27ce43666b2f9,True,0.4454752749011123
S1,118,L23,321351078444734857,3c436f33865f96c80d71373a952f089d71af5a1c4e9b83b8a4a98882537becd9,True,0.47104362278335665
S1,118,L32,16551144118041660655,58c323fa126391f2c8ce9fd225c1feb1b98439ccf9d7f13b5cf2ad7a5112b28c,True,0.42061584344870995
S1,119,L12,14251697110065950505,6b7368632083f58aa27ef4db14f82f8ff3129739e78e8878371b835f8f27bf5f,True,0.39173066097982734
S1,119,L21,1321852026540554273,edd1068671d302b85b291e34b38923c891d4c76f4015f1448c25aa19c77ac13b,True,0.4733179771258236
S1,119,L13,12062499515624370824,debd099dd5e25dcdc01f30c82442cd5c5abf5a543f0c4bf77984c24113a5b674,True,0.40876605957150064
S1,119,L31,13353451917960540839,4f94fcda79952f71f7d5660b43cced46201c693dd588c494e102b5f98db6da4c,True,0.43649743009099295
S1,119,L23,7723705684334888625,5922a1711157445b413f59c47c78d18bf63f1375161b1a00fc3a6e3d49892140,True,0.47617846010966663
S1,119,L32,5542901034140562157,a455945e526f182cb0b2ef10f27dc61702bff285efc923fc3073f944990cd74a,True,0.42456022286884004
S1,120,L12,15389661746666604019,1979cfa2426185be3b71f4bbb508a3754a2f2f26d50409a524ad99179caa3ef7,True,0.39282209060646284
S1,120,L21,1839619097139360353,6b7ff2a0517ea41104c90b647fb70d84cfe86a7cfaee8e424ab9e276c6b65467,True,0.47037130993209286
S1,120,L13,8995185301800201287,b09d361ac5074cd73cbf35e86b4ccb4719f26b8a2e1110d40257ab616ae64be7,True,0.4093936635983553
S1,120,L31,11227608045996634306,556aee79c604384e4de510843b44ef99c2062cc1079b8f7c9e85688c7a6e5c53,True,0.4442635162077081
S1,120,L23,12576825906138375189,203c763a2f895ea5c4279be4fda072eeefb15e0757aead5851505fb127209edf,True,0.47845296623693495
S1,120,L32,17189336824996032718,aa0fb0d1e5087807f520c1957c3301a90aed91ed9a14d86840fb56e26ddaed0a,True,0.4257292918516091
S1,121,L12,17659040221695572030,95889a5b0a8417cb87eb64b778f71a4e8be9bcd51cca5cd047fccb1dc0b601f2,True,0.3888290525268864
S1,121,L21,12074922074736235574,ede146482d60cdce5ab5c52413017c28810c6eabfdc6a481477ae204c0203866,True,0.4670089455098015
S1,121,L13,6517089923782413075,cf1f4fc4fc90bb1bb52b72971d9431207469d7664a94abf3f23529d63548dad8,True,0.4109424304478779
S1,121,L31,7693727652397985276,53b9c4efdfab62c0eb719137cabe0e4160d333bd8217e6dd6099704062b642f6,True,0.43892311501494363
S1,121,L23,17444570729492575208,98c4f0d1ebb287fc56e153b5c3ed01b49bdef616337309bda4f9549ccbb52e32,True,0.4779533840737073
S1,121,L32,6994277445866889029,b7a54cd88562f858af5f47b7d83ef488eabeaf63437acdbcc04d6e6c3ba52e59,True,0.42281094136554
S1,122,L12,9020833521107935907,f60bbfa68591e094839b8951a2a39be566c527dc9f8fbf7b1edc1c175ef1cb59,True,0.38835269557528973
S1,122,L21,150014543643112584,47c9d09d5625a9c9fbfde2d4a4bc0d938495746c66cff66aba5edef4e239ffc9,True,0.469353034366339
S1,122,L13,9547385620143586032,e69333c1854725aefb7ce4ca928a63b953b2629d80a3ac504951a026dac8ce42,True,0.4088046340835447
S1,122,L31,16652830366642856029,af1f8d50c4994842bd3a17a9470a5c525cb86d6453c34cc00f0d8d7a732027c3,True,0.44119588953572186
S1,122,L23,13396159766405822914,b8d6832242174b8114b78cada3890cad5010543d9485fa41e7654d7e5f182ddf,True,0.4738653794121455
S1,122,L32,390154438278868461,341229a300f95b83ab8d152151f4e6f96c57f8ecf1dd68208fcb18147db023e2,True,0.42344921773964406
S1,123,L12,17069871989018297870,0c7a503ea0409e96f46ffcdd1429e057a32e8c4191d06ca64d68863e772d8605,True,0.3930027390697285
S1,123,L21,14889901029012862390,ec14f92af155ca5ae33a8ab28accfab51e11a8f46a99528fef5be9e9b46e32de,True,0.4684930985158354
S1,123,L13,17808376259762092002,cbc93f3d340fa1a81d3f0c15fe4deb1f79136b1d26beae16984e1c551fbb3c1a,True,0.40889443431363554
S1,123,L31,135751470886747085,7dd6162c69971bd73a742d8e175c8a5f984ddf05541129eef499726a0817e734,True,0.4428789253190376
S1,123,L23,10979745171770381890,04d9974fea793cb1fdce91c492eed8d4a8ae5996aa0e963806cf2a313c6cc1a8,True,0.47889185895926956
S1,123,L32,4206650018706518672,9d05a9f22b8b052955de82cada1ecd970917c2803bb7e163f7dd31fe6b62da3a,True,0.4226696462461533
S1,124,L12,17592242573918880682,22266b2232bbb7d2371ce7bbb93430010ba85d77e57408e076ea07032dec7dae,True,0.39160210737598194
S1,124,L21,2776810382383298028,4cff7b30375821551c2d582731c32d48b5875212e069818f28571abd073bb08c,True,0.4687860862887233
S1,124,L13,541991177607036744,ceb6231aee868e759362ee1a42c4aaca158d8c91fd501ea087f897de8d961a9a,True,0.4082254429242156
S1,124,L31,11089531353710107298,2d03696980e5973c11847a226b0f59f730a45818c2767dbafe943a78af983063,True,0.44401253420816444
S1,124,L23,16639952784462082733,afa8227cf32811378e899eac0414044527e4cf435a871ebee44f770020ba40e4,True,0.47910474496663236
S1,124,L32,16690137861648200469,ed85d73a5bd15729fb7108ca7b98b0f126c3cd84a4ce0122c24f90deff1dcca5,True,0.4233859493557137
S1,125,L12,16710039839622106856,c0b19c66ed3fdf836eeacd51e228e779b846cb394b4eafabd19ea3361b3cb76d,True,0.39155509514105763
S1,125,L21,7071586447207157750,a7960e790c129566f3ea964de7cf908e3ccdfff6098b8f44286c28558ef46a4e,True,0.4715302570922446
S1,125,L13,16994192543116770655,c656659652c447a9c53852441e02fbdcb13a3fbfbbace5f202e5c3e670ee62a7,True,0.4108803028966783
S1,125,L31,8222337344170730613,9038f3783c3552b706e69f1bbbdf5713d8bc7fccdd9666eb8e10aaf9a3577e35,True,0.4366542749055959
S1,125,L23,13565927391801388096,ffb58f6fe7b8f30f6eb0dca0f87995adb4230efaa402bb1bf74c2a059e9b6041,True,0.4775240553658976
S1,125,L32,15440717444158371963,c4a216ba76690fafefd34e2db2e4e5bd87e04316c65e85eb563667e2471d3c00,True,0.42497375407116883
S1,126,L12,10130963855025098541,b663dffee6739c776dfe4ea95988e8f82577bbbecb90aab07ba3d93714d2659b,True,0.3957550231178506
S1,126,L21,11541949685938314093,76c3dfe391e4e54649c6b67c786d0eca60481c8022696e147bc3c46cf3a3eea0,True,0.4670221953359366
S1,126,L13,7521905996427055091,f9096a0342bd03eee3e3104ffa12782e5166d7eb7d8d49e391c65a01df06606d,True,0.41247911038030916
S1,126,L31,5515615750879771326,28cbf881d34d1388fb8ba65ece9f8496ebdc4180275b7cc3411dad60cf267380,True,0.4374731705412408
S1,126,L23,12262153747995465470,31ad73bc7d002183c22cb08252e38c5af9351d5d2a78116d442a731bce94fce5,True,0.47950959944644933
S1,126,L32,9337139563685107007,8511377ef54eb5dc2e2c7d6835de7bd83fa96866018af9fa668d7a5c078a6f35,True,0.4251526175126985
S1,127,L12,9572576996918901594,084819721c333676b769d7056e1ed357b8e15388590c6927d157ca32334e5e0b,True,0.39243162771052686
S1,127,L21,1774198850072140995,01f89c4f0b6b479f20d9b3e92139a2823f8cb1c81f3024920f5b3f9a5bf44ab8,True,0.46653785560655003
S1,127,L13,13851321140101715437,dbd349c5836efb1218fdc3215f1879dfb76255cc22a2a53277e4e01d3153395c,True,0.4058591751370526
S1,127,L31,14304834316662938569,e94726811903480fc79dee92fa02f8a1b246f7beef7d3e0380b05f0d6fb467d3,True,0.45164236005728664
S1,127,L23,17638334687274894122,f1c9c28dc9905e5c7c2f230456757112dc5510e8ad6a9cffaece536a6fd47255,True,0.4801353790095372
S1,127,L32,10995147001045363711,ddb9270d396a6e6a3be5111206eb3eff08374aa82ef70c19806beb29cb160aaa,True,0.4260871474103129
S1,128,L12,9322132653282837220,1da33a0c3b6fc62e5c8c8bc6f2efd6032e94dd64a25711317548d1da12c589b1,True,0.39100631624569915
S1,128,L21,13731807492002882493,74699e8a3c8e37809920bd6139fd91c3fc28548e22a453cac453a3325f770e63,True,0.4714283719255529
S1,128,L13,12192546985608349205,9bff143e490c4e72580f9b83770ecd8a545df2211d91d9dca8c0878b1513bf37,True,0.4048234679722379
S1,128,L31,11463347612955666654,9ac1c50b6a3514ef057ecdaa9b69905034e63c0d9c660f91ef2ba2d3c397de5c,True,0.4427096519742365
S1,128,L23,7552598893877644280,9822507cd3286904eb231abf35a8f0fd9cf383b598321ffebc66513b4b9cf633,True,0.4837909604397447
S1,128,L32,18134024481638957290,e5341bd388109d3fd5607300ac439ea28ee80a9dec9b993a5bfb0b7edd600150,True,0.42494583016698406
S1,129,L12,15414368185602176026,f1c66dc4bc550c7138f83aab0e45aa8d6c2753fdb1fcaa7f190c52b1cd893f4f,True,0.39366838316383546
S1,129,L21,12563563059185537114,2598a2cb4b5b13e35b251b2e747bba2cd14342169634a78d88016e3e17d598ec,True,0.4679447349702705
S1,129,L13,13203068971865900470,c1620c6cdbeead9494e8513783c9b2945bfb4ad91eab295ba8a5ddfa73d397e5,True,0.41117660912513243
S1,129,L31,8405737731864612329,95de608c99a96bda60d21e6f2fcd30b4475e133e3586edd822c72ffcb521be98,True,0.4301289682514601
S1,129,L23,9873913483142653783,f707413ab6c93fe4b33051b546ac5966901bc05b4ec25514518dcb582b92e743,True,0.47906273769821506
S1,129,L32,792486128499733712,9122d2924f1337762c178085d8744d80b984429ab26abb3365376f1413b69dea,True,0.42267923314142913
S1,130,L12,5616734275554955432,1ba95e8db81e06aea706b7542138ebbd11f3284eb12656325ba1fc3734de29ea,True,0.389280118824623
S1,130,L21,1994707006097424859,e72296a415ecd669ac919eef04f87d942f25b5a24ac16421d6fec7117020bf7e,True,0.4749243552572684
S1,130,L13,15155444296037179243,eca83b70445615438189936431165aab9c1d0a137ecbbb9a2dc642a043c302eb,True,0.41120184313186214
S1,130,L31,14002247177974722909,c5ceeae06d94752a722faffd2d83da20bb627b04268f9eacdd629fe2cf0b3335,True,0.4437180321468673
S1,130,L23,12647454025763333945,6e4853684ad03f1ee44b03ba138eec4ad2981590ecc59fab422ab652cc0cb115,True,0.4809425886857716
S1,130,L32,15476774300752396955,3a4109b6b0a8ea71dc2aa488fe1dcd07e81cc3a12af8fdf67cd71997152c1a56,True,0.4225195831878356
S1,131,L12,4193271702123964747,5915b7f8aa7d2c7330fdac15cd15f3db1488392089dd6f47cddd35f47965a2cd,True,0.38955350053807714
S1,131,L21,8292442451205077909,b532dd5dab7a69a8ec322c7cddaf14a2721a324982df325a2a4bd29f968c56e2,True,0.4801550269807907
S1,131,L13,4398476073076073062,10d9376a8c26259a7a86692e5a3d0bd6298e721d461cb4b174c302eaded8ecf5,True,0.4047815980636913
S1,131,L31,14177433721922045006,953b53969b719bdae1d17a7d144629c59f44fee8f9c755f0acbdd693a76ebec3,True,0.4393612181859674
S1,131,L23,9340548640414671030,74e667ed1466a3dab366d8bbf9a03abfc3e7aa1d509c71e2630f0fabc127988a,True,0.4763068245158766
S1,131,L32,15460848888382485075,060b59274dc1d539435eb1e8d2b20573b36916015748d06621042bab84b25ceb,True,0.42654327074008824
S1,132,L12,6575460833099953585,9e37c64fff56ae7f11a39f8278550d4d28767a260fde3e7fdbd5385f915dab59,True,0.39194291847858365
S1,132,L21,15266820175526031956,b0addd0d3320702752ed4dbdf4f453a4311e4012659230498c7592f2cb33a773,True,0.4716212247042604
S1,132,L13,1021998020750774456,d9fd16cf3f603e2697476b31571313f98d023e7bf57bb1ab4e3b97f78825e6ac,True,0.40723385980059634
S1,132,L31,10394677438110585807,64a6d7901fa8db9a8e0e27a98bf28e931c893af7360435da8f1073a275ae507a,True,0.43871915126295324
S1,132,L23,1561294705095646756,00e02b0d149e0fcca5ab0e330af22c81df1d76da9b88f78f219f759d8f7226ab,True,0.4713352137546164
S1,132,L32,12296543396900931672,1567b435d46a580eff404c658ded97c90f12913c0337e460fc4c665ca599bbb5,True,0.4250590286796747
S1,133,L12,13373546507668835410,4267f8157709a89dfe5153997b2a8c6f9c40c217cbbb007d89e8ab1116d21b71,True,0.39131047554059056
S1,133,L21,9425612982106640628,6c4546a2e473a87eb4f85a984d762c763f47483a195cffd993073ee4d923726b,True,0.46663845243962765
S1,133,L13,8338398911728586863,9aa74f32b2115b7c5bbdac1de5dd81153149da7ffb89977f862c22d1b53693cb,True,0.4055029119842165
S1,133,L31,14262502237686192906,0f9228ba7317ff30c74a4403f1d4452a641b9bbb5059543f8f051c14400d9843,True,0.4417716437723946
S1,133,L23,17245183001458391798,dcaf906fec6dabed2b5b258f452e4c1dc8c7ba49c9dd9620cbc5aac09b99cccf,True,0.473812969791263
S1,133,L32,728101667957540148,6f646a6b84f6de93279d760824f2c3893ff169907ac06ea67aa9c196687e19cc,True,0.4249989647000765
S1,134,L12,6543342995391085816,eb866980fd78fb4be4f51280d4492bd3752a659834853b7d5466ec518de869eb,True,0.39265375635802746
S1,134,L21,3375664643386034538,8c2849aef451264e56545053f844e82edb6f1a0befde31b6e72f6f3639e20e73,True,0.4728200680761987
S1,134,L13,18359755485214044087,3546fbea83a1288c40191be34b3cb1abe911f0be08ca95e191259cc17ab45898,True,0.40665073650575445
S1,134,L31,8546818246229236009,72d5bd0bd6ba3dc73a81654ce942130b19945c361bbc440e6eb4252a48a81202,True,0.44377981466209687
S1,134,L23,4087301649032599101,d33a39274b033139f39551bc44f88a43cb790ae956317287f87dfe435101b61a,True,0.48044616659281203
S1,134,L32,6960973245656543182,fd02ead536adab8bedd5109d8326cb9325958c122882ec6a6026786f5a64bf59,True,0.4251823557322978
S1,135,L12,9945738515769361294,4234c45eda3bd46bf40fe55fd48e7837b21844868c7dd6fdbabab0d6543014a2,True,0.39012305877207315
S1,135,L21,3039782963389302393,eaef8f0958177dd656ba6036e14c4c89c353073566c111d92fbfb875c2781a3e,True,0.471058735249949
S1,135,L13,6528435004909309558,d3148e6a2ec300e5f0d45763afe567ede4b67e76dd51fac39fba5cb3b775b9e2,True,0.4116832290548806
S1,135,L31,746465254659714159,2e660316c1a5ceb67cff9e90085028e73cf5d05e7851cc2fbf35d099f0de85d1,True,0.4398098272219258
S1,135,L23,14405316874396934384,d93bb0e3781252197e45d315835d70ac5a1a52c3264e01075d8b1f67ef55eee2,True,0.4841391272023971
S1,135,L32,6264019607026926779,2462822658e656b4762dccfae551a693ae84305df6c3b3d9a05cc1ea1574389e,True,0.41991498294744123
S1,136,L12,7001558967739994475,07f6225c374dc84c58e73b1dcc71c7e2d8c7c5fec5e3a33cc3acae260f53873c,True,0.39087930324098374
S1,136,L21,17476711679542235906,c43818a696950dd78f6663e48830907b6a33d7088b57350c2932922af59c9d65,True,0.47380377179424404
S1,136,L13,5990232172084652756,6c12a7de37e95c6a7b8cf28f783e725e38fe85d65ed41cdc9158e5abba7ec972,True,0.41072111355081575
S1,136,L31,12657156631495433019,6bdc7c2d7a762fc913e7e6fb1cabf2387465916647164f5b7537947e13eb89ce,True,0.44419380875619785
S1,136,L23,15715074725215210814,8d4e182e43fadd2da9154318849d14c8081e394a26e877be407e4969faf8a2ff,True,0.4747798069713479
S1,136,L32,11664502463082789223,18a32df613bac48587a347f25ffe76f49acd85c6ee7682dbf7ee6fb5c84da499,True,0.4271076785862401
S1,137,L12,17327688234042473579,37d72712d92c44805a444a7a3717b88a3927295e70a538f9a484a9629b0fe259,True,0.3938622421766234
S1,137,L21,14458637559260739768,53c99ec11cf26500dc6f07e97c75844955c3567f587a3aa5a8867ee84f190980,True,0.46427455864423106
S1,137,L13,8926565069557240071,230631b2f29f108209b12a04cdb0222f61ee7f55c544f2c7bc8e904a0d821bcb,True,0.409231979569807
S1,137,L31,10364393828083252581,85fdb561696a568c7389a593e29cfb770ad5b6db4041a0eeadc239c9d62298bd,True,0.4437734067764959
S1,137,L23,6222118330908774662,b832b9b4e9485bbf50fbbfa2d6ec4a2c2465fe248ed7c92d280b210a51bdc4ab,True,0.47976078668934724
S1,137,L32,1468452023856014912,291457ad7e4d699ecd6ffe3405ac80425b872ce0232a258a4cb77de294c38241,True,0.4254536022660362
S1,138,L12,10572360497454179590,e4bb75f07d751c360feb344381367232d88d7a83121fbd3e001b189a017f67ec,True,0.39075449713116783
S1,138,L21,4718064538593096141,96c30e755b684f4445a582912b370a6e698300fd5eeb12ef7f1b318c587bf02f,True,0.46582236426375223
S1,138,L13,17091869651055094287,20163e9f6de134902f8a900e3b474ad776fbf091c18c42bff23cd752b6023e28,True,0.41814162548797734
S1,138,L31,11970227878291735594,0fa941bba478b396646fd36a6959891a5e2c0166eb6f67afa97b7ccf48dcb480,True,0.4429353334074246
S1,138,L23,8569047824346471411,12da0ae4a4186563f3f3d0fadb603e578ba6d4a4a981682f7adc387ffe7fb85d,True,0.4718238392693204
S1,138,L32,13235833189050536165,68c341a8f3ccb375ccd2fbb2c513c6bd55a8246d2cffb4e39e6ca950b99f39aa,True,0.4252882554943202
S1,139,L12,2298329541439943950,3110cd55262607a14d7e1520ba53c705f02f61bda75310ab9584f5f35ddd8f85,True,0.3901863561905431
S1,139,L21,275544694937590238,0dab4712d47d0076477afee3276d48b32bbc53154cbd008c409fae5b3b858cf6,True,0.4682669499593805
S1,139,L13,3996108582275503309,15f6ad0d1f7e7c5a4d99193a24bd068109837d0a2a0c90cd3e30c66781e745e8,True,0.41612988874852225
S1,139,L31,11041761014275987616,2ce808de3d315af42d5a3108a81929dbdbdf1a4e7f32c7c87685eee1f7e45a23,True,0.4411875808706239
S1,139,L23,10643507826279960760,dcb3d63be7103fc62f1c17a9ea2c6e0102d40857397334f7992d99f4dec9187f,True,0.4713617291822633
S1,139,L32,11501098960884623091,89175a24a663084fca177b8a50f8439f19dc905bfc4becb3e9d10cfe21aab7d2,True,0.42235003939354515
S1,140,L12,12193540749106228796,5594b00091bbffdc5170f7320f774f1d993d274ceaae8620027cce74c30d758e,True,0.3896379120952457
S1,140,L21,6608876625097846385,ca7e87138c294044ca8d770ca871bc549794d35e640e73e5e55aa9041c50043f,True,0.4765676534093745
S1,140,L13,4465540849691585235,15457c6eabc7d8982a1bd7ee7da1d9d576f6b517991211b1df4b591f78e44dd8,True,0.4138562946943695
S1,140,L31,1630285719503551903,64d481526bf8c4322bf6e2658c71642b3c102ff000bb398f824c38278a0a6dcd,True,0.4400690324673633
S1,140,L23,9425671223577212759,d33dbb34708e571293f08f3abab217560843fdb1bcbab26a5d25f860d7d85614,True,0.48289525327699667
S1,140,L32,11172930690115658030,8f731a844f8e872b680fae74b24d28f82b69fb13d403092143f44376a8479a81,True,0.42495497041813957
S1,141,L12,15560229737003835502,7b56dc65f427908c1704bf7452df853438cdfc00524a3df3b1c629c8ca565ffe,True,0.3955183704096309
S1,141,L21,3613901263255250083,48a444ff502c88e67f39f827c847e5c96c8a6153f21de70d21236751ac9580f6,True,0.47128461879639943
S1,141,L13,892580961344592984,0787d8e3ae76dba7d4a82d86337a9869d8a5bbd720576d702eb0680a022a4535,True,0.40842997131462555
S1,141,L31,17761194180877732322,43c4fe46ec8bf67b811e7b248d11f7ddbedc737a2774bf478ee5174d15cf21c7,True,0.43962471029192846
S1,141,L23,8795313524162132948,f228e6ed8e40789e00af51e6706f2a97c52d0c32fa0755bd9241aa23943e1a96,True,0.4776484089794951
S1,141,L32,7811709151013171713,998e2aaf65325ce52404ca5984d4f296bec5da9b6ba93d642286b6b982aa8c5f,True,0.42481723606053884
S1,142,L12,14451886495100146720,7fee2693907f4e3ac1fe84f6b412dc0445e760c43f48d845b6e1b7c0a8de0348,True,0.3908528101762774
S1,142,L21,10666157859478025485,2e718f975c6d062d87a29cc8c20c665a31702a20109b249f7064f33f46bbdb53,True,0.47145943735601586
S1,142,L13,14422295553917933103,9ee76752d5980f891a5da30cdc035264e9fd09dc3993e7de5d059820876a7bc6,True,0.41741921216298583
S1,142,L31,8680010514530265422,44c72565abc1099a76b0d07392d823405e65b3f8fa5b554f53862dd483aee8d0,True,0.4393201292230467
S1,142,L23,1746980743922302402,8d59d7afe3ee9853c3aff07e5b1566f4a5efbffa81b4d2243b36cdb01788a07d,True,0.4766005350981027
S1,142,L32,4312503535213052655,dbdb91022383c45cdcadbcc9d56f4e2d62ac42885cfb6fcfe8c239c241631052,True,0.42648560735676017
S1,143,L12,1791025173326430259,b9587646a7c245ef71a34ebf2fb9e64e5a222f5123b7316aa9d2bbdc94223f1c,True,0.39474753770144533
S1,143,L21,5327321383069903663,d8c7b50696f9abe1a188bc7716f719e05e87f77b539de8f36091bc3c97d7ae7f,True,0.4727436952142207
S1,143,L13,12575174850697250919,72917ce910f1c42d00601340cef2447e455a7f63eb0961ceedd5ccf27887815e,True,0.4118915555278204
S1,143,L31,9318170132747026627,8e259ed5db718fe07537c64845da90edc43a518baf52627faaca10a137741b4c,True,0.44778821595943197
S1,143,L23,6174186775396611798,8253b26ca605cb4ad7a7fb928ce342077c291b5809635ed22cfb25358feec83e,True,0.48197908839300985
S1,143,L32,7962499510450893240,c72f588a5234c7420ee4d96c88c66ca3578ebab4794491fc7e1bac486ad8a263,True,0.4219369724413973
S1,144,L12,10549982678632365210,a9826e76660b7d5e07ae12412462395e40b05fe4d1d928b1549d8c5dcb393525,True,0.38682983354014633
S1,144,L21,4672985466607990970,946138a2f904986ec40d9813044b5e56ae091ecda7bf6e2b0ff0ef7120d4243a,True,0.4742670921049381
S1,144,L13,8346217953576171089,bd846e61acf4e9efd3d13a1f72aaee4c78a909836a38720b1fd51702a09f1e13,True,0.41051563434926464
S1,144,L31,14776964290409408606,0302fbe1caefdf19846ae5998ffb1432c2985a63c5df9247c826edc64bd5e081,True,0.43679100078076755
S1,144,L23,4204600425695851649,65cae8b931c4c383bcabe3a5d14634ed92901efa39d9fb2694de15f33efcbda3,True,0.4871699875891995
S1,144,L32,17873129009406953958,7ce8cfc15323b52623258d69e8057e04941e713b47c6eadc89802a39efa1684e,True,0.4281786999705569
S1,145,L12,17795557165957908575,f097b389a49a001e2876be7f87c89d571126ba5bf67e6056cda6cad90926e63c,True,0.3904930329315475
S1,145,L21,2890799068138274215,fe74fbb750522bc242c3cc20941fab4e6ae33c0836bc13f6702d2b6afd944633,True,0.4663996344466309
S1,145,L13,12824640367284048121,273d73f698fa17dff6579fd84a2b002bb52b32c54a0d8d7fb5369c7a95e14220,True,0.40981470355890803
S1,145,L31,12426073784958489254,3d4de47bfde5432a1eee4dc73bf042e2759542f6ca398d279d990b67e026b8d0,True,0.43676779377340147
S1,145,L23,9296598199095597608,2c528b62afcb11aac1483608beae01cc53718a2d80c3642d6f75cfa1287746b5,True,0.48008726856360595
S1,145,L32,16552993857195766699,5cecff089b72c1d4fd7376ce37f3e743994e9d1578cc7d717845d1e94523e0b5,True,0.42120686639930127
S1,146,L12,7207192030146822822,ab16f782e9d47efd3d56f783eb7a0162355c57856d1f95fc527df26f5728916e,True,0.3916377261556496
S1,146,L21,123104240342577874,e36b6daf0a70befef743bb75446d6ae3617813fd44d5a4b9c60bc77fef42c10f,True,0.4712830166898645
S1,146,L13,2684808060717286938,dcdca23e788d66b80e162939f88a63f8c9f6a9c05fcd8e887973e2ee920d032d,True,0.4056306584186984
S1,146,L31,4121699704334995672,146c7f39ba14773d7513feb680edab1859e825f6d14f77c650bb4a400c61eca3,True,0.44150297912622355
S1,146,L23,12170467323211746990,1975671f13cb3ae9be6ad4020a066c7c945ab0282035356e674478178cb72ea7,True,0.47139426927991895
S1,146,L32,17744928421218944348,80ac4630049736c9ccda809ceec7806585eec8613c78259d54c6bb027d7cb86b,True,0.42526248983887793
S1,147,L12,12192655626268336077,5222720280077a683ba6bf3daf4d3236451308e4e3cee0b6dd4ba58368c307f6,True,0.39234205008033857
S1,147,L21,10133162392120052255,10528b507c5cd0515355928d5dcad1f2f523b714ab84f4c4bf703a2c9eb78829,True,0.47161650518434
S1,147,L13,3425863335488066285,cf4684e9af1983b8db9762739930568fdf04b5cc37632c0d71220281ebd8e529,True,0.4105557660890406
S1,147,L31,4271702042495416061,e8d38045a945857c43dc10435668aea2e08107122ba1a3f9d46baa96bbeecbce,True,0.437962213003388
S1,147,L23,9018044490488453850,12693eac18f6366fb296aace4e1b83a44608edf0f5013b0f8c4ff79bd7d7bc5f,True,0.47509103548433024
S1,147,L32,6989312357244726170,d97da7e371e86264bf3e2d783f6ffd1fbc39964b9a47f2a8fd316603a31c2d47,True,0.4240681895094088
S1,148,L12,13905584101818020379,cf9ca3ed45752d37be57d98fe2df79fc51fa90f9f185e5573ecd62fc9274e332,True,0.3954668947371194
S1,148,L21,3507099042325309535,2efdeff1c722ba7247188f03fcf7c10ed524039d9136debb6422abfad9053876,True,0.47135615103343814
S1,148,L13,731375976680963675,db0e293116c8931e5a816be09676f547a58dffe26d8f4988d54e5aae4c9ad03b,True,0.4120863405130925
S1,148,L31,6281355585701520155,a4bc98a536f39d8afb6433db359d8bd8599a28dac38510782eb39d315d91d1ab,True,0.43509621702981
S1,148,L23,4728011101101643452,b740bb5520b315b43da7e8ba2cc0c22211416fd4d9c7e4ebcdf8befa09dfdcde,True,0.47769369142311885
S1,148,L32,7862227161790734685,57e30ab06aeb3f17116afa51a85a020277deab248b207054fa043676fc01afe7,True,0.4258119066798457
S1,149,L12,10949947328498967285,8a6289fe458406d7f4e09e25745e57594cadadc03266d00764afeb10f6054678,True,0.39161486733289214
S1,149,L21,2850342416204853193,0883343cc47c75130b254a8976f6fe128f0988977c969822b363969e45bfce67,True,0.46762877582438084
S1,149,L13,16595274411866594436,94723895d483282dd3d25cefc0247c65ca1eb76554a4729fb85a529c527de06c,True,0.4080486222679273
S1,149,L31,12109758187720977777,c8549c92376baeca2c24e0b93e5063ddd4c42d62a5f2d042ad2b8131ac0da730,True,0.445307041041244
S1,149,L23,3281117307623337206,bedbcbf46b93d0abe1d50fba7023c2bd8210433c480e72c606b8b734abe98f21,True,0.4799678570449356
S1,149,L32,16315788227033628226,92ad1c896f04264e22df269ca5b0a896e48f639e4c0c261325e9de0db9b0c185,True,0.426346537597697
S1,150,L12,13226965839013990684,8000108347b131b855e74298ee7547060ceaeb0e807ad6e972c68b0659ef57c8,True,0.3876874805132737
S1,150,L21,9621135933545029826,99ff9ef5f39ea467a591309f266dcbfa79670b3a3af3f8d0e97fdadd43b1e1bf,True,0.4710738936782607
S1,150,L13,8015191840237228228,75593085f6c5ca0ec33dd52c3c4e760e346acd406fd5929178abbecf0efd7c01,True,0.4073036626260869
S1,150,L31,6271535162169005051,e5b262daaba3730eca1b6139804cda4f6bd1a59ea389545f0714e3f302cc95f2,True,0.43881770970411343
S1,150,L23,15880579675948986259,6942f121571db4084a2a01f1721dd6dd0c908dd5389423e8cd9d79896b9fb682,True,0.4739804413511639
S1,150,L32,16019771942896335650,391ffe869bb7b66539e2c359fdce53848c197b5315c825fc217d337f4144d82a,True,0.42467244526621656
S1,151,L12,3155678882417586547,632f73818ef6a58ca8b76cd0ea45ca6380ae9272517a45e7eeeede64c9c49ff9,True,0.3875704695332293
S1,151,L21,16975426468019651677,d292ccdad509e0baaa0bc9ecd7b8aedc4eb50505a261cb8cc0be28e65deb4896,True,0.4751010569794079
S1,151,L13,5279692686763244230,46e5350b9ca9d2d4f1e40d1b69741c189a25f094594d6258052b743f7b9f7b7f,True,0.4126654156980917
S1,151,L31,1342314378269361107,153ea44749f86a15414554960c20a75a39f6941b03469b8d7977c719534e10b1,True,0.43942123646183495
S1,151,L23,16482779098531546815,77d9538d969345183c77b4624e3d2faa66ef2bb2a85ec173f88348fdb4976678,True,0.4761818897032596
S1,151,L32,10834174690784933385,893799eb9d98101a1db162af9761d41b06c4b80a9a428cb5b2504e45183b4827,True,0.42190723227493165
S1,152,L12,10654908379995476895,22536749ea9337cac9b18106f5907fc37c31092e8a98be352c0785bb86ebe7b4,True,0.38943588925755457
S1,152,L21,17758388101938119798,050f7e54227075369d8089e3db3be73812f86b4665e3adb01ad84022b9717e60,True,0.4735619909657166
S1,152,L13,8822672518597411223,fd6d1da1cb8112ee9e7b7ef3602d12d55e894e05be01889cb0c119264f59f187,True,0.4002407234473048
S1,152,L31,2500983997135906148,0423172a38af88d63733da6c6add39134a07a96367f56f71e153c477a669bd21,True,0.43699591870107857
S1,152,L23,17249052271353769212,dcaeb3e038f0edde6ac5d2a61731a11abd4ade2a924c5b06bc105a5976ea7e83,True,0.46895267016757913
S1,152,L32,3463933130168840204,0e6f97f742ad23b2cd9fb9c9b4f7b2b80c3399d2bbe530a5405effb1ddc6fd98,True,0.4251526175126985
S1,153,L12,14804542994279803213,6a0e1d934b09db81d09584bd5fc384f582c6b7b606a83a6daeecdd526795c0dd,True,0.391703882046303
S1,153,L21,16340004767533265730,2239a9306cbbfb614a9e2d516700705b17e9db972e6ef44d1f87fcbb51e0fa17,True,0.4749205089324107
S1,153,L13,268875032976921553,8a27f6f83189f4a54d62f3e3df413b064101234bac0ac46169e5c037b03e7738,True,0.4097345006606794
S1,153,L31,450796620767409272,5d226cdf21abb94ec5df3b881a5c925c380ceae0612815ce87159119678a9ffe,True,0.4409274384359295
S1,153,L23,15069044006973666970,f886365fcec71a1dc7bc7be7d28a13f17441f5503533668ceba0dd8bd98211ca,True,0.4703047791530766
S1,153,L32,935993679343789099,5c13061806b035a14d47575c2d9190e2b47875201c2a5612530540dade6b8b21,True,0.4224757891888565
S1,154,L12,614385973419149870,8b79d125f95224b5d21ec6ee613b05fd47d15cf4ab332f0cbafe6b13df4ce283,True,0.39164328363419454
S1,154,L21,11460550248057466696,5df6dc9617e5a67137cd6cc51823f48e2acca1a987aa355d0812e9e3e11e50bf,True,0.47234931366177363
S1,154,L13,9091958350637358827,cf1b08693df0f288fe14091aaae9bfa56ed9225783af2f72184ec4e1233bc40d,True,0.4126210122424576
S1,154,L31,12444526481034309128,a1bfa09cba9be38a8743e83394882a62813dd7acbb41ae604e9331c2506547d5,True,0.44151137377727845
S1,154,L23,6783741749869694226,31e2055dfd5938ac8adea1ded741c5ef0ec8cd13c9371f4d1f00dd8a44427bf4,True,0.48190641328491757
S1,154,L32,1817125211860321284,e574472b4d0b0083174ea8b1d3e44f79b93209dcc82c6336f955f765056f7745,True,0.4237762768337796
S1,155,L12,10000654682783764235,3273d3c405a13bba931ff433bdbcaa3cfbe0aeb523114012b7764a8e4b26d643,True,0.39070484689787005
S1,155,L21,11158679821855958465,7deb79eef1ca75d5aabf81f1436a5e31947176874ecf4b85f1c29833a487ed59,True,0.47187515426561627
S1,155,L13,12827520625951744376,256f22acbca621d7705815aa18258aeeed6509c1c16892636a8255b1c5308596,True,0.41038963724734423
S1,155,L31,9135858628808008277,9297d56f0245623224528f3d681b431c519741c999aaecdd5ac1aed67cadcd61,True,0.4415530436053794
S1,155,L23,7145105970509836213,0e147e9457b60fde472d552e04875773583160469b1b2e412b86687ac6179eea,True,0.47827444211651676
S1,155,L32,14346943888309386503,ff5d5752c03502297ea7921c3966b686a4350c20bba5f26648ac79091b471f6a,True,0.42097946939720976
S1,156,L12,8635905838522774774,52d0259c8ded0f8a8ce33105f3994a35806f90fd5d6a04ae7ba1faebe98caa1a,True,0.39040764965703273
S1,156,L21,5403169447757993600,6330fad2495473c5341dba0bb1da85a3791a9485a3b471bd38b640e400f4e632,True,0.47167902916453064
S1,156,L13,14904442531164325828,c915ba9371226744affc234e983f9c5eff2054789a1ab0285a96da6bb5f005a9,True,0.4149243840515404
S1,156,L31,1352669690262354342,2fa47043203c84c26d6809debe4717e4689c931640d9d60a9e37ba865652c9ca,True,0.44404105726191523
S1,156,L23,10771339222671755686,30b451c7599582f36a7dbf10162674a7689e185b91f537004d915a1a27346de6,True,0.47500068323962186
S1,156,L32,9262857229899799387,625c20910c2472a5ad1ecd230075503a535d3610ec9fefc6e1ae47783121b225,True,0.4251526175126985
S1,157,L12,16821914722101907604,0ee1e7f8e215cc3e339b3507c078f15340a36dae57cb0a4092e59e61e8f2bd03,True,0.3930190974714622
S1,157,L21,9006636663819018727,48260b5b03c41af9588f73ee250f4b95ad85658960693efa22d6f8a8ae8150e0,True,0.47299102357501804
S1,157,L13,2722506405184115631,9979867fed3c6edaf94eac89fa71b9bde69a619a29d17804205911a05a57b23e,True,0.413364349715277
S1,157,L31,17252906640513543012,e721e38bbbeb81b5c81a93e58bddce1161754dc0d547d613b66d9b545c6309fe,True,0.4454844995790506
S1,157,L23,5867803031489132185,1b27c36b20484f9ac5459e366c93190ff07cf50ebc8ddcf8ec28db55753cf7e5,True,0.4761186661901788
S1,157,L32,1828803136701623496,c1e5a437dfd4554b4069fefd3398ed94fa4d4808b931dd3e61023acdec00a92a,True,0.426476427976478
S1,158,L12,13360763470987157619,a6827f69260a151d6bb64a9317c1f3a6c84b329e41ee6abe04bb5d226b08484a,True,0.3897048524779834
S1,158,L21,5726874010428139737,fde6d951589dc6dffdfb8285db3ed81cf9e2fa42210e7260ff08e38ebbe4f25c,True,0.4728150963225429
S1,158,L13,5949849017902928338,ff5ccc3b2afd57d347e247783ddb4914eb364e01e081ded5403401c2c1bc9cff,True,0.4096555218706688
S1,158,L31,16263072123533398721,29509ed75fae1e2290ecc2b26efe1e1a1650d72769d01561fa69fb10f91ede1f,True,0.43513892223280193
S1,158,L23,11365426213539169989,b449b2a3c71c7fa8e4f0f4868442c5dd5a8168af2afde61eb52eba23d846f914,True,0.4756391399436873
S1,158,L32,7410545837880957758,e91dc19313b9bb29f71add2c29012578736eb27e8c58be0d7a92eaa29fdc6ae4,True,0.42344560231149114
S1,159,L12,1383039205720859598,20906c0b570388e6c727253aab552ac4ecab513710f9a55d48b08751fe30360f,True,0.3912203124019792
S1,159,L21,12424821844056196362,34ddcc28a6ab013fa7f3cd5d240dfa937b273d1bbc72257e62f148c618c975ca,True,0.47153287161796664
S1,159,L13,18314563192287416946,e7e37be1a6935233c8094b332eacfeed9c84b583dfee1b979f98718177141238,True,0.4087090252282095
S1,159,L31,13676898420055055576,15b50bf7fac02c2d416941ce9444deaec021e307a4c35cd3948549b688e091b6,True,0.44744306887657037
S1,159,L23,2756142805149130619,346984601352e43e9d5265f0ed1f1939b252e35f980d72f777dfeaeb615ade18,True,0.473305214753023
S1,159,L32,11311913552430886666,d64fd70ac4adaac92a988e94e5fe0b6ddeedce01678fd08abfaaaf822dc57352,True,0.42100039388406635
S1,160,L12,18103890036922481660,dcb7b4f9bbd176d231448437de435ff5334bb0d59243e6368875e2a33be8f42b,True,0.39269783306277517
S1,160,L21,4459664972443918233,084159a5850cf61872a4e583e272ed3b12ef22fde8c29e7bf51995805c512499,True,0.47289075059291985
S1,160,L13,15655961065530726073,97c5bf63587822ccc09f6c2d1db256ac018b7c524c3d334074a02e1deebea55c,True,0.4105362059450722
S1,160,L31,1362042575109912393,b4d4bb5ae729b907a8245e46fbf7159ec3b2e5a21ec7b2f859a02a748e1d4171,True,0.4437353948168503
S1,160,L23,15992240356015809516,e87c84b20f6adc27ae95c81e70df4359d5c19e54f0055780b857139a500e9eba,True,0.4771273672538654
S1,160,L32,5255780034742854183,d4c025d66b4fdcbc92c03617d6259b90e6f78b43e35ac4da96aae52808d6ec46,True,0.41839116494717843
S1,161,L12,5961596074116242934,bbd2915c8f17dbc33153e506c29d6fad888f6ccad79e3c09f0bf08f9f9a6b519,True,0.39043694349869074
S1,161,L21,13913624188443454222,535f71c67f6f17c3e9a96a2d02969ec6330f1dd73fc25c3e9e9b9b3176523a3a,True,0.47049974226252866
S1,161,L13,628328259102453669,dc35fd6582d236b246d18365c2776540f8004cc88a04952d18c18a825cc0f93a,True,0.408877901596268
S1,161,L31,818936613545133107,8cf9eb9c0943977073fc58a56c5798249cbf7a10e6855d94d9d63a3dd331eaab,True,0.4374998763012553
S1,161,L23,4629556961206938213,637f42a834c5512ae4d45710b89567f0ee87684257fa236ef3a7399036990f44,True,0.4755360073696024
S1,161,L32,17249825964202820841,3033f1c60f038abefd16e88598dd583e5f466003cca5c06bcc3e644c79378e9a,True,0.418734913256003
S1,162,L12,2825756775884514119,4f51adbe3b646d25ea0af187c199a25b67e1ccf60a07457daf4693dbe120f33e,True,0.3907468654252998
S1,162,L21,8265921398202435073,c106e499c76d1b38097c759a30f96855a82f931493b893cbc41261418cc279bf,True,0.4732487947387763
S1,162,L13,566395298841181599,f4ed387ff6557b8d338667fe559bd68336ee990cdf0ae4056f0fa754540360b1,True,0.4095282742962644
S1,162,L31,5678959906806823693,e4418e89080245f78a36c89943810ffbec286eead8db369fcb7e1aae7dc6dff1,True,0.43822006750436526
S1,162,L23,14862254159825358238,824678af9f10ead252171243ad0754505c07ad94ec7af1dd9730c9b6510c1ce7,True,0.48125680279204897
S1,162,L32,1928352375127260372,a07acf91d341e813775e88c925dd0ecd6881d83e529b1f36826a91cc4631ab44,True,0.42271986782431037
S1,163,L12,8995262011622305480,bd2169d08135c142edd5c59d9b395f02e177cd96372bd5ee89a743c08ccc138f,True,0.38732914902582455
S1,163,L21,61503353528061068,5f0fd6b4b2184a2deb28f612eea1f5717e67830c7b29672b451d102683499f46,True,0.46880752125429687
S1,163,L13,15121313512339213592,d06e45bba561bf0f97d9e8741e369f8d67d2d706807d9e93b81c71198373ef29,True,0.4067570873709504
S1,163,L31,11063558528813375615,8d5358d82a81ba04cabc2b849519131df009bc553e01474eb6c8ce3062f376db,True,0.445154992743436
S1,163,L23,1323627577313526069,6e6f4125d3b8c2b56d9babbc9dc92fb12d26715ecfecc9edf650374e7c4a9a09,True,0.47307510510315465
S1,163,L32,1956927886063713441,c0ffb09c5b595ac4796b012a4c1a3198b34731b940935d66b0eda9ed87cb6f95,True,0.42491543489908223
S1,164,L12,11188709845757470849,8b72c7a4231b869f73daccac262305abd3dd184c93c957a245a0a3ac9cf26d5a,True,0.3906324469658395
S1,164,L21,10852512448590095003,16dff6782ab6fbe7a8bb6cd3fba077293c75ebf4395251325d88b308dc4e7a24,True,0.46608233972071456
S1,164,L13,11548848887921526371,52b1ae01e14c28f7a84abb309f6f9a378dca38be30ca7a41089af45bbc00299d,True,0.4151064146879596
S1,164,L31,11131987136368510457,067fe4834edd48057616083d636f51169689546218da3231b935e56a3836e0eb,True,0.44034291878474285
S1,164,L23,14823634246102363774,c9ccd7d46064a106c6244a3bc0a8c32c01c038e10372e108d684e3859ef87850,True,0.4771099157074291
S1,164,L32,1107787288268176405,dd62bb7d7cd73006da9e63c0e3b800cd68677a5c7fbc5bba1d7ac986a80d8d47,True,0.4245251531310779
S1,165,L12,12441533843081924922,4566f4123de45fd800be7ed75a3791597d98bb420b0f350ad439813c737758bc,True,0.39005027932423225
S1,165,L21,1291388794858155601,1b2899419caa31a2f07db89a13387089a32487d77b2ef5901afaf357efe2f9f6,True,0.47053065804853467
S1,165,L13,11191606568489487337,c9f586aa63e2d56423a7f5200890a7f2f42b5a8646a05fac7f0ec45097223160,True,0.4068243172757556
S1,165,L31,1091102576553381182,7eabad76cc90e6125ca62c83d26417ef59fc246a3d9056d3b1c1d1bd395bab54,True,0.4406027695071038
S1,165,L23,18397888146133460093,62fea2ccf1dc7ff36613cab88f4ca9fe1c0c4d528ad57e2c74ba7bfb97920e0a,True,0.4746134345523335
S1,165,L32,12048348771719303198,9fc921bd6af8716b808d0a714657f86cae849635bb43cde370f0278e473b0dca,True,0.42578859552861625
S1,166,L12,2463365509169276578,8d32c02208014bb503fba7703a8c318a4235cb966958007248e78bf5c10a7032,True,0.3878130388786178
S1,166,L21,15597333026868944755,9d7b5eee9a09f8c148c9d82a0ce6df633175e9e25299956c7f187452df9ff5dd,True,0.4733320040282768
S1,166,L13,10852691539957380280,19cfd465fdc212652a057c6ab23bdf710c26742a910607f8add2dd92e289de2b,True,0.4089147922719001
S1,166,L31,17402133970447193994,2eb50f727a56c3a7ae7e39a76f3434e1be69d09fff31d2b91f4559f7ebfb2cf6,True,0.44311599799567886
S1,166,L23,8526856562230587693,7f80759ee250452005354a13eb619fdbc66116767cd8aec12ddd1c2b8740e48b,True,0.482976439485368
S1,166,L32,3655804765678989632,35c7d5da024d7a1e2f1292eac260030795495c498f3c9e50acf6843c9427dd7d,True,0.4257157265675269
S1,167,L12,8985125151525066412,c3ea1dbf1981ecef9e44576b3ff0032310d5a4afba160a77b66b438061ddc04a,True,0.3906172665057279
S1,167,L21,10201472171722050712,c54744e5de0f355a51ed7d04ab7ed37bbe2ce7633ee7c77fa86fbc19ce3f1075,True,0.47578288258142165
S1,167,L13,9198740073306235813,ec96bc54de8510963a048371c4a23818e4a8e5d7a1adc60416756860a498bdc8,True,0.39792352942199694
S1,167,L31,11541048385408914161,b978b69119310428c32b035ab96a25624d6c11c24ca55dab52e7cf3cffbb52ff,True,0.4426287698733251
S1,167,L23,7026442352646421106,5f2574c1c199e393624bf0aec18e94c671c34dfa5493de0f64e5afbba6d38cf9,True,0.47366597408842254
S1,167,L32,14297080522342905039,7c82003bb0d6a20cc8b6b482a2baa952ded7bdc1154b1f3ae2ce2e3123fd3d1e,True,0.42495612368449365
S1,168,L12,5206932123559735166,7d9fd08ef2c6d8755468ef6793a9000034c4bb1d5358ebb4c0898ad020750768,True,0.39161627186144643
S1,168,L21,11003335017390695007,eefcd51d677abc1ac6d75a06b70b75fc07dca4f6bb725d05de8920618c550f20,True,0.47249054165521026
S1,168,L13,5620050001337114631,44c41f7a8030329feea048a6fcbb671be04f1419b190bfe962d3407742225c46,True,0.40588046228575825
S1,168,L31,14847522907450423068,9859669c2e580d854edfda9ea7f7bdd1ad08ccad79e001a9f2b8ee4f8104e5c8,True,0.44609005675362534
S1,168,L23,17717152129949724731,1951d2d174929c0a56978027493f3a99122bc605b06cbebcaf1ab4c52775b17f,True,0.48575420561922783
S1,168,L32,17407873326363405066,fae6505734740412826494f6152c2ce6e0b6f535db57485ec28d8d57b6b54b33,True,0.42158868637775665
S1,169,L12,7331936327028531976,379c5aa2bd5f96f603d07c6f023e6bc69ba6187add19dfc1b2980f2a754ecc1d,True,0.39220726757496016
S1,169,L21,10949596265812235962,87fe5eedacbfffaa0796a3541c2702086347c807ecf02b500361ffa3141a1c1f,True,0.46792384377838564
S1,169,L13,15553911232126927314,43330233d6e64de2c6cd92820c56681dce52740006784c72ba6235529be9a24b,True,0.40722959046580526
S1,169,L31,11041672033809697191,68caab784b270a438efc7bb535214b91ff774851d101bc5052776f68943b3bf1,True,0.44820151282514037
S1,169,L23,15778593467756355197,9b759ebf55bdcb40fbdd869596f904d2a5d2a27131da431316a0ef6319a683bd,True,0.47354126610605346
S1,169,L32,7856543089227970393,ae7babffa8501080ee5cd7b65e37e1b7fd1f04ddb8f492d96705bbaa0673719c,True,0.42381049433408513
S1,170,L12,17973034152662381853,02385b6e5798ed0e7a3a7fe44e7e081e8f24c4e5e5d5c5a0699f8cf22254859e,True,0.38617433601449636
S1,170,L21,11510586186992874996,487618755357bc968b95f3f1a7dc3d5b4bbab1e0d99371a87f113cac368c9249,True,0.466932787136029
S1,170,L13,18113176333082453191,3cb687837735d5138775e99580ac795be5750fc53b08f8628e2d90ebefcd09ad,True,0.4091406500249416
S1,170,L31,1709492308285757211,99e47a8482041b92718d784edcee52eb913f65f49f72c5ff804343b8af6ac4ee,True,0.44323247520554476
S1,170,L23,306078198716944698,671ce494afadbb328240b2075145a9323570f80dda17d1c465b8c2470ca69306,True,0.4812330078092614
S1,170,L32,13609366022132464547,3f40526a9e66a27d2873809bebb94b5501e18933ccf2a7ad5a6f255f9bfa171e,True,0.4239520212121511
S1,171,L12,8434904609561008999,be57b38b742ea46b1dc35a397287f60fc0ab0de17f694b363ce8837fae5113e3,True,0.3923060169194861
S1,171,L21,16328537897490029488,645f78afe9c15a0a550b1c04d51d56a80e40a7dab77a0a2f4dd1cad290b79e3e,True,0.4705460877063266
S1,171,L13,550783872142210486,ae57726534efea9e441d6dcd7c458ad54e63368fba1fe776092c9ef4dac098dd,True,0.4114148085990567
S1,171,L31,12924239398114433607,17d3c89be4959b418913b8298e0dc6b7b2885e9519010e3c53548a8c297b5044,True,0.45240074304502614
S1,171,L23,16841961008267358682,719052f3cddbc38e70718069a64a27ec6480715f881ea8b2d2934449d41841ab,True,0.4778468195022608
S1,171,L32,12242811763034967239,d268a589295a455691addc0db5680919349a078b7606c5a839a1e38f22297480,True,0.42732416252159233
S1,172,L12,13281433184191829155,dcd378ee680525ade23d5660fc5de1c8ae344e4e7e7895195c7357c51540792f,True,0.39365865161597924
S1,172,L21,17086919367730928946,2ee2de4f013b8b50e539633ddd8221285b56941b057cfdb717ecf7e78ab8bc53,True,0.4715354333010623
S1,172,L13,10538848153883175361,cace376adf9a746f1752d54c1234332b1c15186a39580068e453e550ff1407e8,True,0.4105467752599573
S1,172,L31,17970527791193664638,045b2a5d3b93e19e17802fad9df69f31900fbcb40bb568dd72a6dfb1ba8b7381,True,0.439036747091776
S1,172,L23,7860281553655825313,1910ed6adb05bddc99ee945cf007da74334cf8ba2b18032ee0c684fd665848a3,True,0.473772154737667
S1,172,L32,10448350093094556888,6c484cbe0c84ef14728462954588a255cecabbd0f9ef7667577118a3f012acb9,True,0.42334774500638217
S1,173,L12,2304150784209092890,729df5141cb15de00b05b3cb5b2b27ebe5e8e8896299d2eadeb7fb791128a1e8,True,0.3884830318240904
S1,173,L21,2646781301105379181,36d013ea8102dbf4a58d2f6d592fc63716e26eb3791db4511d111caf3637928b,True,0.47358215248207686
S1,173,L13,9024545007091655280,e31f1f64c1cf5f562ceee74fb1cdda9fa89792fb2a8065a01e8abc26e3536b0a,True,0.40827017108543584
S1,173,L31,17890383630886670089,11efe979fe42c90457e07fd13519ceff4be2f5b6d788f7d0b7c104dad129fef6,True,0.4414021201332383
S1,173,L23,5227011556705454830,5f0bf1be8457f37d1b3d669ec13a78a7d66648a5a39d9418318126779ed6bd3c,True,0.4691912506755569
S1,173,L32,1867702744813515250,a2c3fd0a984e71e27ff9e3179f32d116d1994c9f053cb523bfbadd529f30f05b,True,0.4269623461783736
S1,174,L12,18160522541587627592,3d99581d1a237b259ef3cac579337ea460ad72adc14c6cb9885f3e3fbbcd7feb,True,0.3954830452224457
S1,174,L21,11947076671979079312,1ebfbe5398a76898ba8c0993691d2dfd2d8842330f0f0b6d5bdc684d897ed5fb,True,0.4701700769686029
S1,174,L13,17142372717661191170,ed45fadec93c3fc2562e1980929ae61fbc0f59af22bd91b8af54354d678ed8a0,True,0.4041086944459438
S1,174,L31,12976440152462033663,1ec5959d3d0db7836f0775e6ec4a2ed7ffb65faa09746491b324de32eb6cf4df,True,0.43475612182135187
S1,174,L23,2006615297535317873,b926cd137ceb9dcbc33f0d51d908ffaf040f3cec3ab77a5a2a14e5ae3ba1fd65,True,0.47919434458487997
S1,174,L32,10120844823481282959,bfb0730d3090e63876907804d41add76ae93875d8239f3d5de8478bac5cbf8f7,True,0.42405443362288864
S1,175,L12,7727368179270632032,2b57be8db7f9ac45b52443df4069e75713244b18d8a1bad43b302051609600dd,True,0.3925985045990734
S1,175,L21,4764414800983497989,cf9ec04cc62703358182048d972954f089ffb56fc966079f38936f98eaedca59,True,0.46759892974430345
S1,175,L13,6704438176745324377,446865789feea646fd1ad5ceb109816af3a531963452eb9543fbeac927455746,True,0.41116765125838545
S1,175,L31,13337529773128810825,e982b2ed89ef84d187569ab0901d7866f0122b001ee5c7176db9f2919af19369,True,0.43555186299339044
S1,175,L23,14958958658055825832,083cc85a5657d73e7b37ba0c3362931289cce0c88a5cb74a7c85e044c8ec68ff,True,0.4779194928002101
S1,175,L32,18114156355258268313,468099d1f8f75585407a6506f73869d2286348ca48c3538270bb2aa37e708b86,True,0.4267523999795506
S1,176,L12,14769524417144774308,c07610888b96170376a324ac8c27dbfbdfccd023b1d3b3c98766717c5e29c5c6,True,0.38989820556080146
S1,176,L21,11157851056601722948,929da9346f45a7e2000f7bcc2ad745ac64929eea2781dfe0ad04bf45bbb23339,True,0.4744111657962981
S1,176,L13,8435134372325996211,7058e579f4946a8546b5f3e7925ea6bac5d9ba1c4bdb6a1a93d67bb8c8698ca1,True,0.40261757645928
S1,176,L31,15900433494517807430,ae4f543d521812f41d870889b7caa22f2ac50a72821c44e67f98e8fa4d4d0c93,True,0.44201119458850685
S1,176,L23,18258989330244719630,ff8143c13a1798b7f8ac0e4b907e962e1143e9df2121f9450f32926b3861a745,True,0.4784443974719885
S1,176,L32,9321541165942950344,bbc9c60962c4d68a95c80d846aca5edc9aa681df62fee6252aab84caf8a79c94,True,0.4233181983149264
S1,177,L12,17443996503468492812,fbc2431cb538c94ac9e722a084efb4a09aded86c6bcc47260cf1ea83b55144aa,True,0.39522384840402397
S1,177,L21,8675240283987494313,53858842a2fdb0cd456fd72955ada33cc9dd6fac03252c8b4a9b368326d7c4e7,True,0.4679573881640476
S1,177,L13,7951687716537410613,15f4968bcbc2b60421bc0ec9eb23a6fda38fd1a0be31451104e29eb8c0f62a7e,True,0.4079519275682213
S1,177,L31,13523966227357767486,8620dbe11d6389ee973ecbfba56970487a4a917ca0e976d99595ae5a3aba5831,True,0.43491965445437913
S1,177,L23,9051680964116362424,1c3182e049c2ebe7861313dc83abc24220603bfe28d6d35cf4d16cd5beacff9e,True,0.4821443492963997
S1,177,L32,5519175096235929026,597c41541d5f9c66ba20a89c6f0585ae5f3e10c06d4a35147887dfdd7c0e8414,True,0.4218882185866557
S1,178,L12,15840798572173258753,fdc904bdc5a2e9ed05bf0d25ccf876a185bb6441e025cb1cd9e40439061075b7,True,0.39046795778469945
S1,178,L21,8757346819885716153,5f290ed856678496e42932fd6ecee9909ac05a0cc9e0401e06de9c28cf2223c4,True,0.4716780337702567
S1,178,L13,8908166948779205157,1657ae1641135ad53b470898f6bd3365746aead5366fcfc490a442ab819b4bd5,True,0.4080913991012245
S1,178,L31,7482489345177520980,7b1d1505a38cd304200705e496fe9c925bed7c7b68d7a9693a9f72b5e69194ea,True,0.44002078798858174
S1,178,L23,13966679086866342969,b7b2fd259d02083448e3ca87b6d8efc1440b356bf1f3239b8a691061bb234e12,True,0.4768106143635712
S1,178,L32,7546176925856650020,d7c3228c7a3bfc4f570f945b6f1b92633fca224bf8c8501b0259276f9e1f21c1,True,0.424146675086815
S1,179,L12,16749953942444233368,6ea505f7ea799efd392608a430dc2d3a2cd2a3130d7e94a6d09a0e6cbac7d890,True,0.3937222105235902
S1,179,L21,12803631296497463128,da5853a161b8f6cfa820609e4df8eb4e9b25a442d8ae2350dd4a801139137de6,True,0.4728085833104839
S1,179,L13,2888782416310531546,5176a4f19f1be34dbf6dc19add35008e1b7be27c4b6638893dcaac8b25583bf8,True,0.41118562748772924
S1,179,L31,16567561155109818575,6f8505a476b626939a1999a177d735515dcd5563edf455c54cd8151ce49b32c7,True,0.4399741682014289
S1,179,L23,10202453372995729704,91e65a9d46307e2281ceb6361150f1f536c254014a60bb2aec0d483bc7e99ffe,True,0.4756286857332046
S1,179,L32,9853231102542296516,6dbfb63639cf2cef5ff4c64046038a4c8b3a8e2ec5e746198247569909baff58,True,0.4212500531775227
S1,180,L12,12952290485246309685,104388716821306a0e7772263cff43a5cf10faf0472c98f947349c4fd2e19886,True,0.39254810248910604
S1,180,L21,15505586509622763158,63221d1b7e1952be2439c6d5ff3f540cf7175637ba533d41190aa03b370562ba,True,0.46568140457011414
S1,180,L13,12550076914060241983,311ff1fe31d30dac84432adf10095d30ec0bd18c782a668cddfb9f1f22edb2e9,True,0.40598103108756783
S1,180,L31,7526861691014417105,97ac60f399daefe4ba4f94a1f0382211a1d958cc5a590ad5f269ff3b30dccdea,True,0.4406682650862367
S1,180,L23,2401952706140550162,63af70044cf227a6f6d9bdca6e827435230063c7f77e1aab23ce3b0af4407d02,True,0.4807541732790629
S1,180,L32,9184841626135360007,3129748ac53f6583232b9597d280df3a9796cd990cfca6454b759dcbb5f8e9c1,True,0.4223522338142067
S1,181,L12,6757360376934393506,aaa42590d673b38bde709a0ee1dfa5070274a1d4e47778acd475624b2f46f508,True,0.3931936433938172
S1,181,L21,9039857782471388715,749d81cf1e0dd175b53e1a8dedf0b35d19d73107eb1da52b0a01f496f89c1943,True,0.4712950989296757
S1,181,L13,208193485272023015,732a0ca374f71585ded38d571d677368bf6cc948a7c2969136ec60aa5b61d383,True,0.4163887798529901
S1,181,L31,15176871908592886541,f5f8c3ef62f1271744a204ffc534785f81b87f48d1b724eaa2c19daa6ca932be,True,0.445700210489393
S1,181,L23,14396845073076933983,6a72660bbbf50db4169f7f32c6d0e8c381926f4341f199650d81e85f2a3c09ee,True,0.47669433080804363
S1,181,L32,3258128334078420805,ae8e7808b4de41f663f4b3d431e49c9d8fdfe7c6d6cada8cadb281b204b3bd43,True,0.4229691417288696
S1,182,L12,2231025458356529710,6b604110c8c36080547d89a27a9b8d6b27d04a02a2e40944c9b30fb966e1dc6e,True,0.3925195767895697
S1,182,L21,6191670185622498254,37bf1db69c9330b911b6a7fa4c04712d1c313d144d8319c57aa8e15c63507c6c,True,0.47146294905278086
S1,182,L13,15950461534872825365,7d1374a565aee61951ffa0d6caa48bdc87b76f03c41622d32d2d6f74aeaa2bbb,True,0.40036034075641397
S1,182,L31,2274636468018772144,0216610e488690ae81d3fcd31b2cc59d33c20dad365bf5aaaef6ca418c7ebf3c,True,0.4421680070276857
S1,182,L23,7405674084139258482,ab793610e58f3e5edfa8dc60db3d9c22a57b6b361f6c09f2e25fab7a5ff23113,True,0.48006102054013305
S1,182,L32,7251287300089083421,fd99aef70f38b2aabe4e01629ede49ffc117a21d59e8af5036eb8391dd2a5419,True,0.4249135634310369
S1,183,L12,17805294507443754466,12bd881fdc8e9cf8d5a89e46c5e05d5a4e224eb7a0f01bb06f22501d077df89f,True,0.39334193710370224
S1,183,L21,1546388707048739551,1aa9fd02b460f5e0eee6a19ad28d26a2e6da6259b7cde78a1d4b511e9b82b4b8,True,0.4729684332048081
S1,183,L13,14674771006769233975,8864c1d101c8b0e42114f21e015caabc9b786e3686d82111dcd06eb436e2e239,True,0.4110951010984313
S1,183,L31,2821043154796290047,37d33d4a6eb7b679c9ef8665d19debf537a30d1d7f8eb09f95465f834a8fd51b,True,0.4426100771430799
S1,183,L23,10293857151835270125,cfc6f9922d47e2ffebea3bbd1b8c77db54a34c3645b5de554e865277f87c4978,True,0.4821078432617182
S1,183,L32,7732383302342193033,3b4fac1d3ea346e226c055b3dd1cbe9e64935baff927441f7aff03a50d1b75f7,True,0.42782986019255675
S1,184,L12,16165246301544817960,b682b5f50b6967c5230979d20491f57200c0c339937f00f75e616ec87b75c8b2,True,0.3948603230095744
S1,184,L21,5865852127756111422,5c4dd37c0227938725668fbef92020d8e65fbc07595cfad2952cbc503f98d3ee,True,0.4663760519407569
S1,184,L13,13549296590984583732,7648d4e71d2276fe14da4593d8419f049b03296075a6b6cc498e16985e94ead0,True,0.4093811770006468
S1,184,L31,6536490050119203560,44e06b822dc35f898b86cc4066d6d536771aa0390374e042ccc499d4df9ec6f8,True,0.44734595652206455
S1,184,L23,4633489614403754028,fa9d5019f2ff6f4ab17da334832df989930ac02d4d45b7af26b35e98ce6e1122,True,0.4847098756214146
S1,184,L32,4591139532420123301,a1d32e7b5f339ccbc90747ae06f6c801498129ccb4eea7dd0bd53b12aeb131aa,True,0.4270980441829599
S1,185,L12,7135928941045816776,9097e84eaa230a852d4bfe9e78345b2f81fb340108763b0a8ad1654b30ea036e,True,0.3909057610125992
S1,185,L21,14225776858462727925,d504e2a96699531aa63bd4aa21df0f0310d72ec269af52fda4a57ef0c05ffa02,True,0.46713037439868654
S1,185,L13,1252714713704923312,cdaa52a5027156db1332d7a4d9c34bddc6f195a8142fe1e730ea269218453080,True,0.41119474763513675
S1,185,L31,16434724954598690754,a9d5e77bfd4330cc28a05683e8d02b95d8a6ae44f482754c9b88b86d3d674f93,True,0.44322308389229115
S1,185,L23,7217712167303699792,1b18e7487b0b8f8603e49260692647447319d754585f4fba758d27ec5a98e9c8,True,0.478679971820597
S1,185,L32,15064248436744402268,10904807d776dab5ebf1c8759c94b29fcdec389ee5f5ec099e8ab2940d3e12cf,True,0.42452749403715717
S1,186,L12,7178458456182618454,340def833da462088487890355d71e41356d3bbdf707d3b7ccf841d09f9c536f,True,0.39327350192956645
S1,186,L21,7420177514794110068,0f1ef9c6df09990dd64c64bc65878860e9b5c476c4a01f624a926fb3bf69d4ba,True,0.47507195147838865
S1,186,L13,11986994353718355440,c2e3c5c8c45fb0acdec3e8c6a365138f9209d858b7ec6a506f56910737bc63b7,True,0.4074248148768007
S1,186,L31,11674091167854003761,eb3483e90a5998d2e44d877d6cf5953d3417a68cbd9866376852a28f13412456,True,0.43963923207234756
S1,186,L23,17163509398578538290,d6e0f13f2e9d56c23de64ee7659753df1552767231dc0fc13727f21fc620d068,True,0.47799883194041504
S1,186,L32,4135121864923197879,95d69c183a21ad3c3e158f340734d4b62ad42f5474e0225ed23b5e8f8c6fba99,True,0.42314972331299316
S1,187,L12,16666144724643962392,cbf67bb6d0273fe9a6b592bcfb681d238648432df639a9e669fef84af62050d5,True,0.393453981128363
S1,187,L21,7378194413643239360,c9418dfe36b90344e02e1c338aca58ba508d2955abc91a82e9e9a6804346fc22,True,0.4735936587117646
S1,187,L13,3674202672758529342,15ee57def5a630ba452ec8b08cd7cfc1d72ef3be54dc2c7c46cce81922c4a116,True,0.4175613951625946
S1,187,L31,7909023565369779868,4dcb61d8368ff7f20202613305dc4fd5493d32ec49ddb9f278945990f95b8dec,True,0.4428052660024853
S1,187,L23,15198423011520541888,2ca9d33db88640e950955a0d3d9c52f0ef0743f32da9757da2e323df16994652,True,0.47280581044361053
S1,187,L32,6568451311995595475,4857ade9d0cc60384cf19bc68b0fe088d33ba1662b00e5aa661c45379e854f1e,True,0.42772358045456754
S1,188,L12,14258536681587762476,64d35fdaf865e37d89c00fa8f2ff8f92478415ce350921feb036e7eef689938d,True,0.3891858606901711
S1,188,L21,12550329266519407498,e3efcd11787a240f21c97006091eec80da585984ede4417f98bad7666a32c79e,True,0.4721572573794589
S1,188,L13,13445359924774435373,5f7b2ec9a6d27d28226e4218e44d06a3e47335a75123ea99980bce4c850a3119,True,0.4172696686267461
S1,188,L31,628366163500197714,751af82a240ab0cc81d4591cf7680b9f8e0d5d041c4b9ecaabd653b9bbf6a952,True,0.4438602778922357
S1,188,L23,10373912439753270719,a6a6bd9c4fc621609149052cf049ce0e4aced2573524ffbadad095b4bc417e4d,True,0.4716250167121454
S1,188,L32,15540419861096278149,587c4f200b0b1723339dcb288ff147d2118e2fac47162df2a0ea9dc2b23b4c15,True,0.42056989423630753
S1,189,L12,15387389700529173098,7b8a53403176f6e8f8c60d4f421599f503d2a018145c3e7dd94e5d87f2f6c494,True,0.3933964394926206
S1,189,L21,16438798696905227722,827701c003d6c08f109de507a105c54ff336b90524d14e19d66dfc1530c07b53,True,0.47300520638000204
S1,189,L13,16463923339542117377,38ff6f7d9ef04257f7312945448a3ff2886e651065cffd89e090f428ddbc1cdc,True,0.4037871011888194
S1,189,L31,7400963581911740794,a207a0df1ca56d4babcd322ac593c3b1e05c45bb49f44e62efac37bc276e74cd,True,0.443457458624328
S1,189,L23,5692550048104045386,118f3e149075b1f0cf7cda84183c91664db3eee3d19d30f8b0ebca4f8ec15859,True,0.48297026054364445
S1,189,L32,10776747606806618159,5e9dc38b4542a8c7219358f158ebc2b1a4c40e8efb359daf0f62a12af2b1940b,True,0.42497462216239623
S1,190,L12,1916662579957659720,14b80e74a0750f456ee7c0cc6e3acbc691ece857c756f9c8f647047a07b1b0a4,True,0.39176734365795984
S1,190,L21,1060679476790883409,9e5409183a1b8055f2a6bdc8732f13166acd7ae9d548a8e27f0f0ed969a7d864,True,0.47320498665525546
S1,190,L13,9145588017863176791,a53e01a732109d3fb1f2e505dfce366026eca1051d1a1cb8ee566230310df17f,True,0.4144652160962723
S1,190,L31,8766823239411934253,7e87005b6219ed9db54a60a9408e2e1f06152dc01ab610142bddf52a1ab78e74,True,0.44697003164321936
S1,190,L23,4320609938138556293,134cd6ae21963770049a761b0fcfebb327d94de0bde62effe824e4d11ba542fb,True,0.4808830251429438
S1,190,L32,7831976518918223170,cc3ee4363c640fdb63cfbde1fc0fbbf275000454277e539e0c2d2b68983283b9,True,0.42636660426215056
S1,191,L12,17308799399617601752,76592797ec1b3db4da52720221506d085ff69cda9bd713b14f3622d154e6741d,True,0.3887361854654712
S1,191,L21,4349196278897890296,5913eb267d5535e773033e25cffef9d96be0191b385a28ad9a0bf76ef5f0d6c5,True,0.4749914587129984
S1,191,L13,1596990640014192012,0beaf1b60c4343fab875c8d7e1627f5bf782588ba622cf800c256c14629e5577,True,0.4114401830443919
S1,191,L31,128205080682276983,26c483935a11778f4cb1767bf9782afcd44998d80e686c00def49bff875fe32c,True,0.43948950105431
S1,191,L23,6228697696121654133,02cc4117a13f5484905fea1e8cc18fdded3086734fa66207af32187b40bc897d,True,0.4768462389210508
S1,191,L32,323291154264044445,5f768486c94884fa43e31214ffa0a2776967aade3b916395f4da1487038a3a59,True,0.42432175168804404
S1,192,L12,6012386349739901348,f4ce3b92346943a3d79f366b39911e926fd63264d8815d9513202fe87232ee2b,True,0.38817540039300635
S1,192,L21,15192650047648717914,28e2c3c3fef374ba5612b8308c48603d85aad033e310c14a7b9cab4e1fa2ab5f,True,0.47070032282457464
S1,192,L13,4549726979385864214,75b8a28355cd0165a980bb64bde4a93af4c28b24b50a6b0d0ba73cc482926108,True,0.4146667583796675
S1,192,L31,7827849671553057670,8b4285f1cddacb871237a59e42ae1d386c69d2f83e57ec83182f328c0863c378,True,0.44201430584928264
S1,192,L23,17475635706364124391,b9b38ed32e765d792948392a3ce0f0c12ec0106fb42461c5b5a0b6b11c7fb6f3,True,0.48087142022486895
S1,192,L32,6610419005273383410,3d18fb077940810da0d88d4c1aca02631d7f4d4fe58b67191b4ded563ab3dd16,True,0.4239116457736714
S1,193,L12,395318491455656478,d3ae419b0690dad9cdca71be774db7920c633ba7e316de12ee2f5ede8247d319,True,0.39187594636918616
S1,193,L21,10548321584855851243,2ec1901d747eace513bc9239078109f914941adaf32072d96ec086f0b206e5de,True,0.46702157080626017
S1,193,L13,9727323158258151553,b9ea6d21b7fa0bf12103beae6055a5677a9bde27132640f6b67a2d228d409eb3,True,0.40262832800039783
S1,193,L31,2778850902551854640,7c5c357ec41e04e9b869da0793dab439646a95ce069cb9c06287415c525382e3,True,0.45140276413927405
S1,193,L23,5204165382620759802,140b315cda15012d1bcc040a0afad7178b2787acd37548076c3e43eb4bccb51d,True,0.4831657593358519
S1,193,L32,12562804236000954647,019a65440998d6064c0ebb813aaf5080ad36650bcf933d466b0acad2b05783d0,True,0.42525346465417146
S1,194,L12,9980893292822474342,8d0a512fbf574d1e328eba49a64b673f89edc01f6ed81f9e8d9487c7df09b952,True,0.3946981271795651
S1,194,L21,7429493176546001251,ae5702a7a9706074a1820b464ee99563e44955de3c5c7151f9e457cc011eafbd,True,0.4749748211327468
S1,194,L13,2681480237670057953,44011df1147a61c548abd63fa163cb737630a59e49302649c5f5fba4df8ffb39,True,0.41099357699069583
S1,194,L31,2695918307499216367,34ef7d9c7562f563748ad85bbb4fd207725e0c6e35fd04f6e2641dc68c909a74,True,0.440782063610298
S1,194,L23,428774493944221587,839a7a831d6423c83eadd07b7a926d3bcd08c7be60c5e0c835e817163e1d572b,True,0.481958251160842
S1,194,L32,646656335160688222,edda3fb17005a3df7684fe8d013403466b7ffb9ca158e56188f132fc32a9869a,True,0.42322248309796245
S1,195,L12,3615395327486481669,b6d7cbbe571cc0492cf952445841e99f6858f1ee549e095d2fbf87e95d6271ef,True,0.3924487474609624
S1,195,L21,4972525293614608285,fa9fade4f4a57cb31aff2847471d617786197f8553e4e1def62df40b0a56ffc1,True,0.4706212600235895
S1,195,L13,8804612960160488787,39b7c1c196b50ee1ccc8654442e16be9f418e7f60c06ce945ee47d5a82186294,True,0.41266286468218694
S1,195,L31,17430359927341459157,b49c13aa30c5b702445b91f21a227b486614258cf7f668ccf347b7fe61393693,True,0.4457695756356046
S1,195,L23,17599681974899490998,ad926798ace42995632a02df1d91790326917ad12f5ed7758ed9a107136e0a06,True,0.4692283920741561
S1,195,L32,11819422870125894746,7314b99e2037572b5832fce0b1bfc831d89fdb3ca6086130afc04e351d736498,True,0.42379236572693296
S1,196,L12,5847165766467018681,458b48657ab2436cd72b57e2c5e05d75f0c4d5d0a3a22ce05db55a1adf8b3bf5,True,0.39073358238935435
S1,196,L21,4435339806023870466,e56f903d32427fb1327feb05a242e438d6ec99ef8a199536cc7fa72505274662,True,0.4719520526899762
S1,196,L13,13714541179497299097,bc92bf9675c6f5338fec7e7b44c64c9242b89d459025f07e5285670de66c2373,True,0.4078460482696477
S1,196,L31,17209248960118016426,4e25909a9b83a8d79c5242623f6dc60ea4bed529fdd1d306e2666cb7c2f54f98,True,0.43401821149426184
S1,196,L23,1566217284657119660,ad60d069b32c7a0ecd918e941aaf4e65a1be551c166728af056a0477ed7a694e,True,0.47674958459258776
S1,196,L32,8224942628357275747,7b1cffe73f99f9375851fc1efca18ea7a3e040e253b0c306b937c3a2a6a2f327,True,0.4243068334477356
S1,197,L12,16740213067961604122,a1e6319d113163b39be0ec4d8cfad880becf6145c31aa98277896c70a2ae3b07,True,0.3940579055652592
S1,197,L21,4725399356592262472,4e3b6782841c62890ccf89fe23e4aea78f0d159a01d27c716642853b1a2d9277,True,0.4724883584977202
S1,197,L13,10192577981314553192,b8a741faa841c8a0982454fb8df778d8af605d912c3c5f44d2941760be0da415,True,0.4110687464447739
S1,197,L31,8877505890193104039,e637cc8de657645decff115a29b43912088eb84a72f27ec29ffed1b5ac4343a5,True,0.4378258345581294
S1,197,L23,10997095641679688608,b058247abac71f173e7e65ea927b64e3494bde3e8ed8d382968705e023bb0ae6,True,0.4759793169205825
S1,197,L32,5857253731414551405,ea5ff33f174e69d46ecbbec4984508a7cadef1eba994ea7096098cceda05da69,True,0.4258797130707076
S1,198,L12,17404461583711572955,650f228bcc683fa21831614a3668e243710a872e3d04b9d05d97ca8c1f27382e,True,0.3882670275111404
S1,198,L21,3221367951877644799,b859e73db9ea2f7388410977139ed568bac1b4e60e210206ca0f284ec0f3ce9d,True,0.46663042227205426
S1,198,L13,1066687327445044537,ed6d18a4745d3dbf3c78b07789e807ca36add38cf4184258294fd4fe00999905,True,0.4068505646924653
S1,198,L31,16702596699247373082,0219adaa0c3c3b6d538fa202711ea86991592f6cadf3914e6ecb5be12248214d,True,0.4452947645404467
S1,198,L23,14778516857753608402,6fb07e08252b4eafbb77e0352f80d21c149c84cc5c10da56cd3f1c26c86461d0,True,0.4768936083505232
S1,198,L32,14428791029899988626,ca98936c6147c2e06a422935ffe698819da8a03b47f54488998068c0d449f42c,True,0.4250243456533366
S1,199,L12,9169210074720307460,25b53c3849a7f675190672d776683dc984f1c07b81327d37c402c4063aa91046,True,0.392615624349509
S1,199,L21,7781457012467044177,2d9b29f1c2c6d2160c810d8261aae3df7ba80730ffaaa9f37c3474b41de38785,True,0.4728200680761987
S1,199,L13,4014183691287612193,30258dc043c7d6410c62c294a16f0c85ef6ea076cfd3179d60832db00c196a00,True,0.40743885082826214
S1,199,L31,37892999919573146,0729f6f88cd305e246200373ccbaf3d1ed38772222f27aa4af92660b0a9f60f7,True,0.43551600486123476
S1,199,L23,14179811088448829809,e7fb8695e9df8e49c365534fb696608fb22d5e99edd03b79dc283d5d8cdd87ca,True,0.4733049316484904
S1,199,L32,5635776996191964955,072886d5a3f50ccb8518891e0fcea20a86b13997718692aedd17a7eaa48ce52c,True,0.42505684838598723
S1,200,L12,15717359847890021307,ea397756b3f5229fe880130b7ddafc10de04bbd1cb3a3b0d2ae4be82ebbd8ff6,True,0.3947816445700779
S1,200,L21,18326120659823027128,27b275fece43e3923484fee66d57064ddd7df3423dd083845f2b90413b0d40fa,True,0.47183602278349124
S1,200,L13,5164559830217762672,443e7ca3563d075ff40d3b595ddd7ff8d4a3392d17920c8c639122b269844a5a,True,0.4029246940811671
S1,200,L31,17439171190480261399,3d5b2961d85e92c92481c134882258b16c1d8f81aed5a042f3d5afd643645ea0,True,0.43396109022954044
S1,200,L23,14715153973612105674,5fc9ea8727750211673e6f3463a145c0c1393021d003e5d94234779087424d8f,True,0.482522519094277
S1,200,L32,16822498695230177495,3b7c7f20c201adac60cc24197e1db264bfe5b8ff855c2e23445a66dd21ee9e8f,True,0.42748112533709337
S1,201,L12,6888445547129282322,cb42b39938034ecadc72067a152068f3992f8599256ea69cd12f29dd09b92077,True,0.39207876328366603
S1,201,L21,5837160014701521542,a2928d16ca91d8e8d76c8e34572e7f29a02919d695e73aa3df09e3353f5cc75d,True,0.4714421821782977
S1,201,L13,17060225826860262279,f27cba9ccbedf2e2e42ec5dfbae3147c885f86d0e015efb42d1686cae12b5fb5,True,0.4109087342782073
S1,201,L31,12596692353929091124,a7af9ab5ef4feeede474d19ffe3e4193fee5c2bfdadf049784c337f21b0e9c87,True,0.43747752847824994
S1,201,L23,10396081367042036981,96ba535124e5d00d6ca3ae60b94d80fcf2dd8e852003d7ec4b7d1deaf15da808,True,0.47968429547160146
S1,201,L32,3189151534803664753,1f0901e2f13903cf6ee63ee90961f6893852ed299de5ce2b05eefe05477c43df,True,0.42313015234459134
S1,202,L12,815168807007624928,50c80730d091aafa9a747cd46d2c9c405a49f5caf2dd14c3c285ffba1d51a261,True,0.3901970637351941
S1,202,L21,621036678293199494,74f8da74a56d85e3e8ff1c861e586d7834cc04628928c7823bcb1b715a25c174,True,0.47372603241411415
S1,202,L13,2015471934378057133,d9e7d671410a6fc8ed0bdf92ea42f9990806adafaf49ce3cb980338290fd8350,True,0.41298273098162896
S1,202,L31,15578918216244864706,021e03f962474bfea80f2989d9df7581be69e69689755f2664a52ae873ea2c0e,True,0.4438892805890564
S1,202,L23,4069960494772536521,7a3d76547b3f76022c76501dec1dfbb99e8d3332688d11d1e96b653742a87158,True,0.47501469398342194
S1,202,L32,703978851432532328,c3207949cc7711a43b716603b7ee099e7b06fcb7aba436f36539f7c4c25ff36f,True,0.42007120090612654
S1,203,L12,4975479121009806444,bd5ec506446683bc42ea9020aff599a4f610ef6fae5ba0e22dfbd7dd358b0022,True,0.39087703509045924
S1,203,L21,11905020909941520392,e3b4ca9dd15319bee1b8481e7510f36a870b8ef3a28d02a1d6c229cf73a42cac,True,0.47351492644693405
S1,203,L13,2704854209679564941,e0018e2f7c93e96617cddc26aaf07a3a62be635ddfb1bb40323a36489cdac14c,True,0.40850020032369666
S1,203,L31,18231153881980654376,4c19c4974b8ea074425d2cc4af2fd3d3e2112962104afbc0224f3654b7c96dfc,True,0.4351409588501377
S1,203,L23,8435831453620206564,1b5af2ad4abe7329e00dde33cf737f206d3cdb45d50c2ba19f8ec61f2f621dfd,True,0.4767902378505957
S1,203,L32,15881524830677533563,accf73f37e8b18088010ccdcf7641ab5b909f7124f72f028c5049b27b385eaf9,True,0.42236836235788294
S1,204,L12,16804056100078371001,6ac21be98e5090d899a11b2438bf856c47d54643ca6aa29439900e2b5b8aebc9,True,0.391763713691189
S1,204,L21,2898235837061427612,7ac44e4b236a0a194d690b6f3619422d18171db233c503974f396746052c9159,True,0.4740621629367207
S1,204,L13,187990630230768730,30f2b609a44e6d58e2f0bf0916a8ae97907a6a302d603eb951b52a377013e48b,True,0.4074281408888359
S1,204,L31,17289936705149219895,b85b4bf1aa7e35a2c152bb31e56e62714b0247afa458dfd4eab2aa4383ae9989,True,0.44583095240093906
S1,204,L23,15729331356745106598,932ac5ef65efc5c7d6bb49f79f9db7e03cc96b9c4b3bd26a85c9c7369593e984,True,0.4678565877194962
S1,204,L32,1016900798056270701,415c4c065d0b9ab7576fd933205192639d716fc35605187e2908fef2fae77b6b,True,0.4213334389012332
S1,205,L12,2889301919580614220,3aaaaf7eed6e880333194071e93049e7de0abddf706cddc069ec443f7224dd66,True,0.3876196693968352
S1,205,L21,848902386914636984,586a9ea691d7e57371367de46c667f45d2eb4bdc5b0dcd1b3320d671f479b706,True,0.4712675774155536
S1,205,L13,198702202553871774,78ed3a8bc2ed6ec97ca095460b0e5df31ca37ae5414deb1e8153e960f88c8112,True,0.40139450767866103
S1,205,L31,15992641727378411910,67e4fcc465fac54100c07eeb006914d17aef64866f56cd435d8fe4eb27ae1a15,True,0.44678629940982195
S1,205,L23,3400763115710180775,d1237b539af86a37e72e23bdf4932a286f8de23a9535b62644087722e4e67eb5,True,0.480599115702944
S1,205,L32,14839378920229002837,d70abdc135979e76eaf8e0fadc09b523d3c61d77d0c9d6212c770159651ec681,True,0.42224087991081716
S1,206,L12,12176004715132987487,592b029de46adc9afdbee6bd188fc152242af13e40f7dba5b993d86a2c3b171d,True,0.39086626488664955
S1,206,L21,5770062823331006792,251eb10840840a0932ee76a1befe3d1077431628f941e6945ff3f60a1cf866ca,True,0.4653554373971875
S1,206,L13,12459717384316016010,ce4930d985d81a05a193581907390cbc85bf950fa2db5d6c52ffdcb30210363d,True,0.3997991065925476
S1,206,L31,9763037222597112880,7168e1cfc1f009c622ccef15fd8222ea1244855f0789fef40c62b15abad72b27,True,0.4421120510542603
S1,206,L23,11732463348886579470,f1ae8cd06f82042fa60e130fa8ad8067cfb361153b2d7ca07cfd968c9f9e457d,True,0.4849960085045251
S1,206,L32,16094798702969233426,a6f9f48ebd6a5b95c3390ae0d23e8ab942c2508cf8f514362a266b8f2c01d484,True,0.4267692519096437
S1,207,L12,7199207104267321522,1d277ce1c6430651e2f2e3885a095c10eb7d93657df6cc5fe179f737462def5f,True,0.386768229210535
S1,207,L21,7382030558805768221,226425e0c093ecc98ef0299ecd1a4520b31b08b19b6c1da92001f6d044dbb06c,True,0.47285415281570675
S1,207,L13,2744850401545131807,5cacac43546e1c0107b1f88589f07f86ce2a4cb165411adb70ae2e9356a9d8e8,True,0.4121749426325136
S1,207,L31,14098480422650259891,33b4d6b867dd087f2114ca149f9709fb08b4b39e4752505df958e74aba3ff9f1,True,0.4445778969265134
S1,207,L23,13034030473834776854,835c8a1091522a7c2c0f1714a4c289ac0bf13e3fd9e521807b8626da1adc3585,True,0.4782344376783541
S1,207,L32,11012938844561605555,37f04962a22e8337d7f8952f9f8561cba68b1e7da9e844e5d9eae25c7b3b274e,True,0.42452749403715717
S1,208,L12,326535210794359182,539d665f782702744654289de152d1a468809cae2e4692d23404cab3675d2ce0,True,0.39270938198754296
S1,208,L21,818460145631333,f88ab30cd8a8f8ee42e63bdb5d2d17c7f84783fc7430fca58c988e7abd8aa066,True,0.4697719193690161
S1,208,L13,15719416233789139327,b9da4c76ce325fe58de3db8c2e1466f70bf14852a17bcc14ca73afb640aa015a,True,0.40873658859532813
S1,208,L31,11730868738774580747,7a1fd77612c021febe331d51104937b0255404b5bd756edae39574d2151dd045,True,0.44269475845078776
S1,208,L23,9852731765463268943,4d4ca3885abe32330705aa395e0f0b26b57e071d043288b7656a6f2a2bcb1013,True,0.47184081829853985
S1,208,L32,5253957559474519555,643caa81bc286d4e4d20cb39f91b02f481ead9a753297c1f60b67160f18a144f,True,0.4272169145712106
S1,209,L12,5899495439068057263,f4d5e687940819e51b4041b53dad623b111f051ad4936923a318521a64ed9405,True,0.390738372492444
S1,209,L21,12152865262863334538,b2ae8fbfe5c53c4104269816f423b61d68b20faa2a8f3ba7747c0352cc5ece14,True,0.46714789885969815
S1,209,L13,3807340976142536133,bc0fefb6c1474a476e1e76f94e9f4e2d3425765f1227f3be4e54110d096e4677,True,0.40664284617342805
S1,209,L31,14733063463790107997,f443fbe8d5b03949bf7553618897658f7727c16c0bf1d16e307c866e0b9bfc5c,True,0.4362963220541027
S1,209,L23,14400625970570475583,dfc3ff3fe59fb42d8214498df2bcc4aba85016c2493ca69c427e627493d1d5ba,True,0.47499232325105434
S1,209,L32,16432970287877587538,22b7729ce4f1fe03968731b1decfe5c9dc0d1ded38c9b10c63cdb9c0939d0793,True,0.42120686639930127
S1,210,L12,16034473957509888526,2583935b7d81e0aa8e9f2420ed4625786e90f467decbffbf1e92ac8cf6598b92,True,0.39037460417915315
S1,210,L21,17259813992873508733,ffe1f672dcac9874b249cbff1c2ae09a6873aeda59941e1a82c1b8b3c6569f2f,True,0.46559050676645997
S1,210,L13,4953645349050254001,d9f30349faf1106f6985001aaaa5a4d062262907ef465c0331cf3aba7b7935e1,True,0.4040960032574518
S1,210,L31,2543003789518796678,ebe012de5053a4558b4a628b8143de0e6972ded9fc287fdead266baf923d4248,True,0.4372925295588627
S1,210,L23,8251267537071183049,5234e52de34de3a42e6eb08a009a9c02cbacf95de1b1605e5f2f81eeb360e641,True,0.4770144858652777
S1,210,L32,10253440761611479575,ac79d380235a62091aac2bb3cb1202cbce8b4573b150ceb3ae2943504ba2aa3e,True,0.4242291938786693
S1,211,L12,11804121874992230708,9e4a2f12e0d7fda94acf1a339bcd9ead29f32217297411d52fea7e1e85ce3438,True,0.3912886031132564
S1,211,L21,1337778697991807037,4416ced25cec6283938a76b0695786ae8f66f1d2921b022a01583f8624060cb0,True,0.474537871532728
S1,211,L13,18271986274316804482,8a1fa1d24004631f581f38a54c79e736a132192bb8c61797ebb6b9e0fce32744,True,0.40116550099456333
S1,211,L31,7420704783758806885,cf79c76120fcf46616ecf6ef30363f07d9f7e6daa18dd48edd6a3aaac5879c2d,True,0.43952265576490085
S1,211,L23,12259212988163440742,7d1b07d6fc0b56ae6c68e8ed81bd8f50c88e39b6127cb69b9916cd2fb84a2d6b,True,0.4776254108284292
S1,211,L32,6648059968557153464,78500d3224a6d1e1b6ced33176737801d71281e65eee6c9bbfd5e672aeb5100d,True,0.4256603986284095
S1,212,L12,7726536265399641293,3e6d4a845f1f7741190f304974959345ba9e665e58ebc385c7f3d5d8326dff77,True,0.39050155767265554
S1,212,L21,3146767939089953224,0141d327ecbd6b354ed504776f3a57bec35db1bd9ed3a7603bb033f705fdecfe,True,0.4674850126682366
S1,212,L13,9809323780634223499,6bdc83e289edb01a2c834efde906526f83f79136e2edcbd3a00d440cb94bfa49,True,0.4050071287921933
S1,212,L31,7001819302111680583,c27ac62a164ed2aa62bbdc632707dce921e9fcc0f7628ff9a3552b221397db32,True,0.44242607636586473
S1,212,L23,17689049930626713691,a64ca80c44679f82192539ff119401835ceb98cc852ec2bb272e1ffb148af7fb,True,0.47626625732610794
S1,212,L32,10287076596386757052,35ea16410d7ad7ff8e1252a717d3a9e60444cdc4e9ee7c9910e2212f03050e7e,True,0.42399122916135534
S1,213,L12,6569836604933628652,ef329fa81b56bf974bef48e19c510b45dfbffbd997d0c81a5342307204885e1e,True,0.40022759602671537
S1,213,L21,12030492707864932564,db04c97d9336b1e1636721a46734033ff20839234c671dad8a660af59c11c52b,True,0.47187756431912153
S1,213,L13,5698338968347945296,e2c3be8d7e67fbfaf5425a255a5b8d864afcdebbb82d29a118a694edb45f5501,True,0.40904397765930994
S1,213,L31,17794180427034512550,65b9e167f570daa431ce8a9d80cfac90b5898fd1629c3611bae64715139a4128,True,0.44428973903029845
S1,213,L23,777558261623527534,c92d3cfe9b05b3b3bdb8c996b8bd57efe43b0e63057e736ebcccc382123e3e11,True,0.4845111750266465
S1,213,L32,13640174035334834269,1d3a4d9a4d6cb6ab005c7e02c309a3dd848cc6632953ecb39b98a799df12ffb5,True,0.42680089613697625
S1,214,L12,12828755392549562864,d34b75c0ce8f60b2d474ef1c7523884a234fe5852d10d237447bd2517e03d18e,True,0.39430683749404255
S1,214,L21,3766107799686950843,a84549c4146dde5e2ef49071d39e3e2c1f6aede3a094e76cd201897334aee8e1,True,0.4685364504797432
S1,214,L13,9915304526010720945,929c74eed216c89c60e093309c74aaa440781a5f267547754f8cc2279a203e7e,True,0.41024959091975716
S1,214,L31,8502067280606349730,d5cff5896b9391bbabe5a8d5427e0beb0e36202dd5b37c54e9fec5a5da80686a,True,0.4432299777805264
S1,214,L23,17475553693366334773,6089d5d8bbf3a4ca0fad6e42fe018f881c4e291d9f107ce6e8503f49592769d0,True,0.4775199539827025
S1,214,L32,12436461709103926036,f800bf5aa4c185f5dcd4076ae3477d6f6770292ec9bb621787987ca79966fa11,True,0.4241583720595903
S1,215,L12,2950377036738758056,9a6a529e7e7d25c334dda7bddf0c647ccbbe916b74dc134511bf226b79c9248d,True,0.38749859255066965
S1,215,L21,2702839885717108136,2578d8f1239b53a66638c2fd15240494eeb8d99cafc0f567aa8f9056bee2b08c,True,0.4674102848456977
S1,215,L13,11891498472266433001,63364d332ca6fb564e431521a9462206c4b11e327e895cae371a3200bd15f4ca,True,0.4102249672956225
S1,215,L31,6321280833710171009,bf1c7d41b0fd50c51b27934e1cf06d58df478e53afa96ae4a2dae1125a2b759f,True,0.442736207401183
S1,215,L23,10052362895021406058,af838624ecfcf56a66e19f540a13d506ec443b0da4f651bf753b2c69cd25b439,True,0.4863921700581959
S1,215,L32,9162937353916494349,bf19ca6492274f42d27a3d6ba94b9a96a7dd7b0749532367872dc779c47460b7,True,0.42227106306944584
S1,216,L12,14582689243577605048,74a6bca3ed6ecaa84f053a7a154a03f9c2159c2ef9b467adb12d21ed1639b728,True,0.39124581450096213
S1,216,L21,5331207184151343324,fb8710efc49abb2922e5b603999189731c742c95db65e09ae10f59b36b5fffed,True,0.4687832024241147
S1,216,L13,16638616336306476881,ff42c27d3949713648b0df765a52d49d97df181dbce0cf04fc6ed25bfec3b22c,True,0.40671041769136634
S1,216,L31,9439455687940798942,9289acd58ec79e8a3e91a1fadb2f20a877331032200a4195e402034f34487745,True,0.4400997238505248
S1,216,L23,10624415590379090666,402aa3484dcc0e28c2f7d7080d290e9e61d3578b96ff2c49ff3012be6f9820db,True,0.48469126976360194
S1,216,L32,3479193276164807757,76babef446542ca2777987540bfecbad5aa56bb6c41eb3a47eada1aed6dc6eba,True,0.42750978928651984
S1,217,L12,9246674366469144495,1f5cd11eb025a45f1f212de2a18ffa6c5b97f59b1f80382c8cb6d87ee70b7b9c,True,0.3924280254774857
S1,217,L21,8296537230712757367,40fa456289199ed8dbc95e067c334edf805d4312c84a3c24c1aa34d821bbdeb0,True,0.4713617741647371
S1,217,L13,7241201014853566820,8b1907c84ac74a2af7d9b4076c51290195e7908c9980329e3daa21d02e22ca4b,True,0.4092824025503973
S1,217,L31,13204103209332578869,659c4be9c98f760fb242e76c8ab86b6cf65f80b4db38e28cfa31b4c76a72a6d0,True,0.442321944896695
S1,217,L23,11220781437960710839,e974cd0e035a4b9464ddf7573dd73acd044f349de90f6aae7cf2a31568688a8d,True,0.4759337044427664
S1,217,L32,10433998376229340898,662be29b53b1ac6de7ab4b331074c70f875bcf923facd54b8eab96d75bcd6bbf,True,0.42549733230972936
S1,218,L12,7268439392661392098,64149597d69bf0a0897d1e95aac32dedd767493fc93775b2d72a7e18bb15bcc0,True,0.39152783297889204
S1,218,L21,1815803482793246744,6df98bf59c99919b5e1700591eba8e01db223c6261a20e029fd8e08b0e649610,True,0.4700038490699994
S1,218,L13,317497731899773826,0a979d957718ee9c3f5ff0035dbb6d6a21f91fe0a11ea35bc250a86a8deb286b,True,0.408262736934883
S1,218,L31,6611360800659461065,0869ea6a8a0a408ea98c1ce683d19933ddf442e2ff40f02307f01cee52070a9b,True,0.4369962059572825
S1,218,L23,1723965307104237837,71c586ace0e1520bd6a71bda732f2d4cea2bb7a3d75bd0381efa2b950d588f27,True,0.4794493153439513
S1,218,L32,8067650291358247216,ea0e6c0b0253e30134a4f2828d56c86c8db549bee92bf68bca6326b581845179,True,0.42108998857642654
S1,219,L12,5142172013081478121,e060f8b82825485c7f15b800a215e022fd2f583d74de85895872d51d01f37d60,True,0.3930253330252793
S1,219,L21,1327716268211904443,7ae1838ec52c5dbc18d671e500010a8afa7411b7b0dde82d7069ee650b0918a4,True,0.4700748030350536
S1,219,L13,2377595391170415040,ac774e8b398bb627c50752d709220e76421853c5c4ea1dad4661a687b293aaf5,True,0.41130429766434173
S1,219,L31,11279889131140136836,c820605b4cb205cb12e9e2ca55d7a11eb5fea8e59ba049a6e3c1091c80dea110,True,0.4491737443789606
S1,219,L23,10261430292974511941,aa12b613da872cd4ffe0d0e7757e0a31a7999c99d509741c6a16f77339a2216a,True,0.47652767933338547
S1,219,L32,16200324930077218146,cbcecdcaf60c601601a94f8fb17132d25505b34ed10cd8b619b0962899565c21,True,0.42567053444536057
S1,220,L12,13055186471494562566,6041fa9797bb20f008c6bebfd14af84469100ab5294ac8330ccf331521acc80b,True,0.39173006483741424
S1,220,L21,7335533648072177601,85944dd1cd853189bb57902496ad9eea7838b5aee9158b9863de6b1ad7f65848,True,0.47177912184034254
S1,220,L13,3372109123038274766,66e70e916a14b7391d66de8aa878bbbb1e4ac06e9b29cc679c53159d1a055158,True,0.4109396484841934
S1,220,L31,15438833472368728986,8b3d7642b4b07f2ccbaa605ce40866e65821d90ed6fb1c28fd79bd419665a4ec,True,0.4396912112357307
S1,220,L23,18285819528326382931,fc6337aa153360781e8ce98e2623fe6595663764fdae3760dc7665a9bcd87470,True,0.4696444270513978
S1,220,L32,3292761295654537173,c29aefcdd87a9744b9032cbc92e8bb96f020162148a2fe29471bcdeb5ad97cd6,True,0.42346866304568476
S1,221,L12,11624873492545952502,ab981beeb046e1d697185d71e2aae1e709cd36dbe0cdde82abbdbdbbdb37ae7b,True,0.39259646091130923
S1,221,L21,7629892435617199510,04e1b4ae32f699675584206c477c71404ab5d3538fdc0d2caa98909e5400a6ed,True,0.4713732273798732
S1,221,L13,16785875788021716635,61591e37d30b9eb6f06c717d8415f7e91a0e90c2eb05aea67057864e55f75e38,True,0.4089569063266398
S1,221,L31,853755236987783824,7dd2a00c66a4d210334a9a316b24ef21e5fdf293ca013557305d43b2050900f9,True,0.43586263131305697
S1,221,L23,11150133908435285995,90486dbe385fdf9ba632bffa5a57c266ca90fa9b58ebd5b956e6756a9a8c9514,True,0.4805894981230754
S1,221,L32,8416666292897932560,9abc70a9d9bba837f8c6e74601ee2584e8ebeb99d20d4de8df3e9801355996bf,True,0.42385059476055975
S1,222,L12,6904556607643373722,eb2abe8a80af779283094a9d64e6b1f9e67738d379b04ad1cf3861375db6761d,True,0.3923650869977351
S1,222,L21,11680831445074400523,97fdc3a98b8ea4f87af913f33d57e45af08951224958e579dfa8ab06e3314bba,True,0.4751593452668676
S1,222,L13,14048012194003121333,0bb742b21a53b2c1f0617b604c0827e22d42e7d64c6991bbca9e303bf4cd1a92,True,0.4175770806593892
S1,222,L31,7206050350885239373,1c63eab125883c66d84406a27db26df1c70e7834a5672934a6b413a9eb6e0160,True,0.44339515816153513
S1,222,L23,6564835311632632017,4a2874b08a131f6ee15f540ab03ac2751cfc178892e2c1ed79cdcf6aea1d87e4,True,0.47305077072700424
S1,222,L32,6617054369355566723,6576d2b9c8ee4efef2b4b9c68b3e4845bce3b54c1aa6e7704d997e52b38c2595,True,0.42462299804045267
S1,223,L12,275323912635235600,92370e5adec0079ad4fbfd7fcaaf88cb982a1631391952cb0550a868e324a78f,True,0.3949045423221931
S1,223,L21,10087288002959349308,c14602b9560b3c1882ba4f9e57995b419466ba55b592a8a315617cf32bfcbeb0,True,0.4668739933714022
S1,223,L13,143931257445256957,a4321b449c7778ac6562161a30ace3fc7dd93eccd08bec47922e483733afbc4b,True,0.4110700608272148
S1,223,L31,1025720848080663483,1b3f8cd5870f8df804d55f92e870b87f6c71a4955fd9697f5d8e6546ccf00713,True,0.4395336188259121
S1,223,L23,5310473537068559943,f23910af16f1da6ab68987b9a980a4f58c91d044cad5edaad915a644472590de,True,0.4681592850974086
S1,223,L32,365981439988886054,c63fd56d4b3e2ef3053b647e13ad4e7c242a712e43d8b4a72774b9992503751b,True,0.42522477080827425
S1,224,L12,9754400706556609462,12cfdf6a9be7c17187def8326754b00a21402675a96155d097ea783c5d6cc60b,True,0.390265757885326
S1,224,L21,8107749753580853151,6f716c4bf71559be70df8b1d7fa4a4deb7f160238b85038d9a8a83cf17aa6364,True,0.4687355712044621
S1,224,L13,13870040721631467597,7bd2d25ac3994f81c27d64a5007f59ed95d58f44e4e4756ec7a370b951ff6221,True,0.4098700201831005
S1,224,L31,5112525010017331387,a04ccd9fd994ed7e2dc5cc69f92aee56c5efbfb3a6e5cee1588669c63b2b101a,True,0.43207205556661765
S1,224,L23,4414742455626196676,b4d0a547d7b9ac7a39741b8ebdaf8dcab6ecec0ed510b4bef9881f0466543a4a,True,0.4732262920339457
S1,224,L32,17885682423922916611,7814702c71f4d99a8d534d5386cf8ea1dda60ca60eea18a5bcbed41bde998f04,True,0.42491543489908223
S1,225,L12,4249779807813489451,876e17986d9300f07ad503882a25f1542bbb47b325944637cfdb73a420a0b005,True,0.3938001991595298
S1,225,L21,4684820905114705033,b4ed5336cf9ba219fd02b1f96f802fc859eb572f23b87a3e2f13a3693dd13c69,True,0.46657522811744556
S1,225,L13,2763416849115581824,92039fd1f090eae7665e0c3fd4b618b6dd9c8611c24acec16bdc596a0489abc1,True,0.4075961719180221
S1,225,L31,1702736962204996661,baa3b33bbda538e30c5bb8ee67f4b50eca046cd36e6f68bf5663f4da9724e468,True,0.4367502368573275
S1,225,L23,4160816195772333338,9500332463f3f34f7aec06d07c53fe7f915f29debeec22c2fbd5cbda619d237b,True,0.4760142592501908
S1,225,L32,15497138712130807682,622ff1556eac13d19186bf0ea1979e148a937a9ed2cfbee57c43f52d58739554,True,0.4244597918039182
S1,226,L12,18316809083423864700,3114a5ce5f9b1e62d8929bc4287aa1d599d72ce705bc6a1d98459952eef59a73,True,0.39558762054077123
S1,226,L21,9943471063785500258,858f9a2bb291a85fd0fc67d518003d564632055d067531f6d66873a987cc6854,True,0.47026887952403246
S1,226,L13,10886475770809271188,d55697d0b17160f6f8b6efab8c529ea4eab4b90dd9c9c32720d25abfe3119277,True,0.41625238791586694
S1,226,L31,8369413647590053656,203387974dcded377ce340563d47b1da614faa381d1093288ed22a3e2ea947da,True,0.43963923207234756
S1,226,L23,7054368750323245391,82734628ee39496a80fad24812356d0a54614a8895b8e85f132f5b9e3da71b04,True,0.4723246425180877
S1,226,L32,15653330180443253192,16400ea0c5f0142015c4ac39aeff8e03f752c6e07629c087dc40f4c80e072492,True,0.4259771531447847
S1,227,L12,13618801834518558464,8f9aef3dda2e02ace5995890dab39376324118d417fead460fc7f593b9dccf71,True,0.3908869753020283
S1,227,L21,1019563312152907635,91593fbac1630cfc7e360a024e42f01ce57e13c876f46352ddcc6d5d5db0318c,True,0.4690911183881282
S1,227,L13,12887155262217089045,4f03efeba3dab97c65385393f87638e81a4efedeae47ebb6cfd0d6b476e0e264,True,0.40962087437549577
S1,227,L31,11482471625056409603,7601b6688677adf22179d1805b224957af3b9a225b7daef17a0f7f36a5cb316c,True,0.44155818191954965
S1,227,L23,18286110333359074086,b3bef1f671858c6417fb92cf6a41b3e11561062985abfe204a27ffe6348be3dc,True,0.4732596019224456
S1,227,L32,10472256590353926183,bca3372f4216fb13be98313bc8c7775fc5f141d410686f5994c03e7dc773ced6,True,0.4259116347008537
S1,228,L12,5509135792082219923,410f54e83d941f962408484224807936b98e9bcc674a1d830a0d17478e97833e,True,0.393365050926893
S1,228,L21,2941585447277390752,3fd22c909710c157ffe2ccc036869f9a190fcb6cc83673162342e6e1a72da806,True,0.4757867315808634
S1,228,L13,6424313175901908832,0a812f36ad0f574fadd78fbdf0492aff6b11977dea354f3d4584ddf3e232d2ee,True,0.409234773777805
S1,228,L31,1151842322117351582,cc901fd6b8de4c9a68c85b2fc07089f9046163ad7c22aeb96f08d8c39dcdf5db,True,0.43917292656463425
S1,228,L23,954472225694965333,feaab4454737550c0adf83c2c49ea670875f765de5b42b6d540081f6d1bfe0df,True,0.4801810120361408
S1,228,L32,8553137821526999892,cdb6385715bbcdb62eb067c3fd0de8923f6d16ce5d131cb7d00dc8e9e47d07fa,True,0.4277170136340636
S1,229,L12,881498830469328477,358d337c226b103e71ca66f038d9664f0db35b6a757258eaee66b82d2618fc4f,True,0.39105322078338456
S1,229,L21,11369949609002836483,e8289f5379f7a81f0ebdb4ff98778c2a440fccf314fa78eed32e45df3db7ce71,True,0.46875826056129827
S1,229,L13,4110169522668504422,d5f6b7985ef2bfc488a5f6e05987b46db68af9100a7c978b6ab6f3042bf1925e,True,0.4115254575935277
S1,229,L31,6309838538865228305,d809279fcc103195d9d361a4ec08cfddd963d5da4e692982463d848e18b7c536,True,0.44468493279807153
S1,229,L23,3569517873627019199,54aa5ef8518d3b74095da182e97c0df38846be306ff0b291ba1264881d1c0d4d,True,0.47801492397738876
S1,229,L32,2946677179758051409,28016b6a13093e72cb0f81a4d6b480899df5308de8f060b2e390f28e8c254a2b,True,0.4191196296015962
S1,230,L12,13147926889753524487,7e087ae95047c4f62874867ad6aa348611792af7003ad63efd4cf932b6d02598,True,0.39216122010908333
S1,230,L21,8360203301729609154,d6fc9086350185141cd97df0500b6b2a4a7f1fec9ee1c0d4a771736c962865d2,True,0.47809475159189596
S1,230,L13,5447420109898086557,7f2f94fdb7cc0ecb4203d20331e8816a57baad31013c143b51332b894776831f,True,0.40736865007230805
S1,230,L31,204978019870115883,47f1634d0a7f9f919da751a8503eabd2700218433d4b9b952557029599adb3cc,True,0.4406892492044764
S1,230,L23,1613151424708772860,5e5472da3a687e0365ca9e41768124fff56066225a49dbf8781f787753756518,True,0.4688256909699006
S1,230,L32,14297564436232371413,341c47b6246cefd4fa7e0db36c2958c299f3b24d550c6f99f310e4cacd5544d7,True,0.4225195831878356
S1,231,L12,908322460674503672,dc83d50dbdf0cae4765616ddefa91c5beccccb62eec973c40e36774220839b7a,True,0.38961061960062826
S1,231,L21,13870011259032695067,456d475860da2af0f1ad04b1c2c4a57c558637db44772d81b712570d49d49dd8,True,0.47152331135785175
S1,231,L13,8326768918847650701,656488c7081281c00db218205e2186838474e3d9c2ba08dfdfc9a7844bbf4158,True,0.40383675121048723
S1,231,L31,12700767899752469400,2057844aa175c5c6eb56eb947c26c80ac7a29164832445e0fc13151d8ef1817d,True,0.44611437317801234
S1,231,L23,16842426846397511817,05fb915767970cc657f4700875c50818c28a4f7eea00e3f79dc44050f8cdecc6,True,0.48188468844670396
S1,231,L32,2314380889791001630,6271b91e8463f5ee91781b2e1e4084ee0e0b1cd85b8411287a795ae34f93e35d,True,0.42677111372115195
S1,232,L12,13902600493741807320,204734d23a87cc5619a2fc4266872f0438c2152a65fce0efb32047e1597fdaef,True,0.39006045681822377
S1,232,L21,15983848049221648185,dd85f16ff6c18c453a85a7b39fc037373cc0ec3cff30dec4dc65f6f48008c7da,True,0.4731416775866855
S1,232,L13,578270506343729841,7ff8ca7ff9dca4b5ed4b7c3bc0ee3f5be7e4cb1e089e23e2fc0d740f5ee5659f,True,0.40575732962409516
S1,232,L31,16778694314041319888,3e6089930989f3bd6bfbc4f85b8382e35e6f8cdc9d0499a3a39333f359ccdc38,True,0.44356792341725493
S1,232,L23,4883201934208970107,1efc3396b362a6e9ee9fd2ee075aa66eba35370944ae044911fec55e97cb04e2,True,0.4809445968916329
S1,232,L32,2536915993778038388,112f41789891b7302e3b28321fac154321f98ef9f10d08fd1f45ba684860adee,True,0.4214599501323129
S1,233,L12,15165686599267733244,ce48d548dc1f0584d1c8f595f4751db8106c2288235de3b4e98a3c2902190f5f,True,0.39509977542849095
S1,233,L21,18233829390948853213,efc8a2779bc3eda7a3e28043fb633e803df8ef913ed65aa2f6a2870d2bc5b52f,True,0.4724870242400159
S1,233,L13,15974425791225541007,0ee134301993aa4ec8eae06c7987c9768647e99e325bdb5654062ed1c38e8580,True,0.4063888502782386
S1,233,L31,2506945875322247306,a0e839946ded7993e655320b66c9deba2d35455998c5d44b8bb6b0eac523e103,True,0.4439429066690067
S1,233,L23,6783175938230298207,0c1424382f2aa8b100a1f832a4ec9d2853c665daf7d3b6ae62db6aeef9253986,True,0.4784671368977085
S1,233,L32,4826347784795575393,e08af51284aa16c62ab6ace2832d4eaa4fdb407198f40195131c94efaa17de66,True,0.4247455555992923
S1,234,L12,8901071982373481720,cf3d9171046e736a84fabbb0aae6fd28beff5c6d4de9fbb3221e6927909922ae,True,0.3903950420116072
S1,234,L21,928777540433743521,578441a2a79f2b5537363fc1828c76f3b1a334c72b94967d289d1a75819969bf,True,0.4721138474125496
S1,234,L13,9571997507593082712,4bdb23e71fc64910838f142a828c38740aae55dcd8f70fb47d2c839e92ab3a1b,True,0.4095189331479983
S1,234,L31,7643826906648499687,6080f93bcf11261056de469d7822bd8347c5a7251e76689fed6621a7c95bbdca,True,0.4422654662822456
S1,234,L23,7152889895928024545,81707658f908fae775d97bec1e2f5dd055cbf132537584768581ac9175156eba,True,0.47176355743712384
S1,234,L32,16341864090677968655,262580692e335b075f0a4ae9396b3d4655fd93a1fef4c3632318b10552158364,True,0.4235843668725126
S1,235,L12,4699902680718476542,d3e636fc216f6da7da12124369972dde110ac752b5c91e495a734a38bb5d0419,True,0.396618346568893
S1,235,L21,9861592423560737737,9c086d503338d105f4b17e6905997b59e1f431076ea7c7f271621023707492ff,True,0.47299516778890993
S1,235,L13,586107397124135389,b317aa4327e76009a860a9f1464e91fec4928f2819f20cd057d19094106ae5ed,True,0.4108913418449777
S1,235,L31,15535798582466482895,7612a688a4d8736fb8d1487ff75223b9751a46277bd07c3cda67f3f6aaf9e019,True,0.44120026489185055
S1,235,L23,197697969997571489,22e6547b5988c92a8bb226aa380c2f565e236f3a7b78d408b7915a44dd84d9da,True,0.4767776172676135
S1,235,L32,569888783364408438,7b06e6579761acebe8e1b03bd75dedecaf422597a6e691f15f815181e2452f5f,True,0.42515065864392443
S1,236,L12,15308734827758314822,500816cf7cdb7c04530dc42ba1f77933c0e2e07e002c730196c0b6587a245aab,True,0.393281158102184
S1,236,L21,17301528025972015821,c7b7b281167806fa75d6d9c7d2bd23f38b60b2b6335c1ffcc02a0e14228d4a5c,True,0.4740830966642462
S1,236,L13,16258954264515790789,cf95bf91d0fbe65a9a5578a074af0691443c091df9c69a2c525d644737783e95,True,0.41085442189979726
S1,236,L31,16152532579530180290,4865c91b60c97aebb233666a758fc77988af213df93f65abf27a75bd09a4b95b,True,0.441928772885175
S1,236,L23,4525275303031056554,38a8063eaad2c146c20753d4abbee939b16fc966b682de03be416caefdd2b326,True,0.4747621930697644
S1,236,L32,11013110156116462651,72d7b0da340da1618269c8140dec4ea68adb2345399d5a3d24f61adedfc8204b,True,0.42461085072149385
S1,237,L12,15459128372366749085,feee317725918c71d90c9a1ec427c04b6d58afb44383bb6e2f775d0d6bb6ede1,True,0.38887511505014416
S1,237,L21,223343306921499991,f406ff2e43178aa4412e26df7ea933001cba6499f2a05ea99446c83325f586b8,True,0.46611478251360927
S1,237,L13,2021185586635818461,c0a95e5dca5ccfe564529c4e6ba71764aa5f0fcf29f92f8ef601b781a2736ab0,True,0.414420818156061
S1,237,L31,14162707499080949784,e4877a01c4ea86ead86633175c1f1c0378dbad97a4f22a7742f98d9da1ca0606,True,0.4461527708719261
S1,237,L23,1408980385740064817,ef2acbaa01f1020c0eaac70e8b30e21ca3b5f493964c878d8f8c8f509710dd4e,True,0.47921868469993906
S1,237,L32,16131420611152281584,26f4eef20565e81ad7430b3467c72dbe651632cf1257580b1ec22a4bc24a63bc,True,0.4222829094133082
S1,238,L12,8999425186295683640,3738a4333f9d29536f1dfaee3eec51dcfaa75824e274202c80b2d1eaedb22af3,True,0.3893471298055311
S1,238,L21,8905916198877899680,7aa9e9cfc4de199ca3b2f404cbdf639703f0e5532f82dbb52af5fae95da9ccb3,True,0.4690843655561107
S1,238,L13,17642676357418318070,69741b2d358ec684dd5774a4ac05b72f5ecf6febdb705e0a5edf78bffe58f15a,True,0.41005156319910374
S1,238,L31,17678544707471813286,a0152e8efeda3e74acb63237e4a7e27d8e301e13de1c454f779966aca3babae1,True,0.43603877606177077
S1,238,L23,7132629791664088524,bb8108e2f81b2b90f85e961c43ed5e9a1e646981ec2bb07fe25c597da4ee701a,True,0.4798648626150426
S1,238,L32,5657490431365420419,187b14fc1ae456d82e693ddeb6eaf56022af77b9b72d2aa0d442bb2fa8613a3f,True,0.42205530677663305
S1,239,L12,18386057372674336918,567e02a2c8a65dd3295a256cdc2d32c26b05908557b915690628a6605dca1741,True,0.3922065209007098
S1,239,L21,13163494175693485815,2508be6644bcb04d1feb403faad1e78f2c98cfe85537924872452b87ca078db7,True,0.4653433874958877
S1,239,L13,10590276123049179194,b555ad1dbc47f2408f73b9202390703d78f0264452e2113e51b448417564c305,True,0.41429060002410023
S1,239,L31,15725575069615224544,3525e34b4866b4bd1f4cd9f1354a3b99dd59a5dc72110dcdd41a27d130cbdb24,True,0.4508486890233535
S1,239,L23,17840503760814133698,3a23df23779f6a8747cc7c56ef3e2dc97e65ebaafc837273585b1650b44b6c3d,True,0.4793685988563845
S1,239,L32,12435077575249856787,77e4a0c717513005718bbaaedaff9082cc624465515966e625d4fcf893a0a82d,True,0.4251927746012666
S1,240,L12,13748080652414721895,221ce526172cfa9b51b3287f8ea8a243b74c07c84722d5396aa84ad9f7549e11,True,0.3906047835336933
S1,240,L21,5955311305835070166,71bf6c550cf550fd59d245e4e8173809853847f650f1b920d893046053de0beb,True,0.47037170183414445
S1,240,L13,2124795156069813184,1ebde561ed3b0d6b0f3f947ca356f64d863b2868e6651e731cc53cfb46db3328,True,0.4062991640922698
S1,240,L31,3131733096055515682,99ae87c8838c537771de18e01a701d2ddef31a25715c6bdf301fab4dad3b604b,True,0.4478145888748315
S1,240,L23,9722173434928249901,ce780df84a499b6c3cba0bb065ab900b3f1d5a207b62fd680ed894ae97174520,True,0.4780674798541076
S1,240,L32,13312420393401393772,2dff4758a083d77c54d948c97f64d84628bb509e758c0c0070928f1bf505b634,True,0.42843716525582304
S1,241,L12,13546321613414187965,32b10dfd936d0f1ff7927a56f489800e1830997758066fa4546bd07770e74405,True,0.3954584033780138
S1,241,L21,17283264138328569156,edd403af2643159d973e1d75b7297c325c07b9c9e2d3e22709d366988e5a11b4,True,0.47591509954025935
S1,241,L13,7086833370840325561,17f93afe35f8515bb9e58da0c95b381dfb3160bb75b979f58458aefa97f2da88,True,0.4047859221739984
S1,241,L31,6570510474026106688,86bae3017537165e40e629355b6e83d4024762a23d0f9a40911ee6d41c105238,True,0.4461245526139318
S1,241,L23,6962958040601700718,e49e1fa53018e1acd3bc8ce8e095e4c8dc2b513b233880e1a40153413a297dd7,True,0.47181706696195236
S1,241,L32,10322116828684559179,ff5531bbdd7148aed80d685c5e26225f9aaf0db97b58e2cfa4bb93b4873fbbd1,True,0.42230113098160027
S1,242,L12,3626261900099902038,10e7e733addbfba5459631072674ecb603826459e3428edb23e504c0f6dcccef,True,0.38725146323558796
S1,242,L21,13044052002142385802,62d58268ffc4e18e416cb432d8339739811ec008706bc181f891748a90e6b804,True,0.4669735157434171
S1,242,L13,17696993075202729744,f5f2eb34f8b778309bdb840e0c19a2c4f1650a508a9c38acd79cfca321126dae,True,0.4067942188219931
S1,242,L31,4439931630721258518,6132fbadfe4c1acc5b10fbee5a1b531c0bf6c8ea56d129ba4c78a856d9ee993e,True,0.44409392224639244
S1,242,L23,941067853221603757,5253442e914e3ad7cc1f5186d321741c0758c0678d270e4fa5473281e0ae2100,True,0.470597688826764
S1,242,L32,8308078611067834185,6e2a84df0f5d1f706d73a0eba51b2461ae98beeb5c1da1c736bebf6cd079db24,True,0.42360925833634033
S1,243,L12,488565338406547304,2e4ec01e6fbd84a6c2bbfee8a31c8a7b8238b7228b0018a70bc28930a929bfb3,True,0.39082973412347016
S1,243,L21,9167808141631136923,caf09f68aee8c667541de10aa5cf83a8d869c588b524b99ac1d6ab52f60d86f1,True,0.4646340140732328
S1,243,L13,15451546290659677666,acd4976712ffe872e08685f2f48cb53d6e3b12d20136570882282f9b274c0f27,True,0.4110994849692114
S1,243,L31,4454472095845654886,8af7e6b70429f14e1a2848950fa00c71f977f7c09499bfb662daf6ad11ae6322,True,0.43744599190968547
S1,243,L23,1787196930104429621,7f353dd4a94ab0fe1960ada6b774b404b7754cce1cf90121c8d4437714cdf97c,True,0.47911323350044677
S1,243,L32,18228328896930106774,49866afdf036a5408706277ef6fa70cf8d31525d21200ee274cdadc6261e48a7,True,0.4241828432712985
S1,244,L12,2865216966622605477,ae135fe5ef0e9ed99a182d0b551a62126818886fd5bc52267dee607ba017d1bf,True,0.39245298719988686
S1,244,L21,7202652737917860137,ec36d30f25b60fab493024d575e7861d936f39bb2c229e38b4f8f5488bb20d83,True,0.4719584029994461
S1,244,L13,12110533847449549104,34fed1e037a6ac38ce9534c597f49b5f052bfdc72df8ea64dca25855e2dfcb72,True,0.4066977657726481
S1,244,L31,11855454902754589446,3b4a24526da17f8677beb69d97072db25da2a0d2ed52b5b741b9c8db9115c52c,True,0.44031770395185504
S1,244,L23,16360812719776589298,5306a50cf136e4c539535418bd84872f1ba16c143868a97428d74b107e74c7b5,True,0.472424873971316
S1,244,L32,1300253304872309553,2bec8f9ddc0d68ce0fcf5ecdbb1f21c14f87acbe8eebbf53e57160ec15026c94,True,0.42351666736230914
S1,245,L12,3752811313304568819,7ca12c23511744ab6385c5c2b2e2f3bcb7ef18f0698b5eaf6901c9e39624888e,True,0.3891504549679344
S1,245,L21,7899504672885813608,e0210ec7c23e34bc3c6a0978515b5b166d1f678fe48d0bd8bc85ba90ab39422f,True,0.47302850224490123
S1,245,L13,6884098403128297445,4cab4766523c3b23c3796d49196660425c901b81fa306d9022dc996c66090107,True,0.4129132452851256
S1,245,L31,15959329511196885566,b31ce69b1672dcd3e1244fe062885e7f4a0949b4349aa1ad3c3b19f350b33584,True,0.440789342157585
S1,245,L23,7103213697191061015,16f3cbd41ae0eab19fad4d29624fa673794eab23496b432d9e64a00b36600b68,True,0.478148201912048
S1,245,L32,10127748302608822721,0c9e6bb1259dff61f634ae12c4c0899bfa4e43773e2cf1b3fe977848fdf81cb5,True,0.4249642633488413
S1,246,L12,17623878332166855496,ec8b3490109c9e087bf3cbca1c1182d275bc9f1d4b290ceffc27f1596b51b70a,True,0.39067817240254393
S1,246,L21,6387945287165462801,569c90789b163cf0843d448fac1b22f65014482efcfe5cf7218e6e611fb1ab25,True,0.4669796653769159
S1,246,L13,372316845279987923,f9308aab866297c02ad4f48d9cbeca1dc8339748c38c39d5ceb4b24c734aa3f7,True,0.40607072234827063
S1,246,L31,8255337933506882190,a47c8bbc12f285d04c0eaab0e68b99eaa9989dc996633a85b8dad1b3e94ba748,True,0.4361899286929168
S1,246,L23,7004728844760511914,f10c133a78cb47cab004048d1be1ebdb13dad30c563af9df9fe91591895f41a4,True,0.47839371022983457
S1,246,L32,4177368737897684602,f03122580555a14e41f0a665dee910cf5bb1bfdcbbe14d548333edb71f92b977,True,0.4267649206244731
S1,247,L12,14364125864602770388,e9b7b795169b4b03e7eedf82603489b27911c0496421d9b75c52315dcace9885,True,0.3966140397891477
S1,247,L21,11305290049930601064,afa81a4e19b28279dd326d5d3aa30f9e7209f80f3a60efbef3be44ee3cbc66bf,True,0.4690843655561107
S1,247,L13,1054671458533250400,c4567afbc41357ff071f39a3e6d01c580df990d363200faa2556a8eb5e486485,True,0.403493645671516
S1,247,L31,3088894916560294059,3ef7f3864d387eaffee76c03e6d1af2f35e504a737db98a407dabc6036c537b5,True,0.4360580501004402
S1,247,L23,2674189112588546389,cad7e5470a306cbc54ea54f2815cebd3c21ce2f89f82f4c0bafaae89cc7aa782,True,0.47773933020931597
S1,247,L32,10099693951578258662,06f947cf730d6f2c40f692a677ba2fda56fa2ebe09a986a6501b0b3cac323e25,True,0.42316650066715444
S1,248,L12,15561660522562102869,769b4aa30478095d20c2ab717f0c9bab1b51371f1eccaa28c99b93257d547827,True,0.39173264578733524
S1,248,L21,845020990360722433,6649fd39c10170cfb876e3c29a32161f150e1aec6a577a8e2c18fabd5c6db126,True,0.46870533192584385
S1,248,L13,4750039525541742834,5bbc2268095ee48f0d74268cf1c28c898a13f7abc5dbfe61d9add3195151d7ea,True,0.4119716087553795
S1,248,L31,5544194822959979,23a231858c272eeaeaa1c95d0d0a8f6ddcaff535a90a33e631f065e5b04ea9d5,True,0.44057913086920375
S1,248,L23,10056229480941938395,06b15482afe52515c8342040a5d41ecda08a46d1d6f0ae03301e1f01564b5473,True,0.4738219001767241
S1,248,L32,15438608532141203670,98bddbf4d34218d710f8a972ef1854fca46ec9dcb6b85d2d9b7f793be14b3a7a,True,0.4266937157503332
S1,249,L12,14440858315128583005,c1a048f198507f02ed04b6cb435d0c158f51ca0fac4013d0216ddb7e4f79d1e4,True,0.39429984913142446
S1,249,L21,944705960795198980,0b05e5ffb57fa4835e4e8c0f64205a47c339d0a4d29ec7295cd2faf3988b13ed,True,0.4728673857143019
S1,249,L13,1740145992638799010,8ebe56f03abb09a8e96e9b10eea5e4e961e54f3f15138e76d268472d7184ff31,True,0.40658410764624797
S1,249,L31,11477405396911425720,cae7e50f86098217e5fd76eba8c41a6f69b70c8535a94f850627721abe8c0fb7,True,0.4339759508412189
S1,249,L23,363592106558865581,19818d6805e6c331c7e8f854e6d425612ac2889d8ae1d6010d1fd5a0695a9321,True,0.4784733058938992
S1,249,L32,17036056123152702809,eddff98663d7b72186fec2b7c808623624a4156b3a3b9bfb3c78ac3ad6f95067,True,0.4213008055437799
S1,250,L12,12968030980305191294,f8ecac3249d6403210c5c474101d955b9cf9ad57f704fced27efe3705801beac,True,0.39016441331965973
S1,250,L21,11120250198147948749,eee85b3e2791042ad5de66d662a8048599a2c4722f6953196ee82760e872f5f1,True,0.4740621629367207
S1,250,L13,1709672070770863194,6cc82e186e24857bccbf2f00e9b84f91d48b8a486cfb1b934501563c4d44269d,True,0.4082039783383276
S1,250,L31,13023668582024855048,df31695689dc601ed86a5bdf35a3e61a366beacd0bb5beeaa2d7ab06c9925858,True,0.4400883315033977
S1,250,L23,16678325814237435717,f8d5cacb6cdbb21a285d56169e983953058b55f334c9cfffb8507b13165c1b9d,True,0.4750084868370918
S1,250,L32,2192503427408379320,054b909d3094114281194409dbb19d91bf4658feaac4c973c2a9a55d065ece3b,True,0.42806447358274946
S1,251,L12,376171366859147672,4498af01d91bf120503394d7efa063c48e7c30c74a2b410d7c37767277384e9f,True,0.3931660409718291
S1,251,L21,2271087601963036638,586c19498d409c9965cecf3f822545da346743cedd7f3bef8889dfd665b2af6a,True,0.46931649269785175
S1,251,L13,14063381238278974,d94880329728aebe4024d489f1b9f000f312ac84fb1f7d3ff65d652dc0fa7a2e,True,0.4100671964259487
S1,251,L31,5651984986576719293,3e114c7b0b46933a57871bf0eba01eaaf6e42820845f98db6b17db2f93d265ad,True,0.4377041198413489
S1,251,L23,9742337678472892437,9cea398023e8debf0f590f127a696ddf5beee90697b05f42d9ae5e6765ed710a,True,0.47656214153904686
S1,251,L32,1134088304806654591,901b0945d422a4c4f4851fef7c2df95163a4d732948554f716b72aa29aeca4fc,True,0.42065908568739757
S1,252,L12,10671166348482231705,8dee35d8d0dd33407e8295ce60ce2b4c902dadaa8359f7a1b4292ccda5a3c433,True,0.39363419646211906
S1,252,L21,14222000134782387539,179bf0423ce64755a995fa02598d3026dfbc7446e00debe26a2f910055183b87,True,0.46748885863939466
S1,252,L13,8657320898149038729,ecc2f116ca817305e315d0f0e68ff77e00ae9df0e869460b757c4dfdf249dbbc,True,0.40858260079308495
S1,252,L31,3375551897559291070,9cd323c95b843d41caaca5bf3e2158a219126f3718f091ff655a5083c6781d46,True,0.4365663922597594
S1,252,L23,18350024997928322899,17c21ea516340c39fb87e5481566308c5803b99decc02decad4ed5971aef058e,True,0.4780371075218336
S1,252,L32,2642985645690546808,01eefa509c6a89524a148f96df6eaac732f5fe2a7df44fc62169701883608549,True,0.42097416531962145
S1,253,L12,7484376462422468325,ab94cc0cb32bdb621bc5b51355f9fc56134d337e837b2eb971f5d12bbea9e44d,True,0.39371974114715236
S1,253,L21,15313826532165329717,5a8c2da574f19c1ebd0a9dc601990d0cbe7e3d441ff41c00fa575a6d94ebe869,True,0.4694807496513351
S1,253,L13,7437734882347307185,aca5888dcf25e1755cedd42e31f134c477c1cf9e12ff34eec60a307fac4d27bd,True,0.4098174998947046
S1,253,L31,7185012256966052758,899efdf53f9ee4912393d89ff899e4c1ebd34497faa9d8908d89860daa1f4880,True,0.4391453438742284
S1,253,L23,5719459154746183590,553cda0ed42ec87a74e7b8e7af04676e746c34e0b76ea28297fb1b6488c7c76e,True,0.4767201463303504
S1,253,L32,2250060988166978931,e0b619b3c9d3488b853b7d33e6a94f630277c84f5039704d5c949cb2021c9c25,True,0.4227459233218688
S1,254,L12,5920093486581482566,cfd5c2d2527b874f61696c12c62cb45308f09c085b27a5ed08f8519a847a5774,True,0.38708307211932846
S1,254,L21,7834559261656591893,117748c206478aadea1afff5a854873e59fff832579693ee3c903a924763b86b,True,0.47240361040661527
S1,254,L13,17753232162924861209,6b407edad3b52cf6d5d82f80394a12df3f7ce810ead4bb303d208d1f5679db99,True,0.41458918855398036
S1,254,L31,13500966186356227900,b1dc6c889f5633eb0d38d9173c22d8e01d2a8f3cb842bc9d49732ed811755e7d,True,0.4381849341222692
S1,254,L23,13773054250871305191,e872f9b3d93c7bf9711aba830fd8ce3fb95466f11f9c2ca66bd2dab135acd1a7,True,0.4759200004164795
S1,254,L32,2392287796796743261,c017dbe9e229f545581eeee25dff29614605108d1b5bf17c6d7aa2f3957bc604,True,0.4254624130669615
S1,255,L12,11593829786552094949,1220f7f41294839ef09685dabab1bffd2f50064d89bca8f8bac210a02b3d53e1,True,0.3958237033325245
S1,255,L21,8462476649688968524,d15cc42faa2d25c8867213e3f667485bfc80c987149462d8389918f6889a5e1f,True,0.47247964595177216
S1,255,L13,5483874494040503762,a3c2557af9dae63e170ad12d8a618f06c65a40628d1b05d7d736320e544a580e,True,0.40946340559564176
S1,255,L31,5054808834447931991,ce647944874584b5b09d76f906fdb323a5c2cf5462f0533311883fa0608c7c0a,True,0.44163317420855897
S1,255,L23,676108960167310123,bd7e2e497a0852f625d9b9ee715695d526b4b80c2004bb76c55e35e15d07d7b6,True,0.4826478574260408
S1,255,L32,5425371300372831179,5bc3fa149ad9a24923553d83b9c60ee9c07a26bab2cb794220d6d232cb089ed9,True,0.4248972609807316
S1,256,L12,12842184978211765402,8b4179255c859da61555c2b4912a71c053f4dedf0dde323f5bd05678d3c21bd7,True,0.39216381703516884
S1,256,L21,17202454321197291234,f022e6e81f5a7b4c9609d875fcfe638a938ebd5d3763046c61d71e1b9738a0c3,True,0.46939905479312866
S1,256,L13,14133631778076273139,9bae0503697f2b9369f8bf3bfdd8b8fc39e8ea947af03a3d7349710577021131,True,0.4065678775910449
S1,256,L31,256713730065683009,1b3135d40438ca804fe75c13f1d7edc31fd40b0d94754b159a4e8d5760b8c284,True,0.4403982829980731
S1,256,L23,9571872747285199581,2c20a93a79da896ce0bd88734b041134b072354e58df34be17262bce3a589f2e,True,0.4796896259162666
S1,256,L32,10755800691313691283,8334b4bb68e360b38fdb5f64a7eeba25876652574f17e79f18b806822bc4875d,True,0.42436318018925556
S1,257,L12,13946005183954552779,6c046cdf016c86c06ea79286e5be2ae1c57205f7785b886c694d0951b1998ab3,True,0.38958872093533214
S1,257,L21,15683448850119865375,84209741a826127a74ce9d1a6b1312db42bc8c0a0381fdaac262cec11e2f8224,True,0.47479448984029643
S1,257,L13,4542702737422160471,47c91b54c624008f6235cacad03a1f4f1d7f5423323ce75991c87aa85ae84da4,True,0.4047273583895217
S1,257,L31,1679548337729873720,15b7dbb095363108f09b5a972f8b218d1658089c7918302189c8ad79cf96db58,True,0.435555068690445
S1,257,L23,7906117680942181394,c7828ddf0eb72a8298b968e88e3b65070c3be7d1efbab61c3d48f94ea1e8cb45,True,0.4759616074797018
S1,257,L32,16169016562806907996,07aa0f8505af75a70b30d0100af05d7f4e1e8a26f75dd959f828145850b631f9,True,0.4249962837493526
S1,258,L12,4540967927131121547,5f15daed610519fb6621e0a66f771fd2ee42c180a01072bbf01a25fd91258ab9,True,0.3926285550747226
S1,258,L21,10637617960887691736,d334d2d6b19e97a9896ed8b21c33e4f60f4bd58a71c6e5ab3089cbd902a49fac,True,0.4744162091075784
S1,258,L13,2719878914315228784,fd43bae367219a7ca961fc4b12276decbc5433836fa38dac53afe8e0b4796ead,True,0.4046619862187657
S1,258,L31,15768984752745987450,57d0e9768a82c61007a96baa0214d5822e5366b786fe23befceeb0c08d9d443d,True,0.4445773921563682
S1,258,L23,8219728720244583558,505ba8b371348a09581f2c341a35f0c246256979a786b117479c54451ed5cb81,True,0.4778583854136752
S1,258,L32,16192177700264618906,5f6724e0a1bda88fa83618ec895e25dabfc61932059a754f6ec31d1866a0d11c,True,0.4259302087634791
S1,259,L12,7142649387837617765,2e891957c67d3e66a83653c4756eea8e4f51ecd6eaace3cbae3ceb116a5c3691,True,0.3917394349894594
S1,259,L21,7731385277795998247,d4bce1e3f7ef2234011578f867d6ea386e77622a9f4a59ebb0e057510b557660,True,0.4782314516858123
S1,259,L13,12094545708570946276,80099d63ba5d4a99195df8efa3c3f1260c2aa6d349353c8e1cd49789a6d23e18,True,0.41092786850124974
S1,259,L31,15295638129131721278,18c75f84799a06f8c819f7cdd38ec4936e3294d681213447f373355c9aa4bd68,True,0.44517095515485244
S1,259,L23,18225200067608789920,4a8427d2c1f2b9e1619ccd38eae48af2ccad7a745e7dad404b28a448419c4b80,True,0.4688883057009643
S1,259,L32,18098800084949151331,eed29388faa0fa4a5bdebe2b05cdb5665e3532f69af61e28de0e5d336c63c159,True,0.42074573936915804
S1,260,L12,11145976587061394584,b8d9600aac90576dc6ae420e253c6951098af1371316f331c318d6f01b7bfbbf,True,0.3888116217050427
S1,260,L21,13407071657968325167,7d055ff8e3e017900ca4a1a0cfa569e964a0ececf955641600afc6cff0e295dd,True,0.4698798727663498
S1,260,L13,4005913323636713109,5076dee6eeb7c1ce1bad908dd2937daa52360193e3a6921ac3332e2e3f0fb0e8,True,0.4054341221538338
S1,260,L31,6668629153497874991,d13da4c7cb3456eb2eca34b672b021453325be834c969e4a547213b92bcae0b4,True,0.4400308714574308
S1,260,L23,9390366446143739860,049ca76817243ca110b0a7c59ab713b5ff13451adcaa9e73d89e17199102aee5,True,0.47687352901354596
S1,260,L32,14716648993179916157,bb7d6b35a63950b7440861742642b82fda075faa4d77b106557df7516d1abd7c,True,0.4239256650420643
S1,261,L12,8630169972235728685,fd50ae38c49a3c11c78a513c056f1a6f7a39650f16f004533b68063b61789fdc,True,0.39257887093993993
S1,261,L21,5582904896143769134,4f292f2b7ceba5f89908e77ebc2752ec4980359708b2fd2bd61cbae1138476c5,True,0.47068244179549135
S1,261,L13,17586709647218393256,c6b0afcb5d6f2ac67cf71b1094002828fb77a49191af4e1618b688f0cddc761d,True,0.41203598568445354
S1,261,L31,1741579138397282317,823676dcefa46182e73e83bee55b003541dbb3e2c5e03a568c657b081bb4ad9c,True,0.43839035727030984
S1,261,L23,1859442444892013875,031ba86c29a7058e13e7cf3d7310beb0c478c7737394a71e6c13464a5a91168c,True,0.48104301930293847
S1,261,L32,16585755157001519902,716de6e7ab0652019560245a825bf5901c6e32b7aa46f6ca1dd283fc87297eee,True,0.42451997414605386
S1,262,L12,4135624872370009625,0bf55dde2a1e6a6a5ec98e098f31a3bffdb3bd57ab7a82ef58b6931c4d49010d,True,0.3917885811877841
S1,262,L21,9976705708087830248,e24549595df3b57fddc0521c5b644cbf7a823d090a2fc21f8d8b199f7d84b8bd,True,0.4658218744653132
S1,262,L13,10783689909357498259,27f01c09b3c12226dc6e2203d64988dda4ea64ae70efd052f6b072c24f838a0b,True,0.4116440582708839
S1,262,L31,7663326413832623027,0fcbd75d51c59c4a24aa025ddaf76fefcbc5d92ec3de53fec3b43e0f755a7b33,True,0.45071742681489224
S1,262,L23,11146574171785707999,a9c3731f82a9f07ab5609a7a900ded44569aad0417e3fa87092b47aded449b36,True,0.48449930480773085
S1,262,L32,5184083194191203985,968fed48301e90fcaec9423ffbb666213ea611abba7c4a16cd9a3f738af5bf12,True,0.4286757892006002
S1,263,L12,3483418680495367813,8b1c5de19f20e180e97ef67fa2f26edb5aa2ac09d3d102ab63d1d41d7d654af0,True,0.3936955250665843
S1,263,L21,3254081477575651981,b3d1ba0e5c4cce54e907b460638a011ffcc106fe08697529511a72ab9ad0917d,True,0.4698181036300779
S1,263,L13,15000458704386884447,794442983040cbc1bb59ca512203a947d4da8e5a62843b934a045f29edea447b,True,0.4155256102262693
S1,263,L31,1623612860305576448,55f2970136de258f4dc74c73e4a30d98a80b9e3e770f9ed1ad6d702b95623131,True,0.4374716361221107
S1,263,L23,10892226148859120750,078ad295797866bb58051f6ecb41f2694da4c6f32b360958dd6b799d8b8ae3c5,True,0.47646624228186063
S1,263,L32,16015855180288293355,0c74a1b1c2fdcbd661ad38a122c597d72321dac940623db3790380261c264985,True,0.42800810751423957
S1,264,L12,16633432398423133090,1c02a1b160b173c176e00512b6ef6b0f97e78f065962c1be932817dd26646356,True,0.38852821625431533
S1,264,L21,364397884219944101,2bd5670c5a8ab6a247cbb4297d3c1f1d55220f1e9182b457a9766e766e2a0352,True,0.47221678594894256
S1,264,L13,12430344181318183195,3e66b8f6c075793ca28ffc07274ccf658bde94232810bbb5ec26b300931dc0a4,True,0.41070521636402296
S1,264,L31,7738601616598016248,cab90a48e04dbb1ca29387c508da063438ebed18bd5031e9bc9feb6bbfabaf11,True,0.4436601346227928
S1,264,L23,10130686883872594430,6edfa5e66f3e82cd3be28b608b70626bc966b998e5c5448e0b604985008346a8,True,0.4820750044056889
S1,264,L32,9675751950368245585,41f9b2d5af19586b4579f79d15c489623a4e889d81cde7cc2e9af4e1c525e3f9,True,0.4237594172449718
S1,265,L12,17414038905876697058,6c0c7452bc9fd4186df14e33b3b5a7b026ee9dfc0045389dada02547ab2a712b,True,0.39227253591374905
S1,265,L21,4709807008190643645,f8b4b410670c015a5bb7164f7efe6fd8a9af0bf73d37938518406caa06d8e05c,True,0.471058735249949
S1,265,L13,12839508466731954701,7e4a8f83faad3a54672222e57cf5333fad3a57bf0afb29d0a960a4b9c5d778c6,True,0.40807785317120426
S1,265,L31,7057313305470682429,95855d5f91ffc107f91480dd99275825c1c602ec3a9f5fe3bb8ac73ed8a80bbf,True,0.43844134870333057
S1,265,L23,2317473593260750691,262ed05d0c0c49f6ae062ebbf5ad7c5042938bca8172aa254535382806e90885,True,0.47862800279485457
S1,265,L32,14280830270177242751,bcd1ce9f7f743786ee40bc5c3cd0b39f4d76ad13f980edb65601a79448af066b,True,0.42591164105318025
S1,266,L12,15155322674303397170,51d250771eb698c90adbe799d221e2393d33a1f7c1e4735ef6a38d0fae953625,True,0.39676059478467296
S1,266,L21,10299063533868050239,567b0f4011ed7eb8f17288b788981ffa44eda8dbb42435f1d78535647dcdd007,True,0.47357787639181836
S1,266,L13,12789169960272742997,49b264eec7f6f45befd2fce6835c5cdbff002a64bdfaf093c55835e517d4c7d2,True,0.4035781016086458
S1,266,L31,9006108344072472518,825ce5944d72c45f46f360f2471f65c2a44110619a508d98fd2f04af3d428f2c,True,0.43974161840119774
S1,266,L23,12913277301670495009,277c7ccffa7dc6fa93daa8f4dad6a93be9f603c9dd3a427359123189e85cc643,True,0.4677425293053606
S1,266,L32,7927073752778589064,c616818357136cf2154974ca5fb7f0c0ce83a21a9d06b61e59bbcfc75c82833e,True,0.42010660542418216
S1,267,L12,5472629799920208935,f764d5c1b0dfd82699dfcbea9f0e3075ef446a2160245d3af5f188e6eb1647e7,True,0.39132557617810726
S1,267,L21,13202966454403264777,265fb06c5aa181a6d26734ab9c4fe6930d1db1a58651e21dc81b00cebe32fe7c,True,0.4741868678416292
S1,267,L13,2126147826769104848,2284eed06bb8f2e7104060bd90dbff4f0198e3798548c140dc407ccd14a73652,True,0.4089504061673952
S1,267,L31,8087057481180994779,83ece5e45cfcf7d4875755aeaaf9cf46ca5269dee6bc9e4eaae887dafe4be109,True,0.4368387679978751
S1,267,L23,7550358023712848882,b3f10ec85d579bc9e69456d0bc865e627710f69d142d3b6781345c016a1e2684,True,0.47354621716802325
S1,267,L32,16267715576892416473,0d18193d2efa03a4472285cee07978fff2d0f592d00500f2e95491631b10c3fb,True,0.4282968601122216
S1,268,L12,4369168267068053382,34d63883e81d1f97fec996d2d1d83afaebef73bf0827b4ebc844b11a7ccbbda0,True,0.39383566927601144
S1,268,L21,11273752832783075794,bd865ea1b3499b5fe65fe15d8346e71f8d71c00fe8f2c47525c665f64ca723ed,True,0.4743047506490855
S1,268,L13,13417512643507929149,7735b3a2272c2f741675ac8ac1c99da7c0ea376101d2d201231af7b68711108e,True,0.409721666018621
S1,268,L31,11114678244645624358,06b29a344c0336085f3ecb6651770fae372994f33d5a719d673d9342ce1e6ce3,True,0.436244829421692
S1,268,L23,13771137758244238584,4dfe36fe2cb69267b14ca4060ad0bffaa0170b00a5d6c90df8e4e38262346956,True,0.4749020854508501
S1,268,L32,3513419578633205668,145ed24d7989cf7326d05b2eaec1e3b9f3d4963ba255a716c07cf3ababd402ae,True,0.42430262543659125
S1,269,L12,3727973207415080268,110896d6f5608c073863df4c1d4a1d701df9dad8aa733392f26d7dfee224f6ff,True,0.3976600652628225
S1,269,L21,1561168718780844122,37ad678f9dff6445a1420044f1e0c7d7b07fb671072aa3049a6012fe37a669e9,True,0.47422071846022795
S1,269,L13,7726983447750077626,4f5aa3ea9abf312b6bdf2b89a09df0791c00543ad0e86cbb544529174825d75e,True,0.40823535180214215
S1,269,L31,14097631519501372679,253772d80c9e2cfae6419435044035b1f719fa69efe1ac171530a7a3273a68c3,True,0.4388303098558818
S1,269,L23,3702383244481815686,87fd2f27dd2a916d3c1eb3b0773d151b9ef87816b73b3cb3ec13eab3517992e1,True,0.4812241552673411
S1,269,L32,10343359566558964210,c652877f691a3abbfb2441a2f841acd6a1e4871ce4680ff6d52e4ea206a40ae4,True,0.4234240055984938
S1,270,L12,3045364357461688242,fde0c3a136051eaa27eb0bd1e076d2c6e35863410c307a74fe99e242ad7209fa,True,0.3922014477873475
S1,270,L21,11125052963685534964,1bf8898a0fc7db94fada5699cae79737ea9b114a2dc90e4aa9fd5561d14c5bdb,True,0.47405482365538365
S1,270,L13,9282295675993017250,80476bcaefab35c07f1c418e08aa5c6404edd0f730ceb4a804b6866e6bc07dd5,True,0.40527504963308286
S1,270,L31,16572162636485198748,6b255a0ab1fc29976f4bec2cc95cdd3881af8cdc669c4c53adb80e75444ebd48,True,0.4372092304534157
S1,270,L23,4014588170502394265,a2c0fbe6f07f4fe944f022db8c4263c614437b6b60593d258d3849fafa30e10c,True,0.48194103989533565
S1,270,L32,4540065132795073023,16c3de832b7a320ca85cf3247e490139d6d4563338c30e1ab3c49c667ff969c9,True,0.42604591600516073
S1,271,L12,11326952284886959334,697afd7ea4dc31f865e3e44544138c249eb66cf85ab41bfe35d23688cb5ff453,True,0.39608149648870417
S1,271,L21,13954229000273987184,69d6c59735d5a5fb8dc5c671c286dcb3b952749cbe9421b36fdf9398fc27ffde,True,0.46789247270045164
S1,271,L13,13085036139025275902,9b269a407e65d2391d84140f95ab677f73dd6e2928e73ce9db36bba990c7e44c,True,0.40898905405202424
S1,271,L31,7387580551161478518,0e2083aa033dbba9f22a01ebe9559a23f636c47f0819fd785b78905c689138d2,True,0.439813302629361
S1,271,L23,6810261500137696977,6cd29283c5cbc4b6d39e24faad0390525625002e0b8b4e6b7ef1a6881c9fb8c5,True,0.4813968589046294
S1,271,L32,5097475060304007939,fcb88afb4a83194e1437ecb5ca49d5ab95ed2e74154e3d60ca523b12e8566df9,True,0.4242207129438458
S1,272,L12,3767119775749950213,6e0f924a2a2a9e7ff60007b561fae3f069d6caf3df6a76bb948fe6258be44da2,True,0.39062818301289837
S1,272,L21,1660295958295686613,f6fa676e2fa0cf4e6e3bac934ef85eb97fa914f7eba9025553d2b6758231bb38,True,0.4699163225162941
S1,272,L13,11780527444635238074,d1a752eab3c1dd4c983e2f3593e1b852142437c9e82c63894e451ba3ad57a702,True,0.41016719748307284
S1,272,L31,2889415015076500005,287834ad81d98721b3be8f4796a1c10b876d54bad70e99352f35780e23da9194,True,0.43935202169923554
S1,272,L23,13357674080438373209,fa61b03cac0d6dabfeff8339e3606ac7403d1378d518854c429488e17086ca5a,True,0.48091253350284546
S1,272,L32,3207496697272415706,a231d91124c2880c5684ea89461d814cabb6e156e1a9b0359aab6d8002e1c8b4,True,0.4223636427750702
S1,273,L12,146868072661299959,f452d56899b3528611f9e2b930233fd32ac0947adbbf1dd649f9021b9d1362b0,True,0.3889434998797538
S1,273,L21,5865245667315555983,b4dcb31ce143c6ff10a557ee28777be103dcd98d6300afd946b5d80f8bef8ca6,True,0.4729374247912684
S1,273,L13,16404413398264000008,60675c9a9f687c2352ce5f4abcd1aeae8aa5c428713b3d167d9bab8273bdfd64,True,0.41196602186367925
S1,273,L31,16087813983708993515,2432507fed893e8eaaac265c030cdf79cc8636caf2b847319554ec50f4112f8c,True,0.44293963745425213
S1,273,L23,561920692970165179,b6848ae6141d7ba20238f25b1d7685e0e76050dcc19fddb09198d65cc227064e,True,0.4791056647330284
S1,273,L32,1311803739844786612,d3f4365beb1dd90aad542fa2d1cfbf15ae4d7661da37681aa4277f12ab917118,True,0.4263420232681797
S1,274,L12,981882264003100524,dd101caae13ec8628d6d38dbc891c73033d1b6efbe0986cfd201d395e5a92a81,True,0.39042214135493913
S1,274,L21,14681816621356063091,70632ddaaf504083989bfd6f98cc84f3ffb6195e36f75faa98412731ab539d42,True,0.47316016765803415
S1,274,L13,10351553066754094882,f087c04e359761cb70417e0add9bca2e2349477d5a27a6f2adaadb079d0e8bf8,True,0.40732323912664814
S1,274,L31,17004941789382940166,d13562ecdd70245bb724e94ecce3f802f78bad7a67ad8dc68aa1cfe65f4defb5,True,0.43535909966582886
S1,274,L23,10992690848077732527,96a6ee4b6a9495e9c804d22c75ec56679fba82d4c4a12f604be9877c22b837c7,True,0.473407622248624
S1,274,L32,2805426798606367777,fd8caed997da597e8295ca892c7d6a718d2b98ac7110e4d07b25078ec30d3bb9,True,0.4249709786202539
S1,275,L12,2936675379234572359,427a4d8b2bee623c9f12eac636aa19f165776051996a51849a68a07dd77ff8ed,True,0.38996789227377837
S1,275,L21,485510905585039364,3a5dc2e595c0d2358d5a6c619cf8e9d0cf884323494b9dd52c5f58559db6fdee,True,0.4706933153319599
S1,275,L13,2068428665693613565,3341f73c71e467aba9a05456ffc80aca89f0e9b5821aeee239a3a66a72a63cff,True,0.4112548274821858
S1,275,L31,5709470731559631958,40013bdf0f87b01fd32ebfecd7d0ae50ceee1252221893158a4075c49015b8e5,True,0.43577152340383707
S1,275,L23,17321522439305663715,2668e12aa9a7aa349c41603a03cf98d8ac4f714163c7971d4b269d789d9c7f33,True,0.4775901357486206
S1,275,L32,507983402236513004,588b9373ac6a21c4d41221625407e4136b7891d61389aab2c989acd23a92b934,True,0.42414135482806403
S1,276,L12,8694381493405438603,a7e5b1a042a2271beb90a3d86392b8466f8a67f2826b6ab0373ef61179850cd4,True,0.39378006831042245
S1,276,L21,2983978739408107617,f72726c247c2cdd730039e352981d5f036038c477be73bc9cccd95e76dd3a021,True,0.47253743713028157
S1,276,L13,16714533876942732068,3e4745ac5c566c65c0e8775d4366380b2fe849c6f44e388847125cb63d0cc537,True,0.41582492270881444
S1,276,L31,17551464439181917862,e8a2e85fc9f622b9e48be9392d0ef782b669d337c3aace9dcf71902b1c10837b,True,0.4390711008752558
S1,276,L23,7969804409280904032,e5f7178e580406fb3923777ef2a18afb651847c0559f6f715eca75706912cad8,True,0.4821807477929129
S1,276,L32,17264868997265126492,dc346cc021d9cad20962dc6dd03fbf41145d1282fd8c1d13d58db328efb75a4d,True,0.4233825125372605
S1,277,L12,14828113944215277709,9e254ae99af79c74043b4e7ac6bdcf5dea8c90cd315dd4b8ca9cc9e571914713,True,0.395384925295247
S1,277,L21,16272250679355095258,22f0a863bf211066cf5a528698b64ed9b35f872f26555cf36ea2e40ed7d06c23,True,0.4712494858755003
S1,277,L13,10208749097549161328,c7ee8cc2968134eef2bb47e3d604a521e472d797ebb25b36d6edd825b096adb0,True,0.4087699760208674
S1,277,L31,10870845171856940786,879027e3ca8949691871302566f2bde3b318806e6426af5bdb949f08f09e89a9,True,0.4428899828022869
S1,277,L23,943720344101189248,e2c02bad4fb33bda3b2b7f12454cd4a6c1cb5f3888987f90e7d1abc53c944d0c,True,0.47438534739810956
S1,277,L32,13317024195449562852,76ef84b143128beb27f745b78c5fb0581a667a9b557ab6f77f4e7cb50f94b6b2,True,0.42658679696760815
S1,278,L12,16340797503331632842,b3e801f882ff30c946acfe62b3b93e42384fba10ec778355aaaccf22b7c7875c,True,0.3943061493950296
S1,278,L21,12513967623391221154,d4b4d5f968e29a9fc281af3f3e08d8cccff16fdf0575c05a733e82cab289f9f1,True,0.46692380371826947
S1,278,L13,7997509368754260874,8610eb39526b518c9e40d870c7143ff0b02b6411b1d1607ecf0e1a672c08a432,True,0.4068475853826093
S1,278,L31,9617467716476842422,411509ae5fe3c0cf778b81bea88b38fd44211de9e5b81884ab62af29e0f9cd09,True,0.44274888474291796
S1,278,L23,14472946378134477994,ed286e785a8e5bcba75270b5cf0d03a9bb4dac93581f148a3c6a758ae894a344,True,0.4720750642317893
S1,278,L32,13414236119934033621,9b59ae9805d57b5c479b901c2ede03f3a9ddce667cbfc9cdf895cb9f3aa5b2f0,True,0.42770935968442403
S1,279,L12,7180554125097123880,82fbb0540d94e3de6b316812dccd6faa3b555201e20c713fc09b26947c138f83,True,0.39023021422219994
S1,279,L21,582844461555858749,ced9dfc96cc2ccbf98a4cc3ff9fda44450aed8ac041e58d03ac1ae8376f59f05,True,0.47322109249487965
S1,279,L13,17267851443940479848,40e8f56f773fb1ac64506a53c4f298cc3c6943713b1f7f7a667df4e5ed2e6953,True,0.40925267307377633
S1,279,L31,5149644265994643446,5b02bef9e1391c49f29b957399b997a8755b615c2f0d2e2e7524e44f54c72aa4,True,0.4426149483318747
S1,279,L23,18036047364173868441,554c46fd0fada3663ea9fa0784831aa4d70bee23047403a1439930003c51b4c1,True,0.47242962802926436
S1,279,L32,6687435094811453308,9d13fa74010bdb0476a4e63439ba478eb83149bf001a01d4780d342fd38f91ff,True,0.4293553359211366
S1,280,L12,2189198526854890087,559525b81753e8f270b6b1f4ba77908dad5e5ce801a147b95a59c648cdf778bf,True,0.39260464872562184
S1,280,L21,5145071009446184440,42e0e841900f064236fc6feb2a6fbd721e9cf5e8787844ff975f712e5ddcf90b,True,0.4703098740092025
S1,280,L13,8174937632768938016,922d19642e407e079692aa0b957900eda17eca3f5f8abf0cacbd4143cb01893f,True,0.40614084270065604
S1,280,L31,3435505654478352456,5684ff9323f028f6400aa9539c968e5ca4eb6ae7735c8ee5ad6ab3300cbe5dcb,True,0.44630447974712995
S1,280,L23,10725738867643402952,3b949cbcdce192865457d063c9a223145b1df1d3a31e9bb778f7a44a99a575a9,True,0.47919447141804133
S1,280,L32,17596889729971152564,2d79e4dede9e3fda94936b4402729eeeacb1594fd0408ed1a3fc1ac94dd36ec4,True,0.4235470009723289
S1,281,L12,7820716049900478946,9fe510540c90fe6a8dcc5ad053061321b50ef338cdd32a096e2a5bbf1f91ec9b,True,0.3892680234357618
S1,281,L21,1738993494146001551,f3a6b9a81c846e58bd162300f1c14a93f711fa7497f81db90b568c975c5201c5,True,0.4689390845351588
S1,281,L13,15689876071938060051,f33aa72388f80d8112907c2f282702e76f5dfb8f56ac352e96bef5be157c9b5b,True,0.4185457058205493
S1,281,L31,15241009530859304770,2764dcf768c779844c9669727b8ae90d568d2ca196f9f1db6c3b03665322cd9c,True,0.4368102797480141
S1,281,L23,5935730981191820602,251ae9d42e8cdc172690b34b3e074e3016b98d76a88656409bef967a48275ab3,True,0.4715225461589483
S1,281,L32,17317697528171444746,636e6776316ac8463c6075ac155759f0270dc01ce5cb823501c9827c5b91f83a,True,0.42121205354211405
S1,282,L12,2212047475211836844,9ec2ade00da0178fcb3332922dbbee6528f8795769e437b2fbf92bd489b892b1,True,0.3918529705975617
S1,282,L21,6064966345398282816,05706e336aa5a4e00f76f815c04ca3f1625a1f40376d6f9bdaf15bb68cb189fd,True,0.4741040134534294
S1,282,L13,17036575593074515261,52c8a07b5924b2b11c5f4d3b47b0c2ca783859878eafab4e3bbe1091b1f40bbc,True,0.39873397281240336
S1,282,L31,16358104815878442299,ec43fc1c01c2153e69162bf76c9051dc1efafc23c6ee0e48a2c67bc825725357,True,0.4423534105125278
S1,282,L23,5986958504250122153,13cb4445264ee7fcb67c499bfce0a3afd828e396765b01ddefbfd514850b8b8a,True,0.4766490743262721
S1,282,L32,15412747521865300325,81deadb85ef89f442e765244110e3b4d4ff8d17c9e1663bf3660d2ec47de44ca,True,0.4206471920507612
S1,283,L12,13264848276971744386,bc810ea81833cac8ed6a033398bf7f164e2a2534d117f9f74d56040d1b2d8ae7,True,0.39574639500873277
S1,283,L21,8965711500791718754,b6ad28de26b1ceb2250cbe8b1f6f9419fd5e40ce1471277e36671891c10076b8,True,0.47334322213220403
S1,283,L13,16185019268455271805,e9731e1428ce1befe0926b2a08de52fff607dbe54f30e897c932e5ddb8e97336,True,0.4059936846984188
S1,283,L31,16793981339105205890,6bdfa2ab31f6b5117bde118f49fa716e0fd0a898946ca7327f3a4fdcca8a4bc4,True,0.4361648412969509
S1,283,L23,7504971561821744494,b7cbf1ff33f34ca9919b612eb5cd9df5e63284a0846876ea0deafec7abbc078d,True,0.4723294300232065
S1,283,L32,17466939197487317090,6c8cce9f5dfc89e67d8e231e35dceea86ae1d959cf4bc023c11e52c7987f25d8,True,0.42345968440173626
S1,284,L12,3185554493607544838,947d22b3fd38a90baa10d65404883e15c56a471f80352fe03200b5a43505cb1b,True,0.3915297461229772
S1,284,L21,15902989480886909273,96cb3f288a99676d4941b0b0632f16d0fad78d9c5ea80f6464225f063b1113ac,True,0.4724877119341224
S1,284,L13,13050294074768816891,51b33fbe6661cb5da7e01ad8f29f537d94247a390dd0efb8a7af85c04fa3471c,True,0.4039669428170421
S1,284,L31,9378346146268425343,c273f6d4ac6ee111012beab7deae37cfbc201bccf00f9167b8946bfaf92820e0,True,0.44207583585456967
S1,284,L23,4358786845139012471,87296e5ba398e3b2ae1f2bae0898c5e746956a3060d7c5986ec59b6bb872d964,True,0.47665749215774567
S1,284,L32,10310097094370269014,11deb68df1831caf51cbeb9ccf7939f783bccc13148ca5b26c552a9bfe8620de,True,0.42528511840462224
S1,285,L12,13284120750967474261,b253c93ec4a69b90122180c394b5949cb7efede6edecf372d2a221cf3b1bc9aa,True,0.39575281726716693
S1,285,L21,58159508477477790,ab78462c84f2835f7a8312f33ada2a785d979fc215a634d864389841bda64076,True,0.46772187100672236
S1,285,L13,15697808251165740937,eec849804cd92446e81b212033b7f2fcc993541a92fdf897cc6520cc3bef6764,True,0.41120184313186214
S1,285,L31,1241629961917231988,49adc5c854969cd8ec39ce2534b42240f5359d1449a8176df4c8d5dfbce46e87,True,0.44050960329526734
S1,285,L23,15392228662579230556,e0f4290a1e0d86dffc5148d0f352feccbba4a8de06c59dc7d93308a8828978e6,True,0.4758458397689674
S1,285,L32,15530399595068880924,48f468ebcf958909918009d65a4a4a4b1b45b8caa1717b7b80cdd7f53a4b294b,True,0.4189565689308155
S1,286,L12,14097131215668564026,7fcc5d26b31f27b00c6e921c60b122c7e58281747af21acc457b5058ad25e779,True,0.38767239920908914
S1,286,L21,2238889582923916553,92b5ba7d8e3c7dce7403af8c46748e8329bab4f2bbf7dfcf6fe755739fcb6a9b,True,0.4780430927957115
S1,286,L13,4289929330436608594,47304485b0b000646368cfa3a9bf1a26916672ee9da13f58b95c6ddc2f454b60,True,0.40982934804362137
S1,286,L31,980977235854547443,a432f3c2cadfcd5a31f5de5b5e5adfb99e39e3b4b422dfdaad79d2b6a6ba9c0d,True,0.4439542732219105
S1,286,L23,5288142380757885001,b650b557ddc2f920ea4516d85066741a46c3c837bb2df87ef62dec6e153844d4,True,0.47515799996385494
S1,286,L32,3808236750823104711,21fe6f0aeba14772f396ff23660f17f9c8eced430b595bab711c9b692b559b61,True,0.42252577837496197
S1,287,L12,3126753057786158503,bfb23aefce590f9fcbb23b20a25019c3462d233fae4568601fc0cedef1aebe08,True,0.39125306366015367
S1,287,L21,3812064973553413141,155fca2b3f053b8c7412673c800b97f89f5dd95c8ac59530f4c5484ccd221c98,True,0.4737713685355576
S1,287,L13,4323715003958406733,d4f4f2115086a6ff16443c7356716c95b4790082c99bc9cdce76c970d5e9212a,True,0.40740051501558916
S1,287,L31,8375681052674997927,61712a96ae8ccdc49a8f1576ea91e062df06dde978fb950142b1505645c89cfb,True,0.4413807169766368
S1,287,L23,194546156336655529,10f869e481b19dab31c9d9f8b59a2baa06aba40b064e9605b9ec22150542a20b,True,0.48209866053094164
S1,287,L32,17653410615871983058,8d118ede0b98c1dbd7aa7b22bc217588d4c8c09af2484018955a1c3d10aa6efd,True,0.4292592771789139
S1,288,L12,4205237607281137253,b5ab1bcc9f33420bebc00bd6ea242525fc6c33fb853c6ace484f4d86d5a0ecc5,True,0.3909290682534495
S1,288,L21,5590813732304841364,582df5819693d3a526689d2d83ac7660d3eadba776512eaf7f36f7f2c37c8b2d,True,0.47596661639241
S1,288,L13,14616441946001183232,56567b42dbd5c3607527c2b8cfecaf02d4c920c0dd5ee7e78d0bc32a2ae8a54d,True,0.4112895955067154
S1,288,L31,2814871085813488940,4881b48342a6f45a91884ad9b394380958b73cf2fece3e21c7abb3de357398e5,True,0.4383854645213654
S1,288,L23,8392676032380174878,8572c7846767c00090be14e7f82b0feb5cefccd704ed65d71402280967e5a019,True,0.4825594459393704
S1,288,L32,3387114108595399850,3139f5065e85d281761e1d73aff54f68737d6ab56abae6adf4ff7d2aa7d1e278,True,0.42521607679594764
S1,289,L12,10055393873752477165,33828771a95f033dcad8f750a11fc5795b34adb2968bdc06797526f1329dd694,True,0.39448360119356674
S1,289,L21,13024976976015605043,cd9d197e7e4180c1f81fe8002bdd103e263547561fe5b4d9241542d4d09cb805,True,0.4747930729653782
S1,289,L13,11168602221346852078,d350e2fe47a03db7e3938ef2419fbd337484ad53410f698df6d1f4cbc8a672e4,True,0.40702062837258113
S1,289,L31,17294713453471476589,2ad09a6e1f306843f69e508532cd24a1b5d5da362bd82bf7f9beafa7c65ca406,True,0.4447635410325175
S1,289,L23,3357688746496891022,d451074fa6fa44d1753e64e0731f621310ae5c94fe4580725ef8d3c9a1d36639,True,0.47059035681024686
S1,289,L32,18293900072122497804,fc23b852d9fe7d19ab4371eeff03cdf1ad4a867a0bcbafac1ce6816747c95f58,True,0.42072539658370334
S1,290,L12,9572451974089883152,c2159265fcb2dc023074dce5d33e00652364d7027b0b063197c661c469c4f433,True,0.39373487255074885
S1,290,L21,17519305637253254559,74b1ade5b1cf6416f75173f0b005c1f7fe4fea6185e62d19748ceb8493c5a7d6,True,0.4774412528460151
S1,290,L13,1283489704641500905,ac2e5beb4ba413fec0a8cdcf872d4b10671c6783fabd507a4bb9506261cd1405,True,0.40661902865765487
S1,290,L31,11665238964871890709,d97c9b333ba7624c6ee3bca5cc4489ede25fb270003770800e8cc070d2a0375b,True,0.4467297593947423
S1,290,L23,6860920317573123588,8c81aed48fb8730d86e5bff100efcfe669af0d8a08ed13ce7607259a674c778a,True,0.4838999469732656
S1,290,L32,14769937189761580611,9aac80baa5c38a7105f2dc9ae904e7b0d0d3bd5e1fc3747c97235eff368db00f,True,0.4293347507416809
S1,291,L12,9679616952880618677,6db33c6bc75a41dc449421be0c5888b6f86c3610aa471988ffa8d14ed41513f5,True,0.39230396108705007
S1,291,L21,7562912206431315052,42b198dbae9b85257ef3cc348e4c2d27640d6e54bef934d440cd05553b67ffdb,True,0.4678005920135451
S1,291,L13,373551828241048766,f187305dc362fde49243056bbef7c228dd43a5267da713f423cb4bf099f5878d,True,0.40460981300918875
S1,291,L31,55282300941153191,0c2ee729f86d8cf119e7579fe3daecb083d5f4b48f5485c5bb03b0204530e6af,True,0.44376523620223407
S1,291,L23,7242685078711170860,13d7e61c48be29008fbde21dacba86e7dda0ca76385ead04b89eb3a60daed9cc,True,0.47615290453910997
S1,291,L32,16310889536373016239,1cf1888cf4cc1a3a81cb664565bb25d166bc58e4c7e402780726a4806f4f87e4,True,0.42494461027082475
S1,292,L12,11510082243761255400,d7c84ae023334b5a4d520e44c1734cad535574fd914809db704f7542ccc3f23f,True,0.3908020492732114
S1,292,L21,4673225324972808045,40008c53065ab3f885b6eed69622da840522fd7cc3d21e6b69377c1a99d9fdde,True,0.4670309704869301
S1,292,L13,2178009377136982756,757163765145f1e19afac3d8817cf6f653a6dd271288de53447933108387b5e6,True,0.40956228293800784
S1,292,L31,16204983429861824920,1ad3416d8549c3a0b185f2241d770b2c59fe9d199d68862261d04b243cf98f47,True,0.43738694553889323
S1,292,L23,4911329735048265283,73b05728e893553638a2770d0a7e0794cca72f6887790e3579658d024f39769d,True,0.48383003102627753
S1,292,L32,15624787522086262309,4c919a12c5bef95bab9197e21e9343fcf5aac2678d58d168354b4b11c1a56324,True,0.4225096316322019
S1,293,L12,12939054051082968139,73af700d5560e26377e524c9ee0a5b39ad917eba6e15da1cbadfb09b9217f5fb,True,0.3924369455391531
S1,293,L21,16052376270284509324,bcfbe7e1a6ffb336ea36fccb66ddc36dff9675b7efaf34b5a54b35e562eec180,True,0.47089727556419225
S1,293,L13,10153410610451925747,ab21a3dd2c633c911eb725925ed10fa85cba597e68d2724f1f4c21dc1dfbaf5b,True,0.4098630294055019
S1,293,L31,8227132602770566866,78794d3c07fddc69e499de61bfff4d1c71ee60826cdbbbe4f9b78a5aa524f1b0,True,0.44208752890178327
S1,293,L23,5317883556584695400,c9d8ce8a7f95913cb7585b71da8904e95434cf9dae961e231195b81a503a503b,True,0.4754105196778047
S1,293,L32,7728995645561767405,756e6567b33c76ad87b8dac739b2dc04bbe0ff2c46c212bdb1c3b6dd3ce15869,True,0.424146675086815
S1,294,L12,9004413950401218987,7c06ff7376a1dddd9f7f0055bbe79f5a08fbf26ea56e7555eb976fc82bc110ad,True,0.3896379120952457
S1,294,L21,11367391835768818419,b4b4a562b3e18010a1d3701e18feb3c6426099032f1c83d4a1068528723709cb,True,0.4675866407754437
S1,294,L13,4036623722093526931,5454114000746acbecaf6d3223887d9abc828d18175a7f71b5f11645c9f8c7ec,True,0.4073517245444569
S1,294,L31,17890248106692977764,b0455f2592658894ebebd4060a2f8471d52411d6e2d08e053332d1d51ebe2fe8,True,0.4462073296119782
S1,294,L23,9539160218125348821,924ce6b99d28633560b81d69773873daed84791ff5553214fdffcd82c5fd5c44,True,0.473249043810363
S1,294,L32,11255311961998849809,52bcee94b326f79844c3c0b2cfca8672d4c44fa8ac2b80b863971fc90aea9a29,True,0.42153705475760267
S1,295,L12,4865468597993368698,5ec45547a3b3e8115400bcecfb146d867712565205fe4b1d776d4ff656b399c9,True,0.39132346519266925
S1,295,L21,3958370307378036788,bf525920f1d6a44b6f814594b4c4f4e21d88fa9195a37f2cbd9ea10eac50fec1,True,0.4741093097755462
S1,295,L13,16555251238895603619,305f3340776ec9ba983abd1e5ae2fd60fe92790e450b9b08a377c7435339c05a,True,0.41501324290374225
S1,295,L31,16150387331992741550,b1f4b81c3e7d278e1189082c2d01a74f1ae4a95cc3eb8eed2d88cac694338c5b,True,0.43731930101783534
S1,295,L23,11609828948901291204,8a3d062f94f2895b0d5c7bca53864e5c0123f4d26cac714686b2ee54ade8aa02,True,0.476123577729195
S1,295,L32,12032698830164764243,0ac26eac209c1b32f67d1a20c64eeee0319f42a32ce471a3928cf6066b494106,True,0.42575708413207863
S1,296,L12,9261650253325039864,94330d73b0c2330fad88db61b898c8ff7c250e755ad25a0d9c014882620502e6,True,0.3917705973192203
S1,296,L21,12003839047076403806,cb1be4df736abd287d9be685c55a856675af70148fbc4154aa964429381529e8,True,0.4777763622112582
S1,296,L13,7435582293382727737,63823540ebac6f8e44b9735ec65d3f6701de78c079bd61b112e11ec0e2b0df6f,True,0.4068891522861619
S1,296,L31,17317625158263421233,ec001a66421354d19ba0e0c99e869394ae612670797d293859992fa71ba1384f,True,0.442069524238631
S1,296,L23,1480434748823280317,c6dd3f0ca0f2d43f507b777ae0f92fb43d40969bccda081e6c1e47ed17c39668,True,0.4726007025619751
S1,296,L32,18292009654294105689,816ffbc00df337e423e897add4f00e9482bfbd2d9c33bec3043b341f03a9fe98,True,0.4231811339899611
S1,297,L12,4521919136998440639,f098a29513365547949c91cf9548a1a32e991cd9da35e489619774b2f77465b1,True,0.3895081378081467
S1,297,L21,15773987867226592293,f975d8b29e248074ac04fd0b332c4a2e76963f9c4ce5aad7c24f4050b8300fd3,True,0.465624185819978
S1,297,L13,13065510079793649262,04b8a6343626ffcf6208330cb5d6c179542621cea320ddcd2acd75da3683664b,True,0.40469821786130666
S1,297,L31,3609921711485036024,b3b694ea4432182390d9f7742201c8c8f2cf63520cd5777416777da3f58771e5,True,0.44063096820105274
S1,297,L23,3386655701369606071,066ed47b85cba390a9f02ac6dfd76ee3e690a0ff0c93b622d3c7b1397f0f573a,True,0.4734456436215048
S1,297,L32,11796448566330443899,d52bbf3330dc59c5c9dfd0775338c24c0946912cb1ddab78bc4915e7e8131444,True,0.4256714226496713
S1,298,L12,12001144162682593341,be04f23f1c086d01cce6aa62b843f903f1deca35e23e54a17d59a9e63883d270,True,0.3936140651680605
S1,298,L21,15585305090562209828,5faa145842f5a2bda9416882f9babc41c2b09d70c332c16cac0eb35da8605525,True,0.48080037882484095
S1,298,L13,663531819995900879,43cd0513e34e3bbc9a51c011276850d96689806edf67d4f992a33ebfda70dcc3,True,0.4055594510619641
S1,298,L31,838552744125924036,9d28c70452388d8e9188e56076de90ac6b951a427534ed7d2eac8753a19a9a73,True,0.43633368308593434
S1,298,L23,10368879468604889427,35dbb95bf2af31fa4178f64153c5a629e3a5e21c981bd77b126eb4e8289497e8,True,0.4747768316384272
S1,298,L32,10154023139683077135,0a8b1b4fb601d27563b5e5690a295381dee0148ace0fcd8e284975050961adcd,True,0.41834418953929803
S1,299,L12,6323638018931802049,792776d398aba97c75749cd2fd7cf16da7bf8646070ea1e11e112651dcb03a14,True,0.3898738953791958
S1,299,L21,4586737091010903019,4589f9d46c7c93266465a6b021acaaf9d0dd7bf77e7af94c07a90942dbd5b43f,True,0.47368859688761517
S1,299,L13,15442339959722084391,222dd4520e596b3541372c5c138961848394ff93722590416010895ece480e02,True,0.41025925524057283
S1,299,L31,17840716569872840350,697b274f5029aaa57171f9f8429ba150c5e669dabac186a4c1104c6dc3797540,True,0.43320469821628804
S1,299,L23,17248959938772974236,d3750a668e367ea038ded447ae753c181ab58d72519ee9dc1f19e2be811ca228,True,0.4809546545958132
S1,299,L32,875357153884712307,26681c36d4ad79fa2c5163831f6a2aa37c8dfd1437dda58721cde68628dc3f93,True,0.4226932282221148
S1,300,L12,7563310372374092740,dfaa2be66ee82f35096ded16be05d57c55a34e0ef49012e5e94b94c8929393f8,True,0.393470177992912
S1,300,L21,14299362494123698845,7d23f65e16e50ee119f164c8b1f5ca1dcf8e9be21f40e3cfed7e8b031b841831,True,0.47432906633735983
S1,300,L13,17074016252918147120,97dc20dad21adf360b202015869911b7fc01a55ef0f17d93bfc3402fc4b5a127,True,0.4080773559475702
S1,300,L31,14532937110812177959,7275e405fc13ced681b09406647a49877c59cbc469406bb7f66e13576ad3d1b9,True,0.4380742659504837
S1,300,L23,1368046290360092902,22b3c43ae33bc8a33ee9b5101b5eba730c5b0e0b30ff5fc2159c81df147eaa98,True,0.48400236346926995
S1,300,L32,16593478622493826017,076db7e92706a54478838386ff5d5784b397bb70861da108d534750261eef5c7,True,0.4275422270532141
S1,301,L12,4661720089986851111,5d832cb8f4f2822346d7c720c60e7fac12013b34c9fda80a849c2ed43a16cf4c,True,0.39155932989494624
S1,301,L21,11516120835094917899,99dd734f09b41c7ac57839fb451699998bbee5848c0174f8f542c59a7ccf2a3a,True,0.46598368661415746
S1,301,L13,3537750006748477830,0e6e2a3847d13519cba88f108be1352b5e6b3dc86dc2f8af2e1980eee917fb1a,True,0.40840344602068257
S1,301,L31,4629225424386158283,15ffd97329a64407ecafc894be50866f795dd4f871ef1d3b3b70f4830ace8aa7,True,0.4437875460337435
S1,301,L23,14267183277742168015,c6a12354c30d13949c3533d766d4c3a74a8c99d7ea92ff57e8b83b9024346a20,True,0.47940039344169844
S1,301,L32,4800871112552389575,32ead944176154de2064bad19c65b1e91728246ac024f862dc557d5a8de545ec,True,0.42373640384660416
S1,302,L12,5241759061142877661,39193ff94786b60a9b3640e32c12944364b419cc6f9c99980fca590cbfa0245b,True,0.3894820342010337
S1,302,L21,15660044941104572345,e85d2745b292d76c611c1131253fda0fe0f2bcd85ee6feb232d74d825c32a9d8,True,0.4747851461942661
S1,302,L13,11177207043651554740,dd9a9fa8f7bf25310791e78f333627491278527936a6b38964a50ae08c7d99fb,True,0.41103108254818777
S1,302,L31,14516586645877341254,7e6f3dfc7a7b0dffae7d10550078199e106ce047525a8853e24635af46feaac1,True,0.4460229607828775
S1,302,L23,17546690127773081021,1a4739afbb5e72c29d8fd36daf137470dfc4c11f66a7a5ee44f1060330660c4a,True,0.4720750642317893
S1,302,L32,1045623382520339140,90cbce6f2bc5c490774c7ed7681e8c82569ffb82bf0adb9e1a3dce8b100522b1,True,0.42488311865545036
S1,303,L12,17246607134266243127,e0b15b41e2a244d07ed46b8fe11fe18beb34eae72db5948d63326a6528a33b91,True,0.38933996627858536
S1,303,L21,2328052796357873150,4e9a36db8a13f2104250eed6e1551b87b508f5649faccef55f53d13f0cd2d83a,True,0.4731868145940006
S1,303,L13,3689363634062583952,a91a4f214681d15aba94a0b95d2ecae8f67f60ec0a7de1084812c52adce8f125,True,0.402328792320643
S1,303,L31,14913357097638361576,bb1d66c49a73f6a9853d98e6b190e81cf5171de40df1ad899db70f61991a06b4,True,0.4485711213961583
S1,303,L23,12509240706062472426,8c46ff316ae99fe907f7faa008088c68d94b57adc67c3e2318e0b8dd803acfa3,True,0.4691612971181638
S1,303,L32,10241693234175590380,0564a7b24c746776948523f1669da5387b4fc57b8ccb93dc70d3105f7df2ade5,True,0.42180067455291137
S1,304,L12,14375313231516116066,19ef60d55e917bd0250a02874bcc0cbbb6a37bb78e0d91d5ca8850d35d4b74d4,True,0.39260034087807566
S1,304,L21,7598833261677594020,af89c534b6c39ff0edbb18e8192b5867471d7f61d58f9bc89426455f9aefd7a0,True,0.470546804284771
S1,304,L13,1007945889980843009,a4ce0135ac2c7f4d8b2191ffac378a05ad6bb23e78953bdecfffdc925eea9759,True,0.4159961076695402
S1,304,L31,8485545845785289367,edaefa5d1303d876ffe9eb14f263dc8856ad0dbc0323af8c4a7c17b25e079197,True,0.44381058265612017
S1,304,L23,611762225346210897,aa0bdb245ccdefd755aeb5393ee8c0adb60b66862ab237f7114f68f8548d55c7,True,0.47853329152965934
S1,304,L32,2170649465952338670,aa280850e9290282a5152c8d30b46538a4425cbf2f6d2e3dd0f8b2ed9c674b84,True,0.4224689691198039
S1,305,L12,5997319048344399882,44030c819db6e8803e92225820ecedb8bfa1cf1692fd3ea98a71dd245a6770ec,True,0.39162702062930116
S1,305,L21,17706363523562472802,2ce2ed600ae3014a4e248703a18a1b8c78518d0f1f3726552a941eb7b6d169da,True,0.4737217992228449
S1,305,L13,4781407378478406673,1f5450ffbd19eb4ad80af9da6aec3a090826213b0ba0c7f828ed59054f25d5a2,True,0.4084332623868192
S1,305,L31,16651884025760604212,d733d95981cc49f1f81f99a381dc6c84d56e4e298f4f69e74014a38cbcffbe70,True,0.4422089601154049
S1,305,L23,16230787278900355945,644ae9baa79f5c0c44b368f1bb8156b4734a79978309b1521acf3d65d90e7f9b,True,0.47709552286853046
S1,305,L32,12082931698679709561,0299b96d89f60eddcbb8c4e6735394b29d43af53cd9d24c6c5c3c787e493b6a3,True,0.4247408702335172
S1,306,L12,1953801077391641604,d399637be8ee86c1bfee455e43abca26e3c792384856971842eb19586910dec1,True,0.3950392719203189
S1,306,L21,7565102938297438778,a86f8c8a8666d11e7aa74950ad0cd0206ab2a136f52560564a3205089da76325,True,0.4737719164222589
S1,306,L13,10348478630497246147,b6a4669bc7ee9c89e2403380724858c659ec81a6c5b5abaed3c8ba3512032fb2,True,0.4133583281878237
S1,306,L31,10529793748183176136,9afa84e329caaecc1345a18fe86a33fcc68ef43c4259495dcd74e042d282034e,True,0.44203046919748745
S1,306,L23,9781685165332370786,575069ea7e3a507c5c0a092ad721b0d8f2cbdf6f85eebb20b6058f29aa1270fd,True,0.4785553669378416
S1,306,L32,1605903411709654069,e6f2a9b76e7fc6f0f7fa124bab23adc113facefb8d4558ac4dfda5a90bb9927a,True,0.4286238175126182
S1,307,L12,14616870166648923108,273d7e2f34e6b289b01d5751bdb9030e7fe1c5cde500cfaf99addc241adec350,True,0.394714067072505
S1,307,L21,1435529727164185074,3b985bd1139e011a0463aaf0401796ac9a42cd5a7fecb4156e92f0f63f487ac3,True,0.4670143336428553
S1,307,L13,12901295108805274158,6b1006b28c37943f11f0823b231ef6271aa38c362c89a31f6341ba6599c5ef09,True,0.4060716563472486
S1,307,L31,16435930709564495057,221c6a2ba7e46a8827a0d9b1f7ebbed652ff817a71ce5c0351cf5332a8f0a3e3,True,0.44502270787920956
S1,307,L23,11128410817395969022,f3654aa46e4f1b0267d11138701d2537bda9b3aafc006feb66ea5fc6d96c91e6,True,0.47224195021349236
S1,307,L32,4095380941214578225,fdefed9b6c7e0ae7ebece709f98eb36a3996fae25b962bfb97ebc7b8a82d4856,True,0.4270714646295439
S1,308,L12,7553426347097758649,dd2f00bb1e9a1ef9d5c540232ed3aa843270e750eb65f4ce8777cc7f01ad30ef,True,0.3926887620388915
S1,308,L21,16193491718014977678,7e83392134f80d99d9e03f742a2fb391ca1e1ef112491a0c93a420e949c68c09,True,0.47346561562323675
S1,308,L13,10656429652968934399,277e1fa12922c09a94b54a1c4f6dc257f528527c81da0133c9a154d3081914e2,True,0.40721266231088943
S1,308,L31,8394426239713120782,bca199ef0efee30b34ad0414184f20ef107037f43974257bbc9fdfed87829639,True,0.43689549188400445
S1,308,L23,16279748246058373536,1f13bcca3ea006059a5f2281abe51c6fad1d44f6d6befd9db625a48cca2b5d65,True,0.48031198215577875
S1,308,L32,14329946549280689895,d537f30c2be6067af37ad293e57073e9f10a79131b98d5de62a7667ad657bfd2,True,0.4243919736692777
S1,309,L12,832457933561351272,4e59766a586bb98a2dc281305c1c71227fdfe25eaf9aad2d6a3c795499b9119d,True,0.3891287270689743
S1,309,L21,13674992119961942445,956fdf687ecca65126ad1476d1f8112ef1339042245f90324a4227ced548d2bd,True,0.46919353642382994
S1,309,L13,15120816488387415005,5000acf4886177dee7d0d89b5536caf863f1857da5189bf31d2dc5e6ae65638e,True,0.41331066775471015
S1,309,L31,14506655844265612651,a9218f07f51d9a4d0b9f673c87c1e18d5b933413266a21c26ea26ead942d3598,True,0.44310233387199155
S1,309,L23,11203776554811539938,23de22b8f75a17320f51f24179cfef0cee9ea48287bc22f3fa71f8018414ad78,True,0.4730355654374455
S1,309,L32,18296691009430404441,e9de18d308f3851dc27bcdfd6f97da471459b68f303fdf1aa1700b9a640af25d,True,0.42314673529768343
S1,310,L12,16828507253571921622,6a0cbd31d150b4e7b9327e0e331b63a65dc86d3c8c5a155df0b23b01c5d0bf83,True,0.394251824358136
S1,310,L21,16686413573061140471,1bbecc452391f292db4d3197a4952cdf6fe994367c73ec11893669c7ced32a20,True,0.4693621429261776
S1,310,L13,13458544271624827673,b8618872af586a63a1ffe30666ba69c3aa6aacba9ef6f0643d40ef23f7ae52db,True,0.40704925605172704
S1,310,L31,7211174466849894985,0faad71eae19c00868fa16e4db1916c594e9655a3ca09f8046d2b860ea053f20,True,0.44074176129273496
S1,310,L23,14023921230452704240,4d8c35602de3f44d62d40f60382e5ecdf4552f5c2f44a54f58063d1be7dcf444,True,0.4801554401368995
S1,310,L32,2120156374438289525,424b226a7c2a402c4e0ee0fe9260b5dea3ce9d118a4ef5d9b5e4fbdcd0a1cb22,True,0.4275581229055434
S1,311,L12,12983548052014561097,14a5593c50f5199d9299eb9e5534cc7c55ef0febb98738050936f2596bd0e823,True,0.39341838307658156
S1,311,L21,5904512712417889578,0d1cc79f8927b96e2612923c86d5ab904141121ccea896c50d7df26849098bba,True,0.465301108369004
S1,311,L13,8774748335119264704,42e0c1bece2224b5b7bed429991322c5e85be716c590e9ed5f2d0e72771a0505,True,0.41019420247561195
S1,311,L31,5059968102924308591,3d3098db1373457615f84910850ed7efb46c6e0f6e4a0301b9c86dd5fe116787,True,0.44381625375843914
S1,311,L23,16072390058651552547,5449caabdce9dfd7c45d43966f9f8dc1dae14c1b0ed072ce045db72a942e2184,True,0.4842016637279183
S1,311,L32,9389857861695234531,78ab1950c973a6a8acaa9e77fa2e96f2ae51528f9a17c4e2d49d4025e8aeab88,True,0.4246091990583806
S1,312,L12,1513755303479784287,c03bf5a6382916501ba774c62cfb750b2474206821bfbbde0a845b82167bf7e8,True,0.39043694349869074
S1,312,L21,8703213087816998528,5c96aa18b3e6ecd1d0a27a8de5035603f11bd2a39023b6556bc4f5ffb327d4af,True,0.4725752032870951
S1,312,L13,5491786274805381284,12bae65c16d562e25818889d673a4bff0b0d751db4de66307ec8cd9917c175c2,True,0.4149476960057386
S1,312,L31,16440237136252364584,1f814c2e232de9b73cbde73e33c096cad0efeedfb5baec551d63bbf4874852d3,True,0.4405466746854802
S1,312,L23,12245367740480793820,4adc961ea0ba389735a6e6b185621f7d54c2dd0b541551e856e4c48b0067db1b,True,0.4768488618229033
S1,312,L32,5483100908959880576,26b02cb32671e3404b108a5c50fda90a18e8034e41b710ebed1258bc5c33f2c3,True,0.4249135634310369
S1,313,L12,1554991035142379981,bbd6b54cccbfae09fa2f1057e8376e7e26604589cc2342f4f691e59d766d1bd8,True,0.3933451589766307
S1,313,L21,5165536899662565743,ef3abfffa77ce4e96224a03278096d985a1b305b0839249ebe15f354ab3479ba,True,0.47229083847011966
S1,313,L13,12299730491756481879,f4976bf96e26272f4a82876628b7155c179e02de6d14a48c1cbd39ed6943151b,True,0.4085673282498714
S1,313,L31,8032725730963678291,8f6f9b1fe86258aeef703da5285ede940c37278446bd278cb94e9bbffd82be30,True,0.437380774660155
S1,313,L23,18085259995986758388,6211bd07de949e7e627c6cafbde33d66cffd3799376411236545215c812d29af,True,0.47541093430526893
S1,313,L32,15232957605847610960,1b34456da692017581861904ebb11ac519c3f048f1b70ef24e2bc323812f499c,True,0.42521607679594764
S1,314,L12,14678862714010531856,cd4fdddb0971c0abcb37d8fab46cd618828032b11bd153aec24ba342565e4e47,True,0.393745639178464
S1,314,L21,12883780283340550699,7c532dd82c74664bd45216deac96e51c2284c8685aabcea26fae439dfc39adab,True,0.4738595388759658
S1,314,L13,12084516248803607074,100214a2140e22d52fb3b33ed997061b73d34196e93dabb2ed3ece6f292caf9f,True,0.3997991065925476
S1,314,L31,13148967906578128663,cebe4bec59cb4134f287ca5214dbdab3530c5f02d3cb164678765919c64347c4,True,0.4423146580400405
S1,314,L23,9834908503857334033,98ff41be9bdc6f6df75fa61ff28521b25b0a7024bbb6358ef41de353ba3f0a93,True,0.4771546494259155
S1,314,L32,14227038800073529141,fdf7d3dfc6563a31bfecb68601d69a318e8ac26587ac6471130847f7dd3a24ff,True,0.4236213586140077
S1,315,L12,15104456749978464531,192fd23b4390be40a0158f3ac85a407ccb41c27b04bb990ab68e0d6a767bd701,True,0.3897048524779834
S1,315,L21,12862818326895339412,d4b32b34031732441f396b7ac7ade18a61237ada033805d771381a7520a01cf5,True,0.4735495959863734
S1,315,L13,2753953511630866535,ab5e7c4a0a86729a861282318411817c800aa7982f163a1eb7fe639d2f408e1f,True,0.40735577233106357
S1,315,L31,15156463444778373103,dc26fc8597e992a07612096d3f3d281aa70466b8cd1b93605107c1047f9fa09b,True,0.44604598915316906
S1,315,L23,11536754658817384286,03ddc760ed065f3fd8042044a6640d0a8935d9d46fbf24e1d5f0d2162819256a,True,0.484996235273207
S1,315,L32,10389769171173723673,3a950ae8b724a6f5cef79f2b800e53af3c392cba1a7dd3e5167c7cfb4d98d752,True,0.42271986782431037
S1,316,L12,1600214998077836858,a11a8a767a297af5226c1f9467184d9b5bcfe13466192da96338ff21ffde788a,True,0.3924685382259866
S1,316,L21,13363665636197410224,cb49a28bf16762709cd79241b6da3ea7754561a115d3af549d6f8c4868865b26,True,0.4680394966676149
S1,316,L13,14690369154004779849,3e9640771a9ae3b49b534b5706880a88c4fd98dd4b1e45d37fa85805afdf6339,True,0.41497436614453675
S1,316,L31,3797101561668885147,518cffe10f5d91141b5a8af024d68e15615563aea5235733d9a7698f2e39e66d,True,0.44108037212404566
S1,316,L23,12951284855223347492,20f2414b44d8b1ff5d6d116758638d2fe2eecdbdae7923dea64776322352bb37,True,0.472791796905721
S1,316,L32,3480561251815401364,7eedaaa402ab09478ff3cd7e8e6b2737f58ae072f1c5c561aef142e9eb51af8e,True,0.42232339020235915
S1,317,L12,12354077390895736735,ed6c60349ea12238a0a47652df7b4d645c213e6ce9aeade9dc724ca386044bb3,True,0.3897135557869421
S1,317,L21,17213062246151271049,c20cb1a5d218d07f040be088ff6fd702fc8b05faf2dbbc41064f5c584532d59e,True,0.4712970181479892
S1,317,L13,1571196453187078684,d16301a4981ffa5cbe2e1bd6d654708e9fd6d54a2b3a37895c05088b5c4dcb94,True,0.4088128326583029
S1,317,L31,10877191430672916621,652de8a31922925e1b6a03a29ff33e542ec9de4553848133f5269dfeeb021698,True,0.4427762192156614
S1,317,L23,3441289840178084768,ac4ffd563a8b86634179251f8b6e4aefe6a9541d158d9425d96c081e6ec83504,True,0.4779571803833881
S1,317,L32,16793034014017031155,efadf592d542f1b0033dfe30c4513b88cb04e1e3ec650a48ac4e2cf23783f7af,True,0.4252399946721695
S1,318,L12,12603424814759745393,f64c475e953d64c191ea315f308782c08feb7b385848768e289a892a1e653b78,True,0.3904700182826659
S1,318,L21,14435030820102302751,66c73c1455c99b035f08edacb2597b50344cf929813871e08d1498503bab1706,True,0.4652716057689853
S1,318,L13,13258202562505442262,25d17074282722bbbcd4e95d12b57ffbd03cfd0cbfcb75541b5248640d09bd30,True,0.40337374365430656
S1,318,L31,7872346845305251014,a0900afaa46b9ca26223c23e10d207da74deb4597c3857927a027b24fdc25b40,True,0.43576970079004823
S1,318,L23,14737243926395852302,9ed4349875ec915484d10d74df032f1ee7033540b38ed6947eff2fc2b5f8f7a3,True,0.47768186995962625
S1,318,L32,6315241834533971226,bd99652fedf89289c708118a9d4fcf4c9f10fb07f1e1a9652f97cf31c7030f4b,True,0.42230320408868277
S1,319,L12,10034387364553441985,7aca1ef1e1432ae02b210d10fbf8bfc2fdd0dc611a2692de4da46efd77c606ea,True,0.39091719147929604
S1,319,L21,4881636389370266938,6762dc6a9b9ece70f4e107c02925ab32dbc7a7ee9255ba3cccee5a7d4fdac7a0,True,0.47372744202162187
S1,319,L13,13022033910077102984,4dc82d265fed68300e462b9efa9a81594622097082e816fd199c400501fe134e,True,0.4119847796905778
S1,319,L31,14020055123772301945,6a761b79a670b94fe40f381fad727ba7c95564462e971390e27c574736805f4b,True,0.4407995401061315
S1,319,L23,16220038035484769468,1fde92e53426d967e559f2375cff5456a1d1bac7d217d94c806130e2ba1e5aa3,True,0.4767798782653605
S1,319,L32,3448215875822051174,13d072efd6d73519cdd8d3b77ec54ab2a7d3a52db4f2e94f19848e07557778b3,True,0.42763454744076246
S1,320,L12,841838520721707423,aadc33aca9434d0aec900764222856aae8a1a8bcf54762b56ffc228a178adff2,True,0.39125288023752647
S1,320,L21,9202829404792931829,89467eeb9e4c3267bb2761d84c524c3674afbd80c858ccc4728fccbeea182663,True,0.4756751749845458
S1,320,L13,2300043508195710051,7180bcf3ea91a1921554a944d404185285627dc4758f668928f054fd1919266d,True,0.4092950113127608
S1,320,L31,16644503684815657651,6832040b94bda921cf70e0423ddada1411794c792dec684f704d6cdbf0d4a4e2,True,0.44330742196070544
S1,320,L23,15239078382479414565,2de9aeebc2e2d5b6cf78ffbeb258541a2de02ed584d7c2e56d722d4262fd4bb6,True,0.4777250786688373
S1,320,L32,7582377239613261390,7411fdc97e810ddc21b3bb0bd5de0937adabb9513f9359be0d61d0fd680740a1,True,0.42358495660464585
S1,321,L12,12765742150502737494,bfa8132c598da3d5b35c5f868f91bfae2e689c7cc060fc43e85d2cdd542bef27,True,0.3939467132714291
S1,321,L21,14693843217501773743,834a306015406aa2c33c41ae114b83891fe0d3a36f7833e84f77104978a71292,True,0.47212270181024074
S1,321,L13,11863384656209290924,08985c2cb52c7414c8700fea797866f1ded856cfe15ced0be9a88577ca2c8122,True,0.4092780142617557
S1,321,L31,874851872811131779,9d7d39fd565d732b4777d51680fe0e0383017c731a2d7ce2919b5e2ac7d99096,True,0.44412956028407313
S1,321,L23,16698814330869614552,9c2992ab9565412aea43d2695cd3b894bea1ffc3c112252f508ea9c89e018d2b,True,0.4821078432617182
S1,321,L32,1381420734258145068,ec3aa439b35bd45aeb972dfff1cdede5c65f9fd5baae03cf302ba2652db8c6f5,True,0.4217662860110142
S1,322,L12,13735671854726215658,796ae03285439a07d90e459db8995313b8e994bceaa31b9fb71c6dda1a821d04,True,0.39221871199451663
S1,322,L21,15643640803869679646,97bc516b8e3c7e3cfddcde9f61576b95fea79a7d2ea470bb92539cc1e2f18a88,True,0.4734229389279467
S1,322,L13,6964765552469503762,8abba0d49353f08f41349124d7d2d18bce5c2992c96b801d5db30c749e2b8a1a,True,0.4073876499852463
S1,322,L31,18151204982954061567,4f21b640094042f0220a16e8235156b27044f6ed5bccaf9ddc51c2538dbe7b66,True,0.4450397229030084
S1,322,L23,13776835097196764044,41cf207381efad10f1db9e6fd2ee8915da299feb73d8df792d301aaba1220ed8,True,0.48467438462479384
S1,322,L32,11700533487931420101,b6c4640c1dfc7988aa3ad44f9a35d14e71caeb2729f7739411214db0c2b055eb,True,0.4214446677844975
S1,323,L12,6401290151600352263,f56095265662108d28531fad8a11d67cfcd2aabcc22e06dfa72ad4197ce5ff41,True,0.3937176044127473
S1,323,L21,2051956419312946892,b3b66462ed08178a1a54d9d15e3fcacff43dcfe6edce96c6e58613d67c5171ef,True,0.471421386955864
S1,323,L13,3188105584735678527,3c82065854e5a3e06b843a77746804940b31834800f77496d76d7a7d43fa63c4,True,0.40876007345450616
S1,323,L31,2363120618106830467,35fae2134f7d12147cb01951a25440888ae45b27036802c97f35274307886a85,True,0.45345377841623824
S1,323,L23,15201047315814161371,1fb6535d4ec527068645a816c3183cdae372acf7dba32c835d1d4f6c60a38a22,True,0.4702633762391706
S1,323,L32,6646561336258963718,b0d7e0abea9d5c6a16c4f3b1c870169f9c70d23ec1a8f4911a95fa2ee0b3b9aa,True,0.42027461738423266
S1,324,L12,6529010147984566145,7ed0a581f1076b3540b929cb67c4a238e232938b68e12cf66138a505c50b247a,True,0.3919624384405517
S1,324,L21,17748608311040110651,88a89db7c9b0ee65ea9ec237daac7a904f5540d9342227eb11bf2b22a881ee8a,True,0.4728984138432504
S1,324,L13,11267987442400775189,d3a1f8b75edfb981da6559741403e422b240e7c2fccc58413d2f9ca78f8b4f32,True,0.41859466471106893
S1,324,L31,3062016389868312408,221b02dee3e189de5a8dca4500b5007808ed64f7b2de676939fb0669eb9708d3,True,0.4439642685063747
S1,324,L23,10050302284132249897,b6c1345e11ab3c6834409b50f25aea7124c5ad478223629665a0d9a78250f226,True,0.47485752358467337
S1,324,L32,12273492507552979628,de79df8ab792370cb52600220ec4164587a9678febba70c49b8c555fd376cdc2,True,0.42636091291532097
S1,325,L12,3415405583822048853,610f7b9ba2cac0c33d5d3ac09bb51d1a517f658a9c7fc0fd94bbccc00641a2f7,True,0.39368546682738986
S1,325,L21,14517666815027161424,4a1abf246bad9b54d0ed47dcdd0fedd6f1d195002e7524f88a0a1abe64b57056,True,0.4653613755981868
S1,325,L13,906179591350985767,e241d283d5b040a6f472994b3915ef00290327372e26cab39b1e106df7da2b00,True,0.41213571886983014
S1,325,L31,17812474832823791113,55276e15e6f6c5593b9bfd7a3ed4b9e139572574f4f5379b904d8e5f422b3a77,True,0.43615549500533457
S1,325,L23,6212608477914742476,4649d62877311b38a912942d39c5c36c57ba7b0894e4ca0d4211146c8709de22,True,0.47764542267244936
S1,325,L32,13722450922735417313,6a8c6dd542cb4103fedd4e08033bcd102b50475af7aa24c9b3c4213663188548,True,0.42702818854540253
S1,326,L12,8371157278020499038,6a6ccc8a6b9866c3fc02d7fc46d062c8443bb54393886a3a7a90872ba6245a25,True,0.39366816626436685
S1,326,L21,2725332990295051032,a4bc0ca76faf67dd29d3480ed475fa763a84cfeef4f42fbb2381fe76cb9defa0,True,0.46883950516583306
S1,326,L13,15196751698318725978,c5eda1320793edbe0ea92d113e2b020f55ae8d09849f760a42cd33c90713bb52,True,0.41156888811653825
S1,326,L31,15947864551644319396,5163b3e3b682a1bffa320959e7e96e10e923d1cb5f8360a108b738f7099c9843,True,0.44002489220632635
S1,326,L23,14092158395672970339,cdc47df3502fab428a11268ed3dabecf17df985e199356a765a970bc1d9ca019,True,0.4705515837901142
S1,326,L32,18146554161743390868,aa5a284655700b2beb748f265f93882c45cc6dbb013b145357ebd7fd27caac99,True,0.42300199233823693
S1,327,L12,3229425556526975124,10cb196f05315390edf5d043c7b578b6edd258b822f404dd34ae29422ecc3c99,True,0.3939637257652914
S1,327,L21,5103889046197399307,74fc00a08cf54c9582862a730dedec8faaf11e4cd9b131c5234b0b90bc096ef2,True,0.47556988774480463
S1,327,L13,3052950867120378771,dfd31656662d3e723598b46d050236e82e3bc2fe392a6c5c55103f5ceaf7c65c,True,0.4082051425532825
S1,327,L31,14720978154168593982,668feceeb5ad6e9701aaa2d6cc3ed198517d45f699aa174d6af2d99ab42b9189,True,0.44463457973417464
S1,327,L23,9667726871914699225,03859d9f00970f02e55ea4db33de15e15d765c019043ee55972697cb139fa386,True,0.47452941812829513
S1,327,L32,13973172018443638833,3106a770d1f4f571a33cfc1ec18897611864424fc18d00bf407c8b73504db830,True,0.4245186661276662
S1,328,L12,1591557445098275017,1ab4a8108f0d5b0843ed5a3d865a7052ca1ee7cc45470c2863ee2751992ad90a,True,0.39304867998748344
S1,328,L21,4579975234055162588,cc5ba1acd4ebe04f438afb983adb9dd50b3e264d1e3ee7abb27f458c9214014f,True,0.4734371108286709
S1,328,L13,5856189004315846020,a2718f96c15930d7de4593348622ba90175ebc5fe411b9b1db32ddde45a145a9,True,0.4072857180208459
S1,328,L31,13151366405538832955,b76792ae9a1bffbe58dea49d86d36761d88b4eafc5cc7670aca3e35506fcb0ee,True,0.44029595128361876
S1,328,L23,10103405937775731849,08e667885818d09f5f9c8b70aec946828ccd8b1050b77a0621b0a313ede99638,True,0.47151045537960756
S1,328,L32,7388324092178355042,2ac8928ee598eb3712e6a81e3ef423cccf39880e15ffd837b4727e96a780bd66,True,0.4245919704839636
S1,329,L12,14516396550105777130,932cca80be080fbb87fdee1d2457daacb3284ac404215d7ec4813636f6042716,True,0.3927479095517061
S1,329,L21,10869346908063849524,0e60dc505d4d3dabe75b74c32521553e91293200230b2d7d83089eb74bf5d022,True,0.47350374626823466
S1,329,L13,286924438811348277,d9893fa157e27bb3fc2fd10d21a8220b7e9f3fc794591417b232de881160cc23,True,0.40829537755041956
S1,329,L31,13858010259382321532,3bdfd31edf9d070d3db044d1a5f91e2a691f1d95f116889cd800a13744801354,True,0.44677737322528555
S1,329,L23,7757788968783357922,1ed3ebfd8d51487abdaef27d0f1dece6bd56ec3b70029102ff6bbbad9c25d594,True,0.47495109087597726
S1,329,L32,14652362033008236923,fd321284f1e6c5a4fc4e3fe1427645889683e64228ad23dfd81c47de8f2731bf,True,0.42506817331793223
S1,330,L12,8253936431229858550,a5ab97b80a61095067c9f464e6c1b761c6e20a6a2da324d468e0aa98d276ef0c,True,0.397155490104054
S1,330,L21,16365560512585275609,7031c1a1b75cf86b21202bbd0b826cc6bf758f5ee504bf12d5483696760e5717,True,0.4726382640949806
S1,330,L13,9521072778180948882,40f3aab8e07ac14db2fc0bf6e0f015212473b6cf270d102895c1d140b27603cc,True,0.4054978555123251
S1,330,L31,6173543868665607383,512dffdc8236abec1ef7c12989d68511d40249442a74b27f51b38be670da2f06,True,0.44545320875910743
S1,330,L23,493009724664666253,7fd2153c2b1e48c591ab13072d4a85905d7f63213375c8d01a920c7c5f454173,True,0.46885777297274744
S1,330,L32,9580195242170915933,4bd4cc26482c541d0e0d147c9cd737a8b5170e6d8c2049cd734700ac96a7c13e,True,0.4257082471835345
S1,331,L12,11541560498523683397,e0370546d4d25b25c01978b2a54259a222682b9ad97e3ef91a2949d3fd56ff6d,True,0.39223476834537113
S1,331,L21,4899392362931576280,39191b9b3eb92d942ede44e0bdbc19577a141f76a5db62dd9b802e853781faa2,True,0.4712830166898645
S1,331,L13,5774025006525763359,602c46c78d9d48ee13fe3a6c0876adbc863c93948a204e57b5c8299b26639d3c,True,0.4087765749735547
S1,331,L31,8320181211160261816,971094d54873f30c97d087be0653cf6d91d1f5a09a77ccef2c8d817bb2021b70,True,0.43979090530679155
S1,331,L23,14840254834505772137,f2e5f5919857ea5d6d116fd8fc124bf347722ef733329d37275855714878fefe,True,0.48124220775727244
S1,331,L32,11844183621759516811,671a1a586cb850e0ce6a91c0095a66f22099e96cd2d53964b8e7c858191d3b3d,True,0.4291475920546659
S1,332,L12,12793948765168767919,33035378a6f9a63fcbc3edb7f7a24e36095f1c6e44569ddad8ae93c679fb5f96,True,0.3913087072361559
S1,332,L21,14674188079778102841,d48f1def8457fb44a99e0491d8290085bb6729d08b58544b364c7a875f7d6e60,True,0.46887846887776113
S1,332,L13,13218178215372820483,62f13d2245c5ca9c2937b42ac3527238efb217d5afea30bdfaf9f71c75dfe72a,True,0.40058262489287844
S1,332,L31,4923323275990761212,8ef5f017c724c133e0403ec0ae3ad900114bafa3497e81656980c075c04defec,True,0.4361018814817095
S1,332,L23,3807678512255364633,70666193997a2183e92648142fa1891c3f8b1f0809f3b8d9c25aaa235f9e512c,True,0.4877577020265894
S1,332,L32,3983155624709945819,8e87e022fbef0b6b5eb73dfa047e69c5811e9994f1cd6d3b531cf7317a46190e,True,0.4256223360316377
S1,333,L12,18196594509837143933,d23935af89e69186fa822b342d47155b4c7f83ab0b362059910241b1b3c6d48e,True,0.3930515555556612
S1,333,L21,13055869739075437018,b42264d0909333354564bc776e8bb4c1115954e4c9e48e956c59ea65fffcb2d0,True,0.47662285147329175
S1,333,L13,11622456678150203126,e2b22538f8a9e000affb922dfe04c66ed5a5ecbc4c2219eadecfe60402b3a770,True,0.4079969390717453
S1,333,L31,14674053236390359993,f1733cdd3012ad9fd4842d9ad29226105a88f20b603d4104a6eea07a1950cbb0,True,0.4404549844258514
S1,333,L23,1942506113858706586,260e21f93980b10d5e6f7a7ed528a2b2febead0b3618cf40ddd80cac0d9c22d8,True,0.47764907964867376
S1,333,L32,5361153070834236073,dab86134c3a8f98871361961e1fadaa74d4ce4d9505cfc59f8264b2797363d35,True,0.4241259726097604
S1,334,L12,11638593223208496057,9aece3c584218e132e5638f7e8efff4a3e2dce4c5ce1aca190db0195132e4b43,True,0.3915549525747632
S1,334,L21,12318501335258212756,00f5c3bec4408d5cd0218dcdfd08b896d8024f468ef84b80ccb30752b98091bf,True,0.4703821545826147
S1,334,L13,10375901277106765602,8fdbaa4ad4820d73587574ed2e1afd7894f7c7ace01c66f10037663b907fcb7d,True,0.4068475853826093
S1,334,L31,16857662315045908492,aaf549158f50901837f6ca06d110797d45fa26291fe2e82cdfea6f820c0af4a2,True,0.4452647871464632
S1,334,L23,3538136339831994750,b5624e68e3e39a6060a8f6418cfef8d9c5e3ff8cc57419f08869c92ed3629c06,True,0.4782136632398706
S1,334,L32,1198533786275924982,ecdbb0bb17924990de9e2e097e08577a80b0a59bb77222804aff4322baa2c9bc,True,0.42791260746309323
S1,335,L12,5423843215608345013,1a90eb25923a9d530c0df58e1de7e08b490138112d0190794accba4a250f14d3,True,0.3918434001920569
S1,335,L21,8334443114312318401,f9c0bb35b235656bd2f4ac3134fd530e22e45e8c98867aed9f99b98a08ae2f55,True,0.47411930481704945
S1,335,L13,15950522856388741461,7349ffef6a1945d600bb00305c7e7412d36c6752661fbdddf163f49f94046624,True,0.4062662787842189
S1,335,L31,1037025542918038994,c9921ffc0353661842b256aa0b5c49520d8e4e381f85a65e45da5a7b71b1122f,True,0.4447729551297994
S1,335,L23,6835128057677782098,17062cf6021a1041cc0a6abeb1e1cf91ecc721fe1a07b5a263202dec55106e61,True,0.4820076381356726
S1,335,L32,7662918819353553554,ea021c24565a7ab8d32e5fe973fc7f67628d99378178bf0e639aa47a15a9f938,True,0.4273030473999524
S1,336,L12,8872623219273759870,21e88118a76f464f158a341556a41d2f07eb495eb62ecc569567bef8b1ee3760,True,0.3870745869674821
S1,336,L21,9526207252988407016,432abe158040c920dc520a588a070365b01094b26c8fb970ddc936ad9ddeeb40,True,0.4718220717518114
S1,336,L13,2323595927787324481,6513d34789440d87f16a2002b839153bd94b885a68b2ca0ed3a5f8f60929f0a7,True,0.4045602076453742
S1,336,L31,5458377950892875145,581e6a96cee1b8c1be6f160cd48af753cbcdc7cf989a84c60c57bf113dbada7f,True,0.44219863344554955
S1,336,L23,3552048531210095707,bd82fa5c441fb9c553483ff430f7b3de043c8e0e3034204de84e7b2c0d3d0728,True,0.47556874103445296
S1,336,L32,962461613618011217,436dfe423df17db852714b9f5d3c8a17fec1b31b333f316b6f4263e03f15ecb6,True,0.42330217860549424
S1,337,L12,10566997905481589624,31c7973e8e115cc2e243dbc8f360ceb28e9c271c575299e32d4de235c2b5ebcf,True,0.3902059952414426
S1,337,L21,12485202389118660749,9d50a70700b111771373df3f91c90abf147868ca43c983b34518caf3ab8cd43c,True,0.4692838618893832
S1,337,L13,531375487245583410,8db1b653df5e05dcdf33d5825f6e9cda5fac7888c2dc89b5a5b3c6e8588c0419,True,0.4074995018759045
S1,337,L31,11267050413646916548,e33da4520269e8a5e392fe1db57a9939b3d9bf2f51703ee9d9c2325931bdae1d,True,0.44476668650913226
S1,337,L23,15724499614157396093,edcd1531a233ebbab8b3dba2b1308bedc8d28b4f4de48cf826176cf9d0386c42,True,0.4786150166720217
S1,337,L32,10026617951388780316,43b77679b950cea0b63577b31615c90eb1912767a33067aaee42a460ea148241,True,0.4249962837493526
S1,338,L12,511604411825971742,024b5b3f920699290e43a660bbdd6174132b191a13603aad5f7a8a74f3686946,True,0.3886957862596551
S1,338,L21,871484171709792391,eefa606bdb663cc3bc27638e62f6b416b9b0eae3b4e33dd6fdc07c60619f241b,True,0.4714208930741024
S1,338,L13,18279871989475146252,13a36b2f2724f7a1711f8937e5d062fd294fb386d9cf0db405607d4b1353cc92,True,0.418517901103052
S1,338,L31,10543575647122344100,3779600587a4a98eac3b91f665e324045267644a991df7cb412611e5d7b90586,True,0.4307552153024046
S1,338,L23,1751415144317990813,b0317cfabcacfe836187c393e4d1549aaaf02aa9b911e35bc4021f35d962774c,True,0.4754679981015042
S1,338,L32,13190358896084021321,c3fbcf62b77fedc79a00bfd36e43878ce98343298e0f7b6f5fcae947fc03d034,True,0.4282364848152448
S1,339,L12,923983987083490334,753ee44bd7b63fdd1ad1c324173ce9a0f6fdf704284cf697d8c9a9ac30678a8c,True,0.3942591127474865
S1,339,L21,9326356506860239980,4edcbe614ca01fe5c836328969f5cdf9673b0e380a92ff456d39c06f5a5f07f0,True,0.4725761890317166
S1,339,L13,17126473655205165651,6968cc5c7668b5f709c5e2ef3fdd317444dea2986f97e2485541730236d89363,True,0.4148740538143906
S1,339,L31,9076429251969524730,f710019a6ba3108dfec1edda089e271936473361c0b5ddd40681402ba659ad76,True,0.4410951327148582
S1,339,L23,17767798171297128911,f4677b71653e527e2d1784a12d21b8b857f8c9d473d3313cac86ac646c062a04,True,0.48100569451991154
S1,339,L32,1208296225430568320,44859b1300f121b70e627fa407b3a4373fb3168e358304e99ce71039fd8e9f62,True,0.4231458616742757
S1,340,L12,11673527147055185719,38e7963364c822eab9471dcce6262efecee29aaa2ea65751849dabff88f135bb,True,0.3928739083829199
S1,340,L21,1059590683481949173,06904d4b4d9693398e41a4efb170ebb1f6df9671ea4f28c4c64aa47b7ac882f6,True,0.4727054359938316
S1,340,L13,9374118430871855729,90f8184f5da5cddd4aef5ce15fe22a9da236cd6c0922a46309387e036a7cb8ee,True,0.40507418485309776
S1,340,L31,13809388644161130688,ad7a3cb3c454b468853dc144f25b4190c5d12a9a9152de84195548dbc24d7267,True,0.43949336272708506
S1,340,L23,14923606693002494485,6529ab98cd0fc24e6e7229a6ff84019ceafa9f5bb4cd4e8d52756cde59acfc11,True,0.48178771698361766
S1,340,L32,2193219449856753837,0458b22cd98fc06264937ebb8413516fb7174ea420ca0768329b1878d408922e,True,0.42652869146662986
S1,341,L12,4733194848060804731,d4f686401661b6bc653e32de9cde8dd82031d4ac4a064a65b86e206e70193276,True,0.3916464510791101
S1,341,L21,8772121488511456294,d7e34f3099feecdc5e44ef140b0b2fe3e56b6141ffbda1196ee2e38e97fc4772,True,0.4727879358847674
S1,341,L13,9962275058511735709,59f2e88f5e16d8f77daa5b9db42da407f878945b3413d7843ade277700ef999e,True,0.41278526665388904
S1,341,L31,18358959057437627136,d856c991402332846f2972832ce4eba0936adaf7e17ca491fac9f9aee8710d36,True,0.444216643879379
S1,341,L23,17204481827454223058,7f19a5c47f0852979f5c47dd22c397763f5f8d671a09d1d09f6dd0c7eb747732,True,0.4751334533391794
S1,341,L32,16398491742731244579,01e88c385bcd49c3a3bcd5c3bc4c27de4f37676acfa819a7d1303c20fbb1f1f7,True,0.42531814433246273
S1,342,L12,9261576278256142947,6ee8c7efd109c91c3a1feb3720fa9362092b973ce8bae61e091de4b670744bfd,True,0.39176449135592795
S1,342,L21,9464879741566932108,d74b04da5d071f4e1c3405dd2fbe8db1bc9beb48396ce2a259bdbada5daaab7c,True,0.47509417957147493
S1,342,L13,15821312516599988960,3683b8071829530830e7d4e011fecc44fead740001a98fd3741ef9c2cd8ab4ac,True,0.40816629020359163
S1,342,L31,14066935231288457226,8766f7de80c90207021bec889b92ae6cb5e3e7b9e0ad0cd8106da77d104e6f7e,True,0.44402760404902447
S1,342,L23,7101874037439428712,4206d8f3595a81f25cf38b95f0f50f3ca6e048cd36d33e443ccc394dc35c7a4a,True,0.47522534173083325
S1,342,L32,16188777928052091267,57d36612ed8d57d608eb20e0fcee5f5448ec8dada768994d64c6cd9afd19fb24,True,0.42055838480362656
S1,343,L12,13580957278779472958,698e742461e0366ffe8653668747bfe4049e03a90eba029c78aac40e3121ff35,True,0.39328294174757433
S1,343,L21,12319023957070412586,d42719da1e7820779ace54171dfcd8059423dd2e252f1545d9f45afce50d8bb5,True,0.47034475885860866
S1,343,L13,3697718562486697054,7b703a940ed4cd702229d8bd9327bf8261303a508f732d7b36562439b9663254,True,0.4092807821897534
S1,343,L31,15328815831293389780,19887751c1171db4c3b0fa328c1d358ced505a775b0df316631a9ecbeb1a4dd1,True,0.4376462357103056
S1,343,L23,14570850809747654014,a579602f1ba21803d678b865d451f637ae61f7e8b6e7952e5118a7bd943bae8b,True,0.4770144858652777
S1,343,L32,15157736634483463970,d2e711bf9c614c16dfd390b1be82439a710aba31e4a8b4ba4a4bffe6c8165ba8,True,0.4264199119502363
S1,344,L12,5739418670856424280,1305d95fcf1f1f61ff646e16e46fd68f840d4ed05eccfe5f2be2f573455590fb,True,0.38904600937532585
S1,344,L21,17635492351714345752,732ea095d2eed03277403c78307fabed1e392ef41f7b21e24a86747c6b725d7b,True,0.46880752125429687
S1,344,L13,12953525949591494711,f28c65cc3c013607e2df21f7e1c7761be640da546310274f7fa98208bd81eea6,True,0.40507418485309776
S1,344,L31,6026864244108372602,c6994f0cf8d5b89a490db75fce4f70f46984574026b875bd72833888d6e098d5,True,0.4435855798819839
S1,344,L23,10992892036564600415,c0dbb10d54cc391b88d7c636d29874221c2a479035f9db904db7c7543ee802c9,True,0.4841439479834635
S1,344,L32,2538311380077199117,71c950c2d827592fb4a2809f8b55f192ddbaf27db213d6fec90145ccfd7d9ea3,True,0.42515677856855877
S1,345,L12,4383490417564860402,c96a46ccff46c5c6635d6f9fa8cf91a836d0408b5d4f9fc05ded7867bd1b677c,True,0.3889107346010868
S1,345,L21,2326637099590457648,74d09dee08fedac0b9f76799240e4a8064c803e4595cb5c983f8a7d08b7f4e6c,True,0.4736294425774946
S1,345,L13,12820434847750976298,227baf9da511dbb73d2eea866aaede9fb8f9df9c2f83181beff7cf59d2f2258c,True,0.4094987470597114
S1,345,L31,1707886625348673994,5cec52395934e2114164e0cc7bb1f1c112630a866cc55fdb770e33fc766c812b,True,0.4446103848154605
S1,345,L23,16138251773165825387,cbd97b124a67334de31ee64dd83b6ed5c4f840ab733e0bba5ac4c293a0fe2f35,True,0.4833774745502878
S1,345,L32,14402276913113761909,7ec50172da739fb5b9719a8fb9e68216674d4f160c8e440041ca41cf14bb2719,True,0.42255258208167495
S1,346,L12,9788431120972768464,b30238cb886d469bab81fc4f4fe7966f11a3e25c7a2e2362b8f47c0a4b4731b5,True,0.39170896353557516
S1,346,L21,2925268926855704004,dad47613b4e507e106e9f7a18a1b577dd679d2fe4f17cb66e1d83809d5f60e46,True,0.47337253546344416
S1,346,L13,15081508893582945815,92960641639edfbaf6240ac55d1d9706a36b1527f2e74060d929a1170f6b9bea,True,0.4108083722916228
S1,346,L31,8442339926545860566,58a53f57c6b7b3caf50a3aee5c4ab49b900cd788e3de438f3edfd8416a2af5a9,True,0.4428789253190376
S1,346,L23,1216610970103352189,cd7331ecdf21a6d50a66abb179dbb1b99eda9e2de164cef5b5b649da7d434448,True,0.4798026728136864
S1,346,L32,3622839235235285875,3dbb253a73aa27088cb203e91b2f5188327831c85da5ef29c3dd9df0b858e7a9,True,0.41879903717054445
S1,347,L12,5808416461405943564,7937995f670c09b3a157adb97dfd3414b8670f4d4ec943e3508a10e92a884a03,True,0.3897019411045435
S1,347,L21,16594134081585029877,22d126b89530fe4c5be3d72275786e87d0476b1678d03e856ea9164ed5dda593,True,0.4698698796349749
S1,347,L13,9300572600410911254,5e8e0ada0700f4d8d554a86ff4c5917e0310ed91e980babb6125b2218b056806,True,0.41016542120584637
S1,347,L31,5133308192716262566,0b6b373ba9dd39a68f29cc2109f4eb825ee3a23b69b892a7c1518db7c0b6025d,True,0.4344389600600429
S1,347,L23,485770597525281684,0ac7e125132c207d832828473fe3dc14c246b698d0c9c409aa6c5a1772ca9c20,True,0.4760569202979924
S1,347,L32,3818214790893181062,8acd39a1feee728b700284a0d88690d050492ed763c9bfb0df7d25109bce5c48,True,0.42417347526362215
S1,348,L12,898581530935492688,358b38bb44b16a95ae3fd52c138503c43fcb081eabf84bdbf3cbf5255011f4e1,True,0.3886667770257715
S1,348,L21,6223240273953767537,0122fcad37278716bd99273743cf823fef81559ff62e1d527428dd9686ed606a,True,0.47293148240110555
S1,348,L13,11046626164121295789,932653136c85361426a0abe647fdd28ac51239401eef4a2c2cfc20ce33318e96,True,0.4055835959020626
S1,348,L31,7426035302234030691,182828a10386ca6d424c7dafdb994bb72809221dbb8e42b50617dcf3f32eaee7,True,0.4349928981291753
S1,348,L23,16043052279966986854,2e9dbba84f61a2b3411f93c24d2a07ee3736b70e0ac7c7a8b914a4af9026bea7,True,0.4803197197823401
S1,348,L32,580711365978801271,40ba4d550104fc140a2034dcb3afaa392c6dbb4be1339e9746a22856d8b1060b,True,0.42655552797237545
S1,349,L12,13056683851596811545,b9434fcba903554ac2c7343ead92d91fc6eb9dbcba7aa25b3d73545560defbc3,True,0.39269783306277517
S1,349,L21,5878592302796693619,b23d7d1e811f5c852e476c9c01460650efdc9650d89854cf6f175f48533a3e20,True,0.47565166311598106
S1,349,L13,17232177666178295933,f1c466da3e7748e70c5a4499140af38451e911088422654971c727e817be18c1,True,0.4093958267504691
S1,349,L31,11456734340613754690,89df56255975a13315c9dd738f695bf34fa13ba16a8bb2756ed17dc503651eec,True,0.4482863533321816
S1,349,L23,9270178084219125554,903ccb7d44d355ce6637c7e59638a95a0f2758111ef2e801319a0c43d3d875ab,True,0.48168882907088595
S1,349,L32,5587928096803313588,cfd8fc66b0771b6066d2fd299bb46a3dd0032472b38495d340c918ed6089216c,True,0.42051020719895693
S1,350,L12,8155838141037608123,5ee03c3f97aee130c93b68302ab469fd238ade3682168bf9b4b46a373521c4aa,True,0.3886667770257715
S1,350,L21,12780199333874585805,e31dbf84d08fa88f53d5d62ac9211c60231ad9090c55210941dbb94aa4ac709f,True,0.47023953752893044
S1,350,L13,13293726065531311503,59ddd734fb5f49de661c106ceb4fc45640868949e9f24bd1d9fb8cd6d6fba2e2,True,0.40600282885610584
S1,350,L31,6158399571208372693,4380ec1e103911ba50c8e8c0bdb8f6fa10c2596f5c9ca3b772e2b30dcaa3aeef,True,0.43856221985012556
S1,350,L23,17303929939826678864,18e437f4fe639f8a4d03f0b86555a93ce6e01e364a5eda8f072a544d96a341e4,True,0.4834379421612302
S1,350,L32,16291507508955004438,00be7113781e56a6587b42dc968088404b06f16fa8198b84a97873470b587cf6,True,0.42766258447150546
S1,351,L12,10670893175888343454,6309145ae7ea4d85600a1143feebbb7b1e3715a253955e5f47d1196e9d7b7332,True,0.39251988774987834
S1,351,L21,8363373779345703781,76a262d4dc696bcfd842d869fc824ab2d45decc5c3bc77cb3510bbfe03363a42,True,0.4669656540503358
S1,351,L13,13213913838341596015,b5e2d1c1ec64798c26f2b9a7e5217f2605e92e009944407632713c3c99d12baa,True,0.40608177186138616
S1,351,L31,2743410746519746952,85ac2cefc4c3a4ae5af3e5ceb0d12c8ba451c47974b0c37d0bd1721148068e03,True,0.43605528525058734
S1,351,L23,1052459538692970238,ed21235909f9316679e3aa94eaafb34d876904aaaf652920579ddb8275f0821c,True,0.47227745395860554
S1,351,L32,8187485540320390671,abe404be8a150644db378e6d33cdb7bb8672c9c49551f6a4ad29474bb09bcd30,True,0.42362369839878855
S1,352,L12,16290819475675890865,323ee6cc340d77c6a6ba20f01e981695aea83cfac2a6d0f1703616b257734c40,True,0.39336665239350765
S1,352,L21,8221868585539964851,166b37bf667c770211bc88a7d4868eae1e2b367f2ea17c37c6f718751da61dac,True,0.4732821798720731
S1,352,L13,16959297927175750478,16f9001299610a1651abc248b4a7dcffdedf7f2938a13786c53aefd0c00f347b,True,0.4030901488995692
S1,352,L31,18409899183878504046,50a798ec1cc785e4c190ac96d1d4a6f490df90bcdc83f03ca4b0ce284766ae10,True,0.43294320314042734
S1,352,L23,17722813411432281886,87cc222491000ec04401a7d41888d37dbdcb48a98f2b4a6578cbc46024c8ce6c,True,0.4715193569063775
S1,352,L32,6131668639765477218,eba214bc98b14e18573581bddf0321aa5627d10d4962f62b2100435ab3d49555,True,0.42570928493775995
S1,353,L12,1150803026736912573,d07e4752ebaa7cda5743058a184bb02e84adc33279827fa3693ebce45a272fb0,True,0.39365550289781664
S1,353,L21,7582380906785227692,1c8e5ab9800c8bcb0d761b235cbcf937a1b16ceaf91663d127089950415d5756,True,0.47121499157209074
S1,353,L13,1434592518497995308,c1fbde48598d8950b3046062b6839198fb3b06b98df810eff535b44ceaae45d4,True,0.4045981496866135
S1,353,L31,2241315527559874989,e8486beb4eb2da6436b26e18eba0ce85ac966830d77f644a76d6c4acacad44cf,True,0.4383790547390836
S1,353,L23,3686580775429783922,3de7830f5b90a359ccf55c33ff2a1b50dfb042616c5c1106ac6e092c3b867d29,True,0.48098595351831613
S1,353,L32,17603446208220437236,a36b0e5c4ece3b82ac9d5284dce02424070dc15ffff5ccb80a7de414988a4fbd,True,0.42038678909483496
S1,354,L12,18002945856076411734,216c21b1d3ebc858b01f13e14306fcac1b534dc3dd861cc11e12487751c8ba2b,True,0.39312969126528235
S1,354,L21,7566274980031918976,3597b635452defe4d54fec230f5e79618702e8414fbdfddb09a821c1401a17bb,True,0.46696248684881014
S1,354,L13,12714011172525113548,5b10e4c664f440e1f8e67467c7c764b7f44daf805ab37f684ee06d4b24e85a92,True,0.41021332225129375
S1,354,L31,8264423318372661707,516b425e58aae86f3f5a310d3795dab6e916315ac3d2dfc4fc4abefbaa5c3b1f,True,0.4495187596900247
S1,354,L23,7143841221936726509,f64e72e524fb86d49f60231f9416da83df7a00c17f41082556eb015eab0d3a28,True,0.48252213238039743
S1,354,L32,18002972207588829116,fea9dc19ecb11e1f88c5297fda05857e6b777ff831f76fe1276edd58c9a1901a,True,0.4284880239936826
S1,355,L12,17642018340122282350,986fb97149fa951102853a7560a54671db50b437bd31e9fcb3c4a3c99b82cd6d,True,0.39377181446173537
S1,355,L21,17009771299611330354,759728819495d3cdc9630d8c6254f27ca7e7d8cc517f6ab61556b31283c45b3e,True,0.4689150261998815
S1,355,L13,2162262874826340610,d29ebf4c5df90ce8a36a11bfd8f677722fb0091533963fb70630fff8732337f5,True,0.41104493534934783
S1,355,L31,3652273629415988553,c4b7b2d85f1e8cdb77cd469e6399eea8502200cf3cda3f5a8c637d2d7ec1135e,True,0.44093971118938574
S1,355,L23,12870655750391598715,2fdd8a8d00ed08a6480612ac0041e8a640b211a43f2db449d40194d29741ea5c,True,0.47791163087805855
S1,355,L32,16170774043781177352,5b4086eb90acc7ff2b1cbcac49ed977878875cf5a71f5a0cc3e2b64111406676,True,0.4241045261142126
S1,356,L12,845471980885171613,66ddba51bf4fa3d9ad845e53ec187a28724f39d9d42fefee0a7db2a7edc7c325,True,0.38755267455259046
S1,356,L21,16861726400825064118,d04446c92fbfb4804633cf45b0651164bdcf83d969c1ce0fbfade79132ab8fa1,True,0.472538046221914
S1,356,L13,4575434073167174555,662c55fdb2e83d3fdd4cefa5fb8d74d99f049fd6c3d1ed21045a37ed4a035e75,True,0.4096392452162002
S1,356,L31,10644197976736195750,d854b18e514c0d8485abdd8c9ea054d6c166d99356f80fb49e212c4c9e55c142,True,0.43764001270117703
S1,356,L23,8921049657024883845,0ea9686d0e3b6cb80d341efffea4244a1b2fbc49ae09305072aa4da114712885,True,0.46998365562319205
S1,356,L32,5066275143781612721,bfc181907436087dc84d02fcdc7f8032056bd6847479284bed52b095045c35e6,True,0.42784813348298867
S1,357,L12,2938152030313383585,370880abcee13ea507232a649fc62ef2408712cf7d66d432db82c6945cf87225,True,0.39276038784876566
S1,357,L21,1016369361244437595,4164f00bbfb0dade8bc9b7bde2c4f09ecb6656805663eb3fa481b554cc633ca5,True,0.47328570644551904
S1,357,L13,11490213001791389158,73e3f44ff6aa034f373ce5416b4b1f99402b64deb700fd84ce9debe893588b7a,True,0.4076767518143374
S1,357,L31,6157187466783408905,21cd6fb0c7b13ae97f6f2e5b67b2cd949f9a4912f5038b40c8d56b10976bfed2,True,0.4382238312445241
S1,357,L23,18284111606422129920,fb83e3e70773bb18ba77a3a19d0c47baa6ac9826203fa96b04f0f819acdca671,True,0.4817544762745572
S1,357,L32,7700222128588740367,530d9354f2115886573f1708409757747a05a8eb6255940e5d518a793a4b3a79,True,0.4274161396339216
S1,358,L12,4850125086205823809,563af7d9f1d9a536bc49454dff21976642b8f71f331d46fd8a2f3c33378a2297,True,0.39001039874594756
S1,358,L21,17384834163595851825,8e04d55101738d27e4e71582cc7cb97b2b452eb9b055bd7ea8ceeda8dccbef72,True,0.46696248684881014
S1,358,L13,2948719276637238396,016300f94c284736c1f8be6620bae9d62a13f98e0311ca7522a9737e4d880fa7,True,0.40164319475239496
S1,358,L31,6631901214997528108,b09d715bfb4153b731026c556aa63d3d78736987f301cff5f3bdc57c74349821,True,0.43212510036882756
S1,358,L23,4078336514690059195,c8c917db9e85594fb485ea90526c697fdce598f8fc464f74dfb6605a1e0417c6,True,0.4777988445543796
S1,358,L32,13104941344336433611,4e2141cc5cf92b5209872d7bdb958eb242bfa47696d22685b5b0059cb2b0786f,True,0.4211471750576627
S1,359,L12,12975811556602348521,58c3af88bd6967848687fa17a07a12220a0a49b31b620bbf144acb06fc176d95,True,0.3916725822744469
S1,359,L21,14221102507497690726,ce253f88341ffc8c2e1749775f5ca3f6ce4e9ee0147b2d5165b77580bb4e500f,True,0.4713812057982727
S1,359,L13,9625910992538329739,76dc6535921326d820ed7abe58d0d5c98841784ed7ad120c270e962ffcb43ef8,True,0.40580552023133826
S1,359,L31,14276216624706151391,73e54a0396beae3c3e4756e05d8136375680864ff7be8e1bf84fa488b1daee65,True,0.4380802047798512
S1,359,L23,9255114901262698342,ec95133795480ae36df75b05beb688161bc30d06beddf6ac61eee6953b4ad866,True,0.48002148518209165
S1,359,L32,2849292546551692637,ca89ad57bc28af605459af85546e2dfa127042e725d08af3632a5290058cb502,True,0.4233957443332898
S1,360,L12,2112601444564602745,ac720c074dea64576268e6d8a008a20a0d72e667c906f555e7e2175b1585a598,True,0.3927151577662927
S1,360,L21,16794276986928257154,4ddf26604d045cafe06485cd96bcff561122f2607eafac864bee6e480027f2c7,True,0.4706291633813078
S1,360,L13,16472940752574188886,7a4479a02f798b09bd91808d9004006c1c48ef925e5e8bcccf5be1573859f7aa,True,0.41290504117115784
S1,360,L31,4662972017943134504,7446e01e0725461f73b0a229c0a131e3063e7a8f29cbbe56f3dae7a5c014fc2e,True,0.44270429911561543
S1,360,L23,3588981605357163884,fa2f80c02326393f67eb2ffb783abba58e8caa356a6346ec93d17ebc546d2bae,True,0.47486999296516397
S1,360,L32,18102995024820230543,756a88b6921e24fea995c393a58402dbfe5ec29430af781fb1b2938b003d26e1,True,0.42468188650764777
S1,361,L12,4397171561313445618,6a13057b28a91226a710a4df7c3fb49ecad2534aec713e38fe6c7720c7f5b46a,True,0.39208751510583467
S1,361,L21,12264932289519888832,b9ab927847e7d4de95d049953a11a7649caa70bbce1993613f8c2313593822ae,True,0.4699652904611813
S1,361,L13,14637671988610425411,d6ba8f952a041f4735ff88ae75a5ddcbe4c8a1535c5b98212cf66f1c959df9fc,True,0.4090380744944191
S1,361,L31,3261724390101462172,8a651e4b7aa8f075f80a8ecf40e9d05e98a7c3d5193b02ef41d3f19a2ee12405,True,0.44247705484200006
S1,361,L23,14237340541593039021,beee5de6bfcf9a516a4ca24922da12ae78cc3f31398633d1ae1819b04d5d9bd2,True,0.4755494618237319
S1,361,L32,11496824178703044417,3e6a795339a6c6d9567786b25a2eca7f3d0f18e946129263006af1cafd0f90f1,True,0.4245581752693214
S1,362,L12,3248583267529138337,df4d160f6cd3c6883e0c2f07b9f4711117bf46ca81fee39f68ef23605e432dad,True,0.3923060169194861
S1,362,L21,15631891190743100311,b41263a1a2b635f4b574749950846087d6fc3a1facdf2b7a20a217dd47b573b7,True,0.4700624669563365
S1,362,L13,7940146924238582816,50077602380249f334175aea7b30f1379782044738d6eb42e563c3cb7dc23822,True,0.4158784540363844
S1,362,L31,17480423825994036127,ea9ee06f673c4af2179c1762caa533a4d36576fe42087e764584ca41b394c261,True,0.4455261356111553
S1,362,L23,12963751953891503318,13bdde12a01ad5b7c3a0923bed9c8fae9e279ebc7b3f60641c292855cc8ee7d6,True,0.48058348074447677
S1,362,L32,715605666640705859,930fcb272fa1792c3329773de8a49ca96d1997b04b97f33f498ac1383c17d89f,True,0.42471180363265437
S1,363,L12,8090491327496494401,f3de25a8ad193d85596d713ddaa416843a45f46f8c5c35fbbdfe25b9feae41a0,True,0.39147665146652966
S1,363,L21,615090060429500528,c66f6a13b1210989bac8bb5e22bf6df776789834fdf44b462c3c7ee15b8b83f2,True,0.46936980343941354
S1,363,L13,10170546948503762532,910a92958da03462150a55484dabac5bad1b48ba4ced8c0b72c75751f2a35e27,True,0.4108392198711008
S1,363,L31,12431617850215078816,b8ed1cbcdecb1b04de31a30afabda096529d389fa86ad471b7b11fad360cddce,True,0.45121289607786647
S1,363,L23,12938569270986179290,26bff34f6f611a72dea3307e51135da7e31637a76a608bfc1725bad375bb7e00,True,0.47771017887939626
S1,363,L32,8638472728302155332,84bcac8c272934965cd8183f9fa788adae95274582cb5a7bb0c760da2811ab5c,True,0.4285656337735738
S1,364,L12,9498655458568163734,8aac78e7d1f638b4d8b4c4e8ca34a20df984abc1d4f6f6ba7ae8f5aa58a9f844,True,0.39229370818816767
S1,364,L21,10685624191238905689,b44780b5d55485a923da8c1eb3ba8981d4503fcbd956af98d58062d914593dbc,True,0.47603467925011994
S1,364,L13,14248866832919085535,f761ec13bdb99b2ad892209b0cf29e570c2c892db592aed60b2b72ac074e3cf9,True,0.40654902623287226
S1,364,L31,1235479105256507761,3f2d5e1fa5f3657ef39f301ca63b8f381c4492c65b6bd31645e7cb7b918f310d,True,0.44285301634697377
S1,364,L23,10703474874413334482,972a291820a137ea3b53a81d2a20fe61e0f47ed9dcfffa2facf6a18285906795,True,0.4786609903352441
S1,364,L32,4368716235376510285,266c8f033adaed5ead42b24377d0bc059e29777afa7f5d7ed5feb73f63a49359,True,0.42458004641729574
S1,365,L12,10283733446718069531,8f6fa6c316cd961d8bb1aa8c361575ba8f1eacdd0e18e6ae7c12f0e036395ee6,True,0.39545947730312486
S1,365,L21,12610024451377404384,dc6c90138bf17b0490be99c8e4e16169f4945346aaf04400ad9070f75f567bc0,True,0.47300272602815335
S1,365,L13,17841173532864826428,9a3e47d44440f5cd17cebfa5a5fa57ac2b9ff33f11f0060bf8797d1131bfc0b3,True,0.41100933805746664
S1,365,L31,1222720243091493751,b68b9cdf161bea32dcc8abb8fb024e9058398db78b1d502097697418cadf6145,True,0.4379217002372391
S1,365,L23,1914468081912950649,c4cf9b0fdcc066660644d6c7abbc297c5db6776edf09def8719a1168155e3df7,True,0.4738638334569482
S1,365,L32,17436798268837172174,a015e2d28a9885987cfbd699737166b9845b1412002cc53357cddd374d8bc699,True,0.4246763753960774
S1,366,L12,1470034973918750179,865e5e717412a9fca4a3b1856dd3efe53fa3e4d76115709cd833bb0cdbc41661,True,0.3927138507583531
S1,366,L21,6737043683038404024,c5a0f1231b3f1c10c87f0ddb4538aa1439e3e12539e2180ece9881db527060d5,True,0.4656078545335804
S1,366,L13,7065334493543633146,611a31bc38c6dfcc75acebe05650888ff88ff6c6d91acf2ab30f7729d953609c,True,0.41156888811653825
S1,366,L31,13296700597179444900,b4c21aff2271347799d4a6d520ab5f6cacda19a994d0ce482c1a6a563797d403,True,0.43974607860811527
S1,366,L23,4772567512930660099,9b577e6be64e036da52c84eef71a52c6006d68b6a5fe4acbb2f504f237abd3df,True,0.481044466501889
S1,366,L32,6036813637070940613,e821e8c8bd51eb66c5da25fd3d7e8539c4fb794dda0fa684b35b170edbdbeea8,True,0.42427847080835
S1,367,L12,14138801454076444288,ab117ee6641934323e3a15a48134328083e06c3a95b5d3e4d67d916d92706076,True,0.38744074638795994
S1,367,L21,16265348306070102195,73d22dd33f06721c8f29e4ab66c87afff3e113af787f8c157fb3699815dcd587,True,0.4675916314801868
S1,367,L13,13233140589726611028,1132efb388c95b594d7bdbea0ec58f9cd84f6dc90e0bf27f0fd4e763468a7b4e,True,0.4050982945998992
S1,367,L31,5479319226068762940,6fb110920291d8a2c73f00eab46a085400e9febabdb92f50b9d88fca5c34fa01,True,0.44062754241021956
S1,367,L23,5872598083763790688,3dc8576d1f389e5d9ba7bb0fc01a7a40a274e47d259a7cc8a744b22c36dbc2ed,True,0.4737696493165248
S1,367,L32,820141126901981813,b9abab028446733487e9be85309e51008d545d86730e82a063c815900d1a04dd,True,0.4242900847793872
S1,368,L12,3204706556548850642,edc443a4c259864d8db9dfc68a445cfaaadc5e4c1c4b9bfbad2e66a23771e22c,True,0.39215302759660553
S1,368,L21,7657107473866824882,a0c152bce8cb5a73c0dea7e3cb7d61e00e473ad15997eb508cdab497d5d06f76,True,0.47176355743712384
S1,368,L13,6779780413866373390,144cc0b6ded1cb043cf2d1b8675502f7c4f8e3247b344a562d73541ba8fa7ba1,True,0.4106898914668268
S1,368,L31,16930121146621203948,7b9868e5d71c2d68b587fe522a7202cff46819a0b82e9562c75c8422d270bd3b,True,0.44462630842722134
S1,368,L23,4930565181375175338,95e6ad9e4411cdad239cee5f288021f39e99187e0e9ee6451d4c037d5f185042,True,0.4742191296232384
S1,368,L32,6949486328299312072,283dca5b467a0263fd3463347468081dea3375b86eab3c7e829aa736c6fbfd66,True,0.4266082986578449
S1,369,L12,2380453822578336001,0fdf6ce791a779c2e55574cd5975eccbb798532a4665ff2dcd3933285bab8be7,True,0.39159758859745114
S1,369,L21,11634230677829728597,58377b5ea1f91e14be2393b04c9cd2e2e23c8309f885e9c503b7584595ab642c,True,0.4679875936805194
S1,369,L13,5608806464975744047,d34e36f594be42057219e4fe01c003c738ce8f89874ce282c58684e94a1335e6,True,0.4156878921794825
S1,369,L31,6857649684050563179,0e12ff53ae9539a6422f514bb8d80098db3d490ad100a719da05303c267044e9,True,0.4471773337695927
S1,369,L23,600598894661015666,aa9edad88f9faf0ebe43280a90b2e3f677fa1b0c19f26888aa6eb0dfae7e5953,True,0.48297026054364445
S1,369,L32,9474692765340694741,530f9b7ced023fbdefbde5d4907c9f5c08c4a4216da76819244812d7584d7d86,True,0.4274197303684461
S1,370,L12,2627555258696752510,c6b5a1806da8277955e6063df344ac4aaec63fd5c189e96cb9c91f8ab6602f27,True,0.3870687899930332
S1,370,L21,14922672432278751775,f376a9eb63b5aaf1ff18f4a95ee90b298682647d426b47d5d99d21700cc2453d,True,0.47533338084858207
S1,370,L13,14664719776251793341,569c47af05ca93f67f8a98cdbdb485129caa32ef0c417dad457f7832696e5e05,True,0.4111781820055388
S1,370,L31,2872548915301876134,7405d9bec9c229cb56d45e6645afb6a50e81f9413762651c78f5978ff1be7993,True,0.4394268682800434
S1,370,L23,3205509431953451284,280b7997804360ed4a37c1ebefbc80adc0a25619a6b3fae16f02271e4c0d8c08,True,0.4776613336708332
S1,370,L32,11691746710705261645,7dc427efc1fa0375ab609f42ee2ba4ec08965fc87359a447885e2b749383f244,True,0.4246922698359219
S1,371,L12,16616394314772146209,fc70548c88192522e8e162e467353c8d02fed10ec52f6bfb9f457ca368df2578,True,0.393428947683661
S1,371,L21,17360185479063158032,84f0a952008034b2de7707bd9760d79be552555f590488dad79b3523c408ad1a,True,0.47347842218102676
S1,371,L13,13779425571904303195,07cd22360938d6289c0cc15ef45ab710673143213d9ac068c92a88c2ac0a99f3,True,0.4097205965759565
S1,371,L31,5226591471743293460,aebbba73e2dc1f0c1722e33ab08ef0c82cf48b56527fb72ce35207aed2ccac9a,True,0.43812490161509043
S1,371,L23,6407275415640521662,bed793da4e3a08517779c382571b71ff655b964da05e5c19dbf25211cd6677f1,True,0.4737535628631162
S1,371,L32,5901999216672828776,00b04e5bc69da57e2a3c0732e7af98d6769fbda8a55cdbb791ec21fb1d833e30,True,0.42862084435868086
S1,372,L12,8753139413380167576,f54b4ae3cec3fd4c5d636e6734de0df065ee9f98a806939f7978bd3200d1ce98,True,0.39408792795145886
S1,372,L21,12579551107357705180,cfd1c3ee2b68a19b448cf7e7e98eca69e934d9339633f8e64a5e4c9c00c62eec,True,0.46670504388899053
S1,372,L13,18017985986003904434,ba6e83c4df9c5393a17302a02b2c8edc48a3750056083f4d9149e4d90ed91643,True,0.4054317925991112
S1,372,L31,17503496503779734025,609cd96006c03a8b3fbfb4c7970631ef26cedd8aee4a161b7ffee90e7075db28,True,0.44421122166568233
S1,372,L23,8829957546257415616,46fda37aeee30e620a290acad15066439cd0659d9c6d06ab2dd4bcfc1131a870,True,0.47527913653597187
S1,372,L32,10903982104567111678,822c2303ceed29647a2a111650b775b14040fa790b4408b039f7071033f83d70,True,0.42499203217839643
S1,373,L12,7070167749970603503,e07a9f16051191ad5a035acb920bd8b211210afe78577b7360c2bbf8455ead41,True,0.39040791871107255
S1,373,L21,6250018332058272101,90259361c7e61ab5aef9bf11e901c7734ed6d50d35830240fa161c062e93afb5,True,0.47450607082449625
S1,373,L13,14271820251207219771,139a97e953d02b16bb494a8c4088d4aed79754f2bc60c97daab9c1a381b0c803,True,0.4144168724947816
S1,373,L31,10479230196220895439,360bdf6eb285615a913a99e8e9d4d1d127c1b7b4b378308d2ab551d1fd730ff4,True,0.4375952243963622
S1,373,L23,15845619697639511581,63dce8bb8279628aa23bdfcd7aacb598170ca294f0c5c50b6ade2958291f89fb,True,0.4734371108286709
S1,373,L32,18156833105055372509,ce62baa1daad17f961fdef77e5b784ee29f2af1073eb7a7d247e04add163c8b7,True,0.4246179483971156
S1,374,L12,17572844532418696587,57ee437499634c52ba2143ff6a1e9dddec46f2903f611cdf4aa2a7eff40cce36,True,0.390935627942447
S1,374,L21,4688153138448622516,b1bbc09589f0169428d38195abeb0bc36ef22f839816bebedf20c6d7b85fc587,True,0.47124944390406226
S1,374,L13,5310527581822746529,1d65ed77713591e4a2c7bd0e2cb6c97b053521fe28e05be44e5b9e3e707546b6,True,0.4129815019133382
S1,374,L31,18296253871899962022,3bd36590f5236e76afcad35ba162ff6f9a66ac32e63002dc5286d3a14f18cfba,True,0.4395230534091752
S1,374,L23,8691208630740461789,7dfcd8dc23b5e39225ff51f389721cdff6130efe33370ea22ba583472365a244,True,0.48023889253285623
S1,374,L32,4971932284153495649,6c8f251a9b1180dd9a1ac6d5d6fa803cb1cc4e0fc9ac718cccd5ec884e0b44d5,True,0.42270478429400615
S1,375,L12,10733986007329025348,573db05030d9929ace9eb89b88074242daa67c186c50a58cc5dc627ae526beed,True,0.39310045588352455
S1,375,L21,14773352924198220606,3fcf586f01b9019ae879e23141de6e5ee6ffa5f1050fca5a9dcab4c844236ee3,True,0.46932296938507606
S1,375,L13,729463916768685901,db7c0c4f52bfeb5ebca26a159443867343101c2e8f203c2d09692d5e76726d3e,True,0.40660063721080364
S1,375,L31,2145287392145991335,a5e2e4f3fe9b79f701ddb4db4ef91a439c4448643ce21c562bdbe8df3ad90cd4,True,0.4451445589401156
S1,375,L23,9621346373351266896,2bd186872f9289de3c9d529d25450f1e3b661c5e6e43ab16cb2e653b58845ddf,True,0.48176852838311546
S1,375,L32,11130909932368292124,9179b19ea68fff4f7b5cda162c343afb9f1edc5427781cda96b099f8afefabc6,True,0.425704133783441
S1,376,L12,355070565875716749,47889934edbd8f557042279dbee6bf75cfaaa76541b9b99332fcb6fdd8ff831d,True,0.39172907727855244
S1,376,L21,11380232134402902301,45cc27d90eb315366260ed57a54f72a5d1251d3dc984c958e9590581a472574a,True,0.4735658549559992
S1,376,L13,16303235224341094556,3c62043cebc4c623357c3f73f695c1af826d05b43759011c7ea12920d6268f74,True,0.4114714899555147
S1,376,L31,9785341105032149558,8b9f8901f32d734cf20012cffc1c1554eb4da34c4cb8c23c0694f2d4dddd0f10,True,0.44151081780378587
S1,376,L23,17487661285777271949,58b2415c542338532894e703518e9413679d69b583479bb1b44d733585749a5e,True,0.47351307887870553
S1,376,L32,9510828379460698477,212e90c674ed8379e124eb8e0814ad57070ea7d44b7b78635ff09109cf7775af,True,0.4249769329219333
S1,377,L12,1027275460423315475,891b22008d97e185fb0d06e1ad7841c5511db6cb100139cc490e143a46beeb70,True,0.39266425694701274
S1,377,L21,4907971128541654003,08f341edc40418945b0ac7777cbfa8a231e946c041fc98ff276a17d42a34e5f1,True,0.47040490578196625
S1,377,L13,3106587519736010723,afb800453267bc91b9b74fdad1a1285dd84a7f309b3f7f17e6c069a5d2977e5b,True,0.4053421323244337
S1,377,L31,5092959255396897215,f0884bf350ae7f258c6249fb6fcd896caf001cb6a167fd1d2926620b2b1afc4f,True,0.4383648748253915
S1,377,L23,7030322164627027673,6e6a606e85d4fc7b048978aa9316829da662e221ef1b527a24af957cc5f4922b,True,0.47179150085265303
S1,377,L32,8509904847165219141,ed880fac02532f7d61f4cad96afe0e0909f333f270f341e9ab95de5624c1297a,True,0.4251526175126985
S1,378,L12,3247354250405203203,a44094f02642b5084054392c9f741f8acff2e94c8645e74e84268f12bd65a3ac,True,0.3867778482098777
S1,378,L21,3178848366243136506,57533595efc7ef45c5b626d38005cddebef1cca21eeb8a1dfb9adcca08d5ceee,True,0.4693783763541165
S1,378,L13,945326976337802127,c2f4cc9b5bf931a298d884de89ba6a352d11bf8486eb4420e3a4fa663acc2b08,True,0.4144092516652917
S1,378,L31,16917832405095456949,a60fa6371952c39e37e15e8b1ab282fb25d6b7ac7ab9ed441cd39a5f8d293d6e,True,0.4476883535293767
S1,378,L23,12389265578705001951,b3f36356b376343490234c4dd9d4c4f9a286cd667b6781848def14d4b1dd827f,True,0.48148700427269797
S1,378,L32,4129711195632578507,e4f7caeb8cfc2bd39ebe6cc470b52da2c88ba874bdd9ab62960cf82ce92b9900,True,0.4230598804049322
S1,379,L12,17873492038857882936,f71122f387f12e31e714877529b323e2778fc61a96f281c7855fc65541b022ef,True,0.3967357601769409
S1,379,L21,18253392017756330703,592849f4a738ae3dfa2e4d43e44818a44f8cae653a0857756ab51509868c489e,True,0.47403298540730765
S1,379,L13,15738055060799818379,e061789cfa2fb852e2c4a19bf52ceeb657c2328c0ee3b67a3777556e94c97f17,True,0.40812622972827123
S1,379,L31,89437271333737740,5c91938a7d4452d80e9645a596b55676b4bf2b535f3fc371775b8d744882195b,True,0.4452532349496219
S1,379,L23,2056843626433545092,f79ba59d1a9cd9d0b2bc9b36602d6afa99af668ee6682d25d85d66c8501fe07f,True,0.48148719737524265
S1,379,L32,10280807514448463110,6042d78f196d5a44ab333965d352e986a9f72fffa94fe2f9f5778f4ce4c1481a,True,0.42483652572848973
S1,380,L12,17673724082091075891,34dbb8489960aa586573cd2439b8fbca2c19641a286447fea295b0ceaf834251,True,0.393634152383195
S1,380,L21,2522637240850505755,fdf9f33e776929ac2148847571840c83c6873601039eb01f3e580be9c6d15b0a,True,0.4707755887868168
S1,380,L13,12022835550205647588,9e7d0ee2f003a946142aed33e1d161be1b40d9dbaf5b0b6a0b62c20e9cd2d74c,True,0.40358397029095583
S1,380,L31,1772983786995415625,4f1aac7aa8b991d7d6eeb9e40d5c9c40a4b9e8f1b112c25a279aacc1db8fc2f2,True,0.4374116521098346
S1,380,L23,12941455850123127361,684644a9e1bffb4de113fd45a63a16cd14d0e022853e4b6ea605191529582623,True,0.47861305694923895
S1,380,L32,16854816980403043060,b94783cc4619190691ed13695a034810bd63e838bbd385ef910e9a6c936bdcc0,True,0.42446535493361837
S1,381,L12,17671481462967333464,a1bce099c0ced9189ccd8d3acfdbc6901fbe154a343cd173be6473ee80a9c20c,True,0.392332669229437
S1,381,L21,10538025284850339167,2d72044d0a034058b4fd0496cf4ef6984047df3fad524ef1fabfb238db5003fe,True,0.469940221000682
S1,381,L13,10653014569281177220,e2aa8a27791ed61684e43c7a6bb573b5cdf7e4841cc06ae4b339221bcbb3b9a6,True,0.40607918308361324
S1,381,L31,9524714095312291042,583d4c222561e4c26a924244d9eda25b367829c970479e648bddca7f49332c00,True,0.43620202878804915
S1,381,L23,3581661782618061856,6cebc4acea67f560c7c95219d533293cb4a87db90050709cbb6ed56270184ad4,True,0.48202333303522044
S1,381,L32,6310138073085202210,84d90f43fb3ae9851ccc0ecfcde632d0a1bab3ea48ab34ed9de4d369d2df5a68,True,0.42043067279313034
S1,382,L12,5978915848086856827,b7472ae1e5bbdb796d833f1158aa55b8cc88456f912d15fb4ac79e39bb7bb0de,True,0.39269783306277517
S1,382,L21,150962197198789143,4eb9c9d8dc72a4378dfebcc3b5451505c9e6aac1e418a742f2b22d92ba8a0555,True,0.46772841940359217
S1,382,L13,14721616544738099499,25a7d48a0cb5996af80e71e932cab5f86d3199d40102cf728e03eb15c4447796,True,0.40916778998835746
S1,382,L31,4145511883378466515,a78486454ea5d24477194149f892794c740fda98d6723cb741f5c386bd8f0c69,True,0.43664344181470555
S1,382,L23,4717913151152747595,6cc2adc21c0aa876adbede14cff68654e66c1b3a4cfb9a0ea210153d65bc1046,True,0.4681390210511009
S1,382,L32,17762328126326560836,16b3569a2eeb29649fcb695151537ef7a23111ff41ff37e7b838da52e9a734d6,True,0.42125271614688364
S1,383,L12,17625673934039664449,6aaec0b7c4013ae96a0cafbcad66e8be56a68559a1e822554ced91ae4d7645f7,True,0.3937716532595834
S1,383,L21,7206509376452930025,505eee276f4368df23733945d64713f6b8d6940fe3516e84d3808b98728c5a24,True,0.4756039799457559
S1,383,L13,4810810362518100346,3b48387d0503a7134d626089eba4f6b63c34a9f96ab355810d7d731c7dc5d2a4,True,0.4025523660530587
S1,383,L31,3613083118651297752,98395bc92b4b686d3f1e778f74d2ad22e64f512a39e3790dd6642756cab379ca,True,0.4431487195159518
S1,383,L23,14870666425453102357,427073ff57402864ab696ad94627b4ec564b58a25abd2dd53f5ce77c5f753708,True,0.4710038666765474
S1,383,L32,1270642014654003571,fccfbd5ae2ec5691d60686f2ab5b3d96a023f57a7cd169eeb08cda7f9c8e0b40,True,0.42528915998517697
S1,384,L12,15640441856674768454,5d848cde6d7394e29f9b17d514aa94a5c31e9eb2bb33dd5ff9b04ecf0fd50cef,True,0.39399960604792494
S1,384,L21,9557926419152734984,d8220d4d82748c0e0362a0aeb30eb9b86161959bad9003a1b235da64d474e506,True,0.4714638206433407
S1,384,L13,3462012273577375506,072910408251f744d5ce794a89265355923505dc0b82ec1ac3c98aafd57c012f,True,0.40739361573458366
S1,384,L31,5568253580894267901,07370370b83391fcb3e52bc6479c8c099c0aef3e4fd9dac13eb0d9308754a059,True,0.4473512948112559
S1,384,L23,4116484347518538513,3d1cabe4d8546e5e06d65d105cdf4e8763edb3c3d130cf6693afffb056bb388a,True,0.47343109765047187
S1,384,L32,15352059806287076746,c59ec2524eb12688877028dcbf7094e9949ed6811c7cfc09f7e44faa6d27506d,True,0.4249741198565743
S1,385,L12,11259675713590817847,ffaafe5633e88dac82ba8aa7757d54d49a9376fdefbc282b331f0b301ef5179d,True,0.3932691495967165
S1,385,L21,9920505483700703792,456f68abb667d093db82646d6dd7a4a643308a7372226e4c0d787adc3b6dcfa3,True,0.46803564728466385
S1,385,L13,11283286907862335611,26c1471a84b27a5cdf227258be92708bd959125eccb4ad3ef9007ce2ba4e19b2,True,0.40778553221979735
S1,385,L31,4015977659910003785,1cb0f66961f2732ea1759c2a311dd012d7f3e3857c82ba2e5cf1c36935e679b8,True,0.43747172587872063
S1,385,L23,725068748793742343,ca7391bd46ef560f842793c4293155e278bd599a2e5a300d585ff00ae22dd744,True,0.4808357264857241
S1,385,L32,11166155065621587188,39ac33457800e2f8bbe734f230a09371893897d764c7b12330448a23ff5507ce,True,0.4233555852431859
S1,386,L12,3955607904790562065,29e11c5073643400ac1813554642a4d7b525de9006db451e56857247ea28d7c3,True,0.39233278988499376
S1,386,L21,14382047972431126064,ddbf87ef50310c64fd17bd1b2cc8a5621816a442a9a63616ef5289af727b673e,True,0.47332886809940594
S1,386,L13,17283413994739507139,a9029f09cf312d0382a3b815f307cdf326a2ad2432890e762ce843e468ac22e1,True,0.4067569311681929
S1,386,L31,15492088427095435258,3bd8544158f1208c0c4309d94939604ef6fc70f550ee321e8e34dacfd8db438a,True,0.4378090871786357
S1,386,L23,17109447690151437345,75373450169cfa5bd0ec82ec84ddba4e0cf8ea7822250e875ff9c3d547d3003d,True,0.47916422438931805
S1,386,L32,14664308019737450785,4f13cd1604245b8a07160ea97991b9e05dae206e3b8b234f5db55565629a619c,True,0.425858404455461
S1,387,L12,15071678394154831619,86f4804db1618768a458b755d3f5a21dc3659a24f3914ac2922c97592eb19f9c,True,0.3902013369583118
S1,387,L21,16765463805392532387,dad2b83bd5bb3accef011fc426fb3fe20a5149732d9a5382820f46ff796b7053,True,0.47595016406057095
S1,387,L13,15734207432634371380,bed29e62ad94038cf5cff92f00de4375a9a5db667052aba9ae6c9c07cb00958b,True,0.4151489010096619
S1,387,L31,3706021270348634774,4f6197ad5b89d570a5e0d6fc6e20c5872b2cf8b87ddae4cc8e05582a3713feba,True,0.4417705580219075
S1,387,L23,4976562374518382907,0e556c29ec9f2d8fbce08cbd2d9460ca7b5e4ea0911258b9f0adb7b5c0b10fc1,True,0.47729342327131014
S1,387,L32,4718849659999247230,c3bf33d4e7e97bb21942bd2160e2d7e546e13129a8b9f029612917c29bdc6f03,True,0.426028308438797
S1,388,L12,10592032542034063903,81c18250b18e0eb3f063609f58c606d4cc2da92d1e6442e8d074e8274e3eee12,True,0.39173438058984794
S1,388,L21,17892346067909432905,b7c36cb6545b4f622ad0fa20e0f9918fe0db524c3e6a9f63a02cda691f720511,True,0.4735217989717582
S1,388,L13,4288234750687736513,ae39a5c087328b12f720c29494b05aa74746d08c2111ed059075308bdf9406cb,True,0.41167479423101216
S1,388,L31,11627095126623655369,41bb962ea8ae67633610dfdc6d90da9d7ab766f72b8955c5134da95bfcc35102,True,0.4383261613721716
S1,388,L23,11961273153947350601,085ff7d8942d4ee87be853649b0135c1196c5bf064e70a5a1c656a3243bcda18,True,0.481235222755331
S1,388,L32,15019857091976457657,9565d5533fae0cfc14dc5d52df621b3f878cf330d99dbb7568ff14f6bb74096e,True,0.4239762992025382
S1,389,L12,721738068642513796,9904586f4a597d4b5b44f314991f6ef6f14eb17d4d6c8e61ecd6918cb389472e,True,0.3910705331890429
S1,389,L21,16755333908052240990,b1ef42fa7bb1f820b8b81dbbe8abba34f7ef0ec6b001e1ea228a16e2b743b49b,True,0.47296142928355367
S1,389,L13,905289470247316913,ae0f419321437caac0fba8e5cef3e81248c46c28e3b803bf09518b225936532b,True,0.40951695996369225
S1,389,L31,6068604960498797058,7a562569cce3206b63b98114a25e733eaaa5251bd3009df7e52b2193e644ad65,True,0.4513485145309752
S1,389,L23,12875769302461513407,157cdb143fd48ade906d2ff186884e177528f3d9cd25d80633df8547d265038a,True,0.4773075650375588
S1,389,L32,8669873900247909790,b73a2421bcfe019aec6b2b820e0001a98cd5b3435b129b32d8c12ea9305ddcee,True,0.4241986070844623
S1,390,L12,4471577793030390611,cf39044168da94afb8b9593f6d7879d3c778f59044973bf36393f59884475103,True,0.3914859869713553
S1,390,L21,2121789866413425438,4e55c12f094cf3b4473654f05b77dcfc63a53c12ad007792ee6a2e4390de3709,True,0.466932787136029
S1,390,L13,12134197164527915607,c6c4ab24e94fac65c4547efa60474d2db70750a07d28eb21f667e52648587a26,True,0.4167943316913322
S1,390,L31,8242458752012076534,3899c17ab1c5a8c07557ff132031f8ccf65a1d360041b142e023d0a7b7642e2f,True,0.43775268322072525
S1,390,L23,11086109425318247634,0e3c8735fbe014b2d974e25cadbab1ebd8319906601c997d3886aa1381fee6cf,True,0.4744898277834335
S1,390,L32,2657685678630750208,3eef7e02eb22804a28f8beb087ebcf5d02ec1601a723e15e1691cc7c6531cf7f,True,0.4267150347484932
S1,391,L12,15738504321622914726,eee9a1269e1a560a42aa4fc78725391734b0aec6c4978c855f4f714e02f99f31,True,0.391099569245162
S1,391,L21,2507435108904755433,a7c397ff1086626feb1cbe6112e62b7509b9f5fceaba101a5ce4fd44a8350c0d,True,0.4759386485908329
S1,391,L13,6185402866309601276,f053274c2571bd788f12a813f244dfba81422066f88372c975cf902780ff0dbb,True,0.4046783756907796
S1,391,L31,16193358282631692048,8716f8cd3e6cd6819017812f1354318c01b6baef87a980bf56499cdf7534bfcf,True,0.44539534806870706
S1,391,L23,6652086791949526498,64face9078efea1b6b1571facb5311d34fdc4edf02acf28b1df5667da92749a7,True,0.4835783415255198
S1,391,L32,6469100267823748586,710ac0ad2f26ecda7d31d2150fba98d9cc9abd65ee9d6f160626a2ccc06c14e7,True,0.4234596093869353
S1,392,L12,5108047541172359913,e611d056de3d4d3fe16759d80a258fc7409e3ce1f5af6cc1af400bac22a1d796,True,0.3946628975887423
S1,392,L21,13341000592827193210,85edefcf1ef17446618d1668de12fcf50119b338aa6fe74097c816db20a5ae03,True,0.4710273524780979
S1,392,L13,640787865295977580,4f49021bfac90798af6d3f8cc9cc463f39a13aaee1dab6f1640a8f10f53ff790,True,0.3964457338436809
S1,392,L31,17183795807445293968,1105c9fa7324550ab300653206ed7a7060e34fb75d02d07a7b6a822a09b8f596,True,0.44135231275228265
S1,392,L23,885788494640875371,c6e68da61b7107f95654d0964a9adbd2709eb019e653916f37ebaf875ae8cf82,True,0.4834649432715952
S1,392,L32,12645736082312746979,cf9e9e1b63e08826af6a3337d8663c3df2a23603cd5a8cc1660f21f66557b7f5,True,0.4249088390757191
S1,393,L12,11989338362063233045,9db427ff970150e1494f52ce68e2fba27f51ff5044a773f36249730cb8797e6f,True,0.3891937120624219
S1,393,L21,18040014118470894966,8e30d487a590eefb99830d51b1161c3d7204b1fc61f9b9a50f7aa77d9fd3a061,True,0.4718991121957476
S1,393,L13,9952618989043175269,9c364ffacaec0a190448111d4d80f220b5f1d34e641a664727286168d6c682ad,True,0.4025154860498231
S1,393,L31,17264109145466412094,7cba4b816947f267beb3808295a9a7f8e6b3c6741b3a9e91dd1b13684d52faff,True,0.4376816256410909
S1,393,L23,12152311945667943754,81ecaf31d34073b4016f3f96ba04149b70764d8c053c221738d49672242c88e6,True,0.47381000500432496
S1,393,L32,2714213034013387004,c62545ce2beeef733985b66b219d868c916a9a141f00bde2ed8b9873fd2271b6,True,0.42426751533342466
S1,394,L12,10339460733316824377,8c95fe4f79573b6434e6d8eef80b07e06eac990b483e3063db47a1e5db02c9b6,True,0.3917147806601015
S1,394,L21,628980233826012976,be1bd1182a8746e19a38cc5d615fb97859a1a4cbd0614df123e99a4296fb0476,True,0.47144247270848433
S1,394,L13,1190374925746455438,c2855da2ff3dc6ab5ef9f1d03eb94fc2a28c862efe681095dc12a5ae86d429df,True,0.4172676261609623
S1,394,L31,14166077033595917989,bd13509790f99560ef0e31176b5fb40d0d848e2c2f5f67e4a78ee2b0ae371ca3,True,0.4353272335318661
S1,394,L23,8269606566808199921,f72c785f431f43cb72e1c3da528386eee4beb35545d5ce7808964d6b041cf156,True,0.46803451689766284
S1,394,L32,17390097362971342897,1273086d51be7e172bfefbe7d2a860123fdac0998c28898b8d7126c790d9f1c6,True,0.4217037929344753
S1,395,L12,10826306418059911433,79353b524c45363a929c83a52b9f2bacba40e9de169593524fc6fdd427c31d80,True,0.394532204893886
S1,395,L21,6397064743748381760,70d9011709018de8a7a99c17f4b6e6c11c8471d530d8738a981927a6295d3a9e,True,0.4700764253260634
S1,395,L13,4285306927707085375,d2608dbbb992d74a9a9e96ed9ac8bc97ec0debf1b8b90cf810f04aebc8c1c760,True,0.40412473180230624
S1,395,L31,625194301155189451,65192d4118b4d02d21987e2a274573fe0fcd4850d1f86f2ce36c5468fda18c2e,True,0.43508180904469684
S1,395,L23,358805050322818394,877e47b6590b6e842fd2e59ba345d9896f79621810dded23c2669b12fa21e640,True,0.4712949730153616
S1,395,L32,15485672898742808513,36064894bda6d13ab413dc7aa4097889058ce2a83daf7e2cb3e5fda9dbbbd06b,True,0.4223636427750702
S1,396,L12,6686976765414149482,8b778b0f8d2c0f77c0f975d0dcdcb6f1b67b888b8bc44a626adc80b976957b11,True,0.3894846761586136
S1,396,L21,7708644882428095506,ce1a85f4b1db4826fcda7c0e9a7db4d5b9a4ce5377f669df24d2579fbac66a40,True,0.4654022975458235
S1,396,L13,9794502258481390221,4c2a0678990e01b6400d4f3cb86796ee37d33056abe6c46a82611a3757e3d31e,True,0.4147431196894689
S1,396,L31,9601053754134853696,2b3faf8c00745907166f036f1d9ba50a328d2d4ad0a344d813aa638f0db1d9d5,True,0.44282386590713135
S1,396,L23,3295739317502225229,8a0d58092bb2382bec14eb8d7881cdcf503991a89199e2b8e13e9af2530d2d46,True,0.4793771828605714
S1,396,L32,642398359490951454,071786113d8158eb238d8ef6984cd1732793b7f6cd1a0de389a1775b2c339173,True,0.42239907181256825
S1,397,L12,16099968211351612760,916c8ba973f0d3fb06d60afbc06bd325ab32f670745a675fe3f8ce5a3bf5d75b,True,0.3921668960153618
S1,397,L21,14520500001143120748,67512fecb092388dda9bac65c49fd04ea0a4bbebabd28a90afe8c540ccc99ee3,True,0.4705971062874301
S1,397,L13,9901665421765512528,bfb19391e484a04d505ea56a26573bb9c39f8af3e29612f838784b360f7f4ce7,True,0.4120679148387567
S1,397,L31,1541196277844798654,5f6626ee58391f547ba5c7e6e9ad04131199908c61d15d6b267bb0c801a4fac4,True,0.4371809080125065
S1,397,L23,16412434402845563956,7112e2d8a95def44afda349580649e49f85de8304117af16e53afbace749911a,True,0.48596224157405576
S1,397,L32,911947729593360027,25ae896e19a7b0b571488fd482c3805019ea9703e070b617539a2336abe8f79b,True,0.42875015614469375
S1,398,L12,17450087823126788991,df8427bf4cbddaa0558648718eaaf4eb105fa6c62f5c1a3da06e39c6c4437684,True,0.3960579379416397
S1,398,L21,11441852674019286091,583babb83245623770466af84f9bc53b7ff8d842f17509f62394a8f221c7a35d,True,0.4749914587129984
S1,398,L13,13266518088009307392,226f2d540984982cbeaf00881e1a6665df814c2f285cbb8222214d4d5ef6daa4,True,0.41507639281805503
S1,398,L31,6804242312548178179,1f210af01f22f292f4118bba0a10ba3c3e501d8f85ce535203a08a19098f4ed5,True,0.4395416254682183
S1,398,L23,12945758752425762243,70e41117a462f38ec0a1dbb3de0158f7b1a430d0996bfc68f3c188897f8d2902,True,0.4822664993746648
S1,398,L32,10176160874441829327,798229e89917a7d36b2eece55115fe0eb26ac8ea707f54a2098fef244b7a5913,True,0.4255787634463024
S1,399,L12,436912532914528196,cb72773522a5e285a9e0ca0d539317fa31b7c336b93e91335c256954aca8b9e9,True,0.3877564911271399
S1,399,L21,8661804112027603140,97b09bb8b2dbdf9ed1ada4b4a6e14f624168b1b7ae984b46ce74bdb5acef6c65,True,0.477674638172773
S1,399,L13,16981460477129829075,4c73cada30bbbe34f7a91d6768f086fc54a9de37e66065a8833ffd4501fce287,True,0.397649947888611
S1,399,L31,8802644306182897746,6fc5cf44c90923b74dd2fc5d6ba5c2e1d7fb1845fa4f464242a44417dc44b2a1,True,0.43744959995270616
S1,399,L23,7668022681114188303,cc30b748ecdfeeb387b1b301227655a88c477a3fbeb7c23e1ce94e4bba01f390,True,0.4736630098997679
S1,399,L32,2381300422302634150,31292a55995a0fee36c17c0fb94d1334c7258ef40c75cb896a3b159d1d77d1a3,True,0.42601606047193546
S1,400,L12,6035207936472710591,5148da08a88e768fe3c6fe485512259238b869a035191e61b5a2ce82f5404bb3,True,0.38918453286405047
S1,400,L21,12856931207294140515,e0a11c20174fe4ccd0c69ee24fa956cc8d14c233393950ed556f445de5e4711f,True,0.4735551961587523
S1,400,L13,414179314065146748,3ce5df7a061e9c4b5c6e5fae73f915a9f01b334d506bb9cb26813ce11cbd5d7e,True,0.40766907361499943
S1,400,L31,14490893499628324836,a624c575aed8a5987a292a2e2ea1b6743ec45c8be99800518d96a9346ecc16b6,True,0.44456489079080624
S1,400,L23,6408592245897178325,36f48645c8e9d3c352c66bc1b77be25f0278aa18fcd536150400a1b2c73afb6b,True,0.47569388077782926
S1,400,L32,4204062384666254448,a253fc2d90ec1980c92a03dd0c9e542de703978c0d7e84bd7beb9fedea889cb2,True,0.4243681214652134
S1,401,L12,2847852010150574375,24dd835f541de6ea984db6e6b8255a42273f109724612dbd139579e962a52618,True,0.38557045281454216
S1,401,L21,16367411996987760685,76cee2986ed721e7309cf4d95e96b8cd9e862343183df44fdab1ed6f49647ccf,True,0.4710874976699466
S1,401,L13,2034342843466451359,e668c6b7c97a291e1328770e4b6c94340907caebec82a9f772260958882a4a38,True,0.41043094121563006
S1,401,L31,2427362985305537048,f1f606e77b115e1b632aca01d4023e5603b54e7880e25bf816359c84b82e4ba4,True,0.44260698965157
S1,401,L23,12556837518912523719,46a9421f92a1343420ef9f8675aae01503b6fe20df3b75e01fb66d4bb929b2c8,True,0.4796980056769561
S1,401,L32,7351342815265619137,f9d5661ce5e6b85827e841287cfb0f62c071eef075d403fe7eb1ff1f98b4356f,True,0.4205027071215526
S1,402,L12,9102377078592704757,263f90d8671603877a0927630bd2e51af36aa024e805e9f3c3453a189d491dc4,True,0.391626026162954
S1,402,L21,15929078505034835114,3b0c3968e402ff34c77175d2745e54ee2375f1a3cfaad5ea109ab13ac861d963,True,0.4722009272526418
S1,402,L13,3376076094671237150,0af17bba57fe6e25c8f2f79b8f21cfe0d63228ac6c7521dcd36a64e0022307c6,True,0.4070041142554209
S1,402,L31,10244294984927243449,01a076c5b0d3118d58268e3a583e32c3b2e79a701c7c1dc24caf1cfef979a66a,True,0.4339759508412189
S1,402,L23,8922962933782220554,43025003916c882d3f32c4ddb88e67a0671e4d6600d1a466204dde621f878881,True,0.47862361849039203
S1,402,L32,11290864199317915317,6993f37028c3060f11a93297d6f7eb3f319911d2118889151f5e68cc785cac01,True,0.422788354025305
S1,403,L12,3174995284296403426,1b524e4b6ee960f1ab0d299393cda3936532fec7957cef1659d07097a5bf5634,True,0.3925400653861083
S1,403,L21,8524288883363329422,34874e1b7eeb1523c966de2d0c0eac62335821bd96975d000b81b98c1e4137fe,True,0.4724029001882266
S1,403,L13,3964165396019619869,46bf0a4bcca8c15c225964b4ee1d2adb212993ff813e18263178aa33e40fe36e,True,0.4063542888935503
S1,403,L31,14043800355504063298,dd94720740cd254c3566ec9d150490fe38f4194bd406e2145264218e4d751800,True,0.44322212885631257
S1,403,L23,5607105987707626314,7c51a64c94de05ebf5486b0b71e24c6cda8b9da957682db9831c9b3412c4d9dc,True,0.47498360964696607
S1,403,L32,15525530292220402254,08c41550dcaf2e8d3783e5d10f0d4a0dc5cd72118a4528e4c1b767a06334863e,True,0.4225631747220145
S1,404,L12,1802256868617954848,98ac95456b6d38ea4f0221cf11792ed4d9b89ea6d113c585515d7592885b15d2,True,0.38931869169135264
S1,404,L21,14848849243820225987,b23ffb35252a0f61bf2b81ff18b690d561684c9f0074dc4cc7451f38f97601cf,True,0.47137132065315235
S1,404,L13,900515868287344544,1083f20d6c749704b0259e98f912d632a7d8c35228fb752d6811018aa04e3255,True,0.4097242853398751
S1,404,L31,8802449093753176842,b697e529cba45ce02e05d7ce79c30ec3775e2c284bb0c80dee5121a2e3906f28,True,0.44506674293623144
S1,404,L23,13553471280208309670,5d000624b2b5c958416adad4eab76d88297a8c3c9adbbf28d3a45fabc3147be1,True,0.47905001729122454
S1,404,L32,9241914799902333373,bcad8dec4baf2a60c66dbbf5f359bfd35dbc0c69811c6407b310c3ee9f516e0a,True,0.42326311455432863
S1,405,L12,3532959546270666635,8b25d1fe015a64b33a2a62b1ad2ade687a21535cc373168ca60182599af0eae8,True,0.38954659059133045
S1,405,L21,1599928872118094873,e981a80c5ec6d8dcdfedb316f0107747b23fdbcb753f18dd44acade0ce1ed048,True,0.4679767034150781
S1,405,L13,15232716737767952738,c83748987730c1f2fdb44d72fd159d437c32cef7b750688e426e89bf62a1fda4,True,0.40965520590211224
S1,405,L31,2975343658131744847,bafb540d6f2c8d056644a8f46f09a722caff0a9572487e8a7c21d7fde80485cd,True,0.44241516977449336
S1,405,L23,9351927706643641428,979a156ff544d321c53e684806ceb29ec2d3c897dd9279cf4951df41e2c018c9,True,0.48029958502493314
S1,405,L32,13001130568459509109,098c721aff0b71c2a969b5a4e8025aa4907d31000e87516dc4cbec38572e92f8,True,0.42452749403715717
S1,406,L12,7137844695432562654,5e86246e5057cbf2f3bae70ea7ba14bdddb185e1c6cbcd8c2e47d092dbd9b753,True,0.3896968955338814
S1,406,L21,13296422706453578940,6e80aa57da6dfddb4c4ebc65cb82771c958d85d0eee61476d376146c9dd50b38,True,0.4741672896587693
S1,406,L13,8669265824141378273,5aea04cfbebaf6fec2ee06d76d1a1535be9d748526eb17771685a81df9bbacba,True,0.4133825145689031
S1,406,L31,8144873928957335113,a0cf374e98fa81955abb052cba8f4762e80fab1785ffefe248c2ca004c5f5fa3,True,0.44177443001930433
S1,406,L23,13052459747595542953,c0a33f2f3ec7d649bc62513f77dc1d50d44654a10ff46551c76b420fe5879313,True,0.47884528013405814
S1,406,L32,15684086527374807946,bbbe46e254f33f60573a4f6cc8ec3f0d973443c436956e12e3014bdbd269222a,True,0.4242583471506599
S1,407,L12,10932313299725282510,7d7d310c03fffc7d8c13c9d46c64a276511ba43247d9505d3b6a06ded8144852,True,0.3901820829674254
S1,407,L21,15602926405052782205,f899c1fbcd0adfe79121cd6b5355ecad680138aeb776476fa09796c037912249,True,0.4721840201186386
S1,407,L13,8338832729126190719,419d4b1eb55324f935dcdc0880e4020394b1e12c5af54c3ab4ed6843d7c6c6eb,True,0.4047478129523109
S1,407,L31,2237369923747252012,31ed58fa33804ab1c184dcf5d0112e9e9a63cafc57f2025fdd81d67f2c13d40e,True,0.4400548288286388
S1,407,L23,15585947898501803514,d35ff1a4d3d30f619b00d9081d7a8779c3da9db08ae2ba29f6acdf8e6ce66cc9,True,0.4804924247404513
S1,407,L32,5116053169402287005,c8c054011f543cf0794d55fdb9345e2bbb4f51c32f2666970855b130ca5bff36,True,0.42234478076013016
S1,408,L12,5114737117990432531,c8ebb2795deeb110a646d4cdf1e5ce78a7823314f408d7a172c6636c9689e41f,True,0.38793035142432963
S1,408,L21,3096432250658226644,733ed14a944c613260f6ed7e75f96c08b0a40dba4e67f064d12ed1aca7619072,True,0.4714894590327994
S1,408,L13,16033020563319419715,5a95d9bc199f7ea1babcdf9b5d565c18fe3f432986f12c81d2fa6f9db8a3e271,True,0.41212523088454156
S1,408,L31,2942793593195122923,5769f6645676508d39c0201cb5857b5965175f81d48f80cdf737cba88cc0e328,True,0.440233816506271
S1,408,L23,12708579502213735760,4f89aeea7d4bc35c43fa1190b7c90302afcc80c54c97d18f4deed2ff84dc5084,True,0.4778285628839793
S1,408,L32,384133128759671561,c88d5404dc33c5b231c97b0a20dbd55efe9d328f3019849a72afbdccc5f9a7af,True,0.42727153212168634
S1,409,L12,14705265266821300718,8e73b5a2607860277b22502fd37cb3d9a4e91d933201aa8dd8878e239a0c41a1,True,0.39386331424087057
S1,409,L21,13047791721092786606,161867cac1962b75ef4e669c2c5a5ae3ab0a859d05e683924978052828375e46,True,0.47436597769104755
S1,409,L13,5427034308133297825,860033b2ab76780b0865ecccb108dee0a7d4106ebfe1b5480afa6c1d88a22a91,True,0.4089255187777272
S1,409,L31,6077337113331077544,110c9844a4ebeae471a8844424158c31143605a4939e52f8cf169c33f60decf7,True,0.44071023133917464
S1,409,L23,15217816552208714589,8de2e4da8690583768485808831abc0856979e3f2eab3d43d67668580092d900,True,0.46998365562319205
S1,409,L32,2760152634488805306,15810666f3f57e6a77f1b8903d86b6aff55d8c028645ad314930e13ae3279539,True,0.42271458410640417
S1,410,L12,2307624892341854542,903cf6e2c80224d31e6dd330c7fba0269039dd275bd2ea423c09a4a18f11ab2d,True,0.3899994480441955
S1,410,L21,7600880186750497563,9ac20ea4977ab872d0e8e5d3fae070126fc9095ac5406fb006cc333a4de65ea9,True,0.47374246473488374
S1,410,L13,13062084946869433350,21f718ba6d5c9d3ac0d58689bed8707ee22922e900652df6f45eece9db594d9d,True,0.40699901021130325
S1,410,L31,11097294363371534873,fb922a39d22cc00dc570b562ab5c5adc7810537f252fc8879b75572511d844d0,True,0.4417650185059404
S1,410,L23,2815410129083226159,20e8782def5300a098094ab33d5674621bd42c2a013c627830025b5e7e1bc33e,True,0.48224382530942106
S1,410,L32,10762725794916056924,3fc6440efe9be8e55ada2c749def799a7ff1698c085f4eefcf8435cfefcea37d,True,0.42409322789933457
S1,411,L12,3849664480584498629,ab9f959dc38ba94b4e1fd510c16cabf36b6d9c983900208b6003f9d8a8993fa8,True,0.38871523907790445
S1,411,L21,5868131809540784685,4a27fa841b42aa64b49d514125735f4498426de0493c4048044b70243bc7338d,True,0.47572515883211075
S1,411,L13,415813999358040009,26a1c14787452d1ced7c0d11b109f362af0c1eb3d229217a09f9008b11913138,True,0.39941872940174816
S1,411,L31,5601093441393398199,75a080ba97d4584ad3548f1374e54e737697ccc41cd611541cf7294b144f292f,True,0.43932508827953487
S1,411,L23,139993649983643423,2a5bc014248d1c840293e1ec71e2659a668e146f2a8122ca69bf07be9b53f44d,True,0.47962224193749264
S1,411,L32,12875121016669863912,fe449aac8cec84c9b0afb6dba876cf79e34db317b51e8d80583e447915d74862,True,0.4296138213512214
S1,412,L12,10893967997288615617,397d59874f0cac61505a9fa78c118399790d9d3fe38ac88cd886531d5b3add23,True,0.39213987815307116
S1,412,L21,6271923192519696577,3d91e047e3dc453d7f3dc18f9e5e42bb38ed023c678b26de38b1bf31ccee39e3,True,0.4721198889773274
S1,412,L13,12288049341021896646,5bbe1280a36a8f1738b7f41998d13593024ccd246a96125579ebf48f27fc1085,True,0.4085172469756051
S1,412,L31,8624073268696093187,78fc625197a70dc42d1ecfc96bc4ad9050c0a717d0bdc0777cf68e6b8cdddfa8,True,0.4397385473893365
S1,412,L23,3233119761394834933,b3d182ea16c4954792f6520cbe4fe299c8e04facf2121aba54f4f3b5fdf341be,True,0.4726463665383307
S1,412,L32,13179290450347385853,f8f7a0d87bcf5b8813f142aa1a285e9d87b9de70f4bfc77832ce53f2bea1115f,True,0.42673872343879515
S1,413,L12,2003432549942535516,db44c38d96c656d6d608e4ab89a46e88c3823e774f055d734ac95d9541e7bcfa,True,0.3915351081617273
S1,413,L21,1897699391852416837,62b15f47b2f086c2819eb9182017b8d1d2736dc332fd8e6f7e82c349984bcb76,True,0.47670553955310474
S1,413,L13,9116100641672781459,37f8c50d97a07629c790ad2e3d90e23ed5ccec4e521edd737cc031673b25413e,True,0.406206950025927
S1,413,L31,17438395534004150424,c53ec49978e8a001dd8e2d2a77a38d5a9099fd6e59d764d5cd2bde3b769e5929,True,0.43744599190968547
S1,413,L23,3573648346725702883,69ef8654666a76cfe3f92289e777ac0db6577f3aef453697e14fa6d8b4491177,True,0.478522604898129
S1,413,L32,5004141525144915775,d625be027f1105af2ad5a97534ca4773cd809ea37a7c07a88e412321f2b335a0,True,0.4256091669840669
S1,414,L12,4292791512539538170,e9b30efd4728f5a603de55aafe521408f6f96bad5a85fff0a0077b45c6ededce,True,0.38741849116895966
S1,414,L21,14055316153053127947,6969c4d83b953690698814cda6f4c9d8b2744c432bc69a0f42f8f63c79152b0d,True,0.47376148981112903
S1,414,L13,7802077520711691382,b05d89271f01f14808908828facdeb4060dc32cc6a604b7a07e9c62321fe5fab,True,0.4057234052388227
S1,414,L31,12232278197166117646,ef9dcc9c44e03e9f0361653387217fa1c7934c5203aa31f2e621fc9648b4a1fe,True,0.44012013178322107
S1,414,L23,9835788266016924254,146d96f29b1bdafda912e7efcccf1a4a6c85afb9d846c4fe300e20d03c99c69d,True,0.46769916046768134
S1,414,L32,2947804529936745339,597b358f911c20c80d656a224f1d9d7a669d10972dac0c005500167b5ac3c152,True,0.4259989073962997
S1,415,L12,17951062966305465286,20c64f53e4eb3c90ffcef88d98bd669fb280e41023989239597846200ccb6ad0,True,0.39293731554152167
S1,415,L21,13756589520635619771,405d3d9620b49fec62ada86c3c9c0f09d1b4bd62cd90899365699d85bd269325,True,0.4726463665383307
S1,415,L13,13004584995657854638,7125d18c616c019a8cf8022368ca3ca5a8f8314f81329cdbe865d816ec0e268a,True,0.4074897279538671
S1,415,L31,17669591680984678050,41b1149114d0155ebe1c06e277f9090547e92bb017a0f1ac2304fdbe34ab5b1b,True,0.4418432701480357
S1,415,L23,2632237421068133731,7453951929b11b7a72bc3be94e9caf86c20f42281efb912cf34de2a72a364e55,True,0.4747930729653782
S1,415,L32,5740802200741700636,862620c01e1913766c68553bddb3796beb90047d55378778f7b1206174d76379,True,0.42481133451238773
S1,416,L12,7461077972962947857,279c2bc30f7b7a98e77cc9a542bdc0c38220fc14eaa27254696f1838505cc6b6,True,0.39042190599558746
S1,416,L21,1056770869115554381,295799883055b2f21934d23cddae9a0e5cfe22f2027d516bea4fb4df708bcb6d,True,0.4686259009570487
S1,416,L13,16075203520424421000,33760eafc269fff0707c22764c886000dc87d28e2699b7178df3a951375edf1f,True,0.4117616024648053
S1,416,L31,16491443919289390547,7d096f25e38fb2cd8e449bda1353b15d8a996705700289c684eeffeb660645d1,True,0.447051853923079
S1,416,L23,5692775573104821729,04b97ed5bf26451b2f8edbe7e5497f557e30dc0dc66d4af08905ce16279932d3,True,0.4705471697294924
S1,416,L32,15865058324788351532,0447b6bdb463765175c153664e7cdbf1ab240acec7e402df106f2e2ee0d80300,True,0.42407769107489884
S1,417,L12,9647781433328018859,8cf4c6b934b6795caffa9b3ec845cc1c82190800c0fbcaedf82aed252d63dd21,True,0.3917688295487885
S1,417,L21,1671616008225075066,6c05b6f6819a739d280d0352248e92856e46f40dcf349c2413ccfc388f85a502,True,0.47105314489959227
S1,417,L13,1312242003985773577,b8128f39972734f5b820db78f31b11b252522399e073553bb7cce43bd280e8b1,True,0.41178280675314227
S1,417,L31,13600478003641983784,b1f268f75bd50ea01befe1562d4b65041bc6d6362d4508698a16308ca50739f2,True,0.43361256258386344
S1,417,L23,10802448096363187180,12c7c53e29df6bcda3e84a86bfc09bc6748c3611ac74bc32fcf0255f3a31406b,True,0.4720750642317893
S1,417,L32,13920253693061188851,cfd7465f872c34b93a9a794180ef1f51ce523d364bc3a39861940b734f9764d5,True,0.425386226737048
S1,418,L12,9342278273527368517,8096d2662bfc256d03bebe9f9e453d4b9ff9940d0c2f41b48695a1f6c8c0cc73,True,0.39132142779085327
S1,418,L21,10949905886532699039,c053c9539076ae74ac9aa53fc43a14990a76d1348800ba26b623af0f00c27787,True,0.4740527825082665
S1,418,L13,6714406079955140672,e2cf289ebfe9ba16b532a1c54f3129efb880ba622d393768c0ddcd7e9dac8ed9,True,0.41356518996547614
S1,418,L31,8413719245883041423,ba68629d205983963bede009ebd8cbbe3f3bb8ba592b17ab229c1a356f3d29cb,True,0.44538972384990805
S1,418,L23,3383660203013666105,f250f1248b3834c33d0dd7bedf823c287053dd566a07f2c594fc209251185647,True,0.4745058430144127
S1,418,L32,7591628734672087531,b6be0e62f3008673a8f2713cb32ebaaff95caa0314935a56c8b0dac4b9dd8697,True,0.42228369643541974
S1,419,L12,6336711372723097575,999de5a5ce3ad271fa38e6f3850c111c207cbd139fbee7f6118eb375b7ddcc98,True,0.3917880858908412
S1,419,L21,1944617664633738002,e29b7cdf2669e1d59a5ddf0d6fd1a1a55a196dc9a90a61d3f1c1df395d21ae93,True,0.4712675774155536
S1,419,L13,2999794546463959668,417270e198a6b2128ea7faadc0c571300db9d9bb99db106ed4e0cbb7fbaa06c3,True,0.41223856818605475
S1,419,L31,218903818598639726,569c276d8695d21bfefc954cfd4222641f0655c0d3256a25ba44a3a793e92b3f,True,0.4411554243245319
S1,419,L23,8769322404583082727,b453645bc8c3a3c47b4e21e1a5868f8c1e5ee9b20923e1274ffc0f3121586c64,True,0.47351307887870553
S1,419,L32,17855952142051206331,a8a146c1732f1704e535616018305c9168fd1750a243077d6883256b39e53c77,True,0.4251193081544882
S1,420,L12,6765035211534096477,8c00b1395b23d12766085d2d5b53d7493f41cc941e52bdc4a9f49b7b286cbb4b,True,0.39172590983363687
S1,420,L21,7011279460874867737,bb60fbc11bf319df9db66b3e77c50bfb033dc182bc7f1605ac9f68566ca56073,True,0.47812509732215464
S1,420,L13,15659787912747351777,85041012e4a2a96ae5404f0ab875f60b053a6e9e2c8b0f543b243ff110a804cb,True,0.4098026292211773
S1,420,L31,898321064025058864,3fb2a0deea8788c257e3865ab88b242a6b1856755566e1190fde92c025a1e6c5,True,0.43816648156389826
S1,420,L23,5582856361470749137,9a486b0d784f923d31629b9fa22bd688e9d3c16d0a7796f28fd7821c3507fcff,True,0.47751142484864784
S1,420,L32,15211361835040646375,072479abc28bd05057e2e5c61f7ff02c11da24286d4faaf7e918b4e098374b57,True,0.4259618847788797
S1,421,L12,252637743328571426,19a77f4f66b0802872e79b25ee50af9335507311edae4fe5bb736516b1c1b5d2,True,0.3936228574457677
S1,421,L21,17402638099775171532,9b554ace65013f680064b235d37a51803bf17217709863a8bbb4b4650e1e6165,True,0.47691237540026415
S1,421,L13,2335681671567489404,61510b4e80e1ced357fc216d1caa12e43c8e395cabe2e48aabe5151a3cd31372,True,0.4015432452189689
S1,421,L31,10619458730394976954,96bed7457c2466cba482c98aa5cb58bc73e38eb28e2a43d6ab3c10ba34fec428,True,0.43969309312434585
S1,421,L23,3710680362971123101,028ace24243e6e3b5f5b332ac22dc86c8e2ab51ab9d678591b26f5f9a499d7ab,True,0.4703264263489296
S1,421,L32,8472666348924854159,8cfa1f51e20f5ec2c9cbd2c11d252fcd9e7a721ec283b1f0af5c392e1fcef1bf,True,0.42157532257962543
S1,422,L12,3043716878759932433,a3adff1065ea1ec330551b24de85ac52997656648ed6ef04eef862411c370ab9,True,0.39378604127519246
S1,422,L21,5107233903148300979,e7d615641cbddc96d6a5636a9716457e4d866454604fb3240836ef72bf6f7c83,True,0.47142226336417986
S1,422,L13,15973222114471532006,3369c13b8cef3e0d7d6a4ade8af9550d825b9bdbd1cfe63489eb0fd6bd6e4929,True,0.410540963354198
S1,422,L31,15980931567236449055,f7e0edccd7f9015296f6082f63b42aa65040dde7e9dddfb6147269a21b8fdb22,True,0.44241516977449336
S1,422,L23,11041574494754504384,97b8ed8872aab90a3d6a84532018639f099176364de9adae19a44e44dc31fa87,True,0.48606895864915656
S1,422,L32,16950751214693811456,a832e372e8afb27ea4c17b8ba05a20436ca3ddd1ed76f3e2347b7e732efee553,True,0.4224214624460431
S1,423,L12,15278268904396506139,b748fc8b3ebfd7b8e9c49d26908e8f967d8f83073e1111ae2596f0d03ac4cabd,True,0.3932824376168372
S1,423,L21,7686319598474816167,b666291f124698ee133dd239dc5a7ea072b66088f578dd1f6ced0e8bf4c7ca4f,True,0.4700993770016233
S1,423,L13,4352921788325229805,4c150d0d032efb65835b55175b3f81f6cd8c77467d698817f5495fdbddb1b934,True,0.4067722476884318
S1,423,L31,8045910054425367093,7d0d9f0bf40cb62e511a0f25e7fb0780b721225741ec3cb6a72772dd698d3acc,True,0.44169185970305463
S1,423,L23,4210642138575162452,15596ac8b513361e1caa7118bb005edd26ae4f9831b655220e0ccb93b452fe2f,True,0.4772375100100303
S1,423,L32,10878038342742758048,b1f5a01b5ddaf6754fed58e536fc631a898bd5bdfd9f72a31f368780bdfc4a78,True,0.42797667843900566
S1,424,L12,16547425169954122120,87bf9c4a8575a1393d785a433a9d8fb392aa0104a60517b576dcb2d0ebd5c9dd,True,0.390107340630227
S1,424,L21,17252646618645214062,2f32942eca3f0ee13ae87649a6869f0011d384d3ff0ad8d8e5176e322200b1dc,True,0.47075697495991375
S1,424,L13,8969134745806001501,3efa058ab48560974ed24cd703abe0ebac771848fe5e407ebee95e2881de1d71,True,0.4090596318772047
S1,424,L31,12940793139652407143,b1778285f3bcb16204d058e2fcbabdb4e11515fb41c8494931fc64316fa77569,True,0.4345913562329022
S1,424,L23,5963318672156921170,731927bddc16d3d38ebeed9178166e0b350dc07a5cc321716e59a81a78eea471,True,0.4791260418423352
S1,424,L32,18308527722375743659,4d093f24546cdd9a7b8696ec1051f2f73a8cb2997f1c7cdb42132afad6ce7cdb,True,0.42051036458078417
S1,425,L12,6352232249390673939,348667accfb00d42c644aa845777c826b11cd11451db3bd6bfd0724deb16f306,True,0.3940579055652592
S1,425,L21,9384116303862638418,a663d30d736d5f51eb24859f8e090a8aa3b46433c66eabb9d4ca37e08113f7d0,True,0.47647861648670087
S1,425,L13,4634947911053420139,d751c91c56ec9dd8a3d459f74e780a0f0e7afd40bc0fcf6be3a1c12468a71a45,True,0.4099320359467706
S1,425,L31,18212177732138488960,16ff7d8b5ba340dc8472042b5e228f0ae236a61f2012531c9fd9c1b78e7993d9,True,0.43648919393076774
S1,425,L23,13351803188365613577,e939b2e9d97eba585f12784aa09efdf67eaa2a28b74c536638b5cd3c8956e232,True,0.4728673857143019
S1,425,L32,4422270757701034582,8661a5c77d5bc37520b453fac5bc4a51de15ed452245d9eff6b61c54f2a312f1,True,0.42096042008680423
S1,426,L12,9538560515954268413,aec05b1c42b1eb6fdc41322e38320276666bfa0c32cc1bfdfb51f80802c77a90,True,0.38522900370544766
S1,426,L21,15918718424744244463,cea7b11f2e923cd4b6d33ba4ebc07446b81b71986e208fbece3908e2da96f405,True,0.4693588607323833
S1,426,L13,7490621142561511729,b8f56f757dbaedef8396e22de1725855c0edbf56961c60e492637a9819e02cea,True,0.4030757107043758
S1,426,L31,4008735897792526723,3e45ebf6f6ff4b17e74a03ff87f3dd600187a5d69b3a4da513c3219aa7cce950,True,0.44145514505347283
S1,426,L23,7088712523270957838,7bf4176f488ca8994187b015adaaceec8be2d8aecc2a62f0c67efa8f11a254eb,True,0.4835152966553084
S1,426,L32,14293357783560776609,3988a8771cdf2cb8ceac3af844c0c35d754da878690b031db8de9bc9abfe6957,True,0.42228085796602727
S1,427,L12,424637419351146651,074a14452bfe53baf4cc7160c9defa596168071dfb6622aa1f79aa6a7139142b,True,0.3973320706007842
S1,427,L21,5598436079517938042,445a003edee84c765c2f4db8e66d8c74cecfc55fa4e5b941118a4b9f909c766e,True,0.47327747189532593
S1,427,L13,6162877307880894514,e02cf4ad83c229072e511499e331e4e9e2a86235f0ff605381b5435873a7d112,True,0.41663983846337577
S1,427,L31,17600356456165083230,b8315fa06d3e9c8c6070e04542a4e8e82fe91bae30e19e309a6cff5b817903cd,True,0.4395230534091752
S1,427,L23,9102402579215928697,5c6368ac7a36e0bf4e12271a5658c5068fb8d6f42ebc6f20facd4cf9cc9b9f6c,True,0.47375945516385926
S1,427,L32,2341448012168146096,e5512d50f33c55585a6753e0548cb064c8575017f6787dafcb76fa38f993ca37,True,0.4243536044580516
S1,428,L12,5451456421117258904,575e2d8c93966eeb35e3b4805f91ea750667dfc1602a4d388062fb7beca24050,True,0.39001039874594756
S1,428,L21,17692026588402441042,b09a62026953a35746fc5ef408680d19057cf59292d8bd43eca39dfcd1154964,True,0.47329834945010235
S1,428,L13,5036185964015191077,55230180b194cc505917971f04e03feebb6151051e538bd06009e90c0ec73758,True,0.4081462568694823
S1,428,L31,2078157452286371368,447ef9ff219f66f2b2d2985f953e51b2b774d042e0e8dca8f36a0d5764fcaa18,True,0.44355810462856204
S1,428,L23,14675702719423965261,6e900bc31ff9ed06ff8f41a6b290e85ab61732cbed82cd22df145f1c4452dcf8,True,0.4845860096699425
S1,428,L32,12613886388802284449,cf8719b3e97a2600f279842058e46bd49a54ca6f88326c31ea68c74e53d097a2,True,0.4207481287816732
S1,429,L12,9018200951142742900,13138259b67417c54642fd9c1f2b81b3543bc33d5fae1a3f072a46323c8ea0cb,True,0.3933389300724808
S1,429,L21,284845631421398218,ed303a4d4a43b115f3561b8ebe509c98a172b76fd8bca5359b2399231ea5ce87,True,0.47147556710433297
S1,429,L13,15802889167219788193,5e57dec52290b51c30844e83c1950bb029352adbc0fb10d7d7290df956007ecc,True,0.40402124904658687
S1,429,L31,8268986813202043679,77f05c4d85853f80c67627c0964dbec97517c0e12a2414bae1e599fa8c3dce43,True,0.44012261489477045
S1,429,L23,12769029236987359525,c3a95d46a6991dfcf391ab65c235e5410fcf243d9827d15239b49c4503ca1093,True,0.4816562373562523
S1,429,L32,7644236688916566848,d029f98cc90a2bfd25a7705353e6d35885522ffe8efcd97a8351b53e71618d6a,True,0.42106254402527
S1,430,L12,14270394406254276930,6752507ab3a28dc31fafec77261fe6d01b0d116759b6d5c50fd97455db475cf4,True,0.39121884402577867
S1,430,L21,12522212848224389826,4a1bd54ae16de658d4f3a0af063d4435814dd6b86df95318de0e5c857be7e785,True,0.47198088056637155
S1,430,L13,8547360745290562390,2a560debeaa6133a0869ef3a642d55aa565ddf670bf9be9e2a132290b53cc9f1,True,0.40974788132545736
S1,430,L31,7721278121905325458,c57bbca9a677b6772d6175859a942e8b3fe9214898e01594e58c59f2c8f36f78,True,0.4420683923766785
S1,430,L23,17343183891181096143,24fafa52d6e4e88ecc1321ddbc6a45ad789ec01663228a7099293ac8b98c289a,True,0.47410302266886756
S1,430,L32,7431788688581654447,907ccb24b6ad399f248f2853e2a40af4b577a62b0c5df80dab8648ca1fa2fade,True,0.4256912958555522
S1,431,L12,16181421841288116568,6fa1f15a5bb9186209efeb2e7a1ade5d3a2fab4fc9c2df70bebadf9ef9ffbe22,True,0.39190989510133256
S1,431,L21,14597904683947004076,a39a69ad4f191655ed376a861461a06bf1604da53a9728033d90896e83da9703,True,0.4727501553252903
S1,431,L13,5643102620427211707,37576ba668125b0d40fadbc2beacb48d90b5fe024a85047ed310be959457d979,True,0.4078300962801039
S1,431,L31,14721942836920538642,2ee44f85d3d52c9db6a940a46925e852f22573f4c4f7530c051d4945db0ac26e,True,0.445629899824586
S1,431,L23,17048939477761076422,6f1d449895e141283526d06e9d85226603e46b0aeaf23c5066f6c84447ed7177,True,0.4772831585296552
S1,431,L32,11445864328503529406,4916fe9ef506c05389923e915274d61bebb5528c9c7be4903f965a7960c4aeb8,True,0.42047520006909916
S1,432,L12,4157233861232576543,cd21b6098e3dac62c1ba81c6aac5baf74b557e5cd4f8c5beda1d1aa2d9d9cc99,True,0.39378573491769464
S1,432,L21,11755920987031145935,7a0fccbce9ceaa7afbce4458c9f33ab1fc4c24a3de96e669ec782375d9161d36,True,0.4696530470362042
S1,432,L13,4697954110595580053,be57ed4d01821946935d4539fda3bbebd52891ca2284f17b8598e09ee2fdb1be,True,0.41054606484813966
S1,432,L31,11957789183186114961,0aaafcb6a6f12c55d663d6b43387f2e8b1a10c3c98d176eedf8bd10496383e93,True,0.4375734266990584
S1,432,L23,9688514993649021865,2d6673e22be1a13ce623b3e1718143bd433bef1e61a6628d455ef8b06559470b,True,0.481147903513247
S1,432,L32,8561895581605188820,14899d04f69c7f6e1420a389afb409d0c0ccc5443025ee0b20ac32bc224f26c8,True,0.42209070469320226
S1,433,L12,2555814445133822939,80746bb921e9fd2923debacf89d9dc343bfcffc36a038706b962e15c275c9876,True,0.39209443846369474
S1,433,L21,828059881969283403,9cbe0edd54bddd117d626f4dbd1e5d8193dcd62bfc689f915dc80b21d8f0eb4f,True,0.473674857203398
S1,433,L13,9355948876493730962,48b34a7eb08da098bcd81a5468caad132478d31f61ddc696f57e2eb23b23d549,True,0.4121320824026513
S1,433,L31,17211136835229165803,e80fb4226afcca113dbe63bd955dda8bf8df6903e0ae5ad7b8b1d23a523d7b03,True,0.43496798025715666
S1,433,L23,7323652079060287465,c122f998bbeb93ef05086e3c9e91dd9b4c7b367754dc58d92024021e3fedc773,True,0.473407622248624
S1,433,L32,185461901765630953,8249916198781eb54029e79fecfa8e4884ef641084826f0db3e199fec81ce183,True,0.425834693590468
S1,434,L12,4062333765520937077,b2f6fa1a04510c5c38751887bdef2cae762e06b8059f5216de542fdb4dbdf1e2,True,0.39163385728363903
S1,434,L21,3660256573644365508,cd13c7df794b62e779d8f6a9d576382ba7e6341bebb74a67fcac3763f4c96ce4,True,0.4663517900710049
S1,434,L13,5921913326917496768,93ca0c29ab788a41aa9da02d1556d16e2cf26414901e60d402dac9a0e072901e,True,0.4026526584087966
S1,434,L31,9755845187702419967,a46911349d66f89d95291f1a9861a6d0092baf664a46d850bd7ab8af02b44e11,True,0.44843094526834537
S1,434,L23,2873657865364828349,6583dccb02bab662b975b93784d122c5ad33f3f6f431a053207954527e5ea898,True,0.47586433501494985
S1,434,L32,5371391663392504936,4f590c1ac8513949223e314b77c12bb95598a0ed70bdf783863c7a6ec144c82c,True,0.4273614897950201
S1,435,L12,6434354721635202767,6a875711c3756350fb3aec58e55840a92912ce727ba3cbd53090a74ff2b9555f,True,0.3912557765155899
S1,435,L21,17381599447049804159,bcd8f3fbdf748b33d2f74ab29513e9c48d3370f3962c17d23881f80cc7830332,True,0.4759786544359878
S1,435,L13,5396734860097002722,f2f19a43da3a360e29e224bb982e65609c5ec0e16ccfdc6b60e0118afd3bfd59,True,0.4115284943692785
S1,435,L31,11760201331085550624,f28bf5e2832cf872f4d6db6dca5bb1c5043e736287ae6630f6c57011e95cf4ac,True,0.43890799507776
S1,435,L23,8974455688716094768,133c08967f037ff001b9df9f0706376985179c1f0226de5b7cbe8a6aee084b33,True,0.4806745964440913
S1,435,L32,15446755415252664670,ed2cffc10d15fa1b87c177d8ec48c2629eca63eeddd8f9e518a701de168a4792,True,0.42664140268559125
S1,436,L12,7532135638194090971,4977c91f48a041846b409df13ca42f5177a51d2aa8d1883641706709aa6e7bae,True,0.3923367235376996
S1,436,L21,1589769755437825016,229077c86de9b11dc2d401ccc26a443118dd8a1cbaa441c003450831695109c1,True,0.4743857610893657
S1,436,L13,5056520089295670826,1df686098618265c8621ac0ec45a856b9c1e4c3f6b9a273386d2831c6a357a69,True,0.4057314386376659
S1,436,L31,9257715100932720365,2b31b3ce797ad0ed282e472a3f36689d8e59068ea494b278fa7a5f4b2c204e8b,True,0.44112246995500315
S1,436,L23,12629983947418397234,ffa548a0690bf6e7f6d2da7d6c851b3b461221f77b7cbd4cd8b58017cf9894ca,True,0.4729046678358032
S1,436,L32,13321127410180924261,698dc57cc92d0eccfcd639bf279ee4c0848f22a5256815a21aeef34a28d928b7,True,0.42145153131387786
S1,437,L12,14017566332860363593,38583f390adb6f9838ffcbc8890b8ae403ccc4ec5a1926e4a2eb44ca8bc7a67f,True,0.386707350472783
S1,437,L21,16147878568530664363,991ff55a658dd52703e79b77bf55bb5d4c028b1bb7910a2030b3069c6cbfb4d5,True,0.4729840356998161
S1,437,L13,13360020853798392720,cd38a072ad1c7d88ee9a1b4b9705727dee81aff72e62ea62f0d8c1aeefcd08d9,True,0.41261597267860994
S1,437,L31,8966096490918390494,e143913cf667f931dbfd6f69a5ee3513394c4f13909c41d68f742c00aa249f68,True,0.4385505922853419
S1,437,L23,85473437522017977,52fff7ce10722c0203c3ae3cdd28a29252c0dc592f620cfdbba6fd4f18a4caf1,True,0.4695214271715532
S1,437,L32,18379360665202958564,80e3acf55bb8d81a062e4364e949e4c3346ce2b1f5d0e45f1707527b0b2a8cd7,True,0.4219659455289586
S1,438,L12,3682168745467767675,a3038e253dcac19424aef05f640e275b9e1733e6a70557e1015bc266565c2635,True,0.39349722448993313
S1,438,L21,6094071836061534682,90f138861cbce29c9c35ce50a3d6015a325e867ba1f6eac1bbe16d688563f6e3,True,0.4742671263155167
S1,438,L13,9469170229895521682,16030287c416f23bac3f7c19ffcdb108a7ac1786bbcd96847ae400ec566b9857,True,0.4088180382389539
S1,438,L31,8560820833460129367,7dd44c9504fe93406435104fd4504e091487589527341d8b4f7dfe671dbaa1e5,True,0.4469168546327337
S1,438,L23,3828189454349061162,7e5545abce897ff14daf3b77354d1b15d5526b3abd79fe75a6d33b16dcab9f39,True,0.47860840498326185
S1,438,L32,2822730732492106652,9ac3868c5c7d56d31452ba1e131cef3a84b668e136120f7a5425f200e42c20d7,True,0.4233874499137591
S1,439,L12,5678317096416100842,112ff55f19e747ff29058a82029fdb0fa83e4723dc27b97c87e82103a12f13cd,True,0.3918529705975617
S1,439,L21,15510651510594514483,2d80b928540141ca8e9c08e6152536c6708e46dc752b12c99d5e3069371ae5de,True,0.4736613146737641
S1,439,L13,9799081685337663520,5eb188d0c2cb84888b643d1e3075a1f765421540dba7defd235110ec2bb23241,True,0.41218830930480055
S1,439,L31,12264201806408506797,7df2e34ab16eeb6785fe95326fc4f9db5cafa933099f9e2f124062c2dd7e64ab,True,0.44377280689820464
S1,439,L23,204981182012501613,7f3e468b3ed0e399947fee179a6e9f0e377f7a4bdb0f01ba28190fb84d35b234,True,0.4792791556944168
S1,439,L32,17833527932578563944,15042d3e9243d4d939472ebb935a0767b4f3c4f9e8e5e5d0b832c1632f3069df,True,0.42471726450629443
S1,440,L12,11181302838221124155,70d876b6326c2c8335748659bf2ad5af71dc42034fc54504303e07dec2b7c6f0,True,0.39476547394933337
S1,440,L21,8105007342247370139,8b7b84b850d0d2cac1dcd4f092cf50fc158f231c4553e9969d3e6d3c7841ad7c,True,0.47251387215458807
S1,440,L13,13455879838274459937,41b2dc018d9e228b5415096214ac79689d4416fb2bcf77813e6a87c52c20d17b,True,0.40647922540361564
S1,440,L31,9185841994683263690,8cf88be3d768bb0e407803ed201342fcbd3caf26d2802f785fa01aff1f93261f,True,0.43819559097986394
S1,440,L23,2523959068562053204,da930d7c7c31c7f58744e62a43b458c6261d111e05af1691e90140d72321e88e,True,0.48462832882805235
S1,440,L32,15382414778289596257,53ba17eff47054d14615ee3c8d67ca5fbb529f848e28f748a96941c0744248d6,True,0.4240912529235764
S1,441,L12,15417915302409109303,b7d3292e7bed5d2a6817751ffc2b599b1dbe7d9597e22cc34b2ae89a3bd85279,True,0.3943905666317866
S1,441,L21,12855849188905280553,c00c2443b3d87da3cda894ecb23d69398c5fc2fe6912c040332c18f721cdbe06,True,0.4773009700437763
S1,441,L13,1663962659654455932,e683a42c475f3379ee385ab9148baa5598943fa1b42d3b91f721a7f01f5246b8,True,0.4096960507316447
S1,441,L31,5158042497874499347,964f292a4287f585856708d1cda829181d116a667ecbed43133df89470060a4d,True,0.4431955454867408
S1,441,L23,13054428336116823587,55d2c3b5bbefe965737075c2778c8ca232f902d2609cc868bf0fccaff6f1af7b,True,0.4702167004032758
S1,441,L32,1565367882287488036,feafeb699dbbcc4c591e06d6072fa7783cd3d1ea65fb8e93066266446bab78ae,True,0.4222112989152975
S1,442,L12,6993268904092439688,6c47668b3f1db08c81e85cd9ab324852fd6a57e3bd91cd16bd429261ddca05e9,True,0.395116810804853
S1,442,L21,8829575097643008183,f7c464ae8531268382c64a653f7d06d3223575dde7764aaa6a1717cc7524e00f,True,0.47058487492485374
S1,442,L13,1625672196355337836,795d2ff80f59799fece3ee531d92e8ceedaf799f2bf4f553fe2b36a58ebf380c,True,0.4126090147544943
S1,442,L31,8248473317761545026,5b077e5d5218017d0b71506a6f4284d17f6e2817c6748b4ecbd916c0ca85d302,True,0.44219863344554955
S1,442,L23,5771279216107499939,3d4177ab5de4dc1fbea85d38909fd7b6fa5b5a79b5cc2b0cd9319f265a51af87,True,0.4785373405506268
S1,442,L32,4909592827969244448,d5dcb0670d22a572388299aa5bc2708a4d275c20b61ed54e1bf25d42a64c8999,True,0.4233707010916579
S1,443,L12,17814428623424741224,872695a917078d3ab628c667abbdc177bc82689de54b83fddac4ad4ef1b3d8f4,True,0.3906241502054045
S1,443,L21,2928474316509972347,44c5dd8bba8eb2806c160b169b97bb1003cdbdccbfc3e52e191381fde021b4d8,True,0.47020226337970705
S1,443,L13,9809790813758315981,85e7fb96d7a8ee75a881d937353febd33de975a82f401ae601a3dbe534b5b800,True,0.4096449488229408
S1,443,L31,1292980452409902403,9752cdacf6b1eca63ad8ffdc32a7f874d3e4c46030d09fddc61875d4fa002cf9,True,0.44456489079080624
S1,443,L23,2544791652089536057,6fb59621eb57ddfa9f930400eed02c303b4808fa4371ef4c3893f49f51da6b33,True,0.48013648387218333
S1,443,L32,15710632634095077867,9458e23a21f6bf5f6a10aec3868d0046408614efbe92dd0d7f43cbee722d108b,True,0.4252522603565815
S1,444,L12,10772703403979609491,07cf1efc0165cfcb2c246643cef0958032f71713fabaddd378c490663e030944,True,0.3922166561620806
S1,444,L21,18037767661869792942,3255bec09318709ebb193f14d37a4fb27b0bda62794d3a449b389ea648991478,True,0.47902115712300203
S1,444,L13,10648923629094451270,bcabfb69ce8b8b96dec3287d6e45cee8abaf3652ac214a695c60756915003979,True,0.40562727672100296
S1,444,L31,2120933373735136554,aa9d565d3d38cb7600d5a08476f74d71a3eb9d5c65024d1d91e72ccd32fd74f7,True,0.44102843793311314
S1,444,L23,11561314838175121596,cd395cc99883e00ca1881149971e081d737463b86e6ba6d72105af3f806eed7b,True,0.47401558737789984
S1,444,L32,16648062011110204620,bbeabd7b0435e2bc1095fb76c8343f0ae16b7ec214f86f34fa3c6c77f31d1352,True,0.4237762768337796
S1,445,L12,5811583421143028108,b03d65d2213c3c81257b33a3d10413d3d3fbff0c449a677bfdb519b6d0798226,True,0.3894351269117606
S1,445,L21,14431927999747366150,20db9bec3a1f26360361266bd234951439bc4a07d30bb2be8f5ed0cb8f7a7956,True,0.47436598866850155
S1,445,L13,2639326909796258569,268d7da8a44c93f22bc132afe505a140ba2b3770b3c372ecafb100bec8ea4316,True,0.40345520878816693
S1,445,L31,5189178465718107654,55ae6b22adda4438bc596d4921a069e8910a7420a82e27c217b33ea6b6753d03,True,0.43606592665252597
S1,445,L23,12808115782170605299,d20323f787d54ae03571204910a7b28cff0f0c01e8c1ba2898aa4a5f7cfa1907,True,0.4754999032739017
S1,445,L32,11413728118732478742,45c5cafd128bdf4c1fb0e3e41cbf5b84f9483b616dfda03963dd9fdb1f744cdc,True,0.4248253149868019
S1,446,L12,9615939451511490044,defcd22039b2cf7792328e03ae6d205b01c804d662f172154e74b9b0a0653333,True,0.39321112711042905
S1,446,L21,14887848795349567592,9b6f8d15ca463a04024ba469f653d8f9794a3b31257c5a9a630e9998bd257a70,True,0.472458480309877
S1,446,L13,18264044113018016152,ce8fbbbfa4602269ed236fc1b8b36e0713205020bc0e505357766e9879c9286a,True,0.4072893514437056
S1,446,L31,7294599037103236325,2fdd19d53f3150959d753fc1d7c0ead48678cafa88802447192b41da8c49be3f,True,0.43886427428468755
S1,446,L23,12824472997014069843,31c6c3ded0c266e6414c6a0c0e540612f9df00bb4f3bcc11afd627e578ef91ee,True,0.47170543392283165
S1,446,L32,15908120412992421588,72da8ad36286b04be0df30d3c334216bf2ad099c8dad543dc63c90cb4653c352,True,0.42268670579402073
S1,447,L12,10078530643341145962,1c062815da70cef7e81df0d75245f44c29021fd1eca776ea682fa71351209cc0,True,0.39018312581758324
S1,447,L21,1656430764835522936,4465d7f47361dddc584acac71c31fa78d7bbfec8d6d7982ad410b7c0c663df41,True,0.47412682481470686
S1,447,L13,5554228701289348797,0a19bfbc1046ddb6b21055f5068c1c7c7ed3994b4deadfc8ee79bfef530bc02a,True,0.40928201301851896
S1,447,L31,14989541750267431972,b6b6c948b559a1bc29bd7c2119b9f32a9b14efe9351f0e9ab03d4e226adfe9d3,True,0.448788104773183
S1,447,L23,15853991222937082281,19bf3dc484332253baeb5ae6f9f8b5396285146aa6005697bbd70921b996113f,True,0.4794751133491132
S1,447,L32,12509796711058031504,3f22176e1eb0202b9bd05957059f7671d0442a3842ee044a71153e1d81a9500c,True,0.4237456591290154
S1,448,L12,14555063136150201923,eca54a10d70c3589a36457ac6aaa201239f9599418618c68795ea9ce0c8ce8a5,True,0.39256899538228396
S1,448,L21,13096625363327777830,75368a029f32c7b85c32f101029b86c2f26858114000f59a0e0d11172a10e0df,True,0.4729619663014094
S1,448,L13,1431748065724883881,0ecbf9cc3ae8012f1fbb3eed354eb456396933659098d1759340a58bd6c403f8,True,0.4151796957085966
S1,448,L31,5038522682809331776,e5dc5a640989d53b3882598f7c567fda34ff40adfa0edde8a110f253626cb891,True,0.44453892668635
S1,448,L23,17010638498474417702,a173dbd1f324939d7f045267ba2c997f582b108d9a1bae059d490ce6efe0211e,True,0.47598312334422843
S1,448,L32,15377302172548913736,a622ea3d5d9c8ae2ec66f8b37277104e9dde2040ace42a7d9a15660926e09030,True,0.42701353102272044
S1,449,L12,14211773486225891939,0fc7f18eca6a3a04b2c4bc2d0b117e61c1e14c15a69d2d9652ad8b055b9a0074,True,0.38603493225307683
S1,449,L21,10873500842087247983,d288c2e9be981de3e2479bc5b141bee740315fdbf7695321e0684b57544b8c08,True,0.4734271683580048
S1,449,L13,7161203094146302693,80067e527d13daacebb553b8d6a3100100461b4287531afe2306afc3fa382b9c,True,0.4043492093924189
S1,449,L31,14193576862813797552,d6396c248bc0bdbc59988e32f625f0ae00e111eeca23bfb503c46564ddbe7f8f,True,0.43908709277541136
S1,449,L23,803722686415998194,152017b5a31b7368a9b354946eb41bb3662b9b1330a791aa877075780c727f98,True,0.47599089270433514
S1,449,L32,14298865940570346546,75c6957f238b5a7ebf25d35bb6b82fe9b1414f089737071d70b469e76e033807,True,0.42452925243219775
S1,450,L12,7259042150276148895,4574c9fa4d87ca8a320e0100e968f8b6868239466f01d94d777b3797a33cf273,True,0.3894846761586136
S1,450,L21,1813282667360386242,3be6ddd0323c351c6af734d22701e2cd5df251f32a0191e7070a734f7797ea84,True,0.4663996344466309
S1,450,L13,7250499589406283108,7b277fce244a37918ea0e12736b6b731a4a04468a3c498056e97b453c9b44d59,True,0.4085739217738572
S1,450,L31,2297335934802340789,a69dbf2664347d55bee1e2859244e652afa50976d8aac3c1a324d887753252fe,True,0.4365835229961184
S1,450,L23,13867332245584564354,fbb6edc2fb68d9bc004c764635d461c372f2ab49505dd4304afe0cb817c2a4bb,True,0.4780155511997865
S1,450,L32,1726632651407833467,fbbf61d2cf61dc8dd4715a45b2a2142dfd8fd187b1aac485a097e1ba0c48bad6,True,0.4221562686226568
S1,451,L12,13755399786696906472,606c573b47018d0d6f55fee917618c06f8538de2d729cc72abb841798bc751e1,True,0.3881437977657306
S1,451,L21,4514803372934830246,dcbf49b99b67ffe7e8cee04e879d2904392cfd8dac564701fc6b76939e43f3c1,True,0.474076298400002
S1,451,L13,12383394452672375256,669d6f879ce33868fd3f6198c163435baba4dd4e1eac256821be59e1221b1d5f,True,0.40661986273978595
S1,451,L31,2940591510343125039,c6c01d2c8dbb23c644f0bd22a7fc905a11c957fcff5a479104c68504ea557452,True,0.4437416041610013
S1,451,L23,1373287152724292603,cdeff097751b99b8981b22e80edc14880e25de4dcc6d54f4528ca663d874f221,True,0.48366687941171915
S1,451,L32,7099883418187682359,d6e19d83f2d5afdde8fb672d896d61f754399a6985e4403a88dc29ddacee712c,True,0.4220390300173015
S1,452,L12,2245499362415677195,1873a4df3ff4232c90090c464a51ed6a2194a68903f33141d768eade316d8f95,True,0.3924225846090787
S1,452,L21,14778440159575805037,fe303d60d0b793ee32bf5ab51f1d5db4c362b8fd75de9cea2c3266b34a377936,True,0.46798589457481937
S1,452,L13,16457067662402759559,ff67807fbc60689ee5f0f6ad0d2ee56dcb5d3855f4e39ee8027769909c1ba504,True,0.4133476548091952
S1,452,L31,17574267932755051461,be9b272fddfcbdcff03267150376416150c6a60f204b951191cbe29c673564ca,True,0.4448784941517039
S1,452,L23,11463095267936417107,f7e0e45b67e725c95e641fc3f5814d1674f9ef7afc4bec48e51494f0aa934c4f,True,0.47570849541473714
S1,452,L32,9231358436358766939,5b92cfd028e582b6f6787996bfac10ccda0b7fdf800e7eb863615f0502095f26,True,0.4259750916534312
S1,453,L12,2338180819935697375,366556d5abf93513caee8f3864ca147630a19b7f985bb92c867a49643d4a2bf3,True,0.39082973412347016
S1,453,L21,11911752470249129047,6ef434ad7bb4765c42ff5898d47fd69d8f4314ae17729edf15b92f01d52cca07,True,0.4642998731075254
S1,453,L13,2996034347156110010,6c2631be5865fdbe9313ebc4f24ba734700aa50b37d5c1d511dc73d6db0a3b71,True,0.4098136224896182
S1,453,L31,3002992618408808788,57b21ccc72203560aeca3252bed512265384f37075b7c1cb2bab6d03845eb538,True,0.4348490070278823
S1,453,L23,14877387176605577790,df6ed09abf859c7a9b81bf78f2840ec56d0331f59c45947d1ee8158383f3386f,True,0.4824689392434136
S1,453,L32,13677322957995199795,ae3e5703108ce82db3bdef60c3dca015a4ea22534e768d37630817dabf783d7f,True,0.4257531495029404
S1,454,L12,6155280463826913270,857dd13471a2a422e072a32f260d7fea930c3a2c4b97544f377afc78e9e78c16,True,0.3956124767388766
S1,454,L21,5733571495965176197,62c79b690680871ff43692bcd462a8c4d62259608c20d6b28d46303e3d63a9b6,True,0.4704048410019365
S1,454,L13,8130936375823920311,fa8ccd067425cce75a3ece10a9e28e53663e7e3e49c64bc37266e56e1a702ebf,True,0.4046797458674659
S1,454,L31,12119741991407634698,8ad2dac8ac31fd6207a54a0ce2b6b62dac6487f85d28ec58a8130f14c42d1e07,True,0.4431290368944023
S1,454,L23,8422828439762017274,66562c05a4ac183265449e252935fa2a2e11524728a644f4dad19c1e65c546bb,True,0.4753461890310703
S1,454,L32,11005273579433784287,6bd47a94e9614ab336ff9754126b3b4d9cbfd7844d80d88623ae4f575d6ff931,True,0.425597530264559
S1,455,L12,16253685165072753291,42cf372781d82e6ac6080d13b938f8a0a4569b1144620ebcbe90c9777587cce9,True,0.38683818916742224
S1,455,L21,7836424503585162862,0ff8f81ee6a721c508c0e0ddabc1a9bef0fc14fe3178242622c98c6e753f9ee5,True,0.474329545393239
S1,455,L13,2411155817835136324,1163121a28c6bd754ca842e36ba7040677b2bb13221aa9ff1782042135a1895e,True,0.40707168917787223
S1,455,L31,15547737957363570205,e5d76bebe56e0dfee02fefa9dd7b50d4afad124baa31348e526f26ed085e4740,True,0.4485770390450437
S1,455,L23,3356423415455756039,f1ecbd1338c97957b914b5dec4e6429561f1aff8cc4d63e6cbc90543fb85aa6c,True,0.480653975599837
S1,455,L32,1720065311334077655,4ee5b98d2c277cf46dfd6b85bc53b897a0168db23b6e06fc819888bae4d6fb80,True,0.42166284843310264
S1,456,L12,11916223690862966410,348fb53a26165b0256566e44fda3bcc58ff0a5c1a44c828c00e2b8426dedc496,True,0.39215119050201896
S1,456,L21,4461203318572047579,192a7be523a820e0397ffcf24e0af3cc0733318f66c6b5a0b707ac558b9174fd,True,0.47257713189988926
S1,456,L13,5745743941513532107,0ded00421025c767f0f0eb13ee358479f07bc9d06a6b7cdcdc34d47870e087e3,True,0.4012096271011965
S1,456,L31,8573244446562742179,1fb8b7a3fb4f14fe9ea4c70eec09fbe7ec9a93cca6430127d1ebf269d2d30303,True,0.4464991336250974
S1,456,L23,11055190175556789848,ed6916f05012e9e435c6e68218ff510ff0bfa208f41be876ed7fef9a646d76f3,True,0.4745830994598218
S1,456,L32,17866280608366790373,29baa226fc436b73daadd56de1494cebb3cdf997198b31d8d2043493507dbc5b,True,0.42573393845007423
S1,457,L12,629533280422682210,39d1ec011d9f22670d9e2fd6d5ef9007dca72eb0cac68cd0483a16b8555af2ec,True,0.3880411989129863
S1,457,L21,9304418276570188259,ebc5321ffe9455bc6a64c07c0e20b6bec305b5b891df7c1f9f7509ce4c893d7a,True,0.47501070589242583
S1,457,L13,318858949407699818,8113c4bc313c6c6fe2ae6a9d3c81ad6f7dc898f25a06cb5cd3a8d8e2090132a9,True,0.412451362054445
S1,457,L31,16035453646831838314,628475aa6e5b659b5c6682132320bb65b854786a668f5ab0af418b1c86927e87,True,0.4464853885343696
S1,457,L23,7736368855135360405,be756faf8bc5036d9c7e190da464c2fcae13ed120e51d11162ce86cc0eeefbb9,True,0.47569006445378575
S1,457,L32,5875360915823111466,bdec20a913c73a414eba776fccc788af8f9dc695d98ac9a73a2a951cea9c2644,True,0.4229016596874787
S1,458,L12,13156029528216524437,f4e49eea891f9685283d9aaa29f855076733b64e9d67b8b3aa26862953b3bdc0,True,0.3929660544513663
S1,458,L21,11190702611031195469,70945f66b3e08bb6fcec8048f66c8801a767ea0ea46bfb7ebd7a60ce3db992f7,True,0.46585429930067307
S1,458,L13,12580203086510626726,846fb860655a2fa8c64ac7e2ffeb79532fa35a674c7fb3cc0519406fea3921e6,True,0.4105101961848364
S1,458,L31,4091111866672141387,ae4aa6b23cae731e586423c4de15c91c6e3856c71d442ef18aeebe05429701a4,True,0.44253426333572987
S1,458,L23,3241264299581739838,4493379b15c34c1cd20afea2a770b393761ff2a4ac0971e3d30894885a27976b,True,0.47352982927717124
S1,458,L32,16794756353706505709,95da339e86eadc1509b7681a5dc0a3643a0af6f4ea65ce1155c384d9682143fb,True,0.42126762583600275
S1,459,L12,10678801647699462090,4e4ca783a010a844e6fc6595b89cbe2311278a3c037cee5eb2463b35edfb0456,True,0.39161627186144643
S1,459,L21,5396241845646418362,7327c6e9452ad730a960c0114887a58bfc4145421f1bdef629ead9f5d330266e,True,0.47266873269600035
S1,459,L13,14474514515991861203,5afd3ae13ef40ea856ade88eabb3d25d77a443477c597697dbc9775618187767,True,0.41163529368131135
S1,459,L31,5023753458188935096,f4d6921a657742d6fb9ad9e402bdb151bef73a9f3621ce73f00e50320bcc5e2b,True,0.4418042314179249
S1,459,L23,4378392507369571573,d98aa14738f5a5d50f8d7e2e4e175ff74075029ced5bb750f9065ece44a8478a,True,0.4805172280346967
S1,459,L32,17150125657957115228,078a271ca413e261af7aad0865dd64a9ee38c9822d1ae6b8566b62a6b753a9cd,True,0.42159677502875637
S1,460,L12,6162274252243297011,8e5bebea584ac3512dc06f50a17dd9517ecb190fca3d2bff787d80b0137343e4,True,0.38691313893084767
S1,460,L21,8090902095907604873,60cded792584bafa3b2328dbd0c2a0f589c5cba5f9de4a8d19938a00a8f6bae0,True,0.47335816398398
S1,460,L13,9679251885611005941,c1abc62ffe63356e4fdf5602639d1a1ed7146c9ab1347e2cafc2b7010fe5c162,True,0.40728232544391096
S1,460,L31,9722275263075023303,98d9dab074f09d2f7026641e805efd693eb5daeeffc5bcb88787b15dc9b4bab4,True,0.4490529762793751
S1,460,L23,11804282681125523189,455894e8ca50de054a67495fd433f2d3c47af89cbef3ff1a4a7a32a1099a071a,True,0.4769331814086625
S1,460,L32,1592141078020219010,37dc5d5a6b3e5ddf9cd02034594b9d815f233d96bfc5e70f3664c6882bc5e516,True,0.4252292569771844
S1,461,L12,8682596559348342908,52855f45d87feae1e57a5587dc3c1091bb6e35374e83df300dd23d17ae67c586,True,0.39024779754692424
S1,461,L21,3608515956286257299,bb2c4932e60a21cf1c8038640228dcb016900b187bd6c5c2b2103f3876ecbcc9,True,0.4660387171996778
S1,461,L13,3261820792092010707,3305bc0d5d620780b93da1f1ca15eccee58916ac35dcd3df0188c01b49e7ca63,True,0.4118084879968442
S1,461,L31,9676478500463066219,e53f5dbad724636292146b13e2d07404cc7e06b47549e3c2d8f95b60d2eaa31f,True,0.43762728634647446
S1,461,L23,1969928449438193129,97e831c9b18911ad3f93a46011f762f0461f38c173da360394cb5ffe655e8942,True,0.4745521323226396
S1,461,L32,3785416167365626968,0792ff36e9a04313f5a424f61de5bd2ce4a8ff9579d57be45e26bb4746ace1b2,True,0.42647688247883997
S1,462,L12,10599697220465121910,67818b12591247d6d8915a8f033497f4fcc6391df67628afd947cc737eac7079,True,0.39481562280623883
S1,462,L21,13125099829601718760,539a0339bf93f8311dc5632b13ec7c4f317728910b42dfd145d6bffcb4514527,True,0.4698425939806672
S1,462,L13,79834787215274171,5e0b0e97f9eb703d35433438c3c4a7d943990d550d93264f3945411e67182a57,True,0.40992738478794377
S1,462,L31,10686464200337224291,dce9c5b4c059d4acb399ca427090917559bee3f4df96d8ae31d81672467e5741,True,0.4395655296412689
S1,462,L23,4381933184203748902,5a6f0b8676170861b752de4981905fcf93db4832448a3aaee41d9ca4f7f6dcec,True,0.4768445438643397
S1,462,L32,4778711281648736262,199641ab3a7784afc798c27b814e8f254128bf1e1946210fb95ee98f434aed75,True,0.4266195221324191
S1,463,L12,12889696517555080874,c50e6ed460eac18057a16ae03cec1cf65f2ef3aeae6af52e577f3fef8fa175e0,True,0.38997477834590616
S1,463,L21,16111313136885657738,c0a5a63336841e93f41827b5eb4a838ddb45e1079cc6493b532bbc0d07de872b,True,0.4685849774815173
S1,463,L13,338083138760713532,e722a35779a39cf6717718c8b81253c80cdb0de6b4658f04e0e9f661f80a7411,True,0.4126606710712623
S1,463,L31,13945723228621794681,243a823edc40be7eaf2c62db9895fda80a03b8edb9f5d8ddcc7f600f2f414207,True,0.44489534342474785
S1,463,L23,9217320019670159089,06d426f83c82d4a5f980587779830910ce3098c0782c3ca9d5830ee0ede1932c,True,0.47690768710335185
S1,463,L32,5916634637831435005,ce17b36f0d02051ab72f7043a2ec6f5d572c83caaa54f5a800ddaefcdd8af6eb,True,0.4257127434618748
S1,464,L12,9987154376935934974,ca37b10461b45c6aa1cacdde56fcbcd8201b27c92421bc0cbaec606b183b7b33,True,0.39105322078338456
S1,464,L21,6667657876840516529,3566e2dcad280ac6601c2555005b311be8dd7e752736c4d842a31b23461cf644,True,0.4663517900710049
S1,464,L13,1306998952056509168,fa5b0273452d5034d44450caa19a5b57c4083efff4d48d9b4105d49e0274ad32,True,0.40465802323446715
S1,464,L31,490486212797135352,1de795709d8118bf968a59382ce0eaddd772d335e33d6f3fe001db69ec8e63f4,True,0.434089851994083
S1,464,L23,7076069485620603626,1d121c95f6880d59369af9b65cf8b9a0dece08636956d519e8b68271a6133460,True,0.4773009700437763
S1,464,L32,10845097065199517957,8a9775960b33b7bff95ccb50bed94d0314a83c4a44f21d7a3ef594b4670b2cdd,True,0.42471763109419153
S1,465,L12,5610048376118980073,7cbcf8918706e58b8468930e68ae55c6db4eb30afe73d0b4ac048cd662a1c2d1,True,0.39173006483741424
S1,465,L21,15037638171024117623,9a666a16766730a9390b8805e9f3fea8a37f66ace6dae90df5146d82fd699653,True,0.47102830942335977
S1,465,L13,13871564532487629047,fa2b2c356b911186a8349d3612740be36871d7d5b8a38f50438b23ea3f74c7a8,True,0.4082281715032384
S1,465,L31,1778073783780446347,69766d19676a7598172438bd50507eaf259a82a674a29d1a107c4623dd6beeaf,True,0.4480267482705449
S1,465,L23,1128636501401280235,6b91138225c2728e152b375831e1d6520543b908e8ed2fab69388992d4143160,True,0.4784719764273682
S1,465,L32,7392062149624595454,9b7ffe6a7b166ff8eef50d44dd1c575397655e27bb3840a9c96fb495e522ec68,True,0.42164248047440267
S1,466,L12,16174883549149438698,b973761daf6acef91b8be6b303cc75643ec1e31b4548e39e5b549265896be524,True,0.3865937657786549
S1,466,L21,13684278331318588614,71a864c8cead436552002136bcae04b524a8962e612fef7b948eff85ed72f483,True,0.46896609452620164
S1,466,L13,10937910997099518252,f46850bdd3f4bca781ab20fe4ed636b9d68ead92ce731aee676999ab6f56e587,True,0.41695871061988443
S1,466,L31,1008423425032005095,6a0ad7ff414db65ccf57fe855c13f88da80cbcbd1e1af2c09943bba95f2f9c94,True,0.4480014476533947
S1,466,L23,9946455751408343500,3dee0b66649457392eea8ebc513cf595bca7c567d62a65e4e04e8e943f545473,True,0.4759672399025645
S1,466,L32,154542205937807573,58f636faa1bcf14d1bd655f3bfe88c32e5b0f4100be0960d1078bb7375f73e4c,True,0.4281602703697646
S1,467,L12,2459819050863954496,a3582722e62a5d35a900e8c8b94e4ef8e357fdf0bdb652dc23ff8cc2a45ad199,True,0.3916635969851081
S1,467,L21,77052131273564531,596fbe915f294f64db82923ac41dc9756fe54b10554bafabd64f7b62975a9beb,True,0.4672713101044781
S1,467,L13,13296982133458220500,2e6a9b166f8c4257a2602304364465a962247637c82423a29eac7ce91ed3b242,True,0.4096252932511146
S1,467,L31,50091835973334434,7d0b39e617647b48bf1ba6f07285d392c4b9b1bd254c4f299f78c5f482457495,True,0.4555007741730171
S1,467,L23,1632121286483701389,2b34028080b223f3401977e965f26a65a7939d4c20cf46075bed48ab0c98d39e,True,0.4786970807484985
S1,467,L32,6831614049855743169,ebc480b790d5729fdd695cebb3ff4694e1655fc7c89bf0585fe2fd3a615c5b81,True,0.4252149917652547
S1,468,L12,1385738732734910927,7b46af25c71c8a22c91c563e25478afae9f6154d34ac331fbe6984ad63b30285,True,0.39173309874302575
S1,468,L21,14834088749359921664,cecb7c8e0620907eae7fed1c2a7bec07f6a7bf8865eb60dd2fdd6dd3f44d161b,True,0.4714265715374532
S1,468,L13,5150717035387334661,004dc359e242fc226e151f26ef3dcca20fa21e0f529b013f55eb2f7a2d4aa7dc,True,0.40881063300740716
S1,468,L31,11917342789366440112,07ddee60a930c8c93446b6c140527712ae46ff9c0df1f885307c77b7aeeaa97d,True,0.442058503040225
S1,468,L23,12201519912373404437,3af343d092442f318f3080d518b2bb8eb0c84d1d2f865b45a0a9641f318b6400,True,0.47486964969308687
S1,468,L32,6084763436103714221,63bf86176a738996796f3bbd143036ade7fa7d5a43045ec2a15d56cf39b6d3e4,True,0.4249322557889322
S1,469,L12,11637026950515548523,6d1ac57044f208b56ba81a3d1d6906055f77a8f4f0b6148cd0e13b2e8e466340,True,0.3947483921730447
S1,469,L21,8488639339151618837,246efc1c58e5b7b8daa40588ff162b8e108f9660a098e44bc885dab1419defb8,True,0.47230237288275356
S1,469,L13,9021101581921820989,e2e95f2bb6cbeef276e220383de3e7286de8f5f0f57f90cde037b26384e28e57,True,0.4195079203810685
S1,469,L31,17424683987535832834,e32b33f7297248ebbcd4c450190535eaa40fa33aa025b830f2836e301a1c67cd,True,0.44257807681699063
S1,469,L23,7359039668289830053,66074573b27625f2b0d71e0c79f21a8232957ede9b4d0c02a45701a853379d46,True,0.47426523286538425
S1,469,L32,12953085180102797233,d188efc9425372b2ccd790bdc6ba880ca05d485c4ba55052bed6654765889fe7,True,0.4231054888709053
S1,470,L12,1728999981668655695,31b3690877d173e59831e55bc29212e0bd70ec8dd82a7c926c857f0f809c1f57,True,0.3950462000154272
S1,470,L21,920611589362123059,c5ad601ece167473f34d34f63e888ec7af568ac4ed7028343fceb6bef41a35be,True,0.47442248064064063
S1,470,L13,2995170665792335168,20db6dba66f7ef130fa57edbcb159e8d0c36f6706c9710c292550ae58c4147c5,True,0.40064595282297444
S1,470,L31,4985489026400744928,874b7a70f24f0009f70de73a178fe14b19c539551746b1b501eda373956e9ebb,True,0.43998382944208436
S1,470,L23,7485850089164047877,da6ee2a79c0ef1db41fa6b2e50a598993d25cf665908a49acd47e4c08b189dcd,True,0.4801866847433993
S1,470,L32,1503407193214321643,ead91b20934b1dc06ee664a6f83f9a3914409f8eb14788e8d74162d183061683,True,0.4205953640461089
S1,471,L12,4506952449554787528,26b9e4bb1223753b998fd3591ff41588b70e2abfa1ef65025d6a7ebb892d484c,True,0.38465713265790463
S1,471,L21,8093061000934335608,adeaf52b64fe151874dd9305b5d530c8d5ab19fc2135ded2aec52868931ac61a,True,0.47442248064064063
S1,471,L13,17909740827279872291,4a5e424ade402586db95c53e115af327e5837df1a25843c9a75e3cfe2a17fd63,True,0.40734515911646907
S1,471,L31,11554535110287680342,a3654665300de94ea88a0a2e8ce799c8c5901222142ad5a292dab532870776b9,True,0.43919545015350986
S1,471,L23,8361432769413791768,ccbb95be4d867d139fe49ddf50c017dbaa1d3a9515fd1a137133a589ff646b70,True,0.47736551997031895
S1,471,L32,12427293749463048773,37f848fac4b7c1eebceb1a2e8de390f6056c7c01960d6b81fbdcd9dd7ed5fc87,True,0.42270478429400615
S1,472,L12,2239802177747107635,8274b89cc029a767c31edadc4c799c4e8f603ad33f15241eb65e317c1600fb74,True,0.39110272439007854
S1,472,L21,6485492604737275028,c37bd1014de61db30781390939e2aac20949551f635340f7a1bd8018ac5ae649,True,0.47158625657309117
S1,472,L13,16780431096718067101,716b0cdb9df7e06f5372cafb1ad902bb70b063fb2a65351428ef26fbceebd604,True,0.40269478376382184
S1,472,L31,17534954296582329172,fb875a3b315cb3f1466c017b9778993f9f264080392ccf042490a982b79ac67b,True,0.44031326134622883
S1,472,L23,13848297917841402624,f6309acb9e7f30fc208ff71159f001eba72c496f8d435b6e9c929f78719761bc,True,0.47662307926088276
S1,472,L32,10759028955876212231,b97074ab66b53b4afded9f76c5a741dd096eb0d45cd38034c41b1df01a3baccb,True,0.4292064592575067
S1,473,L12,6682936137184195405,51b57024ae3622fac41ff7269757cad138d26a346b09bcc6b33aaaa773778dbf,True,0.3922166561620806
S1,473,L21,5932599937091117677,28dd0766ec4ba96a7f669cd2aca2d242c2df516f7ebbd527e600f163f8ae8705,True,0.4734676501849998
S1,473,L13,12173450914812900542,43b147cba98e536b73eb5ce3bf661955e9a1bbc2d13749d7e37ae3375270cac8,True,0.41151172496815697
S1,473,L31,3572118063060695958,ea3974e22993246fc96f7b42dec0671f9545d37ee39cff81155777510999fd0e,True,0.4402280271197122
S1,473,L23,10104874578468581900,2d871dce47d3641c9ff3266022f6025b61b050de8721c0e4a20cde6296fb5cb1,True,0.478853800927124
S1,473,L32,16555553957757105183,b69e0bfbdf37bbbb73c4560cc7ee9b891168cd6406a7262a4671b3cd73bb190a,True,0.4249741482202922
S1,474,L12,12134431202995379693,d4c4ce28e4d3003bee508b018301eb6596d812d7c3086ce360a78d7f92d57704,True,0.39032909557691997
S1,474,L21,546879534998813918,4fe119733dfd94aaa09fa34aa6603196e5c0cb00d2cbb31d68cc08d8b44418b3,True,0.47130613694232426
S1,474,L13,9401482006926548843,859d70e714222f9fda48a653e08cf81eb42725a18cf7d3f541f3afc1bebec0d9,True,0.41149621395836844
S1,474,L31,8177664098023454702,5178c20d55786c6b40066cc8f2d2eca0d8014248add5c8b488362db6be8ce114,True,0.4365227414944215
S1,474,L23,12346300300838662799,26ac5b5a2c825b203ca740c4d80abe999a58529a5b4250f900865e605c70f16c,True,0.4740853303808921
S1,474,L32,4265739312259532728,4cdac519d42502355477d0565b99219fba37ce05608dd148c98e98a6a224402d,True,0.42388107474148745
S1,475,L12,309800679343521904,643da156cf86fb9d218a234180483566fd9e9b419895a753366f307a803b5ce5,True,0.39534915706590695
S1,475,L21,5769025580796859309,47cb7345e2f155ef3b3cbce66d72fb543dd627cc5afdfddb6dde708dde30df99,True,0.4689323420491237
S1,475,L13,986815401363139493,26afb04274c0de4b932ed7826fa7b8a39ec3352b7bb92c067231f8b7d2a1053b,True,0.41301006934928425
S1,475,L31,10069387310041024075,c2c39331b66c508ee4e2829e2b49c6a7203e217b5662006b5886caa669277a0b,True,0.4449136478486815
S1,475,L23,10760588954856957975,c3777e3e3cfb791f9561cfada57daaa0f588886ee974b62836facc9ff32509ac,True,0.4812179454049091
S1,475,L32,185709515729398418,4c520ec65929384b752a973506b78e625c2fb5e69786c0bc02120c9514b4a8ca,True,0.4243537426991218
S1,476,L12,6609808031592617938,0388c06a267c0e874687116ceedbc1ddb34056491f6ea5033c8fa2822ba591a5,True,0.39264840154465547
S1,476,L21,16440836681687976936,3e2f18bd68b476a9894d4f09d1babc83453f1ebae0af1b767ce1a0c0244c33a5,True,0.47484946934230793
S1,476,L13,15799669838699960162,2c65427aa40d790155139aa992211cd7262c7b02e343e291e556806ebda26c40,True,0.4043426560268228
S1,476,L31,1217145479632475081,28e3f874adf5643f68a68636c260bbb7528b7925539f962d39346639f0e1c3ff,True,0.4328576617875629
S1,476,L23,18099246769930491634,6a375a4e6e4ccd3431f1d9089ea5ae96faa0eca956a80afbc6694283fc431f81,True,0.4725650524078039
S1,476,L32,6883005866125074252,e7938d297e3415b26003c3665e2e0fbf65b01a9a3721a26ca630891c95d160e6,True,0.42571520687237474
S1,477,L12,3095253913326620305,540b1e1d71840697527a52b04440870c9b4af9d3a6b493640c63bf5306e86c11,True,0.39116446302680435
S1,477,L21,12455238221342921582,fcd5b078dca1dd95fd51cd334d6f6fea853c4c84a2c52f00b1f101ae11095e44,True,0.4715730618123699
S1,477,L13,15148371926848269151,c1bab2fcd08e2d35e32e8b71ee7c80eda34d4ab8ee6cc37a4bbbd93542c93c02,True,0.4103001929977601
S1,477,L31,3986345323317132182,19ae7db336228e09ea64bd00b9dcbd6844c59c83ad7c5762541be3f55fcb3d29,True,0.4510878143245315
S1,477,L23,10253750791280988805,43ff2daf05e3ac58bea60f582383d10b184843b181cf83cf75441333795c876a,True,0.4752160072579956
S1,477,L32,1742373263161038902,c79306e2122b3bb36c1fc31ec5056029b38c28ab1b8c84e28ba772cf91303a34,True,0.42166173238337856
S1,478,L12,16998411623821410309,66cf0b956a18a0a2f0e4b5bacc933998951148c4527f245d114309885522513d,True,0.39428061145749105
S1,478,L21,5712140453704927973,cc54fba3601dfd87a87bbcb0bdbd8a69fe49ace4b6931b0b94cdc84cfe6c0756,True,0.46929521487096376
S1,478,L13,6662852599009934160,23f773ee6843bde5eae25c847871f8b65b6bd22b6a4a681fcebbe02aa5cd69ed,True,0.39591952721095913
S1,478,L31,7015915499885606473,62fe78528196c14a6c21f613cf938fb2b8bada81bf37f5d11de4ae0b93099654,True,0.44459002698088623
S1,478,L23,11846109570518811066,11066b51aad111afe0a0f61c4ea7d75335540c049bbb9fba0ef8bb051dd9fcae,True,0.4846580622995615
S1,478,L32,17845442528533190824,b07e9d44ee6092831a18b7caa4ef0c01dd0ce2fcea94f8a0e2d734c528b87733,True,0.43230093417847093
S1,479,L12,11703527871602055392,a23a8a41a6c4b444563797014163ca60ba5f32251817084a5e5c91f307a5a54b,True,0.38768464193106694
S1,479,L21,14976637661775935054,e82cb1ca0ec3e830c5d5ac267634ee32e0fabb13d9f27dc1f580f91c2c8b958f,True,0.4732077534634792
S1,479,L13,8913307728041242742,8701a0b54ba7fcc3f815be504dc77c50f3ee0db49926c6e65f04e19fd1340d6b,True,0.40796697706228796
S1,479,L31,8940638076230533545,8e8000bbd460f5c0c47550e8ccf0f25d064456c88760ba00000092beff54293e,True,0.44034291878474285
S1,479,L23,2661498837451750953,658598d06ccd590d32f89cc1a71d613555167b47f6c214083329af8ee6ab46e7,True,0.48270336565587507
S1,479,L32,18373213006064041198,bd623fcbba3ad2f6340aa882b20d575a7cab307446bd5dcc749ae3a952b158a0,True,0.42505310095578136
S1,480,L12,6012938754113557228,4610de2507133cd1d8473ac43d1249bc7caa5975ea34c8ad53d1b9ae77d62f5c,True,0.39509188831830067
S1,480,L21,5610012914432552853,b7185e6817c27aef269dc835a6783ab1e59951795f600a10079ab8120415de34,True,0.47152068345909665
S1,480,L13,1041705101303610377,c747aa60eac1f2a8306664400573a812bc0dd725011913fa7264af7111d86989,True,0.4137438453477637
S1,480,L31,5254417324345523424,1b0f2534a2869702a32aaac70484d3cf82ea6be82bd604046b021ce408240c85,True,0.43883604676311155
S1,480,L23,15189353904969350118,e179680bd6850c65cf5ec1e3604f08c26a379290e7f418a7f89429c56fa851c7,True,0.48113127928969196
S1,480,L32,4200047081560878903,0c9838d579bd63f115f75663f0409e1be8af69275595a0d6c836a508570bd09b,True,0.42381049433408513
S1,481,L12,3129800061833611887,0c85c7c11169b7e83a72e9d316e2faef288c8363bbfd5d312c30fd6fe5d5650e,True,0.3924274910524746
S1,481,L21,11101623009142267373,f50c9b4d473c15d3962dfe02d72f189ad5e66875a40d9b215516043979115e22,True,0.4707779910796219
S1,481,L13,7723997646114702443,b1f2a504406e269a828dcb74dd750d741b0f94a0228445865bad32266d3c8934,True,0.40797240922441863
S1,481,L31,107988728042608680,1f4b8a8637cc08d6fd2d7abaccb74f3da5e312c1d0b97855b19a36bf70d36088,True,0.4416974344043178
S1,481,L23,400217507505297812,7867b1cbae9335d1c52771f5644e802bc41b7e61824c4c35289ab75c7f593464,True,0.4685359789369704
S1,481,L32,11618045962406554768,3223bcba5ac5a8a8b2cf29a23b25749240aae3f668e1fe3243043d4c76d44f1f,True,0.42373640384660416
S1,482,L12,10104702070020679505,9c7ee3b5252f21c0182a5178ed6109622d568eedc65da08dcc02711d5dbe01c5,True,0.38924590500960077
S1,482,L21,5745937507037578531,2b93eb86600a1127cc7e1e4088fa76c84e4d260aa5145168d73e2459d09beffe,True,0.46581790254107414
S1,482,L13,41234295720529198,834b75d070677554506ca059068f987605d8608fc866bb57504c0eada2b1457c,True,0.40795820904028096
S1,482,L31,14632984576215141967,5d3f5bea5392d46bd0f9afb00278b71e9a66e962e1bb0d1ea0b9a3be72b1ed88,True,0.44515659726994655
S1,482,L23,16373170157562701585,e3cea623e2e2939b8a56f772190b2c604d312a62d42b0c3c59548390251f192f,True,0.46980613441409447
S1,482,L32,11529230043376794088,4748a4d918063f117d880631ece0273927035e2ff765e7cd1c541bc39a5b081f,True,0.4275885053874312
S1,483,L12,4161687090071373520,5a3b51d5c89df924fb145c8804d1b0f4001ca21e3f50a4e0a009a94ea7cb837f,True,0.3875924272760822
S1,483,L21,11379298813607997077,5fde94bc5ab3335ecf9df344179cb42022c59d229e97ecb3e47ae908914f3b4f,True,0.47059035681024686
S1,483,L13,7172321957039691687,3757e2938d6bf1e4187095068991fd22918c3a79a7dbac906d2f4ceee8d1bfe0,True,0.4087687681128095
S1,483,L31,11047481746124207503,0ae540b2ba8068dc36a61d145dfaf6bac5c172879d91476dda9c8ff42587157e,True,0.4346588068716729
S1,483,L23,2770174235875341298,9bfe545537a3452b33fff8effaf803f32ca392f963d174801b506c593a6025ac,True,0.4727179021718558
S1,483,L32,1070403135129346496,38b00a685c8b45578b305680febd017d164b8e81189fac36209549a68ef1ce7d,True,0.42530639848936475
S1,484,L12,17621177329103860808,375e5ba70ac3d1e96dbf64d8522f37011916006933353413562b2bb1d6363e4a,True,0.3920791161962007
S1,484,L21,7013099882377712188,c26b86b882aaf7559d3625fb4ce2d75d0d0d161c1807e5c101bc12f461e622ea,True,0.4688329072013541
S1,484,L13,16949273075947606890,68f55b0f861fab693ae03dfcd525e20afd19246affaca3ffc0651177d1b19aca,True,0.4097197126274632
S1,484,L31,1584936321796537054,a9c6f6ca85cbb888492ab3fe32952ec9b8da2b71ec17ed228561895dcf8c0a19,True,0.43973802520047744
S1,484,L23,700243587527430364,c369b521e9c90213e4b5e32c11c0787af1cc1c5b244647d486fd1b675a4b5f63,True,0.48347127576626536
S1,484,L32,17903953819237864447,961dc5d612352ad14f0b783aaaa66e6248f558d1683207c1510ddb647438b907,True,0.4285020423245619
S1,485,L12,15999216158565453625,e2d10769e021d5ec9db4161c26cdde71dd4f01b2e5e8943a39b7e3f2d31e7a3a,True,0.3886756748543763
S1,485,L21,5593791696575524355,0bff8541f66556692183665e91e8404213c5d7434669d598760624c6d3b967e7,True,0.47216630622181194
S1,485,L13,18139011274104345609,5b73618fdb1abb8afd3943f6529bb1579bef07c5b3242eac03085afe108e3746,True,0.40069617616688324
S1,485,L31,3718995465127825616,65fb07582ce9c2e6bb00a2d38969f4dbbfb4a40cbc858a92be67fe2ecad68b9c,True,0.4338134313280612
S1,485,L23,7668737661673719095,0b5b37b21df16c892db9ba2affe10442eda5b90d3609d73df7c09439111aa5db,True,0.48269141124214726
S1,485,L32,11273061071186567004,08ddf0fa636b1e5a35d54d7f5f00497d5a26f8d06444cd6fbdd00c9594a6b7c5,True,0.4241746901867206
S1,486,L12,16043446942954540807,709b54a973cdcf5d2f1775b480c1b3bd5787aa88b69e005376df0299c3af19c6,True,0.390236980940313
S1,486,L21,4449832428684798401,0e168b93ce43fc1788fd61c418851eda9648769d2670e80641010064a4027032,True,0.46676341024420875
S1,486,L13,10146629443694060791,84baa050da767277d4c047f489fe86e32c29c1f39408f98ea37d8d3fb3fd24bc,True,0.40581720341259386
S1,486,L31,11367186534214044751,1d49281424f3aae3b8ec93f454b53d8a0cb6668128f91fec058ae2f76c62709e,True,0.4414036655063146
S1,486,L23,4715490211288341442,6397763dc7bbd694632b46601430d5d61b4c1245a888463324ff34abf432158a,True,0.4749361695914769
S1,486,L32,16249017237054563685,dc9e7f3b4680940f4b3bc4af57ebca7b693c9d58be4d40de69603ce0e89dac16,True,0.42638698894149923
S1,487,L12,7935558405244054443,2dc67aa2525517ad8d14b075de551c4d5e460dbbae0a0f55c94920756fd560ce,True,0.393236176260825
S1,487,L21,4909797960893231189,33ce97d64794642ba1e4cfb6f2186443354955dde46ff08f1ec925191c8e687a,True,0.47176347071095615
S1,487,L13,8548182365904644711,46abfb3df74d220c2ec8d0d853a0ff65ec9c4d051deb21daf759cc57c8cdd26e,True,0.41076080182203445
S1,487,L31,1143546905637841161,2ddbf66ee3513c9981c69f73345945d08c07470a1d600944f464da5ba2dafed4,True,0.44252986819995727
S1,487,L23,3559543067011942156,351c12abd8b06e40c09d4b3f497f7ad8b113e3e0d817467af62a4821bacb0c3a,True,0.4782974061372362
S1,487,L32,11556966911165087839,82dcbfaf83f00b8bbf6a73b7b4a91f9f1b8c804dabc0f80930f3ebceed1392a8,True,0.42647140269417017
S1,488,L12,1539851017020165986,2e62b5e91bf0c746f3610ed10f7cba38aae380a154d9a6c4ded43ad1a96d10ee,True,0.3905694283973937
S1,488,L21,8517674423355065459,74c82f243962918fd6421a41198fdbe4a7acf946fd8122ad7893a6fa4cceb06d,True,0.4721138474125496
S1,488,L13,11236648761332649619,d307b7d0d4b829c0ef7e01b209e9b597014e0a4878ca11258078681929f52f9c,True,0.40352473917952447
S1,488,L31,17822218008380217162,84b78268c0c5262cb143c235bcf1b4b15df3d83fd8848ffd1c6ca71965156f32,True,0.4362282947676383
S1,488,L23,2672907981062236377,152ce6a0bba51f2305405dab4540055f6de3d5ccb35036470536ecac22ef69c1,True,0.479328989737503
S1,488,L32,982190659203249565,846815d6a69334eb703c0011b722aa333f9ab8675de4fc8679b483750def0244,True,0.42286763373617714
S1,489,L12,9119662522633963767,134969376d5fa3ff7127f7165e5a073f16cbfbfff3f0ca0c595f21c4f0305f73,True,0.3941447541085702
S1,489,L21,1851922529623904645,dc12481f65a4ebe1698038d3eb710f0218ed66e2e147e3363c47e914c68674f5,True,0.4718479213840522
S1,489,L13,6722484287163826658,211b55d3bd85950ecbda3108fcef31716b12af1a82a2fd0eb250b7bcbc614ff8,True,0.4026221720118873
S1,489,L31,16395175659286268914,8433f44afcc7351217c7ebc725167819b696c59b977d04988e86433190994dfe,True,0.44285102610203125
S1,489,L23,10904930725841524949,70515785e6c48b9b065a3ce0f0bd7ae38b17cf619e2299a21498a905c5c42c90,True,0.47929776414673825
S1,489,L32,11046083019645394432,63834d742680fc672fad7afc55d2416619669381f25e65a7b7ae077f14125b1c,True,0.4271591314691281
S1,490,L12,6942237702192353366,484fa68d76cfe8fe6a0a80d76fe8856b8306005a5e64e4780e9de0ae5e9e7c5d,True,0.39306042575623845
S1,490,L21,8176027424641471214,7324ef2f21294f0d0fff7e9ab021898751ac090cbd2582e0f97ae7fed870920e,True,0.4748388923289223
S1,490,L13,7351998549540797837,79ef827dcd133f9a2d29a2a2cce8834ec9b3eee66c52603639176367d6116f8c,True,0.4079773217606023
S1,490,L31,12548659690531294087,9ee52fc2ae7fe53cafe6b8a95e649a092f47ac3ab7978f1a2b202bd183794231,True,0.43884608053470864
S1,490,L23,14363704056546546182,11128e1239df77efaa3d3e6dcc255df9e9fcba3775517eb46e398143c7d3ffa4,True,0.47418685816434136
S1,490,L32,5822739217964450126,87769d1b2fcca390a031705634a98d823d949af5a2467f45035169eb63b6c8bd,True,0.4240486156851525
S1,491,L12,3055939914282523904,a26b31d09127c1b67d1210b2738357a739c497ff36788b08617a1544ffeac4a8,True,0.39111551127269106
S1,491,L21,2350576708981281724,384617852479c10006469574e67e416287a0bb9528993570609da650a3df0821,True,0.4710066666143217
S1,491,L13,6412594148448511879,dcc2988508bdfafe0b34fbe70dfabe5df1358495077191109153773c28796ca9,True,0.4077153780398023
S1,491,L31,8238078790135142963,729aa4974eb4e368394887a0fcfa29a8046fb66dac90bc3d16187a2a79d5d19b,True,0.4395998458525781
S1,491,L23,16726918093458044050,c6d06fef0a130993d3b7cf5d9e0b49f4bfd7c6c62fae7f8dab9075a857696894,True,0.46929521487096376
S1,491,L32,13785172700135136728,243394ca39cacd603f99116b5463ad7fa52e623cad6cf140611e0d82d2d99d7f,True,0.42163246529645415
S1,492,L12,4805496915269975534,bbeae46b921962f5a3b12c7ad886be8a3c6d4c9c36146fbc93a4bb262b5eebad,True,0.38849262681420205
S1,492,L21,4055596347902082237,b5a5d38df376595721052afa9d6d226ccd69d5b45a02a4c7b894844d69359885,True,0.4689150261998815
S1,492,L13,1708495839708236954,29002c8c49e2e7c4a980fd077a2719e6cda44fe6238b14536c67d9f28cf0c7eb,True,0.40621932003495437
S1,492,L31,12557820311546722793,d287764e379b8ca2cdcdb912093e4431cd6a31fd365855a69a9fcfe5cfb1b6c6,True,0.4434376244952803
S1,492,L23,11468544091484970100,ac13b2f27ce7cbeb0b742d6aa41436d7669d1bf12ac2eced3f9a5bdd2661c6c8,True,0.4817970489989395
S1,492,L32,421730843117688085,3726eefc05d33fe02ae76b0f42a1580f46b68e33853a64afd5088edc03a13d4d,True,0.42418112578974243
S1,493,L12,17208470149549624083,36107a25235a295d3d65cbe14405e40d773e81ca3921e6489943e478f79ed952,True,0.39176734365795984
S1,493,L21,15718815682526195742,31caa3f956f92278be493ec3b2fdd311fb232522fb168c4f0c3719de9c5cf04f,True,0.4742702579930361
S1,493,L13,12350805096571134709,19df40e6aba97fc3eb2017081fabe9f5a8bf39c137fc0667c0a7d698a543937d,True,0.40579743100705906
S1,493,L31,4626795434273420296,c6a450d9d638b1077067999642378c3b28727110393b3dcec56c455a555a907e,True,0.43885026216380363
S1,493,L23,7631716361390741201,dd23ff75ee0e20108122a3980684e9bf4350273bd12421552ff8b0896025b9d3,True,0.4729773829862899
S1,493,L32,12938097678149927046,3fc92975b398193ae792133519978e4422de5175ccff37fa48113867510fc61a,True,0.42179111175690803
S1,494,L12,2503186483847279090,dab8cbeb2b837254e7d33755b36927b593bcf54e4f3188bc229161bb5e520894,True,0.38899263992721383
S1,494,L21,849939568988477652,0cd686a3eea9abcf6352d899d4a95e04e01afdcbab7135789daec64ef2d58311,True,0.47133045939867724
S1,494,L13,11022037772104645764,55b7d439be47f4d1c65f73768a1d3a3d5ca9bcfbdbd6f20dc572b7fe44cc96d5,True,0.4137926250301345
S1,494,L31,16988273085960493482,2b87dbd59ba4f2fd751998b44394d52a2f1e9ad1dc29331bea92bef86c3f56da,True,0.44130148640267175
S1,494,L23,350771143680331429,780f2051897f2a61160163e3f636ac59810971cae986a830bbc25a99ee11bf3d,True,0.4739866394150586
S1,494,L32,11737189854651763816,e10dbd3f1f75d795ba9f227bbfbf70a3f0c8588a020203e9b9df89b5c526905c,True,0.4275417593010887
S1,495,L12,11569229926320745999,5d624e11511a4484cc36f3be9c40f16ebd98544af1bd2e6bdce84233ed48de59,True,0.3916169661294493
S1,495,L21,3956949667150005881,6219959f8842b71afb1f8451aa87285499171ee26f1282acff7c59996235651e,True,0.4744802205123281
S1,495,L13,14110543433030567192,e5adecd4d07fafba21e5dafea16e858c677fb445085bf2d9f4937551a0f2a0da,True,0.4091640511628917
S1,495,L31,2991352967334306970,76b374c2c72f0b2e1fe8eaa68b3816b1aed9a4b32ddfa42438ce1960bf138648,True,0.44224633491054316
S1,495,L23,3280402017430048810,5c15524ee5101aee001de2de3dea9f8e99937a916811cc79415a460caa653f72,True,0.4820855784206671
S1,495,L32,13576401363687107580,e9c70e3cff06e546e9985571f5ff9a9e1d1a72beaff250a5ac17867302fa35f6,True,0.4287238675493269
S1,496,L12,302211439786580957,49ccce6964e67e30da9f28e7f7e9bf4b233db61ba483cd6b091b393418c6c539,True,0.3894820342010337
S1,496,L21,14118202856026596578,9f0d7c0480049d8e161548c8074b140885e5f56450ca3c4c265fe780da9f83e0,True,0.4714194287374793
S1,496,L13,12161936972047653490,beb184f21c7d6f576b54e6f529c47de8e36947e9ad74b3083f447a270226d6ef,True,0.40441043939350096
S1,496,L31,6992577759388886742,7783f78cf3790b6a0b8f4645c2819426e20467393ba017cef2f706689bfa3acc,True,0.4401338702633743
S1,496,L23,1901704738584690228,aa1d653faea35c15e81756add10eb36f22069885720666a11715fd5ffe26a9ff,True,0.4760024251867654
S1,496,L32,2025264518791411725,f8dcfe46b29c7f6cbb13746987f03d66345a6a6c9dcbb648bf316450abb8a876,True,0.42464609664821046
S1,497,L12,15302408631659785579,9969ec3410beabb921ea40cc4e5012896da56986982ee8832bb37c23e34771a0,True,0.3857244543485065
S1,497,L21,6136445059466630658,951bd24fe2514efd6bd6a0f023a0cb11a573e4b3d7fcd23a79dd38a3a80c86db,True,0.47346595446922063
S1,497,L13,5405087629908747536,fe8ec8f36ab0c97d8f835ce725472efc89f8d054def5ab6c550d5e6853bc7b83,True,0.4061107274942387
S1,497,L31,17386614437319742252,68273b8f070684bc84e4914793316c7eafee1cf7df0032c0db472d5eff2339b8,True,0.44368243388641654
S1,497,L23,14563938963554235251,45063a55a07b3d1ff5d1d56bc97082c960c4e6371064a2215437ce84a51715e8,True,0.47673592230025286
S1,497,L32,12729680638453724446,8bc7bf795386b7f0a3e7a180e2d785a634a8d7012987176eab5a9a34c41dafa2,True,0.426052698583805
S1,498,L12,12160193398361346294,6dd75d330ca145e5b177fcd2f4dff0980101740c5932d48f1626b84318463c79,True,0.39241726678045247
S1,498,L21,3282863817684277827,69bad89bd7d81445baf262e3093e5441ba18f4646ec0d1b06795d3f82a41b732,True,0.4709973619156891
S1,498,L13,6567038198527198030,ef63a801c6228a2ce0859dcd3a48b02752125d5c3d2f13ea58fee8c83254fe9b,True,0.41268688711723056
S1,498,L31,11210919672182761736,05a0151496e301cb7994211ba26a9ee7372242cd13f96bf1c595d5d72ebbdb76,True,0.44289591206191803
S1,498,L23,4202016953854486974,661190f1a381e7f43e50a15c53bdda638b7616db3463c304924c8093bd8ebd74,True,0.4796896259162666
S1,498,L32,6854092136202292543,2859fc3368605a53c9f7e413485a2f67fa6c9b469306a2af3de6b59cae3bfa89,True,0.42447361953679097
S1,499,L12,8753892089651222682,c10735253e8d018503f23b17ac473004bb4b6ad1e857617a3b3732133c0db1c5,True,0.3923699541078887
S1,499,L21,9159359501234773150,74167a5ec35225e8856d6c8098a03d74b36f8657f8c5493f300a1477af2aed22,True,0.4721335307957315
S1,499,L13,5418112138055236132,5a2ed3acf7bce6ae75f5097f69dd320649b74d46c5a29a7992c35ae6d8977815,True,0.4095987067293497
S1,499,L31,1496167954670651921,f6534891d2792df3a0cfe60a9d2d32c94f45a86a63faf62e97ba854204dd12c7,True,0.4436601346227928
S1,499,L23,3879549130532977730,aa785550db6e199ea4467b63a18ecb06ce8eb732a516aa46c3c98b1ee06df765,True,0.47801327578930397
S1,499,L32,7843736313051671358,982f8a8ad6f486b7afb9c30c55f32b5f8bd8a1c8ac50ca9e74950e1d7383c16a,True,0.42020062283067117
S1,500,L12,8686259987971779382,200adb20d33dbe64a19377058b80ecd15751c38b4bae380e6ec5cdaef4199eb2,True,0.3898425142311524
S1,500,L21,13328839343902950747,03ff9e5080581622557e99205084952ca870a295cf1f0865b01aecd6e468f3ad,True,0.470864897889404
S1,500,L13,16289551257114092677,4094c5ac9f125cab13a328e8d642973271a0e3138aeefcd2390bb7d38871c067,True,0.4120143857452382
S1,500,L31,11045180576927823144,69ec86e554848c536b9c33d83cbaa47e39ccabeed166f066ade4c8d5bec8effb,True,0.4383055986525758
S1,500,L23,6034728198828066400,627f92ee79aa52127c02cdcd58dbe8b1748e5e68d8af088dde99ce502abcf33f,True,0.4732610105026436
S1,500,L32,4111532778442587647,da080169666478599d52fef2b5386ff6fdec71ceed5e8e5d12218ee515c6d48e,True,0.425977134087805
S1,501,L12,1683648755172242719,d5b58011a32c3a24e93d6441c4603703b308d311f0444bfc835659f64b8755de,True,0.39449019155768306
S1,501,L21,16050963020289184804,0170c178c619fb2de8185fcfd79f0ace73145bb306dd4678dde17eb38c3a65f2,True,0.47029425954352166
S1,501,L13,18286744426534158665,4908c2d2ac9f3be403ecc0b2f3d4e82225225b973ba1664e623fdc4b0fcc755d,True,0.41071450502135354
S1,501,L31,16088970655377797927,101edca7b5c0b719d3a339261db5b631929ad9acb7982ba42c2860288a41fb11,True,0.4324991354971634
S1,501,L23,916255057098144866,d9ee407822f6fb841495d1e6f14c12783d8740324b932232d7ec10d5e564bd9c,True,0.4678866129734707
S1,501,L32,3025445049189080986,61463a482a0e385982f0bad50b088c258ab459125b46eaf80a13f68ad7ff316c,True,0.42530413141732804
S1,502,L12,8972794465096603576,df68bef9a6f3bd4f3cd1d08cc883a39bfec6556a883b710d824da750f3e655e2,True,0.3911040213561743
S1,502,L21,918320313775082599,dd5ebb0a16984e8f38f53bf293285632fcfa45af563fcd2d2b867347ee9afd6b,True,0.470830271419874
S1,502,L13,15717941531043036345,3140354ee6b4cf11e5eb0ba9ac19ac4a0047495d4bb5efbed19bfc826287bd26,True,0.4103464725217939
S1,502,L31,7941641088769468507,c5e497b8efabacc74ccf3cd070295b615ac8126010c23b11502efc5e1aea6503,True,0.4404120751905549
S1,502,L23,13217961389393423021,f3dc99868b5284e04c562046563b5dfabb5c022378e3d36928173d2a1bcaeeb3,True,0.4785488767302233
S1,502,L32,4918623796510314418,5c74291988120290b82f2d75ef6d33af9fbb3e5bb5d8f39f3f76150763bbebc4,True,0.4231355085487963
S1,503,L12,724171291729184467,2fef6db1da1a60d8d58bc68a3461dff62e6ef48549e08278d8c6ebe8f44d210f,True,0.39184636174862214
S1,503,L21,9702061619735331475,d6796bfa299d455ac334aec4487b0b9c634cdd1cad13056e82d39b9e095171a9,True,0.4751010569794079
S1,503,L13,3333919516895768464,13c99243426faeb0a66bd5c1058b4953a74901c398068dcbc1e42aabe716ab47,True,0.41173818842077436
S1,503,L31,14900359921976302270,49f0c7709fd458a55b5b25e783b6170449006335b9e42f4a0de3d2fb42780226,True,0.4419792139282296
S1,503,L23,815213551561057953,257c324f62c4b670a3a245d15dd2e83b3f53bdeda014c90f2df1c11ef44dbbdb,True,0.4754806254157044
S1,503,L32,8680749449845274995,1b9f1e0cedf31b7e6cffab8ee700126d7829d8fd55140a9dc6e6bc09861d7e15,True,0.42268670579402073
S1,504,L12,3233023911820119008,8cf7398a5e0e065a314903172f70e52599bfc9df02e2cb70c0cfaaa355a21903,True,0.3934181607359064
S1,504,L21,8184140947840475539,bd9d5236317b7f6e561ff0fe810794b870b94f17660a825f94585005fcde4f7e,True,0.4688477850574025
S1,504,L13,14106569178651211302,216da38e9028e38ccbc5e43a8dac489c3d5f21b45ef6a32340b7745e1f9f553c,True,0.41784490345340664
S1,504,L31,3163762159848407860,7b7f9e78a8f291dd0933aedaa596478842a1fe930e9e40c55416369ecd728b14,True,0.43971586686345976
S1,504,L23,7504835927467040082,64d3539537475e3ec2c3e9f4cef7baa75a3dc1be4be9c99396657924e4b07676,True,0.4783065272606255
S1,504,L32,11184184061813951353,1120c33a50a5640d775a410f47aca651783a4c9ff11a428852769410cb260158,True,0.425858404455461
S1,505,L12,13557831674833750081,11567cfc0d1e6a9b2de6274d0bcc25e48b4158bf5495f67529b8e9f8bdcc2014,True,0.390236980940313
S1,505,L21,8013421337982084326,30232ca5e1d690ac8825d0fe2504fc4ab832ff49f45faec6d093eb23f1184115,True,0.4682392080157014
S1,505,L13,10349501737957273539,ebab4cdd502f0e041ead8a6de71ffddc32496af04d758954a6c8c55da0680514,True,0.40115833920917604
S1,505,L31,6645064932551009633,e60c14d1733e9323ba01f44fd27f3aa023f662466e18c52b96043f2e78bbd3b6,True,0.4465784733536003
S1,505,L23,17174602994041007492,ff6b008e99c457dad320494b28d7353b48f32baa61e0cc3c2ef99ca3123447bb,True,0.47228218889548246
S1,505,L32,2716182224916426202,98dafe0dc30efd0ba58ab16488e8036663617699e09698f60ba6c34298a7ae59,True,0.426095100770098
S1,506,L12,6427636647292706152,aa711587407da853bf6c42fa3a06f045bbea53246c744ce765528298fcd774f6,True,0.39024779754692424
S1,506,L21,16546035976174613922,18ec438f05ab140e11338131084855c485c27a0bbe076823675e94460ece820a,True,0.47058783969051826
S1,506,L13,14275867424914850567,13ba47694452a07a2bc57f49d25e4539a94e5371d600abc710a7b831fd08b1d1,True,0.41252016320620843
S1,506,L31,10154595445949841632,167f3146b3e316174a563cddb419da98ccc2b2210b1adfce41bad7b7f73f4483,True,0.4436138789082652
S1,506,L23,4807854832691566223,e3a8391d018ca99974154293bb7703f87bf1c442ea4a1ea2ce424d9646cca96a,True,0.48023580266668286
S1,506,L32,73964986766981233,038dccabdeff575ce1704862a8498060f4b68a15d7d48e7cf1876056b25658f0,True,0.42948078925204514
S1,507,L12,3801782392495745593,0d4dce49f6becd51b4e4a5908b68817b2a7b86412a41caead69d53469f215429,True,0.3924487474609624
S1,507,L21,11371910188990541306,b29c38925db266f53eaefc691f853894db546c255ebc1a8df1f648685acecad0,True,0.4708268124705375
S1,507,L13,5221197680002931050,4d4215e7796146d682a4930ac9609d0e1649ed06687cde1ed7494dab79d172ad,True,0.4143404933834881
S1,507,L31,15749822108924354981,c75099645e5aa1a9f86b43dfb8534c27937c4cd3382f789f0e197a2d16c078e6,True,0.4383908605715416
S1,507,L23,5230857985495560386,99d68d819283a4186b35716e7033905d0d07393ffde9435a6d279a275ba408b2,True,0.48169564952165583
S1,507,L32,11162698554673270014,ffff5149f76c4874a307fef5e54f4ecd0e62e2f8311cbd03f9c6afeb13e0d918,True,0.42561757459286487
S1,508,L12,18428595065046725451,ad064a0e55117e46f787c68008dff9b8a1ad87065b60a8d298341b4a10d7a667,True,0.3960749677585378
S1,508,L21,7259998228681023164,4584770d65795522f17cd05716b839ee92b499f4e6105606582f4947617b42b1,True,0.47043512409490906
S1,508,L13,12874594439601046356,df75968b7a206ac716849635595c32670bd4e7abfc306a11ebfdc482b09a3ae4,True,0.40417056449536715
S1,508,L31,6305661136633227674,10d53256d0fba5060c33252ad6e1d07424c925cfa6adf70141db71809322db5f,True,0.43692183109793226
S1,508,L23,14701098025205374245,bbec72e306e3be28e7e63fbe2277fa542c34046f3fc179c7374bf9447f26e712,True,0.47786262790143075
S1,508,L32,13679691620483193360,4ff6055fd9382c12405357e055746acf167070129c5a69567639ae4a50b9670a,True,0.42464340367278947
S1,509,L12,7886890117367405135,5b5c60ca6e7881990835b9e69ecc7d4f74fb08c101d87b150ca9f98f243f1c34,True,0.39602861306627585
S1,509,L21,5395339535477635771,e9f56accff4343dfde1e0b99f5af95529d28943fbdc706b1c05974ddd1ac5c52,True,0.4733865572896557
S1,509,L13,13495662000843713627,06971bc77554902e2affeaac6caaf798f99ec1d70739facc742318fcef63a0ac,True,0.4101057719769105
S1,509,L31,298465467561729867,68159db3220a0b4896bf869642ddbc8476ef81bd04205c5a42f8468b5583edde,True,0.4382153388629474
S1,509,L23,12654853061727626217,109130f67d2b923b901b70d1749d5721d059cdb51fa3830c62a3e8b6eb616fe0,True,0.4804617825202902
S1,509,L32,1351226719856918515,6da93c4eb7d46f33446381557c0918908c4c3193569d2ac8cc25e5434d9edd9a,True,0.4236637134595545
S1,510,L12,10591103687915914161,30c7a649d22294fc52f8e63918773a065aacaf9cd04f792dcf5883323d8d5c90,True,0.394977319248466
S1,510,L21,15480404600539471334,09285afb827a5a32f1a2ad8fe26bcd4cb58ad6e908fcbe4a9275a9c6dc453c90,True,0.47167869923665445
S1,510,L13,16028267161808018791,79a54603bea1408fe747ce56cbb07fb4612535b1aebb5181863deec718f3a8b8,True,0.40868051593619137
S1,510,L31,7522740179527489764,a8ba3803242dc86c266b1ae9b8f5f894d9931748d3c442bffccd2388100c832d,True,0.4402388999789943
S1,510,L23,7822352217568340033,3d33920b6714adbaa6c4fb1ee59e61c62f7768cea3f331826b7439d180a6535b,True,0.47376515914708583
S1,510,L32,17103483538456988324,a7fd1d224f3fd750f77194762d755987534be592c558adf196c2cc4cdf7deb77,True,0.4242035802661092
S1,511,L12,11343397580576363857,5c241e39cf74e5d4ae2748076b0d3c8287914523f82bc12e9e8a48f056594466,True,0.3931943347956601
S1,511,L21,17583282846332840790,6031a3c9855bd6ff0a672032977e31f299c01d8ba59deba1fcbb98c20f6b2eda,True,0.4756413671551776
S1,511,L13,6073027475493568438,e247c9649cd034e2c82781f4a4100f452f444d2c03f6dfbf0bdddde0e4f8d557,True,0.4102249672956225
S1,511,L31,14415965375115754585,1336779ba0d2874397ee0ee21090556411315f9f6edaa991bbf138e065079524,True,0.4455516850720885
S1,511,L23,13317512987507748108,809efcbd60a3d7527842b4b7df76a5112cb7eb9d44e772910bed6f91e725b4c8,True,0.4832400446543078
S1,511,L32,15685336496425897866,e7d25574f02333bffa51647891b92cf45d5e9bf783b841ed1993cda8a0f0c035,True,0.4245922675796572
S1,512,L12,4780103887934580521,2ce5ed6ce4926d87d58e85250c2bac7f36cf451cf7edae5805756bf05c5532ec,True,0.3923886687477137
S1,512,L21,17070317241602578233,b9569b033bea20406741d04b04d00b283010c9ec9121c04bdb3e98d5ead974c3,True,0.47394077337280643
S1,512,L13,3519715417538471665,d34ba407d58ab2aff8d6ed104ee73f34b18eaef24d354d34f901e1e6c953aba9,True,0.4141662900307192
S1,512,L31,7596197464545134858,a1c2c8e8744602d610d7c7c7cfce077d0d2d0ae2d54437f71ae2f435de553ae4,True,0.43853661381892733
S1,512,L23,7930625593798984011,511380459e2c9f89609ea1fe5e88ddf4f3cb6bec7e757fb2ccd8b03c0b4e48c6,True,0.48451568734261596
S1,512,L32,5469145321987836869,24ad1fde602415c7b60174c12ad26531c51d6f5e00143e1effec1f457afa7c9c,True,0.4251163121117235
S1,513,L12,5350683923816627229,93aa9c1ae0b8d5fde91d07e6a9d38ebea9f98a5d464a8855f84925bc9663899c,True,0.39216381703516884
S1,513,L21,1451538529347671127,d25437dff48b2c71c7213cec59cd3c9c0309831ece7d5d4801eaf4e61bcb0dcf,True,0.4746206831519519
S1,513,L13,7821633050205003283,d2e7b38a155bef6c4c9c893f4f02b6e06682d78f85f0aaa94a85c5d8fc0ecb1e,True,0.40613655434699836
S1,513,L31,14424824009776536920,b62c4f13abb3339b89496c222ab644fd70a1e0aa18dc7e5eec6eb0ae70064dc5,True,0.44411465780660786
S1,513,L23,6835571270001350296,350b7b6216eee136291d9121136645473e44a407f78b7dc1928ef903ed5595ec,True,0.4714058879958
S1,513,L32,13177517577677897304,a10b36c22a7ab7788092b04c4b5ed6396139ab05b37cfac06e9fe52226d8fb58,True,0.42383684123623416
S1,514,L12,15109476922404144222,126d4d4ccd257f8709c7acecd6aa13f86665d8889983372eb042fe575015625b,True,0.39328294174757433
S1,514,L21,11837720065646015589,45311595b776a6cafe438f0e7f2a06be215a23944be753fe20110cf824eb1637,True,0.4781774586550954
S1,514,L13,521184286294971231,dd436b997b75ed2a6e3ae79cfa1e44da2adb79a40cd4deea026d71ebfcb32bf5,True,0.4069866799535
S1,514,L31,3969417695199292392,082aefe8cf9e3b63686aca6dbbcad0d88e6f1f4e4b24822291ed59dcf150a70e,True,0.4397737793193739
S1,514,L23,8684739688741344738,8e33d0c0701df89f22fc9b548c9320928f3e908f4710200fdbf9a9c62df9b47e,True,0.4804899900624701
S1,514,L32,8754823060194264021,b48ad3f0e14587dc86bba500e009e2cc929fc97dd9b029fa8cfb3b70227cf288,True,0.42439719433528955
S1,515,L12,13109658979944752459,efb2263f6b4f1a13ee310832409cdd999f416356556d3e2081144b2475179e93,True,0.39266817797083153
S1,515,L21,4630096920320962820,4eed669b50780e4e57f7ab0d16d31202a3c311052f53bac69b9c55370e5a6a2b,True,0.47351492644693405
S1,515,L13,5825030601909775481,af05bbf90ca6c63db5640dfda3d7bcb0001273c6856e0642a1493ce42f8ea4b3,True,0.4101866591506178
S1,515,L31,12025976524680218655,a12fb9fadde218b16056692671642fdd8c44b7b276137b150597b782cbeee659,True,0.44565340608090603
S1,515,L23,612785814623935403,415232dee00a98999dc9e66bba294b66d70986d042c9625c372b459447e2753d,True,0.4742675617616513
S1,515,L32,11463572347917271614,c6018cceb1f97d22024c2511eb6dd4d572ae9259227a9e8dcb015efdc9accdb5,True,0.4248862300172852
S1,516,L12,8904032147274619550,1ccac19a60b3a081ccc7a199b14d01ad5fd76b44e4befa5fb7607a32e79286ec,True,0.3909919283339829
S1,516,L21,13978849392088483527,6690721095562bc0720e4067bceea84211f1a22eba4d91e51c9a749fe5f551c5,True,0.4733813253861411
S1,516,L13,3385239943339138664,78fbc0eaf410024e252af1550e748177945b545756dd59e5bf0a9f8daeac0740,True,0.40860927449076684
S1,516,L31,4745387520843573887,f6c1678ef285bf86c4c4bcaae30aa0b0f45b8b059fbe03376d3ccd19fef0831d,True,0.4409584281175303
S1,516,L23,3489816912279940556,3f4b4ee54d9ed2f6fefee1bef782229defd4a9488291e2aace1999962f50c940,True,0.4826584472901295
S1,516,L32,4650509292150255090,7b3359e6c5a7891f1aae020922d8c1077992c88b04e1779496058c8e99a90609,True,0.42346305636789455
S1,517,L12,16855392848572868396,aedac0293f14cf76edd75906fb8088ab90667560b7e88ae9a5d80930101155f1,True,0.39308160651904034
S1,517,L21,16554462697113499550,f2ef277ecf0682e0838f5a7a04bda2b8b3d71677cc19906c78e63fb2d5cd5cf3,True,0.47399357840211875
S1,517,L13,11213770312431202,adedd5658df0ea6171d6ca5d331e216da6c7349ab5cc896c1bb0ebf64264861a,True,0.409234773777805
S1,517,L31,7254113453670003567,968fead68ddb240db43092e0d50be17d734923b8c6d33af7d7a8380ccb90553f,True,0.4389799502227432
S1,517,L23,9813046418683512904,f031e4a0089fcd597892646b6b122d8072cb68034792e6e395478156062aa06d,True,0.4795412018397448
S1,517,L32,8525888415373769348,e3f3fa735e29a7820bdad3afbb63bb78f2388019da90716a2e4b70e57b56c1f6,True,0.4243681214652134
S1,518,L12,13453867314921036068,515c000dc87c45e0d82d7372f09dac0c492a7f6e0b619c2fef987336a22cee9b,True,0.3928301447017659
S1,518,L21,14843857159345281600,97505dfb77a8091572272b57ee9c555e0ceca20563ef8af192dca22d2e01017f,True,0.4702129727812764
S1,518,L13,11517313729358459233,ca6a176838100f7cb253b312a4874fd8e27e4f2af1c4ca9b4a16ce46c1648d60,True,0.4058037203280549
S1,518,L31,6513201878295797605,787c066c286cd5ebe72a6871d146b7885b3f91c39203e5908f33f78a28221aec,True,0.4435357113518422
S1,518,L23,265095306022382550,bfcf4d2a6c161e438a3b88c33f3d73e21e831fb6b6b25b8dc08a2d38f7438ecd,True,0.4811932447646905
S1,518,L32,7896119533464385314,70f44a5cee8a4ab37828d9fc7f221b41b30eecfd787cfc17be1ee39e76b4ab4c,True,0.42055718026889743
S1,519,L12,12494803440899181902,9271fca4b4f4b090ee2ddf878a498bb8f63a78f6da8e239b8519523aab8390c7,True,0.3957158912377789
S1,519,L21,6881016024490533979,5198e85b08847e4c4989f3b022dabfd9f77686e2c6a6106c4e2a077231cd8e75,True,0.46993664116437633
S1,519,L13,3346864714061918356,08af9319cba449b86cfae9f5e3670dae2a54132a047455fcdad20f3d31e4a6f3,True,0.41035795025427435
S1,519,L31,16578617363563590044,468ca86de6da290a776fce4fe0b131e9436bd4e63100891ee44f13375368fd32,True,0.4442131242920144
S1,519,L23,7251515963062324797,2d7fd8708e9e135fe01e118d1ddbd8c2d4f972ccdbdbda410ddaf69cb71cf9fa,True,0.47331043189388877
S1,519,L32,18188849038318695272,85b9417171cfb9c50bfbb047ecc7d32ec81bd6a9ff4af883ddf5ce172bb73818,True,0.42544187035515546
S1,520,L12,11815144069044412819,3948000d0c5dda9bcd08e31950cc870b3d5685b1b9dd7b8c082a2bcfe7b6e5ee,True,0.38913427429382835
S1,520,L21,1456865417720590837,1f5851f848bda5ca45fd5225f3f9e1f1735f8e3df5e38f96d541843f644c527a,True,0.46917108175417643
S1,520,L13,4721167909690706881,445b6d6a0d06991b45bfdee36fa176cc00d28c01340e001807d1517ce8810441,True,0.4151705512440426
S1,520,L31,2241223032240395051,989984debf5e79e424392de1e35e17c0368caae770714abb2fd412da5b86a5ef,True,0.4352320431531366
S1,520,L23,5292994737846721323,ff1eac0b2e7f198feccf45b9f74a0a226f9a3cb66bfbe259083fd13c206a386c,True,0.4797735123824151
S1,520,L32,9719931284878364882,9ce95d44a97b938966a1a1d78cbe1a71b3970f6b6ce1c590d5fe5f97e36b06cf,True,0.4280071620264661
S1,521,L12,8672090966995639543,433b05bce3bbe71c0515a4cd3fcf1db46a1d376069a20ce0b498bd370104f818,True,0.39286335413762485
S1,521,L21,11034547890204176713,702886636fd64570db578e1c355622140fac1aef4f22a201796e9d35b31821f9,True,0.46615607338710374
S1,521,L13,13570431764858412228,c0e20124753047044b3c9139d456f38b2663d122748f7e60f32d84361aa45365,True,0.41522074481031135
S1,521,L31,322613418457886302,99005d5da68e744c5ec4d78353e88ebc3a0443bed315eb969f6bf7b5eb05f158,True,0.44419194645893245
S1,521,L23,1998817030351922358,adeded4beb36f171a212730e5dd2702cb82ac93811208e6c7a4e59fb82f5025d,True,0.47794624663377316
S1,521,L32,14275992191992234248,e7c4424cc34e959837cc63ecd871ead32d0b8a1b9fe95e7cf87ae7af4a4ad192,True,0.42471726450629443
S1,522,L12,16798505748648932876,b6d28c7e8ac2a90accf265082e7be0d42f279c2f2605a601b0f8c9b585d02464,True,0.38879493703889645
S1,522,L21,6485508201294427969,abd1a54a304c14a63a4b57b9ed0b2d5a4ffa1f1dbfd9321a8ae6e1705fbfc429,True,0.46863147923467674
S1,522,L13,15596752142465276017,458e4652f021e5042ce45770b709e50da49c604b356549dc8caa3e8c3a0ea8f3,True,0.4095189331479983
S1,522,L31,6051873622417161250,3282b324dc456ad1a67d0e7661fa5e092f1e521737fce4d6bb7b259be58663c0,True,0.44468493279807153
S1,522,L23,2918372124903125702,1e57d0ee0f235bdd0aba78e409aaf9ef50941fa3192f8d6fb00cbfba35699dcc,True,0.480331876138443
S1,522,L32,5746876330096754830,c32d58b4d3d304078c616412beb81cd666af4b0899c2c49fd87606f6b1c183d4,True,0.42566660024101793
S1,523,L12,18362195788178919,ef2c012a00cf9c6523e4e4ac4b39aa0bc14fbb182369990ebd0d2e3a4bba37c9,True,0.3930469416496715
S1,523,L21,11025431461671666196,dfb170a8d697809437249981987679d327b950b612d9870ad67cd9b67534eefe,True,0.47239337388989644
S1,523,L13,12370094579891004425,6735986ad3da8b097f98fda44c7d140be074b77b193fba5fb632a1646eb0960d,True,0.4118575355514276
S1,523,L31,4681137383197995963,46da49f5cb06aa38bc2f6340a4506f351e4fb6e962c7cfd901793fd9bbbdc08b,True,0.4437738142354393
S1,523,L23,18350897051240697428,b2f696f6ac84f52e6067aadfc2d1df415c77b82d7509de8db8e8a9d703619959,True,0.48076873600705394
S1,523,L32,9650753905463459954,e548eef04ab44eaaad460bf58705e2e0f35fc142059c551fd8c20e19513d154f,True,0.4264382233115805
S1,524,L12,8631560723413992364,684766ea1212cb960e7a5485ec4290e9f4ef998563bf05b2a9542acd81b5b71a,True,0.3883507404781329
S1,524,L21,15858271625335117499,21c21e1d64cc019f17cdc5dc110d3e8babc616dc662c2486e9f552aeb0ad5481,True,0.4676535601521277
S1,524,L13,6385820031362809154,977f945ab12dea62010450ac0055e0aceef2cbc24ee7cf8f58d676ea143646ef,True,0.4036638036165223
S1,524,L31,4073902469206037493,55a7fc12981773953825539dc5b0680852c175fddc8992330814090adb940380,True,0.4371980695468395
S1,524,L23,8477833209922348142,baed4a3b53d21ead9f2a0ca0acc0d8f24d6d55d65402769a3f75bfbd26bfbbb7,True,0.47937209583332413
S1,524,L32,8986032006594322868,c50dd4a76ab203081d1eddfc883e824ff04b08fe95d4f5ea4981117904b7e653,True,0.4241398987536057
S1,525,L12,6876141003733769203,8d7fcd13c1e84a176c8f2788e1f9bd976cfe6377ea4cd174d7d992db3440de93,True,0.3906080970226873
S1,525,L21,10571231912348569110,2a0ad4890526d3cb9d154adc56fe11d6925751dfc052494947bdebe9cba2412d,True,0.4649706600163278
S1,525,L13,9260764693004013566,4e321655db4563b5e2546b9fde7f383ce51c143c83bf7266086ece62831ba38f,True,0.4087953084782077
S1,525,L31,16326175861479358382,64657047dadd9ea915902bf5e41a78c4593e1e6311f31cc80a0b87c7aff0d63c,True,0.44128393811885314
S1,525,L23,13584004692601706420,a3c28d2b9d15f6349b57c2674ef80e33348193c535712ed6b4ac58e881c0749b,True,0.4809858814825038
S1,525,L32,16751255174088428249,6e590b164ffbb68bf55a7ae0e7bc9cd5b8e3b56d753aad1349b811b4db900f0f,True,0.42452423226709024
S1,526,L12,6153277900126716443,5fc80ce397fd4588ebd842649739d4b54e268d4b0ae586b8fc639fecfdb41393,True,0.3922278848720664
S1,526,L21,941174125357030172,5518e03f485efd0b21ce6569ef3713a63a0efb7a5703a9b8db00d99b82d42ce0,True,0.4756909193536118
S1,526,L13,12269666614160903840,67958a7a5465d1752eb478ea1b044c112a9dbd5df1e7113af65ef7f4e8fbc5f8,True,0.415890635091945
S1,526,L31,9310433787368336427,dfaba7a517bff196e1609750ede24c6f4c38f9979920151e7c2caf8946c11f74,True,0.44218878826626656
S1,526,L23,7304188488824867927,6185017aee9b1801e2d6fa9fa8be242300a24258ab36d0a088dc9950113f7015,True,0.47997780383323485
S1,526,L32,3588689064983250482,5e2800ebae7555ad82769836acc96621ea514b8bc12951f240a19402980e6af9,True,0.4239580732651238
S1,527,L12,7459076165954868650,c3df7344d146a0bd4fbb264c1c2d69c13853efde0d531a0655bbdca12fed1e7c,True,0.39191922485169395
S1,527,L21,10194039713170453199,05a2705d58a7825fa64a2229f49b0489c0d5cec11b1e5018b22d1f91035bf719,True,0.4702870461864644
S1,527,L13,15735262188467055460,37785a333106133cf5b5ecb35a93ce5302c7aa7df851d1dfa98847ada8612328,True,0.4117894263962614
S1,527,L31,16706798515915547212,20eb54f405ee786f1b7039c99403e1b275be8e4537442c9f6eda2ac33efc13c3,True,0.44289536014770636
S1,527,L23,17092445392054860287,36cdc39db7cf7cc1c024337ea60b7408d543d3ddf2a71570c16795e30c26c834,True,0.4808951094045978
S1,527,L32,14476109796982670193,bdec3a765e79c3a2293d94cadc3a2147d3c693709da19a833a59f893264daa70,True,0.424697342077954
S1,528,L12,13639687236408266336,c1535c507d492795090f27beffe748302a752d0c7bef4320f21b23d2549da806,True,0.3923697861449496
S1,528,L21,17887333771925551445,c1524abf78846a0ae64b8f4325c1d9b4b0024dfc7d736983b1de5b4505ffa163,True,0.47304109712321274
S1,528,L13,9066522210367717536,145db61e23eb88b23396db2d9a4cde9f13e6021803daceadd1e9ee30d1a08706,True,0.4091598489991293
S1,528,L31,5427580037056441209,b5bce4df541803226b166fa01add514f2df4e876b4ec5f942c3410d32938286e,True,0.44018052739742974
S1,528,L23,12850678378044171738,05d40d936f38f6f735660bef3189630fdecbf4180ae4e762302174efc1fa8c12,True,0.47705288489635467
S1,528,L32,14174720250260901460,3a4b0a4e4e41314aa597766e253ab7a8365e4851939dbc523ea96e923321e7dd,True,0.4259158463519225
S1,529,L12,17443605101983929098,5c7a8b1c0056a659502d968fb0a38b90b380be542d3a75946c34cfd199efbc11,True,0.391512924142296
S1,529,L21,1453881650038597617,fac76dcbd6e0d07a6dc0cb4299be7d435ff59476738bde1c6e9a25708a6b4837,True,0.47106716536353516
S1,529,L13,10946016787067655370,b67b9dd83aa501cfc5db893a2881ff04d2f9d825c522f52242c01e588a5010e3,True,0.4040908766681883
S1,529,L31,12971896029360861567,e7a4e6244eebfdb09503df4dabb24e4f90f0dc89d18b61fc91250077d7aac782,True,0.4432084093923839
S1,529,L23,16576811475522474718,f5eb7b4a777ad40b1e90c933cafc427de12ccb9e5b9e0cd302cfb21203dda064,True,0.4691441030250497
S1,529,L32,13547607472489616943,afc9e2a0e3deba872b5318288f40a06f1b0b3861c79869a71596e695c3e6e1b6,True,0.4261435780023536
S1,530,L12,14558586083874994899,15bd2867fa2fc93816125db21e84635c21d54b33c3aa14a949d953578f404737,True,0.3902420685514744
S1,530,L21,6366392853008231763,a74825ca6e45149c243c15558fa720bf91896c8bbe8fa28a56b5e66dc8804710,True,0.47215652024971333
S1,530,L13,972206318033140445,fe33bde86c8ea87fc325f843213b152313bdf48f3b04e04a0a59d85b3ca0d4ff,True,0.40722274007665926
S1,530,L31,16248359851371474216,dc06f2c814684bace3013a094e24500d5d17a182415783dfd35eb88877875617,True,0.4412668734410641
S1,530,L23,4950610666547375551,7b03fc09ba3d6e1bf25c83e637a9f82d79b57d0686f1d950d440d1285e25a82f,True,0.47862352483189347
S1,530,L32,6498096597864152856,049236c51088a849a4da4721ae833c2ac0ad8f4bd4f69c8b319969bd47712c9d,True,0.4239152823001522
S1,531,L12,13435061914078923836,4c5f60f06b0529603106afe6363bb3a636113d4885b67c40d534dd9607db7c0d,True,0.39535018437013697
S1,531,L21,15845615327509211993,3fd4d8f5ca45488cea1b86aa626a4d72453ee9de45a7d9f4952aa6d13b2e3962,True,0.4726463665383307
S1,531,L13,7630903533737989185,61839986c3d617be2b8ef146b760ce468812c74dc6ef27720723f5a650daa223,True,0.41069898150644696
S1,531,L31,7142950830193014579,c23639fc2991dc2602f692ae0ac9261272d6f9aa646ed02e42f54952077de17c,True,0.44034291878474285
S1,531,L23,3242832533419160916,17cdb3c0fc9857b2835e003556f5f75af5ad6ff58d207d3b1cbad8f7cb7a5d00,True,0.48069586772591455
S1,531,L32,10147188937535469138,5678afbe3a69b344a7d0f77dde33361dae2b8c2468ddcf4e147d32141c67f012,True,0.4255787634463024
S1,532,L12,10074491487371296764,a5408fbb23cd0aafc38ce07795f91015de673e41df52ffad02be3c8c7cf4f82b,True,0.39191971943246356
S1,532,L21,949971305081862177,5032452eb7ccca146c2d4a8cf9f56f8b72990c6e9d2cdc81008c5cd01db49dce,True,0.47559844375112087
S1,532,L13,1049967968102531031,a23fc1e8c266d412d5ade8bd58be836ab6da6c6321b29d2e795a5be36f373da0,True,0.4105778407077368
S1,532,L31,11466720939177434301,a7a23b2879b3bd432d4957ce525d70c4cdecf12e0faf182557ace32161b39009,True,0.43908759112614393
S1,532,L23,17750458425017244534,5c0dfd83254213353fde826cc682611f9badc6887cdcf4dba27c2231e2e9f107,True,0.4792753180310922
S1,532,L32,12128569497414890250,3f0d25a04daf230e9733c0eaeddb4a84f02fef921c9639eb5561f50d1331f6f5,True,0.42453590480048947
S1,533,L12,17330684392919120407,6e850ee785ffe28a30eb4088b69946207b711dc53bbf11a4c0f2fc8641ec16f7,True,0.39686004605375064
S1,533,L21,17850993612332144279,99f94f706cea3d4d74e881a431f3f7c2b583a1e4eef564116bb68eadc9396e5b,True,0.470008284875112
S1,533,L13,14540195233091311135,dca54f8791821f43640379b749cc79c5526cf8abff699353e5fadd1c6f987a03,True,0.40315198202289915
S1,533,L31,17237022494732903591,fb4f5e0a414901b3c3c212c1d42650e63ee69fa708c20bb441d3c39f80edaaa0,True,0.43739717501541064
S1,533,L23,18146130799203785203,87fbfa17adccf28bd589912364ec73647c1ea30e54346aaef0119f2949b31195,True,0.4760110618286721
S1,533,L32,1886150433699785944,106b336b2987f9d0df0abe1bc1c523ad202bebf77e95d7988a28b9de57353f6b,True,0.42901890639744206
S1,534,L12,898920412038439116,61e72e42766edf3161d62724f7cae50d8d034f5547dfc7e082b275076136dbc3,True,0.39215562452269104
S1,534,L21,2509325967616196266,b4124bef99a0d5fa381dbb1d78f15d6416a70b5090edf273a7dc7c088e5ff2e8,True,0.4697977222954974
S1,534,L13,11400045430309464867,6bad4159bda552751bda88274bf608b2004ca83d9450abac27987f33bdb11aec,True,0.4109087342782073
S1,534,L31,12725517844222451903,2636cd338e351869d13ebb9a38a2413ec18ad1ae66e608a8ff38ffa0aded4905,True,0.43864214920249156
S1,534,L23,3388198583985856266,cdbc4bd87e802a72df10ae15a052cfadcdf72ccd72af1b4f36b804a699843ef5,True,0.4742211539063625
S1,534,L32,15084597217524521880,cac38f6a0311a0e1471f95b44eebbd40314e63e747ab509dfa17ad2b32aa2f1a,True,0.42227106306944584
S1,535,L12,10177598645444449958,3e127341a36bd26fc433cf45dee618857fc15fbff26b4936ca66c6c072e743c0,True,0.3880381863330385
S1,535,L21,1577165135511154392,99f7ad2386f53293000a61649a06aa5970ccb5e28c53da43124e07c80480f935,True,0.47185331690834686
S1,535,L13,9530802207387799937,6ef95fbe4a8aa1890365d7ef8db69d68c1353792bc13e8fda1e0823fc9c88be6,True,0.4087769019371538
S1,535,L31,10765910534719303686,c4e4e7e9a95c618e5dc1056932637e7749b9965e16d90eb170c603071a2b2cbb,True,0.4330585339396257
S1,535,L23,15211825795979046788,82c79f47060329ea30f3d17d41f7196671ce3d203bdaeabfa3108ff1e6524178,True,0.4805554586583679
S1,535,L32,8185464880654028412,35fd3a98d9c9d2e826870f7b0ef956a15722cd44f257caf4cb89c3c8586b2c29,True,0.424343078212027
S1,536,L12,11063180650262478186,ea5d63bd4e25e64bc68b48a1592823a3276fe73e0336ce5b50ef2add3ec8aaf2,True,0.3933698131347069
S1,536,L21,669644595774458305,683e2f3b9c28bee82361f692edb7ab46e738434911a09b1dd49ae3b6907e8a71,True,0.4725619038850841
S1,536,L13,7071234789542384083,bc6397ca1c9e0dbe097dd7c3675ab57d1e5c52582b1434b4c683644f6ae88b02,True,0.408627195076456
S1,536,L31,9452092096903017125,c012dc2dc9fd5a5c58435bf65ea8477beb055259fe44c1e31d209d722942d74b,True,0.4338712356530304
S1,536,L23,12224455600201692890,8608879dfc294a7990c0811b85c9c2867b9318199a6cf3a366e89357ab4302e2,True,0.48297026054364445
S1,536,L32,15320921515247722175,9754cf7093317a859bf3aa000ae2bf79510dbf1fe205e72f01e0b82cb4fe6849,True,0.4257823131545302
S1,537,L12,9062952916259304939,342d78a37d9978afb337480069b0b86cc8b5ba3f501060d60b0212f6bcb4f859,True,0.3923169868411588
S1,537,L21,16115459802160578084,92f8526205f84851810966d554a357ee56822ace631c056db2564c20b9c7493f,True,0.46756241739704985
S1,537,L13,4616665263059146405,072a2119b9cdd6d2eb4cd725485eb8c5c3c2c94b357757a9f20bd6e22ab5ffdf,True,0.4059720285533573
S1,537,L31,14855374545292111210,1cfcc60ab0180f872f8978ac826759a1cbfc978c9698166d2d9e641d9d5d07a0,True,0.44492088773135297
S1,537,L23,8871563302398194450,7711844d386b28359fce5187c27a293bba44c8142451e561aa012611f805aeeb,True,0.4847042513509301
S1,537,L32,3787245412721948842,09abde52ad7db0290a1253fbf2809eebca270285b282c8aad1120fd98267ea6f,True,0.4239759340373176
S1,538,L12,17049952741623631988,e196f888c4d46c2214c08213ec68df743da5aa2e4b8330d837e5e1841008d26e,True,0.3921739291546984
S1,538,L21,5350520239865473134,dc5cdca366a3fb3bc067c96cf127e4c99f476a778bd6f79158fce1dc43a70bd8,True,0.4783599585328002
S1,538,L13,16595258222226077215,ae392ad1d111aa14a5bf0146af59587226ff4572abd3b8a33baceb7bcf9725cb,True,0.4103528736376515
S1,538,L31,15638303748865728838,9dc314718b4280cfeefc811c937c80de055e06a718c7c20c2bf888b73b63fbde,True,0.4379782936825017
S1,538,L23,10458691828994786876,2e98b71d1d6f554dce9e0157ed378d6aafb581e26349a0393868e0f04fb7b7dc,True,0.4755662569111852
S1,538,L32,8638837758326637072,10e60c724db8287c07060be7a40bf81d91a4a3f7cc6bb06752ece7d7b91a3911,True,0.42806447358274946
S1,539,L12,18382675867490590222,573b8cdf98ebe0a2947ba46d023bd4642a15fbbba0efc435869bf264f2751a58,True,0.39535183099217913
S1,539,L21,6795638619794080996,a45b4ba17ea3ef9af54a36d6fe5e1acf8dfcebf27383ac73b0e3d3870304dc8a,True,0.46984381745639675
S1,539,L13,13250915314651305661,d74524cafc1f9364319e1ab5a215906f2d127ac8e1c932c031832f1e91e90a7f,True,0.4169070002305465
S1,539,L31,17348168831499559444,04d5265ebc682231c03857137b21b2c0f1359c99a920e2c85c35b220b6e439fd,True,0.4420401093349883
S1,539,L23,13867401592628084698,5f7235cbc0d28f42f44d89364b2df6cf3e8facae22673b86782cb1298b6996e6,True,0.47849694171912854
S1,539,L32,788925164564215511,c7df4c5d1aa1641a0775b6f3349877779caf302b657aaf34f61fd9c527de3eb0,True,0.4221562686226568
S1,540,L12,4585457653923797832,957dd2538b261001aaea256b5707d13ac407b3b7ed1bd4455d889f57632aa41c,True,0.39359055927485315
S1,540,L21,5367366667512857198,8366aad14f7d8cb11f768eb78cbfb26e52c2b9a9ce18cdac0c8fcac61019b636,True,0.4713683724546487
S1,540,L13,8706505248718504542,0a4e90bbad93d52951dff722df02abdefeedf8886816332e7bb03f9dbeccb822,True,0.4110153531376809
S1,540,L31,776418372090978005,200bad491023064945df46b85b36438e441d1af9f24e57051f1ff5f9679a7050,True,0.44164364922660715
S1,540,L23,14132801349269012057,da033a96cfe3800c19841499343c4af4a8ec8ebf7034fa77ce1db0d2084fc6b8,True,0.47609188523656676
S1,540,L32,3026903866844371596,c2bff541952f17081f556424b2f1e675b108b64db99a2f6253a72a8f7cfc7218,True,0.42121205354211405
S1,541,L12,17953429881223197834,8aeac779b6e9ac32b91f176e52152b3c8bd74b3051bc732bc3e0590504d807c6,True,0.3891574457497376
S1,541,L21,6656761604466628561,9736f84166d603897b8b54bd6dbfe07350f56714f5c5637dfd892f6015f7b7fc,True,0.4661654301919909
S1,541,L13,10312138951280893418,5b44759753776bb27d9393b7e8d94379094b199b2c3541b5e4027bafa30f37e9,True,0.4053412525624196
S1,541,L31,15417349220426721950,2cb9db582d7e7eda20e85badfa61e9837915b9d9d7aacd70ef61b8ee7761cfdf,True,0.43842184943874407
S1,541,L23,15064148801045618595,5a502ff8e1b5931dde0799d49a193f180255a390141e0997a44ff24aa941ee41,True,0.485862937666255
S1,541,L32,6323503387306177205,a90b47b0de7db923ba06a32ace1de6a29d70b325a0f3e30eef40a1c4ede281e9,True,0.4245919704839636
S1,542,L12,2254037653724074017,41e2d3a550f42ecf11c9503462fe98cbf8345352f0bb85c6a994be8318e97b1d,True,0.39378604127519246
S1,542,L21,2859134533650368307,38ec1dc06ace627533a82adf893616c016cd08de75233045046427a280189a35,True,0.46887456273479683
S1,542,L13,2595886966721298485,66f83f8cc64f349ebcd3a9a0dc40a58da8b30d2d0613dc7e5c9ef206a84cf1ca,True,0.4135776330751886
S1,542,L31,11459275142256068112,333f027b9afd66a06a05706fc68ccdab9c26645e052aa1db777cdd6fab9b9ac5,True,0.4395441618252498
S1,542,L23,12459147655138235940,a51723c4afd72b9428c7212d50b6c3e2d26d4ba6c25d02c14ac2260917fbc702,True,0.47709058282755745
S1,542,L32,14527775801261344266,a0308f7e87b9a6425030428fcd6a4626d43ade4554c13b417a06432e3ecb1ca6,True,0.4270644745278338
S1,543,L12,8318222632787498665,ae08d9c493ea0bfbf8be47ba236a50c38eac5e616bc3c8345e657f6cbf7a2e71,True,0.3915460035372088
S1,543,L21,1643541172626153084,4d8b02a69c78aa17bdc854d5d92a2cf7785291a17a4584433295c786550df7aa,True,0.47309044692408886
S1,543,L13,15960400453290950915,df3117445d11ef4898c8711ad1e5ebc630226adcf35fdeed850d5a7aa83bd3da,True,0.4083851809468181
S1,543,L31,18252210061198603053,50ee67a83bf4c20676b48231fc879e761dc7846e92273a37a4913f39df8f5d28,True,0.4424435790058931
S1,543,L23,2575127626675587276,a4bb766b977555952623e86797791708f3a4e75b6a79fb1b7103ea5b8dc7bbad,True,0.48041226283311855
S1,543,L32,16939466390250459580,0653b25b6f6bb792b48e9daf5ee96235d03e8f981e7c861b4adcfecbcbc66039,True,0.42572312611295043
S1,544,L12,17853365919554005543,1dfe1d102271c16e5a1ff26d88fe00945de74de858e4e368152578c6930183ba,True,0.3898137975062307
S1,544,L21,1640273415976953397,b5023453f8666c802884d339999754f46809e39727ac51fc0149f4b621cbe1ba,True,0.4700748030350536
S1,544,L13,1172256185112139196,e2713a36ed58f270f7e0b6a54cf636e5f5495db359944cb7512919f3fe47cc44,True,0.4081115040632825
S1,544,L31,4813431805788738647,0954a7ed81de4e84926ff1d4c63b6f6c78bea6e34dbb23f3de270e44d15e1a8d,True,0.44249707360154567
S1,544,L23,8373371515532390667,eef7d36ad49eab5a9028dfb752f1ad8ef36a3a59b20063f5f546b5f0f18493d0,True,0.48030781528402566
S1,544,L32,15415052315005934428,72a89c7d0f8838e32ae175d6a7d305c365c6ed55d3ba294069188db07f61e2c0,True,0.42249203926198703
S1,545,L12,6580556137715801020,247277181abf1bd1d57e12e9c505a0e776d638f0335c70d49cd7f04102963d4d,True,0.3901970637351941
S1,545,L21,17642358958519832714,6d58e9920290081087e6c6dbcd19db44c9a55fe47873f3ce08b6d4d9c1513cb2,True,0.4678336239308861
S1,545,L13,15559336697859060938,308cd42d8c2eb40dd46213e9ab4679ee55940ae26a9c131694e550fc8972a001,True,0.4125367456007871
S1,545,L31,4535410839456964094,3a3279d90d1e357ea1eac9a9e4226cf296cc4d38bf2e474832e232e418314a1f,True,0.44266060930926393
S1,545,L23,534818171327629217,2558ac60972f1bbecf8555a9ce273314365904d9da1f0791c75e1a8ef0c43a42,True,0.4728021284477967
S1,545,L32,4328821993637025136,2f5b4971e2f3388601b7042274a0d96e464dae09d9793bb88c3c249a9126977c,True,0.4272235635028972
S1,546,L12,12272388838413452833,e1d154e99fdc68557696829eb3e4b2a9bfcd941d6f7c76bbfd384c85cad77674,True,0.39259646091130923
S1,546,L21,7693435822674914531,d9fb8ca8b494be503115574320e3ca0ae117605a323a01776cc4370feede136b,True,0.46996757322405813
S1,546,L13,3265135024068105766,b15e38f92f80544508d10538690c4fdffce6e103e53bc189bac05b6b313bb08e,True,0.41538628210437367
S1,546,L31,8835104990166022137,b7e180612e32a91c3f9e34508749f743b2ee00bc087c78700717fc993c620b47,True,0.44492582615178455
S1,546,L23,4802332148360041098,b68c4413121e004582bd469a04fa175b8bc2065fd71823e39c288b860f3a08f2,True,0.4782344376783541
S1,546,L32,844384042910090262,f3541043b8fec89e7d4e6469971fcbbbfc7f6e54324712e6804a3f8192a539c4,True,0.42341938371131776
S1,547,L12,10583336119584232396,a47bb00fb6f2cf3eec1089995590f1d01a8ef14708298f5179ec404eab717074,True,0.3914864146702386
S1,547,L21,15715882446747153504,ceef654c95cab3dfd4df9ec7f5a4e82fcac4d48b96248a8dcc509d026205b569,True,0.4752808010388979
S1,547,L13,10308752021130657052,16dd1669a3b810af207019e36d5e770a38bc143699ccd8d853aeae99d22781f1,True,0.4038110820081252
S1,547,L31,17253168993278511499,c1201afe46b22ffab03fb289dc84830f6891449e667405603437b739fadc7452,True,0.44648321569484006
S1,547,L23,16505019729945593889,c86a2a7951c0b8f38eeba321cd0d48fe3186104672b46153298ff3d772dbb0c0,True,0.48141442852390315
S1,547,L32,13705544322733514377,9cad7288f11cfee02fd5778f08155375e47ba25aec44cd403a421b291906a833,True,0.4258337079233879
S1,548,L12,16794537161326055901,806d11e02f9eb3f0788a673925a7577662c39a419124bf9aaf63cddd14d40bea,True,0.3939426914030434
S1,548,L21,12396900953831772998,a3749d39f2f260dbd1fdce3d3645009898cd9595c71d7968da4a3b3787d95cce,True,0.4743204763353686
S1,548,L13,3828518345127321838,e43816e56c82c239bf6a990172f590e6fcde9f25955368e62624b298dfd7c445,True,0.40501678950119346
S1,548,L31,11208715845870346751,30b153493aae5b5e6b89aeec90d6dd2268c2816abcfea7d49c3c574508e6cfd1,True,0.4414892978716545
S1,548,L23,1112001395987925351,fd9bf8ba30d415c92959862cd702984883a0ea9b9fca35bf92102d329b5c37b3,True,0.4810964495591104
S1,548,L32,10888987294551631311,5eec9199d29db241b0790a0170f0268b91a8718cb340173fed4408fd213667c4,True,0.4236815845677124
S1,549,L12,17678255194541626219,a3e970839e2fe4638e973e957fe66f5c2eb2d932294adea6d7dc4078f65900a1,True,0.39025288515808565
S1,549,L21,9780412177709661803,43a40de25d55081d0af19d540e70aa1a1ed2b160548b647fc5cd63195a4a9a12,True,0.47977141710976284
S1,549,L13,3068917632635509623,c00f45e6183c9472fe9c163c9b03e1d4df777921e3054644812cfd4d4eff3a77,True,0.408651725659122
S1,549,L31,17466821143419490788,cfdb578f1b99bed25ac6c0d10778fb53a15b28e4d9f63da3ffd2a61a13359e83,True,0.452576543054036
S1,549,L23,15657721618589842795,c8a0046438a581f9e5710d3e3dec4a6d453e4ed447eef16271319b7f40886a34,True,0.4784689130038643
S1,549,L32,10099077372097516610,4fa13b8fa49a7a0de40c5e0bcbc3e83f78e6dfcb543d036f2ac023f65d9012dc,True,0.4202847338464001
S1,550,L12,4338414164036456299,7b816ae626900cdda6a400320c3556d01b743b4209c93ebf75ea105c709d8c65,True,0.39456286509289085
S1,550,L21,6087836418223166006,e9bcefa18dcdf87fb8e5972dcdc5118e1873b40a68b20ae97563fcdb87c7d67a,True,0.46935655308542945
S1,550,L13,2792114911705891888,2ad3861222409f453199162e11014faf11a8c4cfc0746026a0ecb9d70cc1d98a,True,0.41062392031503103
S1,550,L31,15103162521733874256,bff4d84097a25bdc555295d0c457766cbd5cbd268be6f324e78e4ce44779a099,True,0.44090297350077656
S1,550,L23,5839795712574860341,9421abb7d2685ab0641c3f2b132fdbf8cb24e26b2de901705ee1b1f653f6ac3a,True,0.47030351962343503
S1,550,L32,440378428957982340,869ba8a490b371340c76725220edabfc56ac3e1e1539227258e21e8a10bc3e05,True,0.424528798162666
S1,551,L12,8746044370209614770,294bad99f2061ec9717eb55a0cf8bda1183ad9f93d73f050609acdfecb397311,True,0.3885625803547795
S1,551,L21,379219742000042225,d0a2c577456e35eed788572dbb5f2846eb9c79989c0d889218538adaa1b2891c,True,0.4718621456631068
S1,551,L13,16308208650474880417,f7546350401f546a52bdeedd383c98af3d87218cecd9e02603c60a94864be679,True,0.4159615099874102
S1,551,L31,158724294488263907,fd6eefabe7f5aa88436daf21ba3c7fc88284a67a3f45f7a7a87618fb7b97b599,True,0.4427655658617087
S1,551,L23,11623190876752019548,f68a57a2db4d31eaa86fd9976042752190ec09dd0c2807a1a547c2b4578388f0,True,0.47629578341311246
S1,551,L32,6717808031323536543,e4099d887cc60429077bc0b07cc6418600b9bc75f0949412036c01a2881d40f0,True,0.42280545678242126
S1,552,L12,5602729867784423111,402d114b3a9b5e7228eee0715b2208fd0053118c9d5970a12f8da924e1af54d7,True,0.3930066803770788
S1,552,L21,12777456520382222342,ff6cdae0bd8b7a66d726cbf9ab6ff24eacb375d399dfeb5ee4b0ba098787ed85,True,0.47188064048693534
S1,552,L13,16613013208039514300,fb049a20e4664c2829693062b713fd81d2983cb32fb566def071f8a5b64ab621,True,0.4072857180208459
S1,552,L31,13133880045581223794,8fb045c1a2ed52f648d822efab11fc7f639d80ad1079dbfc6d8cb3692a4da55f,True,0.4415308673745153
S1,552,L23,2463832219144732162,df3ce6c18ab0b51db4e22280c9ec8749c2b8d932402b802df00c496772a878e8,True,0.4769282434066266
S1,552,L32,16666196284546529982,11e07969b8b067f259abcbc328aef6b0bdf3c5fea649f3d336b5f15c8aff5d9e,True,0.42766722386436723
S1,553,L12,9501277447778461230,e586651f4b833f9a66cf9e10eeb50dc3d5788b0483c50d2cef1f8ef7fd944eca,True,0.39161486733289214
S1,553,L21,8361856761736510941,d3ed669ea5b0e15a071f6bf6572f7ca6d2b797b788b5e6a71d276232533f8355,True,0.468217145848764
S1,553,L13,3905036131172139300,6f8d367cf7d509b3b46b5f7fe2cdfb82b3dacd813d8918b14bfd52d9f78be1cc,True,0.4089509573966898
S1,553,L31,14142800483469716998,bd0aff3c11253bf4dca474028204a226c6c4379df3845b6c61b671c4b572947c,True,0.4503418469818157
S1,553,L23,15877623075722209750,5ff85ad44c47a58c28ab304d1996f5919bfd642c192e39a53e7522b3434464e9,True,0.4777485875796207
S1,553,L32,6843225627130482012,bbdf357dc2d582887e90efde031a17c778f7e873472b303ebeb006f4af95ba1d,True,0.42462428467076896
S1,554,L12,2992130281758074579,27af893100f418889bd058484d63cdcf5d09e0b75bdfe77b4a5c3494d50eb7dd,True,0.3915993759437012
S1,554,L21,2590345405083478408,c934d7996b873fce5bd4209b82b58e1d0f98dd24d8545613a1993db915fe0a7e,True,0.4659766096585243
S1,554,L13,4604835603492407175,97bdbc8f79a6ddefc1c96d89272be7ce183c13efee122a74f2f0b7fceaf2bb1e,True,0.4141343926910589
S1,554,L31,312261156389196705,740160f881a6dd8ccb6d9716b2082ab79843ff90773d4010e4626344ecce9849,True,0.4457992588377188
S1,554,L23,12724386409378067321,db70f89c255fcb0222f2e710002ab95c8490426d45b1a1cb095df8a967c95d90,True,0.4751308750241216
S1,554,L32,3749224986363322766,00090d4124414e2657f3b695e5a0ff8ab49418d2440a317eed5dbe9054a3d545,True,0.42100134567755676
S1,555,L12,3202225925758695007,f2a9e34ed1903a9f634101073e11cc3b1dc8c3aed2a72fd18722cc3e615296a3,True,0.38924590500960077
S1,555,L21,4654589781774059161,0444c20a7978eab63e96434aaa3516b0219fe1f9c4f766012e8daebe8dba71dc,True,0.46921620367588757
S1,555,L13,4740052218349802462,a641605a9799766774641e7c91e234978bb77477a3b82f8dd295f83c99ebc4db,True,0.40418116889209654
S1,555,L31,13197286535063978552,ccd842a7b710026f53ce298b9c465ae87df497b98fb34850c7b9dfd38cdeb2f8,True,0.44468493279807153
S1,555,L23,16715463895621273540,d8a117ad08c2f7543051299f98b34662d12289ceec9871f735e47ac06d31bca0,True,0.47481186711671786
S1,555,L32,13083932765405219950,2a8957d1a74371deeb64946fcb02c206cdf5b9b9dbbc867ae738b8e5acab4a1c,True,0.42596049153668375
S1,556,L12,13417671330058498381,8050ed961204f4e9814b0a11b0b18e0c91d90e79af679ee791631258675e0370,True,0.3919697047522436
S1,556,L21,5312168327889640697,50464bb5becef0578e964f034de59aa69cb9c0ffc37bb40eda4cc34c2015256a,True,0.4693128357963077
S1,556,L13,10417064166469846475,737ebdcaa86a77bf2dc42d4eb767def03b529ce300572724e12d61cc49fbffc0,True,0.4173725091482864
S1,556,L31,16617699310851624067,3d3cd782283d5dd2c6f16240bdc1a34ead041bfcefdf002e56e6e8e408ae0add,True,0.44349151773903744
S1,556,L23,738867547116420890,2ac8e8b18d6a5f7e80d28afabf2f71046126c27e27fe6d9a346e7afe124244d5,True,0.4714626478578457
S1,556,L32,11938213218181453031,f199fa96e3a2a0f2e05d803da9e7aabd6cd605673aa2a6b324aa0900bdf761c8,True,0.4252446971642937
S1,557,L12,16355435365440287549,f4093f09169d207c7972ff339bfae67b8faf9a92912930de2c23805390c967f8,True,0.3901104909041998
S1,557,L21,8139684681301660368,9f5c16196ae360c7116b4069228d3d7f1107e85a16b4c9073c2763ad500710cd,True,0.47229988731247274
S1,557,L13,14399533022722025935,35a093adee12387a88822786b60cd205f37551ae179d9d5ee50c5a0ec51d1d17,True,0.4052040742815636
S1,557,L31,1686116462741273190,38b8a24b751e9066e0071db84f1dedf4b6a9cfac07bbae3998a91556045ab4f4,True,0.43847905637173035
S1,557,L23,6503332861570904049,73832ebed0235c01f65d18b1a1c81e556a17f4cc38a9ef82b7df4424e91aa9f1,True,0.4783182054899911
S1,557,L32,7369141337022732597,c3c82819573b0586fbb17f7522a21a6e6f1e033615d492fd0a09e64fea1aaf2b,True,0.42647733209351224
S1,558,L12,3722247308983777163,c7bd2136c159516fb1c21b9dc6b40d8070095ad1002989ba5f6bb5d7a9cd134c,True,0.39660175638462625
S1,558,L21,17166859474696092624,c1a0a8ce2f6602bb73b71dc7af2fe719ca4d80da3fe29bd6dec0338c51ec3ca3,True,0.4710403969745275
S1,558,L13,10993621433925449368,adc2151564eefe1b6eca7ba5d2a0ce48272a8425ca5278904dbafba992976058,True,0.4055006862825828
S1,558,L31,5031499132745772563,1eca66f912326507ac19012ff7fae580e3658dd2dd11c1ccc0e02b0ecbbf7707,True,0.4362688128979074
S1,558,L23,7464507331338793207,9d71a3031684e41a8fac96d8a298fb58a6fb37ee75c918a2607ab76cb357fcd2,True,0.48543821687817157
S1,558,L32,10740526890571814783,77e8351b81984ad1600cb6ce34ffd49d7a71992e4f0eb7fd8d761409e2cc216e,True,0.4203335175438906
S1,559,L12,3967708537892173596,01e5fb9a9bd90f7dfaab3ffe6453a75ced9689bd1ebc93c47d11603a2a179e73,True,0.3942438753677736
S1,559,L21,6462690491831231390,eed6abdef40458f71d1e8ff1cac7f4a520518d87a71861e539dafeee9a78d827,True,0.46803564728466385
S1,559,L13,4474161318718989605,bf8cd0387f05bb1956f8ffea4a28e6f6480f5438cc1617ba8f3152a4703ec58d,True,0.4079278790998958
S1,559,L31,13120224493841730835,7257f6a8bc2617d8d322b74f4de4825bb410487e473fa5b264462c70e68ab716,True,0.4381919643313006
S1,559,L23,1885364453435977490,6bb3e13d8dd81f9cb0974b162de4f74a97b565bb57f06daef580168c3d15f268,True,0.47783545869700506
S1,559,L32,605073831338079986,aea63928c1c385b22395518c5838aed0f27bd1da98f0aca4d6a99c83682304f1,True,0.4263013068125284
S1,560,L12,11534493849589829106,08130eb1bea3744bcb4c43b49465b7e6b7a0cbffb940470018c7afcc73595d92,True,0.39190186281922346
S1,560,L21,1341332787087304173,bd131fd87a413a5ef3ee040c76ce200e546d32b2bff8da3866944f1aaf16bd04,True,0.4712675774155536
S1,560,L13,8635423171339784208,6a640a05e11a5c4c2b73cf6f7cfb65edbd250e8f9917e8ebe18a1686eb681324,True,0.40615109828907997
S1,560,L31,15865647084598886733,dd6f4a3f30e215a3f915db1b88b1635b9d46139214586a18edd145b868d21d1c,True,0.4421879383662519
S1,560,L23,1396812876803081658,a6497aaa464c53186ca385b052567dce8f837853a59a876009516acff7452430,True,0.4803190347995129
S1,560,L32,17026286671453377977,7235444bc892fc8b2c71396d183852dd8fbff3028764c3dbd3ce1e44bb4e9053,True,0.4275677632655297
S1,561,L12,7399517299411707300,ae9a038c7b3ccec57342465706f5343b06a4170929e1ed3ec9710892629c6310,True,0.3881278548504313
S1,561,L21,18399329504777119100,9c48ce29234a08f92b2a52c8038a7c66fd42e6f21690925fdc6c634a5ad203c0,True,0.4770572163704594
S1,561,L13,14311993318830341993,392b540a140e3c6327402e8d03c65463a1005219e2431ac4462ff631d5451db2,True,0.408402833560634
S1,561,L31,39929602893518291,52afad1f0b3517da0e061d4e4f59563db046d62e111852f46225c0deeb93ca9a,True,0.4431437514744873
S1,561,L23,7605564144903481940,cbcd6991f9c2a8896c34acb6ba748616d87d6b6aa8896403818e8c29be4099a4,True,0.483533210002933
S1,561,L32,14174645140342533527,fa3bfe935a92304d610bbb32b03dbdca518e03d13eca968f9ef9fb6bc61d5b4e,True,0.43270103392811304
S1,562,L12,10506090805733340992,523a5d9d87701706da26352cfcf585ee33ae1b51d4f42789f7c8163539774d43,True,0.39163673168930246
S1,562,L21,6844356638770566061,a1111fd4ab2da5ea2ad4dc9c9685e765755469790a4890bcb09946d37d891ea1,True,0.4737262724842214
S1,562,L13,7746525839313133472,23bb2a62e3e70bae4bc344d0223377e53ad6d58f5a6beda8cd2e9c1c28fa0d9d,True,0.412185581474713
S1,562,L31,16277842117420512486,c7e6b7cd5584d2f0fea4fc5faaf9dbaa211f51a19d38f895ee3f9b85c1f1c2d5,True,0.4384367415706122
S1,562,L23,6379874698843229828,73257fb3d0049012a24d118900e4cde2cdd68eed0341cd5eefcdc3c49d568c93,True,0.4738237079711062
S1,562,L32,9540876576831271414,7c969a99b6460bee7760f3f92776100ec5bb13f8942fa9ef268eb7f56456cf01,True,0.4258258336756985
S1,563,L12,16541770052163030894,eb579bf809b6527008e7b94a21fcade4bf6cf9470e385c8011dbfbe7542e8cb6,True,0.39083441687784115
S1,563,L21,8121457205543582919,fc5563546c49c7b5dbbbc7921d4245585c6013d0415e70a59b99bc9728738f0a,True,0.4755041808101809
S1,563,L13,12948502127259358797,c3e0e525a624438bd54ff65b0ba71d9df125a73ac2d2720e76f1abd762cde215,True,0.4097038047154426
S1,563,L31,16880442420292325682,9ca6db06f4a7187eca27010baa271a4b64c8a58ec12c7f35fe4be99d8ed8ea4f,True,0.4379414547383776
S1,563,L23,15197162613322693847,142aecea083b64a658a3609c69ca774c4dabd6baee069cbfd58a8f1f2274a253,True,0.478075023329029
S1,563,L32,12372386201153501293,950daa4330b1f291ab64f4baece75b982f500fd554cb3860ac914c8bae347b4e,True,0.4209700830290169
S1,564,L12,13477307793254228730,5ccfd9b356938ab8e02f98671674bda4b80fc7db080fb070bbab9c8269209dcf,True,0.3895856405022833
S1,564,L21,4601210399188472432,31d1013a05078fa5fdc19232dcaa6147b6ef977cba69b36d391895886c583c66,True,0.47177869256371063
S1,564,L13,6645941542194184599,3a4fb63a8f22b95c206ae9cc6c86f1f9a4feb49bd8bcb49bee93e58eb0c2f042,True,0.4067428109179086
S1,564,L31,4367241785770708491,16d170bee161f03affcbd5ec44b1738c0db60140e4b84455af040a45c176cce9,True,0.438920775724955
S1,564,L23,3702515982050636552,ccc9e404f8cfde5b77803bf7a0c668365c0d882203cb456e6595ec3066b6c455,True,0.4845739310043493
S1,564,L32,9714696687725704665,63d71bee2924075081b2467270d19cd746495117c998d39a7628c0945d3368cf,True,0.4243272553996223
S1,565,L12,16180326769593681576,936f00119c0a89742be7681ec5e25b93f3a20088429e8ed85c774af9c5fc30e8,True,0.3924454393485472
S1,565,L21,13903343241692316522,997210c73e2753e6673a2268ea85682673e432b8bd403e74654d066c5f6b9997,True,0.4743264381111314
S1,565,L13,16509541130248028909,643d7c0627b798ddf01ba5d580871244012186756452a3f657fbc4ebf8cb3ad3,True,0.414961449694206
S1,565,L31,13798246789244836174,8d49f319d71a69965865458d37215c732196f1f252411977f69afe2cbbf529e5,True,0.4412302607950692
S1,565,L23,10537860416052326182,56d2595c6101d5699171d86583cf451c90b287439dc6d9f1dc0e7c8e0c219c63,True,0.48141789350673997
S1,565,L32,14899979851675936632,044b9e1889adf9f1b862dd5098a6dace3d4c1ddf329d5295ea34a41ab42b9508,True,0.4254304006302878
S1,566,L12,9232604397857306616,f74baacbc899309e5e892b0792ae283839fb4103f0f316e43a980b39f52ac062,True,0.3927169735401752
S1,566,L21,9360490593427627375,1f3969cfaa54743ffd8d4f7db28f870fe5a35c3dec1c247d06e6186c17526775,True,0.47579591147198164
S1,566,L13,218759570372540476,3a25cc6b831afe6b8bf083eedd100acc823e37bd919f0bb795be009a47374348,True,0.4109009877064475
S1,566,L31,14805430789147097390,141393ca48c1674fcbe5019cd4c5c64a6c3a982fe6f04d2a7f973865b7c86e21,True,0.4423534251051261
S1,566,L23,11738413037412191283,c034b8d14f872a74773b0e4b9295b91e1776ddcfdc501672e99df417d424811c,True,0.4827762835012586
S1,566,L32,14933388271022054065,1324957900c46ec1496c8398d3becd40caa89386e045e28007ae5cb5c09384f1,True,0.42585203624600343
S1,567,L12,15439375939595724184,caaefd0fb7512392538d30d3533ec782420a19cc918e2181b89962e234b3b0e0,True,0.39187397430183846
S1,567,L21,18302129041671899749,04d6ff81b93a4eb6036592c67adedeac3479b4a4fcb46afabee599cf40a3afac,True,0.47144314225510264
S1,567,L13,13686790557591627057,cbda0682209671586c1f6666978f698c0bb7137463a1a1710680f7a37c6d1c91,True,0.41342457350040857
S1,567,L31,2890735776988383789,0ce6eff06ec4f035509371bf6d8276d28902affa4cd65de2e377194e452c7e30,True,0.4383915867807179
S1,567,L23,8918631802985213899,f2c1401610e777c136bda71585d8e130ccf79400657fedd3da57552704c2ad33,True,0.47426523286538425
S1,567,L32,9269274501957168950,1236e3f34a8a279afc25fe2b0b916e57ee9e1bacf04c28a7e4239a6caba7ccee,True,0.42666794788264284
S1,568,L12,11652359322482071614,bbb8e1be0138d5dd7edcb3aba876d4ec67c137bb870e4afaf8a078d1bc1825bd,True,0.39338805889439066
S1,568,L21,17914949052010976575,8c5e75a40d946216ef3af746e2dcd8c993e9d12f1f0fd232715916951e873177,True,0.47374167830102554
S1,568,L13,3731466558005095721,c45a447ec5532d4e5686d3c3787d4873093ad486bd5caebce8c4465391b94ad4,True,0.41026401831811093
S1,568,L31,7442169258343078600,be9d96ae45658fa7681f6a0a5945455ab8ff4b5100618f5cf5af0b30aba6cd5e,True,0.4498055469597782
S1,568,L23,10100544396892076574,801c9b6ab51ce0752cea667300348c16543de728572b58cae163fe78bf747901,True,0.47670206676363536
S1,568,L32,4138450780947168560,1055af79b15ea377ac8efc73609e27b31c1dc148799edec098130a838f311265,True,0.42245318138222837
S1,569,L12,624388318071837068,f3f1a20e17b383a53c5abc2b2f2da4554db89017fad33382e8281db3765baa54,True,0.3931836669860317
S1,569,L21,6751662249857027880,db86cb3c2f84ee67ddff5162364faac8f89daa1e93cc553893994ab924590c15,True,0.4692943322573584
S1,569,L13,3445291463487537959,581a7101e5535dc8237ec90b34bc2fcd085093acd953fea8ab4f68265bf8a4c6,True,0.41139021538856974
S1,569,L31,10974163246824375397,64bc081e1c55c475cd48cd427657b4ba3943b46cee849416ef30c6e7b4cc7384,True,0.443110483245886
S1,569,L23,11238171631700879663,81fadf5bfb36715cc2bb5ebb961924577f033481bf86f0091a7da9e0846cdbd9,True,0.47351250435770065
S1,569,L32,347072288761429455,d7b5e9915dcebdd8bfb166cf3f68580d7b6cea633c0470957346dfce6e2761fb,True,0.42399122916135534
S1,570,L12,2319738148386178160,31808bcd93172f90455e6f594fa34ac72a7c7a07273e3e0a21485885259e9d66,True,0.3885644790057803
S1,570,L21,6959387394609643801,e45fe3b23f9a5ba952bd6834eb8d9b2977f59695748624066ec33d941a6587d8,True,0.4738530345031782
S1,570,L13,9412504152704232784,0dc14b10c7a04008232e56efacaa83e149629d7d7da00990c0020bb161fef40b,True,0.4072857180208459
S1,570,L31,2934634757151745760,2c5f7e2edffb93643dc972145fe41e1ad1d1ec1ea7b651748f5059f8aea601f9,True,0.43672562180939073
S1,570,L23,5598769326177468007,0da015e5f2f664e5a58d996c77a90606766c7e3b0239ddcb7c9a4d641f985993,True,0.47439194243924016
S1,570,L32,4499186912195179036,f3116399ab91569c23c91f2b94ec0b4df892fdf60e719e4a2518eb6b6a3ca0df,True,0.42503058987619113
S1,571,L12,10792073668531771218,a6a860fea9e64453fc1709a0216822a385d9fca833ba3bdb6b7e99ade7737844,True,0.3875624063171207
S1,571,L21,186035768312793808,56cc4b37378f9699918fb3122081bb78b909935b07a7bb1d391eda001ff333e9,True,0.472468509942624
S1,571,L13,3128748249845399344,44586162ee002be84928d8c9ec7696152fcb497d7dfddf117b1f38ccbbd0950c,True,0.4091385880551727
S1,571,L31,6360964292496141424,a4203adf17b172cce71eada1198f6beafbc8c698ac4a23f87911033f71a75be0,True,0.4391364269025665
S1,571,L23,1312740067121575998,f97f380c4d225105c07308c26ea69062b5b2154e439fc8e0b06ccb87181f1c2e,True,0.4812008515938561
S1,571,L32,3826287351943490294,ba10cd7c1a42e390dcc5dcf4e3b69e52a782837e4859760e745f21c7da501619,True,0.42419941032115016
S1,572,L12,14481629197441274246,e588866134d79804bab33aee22b9c5bdc53c9d2810e32af4bf4f4a1540ac5b3a,True,0.3898182040495468
S1,572,L21,17514877558223461488,b8c139e58fa9e218a59ff967ffd28e5ffa43aa9f3f77f848a1ba563b1af4516c,True,0.4686417584686154
S1,572,L13,8627277181007755237,bc26aab26ff0fe10e3ce0fd77001ef39c5271d4b2cdd7adf0d198b9137bead6b,True,0.40534345010336564
S1,572,L31,7321536410701906593,bbef64e010943ede21805f9a62555e9be0d1bcc02eb84285f84cc701723f7427,True,0.43498037010112317
S1,572,L23,3866694372533729060,1f31bd51820b1bd34837dec3c30ab62b6090deac671ca7ca753c13cc692ebd32,True,0.47816545713086706
S1,572,L32,6413103711519529718,7786eb0a735bc3ac3b782ace6a198be2e5290a4717db70ce29bf08275a693ca6,True,0.4251368075526808
S1,573,L12,15541383439896221008,164609148e16d0d55bd5fefa75f2e595c65960e5f2bef9785e911aba85f94360,True,0.3917142668468706
S1,573,L21,1834689897484673925,3bd40c173afce7f37919df8931f1d258d71ccc2c09cfae4cee3ee648981a3f1b,True,0.47441839063367924
S1,573,L13,60751021070955953,2d60d93bd0c861c8b6650551bda6badd52ea1abb4368c39037bcb0e83ae32022,True,0.4125241017989068
S1,573,L31,1265240317417584760,28c79239c10f9d38ace06a78da54f646f0f4b60b8a04eb16a4eda02370fcbf9d,True,0.44080124301318274
S1,573,L23,2314703391330843038,5896d4941bb9558190dd6cd9ef9e56a3b3cbc6997a0b8fedff4c7c90ac9da5cc,True,0.4745955572092118
S1,573,L32,6163154485945438180,2dd7d1e6e0eecde833e320c8803af5bfcb7f8410d461ec5c723dc707e1f95ff4,True,0.42648560735676017
S1,574,L12,10284731923202771134,dbd349db49a529145b7e824baee849fcab2b31a270aa3cf7d9e8ecede33f051d,True,0.39627077485827683
S1,574,L21,11492176790534659872,e921905432dff7e81f89e8495b0f4897fb9412feb0eb1d3c24b168df4730af76,True,0.47615293079506144
S1,574,L13,3848342534339077324,c1623eef8c92f3b6f854f8bfc1b9b096c18c08f5234ea5450f3d269a7da25669,True,0.40782003081800317
S1,574,L31,12211681044273438730,a29700875301d07cc014fca794bf40a86a28171ffd2ae203e577f9b27cfe3fe2,True,0.4458386177692967
S1,574,L23,16921214642958722981,f0cead65d7eccb7d3e96ee9cd2d062cff5f0747e86441bb9e2dc3d03343e284a,True,0.47228697640060124
S1,574,L32,4103197186193969111,fd8580e2474e46d97713fc434ea3720cda02e566a5dfd074bf844e0809c89e2f,True,0.42352394883646105
S1,575,L12,16318356498158995910,ed60ee325cf919b47e59360dc704cf22a64fc7178e4b85cbae074f17363c632a,True,0.39502486952330523
S1,575,L21,7957131011790890847,32f0402be08bae4558c4f3a428c6e35eef10e2c4f5c0c0c63ab2e3a6097ff45a,True,0.475525119158554
S1,575,L13,9764011828755729424,1f1eca34c560c687a46e86034525f4c33f0191fa0bbf310a27c8ada160d05b3b,True,0.4118759189593576
S1,575,L31,15943078302569590079,25612e1c066aa7f380bddb2ccaf6cbc12da8619686c10e8045a6755d7eee98dc,True,0.44414974043832406
S1,575,L23,17803269705724394598,a3ee2eef171022de6a4d21f623bbb88a769cdfb97fa0149914a36b7208f2931d,True,0.48660328289239974
S1,575,L32,17533581725136825355,d9bc4e29e956b4cd5ac200b031f40c7855b1f8bfbb495f4436e84e4522decd2b,True,0.42479819097534677
S1,576,L12,9556514663359938276,9b62a284f9ba1b7c2b225791129cc5a75535d625c353c5334c39c5723e88fed3,True,0.3934246119807314
S1,576,L21,9387434568841278564,d265d23c283bf5dc434348c3cc08b618c6475fe57601c37996dd871996277303,True,0.47128034101519145
S1,576,L13,12735599227575963709,517151d68298b5b0f365e6bb1fb16b9bba10a6e5c1f2b212c628bf3ae6424337,True,0.41250689387642936
S1,576,L31,9871949776689019275,c5d3689dcbb21dae99f3e774edccd2943fa9a7979928404ee0c50d72454c7a5b,True,0.4389049875380263
S1,576,L23,18330733067030738931,71ea24ec9e5d49a976dd8a1a33f545a23826d206d57d073103cc7d7725e72c7f,True,0.4780246206282628
S1,576,L32,11519314674516401324,5d5442be9777bf8e409e57c94ca2fe4a25b4f6cd3e0a65d54df10d273d1d13b2,True,0.42310674730690334
S1,577,L12,17144780559431154500,d6ab6a403cca24d99cff7d80793aad1a3e4599a24e07c84d9c5527caf0915c75,True,0.3899441411351986
S1,577,L21,5195680761682096736,7c38ecf54b53e1a210b1e1aa03b132ed8365f3a7a39f633bdcbf522f5e39c686,True,0.47074975290308624
S1,577,L13,13721306865618952548,362488e2a728b20efbdb954b3721c0f5386635847693cccf16283805c55a3f42,True,0.4108083722916228
S1,577,L31,2182867871393786104,ae8e3879ac99c8909e2d4e29bd2d6476bdf94300efedaf1ea6e7b12e7f02ec53,True,0.4348211728110404
S1,577,L23,12818672842458199853,72e06edaf3b2354fa34ecc889f39fbcb481ca4acfea87ccf96b446c87a22361f,True,0.47526483386348184
S1,577,L32,8045999993884018174,c408bb722ef22aab2881d723fda59774744f88aceca1a90b70f95161fc234bf4,True,0.4276404118000211
S1,578,L12,9914582014641930472,a9920b9454c898f65c527ec61541fc1380ddcf646e5cf782e6c7c5e3c9d51aa4,True,0.3945805970545338
S1,578,L21,9029769675069270129,30125aa78bfe73feb046478ba510c5e507376b9fef7163343e6dce8a3d7665bf,True,0.4692838618893832
S1,578,L13,15515489462609285942,c5768766eae2dde3c8ba320f8ac7f1553be8e0bd5a3e185575d306017bc96535,True,0.4173678839216204
S1,578,L31,17463139133265687705,912e89d2144f6aedd35f68ed4bb7b0ac56f3108751725a1cf5d34833640a18b5,True,0.4403667728386157
S1,578,L23,13705038745412583152,200c277d4a14f486d10f2a014bfea5bf284c0387b2193c80bedcbda5221d5f4b,True,0.48094178583064195
S1,578,L32,11482233708236231092,54fcbead024d1f1db1235970991598beb30e47e51005f1bbbf24f29cec1ca1f2,True,0.422922144598715
S1,579,L12,164026525244335052,889c74ba2ac85cf53923cd5c0ff5130a5aaa9231bcdf8c56c7229a24ace83912,True,0.3897048524779834
S1,579,L21,1014091837405562137,7ca78d001f4cb385e02cb5e24663c516eef9de844c2da50b1195772b61a86236,True,0.4681342956497284
S1,579,L13,6449349520305919026,d50308eac3acfe2821c572a076c5e73bfc76798f116c2fd3ec2988b4182789c9,True,0.40097678912211565
S1,579,L31,10140551318728694898,93cce6f9e0280fb25dc58ee57192e7779a31d5ce7ba01819b5671c532a7482fe,True,0.4413347228154542
S1,579,L23,5072016201230188565,56bfc12397d2644f9fbc8650a156e1338ce47632ae481d38ad5e28651e3d2b60,True,0.47525688682826406
S1,579,L32,1976884503828287268,c662d923502f38d20c51ff7fe977030acd94aafa9aa1b87e3758d467e8e76971,True,0.42584533625129223
S1,580,L12,166696113576314900,925a31cd01c3b1e01c85588405e390e9e4bfb9705f78b5f631e9391a322c4523,True,0.3922064032631982
S1,580,L21,13641246619553597837,5c0041f808ac334b364a8804cf0b8b7d48b0dc447e3c2c2012e1505db95a51c0,True,0.4682058084482637
S1,580,L13,9579978163892906875,d45d0f478ba01abca0ac7a86ee7b24a35504cb31e0b218bc90e26aea0d103715,True,0.41065161660815735
S1,580,L31,2039613805981123771,50932b8e33baca87ac05e0e3f1872a470afe1fcce8ab10fb5d130cbe77f7e76c,True,0.4366297118642126
S1,580,L23,8601259836309506554,f7488d617ce5bc7140dd21dc878791c5df53bb3b433ae7cc0ce17e451dc6f6c6,True,0.47537866307123455
S1,580,L32,9988314541304942354,e9d5e45e33aa793e901d2b02fe13e82b9a3743c002dd2ec6babfb50fa3a682d0,True,0.4259939267531368
S1,581,L12,7884478340233274376,b635c2df494317e56541910f4e92764633fa8f24983589e1cd423342c47e2d09,True,0.39346948839722146
S1,581,L21,3819759974468715478,e400dead0d07a073272d283129979eb599c78bb231925178095899dd12e21274,True,0.47367106183856744
S1,581,L13,9287446810234339346,877e5866a509605f44454204ca1526c071f7b17a509779c67f2fa396f0b8eeeb,True,0.41133223636854893
S1,581,L31,9504245092675099015,da5430d69095d560d42728d06b15890a01e63aa181183bbf34b5943ebca33ffb,True,0.43357543420536065
S1,581,L23,14813750157613045057,c8f43ad6cfd6b57eb7c1008a7439cf432e5359c0f6426b8cad701529f03bd017,True,0.4764215243732903
S1,581,L32,17114042005158494289,56f8a042bc0e4ac7c31547d57dc42b4bc6003a2329203858343f6a170e7982ce,True,0.4256112388865775
S1,582,L12,11650301429683762870,a6055014bb8f984885e040b287eb0dad09a37b6496f61d8aa64dba12a54c7411,True,0.3940259936282876
S1,582,L21,11759802850778847424,12505fa75da2227f19d446c632092238b2d9cdff43e82ef92fc7db28ba3ab928,True,0.4718991121957476
S1,582,L13,13992113193002709510,758ed9c442e1ef853072fadc8a816df4981b319d6ace2402b389cac453fca326,True,0.4114714899555147
S1,582,L31,2368600501269712522,e59ee7d220e34dfd73ada2d8a4b6c5344f5bec5af5ede682f2a5d68826a6e1dd,True,0.44229888411841434
S1,582,L23,50836979977349425,cca9aefb33343e4fd31a38a473482aadbf576dcacabfb068ee01d6b91ab7e17d,True,0.47353709245537584
S1,582,L32,10688125219423758305,33d646f89d16d579830a25e15269516102ccbb6292a1d45b2dec4589696495b4,True,0.421753158501675
S1,583,L12,9989145043719258664,a3e58cf3de907af8313c14dd5d6261521b8602b947e389cf8aad55fbbfb42a99,True,0.39040764965703273
S1,583,L21,7368919294995760132,637f740ca1cd4ee2af07dc7195e3118d43b9a0026b013ed18bbccb29a1058b8f,True,0.47039742906613
S1,583,L13,15901304950269426589,b1a2d0072a6e5e97683ed37e7b0ce95a713bd7220b3b44bd4b52ef2116c0e6a5,True,0.40900558856907965
S1,583,L31,16289018297210012067,a12bb4f36a77b4f9893de38f20f31ec7f82e839da73244656ef9bd709cdb8798,True,0.43799482089429936
S1,583,L23,17643563049841085781,60579c8b2606e770df9cfab8b34d5410d23e2ac5fcbd6f34afefd1eed7019f50,True,0.48088576306420344
S1,583,L32,9904047421729918407,2068c867634c9933c6e55783d6516acdb2508771f0e44d54810d0570c6f94bfb,True,0.4185616359945553
S1,584,L12,6101316159767501328,e76308fff2b9a47e1009becaca546327c7027968d9f1112676b070da89365fb0,True,0.39131047554059056
S1,584,L21,12091791945060584450,d6223df97e2f736e36203eb01bec1628a0e9839a70f67ee4661fda589943b0f9,True,0.4659766096585243
S1,584,L13,672916073100316772,2090fc351f8527f05cfd37dd2cf519f4557c50460481afeadb978dfd2da18011,True,0.40868744080351516
S1,584,L31,11460639527830479067,38254be70954b89b558f3d2e8ea258017c325a4491556351a55635f3f4227fc9,True,0.43838550765556894
S1,584,L23,10674361972730796117,3ebeb50deb6216c78772896c50eaf605a5e6727418c32db0936ac17d52eec1bc,True,0.48190568223354413
S1,584,L32,7450566099618863123,c31bd865f9b5b1c244d72e3794cac0a2cf49b37465e0fa08b2370d300da7e274,True,0.4253369359628603
S1,585,L12,18025206797611288280,6704687e045ae0080ebafe963d7b4cae2563b0b775d64731cab91b3061121ab9,True,0.3896766498407511
S1,585,L21,6848742425801814362,c35c94820760c9c5da4f55beac18a21fd25fb798d65b40b85f66832c960b01c9,True,0.46991637695764055
S1,585,L13,6851427230473723695,a93ba47ab60dfe2a654c28ea422c80cdef076f5d6849e795d8c0b5018b6dc006,True,0.41007276114457175
S1,585,L31,4151627880664530797,2c0bab4aba55ebcf50f08251656ab3d0bd021372b704de05430df3b9b4156bb8,True,0.4437087693732077
S1,585,L23,13146864798473306302,b5375561eaaae6de97193efaf9c5a31daf63aa270c8441cdde175fa25dc14436,True,0.48098658819884865
S1,585,L32,17343565262781007216,08bebe6b3ef2694e4034737534932adccaf8b52b91b81bad42960412ed06e873,True,0.42506939088338436
S1,586,L12,15319806070097518249,1eb2cc2c99fdcee5e3c2f337e1866e7b722ddfe87de4d40be56afc3b8a6cfd41,True,0.39665803320874216
S1,586,L21,15650673587452797566,599c1836e95a6258b71016a189959d6fde5abf565303331397bf50520afb7e91,True,0.47310589870059644
S1,586,L13,7873004669360053277,98aad16f2035361738f18c6e5c598dec36e72dd425cd8e417989d03ffd529b19,True,0.4081566874557938
S1,586,L31,12523504834860502346,4c03d7ae4331fbfa0dea885281c97b03fc10cfb552401bb8da8736da64920bfe,True,0.4427933739186236
S1,586,L23,2574829025725574315,6a490b9489e3872e76b6a62c4e0af1bad0a0c8c0c02b1e3f5e75a01f789c748b,True,0.4740560168469982
S1,586,L32,14465961093936721051,557190d29911eb7ad3400518ef3a4902d8a851bd0655d4431b80b3c1bfa07518,True,0.42096042008680423
S1,587,L12,15280336544854167053,bf847c43b15c8f600e6713bd3605475fe5f807b6b387d520289ec867e1a57114,True,0.3938649150744629
S1,587,L21,4890251823754773831,78d4a0a4877b9812d179fb2c5ca53c088e581adae45c1f5eea7752b78e8785ad,True,0.4682091972323387
S1,587,L13,15583746828165665962,570af3fc3cb0c5d3ae241dd6c2271240506b9846997f15f6db16878f0ae84238,True,0.4159783311765468
S1,587,L31,1128458266042226392,9fe6ec609e68279314d242305b71a13b7953ba51b7ec5776520591be74e8c108,True,0.44016304080000146
S1,587,L23,1498698962542529259,86901800958958b48cb31e864f150a27e445a8b6fe55d384de781dbdb0ab00af,True,0.47853836577195175
S1,587,L32,6085469429139889594,cfdfe2b810d1bb601f365ec13407132688922c8042d08c54f34b52b8a06f7d94,True,0.42409109889328694
S1,588,L12,2152021115619586555,b56168abe47b36882c5643fd31150e5ecb35737d98be004953b501efb61d090c,True,0.3917880858908412
S1,588,L21,10110124441041955660,32175fe8a2bcd06f5cfbe6de97463f78c1be513f65b3f9bb27decca169789e6b,True,0.4742033732378115
S1,588,L13,9193546951443700984,508e2784a6d6443a5972d40ccba13e19999e73fd946b05a51955d29942dfae8c,True,0.40734354927289274
S1,588,L31,15074397111441939378,64d3b735c83868ba2d18b2764c71e98e4acc4952b112f1bdb6f67ff15477c673,True,0.4367344311897665
S1,588,L23,7289717587147556284,75c72234213e9eb7428f47d81ffce0f89ebe16979159784498e3419a3cca7354,True,0.4721016619150598
S1,588,L32,192862109619043951,67a0aaff7a1b1e3ffa583bde25aadab4f2f045a854afec0d32fda5f6f2e24b15,True,0.42780104172298156
S1,589,L12,12395631343996663190,d2726cc30dec148642e319fc1dee44038199079bc26ad027c330dde1638fef63,True,0.3909187993669334
S1,589,L21,7529789906970011940,d89a8051fb893abacfcb9eb8ad49676df38d25d96a56ac4fd795886f38284221,True,0.4724312763521621
S1,589,L13,8895524291890096561,04eb4b4e3d403826fa71b79b0a5faf399f4e1fccc887d06227a0cd7a69809f57,True,0.4060062238775968
S1,589,L31,10888566127424545445,119ab5a0b5e9586929e4b53e688f55b96f40b02d0b5e007f1823d4f2af8fcd53,True,0.44017633574419174
S1,589,L23,6630872881442883898,70b0c1912479a5bfa3a64ffda5d5802aed8e2369245b93c10b089add203fe7c2,True,0.4746480666024516
S1,589,L32,4332729553165576720,658ec27c8f6bf6389a2748fa28497fd1ff36e404893ffba507481a74be6e5e39,True,0.4267103720300247
S1,590,L12,2559051863820742638,c4d81a80231be3abd9781bbf50bc258ea3f69533553835a22dc4171f696f2727,True,0.3927151577662927
S1,590,L21,5673050846300289469,ad3f87a45161aa8f41a7bb81f35d80bc39d3cf765c6f65dda51de747267da418,True,0.4708067108968249
S1,590,L13,4979221533398090502,cefd96b7d679ccc9baa33fb5d85ccfed5298a920c7eb984d251165ea702a9864,True,0.4098045862524057
S1,590,L31,16143123387181602029,bf667bfcb852ab194978502d4b57a09ce9383fca8a5e7c8668d83623248643b6,True,0.442605260178499
S1,590,L23,18184011563689887435,c0c2527350c9a30abaf27cbd6a75577fe122985234a4415dc0d639144e8c33ea,True,0.4791832173156617
S1,590,L32,11467645781616957690,49682504c6a638ef6eedbbb97ea0e3c6c250771ed208b38ab62dfa084dd1d5ce,True,0.4198861358217422
S1,591,L12,4532139729261613208,7ee6c86bfda7abf7857c34093a6dd14c94e7cfdb4d977394a0e77b6046922d46,True,0.3916128644217777
S1,591,L21,584092530419451116,5347e7a449980453df82a68f11a2fcad729ec715c4c67cc54aef399f1e35e3c2,True,0.4749716884320079
S1,591,L13,16971107226781395284,40fc3fa192cc9b63829f2d57edf4531ae7fd540d8e73ebd5e0bbf2295a91623c,True,0.41791866656078086
S1,591,L31,4078767084444356146,40c121bb727e8f17cd228fb5544772934e705ec3004e836c1eb8ed44b48b0c97,True,0.4487942998185126
S1,591,L23,10609647899146990168,5cc184ee8a3de917dcb6fcbc40a7d526c7395829ef3e9e098e5aaab1e9c98aae,True,0.47424313856822325
S1,591,L32,3380175686638592607,3b510051ecafecaf3fa817dbb4b39d36afed5e15d49eb408854b061905c4bf49,True,0.4249378949994122
S1,592,L12,3213737550972662397,24b25859383be9c9aa48515b38046b2ddbdcd1937de895330738ef3b689806a6,True,0.3918087474932858
S1,592,L21,7278716762581224323,8f357acbfce94c2de1d987252e0111b9043e7d550801a6096318584200c75455,True,0.46723578238694174
S1,592,L13,2959674950703840800,60876d95961f8e08c890281541692d8731aa080426189dca35288603668a8637,True,0.4149641793076846
S1,592,L31,3840465581098387722,69e1af907e04335f53d0f41e5a4637cb10548f4636dfc86b8c40940e9f6cf04f,True,0.44002264358371834
S1,592,L23,4629134035490035450,348ea799125dc02f2b044265a4ff73b0ecc810157a1990c40bbe3267f2f6d757,True,0.47422455631052374
S1,592,L32,8927502852874563571,cbcf6c3ebcf7ce12e6810b0b88bb0592d48e07b151a7f2880a207906bc95c2b2,True,0.424790994763788
S1,593,L12,14942119537086891314,f0b103272002000317a7d3f70e1eac44ff17586e73881f5d85ca781d5d5981b4,True,0.3915566779491163
S1,593,L21,7664776917499756146,bf8f326afe02ab7455373f086c4aa41cf95bee13ee2344e715417b6dd01574ba,True,0.4714609583180995
S1,593,L13,3889429970409918670,88f9e9254b1ffa9c0fc65c9d5ba8132f0e83c56ce2f1ba2cb6fe5542d96bbe11,True,0.41129228884179836
S1,593,L31,2218592718317846883,315592dd0bfbf8c010eca4e757816b3852bf0cf76096955018cb7211db21691c,True,0.4448145597172492
S1,593,L23,16173336942821719887,87b59629f051fc3fdf60a6e4cd3cf1ac755a851a6c1090b2d0cce32d9a1a8d80,True,0.4732038963454419
S1,593,L32,9457844037414147292,6cbe6385f115815863f8872add53849fdf47ef180199c6a2456eb30b63314a30,True,0.424793687739209
S1,594,L12,3549734207547866624,a6b5da2b871bd5689597f7d8459e88c2637f2a661f3bc1a32ec3307a1314a01d,True,0.39025288515808565
S1,594,L21,15157252953802479291,71f0ee23af07a0d51d4fad3df0ab56dde0ad8bebe07684bdf2f67ea136480e17,True,0.47122993038097327
S1,594,L13,13176185642974823262,572965096369fac23195e13e33ba8234eed16240025b28461c33605a8a530d28,True,0.41063993256645825
S1,594,L31,7176742449546691268,eab667427dc54fd00b76388aa447fcbc7d72fe023487113c2b7f50b4ffa21ae0,True,0.44043210167437796
S1,594,L23,5272966213344064804,b092709227981e3f768f5d1d7cc68e019777375aef8a52d5e1fdceb38e44eeb3,True,0.482655449909796
S1,594,L32,13733432008684908095,1e5fa5d8399e963ac92d3f17e01fac522e0145de54842c9cfbeff033bf510838,True,0.4202508637636161
S1,595,L12,18405622174148536662,e4f880fb6833ef37628e1902d23b458f774fb8300766cf1c914e8e87bd0b06b2,True,0.3936362682149602
S1,595,L21,16439710499752178789,94b7035ecc72d7fe42a1f1d483293075ecd26d14bfcc2c527e45fde4f4877e16,True,0.47338570394787083
S1,595,L13,3891619475216025494,01788c99cb7394cff5c844c3ce3aae57543213ea9c294a12569ca964a89f5eea,True,0.4042003368235411
S1,595,L31,5782752916171988922,823de127d473a4cbac2dea31bf723c5e00cb9618e768c5d519cfcddfb81341f4,True,0.43911500711333923
S1,595,L23,3199495332248241893,2b765961ab264c1b4685b147871327f2033f5714e0f8944cc3274283f823f363,True,0.4766467865163565
S1,595,L32,15975341674139908161,bfda14e1a7bfc1a0b6eb78d8450dc325ad917797f499c4acff63706de465d3d5,True,0.42544451862305727
S1,596,L12,15806878045393249841,a7d1605ad230b8d4033e9de1d88ff5d62274b35f891fc1834c0c0bae14229841,True,0.39098756515942207
S1,596,L21,8749622012061155516,8a9f15c7633ff5ad7d2aabe91c238d303255570e68811c2b21d77fa3aaf2a08f,True,0.47101073883743416
S1,596,L13,7505585992121940376,160e7168b8271414b8a9bffbbf7c0ed5647e826ed25bef100930f9097504cbe2,True,0.41114906914876037
S1,596,L31,18418206911754423214,90dbc55880727123daa7e231a323c134033f03642ccd2f2a3485a25c18f4df3d,True,0.44275736227105744
S1,596,L23,10032502834760031605,6ae596b1b56be0a90dbf36e1aa911b738364d6e6f860c75d58e6d0e7ff4de269,True,0.4796694492860823
S1,596,L32,13634799090817838201,fdf8df29cf217113df3461b4d5a929faa01219686719092376c25bfad813fd2d,True,0.42525019021660926
S1,597,L12,14091983746177865098,3225cc9f4bb91ecd4d7a4f5ca8433e8c830f9c7e309344253e5b2a07c08b463f,True,0.3868917694387084
S1,597,L21,5312292342249951011,5a415fff283772b853b51b4077522cf4dc93ed68726b57b74cd55529fd69253b,True,0.4703194903908708
S1,597,L13,5333658640917519477,bd280590c87ac309cfa4061a774aa93a50247f77f9d6fb55f1c431e544ae12ef,True,0.4090743651298349
S1,597,L31,554126292231519208,00893fc395f5fce2d79308c7bacedca5d762469d4a53c8b5cd6e3bfffded1732,True,0.43735701684526573
S1,597,L23,1999111128393076231,09c1321767ec85fd5b463560fe4b42e3039bdd4833c79bd306ea38bc3e0f12df,True,0.46780995353907007
S1,597,L32,4707114164741242705,9f2f547e7683f5cb7e5106bb3b3bf75cd0843d612d99e17b4bc954f715df59e1,True,0.4263693213782897
S1,598,L12,3387429602404470504,049af29fa7d103ef782706382a3eb23f737d8f03d89e260ba0640647bc7eb81a,True,0.38910170515938014
S1,598,L21,705226112568205080,324ba7848adebaed851898c88165873f1ceaae7465dcce8aaf4e5feec74e17ab,True,0.4681606529142225
S1,598,L13,15335417085651045711,6bb6fe8f9200566417bd6d7a5c3831275f28fe7cb0c32a666a8cb993c392edfe,True,0.40969401712964726
S1,598,L31,6541079843307176802,8242b448a1d5d4e66e9f21c1c18b86a5eab5fa10943dfd9a985a5ea50684fcac,True,0.43600768172510046
S1,598,L23,9788617893156068771,a4751f608d3f46a38f216d7550a6b016cb1439c809bb91255f5c0427d45e60a2,True,0.4796409665429282
S1,598,L32,8351614788729349444,66e1d60c01fae04844a58446342b036eabea6d2b2861202ccf3bed6d1e8b27d2,True,0.42452925243219775
S1,599,L12,15799548947655608816,1e805e126b25536e92c4f4ff7756964848fdc4f03f32d51ee8532ea1a8c94463,True,0.3888290525268864
S1,599,L21,11429407880253255646,afac600420b88f99a55cba85cbb00dcc0e437e63b1dbf354a406fbe63456319c,True,0.4759399454566688
S1,599,L13,13944046829916958531,074d05c53fcc01a7da8d212e996ccc508480b9cf92c708338f665a2893c5861f,True,0.40965284306106353
S1,599,L31,11524141251139911162,fcfe1373d5833a7ee0a16c1c29e5795b8ff9b71732af4d8adf62806d8b53c3e2,True,0.43859597052095944
S1,599,L23,9689275713610772780,a675f9cbb10a3c16c7a7bcd961dae73fe87f71a35ab248f9ee29d56ab1b015a5,True,0.47219179405392653
S1,599,L32,5906504370258150263,7c3ba6986159f99d3ab2f573bfa5d878f1087fe13ce78078bcbb5a82097cfe0f,True,0.4239816339428292
S1,600,L12,14900447241017986006,02b2011ca2d75a63dfcb985fbdfd90a580c818135bb6b48ec97d1b4caff63013,True,0.3936777054022791
S1,600,L21,2626084168380582682,c84727ad335d0e237669c0af988e71abd78f03f357f1d638831f2f36dd5bab7b,True,0.46756424367276234
S1,600,L13,7056154496359110723,8350f3982ff2e15c5eaea1423fa13a7b91782e072ed70409ba0565006c7bdde4,True,0.4086148239349484
S1,600,L31,981662037924182300,16de17fe38a615e809690449619be97a9e1a670d3c424c40e7e499b05db4cf74,True,0.43829632112522243
S1,600,L23,1095352480761860247,365d7a47d2bd9fc00332059bdcc0c8dd682776d47516f7cd8d00312b6b4a7007,True,0.48159430498771216
S1,600,L32,18269425324797948596,1148d6eb4bf285ecf1ccfb1305f4fb6666138db1ce6f322add376fdd2da4ea2b,True,0.4234589481786327
S1,601,L12,12165837920818915302,9c528503b97f57efc6af3469132681bbec003ccf8a23b55bc24792c21a171b77,True,0.39347672036360737
S1,601,L21,16129491120319912663,6227a6af216f81dd2215e1fe70a06c5f35e3561f062080d3ee3d46b0361f4dae,True,0.46802866390533093
S1,601,L13,7856628183611376617,30b4766675b634616541ef9506379f4e72b0ec50b44dd67f29471ad3af760238,True,0.4113255311615407
S1,601,L31,10513680320659295327,0ed4be004b6dcbc80338187fcc48a777aa6b2e93546691b9acd4940a8dbc7963,True,0.452049544000082
S1,601,L23,6920150918145652755,54030edfc739c194566b58d5fe0a4370e40ae0c2952571bcf2f5d97f2be09d56,True,0.4755854546739856
S1,601,L32,1947716310669645716,ed41bee8f30042b634b71fa316d0d4c9d1f96c516bcb76822803f10c76a3ad8f,True,0.42358495660464585
S1,602,L12,467389163296183989,417e0dcec22beb90f703cce9a796a363c452a13bea2117f644c15028d562e76b,True,0.3932867733197667
S1,602,L21,11798027363704533756,5d4462ab94fafee98fb09d870b9d282815207356f7048d62990680e397092ee0,True,0.46827058543911104
S1,602,L13,663958086509409808,1194ce226ece0d461445eac890e6c7036657815204027f70aac66045d974f2fe,True,0.40993222973025023
S1,602,L31,11514116440050915150,c316f3159bd68adea4467a3beef478992b50c59e14ccbc7b7b29924494db1a67,True,0.44027725761567565
S1,602,L23,18055274558276578748,e97ed3da77a06b3ba76ad5baac33f763385a1ad75ee82f5a54e928da395c494c,True,0.4782308291334839
S1,602,L32,4210407209903339317,a6ee18a0d741e52b36cd700e3b2b935dea8f4d819512b687bab2bb95123d2005,True,0.42632632351517086
S1,603,L12,11628866073119531716,3e782fab16717c39e9a1631cc2aaa3423930da1c35a09e7ea8a03020b657381c,True,0.39067165781314384
S1,603,L21,8597644482289251449,92b1a0de81a9d510297cba0002b136d190ceaff5c90a734f19a61bd6e6944ea5,True,0.4731462826758601
S1,603,L13,7477070967298939336,29dc5a49694ccf049bc5b99eca47e43ba3a73b03b5eacba761aff24090e45f4d,True,0.41151160652765406
S1,603,L31,15787731467206343646,e84e53ddcd7e70163a2b6c43b4439aef8312aee312e9b6f98f0d9b6c55016e7b,True,0.4467017103294973
S1,603,L23,17981651589225100258,507eadd5c9243c0b2464c7d3d363083a039dea3f0aea2feba9a21ca95a4b19e2,True,0.4774489499264241
S1,603,L32,14737342868717958363,befd17206a70e7d143ffde99964abcff99d66e4ec1c4fbea01fac1135e70f9ea,True,0.4247054578980146
S1,604,L12,9149673846006735413,641a0185b89a3230cd83d6696f881b1a647b86422e8b0985a9b4d0fa0a556ba8,True,0.3939845482738602
S1,604,L21,5395924573300980814,8519f52914ca2a7778409c839c15a1481786a1cfeab0b187ead9fbeca1971d13,True,0.4692838618893832
S1,604,L13,4828750227416833678,e526f43033a8181014e74940ff9891c499fb2cc2614e98344338b1b3f462b8f2,True,0.40663399105006626
S1,604,L31,386720381185787237,08b0c498791a8962ab5974f755e1d67f873395a93b92da5da380f5aa1ed992cc,True,0.43660330368040096
S1,604,L23,15623317701403144430,c971980b3ab0413047c13934dbda13762c08db88117f85a228a6e6ede104acbd,True,0.47539458928148187
S1,604,L32,17679616773645233800,4822014d720b61dc478d5d9462adac5533e2049b7cb47299ccc6721e2c89665e,True,0.42515677856855877
S1,605,L12,768877191761779485,9107f92dde4ad8be0784a700ce4996050290b3f5f0af5523bb605d0b8e942956,True,0.39508998079872115
S1,605,L21,15402346697430295831,395fe3e57d9e2c9e52eaa2ffd458e191b36d23f1f1938897ac0c6071a45b4bc7,True,0.47139878645217964
S1,605,L13,10264442271240579339,db07bf6a2683f61b5be00f5bd2a9d679a8ca3225b30013c176e8aab6778b2784,True,0.4071875460330939
S1,605,L31,13320962509567585378,4f4b5130373337372a2de9a35986b02c833154b430fe1a550ad0234a82c319a5,True,0.43739237264279485
S1,605,L23,4163111999059703301,cff415ef3bce8277273b733b569fc5701165cd9a69d47a8b7bd0db8a8a3f695a,True,0.4748539239381149
S1,605,L32,4732175523372303589,cadd96d0dbe681114c058efa4a082920611bcdf0befdfa94dfc83d013214d689,True,0.42493564270598244
S1,606,L12,12621956309909045141,ba2ed18f4b714d085af7158176496eda7374c407554f6da4367dad0ac1a4fe77,True,0.3908086202244171
S1,606,L21,13087070657069367854,2d6250a893821f54bd74c3046d64388295bf0079737c79eaf1cf7c167b401f5b,True,0.47071480265201426
S1,606,L13,14389829230269655481,1fc51000816c9279845591e42b046f574a06790c9ff62498a9e103f595ce76d4,True,0.4080937657941569
S1,606,L31,4409715534895643765,859529d2b2f94ac363962381c9642d5294149341cace049905e252d5093168ed,True,0.4453526202135797
S1,606,L23,4006760186571424997,930b34bf13d31438e8f8a395e5936855867d657e99024e4053b7ef6abb60b176,True,0.4767902378505957
S1,606,L32,11961690063591002206,a68efd2e60259faa884c310a49a6a5ec37412bd771ba4b7302e19055dc17aa93,True,0.4246024652066077
S1,607,L12,8009278370455712199,fc3d8c409029c59f172e35ba0dc7867e80b42d18094d834c03e54be182b210d8,True,0.3927151577662927
S1,607,L21,9054589503435006098,470a353520989644f16f0f1eada30702d61da9c0fae9fd57792b376286dec364,True,0.47608300119380015
S1,607,L13,5281660664892532789,f9912ac7cba180fbb8efdf0a274d677af28cfc38e1d7f3f0667ffd0d01defaaf,True,0.4089296952583383
S1,607,L31,4606111120885876218,cc091201db2681d6858c6c04c7ddf121be4dba41cfa991fda5e48fa744006869,True,0.4359531635624595
S1,607,L23,3488007425503175516,cfd96e2e247794a93a10c0a6cad8970358111c4a531c6b9efc2d02e91d6b4355,True,0.4725765046149244
S1,607,L32,15671481329555845535,ffb847bf55dc2d3f8adb23ae74b25345e0babacdf1d3394b89f1d6084428204a,True,0.4245975427647788
S1,608,L12,15452300501275573759,c21986792e59a4ba3c7ecf873face8e6f03279a396c199a9e53d7ea314cd32cd,True,0.3898294875135398
S1,608,L21,5469069062580002509,fcb8c9e7ca3663707d3dc1b22fbe47eecf15bcf9e177e4f0dcf27715f17d096e,True,0.4748246588604038
S1,608,L13,17222769644473161053,2a6d23adae024133a242dc73fb22b48c09b6a26ea8abab3e3f84cd50a3a8c223,True,0.4112928553173614
S1,608,L31,13126882171155733083,7c74b65f62477beb07ae80215f182ae54f2897dd0f4038c29d43f3d834baa529,True,0.4441595752129496
S1,608,L23,16267543872641763541,3c1d97772cba4b793e55a66a36c235e2f130f6e2eddc764dc7d58b458f1f1d4f,True,0.47748077344173945
S1,608,L32,5196558246660941802,b4f7a615bf1449ca21047992744545f2caf7ff8a6d32097ac6898f28e58c51f1,True,0.4251187876181659
S1,609,L12,9691979125871653238,3da6845a83b07d69f161b707f55f52e287105bb7a3bd1e2dbe78966c7e083f32,True,0.3916604295401925
S1,609,L21,1387543095665006681,f587d65405c0baa0e7c51d60c1a52d6080fef599e3dc35ba7d5d78fa008cb203,True,0.46779667788007967
S1,609,L13,16503738383782986723,a0c9827f645714b9eabaf378f95ae1ead63e547f68358eb86e470a38f41fa7a7,True,0.40971882381232005
S1,609,L31,1275907436180562922,7923554c370fa2221c6bd9565dadc79757305ae5e5a0860a9fc0ed4ca01aaeb0,True,0.4374515408041427
S1,609,L23,15239594171140169238,5f7cc83b8ecb386fad00b63030118235f51b55e812c1a7e6b2543d7ff6f5af53,True,0.478013932133766
S1,609,L32,10252678566726065374,6952012fb76d994977925d529e2b905c33907abf488fd9dec1e5d736a3a07bd1,True,0.4284031223558416
S1,610,L12,6148707528278328192,ed7287385cf930709caa1d7c82fe7d44e410918bfad440ab4891412d77d63a2d,True,0.39451370930998075
S1,610,L21,13346124486264641063,2081e5eff9ccbbb854af6177a4302bae81bee2496defd924a0a41b1cb662ba76,True,0.47300520638000204
S1,610,L13,704282606912384647,d95e32db210d99b9fff475142b6af016f1377edeb28f879abdce8f8c5f536ef9,True,0.4094364790220355
S1,610,L31,3394843110480408829,13827cbcac5b68d696b3bf357cddec1e3fa82d2d1a1c7ef9fd4b003d7a94bb40,True,0.44004592474476656
S1,610,L23,5991714294619860465,4ce5d6c8db6e5bde19aeb23efbd48545e7ac0acce408300da1c7b4ede9f2918b,True,0.4741159256616436
S1,610,L32,12468066870032523072,77199f7be60221318ddfe1c0e9bdfae24feb15f8a4e9fd19fab39a32fedd37ad,True,0.42533747214044204
S1,611,L12,2924511499220281760,04b292d58b355c58f94b81950766917de3ef90bbc8d5ad572ed092368bfdb897,True,0.3875130841357318
S1,611,L21,18291987551002926492,40607dcc36ff0b7bdee2d941f0f9d5c1c23b454a0be7e386e528475f1f4f6ae4,True,0.47335170021347134
S1,611,L13,9171244736602523794,ad5986553c484d5b605a9794ecbd88664439ad7c1b2162966fb1bf73841faf5f,True,0.4053412525624196
S1,611,L31,3706826967148465319,609a0b13a8410bae4fbe375a09f1ab817ef3820193dcd03f4042891dbf464e86,True,0.4413867486442204
S1,611,L23,507727014523080392,98196b8c583652a7b045389898c1498070f02c720eeec8093cdc0434b19ee55b,True,0.4814136624540497
S1,611,L32,14425030173519092243,7ac5a55e0f88d046aa5fbc2fa3254035a13787daf08d9792fe4ec04a69d5e913,True,0.42886861319696595
S1,612,L12,14011645696560101123,52d0641a73c5de145505cacb15d37b3579234385f5a55d9a9922c88b42126a7a,True,0.394208762504137
S1,612,L21,4680973757160106340,ac38af33311b3108dc19b6e8f5fd2363f3854b79f3714ad2f8de231f618fe7bb,True,0.4706248698303907
S1,612,L13,7432794793540567941,62eb80e6ec48ac4effadaed69bda08167b187efb4409c32aeada17e9b5c5582b,True,0.4013414826816161
S1,612,L31,608002454820268987,edb2c2ee4986c5a684df145877605d4aea0e7e4f01bb75ed0cef44711af45107,True,0.4503060084425336
S1,612,L23,2833082420747908549,69739ddb7247efe4d4d09d94ca8615d232bf8fbc89de96afe231f69c4594b54f,True,0.47659320912860587
S1,612,L32,44759198665675647,81a90acd7f6e39f4317f8a8e21f6af392330e333471c9c4d81ab126aabf7d0da,True,0.43330597512020935
S1,613,L12,12901151247593847221,0e181ddb0b63517b55203788b7c899c78edb768773aea17787ad97407635b1b4,True,0.3930253330252793
S1,613,L21,8623209494491469103,a2d76052d1052cf746c9f13f7e6d3d8b674442f7e4dfa9bf6dd5c57b7dd2b61e,True,0.47437497029106734
S1,613,L13,13657539455209782504,dbc1c26e8323a6ed8a4b30536a9776e63ea0edff6bd027aa0ddb2656933eca14,True,0.4110040259698319
S1,613,L31,12991936842885974444,51cc0697ba8e7a16828f2cb16fae4bf9522f3e0891a36b941f5414efedd1e7b8,True,0.44550913660832037
S1,613,L23,11291968639421594310,8e370606250ab4b4bd00a0b9973ab5cdbc8b3b0a7c079ffe36c0414d445f1c59,True,0.4767075765646233
S1,613,L32,8815572618282502907,180cc9ddb0c9c25d4ef5615c7466be8f8bc23bd0d0c367522d93e1a96d57bac6,True,0.42687088887857927
S1,614,L12,8149898612887261169,d8faa97d4c6ed973400861d63a2bd71f81d6c235bd87178d69e2f08a6f2d0e0c,True,0.3917470027843071
S1,614,L21,17267831085381061636,5202ac3b3573789203579c945862b919cc28696c8070fd2df1b78316b894694c,True,0.4712830166898645
S1,614,L13,6700701624417840949,7e3432e0e6eeac7f19b3f6a2c835b3c254e03bfc19d45c01bf79a8b3163450b9,True,0.41023359324102066
S1,614,L31,2076684894076982826,cd5eb7e73b0f0651bc819b837c803d8a3cb50f781a5de2a383ed73b82ce118b1,True,0.44434345694397004
S1,614,L23,3105351864222133299,673e23178c5fd910998740fcdd295b7b0c1c6ea7e1017a4d1cb7396b28084af3,True,0.48194867029477384
S1,614,L32,14285098019191885889,a37d3add24da374edbfd584c268b25173fc4fdeef946a78a6af27f1634b75ba4,True,0.42590032639787845
S1,615,L12,13889936668907396962,14cd06d6f9a50fa4f6dc88b8919d6d1eecb03b77c103d7141b6f321580ce74da,True,0.3887228749406463
S1,615,L21,11379976713011176203,1bb3735d9cc6e773441b7e901499fcbe76ac05be277c6fbd21d47aecebac9e43,True,0.46869683735689793
S1,615,L13,1716125861942479106,65b7defa3022d2e6e0e8fcfc1106ae24ecad6a9977edbfeb2618610672666e8f,True,0.4001229429860958
S1,615,L31,2301110934417698329,85f96c246b2b41ad9ae8167771f51a6bf493cbe614ae4a49ca0b6b80d74a9653,True,0.4390247096837849
S1,615,L23,4428651616770439160,a3f126d66e4da970daec298c5c4428962e72461f674d72230c39472f7c1c3e5d,True,0.4809212914733152
S1,615,L32,8067146642357704646,9d4dcccd44b7d785ce2626b279cfc9bdf07a7e189201e1c70ba8317452081adf,True,0.426095100770098
S1,616,L12,5909422496628561524,62657db3bc9a21427f189ca81af2796a1c84847ed50b7db5d69958e56a47ec13,True,0.39154884808203055
S1,616,L21,14163909759378011666,24ff50b68ecef001da80c32109375af2f33d808f63e029a016e0db270d82557e,True,0.4678227062407833
S1,616,L13,13349052102613259945,df1a9dbe4ce589d43377e26387a9d4874fffa9ee93fc9fc60e8ec5a0184b7973,True,0.41039685693360806
S1,616,L31,3838943625101877971,86c4314d437e122f958f2bd39f1427117e7efffcf26a0444e73cffb33d7ee142,True,0.4351563737697043
S1,616,L23,17769439574524504105,7dd83014672b2085c1706f285d2045ca006f7767f3d4adc31ee23003881869f3,True,0.4726746464642193
S1,616,L32,3622084548226023269,97453fc89670329ecda9e55158fcb10852b6339eb7b05e8396a6d39b1d0b97ba,True,0.423802446578275
S1,617,L12,7913770100750228943,c4c406edcbb9fc421e433d74e4457d33d9792aa91e82107e8548c6d2bc2043fd,True,0.3908102567920092
S1,617,L21,12633149813097630716,4efae390a23a71df34bf7a8d96a464311d0cd037653bd6055d463ad95b472884,True,0.4687860862887233
S1,617,L13,15049186317702109722,bcb8ce456ac4278533bc4bd99a4163246cd15301c76a1f2b9c84b0182e1ec445,True,0.40258354272003194
S1,617,L31,10005540567866281370,7b5ae1ae8a44d127a0fe145ed97a46343b0258a55e7a61ccb0fa5a9a81a1e8e3,True,0.4371886128155492
S1,617,L23,7589187004228021017,1497ea792b5edce755445213f34907039956d19339b04e706038211510e6d777,True,0.4846541576166209
S1,617,L32,18007824410475590133,61b561a5810c57dffce24134df3f2ccaa5d00e673bb9ec4a252269b271a9962e,True,0.42429553836383155
S1,618,L12,18381534650976756333,f224bfa8a28e0b234bc501a4d97379173bb820e057222f875cf82073e3b8957d,True,0.39154959053601307
S1,618,L21,9873911468586573323,df3ced69590d9208b8c3b216f19d81219fe711486c99d07b963461b3a6d12d4f,True,0.4734623484606819
S1,618,L13,10448423437126662644,b803e6d5893b9b5a0d2436d19198e73a8600d743bc66981f31d1a6cf8c0155a1,True,0.40985348298391283
S1,618,L31,6383823984481979212,a10aecfb3be136086bd4c7c3495798c29fe8197c61b47a56f27427ce16f6cff1,True,0.44134341645371583
S1,618,L23,15805176785607136592,354dee97fd4228ce063dda78664abeab64d5747fa8be41e783f91be5d55aaaaf,True,0.47276218207842396
S1,618,L32,11966560785020923131,f68a7f45201140bc172df7109adf3a2d0d8f85b90ce3f1bfa543cc14aee99e1b,True,0.42706271714094113
S1,619,L12,1784581925450368282,2ad3c9caf31c1b3d7d40b7c340d1d9591efff13aedb4109c2e77416c4e1bad35,True,0.39074044519009044
S1,619,L21,12362971353634022646,1f69d368c71eb2bbab6e843b71caf9507f18bf2659d7d1d726766ef91d66c464,True,0.4740527825082665
S1,619,L13,9610976687006351029,dca0769a767cedd233df8911538d3b87f770a484fe9a428c401639034c67b496,True,0.40776191634547987
S1,619,L31,7193747760346477161,c3d81d7c5b1353c95103b601f644d7b593789b36298441d26727744851fe0fd9,True,0.44232880656325335
S1,619,L23,15328939054365066981,7f06964819ddab3cb98054ba978ce347ccf79da06937ead8dd5a5dfe665644d8,True,0.4728504329710771
S1,619,L32,12146765073944529897,e5a554d88c5462eb03ec920cd4d43402ca5de1a9703574affff2c4c26ddbdf07,True,0.42268785023297906
S1,620,L12,7558181211558445840,7d7a4a98890a35c0a8f778ceb7e1919a9d57aac2d0be0bebea96c223d09bfb1a,True,0.38838516207883
S1,620,L21,7664446399227963575,2893aa0f1e520a6cc9f0e9c2950b977c52d3db978be5276246b6263e888e0178,True,0.4723729169320824
S1,620,L13,17451780072767423482,6b39e972233887503fafdcb358aceaf117c7a2a03cbe5680971bcc53ddeaf7c7,True,0.4125390494548476
S1,620,L31,5040477692761688397,6be35d39b864ccf8e6b4a065a72d17b79d92f62e6dc33bde7d81353caa9334b8,True,0.4430580644195624
S1,620,L23,8232558009403225227,7b8c47da5f1803c2c423f089adcd29033bba63991b55519dd425d3b98ed7d777,True,0.47471242293760935
S1,620,L32,17309609649597892426,363165048f2aa7f8d4d6c78d4061f776d7f105fa0be76a11ca22bb340322ad39,True,0.42528836852489726
S1,621,L12,2819814522775215915,d660a0e0ee5b9e1480c22e4bc032089e22f3097eb435278b9fc2403680e04d81,True,0.39131630630017655
S1,621,L21,4939557110801640096,9fcf0197218564c14d7018de693bfff72220eaf70858834164b3bf150dc5989b,True,0.4689150261998815
S1,621,L13,4802683348955515606,04e5301b04b99401f06f676193ff952e279ff108a8ddbb5c2a5bc2593d822540,True,0.40595758232067747
S1,621,L31,629818516048130323,446efb3cc431447aaa3f1a3748ecb418eade05c4e42bcd352101bcecedc5938c,True,0.44015241112896064
S1,621,L23,5053097245072884322,ae10ac1c1e31759f4ec857b1e366c108b8badb1468c77e190f82bbbf2bd8908f,True,0.47812069171441907
S1,621,L32,16575410216554646014,90cb19299800d37095d190a079d9eef6e37cdbca8480ff8b24a902ca05c0674a,True,0.42250599248052745
S1,622,L12,864755145386786433,f2b83e3df9e23fba99e7bf297e8ca6af527770f40282129a4b61cf38bf0c443b,True,0.38871329827787326
S1,622,L21,8635260976903647972,1267474f10005dc05f34476ceda5fb156eef78fd81861a2022dbbed56c504d78,True,0.4710831644867994
S1,622,L13,18185339471316048221,448787a562c1abb8461d577339df6c194a2917a9cbed5491f010b8f1a6cb5809,True,0.40878064918051876
S1,622,L31,17262753467553373665,ff5df8ee62ea7934ad5d024e0bf8e6799b1f68e8c794723337867069646c4dd3,True,0.4449136282238073
S1,622,L23,11675835734404592568,be77c50c98d9bba28b10d21f118ad5b46afa455b42c34e2141719277fcb1e84c,True,0.4755466533893415
S1,622,L32,7307550601812499703,7398f1b3ae4133aba64cc59f83693a21985ce01853fb234e84cc88cd4f4b8e8d,True,0.4247823572706666
S1,623,L12,2271238017065417591,13bd4f4ae2c55a63419ca9c5fb6abdf4da78725f4ec61daabbacfdd6570ad3d0,True,0.39367708622916
S1,623,L21,12551912180445711124,62c8088a57e30e7b7feab2be2b586150e5086984382beb5d3c2308b89e6b7488,True,0.4704297420161636
S1,623,L13,13799358175025706684,597dea52a1f6f49e34f96caf916b05fbf11b65a97635531d0bff9b09f3bd6877,True,0.4024984521531989
S1,623,L31,8378421298590721693,240444ccc016d21abb1bfc49fbac7a8454fb6cf54b0b654a5eb379d30207ceeb,True,0.4490720875242845
S1,623,L23,15140340584698012371,f867c144fc7ad3704d6b161d71bcbdb5836d77b7189efcc198e50d406db0719f,True,0.46907177535602645
S1,623,L32,13788955360420924899,5c8e5f5905bfc8f65a03fc16315d75c520ffa0f9cf0e82b66dd7ce86fad3c8f2,True,0.4244597918039182
S1,624,L12,9719170062533822697,e5df10bbda7b5d6f3e66e7f9e4e90b591fedeef04f411b51dc28b41e580e1bab,True,0.3896842505981896
S1,624,L21,5762567423513197661,dcc2d1e45d42a16e62fa6299fb1ad6d426a2baa33006ebfeb111b50204011503,True,0.4681592850974086
S1,624,L13,15993585783419851965,33134eae0d84a92146d286b8fc7da0b9dd089fee03a6c68e5e527af12f87e6d7,True,0.4020316855639633
S1,624,L31,16778652559622082496,fef201290f3a1851594332ce20ae08ffda7589fffec90110f43cbafb788c79c0,True,0.44004950707715673
S1,624,L23,13375983614634835199,f72f9bcbf93337b35cb9e86262b8410c258f3bab12d8b50934560ca011f1923a,True,0.4844535827702293
S1,624,L32,7425822193023731253,a36c06f60423b0d3e2d9ec3b08746e76f0f8aed585cfa1083c94dfcf4d079ebe,True,0.4217521878580903
S1,625,L12,9372989976081000293,bab8d34c9b6761758ebabb2187d6dec042672dfbc3aa3067e64ea7323c9e1976,True,0.3932824376168372
S1,625,L21,699118556476592642,00e24c3f27a02bef2ffcd7233cbd637582d72bfdd7fe3edc8b6d96b3c0e2059b,True,0.469329894375793
S1,625,L13,5659510093167488190,25c0082b65ceb8cc54e4692101952c2be86e95c41b70062db040038bdc9781b5,True,0.4085335747095957
S1,625,L31,11490853518844179705,4eaadab2a5df8d2471a0d3cd789104f8f2fe12da6e1d49c351549009e343cb97,True,0.44019240325964604
S1,625,L23,4437032209388504459,5e849f255faed4f35161af59a003fa32b1f4bcf07470a7648c0e5200d0c865a4,True,0.4813968589046294
S1,625,L32,9436710617704376232,2f8b6992dfe1a7d035a2df36f89bc5b9f001a65c1371be8fa5dd3854e4ff5317,True,0.424528798162666
S1,626,L12,7922355289330067331,c46fb95d079de9aa79fee3ce2e588a0286337693e7789ce6ebc0c2c788fa83d0,True,0.3910274877346991
S1,626,L21,1449107091174686275,19475f2e58fb3a5cb8331e17b73a8d724c0ddd4f850091a2d2690e390d109d52,True,0.4725365107568038
S1,626,L13,11424408652575606027,72951b240650d89a23f0ad848ad78c409903129406b69352f5b044eea126058b,True,0.4114994674653369
S1,626,L31,5733036122948637101,1868f0c366c203c1bcd635aac8a15ecbf9850df808678fc578a6a5ba941534bb,True,0.44921275441720443
S1,626,L23,14260655718285722980,8bd3cf8848c1689c6ce592cd7549ff0a4934b8e4c332ad74ae68aeadd88f9bdd,True,0.4826847402805037
S1,626,L32,16752201318939793110,9eb344d18a9e9f30f3c2dc29797a62c136e326e1c288addb62a5a356c5adba49,True,0.4238093356311762
S1,627,L12,12124559320035128126,9455afe04f760a302adf3ae8aad780605245cd490211eac9d38e12d07a2500f8,True,0.39376710732389625
S1,627,L21,14710465076543690217,c726316b0c073ec8af2881fce3bc4d874ab5a4e49aa3fe804bc1059306ea260c,True,0.46653594938085524
S1,627,L13,7630292952354460680,c938a7dc27544235259b5532f11810957c3ef5c240042f11a2c73282547be0f3,True,0.4085615908603659
S1,627,L31,11934656996424174582,889d880d6df407ece28721a4a84b3a269fe4f7b7a099daa7f974e13358d75201,True,0.44362625611850015
S1,627,L23,14741614413524759357,92f881eef500ee408a4b6142b1b5953ca48f6f62312a6c50b3c8510e644f6c05,True,0.4799600633629044
S1,627,L32,5590316407551531186,2bd4fd5ce6c8a7c3e3e04b40f678903857c1e2a9e85da5666803c6e5001c09bb,True,0.42789444554605083
S1,628,L12,13862340273569606108,4d6cfac667868e9ec485728c05e978f8cf9bd3d5a7cd4c1d488f2cf72424fc8d,True,0.3935082506461701
S1,628,L21,2668372234060625363,925160b2b67542f8e371786b3fe91cc3203b5dc6cefbfb1b4fd452f5c4d9ad7b,True,0.47539067744163227
S1,628,L13,15757629599116781476,63d8e2bf62933d7b8aaf5f0206e79dd76f0cd57735936e75a6e324ffe7e29fc5,True,0.4117391336373548
S1,628,L31,16705757975086289870,4db7109b8ac7718e9ef1b137b96c48c21ff2d61c30defaebdf98ebfd71fe0c69,True,0.44275479052762323
S1,628,L23,12816561958730365006,9044cbf58d34389bd100c81a8fbc95186293ca8a55bc54da777073f4aef0b603,True,0.47798418597823605
S1,628,L32,15181313231127907092,587e1deda88ea28aa3398309b944a79fe8ec04aeb7d901d833267d477cc7cb91,True,0.4184522550627051
S1,629,L12,6940567039551970691,2bc440a98f4446843730a9c5160e8da970a3568fc23443db83fac9af977efd72,True,0.39162646846419613
S1,629,L21,5073262775250478295,bce1b8ab20759f646de2bcc7283c80aa147f99b441c1c98f950f66679a387da5,True,0.46773813021993216
S1,629,L13,3905574673529061443,5c608ccd6bbd908778484ec2a1862fcd11841b96c1b7306972a6f5f2797a2689,True,0.4107015780508832
S1,629,L31,15414064589762180269,c839bb66f81843c1a1a64e7ff0a83f182078d11bd11617aad34d2952b2c71bac,True,0.43791590281595383
S1,629,L23,3054733940714409290,6f531bf00d33a95dfbe7a26a30df8bec74889e6b73dc718b0e1dd02f4b699599,True,0.4741099925188006
S1,629,L32,10536232867966655609,99b76a3cd094fa978a2c8d27de3179c95c33b50d61d44b5c22cfffffd009c6e0,True,0.4237216347598353
S1,630,L12,9396503422196800234,32f8d40350849ae17f97d2771cd18de4bc874a4054cd6f6fd531f86af4cb9e57,True,0.393281158102184
S1,630,L21,894808854775689949,396a5af453a70b0675e7fe422db46c2ee8eea3d930974df1606353c4ebf6902d,True,0.47167575312501425
S1,630,L13,16865488630475330271,c964ad62d01e1cfde1e09c6e705e90442435344df7f1309ae0d48390310daeb6,True,0.40877081834102535
S1,630,L31,4450782199320013832,3421367134d1491536646229ecab8a76736d03b47ffa2a6d3aceb898bb12eaf2,True,0.4433650802966468
S1,630,L23,7831152829223305028,41817edda8527b83f4226fae4b0bd7a4076bca1afa1cc902100d8364c79622a4,True,0.4775970103516635
S1,630,L32,12063773575419140760,c6766feff5f2559a19ec0f36a3a419819a1a4462fed635cf0a70e98a5eec570a,True,0.4257727639881034
S1,631,L12,4347306305122953609,34243382838578d88892638dafe03e73e2f192d00e4ad45a414675eb0a5df682,True,0.3922166561620806
S1,631,L21,7014931343429150150,bdd7914ead720975facbaa9d1e92d009d717848f4283693a2841face23fd109b,True,0.4713617741647371
S1,631,L13,10983463355371252903,ae7b08271fc6d296ae3cf726912db41c0e7cb8d0151a103efefb24fbf61401d5,True,0.40681578409042657
S1,631,L31,8574401700591093236,61c8c480d8bf0323e6eb9da0ec02983602dc8425904d3826cb5d0974e7eda645,True,0.4397550931257849
S1,631,L23,448973688215995264,5e0fe4d594f2fc7d6f0527343ea168c0949132224a482b56e5e2057818701500,True,0.47260741725547345
S1,631,L32,481657983865903443,1ff8b81ab993448170eb29e8e9f85719f50eb3b4b60ae55beba9ba96ce132262,True,0.4204950679801316
S1,632,L12,14606264135158014066,742052103c6d004b50f4f0bd2f7784ff01c3782a82a53db43e6d8e7f326cd6e2,True,0.3899435044723684
S1,632,L21,2151805919111600612,61a78174597c9acbeb6de9f7a3a5d378f7a56eb3859bab9991fc78e33af59fe3,True,0.47447818246661927
S1,632,L13,7759728369653310335,8f3c9668efd8460fda8af89e2ef50636fa1c8e0213a9fe29287802b506acd756,True,0.41461418989190024
S1,632,L31,12214223610011352751,02e57fdcd5a64681213b8fec4db7e3aae4bc5dfc115225bc15651f74f08c8940,True,0.4398276843780203
S1,632,L23,15272076185540231200,25fb310587d4099f407b4705690036889e7b6839aa5fd34094c7dddc95c7f460,True,0.48490027619608966
S1,632,L32,10427323797175408955,e4f4fa8aadf125cf58c2ed6bbc8136cd5757344564912ac1996e56efd9205be8,True,0.4248465137086624
S1,633,L12,782895082933162556,a2e70d3a383d4557dd7fec7a6e54d30f6663106e817b738ac7715e57ea60de23,True,0.3938191967843241
S1,633,L21,6520127783523771844,a1ffe9405f39026555be0b4e28dfa4ecc0c53b65cf0d425ccada362ff3d946a8,True,0.47457389757567014
S1,633,L13,15348175725639446760,41199de9b1c3c225f3d70929781f1c46f89823b94e1880c72031bcbf56ff28bf,True,0.4035608469256954
S1,633,L31,17815026743017819069,20046bdfc059d22d454be51fc1f87ef56d6d532f91dfe63fd8c860eeba1ab90b,True,0.44234960277207946
S1,633,L23,14240961655204270375,19c7778b0d548e4755eca54fce98fa448f327f058b2dd379543fe373368a7c36,True,0.48397429828719263
S1,633,L32,6174948968189540889,608362d6cbe9af9daa4212523515c52569b4c71c9b58f9cfa336faa2ef0b91f4,True,0.4256853275870653
S1,634,L12,11658720173137635329,4943aa53bf6c89f8de8b75bd634795d37674c20a5c6475974d7032e974895910,True,0.3936692846325561
S1,634,L21,4860642374330328822,4412e36f9ed9d14ddba2bdf564cf7182aa47703e849a74a5acee3714e06ed926,True,0.4728591245693625
S1,634,L13,2854963534345552590,da67d9d37bb48346d5905d3fd1a6a2793b20b93eb388a6848851fe02718a9feb,True,0.40704925605172704
S1,634,L31,9529324525878263245,b366176cfc1134787403d2f8c8d0f3e1a22d0de980c33fecbe537dfe8e658c55,True,0.44538619471438917
S1,634,L23,2447745619195526788,06b62a0c24e6a6c7ca8d37cead15128dd27a5d37edb9c95a79da440fbf7f53a4,True,0.4802284050080605
S1,634,L32,14785121692037128453,bea7bfc8ec941ad08684ebe602070d964d9cf306dca69d824a1cc5ecc682eca9,True,0.42464190259407686
S1,635,L12,16910798776543726685,de6b9a37c8feeaaa5d5a89cc589cb8606f3f47c859148b8bb191273c908fed74,True,0.392615624349509
S1,635,L21,16206047038371487145,71bb265578ad81735f78400bcc72240c889b7e8e4ff8795e434d38769c77327c,True,0.47366238520085574
S1,635,L13,3727165720520695390,783207bd5f2a9dd97ad567c1387d1274b02116372b2c45992f99ff116a282987,True,0.4114777544641104
S1,635,L31,5570947237520631848,98bd34874ab255773819cdf355f974897ab66242a4dabb9682753df84f5249d9,True,0.4360970482841909
S1,635,L23,11042704504357699054,dd906e967283bb847368c6f8a254c7fe416db63e18ef5aff4934a9073d0a2089,True,0.4794559868536738
S1,635,L32,2107509458104049795,cfd336c1c81e0a799bfda21d930160ada4e34901127cfef3796a4734d3f8d81d,True,0.4264797612100797
S1,636,L12,747421010574893343,1e97b927a78d8f083374d7956400bad73de127d168948703a4b0c45644f4647e,True,0.3917688295487885
S1,636,L21,7958512644320660959,c77f87b7412191c2636cfaedfadab212dbf08ecc1e02775114cf3076bbdfa706,True,0.47321833033941196
S1,636,L13,18122084714862676636,0a2e7db43b21f8e2b203a71b480c970a7d0dd618aed6090ffeec5d7aa0207a01,True,0.40807523126809736
S1,636,L31,4801838547765675556,d4de4c8654b49ee54f48af108fa70a9976d5c59697007074396826c624ac21ce,True,0.4409380325468166
S1,636,L23,16251088483014568999,7c2ca348c238f7def908450497dd9e92a700d3d2b608303014afa589f8921cfb,True,0.48111960502501183
S1,636,L32,8806338924312441700,69aa1a4171025e6597da387ee092e71a20962c95e9fd187a9897a850802bb9d5,True,0.4244024561907512
S1,637,L12,16583294841172288499,abe01c843658188ad32ed0ed6a7d0899c1e94d16587880320f5c2fc7287cd8d7,True,0.3924056729472601
S1,637,L21,4271339235800460880,e0b066dc3f18ac54f6e7cc921d0f25617f31f76d4972b34a2e383c4a540fa086,True,0.47735173347965176
S1,637,L13,10157690526783865245,865886ad81e6b9e4f81f419d7c8056c4725a6b210417845b64436e3d9ac919af,True,0.41106555039832804
S1,637,L31,14028562940023108598,20025cabe04615bae9c4a426632787822d900ef051647f7a027a79a636316a76,True,0.4384731643964969
S1,637,L23,17084595007211672244,90cf62a31ae6a97ed231d3b8eea292c1044862e878ad74ee4c6e43f0a73ae633,True,0.4789482904076561
S1,637,L32,7670435492912088030,671ff16e09907c8557eb98745645d6a43c2e97ce1191fbbb7ba5111cb6232282,True,0.4231266685122205
S1,638,L12,3441879392592458405,083317bb538bb076c449c5d98688fff2e33c6335cce50610d7e4382db0d72b0f,True,0.39408102045330856
S1,638,L21,5138076525775778166,65a586f5a1549c2a57f26ec7f0fa85ce725a63ad57f31282d634bc75e6ece637,True,0.4713839462790855
S1,638,L13,1831470485785106843,8ddf97afad812517b0758641869d92ca1b45a03fd65778df47fefb693d6ac11f,True,0.4053412525624196
S1,638,L31,4908036440240121598,9fdb390e389b098079c1922d53e158557e25b2e9a8b0c45622dab8426758c800,True,0.44269397574624714
S1,638,L23,5572724131342350572,fcb3c22788e16232140dadc536fc50d101d5c67eb36a79fd7e30aef97239fde8,True,0.4767257728866197
S1,638,L32,12749659447326886837,b1b2c51af943746bfb75669f26a80193140e76ec94c8f752e1c69e82031e87a9,True,0.4246310562428429
S1,639,L12,739816994320358166,bf3b8f6cd4d86ff5ffd3db527f287d2dd3c8a163fb417816d7351b79164cb746,True,0.38436328951537807
S1,639,L21,13450397903386117263,2d3aa4cf7fa7ed5a5ebeec739658695c3054e05da7ea667b7a53c0f47a6a0f23,True,0.46662456808985686
S1,639,L13,14764684751839978829,028a1ae85063a6ccc35bbf06e034f4059dbcf36154bfd70803b7968a1a65bd1b,True,0.4047309478431935
S1,639,L31,1707638468025632702,7acd53bfb956932afcce0751ef180e88f0acd461c48cb3c384e949b6af684064,True,0.44598151303734956
S1,639,L23,9008714675334454893,b2f878a7f3c3d9e4fbc02f84086c19c4eb39e4aa2b2a1fefff8caef68a600c7e,True,0.47882505963952793
S1,639,L32,7547639051861441555,b3feae18b271810d77620502fb9d5eef7ad496468c155e0771b1b46dc8e7005c,True,0.42684607561040855
S1,640,L12,17953799692584235168,7f510a5b017c06b8922c8e6bb374fc7b8ec9c88cdde7c032ab2655b3dc18eb49,True,0.3921739291546984
S1,640,L21,2068843615552726616,8b41222e4de530ff24e2510d6677e81678faf71a09c699ac0092d2a6e307ef5b,True,0.4736668286472982
S1,640,L13,5564367731516521187,4d73b2f4ea1157c39cc0256c6c16efe315a245f2ae0dc5cac335231868debc06,True,0.39970351104655505
S1,640,L31,3114051095024413646,d6f37fd44e0440475d4290b7b02bbccf1c228d3449cf5dadf9a1f977898b946b,True,0.43952265576490085
S1,640,L23,11164772002999673456,a2ed70b544ee5860de5846e2743e36f7441be225cd9e8e5cf0ebb19dea518add,True,0.4778378353481295
S1,640,L32,7471735228631002048,c129a0421e16f7d83faa19a6e35adc9b0a16cffc7736c1ab82248096cf8d1d93,True,0.42710719222867716
S1,641,L12,16712608865835026739,698433f3fc76f57d40e10374f7a113d8f20412d7a362efe88bacf915917e49c5,True,0.39543138424703506
S1,641,L21,7876837767540728212,e0a80367dc9765771de15eddb127058153a43a2eff955d2f11297e54b3811594,True,0.4719195651430086
S1,641,L13,13625678545362127453,1909445604ac878cc2e29ac100904fb65faa387e3b17959ed048050eb1ba8c21,True,0.4081897940043254
S1,641,L31,14475677631004191521,7c99fa5b93d2bedb7513d9776a990430bac3a6f5888b5883cdee088e6673680b,True,0.43395762809754035
S1,641,L23,18258250444245991222,9a69ca255e81e0a36fe38a6c7256eddaae9ff088737e87fee325e7fd87b96d75,True,0.48293895798613073
S1,641,L32,430927507860988302,e4983c446580f086a745fd560a68b6cadc6f2149d7478505b7720c5a9c75e6e2,True,0.4249685817038774
S1,642,L12,10762598702439408387,9b3bc5334e4652e08ca7180394b42bac5e3536045f220eaa5f3072949922a771,True,0.3920631851862779
S1,642,L21,9744590402048266269,8e575130f10976e039854a0a5b41e7ab414b9c8fec98079e8844e71914b5da35,True,0.46969080182838235
S1,642,L13,4405087458376856901,fe290e9dad74db9eff8dd85b298fa4c36e99923f2bd4d5b274118ad0e7645f0b,True,0.41313442850233056
S1,642,L31,9518658244523970557,199e62e769827e1cf4589033135815a48086e33be8a77638f1c996cd01b6bf9e,True,0.4375528708275626
S1,642,L23,13963139065100563488,fce4da3e5ee9822e580cd7f0b8904a6d9603a3004855dbcf3c075caddbf69eb7,True,0.47308770873757655
S1,642,L32,12424780604073318466,f40a0f824078cb99c2044005a10a1aa1d883224e942a33b1c2d87c9ecdd21720,True,0.42228593305622775
S1,643,L12,2761258990814532737,dd37394f2d58f4fa83c272e58f03200c970659fe3e9509d3ac236841ad290b91,True,0.38816756393353324
S1,643,L21,8769490784873409536,b78730616bb8dfc04fc59af373e8d91864ba05cd9ccfa0c33b2c73c24ab59110,True,0.47106716536353516
S1,643,L13,17503573411373420381,3ceb1aec7ce17b12cefcb9ac2187eb9ea6054b57d6001ca01189ab35116b2a01,True,0.41659316691383325
S1,643,L31,17637310376149371176,d18cee050ea283868a9affd94f5928dc04a0bdacc94d042582dd5bc80fd6fc3e,True,0.4413140936523303
S1,643,L23,16834500983184982782,5e923ca42bdfe8f85bc84ee6ef677d323c938e1508e7768107030420ee2e784c,True,0.48052168414902724
S1,643,L32,7330742123959215468,d6cb18aeb0537f5ab3fbab9037bd083caf8c7b4b9a44741b5f2224db26fc47de,True,0.424780856191954
S1,644,L12,15345051551097418715,faf0ffa5b8d491eda61f9b423cc127431747f68328e7ca8d250b3310cfab362b,True,0.3944035437143288
S1,644,L21,8203271712122376603,555b8dd096ba99d93cf7f5459c0ebacb92f9f3cd12c67f12f2f6083a1b862cfa,True,0.47548910766624564
S1,644,L13,11381182358745231051,6c8cc7c150e3bc7a9c5452fd6456019f5ce4c82af179f2f652e00e2a1f8d37a9,True,0.4144877531687928
S1,644,L31,3351963332533987774,e5f429d70f49dd4d623a8afbab5e8f7a408caec189d91fdd855ffa503bf86354,True,0.4401033285012854
S1,644,L23,10985479332364675430,18fe098b04990ff6d5a1a30180f547374d75ba9fe95a483b8f97fe47bf0cb94f,True,0.47410561871259743
S1,644,L32,12171307602729845535,6cc28f53b7697b69abfc4af8ae9c1e7d86f5fc10bcf8940d6b14706e9d8bcc6d,True,0.42349938466465864
S1,645,L12,1166271455228200179,410ee61f699fa69057834b9eb470274c0bade2f3819c6f4aa8c4f94e0e7a54f6,True,0.3883930788259401
S1,645,L21,9019205137291173318,b58f897a16a4a46086ca7fa91d73e03ca187f41c11623b0aad5365b15aeeeb78,True,0.4727457315004755
S1,645,L13,9597865893202304619,55b4dc7a86eb47ffdd9b49f4420c2e91e331a306f5cf581d4a465e4f3f9fa601,True,0.4079456132983959
S1,645,L31,12293854740833312732,ecb6ed55446ae404bc6d052e58f3f1a8d80394ffe85578da6c7cd29ec322dc41,True,0.43633728643903225
S1,645,L23,11213197377031311313,dad5be7e00c4ce2a8caf58c18e81e1db48e19d2aba13ca52e6f9b1348c8248dd,True,0.4826685223077408
S1,645,L32,15500589518642888179,8cb300cd7f97cd228b222bf7ce8fcefa6f3a985090f1889fc927181c58a0430f,True,0.4226006487748294
S1,646,L12,18137997418623269513,cc49ae6761759ce860fd906c758cb5818a872fc76ed7a36658b98ca4b96d9680,True,0.3925448523627998
S1,646,L21,10472043999174498760,7ba4f5ae5be2998d302956030439a46963fa64b21867afa889b674bd850243be,True,0.4735454426282373
S1,646,L13,3643667372818312869,52d2cd24f32a1f00c87cec994ed578dd78f74e2ff46888725ca5d709ab5dd24b,True,0.41428108969668265
S1,646,L31,13420482110582816419,5cd6a8e14aff283acdf071cd9682227e83e0cc5738a31fa8fb02f5411198267e,True,0.43284224159553725
S1,646,L23,9711974312926084710,ee39d0359277d26dd4d040256f46c4dcd9c126d0eeafddb167f1413781a358ed,True,0.479954847439035
S1,646,L32,17862986032805662832,d8e35374c841e6cd9d3b6aa5a78c6fc786c8a0eb849c82bafb05f31dbfbcbe51,True,0.42233932990568396
S1,647,L12,16456702644707885492,c51a2a013834231db62d5953cd7e856243bf74e5a2a71e6dcc7d8f68047b3673,True,0.3904260995766198
S1,647,L21,3986751178401108417,906121cb6d4c053dfed3d911df9b46884aaf5ade9999f1d734f9f139d5431918,True,0.4703768807056097
S1,647,L13,17427212645279413233,6a36bbddac1571d2ee0036d2edaa519ea57598cca73ed68602c5777b4a38046a,True,0.408115752164228
S1,647,L31,2662302280567170923,9650b22393b53af645f3f429d209b0d3d0c771be052d45897f1bbcabed010e9e,True,0.4395391428596137
S1,647,L23,5908759566193034294,51c0e823121d215e8d9a14dd371ed318a5f5af3be2959497792b7e8db28e95ef,True,0.47437752202294503
S1,647,L32,13991951604419717042,b5881e970479b76b73197b00efb486eb2b0e1cda7b029d4cc2580d4dac99457a,True,0.42453377659076613
S1,648,L12,13448834299969049796,717e41654e1c6b6b5e65be03f393a26479648712904624a66c619c57231bd2e0,True,0.3937828711879146
S1,648,L21,10105055182175575055,f013711b885421a5183e92383367d66cc9e62b1003fe0498cea334562b9f245c,True,0.46852461046209615
S1,648,L13,13430962873362606944,198cfd3f67997d927472756bf2917bb11396fb92760813e659c467e7b26d54b2,True,0.4065898082326197
S1,648,L31,9950042270678545791,60b56ee29ef737e2806090631720ee0987797b9739df228ca8181d38f557a1ca,True,0.4367838429977615
S1,648,L23,17866265732026747078,0e36b0354d9f89a72a993add91f162a8209e5b040972a6d6e093cd8695144d53,True,0.4804941137774428
S1,648,L32,873681180659965238,73665dd394b56092fe3c4827b719a6350f15b343b4fd61ded7c563d138959432,True,0.4225938810187507
S1,649,L12,14106214213732879548,4bc8e1bec43d3489b4ce06cb89748979fc8c8913f84a6a93870ec965a207776d,True,0.386768229210535
S1,649,L21,14398655457467768194,1c679dc585a8aafe9469afdb6aa9be4a022751539bf88d0a1000f4cf601c8f20,True,0.4707506814961518
S1,649,L13,2013359593700104777,f3ee77fbdb823add64a8209d4cb1716b6b304fee5767ea117a4e0fe7a7204b23,True,0.40934243981396734
S1,649,L31,4372954500613742623,7d1918c1b8d8facd120f6d7c08fa45872d37c17b896f3772a52093fee8b5a78b,True,0.43772284351730284
S1,649,L23,11185172686348036592,1fc5603bfa58532f164716920b37876f269cf89c72c5f56f0d04ff219eb566d5,True,0.47985314507440585
S1,649,L32,577469383806970079,d22fd9bfddcd3c889066c6ce5f081980eda0e17990018d8dc1fae93ec3dbf445,True,0.4249946586167431
S1,650,L12,2365805877902732678,99e8060ef7b8d988b6810d9de21f636d615e2cbbb44e1220d84ae216c68d75a7,True,0.3908429820193079
S1,650,L21,7951836909081696371,aab8087940fedbde41d02d8cd234e19c7e2175257f9185c96c50d59542a2900b,True,0.4742484964083704
S1,650,L13,8813904724985686439,4de21eff46365371793ff2e4a0c5d06e23a11d84ab4667a9a2fbdbcfd1fa4a98,True,0.40277039324124164
S1,650,L31,11551181595646666064,5cd1d34b1766b78ed2784b59e9eded46ba564790e295147b742952b67a490525,True,0.43838537170331615
S1,650,L23,652235194419138952,64310e8c2f677748a60f9fd53d75eee5f03cb660e88bbc50e4bf556abeb5b5ec,True,0.46687978113728823
S1,650,L32,15338095225196182225,5a8cb00dfe7f64e4b61fc3714dc2ba0cc61936207d0f3c8427e6dca649b6cb84,True,0.4212331912288623
S1,651,L12,10690839634576278217,48b0e62adf31fad4916e9226eb717d9d35d04efde9465913c574657931593598,True,0.38849692180059936
S1,651,L21,8807687511307144320,9b4f714ca337444c1a0f4d23fff9d6c3cc5d5b808ff807b66465ef66830e35ea,True,0.4703213662642396
S1,651,L13,5099886904861871103,217cebf4e0ecfea3dec5d8c8cbc043ac6ec49e63f880cf4dbb8dc1011f1939d1,True,0.4085582458236323
S1,651,L31,16403772720353520498,c460126b2e1285e86e457c22f758b9ba7277a52eb40a3b59bd044025767d3a24,True,0.43173702137387104
S1,651,L23,14239608483521319204,5f740442d0dbd6a9a89e7d0e9a95daf542a1ad7aff74296861327124a1077d0f,True,0.4753889483083836
S1,651,L32,16179195298533058231,b6717019ae1330d42bbc080077a65fb336babd8a8a91a92413ef5f7fa8fa22e6,True,0.4225058270825969
S1,652,L12,700980750007573865,95daac14efcc836ca61f7312b6a78a148150ae3011b26213a9a3de6f6ab0e92d,True,0.3944221600818179
S1,652,L21,8282089861722209958,9b14f886c984d322d63f101a66656ce5047eff306f77bf1364ba4fb6b510570c,True,0.4738317478845076
S1,652,L13,2357708955551054075,cd2dfcef9a99799da73504e93baab79f3b97cd37f0a9dc0a4a887bb3a5db98f8,True,0.4079985874412836
S1,652,L31,15890502894330822488,0c583b59b1ef44c238e861a97721c8bf4f8f31f8eecd8b9842ab82ba5ceb5a81,True,0.43592577298612323
S1,652,L23,3879647059916081593,4d860e2b27d8837b42dd55abb8cb4cf956cc1905346246bf91c5d7a571a90d52,True,0.4793617225616446
S1,652,L32,4797226524248304001,9d96f0540edeb53d89e1f19ca2475b5476f58c8b9b0e95517e285c0ba36b1a35,True,0.424790994763788
S1,653,L12,9560296372370228347,b77cf5f6a2345c58ce3a607aed722037605fc802a7213e68eb3b041050a9c108,True,0.39161627186144643
S1,653,L21,15064855805538761970,5494ca5e80706851f72fa0faa347becc9ef167be0cda6a987c2a1760df726796,True,0.47397086853807646
S1,653,L13,9261389976956379467,9ff0562b7ece4746001e902fd0bc2301ca2bc1f3fc44de616b11c6b97631bc8f,True,0.4111133536512231
S1,653,L31,15576965914540451085,4989838842642b89dac6303912837f2def8c60fa3574ea49e052dd22cdaa41db,True,0.4409099222614394
S1,653,L23,12154348480843394683,b5c8d2f9266df428f7170d83a114dc3fb758999880aa52bceff51d2e7687f25b,True,0.474350356227759
S1,653,L32,15701973041956741191,99fdcb84f703c810fe8d117fe90346b49cf0fb7922060ceccda9b1043df25246,True,0.4259717855954414
S1,654,L12,16861307185287420999,286bf7ce7abe75f3ea4091ac5f1bff6c4c732569a12c634e31e45316a049660a,True,0.3922166561620806
S1,654,L21,16343019693789302119,f2b7b53c53cf727c084eb3df945ab8b52dbcd238402c1ccd16f9a5abd85141e5,True,0.4700024883750537
S1,654,L13,10586087972170830580,20ad31311a528d99ee600d91322e96380b92f1f0a686cfc9ef21826fff793ab5,True,0.4091169710512778
S1,654,L31,1365315750319177615,448aff3f7520dddbbf9b45d71e04f1ef4aff147f6629d73e8d46418b4176bb6b,True,0.4384191027007209
S1,654,L23,16584396627828295780,25ab2e4525dc98dea7664bb687ad6224f951d2dbca1c824d69e87c25a30828c4,True,0.48107832422192853
S1,654,L32,11792519163006825171,5775e06c7ba1577328c5d6f6a3a2b855112926f90f64397988d1393de582bf67,True,0.42390273756454744
S1,655,L12,869472935732382341,5fad2f6b4525a4e5adade69d462f0bb9d120d614e7cfed2eb40488e192fc9dd8,True,0.39644682979968376
S1,655,L21,14200133362905763780,bb56ebd465c1e9817542c43144fea86ec98e0e21eb3de7b4f9d603db5259c949,True,0.47613538192477206
S1,655,L13,8987287729286384965,4b915feccb75f21d94c601869284953fcd187caeb9ad6b34f29a48e673a76a03,True,0.4110802250920133
S1,655,L31,11412462626111020282,b9374e9b0e5ac169e7fca0f5d75263a5f43b066bd3af1a17631d8e95eb4e6b67,True,0.44179983664543754
S1,655,L23,9509832632596108542,651c282f44e2bcbf3659c12ea41b7e8216f97abfb422e052a9b2263d5513fc58,True,0.4735544874024053
S1,655,L32,9004836541401203929,8bb7f2583b398b25c9bf6baa84cc09e72ac0e7ec49b2a31a91f56a34bb742e25,True,0.42226526670657727
S1,656,L12,5457804036776253783,5f1462226139ff07fd3159cb73cbca4473aca5f5540a55426e573c50a71aecb2,True,0.39032909557691997
S1,656,L21,7616682683010216224,9c6364917ea9679c7854caa3ee177598f4eb20dce67d88232ae2060bf62a2fa0,True,0.470736231780851
S1,656,L13,2179452500100316932,0e126f1d9dda1ba07020e34185c88a5950e60ba1704f3b54d75256671999d74a,True,0.40973397738737394
S1,656,L31,11126206900018150515,791a74f09705792673077439a2c316e226bab51ef94abdb89110721b8798dec8,True,0.43948920717082085
S1,656,L23,544167332823996513,a6a0000a7e52df82e441052769de418a93e479fd1f08f2c005dfa0fba2b84b91,True,0.47792372492721424
S1,656,L32,17744176190059423179,31796a2497ceec8e1bec1510bc1269f78e2528d79af1f8cc32ed49a92451505f,True,0.42479819097534677
S1,657,L12,6882403964682723872,4c6657bc5d4fea50349bb0c46e2540063a3c28c30435f5e8b6945db20d210c97,True,0.39214379065602667
S1,657,L21,9106006150389577019,10828ba05cf7dbf249e16c7044c5b648fdcc919612774b1af0c5be6c6fcb6698,True,0.4728085833104839
S1,657,L13,12161356195971167722,adcfd265690a2892fe48556097ca54deb3a15d92c5d9c14945d6042e79e74b6b,True,0.39759551501160145
S1,657,L31,13541496626790976724,9012fd258a5afa7c748bdc79ae726186f245337ea04a3ee2a3449e0be05c6453,True,0.43931938524192604
S1,657,L23,9453384699176998054,7ea57b1f01ac2fafc0503eaeaddd630e99afb171a935360a11174e7dc0c8a087,True,0.48240387187971734
S1,657,L32,13009250300401007336,7e10956604b8111208583072b2a0134ff49e816f2fd0dae87082f622d6890b1f,True,0.4251368075526808
S1,658,L12,3956177175811572493,f6186ac000868762763ab8b2bbf92f9c646aaeddbb919b111ca827732a894868,True,0.39346019638688656
S1,658,L21,10790435360492353845,549a50abf62747972e345b300bcfd2108693e0e87a7df378121a0cabc20cd593,True,0.4748641672940773
S1,658,L13,5546640189097998950,219fff63a36614d791048db0bdd6de234488accaa9cb743b0b3f3f621f72de42,True,0.4152260078185973
S1,658,L31,15735448859132782028,9e7c5ed73576f2182d49eb6858ee6101d08a33260f2c3790b58902b271ade27d,True,0.44090384268621663
S1,658,L23,5558294243301078379,1bc0aa7faa701c0931447ccdd3bdbeabea4b6fa6f0e0f0affd27122e2397570f,True,0.4799231193537399
S1,658,L32,16434590980618058313,9a7789787c8feee4f88deabeb9cbc931d96e0f66ec0f81a58ddae8e8081f1701,True,0.4228114355464559
S1,659,L12,9441927879675994783,a76b7243717fb422e47e8f5fd526511dfea8d9a750c4ba2fa16114c1559cc092,True,0.3916169661294493
S1,659,L21,12930137024273904245,04684e18856c04ea822f6d79fbf2970373361ff7c9ca7d56a0fdf49bf3fe74e6,True,0.4723377144452924
S1,659,L13,2656816683207509387,19aa65090427e1f061a29bcc340bd243753e9100d5441c9e33b5df836382e66e,True,0.40469418890812303
S1,659,L31,2879186992065585207,edfe8665530c9135f19768690d92d37c8a48466fd78b101aa8649c2f4e47e12d,True,0.4425452618802196
S1,659,L23,1227235507117870901,c5e67783e48aa912f74baf49ed9ba24cb29553b850d80c1aba793617bfb185d7,True,0.47599770030027333
S1,659,L32,9013831678282151455,3e8f5421999222e3b022f7b7b32d7bacaf729074e81838e59b64a9279c638447,True,0.4247060441157661
S1,660,L12,17677854332359541665,cadeec8c96ed772bfc3b544393fc7aa49e046a51cc55e144b516094bd825c113,True,0.3932365932237316
S1,660,L21,783990546297258533,c970bddda04d0561a6a702f01f3c97a2faed269a8c48f692738fd01dd7290e2b,True,0.47746187319629824
S1,660,L13,9781725127925543514,44c2cdf4e9d7ad61d2b90354a73e3f417b40b3492af19778a53767c3dd3467dd,True,0.411236741128644
S1,660,L31,5094695526863622378,588a5023bf05bde3d0e349bd386c463ebe855fe2f401eb6d1009e5b16bdec4bd,True,0.4371617923673684
S1,660,L23,9737980190645533405,9ab9b3afa8faba5bbc4bab9c405a7f070bbe1bed60471d5d319c74c87809aca5,True,0.4834972901341505
S1,660,L32,12735216154927323239,2cd73ed27bc0c0d65d9ea4665078af10927856f9c3eaebc650923b731645e98d,True,0.42583219313652154
S1,661,L12,4516046303178957442,12c85cd88db526f7139cc5455d09ed60a809bce416dd3c2de9fe289a5c5817e5,True,0.3881640474670912
S1,661,L21,12236784529135393642,68b67539f4e42295f72aa13879b426a93b2dacb4fd8d7e0fba04e1271a46ef5b,True,0.4721138474125496
S1,661,L13,5467744498910300035,ebedf7bfc084bc2f42a98b36842a8c069fc501f43ea0dda09c3bee80c6128659,True,0.40532637272924626
S1,661,L31,18115698876433751862,0a55c964f6938184ace9498543106f95ae6012823b430ecfcea328e070171e79,True,0.4382808714567673
S1,661,L23,15540367043384940934,903bd7e6cb4acb0dc1858989a5a604256f93a02519f8191f891179f4d0d5b1ae,True,0.47341257467227355
S1,661,L32,3718850614443129349,90b4616269a75b6c50f362d95101e5a77c92e512a0db1e1bee46ed1910eed450,True,0.4244923767487586
S1,662,L12,18141704634328423362,682a0eb121f1cf701b121f5b568965a3eaaa6bc910c0efd89e152f13d21f9e26,True,0.390459656185572
S1,662,L21,14340545632347695945,adcf861b0876bd343b0bef79c3f8a6407857ae49a720375e329d8521874d16ef,True,0.4748191242737049
S1,662,L13,11645201833917954097,d179d6c92628ea3c04d4e1272648e1767e23f5239e5bf05702492d8db73908c7,True,0.4115888056009028
S1,662,L31,16363086638045588496,80902a2a57b728cbded9dc669e269f4366c5983884ed2e11914426b7327e5769,True,0.43497606425971214
S1,662,L23,10850400255704002429,8d97611739447c938b6ba5e3798ee96c05dd8fa6bf96bea5ed0bcd7f3b516a2d,True,0.4745562705262043
S1,662,L32,17584890706445214196,48ac2268cd7407dd7899f0ee34a48fe6820a95646f15fafb721c245b776d505f,True,0.4300281240146919
S1,663,L12,18061548423453346637,9c43cf3deddd60d40c6ca9aebccd1a0a1b1687bfea031cdf810817c9dc333cad,True,0.39591986415808916
S1,663,L21,12335534307117182742,572652058e1a4485c4aa168ae0abe75f7c76b8c27b4071519f44af9ad3ab1274,True,0.4697964988197678
S1,663,L13,16582622194705444119,e34b0be64860895f01105b067667bfff3aa449e2d719960a4fb80a31e8e96fb9,True,0.40287783036932584
S1,663,L31,12940362358256927560,dd70297188b080aeef4dadc9fb1940193c8744097ead932c63a9cba2e48624c3,True,0.44150297912622355
S1,663,L23,4969967612163833389,391220652ad0417f46f3cc908d40ea169cfa37bd3c67a1cac0ab8d5f06cc5cd2,True,0.473407622248624
S1,663,L32,8311239498458053653,8b9e7f2ec2ff0639809315f9a546d7e32d1996440b51cb94f2a054006ce1ba0c,True,0.42828540479294547
S1,664,L12,431070736151844373,32e8d60293fa15e0790823e2f3e07c5bc41ec7a6e9cb4ce875afea5aba9d9f53,True,0.3916431996452743
S1,664,L21,3341379749506909007,7112024df23cec7ff5f3e6a346a2d39a802ea32634fd210f92ecfdbbdefb083e,True,0.4777927686745129
S1,664,L13,17224339211058030350,e7cff8c4a90dcae21bfa4cfd6e8fce458fe3653a79c0724a54c1008f207d938b,True,0.40816061457622166
S1,664,L31,10724623841809883000,043f985ef1f0ddd0d9c58a8006514ca47204b133689a4f0ba61e15c04ad2d8f9,True,0.4384731643964969
S1,664,L23,10679018406887052879,be0b69adf29a2ab0b623904448c57f0ba1067eb0fe2496f54170f41c6b02d92b,True,0.47320998999532315
S1,664,L32,3171837664330867286,b36bbf8a256c57bc3eedd3f1333d48a8255c90dba90e0b4ec1d00bb5b73c6ec1,True,0.42488769560055095
S1,665,L12,2784226916348380263,dc85c4485626f18e9ccf526c6ea1797c18dbe678de1554c16e58043dfdf4b18f,True,0.3917209242257625
S1,665,L21,14535694571484587380,e873393d5b2055c6a13c7f320e0a94d8f1668be79c600a52e029f9ae7e853618,True,0.4713048887677964
S1,665,L13,8237914173383778251,03d021c0e7e067af86d625d4fdfb8e528621af7bea23a4e7fbfbbafe99a9a9ea,True,0.41569980623027125
S1,665,L31,2961489198342829234,cda3fffb543e476ca347c836431296a49277d59fc6e1c49b7f3c1b692a64a41a,True,0.4440518931591736
S1,665,L23,5152110290346038065,8b7b6c4199163954b19051bb2eb547ec3b5e13fa1bf5e4f4f0f125c290b5c6f8,True,0.4747638081380737
S1,665,L32,3876184493205476260,ed7e94052b3bc8083b53070311be2fc590463e00ba2799bf5c12f49301a95534,True,0.41987199023496685
S1,666,L12,16756701296081220416,cd965eb8b1cea70cc922d4c16ca6bcb7943e73936fc8961362b80ccada9dc7e0,True,0.3932548629732747
S1,666,L21,738473708706097513,e23196966d60147371493dc937912c812be8d5afc7cd5858eea593caa9a784df,True,0.4745362363980481
S1,666,L13,5143471149239847976,7aee8d4b989e04ab695080d63b89409ee365ce141852c12a03b6f678378c2bcf,True,0.41468366934265516
S1,666,L31,8044265029637867802,9e70d0aee5d347d480749318ac736456e69731058abccc5f5456de4db763ac45,True,0.44535248143690814
S1,666,L23,16487296246149563337,69f4d4dbea5751f23d361857ddf65b66ff6e45bbc493f800f623adde2b05c172,True,0.4774765228069641
S1,666,L32,8294232710921538024,ca4461537a6dc8a9ea83b1da964dd031aa6db5467cde73b17f009775404fb88c,True,0.42546329447720094
S1,667,L12,2543813661222742400,0c15bcc1632ae2b311d4a466de6f3f6ddd548a9023b993a8e0e37c27d60c2eaa,True,0.3932648944221152
S1,667,L21,14215341578889171273,5b4137851615fa6594424678c891f1b93e0e9fb294f5cef422b73824b4a6259e,True,0.46521694231921956
S1,667,L13,6094895738986900783,077e9b8d3597ad177ba3855e4fe2e1336d1056c61b3c65d8f656aff5d42f3f15,True,0.411917723227661
S1,667,L31,5149506817838913753,e495b01cc4afa30eea0f2cdcb57110402b5ce64af5089550d087b7cf45d3449b,True,0.4378441421405319
S1,667,L23,14868334667613791983,d36c941b02d672378cfc61cd0fdefeb4f990325f0372f70f39ca098da6c7894e,True,0.48006102054013305
S1,667,L32,3816331613280841582,38580d6ac524bb0ca253b93003f7b7863e47defd06ad89d7da7d71df47be3356,True,0.42490567009887387
S1,668,L12,825120586819686243,3c7e7a673987f4d7774e932938c8c8663e6f29e33508cca85c513b676b83d80e,True,0.39212542421743735
S1,668,L21,11582516541814946113,a123e97e2c11b31fb3f371455fd77defcc03b2b6fe9d95113d4ad4ef8705a731,True,0.4707438831356509
S1,668,L13,11325176782758084524,1704722184391686821778a4a81f19461eace883f51e1587ae000d122585b09b,True,0.40994370925637785
S1,668,L31,14429113587336927095,a51111a905164b15fa867ce01019f80ba1f970364a4cc8572907cf077b41ac0e,True,0.44374301293370344
S1,668,L23,3434708037951096088,ca230c4253405fda41bca9eecfdbedf6e47a89513aaeb8afc7346ec4f213ae8f,True,0.4803197197823401
S1,668,L32,8571278435750346023,9ae5cd02b9fcb72a5eb41c70b4aad57d273f245c8b9423bb618abedca259e80a,True,0.41906123117203353
S1,669,L12,6420405833113458919,638cbd6a46370707bb75b27f76c5f5e38fc61faaabceb2492ead765ac599b8eb,True,0.39025955052092026
S1,669,L21,16984202501529502910,4936dcc2c531c7354bd5400d0e2e1aaba643d2ede9dca3c17781c65ba37f208e,True,0.47491852121783257
S1,669,L13,8825002722773345207,c7cce35c0f4e8aea061ddfebc92a553b5872b31d3ba1b212593514b8baa0fb40,True,0.4081592641252174
S1,669,L31,7416938656704462021,8810b40f72b7a21d177f8e8112bde782c9dac08cea0e44925192c87d22cd2052,True,0.4402388999789943
S1,669,L23,8257587604349023678,2413bf064384be23207cfbb421f6a6c9c6e63e71205407fe2606123440ac181c,True,0.47652753285507726
S1,669,L32,555645968281068297,731e1330dd3975ccb2c5bd072ec332d729a06344cf28e3c505265325e587700b,True,0.4232306305790142
S1,670,L12,8793376316203023104,15282b3979a307d83e4df00bbb22ae1cc343a63d68bee0cf31f2f388edf9df1a,True,0.39016441331965973
S1,670,L21,4965058022606331396,379286e5573f0b27e46a8e554fc042bb49ac7b1eda1b0ae2a7026197d06ca535,True,0.47116080829721346
S1,670,L13,4403278537482647737,2f4cf9e89090ce0f8183e6857e0dc3144685d49d55c91811a6781d6c83dc0922,True,0.4105606006928195
S1,670,L31,4171612442378729455,efcd7223f2ae35f9847ae3992388f83497ce08a35de09651207081888855ba33,True,0.4406980862111717
S1,670,L23,6154896450496306148,3095cea0efee695bcf7d1e4b8608b8eb022106d44be014f84f477b8e98d5745d,True,0.4730729148211767
S1,670,L32,9356753895452519582,3922df714abb6366a89b5de5a15ac7c4dd1c9fa89a2c61b37f2340bfb68fe9c3,True,0.4271850366414592
S1,671,L12,7700410984602664591,e5755966f546b6b438bf8715834124a9f9c01c6f48d16edc9eeb9ae14c5e9c11,True,0.38771960872241606
S1,671,L21,3473794531626927492,85de72398d81a71f3d5f6a8826c38ede562c8ef9fce8f4df40c5ac2c044d47e8,True,0.4718520239771975
S1,671,L13,10573120199622227205,581aa34cd6a90b86ce7782a29069b8d245357ce546459483aa96e2a10bf0e6a0,True,0.4068475853826093
S1,671,L31,6744334053189847525,860cec747a342e6bccf603f770aac82ae7a1ef60b1de885ec2199be6006790ca,True,0.43950484306398735
S1,671,L23,3381765256219710276,ae1a104436e4e9a356595d623ef3cbef55ca802171d9695444eb5810b8d633d9,True,0.47548834755585606
S1,671,L32,9867107737113344619,e522e0eaa4b207d2ff39521cf7b15440503494a125fbc6cd00f9b8c004d936bd,True,0.42170186500150264
S1,672,L12,3340674818833588135,ac7e95f0e484b4d47a3fafb07c2d1f64c32a5ba864ce69f92137ca13d5e27172,True,0.3918835585391953
S1,672,L21,6338590203461946849,9eff2d602839ed3c6656038a4325472dd4b374834dd5fe4aebe2a02e4e232344,True,0.47761925905620534
S1,672,L13,9703842125231641838,ade597fbba628d1054f64560d2c17256dc7b441c177adcc294dcdeb184e037e3,True,0.40962084653307884
S1,672,L31,3242364586551558320,854c66483f4fbb73ee80f8722eca80496a27172227d8876c820241a9933bc256,True,0.44106217360291056
S1,672,L23,8644036629474306517,a24b2c0dea9aa5246ed8a83124f1653b31bde034ca8615d83c256a6a45066d14,True,0.47869137965827285
S1,672,L32,11066701836753457249,9edbd54db0efabeb0d89d1786f11c18ebd0c138686a43abcb8375c6ee12fdf99,True,0.42776689565036974
S1,673,L12,8691827431769720439,4ef6104e1b69aeec04f63502a6c5cc38ddd6c45b26d05fcee7f7b537109f2b6d,True,0.38704410460657224
S1,673,L21,9468233338628559823,eb003050504d5bf1ef4237a151c101aa11d948cdd6f4007c4501329e419100a5,True,0.4670143336428553
S1,673,L13,3820126528901654790,fcbbe5575be0b1fce316b4fe5f965cd206f6cc33f109710fb409dd32a7828e33,True,0.41482908175783406
S1,673,L31,6685049238306353719,0842ce27b557aaf8e84008bb7b3bbeccac21b829c6d8d0a63424e3c664a22c20,True,0.4443289123739482
S1,673,L23,16681526024650798061,1778805f692a98e56c9b1bc51abc3e1e97ac60e7666a1b7015dfbb3b9fa7b916,True,0.4758694518394266
S1,673,L32,1926099278816827516,3cbf47d3c5d152a1d238c988184d9b227488488af2663fe08f0fc625a2ce4671,True,0.4223640513952432
S1,674,L12,14649119213595016895,1af5126653612f9ecfc7fbddf0bb77fb26f5322e6f4719ea0db3938f7ec39e7c,True,0.3932691495967165
S1,674,L21,2452834104943069673,5bcc35097f4f0ea5080c91434b5b8663ec9b60170dc299976588a3e282968b8e,True,0.4730687552354671
S1,674,L13,9441704414426732657,e42c035c56bc0749b3aa3ca8c9a0299ab265b330f1ff90e845dcf007c98edc3d,True,0.4115225889243736
S1,674,L31,16459229026324101333,5fda6b3d61ac1a5da39fab04092d14dec8bc900eec6b80f0fefc5ad8a546abbc,True,0.4411848292294697
S1,674,L23,12991324884673498846,060bcb589c11e5d88470c3f3ccac4b4264437915479adba312443ffdfa990220,True,0.47389510177247335
S1,674,L32,13663266445212281698,05a085a77567c8e8a176be01525242a50d9b5cca6628a1e9859a3027aaa05f6d,True,0.41931902350552963
S1,675,L12,4824360307246950107,0382edf236033da7a5dc89796a25669fe550519a1cffa1a93254b507f754ad75,True,0.39379578818934896
S1,675,L21,3664526799617375296,84d0576d69f85c1b1f4fed65256b36068a730428a666d4e42666ae9e396cc3fc,True,0.46852461046209615
S1,675,L13,7588143201471405445,673456eb92bc917317523ca6f485c84e650dd826b0a2a69a27e3c51724ca7536,True,0.41205942015249564
S1,675,L31,3044592659080730147,da42c6ace72306410d608b65441b7b00b6d2d9268bea310449e908b477868104,True,0.43776509808154657
S1,675,L23,8566516059136173046,f67862cef3233b68c700b73932ae9b351680fd18263b91f124f0fda9650c640b,True,0.47894513568178004
S1,675,L32,13732710592505525762,ed8f2c689b2fb50107a920b35acdfead26eeb41f43bda442415a228788718c22,True,0.42245703306136173
S1,676,L12,13707880677982428826,757fe1bfc5012fdb5ffa7d49e42c8c06aff4382ededc8e3672ff1f0d0c612c3c,True,0.3938229863240924
S1,676,L21,10845615197301363760,686bb1b4a7c1b199440e92843a013dc85f6bdcdb45ab618dbc39372cf148fd76,True,0.46753548415488405
S1,676,L13,6488979260484057735,4a7e1253b9dd788d7aee95f25ad83dd37e57b84a0832dde74e9e77eec55c18e2,True,0.4113877932146328
S1,676,L31,6750101481671448798,439a305f97a7c26706e482a76e79807c3997cc5db4d6161030faff2e92fe1009,True,0.43635624605618656
S1,676,L23,5287692743827681854,9e65559b13c134f669c14a669185c806ac4c3e17370bbaeb635b4832f80cc4b8,True,0.4756329895025394
S1,676,L32,2187184717649857657,c300fcf9c405db3535df3fdea4a897b295dda9ff05b8eb74c95486d6f036605e,True,0.4271623015846549
S1,677,L12,694555396840323884,df2f37c7e21109a8c9abbeb79e03d9b3ec5b804541bf407618fea1ea16606e59,True,0.3922065209007098
S1,677,L21,13569991601582398274,fe7de303417748d863280805079a1a1f132338bb024b687418d9c49da6a0191a,True,0.4662846797883799
S1,677,L13,12200332921929248041,cf7e8eeba54d058dc081cf651f9d399e9a8e27072ef41c0349f8c6c3ac4e9cc1,True,0.40624741590964386
S1,677,L31,2577240287727120282,894c325362e2a88e60f132f9bbc7e3afb98846886c9085c1dd48edebcef299d3,True,0.43999865548008654
S1,677,L23,2557577334030169963,75d848c925f405601ce91b57284af90e9663140ab8532fb8805e06135d7de053,True,0.48402688661056564
S1,677,L32,1195814808916847515,6a3a0a28c75b42976645bb42d9c6215c36690c4f261f6424476720ce2e88871d,True,0.42095129298310946
S1,678,L12,16921312571926829733,2b26b391d52aebf10ab3cc01c640941deb42ec2ea5f275c46f834411e19f9417,True,0.3947473390555728
S1,678,L21,10613376299157634908,1ff1ec1a672785dde2e86b4b5fede1e5245892099f5dfa651e7386d63c14dbee,True,0.4701693250372517
S1,678,L13,11576839564266925866,8a95367a952e8cc2ab48efb0c4dd0ba378d476b6868da6b827831eaf4acb9799,True,0.41303734962710653
S1,678,L31,357180327460570352,f00963e9b9b991992d3baa759661999fc20fd478fc047866c43f308e4a868437,True,0.4408760965932204
S1,678,L23,16543113603735933154,bd35f344636feb9797030f7f90d29d7bb300ca6c4c07deb75f7f881b0e4aae8b,True,0.47030351962343503
S1,678,L32,798132154045417006,91b81a3ceb104c0cc60b00cd5f3a520bec0b842e99ee1954f332a306be2e8c68,True,0.4220184963972754
S1,679,L12,8345721210444116191,be54ec783b8412276dd201222e77f8a1ff50043e1152cb9db86a4dd75f2416f8,True,0.3929355772037098
S1,679,L21,1794845521090570967,88bfd2ae07fcd741c50ba60835e42a2eaf79360e0287c42e3b1f1b7c5ed559a9,True,0.47105457438057036
S1,679,L13,3175425283325033887,a59c993bea81d9034b002a0a93e64942ada1058d5e5e5c0f0387f8229c28295a,True,0.4013949698565616
S1,679,L31,13985487994044561868,018162bb20ac75e4669e87fd87bf5ed6a3425261d5b14cd72720a2c554ed90d0,True,0.4365836603449775
S1,679,L23,7140180642029444592,224701486c9d0f92b595f666178bebd0d19fc30a330d0bf141d25349dbf61adf,True,0.4743990442248855
S1,679,L32,7096057344920703072,457b17e8f32c18b21c5550b95c0d1fa1c32763f5e45f5e7ebaf52c5ff2e7d967,True,0.425775607441826
S1,680,L12,12916452801951068565,f7e150da3f8b12373c8e0f14a87bf3b7ea8701cfde4e29a2733e54fe1dea63f0,True,0.39231242643898545
S1,680,L21,15740415748490285765,6dff52830ffb8548af8877a03354d78aad77d8d1fae6dbc7bd85a9fd5035469c,True,0.46569140639564327
S1,680,L13,11205798109801453836,328f5622891d516a89f8774fbb39a1585c98f186ab1a6ab47d4d21ba32146fc3,True,0.4114223063542054
S1,680,L31,8324016319657180635,a514e0638cc26241426e6bb964c85aa79253a52817905f3045aef10a60d3b8a2,True,0.4432125401908096
S1,680,L23,17054057131641184105,2987bb4a3423ae9bd53e4b5e9d4e1d9d2a549dc432339ed57e4729d69a80ec8c,True,0.48264751106106446
S1,680,L32,11614308072518576769,415f0f988b134964469330176c3f82e01368bafa614ef55c64eed68358b68991,True,0.4233859493557137
S1,681,L12,10312491234452084039,dd92b7b1f348e3e485101c3c4b97c61fdd648b915259963147a85f0c7b74aca5,True,0.3899891811931806
S1,681,L21,11051252819641383848,e79a7af5c73056591be0e0fd733f8c942a7f6cab5657c313481458134fab6e29,True,0.4705746246151462
S1,681,L13,307666869398178284,6ddf913e3906162a5a6638b0a27c94d9bc3bfbab1ce4be0d4c443ae0782522e5,True,0.40906971546376614
S1,681,L31,3170578341575517006,8aba75ecc08598cc04acb3308f7be67d73ae4b5067bcef77fce55125800b03b4,True,0.4374872791569929
S1,681,L23,15217050812859598023,4667752387f491da0de08e9992605b2c321f1852b290464926564615b676d27f,True,0.47066546369564116
S1,681,L32,2505928768679960151,1369562882ed6def55738cfaec2162131c0de62e579624cb820848fa3a1ae87b,True,0.4272253937322203
S1,682,L12,12393183124145747856,7d4009742493f79b257eec0dc2f90220d60e82e22136a83c346b575094a00d84,True,0.39397409310185005
S1,682,L21,17127646876591278886,b7a8698fc2946edcf1654bd3ea334f1d8635b315c05db29f8c97621d040682f1,True,0.4717927267429739
S1,682,L13,6109572047262328878,66536e988622a8e73439471df0069ab1db3eb7ec4054b5df33b8b42fe7058849,True,0.40664358698661757
S1,682,L31,5523809217886700624,400cfd77bedf72aa0b0b14ca605130cdc05305cf108600538b71d17ce2764633,True,0.4396698593259321
S1,682,L23,3843502341897762153,4b1d86f855ce0758fcf177a9bcfc9357a35bda14bf9f3c104b557ca8d2bda2de,True,0.48161703346275725
S1,682,L32,5609875698572501670,3e69cf77bb521f3e05b3658ba3ea72b4ef9e5ca7ae1cf13179f3a2a990f5bd47,True,0.4245360543096433
S1,683,L12,1405497095532209911,f6b84237044ecc761f047d2110a941c08fcd129ca22135e9df0e4c8a3669acba,True,0.39608420137750905
S1,683,L21,9341920102652026015,3f7861269623228e0bc48d822cc9c21b3e7d5485c975f8cba05d0bc809af6b11,True,0.47267707182530955
S1,683,L13,6339094908896170234,abfbfc2828d3eabfe542b37d5d7bcee6bd731cf37ffbe9fa7e583d8717555e1f,True,0.40757382750978993
S1,683,L31,16661102888321234295,6839cc9a0e5a529099725d589de88fa3b56ba7c351675127adf2c68d22412c32,True,0.43925360655863
S1,683,L23,14953075026529332685,6310d995608ab185dab922846a3ddc377ea4fa2a23f585adfc64b6da2532e4ad,True,0.4770308335811856
S1,683,L32,15943840487855840764,a1d932ba3498758f080434ab689ed3816feb2c5d252f56ae51c4cf34a35e380d,True,0.42053158569179605
S1,684,L12,1330302382268817052,d771e77406fc7675765271871278d6d4e9afe621d921923cd0989ec1214b7dd6,True,0.39142093465023997
S1,684,L21,3307747909809665054,4ed29e9433f4f40fdad8d8dc4673fce20b1dca654723f7b9a172d6cd32d0586c,True,0.47251008468481004
S1,684,L13,8531970882951555902,9482f838b7d099dc804e4851153676943ca1ff0f4ad1df66bbab18011a22dfcf,True,0.4108363603763543
S1,684,L31,17556303156638807402,3dd79e94f04b94e8e6132d2e406709be3be8a00fb1367a34dad68f7c6d132f00,True,0.4404273452613422
S1,684,L23,17070463402059787641,3e6dfec8e995e1ddb50609343e5d9a4eb6fe8c2d09e43e9b4723487c294ff58f,True,0.47621524536368043
S1,684,L32,16057855581014291396,f5b17d7504a8bb6581f9d7a2725b71154a9cb8d61d605d4b4732e263d7dafdb3,True,0.4261019554744465
S1,685,L12,948582840990603981,2dea95248cd51a0da3af94c73be0a05ccdf76fbef8e4ec7915f437b923c2ed3e,True,0.39208751510583467
S1,685,L21,118188842785417241,97f8e7be92d2c80472ca5b3f6928ec2eb558bcac4cbe4338f373a61fa7e729b4,True,0.47422525997810017
S1,685,L13,14468011958285392020,b51b5e52292a456122c90943456301530138aa76b8ee39c37e65434bf935941e,True,0.41035795025427435
S1,685,L31,11971445928455572973,c08353084f83a419abeb7d45fe03cb671d9a85678e40e41a87c1f2be871c1853,True,0.43947660186808657
S1,685,L23,3527532425456542566,3d3b7c0fde26be4c4cf73fc53ea7f399d38f65dfeda8442ca17fb88bfaa66da8,True,0.47796890231228717
S1,685,L32,4827942199706007137,8b38703925145c435bcc02c3877ed7f9158a8a8b2e1142d3c4865ce312bf2db9,True,0.4273437857039822
S1,686,L12,1061916750342592422,4ee5ba01c18a56a06dd4784c7874ca5db3daf07f8da70722a0d200a54c3930d8,True,0.39013083944573723
S1,686,L21,3157125768323462738,60718c3f95f2fb625c8075a30b5ec2bc1fe063b233037f293e14eb3c6cb1fa86,True,0.47346595446922063
S1,686,L13,11994569856161731218,3cf054de04a4b2147b0402c07830bd13c235c0f1ebaa6219e8641463a2ff16a7,True,0.40928201301851896
S1,686,L31,9088086013577590450,ab8ae496f01f6d74ffaf9334fa0ea8357c4148b5e0246d59ef83eed7989c8cd4,True,0.43958183778628984
S1,686,L23,1609546141765298162,21404de8d6caf37e43337a301b7f6e242c491e7b31a802403dbe764a85626bc6,True,0.4747091709743119
S1,686,L32,916521002755159514,4ae161600102c9296bd81fd160d98094ed4b6b0de8af2ad03f7f3828bf19fdeb,True,0.42536127083645126
S1,687,L12,15971441420942898958,5d4c465a3c7b1d8b574c0e60b2e80a22f9e0602682817b4923fac6189446336f,True,0.3927479095517061
S1,687,L21,17457823739212914510,2425c870ebadf0011f4210751ba71bd47dd79f4bb5f05f993edb2c1bf982b6b6,True,0.47338637873641604
S1,687,L13,7173144961261066357,9d0096c026216cdd274a41fae2454c3210409349be7509dc01b3691532ba169f,True,0.40985664806157684
S1,687,L31,8036673726289563677,b2da6843b84c70e5c71c16ae18a6aa4ad00925af91c11f297233b5778331b053,True,0.4377684219902671
S1,687,L23,18072018964695537322,71723727b55532b07e75097de8d6d3768a4f7f86926400deb78ce9ec4933f50b,True,0.47426523286538425
S1,687,L32,2194218473786508026,376d09facd02ef0557180b91cfd1475f2a8548c8f4f01c8b10a950615c8208ae,True,0.4258772080970178
S1,688,L12,4142915497455268589,4034a0095dde8d2272452f6cbf7a03d540a9dd1894d236861bf1c0a80b4c43e2,True,0.39077094504859505
S1,688,L21,8805380371189952622,ad138b03b415800e0dda8dac5f20b3dadf1d5391c2e4e762110cf147e86425ef,True,0.47549017891662815
S1,688,L13,210586123929925417,156e56e7caa80f80af1da9eb0645a0e4b7c4c32384e662b2d32f3acc7ae75d1c,True,0.4056760389229319
S1,688,L31,14171143687175341321,68395c7ed8f5c96b801daaa67e6eb1ea9d76e702553eb9f3b5f7397766fffbe3,True,0.4341722428918606
S1,688,L23,10402755184721040619,fbdbae8badddaf1ade05cf2195419404e1e6e24feb42cf2e21f499627d73e336,True,0.4847269225233064
S1,688,L32,5128014841585725226,33a31d67291f51b605099f4e01fbe339ab36d55c404492513ef4b20e4ab2d56d,True,0.41978787824097863
S1,689,L12,17180733431957100011,6cda241122a2a91a4d49c65c1c8e31536fc2623e55e136291a56ed0850a9948c,True,0.3933907202546381
S1,689,L21,14983443111561774019,94e1db0a884c45abb5afa7b62ed4a64afeca245ad6628d32aed06fcfe67994c9,True,0.46989925925059406
S1,689,L13,14048482306723176485,9501430e282c7e672b15814e9e9ccaa77073b6072d32ae5eaedb30cd3963c5ac,True,0.4122589721398676
S1,689,L31,11668770824855199760,aef07310b8e45cee7387c5df2151364279803d6eae14fae9d45db80b18306555,True,0.4499629173704838
S1,689,L23,11431782188538127277,48aaa43a6a83a28b6b601e3ec9f1546055c0d485022df18b75d4bd461ba70024,True,0.4831184969997647
S1,689,L32,14090839854744747677,b609b3a41ef4af4df3f0e6f07e4db648cf943e28be82f5f90a5f64ae033d50e9,True,0.42492457515023774
S1,690,L12,1047644595190952790,68749eac7ffaa1fc9776c10a67eef5c5e5db376952a03ed7074b6763965f38c4,True,0.3902674681483019
S1,690,L21,15924403171785894256,f7e9ef99ba1fae3c9101c8104ccb24bc46831bf469b044ae8db5ab03de16e9d4,True,0.4703297231162663
S1,690,L13,4367576340729374067,647381f2ed10ef926bb77e4cf2f680000699d168ebca9bf6ca18abb4d6bf6c6d,True,0.41333268836548087
S1,690,L31,11797754035471014374,74f0b306bd000b7256324244effd548025fdab141228a76d12584518e3a8e813,True,0.43842725158448664
S1,690,L23,17891900858750969165,c39321958792bd5b0aa475c26dddbc19b5b1b66714b82db9c3d7f75c0e5e5286,True,0.4762903650925426
S1,690,L32,6616576625924413606,002afdcf38527511af0c2b9b23c8d012285ba7266d33d64767433a223c03af80,True,0.4236637134595545
S1,691,L12,919357115310220464,5db59c8ad14f1ce2c82c41bd20faddf51dd0a1206eabe537877f054648926730,True,0.3907950362719688
S1,691,L21,2289624038249658121,342a9e361e2620d542874f55dab9bc48b765788986defdd1e0af9a4242d54ded,True,0.473178356521519
S1,691,L13,942781231827140043,4f50e012244a33611e7d0d35c192b682056fea41e246e4c72246cd6b18aa79bb,True,0.41059857362969454
S1,691,L31,5925763161719470355,b8a63355cf218d0af760194f6c24b222660d43962505ed9e8da8c9ff6725114c,True,0.4387536935573421
S1,691,L23,9231059339617617170,f68685fb6a74e6bab1b1ffe42604bc286259954271799a5ad73f1bfe1ed2ed71,True,0.47921392178730426
S1,691,L32,6838979787347169210,8db06e562c2b74e3ca64ff32206f277f21b50b1650c7d8dcb3d35af2aa70b96d,True,0.42097499295675717
S1,692,L12,7988076849969987236,13f458372aa44463bfc3e4defe2e36efd43a16ccd45188ae488e6700849b157c,True,0.38980297891316634
S1,692,L21,12974089579373555877,117131c27587b4294ae7cd27074cdc262564e78e5dace3c12a7ac38e7d835e5e,True,0.466932787136029
S1,692,L13,16587697841418342069,826d4e075fcb1df86c77cb621749c221986ef89c0b3b2ef44b0ed1462660de19,True,0.4101225915394543
S1,692,L31,7823550863014779149,a117169f442188a7f5ed2f1ab11a23bb3f2b2884d006a21503afb5ea8004cb41,True,0.4412431592602334
S1,692,L23,4067653222774666936,73cbe1332f9597eb43231e213950e75263fc173e43267d07affe85db277d134a,True,0.48105513981328013
S1,692,L32,845456257919731120,1bfc3a6bad8397e73aa2f1ad8fd6269741fe5d34497d48d8d16a6bff84ee5bb5,True,0.4221933278102058
S1,693,L12,14277575353143398337,73cd0a0abf50a20830eabe5b210fe4afb991289b47814876bc2f7b5186ed7560,True,0.3938219041912585
S1,693,L21,12913669342197692250,81db5a25cddef45564497942697dcfe2136865cfc94e5f80303d028f6179e457,True,0.468090148165408
S1,693,L13,16747028613536996270,c34308cab2cc49522e23c831e8ee8919dd074f3a99164db038256fe800902ca1,True,0.4107724051169841
S1,693,L31,12792728971666870214,f2ebe4b3ec782bde9f7d16946d49d18d4b83dd6f23e1c0386c8243fa27d299d3,True,0.442267431455836
S1,693,L23,3084981721860727788,2b526df2ca42caeaa183b2b7b49391653852ef8677555b7175476715ebd4ad58,True,0.48213417741550224
S1,693,L32,3318065620454947349,b3995b6d11fa3f2feedc8b7a72a0ebbee90c36d9d9e1c515670b35c59c997731,True,0.4236849129193791
S1,694,L12,14338556113383627119,635584429d23211317fd30fdb0c351d8ed301d6e9a7b46eb66d34aa7ee8b29b1,True,0.39172821234456595
S1,694,L21,12694935118088259983,c12d4ebbe7bc77d67fed28dd7f7311d8b76223a4cf9c9f0925abc314837ba8aa,True,0.46902542244167533
S1,694,L13,10868142324924432147,007412a2109be13ae04824289abce43e2093c154c4c91fb35c2f197629620cc8,True,0.41039983164263677
S1,694,L31,11040881705502354249,8f5155810ffc003f6a39b71732baa58ce753428a9d891ef2f42c304ca71644f6,True,0.4370159299957267
S1,694,L23,5375445551104623755,0db089baeee69f4d59b77cb6d889e4a550145202530b4c9aebb386af791a6deb,True,0.4787169966558936
S1,694,L32,2720210433752129653,9d966decd5d8d144c546dafccd6d1ee60720ef4f4a43983a69118c8c006aa7c4,True,0.42232960952360665
S1,695,L12,12311236857403288562,3f2c2def3a577ddfeec36c708503f91e81d42ef5339611003195acbb14b5b6fe,True,0.3937899010268384
S1,695,L21,2082857498392555633,b2c26942cea8ab2d38be3ff118b29c5427cf4bbcb11d8053193419a07b8aef2e,True,0.4759324625105372
S1,695,L13,7159986692226083936,70d2eef978eb210ea421b3744ff240d9f3934493d436927ac486712b47292a00,True,0.40941455739290794
S1,695,L31,1103962454537333506,9924869d70d7a35e0e68101ac17d7bf5fb94201c95e208e618f6671ce80e6041,True,0.44381625375843914
S1,695,L23,5013867919815900452,77c8b0098efb61e43f9f8d3111f776fe4e5bbf6db07edbdcfba4f75b9c363f92,True,0.46892333871431624
S1,695,L32,8519944798427921588,fc474ac060c97be89bacda0ab25931c7d71a9008e0810a80c01f1a0432f43698,True,0.42252577837496197
S1,696,L12,15127647955181109761,60eb68f5d6f32c365ad7e71e85f5976532b98657169181b2d8846ef870d23a0d,True,0.3895856405022833
S1,696,L21,16315912553190756398,6a0888fc9760920d9a79d81588de045e46c31ba7be413f5ca515e75c6862f7bf,True,0.4733986524065138
S1,696,L13,533250569079761186,e5dc980b4d0528b287c0bae923da395da36405455885d3288ad4270a307c9dee,True,0.40822721296221093
S1,696,L31,3509812958132824702,38e0c4292542ad2c31e5c8a33e390a60e09546251c5fa9745a27651d899a14ac,True,0.441221294282151
S1,696,L23,11893228390443551116,7badfbea1bc9df64513a78647fd6a8dc18b7bde1e150fe9cb672a2b4d44384d8,True,0.4756735445485515
S1,696,L32,16735878008867245951,704ffcb3a0a8829ff099241bcab1075c98f2581129cd512faa9cef7b9a26e2e0,True,0.425782993004858
S1,697,L12,12840195191312773573,2f3fa12091b70a7cb0a5064df2b84192ae2d663cb2e85cbff3963793629eff12,True,0.3924206767355928
S1,697,L21,15174646123584184851,41bc6089924a429515ba770e294f7b0e2fa2950a364e48fc95bdab48889731f9,True,0.46797034157774836
S1,697,L13,11772762189500882032,9ada101772b8154f2eb932685e1b8dd7dc876ad5818e4ee54bd096fa900fd068,True,0.40958274990665067
S1,697,L31,12980698395911679161,4d07eba82dc3349c609c722799fc9b3d4c5f1a81c6dd2a0c19e0d5ce7386517a,True,0.4497638306285795
S1,697,L23,4582182925642060428,2ccae8b1230d148d337738ae5d23988e86ca3e9f8f6c2982ec6c1a7234d34479,True,0.47607030878739115
S1,697,L32,4003789445066930531,701d822b447afabf754132c5bad7c8884bb4a31e9feab208274b3063a044850e,True,0.4214352730363241
S1,698,L12,11473291600082510816,56e2286626135c73345ebd2096be4ff63ae2bcd975746059472d52033dc2e9f2,True,0.3935535926943716
S1,698,L21,5256548277829272054,2bb484f3792026a3012a6a6fe0d5e10fdac442c5097410d1ceedf57d9832d7c0,True,0.4692996430170102
S1,698,L13,6065216942040673125,f0d914561d60917741faef9d40d31c8edae559fd01df242254874be47d0b39d4,True,0.4108804633995775
S1,698,L31,12050621507310400231,41ff6e0ccc8119692c5da8ff7c66015088c7d143eb7bd2172ac806288e0748a9,True,0.44177034090605777
S1,698,L23,13565087462714009604,4510f037cdf3dd8f7ab106ec52899be65891e254df3cbe92a1b22aba1dbb6583,True,0.4849013399360984
S1,698,L32,3400004008254307106,d7eab5f60c0d038fe0fedf4d322159ed525ca42e01c0c67cf54d4f35954a2d17,True,0.42278982224484263
S1,699,L12,13543568999445629975,03840b2e6604ef46cb8909a07e778842d48335598643ef2a8f168cf40861939e,True,0.39233407120665875
S1,699,L21,8338313093347885191,c42c35608d561659c49aa907c5ae4f97441a2ee0e925a46b7ec657989affc5ba,True,0.46896580503407603
S1,699,L13,16000496466079797669,9999a065729c97992c15875fe02dc8b9ddca2f098c88710c3458ac7488bcb26e,True,0.4077283913538889
S1,699,L31,1713165099015520289,f23cdafd46fafd7abc4d3ffc31a9c82aef08e881300d6635ba532db769bc45e8,True,0.45082376001200997
S1,699,L23,9522760450368057328,51dd164dce6d4ce41409cdee3ed75f587fe5e0ba072b6c69e86027368a72d49f,True,0.4747554538044108
S1,699,L32,14981987995297637438,3e4149b0b660f2e5f8b5536e29347709273a03b263b2bf42e841441426ae7d4a,True,0.42386429634500133
S1,700,L12,10970538369002472566,6172a7956eb54d877f3f0a685fad6a24a2fad9aaaf0d6eec9a7145f2ca8e777c,True,0.39042214135493913
S1,700,L21,13691058883498957826,263a2aa89ee19cc398200609b3109565500944b7eea3f86b7e3afd87cec0472f,True,0.4633500667982202
S1,700,L13,15749818879392196732,a76425943261b424ba6a6382038362f528c4052c92b14a231727dfd0e3001cd3,True,0.402328792320643
S1,700,L31,8764803579815724922,bbab6621ee9f5e038e453abdec7265980b890e66b5604957d83f597a986d6c28,True,0.4374794177019662
S1,700,L23,15647631319675501603,c99dc79b8efd59faba5b2c6af61fc94b208b354a51ff07b6f717763f59d10cce,True,0.4823989381829855
S1,700,L32,10907314949794824923,b69a0e818e0f652506b630c57450cdf774231c0c4456a24d6e391fae757ec6b4,True,0.42699985806119745
S1,701,L12,8786429813026265946,fb6a12d55072cc85daef05808bbba05e1e120bf097059a9908a51b1708b9a925,True,0.3933278035488241
S1,701,L21,1004272478293481568,27edd27d3f7ab4da8126847ee48fb5520e9553790dc23eea9ff8f2b353de80dd,True,0.47354564027516066
S1,701,L13,5191403757378495901,c554e229322147ad0491525065779487a896cede58ed3bbc70fdb47947982fde,True,0.41418040716772736
S1,701,L31,4617160714714974758,7986dec464e1f8426f9e2e8f0edba64ca7e32e8ff936cad67f6e0bff0d4ac7f3,True,0.4394637896465533
S1,701,L23,15479726416314601546,ef171c2df41a0b0226476785b9539ebb7cf21ed660c287068c076e42b5d726d9,True,0.4767422114975848
S1,701,L32,4366982570226531239,92a732734059d5c728b574a39e0aea34a61e4f551f65d65e1df809e736ed5df8,True,0.42531814433246273
S1,702,L12,13801535090965975334,66f4bcc728ee9391d5ef29e328382731114aea5a39387cf1b496d98b96dc9774,True,0.39267535572646123
S1,702,L21,14728199747864538175,e46dbeb3b55311cce198d41cd7eaa030e3b499694a85b8981c537124d9d2a8db,True,0.46880001062344034
S1,702,L13,13796552021076739170,7fde91dd0171194c26160c1f60562ff7a33c53975eac9f3ecd85d9f7e1e7ff40,True,0.40790643645736324
S1,702,L31,14821337620898630690,acfde050632624831fcf057949497b6fe6530c1a1f4d9148cb45e10353dec8ef,True,0.444877810900427
S1,702,L23,2366130968685107973,7172c714c15a1ec2e8b2b03376c3aeaf0b28dc92e0ecb1179dc15d71c58acb78,True,0.47680382329273296
S1,702,L32,7409730518076719998,53d853f0a8b078b1c0c0e060974928094e7a6eef1224c73147eb1a9ed61ee451,True,0.42489366098406595
S1,703,L12,2088083444582015703,df5aabf47183efb13767df74e27016d77cfb6b44614c3ea21260a74b0052ee34,True,0.3925448523627998
S1,703,L21,11826342450991286437,338014382c5636601010335c8d510267c2b3be952287ef4e82df193a639bb394,True,0.47175902246958
S1,703,L13,5433035938512869165,832639dcb3d60dde16eff8a22e67b3e97d1e94e00a10aaa3176b93bfbd742326,True,0.4098486424184401
S1,703,L31,4706442670661430136,6a20417076009455146b3f6957c439151bfbedc99c7133039c6e43ff70b58ea6,True,0.4384898407818334
S1,703,L23,6473223092752936790,511f7a878d4ec2a5e85465663088ca97dee5efa9170d7f9846e43db93ebe00e2,True,0.48245837742793196
S1,703,L32,12846294699909616734,11dd82ea68114586c73a7e0fbaefd31d8ffdbf7713a29ba9ae4736c8979886a8,True,0.4184531750285997
S1,704,L12,10520743356207571872,75ec73710625b0484e57be0aa9761c7be958f1f9746dcc0eaf9d24d0ab24cf78,True,0.3919314729918828
S1,704,L21,2585995418096818042,f01793ae6c690191f2bc28f11c18f3880469c6e2a252c4dc18e45166824fa7d4,True,0.4674411717898416
S1,704,L13,12182400318916598822,809c7bfd93e4198ec3cdcdb6227772de3b46ec7b8ebecdf57bf17639d6b8d40c,True,0.4086714321682611
S1,704,L31,9490476832363511044,e9c7989c6ab3dafba388b8a60c9853742f7c9f260e0a5dda8eec530812e761de,True,0.43679644348346724
S1,704,L23,9590435575329402173,c44cf95083186f565e533aa1e4e00043330aaabb0c67a7a263af0d027c524d31,True,0.47303227797900393
S1,704,L32,10564613937638999108,23ef7594c138985bde9897c32b9ff3bdc97e6a89829c6e0cf73af4157523bdd7,True,0.4270764181018441
S1,705,L12,4334471292539043920,0105bbe3398926930d65ee84a045151c2569d6b6c70528abc0672051b62a54a3,True,0.3947315554996385
S1,705,L21,879623316444867499,5aba1ead4202bc475703387ec09b8b0cc494163457852f73008207331cad251e,True,0.4670134969181239
S1,705,L13,13382851312101809858,aa1ead3038bf6002c9669aa58f7989c4965f2efc5714d5b12e74d407fd27519b,True,0.41139298246976175
S1,705,L31,17269128707334552291,51ac136ca8dd9f56fd1d67804400d06027f3bc1f0a0f3eb6c1d6ee04837d7e81,True,0.44477943762411076
S1,705,L23,1711472125794629355,98f7bfdaeb9ca276d4623c01c2870ab112344ba6946cd2e83d4e43fd28d24377,True,0.48006102054013305
S1,705,L32,9840269693560892588,0c14db5f4d84cb3c837c198c5f358f19ac09b17494fa3a92f44b5d607428d8e3,True,0.4273339764661236
S1,706,L12,1108081914628188639,97443c47a002809e065b73ff7d6d402b2ecd6065f957f961d5521b54b3d174a5,True,0.3936362682149602
S1,706,L21,4198904268460233728,a1a92ebf535044a500fc49686f28bc58c12fc925c049921d6c60bf4791027660,True,0.46769042705870695
S1,706,L13,7234736980121088678,09dabee363eae6b909e5e7f0ba7636a5d1d8d01a5d25d6fe577b2b9708ee30ad,True,0.40793137450305605
S1,706,L31,14608083723879410408,9898a8738a86001f0899d3617f3649f4eabf412e762d1686e929b7a5dbfd8044,True,0.437645139273847
S1,706,L23,15892449296748187530,c0f880441facd71699ddb34fced2d4d5db96c40af1e38fcc4296f9c479dfa4e6,True,0.4803269012612926
S1,706,L32,15926359272739354444,e30830fe44a18ec643dfaa26049662c048c99864a314d085c0c5e167dd86b0b4,True,0.4226696383454631
S1,707,L12,17699122053263848103,d0923b1491fc258e56164400dfa97ca62d6fe769b4388f2893c2e6e3ea70a50f,True,0.389751174798997
S1,707,L21,7048205454393620339,675ac328862e45d874bf7c39c9d2f5aaa7c1d0988537960125b13962c76194f1,True,0.4681606529142225
S1,707,L13,3037666906474382296,ee826ad1de8d1ba88b14ce90dd8cd44ffb2b6bdeab689ecf170041feecae1cf2,True,0.4098596573907196
S1,707,L31,15138575348525124524,11a06f129e8565f0a1a0a18cf02e256543d4f3a6429af4ba56bfaa79aeb34f10,True,0.4332355177591528
S1,707,L23,1732179164881764158,cd8265016793a17097848873b30347bb3be80dc16cee873974262fb032e059d2,True,0.4769663150084871
S1,707,L32,14655288612323162941,cd9eb76de33bcdb1f39258f08d6648f7caab94d3de259dabde99bd52053cc660,True,0.42286720784814874
S1,708,L12,12423412575890266296,ecc0234f4f2b6fa1aca48b4ca7c23a4a0dd3b20dd9323feed4893d84358be4bb,True,0.3920931678132853
S1,708,L21,3325862080466033991,8dfb3f91f4b28176a2bd293329706c585bb06ffc60500793d76fabd546219f09,True,0.475466433918331
S1,708,L13,9429263748150909262,c1e032cb974f507467e07fda5dc6a75d1bbffc873f58614a383f4acebf579d86,True,0.40728068125043304
S1,708,L31,16853988841111082441,60a6cf95a4453456f98c61af410f8b53375f136422aa1d99d007fd33c22312f9,True,0.4465679872173198
S1,708,L23,3664741720906451142,9d769883f8e8f761d42597232437ccea241cd5f1357f9e47956f5d49c44222f6,True,0.47883795480938324
S1,708,L32,4680072032903782927,aa6271e2d3fecdf403cb1e2d97461243a11697d9366a25ee79b7e98ccb60c779,True,0.4225631747220145
S1,709,L12,16692953472730316491,263aa46a9c729dbc3ebf06b424ea5786334be3f82b9c62006a55f424ac5a889c,True,0.39269336429196505
S1,709,L21,10057039188223706621,18391154bcdc45345f7b27e0c99ca07bc97c908d6bdaced2dba1bf0ecd5ee5c9,True,0.4738125104254671
S1,709,L13,917993721520228672,41af06765e75519d4724c0e993ab1edfb46f6f7fc9aedcbbb7e23d53f82efde4,True,0.4009307579669605
S1,709,L31,13455107973680850674,0ffcda277c2d1f38a67870945d8172fbd4f3a309d19c0b8b959b324911eaabc6,True,0.4360724884631649
S1,709,L23,1779307387899238203,7931f08c80a82e51aacd704884800ab58a8298b880ff70d8026108db2872a134,True,0.4679912693755991
S1,709,L32,5915028163111020757,de1d643daee3e7bf8cf8241e5dbcf81ece2db14a8eeeb7fede19e12b228a97ca,True,0.42248659933411953
S1,710,L12,12825992126939240278,27d55f40907ee14da413a008a3b4b80ab7e73f8b22bcea805d768c15a8e63cb0,True,0.3930527699975987
S1,710,L21,4515686598481987866,ebd4ae29f8fba362fe34e6640e46832fe1f98123f98c41094719452f8f38d577,True,0.4713700379008967
S1,710,L13,17280711525550606941,fe8379475522d24559d4ce1960a0e0035e171bad4517aef4939d0794b7c3e850,True,0.40229145467636174
S1,710,L31,13732584224501565676,5b8eae448d0d488fd10f2f436fc93fc8992400a740d643b1da1099b86cd09ee6,True,0.43765160531692326
S1,710,L23,2870025432640888775,5917976b18901b235e43527b3c83984d6edff634d492381d63b76a9e8c955d48,True,0.47645269032465104
S1,710,L32,11169343067888184777,77aaea181d65dc44d3ebac65957f77554890e7a7a334a095fa5cbf280b1fb781,True,0.42464736171418194
S1,711,L12,11164246931254418062,9430f3b306f4a244b979903d2bd31b21c1ebb762ac98e4438fe7447a087014d4,True,0.39075338001469984
S1,711,L21,9078561249635962903,49673fae65bd6f4c14ea953db89b621fd7c89007bd5fc4bdf1671453f7708d0a,True,0.4722164245207171
S1,711,L13,17688198883681758903,20769eb94f8f6edab6a2ce626eea3e13a8dd592139f0ee18c140c4c9ceeb4138,True,0.41392838343920596
S1,711,L31,466585374876840560,c7426d85d0d9cd118bbbbf44366c13755dc464fb0d6d4516cc35f044de32e951,True,0.4509566711871327
S1,711,L23,8391977315699691450,0f4cf3916961cb55fe9ac7410a53107306b188eaf69ba3adb9a333643599bd82,True,0.4752096424840879
S1,711,L32,11205639301092891570,a58d78b8aa953ad22bef37c017bbacf0eea778987dcb0892498072076e56b5c1,True,0.42527594834560845
S1,712,L12,15206829975669833479,9b60769ee82f2c77a5ff19159e4b0c5fc8614e21b2b7d1bfcc7b4b0547880f59,True,0.3902059952414426
S1,712,L21,6843631897965620665,97592ee3e429fceb2b35338345cb1aab2517a9bac027036434694fc5f395c753,True,0.4785242963122264
S1,712,L13,13971919177532428736,90fec33d134d0b9520b6ab5610c80f53b92bd0917edfc25fc2258cf626f4aa57,True,0.4052450566924779
S1,712,L31,14320173295719891300,6b76ae969d70419a333eb8e4b7339564dd1be93033649fa40b9e68359f2cf2a8,True,0.44689959793331024
S1,712,L23,14210416075471906279,32c70d2c5363f60bf61d1db9a9f23328b895b0eb04d9c331dd2ede3196645f9d,True,0.4703568866872628
S1,712,L32,17540690644951209463,9de2642715d9ecf51ca7758757a4539deb22768a8a57a1beb7df0b0291720e37,True,0.4245351619336121
S1,713,L12,18167216712771366358,00623befbd3cde7b000028557804d6ee921c89f2d91a8479fbb32e1522be3d9d,True,0.3949916988903831
S1,713,L21,13974185461852402340,e011b57cfb1094ffd9f8f921ee5bd1e70e466e6f8a6bb510afe12560dac7490b,True,0.4714669494951227
S1,713,L13,5486215476352301014,42934828af7bb803d736025b718ef2e40f50869ad1d842d2715b40ca04f0c7b0,True,0.4098410644160117
S1,713,L31,15938504859970132310,90f1d1bfe722815f64481058de1b42ccc38bf8f1586df74b46de0717309a5858,True,0.43720545756805385
S1,713,L23,15025718711618938257,81eecfdadc83727aeaa9ea07b72c28b18b65b3f7a8e3f0fe2b95554ea4c65317,True,0.4810457879893336
S1,713,L32,2274477698739661347,94b1563e123fe8a29dc60efd81a42c3fe6fbe97cdf21f51a57e502aa16991805,True,0.42375699112703313
S1,714,L12,3379194395618301116,8b1af560c37c51dfa5a670ffe197d250752108fa7cdb9d2e7e6efd751287b20e,True,0.3935082506461701
S1,714,L21,6783225966296016688,395d1d3889bfafffdf02a16f1f64f51266dffa00d4c082b02b0d416687de57ef,True,0.4720874066264725
S1,714,L13,12568024882212398467,3a487071420260f668cbbbda892d7020435e3715e7895c115c9db9688810c91c,True,0.4030077898864372
S1,714,L31,12466637392089899536,e29b6a4b22f6c6098728b458b5e56f17cc18ec79a8d0a664f684f6cc95052220,True,0.43578270751233483
S1,714,L23,10579433758287112318,94fa84feb0d8cc59f588dbf6436074fea7de234c059f59e0cad3cd3c56960ba0,True,0.4787169966558936
S1,714,L32,2798250197602972000,953ac68aa420d4dc6d09e0d5f77f42aa28202f6a854e7acce87c42659b420a70,True,0.42172452561066753
S1,715,L12,9565489777440485768,5c6536e1527d05d2e52d0f21abc0f9fa030ec93a080936c16d8b9dc3a211b79a,True,0.3881973361142045
S1,715,L21,6643693987996164046,3d2f098686c4a71142bace98c1bdf2e69d9d3135dea3fe741bca954dc33914c4,True,0.4687355712044621
S1,715,L13,17714440060167345316,e11d8aa23770b9e7d8a7c4af7c2fdd7cdf301baa89e4a27063daa99cdec03b3d,True,0.4145658157477663
S1,715,L31,18202510013804328024,f6642cb418d14fd76ad727fc5d12a28ec6781f574f75d22c15200ebe8e564b5a,True,0.44279819512454194
S1,715,L23,1020887557677160152,131d1503c5642f5482eaaf351f9ccc0b0469208cb51e6105b4c7f3bf4179267e,True,0.4713986515047582
S1,715,L32,18068646031181568413,a757204d4637d21dfe1a4b93ff18660e24b3e2bb9e8fac9970ef3b6edfef0e32,True,0.42760475348687527
S1,716,L12,16460641503944818554,f80b1a4b67f5b530b4f47daaface052579cb7a235022b5bb58e12629545a0177,True,0.38960932281512595
S1,716,L21,8695513761544799905,4402a870f7fead9393fd6a028de3b8a6aa9ef5379a6c1239372cfaec07a65ccd,True,0.4644120747637089
S1,716,L13,12261847401221947786,8a9bc696831863ce2a93b801db5e75331d974495fb89d92a049355a6d6726e79,True,0.4019718128534429
S1,716,L31,1613286801741606813,bc779888f44e873e3c8077f4541de810b7eedecf0cfcee1f734e1b82c3904638,True,0.439881778051741
S1,716,L23,13298181826072717449,f4273438f56de64173a618085f23b91ba2616a14647e1f9014eb4ce8e9d5408a,True,0.4787513825129152
S1,716,L32,10343981654179639177,4b33dc8ad369cc5580ef67e1ab84c18a671ca114d2d02b3d16e90e108887ba61,True,0.42484821622387964
S1,717,L12,16612551187499684976,e09429096aadaaccf55773240adddd1d0c8b643f274c15f1a8b4c7528faeba05,True,0.38958599858997767
S1,717,L21,5560826288301223121,7c8603ba773b5fc34edb7e5699ff12ae2f928b167043aaa1e55e49f237c4f51c,True,0.4691903899906596
S1,717,L13,10909157718921395655,08a2627901a871f4a889aacdf10d0c0befc4c90795203ee5256e120c43a5d8e2,True,0.4052085541578946
S1,717,L31,954733998886823847,de36df3853908029f9231ef938a854b64d7b90a5fc3172a44c0fb33f30a20781,True,0.44010393378894275
S1,717,L23,5932493974543864290,bfcc42c101ead64fed69b148cd909582bc07dbf2e34c36cca1db16cb83b22dce,True,0.4746206831519519
S1,717,L32,9235245728820456240,cf2c0c56b38ff4d6fb1b331dd5e1d6d20f8b844ea54be6869cb1df264e2b646e,True,0.4227272301119903
S1,718,L12,13320098884894071437,df7991ad5cb1c3f7098df154a365a3b4ced7a745fc6181e650cc88dc4e31245e,True,0.39323832429088423
S1,718,L21,437155013929962615,4a3610d063eeb175d52a914b4bdc5cafe669b2c1261eed07661f4afeed2e122c,True,0.4745675149910197
S1,718,L13,13684608197126402553,cf252e6d1b0630813ea4fc2b8009c0883abdcae73ae6bec29ff760cb6e19ceb4,True,0.40478846164295024
S1,718,L31,6581192469160401245,46fad989d4a99087d807c77fff348d69891c744b18e84c03d27fd8c7c7ca5d1f,True,0.4399763046551064
S1,718,L23,12088637894208577892,4f3393b8ddf155b15853ffdf743110cef67a71945f56b04aaedec0eff09a501b,True,0.48066839499883185
S1,718,L32,15073655355772633769,b4e6dd86c8b3ee7091284cfb4a5a76a7b00d0867ae5a7e3e88947ae9394cdca8,True,0.4227880524865511
S1,719,L12,11914066745272151329,65570cefccd74a669862ab12ed0bc371f8a5d2a7d6016ca5b35a59a739082b10,True,0.3895808292675434
S1,719,L21,11699138815901730807,5854b0ac0a26e0f830f7a324d916096c949f4cbccd6113a96f847f2cfc2954d3,True,0.4707151531568425
S1,719,L13,1182491901547948839,66dc9d91b846f8c13d75a8652fa3e4d4caa6750d5049c9e15c9196a4435061c1,True,0.4103240704629785
S1,719,L31,18410153265489005929,d87175a5189d2e74a0b158f32f10109928a36238834c6650ffe0c15e7546b323,True,0.44028644312503185
S1,719,L23,14085419777671753621,ad95f611c183ba2c9a98fee1fc6c2152dcc75b2c8772e82a55ac570b60bc3cdb,True,0.4817063603807304
S1,719,L32,7315036380572597333,ad374818bd8c2032d4f6f6e5d7798c92c14ef883b39bc479660507127cf59daa,True,0.4243281228733435
S1,720,L12,9066670480151209304,832f43b7b21f6ea0bc2a9248095a3c42a47f7ff439ba6a254814f4d4dff84e7e,True,0.39336938662982257
S1,720,L21,13584550592798407749,134b7ce61fb82851fdf6c6f3627bef208251c8b43914527a9a04baa16ec875bf,True,0.47501469398342194
S1,720,L13,6648219082262853357,bcda5b84862f00b250118fcfe10ca83bf77f8d2a83a3a491a2b35dee398c2b60,True,0.4087702955374316
S1,720,L31,987308781776485597,1dfac40ae9e099afbc32624ee3219c7216c82482e7fd69c06f8abd29e945be6e,True,0.4382751134474732
S1,720,L23,2150402445858949334,38d736c0980bce09cb6ea2713cb488f3288e95d7e1bdd05aafe3ca80b924e9fb,True,0.4774626097424328
S1,720,L32,5951570782154914698,b9583aa49c39f9a4de31b97e45875c02ffe08e6c8af3df9219566247cbf468ed,True,0.42712989542042246
S1,721,L12,6455308184432765321,a4b626741541cb07b7ff31b592dbd2ea1854a1b7d6f57fcf4085164c3bff1b52,True,0.3959295149361427
S1,721,L21,2964134492053592510,e38ced4366e88fb8413638376f387d12de46e9ad1324a2f4c573fd613ef7143d,True,0.47130215105687234
S1,721,L13,8424158239275880951,62a75a745b08af0d94afe42ba0ddd459e1872719c244b43fb4e6d559f4cd3ccb,True,0.4144381871958921
S1,721,L31,7438352791390819807,5e31d5adaee4246271b6abee60e3f3e7c9d7848b045ed145dd1f2c9c046ef82d,True,0.4440643242524314
S1,721,L23,14097715255832339651,d9f218b8bb778e696d15a3a43a15e096614ffc31a481c974cc58e4a8675a6a9c,True,0.4785705343187807
S1,721,L32,16303849274096236957,7b555761003e23e30474c6d8bcb8a7679839afbece5db2d4620f85ef3c07f2ef,True,0.4223099296898784
S1,722,L12,4649632618558177301,9bbd205770a87cedcdbed32479fb742d4c39f2a87d6d9c69e78385c29afae191,True,0.39464717999936294
S1,722,L21,8321064467127757959,d82cb65525af1e0c1d0d0a713d854e334412161454565c297ff73913f9b3f10d,True,0.4729259120605528
S1,722,L13,470665766810958487,16867e68e8f0e19b6576a220b7b619fa84601a7571a891cc8974bd8dc3112754,True,0.41384703363893566
S1,722,L31,10600278853735217568,fcdb1eb6e0ef106944160dc314c7b0560dcb86d961ed73d8612d2342711f9e8c,True,0.44339840811427317
S1,722,L23,15798042982925348720,02b1391e1c7b6ebb3a127b0e1536609c05dc6ba2726a2f41aa86fafbd3fe7494,True,0.47806549717302227
S1,722,L32,13370135128432214624,d93a8cc2c2a77366e1dffe2cb2da09c5179e49a49f7723538a28d312126d8d4a,True,0.42360925833634033
S1,723,L12,4354072331547762773,37a9262c0508d4a3b01a7a7c68267ae03f0deef7ba807f9a6dc1878234903ddf,True,0.3908429820193079
S1,723,L21,11438775604018099133,985e328f3ec95f94e6f7ca943c538de53f7edb5a0cd07ab6e6eecaebc29e9452,True,0.4737938440151562
S1,723,L13,776084626890649990,d08e2e4c3fe98efa638f23a4de83cd990152d299924933c4e1b8ed023a0dfa63,True,0.4086557212985579
S1,723,L31,9934830722267261575,b798737e204f2021e428a7cd802cbf876c5a48c7a33c4a6a2e3f8807e6f08764,True,0.44297468775445475
S1,723,L23,7100086759979468490,94cc310253eeb3966ed6795dc89a7f6c0cf43bffc6c9ca6196d75f95c07a0ac6,True,0.47751985374584904
S1,723,L32,13515936371588331092,0c66f85bf120b2d7052ee6bcece7eddb7a0c2d8384383153bf9b5f971bea42c0,True,0.4245372089259982
S1,724,L12,18198230990602525785,1f51f29408bb261555b2eec61ff8f7dc7b8f6ffe7b7fdcac101332d02b6e65fc,True,0.3972097590569343
S1,724,L21,670785569746449044,fc4c21ee77d7fafcabd39ca3238f5a66434d868fc95e479135ba61a730673d65,True,0.4714184124064521
S1,724,L13,11060616894636935701,61074f87479f4a4c4c5da9450ad76d6069aa727657098e30a39b95e7926963ca,True,0.41002450914229466
S1,724,L31,9786797199918010809,386f811c04a66c10fec3da9cdc79bd16728ee9bcddddda3b2ecc05c6eb6d5b5a,True,0.4363006579300239
S1,724,L23,16042057077847118983,f61e1e7bcd0c3ecffbda531fee1ef1ea42dfa44f85a2bef8ec475bc5bd0311c9,True,0.4745910548746251
S1,724,L32,15328747776898149458,106e92fca12cde57c119e23f546dd399190d0d05abddbf23317d0c351dcc3f5f,True,0.423423872955321
S1,725,L12,8083863375416822115,fb406c905aa096a31fad76a04951bcdfda674d40a073538d721bb65fa80bd2e5,True,0.39156757130911357
S1,725,L21,6795108493802643300,50f3c5c6d4f77380c261c4088c3705e302948332997c03186656ec73a177fe36,True,0.46801520484799114
S1,725,L13,11968398866592652101,e82db9049134c7961692883b8434b00b8ef8984d7457950bee253e23d0356e09,True,0.4107184094438214
S1,725,L31,221956956459322576,0a00e18d71b710e3bb5a77e1ed3953577a594691f98de915f7bd6d8b7c063462,True,0.4445152361465786
S1,725,L23,13650345190117004304,66848984f4dec69a5fe998adedfa7af4ac7ceebd725cb2582801bc96e8b750c3,True,0.4798419742139314
S1,725,L32,14385091209354963186,d6e12c6746e0af8d8979d67c8cf12ab65ccdaddb392ff0933bfa12630369ad5d,True,0.42427647016812436
S1,726,L12,3811287425154370239,1393154d27155a7b46bc8af4aa5590552517512dfd14acb39f8256a07902374f,True,0.3901104909041998
S1,726,L21,5739300680374546245,71eca3f5253cd1ed4ae622b13695dd4a8ca0e8ffd466d95691a2fb626759d430,True,0.47157540989910174
S1,726,L13,15669736355207896521,a62b96e329f93d5b5f17429927c23254bde05374f53fb1ee8804582165cd6f91,True,0.402221025599566
S1,726,L31,5501480913213268366,0d42039421f7dfe14531dcc569c31672a94fdcd3ea9932d42ff5e19540c9a1bb,True,0.43841823052675744
S1,726,L23,15414275376237307114,99760b58a0917c1f63c366963cef60f3c407b80c8bce940a8c75cd39f2b2e92c,True,0.4844879995161642
S1,726,L32,16884002431266818338,039f2529e21b3394df66a0dea5036cd1df7bccfb4b47d379ab672c8173426084,True,0.424790994763788
S1,727,L12,15158458364643550885,804b173dc759b24f382bfa98eb0cd306b298b8c333623bc73639bc5898768b12,True,0.3915200398316669
S1,727,L21,14245755600486544423,17c8c61db6af818f6da949ce35f2225143b1d0f502160ce114c270a179cb5f0c,True,0.46696248684881014
S1,727,L13,14157376819169045111,c2ff6bf07d24358a1eaeb50d43cb272ea9758d92a7600ec4e08af602b0a7c366,True,0.410344595726724
S1,727,L31,7325016932443725755,6294333fef11c2d17eee259334ebb98e31538f4ffebccba0b8a72640bb7f899b,True,0.44949446743651267
S1,727,L23,17752121705268368539,67c8b9897718e9a988656d790607d03820bc314af4a85bb061c04cad8577a796,True,0.48215972553181957
S1,727,L32,8241106900324569101,ef62a4e8e15cb23e7891b730db4513d67d000407b8e8295b62c822b6f0ddd022,True,0.42373640384660416
S1,728,L12,5655261461860423641,f9053bda85bf2f15b61dd3079bed047e10ce58f67956f15ecd02eb1edfc09a81,True,0.3929355772037098
S1,728,L21,12950664731483795172,489b9f913827032595d53ccb54415a097a468cf415279500eafc01d08f38bfa2,True,0.47459498552254853
S1,728,L13,1104679831899293437,b24c54b197ba1e64469ce83b443e67778ec39a16a4795c627a2a17e42c05f3e7,True,0.41565360474397994
S1,728,L31,16730303107524595070,20a40b034b22f49040530aeb81e0edd46221cbc75e342c8812dde1616d5fdae2,True,0.44085651208201737
S1,728,L23,5326296008403132448,159521a1f7e8b401c16ee04c25f3b5a5c16325c353be374eeeb2d44977050aec,True,0.47944538837549266
S1,728,L32,6116627013708523137,af6aa3025b2b4cb03add20a58431f1bd83f4f6c9ccccb374414c922791d73100,True,0.42213240579620703
S1,729,L12,225093102407325572,082a341cd623017143060d4f572d96319828d6b4b4b991686d94000bc2ce0474,True,0.3902384053480189
S1,729,L21,4629956939639032799,9e2313b7815d8a75e1d119d2cff3135fecd2e732db56a0452738e2f287dc3731,True,0.471427808275863
S1,729,L13,5025191905843086177,1c89aaf7b82a88d5574763fb1af2d80e69d3aa71b299bfa6566394cc025b02d5,True,0.41064233978399395
S1,729,L31,9267815738436464562,67c49215e7e9659bad059f91f3d045e4eed8e5536f9c279a87007fbac9e74832,True,0.436211065178556
S1,729,L23,15417125893947151846,df6d313270631394c9f8ed185043f666fbb5448d68e8b085480bfef79c9b2b4c,True,0.47889185895926956
S1,729,L32,14562748726933306335,c63145919ce49ae95e87b07b497e9536ea52a52c3ed677e713c77cbb7090a958,True,0.42228593305622775
S1,730,L12,16804392572054241212,c89403d9b9f8a85cbc8de9a3b4a06642bb45f8bf918310dc3989f095b500a0c5,True,0.3902384053480189
S1,730,L21,18344432204121982405,5887b1db51012c8814db7fde2b71ab90bb032ba1da8a058aeb359e6528c749c6,True,0.4765367903791767
S1,730,L13,2699092201822600159,4bf40043bc5e7bffcab23744269191a2ec49ad6d18a14ec2b64f708825b3a531,True,0.41345288641441874
S1,730,L31,11753028456482946925,4e2fcca4fa344f7721149bca3a6a5d8eed1a7926ff17dfc1e46168a1fba7a45c,True,0.4373443503251073
S1,730,L23,8719283774376406029,ae87ee5116b1b24485658590487143ee80fc4a23ae58008607052371cbe4aeb2,True,0.4765890150194983
S1,730,L32,3602157978662519222,2673d194597f02e2f1334fc686e750597ee7d0be4db9729d6cc5a98652e57e9d,True,0.4242921023276806
S1,731,L12,12939076059855381770,d05644d825653512bf3b9afe5c69e6cc10a33f7a1e4269b889d324869c0e4da1,True,0.39403561941212895
S1,731,L21,17290006921669414749,b146787d1abf97ca21fa9ddbd756cf31332d9d8363b2490fadbc706e786ebd87,True,0.4722348855181128
S1,731,L13,5993735125897713153,7bca7888d2b65fe487ae34ad251d2b8f0c76d4315c44569c4f3e4629d2095716,True,0.405624092481211
S1,731,L31,6325439379923661303,cc05d6520ff4b7e882f9be96dab2ae8f54519d5dd1550baa81b49421d81ac340,True,0.4434472556442299
S1,731,L23,7692303369791393166,1fa76b7409b996b34b806999588be72f9290f391d9ec160be0b942267125244b,True,0.47781589755056664
S1,731,L32,9810484352051794551,b38f92df4e4b01b4e1c725a13d5a724d563b8826bf2841057a31e277e4908181,True,0.42713052131355433
S1,732,L12,12402547994025481142,a0c8e74376ea8ebd02d4cb13f2e1fbc6e9b591229f98dd3742b5c361f131ddb6,True,0.3910886568841442
S1,732,L21,9176356877134837151,8cec4420197d3b3da785daeb3e9fe86307f961757d8b1ffe6a217a985d5ee3d1,True,0.4761582447406979
S1,732,L13,6262909135297311681,e16a71251e8e7385079acfc1ab5f254e24b05ed1251a905638e304475f4734ac,True,0.40358534708170923
S1,732,L31,2158846832689300023,be6b5e565559aa652cf4d34194d6ef18393d3ed6dde339dc4d2b666bfe4ae7f4,True,0.4373952190280894
S1,732,L23,5648103695461773170,f214718c3212d268bb9210e4a93d1f7e998f1e6c1223a0e196777f38f08778dd,True,0.4785502926955492
S1,732,L32,13658135002501937277,032a2b9c78761ac77936fe320b2220090106adaf2031bb9e603a625e419c63c2,True,0.4240799498526353
S1,733,L12,13433915061237124675,a9df9573807820fc19c912c1defeb0957cf3cca1141a45a9fc57adb70cb6ace0,True,0.3870446615843464
S1,733,L21,7539430058409074945,61fff8f3efbf6816cc6de2e85cc784a6839876c7dace79ddf930579579a1b49b,True,0.47239194257968936
S1,733,L13,2364415020621074561,570f65dd1c2c91dab0869d93254f3c59cea23546f2659e2efc8072fb36a1a225,True,0.40590863213209905
S1,733,L31,16724526288586804644,07a71f62a93b6805f714375e1abd1055b9c612fc6e25706eef07dc79c128b343,True,0.43531285937696457
S1,733,L23,596088176236750135,bbfe48822befe06eb63ea957f3eb07643dce66613976d9b06db4b6c2e2733821,True,0.4781107143800938
S1,733,L32,4411757581941472313,5738c46856c279593cb061d347a803921714c0d1e32592ac47e1fc6e4a19b400,True,0.425337655096271
S1,734,L12,9136121649217859690,f73103fdbea3b389d590b82f259f5aaf0d38ca7d356df93fa1e5a41833209af2,True,0.3885655372150152
S1,734,L21,9525951022420127963,479ed2c6f41e607420fb99b2025a15850ced37226856bd91427d78baf5a34b4f,True,0.4705821876619826
S1,734,L13,13239130708713563144,2423853fc2b93c099b124a4b89bbb5db5373ca026f0319ac025abba491a4b500,True,0.41159725064922276
S1,734,L31,18319150391244973722,039ed4d45bf63862022835d46a9dcc6b4a9f3449b84c450b71c7fb0b0752cda2,True,0.43930635798523715
S1,734,L23,3217145902733750083,8e39854303577f9237dce85a93025369f2774b1324d79486fb3aea70410867ca,True,0.4786167074563824
S1,734,L32,2396027872219859574,21cde29436b36fc5f0ecdd8a83c7bf0091758bde464ea6ee27585a97bde36cdd,True,0.426346537597697
S1,735,L12,10555591073784461027,39db3470c8ddcdeb39bb60e99797ed883d9f51a5cff14fe8f77c4137aeadb0dd,True,0.3923343803795216
S1,735,L21,17707040654865546983,9aec254ec1e21454a83e17c4a307cfaf070043785fa9c3bb4e5aa4d375689cc8,True,0.4710261385289204
S1,735,L13,9772597902346560453,5d21508473a9c7f2310614338d5f387e3c364b35c57ed7ef09e9c96cf778a742,True,0.4118381307000274
S1,735,L31,10358893025022873050,adafdf1d9084f43d660e7013612bdf834d127bf93a73a06c96fe40f3c9ec8ff7,True,0.43906208716295547
S1,735,L23,4551608918893651465,07f15a2c65ccbca2c1ec42b39091d12facb7b132784aa1b2dc6cd1b8d0041401,True,0.48274262699797116
S1,735,L32,9155204769416811449,4c2d4d6393d3afec05c5dd5967653ce7710208070ccea8dd01a8c3e286efbdd1,True,0.42326738248710766
S1,736,L12,11332162090134520910,f5442514b8ddb5697ce8f1d45d65b959cbd85493b35835493d14958e73617b6d,True,0.39119658802749796
S1,736,L21,15084521454147295235,d866cddcbcdae6e1dbc36001932e19dfbc089f743940d51e2ecdc1dc699ab701,True,0.4740332988018542
S1,736,L13,14284848428225394474,9fcdb58a22eca791a6b047d3837c472a1daf876f4082337567823ee36aad4bd0,True,0.4097395819928839
S1,736,L31,9268502667072984541,683f00bfffa52c60917a33ceb987a08d7ac77298bcfd7357dd405de0109880d5,True,0.43794914266382257
S1,736,L23,18424654061359870535,2624a428bd78c875fbbb5b675a29670353946ce02d79f92ac76ae78b007e3d90,True,0.4723821376486218
S1,736,L32,5544146611267653513,f95d3f951bbd204a0f975670b91f20966c7ee783cdff205ec6389d53146ff931,True,0.4265443363495699
S1,737,L12,4760913412078361277,7c4e1a460b2f55df8fef92085eb281c03be7a7a74904867f0cfa8888522a7b1a,True,0.39042808748948676
S1,737,L21,7447329974788241052,68f2ca86788cdf1bb67393ea3dab83a5bc4c78b118996ada623630e4d082845c,True,0.46955410223420385
S1,737,L13,7341434555597989199,0b919c9bbd8772bc132f81c701b606549cb8cf5670f6931073f4da9daf95d531,True,0.4046961088165948
S1,737,L31,1770749812269555787,d3f716fc337bd90a59e90881438e45b613871393adeda174470cf6b5b8c2f8a8,True,0.44032691461516077
S1,737,L23,14855705242756857162,d5e9262175dc17942d2d19469d8f09543c361d9009ee9091e83b90abde374e94,True,0.4836614220829044
S1,737,L32,3052959049819575729,19e9d99deb975e7f19c7bbbbe057cfcacc27b2d2bed212577d4d776aa3332c17,True,0.42349938466465864
S1,738,L12,4992527069674955024,0eefd14d526d657a771b12dde7039409516a7d123bed923b5cf917f0026a0123,True,0.3882536313867927
S1,738,L21,3935861626488745429,51c639e9b828b62abe3755d457264d6941053db38e8d6c1cc5d921059491121c,True,0.4681148795197666
S1,738,L13,1226353411888448420,1a5a837325537ccb9065899339ef7469f0b0cc1d7f2381cb096b6e002bd8a925,True,0.4027252033519107
S1,738,L31,10963277407876192706,0d31c83d80b3210272358ec04e1643c209aed4866027dbaf63a0a9ded0b5322c,True,0.44002068505137804
S1,738,L23,2029856569641650821,7ecab00655a665f29f7b7b799f47b7fcbbdf96663736506b4a4ebedf71fed93f,True,0.47484946934230793
S1,738,L32,15283629811973384597,a78476be8df4af18f3d1eaad126ddd21ee94a9da6921b70337f1305be947c77c,True,0.42357916769436177
S1,739,L12,16015717558141771577,66f3d08482183695e8b0c499b8c1bc4bd851db3b335e4f4dccd04f705b97b8b8,True,0.3928778308873355
S1,739,L21,14601615315919545050,7a3338e7a62062afb5759db7142e1600c3f9e6b816b8b72348e0484432617cea,True,0.47852735973573035
S1,739,L13,9325863669345743146,c8f8b4ae36010e72e602a2d80317f5dfa7bf5371186d876aed1058cf27fca390,True,0.4113831519250617
S1,739,L31,16175965913367709615,cfbca204cd827a8831aea004d6b5251e361c151578e121a2178cbe65f50578ea,True,0.43671784753971105
S1,739,L23,9290970733154932578,5b75c0d7eb951941229bbaccb9ab60bf4a0aebaccafd8063f6b045a61c1df992,True,0.480764967556778
S1,739,L32,16936874140643387906,9477bb596897e3f1db7fe2cf518d08865c117fcb3a02325800691f2df8fed907,True,0.4202140092591363
S1,740,L12,12879871896176237769,284734356b3878a597c099f2b724b64e62321684566883710a3acc838404b797,True,0.3902674681483019
S1,740,L21,13725906123676361916,f9be90d29156f7d6f0cfe5049206af16b4c4222bdbb15fa4df20d5a0ceb64545,True,0.47244678987426514
S1,740,L13,6707684832137939285,dccd380298180025e67a084bb15b5b2696a2c08585282e29b416a4012b5e84ce,True,0.4097182469922305
S1,740,L31,9538720212034973433,be26a39cab8f1c6e12e14cf4bbfe32503cc4c52599f5b2c7d5e8f7c9b40caee3,True,0.44301998546755017
S1,740,L23,13351860566583976842,f6094af8119797aaa959067a2cff58798d24a0c147c740b4790d6be8cf68f606,True,0.46992266939518834
S1,740,L32,16031857458529088340,c35bc9c1976e713284e9e095c0ebdfcd8c9e76e73efe88785cd434d9c9c5cef1,True,0.4236162937434525
S1,741,L12,4681512607381095908,275e7af24d043feca4c13c4fd1103d8946043235fafd43463966f072b9054d79,True,0.3934517391554877
S1,741,L21,2385806049796426373,18e85d4d619a7b4753e4109aeffcc371b6896e1b9cb21aa7e851103fccea3ce7,True,0.4692943322573584
S1,741,L13,7703595297506285266,e6e1f9ee4630675febc3aa583f1d62165635571c74fa16782bfc58fcd30a1003,True,0.40892946085090803
S1,741,L31,2468592089183008140,75294c4fab5a74e7a44fededf396d5202b4ffd32b63b12ec874cbee749e6fc8a,True,0.43888638126158425
S1,741,L23,8502169413305863502,75e3c1393c59028248baccda1d32ca77bb576845ffd366de0eb185b2d39ba955,True,0.4734701260340922
S1,741,L32,16382673992368876156,841982c5a0198611be4d93f15db25f9c8e4060f5c411b67cd339b60dcd404e93,True,0.4240470550845503
S1,742,L12,15328423867618412558,c7e0271ac68787c5ff7e65cc2b495d467bc1cb9345eee99d099cb0497b0b41f4,True,0.3927151577662927
S1,742,L21,8024242537960174686,520d1d51c3f5f0bd60307cc29ec791a8e485231e06d14cd88ba08c245d17df6b,True,0.469246698617846
S1,742,L13,10660252225976117089,564a6fc3dc92c145f9c443ec662a729c7cf41914e4a66660cfbffebade9f2eb3,True,0.4082446960356949
S1,742,L31,11030277609564590574,2dee3f17155f40427eee08d4626f475235c8e13dd37263c2733427c31a014f76,True,0.44279331545114464
S1,742,L23,9129094990624076403,9eb80a163bcfe4d8ef4170544251d2014d8ac08acfc7031d1b92bc0b0a39bf77,True,0.4801400601187241
S1,742,L32,15236834354447468847,0548b2a6321a33e61c2fd5647c4ec8b2a2a5499345be3c210bd8690ed97dd693,True,0.4232770834779271
S1,743,L12,15873540100600905071,02ef591c781aa7a461373768e77521b5f37153dfe2949bfd4bc6fc482fbf9679,True,0.3952202755401996
S1,743,L21,9590360388693851186,cb9a0bf89aae4ed023ab586d21d34ded535d8f20c95e5433a4c54c3462492544,True,0.46990756219612456
S1,743,L13,3525639248522530409,8e988b9d0064283767f544acb2cf1835c3e658336eb84fe03a3d76fbac77b672,True,0.4051540940691991
S1,743,L31,9167701759189358962,777eacbc48ee6e708ff06630abeaddbbaffd5f69371be8bb1ce1ef107406b15e,True,0.4419797050793919
S1,743,L23,4853310543061338281,446c4badbb4e69673c96d082fb7e23d525ec5bee00607b9e89faa644fca7aff1,True,0.47488935581150793
S1,743,L32,13747193241232629893,8646848f886f4bdbc9fa9607886c8ce2e7b533b710226884cc8d5cc5ee604fb7,True,0.42611846675680154
S1,744,L12,7073773544883611810,03ac716a05859483739b359bbcd007b37a02eaae8f6079be73aad5a8d3dfd808,True,0.3921576263960195
S1,744,L21,3277573409290552603,794cd155b73b828a49671d8957b9dfb4796971adb0e0eac13a8ec2e5620fe985,True,0.4665770645905747
S1,744,L13,7260890299310983694,eb9f5d54fc3b0d4114c30ce3588a8348c746ba8193e5e153ec6a8c8621db42ab,True,0.4089731816582045
S1,744,L31,9811392729893828386,d8ed6a2b884f3538694cb24740b2c35f338db3601e5d36902734dbc2533dd191,True,0.4368318227489378
S1,744,L23,13438298100793470664,48bf8b52a2744d636a3e1e9e2782d60d3c8859eb14fff6e9ed1c3a44d224fcfd,True,0.48094191250287793
S1,744,L32,981733100920629071,47042ce849a0619ead0881adfb31a7a5f588cec333ee962bc27bc1a9de065b37,True,0.4265555656850054
S1,745,L12,6250499734842780683,c2d8ef6ba5be104bd551a701a8e29a5bf53443d0876f8fb6d8edd58388bd074d,True,0.3900937068741514
S1,745,L21,18177573740049193082,d8bea0c59fd741e631a4c04b159d335f85a7b8ddaa7437a338311e508b3db2c3,True,0.47413745106090893
S1,745,L13,963957055429272870,69b16dc6a3430db2af0cf98c9473300e9eb71f1278f75822ddce60e94142d378,True,0.4093564909831196
S1,745,L31,10706852439332049767,4cead57030b8e885cb5e5e38caf9f7c0297cfbb157678a6a408713bebb56e184,True,0.4425603210797125
S1,745,L23,6044957409425660642,b399174eb3d7ce790adee0146f84d6e2353ef2ab051e106b28cf6d0bb5cffb50,True,0.48396982285659307
S1,745,L32,10453259261593981209,08d8952c4de19f6166a988623ea9670ab8797d919bcae4d425473c4fd3d40e2d,True,0.42226526670657727
S1,746,L12,5636162588752494002,2d8fdd9b2376724886fe1f75ac56520a9a5e723c1d0d2defce8b99bd34525d1b,True,0.3888985182768236
S1,746,L21,12453467915722624717,500454ac56968f0a6cdce1827fdf1e2b28a93fc492984709c4716f5d0decfecb,True,0.47447188513798616
S1,746,L13,13347272713553560066,c47bbbe9f330c197400922aaefc6aa127af4a91b73f42fccca1711507e8a89d2,True,0.40770439488454946
S1,746,L31,11635332849768550143,4483eadf0b50993a4b778430f57c092f99a519bf4d2824a7a8015592989aa516,True,0.4388311654312024
S1,746,L23,4371777979789794492,f018f9b7f6373d10c874ed7e1805edd9eb4485be94cee358bd7925252631791b,True,0.47772898867592767
S1,746,L32,3193351847471858713,289a5a0d717e473d93679bf1701f37c0a0aeb5af41e9a200e860b61973dd0619,True,0.42484821622387964
S1,747,L12,8593411319235908589,2221804ff774926d274ca4fe61b091272a2d1808063105d8a7db25141fa43836,True,0.39257887093993993
S1,747,L21,8627657893917401093,9d3d740504e214637284b93cca2e03cf945052c0b7eca3be734096be0661b2f4,True,0.46658780149848983
S1,747,L13,12197068146061004664,7e8743fbddc41234fde7b931d8b2b6d5ae3f435b8747872b395c7a9c93e6c23b,True,0.4138855229388777
S1,747,L31,11920753442619489084,e6fc679fe65388c07b795ab1c49175eb201dd5a5f653683b98aa12e9f944e861,True,0.4383424187342506
S1,747,L23,16073645677925829307,982f0a3e742ab354b9df698f628168fab57f04056a62f9f18fff20b75ede2be6,True,0.4808978374824101
S1,747,L32,17519517163113589002,136f032b8d28506d78fe5b479e0fece2e7bdc6c0975df90ad45eddc307228858,True,0.42545211721271464
S1,748,L12,5679570193053654321,c9741a3af9aeb49ef68246d6056becbcb175545e8c732fe97b849b729e89082a,True,0.3897085351845379
S1,748,L21,409712127271869818,e34f36a443de2403cc60aef6ffbfea654f58528d2412dcbcb9f2cdd9d8be0b64,True,0.4642721537039779
S1,748,L13,2749162530279883044,21911276cde513a0d21d5ecabbd57c635e1538093b7836bb98be67828eb159d9,True,0.4091641658995958
S1,748,L31,8781856767297253460,12d1a26ed0a4664a4e9d3c885d75c04bba6d392c2f74b09c6aeb6b298f6e7ad8,True,0.44151137377727845
S1,748,L23,14243724505977234909,076c683210b35f70418ec02a22b82423901447cc3efccadde867b566539fbb71,True,0.47856455720835334
S1,748,L32,5774151192949428292,64cb00f25a2d340574f809a11b2956079b91799071bd4a9ccf85c3c9459a30eb,True,0.42347903807687437
S1,749,L12,10884602160874746258,25fd008462f1504d0862f17653f0749344838eb1a7f50c7db7243be48694936d,True,0.39481562280623883
S1,749,L21,1209247054999103375,6b4f901937f0dd78ce160a4ab6f9bcf5578e681f8582a0e12d869855ace267f9,True,0.47144576023604706
S1,749,L13,18004875586751122410,148c1acebd001b7a2dd4f6ad313dcc6516981777dabeabf0bc3ba428604983e1,True,0.41446492257801726
S1,749,L31,3029979307960512364,57b0d9025ca44afd38e182fcd5f8d444f05a4c16cf2aa87c7ab6c81d7bba00c9,True,0.4431281652975012
S1,749,L23,15623605912886694941,73981281ccb1e93c98c5b3ce10f7b335e8df3ea46b53270276f630aef7ca65aa,True,0.47500748772767076
S1,749,L32,7356759128520620264,5d3bab80d527b628cdf85d5e5645a90384dab054f53e66924a9b0b06bf99c946,True,0.4237791067399614
S1,750,L12,13641716223957041044,fbb31e31b2e24eaee173f0feeb3419038a4c0f91f28b8d539a9d33a396bdf98a,True,0.39429905169923823
S1,750,L21,7650842761787368505,72f221844445106566b40c7747863df92820b79ab242b61a7375318a65b1948a,True,0.4699026162585431
S1,750,L13,3232824831114297055,864924f35f7372f4d63c284431eb595111e14df099568fba12a2f3883bae680c,True,0.41156363034300825
S1,750,L31,14156521109622852985,ff7e07e9296ceaabbd1857f6a7dfa1c40303ca276212286e39904464d82c1c91,True,0.4376096062179201
S1,750,L23,13047444015429476327,fddc031a9b87a2b57ad1a3691010d5d3eca57be7a91be87c4571f02d24233139,True,0.476073855783451
S1,750,L32,17340116228694586522,b8b2927a3a47e5037fb6e036ca2036913b5b01f182d1f8ff881f54c1f1fd5b1c,True,0.42153705475760267
S1,751,L12,11005154351218682239,2117a078584f37174fec01c1a7e35c5f152c06a0951ccda50f9eea63f4cae787,True,0.3904800388885052
S1,751,L21,10657775092516063309,5cb548f4841da1c50dd550d9898452c172b3c9efdec5e3add756cd1923a4d044,True,0.4767488472430599
S1,751,L13,7587232530146008929,a8bcb080d64592190777aa7995824182813b0ba00865ba93a4aa5cad3349ede6,True,0.4098177750291789
S1,751,L31,8785262257996850132,7fd9fedda3bbefb3a3a83757edbd6e4266f46f06bdd37995dd4625ef19ccc62f,True,0.4426934149637466
S1,751,L23,12889197209281922029,982d44f4e782a7773683fddd22347bc2620adeb62069d846814da62fe9644e32,True,0.48318118409554167
S1,751,L32,3457225375941864244,b942686fc691bcad515482bc61a9be7a559324c879086a005e635fd85816b070,True,0.4270764181018441
S1,752,L12,16570643578488084335,06210870d3d9880f4de9c64450deadb1926f9d63fdc600cc41cc85f6b9a4c7df,True,0.3886450303405875
S1,752,L21,16564853889142872201,192a17d359c31fb34bfccedf1b70ce7adeb2712f9784c7dbcb82bcb5c9ae2e68,True,0.4658116443822679
S1,752,L13,7324501983848376224,3945c651526341d7c2d95928e3a3caa5554d8aa659f5840b87c0e07b2be3f3e4,True,0.4050681929461634
S1,752,L31,12615687114045561243,0a5f920ea5e0f86cc3ac72c7f5639eee7b2bfa5cb0840e843510e4d54e548caa,True,0.44289591206191803
S1,752,L23,11997611133178635514,227c4271d3c7e7ae825af8fbfe636520ac074d31151fa372bdf8547a307d41e6,True,0.47541693748434255
S1,752,L32,7853812576067939844,3938796fc56a965459b298e0eeebfd1dbf4f6cd9c99031248fc958a8ae686258,True,0.42442201945090424
S1,753,L12,15690078851408471986,97fa86ecff314ad8d449458d1c9d52ac0239c6c807889b1d1e10022409050c7d,True,0.39246097758480813
S1,753,L21,15930675989937592550,9ff2f284d4ccdd92646648cc7fc23ba35ff2c0acec8e0b9f246f50510072e4c6,True,0.4681416497053742
S1,753,L13,6941884548024336448,60208ed2c27c1380eadd735b0f3116707bbbdfb3ca891d8e79490a61ee030cc0,True,0.4083208077089628
S1,753,L31,4033989291814287998,542bd5addbd4426f765085f01daae22e8210563a27a5c9567eb2c4e54119d10c,True,0.4367926356850093
S1,753,L23,6399843724946010487,da06977a5f7e56e718e1da06eff6f44c90191b58099a15725b4802ac45821116,True,0.4797380266934181
S1,753,L32,11559384598178713737,40abd09acd893801c29418b816e4959c4758445f84a91470fdd2d3bdf17c25e1,True,0.4249685817038774
S1,754,L12,10529091958350937775,aaaf994a0d0bd85f21fedb36bf7fb83be5a2c0265e2e7d0c770927f38f291c16,True,0.39431339771897483
S1,754,L21,14273328554700818479,214fab1095330075c71d445573e144cf809dea17d71c20db3c6474c74da327fd,True,0.474227284236549
S1,754,L13,16047071156041702524,496b66d52115113dbf25d935288d064663be0c6403cb51453b9db397353ed991,True,0.4092098303214019
S1,754,L31,8549569026768055479,7e255568c356fd8c8cf488fa858f5f116f86d65d12703434220fa0e70523b3ad,True,0.43978788118829854
S1,754,L23,9058664075208742636,d5ba907bf1591378a4b370f4d3f58cf6594ed56dbb7ef45b95390ecd1493d389,True,0.4767225837907815
S1,754,L32,4621933779744947942,c5ef6e78643ee0ae007e117ee709a7027dc2ceb0dcb89fd7fdbcd18632a850f5,True,0.42582254934066993
S1,755,L12,15206715316450403490,37ace7e20888c22183910ba441a550169b57ed5b9bc2308fed9c6dc0da9d85bf,True,0.39308847977317984
S1,755,L21,7180230216864012343,ebff98c5aa35c3bcbe51775cdf8e372d2eca57b456cc99e8bd4ecd5bb9e99de7,True,0.4740047123984451
S1,755,L13,9610335278918740549,3237873795c4ebfdd3a98ec79c476f9e6a3c4f1c346e5bcde5850b6bc39a3f59,True,0.4140887914875415
S1,755,L31,34618679375151606,aed07bb613820244710ad0fb303049cea6a245ba1d0ea4eca0050bd5d76e98c2,True,0.44320040489939316
S1,755,L23,11441672638879875137,769a5d662110c34baf5eeb50cc62d43d101be2c2c070c7afc81d4265d3145c2a,True,0.47339519765462273
S1,755,L32,15561762088983051189,52bb32b2b1fb512528fd39d631eb078325ed9966df45dc74a51e39aa54160385,True,0.4279340526166021
S1,756,L12,15587004561717513952,18096be8121b59d3b67c5fc276952c756233287081e3409b1202040d1144b371,True,0.3926811131554421
S1,756,L21,12517644080249133394,8552ee06897ec43d9fb896e7fa168cfa90f038fe67bff9f3378e04db5166bfcd,True,0.4736595008386989
S1,756,L13,1349863044041673986,fc674063bb86991cdb2b0ed7afdc34585a169ada02bf1c71093f6d6d3d5c35ee,True,0.408860892407352
S1,756,L31,9805182924022913477,4bee6e3c2a749e27c83da40954451ca3594585109825aafc4e6b7606847f851b,True,0.4425012950708649
S1,756,L23,15435653975050179147,2f47a3d31684a0257b689fb40af17710616aa85fde24948a91e93ad7942847d7,True,0.47760986934162475
S1,756,L32,3674446241011392419,cdd37c5eefffe983432f171521e52e412cd5282c59dc2c367969fdaed3cc83a7,True,0.42404815530795154
S1,757,L12,17475730825449635607,897a1e6fed2ef994126a448edde4dec702ae775bc495c6385b009ff7ead04a51,True,0.39211255644380705
S1,757,L21,17273212037747974973,02f0b54f7a34f478bc55538042d42689a73fd55dc39df09c2ce38d66f83132f6,True,0.4732430184484403
S1,757,L13,15698399776386315233,03ec3bf8e3e3c6d041a684eff32c6212c7858e41fa7dc82e3aef00aadcd17723,True,0.41127159783082606
S1,757,L31,8227710480627239480,826f56e35cecf6d1c6c8a330b62c2538d6090d9b6f1144983816c9b1315234d7,True,0.44095796978268237
S1,757,L23,11017635130149397237,c76ccd91cac03f4e5b3703bd5c3c43cd59b7deda58a0aa2872eddea170ad19e0,True,0.48356254421506206
S1,757,L32,14288810168720607485,0d09cec59a7485d04a9d9a217ba62c94e159e4a7af895b2cefa6098ecf72e2b0,True,0.4239816339428292
S1,758,L12,12972931704843384268,69ad7ca0a1643e0159c691e483cb9f4d68f72838a7f5893097295154f6f56b11,True,0.39332234317243153
S1,758,L21,10433887833542769523,4b33e69a2cd2bd5c4d2ed4c4d1fdce1e3b18d668edd02caab7e570a7e2232a10,True,0.4713352137546164
S1,758,L13,8903192320899356753,22ea640e7757027b9341eeceb128f26b5fec321fa51e7e22ea566e719704249c,True,0.4110081809748729
S1,758,L31,5180638172428136565,059663b62183c23480d89ddb5ce59db2dc136774a95df94273f94ac84bb916fe,True,0.4364886855467356
S1,758,L23,13015919622559570204,0124f785d0a287cd25bd835a4132ebc05ca42de767c3bdebb2bb23e139cacc64,True,0.4755602421499631
S1,758,L32,7907642934743863317,bf77f6c4b4c4c2afb9a5215d4a77139493e20a2b8d29f93510380708bde7a6eb,True,0.4260494149528611
S1,759,L12,4376210783042241737,cf769aedd5db63037d096e0f890dab14703f0d757221fc37f30608090fcf6353,True,0.38918453286405047
S1,759,L21,7359008135585953220,44085f79ab6de2b4299b695a7ae907c72d5ad052d57edd35d0da1d0bcee637e0,True,0.4732769583337701
S1,759,L13,11750598976254614130,286753731433a09f1ceb587a28508c2bcbfae8d0365f1d8614e3d23c51ec5570,True,0.4074564320933354
S1,759,L31,4550131421442084933,f291ef08987e72ed9420456642c30275d270a81b088ef025056df55f9ad0642f,True,0.4453605689753057
S1,759,L23,16896719287631098420,897519a635cff23a028a844c7c130ff0b05e62d2658db6150815850413fade91,True,0.47593799665258096
S1,759,L32,12503466411575251321,0569247c576d31f5b8f0316bab634a87d81860a9a8090cf48961f23832bb022b,True,0.42546667320344167
S1,760,L12,9608685873266237933,18b4d4b858512fcf1f5cd1517507cf8f078bab24289b9cf3367b51a9c7943f57,True,0.3949527955500129
S1,760,L21,9907190041514648147,8e44063b1884e5bd9a95dcac2eb4c36db02c5e0351022f0a68b852cb4ad556b3,True,0.47490294998890603
S1,760,L13,2400432576139060418,4d18f1938d6a574ebcdeed11dcbe73a4ac4284a300e4aec71b4dacb4993faf16,True,0.4165064110186701
S1,760,L31,12055553441779251139,de8f6e9864a28b8ac891f0ac4d767decf7e4320b5e6961a534b3625bbf897ccd,True,0.44998513949983177
S1,760,L23,2679286046723278288,e1583c4227fd86ca0ded7c7e55cb4765f5f383d2a29b445babfb9d1a3bfbbc6a,True,0.4752528593802309
S1,760,L32,7582930536306286344,dbb1673ecdb5e76e1239f20da51c993c803f193632874f46014b44259bf6f301,True,0.42586711337934163
S1,761,L12,12743752488337484579,796f2f54a9c755b0158059379d47f4395532e2c6774c08f6311dd4ac488ace68,True,0.3902059952414426
S1,761,L21,2408671691885523147,3fcd515e8e99d98f5e9e6855cca2a5444e614f0fa75bff49e53d1340e14a1ff1,True,0.4776393736911289
S1,761,L13,17303090351059300747,e625b60a7c0efa52b652c98c28552039e8e87254275ee45f6bddd6a0193b912c,True,0.40769880365648714
S1,761,L31,7640315828787060240,dd7d8bea5a4deb7ce7b1ec73a1787202d04b14d8b84433aa450559aff46dbde7,True,0.44279331545114464
S1,761,L23,766525105526543464,952af3a80aa915455ceda8b846ce8998d1d4f46b2676a268c2d1261b64b2e1e7,True,0.47629767009524066
S1,761,L32,8101968996234289910,a8920096bd2c2cc787cd5a77a2dd4913527eacaa578085a3cf283134638f1e2b,True,0.4247069589767272
S1,762,L12,12195015194347449615,7a7fa14bdd944eac06d3d757fbc2a920b21d9312f30ba69905396d08dc76e847,True,0.3916169661294493
S1,762,L21,4800234983118687018,415b61765a3e44aec1ec334f4194ea42cbf19e787f9181bbc451157393cc4a80,True,0.47037983522588617
S1,762,L13,12112004243310435642,60718322e3ae3cb096721dc6cb59ee99d074f93599343f2d1220a88a40dc649d,True,0.414581824264749
S1,762,L31,5302152375418259982,74f9203c9601568fb29f45da08686453e1ab5477f73246e502e4c40e704ceb73,True,0.44514423261154723
S1,762,L23,9018727295037442635,c130d6ed3cf1aea9dcd6af54621de3bd7515a7effe4e205f36028b89035917b4,True,0.4820603240361274
S1,762,L32,402478873328714420,23da7ea962d0970fe8af8620c22ccb4613d8b695c24c663753b9f757dd2ab16a,True,0.4265414576183302
S1,763,L12,17455917243673774834,ead52cac06a6a8c54f594425a76054a0e75310c93897dd2327ad812189078761,True,0.3908186522031375
S1,763,L21,4512620352749780320,2678ef81d19ce8ad161448ef6e4b761cd27e0091759b36471200187b57333a17,True,0.4673231985172859
S1,763,L13,15180871500456274344,50f0ad40b0260d829e0ea7645fdecc9d07d38c3f4b956c98b94c08f90dac5469,True,0.406281360962695
S1,763,L31,18406951732210596189,1e79e7b0a2eb5f9a738978acb643f724854febeed03815e9e1786f94706f1aa4,True,0.43756014538989574
S1,763,L23,5968809522151276069,28402a9b32513d8238a630de55503409a807dc4329397b9b4931dc4abd252e26,True,0.472056596062328
S1,763,L32,1091695578493522509,039136f954af3306c2d4c734b0856d1db63a2082dec72b9adfc5c9dd90c46d66,True,0.42472014367066824
S1,764,L12,18104004498272585001,382cf698eec5a866bf974c9d09893243d833f1458425b9bb58c23aacef867f20,True,0.3900605927059385
S1,764,L21,13251479535103851333,57bd621c1a96dc40c572f1fd3d84472dd172c13b630f329395b0c4cf3c1094bd,True,0.47157540989910174
S1,764,L13,10716889985103867749,2506f65ce1db7e54fc3b5c956da13a2a70b055e6f5016d9e10848468681efbcf,True,0.41000681525508376
S1,764,L31,2076353200149368700,bd5a891abf45ccd1698e327b6f2e6b334d4b6eaddbe812ba61763453e1dc6db0,True,0.435654284054744
S1,764,L23,11861121023450973669,933a4c41dd745b5b0b43d6d8838842d34221f16af5a522a51a74fb358a88316c,True,0.47945310054027257
S1,764,L32,14110466594168987302,245263b63fbbb4697e7b2e19d641ecf645ffb2c6878085a28b9cdbc5c9db0071,True,0.42462299804045267
S1,765,L12,4883386033720578627,e57c0e2b73ef8124796990a2ba2bce210cc3c9110dd5692d3c37189e7dbd0230,True,0.39016141551897043
S1,765,L21,12525892026666226967,892bf1e82db667f774fd31c3fe6883de58144f8e91b3d175db52517d4f222719,True,0.4742702579930361
S1,765,L13,16058022218109942577,8dc0804f85c8d152aa7bf7de0d7ebbfcd0e6502b69f067f083cfc72679b7dbf8,True,0.4079773217606023
S1,765,L31,8821588156684865138,01e6c80cc4c3db6d98b929dbda4992e04d135c4279cd6dff9595ad33b355a611,True,0.44185726976946643
S1,765,L23,9694095109560464498,1f6e9310dc13edac85a133bc56a7eee1f4a54641400f461889d363e4ab8c8826,True,0.47965486232388277
S1,765,L32,795130495249475846,a62b030bb5296c842edf749ea363838832f20fb4ed927a2477ae3d3b68a502ce,True,0.4223100660626027
S1,766,L12,10916797306375813216,e52da6fb9f21e8b46a44779ac72f98d45f71a9dbc8e4a51b79aa6fdd8249bcf8,True,0.3952564726069174
S1,766,L21,16584140012366457786,1dee6912f8f1505e4c77bbfd9f2bc245c29ab25202a77c74e1b2d1bcf98697b8,True,0.47481610822578735
S1,766,L13,17015379068152018818,e7eedd6735112c832d5a5586990792a270c20c3631c3b9a46f3fbc4f91c78b46,True,0.41149621395836844
S1,766,L31,1610013497726873712,803c6ed5422415ce83149674666810a200e575f47c90b85e6be2ee776256893c,True,0.42992863905565926
S1,766,L23,2912205413847999628,97ab06f345c3b5e8dd8164e7547242f5128cbbba57b2553120dcbd823afd402a,True,0.47349795849041376
S1,766,L32,10565645519833930548,7dc0088bc84c5be8d4dc663f1c9e6a89787864dfb661020ae5bdf2d837131064,True,0.42500156897375874
S1,767,L12,16378610524202764111,e43f335b05bfaf0d9595cda8a1eca5e80b6ead48649e4ab126f05ad24fcee018,True,0.38960932281512595
S1,767,L21,104144279774259135,d9c7e047c4d32d8850ee39ea606ed3a02bee4a3975b63e9ac40b5719a07e0862,True,0.4735723989515618
S1,767,L13,976379720757680250,8bdd49caa24ff0b82758068531fa85e8c8875ff070e40f45f59113e4453f7ecf,True,0.40957291706838594
S1,767,L31,1953765601499776587,a280f66934b16300634a1fe5bd4bae32ea1cabed0e4677ecad0efce6b7a2e838,True,0.44230807526563215
S1,767,L23,15808301166934425768,5a4188d7a8a6edf371500ba5ecf1ec0b763da2abcdd2ec0201e5223f1add6a9b,True,0.47743404926214505
S1,767,L32,2007674108874599112,841410d22fc7dd4c16589cb70da1a7456fc511c5ae644ea1127e62cb5b203fa4,True,0.42430806394336423
S1,768,L12,10269434703094147293,10f69451775e6a93672c6cd156af0f5bf59dd7af14b292e843724dc5bdb09b51,True,0.3932824376168372
S1,768,L21,9106531292934863748,c79feda70a960c8201684adaab4501486e380b3b963665af964b2231c32984e8,True,0.47346985938762715
S1,768,L13,2633658994986695282,d502c1a4c22a5bfca59b5becc418c1fbdf2c7d696cb297a51a2ebd92c24d769c,True,0.40741275599050214
S1,768,L31,8090234528110688242,2e6be37e90b2850c0bd0e7dfe96b02453008e02cbe5e10c27e8ca675610b52fa,True,0.43859597052095944
S1,768,L23,17297183881120151235,88fb30d5fb834d346955e159d7aacb0913c6e6ca3f73244b2fdc28ef524e4dca,True,0.4820364552941462
S1,768,L32,18127697850412316206,11f1bc0eff28477ddcd762ab11eda095ba6fa9c2235de5357d3241ba2e4dce41,True,0.4224126738760143
S1,769,L12,732678480522746481,9366bb1a35187411988629d8e1791bcb442323a6ea267ecf40003bb672fed577,True,0.39135970201405473
S1,769,L21,12211030217311912998,b74ed10a43355d43d1c1d84da580ed51a3605e34d2b6ab25c11aee038ebdd680,True,0.46993664116437633
S1,769,L13,15756803838967023107,8378e116e6ca385eeffe02169ae53bd6e94e2f7aab3037e8858b019d7962bd3c,True,0.4115330551604733
S1,769,L31,16365843559617770217,485b4b308cde906f829d3a882e787841248371ac8fbfd5cd116598a9c813ae62,True,0.44716114260619283
S1,769,L23,10806751485543153672,9c05007b5bdc417251602f5312e9cb63d90e6ad71e68e7d4d29e5848b8c0602e,True,0.48171468684616553
S1,769,L32,4861871961535254162,ff87e6e192a06374c4a5161c15bd6778cc697b4558a0f64e64f0925cb87d3672,True,0.4265470864133025
S1,770,L12,9592649408415562955,706d9ea989c58bee1728830d07ffbd455d0cb6c89c9f465ed1a11dfeebba1057,True,0.3948189616684038
S1,770,L21,721183618029148763,1d79910442c74e293caa7a5901d2a364f919c48192d904da79e7c28cbd5bb1a8,True,0.4681592850974086
S1,770,L13,6272249703673915162,c33485a074e6bcab0b1ef1253f4e3efb9d59c6bc55b21269c2186daf13aa21df,True,0.4093736827808277
S1,770,L31,16455523121997983975,c62a7346dfc3fca5ce668551b1a9b65cd7eaa727558e59defafd04f805a34159,True,0.4412483293089645
S1,770,L23,9315795249136808770,b14ff416b67850f5e90fce0a600fd4f34c192354f001cb1c6d4da5dda876c165,True,0.47884704311126614
S1,770,L32,2000873262223797447,639daa9f689df9e32c8da77f9e0b0dcbd28a13adcb7301211e02fe6dd07feb5a,True,0.4224994774566623
S1,771,L12,5267338215906033328,d73ef717fdad0f6784b1b804d33ba04582175526461d748978f1187acb341670,True,0.3900183019720743
S1,771,L21,11333426900890461923,d5dc8e6c6f436525299c96676ec93a12c6cbfe88af0bf78d5d19a78ab8c90b65,True,0.47076631372132405
S1,771,L13,6527895945850549049,0ab30c0747ffe672f244ee5b806c0c2514c68526e8a13749a919855b97a91b4c,True,0.4094439334070837
S1,771,L31,8377825974367004386,cbc36b1d81abd06ae4e15c61a724bac40c92613c6b0c2f784adf13cd010ae74a,True,0.44380640715952135
S1,771,L23,9688184603514211348,927fe38fe77eb8dc8bc3030b3a3ac2b5bdc3466ea52101de8a718a6d2ce88b60,True,0.4785228903958549
S1,771,L32,12202039690622791110,30e894fa15e25f089fd44aa85241d40e92a00b4ec34fa86e3bd0e2f16f618bc9,True,0.425751706038898
S1,772,L12,4312625541529456535,2dbb0468daf499c15be11c3283e4a805fc23e017120f5df2f1cf9f3e4bcde62e,True,0.39522384840402397
S1,772,L21,13284177743501249133,646b2f7d5d42b8365c33189ac46efef029b9f289df9289c3279a698fadc7a87c,True,0.47144758334259684
S1,772,L13,16596784443772883765,8065bd7fa478d3febacfafc38c0fd63e7a9a9721aac1ead9f4c055d30e1c8129,True,0.40248839494492705
S1,772,L31,17373407813855888017,1379178ced37e010383f53ce911f94e2efa8a07c71a8ac8c211e7777fcf5b356,True,0.44010161741908327
S1,772,L23,17229202069170724433,82fe99db5ec459eb78689ce8aa73ead33fd64c8f30a42f52602d9e4c7d49fc44,True,0.4762439476450115
S1,772,L32,17754817803294456791,3f24de3f690e4a3cec364c9de37bf729789746d08d4a963f9207b1e04b47b307,True,0.42687612878906644
S1,773,L12,6692205723874078436,e51f0cc1023cbe877aea24d404ce6d5d403ab9180276bc72190b129862f413e3,True,0.394532204893886
S1,773,L21,1074240214441097573,3bd0e0ee31f179cd0aefd503857026e5ac28541dd76f13d580a2204c6b68106a,True,0.4629682850884323
S1,773,L13,12985978319526461365,ad127e6cc9e64185e6a7ffd846edfe024fb61f6254123fb0c8bb4ca61d8b503d,True,0.4007514555971049
S1,773,L31,13407680607895807636,d5cbebfbd3055fc421a09ca5c311e47fe9905406e80cacca721fadbeaf1b30af,True,0.4374731705412408
S1,773,L23,6832384968572454901,f25819ffe2983ae3f8ee322265aa5b25909d16a8d52b55430a94e67737f4ed21,True,0.4769818578536947
S1,773,L32,11940994726875945408,a12f1d5bb1314c4c033900185e8c36e079797a7f28899909019f0d0ee99f0589,True,0.4285471331499405
S1,774,L12,9775030089038967526,bf36ad99c4b6a489a198e087342c5762038fcb362970a42ed9c6a37357fee4aa,True,0.3886450303405875
S1,774,L21,18009805790674986219,429845da0a82c4cfcfc284945b7ff1fcef8021cd9ace0c5898886567d3832183,True,0.4706387312137207
S1,774,L13,11426299613357065979,b50d141a86f0167b96b67cbfb2a2714aafc0eb3c4a5b044daaba1886b67b46ac,True,0.40766265388698897
S1,774,L31,10695661797021751604,0503c0b4ba9c28a903f7947f4dc8226054fa122f71f42653a264892a75349259,True,0.4375851282056178
S1,774,L23,3351681574902943961,31bccef0c70758fa5592d5c00ce4e1558b150a763d1056902ef72821b41cab21,True,0.4717885940123667
S1,774,L32,1956025808886299138,606e99eb8faccec6e803610c3f1dd2cf9a48e6814e07d08e56db055a96c5a3c0,True,0.4300371682789746
S1,775,L12,6502303970344406984,af17583e0fdd0f277d9e987ed4d490a59f2237d0d44a73490cb651992edeea13,True,0.3937262024704079
S1,775,L21,134758469677009711,580c4ff243484cc1f9d709f10c7a1acd463e1ebe290d9b8e8100947fd30e00ff,True,0.4703129765555989
S1,775,L13,2412807014229059055,512cc8c2127b4a016e322e4606e08cd24084b24de385874dceeee86d549c6d92,True,0.41255863097308976
S1,775,L31,4421838089565327069,6ff7958191c7606eeb1e962a054ef86f643a19f283eb67d8b9c1a4f6f08b780c,True,0.44646226769620323
S1,775,L23,5199896874381899865,26212d5a794e26aa8334b94ddc21911ad3af1c84d48cf4912503d602a0005960,True,0.47342198894534493
S1,775,L32,12780159782865526262,674bce5e676f5daec3fb6e95497ce4f71169a556d5369ab44ebb107c72b21375,True,0.4279732082449617
S1,776,L12,11697416415327704184,777737b3cac4eb701f22cabd54273d1e7744dc44a982fa7e0331f164970d5554,True,0.3927415001980861
S1,776,L21,2887187009723427925,0d936187ed7a38655d965bd41e75f56a15d941e487b6310331a9171bc558c5df,True,0.47147556710433297
S1,776,L13,12637782872004250105,f815f7b1ba27b95df7d778827995dec681590d3e21aa5c5d917743c75d3b454c,True,0.40759143937290127
S1,776,L31,15590606400464988471,fed459b71f2b5e9bf5d9e32e957095608f1ce1a70910fbe846c01c25ed68889b,True,0.447844915093392
S1,776,L23,17635643653853515711,ee291130fc9320ee26e370973aa3d1f8efdbe0adea2bd6b0af0c7ec089f06847,True,0.4775321368806755
S1,776,L32,12722086386273206510,f7417111f9d572cfd934722e49095af18fef388bbeddfdc15b62e146b0ec3f13,True,0.4227455097265125
S1,777,L12,9257799673606761550,452f719ed043a2838fc022e78c0f6b821234664d2d05be93a0460e9b033e6ddb,True,0.3897717820340585
S1,777,L21,17900708216541653728,9bbc0a3307e1333d5d243b8f753d37000111dc79d815eb0228ff17f12b06ec19,True,0.474355702466722
S1,777,L13,262274373000765442,1b6b5d9c141593f7a080e6cdd32ed479257ef0618464daea1ce1114c56c3b016,True,0.4078300962801039
S1,777,L31,6058089605808810820,9091344ab67caa9e04c2b8fc214388af27943a11390d924221d95a4290f5bd4a,True,0.43704973444792905
S1,777,L23,15995346649722370613,7aa2acf2e9a3e5b80893db8359fb394e7ed8ce04519b61ee50ceee820df1f434,True,0.4845917845399498
S1,777,L32,10225767703116692197,ab061c26ff16946c58898417c6e3e7546e8019b7cdfe98b1b7e86af987963f46,True,0.41992386497793094
S1,778,L12,15740839835786250288,95ce8b1dc7132c55c9c7a1850ecd5d1264995efe25d95c7b115fda15476a5c96,True,0.39223476834537113
S1,778,L21,11714444554606189739,a09156226ff7f95623f33aaeee07607742c14893e1b20782bb99bed978501cfd,True,0.4702410562945899
S1,778,L13,5451271237776842270,2192ff4fd93dab692d4cfba26dc1057152e4ff0f0a8d493b82de1b4beb512963,True,0.40889443431363554
S1,778,L31,3344208299932575284,b2c60b5aa0adb20e440669cb9f48b8d07b38f4665aab1a530500db1c9f6aae2b,True,0.44967313192029673
S1,778,L23,10272753027643174745,53a4c61445537e04a0659f1a68342fab76cf2af21df827ba2892110e18a14505,True,0.484483467892562
S1,778,L32,6202577149226723533,25f8ec567eb169b5adc539716baba1fc1837d7985f229eb3bdcff411c0893ac8,True,0.4198486439084531
S1,779,L12,11925033512227400052,1f9d0a70a4bbc3bbc662f75cdfc5b2ddb11453696b49a496197aeb4a700ffc06,True,0.3907756110302209
S1,779,L21,5982525239967124195,d1a9a243f43c7a34f9fe7286d215a60fe39867c34373d90f4bc119145e1321ce,True,0.47490103913557036
S1,779,L13,16730246970396289975,8316392c8206adb12be248a0f303251e3dafad8a84856ddf12f3c1922a910263,True,0.4104666646086324
S1,779,L31,12242643627719819542,885ded921defc2d0a916719a09ade089852473c743b8ad5f187c0ffc9cb8ab12,True,0.44052817464574545
S1,779,L23,2269540302061190288,9925a3b66bda43a504fe0a0a5c4c184a40d10162562bd34d91112159ad46859a,True,0.4799631375418846
S1,779,L32,7117384233861756557,0469207410500fc7c4115d2a71ee902814cff80db57d295a76b3eab81aa92388,True,0.4206347818049334
S1,780,L12,2102220316307193504,dd458d05ee0390575bf6611500b1d41908f1fcafcaa284b666c2ce9681ca5141,True,0.394734205391697
S1,780,L21,2947613998061269521,e6723147886de9b0fbbd11f210812c22d70e8638308807cbb2dabbfe9958e5e7,True,0.47215652024971333
S1,780,L13,11812567830415079044,7a0bb3d17bef136daaf8dc4680e30b27e48b9e2de03d3b7d3b2d6f2145552be2,True,0.41660739661457935
S1,780,L31,9256298708955525077,2b800ee88ec7877672635356897ab4442e97d3a0b07c28d0091c87bc69dc6da0,True,0.4421061963917745
S1,780,L23,8285849971756253551,a42bcd5c12626718233e20f4f9e29fb7933b1736eab4a3739d3d7cc2a4e18ce4,True,0.48496857125577025
S1,780,L32,12356102766028924673,e9e9e581f79a8006c63018ca09d79a17f191b5dbe45d8d8c76683a1fb920a290,True,0.42390564588185475
S1,781,L12,5185808702167583905,8ad3649ce6c2cfe3d593fe9759d22d23311a75337fc722bfd30dcbcd03e47d08,True,0.3917569235610803
S1,781,L21,11942394085097855653,0626713bd677dbcee7e327faf6d289cd9b1664cf448453cc4f869be638cc7da5,True,0.47062177512811376
S1,781,L13,12117413666118177455,c12bfe5bdabf0243750cf2036b369ce5cd52c92a6d0c1612a4bfa7a9c55b949b,True,0.40928751464454893
S1,781,L31,6928690671789809970,d0944f5a1af53853b558e787d0159e660084ce05b7a25d58262712c524c7a23b,True,0.43934996222576117
S1,781,L23,18149202198763659832,1777232d2de79347b3597cc7bca22eae1bec3ba847e0497aac4a6803a7adc9fd,True,0.48283575807923873
S1,781,L32,5530262608521370118,5c868f6ee1fcc344b318fdc440a62485e070f1d1d2e0554f2e5bb0d64e29abb9,True,0.4215681940757791
S1,782,L12,6428639606661285231,1fd31dd9ba9f571a3268380762a80d9307a59538f595b060a7b62fb7295dbd0e,True,0.38977978860027723
S1,782,L21,5873681741728630008,7925855de8fd1e0a441fe6fa9fb8ec262db815e6d400fbc1a0f353c960d08359,True,0.47570032023654774
S1,782,L13,14918508488032100263,f264049623e9b3a52164aaef050b2a5a73d8e91896e06982b103f568a39749e9,True,0.40741667489977357
S1,782,L31,3363276797764373620,6e40a7187fe0d45f2da6260f06880c5fb19718b27636f0dac127562bb49a9022,True,0.4354465825747669
S1,782,L23,8550556072242278090,14ed7f4052511d7be0bddc6da44f9c9b3c9eba8635e8c51ef5a7895305eeddd8,True,0.4722806281050133
S1,782,L32,16956624222690118990,0aa3fd1818718a4a4b108b3204e4022ae11af49e43ac0e3caf190a2709378bc1,True,0.42396918222418134
S1,783,L12,12698069552243042470,fe36e6a77e4598e72d46c39f4204416833c92c8fc7c37acac57384c2d3aea81f,True,0.3943879522414866
S1,783,L21,5025728467992095037,b6804ab6d409a79c19a646eccd5d4b60bfe899e4f162af348524589c9e80ceeb,True,0.46684913388884963
S1,783,L13,10163189892924337186,8ccba4209c3c5120ba8045fd74902d4629bd95b0364faea12111904c39ee9779,True,0.4032001233538948
S1,783,L31,8125979963538463749,7c729b15225edf021c4d1d6473e8cb49c86e136b357dade0cd37e83a0a6f6dc6,True,0.43613453187642715
S1,783,L23,15603928339753193506,a9aefad622032d787a4c93cd6b46831082a57e6aa367d436e11d12e2149f6f25,True,0.4789462508088537
S1,783,L32,695216782502969261,c8e3e0841582e8a5b14383e75a5073cd89c7356a2c8ff5cf2413368b4cc6a16d,True,0.4257884773866078
S1,784,L12,6368573989621091222,0716436279ca882a43776a7dc4b67317f690a4bdd182b4fa702701a3c3a1c061,True,0.38919725020393925
S1,784,L21,13196149608038216401,ccdccc0e1e3840f3b45b8d34e405592a7a3d37417b35ba10475abed061972474,True,0.47518670082205966
S1,784,L13,227655857060696536,743ce00899a64f28c0e28342b6a01ea6e966bcd6e84cbd8c4ba9f94c2f2d01ad,True,0.40829870417927333
S1,784,L31,16816646370823579054,25b00178f04fca899d2f8fefaa908c625b9f6cbfd3f5c1d60b3469e365e41027,True,0.44636999551542256
S1,784,L23,10362259812821548273,64046e37e1681884d878fe8c12a1499152e33511d2d0db3a341a36a677580750,True,0.46980613441409447
S1,784,L32,1637074358657691369,5ad853a0d933fef6beeb47b02a2f0df85ef337ccfde52dfaf7a4c5cfe7ec52ae,True,0.4226013100758036
S1,785,L12,6112465067777822053,bfc17f8cf437eaaa9b14743ff13ca44e5315a9eb0e49f58a685046159f607b32,True,0.39263917527368297
S1,785,L21,13954965522371354624,d2951fba29bc450e17765ff919c0e27262fe637d696ef13e3d83bd9f3b44a27c,True,0.464927671981257
S1,785,L13,12444564569539372952,75cd5cd0801f41568625f099371eed4dff52231aa3902b16bde9d1fa2d3ab4b9,True,0.40590559268775916
S1,785,L31,2131091740659161021,5f7484930c9230967268aa36e8d1ba7710e3d2bd85ffeba4041856e96724e293,True,0.44082629295643916
S1,785,L23,15428625799413100479,46d2e1ead048a4df09983017ffaddca9007f2f2b4396541ff4c5b9d5f012923b,True,0.4798797918272107
S1,785,L32,4927364693951511395,e959ff024b933d1495cbcd8deb78d75d6aa1f98f3ddc2d7bdeeeec5c6e5b0f8c,True,0.42452925243219775
S1,786,L12,18091110365256004136,dfafe06c216a837694433f1ae8c1a47a5dcd4fff1a93c37ed3df1be4192def2e,True,0.39230623579983603
S1,786,L21,6443223291136533144,67311ecf34e3b4bef4eb4500b7a3cc04b468c52afa1b97a402bbb4b61bc23339,True,0.47509340916057274
S1,786,L13,6923905551307272517,31b82cbddf2cc281edf167c03e640cf8cf4bad4ea90e231ef48a913b8da9fb81,True,0.40195525595655535
S1,786,L31,5878793386802816422,8c3d48d010eb97d57221db3b7af83da76f516bd654d32150ba594d3884eda288,True,0.4431069478860173
S1,786,L23,15272113756179099569,6803b4e77aa487c7017247598ee14ace40761e1f6abf784434512cb88c50128f,True,0.4809263175081395
S1,786,L32,328387469200182239,2ecc41a65142755c00687c450636efe83a88681b0e8cdccedffd322d838bf9ba,True,0.42107686212071516
S1,787,L12,909007781789236698,cbc9810ce82b97bdf7a6ae9a404421838d0c2bdf9eced2d295879f0ecb79206d,True,0.39131047554059056
S1,787,L21,2060741806466424957,a5707e9171761d4a7b1baeb66e79d6e1eba4572b7d1a8e4a4c491a075e92ec58,True,0.4713352137546164
S1,787,L13,14553199889287706601,af7f5f966d0cc6e7fb537cb5019bbee5ccdf43abfdb7e9c708fc79e4b2818b43,True,0.4119714539110356
S1,787,L31,4054984225931239957,5cb4bbd0b17403192d80c3b8238665aaa4faada6c04445996867888cd3e3b508,True,0.4339112230779181
S1,787,L23,13022028724789740980,f8df3fe8af5bfb9f3e7c59d82ec5ba58028dbac63d0707c374fa9964b9f1f8be,True,0.4719439868711126
S1,787,L32,7599647584592623191,29fca1b0e201a12bc150e74e22441d67c34e65e0da2069d3bef62f8eec309bac,True,0.4246138906650566
S1,788,L12,10154608260103415764,5f590f1f3caf274921362ab70ed809fe3c73cde78b295901c9cd990b87427263,True,0.39314071715611726
S1,788,L21,7929743877201892828,d92fdb3ad70ae4273941adde4578cec2e863c9e43bd90bb9018ad8478ffc6455,True,0.47295940682338417
S1,788,L13,5115191030224848024,c1b36bf9fe0476e98f6caa011c05102ec837410dd41e49fb057910b78d1391bf,True,0.40631911505386464
S1,788,L31,11231009773330148164,42539395324900e836ed399275f20522000b68179fb70b5af2cc27910ad31643,True,0.44430699941929563
S1,788,L23,6596317811160865986,23d4ecdb669e8e8dcda448fbf2dab4f1edd8745b71f44a4aef90259881e4114e,True,0.4737251972737334
S1,788,L32,3641508089436692142,0731e29056a244f9905ddfe10270aaa8575461a9288e107356db373b2e457bad,True,0.4248869596368317
S1,789,L12,16680041084188197974,b8c170f39c7a7b1bcbda52afccb8708118ec33e9acf581e6dcc6d3c2476fb017,True,0.39235588931187326
S1,789,L21,15509335914688806700,74cd6e3030934aa476f500eec19b72c32e9d51af555860ccd67f7756f039df11,True,0.4665966521380319
S1,789,L13,14546096202239978358,55c06d5deace7336445353b795a7ae193a3c1983eec7433c9336439a496f50ce,True,0.4119553420314258
S1,789,L31,14228064017080219165,773c9fe0c5e1470cf8dac5c8cc91a44962440f4364cde215860edce2b0676365,True,0.44496259464820664
S1,789,L23,13964284082725412668,3d8a2fb7b50823d37f5dc47cfa0f48724cdc0cf7e634c6f710f8343f53b3ccbc,True,0.47453470041618423
S1,789,L32,3043825937383460843,f0a653c6206164228c62d6d88b184d713fd74eb5d8237373679f456278ec6692,True,0.42841681061817005
S1,790,L12,9155777317892049037,dbca5590fd391a8d255bb27743512aaad6730cca8e030e242cc15181c3fad5e8,True,0.3902340126977287
S1,790,L21,17261741266167198081,2a2a999dbd270b9207a81b50f9f8c800b01cceea3a59841b1254b0d9dfcaa4f4,True,0.47533116492128036
S1,790,L13,13876464126129712839,667760b2298e8f02a6960dfcfef11b417f1c6ad26b8e9c685e51484d45f62888,True,0.40797485860998145
S1,790,L31,7731226638275097643,2cacea74389081357b4ec34c503161c3ffa73b46a2ee7e31667b0a7fda04996b,True,0.4431479355109593
S1,790,L23,12807383812147859953,e7fd91e7b00a881948836d25a43681e09c1b2ac04bd620b36975075952f141ad,True,0.4806282574353746
S1,790,L32,6589051588781173209,397aab8e7818f8cb847572f4fd1714195e8810e1fe0e01677e0256f600c97393,True,0.42291259860557395
S1,791,L12,2624392803994170241,ab66789d75e440133d7f225df5a9707688ee7789ac80d446d579be8122ca015d,True,0.393236176260825
S1,791,L21,4692213308931201832,a07e0cc75164fc1c800f2fcc2136b6d3c66b10d01cf538015376c6530103ab7a,True,0.47177349958324055
S1,791,L13,10524393835115498988,19e5dcef9a3f21d5478f0be20ad6bfedc080b3d1e878357b3133eaa232704467,True,0.41215188073505693
S1,791,L31,14179230013486116953,19dc15732f3a2c1a37e34348baa3dd8e1e6f183bd6f452c775529e05e4f94017,True,0.4414834261341405
S1,791,L23,15594436603782738049,822774742f1e29f42bf394ef54d989e9c7a500459caee879e4103922d3796a50,True,0.47996071257360423
S1,791,L32,16856470731533701925,8b05efb7d38ec16330d4a95dc42f04aa653591e6e1c46f2c138a96a204589dc1,True,0.4251248619668868
S1,792,L12,16182563024811792269,e24f8a14168afceac0447a9eeacdd62594ff27d7118cb5a381d336b2ef3a70fa,True,0.38864589463300797
S1,792,L21,12404943398524131076,6601fa8a9db9de93ed7fe00398382e0cbc10282ffcd327d1411f93c03e268ae5,True,0.471562793293527
S1,792,L13,7035589740535744324,a5ed19f5077d6cdcfe6a0e102ae5cb2fcf764276e94f4f1413e0cb118d414fe5,True,0.4105749435769019
S1,792,L31,16306445903389565544,8385605b2c6d79b03d777238b2df04bc1cefa0440f364ab94bab0f77d19c1d5d,True,0.438515933119472
S1,792,L23,8718668090894209150,e45a69a123431916cad6740d64a9ac4a22845f8a4cc8d30910e2880b187461fd,True,0.4724706786879517
S1,792,L32,8692711955051746178,4516ed3affeed3318bdf2bd5f0938b04884e7938f1117949b98d04420dca4b71,True,0.4249202787024495
S1,793,L12,7586683954602632350,dd9ce32c55c7f8c6f8e132ddacb3383cddfb1680738f87353d64b63071aa6959,True,0.388980291691377
S1,793,L21,2562302004335608836,0711f55a4e1dd49c71ac13a31f6f38a58768153101419c9ca04e4fb612a98780,True,0.4701188272365234
S1,793,L13,9297909200466904156,0077a31c9ffa6ffc97d9f3fb6ac758d1820fd184d07197c42759e1df186954fb,True,0.4066537156433475
S1,793,L31,5119863363715489489,4787d60538f13ae30bb095b050df0cc226c366d399f659c3079b6f092f6eeba6,True,0.4435492927224597
S1,793,L23,951839710814937324,923b045189911a579b8a0f8802c29c28fc357ce260a8859e718f8034025043cb,True,0.47833302487494384
S1,793,L32,8835007457333808632,112edcc95d24f850b283ec6966fc6db4aa41fdb4712a6ed6d42269d970c04e98,True,0.422441537801866
S1,794,L12,16175547050907354001,0b718e382d7263587620081f2d6355a9beba24af7a7c3eaaacf5613c84de670b,True,0.39231550541917837
S1,794,L21,6186245744617963726,527037e4e93f835a1118f45f936f96e5afded4b5a8a41b699f92eb20877a4677,True,0.4695161117648917
S1,794,L13,14012996790020410613,b31fb714c58b686ff0ddd28d7b0fb943919aa4566e6c3a721c5c45bedf05024e,True,0.4041953991290651
S1,794,L31,8370211478248003369,360a1596c37f26102aaa2b79905c558607082ffe18c39d182efb62976746930a,True,0.43574720262736394
S1,794,L23,12830884785073406700,3f2f7dc5fa5ab5d3b61a0e1bd143fadc07ce03ab4c7583020c7ec87e6cbfb3d2,True,0.4834162177814002
S1,794,L32,8144426871257739827,6b3e34b3e708202ba38463081d5d41144bd1a891a2d15891f5ffceeff4fc78cf,True,0.4270363840000502
S1,795,L12,5856039046860936536,d70cb7e2aff1b814bcd1323710520fb717237bdab3cb7ed74df1b1b26231e389,True,0.39155509514105763
S1,795,L21,3901924793123358405,0346304877c90773dcee181ceb7b8413785917c6f60d7b5d3488672602bf680b,True,0.4714938375237686
S1,795,L13,14902633570318759981,9db6a6583abc2656092df7c0d54b8e81a132b85308533212f1ee495acbde5727,True,0.4118537333350169
S1,795,L31,4791558292840252826,94750641eb50835caa6aa877efb0e46f76efb78ea45740e69448d365b814f16c,True,0.43436393137587626
S1,795,L23,10076588392809808371,5f6ed8629fc272d72cc95f712c433e487c336dff47dc41ada714d771cf7684df,True,0.48088800506336743
S1,795,L32,2589570315707278936,0d4edc3dea89c5a0acad4fc5ddff1985b932cc4c29d6afb67e473bff8d048ff8,True,0.42388327172720003
S1,796,L12,14675274946416358333,5a63e633da255c97c606afa1e1e5fdd1467049c93d986a6350e3a296f1a60873,True,0.39458006015286656
S1,796,L21,9197668406519524984,8f7e9269c06bdf75b3c6dab5dc627dbc115ddd8b3ede0ec8e40e04e9831e94ae,True,0.4727519300957231
S1,796,L13,6557264698979142061,ca686c45fca5f70c04f7d088270b0d260aceaec7410d9ccfaf0875c1b60e0dac,True,0.41301958946457407
S1,796,L31,7963985306679606457,67185ab703bdfd3e205d5cc32513ef192d16e88fa34f303249c6bda0c5885749,True,0.43377940138449234
S1,796,L23,11489032682857968094,f9ad1a39365e5d0a858b6a995661ae678cde56bd77ce874c305f8f559c3a4bef,True,0.48045429190712646
S1,796,L32,14357567541394685606,7314060b23ff872bb356a31952286bd040a088c91f84d80f9e9f60fdf2cfad16,True,0.4223670234880099
S1,797,L12,13611729236292182145,81488a330575bb33b7c870e245bbe48aa3d90ca9d47faa5b4697a53a53368527,True,0.3897161359419764
S1,797,L21,9371330077220257832,7ab53df67d0e9c515a6586652211d287b2fa6f21c55739a12a07696dd0c2929f,True,0.4695095788140725
S1,797,L13,17779277727218857475,e9c88221ec14be41da3ef91f1baa87c6cda53271680e75932f586ad0dce0dc3b,True,0.4011670802254895
S1,797,L31,9220203662951450570,06977100d4a023ef923924a6334019ef1d94c6e445fd8653bbda29d2b06cc63d,True,0.4442725280182218
S1,797,L23,2510703416848468303,4996cf077a35b532db1603c0646dd8d8e5a855bf68790b2323998872b6553851,True,0.47782407623467654
S1,797,L32,2007806054702757906,b75949d72b92e940e0644d202357c6bbf040f2c67b891efae8d45313f959b04e,True,0.42143614369357946
S1,798,L12,6305226035466171213,0009354a0921b81b2861664bd787f153caba3027df900e0dd25965a743eb5da2,True,0.3913723299070641
S1,798,L21,673430070765525342,e5510fcad58747f7d1baa54c0b3274ca3ef94e25a738589fc00e65d993dbda41,True,0.47424634699429863
S1,798,L13,4108724336557841527,a600e44153111cab66713109aa2d82336d5fc2919ade10f939e1c73221958152,True,0.4108897348960796
S1,798,L31,17063961288152086830,c5fcfaa3328b46d015575b9b58970da26379ede535dba9a9829c5e98d1954fd3,True,0.43953734579090475
S1,798,L23,1418035680018334833,4c57d041dfd59290c798c4463fd7448126544123538159ea81ca3b61ae7af12a,True,0.47987611211999875
S1,798,L32,10229994379188311561,c01a004300d49204cd7d1d746c5c17f887fcff626a78df9ff29007d1a82901ae,True,0.423125301391834
S1,799,L12,9473831491720047181,662367caeb636b2142dee405b10216e189a62123190eab0341b5c7d20c476aae,True,0.3907756110302209
S1,799,L21,15571788800543004891,cd67e168b5067e83c7316e40296012a2b88f3410b6b7ad0fa165169de182a710,True,0.4731078551484095
S1,799,L13,2143650707000762995,0901dea43bd7180651338c2e96bf8d85c502e98260c5c46bc34ae08fce268546,True,0.40926661307076745
S1,799,L31,3587446087038559506,2362bd79d1dd001631d58f18c1851bd6de31308f450c777413d2e150adc1f80b,True,0.43932213042532603
S1,799,L23,4804573246261599408,64eed41ce0c553473ca9d4c5deb66ed75648fc6f2f6c876c14cafd19988fb217,True,0.48530056415594586
S1,799,L32,11102387293104161249,2439daea8cdfee5856168905a48c0c8676fc093575c968ca05d324926985980e,True,0.42585486958231855
S1,800,L12,6336367484406607488,5fcb6ffdfd8e0906e964ede882f97a6354cb42fe20927e075e6167ee8c870212,True,0.3935322964770021
S1,800,L21,5449800806098566524,40ce4c559088f4023343ec8fc740dcaf562a6dc78d6271f666bdecd1cd9562b5,True,0.4725581921274123
S1,800,L13,8785576893756661518,6033eba8d12f86f76dbced084c7be06e95a473ad13e7670b38df0302882d5f0c,True,0.40454425000685634
S1,800,L31,16236528950255995152,881e37b3c90ea333c4887d3d8bd6922bc6f58df8f1776af893d3d6c08040f2c8,True,0.44192577557914053
S1,800,L23,10060359837254370583,e37f72c922928ed11f44c9413c73f852ef50d0fe02d954064a513831ede9fbcf,True,0.479709543950264
S1,800,L32,7880529969544819376,72d37e17b79a162ebfe804a9c38732e7e191bd8cca12564250dd0152e5cd38ff,True,0.42562380520964427
S1,801,L12,15976446529957623906,a61e6d997bf2649e1d04ecae7ba1a15c3489c4611f992bd2c3f04301f36cfc5e,True,0.3924225846090787
S1,801,L21,12256474903264381181,95946645f6e564d155115ad6714e8f349bffc4d62c32f35975c1201a6a8dfb01,True,0.46852461046209615
S1,801,L13,7041532626483768877,3ceb540d4f39b8d830702f5c3d0519f99b3a4e63103d2dc6a044ad74566f9039,True,0.4111133536512231
S1,801,L31,741634664988682864,4d5cf303bee531aee08c0dc71eac0314d3e9ebbc5da5d945815564d8de22debd,True,0.4374118753091266
S1,801,L23,16617642621548253228,ea6285334ebad5e6801c4b5df3ba45de2f27bc577afda09377e75c64aea21bb1,True,0.48338695967866296
S1,801,L32,7055050282049215758,42667f750712039675113071bcc3f48cde220d9003482672ca7082b4d78627fd,True,0.42954826484931746
S1,802,L12,15010069681815776264,b49221be12113f445ad1e8c98af0414bbb6a4523b2490966e1978034401f2afa,True,0.39265375635802746
S1,802,L21,12323911448930825412,d514a4130d3164e8cae76eed11f9609622e135a2f8ebc9195f0c0b84ff6c0745,True,0.4744892121948247
S1,802,L13,1543078307241681339,8a10c890297131e12d8e45995f499ff128719a8ca28bec357efc94d6051b6abb,True,0.41191634160735224
S1,802,L31,10270141942079540337,19dc304d210c91a25f2713ff853727f37b92ee21053628193931a8480515cbb6,True,0.43958116050841467
S1,802,L23,11147445406092674469,9648041e4ef1485f4e036ea3ae8165606d5976d7f426505753b4deef7aaf290f,True,0.4781964821416036
S1,802,L32,5177719248976422274,fa4c23fae08be4f7b1065b26e2c647522b925013a1d9dc1b9d540b4e82a1579c,True,0.42495612368449365
S1,803,L12,8910880045265254337,d8ee1a83d870e4843bddf4c01f0f3dc99e8cd17ae708808a65d35a44e2e925b4,True,0.3936958926127739
S1,803,L21,11298238891084155135,24b159d5101f4b8ca6ebccee41a1f399a2f396614ba63f4eed2285a780db65ef,True,0.4752061280181641
S1,803,L13,7903277190889465332,cdeb1130f6aa80d12dabd52af805a73d4310dc5be06db8fc306bb7834fe0e267,True,0.4053412525624196
S1,803,L31,13523634340193022127,5af9ba98fd7f07963f10ad0d17998d63e844ead6b15caf3d55f80aacc90c606d,True,0.43656199049640343
S1,803,L23,13558684150617495262,9184d8c71b14f4fee272003bb870f08a5ffbfe7530de108471b39c5578b8d208,True,0.47973318163434997
S1,803,L32,10962950569125721941,16cda47dc837d35f4f4d5457f7d83aa455cfe304c04811353e9c323304401a78,True,0.4241250734487942
S1,804,L12,7583129724757145341,0dc1c0ca45a708eae1c3c14f2ee70878f3cbd9ea31448463b83cbae47724813a,True,0.3945805970545338
S1,804,L21,1333331507812220774,83a68f8deea5c41223e066e68a93c451ca9a07bb2026fcb4d1bac1a9fcc30395,True,0.4728283677969874
S1,804,L13,17236335352617352308,b0fbba9934dbc4c64c3db9a460102ba3027dea0e004d138cb515b559b403cd84,True,0.40864283442656135
S1,804,L31,9893421834208080025,9e8cd6e8cf8a3a04d9563fc4e1425060b3af3393c5e2404b80f8de7a6882c38c,True,0.43974494497591554
S1,804,L23,7718484190785050111,975740b447956f3685afdaadb4c90d2408eafffad7d56649e6e0d453d6b256f9,True,0.4754916675477739
S1,804,L32,4088853446176411121,b20e2488d120c0d9e2fb094dd5ff9021eda11a2d8654b009fe196c95c2571475,True,0.42274203612917605
S1,805,L12,3962135699705006713,81bdcf85aa3da708f32ced8356061a673ae114e994da397d79eb0c7392dab528,True,0.3911387054516946
S1,805,L21,10562971239045551327,7557ab3711a87078ddb8cdd38be48983b210ee5ac1746379211981f0cf0f0ca6,True,0.47562381751591076
S1,805,L13,6849810404775246576,12b47e8b4ce0c13c2af7970e2a5203652004874755c2898718a331aef0f23eda,True,0.41071450502135354
S1,805,L31,6158473099301926789,fc6fa4d1312b4222c9680bc4b3a18b1115dfc62e06b8baeb8cf18a155a081ce0,True,0.44311599799567886
S1,805,L23,12277827815907269929,b1e5d2cb08c58e45913ee20f1661af251d8f3012195665440add79a813a02576,True,0.4779571803833881
S1,805,L32,8421280490397353287,d57197116093f3bde1d13bc4009fde6a9ca0ca6076e08b3a9156c7cb1c687556,True,0.4276691119308079
S1,806,L12,9430123288156404642,5d13aef7409b20d468cfc8fad8e88d7f968d507f1ad4409b650fee197010492b,True,0.3921668960153618
S1,806,L21,13457274269427816404,3e2c01ec1d358199091deca2824310a25bbf9d6bc67fb98da6fabb34e582c47b,True,0.4713700379008967
S1,806,L13,16725032611830459671,2157b9f91af89677d10d6ec9e476d7f498ddb403eb8b3ede3f17348d7afd5588,True,0.4039338154571832
S1,806,L31,8428500225722136584,777d5252c52516fdf8c045e84d224372d0d4bfc6a2d20fba17f70f407022d69e,True,0.4492102637647815
S1,806,L23,16718687909944362100,1a6a39fbd9e8018b4295bc6068fe21e6f015ad1de861e3043f5ca1c2c611fc46,True,0.4775216414583864
S1,806,L32,12587115213532671929,94d4052dabb11868d0ff9e366665f03429ecbbb0929abab3edfe4511cbf26743,True,0.4271545470339081
S1,807,L12,4689442006951281002,5878460da3b165aeb5316d8e3901d99609623b0c2e4b144f1ad72bce453eb98e,True,0.39327001811212253
S1,807,L21,4928324920111723495,33b5a3bf53af45d11cfbd95b3e1491eabb989bc66a5783a92ed345a22beefcbd,True,0.46951177243211406
S1,807,L13,2586273974240648198,b2b33e1dd6ae7b4f0a2d7fb997214431577ba7c98372b65f15e6369aca512bae,True,0.4132542004430822
S1,807,L31,9992591109379292260,b635f036682dedb5dcef35b3f6ef18fca985e0513a0fb9b255f480fcd1fe8717,True,0.4403042296150018
S1,807,L23,13951909195681898566,500f3e8087cb75a5b9a750d103542d1a7ee5b965303d74fd7e39abf41fc43750,True,0.47665749215774567
S1,807,L32,18085522504417034116,7432423f44d41929e9cddb55e2866e1d832938998c6d217c593e99363cd3fd02,True,0.42447361953679097
S1,808,L12,13101807499304932359,d012dd8951357018bb5b072ddbd0609bde7f3a51ef3272e7432b342fbb4e643b,True,0.3983286038692086
S1,808,L21,7920082038087082893,6dadff7cf9fa777f4d9b726706d312a61fbbd330602bd241108a125342153fa4,True,0.4744774602287964
S1,808,L13,17665331458691501432,cb4a2414d84a04c726e9f69d5ddc76d53b0c7e0dedc66a69d88c493d7c79c5be,True,0.4097840028316573
S1,808,L31,1802622441597088530,22af92a0719724e4a88f85d532a8439cb69a23abd653034d3ab83c1949857ebd,True,0.43942985061535483
S1,808,L23,17974093217558571439,3e01e1a46d400962d7872bca399a438fbace722f9303120fbf8af9dff70ab324,True,0.48107704355741526
S1,808,L32,18310850919147534617,11e1074dd588fd2a41ec6ae26bb2d61f471903b96af30a577148fd95ae909d06,True,0.4241398987536057
S1,809,L12,10734788051416939074,fbb483d45b9236dbee0e5f1af75b7208685ece9442c65dce19d268772dcadc8b,True,0.3894793478735846
S1,809,L21,14698246596313631710,e97a925d681c7e9066b7859cf2c6540976dbcc70ed9c308c03a9cc4ec124b0b6,True,0.46971234752696983
S1,809,L13,11963897561481617427,8b748ab9e4d224eadea9819a3f98cf94e1787cac774e3d335577bd07bc201c3b,True,0.410977940551547
S1,809,L31,9740561812871020816,b4c68e3abfbaaef8537daeeeba24aee76b282b6a6d519787ec62e8943c1dbe83,True,0.4449191488332127
S1,809,L23,14411097296545786342,b1b58c1d6f7cbd446bcab286171c25695e34afc9c695b2af0d60a0e676ab7e04,True,0.4770572163704594
S1,809,L32,15222459980649910461,4b53d3133196392ade39e3929a7fa1c8bbe490667963b96df03f7726bf0a305c,True,0.42416286816992654
S1,810,L12,13264860389603266832,e067b69290ca79f6e8af4b22c47d76f1c60813fdf121f9aadc0664835b14acfc,True,0.3930469416496715
S1,810,L21,9281043545976069736,4e8db1cde6b77b3a4b3cb7c9a4447ac14d574233823660cc35c0bd4330603f21,True,0.472157208136416
S1,810,L13,2175554799114809320,35d55ab497cd464ef546b3792d31e124c5923d79a8b525874aa0586d19f73662,True,0.4073200318609461
S1,810,L31,14127181615177987130,c399182b4a981e1aacdd5b51b429e476c43200998f9c0110cfea63b9bc17d430,True,0.4417487698380257
S1,810,L23,18446105773706053982,a866408324d0e3eb6014eda08865c2040176f4735acaeb5bb7e9fecae01657db,True,0.47812636680695536
S1,810,L32,13998327539788017849,9aa871d950c1b5df4e2ecd6abcc678a1f0d8aa60cf1b4d7c1c8a8af9e9740164,True,0.42569896092575016
S1,811,L12,17459325011255749625,051850492239c08609c5616b5b1991b660c0e23c419f89913d322cd9dd990eff,True,0.3932548629732747
S1,811,L21,11065058029845895841,d30ff400ca33767c52151ec0385db6239486e78df9f9dd1c85277f7ca374d279,True,0.4695546738767378
S1,811,L13,4831847923237383251,aec2809692c630b58902d8e2a3f9914574dde2909aa55f430782a95c511955c0,True,0.4106040791914677
S1,811,L31,17676318759284108626,c6c6b82c65a764282bbdbb9295a3c15dbaa5cf0d76d638631702dc0263e5a401,True,0.44041868346340923
S1,811,L23,2016912191779922072,afc500895827801346e690d5d525f786613959796a72736990fd780897372982,True,0.47337515106007494
S1,811,L32,10704672280138755001,f5ff8db29aef04c67555a95924ebf9b0d99d3568b8dfe4a0043110364201a4fd,True,0.42268046475449894
S1,812,L12,3041083673366342388,c1fe4d7dc310e4fca216d542d9844d367f8b3c9600b378044ec97efe250d3d6f,True,0.39191922485169395
S1,812,L21,245480892610454759,fff115e6376c82d560b184220de7e2c15de50c207e272b0f5998da94160fdaa8,True,0.4744933333563988
S1,812,L13,9092896461370712663,d899a2ec4e4f165b7dcb1f7fe2e892bfb15f8458ae518974216eef004f213fd1,True,0.4101205403993589
S1,812,L31,8969369683989629947,aca692220854cffc4330454b6dd40d3b6343dfe8be7d0cca66148300e562bcbb,True,0.44400890917238833
S1,812,L23,13184789891005354620,5b4b87f4f2a5583fd7ad314bc365796be0db2b45a8195ef44888de908f65e0d4,True,0.4769636918480273
S1,812,L32,12989940158329010711,b8841834ef37676778a4928fc62bd5a15aeb1c3082c957d4f9e905d8b41146b1,True,0.42366367894089507
S1,813,L12,14942553873357370647,be13e158019cfc40d900e1e8a18601d3424bd1c8487591a627e04e87b3770ac3,True,0.3947325569927041
S1,813,L21,8426623043909107440,c4bdb611126d5172ab2ac50b39f7b220463303a94a97c7d9c5b8169be373d793,True,0.47205148106937356
S1,813,L13,2216134231428634832,41562391f92412e199551b0791b4beed9488ff8a8928298ef54e107a32004bb6,True,0.40970519894162666
S1,813,L31,3676292120515906392,a2050fec7158d767bcc542a7fffe3279cd3f06ffd1485746b1cff90ff4ee433b,True,0.44607128816400143
S1,813,L23,12831620927679986795,82bd13c9d85719ccf2d28c48531cef5db380a04a133c207dc11753c91d63956a,True,0.477870214063067
S1,813,L32,10522914346841890514,b1977cb2553f4f2222f66af5034178eebc202abde1d9e5a48887bbf3df49ce2c,True,0.4242239831588172
S1,814,L12,18372619479525079225,7a5c88899e7783b02190bbf74d9bf8f2f78de7c69c9ce743832de1f175a6f679,True,0.3927479095517061
S1,814,L21,17737303886013515384,531c6f345fab57135ab930adc4987c6221bf08c81be7458c0734a926329058a7,True,0.47229988731247274
S1,814,L13,6900755403847463851,79c8f09b0c0210b624b3894a36023f5097ec1b78a8851c2881702f712fe33e60,True,0.41032747553433246
S1,814,L31,3221500829533105680,be595c8ee8508ec5cc3e8bf04155d286baf7e5b00e2fc0f01583541ed359949d,True,0.4422683923965375
S1,814,L23,3036975787254391375,998740f001b6ae2b04faaec0e6977adb19397e5e909fe1ef93457be7c3a90ea3,True,0.47125924519909485
S1,814,L32,2028576242279767593,659940c30c7cec05648020021e7ce5bdfcfbfcdefdfb810bdaf8b6eaacf0e037,True,0.42463031561565145
S1,815,L12,3253018738674427392,2437ce1ea2c5e974e98fb901a0ed42b66e63564fcb975448371b4f7b1e041c92,True,0.3926723046201741
S1,815,L21,13703425176186980857,479ecbd511946b91f7e105d0a46788efedd4b09fc3a5384d940f8d8fe380aafd,True,0.4736133029236152
S1,815,L13,1296215289238479546,68162521fcdf3f6d2701f0101dad52d16c1a618e8d6b508b510328e9ade734d8,True,0.41871902226759145
S1,815,L31,5782103160713152647,063b111a3f18abc7387af161fc4fe2fbddb2c3d458a40c8a6b610a5083b68310,True,0.44343496799480053
S1,815,L23,16262756631174772575,8f339f7b5cdd791058b086171749931a077066c04257991b375e70612c8e5271,True,0.477087900913157
S1,815,L32,16414522688114915630,2b719370a1fdef46a7775be31acbbf1ce5dbb208e5ec52ec7242cf3ccce313af,True,0.4264375876458438
S1,816,L12,6695570317594688340,8f4056196da1eeda4a5d7e880f4555dd9bb2918a30b919f72f9d2951643e01ea,True,0.3911107946456787
S1,816,L21,9409878431469985986,a33999eb350e9c03ebef354ed06d7df5b39d6dd1f7dcc90e33311c6e62b92fca,True,0.46764905468686896
S1,816,L13,2135249576304591086,8357df9da11fe16776ad1010935b0c1d2c266dbb44a3627b907e9fa5b1b291d5,True,0.40987176946890497
S1,816,L31,10136364577453927235,29c825acfd6d2a01d516b55d6c65fbc6973fe410e790d70e9b43324fdbb8ffbc,True,0.4373695801070817
S1,816,L23,15125713658549892843,1afc0e22153f5df0eb9c8cb57fe3e2cf220dc60ee18fe516516892807c49cb62,True,0.474877892509803
S1,816,L32,17754951448959637696,95b8f516858a66f8b0775f0fbfb269eceffb7007915dd4900952af9326ff294c,True,0.4246407265446959
S1,817,L12,12324299121487348334,b782f62fe29ceb0d15732357253269fe82d575471afa2bbbcb92a4e58c303803,True,0.39348088485043536
S1,817,L21,3053335904874170505,68c4b2dcc671321b2a1750a0e1c48e8ec68054652deb169d7a3fb13d38aa5f52,True,0.4640167911172218
S1,817,L13,4988495905196390955,84bdbde73e5132098cfa94b30a04f212cc7e1f42dd545046a5c96a6b9c2f391e,True,0.41121761520694317
S1,817,L31,9165422275068670117,4373b617eab9d4264af2c30566a5f72342ab92a921fb2a1ba62fb281fd6a3aa4,True,0.43932508827953487
S1,817,L23,2220109245899283057,f3a0b3e75fe446fdcb95369617227865f8c285c2f3524b9a62a7361e005120ad,True,0.47887169904752386
S1,817,L32,9566275787888606805,9bc08dea9092573adf718a51f02ed0c5a40729952051a9cf4604a5b43b82487b,True,0.4215836255077113
S1,818,L12,11156627181072665616,97089780a28611e7fa7b0bb34ed98bb89f91190cdc33d1e45ddaef450ec61b71,True,0.3939904759862721
S1,818,L21,11266652253093337010,e1e919782679047d5e8dd6920a0c608dd4dbe47e507bab0048d9fe8eca89d17a,True,0.4738125104254671
S1,818,L13,12020502796975420830,1282ed301c69151cbdf3b30e96c1eec3efb073b039006bfdf0ccb7ebff09014a,True,0.405284938572377
S1,818,L31,11728187273035797157,62e6165978e4ee43e6c2a32228ca87ba5b61d0d31da99d354a48def11b914018,True,0.4465922109024145
S1,818,L23,14461258289136021090,77ef2a381459cbcf8e6baf391060cd792d1ee4ea7fb800f06dec1dcc3c509950,True,0.4769245392429152
S1,818,L32,15969813598933296894,222be30b0901159158bf8591af52cecc1e8b121fef17e6cb0ab6f9945b36ba3f,True,0.4248256537658168
S1,819,L12,6518991990767791339,fb112da3952215d6402e104fdd2d9bf9217731ec3d21ff8f3d976fec5c6b6106,True,0.3941847376881405
S1,819,L21,4473754384487780051,a99ef41ffd3e51911c02477c6425818327114b5315955335e81f2ff85989e3c7,True,0.4693220867714707
S1,819,L13,17949014649082845939,9a27aabb12d3fd09c46d328a5b3910a8f1eb444c707fef2320fde29329b68f84,True,0.40614674720922206
S1,819,L31,2891114117914509546,e6db32304ceacdbba0a1f0f99155d8c522ebe0930098b1ea079df4ab0c9e703d,True,0.4372424675845914
S1,819,L23,1575985047650545771,3180473d97b2253b64957e5053bf5790396adb6c8bab52d5ebbefaf24e57cfb4,True,0.47225533472500647
S1,819,L32,13122635895210213154,14ccd39ba6d1f6b4872fd0589019e3eff900a57a60b9cafeb87e2de25ad71a17,True,0.4245555299759639
S1,820,L12,18162876838558344600,2d1232aed2b8719a4c1e4f5bda49f9b47bba0dc284574cc373c0a18aa9f5efc2,True,0.3913983517668616
S1,820,L21,7965221384912276961,ff62facc85db86a8262a33ce04efe55034401b720fa7febdbe8a13a67a1ed76f,True,0.474201192427125
S1,820,L13,12990625780920116053,0feb221339dfe25c697b56fe3c7dc2dbd2b033fdca9cf63bc25e5465866d5c9b,True,0.40711543683865703
S1,820,L31,15405515444546041417,bedb5d1be4d5bdc53cb945a82b4c868c9c4421e25ad21c1fea616d07fc1e556a,True,0.4428328621654216
S1,820,L23,8034307952831743608,428191f148bf28dbdc4bcc125883b10c7ad56f96e4e584e122fb1e0003882d59,True,0.4709361759352996
S1,820,L32,4778325724573296382,8e4f58d73472a54f4bf44b57a2d84f17693512f8e5160e530b8343b3b345aae1,True,0.42375120627634777
S1,821,L12,2680832752190860379,f7ee10bd2e7ffbf97a804b023e9b859ebbf12a227dc20862edfa66a7f7aa18c6,True,0.3908034926624908
S1,821,L21,255902680545992605,2d3b96899754b41e72016e5a59c2cabf1128bd67fef94d8636e5a34d09cb59da,True,0.46785835960594757
S1,821,L13,17486164753771177118,780c35d429782f542e3a431c88d42c413f64d26a162926a1a4c23abd06295afb,True,0.4094700243476185
S1,821,L31,18019876591397927518,c53c341ccf63e1630224aa82d9ad37c5723f56b683e169e51ad8f6021ac22be0,True,0.4358245119299441
S1,821,L23,14850978448325833114,24456fbf1e14522747c7de40a4a17599d7c98ce8b620b8f2537deb4db99b2c18,True,0.48406577528610933
S1,821,L32,12983807112605776448,777c4323522fb57eceb79c990af5c5d87df82b802ee7d9c1b23b7f73aa6b6e89,True,0.4273030473999524
S1,822,L12,14586231784422152953,7ffb2f0d45a60bab20cdeac3da909f94607183d37c390a670709e9df44525416,True,0.38969988227647456
S1,822,L21,11984807420088270418,7531762c6059865590fa7b5fedb379e3aebe9b936e131bb5883d7598eda153eb,True,0.4688882092035891
S1,822,L13,6440868451452383621,55217bbda9f463cc927b18efaa5546d33a874a6e6cac46303690ad5805eb80d9,True,0.40869020468883155
S1,822,L31,14999667550843467441,9a86bb30c1f777f3f091595d7c91c27497303b5663f8348e8b89ec121f85b965,True,0.44779240373401136
S1,822,L23,16560382607870165519,ac12900e9aaca627eaacef2e10aa7c71ea0f7413de6927377f0a1e97ebfc9b77,True,0.4805894981230754
S1,822,L32,5173799736174107513,784822631605ac6922c616c4ce10b270a1db8aaa117f99eaa065010f4895d7f9,True,0.42591648508389984
S1,823,L12,15210930568054249341,9d6b17b7d601b6b70794ad67f336338efa831be88c633a48c40de4f331917dcc,True,0.3880869847886775
S1,823,L21,5801681756935886074,6cdcdaec306c897c9995cc7cbb64d17618a8b0006832c049febedaee0c85a787,True,0.46526791108773385
S1,823,L13,1575396533295438350,e36e5c31854de564448f69924672e93bcc2e2136d52d2ff75c349ca157be37b4,True,0.4091272148817609
S1,823,L31,16849343234100493980,c4db2edd69f04abcdbfcd43ced71321d3382acbd7f37261a44b193d06027ef80,True,0.44836158917391666
S1,823,L23,7796029696604677818,ccc6c613283139f20d150535b59640bb4b1134d94565610af5f902dca78a12cc,True,0.48173189152438506
S1,823,L32,9128945538195331480,3054544aafa862bcafcd4348ab91df3ecc362833213a195f86eb15264a788883,True,0.4179111175132072
S1,824,L12,214739563328686087,a1235075e9a2b429defc762b2f52fa75ee6cced80b008a6c7acb33c287001255,True,0.3922166561620806
S1,824,L21,12440762338131572161,fa4b2cda694278ca43d4ea79baf0fec68d600ed907359e7bb3472f0085ef8058,True,0.47357037855185863
S1,824,L13,9734633697074518438,2a65818f3cc65978c1030cdac4cc476deb76aee243660f45e4548ee452d35a70,True,0.4089010405707342
S1,824,L31,9707764696214733403,56b037f327057985a64d24ffcb14b887d4aecf43cbb342b584b01499a33ab185,True,0.4428227458632092
S1,824,L23,17988659493031449536,b6a85e5f04c350800d7b1d847328ad76ecd29a49193f795b371aa06d06792e29,True,0.47648641226709787
S1,824,L32,9117237302714270453,3e684ca278fecf054d247aebed4c7a9720374aa2fd76b47cd7c2c50a5cd986f1,True,0.4261964853801231
S1,825,L12,8274715982393022790,7c571c3ce858c12c13821e829a072241e802c12060bba150480664fa5d72e53e,True,0.392523713447622
S1,825,L21,12461548747747405889,23a9eaf67e4c718ff9f4a083575569ea1806c43f1c4d61452fc4485c597898ee,True,0.47501317118410863
S1,825,L13,11691083708010562695,59bb5469d4edf115e00021a208259daf4f502b738e65654a75945ba540c2b7cc,True,0.41153229468541663
S1,825,L31,14596505193651902721,237eb9aa44e043f2d6a9c58fd151625b4143565e5baccd5441d1f90282f64245,True,0.4383424187342506
S1,825,L23,4697404275176480371,d781415dc4f87381b541306704ffaa54dbf40fd23049ea23d9ecdb6e55dcc477,True,0.47761157919042074
S1,825,L32,3289853736895234007,d34e780025bd1fd318a506bf144880bef4946b3a165fd7ef568690973d87bd30,True,0.42129177258099715
S1,826,L12,11065162074947275837,c449efb16f1d709def56f2a597ef9e7ec12be1ed5394a1197373aa8117e7d016,True,0.3932824376168372
S1,826,L21,39249470063102324,e89987fe707ea0321265f70544e47f78a620d367ce9499abb99ea7a0dd615edd,True,0.47239315139271193
S1,826,L13,10463224255095659346,e7e6a4a87f4732529f2b227e2144963a5438abd50a5a9c7acdbb39ca9f4baba1,True,0.41196246672230974
S1,826,L31,7984738730356261117,ee7f76c732fe98ea0e9d322f96e94dccdae520240426f6d6420737870ee659f5,True,0.43717570469357103
S1,826,L23,3521789653409897729,86a0aeaaa17f2ec9b067ee57dee8a9269b0377639b31c2f2c775fcbd4c17ac35,True,0.4812332320763496
S1,826,L32,3934157627657989206,733a846ed2c9865c0a3bc966b54be2f4bc21ed4211cb9631f700dca63f533699,True,0.42498214510189414
S1,827,L12,16126412868965877120,dccc57d17c71650919c96ea29d093d70bb1b579aa409e820ec050e6cd9f32aec,True,0.39148464636580393
S1,827,L21,7087243633159874281,5005893fd2697e9042290d8e77f515f438cb48a6f68221a1e1bb59da7e1e75b8,True,0.4723380492931913
S1,827,L13,11514592894802085550,3ae1df3e69a8109d79918f3df78799b66273e4698565632f0731cdea03689d85,True,0.4122298351072733
S1,827,L31,9298480366655494403,7e1d21a1817b01bfc20f26775a672321d21c243fc7d87f1c734e9474fb2f664b,True,0.45391593652700635
S1,827,L23,18028811182610800656,72dbd4306054748380fe33d6a65d327ab698bd7b017794a97ba802248dd95555,True,0.48407116592473454
S1,827,L32,10622282592652534756,5e067092d51e9f6d6593cc4346ed62a0c23cad49c28177e279fab00d7751a693,True,0.4275937106611201
S1,828,L12,549191146109547974,8bf7c6783986c564aa008e126a8e312cbd75f300634084b21ea302501fabccb9,True,0.39105322078338456
S1,828,L21,13220948396338921759,20390218218fd45687cb64602c36fca85d47d5ecc6da5d7c6b04037c94b2c6da,True,0.4747573572131736
S1,828,L13,10324603550737182309,9659296d1ce315aba7353c6b362f2db13e21699527265277fb779465c45a7b4b,True,0.40775371026743723
S1,828,L31,15104220845084276458,e602573f1c2c2f82b547602f40770e05bc7bd18e5f5bc53e2701c36c50757eb2,True,0.4357510028189045
S1,828,L23,7482792188909935305,01b3be360cfe31f407327613ab3109de358bc18027f08274f216fe4ce532161e,True,0.4734371108286709
S1,828,L32,11744545317496839577,1dbeeaee2c81b98f337808617a6842f8c69628a09730c53e3a874d923e5d96bf,True,0.4280615332788701
S1,829,L12,5534264141939829266,f245ffdd9ecbf8cc5ec7169e3b12e2c6ce51524655bbcd8b0fa02eb56015adad,True,0.3906241502054045
S1,829,L21,5040120946865481707,395ad9ac817cc686bbc66f607db116a1e5bbb4d5c32be2c5c9495ebfdd538c99,True,0.47347082836584453
S1,829,L13,6738895318915994033,66f8e565cea6b1ffe5ef7c04a1c1dd4f76521cc5ba4851ff562fa5e19dff69b5,True,0.40384293190480675
S1,829,L31,5426395676107078574,8d608174eb67825eeb2dc51bc83a8855454e1a77e67998c1d05ce562bf339582,True,0.4400953004583169
S1,829,L23,11636124375391620168,15f27a797f12b64b13d603fc049e935af4e8a164379e7aa858b0c78f3beaf972,True,0.4766340322173963
S1,829,L32,17624145242840523846,f2c28bfcbced512ca0c8c47745e69c26e3689ae44540ad5145655521befb555f,True,0.4253546376620456
S1,830,L12,1520454464667725820,64aae667a4e64ac885a4753c5bd4e656d8d242fc2e1cd311c677889b3a9b87db,True,0.3934089680652354
S1,830,L21,16227342968230377072,299fa4ba66b930afcd97c19c9780cabf931fee1ceced8f80cb474a325e045a92,True,0.4753306814772237
S1,830,L13,9856796780263555967,78682692e8a19ede9c71054c9cc1e83e2b747ab17275090d6d304db1c8b888c1,True,0.4084233985335838
S1,830,L31,17692488222811775719,659bd46ba360f87ac2c106f444d6dc2c98d109f11c1cda8f84c3ed8c56a93c37,True,0.44659277238962636
S1,830,L23,17449563969185564104,0c4e857b241266586ddefec6c48449b981c7cf4641fe6252885df6d468e20d74,True,0.4768286911312899
S1,830,L32,14830934567182179320,1c268f4e3d5b20cbe6762e016162b615537e70f8992743042a56eea29fd25042,True,0.42310815016194075
S1,831,L12,12459776285028612011,204341b819f56c799a41d71e47e9ccd35e475fb3a3c616347748209c9613b8b7,True,0.3901970637351941
S1,831,L21,15974860593604681497,de994a1a3af86cc5b90cb07988070459fd34b6eed518ccfe27ed2898a6659011,True,0.47483113983497993
S1,831,L13,6773594961607618652,2e0e086efece3b96b32b97ce3d285172070febd07ed26883aa376dd1d8bcff93,True,0.4086439326096553
S1,831,L31,14856459980571502280,29785bc720285eabf2b399a39f6247dfe5eefdbea09c92b116be1cf0c9144c4f,True,0.43971834054272985
S1,831,L23,8397432951742475206,18bbd73d9ce44feea44e9e59e953082269d3db916831416bf2246c26ce6e21b9,True,0.4705207271782354
S1,831,L32,4346863328306066911,4c74ee912483868c05d903ae1c2f0676fedb6017c6b32168422e7abc0a8d8512,True,0.4248179044736111
S1,832,L12,18265016329325278828,a3f5d48edb263df586410a09480893fddd48149076b995251bf083962223e34c,True,0.3901875354454582
S1,832,L21,7707224948813817660,7aafb27a9a1befbd6c7a60f66dc0c8b7da0c6c97f81b2b06b2c1b0049ef61c99,True,0.47350225411960306
S1,832,L13,3984159335552892353,17198425c30c16d1abe4c144d2cc781dea32fbcc63013316e8d5b10cf45073a4,True,0.4090743651298349
S1,832,L31,485220679005732553,b2a2a0fe89ad5f640afb1b679ce899acdea39fed32c7450bbc077a586f863feb,True,0.43847905637173035
S1,832,L23,11116858756929814236,a5c47357c4721ef3e987ca9bc9e1e98d9d0fae7676f8e1fadb14c98f3fa14343,True,0.4762165825207071
S1,832,L32,17882950912148428496,54e3a36491fc617f3904226c7b7b71648221c9af5203dee41237e3876cc76efd,True,0.42562697101076896
S1,833,L12,15903382500501560935,34fd03ce1d3806adc659b6f1aa23b7286fd07e69475f3bf79f744d0c90a5fec6,True,0.39216122010908333
S1,833,L21,4689271645165967123,38ab0414edc8eff2182d76eb159ef41d8eb15b1ce1bb6d6717be4b616a225517,True,0.468598749283023
S1,833,L13,1695749704600021530,34badf704bcd05239d2f72d34f67c1a263b7e0dcf356e1205e66d675d9083602,True,0.40561327642778355
S1,833,L31,15446438989289380645,b366f5ac68ae7772df7a04c43632bf480e452107c80ecefea8540f8d1b587e0c,True,0.44541083960160566
S1,833,L23,6575440034994214739,e5d97628418867a61f3ae0f0ece3e425209b0715140b06e182eb55a516653d58,True,0.474790323469261
S1,833,L32,8223825849814634548,44f796aa9530fd82e79ba90a4d3d62616da78be7271ced466d19ae1c75446cc6,True,0.42310552959101666
S1,834,L12,12510130844112969604,7251147f861ba740984ac4ceb90e2c16909efc9ebeb904dec6ee57c600fbe349,True,0.39260034087807566
S1,834,L21,12701652385950959967,9a5030415b89e1e760f33de40cdeb78caa4b77080fe5a1a410124a344fe07aad,True,0.4675326352448848
S1,834,L13,13554204169944080459,bdeb44c08b415a7d0107b3af9be9179a275c160f541abcdabc081de8486ccc5c,True,0.40679346847694914
S1,834,L31,7852948946487734737,ec46b6b74714da3689b01e38d4854a4fb2e031969266f0e8a1a8e1884372f755,True,0.4323631631956416
S1,834,L23,7687196974309767731,d39f5c1e3ab5e41c9a87b81c0a07586457fb97321dcbe2b6fbdcccc578a49dc4,True,0.4770668233409539
S1,834,L32,10808143896662258837,3a45a7a92c949548ddf4f98c439efb0518a43da94b930d97932551511d3363c7,True,0.4251288198452861
S1,835,L12,2872176429755655873,41d49c60273941b2509af235573f7eecb0f1d0f1797f0a450da973bca51e9eac,True,0.39210952198031324
S1,835,L21,8453251563577327786,7b2356cff51e4282728d104e21ebb6201ad317b508a430e1dc368b86dcdd08ea,True,0.4725830950192443
S1,835,L13,18393667037240718718,00d759e35d9bc068b9653fcbf28ac43515ffb40bb43010a41160cea4d6aef391,True,0.4080324209372154
S1,835,L31,18001347599422500792,d6e10c526c5d8ccf84798cb3739376ade238555a8d459d65d5112486375123c0,True,0.44021125391725924
S1,835,L23,6016210827951742846,e92dd5f3f67d5adee555fad310b78c2bc38d7ae0bd2146c23fbcb338db0e605c,True,0.48070938426531085
S1,835,L32,3853843089501566450,33632782af3c38100c7402978c5c4914f3960beafd31755bcaf4797d7ad2b794,True,0.42237948226140515
S1,836,L12,12876981091709266361,4de14d3c5296841fe0fc8b952e08748f8d7212b6628bc6fa37039444da98b20c,True,0.3916310304248836
S1,836,L21,648347284082678272,11e34329505040a7cdd2dcd7396637cee898aaeec5a5e64e233fad6842f2990d,True,0.47216759888926313
S1,836,L13,5137731508004842498,aec753356189c09055ce62571ef394a22172a757ebce430fbd5965685d93a36c,True,0.4121004367168164
S1,836,L31,2184666407742430971,2d544532c922c26f940909280d1d5ee53166c6940a00a2cc3e5d1fe87fcae40d,True,0.43789418510253
S1,836,L23,14413733401896374797,0ac6cf86e7072adade0e7da5c63e4323a65ebf864803c0fded50b1d354abedfb,True,0.47348316309116734
S1,836,L32,2151579920204415400,4d8b39976310a3c3583a9bd80c47e7ab60c37f56974f7f44a04141b95d488fe3,True,0.42376766281997835
S1,837,L12,16421492064173704557,4faae8da96a84359d920603da550eb29ff4851cc0c57906bacca673206ffc79d,True,0.39481562280623883
S1,837,L21,10703618122220767189,7a0ad5437a3992f2b04ea2f85f442f65f2fa767ce482e002b2710949ac133bf7,True,0.46921620367588757
S1,837,L13,5581164906168476784,a8249bb0325496acfdbcdfcc3d8d45c5c7fc98b5419b0fc826c121d0921e3bb6,True,0.41208636561787343
S1,837,L31,5435953256380793666,8d29899e1ee43c97bef1563ceb1e57f8428f4d3a0fdcc287d2922a6684e81a8e,True,0.4355833016482742
S1,837,L23,16637582466949278455,8828d960b4688267a188e10a9b91ad4a466c4d2295c6887bf89812df1ce3f12c,True,0.47560914260021864
S1,837,L32,2869620552879048754,4a3ce729312a9bb6b29e8344d160875b8774cb6a45ae200ff9c77ec948cc6b26,True,0.42414135482806403
S1,838,L12,17329396022944783363,17120281a244c4807857a91dbac40f159eab364b22d5f558ee4a8b9b4a1f8a67,True,0.3917214763908675
S1,838,L21,12136485042397005276,23603dbb7dca45078693612a621e6d8bd50de53c303eca69bed2d778f1db4a8d,True,0.47232793849957266
S1,838,L13,16782795619969961735,887a7c3929157fd8b23c2ec42cbea998333b080417dd1129591c5d4ba58511f8,True,0.40851984977150035
S1,838,L31,8592734924539641407,6ab387893e1207c491437b1ebd2af1cb44a7ea0cb7c2da8a75d055626f419ade,True,0.4523805834047592
S1,838,L23,13720466051531706987,3d0f5c6b81e0bd21f2d30ac78a187ab8c341e7154036fa66448d7d6069157e71,True,0.48183970373492957
S1,838,L32,13848278659453827056,4459be6115a6c86b20121ef73e2b893fdb014ba3c73d706908ff23cce352fcde,True,0.42547897683749447
S1,839,L12,15456008150009296764,df2a2bd06c85fa6b4729cef911c496bdbd47f0599841b7367004f665cd31a08e,True,0.3971163161358859
S1,839,L21,2409409281202989156,91216531ce6f80042bb42398981a41f01f9a082064d51e7f6d015aa81876dda6,True,0.4712675774155536
S1,839,L13,297942805756929641,cb764ed06f7658d765ced2c6d243d80e0cd9af674e833794f97b7c1b50ef435e,True,0.40879988812088797
S1,839,L31,9043055167754313833,ca06afe4a5bfd475372788e13c8a381d45872eb4365eaf61442838822a9efae2,True,0.44142550339132336
S1,839,L23,18191940835276932845,564fc0442835ec646477d710022f5f5531c91d00a5921becb6e56063b8da017f,True,0.4849053906408103
S1,839,L32,9339329876916382935,733715c15fc556060aa5935fb94f342e388e9648650d0d205aa3d6f7fff8fdb7,True,0.42406568760571756
S1,840,L12,14177970326975511470,d9cedd2f96bf65d1a26383d4973823981a737bbdcc5368c2ad826f5f33b086db,True,0.39379578818934896
S1,840,L21,7576332818158004303,769e858b4e53064fbdefb683ed56934618662b18b74c69bf1f5911d7c404a51c,True,0.4777724157891427
S1,840,L13,7870535623563231824,90e79af31b96101bf498ca309637866bc720a2fefe2cd634d39f499d82717a5c,True,0.41588006051667725
S1,840,L31,9818479022684523426,601e0e91ffafc2d86af5f275c59d4ff36db832212fc27a5ddec7147e66adbe97,True,0.437279905469887
S1,840,L23,3453956567715957630,85dc6f610ef6f4e3a88d93e6f1f8d5a5e1c0a1a2106d9edd5f05b50136650d57,True,0.48199542476208274
S1,840,L32,6253273730271769154,73753a63d3cc3d4aae23de746d431e7fb961ebca09162aca187b63e685a2059d,True,0.4238512270285999
S1,841,L12,2966170976254648179,bab34618f8fd487f147903a15144b383358ee34f1880635157596897b21c5795,True,0.3914264537322477
S1,841,L21,14052830611780397199,1aab2bc442738a5d19d21b2b3a461bfa3f01d257616482c8b1b81e9383355f5b,True,0.4674792531230433
S1,841,L13,1034142611735866688,9886cc37355dc2178671514bd0a72d2e97b812cfcdbe23d8fd6339f5e9e91da2,True,0.41196246672230974
S1,841,L31,9533783813902507429,2af78b9501ba6f5495ac5832c11694340b15b9839d606ccc5c15f7d85bf933fe,True,0.44282386590713135
S1,841,L23,18250208568386974650,138517b67e48a01e3e0205f92eb58dc6a6f8d77d50e51373b1f15fffcee786ab,True,0.4754999032739017
S1,841,L32,4232715670211185831,6e3c9056486a027671e3c966c65005eca6f430ad82824aa441065a2e422adb34,True,0.42252577837496197
S1,842,L12,6724295726239597985,10457bfa1b075d2b162117b4e95e654450ca2c83c473a199d114e1d82eb6d132,True,0.39495699687185193
S1,842,L21,5593387673099546777,8371e7d8cf5c7853f3ebe3cddee1305d4e0985eb6e33b28c92a40c3206a21166,True,0.4713352137546164
S1,842,L13,4346697257849801076,eed990690ae59f67de592f5313ad3a8fa2d9008a2ad3ceb96c32ef95636a5d91,True,0.40641744285706904
S1,842,L31,9443349843408595961,2c6b850fe6821be9b230cbc57d303751bb1d8c662292e9425240b5437e67c6ab,True,0.4360471883132152
S1,842,L23,9588853222676060495,e27bc519648786e24f5a3f4c15f3e1d430c702242c5149b0161e82be6be21d67,True,0.4778265094372145
S1,842,L32,2462694374595972630,9b2058c8715f233ea16c1d63e7922394e29176f7bc3485289c0e19fd501277f1,True,0.42457140755537603
S1,843,L12,9409382567154502129,506b250de5242e1298efa1204768fc9dba0b55b36a86182f1e87de530f9b10ae,True,0.392065997470998
S1,843,L21,15312648638616883666,b14f1c037ca22cc724dc63b91be47f8eae5c4ac572292bbedb4c641425535d0e,True,0.47892791078782654
S1,843,L13,9638809247463128385,0bb89b313e0542d08d1d5dc5736ccf4a37e28188870381c56fb09640e86e4f72,True,0.4043217609077958
S1,843,L31,13370319423394789577,fb9dab5a70e71595aafed4d46acd5ed2c2ac31faf2a7175a609c17b94d3a59f9,True,0.4454866422885665
S1,843,L23,8076898066342815460,835d21d74dd5bc2360001c75bb0faf136c831ce4a4e8b00d05118dcccb4ecdcc,True,0.4750813584541141
S1,843,L32,1305265075998323085,c13a7bce69fd6dd4e9112b019d97004dc80116b38e6bebc87146d54d019a3886,True,0.4259989073962997
S1,844,L12,11716808155981384348,c76f2a52a00d0c84b23cc9c18d813bfddf1484257fe0839ce964cfe23094135c,True,0.39568020419120953
S1,844,L21,8312710610576904826,7b2e205b97e9d1f976f7641d49443ac524669e866478819769e7bdcbc3731e9b,True,0.473308669504914
S1,844,L13,14693735275176918296,596b39272ca17489fc92fa74122a46e89232cad32b2be080110c6fb967f03053,True,0.40980224722134245
S1,844,L31,7871810049259074613,bfe918c15251a401d973c4be98f6a68d044552dd65beded631431d6cb948fccc,True,0.4348585726557511
S1,844,L23,5100953312272985333,f66827baf2148b7f079910355d079c3fc76b8b2f0d09ea6276267e01bc8a9efb,True,0.48166107457804763
S1,844,L32,18005996991831085951,e599e7ffd27880d9f82c1eecb706df8d7147ef8517363a21fc6a10e1edfdc901,True,0.42328820553257585
S1,845,L12,5329256853068777074,444a8ec654c949f27a9db35329d22a0be8b3196bc428b5642963d9a0646c97a4,True,0.3934907151509205
S1,845,L21,1741256352937654225,5d1e8f8b5fc1d2a5cabe2cbc670f255cd187eb037934d3b764e3696a679058b3,True,0.46687724317288476
S1,845,L13,15511254822215783886,df14fa98b99f330c39ae712b7b6c2e9bcd120adbc6296494b4315b661c95e78b,True,0.40987176946890497
S1,845,L31,10833431220652221345,7da05432a8bc8bb9df251c5ac9361a4ae9d8147ea58473240af41bd83e05603a,True,0.43816181550043287
S1,845,L23,8822310231080695292,eab757929b1b94c330287c99849a1e8e1e8dfd9e6199876eeb724745e1f5c9ff,True,0.4768936083505232
S1,845,L32,12172167542207983691,82639477c8f0384093ee8dfd122be724ebd583c0d427e4e95f810616b3a77207,True,0.42673678210416427
S1,846,L12,17572811210589231945,a372fc5a36a5de683fa2dcb376672b192b4f33d3ad9b025e2f6b1f6be4cc3608,True,0.3909754588648653
S1,846,L21,3390560633459889570,64586ab8338230b6ab87895399ffc9140bab22298eb084c78bb61fefca7718f3,True,0.4734919499555875
S1,846,L13,2109360381124264022,a2f1cadddc1a5d0573f7831a2f286e37930b01baadfb3e1028a177a1c7b79f85,True,0.40647045847333146
S1,846,L31,11206400690656567142,2435a02a28c038b4f9e2bedeeca388aacc111a2630549c660e588a7a5a64394b,True,0.44227336693979463
S1,846,L23,13390489385598296033,2f3a7da2ea2d508d3442eab2389aab8ed1d4295fbeedd21b8855b3188fd52a0b,True,0.4749507182169696
S1,846,L32,1033804852028146168,c4954e6f3420eab387edc7a1699cc9da625587077b07ef6cdcf28ce828c8f25c,True,0.423621489729478
S1,847,L12,11602622824191146569,98a1639091ffcd940a463cb2a5ceb94a1911a4385b3ab197eeddc260fcef70b5,True,0.39006045848479404
S1,847,L21,16171644634063799938,dbf8979a21572d59973c52054f3e961f10fe242b68627c30d73317ffa735b577,True,0.4727528543846809
S1,847,L13,17697505425837730233,e66f10a231bb05f79e151c18e8964954f2c9607a90c83468767a114ed4f0b5e3,True,0.4098563805293394
S1,847,L31,5904982338557120639,14740d3e6b91ef4af741e513dcee45c55e4e0f75df371a9e2b7af6451620be19,True,0.439750029343461
S1,847,L23,18257462775441782436,f1111019351815fd51e30cd00e74e3d60ecd515c31aa97951625c433361d8d28,True,0.47364285815670193
S1,847,L32,4104015771773999067,a874cdbf079bcd9b8419e3b584fa0c251c8d7d6233acb5d1e603fdd892d79f14,True,0.4211956858813491
S1,848,L12,1048683094900177607,72d885dd0bc2e19d05a6602fa9b004b4cf0e5e4c6312a74ccb835defd4588851,True,0.389707483033913
S1,848,L21,12829032763194423057,9d34cebec1da7f761d399a01194129d0a13245ef03767ce488b38dddfd8735a6,True,0.47388554158977114
S1,848,L13,3076112655112780709,b5bb0d0e6042c934993b3b8d9417340c3b0533ab7d9dedef3b253cf83377d2d1,True,0.4047271490958838
S1,848,L31,4936714605524044699,a0177d3effa0d61e6c23204eb815af31c6163b07cc3ae2353f97c077486241b9,True,0.44038008165968506
S1,848,L23,13314081802202060500,0549b47d88645b6de239b463725660ceec37e85089fc27d77ff69cd32054002e,True,0.4797518939045068
S1,848,L32,18169613486381422843,1063645c03d09643252dcf10bc6276b11b1c530feff24b277958c081353bbae4,True,0.42518754154958655
S1,849,L12,10154663029856081127,80568e8205797fc554152e09f4504d8c02af9a7a5ec02432958fdf6b45817e1f,True,0.38729433939506586
S1,849,L21,14297019516758797830,3eafb072d6c1e4f31775acc09e78d78d9dd922c6a3893455f8ef14e96e09d429,True,0.4669796653769159
S1,849,L13,8831645543101928564,e9ec5be39acaf7de2e506135e34d847c4d4146a1bfe5f51181060be97d43ccf1,True,0.4045009736604718
S1,849,L31,1844760873270044690,36785db8c4a0504dd6368b2bd24a79f149ab6c51628f04449f206fba774ed23c,True,0.4393013936998346
S1,849,L23,17108441373508359173,6aa078e0ee83bd1d5158ecb9b8af768628752bcf7c45e12f52824072ae85766a,True,0.47545097109712997
S1,849,L32,3612167709271414929,324957d3b13d14a816ed7bf7f05a52bed30eecfc3761dcde8e23e9471dd0b2e5,True,0.4246412047647577
S1,850,L12,14326463075119725804,5cb79e80beaaeb46a900dd450c697b0a272ba4949809fde4392ff0c0ccfacc9a,True,0.3949215363573797
S1,850,L21,12503773202051419045,ef6014cdbd10513f2fb70d52a07cb980f443afab2e6d475259d1df8e989406ab,True,0.4721138474125496
S1,850,L13,16151357723006237960,0478804e93d5ba4b9194ccf41248d97e72840a3f7657ca429113adff14a2dc66,True,0.4115835392181477
S1,850,L31,13017266626155360267,7b770c13bbf7e3f1e167f1866fdbb1eb435b0fb01fd70ed5568e1d2ff5f5d0a4,True,0.43529243208248075
S1,850,L23,10614485091430588948,24407f0546ed8b605c409a7c36e9605060a0fb5e266f6a470b5589adbb1ea1fd,True,0.47553041133670926
S1,850,L32,8955177468405271359,1744c6850a64c6b18bb115580146770c3e8163efa0a1e52630f8989ed2f90a61,True,0.4270716992628873
S1,851,L12,10474188710206124559,cf7f2d76791e748a8dd0c5ff281f81053abed30b6c4cbee1e55062875c358595,True,0.39399960604792494
S1,851,L21,11473190463192862797,f90c41bc253706ef2b5c6f214b78cbdd6cb1ffd9f4a58f724c2a26d17a495d88,True,0.4693621429261776
S1,851,L13,5205192838886975865,b2595e11b94d27f94772924ec33500f46069bac5fee67226b214301aeb4d7392,True,0.40410471198217746
S1,851,L31,243550906234092374,03d82da3b673038d017652a8d2911432361b86661b6f952619a470bbc67e31ac,True,0.4446816187172964
S1,851,L23,11453911953467788925,f11fd87529244b93e688c6dece3c989b9eec8bbfac881bb121821c897f8ffa29,True,0.48635848618697697
S1,851,L32,8562453717133928315,250b77a46d7759578a6b67a07c6ad97571bac0a13022860cd0a499e70b8d0d96,True,0.42398710424304964
S1,852,L12,7614475086633519948,279b0982a2726b85863168561539dee811979d6a10fd0b2771928022c34f380a,True,0.3945301351335947
S1,852,L21,9722344527855187124,cd170d7cbdd31f4765fe49741d0e931ab749a6bf7a2f82d755a8aa1c8c34a98e,True,0.47310079902219715
S1,852,L13,12858055993010583730,ef51393cf815e0d641e0cd32774d3634d4fb13771a170baa3ab390ea26b8e4e7,True,0.41843227694967944
S1,852,L31,9360925727632603564,5c5e29cae0ebe9b2ba2ba72c03e095e4bfe63c6d65a98e65f5e9ae3e68410aed,True,0.44060098653581636
S1,852,L23,11444800941628463182,c3b4f97c5254fe204c50782be254eeb1b3b5fcec9f8a576efcb284763792df21,True,0.47764236576041236
S1,852,L32,8372307808305423793,882e8f5be0b72b216cf85ba8860c8954a14a4d0ff6ef4b2fa43762bcb4a31284,True,0.4250364490187334
S1,853,L12,10089860271234292171,77fa4d55887ce4df276a61c8893d88381e526d4abd54ffdd12e7be592835fa87,True,0.3909952427708327
S1,853,L21,17257403720176324014,e8e935825b91ed61f1fe9107cb2d6ac636fbe3bd26a4735393ad3710e07fb306,True,0.4726894320513567
S1,853,L13,483081479225169105,d83bd85d42e6d2066023a5cdc9fcda71752db2e6482fa67d9a211e373d2210d3,True,0.4096722381381743
S1,853,L31,10149712802638474864,ad4722cf0d827d3520d58740a918b68a5921e7fbb0ec504ea125d5e3c85d943a,True,0.44579271875439835
S1,853,L23,7293379859023740567,5476b2175e74e93cb8dc42c4054a9bd1983c48b96ea68c3fd7242faf541584d8,True,0.4762634387433397
S1,853,L32,12950728230497379626,5ae99bb642b30f5bddefc1cc0719da7c2d0b62af134b30667a09110188567580,True,0.42405304008203126
S1,854,L12,4554335237483099640,c0f607b01d41d543018c015c4364f20062ee255640aa5fa9458c84279aa52ab6,True,0.39231242643898545
S1,854,L21,15487217632170221713,04981a7a117b17c5c2e9d650dfdf0234e78c1bf05d0b6374ffd4bcc38b8c07af,True,0.4737319726640381
S1,854,L13,947945299307728896,77a0b503b568a99325d42cd0f8b0ff7100c25d0b91e0a0248cec5438f3482a4f,True,0.4048655201680483
S1,854,L31,18164176759850525059,ff020ebe7aa76427db05b68a65b282d8294e758fb69b4ff13f79c9d9938c6aa4,True,0.44253466071611686
S1,854,L23,1386716221670762970,3a7fe2a1ae64f48beb71bdce4e0563d72c0e2dd07f9c3aee398bc4723a5916d5,True,0.47687248378245894
S1,854,L32,6611036990938740328,720d1b0490d308f452d14b40b1206d3f9ce34462c92b717516e34a19365a89bf,True,0.421730702554469
S1,855,L12,556095328488074050,e1ade3914c0bd10e4190a1927b19df9ca3e8ccd1f836c93eaa977a081816cbb7,True,0.3935322964770021
S1,855,L21,14863644258085794623,25308a96dfc50925e942eb4bf4f792a4ff4ceff61996934a8a8cd57dad23937c,True,0.4731485515787623
S1,855,L13,16584429152459151897,b58f2b3dde6ca75af89e5f0fe7d8bcd1c71a673c9a230a2fa74251eacd28b524,True,0.40209368126918726
S1,855,L31,6527754579294628177,32a3ea58a28b22bf4429a62cfb1ad7c5d19e3aecd938d83f3f6dcdd397539e46,True,0.4372367184580702
S1,855,L23,14572028117082475784,77ddb85a48e97e839d909bb57d5cba54fc864a8cc1dbb4dd92cdeab994e7af72,True,0.47949079406123285
S1,855,L32,16430526695790750797,57d52b9388d50c8c33ffb2b8721e2a90545f914433c371ee8d96c189a8e48ef3,True,0.4249741482202922
S1,856,L12,4567834514267907227,39b37b3018b6f48809e5d830a5ee5bca244365190cf47e3eae32e98d8edddde9,True,0.3910637067018041
S1,856,L21,16871734566407735627,bf462497b54ef43d631dc3f4e8a44552b080e4e0da5212056fb46c55d0bdcb66,True,0.4730215062942477
S1,856,L13,12504616431424939904,92060ffdde432d4e48e99346d7098ada1f543605ac54300499cc95a30cc986aa,True,0.4121285236267328
S1,856,L31,14626660741848075595,200b7764dfa7870ec454c2ef3982ae437374c52d7a545c154363c3b8e00999d8,True,0.4374733186848522
S1,856,L23,1696668396497991829,d6067ccc2798837d40443270e76c20969b467974d6defae0d0a2d78bda0d123a,True,0.47212779323584836
S1,856,L32,12597219501150486717,5da8905d931c39bc1a9cbb0523af9ba970256262cbcfdbec6f96136a10060d86,True,0.42034968691873054
S1,857,L12,9465751852636091634,183c80920b2b5ee00b152ef368005a55f0cf592086ba02952c09e02a6fd8b0d9,True,0.38883093481982456
S1,857,L21,16479761787295226656,445e3757fb4f5bf6a05f3f63d7f7c7cac47d3a45ade21de1c9741bf5d23e2596,True,0.4766075348192077
S1,857,L13,15065283897408088870,ac5750fe9b50d131194f101b2afdb4fa1902600a2167d53d574c1f9c75e1e500,True,0.4160039191729848
S1,857,L31,11191191011789114261,38e9cc1ed334e77b7e73fc594849f8c03154309a9e79cdfaf2d5704cf617fb04,True,0.4376225197627521
S1,857,L23,51318363131477713,9b18d3a48dfce5d7a82c66f028e23daeeed147b9e910fccd1827377f04eeb208,True,0.4800011649694972
S1,857,L32,17757522217492270874,13aa9e638a82471543d04e4394478447b5b023ac13cb625b0751c6632845f992,True,0.4250022487867098
S1,858,L12,8430537466124976783,4744edbfcd28bbf171abb2a07a80727eba3a1b88633913a785dfb8674a6614d1,True,0.3932619220892455
S1,858,L21,15220983513183866275,ac607f27121006bb7c4f82ac9b9987eed5868ce5d268fac6492a6873b49b7089,True,0.46584312481740126
S1,858,L13,5988305862644429426,2f241ab8960d2a7ca8ba8b2c16e2f631e957427f29af8cba2044fda61a5a723b,True,0.3987238438765295
S1,858,L31,10641506158224824167,bd309fa471d4a7e3008b4cf8fd4d5ef6c6ba261260c41d876441b74ab8afd18a,True,0.4406930800736667
S1,858,L23,17639823941744904973,8256d6be3948ed61f3d00d7266972f43dd16c0597c19389a16f0b8af4d0bc7a3,True,0.4732038963454419
S1,858,L32,15681581351272458633,4d8988b88c3c356e424fbbc7c76b07559bfc80e954ca18e5d045217bcded8ce0,True,0.4259295944559196
S1,859,L12,4109699257203751503,f6edfac82841fc47d0674f0959cfa67336b9754d3f2b6ff58b3c1f3e8069a9fa,True,0.3882698699156488
S1,859,L21,16407627712749206465,24e6bc3da5343cf42d73c57ffa61e1e6c5687ed66c44ef33be244d4bbafdb719,True,0.4748388923289223
S1,859,L13,10797872549629139052,f27fdced89be04cc8489d5a8b816b4172fc4e14937b0222c6e7663ca97ed8320,True,0.41211270855825144
S1,859,L31,5013180496941852325,10005ca9fef025a133a38b3f1bf35762688c0562b2e8fb939ed9e68057ab4b85,True,0.4378547210759054
S1,859,L23,4650042257762095547,c653baad4f4e1aa118751c5af17b9f0a154f70b623c8078890e85e1642f68b2e,True,0.48094408533988897
S1,859,L32,11910096148821791279,6876a798b1433a6ff6c05ca7fa5e7bbe5c56545d6cdbdbdc13761a4e288fa61b,True,0.4236841042133995
S1,860,L12,281506189393552014,de85d41454fcc8f3ec3ad8ad2463882d70b69635688f7ca57c2dca9714bf59fd,True,0.39135970201405473
S1,860,L21,6302482470137108436,ed4950f17918af7b3e131507a5d703e3e2cbc030650d91ba2205f1900b950c39,True,0.46952193308044493
S1,860,L13,17995067432503624622,57f2ce31f1e802991eb14fb10127a9d1245618500dbd97dada799f831ef6fcaf,True,0.40921561250661115
S1,860,L31,13823961263415031538,147576acb036761e530e53ee17b89dd11b7bbee8e45a47f93c655115b5fcbf40,True,0.4447725988563013
S1,860,L23,7213548135470373791,97c33bb79edcad8b89f2dae177d81b662fd53657eb7ce6e59549e26931c64a6a,True,0.4773484638283799
S1,860,L32,18426782835072967103,299449aa89f6003049dee061620b7754045fbc0eb2f9d8ab60d367adc310ab50,True,0.42271015097715947
S1,861,L12,1152923241072874394,840e29d104eaeab4ce29120b728fe732fb646c8a913069dffe05dcd5ebed8856,True,0.39271408764453203
S1,861,L21,5802182913247852235,b92d75c0c082ea8e27a980edddd133aa628e2171950c4c74271e6a2ca6dab9b5,True,0.4698425939806672
S1,861,L13,14752762097790754934,44f87ea97e632fe4bdc5d827d8658b046e1d42e6a23d66990e044a3d4d203db9,True,0.4104612462636483
S1,861,L31,13896375495610640636,165699008032cb87ee03207bb7388d16e890c4cc9166893f8236a153a9911c80,True,0.4343878423904108
S1,861,L23,4128494153585053130,60609c27775f2e3cf1bba92c78520ea12e8a932a09903218f28822c87747c131,True,0.4760091730854417
S1,861,L32,15302939899142983186,dc42d01d9b1090ef58bc3e690b8e56aa139d66a3b327028bc6782555c2000209,True,0.42492554051751963
S1,862,L12,7604117931249981028,90cb63776ab928d5a67d5afa22204cce691e7aa83369516936f6e4a75cfac247,True,0.392792589825507
S1,862,L21,2806925150966561601,52ebe1897be3316ff62bbd377837a3ed7e0a93f44190024bbb5559da785d42f0,True,0.47368179742340644
S1,862,L13,2114787565717195636,a2d4138acb048a5cada81f28038b2cab14f091964a1e04098769d61a6bf21ed7,True,0.4040235496720933
S1,862,L31,1871362639487679421,26fde1dd54b72004fa446ef53deca16689147dba50621848dafb9089526296d4,True,0.4407939115006292
S1,862,L23,15033795225430891847,f64c11586205d3fca6f73c87dc537c97de3f4c317c0307cd067be1b93b2bcd97,True,0.4832903763069559
S1,862,L32,10273433326423264255,67f67757e10fee8743cd9b349619bfc7c1854247425d856626fb9b043806d01d,True,0.4219809681982866
S1,863,L12,10708950927425669904,dcf86c88133afc34e3f59137c7622f0ee4bb5282ab52a4a0249148f5a4c4b044,True,0.39327620871268726
S1,863,L21,16061821689033656263,456c0e68c5e7e182f70793cebb2a79fe64ac9ea7e28c9f5cd48ab0d537453403,True,0.4697810415449515
S1,863,L13,17111988892983017255,36d75a296630eac732a74716f6bbf2f0ee8b6a423e57c4380754e48e26aa076a,True,0.4082648171798486
S1,863,L31,10305148307307770052,efc91f98a29e6d1433b7c0dbd64a72977a34c1c6f91d0fcf91ba73f056b865f3,True,0.44341354627705576
S1,863,L23,4391747915897169897,22a737983704c51f1fa16bb76b7469d74b6b8b4539941918bb75e847b193b538,True,0.47702170423080015
S1,863,L32,17635873422894111621,ea38782529f6a98db20b6358e318c4deff3d768e7a03815077e2658e9c3c9f3f,True,0.4211013697377092
S1,864,L12,6076267911756647748,6e302e8a9b223617383935907dd20dab0bb1a6b5937acc5352d13cc264072989,True,0.39317687585361427
S1,864,L21,4954007267364625997,69132e5797be7296a3b42a2b155c00b597a91bc1d3d42f7c938e7d9bcd122176,True,0.4682037688358298
S1,864,L13,11507352339394665231,fa8418f82c6329e8e24e84ca969a3129afdfa14abe8fee9f973e224e4927273d,True,0.4131913880962712
S1,864,L31,17296070397654509767,7fa18c628f8c9118c968e568089241d36db993395258e06f064d342a5554f2d5,True,0.43281420347492827
S1,864,L23,9113511303137666187,03d8f6df0432787d98ed98615278a60be2f58df3832c7fd9aa83793d64f4ce6e,True,0.4783310588711939
S1,864,L32,9828226435256649589,4b58e091f713f6141808fcb4a28215cdc14d5d0e2799e54d3972881ce1bb1d07,True,0.42707638061971703
S1,865,L12,14226512294361442708,45a244815d6cb6bb2941f0834a59a32049be8ec64f50854d1113e09f1297b0a7,True,0.39323685271017517
S1,865,L21,3721567293919939922,67233c194061828222ec4462eed7cd8b31ef03b6e4f57ab0df3048a64b083569,True,0.4723662273628373
S1,865,L13,18182738338708064347,8fe2a6ee5bb221f644e9a275962ab96f9bb7d40ccdb6d7c808abd94a5795f553,True,0.39751776112419757
S1,865,L31,11006377319804288989,0e24ac266bd3cbc1d9e4c7d7f1423ba5ed89b27e34251430b5ff6970cf4881e5,True,0.44018052739742974
S1,865,L23,7571397445060252167,30d16b45746739bada0e662ad2f180e84482dcba1304f1070c2508943ec1bfdc,True,0.46870401023263286
S1,865,L32,13276092907393028883,098bcc280c52b4bf2c331412324f09e85bc0b4293a799d60a1d65c867da5b8a8,True,0.4298716607258662
S1,866,L12,4184781149093618044,8ee60a55c0250ca905df6259ab557f287b247fa361c861097ac620e4f3bdb619,True,0.39227177573837335
S1,866,L21,17499848058221133719,28be1be27767dadcd3e422b42ee70a9dc4b1fe3599246ef0ef6bbfbe8fba1e75,True,0.4771401741667326
S1,866,L13,14076693897034804582,d6424d830fe77a89a53852a955d8f62c236d888fd3bf4fe58e86a0c383759ee5,True,0.4006070761756475
S1,866,L31,11793862735595561534,d3e64fcc20a492f0032d7fc08293387cdb0189eee6029b06ba8005e28580ade6,True,0.43998650700452246
S1,866,L23,8298146434530034646,1dc816ec6864466529cade74d0b7ceb844cfe594a206711d5a20eb2cf650e8ef,True,0.4750861864397744
S1,866,L32,2086086788879847328,b05fcf9c8ac79584bab554d5548b955615cd4ef254fb442e1ae2ba6abe0aa2f4,True,0.4251882884323564
S1,867,L12,8855487127820393380,6551c60407e5ffeceda3bba088768b81e8f20a551c2a7bf3b650053c282abee5,True,0.392615624349509
S1,867,L21,10379823584474566169,d2f259172c194bc8246723ef455bf25e090ccf6ea6fddcfb84caa53f59ddab90,True,0.47692501086419037
S1,867,L13,1462493117630887761,f6e49fd549f6fad732d55b97588e138b8bf0886ba826f5956b5aa6cfb2f8e0e8,True,0.41552019761201453
S1,867,L31,11567155554572075301,75e8b400044bc4b2cb6aca5c81564c19ad70100ee4ba4000bb9b8752f47125c8,True,0.43764004000152373
S1,867,L23,1825866067377462131,89e0a0c83aecfbb066b7123b01a2c11e042fa413aa78901707b97d20bb8caf8c,True,0.47601114741227074
S1,867,L32,4280876515806370347,8478481599eca35d08bf610cd83ebb96adac459e5eddc92ed532488749856921,True,0.4205706023264174
S1,868,L12,11704814218354267146,6a93e807a254aa1123f929dfb34ca217b3104b2ddf624aef35603800f75a48a9,True,0.3925448523627998
S1,868,L21,311797797815357465,df44d7b8ad4052560fd230bdf3a1db5cbfc30ad1aa8c60e02cd9d7c394b41d2b,True,0.4736406343763765
S1,868,L13,12029394585120973721,d5695db3767d94e888f67ea820ebfc4a42c5291cd998381a232d0a06df88c055,True,0.4068475853826093
S1,868,L31,14152705205503459595,bd6f8929e7d742fe28bf57d200a1c6d2bf907d92464cfe36379043d0dd7be1fb,True,0.43744503161197446
S1,868,L23,4735180597945329916,8506858cc1361418594419d9c5df26b4eb99bc5905614fba351925b5bcd5a8e2,True,0.4760588983367575
S1,868,L32,16268740631736015204,5c471d74a86fddd8484e2ea764204671bcfa72b4e5730000b9a03884771497e1,True,0.4255595872616517
S1,869,L12,17359131153017506298,1c247af02bbc5d8743fc8fa16999380350f3ec0c147ac060d45588ed330c83f1,True,0.3906047835336933
S1,869,L21,5079943001868666587,772e2b185f3c08717f4ea5441fc3051b1a6346d1f7677c39c8c9a94b7e7f2de0,True,0.46663845243962765
S1,869,L13,9361505242003010643,b9a09c1773d35d5aad9f79cd83c40648dec09a30bb4d73ed648a95f8eb0b7d42,True,0.40656435853334894
S1,869,L31,9766045642775871841,5862ba463ec154e02f1668ed4c03285545d38a474c78e282fac186be11224be1,True,0.43683524741704705
S1,869,L23,5896198877946381977,fc63b4204af07dad874b6617dbaff11822b870220905ef61d636f0184cb2118b,True,0.4733320040282768
S1,869,L32,17409877294513323779,95daaada67eae2ba9e9d1ec556a6a19790e69b5357aaea29170a15468c12ec41,True,0.42761758282960727
S1,870,L12,6165166083433838303,91bca2ee0c56a4990864af7ff1c46264c2e24d4f3714ed7ac3e555e09624b659,True,0.39348088485043536
S1,870,L21,17114232866582363266,f04c7a715deee4491f8b95ebe988e9e62c61fdcf595eff628cdc03e02e8d3e5c,True,0.47410561871259743
S1,870,L13,12463429171868469721,caa8bad3bbfec7e5b64eb73dd9d45f22114b83a957a685974bca8c3b230a7cc2,True,0.41067879033386023
S1,870,L31,6917477563760330680,ddf96d0f5e937fa846466d6831201ae3a112d0f30432a5dd2db5d24b3fa1bc0a,True,0.44247121237779097
S1,870,L23,12677588019899588431,ff62b8c407ac66287abef123d6434d90fae5ee61ccd77b7dd731f9902d6aa84b,True,0.47337253546344416
S1,870,L32,16406318666789944798,852028cf49488140897708e730a5e604c7e6d084378db63657aab64c73b8c857,True,0.4229085124520036
S1,871,L12,18122421877464752685,e66e8bd6c28b176215689df260ed4a5a6707a39eb43e28f10421f0b140a2e6ea,True,0.3930631878626944
S1,871,L21,5601291777106122882,7b1c20f55ba95e509125b1a889d03be0a0215bc5c05ef59b288d3753ff8b841b,True,0.4717496727508604
S1,871,L13,4460071543655631291,82944b5027a695a31d38410f4a440ccbaf9c91d6a4f8c1ab6f101a2851606fbb,True,0.4085463729739851
S1,871,L31,4595060758289713247,6d1b81ce32283a2bdf2b59762cc996bc609dc3cd6a02d52bdd0df5293799457f,True,0.44551795390330995
S1,871,L23,17231407618953025836,64ae27298f10808dac4229fa3f5ef545cdad4068fb25d7be5b178ef8053839ce,True,0.4816349805991696
S1,871,L32,9426045759380736561,0c17c3498b09db04669874612bcc82d434bed361598c3e6fac1e063e55b2080e,True,0.4252292569771844
S1,872,L12,17424469059747323917,958ea32f22bb42855e69704a85b2909c08b074ae3efe43e09128a7b710d910a7,True,0.3924373148070644
S1,872,L21,14837903325549514240,fc873801d7fdf145ee408c00c3ca5daa4f07b18dc4376294145fae0c526fc0b3,True,0.4672407327200633
S1,872,L13,17426784703236472487,c774c2fa43b2d7781e8ac05b0add14256a06f6439c251d535ac4624e8c683453,True,0.4122089358766524
S1,872,L31,15076668973224049810,25c3afc805f1943c962b84d83d92ac061a23e3611b45100943e8ebab49256a27,True,0.4392603714906309
S1,872,L23,6479439657104298851,3ab1284ffbdbc734646cc78a6a10d15d93da15198f9fffc45f31e06840af9130,True,0.4799855899661156
S1,872,L32,989908375359268655,e9d2fc8a2fdad07c220bdd607e851088766794af59532f06022837a838369617,True,0.42644007085431085
S1,873,L12,12761939241269747271,71ffbccb6472af82306634ef14971e527176d27b2a1a501ac60bba1b203b9f65,True,0.39408792795145886
S1,873,L21,15516347491620700958,4f56cd19a16832f9528c6926dbbaaa7597d9b187c378e816f37acac1caacdbf2,True,0.47703663537637175
S1,873,L13,18366002595124056151,83ae724fdd44d790f47a30d4f13edb3b609b56aa59f05db34eda2a253a4cc46e,True,0.4149568915202563
S1,873,L31,6636726643737290132,4f44a77b71bae7bee5604f23894aaddc9e0b3e393bcba33a1f575f0632339c38,True,0.4398098272219258
S1,873,L23,9036480883971717038,6dfd44331dedd367747346f1aa7910c562b11568b1d96d59846c59f819a4cf65,True,0.47038290960138573
S1,873,L32,10810428559269321507,bfa359a792f5717783edfe95bba6e0593879bfc9f59579df622890fdf57e45f5,True,0.4238512270285999
S1,874,L12,12628967103386708633,a6717056f893daace64d6ef4c62e3691b6b78c899e27ac982485fbdf067843da,True,0.38922730307790865
S1,874,L21,12612382033733766650,efc66b65bcf5f302f9d100027862afa74153144f36723bfef6cf14c72c9a629e,True,0.4715363563671036
S1,874,L13,3730173960995870340,560579f9e79bf58f59bc6bc35af95a3bbf87ec8b85f1f7e97b81f0594cc023b6,True,0.4149526420525058
S1,874,L31,4710267065984976219,7da5f0a76bbe195cbeaadce77cd9d0ed0f8a9b29b858ea979955a643c68a5b62,True,0.4417705580219075
S1,874,L23,2923363705676418422,210363cbc7b2988632ebd953028fd87cf1433fdaab0d58fc2aca29a80f40cf75,True,0.47404792823694886
S1,874,L32,9035021946877621283,4352ee9a73c3660652bcae5750afa655e63fd7985a200d78db90544889ebaa58,True,0.4274069703827594
S1,875,L12,16113109781593123144,7f6e839e13fd13ebe9eff3621c2afea36aa15ff0ef7b5bedd8c645c080c8ca72,True,0.3945000474895049
S1,875,L21,7186952712645757003,2fa29459cc3c70ead8e817edd30dd449b6cf33234be655da199aa7b3ded803f5,True,0.4663517900710049
S1,875,L13,3392058533994449215,5acda1a1d6feb9623ce4f6229f96c67c499d9460db8602a0a77a24792a5171e7,True,0.3944499434950297
S1,875,L31,15019911351144205349,16a466ffa9c568b5afa566e53b78a15efd4c8d4365d07facb4910aa414948525,True,0.43759747294147744
S1,875,L23,15185868717309171772,aff94f09c8b1d866d9c1ceb60ef156a7b468f7a1de1cd09a40eff580e96af107,True,0.4800985161552864
S1,875,L32,9604870614160033471,7497baff5e315fc7ff563e56ef623d298ebe96a976f9430251eeb2782f2da3ca,True,0.42528260329647344
S1,876,L12,4050720372398394723,6da32292a9d171f3f669bbd668dba0a80c8adb730cf88c2d14675ef36a3cb841,True,0.3905416220930146
S1,876,L21,14449012786943991233,2109e633882255e44cb01713c4a844567317f8c692c0fb5294c619a4fb5ca64b,True,0.46955303032048024
S1,876,L13,15844311035084483120,cb7f171dbc5f87dc6c43c0683b92f88ee1150021363c013e0f4f8b98514843cf,True,0.4144617086929045
S1,876,L31,8119616928386979952,6a9506a8704c5b27da73765dbd0b1ba07473eec2956985aa324b6593c2183061,True,0.44166833695658103
S1,876,L23,306088003671247854,83f689aed8bf0eca197d77a3904c275de9af7a5d7763d8dbaa4a80a970669171,True,0.4794011122570372
S1,876,L32,12284185933453738287,8855168c5ef3dbfac1bc2205ed2db5297b42e21e97a1719091aa64c09f3ef7ca,True,0.4266113380066262
S1,877,L12,12053031341557428987,2542cb986d6723f3cc0241175614980647ac57aaa9697a39914d8ec2d5447fcd,True,0.39196342551684726
S1,877,L21,350085022768581505,cc17a541f7924dbf63739679cd3d07c55abe5ac38a093c11f3bbd2a80b98b7fa,True,0.4718904633805916
S1,877,L13,15037011691401793204,e3c8ddce447d13afd807bc8f91db71033dfbdb6057045a09bda6a7a9683c165f,True,0.41190698510151186
S1,877,L31,15782979333634511494,de8f8acd6c6efb161bd3f40410c31909a29602ed8aa44d95d0965ad5254817a0,True,0.43824442095540705
S1,877,L23,9422073346101233866,84150ee711dbf9150526e309c59ef307b121b0900e228d83f043bbc12b61da1f,True,0.4744969140604121
S1,877,L32,3248004493748499304,c85c648185661272c0dbefe280ff8c1b4f2e0289830cb42b2fa3b7b49318cf32,True,0.42126311004221734
S1,878,L12,4438311786201683904,e190dc6a2a0b1dd8a79588df445508090a3d40198ccb955254b9df21df4924c5,True,0.39185548178545015
S1,878,L21,3626817719937858222,58dd9af2d54eeef781be98a14dabe0757fdd724c45bbfb6b375a461012d9b38f,True,0.4723852728776874
S1,878,L13,1382646806325691865,da57d09025ca45fea7dbf85b5343de06c726c5f108403d7b6e8f7ff3744ef54a,True,0.40877859059148347
S1,878,L31,6396506583036385605,d3a357d94385b17adfead003cdc60a39fef7327d5108b52b83a66ccb63b7c5c0,True,0.43836840220781986
S1,878,L23,10211736117728075887,5b7d372850dc3382ec8a7fb434c4e75b3ed5f937fea021f148e2ad3096ecec80,True,0.47352810571415666
S1,878,L32,191348172843249857,8483ea4e57ef138474095448d56dc58f42abb2c7b9974b45d696de68e8f01f31,True,0.42375120627634777
S1,879,L12,1486777188620877939,e2e389c05511768ac6a47fcd158034602101dcdf50358e5ff193b4ab295704c4,True,0.39381480627128607
S1,879,L21,14360978008803571592,42be171504f52bed5710e4ea293f952f89a4059aad1db25aa4097e79ba149fc2,True,0.46902542244167533
S1,879,L13,15391758303499392866,b175ad152a580d05984b9881d287853cbc8465df41578c0daab210e0968e8c1a,True,0.39972661857659286
S1,879,L31,15832198191266383983,f072a494d8472b70e37469ebc113d3d015f9485f8821f0c4e8d6e708a5af96e9,True,0.4478447960140552
S1,879,L23,1429288222099162876,148d8c1ad79d64ca0288c60b2c4a0fb6c237b99ddc70c4e594f546b204909697,True,0.4762401430326192
S1,879,L32,13426590683068511143,8b299e0f9fa379514c1a8e5ae804f72be4c25376ed84bbe323331dd9affefbcf,True,0.4267861813391114
S1,880,L12,315842963259638400,cd4fa254158585aa4b693a8acf9f4bf04bcec61caf4a5b37fe3ed4ff93d4a706,True,0.3923147910879053
S1,880,L21,5588905629497499604,29039105ef6d3c5fdbf50a43f1eda687415f02595dcf0602e3ca0332c4e07ccc,True,0.4727833331664173
S1,880,L13,898523965759707977,bb34cd845317a4a0e478cf53c7b22458a43f7458d19062c865ce640321f25ee0,True,0.41085437946670966
S1,880,L31,18343331704266803571,f4a771eebb06451a5267b3088eebbe6c665ca047bc8ad7c1570e21f793ac88f3,True,0.4401033285012854
S1,880,L23,9068037307104705333,0d4ff68be400059254eec14c7d52b845e48c7c26756587e33d60f3a8dcba7cb9,True,0.47831842029969346
S1,880,L32,9506694448285563692,518a95093310ebe8a4f08738d351279dfbc054f25959a05d3a55dc775da3ec4c,True,0.42284309387041474
S1,881,L12,15958861559078490696,e054a5cb4f621e747e978ec0847a02a4d735cc0b8a392c494d9c30e028967205,True,0.38869853724243975
S1,881,L21,10700264249922007114,de834e691c78a8f4f66c8937fbd75ed46490f9305788c028c2c40ea3c1e14888,True,0.4701700769686029
S1,881,L13,4522793993942931101,6ba8c435d66442a58a24245f221436f35ce213d2a918935b8734adbc8b5da5a5,True,0.40926446589725435
S1,881,L31,12606077966732665830,94606eb514696a839c2509653edabcc240c4a4422252257b1ac83647eaef01bc,True,0.4386035547695989
S1,881,L23,7928290448763287982,e921f890cdab748296b6db19c2a80a5465d140fa88bf4aeac54c42d34722f4a2,True,0.4843633357392424
S1,881,L32,15779546564407689768,d9555d9e467318dcedd47284d5c0787ac661bbcdbf8ff223b8391212b87e7d73,True,0.4251481453887763
S1,882,L12,13123607279033337346,3b686e2a37ef011450ed552ea2392f3d43e66692c597ad2c8963edc1473b6ef2,True,0.39055716484649355
S1,882,L21,14866909457140689689,4c635f411c7cb43eeaf8a9b23751c72ddf601c99b4ddad87850a2069596953cf,True,0.46910558393842705
S1,882,L13,15030846019717219065,46a968fb5951acc1cf49f8021abd78482deb24870458d7fdde528364c07ca993,True,0.4109356337554345
S1,882,L31,5371228573553678291,3ea60628c8749fd6d7f22ec292845e1934dc146132cbb80298d836731df9a763,True,0.43686838984142146
S1,882,L23,9678530764686684127,5ac33e2dd62e101bfc9683ccbf93362eb17936922ff55227e97aea87c9231e75,True,0.47156583255872814
S1,882,L32,11832805715505469358,f408f94751b5ec09205ef1321d44155e5a2c8fb1e5ab5fd4fb93e0206089ca1c,True,0.4227435561038822
S1,883,L12,17206024698762658796,d1671b7be4b280bf79bc9693f84a828b3c1a704ee1ec3a4ad4994e424c3f390a,True,0.39001039874594756
S1,883,L21,8577097123768193233,a099fcbb3864b64028b3c47585c790f874897819ade2cac468ae2cbfbdc95ea0,True,0.4666455714311564
S1,883,L13,3384028072449764360,da4c8b255a502ca73e6779b21f4c6a81882377e7b4e862a298d6a433ed8f59a0,True,0.4055760296838504
S1,883,L31,12238505621776908993,90fedfbbcb1c9cfd5a3f31e170004334690c845690c9351db6ba4482b4e2b60d,True,0.44232944816705877
S1,883,L23,3909639688967645307,26d5be795df7685aa8ca6a6c1b3656ba2652c60ba795d98f149d09800c549cec,True,0.4846780584972198
S1,883,L32,1599228922006511799,68cd1b8d6d7386b1259724ed5d675796a73baa96f6faa8ba896898157ed8e03e,True,0.42262180764280793
S1,884,L12,8969487462050380667,b504f0faf8fa1d318f6e84be9f779d152b45c015d5b6e30da19d2785d02efa70,True,0.389577690232394
S1,884,L21,7299038599107715643,f7857eef06afcd3e0399a2c58a0b571117f0ab85bff53005c49b2e9d4b5469cf,True,0.4737998108516594
S1,884,L13,4299497536286153062,ca666bdde5061c95c75656670e4883f298bf16d34a97375ed58b58044f913c50,True,0.40196480054469325
S1,884,L31,5797069175077557652,f7389d4191e16eb19fe1fae6d32050838b41d6619843b0d758c36c20c89efc7b,True,0.4429353334074246
S1,884,L23,11140384090729638975,539e5c4c69042bdbf974721083a81acda9b5b30bf548103db6f13858973b6ede,True,0.4786005707421891
S1,884,L32,7154341843644488333,844fe523108ed4c77c6ae4f83be841dc1e39c7a81396e47476a743431bf49dcc,True,0.42133091029610503
S1,885,L12,17458159638158839386,3549b088cf61e26637ac6519d83f7ec767f603bd019ff1ec620a3db4d03ebb20,True,0.38985014424061604
S1,885,L21,3921186191496562422,df729c285cd354df3186d506b57f475b47473c9aeb043bea38dfa3078828de54,True,0.46945847909280997
S1,885,L13,14179429064647350015,9f7c71b79b9d2c8af3ae2febaa0cd6d7aa030380ca7a02018a8e81488e768bc3,True,0.41043887373604115
S1,885,L31,5613617110071692846,88f74e69c8c7c455721fcbbad2ddc61637e19a9dda5af21e8741e75afce2e409,True,0.43811206591733354
S1,885,L23,9951892630464158318,aaa90a1165599a1a110ac33419abb1b2127871bdd28f19245df23997cdff1c74,True,0.47418982260642983
S1,885,L32,12588419318708928372,89580660c5edd66b5ee81a9f080c8f1abf0bbf7615263cdea5f4af1b8e8ce9e0,True,0.42915691105864134
S1,886,L12,13517959577575936162,0a9cef81a5836790c88aa2f76a5429f249167810954854b28ad16a9614376fbb,True,0.39318063628502864
S1,886,L21,1743732993036132023,8e6e77b78df03bae5fa60331d46fcdcda784a69a88b95d1204c578cdc165819e,True,0.46700645345502034
S1,886,L13,16728799895866020429,a30115a7a45964a4bf48fd4daad1b4e8e07b68bc048066b3887f8730cc7e984c,True,0.41109876251691274
S1,886,L31,16659267718136768622,7d9fa24476694f8826b12d451d4642766fc5ba0cf5bfe8de84acfb7f05328c39,True,0.43952049365488205
S1,886,L23,9790213461595925310,1e276d3be8205128859781c1c6f483ea713c33ad5b304a13060c120fcdaefcd9,True,0.4751858482068483
S1,886,L32,5813137343394517335,754f4038b62d3f6145b190aae95da36ed57cd2b73175f130b2747f6ad0f58012,True,0.42482748777610035
S1,887,L12,11370067277544088514,25eec14e053b18357e900f47889bee17e0fab1c84f38e0383205496240d78392,True,0.3882358311778601
S1,887,L21,6844568398251880496,66173061208c5b39cd6a1bd39e295e732e88eaf96ebcf911814b865aa8cfb77c,True,0.4730878085436643
S1,887,L13,13494554790243393100,de9f735e02e7c997a46b7f7a8bd1469b87f88340dab803219a5b4a409e013090,True,0.40942981124636674
S1,887,L31,6168268800131739973,a4fcb403ffc2925668cc298f983fc47466257240c1d399155666f4cbbeb7c28a,True,0.4431407498691902
S1,887,L23,18086960359598147736,60b1f366d05c55d89a12060e0c4d349c6adac437bfd38af87bbf6c0a89560341,True,0.47965486232388277
S1,887,L32,12418486698598587912,b3c0fd2a5c0b6257c84122fa7a99c1521e6af928da55b111b5ca5c54474fee47,True,0.4231678358383325
S1,888,L12,5987817663900460132,e3dc9560cc14a3915c3df38a9ed27374dcca003764169dfc9740838156b76196,True,0.39282209060646284
S1,888,L21,7159389913116021873,e5bef92383598423fc60650dfcf658c627d9d3de699f9df3c57bf00566673d24,True,0.4693543804890016
S1,888,L13,17555032467910295212,1c9edb70cb9cab00189c7e17864cc8f97bfc68d32a9555428a4ceb2b0bd4207f,True,0.4066314940941327
S1,888,L31,8984792225270778875,7a38b1cb6f52d50d4d23e2239935fcce1f12af900430f56a388bd7597d44ff3d,True,0.4391204263346643
S1,888,L23,13205285910868231704,64ed270f576f7b85b0927764d41458644d24e2164a87938c1ef196cf1878d687,True,0.4823992845024839
S1,888,L32,8577114207433572410,5e372afd508f91bff19df14358d7a9d6f25899fe56a3976358a17b78b863ad7b,True,0.4257527691509869
S1,889,L12,13281439062967508489,7930e3516adc318c03ab09e798b6edd4ab8a342770bf287698d99fdfede1e06a,True,0.3882698699156488
S1,889,L21,12190133005186454434,d0c20d8ace5664d8c31d3f62d55d843ad693bb84c9ddae571884e28a111ceff7,True,0.4727467441062018
S1,889,L13,327832496494082001,bce10e848fccec3682234f08ab5f05887a81e507c8f68dc72ad58d9f9bfc85ac,True,0.40196540895469085
S1,889,L31,4110530400712195087,a267d3232ccf247c9dcd287f97abe20a4b26261c82c532f5107f3b4f19e4a50d,True,0.4431479355109593
S1,889,L23,5005926119676282577,69fbf93dd085a2e99da7fa7867cd19e756015a902c81040589e21fa187f92062,True,0.4801070680810171
S1,889,L32,11427094933282268010,a9c9e9f344bd1b4e74f7b2eb220836b5112c72877f74d919376b16c674be7bc3,True,0.42262181749288075
S1,890,L12,8409661198361560514,29ecf14b46a07d15ec7f6899504fcf16e9adedb6f8655fa49bd454f38deb1ed7,True,0.395438525585158
S1,890,L21,2000935184474303263,d76efbec2c9cd66c8d4a33cbe2a65d7dd016ddfd2c7a952a76e20bc70e6a0a4a,True,0.4734107410605801
S1,890,L13,631348580197730509,cb43e432bb6c04f291f5c7515287a478ad88c6e71f6dc61c95c19e4f8a49749b,True,0.40094344755726136
S1,890,L31,9689046095519192312,13476dc2d62da65f4abf562ffe79d4dc6e646723161abae60082e9b8ee71e249,True,0.4295076776271376
S1,890,L23,16654964612440251801,94bf1f8d6f03fe87581aa82e1838155e688ac6664f459fea034504816466a212,True,0.489149794690941
S1,890,L32,9007357021331446795,f2f46b77a6636164096c8db2fb647a5926cb7920bbd630b887a19e7193fb3bd8,True,0.42350954648648165
S1,891,L12,13671529660243533162,1c2a057409bfff824baf612d541f79c3780005b4285f13fa862534892e680fd6,True,0.3904800388885052
S1,891,L21,1330123011458990936,a01b5e5b63b97b8e1d105598688d90c457db34bb3788732d621e40a7f62df3e6,True,0.469453895550116
S1,891,L13,3209536181041852075,d5571d4b67fde49847b3c8c5cc3354bc4f7dadb584dc0a24bb4bd54bcc094545,True,0.40647651876182317
S1,891,L31,3360912054098792468,487290a45c3321b305e1c3b5f8e655f3b6b82fe2794ab6a27d373cb3851f64b6,True,0.4526884132952458
S1,891,L23,9716322607143278814,8a22571a9a102623ca2df200780d62ed3b8b1e7f2d4202b95790661cbf5ee89e,True,0.46989925925059406
S1,891,L32,3153015532603519329,cbc3925d9d6d6d3a11ce03b572b7ea17c6761967dbede4473bbe36fcc66192ff,True,0.42378905597759053
S1,892,L12,17070304963106518476,4e25a0656841d87a0b662ebf10b5c8df265224abc11178f6a3c0cd3cb66bc4fe,True,0.38958026474995705
S1,892,L21,5833309619490952953,592963ed1e576771a316391151ef07672dd5e4ff3239c5c22b02919e8c510740,True,0.47196925834399694
S1,892,L13,8370742812469616738,087db3338bddf9d1c73a92a3740bb632bfd24be6937257dd3fc4eaf8e8e414fc,True,0.41150992645930595
S1,892,L31,17835816879138435237,65d946d7231c5746bf261d5de4df61e4e66363ff3564773ea6f6c3b3bfebf11f,True,0.4422764548767112
S1,892,L23,16550935188641248874,4966f9513f9bd4e74e2f6c44ef7216a0667f3c4f80bdbb40f6f4a309cdd89d1b,True,0.4755197602997324
S1,892,L32,7820974018786368137,827f9619a75daee50f352974d77532d893ab57131729fdd89bb0da15f582171a,True,0.4257292918516091
S1,893,L12,13475124668292395082,aa7e205ab834728c9bb10965507140e91f02b73b1443eb61bdfac89b6d3191c3,True,0.38933409624058357
S1,893,L21,7966578421851057188,59dfb3baeacd4e78681fbb5ed988451415377bd57e3829aded7b0553882a2b2d,True,0.4722266087719881
S1,893,L13,605310333095390933,1c36ee1418fbc6623953d51a9fd25b89e9e458e1d179415ed0ac8df21d73b5ab,True,0.4110955392259116
S1,893,L31,16421576509581525852,270f12a725b61104602e9832145d2e3e6a534e414790188d3da8ee10299e836d,True,0.4359121237965443
S1,893,L23,11659265984233464196,d1a12dddc64c8c43a5b6abcf808959f4f2d74fd0fe12f4b70f8e12e4012db750,True,0.47950937709522934
S1,893,L32,14931932328866457656,fc11c54c2f4ee916d3d91733be2c5bc6c0cf2927d481c2db17cd19a941259e1f,True,0.4204440778044865
S1,894,L12,3432476413014191590,cdb024d81409713af20dbdec1554871380459c7ee1c5da0101c105df7ca43738,True,0.39425316991604104
S1,894,L21,8396314653007723726,4e7b3637342d83a7c91e93b706addb9ebb32a06a5cf59b4e7a4b87aeb74fb7bd,True,0.4682327152026145
S1,894,L13,6917604482156889405,2832861b6bb6b55d8eda6f707d587fb7a14654188875feb616e547a8948089dd,True,0.40373882860595406
S1,894,L31,16822055004162519451,9efc2ae76f91788f636fed62f7cef67af3c10071e163a216157da9f327d7b9c0,True,0.4401740877662412
S1,894,L23,16360808790386831368,2dd4757eeb3ac08912384187ef07696fd25bc5de0a7326112f391b6c019fd33f,True,0.4823314403102155
S1,894,L32,5387677012196803523,efccb11ea8a670d273d7098e38fdba14fbf365c699499dfebfc05b2ff6fb9c89,True,0.42452749403715717
S1,895,L12,17237957210258593935,d2e1f17d07274ee686d76a634efcf183da2f1f358b9b073a34dc1eed819b27f6,True,0.393204627951702
S1,895,L21,4974076590717818338,19fe98b74334e1afd7cbcd0e4f383e32bf453802162c7ef2d18aa0ea798bf537,True,0.4729088299266804
S1,895,L13,17232999791039152378,1c0e0062b050360e9da66c7842393aa0c3315cd52bd587339895ab749e7e973f,True,0.4174831821915399
S1,895,L31,12452916795432110992,666ca6fd4e855ce04e77ec6d13a93f80afc59179d7b64ba4e884cf4d3a36582b,True,0.43685566522173824
S1,895,L23,15491360817148909780,d10bafafb87ed1268ff3cfee4774fd668546b665b38b710e554b6d2c447514c0,True,0.4705659021687799
S1,895,L32,13842946225049654716,1e2f5e3ec93b1d942936b8738e680934272b60786cb55a64659e57942de27535,True,0.4223100660626027
S1,896,L12,16267150931480014519,db8dc7aae6527ce4a11dd4d0988c19f096a36e06560a6db79f4e2d8d10dfde97,True,0.39176735173453203
S1,896,L21,14416958651304335142,375a12e4c151b99693fe2a1df59aa1ee32b7f009d5c4ab52af4832db19161fad,True,0.4716384219407059
S1,896,L13,7956547318818870857,1d30d1e89df064e805adc55de062cc262f3cc169e5bb2c1ab26e633fca0aa2e6,True,0.41495945906267867
S1,896,L31,1929781921516834755,54c2ac47f0ec5ab7fc0c9fa554fd66c998b211313b269bb54e2b687fd3821ea1,True,0.4390976755124895
S1,896,L23,15828297271004523056,6c202a6c79b51b6290c4ca64f86ba487348d17c95871958662d7ebd9a957afb6,True,0.4788383279459911
S1,896,L32,1609280820146409174,ea717f30fd75acca0aaba4f2c5b9b22550db696b4a2c2358ebeab3e20b69f4c5,True,0.42691292872122333
S1,897,L12,10880605348909373719,14b170299563d46804e8cd56aff386b15ab6cae4d64e4ffe3c69bfe7e7b082a5,True,0.3922166561620806
S1,897,L21,2852907958717700376,0f3abecd23711b590e34031bda39d9cf167955bf7a204edbcdcea27a24eadffc,True,0.46537649983836815
S1,897,L13,11365136340150772597,4a6259003d5ecfd8f6a5cafae7af4226973802898b1544cf421c873a84c7feec,True,0.41111179349630933
S1,897,L31,33372404991389117,c3ee2ad77f59627cf94292ced9a6d91e085fbeb76bd028efc5050a02a59dd2a8,True,0.4358185180284164
S1,897,L23,10798308772189892519,520359c9ef4380e10e1a1818773b44e14317b69bee86802ea0516a345e0e9649,True,0.4775052356554986
S1,897,L32,12835061869342642353,c2ecd7795bee1a7bad9e0231111d7eb8469ba1f4f1f03287c9872689ca44c7ef,True,0.4268173417648502
S1,898,L12,6054357548544514795,29e5a51bafe10213571464c4250042bf67aa07a0b4d9a3a74fe2f323b8eb0306,True,0.3938622421766234
S1,898,L21,10338997098409724631,deaf4a97576c9db746b846444ab4c573a3c07e5f3e1cae8ffcc1add4f565a468,True,0.47098299515941655
S1,898,L13,8914628658852372251,d3c9952c64bbba0a5913b33ee869d298d31195049c12fee2a5a1b1bd359f5b6f,True,0.4139456368998272
S1,898,L31,12440272798788818240,099a04b1165f5fcecb6e9b6e231aea7adfa6aef4472ac84d4b98b7af8a40dd80,True,0.4477150869194755
S1,898,L23,8694552805005647409,83a042d6380e95ff989239c6362aeed66832d5b65ff595d09379f27ffe80da19,True,0.4750182487165888
S1,898,L32,17191544216813276346,98efa3a676662865a2702e118c32617f94a36e1fd6284582137fc4d6e83a06cd,True,0.42563116287063446
S1,899,L12,11126463738567572576,faf01884bfe395ad4f4d9e99309172be5caf882b691186899db20915434316b1,True,0.39319693358126384
S1,899,L21,9358893923078366597,e9b7369afbf684ce5f96856f6e2a8c603bf70ebdb9f71ec8546fbd3df26d70e7,True,0.4785725213342238
S1,899,L13,9860602581302111163,edb9eeade2341ada981f925946b18da618b0ac4c9c296a7f5faa3d25509a5d1e,True,0.41533310894969017
S1,899,L31,1407763334804042916,8aaeeb47a7cb45392c7efe3656c19d569a414d54d09a2114207677f64823ced3,True,0.4357510028189045
S1,899,L23,2545451808732020816,958e3924b6522e5e92142e182c00c69cfc78716d46e943c3a8f24e77fcaa0d1f,True,0.47005175755476725
S1,899,L32,3202230575375374045,33988928d97e21925a483de6835e64f88ae5655a9601eecf28cf366fd4cf5660,True,0.4253662618844529
S1,900,L12,2100372211157340289,c780e0c2c7a54339c82df774c3a99836924d50c89f7b525c4880312fd2a3d4b1,True,0.3886321817641728
S1,900,L21,6634978906873128805,a42010af25655aed999a1e920adb08b6171882e954304e3a4ca2710322513790,True,0.4747820438543239
S1,900,L13,12055411918629966137,0996100bb15cc084f6554f4454243aa3677c0f18be57e3ff38ef0336cfa1e3bb,True,0.4143474027696435
S1,900,L31,7910127067365266278,9edbd428c042184e8a9fdc4c46896437331304d5b6e82935b4696638a0c80243,True,0.44237614438381184
S1,900,L23,13717364355353444654,22f8ed46e9d5c4be9a56416e20024c18ddecd2f25f939ee86687b4c0241bab27,True,0.4729381474689716
S1,900,L32,7270075326683800066,3ffcc32bcb2bee62ec5309b1ad574180c88c01107cff0b86d7675a967a572ec4,True,0.42481133451238773
S1,901,L12,7492156046459264516,d707648fb78c9f528d88b581b8827ee7d95c3f57bb0db38d82a31947a2e0813e,True,0.3930049596280272
S1,901,L21,15067337783214251037,ba163c7b0de7b00f3e3c3cf9709c4e39809a52922a9ada0c9a3303266b4e192f,True,0.4705096760684913
S1,901,L13,16506680835170124097,8dc0ed6d63fa81d7876e3bcada1f92a4d1ede61d0de50313dbeadbf7ce8ac652,True,0.41057100034172156
S1,901,L31,2044954060777645714,5ca62341a92675549245ddd98c5cbbc1d076b2e88d64c7a9efa7182b7f4c84f7,True,0.4374109082143872
S1,901,L23,15686177243052089518,491f4cbfafe3555a00059b4f483f617e8f50c44b1f15e04ccbcef0b7eb67036a,True,0.46980825004039256
S1,901,L32,5162884273946396518,ab0aac57c76739260157556b835ca81d6aed0f04b997bfa982913b7a8d3b1768,True,0.42826655794926166
S1,902,L12,1201272351066637583,bb94fbf41ad5972d6f382344c4db4b1bfdddd65c1bae7f2037ce45110b953894,True,0.39398079452125906
S1,902,L21,10187841527162265221,948e55b36b8ec7f9bbe5f58b4551c85d598aa06d46747e5951d9779b6532d57c,True,0.4721829805351769
S1,902,L13,10243352895628176887,8c48c6b9162230e10a93c45ca37d4df54dd58373c0876f2a99a0a2595bd81605,True,0.4036551948525193
S1,902,L31,1398795837755457881,b7b61c673b55cefe25d64e6dae83439a4e7382c67908dccf8979b6ba11851409,True,0.4445742862937417
S1,902,L23,9453909711854399300,f58d7c2b52e0a0c6b49396acd11d51f9e756cbe24973494896bdf5ff3819f11c,True,0.48178771698361766
S1,902,L32,7812110766269424969,accb460aa27a3e13aff127a688ca44e1ccd79ba01431aa2916ce502376a845c3,True,0.42376824241927136
S1,903,L12,4453360850654254893,16efe1b003740a2aac9eee8651380038ebe48d1ec18655673410c6aff0165792,True,0.3918897150181281
S1,903,L21,17204826410081852450,57ee6b541b056b45ea28b3fa1fcf1c7f88419ac964895e81cb7c196e32fd6e08,True,0.46981129373081465
S1,903,L13,16782686771435885195,ed88e11564432d2fc57d6d997f6671aaec480ce97fb2ea376846eb76bd282e84,True,0.408719475301479
S1,903,L31,15150328817059581821,7f85b04c75f8d5d2c64f3a5c8cdfd2597ae79d447803aa7eb177b0739a5a08bd,True,0.4357857287480059
S1,903,L23,17127748954568743412,4cc9c03d5bd55ea2fa0f14595aaf4a202084b7d555aef22b1990045bb9329f7a,True,0.48011490143657637
S1,903,L32,5552237282181514425,b66361dfde5f23ac1a87baa68f0754fce6c936a8a1284489ae34f5789e01bfe1,True,0.42065934749262357
S1,904,L12,12352550035863782265,f79fd4e29312a88bcb369c2ac034808558dc971f35bbbf8946252cb2a306833b,True,0.39170896353557516
S1,904,L21,10853244232959806750,ed5ff898b0015b66a7513f7395bc7ed0c48f0bc9dbf374b2f35ad84d8a392dd5,True,0.47343235320101806
S1,904,L13,14475687593828067101,48f29ac9d404a8cd077354fafdd180cf26a8eda864b26b14199b282e42e1ad7e,True,0.4022599909992065
S1,904,L31,16526363242500834523,eb7f02bcba15c39ba1f92ad23cbb8be43e48155c39cf36a3b9d440e2a3369417,True,0.44463457973417464
S1,904,L23,16740626692499643361,3571795c70d58485389a850f4b4683733385e6f2d43dcdc2af85298835f4ab45,True,0.48202802924568017
S1,904,L32,4255738285244631047,be5b461fd03b36473b7ef42c3fa261be9750a6ad9152dbfcecb347765cdd776e,True,0.42490170406378036
S1,905,L12,10283621401654765105,6a8207142257f903facf59db35c9c2c92dbb96531d491471c7f63ce28eca4062,True,0.39215749877867995
S1,905,L21,13310016745121674614,dd9e686c3a6f16e5d99e8aecc4a38cf743432443b57c9f437583b887b2e81b01,True,0.46696005500918253
S1,905,L13,7193920294977358529,85352b511d9e817042c14b24b17222ce1a3140b93166d1b5b1ff0e15e53b38e5,True,0.40461235485312785
S1,905,L31,17464296788086863668,ee245000267dc2699a9b93daf3bcb286ef90f74e09a44ab109cf495398f41d0f,True,0.43478968072570945
S1,905,L23,9081982725398109731,529f82bd58b6f2bcf0ee4bee2ebe26e5559633d5bdc8ac0faa1195cb42d343fb,True,0.47856065800637443
S1,905,L32,12643885598504033860,cf0395756fa9a9aa0f1221f4a216f7d2c610824c6e61d3913889adfe0043e6a1,True,0.4250085012523697
S1,906,L12,14158193190703243625,59852e2b8475f552fa665f7cac24129185217d21652b4f1db8f67fd4c95c1557,True,0.3898685265361974
S1,906,L21,3202544173776353118,e1dd9b3d02d1188a3d094cbe9117a8e320671ebfbb461bbfcb2c58f3b6ee046f,True,0.4687568250948712
S1,906,L13,6820737426660931133,43fcb0e3baf1cb80391fb1ed6a13318cdb0080f0299338aff68f4ef2504bca5f,True,0.4136632935305635
S1,906,L31,12722085159742551697,f593df1a0a75c0097f31ee6ff7a85a557e3df5832bd567b7c3db311afc72d0bc,True,0.43496607114498315
S1,906,L23,17314912448881336733,acaa7fb2b9685fdd1caff084c1c97e812570e2e30a020da31ede47728fca355c,True,0.48374990757446495
S1,906,L32,112546338680996988,0b171fc66e0372038a90bebeb69c76eb38462bedfd6ea0b4b22d7a68181171b4,True,0.4255753352388975
S1,907,L12,16509728999773466397,6039a8d66cfce011dfbfd3067daede10a3c96747f1ef5e14f0aaed88b2a4177f,True,0.3909187993669334
S1,907,L21,14469722078295412043,7ea889011e334202e0ddc35e821eb4715acef7c594f6ec5b424f6ac64f1972bf,True,0.47359229605015785
S1,907,L13,14156944544068071136,a799569911106678c3c49bd1d244a49a2b1a0bddfaaf0fad7d1f8235ba5d2341,True,0.40257298059986213
S1,907,L31,3765634984273142172,9da2756a1c0ad6fdf2409740a5e4ff02e38247194aeb1399d873dd95cc7a21f2,True,0.44894754838840345
S1,907,L23,5188939637084666935,fbac5ba25fcf5572e6e3fd7816d0feb38ecd8ab17e2e31ccfaae401a2dc03639,True,0.47330706139142137
S1,907,L32,3272973535082946351,5e79a33ff6f9999996604673c5f241924443375f96954350c35597f3f4e5caad,True,0.4257079990420737
S1,908,L12,17588490636090305851,11cce34cceac41bdb7e659a149acc8d12e160e28459311f66e9af6529da1ae18,True,0.39320343273999087
S1,908,L21,12291354300230063082,b4eff504c3946c68d4f3454e0026302c04c13377128511a17962e399ce0dec27,True,0.4713352137546164
S1,908,L13,13907122220890850601,7dd42fce602e620c81a911cd0da54fbe0c92bc30e8ec78c8fcc6af11c7f043dc,True,0.4129411193435997
S1,908,L31,15516532898986535230,302e8a95b4d4c37e7bb0472ebff5637ed06a0e2fdf59486308080a24d7d1710e,True,0.4423817034329343
S1,908,L23,6170646479774591752,174b89e0c894663dbeea5f6e79ae13c4248d3db3761cd34b733e3b9054fc3a8a,True,0.47753777889864835
S1,908,L32,1720523501232134269,4942500966e737e6e8178816a1596bf673e4d8b5e6171eae9736d5f72cbdc06f,True,0.427096305029668
S1,909,L12,18420816207370267571,adb95f3bfbb830044eb0a29e164913689dee0b6390046c9bcd0fb47a21bc43da,True,0.3919624384405517
S1,909,L21,5405583177754609445,d24fa91c8a234d8431bf5551f76f9abf210538dd39782352335247afde60703b,True,0.46992266939518834
S1,909,L13,1940550073614324888,aa384f69e8f9f16bc665c509111119d38e256db01365b815e1deb4152af91401,True,0.4127575556026859
S1,909,L31,10359821986187147910,1eff861459f86d193d34eeb8a3117c339cfea0a55ca233531a564c0e3a93163b,True,0.44274984590074173
S1,909,L23,3425845423862082280,45b224871db117ccf6feb10a9aee62b5ebd11a53dd6215c225eb3eed001db4a2,True,0.4852079957501275
S1,909,L32,16063845676093752475,01e22dcf92834f2d80eb37df2b0aebd5c02f07f246405cd175bf91d46f0e1806,True,0.42530941878527134
S1,910,L12,7895737047114460457,08ab3d3bd29f8f8894b8daf38138ceb6929e7501d74b4624f10c5dec7e1f745d,True,0.393428947683661
S1,910,L21,15678276238540037022,9ff67620693e6fc6c5cb8e559a179296491914d7fff99f30f004f956dd4aac38,True,0.46717686935336034
S1,910,L13,10506760873501365734,53a17063b7cf5a57dc881db783a98290b8f7f4e8f7f545675443d270633ff732,True,0.4087417913801213
S1,910,L31,13224541369816019801,07fa36271f2d576a6d9198a507aabb7d5cca1c931abf7828ad1922e683d29646,True,0.440730595517775
S1,910,L23,1901063377618077411,f4a665d3f63b7052f004258e95b377d6e3cd744e1ef697f20aa5bc528db24664,True,0.47426479741924965
S1,910,L32,12739986819849757752,dc966f93354660d944be6222d5e12472ef3780e00df451a376757f5d183674e7,True,0.42251577863823053
S1,911,L12,1425927279555191349,34fc750d1d17b8bdf1b3296ca01c870d27f6e73ff8d2b31eff8b843ac83aae6f,True,0.3898425142311524
S1,911,L21,17898771519074756107,b67843997157fa98993397266b6a94d3ec8fcd949eddd57930d2bb28a3f31b89,True,0.4705992195853116
S1,911,L13,5033062443992370752,96acd8adf24df0265b1514aa72fb75623664557a8734a991d9213dc4578fcf17,True,0.4128617533906384
S1,911,L31,10842203248272185465,9a17048c70a6c77a962da829e3561425dad78358ff763c7219810ca87a5fa86d,True,0.44776939835980284
S1,911,L23,8057866450228863203,b6eae805543d2021ac3c221772c8699b7bd2161dfe04048032e76ab6935f54bc,True,0.47760986934162475
S1,911,L32,7669499078901609279,12142fce5bc4847309a0df0554af4a0c909e86c991ddeb55b98fe7ed3c4b1d56,True,0.42470584070460904
S1,912,L12,2992909412591099684,dc616250c6a6e7d7deaa9b937fc4e8d3261a3ec9aeb552bf16fefed309ab0f07,True,0.3912599173503505
S1,912,L21,18198175929959538027,9d4b0b0950483a0de146a9dd888302c82e1b0012522f3fdc67ebcc00df6c9794,True,0.4780268115593403
S1,912,L13,3143057640079857574,a5dc2086fa3aba794345817cb55368f07d46182063cebf34207c88e334fafe6c,True,0.41176087236042297
S1,912,L31,5800305583598190727,6fdefdcbe305ddaf38eb836d64f224aea58e5f9ca4440086ee618632627d62ae,True,0.4399597482851891
S1,912,L23,17821250374824875100,2e6f77e3723b7c6d042e9991b8baac87a776498defada37a4a418faaab12ca4c,True,0.47413760761314666
S1,912,L32,11661677509365399168,59eed8316629aaeac8802084b57c4969d5fb5c689f8ce61dbffe8ee25c3c153b,True,0.4241128927317196
S1,913,L12,9192404603590847246,efb37529f59ad9a391c7f5792a72bc77f77fbac6ecef39281ef4ad5ead9056de,True,0.3900269650503684
S1,913,L21,9209498475213111351,cd1a11541c6755424d3d1c46025513473a3fa8c4ee80ae30c7c6f682d4419e93,True,0.47300272602815335
S1,913,L13,4205121092659976621,40c4e5989fc7b380111a35ca98148193c70b20640391459125b76bbbfbc429bc,True,0.4141662900307192
S1,913,L31,13281993963464418055,e9de7f10cf32ac27f8fbc4e7a960eca28587f7c53bf62144e5e8e3530db5e9ec,True,0.4442506524461334
S1,913,L23,8901432355742418827,409a2952392375a10df34d85de6278f819f9be83c7f42eb69a8eb4012a8c7b43,True,0.48016956676922823
S1,913,L32,13425004014588101810,aa868436205712658fdfaeadcbabbff40f3b9d0762eb47fdd73f4e798d120a55,True,0.4263683790956037
S1,914,L12,8019214672371845631,2f7fc1feed2eff504a207bbf20738cf35a49759a1e7042cf961a7dd8797247b6,True,0.3923818610150244
S1,914,L21,1476100722487814001,afeeeb2c2ae270486559398131de5330e05df9ba0cfb6e318980fa02b82afb9f,True,0.4735440222095856
S1,914,L13,12580314279599272530,7bb7147ad793f586a5267cb9a473f4c5a74dfd59dafcdb87d174ebb3f04f1230,True,0.4094945508107632
S1,914,L31,4921073322805353190,bcbc588f900df68ee0c0c0ec1409c5e8355622283ced79ad4ac7b04ad62eec68,True,0.44317177565750676
S1,914,L23,15301883497633872400,614601e4cce1fe398e7e7d6a18fb8a7bb9e5a8d42d19ec61531e247df34016e3,True,0.47128289077555047
S1,914,L32,5136748675033994176,f0e21dff2949d48fbeaca403623b7ed2848c8f6d1792d8c505dad66dfe02cd26,True,0.42424819836687305
S1,915,L12,6071324108749041213,636b68514d21c9f4502528ae59fe3ad305323e51cc578c804da71540c23d40c5,True,0.39268192610242086
S1,915,L21,18145507357891125835,c6a440c53c59e3ffedfed63e23f5bda0a35b542a291a630c98e8a707c24684f2,True,0.46587866647964027
S1,915,L13,2740914185009601279,82a9b1ab1d1e8a467f6cdab5a513f6e5f59986e330812735e50efdef9a5a2474,True,0.4017658222127877
S1,915,L31,14799272999899532594,45f35a503bb3793f51fb2cb9aef98ee43d767bbb6223cd8d3f82e569b6ec67d6,True,0.4508254191424492
S1,915,L23,9203711108248009249,f07ae65b3bb9cd5b4bab384b5f8eedbd77f901734413b07e85b0e01d527e8cf1,True,0.4796498393282233
S1,915,L32,15504671369372673859,12fa94f602e6e502d8e357ed97908b7b25b07c4cf0fd0132033bffc28ddacf48,True,0.4219447344956978
S1,916,L12,6882901222191270851,38a6a84156317c0f9fc5634b3ca42fb03ecf643134e9a7421c9603d927f80941,True,0.390218409259515
S1,916,L21,15018696270187533386,d3766d3643b0a1641007a2db393e6d6f264506c173f92df1c72ffcc8fcdce52d,True,0.4670505366091121
S1,916,L13,11581829050207618954,a95c79f16eabe26db3cf7c7e72120a16278ea808df8f083766a3d1282e0c9ab8,True,0.40808764655567886
S1,916,L31,680750463418908087,489bd35a5022a0b04e82c218fe9674a4822ac67921b47d30cade66099a4c6c62,True,0.43766773408401605
S1,916,L23,14649423313234245485,9005003847947078211c427cfacb32989ff97f230d169346be6eabb937406c75,True,0.48210876688353693
S1,916,L32,13759959932488636607,9b88ee6b120ae2dd5f38d803dbb81e33892707bc8dfce453dff982fe9ed3f493,True,0.42287684974418493
S1,917,L12,1810125549904737892,b5c42fc32d48130f935d24047ac40477df048c0229a1bc963160b49c471767e3,True,0.39016441331965973
S1,917,L21,11841521072109885606,340f7bd95f5191abf07adbaf61f6afe98b0fc5a6417ebbd2349b3d52e583b168,True,0.4713352137546164
S1,917,L13,11629717771975622470,6e8b7d793fe5459dd32e4a4faeaa2a0c7b96dda13fa64168c522f701128981c6,True,0.40697318347160677
S1,917,L31,13091661447507440674,e4f6a9094f5e06b9ee1961356891a8438b5927786ba4937c55c881b33b2e046a,True,0.4406165884686531
S1,917,L23,16148082099874121414,93b8dbc24c15d6adc31ffe14e9516327430721311d9373b991fd55aac403396b,True,0.4728085833104839
S1,917,L32,7593316287898815231,2574f1ece472d8ff059526e54f15629cfe8ac019a4c2a84c01c9122f6c7a1e81,True,0.4178278120065196
S1,918,L12,6957756055605614168,9ba9c9eae74a5af5fb833a4f2360af438a27a65764b0aeff8b7a4977b9e4dc93,True,0.39510077740751776
S1,918,L21,12860570811522776332,e66828878603bfa4ab275686ed8221f6b2a2383b667641c7bcf29f98ec651217,True,0.4686417584686154
S1,918,L13,2756779779100122939,6557d4f7c570ca6964c5cd2f0e1964bb9f6be90b8ed61d03afe05e3c4d46598c,True,0.403903227086484
S1,918,L31,17334998896477766501,1367026407b90583d6bc4f5fe2cbb5656753d953009bd2d3a9d31c1be0aed6d7,True,0.4363596737526028
S1,918,L23,17304432562703899595,2de04dc4bb9ac303aec68fefaca2d0390fed304923b88709e75dc04094ac766d,True,0.47496035834050393
S1,918,L32,13396540048482574010,b93bfb20052e0f6b63aa5cc824a9bc3604862f3604d4f93959e528dc1f0313c6,True,0.42418782483179407
S1,919,L12,13342638363961470375,65e8978d4426b9890540ef998549bbc94dd1df0d0adf777a04f5c19a071e247a,True,0.3953701875087716
S1,919,L21,17965594078899801959,97baaf5a5f2c6a4857ca07cab92dd3926dce8e098711ed3af53d765e90fe58cd,True,0.46858487423269135
S1,919,L13,16901218346877139304,9b885b510cd17915c843627082b2b84e95609a503b9f8c7469a8ee487bc0279f,True,0.41306910458863977
S1,919,L31,44752852659845224,8fcbdc9468cd3aaed93e9dc0c99ee937ef6f0eaf9410ef98ad304409cb1d7726,True,0.4408686023564747
S1,919,L23,5082810634237756099,f4e76d35d01ae21e52d0029c9ae551d534add98b73786e97a6a92814fada48fe,True,0.4774247096694064
S1,919,L32,8258579751002166222,476b335f5c103351fc78c8c0117e68ad83efb4b36895033f222b1873d04eb845,True,0.4258969462189665
S1,920,L12,1678582902065822902,9187b841ab158ec7ed706ff55f2d2a3cc2bc458b7057aa7206ebf039a07c4e81,True,0.3921668960153618
S1,920,L21,16075382122260740091,100272dcbb5128bb75717195bca178b10633b78358bc1cd467f500b10789208d,True,0.4736624093427107
S1,920,L13,3510653074344838220,fe14177b5d6bd77e638cd0506e68745bc0f07e292ba9bc5bb8cb2fd44698e24f,True,0.4039092898573753
S1,920,L31,8518705438941041018,ef63fdfa246baab724e51854cc23c8b157bacba400fb96bc161269c4181dee36,True,0.4486860967279923
S1,920,L23,10857951876182287515,389d1a94ba7c6c16f6d1f52b343aa4bcc3409d26439dd84a67dd63d76383d7bb,True,0.4787172269281392
S1,920,L32,11801992947393672023,82196d7059d45fd50d72166bac8fb7fc66f2a0ac00377a54f3a5c9a8b25b2d12,True,0.4239520212121511
S1,921,L12,18078380523826958972,8fa8873987eccf7effb99e555940ec58ad90a93bb8648be0bdd49a27a70d590b,True,0.395384925295247
S1,921,L21,7635727181614965058,4fc7e4a868ddec837a8e8b3dcf333fad4f1ba06d3b8fbc77eac0261f4517f60d,True,0.4760353557488984
S1,921,L13,10582318014276479314,612124ba56958738ecc44e01ddb6c666baf2f61edd9d3cfa84e169bfe8eafbb4,True,0.4123919280146743
S1,921,L31,1763253939657710353,429ac5c1ca9310555c3fc69552be7b0a8af9dd5fd4f4130a45116df4504f0ba7,True,0.446348048455308
S1,921,L23,1397436969983989611,6bef612f68e123f5b02909fdecc39afc974d0f4c81c1061545ce4b61fce4a491,True,0.4863951830699369
S1,921,L32,7279097784425040745,4ce16debfc8b2bbd5b2befd6778af7326b386a819951f98a022e4e4765ea26da,True,0.4245597685993083
S1,922,L12,5009905500767718931,31fac8bdf0c0aa6504595ad4605b64ef21ad27432a8b81ceb7617b32955941cf,True,0.39032909557691997
S1,922,L21,1060931911188118667,57056e2490beb991363bd42abce4d41ef716110f1433cd5aad72a4908222be86,True,0.47300520638000204
S1,922,L13,16332392987784634323,c3455b928dab67686e26f2b8b4c906a1cd252dd9b46f55e48bd5cf70dcb2ac19,True,0.40659603529391153
S1,922,L31,11161315880222525895,5f9833a6b52ff0b8d23fde17039e720897687d60cb8b5831e0038d9424c36acd,True,0.4403331209679526
S1,922,L23,4205716771024540354,88edc867cf8024b5dac1d0586613ff4f6506c2b0edaede7ca0945829cc22b5e4,True,0.48265926830784256
S1,922,L32,11420630658014535843,e2efb54cb28ae88d3a8e10fcdb216d4a3297076dc40c176071bb76f29339929b,True,0.42419941032115016
S1,923,L12,9027739976464091986,dca04224a96563d18ec378baa927487b9f4a9117afd17cd036e2bf9a8bcdebfa,True,0.3868108202655401
S1,923,L21,9535561625328176362,195ee8a00caa18ce0fef329525734762a1543d7b6096ce044be51160a85da952,True,0.46702550064564446
S1,923,L13,11526576757065850664,9cacba4568fb3d7c1abd9c7d89f5aec2a13997028647800f1796d449ee1796c0,True,0.4113335690364509
S1,923,L31,9120948809679717436,b6231fb07d879ebdd8294b379b23a4a0882c75406c3599782e1515d471873373,True,0.44414313417518914
S1,923,L23,2829119950690484742,3d9c00eed2513bbcc05825f0cec87d468066a3dd0e0a3b274313fc9f83da83e4,True,0.47812587485102215
S1,923,L32,15356680458909907303,ecb57febb7c4dabcac990dc1bb7823741c4b02aab467f0be7efaa3d1e8229a7e,True,0.4232592722095183
S1,924,L12,3767895776493465874,ca8e13bcd4aecd04c1a1ad45d98098afe50e82e589e367a5455e506fc9a06ef9,True,0.39397409310185005
S1,924,L21,15759480523307001691,bf38f03e92e0132d175c228129fee16bc700511f3c1abdbb812f7848dde0488b,True,0.47488281133196014
S1,924,L13,7221641290510743042,93ad73ba973c0d30f3f0c9f321bfeece75d6754ddf7ba6768eb9c236cc8ea080,True,0.41065370930269046
S1,924,L31,11164051121810727271,a185de4ebe5a7c7ee5e1609d5bef85f40612ac2a6a4c05eae9a70752933d140a,True,0.4375811741230812
S1,924,L23,2580162749240225373,4b915a09cf4a4128b11d0b763c7d10d72e41123b289f28f40c3c961e43a92f02,True,0.4830538213696858
S1,924,L32,3651249650895414925,c84ca4bf2d080f4bf51642b0748d7a7f45a51d5dcb442feb38ec7604b6b6c498,True,0.42775368842031963
S1,925,L12,4893824614605393811,67fece7b7e6b2215c23f20e229c55b6cdbfa603814b9ab2ac4551d2ef0d0db8f,True,0.38976993472426863
S1,925,L21,16435520926453263788,2b5f6773d16aca65bd35e240c0b318b09b4f461d26f56b8857114f67b90d3647,True,0.47026145345308557
S1,925,L13,419757059655205798,79603481a180f13629746cb2e14b28f0271dff0fcfab1df66dc8d3626eda9f92,True,0.39947829722500805
S1,925,L31,5669607829400886915,744e93af452ee84eca2ae39400e122a3f877649c05c9dfb83699ed3ad87306dc,True,0.4487925580898155
S1,925,L23,7399456679222663967,17d29d141f285e5f65d7ed20db91e70fefd48e1b10d455d90eafe70b605f9ee3,True,0.4772014875688399
S1,925,L32,4227613239534197769,8b111d4f0a92f762358e9c91ed053f2bbfa1ea0171469994eb69e71130a31479,True,0.4212005866738019
S1,926,L12,3181152717365827981,d29175bb201160c2289d68951f21baac7a09ab2cbb7a277660cd5b5e34724b78,True,0.39548356649603766
S1,926,L21,6729524756169064467,74839321b09b8d5005c5a5a87a60460fbd31feee8ae2cee6f1984994370371a2,True,0.47228697640060124
S1,926,L13,4483485573853642801,c9bd0f21c81adeacbdfe1239e8a9bb71bd88df9f373bab3d3bd6e01d294ebe5e,True,0.40262832800039783
S1,926,L31,2122279511633106578,28665c8b6f02128a20689b94827a30a5105720f471445195a3d115573c701547,True,0.44405913783422785
S1,926,L23,1785125093193072184,51792f079d01484bd1c2bb419dde266278b15c9683918bbb9df23a8a24697a43,True,0.4718304387935325
S1,926,L32,10045994006468599686,44b8ed0ff140baface033c19b038fc3d1396c19d0545a9d262b5552ec33094e0,True,0.42646669472366305
S1,927,L12,2370066146388400499,4741c6a124794b200e98762394909aa76b59b61296505e548a23cf28e31ec1d5,True,0.3943512185704957
S1,927,L21,511828445280194545,36998bfeec517b362783664d7f862f20ece1b93cc3eb42647401a3a1b9c828e7,True,0.47300520638000204
S1,927,L13,10937474198523377406,351f76a0f551044f28d77e46f6a2b1ac255a7a4a643a6e8c7002aa831cf56e3f,True,0.4094146523013842
S1,927,L31,18174015840069379816,4de40793bb7e2071f34f86a0219defe02ecbe92af48b41a63912abbaabbbb7d4,True,0.4321372285439588
S1,927,L23,14702731428933937910,9a5dbf6e7fc094140efee5079e01196f027df251427c5211808767d4f7c6b813,True,0.47481610822578735
S1,927,L32,8382621771895770847,a11de337e197f25bb1537539f2a4a20ca518baa9e6065eb2f7f277ba6fe30dc2,True,0.42705129921893664
S1,928,L12,8237891091067216717,00a14589b6887eb25755ac55a5b2abf2635ed7648612bae9f15b0fe2f205ce12,True,0.39013008219012857
S1,928,L21,17222293111279695586,0b736b998b0445aca1b35088170bc2dd76673332a017e82b90fa535318c5fa74,True,0.4653551772321136
S1,928,L13,11460377147888121095,38741f1f666be36e28b8306802e8ffca454f657a628318b1b946c45e24754c23,True,0.4150896427674682
S1,928,L31,9872088682865143987,36ce55996279cbb3d6c4386d8a769f59e50052da58f655972c617658a000bbe5,True,0.44094377296877635
S1,928,L23,3866838772081362933,ae8527ea47f7440fb6962ba2bd6bba8a2d57dcbf2c59d35934ac163ff30c38e2,True,0.47751142484864784
S1,928,L32,452784133514268265,9acbd39b885f91ce221f03887f8b83851149083b2d5190d6423f10ad6c885f08,True,0.42129947020046843
S1,929,L12,8567041268234830997,ede072a1d6c7951f14c9300fdf2ad366849934898f2ce0dc429cbb0fbb589b5d,True,0.392648969381336
S1,929,L21,9923910474956361846,fdb7896647eca7bb91e216b28ff8ca84f5cca3bb99758426267faae11b5b2a8f,True,0.4699541548475327
S1,929,L13,13118123606052767456,2a413fcb6ae8b8e93b9e875b3644a9d3f98549ed746a445543ca536a06393fc5,True,0.4097161889318792
S1,929,L31,7474604567256210909,007ecac5a03b14ebc591bafe51693bbf344c41f5f8e1d46a72da545b7867a6c6,True,0.4392415827727633
S1,929,L23,15604959581455379400,7df39810cd546d89f15abca32d03286b1e1ebedbe9eedf09fa0c5bf2c3730fee,True,0.476253793024082
S1,929,L32,4360873879589411830,be9a3de78a74741df3044f9fd76c4c513debd55d722e13600f32317078d20254,True,0.42226526670657727
S1,930,L12,7174249817659670570,a961de935392adc282c8c3359715dca05716cbbad02f2eeea156e607fedac8a0,True,0.3951440528520541
S1,930,L21,527937464508432649,da7a160cce96307bfc27c7717a7e0c3b06d0653c0eb9ecdd723ba2493130f0f5,True,0.4734013719806888
S1,930,L13,1535932519455655030,db953087e58565f3aedefc9090ef159761b92c69ac57e38c277cadab0f75b4d4,True,0.40585348341052363
S1,930,L31,2945816049172165867,bd51ff005f4220ff2b23afaeaf2ded5204e93f939eb478a73a9e860093700595,True,0.43632717054649073
S1,930,L23,4057675067925584225,c81a4d4e615e798220ce9a8800e93c115f4221fa99ea09a67d0e5f90ad648a36,True,0.4795247143536016
S1,930,L32,8316450343175316645,badcb3bcc9846cadb54dce32ac7185ac3923b23f800ebc2e96427f2f156f8fc9,True,0.4238239881004901
S1,931,L12,4120280673931844066,665669e4a1a5c638aba329b756a243f42fc31fbba0524f68f80e212281fe0e9d,True,0.38869310846785415
S1,931,L21,12455005884819505928,dacf6026659bab9624ba696a59584b86e98f073e33e4f3c212241422d2005b48,True,0.4677534889283231
S1,931,L13,1028102972694892459,0ffa386198bbf7edf2b71b260f8b1d4e8dd7f12f0c5a338f6b73595c4b554806,True,0.4065553862750277
S1,931,L31,13882745068021271084,ba580d0a91aa48c2845b7d37be9f4fc95ca521ac6e7d5bebaec68508e0a4c634,True,0.43988425702734857
S1,931,L23,17070470019229262682,ddf73eb91296f30173c2ccc0fffd5e962abf79e0fd60044cd3ada5032e167a6c,True,0.47291334176389954
S1,931,L32,3395220740249819323,f87ade01c2e64434ff00516dc3416e0ec894cabfd6fa2e6eee0cb064697c4e08,True,0.4225631747220145
S1,932,L12,16547682802359597142,c7290625dd5e3e822cab40f16ceabecbcc902882f8ef57bb64698485954df4b6,True,0.394532204893886
S1,932,L21,12884354140115880862,f8ca3e724eeb8cfca7eb16501ec468c473b16796a9984a8cc7938d56943159a2,True,0.4734905912798962
S1,932,L13,10630099807981006875,a9989d4e1dd2cf69411bf527028cce5608709b1a69f4e51760b9fd8f53451e43,True,0.4067094779184476
S1,932,L31,10354050155681001003,971e67f757d1f956c52013ecaad019ceb710b18efafae60c2ac8bc23031c472c,True,0.442335637211
S1,932,L23,6238055554379654947,ff0dd73675fa175f6a5304926b1829063d1c5916d99c788727afee255824538a,True,0.4784474374024633
S1,932,L32,15448447326688814747,fa1c8fbf1ef3e13d7b19fc14af25f34d428fdeb1e69e9e5476c36c4f8a432f68,True,0.423417916875385
S1,933,L12,4029155593442287712,bd39358c9700b6b308b992a062cf1d612ba8d3d4ce99ce9023e70a8b82d2413e,True,0.3895206318671403
S1,933,L21,8032655316645723454,1090f68413cdb1d9efcce0e7c6407473d5d373e489ea1f5e4c1e4a2241d1514a,True,0.47393151364112074
S1,933,L13,16458121547635803003,e449b2d77125a977a07eb04d66ecaa6c0fce1716455a4b7e3774dddfbc927710,True,0.4030730550113302
S1,933,L31,9791073322917024896,ebd4740d3312abdeb305881527eb9e811a7de0558448ed0f559f470e11bf5e86,True,0.443464850629671
S1,933,L23,16571129643487398443,a4b729f9946b85dbe5a96515043af412d1984967718822a093fcaafe2abd7cf8,True,0.47745425687089327
S1,933,L32,9457082137689386929,087c02352a66b5d8c0ece4faab4f7e05ab7135002b80ee53b47139dd8466f045,True,0.4245251531310779
S1,934,L12,12250716594117019552,64e5aa89463e529d5da5e43795f20af2bcb4a6e13c9ef41d4ebe44520aaef952,True,0.39024922195463013
S1,934,L21,2810079617738764983,7f84ca6eb49b246e8962437d0aa2ff7dbff4f6c2224fa33170f29e958780b8ee,True,0.46810954461947574
S1,934,L13,1460500488754074200,9d3a6c53e3cb86bea98d4bd80c0c8f7e2e8943d73ca6b56a441148392e55c012,True,0.40671041769136634
S1,934,L31,11988538079687942649,8942567d9f07034bec76c046986372b167a9df06093e0be9eeec3680718da950,True,0.44261258642946244
S1,934,L23,16367158256597095571,d988d4bd90701f83f7c179c572293a9f0736f816a259c839b3dacbefc613c8e8,True,0.47144153451303095
S1,934,L32,7842985022226080349,e4348ff2d6bd4f4485a6be11965b66d2e57ca725e0415e2b2965b44c1520fd14,True,0.42514722642164954
S1,935,L12,14544292570220321215,f0a47ad63e625835da96c9d8eb82a5105ef716eab339cc6d7c360badea7c3f52,True,0.39024779754692424
S1,935,L21,5697663179887467446,c43b9ff1489c5fe34a4fba5ab46788c5b1d8d31a5611bfb2bcf04ea8f7812e14,True,0.47051882401432316
S1,935,L13,15828820085860183865,0b3f62992818a107b7b035931b95ef3ee200f05c15e2004f007bcae8be6be8d9,True,0.4059720285533573
S1,935,L31,13642671694794260998,d9d67a62b4077e2512518ca9c7342a86e29e84aea5339ce7e494d5c8d4e38329,True,0.44518575520523596
S1,935,L23,9055459534309767885,5b3d45f791976108ecc15c4d69e7066be834f60e2b0f3a37632115c3a6e71234,True,0.4754888611418322
S1,935,L32,9218445591830206400,ebf461373a7a88ffe811e30e103e17501337ed34a1bee856a13ed64c3b3dd428,True,0.4236637134595545
S1,936,L12,3503542453947097901,36ba047ef08ade0199fb62433743d0a10a4822d4733cd37d975fe30a3c254547,True,0.39161311638853835
S1,936,L21,9209135942938006404,75aed68a5806157bbb2efb96fdba15eba7ae969edc1b3b03adc04a0214afad21,True,0.4659716409328024
S1,936,L13,7673951270756226533,7f7bef2c93db1705a69bc497d6ba0cbb5206821104a3df80823a439852bfa350,True,0.40507770135883736
S1,936,L31,9629555407133986726,99f14bee5206ad05313cb53607260e6935c5da40371bf616024bd3096f7239ff,True,0.44492287948866144
S1,936,L23,1211354473136413392,8ecf3c36ac489ce1014905b00e3d0fb99f5f9afd0644cc91445bf8a76efb798c,True,0.47801896150662826
S1,936,L32,13409479013283570672,0d5e52d16337f59ce67081ad1445225fc1ef0926d66c9e4bea4d539784344abf,True,0.41902259772400774
S1,937,L12,13344327100606152628,ff3c6392348fbb61fae8a267ad3d7eb462a2e8e18750d5b26085fa1b93a97931,True,0.3927479095517061
S1,937,L21,1659686273514881216,16ac439fef2eda15ac91744b813be7acdcc6449757c3cf9fd186fa94f399e144,True,0.4663117864950761
S1,937,L13,10644032059264183872,975fed906360acfd367758131d56d1634a996da678e7c466855cf0cbc064c775,True,0.41017689444389144
S1,937,L31,10665978176643106217,fd984ca52a3ee0d424194d458456b928b5a55327e08668bc35832975e07553d8,True,0.44103670425731545
S1,937,L23,630025336875535654,c3406f3e1c18fe76d5e711c87fe317a9e2c83c6db6b0cf4f93a31aec2872cad7,True,0.477398411901098
S1,937,L32,12419751057732879526,11c28c3073d5de06f37303485d95e558e67d264702966562a149c9c5b6152229,True,0.42906187378984567
S1,938,L12,8390664530277029018,7ae1e10f92bab441cefaa03a5a65da950cbbcdfb27596a0c62860e576dea266f,True,0.39165562047032126
S1,938,L21,7276044303936044340,b074131d65ef74ab08a6b82fe4f68f7d13858165087b03324a6ee7297d37efc2,True,0.47285415281570675
S1,938,L13,1186725106098106577,fa50b2d8d7e76122d4c9ca3457f0a05cc1e46920a89f8136e64cbe7a14c937ca,True,0.4101701842833845
S1,938,L31,2652531770820313154,9753016459afbc9a74eb1ed5923eb7cf856e026f950fe803b612241f172e0295,True,0.4472945750055207
S1,938,L23,2967868894479043933,fa1059dccb61ea8be5534b26c5d03f847032d047ea15e67a99278bd7a509826b,True,0.48244152203998864
S1,938,L32,5062097929486833107,88ef7afd2800184df8ebab932bda5483e771f66239370f1658b265fcf4875dc9,True,0.4254085981195779
S1,939,L12,7525637054157441955,91deb585a7c7f5363a825113c6fda00436ca7491d73ecc3ddf3d4f3b0348f06b,True,0.38691054344216536
S1,939,L21,292014554610816195,c5b30eed4037c8dd2f35904f9995deaeaa60f63fe0efb2e4932a6a67f3d3c1e3,True,0.47116080829721346
S1,939,L13,10741017010074072892,69bbbe317d14e006b2a040f424ddb26e964785d3cb43b8a9dc9c7bb40456a90b,True,0.412518115913751
S1,939,L31,11622469626340334861,99525a477f53a5bdc9d01314ea26d956d4cc497e208ae8fa180b23c114cd2125,True,0.436818659548038
S1,939,L23,3620321351078907717,06fe025e926afeedb3984c6be2eebb15d0fa17c0e4ee4e60bd25f0780cd5e8c1,True,0.4714184124064521
S1,939,L32,16400577421882824464,155a7ef0d61bc91102992b9282429338da51b9fd73c99457c2e614be734497f0,True,0.4270319845685079
S1,940,L12,14712748163718735510,3a18866a2a2e1d59409415955f554ab06fd301ea6d3f6c256c4554f90bf33fd4,True,0.3938001991595298
S1,940,L21,16388810764790196370,d4c1b671e26fbe62626be03a33cb45f480d50cde8f8c3c1d5b029bd13e592c40,True,0.47642978123171326
S1,940,L13,3752708541053039568,df6f497a7a578c58af9df08f288cf8951bcb08dc349292661b7c478399039701,True,0.41059103756844456
S1,940,L31,4961421357170902882,386cbc0cc5c8b98c70a834f8cc5bd194bf91b570e191bece4908a667af13c2bd,True,0.44469472174802654
S1,940,L23,12607611680837301516,ddd2958f79c8ff1d16658f873b5d43b7d752a0034d976f6ce6f70f964cc1cb54,True,0.4821214123770471
S1,940,L32,12047470337794850236,4387feb7a6a68f913c4d08717330439ed83cfdbe2d929eef1eb1c62799ffd62f,True,0.42230113098160027
S1,941,L12,9248272206492054469,613d9136e79d3d8c31edb91cceff42379fb6850f7fe0ba31f4e2947f5cf780a6,True,0.39270938198754296
S1,941,L21,7498581665734857554,8f3c05c82ab0b78e18dda2a7e5b24b684baf58752e928c00189a11bbd77ad69d,True,0.47060956658234615
S1,941,L13,10682728741065725970,735f00cf9013020163fb1d56ffa23a40bd44883e1651bbefb7346e4575d2235b,True,0.4091939097137656
S1,941,L31,3625646425494587402,b21da2e9e105be358e1f374fe827619171b3aefa7bbed005fbb5355949e6e3f5,True,0.43833491029046395
S1,941,L23,9018218384217834265,d072704e493e8545be055deb56a9128d5b82cee20c71d813b6bd4e53dec6b253,True,0.4699716373400755
S1,941,L32,16032523766093169162,4268d44e45e7d7849a96b26fe4b968be29a02cae55c992f22f4dc2a06a3f1b5e,True,0.42221161952395825
S1,942,L12,16684121619694419627,46681c58c7d7877d45ad2b19f9cd2ae1b0649c9e439d0184e196415629e5e473,True,0.3921299031015534
S1,942,L21,9703388800530982929,a099d0a2297f6030ed20dc3390d37a082c6ffa4378893e97bab8d917dd88b85d,True,0.46791323336840107
S1,942,L13,17808298522480760667,01e5003fcd89f94aae991122b5f2c524bae99507f347dbeec20c40c3bc93e474,True,0.4083223157180597
S1,942,L31,11463589766355709959,80a90f14f58310bc24979a35921f37d3046afa89d72f9f1f0bcfbb54dc083132,True,0.44029247700965707
S1,942,L23,13956002017343399792,938b2f3588a01faf7153cf45c134db1bf0b7df35bb48e29447d90c3df7bde28d,True,0.47957185591704266
S1,942,L32,17736690298708627072,a1ebc118bbf32c23e1abf0b10da4ffd067d8b6e406e513e44891a58bb07532b8,True,0.4267150347484932
S1,943,L12,3503063653661153838,67759cc20071d6879de5461ca8c4d853707ca775ec1f637a4adb628f67fa237a,True,0.39320468302025136
S1,943,L21,7400426480646967204,30fb6d9dc2a80ca950dbb0f622f04e19de907a5214b27f6f7db76ff71fd87d76,True,0.47156368047044656
S1,943,L13,15968491150725950051,6f9cacd1f84b57cb97ad5577eeaad06ba5c022084a8d4996b3bbd2660f1f5b51,True,0.41404704250829427
S1,943,L31,14173151169493174958,c54c38981909acce69844f0b3f17eba1d7326c49198ff63155d82ea16dcaa17b,True,0.4326846341469005
S1,943,L23,6800872452820484179,f233cb43b06864e664cd4b743c412d6551bf2ff174197e76b2bf309ad919b143,True,0.4808566204891591
S1,943,L32,6183445692308202848,33f87033ed0d0b0ed05d9b6a85a831b0a25acc49f62fe6c32aca6a7ea2ca081b,True,0.4194196727317617
S1,944,L12,2065686194309350467,bc1ffd5f3cccf8b1c1c11135663f36cf6e83e5c6a938b9e55f440c67bdb441f3,True,0.3908429820193079
S1,944,L21,15760637078116326216,ca9fb7906c4e6611453e2e0202fca127006ffdeb500ef3b68bad1fcb7340dcaf,True,0.46921620367588757
S1,944,L13,10408050560627860852,bfa24504428d9b2582ff0638610e028d3abcf3abb530c531be8f001e5a92ef64,True,0.40881063300740716
S1,944,L31,5529333900961662486,80e3d521d990ffb882360032b9d464dc3602c475bbbf71de4d67e6e6c38d5d2b,True,0.4415179690904605
S1,944,L23,2825155431117294981,4ca4d40bbc81e27cb02a8c5bdc687ee89b21f1aea76ddc60fed460ad237a7cea,True,0.4767257728866197
S1,944,L32,290783611486487185,99ab892b0cb262f04ace0faa2ffd6f244d2055e8e90b4da639d8ac7ac6206a82,True,0.427127831502805
S1,945,L12,4489466383012769924,81657979e6eee2d2dc644cab1186e0b3517d3ce963050c1a62eb19593d7ae06d,True,0.3913983517668616
S1,945,L21,4137165030533454462,c3ff223a317eb9966ebb56d2aeb2d716aed65e3bb87c67c8c12d63a255ef5c42,True,0.46952193308044493
S1,945,L13,10269169533847998449,413b2f5a0865a457fc7c99d3e7bc82fe4db393f18f31c1e378bb3b076551a2df,True,0.4144710255408054
S1,945,L31,5207591067157152132,23064d8978a99817455f71ec688ec19874be646d34d03f2370b7e90779ce36d3,True,0.43201872411939257
S1,945,L23,14842458496929895062,7503051cfe60e41c248aab7033345df4910ee15fcfbb67a6c0507e05d4eeb575,True,0.4702633762391706
S1,945,L32,2435058484961329448,6c97e506f0ed0af9509fba21c005ee36a21dca1aa2c1bf4f7016ca087eb8dd8d,True,0.42379622889123475
S1,946,L12,2953001823079769959,56459c8ac86859178757fb27a9bde0bf65527b171399822367f8d7541e639402,True,0.3878071186717619
S1,946,L21,2023572309136184292,5bc1c81f5e7c2c650c1cc2adb513b6389b1c3d6e4c7990d17c16681dc0e9780f,True,0.47156713771655223
S1,946,L13,6828956338063023982,8e493123825599e8fd4bb00dc6cf97f7e62a65e43096cc8c5e4401821948ecc1,True,0.4055249502425265
S1,946,L31,17950010852378832817,5b495cdb267a2c155408bec55e43617519cd683ccbacc81a25cc2737baabbc8c,True,0.44032497135966453
S1,946,L23,18244267917419287697,98e2f4a111f749df463d2c820fcd4f4aa70737ef9d0c2dbc5b80ace450708ecd,True,0.4877294454687844
S1,946,L32,10156737377504571137,5f120388792e568473feb04e59c738c2c53f0005c9ffb07bcfcf969b9c696941,True,0.4257079990420737
S1,947,L12,11591214433346543908,08aaf6ebaac49d6f84a528c47afec94dfbc558941a04f52a13f98dad53ba4382,True,0.39094330555385765
S1,947,L21,11333118545896194339,7c5eb8740dd4fe56c98682e02254afc519af3e48a330be8682825fa82a1798e4,True,0.4652084816394548
S1,947,L13,1610572577410511930,6fc20a02eee602045df256974d212e7ca6f5995cdb41fbfb2f8b462badfedb38,True,0.40815790359652676
S1,947,L31,14888765721879307315,bdf59ce337cd8da9a6aef0f5ab4d4864f95b23cd9a9ba7488e19537f9f6fc121,True,0.44656760396453227
S1,947,L23,4255123075216935711,4dced39202d3adf94b5110041f20ff4ec0770da5cd4d50944c23ab0d1668b0e4,True,0.4772831585296552
S1,947,L32,2687722927170633877,36511ac870b58a1a37ae16e5aad794480b3c6fd189a5e0b11da44d5875a79410,True,0.42468188650764777
S1,948,L12,7456813429771242828,7c9114e1da3d9d6252fa4b6bab87084b53d58d314ce418d45a1bd1cd8a495606,True,0.39212521873857853
S1,948,L21,6690884307056815448,e2bac7f4a84a1e9c53007243831cf1f0dbba2e7ec3725bf9281da63ae19a2890,True,0.4714265715374532
S1,948,L13,4785440144090085661,671187d8cbcf473a399e4f24c3ebd1485e956da3525fe3231d10a0d7dfa770e2,True,0.40644890814531787
S1,948,L31,9666878016203841411,a98787d70ce6a00567f89b3f9eb31e6c060ea27e46b41913c8011e5e61f94397,True,0.4377214901377774
S1,948,L23,2670281124512477929,4cc46c8333da47ea9bd58cc7f7b4f8642c728aa9e2b116bc7b7aa18680b0e51c,True,0.48212546281393454
S1,948,L32,6842161062704089903,8cd8650ff69b2dfd668be02a2eadccced36796d36a8cf701b9dfa9969e8f5608,True,0.4247461155916901
S1,949,L12,11862818866355875548,163d73858ed0d5adbc8f8f751556ec12febd295fc24967e36227e764bddcd4db,True,0.39439642120102986
S1,949,L21,2776859963917594407,92de78195fb0a15a8d673f2a92cbb932371373183f91a1c20005f29d94f650d9,True,0.4642432717006943
S1,949,L13,3062929995734441287,41f99fcf245d0ff425e7fd7ba17f7674044e62083117148f4165b069ec825ca1,True,0.4103036037790807
S1,949,L31,11202696523578347137,4cb902dfbac50a6c9538b0fa9fb94495f0c0db4115eb4310e42fbfea79bc80a8,True,0.43925095759180566
S1,949,L23,5385240289031776699,c49bb80492388307e24f324b5d1140f78edd480986423aa7abf45dcce060c1a1,True,0.4816300428583623
S1,949,L32,11342112300415190343,092372e3f8ccfe29002b65459f22376c235633752fae9593a970c5a28949c4d2,True,0.4229075693616215
S1,950,L12,16381573562996631412,acff9b0bcfe4c69dc1fa52886d20574323de58d18eef18a58cf54c7f1e58a675,True,0.3927151577662927
S1,950,L21,2019911996304299516,4fee6d922131238483d69b7231b94bfc814d0f874be7919538db5d64fe533b6a,True,0.46764905468686896
S1,950,L13,16511956051968959524,64d59ab46d05398cd0963ed6e0f4d1cceb54972332411b07a2c52ff2b3b173e7,True,0.40132370024503505
S1,950,L31,3364868883066384712,fc047c9c6a2442afff1bbb0ba4888eaac7fc4ffc52910625b864fb114872a42e,True,0.45088598769794835
S1,950,L23,2817389981388236628,1c45d54bc1214e76a90362731321aee1a414e1e6ede67c0fb07efc07b5f840c5,True,0.4731338960707434
S1,950,L32,6421578429731369419,48b8f89e3799be7148d0e3007527468e8a52afe57da729b49ca1f97199a0911f,True,0.42496954707115925
S1,951,L12,7529359767879171307,da4ba8af8e7401c287cd73d4df8e3658c840d62414d0638c598e9fbad08ee11e,True,0.3931518446342329
S1,951,L21,5744940195347199699,0b17be7c71be393cc71af307d3b79db6f8fd90cda43f19f3b73fad46b42b0046,True,0.4761391406615018
S1,951,L13,4837106956997997554,5710f45ddab834da64c44f7076273407b9117e1d6c5bdcf6f3a3d426b436cc0f,True,0.40583681920006975
S1,951,L31,11555579889900430653,87698765f976022fa17ea8f1dad3565ece4bff10bb384f029b6a181f38a15f9d,True,0.4347362917320138
S1,951,L23,13400315159648675985,baff9d7c984be351a84984670892320704020bb0f005fdb2218159e38ee6e71f,True,0.47680095597188615
S1,951,L32,17952196641139006178,e21041cfa13cb8bd5944bb5236cd4898ffcf86116059e4976743aa23ac374394,True,0.4217095616131114
S1,952,L12,3312272580018023243,4e84c514f165185ec1639ef344f3aff3c02ecd497b67e6f5e5cdace4094c683f,True,0.39003506844423697
S1,952,L21,9594050350856078695,a0b4d16b2ca4abc3b7eecf6f9652b5680d6d56a0c1d0276e93d289e30419d4db,True,0.4729394472514379
S1,952,L13,9159085240130859864,5aac08d2c00eb32a201aa0bb89b2cb10c894bfdc90ece3215285be1cc5ca1a0f,True,0.40522865496048943
S1,952,L31,5714618707359123881,8242cca7e4b7d13b078336c5f117d5074d481597ceca6f934d5717cbbcf54ebd,True,0.45002432861351344
S1,952,L23,4163583541111532415,bed29711eb8e2e84c96a28ebee08847e754adc90ad0d7ac3ded53d61e44659b7,True,0.4822936645185038
S1,952,L32,4834216309824166984,0c17507c45df9846cd5dcea05ad32f086466d092cbf0075509c5c5ef7c5eff0a,True,0.42499031633527906
S1,953,L12,6910515647901661338,21b9a060193f69c7a1bc13873a9ed393782292bc0ba400fd4d678147f6a37d46,True,0.3924032169253181
S1,953,L21,16046447252300608928,d263fd1e3090d0cee79c09f047cebc39fdbf54e9cdba4f0a2f1808777f41abbc,True,0.4793223182277805
S1,953,L13,11170881257742528992,20206acb3ce86b2198d8ab322421533ad8ea517b19e0d1d735ca1afb53370aac,True,0.40865256776891995
S1,953,L31,6647416375560180808,f9a61cd3b20eda8946a61fe738fa92f2a7830c219d9035f790af55e75c246da8,True,0.43683511773001155
S1,953,L23,13937424931569120198,4f3a0e6c30ecad9ffcac5f129e3b693caf627a657980b8cbe24b2df663367993,True,0.482655449909796
S1,953,L32,1458004077043659663,5059b56a4670135ad254bb0fffc63c15f815c0ec9868cf28b9986cbc40571059,True,0.4253210118942089
S1,954,L12,17206811612718880589,2758380c3c4789e9524faf98e67e1a8ee114983c4347e971845835dc2f10464c,True,0.3917394349894594
S1,954,L21,6260185723278439483,63f4069667329fd771820f193651604467cdaa5434573f0fd49c02a759f30935,True,0.46780607095829463
S1,954,L13,3482470986359579284,3394bb12ad0e4c2fbc8aa5ce53ed8a4d5626770efadd49cb9e4a2fa0de18d2ba,True,0.4051737710648462
S1,954,L31,14503668113948144723,325b81424dac1ec153d4072a7c68e1d579b1c82cd580f84bf6b6aa5df3970be2,True,0.4364693129267069
S1,954,L23,609931193209705564,1f2394ad575a306022b5f3712dfd5c97f531c905004fdbda511a1067487205c7,True,0.4823669495786663
S1,954,L32,99256323445946149,9bbc75c0bcdc2b1df83bae21c108e2c5e595873fa38c4587b992e0a37833cee8,True,0.4241398987536057
S1,955,L12,3962037592561468161,0fcbed58c2996c4896183586674852e1453fcef5a554a3644c2365c154425137,True,0.39488489579986974
S1,955,L21,8629313703166535755,7a772ad2ac7166298fa1257f071fe0287b332eb7c718a5e2102c4e3910d797d7,True,0.47137721847276726
S1,955,L13,15576277087983353446,944f4cf7f54ed247beb966552cadc98417ec9c2b1f1a525eaa8843b76e8a05c1,True,0.40475999939333973
S1,955,L31,2247644636823857811,c6025fabe17b9d7df09289a5caddda240910e10ed542cee88c268544454661c3,True,0.43639491801003877
S1,955,L23,9798000194933398756,a7b5a4b8d7233d651dd5332930f0f99283a3cd07d25eabae713c1dab5f36eda8,True,0.4803567851025998
S1,955,L32,7069092294337167972,69b24a9e94726800f0f6c14e97c8e9fee3b403aba36976c2cc119b78eb2f60f8,True,0.41840094653383203
S1,956,L12,3497328816397020173,84c03a028949d5c029b7c604514b9ff5242f1dca6945de207b8b56bdb011f6a9,True,0.3928953159311171
S1,956,L21,6844548303252611156,3a13e6726bc7fdf0ba9be25685e26392cb9d4c02098f7a0546bb5e565206cfef,True,0.47629755185210454
S1,956,L13,12422159671597087111,8ce933d42c3200f93a4f1fd5eec5d16f02e70ce7531fb060072d50ddaadf8b2a,True,0.4113780360905964
S1,956,L31,15712201811408031140,e6fb3274cc2e8783eb24b49a3e9ec398399a7eeeb25d597a78b94aa597c06f67,True,0.4436946180674296
S1,956,L23,1297693296166284076,bc70ca258fc2e2b301861287f655ea86570fda434c468390b164a105dd584e13,True,0.4821652709195837
S1,956,L32,3821537959939706645,ad6c61d3cb5c76524453c1162923e6e24d7354408cd15b6b0a6a094789263e64,True,0.42230320408868277
S1,957,L12,6420681586773860728,db695f9ef0da7c53d95e676d8c73462bf9b73eb3bb926a7f429ddd69273aab56,True,0.3938136416996071
S1,957,L21,10790029205703464472,86ad38a4c71f37b89a642a341f1946065727ac337676c229fbd6d76099811681,True,0.4769254973549804
S1,957,L13,11369232172556711931,e185810e1b912ed429f3133318747c1dbfc093b34d9cf93186583f298568b42f,True,0.4095323455868938
S1,957,L31,5444985597251000218,91259bcbf3fa4f025595efc66041aa895f07151c2e41b4c5fe2b84e6ceea7048,True,0.4477833496455735
S1,957,L23,2194063541549704435,3ceb3fefb4780fd7b068b6f584ef9fa417cb2f9465be2c41d7d1b778a7c6bf9a,True,0.48139393441147194
S1,957,L32,7850997970466299700,ac094d2ab6f55ac97a0986055671ca885f2af38235d9b4ca66d54aa24934150b,True,0.4220384331004226
S1,958,L12,16154051170256117290,500c079c2422a66929ab1a4ff1dffc4126cc87a954402077d64ee99d5ba771e0,True,0.3907598352839776
S1,958,L21,1906200417836784503,4f76dca2a5072b8635f6cd0c6355a20fa4567535d4249d0805f606547da09d26,True,0.4696213203132278
S1,958,L13,5012891065064114686,b587ac0d73bacb0228fa07b39cd953336759f9ead12b94aeda12f043a6db07d3,True,0.41415383506263864
S1,958,L31,307224578373938005,73af253cd86e3ac8def63415083133ac3acb4a96f7cc84d4d7f52cefb2ec7270,True,0.4381201995747117
S1,958,L23,15393430996844746823,37099df124fe5a2a597303855700e42a7a9f20ea1a059f7eec97bc1eaef89e8f,True,0.47060179900478877
S1,958,L32,9415749935956591512,f946c055b8f71f383bd5d26cdf2e1112d3e6518259393ef98bdd1202de16726f,True,0.42547148198831214
S1,959,L12,9353622652597843192,051da0aa05a88530ae982a1d1ccbe498131a0374c48d5fd262f1d38ce8c40e94,True,0.39012629436520035
S1,959,L21,10460490174504975768,409df5ac0d75a8c0b3665f7ab357678df39889f1a1564eb7fd392314d847fd3f,True,0.46957196015209357
S1,959,L13,1781993723665963519,33db82512ab06e9182435338f441e35bbfda71b3040cdbe60427dfcfb10b18ee,True,0.4092206890626989
S1,959,L31,14012866016136712355,f2397fe3ba219a29191afa5fc93eea89c64185562d49fd8562e42c02f395e140,True,0.4365942563738348
S1,959,L23,5536426415684528658,fc25f841aedad3b122f2fb9da50c6be2363f7fdc4be2daa09d3229c18ec981f9,True,0.48203098091805874
S1,959,L32,3435192624470000096,ca72fd389755a5a53b38b2ec45d424306456a498282715ff4b47f24e82ff08ff,True,0.42047520006909916
S1,960,L12,14462052955306510036,54c4c67fe87d0d51a739756651b5ef6849935621f860210d2493c3fb8dc5a29b,True,0.39018793716912936
S1,960,L21,14193039414962133729,a8d5b1edbdf25516b67e949e82a9c888210619bd08dad2f9ebf893834b14299a,True,0.4698493487162458
S1,960,L13,7666144694884212117,2745a63f54854c23749188e600a1d5b8c2efd5b620a4f9e2838cd173a5115c1a,True,0.407657104735521
S1,960,L31,8785810847569208851,1f69e733e498480150f831c320f75651b1fa341720a163e19d4cbcb246dcc788,True,0.4429353334074246
S1,960,L23,3586007815270075129,92139ea799b562c2d4bde584383652e1c6130173fd3296627b581c85946a5d5b,True,0.4780324119707692
S1,960,L32,7762117008311336300,5ac376471166f30c8670decf6a26c09a550422ef97f6ca386f6c81c4b065d264,True,0.42239907181256825
S1,961,L12,15912463072620848474,445327df36e17f8abb413635d0f1722783cfdb2652681fb9d68e2187f0397246,True,0.39184862481599686
S1,961,L21,9273745267970690982,131f2c48bf17df4e7687e4bbd800b4fe8448da876e5740f2cdf87f38b4524a49,True,0.47464756224803806
S1,961,L13,6273056137771649137,6022db38753672b5c6acb22e5811c4083d08b2509eac38c8b30cb8afd0e8548e,True,0.4126265709796047
S1,961,L31,7283177753754645569,b95bb6d732209af921702bb0efe613e71af26700508d24ebdb2717fe36087e55,True,0.44463458132498723
S1,961,L23,699333319258599824,ab6083df5c0294585ba8531ac095d8928dba9792e91bda205922416edae5a741,True,0.4754949001768321
S1,961,L32,10614325674714087465,034c199ad2bc46bcc32b83eb4901b187112ce7db8f1ce7e0c979e4ec80cc5a5d,True,0.42332829160025637
S1,962,L12,12075182794818988612,5e0abf6a5c19072936589f4f42c9b7aceeb9cb781945076ff336849b53094678,True,0.3934989586358352
S1,962,L21,18084243268647335869,4313f4496c0f85fa95585275a9864ece8ee65faef70799599612779c030af360,True,0.47378406810936535
S1,962,L13,4987548399519739886,302e7a72f99db6489e196d0d9a9e9a9123047e748c77640d5c95780d8bf06b62,True,0.4080913991012245
S1,962,L31,18154991229926972969,6156a74fe7e3ccf610f38a82484ffc3c36824ef92b31900cfa95b92425dba024,True,0.4367512595209971
S1,962,L23,17128586965816460669,a1c74a0f69ea3e8ad88b213559b42c62619a8227b4795283fe9f69292f36abb5,True,0.47001384709080696
S1,962,L32,12449596518733729341,7173dcbae64952c0de993fe9d1bcf55bb2af846ca9d28fcd8762fc6c9a998d6c,True,0.42631087309301385
S1,963,L12,6175555533912397879,2dbe2e46a7aad8ba88b959f921ad2fd532a078dd01ee80b3fb521367c7659420,True,0.3906241502054045
S1,963,L21,14679783194432128641,8dfe793fe8d55ee0ed6a5d39d7a6d33f8e42357fc66309e8619ea68da99bea89,True,0.4744993740438222
S1,963,L13,6346183179821789451,73df9d16fdcc46794c1e86b70203a0f2e1ac0c179ed54d8199428c8c55a26426,True,0.4086960133563272
S1,963,L31,6195922858505502516,b94e9b3755450fa154ef29f71be302961f11172f329b5e2d737265b1a668baa8,True,0.4355496947455096
S1,963,L23,11408270986726419839,4b2f759491cb64e1e4c69fb59be35e041a530d51e3f15258647dc222817e711b,True,0.47153467651808173
S1,963,L32,13245738333591754380,e4ee4ee0a7dc6df7c09c67880d52b374849aadb8b3be8b7bd0300d18a6127451,True,0.4223156754101505
S1,964,L12,5900221752899905897,688d656599734406135e1528dcf6fd3d7bb4ffedafc79673870872cffb0af6ad,True,0.394887976028551
S1,964,L21,10074621313692095136,5713c23342df5061418aa34516154f0071c22d9ad47aece37754e079223746c5,True,0.480014686069509
S1,964,L13,11805377407353309402,4c06532d6137825d4272f76c2012ce5f7409d398038f0441eb644a8761e2d700,True,0.4084623961106847
S1,964,L31,14337871223054934163,9550f1effb0bd3760eb231450f244751c39ff62ca6832f1d071d5d7259ef779a,True,0.4336158480770958
S1,964,L23,3822787235954097472,5cce943f6a3aa0bb49c02198b2b6e2960ff012ae78b1fec8778298e55df9d68d,True,0.4799824812894312
S1,964,L32,14453374555534410989,83f86f236c67cfb6d3cdbcf74e05cc120120e761dfbc7721e59ef7c68286c5db,True,0.42585486958231855
S1,965,L12,2974840936943574299,a97b1f70ebcabeca65aad8fe8b3b491013ccac0eeb774229dd5a976ad59a1aa0,True,0.3906032938825529
S1,965,L21,13685312591018004562,429a573401048cf280c2efd65740828f4f3e97e497d0a740c1ba11d9b77d1aaa,True,0.475176457723676
S1,965,L13,7809551948452605737,8b9754bb7fb8a066af5ef4869252127468ccaa7df6e1abf5ad5a07943b4de140,True,0.40852503634182713
S1,965,L31,15963598729170415256,9d4b326bf05d0b9be82f710eb130c0ce279743a3ca006d9c3fae5a8b77b0f330,True,0.44357988530700154
S1,965,L23,8214182844801568488,e631ba9cd03c0292e73a3a96d4814cfe24d641674af09e62cdc50dff8717a875,True,0.47604777488764327
S1,965,L32,6678139357065693542,00ae97845eb81f244adf8aae9a7f1f7f9cc3395ad8ddf192f15fe580ffb06cf5,True,0.42364821873996594
S1,966,L12,384638067790608595,e6aa94589454dcd8c6d505da67965214f1416710fc3cdc84a8f932759348e2c5,True,0.3901362284141426
S1,966,L21,9119959906449250776,7c25372dd3849a63a135f7e142d59a06535bb50249ee0430a78b0e00b091e23d,True,0.47720212579359667
S1,966,L13,10667479329292950224,3a8a2699fac8a91b006bacf7adc08323a4a72ca363a366da9c15447195b73fd2,True,0.41699048375529596
S1,966,L31,4946935413922498977,13af08b8b11d5dd15b8a267ee72e177f4eb8c8c50677094335fa28840038b77b,True,0.4359210269513574
S1,966,L23,11078291556018914558,08ef362da2368594e8e3aee37afdfe856db39f3bc22b4d59ca33d01cacfefca0,True,0.477414904505707
S1,966,L32,162163814429531451,13b1b35f0fefedec169a6aa3429d698f82bff7ff3ffc5d49bd70986be382e8a1,True,0.4233495120282808
S1,967,L12,14784498720808676610,0cc0ccb5cda2055344809f0b87011065fc9210227691a99b7d3d8528b6f897c1,True,0.393979113928464
S1,967,L21,10880385465802616788,3079b4241c865562eb5cdca1864fc2697b4b2d8cf5f92a568c406d34b7d9ad82,True,0.46756241739704985
S1,967,L13,5166699047896505357,24ce3407af86840188e6ad7ffc1d6cd5db4a3cfe18c388e643b1f8f55296de2d,True,0.40560419308131734
S1,967,L31,6499409895646131810,cf28a728589b5179e3c1fd686a1a334f3d4f206e76ade840d9376fbc478f722b,True,0.44665406676497116
S1,967,L23,13336562160780163938,bd78aa1c8cf098104f6042d43da3e52605f5a77b48f6f723ab56050c26ac5ed3,True,0.4776353059145967
S1,967,L32,1629707250747968053,0a9dc2bd8d0de3ddddfb13cff42c0ce8e231e2d7e2ea9427d043b8b474d422b3,True,0.42846080174897094
S1,968,L12,6759081779488947855,75104dbd1ca876da9bc177a8d15a77ab6627105c2f3c1d3cf1cebfe26987fefd,True,0.39205676053041916
S1,968,L21,10277094600612588774,603d498aef8ec3bda9b23ebcaa49762e7f14a3753c026c0ddbdd4be12892c2a0,True,0.4707096069314054
S1,968,L13,14845120796397092102,139ce6784cfd44398b4fde00e0905ad0a4b4e4c5dcdbbe0cd615334a4933b1a8,True,0.408916103523436
S1,968,L31,13967141778750463681,6d0d207568a50913635c99493cfd72512eee55cd50134ed6895a09626a1ad994,True,0.4359294499454787
S1,968,L23,17052431469727325911,b594e58c204bfa91f6617344543441b8d248e741112d2cb66afde7f77ac3caab,True,0.48280329378140574
S1,968,L32,9543964975625267217,694790de8fddd1a4c6ab9f3553a5b562bc4a9ab751b625a8b183a463064435dc,True,0.4256069118714776
S1,969,L12,2957813774972459250,c4a2d261089136f3f0cdfd7565f46d0756daddfb7549c560cf816abe4a03dc66,True,0.39008443949493576
S1,969,L21,15807860823716714279,de07a0d98b0a1fa1213198ebe4cb956366ca7921c4d2edb346e448797edcdce4,True,0.47520007191241287
S1,969,L13,2432060272073637842,172521013753ad244afb86864ebe30bf0aea81e890256c17853657c9d88f9211,True,0.41444556583704084
S1,969,L31,14370091347425763299,7d8c3805d5ca1a14a908e38b527c818e70624eb94fdc9f0b23590f11c3e003c5,True,0.43843887779026847
S1,969,L23,7832305195773411962,141ee2393cae953ccc1473a4f816be0121affa76068f297c5e4098acb3803506,True,0.48004778978258855
S1,969,L32,10972421690845899948,d4b00983950b2e78d67e1c4fa713d8292bd729599264b4277942e6bb5a923f4b,True,0.42284609845760646
S1,970,L12,13619087661312326643,769efa014fa337924626c77d5e7f7b97f8d981f5e3bda76d52e2ba66ffc2b9f2,True,0.39332234317243153
S1,970,L21,11948254721363636799,97f330dd2b8893405ec216f1b2d6e879c47f45d3c0e7fc83d1237b9b5be8de04,True,0.47450967851537823
S1,970,L13,2193641021485746523,27ea7a0b1ca9586ab50c10fd7083d749a3f592d0db1a67c3556dba642b96ca61,True,0.40895602701095457
S1,970,L31,3956748342803741907,7bf58c790956718800374341a2ef91d46d139ef2ca11a0f44ed26fb513792ea6,True,0.4381718596607725
S1,970,L23,6005133131748576384,1ec4e27cc0ee7306fa2d8ae78dc82b6ada004b9854280fd20977101ec59cc439,True,0.4716451215270351
S1,970,L32,4680221689964926700,9f3ed35c84c2f62bf7821aebc390beee3466b1b84a13427c336a13b8360977d7,True,0.42097318658824145
S1,971,L12,11377493611682393305,c0347cd57a2cdf88bec99b3284d284e00a6a3391a3968453943490b5fd705fb2,True,0.393629804994843
S1,971,L21,4908515855101647137,5e0ce1b4939541c1b8b264a659a8ccb1b9dd79bf7696784c1c9a020d6ab8bf5f,True,0.47167575312501425
S1,971,L13,9783610760836686750,7d50c4d9f28f3a1be7c4d45374884816645ee448b5dcbafbf1817071545b1a4f,True,0.39847997654154266
S1,971,L31,10388090725620379995,6c62188a4492675cd27884e049e3c83d2912c3b6f881973c61142574e65e6656,True,0.4437851155976239
S1,971,L23,7530635996656558619,ad289ed6cc9e62f22ae02001b3abe4fbd3b8b8fdc8db08dbad5fe7266571029f,True,0.4719196092680482
S1,971,L32,16381426559816903840,3b291dfc140f87e4ceab9eff32e7c765b271bcd7802c9cbb5577dfd6f279adae,True,0.4263419294032942
S1,972,L12,4029525414663713563,db57058be4a6aae4e0fbe1bab5af354122388b8beb54efb7e6bfb03b06c0ecec,True,0.3920631851862779
S1,972,L21,5837724462604266766,7e5730f533c3fcc510f4cc5b33cfa4956bcf80420438d4878d9dedc80055c92f,True,0.46515465750029705
S1,972,L13,477535943885925245,ffbadb670de47d361c9345c42108ecb0491b0a80161bebc630086d8c5e2eee5c,True,0.408739861033865
S1,972,L31,3706944974374670722,54c03567741ced3dbed1d40927cce9e7c3564c80dd95f74d8a24014409f449b3,True,0.4408218008945546
S1,972,L23,4251437731713334380,7827c8754dd8724cdd65b71e7cfd12f354c8e2934bab5efc501397e1b0b5c0f4,True,0.4814336975679484
S1,972,L32,6556117109614865609,b0ae8af090e4d44d0421928ec118f4cd495a31c1e52a8caf4718456c63b3b36b,True,0.42765942125905143
S1,973,L12,16780486598649261418,3ce6a7554ea5596039f2167c1eb03bfe29c416bae261f2ae63714b1c49c726ae,True,0.3871003828927927
S1,973,L21,14485705795246178521,c122642ec3de95492c94705aa9794a99cad07a0b55a1b97e37084ff54a048b57,True,0.47569630151511993
S1,973,L13,9718397111780552814,1124cc37b9b501fcc156aa257cc3dec8a98181f3e6843cf4bdb8ae87d199f74a,True,0.4094727624917566
S1,973,L31,7041151318778103999,aabeddfb224bd7d5c7356963d441cb5780682c106fbb0619624bcfa6e006678b,True,0.4456626702067733
S1,973,L23,10446290178428509955,9bd9518a58fb49347033eecfde5fbde9149beb7403ed9a38c7e5ee602d375529,True,0.470546804284771
S1,973,L32,9923978564812507122,31972d77d631ff132a4e215b0fe98020ad0a54a4fc71acdbfe41bcf4bd148a3b,True,0.4275233148635461
S1,974,L12,14786049061718039739,8a4e3715cacf95f5e5f67043a9af3dc0f20a452d54579e3f6182e8bf16b71342,True,0.39261262157004057
S1,974,L21,10200005757493404442,83296c6f559e26e2d34507ba9543e29813ef7dd39b68e21e36c9ba24c7a429d3,True,0.47065919898793906
S1,974,L13,390193802432082527,5b56f26082b27de4dc1e53c18df469d1b5dc47e292466d19e13b8b4ff51a0f19,True,0.41292004238361063
S1,974,L31,13502826480357510227,2a5c2dbb076473d62450ed98ea9bdaab7d849dd47565b6f04fd69c7cd1c54b16,True,0.441909149985727
S1,974,L23,11564306067369950292,72d8eede0945f21d5a7a6f1e344f19420202eef1e70bea62a0bfb280bdf07a4f,True,0.4780812970748345
S1,974,L32,4774345780223923397,4e84d5f90816b822f679d22efc463b54799c489c4a186c1f82917d9e523943ba,True,0.4256120514094228
S1,975,L12,15216187728862512794,4a0d5c78228ac7f03c996e4741d39e126ae670a70158a1893e46d62f1c0041b2,True,0.3902016271567783
S1,975,L21,13080521516805432401,f3a921162c643e6f9761c7935fb4896f802812fedf771de600827169089026c5,True,0.4684510730884748
S1,975,L13,3976148066462460429,d03c90728c6936a014959fef81a52d39760262d535c6e93627527130784f140a,True,0.41388734052668275
S1,975,L31,371396949331656121,bd9758f556526c3784810591c755b09140088953839341c9c9c8094dcf58afa4,True,0.43439157723897714
S1,975,L23,9569236199251961484,9510aed3abdc7f16855ea4cde24b58eac212b0d51e3bf2d91f1523fba32a074a,True,0.48387770025609556
S1,975,L32,6730262347444455689,0dfe58ddf95184079d6e8512fe75ecd9d20ac59b010ebb4a8e01e89738908037,True,0.4216325547285771
S1,976,L12,6842947387560311914,55e4060d0461107a2616a1ad77b43e020ba8c9552409976323f2b86251a10038,True,0.3912670798267124
S1,976,L21,8490381013094601902,dd26988925d35b1421b48fa890af6f3c16c79f840701973a949625cd64c2b875,True,0.4699019068386659
S1,976,L13,1754870982351069269,95d5b280133e36a58ddc2bad06023c2bccbe5ce6c0accae90f2961f350e66727,True,0.40774652404301276
S1,976,L31,7126012221913893849,96cce08f875b9c97086e9116620a2032d05ff0e1d3a819a140b11f0b86c1451d,True,0.4343343446029447
S1,976,L23,11210108047837447386,31ec8523123a97f738de6a4b58cc96c26db075290dcf1d551b329ee3bda9570f,True,0.4830995762884768
S1,976,L32,15039665841041904898,91f226ced3cbf151cabd9568d17ce933f37f2c8702c24e0e8294a9474cadd820,True,0.42395829952708824
S1,977,L12,5395957199111279041,aec4ed686ad3dcda1533974198e371c1c2eaaac17ccda24e4afbc2d0f469abc9,True,0.39086743714357697
S1,977,L21,3845039879712843549,2476c061696edcf5e1d498700f24399274f4eb51c56f8b23e5bc543d23915a40,True,0.47737907186691203
S1,977,L13,5527671305026766834,5aa5fbb2c3830cb31f315487a26e8f0d0f383ec5f418eaa9e4164089247b15cb,True,0.4129704287124069
S1,977,L31,6350893602197642058,fe0060d6728ea48ea1822fc2e9d63e141e5cffe14c91a0b3b73312b157e93198,True,0.45194338799511047
S1,977,L23,2614037802371112431,f8eacc28a9baa250bb43b63de10704d4dc258c261c4caaa0a2d64690d6c5bd33,True,0.47361071831372986
S1,977,L32,1724941701360209759,9105a63cd4490f85ccaf36c546faf499086f3e6299c3143cc95271eeac0fa0fe,True,0.42417362233426853
S1,978,L12,13649295140954041862,90acbdba87f50e0d1893766b3d12baaa92054e2de74c7840973fc333dbd9a762,True,0.3917658658437034
S1,978,L21,1690169355424697589,85cf3387bf83013640f4132a2064c486b8eaadd18dc8fcef10257b576f31343e,True,0.47179645451049634
S1,978,L13,13822062971584989427,10b55285e922af71c58b5a81e7793f5fa123bf5d3a6931618eeaf1135ee13461,True,0.40590559268775916
S1,978,L31,7090906959646122989,31863ed73770cc732562cfc58ea08baa275bbe2f6a82bbcd826155d2e0889e09,True,0.4446103848154605
S1,978,L23,4651246465477048771,587d5362bfc09504c9733a22c9a4d992ed83a620d4b6f573faa9c9e4d35e1f8f,True,0.47666837433080794
S1,978,L32,8758097345297470203,e22a425e555a1c111be261c285ecdc7540e6041b94880ab9c7039297bc93953b,True,0.4233850441334558
S1,979,L12,12264658309728394099,fe6c167b771d965d6be5f9c434f56d03562d4550ab687b1fae9fed8a413d81c2,True,0.3867782634585752
S1,979,L21,14027950990677496211,a97eee7168f9a70df061467418e765e774bf52dd7c30a41e46df041c494a505d,True,0.4747943145411205
S1,979,L13,11584243690573934977,05906570cadce4059e9fa67fe47b86ade31b760f4d661d14dc03fec7220a7cd5,True,0.40739992829102784
S1,979,L31,3355246300419896817,03403a5acc48578915a447b859bbed46ead9b5d16ca74d5495f05be076ce1235,True,0.4404123854709082
S1,979,L23,1524441404980641311,bae5b241f74523dcefff6432ed9f1fe6dd7ce92db9dc4e7bdd2b47d5786775c1,True,0.475948093063342
S1,979,L32,12165416780643192313,0d15e8a92faa43253278fa9c0601103b1637ea390183909b8ffb958c367bf304,True,0.42373000678917094
S1,980,L12,17568349248501725847,0b32446229ef8cf2fb97cdad802a05526feebf23420c025087053ac2fd5171d3,True,0.39163385728363903
S1,980,L21,6047896241886135945,fc435e28c9d304e1b55f2174f5c27268f78485059eee5264149469d7383974e2,True,0.4671940652124765
S1,980,L13,15101414404360920949,35ee85f928ac0e2c0891459ac83c34cf54eec1379063ba1050c5e1cdd722f07c,True,0.41606864693713913
S1,980,L31,1511424506262443,909a42942e202fbb62cc44d99545a5d9714177efed7e97a4250910de93d6a7c0,True,0.438923136611812
S1,980,L23,8128980178700089391,94db86591fa971316013ab64b635ba693151e1cc537d21442f7124a262897531,True,0.47419698793168824
S1,980,L32,3974444352518242550,0ff275ed7e7b1a4252ba6bec06a53566e08e64a78ae949d519fca0ed8a22b044,True,0.4256853275870653
S1,981,L12,16750080177349671630,f77aebccb0e470e542b4fd0196ebe90cabed52b1f536ad0a98ac6871eefb2dac,True,0.3932554885354487
S1,981,L21,13937524039166980548,1b9b43edec78e494658c11f9fc10298cebcf66ea0597b523d9631e9f0b9db7d1,True,0.4729638863418987
S1,981,L13,14362738528049548556,7d565cace39c83ee8e25d41534a26a71985605f9e9c645b32eb6096d4dc0f92d,True,0.4087975870847131
S1,981,L31,9724992063526542526,ed378ffb93f8a2ce1dbd029325fe5b70e8f5bab9f26607ca83a411d9f4d12b34,True,0.43951486738065637
S1,981,L23,245411632351642594,39fef11f004aededf9130db5363521748ab86e17be3fb45630d8dd985c858d39,True,0.47919643486734653
S1,981,L32,1511232690205859654,e08cec0f041ac395725c653b9e2cd8b2dc94f18ee90806dd6431ad7f03da80fa,True,0.42791777727092384
S1,982,L12,9582650733765362178,160c49a628b7814b2ec43fcdb8b2e17b7a1d353279aea610e1637346291f7118,True,0.39184664577674516
S1,982,L21,9898147875608494230,2aa595d93769996fb71268212f26ffad7452a79a0d2f7237fa03915975f19e93,True,0.4782972331508408
S1,982,L13,17178765722995375659,8d3f48156a5b949134e99ec8dfe1752bed0975302d595af4ee3281ff4e5d1a7b,True,0.4121612102761313
S1,982,L31,13777549595893014644,5e893f5d1d747234b6d60212096e3a6109891ea04cf36a940c3eaadef9a95bb1,True,0.43762431109530325
S1,982,L23,13678822421116611260,10a22d3690b93c2acfb793513a075c20f760e9d65af314b4c9bf60288790b305,True,0.47228697640060124
S1,982,L32,12238416762070916513,75ab82fe10285d0562e449da4d6298bcbec683a8c5e9c90d299fcf398ea5585b,True,0.4268406232872973
S1,983,L12,5099357181168069914,8468493fc6550b029300603a5812808784ae4e09baa391368718f0eb15e24ebd,True,0.38960932281512595
S1,983,L21,14509200227035773414,7b553b5dbf54d63aceea23ae7b356b8f6047d401ca97131a5b08a3bc58b74545,True,0.46503506581752596
S1,983,L13,3964514123931700505,a60c642e83a2aa066d7f1e53db178e172afb8b342f1ad92f8217d6b69165a384,True,0.405904502888513
S1,983,L31,15573051846731781939,f9b5f38ac37d7c3ab2b034bf6fb5e5a348653d72e0a15f4ded216fb924fccceb,True,0.44277469999899255
S1,983,L23,17073481005392701503,ede5da59c8c7c184aaf26de4b2a0713f40a4d6968b58f04ea87cbd91d8a6842d,True,0.476614075214885
S1,983,L32,18387042973689615500,225885fea907b7c13ebc568e4e15e49fb9948b5bc77023f1fc8df0d5898294ba,True,0.4242231940787182
S1,984,L12,3183265966782758850,99d3fc5bac745bb7bca78c9782dfc2f3de6a61c1eb821e389e7d7cdc89649468,True,0.38655611290065656
S1,984,L21,6919000258090504201,3cd3f2bcd57b991f82eb9683a9cf1c81e088dda2db2e2aed725b02f2c36b1979,True,0.4698425939806672
S1,984,L13,13330128463303926903,2833318513b5893ce177b800786c43bd0617f793906964df6d22b14858d423ac,True,0.4114714899555147
S1,984,L31,17340565066815378934,26e9971f59cada40f41162cb51da23d7b043e42637ebe6919695917749e57d04,True,0.44169662923111275
S1,984,L23,13937553391602747028,e7d727610f61cb902a3a36518b0553aba97d5c62825e00ad43214770e7a7f364,True,0.4675914327000565
S1,984,L32,8647371027163687669,d75c66c12051bd7a0758cad4beca2c87abd5c7598961896d0329aa7bf0979fd4,True,0.4220171278606095
S1,985,L12,7919290066923196684,829d7416522799beb97396ebe92bff1f5a66adc099d211df781619ddc14ce6ac,True,0.38864589463300797
S1,985,L21,8948095832254004143,eff01a6aa020be02ee66d478a510e965291483a486beb97e59cdeee135b98f09,True,0.4764466236485112
S1,985,L13,14740524182741391154,7134717ba1499a0fda7955edd8edd007bac18c9d4f0b37f4bdbca1c0905e29d1,True,0.4107441590871824
S1,985,L31,7647099459226325351,24bd15532b97b97d3af4fa85094c33467edfdb40a2fd7351bb04a814c1a558e4,True,0.43904125026974494
S1,985,L23,1729291369360458832,0fc0d62710146a987faee71838082cedf05a08c85caff0c6e0ccc39f00e518e5,True,0.4731597272421432
S1,985,L32,16785023788150722255,d11571d82b7232b597063d5d50b92f7466f396f1c3e2829b2443c24bcd5911d2,True,0.42746439113673373
S1,986,L12,6059592309128248688,864c6762da855031039d259331768a474084f8c05fb4d6343166448009e8edb8,True,0.39162646846419613
S1,986,L21,2724713779862841509,8d2cefa6292095ef35189a45c2b2d16c4d915a86aaf4d0ab8fb6c67c9eedf7a2,True,0.4686086398737245
S1,986,L13,2523393403467402925,1cbd5d276c65df7df9b6e6aff8146df43b9f27cd0880095367b17484283a0018,True,0.408696138356213
S1,986,L31,7041216836273220375,44cdddef539a35bba5c8286838e3e682018c72e3d0ac2af467179b4299feaf6d,True,0.4402309199781674
S1,986,L23,2218056075427538109,994f226551cf26aa0785c48eea0a96c00a31946e1233ac4fbdd5a679c908a12a,True,0.4717948775057812
S1,986,L32,49771005741403078,a219eb25ce51b0f432a60d8721b29d023013712e02950babcef1bd4366f7bd7f,True,0.4237666668134774
S1,987,L12,14094037397604424127,e884db8c014cd9ecb0065e1fe05a8a0a83e24ae01489273267bc459bc7f1da46,True,0.39241530626071236
S1,987,L21,3808209223995252118,0adca27139e0d85eb771675924b373931483210d30d8e820b4f440d6ff65e849,True,0.4687568250948712
S1,987,L13,13914483895969691664,b29167272c53e9d890a88a1bc2bb9472240391b6286021f0ef2635822b0a807b,True,0.40553511892225325
S1,987,L31,9505427598868770858,186e6265378900c8f594544813ee85974812ba6ee4c8a338dd6d8e8e8f000c19,True,0.4399740642601455
S1,987,L23,14717079845655715354,fdc0a3791fb56cb4f5ceb035e249e2766de78e9a515bf39ee2d58dc1add382e4,True,0.4791412469164297
S1,987,L32,5973235647939015991,26342788611cef1fe6c9bf6aebe641bd5a9f5ef2c844a892144f2fb31d17dfbf,True,0.4242775542500673
S1,988,L12,6815799861252707289,32c7d5017336f32ef0601fa73cda66a919e6f514c386517f28652e4f0dded92c,True,0.3940992150129714
S1,988,L21,13893412727247170556,cf09a7204ce3196ed7b2699f7618a2eb14586309043ecd7022fcb2c608452006,True,0.47331100199701226
S1,988,L13,9613821888350740243,92c5b6d0d903ffb7210468f2f9ec361ee3612824de6a5064aa04f5543f2a88a2,True,0.41367693317439147
S1,988,L31,976329360021872086,5947eb7f5998b1d52e3634049159e13aa2b30c69d30364ab060b2b2d5e12a251,True,0.44015764425327886
S1,988,L23,9248056693300369903,a1ebd90ed19ed9877205b79e3db8f00a14729c6b3533ce94fdf040aa23c60489,True,0.47740528694666484
S1,988,L32,7874561987223602490,679f0cac0883b90b683e3c0c8a82e0ae911abef78618a59b822f5deb06f138b7,True,0.426245614677066
S1,989,L12,5247332573280375327,ae5b6bf6079e20df4bcbc1f0a5a194cd0a54e33312385ffb603643e6d194b1a5,True,0.39459729490602985
S1,989,L21,13960635920787912275,84480c8b664613e66f36da35a261c0d60bc972f4d1009ee36656c20f7cacd4c0,True,0.46849031236586236
S1,989,L13,10664694938479069077,c7c94a7c47db082676d0cddf841f30679e609b0d79eb20a577dbac9757621844,True,0.41522763228524423
S1,989,L31,8587189794579452092,d03ae9eefb5260b448971a8aab624e6c47700543be409aa04d86623d35aee40d,True,0.43699591870107857
S1,989,L23,3797528944221634106,44f913c86b3d60b464c6ab8f014b4713cc840d2b7941e23cf89161138f2ae9c8,True,0.4761313250740633
S1,989,L32,15648288579543079222,e52367fff11734670b6a4608d3f96c561c61c8a10ff96d1c7f621956c4d2bbf5,True,0.4224689691198039
S1,990,L12,12957812715589524059,87d3a94b77c8402b94320e0ccb6fe1a4b578b6614b030799e6e0d84fb2ad0468,True,0.3873239972581266
S1,990,L21,4798965181024672245,48bf8aa32f688c99942126ee62ad62b26d7bd6f554f772adbb5eb50b2f9f970f,True,0.4697810415449515
S1,990,L13,9559582962244238103,f9d394bee3707f19d704f65ca37a99a7e705225e887434745cf692225ad93053,True,0.40679931066167285
S1,990,L31,3849903718297188344,9100aedb38973b8db555fbfc630c8b49b79a5b5d75816d5da7f9251d4b143467,True,0.4446906979761751
S1,990,L23,16576435663836388463,de7e0d66243380bab45bdbd8331a5acdd191285d16eb780f329391725c4a7d38,True,0.4820372679088818
S1,990,L32,15012572015957492762,0d7d80923c76d5159fd0ab79129c8c38c4fdd6612c166f8ff975cf61c1c8bd07,True,0.4259801480313142
S1,991,L12,4484961575636074786,dbb2908cf11dce89e1db2b2e60e3a2e31110cec17f5dacdef8126f996686aaf8,True,0.3945088454717427
S1,991,L21,5490339054232282402,34d4978c7e98e86cb17fcca7e18423a2660cd6727db10d861729ae62324759d0,True,0.46861221287760907
S1,991,L13,11296317458863260380,19568a79c8c0cea5cec9959bf24ac8123809971eb1a23ec73f40a167f6b32e9e,True,0.4127929280236315
S1,991,L31,552567936916982730,e3fa5d2830433fd06b495077fbe3db7f14713583cc1353429415817ddb52cdc4,True,0.44600733156077965
S1,991,L23,5951128697737070983,81c0a0cd2926bb9708408256602374884d4e5b5f07bb7bb4d05d8e613ba0683d,True,0.4765750500486508
S1,991,L32,12699675551963487586,99b8033666e7ae852cffdca1520ecca474a15494555934d87d0e98993dbddd76,True,0.4256702434775141
S1,992,L12,14502833622032509066,aa2fe7cc467c40082a18694450578461ff445c1818435d6987e81a92539cbb08,True,0.39173261504684076
S1,992,L21,7365402118033617642,43ba2fa310b48e31e286892c9e3a3a5d31f38466135aa614ca2f02a188185199,True,0.4732956863565473
S1,992,L13,11809268858217552159,14119410c3896bc0540cecb637cc97557c6183e740665e90a18a0530c77b07ea,True,0.40749737657558205
S1,992,L31,897042915603998279,531be281642db2f7972a0243eebada27492da17a8bc792149ad5c91991d8d77e,True,0.444663466695323
S1,992,L23,14641344463810996590,38ab617bd0edf6e99ae56ec94c033d29f8e4e9a504c9fa778a6ea699556e40c0,True,0.4724804161157913
S1,992,L32,578569967306723074,8ec246e568ddc80d1a7c5e94fb53ac54c50e8e8465cea1cc39684c9532de9e5a,True,0.4221990948265673
S1,993,L12,2256775974594574793,4624c5ac898027d0f9b9badfdb60668f8bf9eb38497f9f7cd0c97d7d69e0eafe,True,0.3947555234862702
S1,993,L21,14321824567584495584,8b631fcaa5cc73766018f8d18186c2ec27c5b8308a86fe15769295d0c7431e3a,True,0.47216123962529594
S1,993,L13,2993435253009574336,1d7a7033c41844469bacfea1d09aa9bf9859db88d3a56f49c93aa0674cc0fd9a,True,0.4003912773154963
S1,993,L31,5480697891900558571,4073b64828766df5a9d8403f3064f58473d3e52ac491325f6b5268c36c17746d,True,0.43900019431812076
S1,993,L23,16194648105103767611,182761ca04e90e2152e097c7c32aba5ed3a914b3c8eceead683492df5cc0c7f2,True,0.47501529132514075
S1,993,L32,5975051866990879640,18c4bf4f2a08e295ba1ad32c0a91f18fb1cd9d736e3a6848c8fc8ef0d65eca5d,True,0.42446827117587427
S1,994,L12,13193528813164317428,c13c8649bb0a5812ce32526e9eb60386bba7e09b012915c19ad0612bb06164e8,True,0.39401389831717076
S1,994,L21,5382531276276434226,3c424e9d9a144995a1dbc52908bd302eba33137e5653ba64f90885bf4dfe3f99,True,0.47612039989752614
S1,994,L13,8189156202043074347,d3cbcba2620f401cfd9425fd6a783ca705af6ca09b46325785e2c2d0917ba273,True,0.4047478129523109
S1,994,L31,9080529513360499276,85783e0447e0754c2a9d8207f7f81be70fa04bb4538ff9816175d5d4eaa2a2b0,True,0.439639359384161
S1,994,L23,7551307956755195348,68e8d8c29c4570f3857e7d130226dea6fbba07fd268f056fcdcafe0669c9e1bf,True,0.48584058886278697
S1,994,L32,11382638152789245998,08db45095e7876982aede34da8fff8dab05ff57ae49b89881c23d51bb6bcd9d5,True,0.4223058647410291
S1,995,L12,16734301085004574926,8d96623a53845b41848d1239201b705232a22494fe0d3d2737b88008407fbaa8,True,0.39235588931187326
S1,995,L21,1153887498750399887,e46a953d02956e9bc89714d196a8eaa7d8bd07fa23e38375e47d32f672165b88,True,0.4635543893986665
S1,995,L13,7034016686122622814,d9252c7de93554ae19743e188b5ee654a9d6f67e3c88cfd973b25cbf8e42624e,True,0.40668511563523996
S1,995,L31,16774031633990443492,f6e4726529a02ad0cba9a08c1e1b0ff10c56519a90a0edc0c3231e98e3a34c13,True,0.4438995182271589
S1,995,L23,3218000211448007256,6137c12d5dd58f1f58cace96c329283b5bc22a97c3758b0120e5d25f57684358,True,0.4760426264637558
S1,995,L32,14212750192301592483,96001f53521c8c8edc5f19575ef7d898f4745624dda4f5917d8a6c0f780bc2dc,True,0.4242133311849392
S1,996,L12,12343125689259718503,a0bbc0d784605f2a8866f993497cd117aa64c8e841eb0f78e8594cbba94833c2,True,0.3923668646704851
S1,996,L21,18180940161300978974,d65866e91b7da96734ab9a2d832cebe78fc47b2f2b0c7a990aa338f4d8bf34ae,True,0.4723266365381538
S1,996,L13,6379074138728442657,002b167b7bce2a858586c82c33d2902723617af5aa5ff95f16f00d2b0b0a5240,True,0.41150620718578435
S1,996,L31,11139348015099756556,f3af433613503eec3bd0ca940c60930f8bb157f4631299ea97971c159fccc0ee,True,0.44293902365522375
S1,996,L23,2855982457738582161,0f33c33658bd9eba27ec2101e6695ccb75af448211315d8d6cadb803e5af22bd,True,0.4813427217432936
S1,996,L32,2022504239461449332,d1f9fdd270a641f15e9af19ec2465d2e6ad28a0950d27f8a51c4f7fa02cfec10,True,0.42380558226286
S1,997,L12,6790525437484158013,ef0ec438de056cc45fe621fcfc76e83abfd5e1bad5a9e1f2c7efa1abd45dc870,True,0.3934893420818343
S1,997,L21,6087565636748681122,d18aec11322a3d422cc7da66022776d3fd2cb6e5888ed2904e2738a7adfce205,True,0.47217694076264083
S1,997,L13,13004339421723866291,0ff86698e86fc9014e1e85fc4c4b2a5fd8f2f70c7d48a9df60e45415994610ad,True,0.40681052716758626
S1,997,L31,794838831674487025,20056d6ec7a0c1075b4bfc71e5febf2822239c5f83dc4e4d5dfa693bfec2bf64,True,0.4461745683812602
S1,997,L23,18173310135309779736,702cadd1c38a1d7b00434cb01464c90115a418ff32fa58333e9246afc773695e,True,0.47977973821381836
S1,997,L32,7295237617822668280,c9387d2ec7b1e91c2863e820a1f066161948a797aeb0ab8f68ad73b139d80f85,True,0.4214297139897298
S1,998,L12,12747437772184251553,9cf7ad8c6c7428f278f7c62edd70ca056916ce641e9ec45ff19b2473f6c02d41,True,0.39172590983363687
S1,998,L21,13069764032313544320,a885f89efac5fedcb39ef65d665fd67fadcfd93dc32738ef7a046155d0c86748,True,0.47513313218476855
S1,998,L13,7615827809643459403,01622b6d8b894be499dd799e2ec4cc307ed2c3b835672686580464b94f896453,True,0.40734515911646907
S1,998,L31,11195326730734493062,d6fd1b052a04353adab3ddd7d41c0411919b3d540e5356a5f7202392ae03694e,True,0.44246612945464076
S1,998,L23,12703393498224230202,117def456f36eff31a18550883eb20e084f4366c01b191671f9d1e61a769e2f0,True,0.47856455720835334
S1,998,L32,17013746544291162582,e37df081de2e05d6c9aa2d9872b0763016af33a3bef1b5d34123e0a2f8440b99,True,0.42671679276160024
S1,999,L12,14172586688607552116,3827242c009b2562d76c89f387d66d13e0a8508e3dd26fddf3a444166fae090e,True,0.39260382242769964
S1,999,L21,10325502175142024623,ac39fc4c67939a307d967d16eed57a84f933af233ca1573c71fdf74f83e6733d,True,0.4714265715374532
S1,999,L13,3538697453498763363,f9b722dd0ee891e2e68242ef19b742ab0f7c6381014d26aa6dac5fd9fde98c01,True,0.40386106014279305
S1,999,L31,14727107067634904167,bad5e3c8ba5891475f828c4da1551da241e316bfb5ac31b2dae99b752b670581,True,0.44346014146398033
S1,999,L23,6583459696956211801,63aefe4374806a60f8e5e5c2c4485762bb58eff374627f55233ddf1da0307a10,True,0.48187782321142786
S1,999,L32,10311381683498733697,aad753a49ca087548d0407830b9f93926e1934b3a2c8e9fa0aa4120f3beff5ea,True,0.42284037927685447
S1,1000,L12,18381496571508440733,c732f08f959950b711726601c3b005b10a98d2f2c729bc9be1929df735bcc551,True,0.3904748236899055
S1,1000,L21,10652070244934072041,10c54bf8a79f0183c3467412838ee9a2d6ad9a9e9a91be095f5b8d3d5100193c,True,0.46896609452620164
S1,1000,L13,5606897431331254458,0bbdc656415adf267526f1861ddd8988ca022323fad545a59e4c036a6d776b0b,True,0.41503521383314584
S1,1000,L31,711229390744529230,eb9bdb6c7cb67d08b5d60e3a7bcef443f23b69d909bab9d6af4b1f55a74aa981,True,0.4395998458525781
S1,1000,L23,14780328863952034188,e7aed6c5243089cd219af3cc8bbc90fcc3d3a27bd374b79a8e8999c4c2a5ddf3,True,0.4770954138123401
S1,1000,L32,11878471857687635072,3007f78a4b92f7955601c7d86edb0cc7f49f8d2971c19ad38ef7658efaf142fd,True,0.4225953594555883
S1,1001,L12,16703351719373305762,8234b0337bdd6e504c9c19af507bdfb8dd4fb3b5e3bacc1bee86add11e40a421,True,0.39172590983363687
S1,1001,L21,3347683818997837146,d5518abb5cd347cb2eb2fd8cabb7a2f996bdcccf9bc1ccf4cb8f20a8c5300e11,True,0.473332322851297
S1,1001,L13,10822204806730934779,b905b080d8f2d95e5e6fcc81d4d5568b54e8d1cf2f6fb9e331961205e2608ebb,True,0.40574792613030486
S1,1001,L31,3277923211014073735,8d090bcdbbf46b5f3268c94022cfb028b4c538ac596dec039e5b94db329df48a,True,0.44227738248512916
S1,1001,L23,14296427759901423681,e41a068942dbf51e1687204c2215628fb201959197bd7144252c2a30c9340e63,True,0.4829487428876096
S1,1001,L32,3095611406589184741,256a39f41f0164fd23eff6058bd96369ee6fdd0feeb10b5d3d6325b92c75ea7c,True,0.4198352686132375
S1,1002,L12,9136557614261065641,3e4901e15cfdf1f4005a2dd58ddd86fe63cf36f08ec197889850385a46ca469e,True,0.3898182040495468
S1,1002,L21,2395531842706440241,495ce4e7d10be438bb029a38c804df57366dd03814feb5e7e62fe3cd5d03ded9,True,0.4661925368986871
S1,1002,L13,8367469615592902002,e0da4ee0d1f80c19abe0a956044e86ee9c8df5ba190d4feb85a1ecdf912bd067,True,0.4086707230383312
S1,1002,L31,1239074617107567151,75bbb874048155147e815436580ecbe405e0a023820af01e5b729e0132b6c367,True,0.4383859416761798
S1,1002,L23,5088856088012448816,d54047219b367d42791b6dba0e43cda7fd3f01f550d08852dff827108cde3484,True,0.4800643113468876
S1,1002,L32,10028596374748670183,4900d0b874b5a89cd9a1955d29759b53923da532729211ed7a372179214753d6,True,0.4240053146419617
S1,1003,L12,1702656552965759884,baf9cc05de32dd387537f72eb7739c958512e9b1c01087b4587b2d3d8c5bcf3f,True,0.3917812022628099
S1,1003,L21,18261137770699592889,67822cd0fef9499dc7e39e60e1dba3f87e3759340c8aeffbb8c84565eb1082cf,True,0.4733176445305574
S1,1003,L13,11947953103913700975,b1d20161b2b7d510c0014af8ef91ec092a3781f248df6049e87a7f1ab6aefe1a,True,0.41299661880332644
S1,1003,L31,12422723832133142571,21e2d82902a8339cbddfb18f485f9a9efa4603e92944b431c200935d4c584019,True,0.4424217237098446
S1,1003,L23,16676938365186274098,2dcc26f353881502ae2dfbb815eabec374494144c09316bb4500c9ab92b2d68a,True,0.47753198443679595
S1,1003,L32,17494769979882714644,61543ffbf88829b22e69f9bbed4e25cd2c1168899f9de284f9f215302f167c8d,True,0.42462428467076896
S1,1004,L12,5335814608296201819,9775eb3d4a858fb7ec5d9388f643512c673781db2390e0b540c53c32516067e2,True,0.3923617708710935
S1,1004,L21,13131265261823555117,687db4af12dd356b3f5b9a2b1958fcf4c2ca89a1529af9a3422835be5e94c1a0,True,0.4672125240726428
S1,1004,L13,16392245808592086127,f7e9341331c845f7b38d2ebfd9027f85e87e7c26e734617d5f58acbafd8629ff,True,0.4086117779222304
S1,1004,L31,16256001687145269578,5b3724344db9c3b75b2eea6ad7b58c0d0c2e91928ddbf9e6c067d3efb7808468,True,0.43917879441333985
S1,1004,L23,5081676497597111511,17075489e553130351357e31d5fe8a9de859603d5d978091df4d5761b724ebd1,True,0.4736702266981867
S1,1004,L32,14329630827677071006,0ba44215e97a2bc64957cee423d64f5408d15da752815a33c133dc749bd35d98,True,0.42107686212071516
S1,1005,L12,4634148416279396818,7fb62b16f4b64f3646c7d102e195f133b23cac9895ed60f5c69b7ee313349022,True,0.3921457925293551
S1,1005,L21,13295678149208617755,aa64556df2a718527a57ebb6d7801536bef685fcef7172f72498e5b0ccc46e3f,True,0.47249054165521026
S1,1005,L13,405329673403832046,2cce461164b485a48ccdb0c4d1fad8eb67ad0c89f9a6a4b9ceb4ac5e39c6c94c,True,0.4082769177361263
S1,1005,L31,12724895870597006673,e245c8f8f62f961c0c2a4d10466ba9218a531a78410e2f54f8ccb0fe49c2fc45,True,0.4485711213961583
S1,1005,L23,2852032690658947798,ebe18dafe6f7b76de7bff00e3046979edcdeb55137879bd08422694747a1f6dc,True,0.4756448842934762
S1,1005,L32,2943888122396386861,dde388cda5890d3ff6a9f3db25a33b2b852f8ecbbf29e2bbb95152efc3ab53eb,True,0.42517935822950015
S1,1006,L12,11795739176088390742,1b81f48a12330b0d51372c21e3fbb8fb8e52686e6adad0ddbde7fa49e41321f1,True,0.3947735988284922
S1,1006,L21,5323425067412408513,07bf99d75098a58d8695626406a704b68c935f14e6fbb14335c8b0e95e1f4b8a,True,0.47437648364529794
S1,1006,L13,17206424318383476123,478d0ad086c7b77c194b8992d4485b15d664ad929c62f9016bbf6bda2a626060,True,0.41351321640515637
S1,1006,L31,11173120346529721798,5ea7b683f84f9d0efd622888680f5825c2e468041e88fde58fafff48e9ad2605,True,0.43973598140581327
S1,1006,L23,10174934159569182815,cc74df84e00da561907ea1e45d0ddcc1a9e150cd379e4beec8e324350df13b20,True,0.4831960565089959
S1,1006,L32,6963888334227972066,e277acd65002c5796bfb143d12f6afa55c09e24a0e71cdff37b789740c6ec329,True,0.4236865723860588
S1,1007,L12,9267193224034230729,1e57989db33e2ee0efea6ce54b274c15db739803ca746f861235b0637d003613,True,0.3864875971010427
S1,1007,L21,15987633655592605325,331daf224c105e1b8ac23059f432544430c517302d5bbe701c42855e527738f0,True,0.47300637048308236
S1,1007,L13,5028224940286658029,30a9355b6f9387c0c018bee67b591c3eb64b1dd7edade429fc54d5fa4d439ffe,True,0.4071274388924495
S1,1007,L31,1745732519818684309,c8f34101de20f741e43419283438907a4bc76e3b67c4c52bc7f551e57e486a77,True,0.44162536069683583
S1,1007,L23,288606360141779166,32b07b6b05546e93b58c2fc0a5c7ab42ed4b8d0fafb5b298852287f44069a4f5,True,0.47759475775501825
S1,1007,L32,4057560753392388267,671025f382af438e1ac43ab4d296855649a710201cec8f49a40a055eefa0b0be,True,0.4218882185866557
S1,1008,L12,5367934184705111821,9b2e6740a883a0c8351e2620dcd735618a55166b8d04075eb6ec26248f7fe986,True,0.3935322964770021
S1,1008,L21,13736517244952630199,011d3612769c0d704a8e41a45a7a1123765c91b6b2f27265c7b24d1aadff391f,True,0.47106716536353516
S1,1008,L13,14791768812422557620,5c4be89c64d0d3c580ce42de72b9aad65d717e53dcd528bc6d9d01ceb37261e5,True,0.4056393894640077
S1,1008,L31,16131566406826686527,8029d7b197231cdabb2c7b062482059aacc238149ec07726124a1a3a4ba9979f,True,0.43785712567655244
S1,1008,L23,13608604377696861440,a81786a176f7c41455ff6465cf6f0a39ccb931997ed1b259cd1a66cdf600b5cb,True,0.47523356815585466
S1,1008,L32,6867038455822977419,db570dd45774fa17110b487ab5da6451c4243bad0f76743aaa3ecf75918c3f7a,True,0.4201280524972656
S1,1009,L12,574599092514451424,f2b518b0d1dab059ed172dc5c5173d164176ae72d3f1a8bd2dc0ea6f6736f301,True,0.39161007433123945
S1,1009,L21,10602049768503830853,382e1e1742303ff343f101468f33640704bb5990bd9927920ca7def4bf70a95a,True,0.4723014835889109
S1,1009,L13,1774652899216168814,cf6d2ad07ad5e60fb6cd5109f5e0f63b0e997001d629eecfca8f763d356b8d73,True,0.40807594877461517
S1,1009,L31,17452048032053650811,50c7cc11024699e33e6114d96b51917944ec74f80490ce2b1439d0968807d635,True,0.4403331209679526
S1,1009,L23,8704747394789415331,f51bbc197012fe2cbaa8fe574e1c0ab3a5b7d0ca0cafbc09b51ffb0cf0684f3d,True,0.47488152859237365
S1,1009,L32,16620050284898703506,d69ff3f3b94773b0bc44ddc75734ea659a27ae1b3210d7718250222747b03d9e,True,0.4277777459547718
S1,1010,L12,1177601288771971306,e65c1f9ee4a75f7f1fe79f6a93fbd170df3f85d8a115473879ee09eaf5abee7b,True,0.3915297461229772
S1,1010,L21,3768986440058258208,f071284c6433048d8f5af5ea7e3a8eca9a9476afc027b19ce376c20a131954cb,True,0.4652829350441832
S1,1010,L13,7298997463852919013,7b69c793cc1c4dd6782e051b012e2f70fd4ab7ab4c4f39259cfaf65da3d30bcb,True,0.41038467027411374
S1,1010,L31,15451580151337324160,e8803ed29163ef25f7dfc13feb00f4fced9b8cbbaaf6ce4da17b911f6f1310d4,True,0.44612129946730433
S1,1010,L23,7314624933737491548,1ca6b0906aa581cc2261d0f2681c33bddbdb946d0c38c89b066ab5f949aae168,True,0.4810485938381538
S1,1010,L32,10453383256269223222,1d3f75eafa18aaaa9d8d2dd28ee3e2bc861727211dd7f12ecbcd79f6eef9b6ba,True,0.4248869596368317
S1,1011,L12,4755224273742038905,58bb197c4129b3506a19b9bebd31d3fe95d135cd6db1b1b418216b4075c6304f,True,0.3920631851862779
S1,1011,L21,15249004161050243216,f6049b81866ea49764bda777afdb6a1014d5e185d43f3d800ca122b9b33f6617,True,0.4722840537413352
S1,1011,L13,12633479721287752139,5485604422b6b52590a6a35251e0594c774a926db025f1813623c93f08d9b12a,True,0.41451281833947484
S1,1011,L31,9560140117975865722,3e7f828f228ea09d04b1cbd5cac3a8ee99eaab83e8aa3d8656a0ff0483b97e99,True,0.4424256788624923
S1,1011,L23,13349317670354492282,05a9ffe8208f6e9f59628d8e7433240d9183d17cf4bd6927b534547fe50632c7,True,0.4806471531635751
S1,1011,L32,2562526736430524144,c76f80a51347e1f7bfd0bdd50148f68272b72bc1c3dfb59b240e4115b2bb4d94,True,0.42277493584634745
S1,1012,L12,2668248516535600646,235437e2dd03bed214a6189808048e27c74ca24a401d56cb0c742f8daba62f41,True,0.3866382259683406
S1,1012,L21,14503415563473714599,f1e07cd3fa8d4456a8b89a0d75cbbe0230210f50913b457a427fc19c1b72abe7,True,0.46971022861186007
S1,1012,L13,4688055848616476086,fb6f9ed916918c066048e566d7de7f9c7bd687d3fde7306902a89cd19c3da961,True,0.40646519245167867
S1,1012,L31,9844787280635643532,54e80b8bf34e2a872f15b22bc1e034a970bc059d7d1cbe8b4848460c6e6c0af4,True,0.4403638405491238
S1,1012,L23,5703607862889239593,16e9a63d88e22481d7af8f55019c059eb902523013c9530f7b57cfbf335ac2dd,True,0.4728504329710771
S1,1012,L32,17550642979357775887,03796a32bca00af1c254111c1fa4fd2cba208fabe1554ec1a9f2723ac6909c7c,True,0.4236391549844555
S1,1013,L12,8794379280741533981,ea0bbf1557b3c2a1f7c315ac5e8a01c4e530f6ab304365085249b457355070fe,True,0.38697672233411673
S1,1013,L21,7899676631036627054,10b2d7cc7c4efc75a188488bce102cf56f07c5aee4de2400f5ca619319c10720,True,0.4737699951838858
S1,1013,L13,16520503054002581597,fdde13d016c764355fa4742ca70ab59220478610baa0b2e6a00068868030bf17,True,0.40973017542849555
S1,1013,L31,11767215224929558992,2bd8e6532b78c79f1ac6e78ae91232cf7ee1d48ae91ee8a270532d557fe7160d,True,0.4374109082143872
S1,1013,L23,12173304665817807288,63c565262ef2dbb57e84488ef8e432f456231fbbc2513330dcbe3065224e0ca6,True,0.4762933052291801
S1,1013,L32,17138160499847594202,e61862396131d7c47a267e30c8fbdcce51de0a4dbb5fdffea0d0df84cc8e5c33,True,0.42453198074532644
S1,1014,L12,13818093724131699156,27fd2b9933b50ffc8c4cbb82c7354ec7f06d48e775f4f488d9e5115fad4be606,True,0.38686280559580877
S1,1014,L21,16362389900417285741,2cadea5eb3397949d989804b554d3f26d55208225194882b9043bcb1c550c122,True,0.46921620367588757
S1,1014,L13,10211133938637623034,d8d17b91b77df62c1a64d69d91f897f9c1bb2682ae5a2ae14b9da5b9ef5f8038,True,0.41701611001363575
S1,1014,L31,9358013429794351437,af2c3aa713599ede2670a376375a5d403c7a286af698bb9b51345418edbb612b,True,0.44077230835299397
S1,1014,L23,17186190976450872318,b8df2553671e859ce875bc0f713fbadcc16c4beebddd4f2ce3a6de1a693f078c,True,0.47455658426134006
S1,1014,L32,1471771309110126086,2a8634d4ce360ebd4db1e6ac1ee3ec70602d8a9585f41e895948d417a345f8c1,True,0.4233425360106393
S1,1015,L12,5932067518167785004,59be6f72927e83cb1dee5bef62929f14cfa990db24b247f11e3f180294814302,True,0.3937651824083829
S1,1015,L21,11816766981627412384,7ee41f22cab20802e7e7b8428bfb8640d2a5b5c3dcbbd8a1320db3e8b1cf26aa,True,0.4740827663313574
S1,1015,L13,10915560651289875403,7650e03081debe50ea240cc37adfb36a6826b2263d5816b1929c039718a9d85d,True,0.40877859059148347
S1,1015,L31,12489729695005484336,b73b8106b591c7c3bd40bb2c7d404223d4d5a9a3fd2acf914295c237831686b5,True,0.43919507041205447
S1,1015,L23,2960976840599189443,80c7e7f1066017d5516a3138d38556cd96b274eb7914d92716ea93961da3ad13,True,0.475261030351241
S1,1015,L32,5781491581495069869,5ff76d9258eb90b24d4cdc297583a71ebe9df8894de049d45b5c7bdbab47a809,True,0.4244923767487586
S1,1016,L12,2692684889378678933,42fa0df0a08142fb42b011b6f18b9bfc2d9ef123f1168b5f4a0d2019ce6f4861,True,0.3918544543398705
S1,1016,L21,126608524310204036,0ab6cc23f06711a8293427b2b931823c1c9e396a668e3c200951d2425d81e112,True,0.47254890286120116
S1,1016,L13,12501988351155075772,28e2cddba8992494a33adbf0f40092159be574595edef33fddf4a4af8ad5115b,True,0.4066824349098614
S1,1016,L31,14582795579354685044,37dd47d953b1e06516c9687e8253cfeff559d39ed4a2911304c2d1676ebd9854,True,0.43747253996150043
S1,1016,L23,4813271923573045442,678b94dc7e22569f97d1f69ddd82342f4c92f34fd8b2a92e2375369fca27b728,True,0.4764679995388952
S1,1016,L32,14138305890304111889,179e80b34c34ccca3c09ee3a367f0558b3654c25808f48004b89df0a072183d0,True,0.4219801180149162
S1,1017,L12,12859796032304504975,d13129e2e95ee8bc46c79c7e6d7ee12e2c8e6d913906f74e24b1035317b85422,True,0.39216381703516884
S1,1017,L21,10511165608875961606,ec89bc88cbd050fc40251513ec39a68e651bfd9ff2247437f45a42b7ca688b6c,True,0.46971022861186007
S1,1017,L13,1386282282842645514,283d648e9b5e96e6813dbffc82c789ec0ecd7a1fa04b5ce43b06222f90b6ef32,True,0.4104162073318678
S1,1017,L31,12255978125449064265,fc2f14021cb2566b166ef17bf659511fa308bd48d1ed38730f8c92a09f7f80cf,True,0.44332533070981844
S1,1017,L23,8899169060374782284,a34a86b97ce66bcf905fb9ac545eaea0df895a81f69c3fb47be73cc20f83b662,True,0.47311889532090423
S1,1017,L32,14860967166352811904,c1be1339104f6c4658f6bbf352fe31a481d9e03c7633c836e83c47c1e10dfd62,True,0.4241314328887259
S1,1018,L12,14756642508879330994,4f110300a18a35cd529d266f4ab8b2398991190ebcf699d6be01ee09db15f7f2,True,0.38924590500960077
S1,1018,L21,17178875178593551251,a08f8c858d8000a5749312391e5f58e33c57fe474f8466b631310e6752934054,True,0.4750702289028156
S1,1018,L13,16857492891292346055,d42c2b40a36dae048579c786582c3a63dfdabd8f63b3689ab0eee1f59df54f10,True,0.4122141854163537
S1,1018,L31,16390205186779936640,90fff56d2355585e624b0ce40cf39540ef8a789652873822ad893b98d7b7fc9f,True,0.43731707408470794
S1,1018,L23,9090857779795627932,577e0ef8c89c548b61d1e8d94729b5912ffeee976683e3076fc8c76e7ac67d24,True,0.48200052993180637
S1,1018,L32,14828685722124622781,b222b6b5236400981f85616240241394fec0a3a8edb3f3ce7ba351fafc8e5d67,True,0.4224994774566623
S1,1019,L12,6368056322883202469,0c06049b3867bc6f443cb01dd11808e9ec5a31856538da81485df8c29ff03f49,True,0.39243162771052686
S1,1019,L21,7551641032866117359,5b212bb85a1bdca3dfc49e5c5889fa7bf826c5fb03667487953b90485ba2e9e5,True,0.47350225411960306
S1,1019,L13,5211229813652046803,2416226696af8f33ccecd115fe4cbcb24d18f7dbd6899059301a53b80a790752,True,0.40803810997056644
S1,1019,L31,6995410755977759890,5c56b8b2da82da2a83ccb31c6d346cf5cc7e23e7495b97481395217d2740905b,True,0.4402632542839172
S1,1019,L23,4955872232650800229,efdef1e5fae21fca78d3e137819009a4f285ad0b19233868fb667cdd0563a1f2,True,0.48085328801901184
S1,1019,L32,566116589278425599,a88e558405ad2406e0fd09dcc40cc1ebff38c8a7ae0a42052bd71b1c14b67b73,True,0.4255595872616517
S1,1020,L12,11466210313790127920,dfd693f424a7df741530a9cdc187296b316d1f226bce26d03ac48675fc1bded0,True,0.39148464636580393
S1,1020,L21,4106078178241247601,3054f1260d850b4de9ca540283d310f3413de9840b4de906c0464bc4d6803d1f,True,0.4693686977611895
S1,1020,L13,2451426987309706592,99da6a87dfcf93c06aa2998395c2c505c121968b8d92378160810c7a994caee5,True,0.4099600730236731
S1,1020,L31,13571126163193937917,7b5720db946bde5def69ab9e0c3ba74fd866aa1f161b15254c6e614152578595,True,0.4429370546577014
S1,1020,L23,193578393867854856,e7e12f92aab0b6a5b4bc4973e8f32844a51a85432f527824a0bfc8f84750cb60,True,0.47960107746827324
S1,1020,L32,13940515096424309502,ac151a66b6b3449cd9a27879aeb19faee60c7029d20778b5ef07f2c548ab19e8,True,0.42155274886933963
S1,1021,L12,9045745014059110870,06250909b757635f5a87373c41579ccf54e87e583263eeac8deee2c69d82a8de,True,0.39178631812040937
S1,1021,L21,12986674866698909606,cfdb07e16ef7625011c06d541963f671d21e8294ad1eb1b163d0bfe008479e2e,True,0.4738196272140463
S1,1021,L13,8051300408124603716,eed84a768b7a160e1a5a5070a676346aae4b2e761e57fdf7b61fc798553669c8,True,0.4143298964100973
S1,1021,L31,4066141473710286799,6c2d88fc9afb0d6a92a5e68862df8d30f9e4b8b23427c240de4a8f9c43c79ca3,True,0.4403215476138278
S1,1021,L23,13958574003169809230,485af613a4115c3cf0fc2a17d1524ec8766449f0935993649c1abeacb99cfd00,True,0.48164155682871634
S1,1021,L32,13410092874012385579,e7efc67a8a71b983a6c6ae5fdd26e3ea785cd3f3c15a6a99c9d5c9ea93df9117,True,0.4271066376320988
S1,1022,L12,5513454453653547572,0d86076dd88ae00f471695b54e04d206626e3085b29040342e0e3af6c7ed85f5,True,0.38893995691890887
S1,1022,L21,17393368629827179863,650e4cc479f3f04bed624ad17b8845d32d84ca41816029991c067fb38ad3460f,True,0.47299131080937945
S1,1022,L13,5428763535750360674,340ec9416dab32554255bf2cafc98d65be629adb3b619210518fa031314d3553,True,0.40920955220398714
S1,1022,L31,5342265912644840521,9babc26dcd42ca167ed35e6ab561a27242fc57a03d16ebbd34c3e99a9db510f7,True,0.45021935463523605
S1,1022,L23,4067487270527882341,f6067908790c8753549012df5d1ff0f7e003ea5472eb0c863becb2c20c93a2bb,True,0.4713957528781965
S1,1022,L32,15000394823840961300,30692c130fd83c3f4b1e0b2fb29a8348b9195e8ecf5b44b82b251e1ed859bed4,True,0.42230334046140705
S1,1023,L12,8909340405716292883,b0594f2c2496bd2ad86dec454d53185acb2334dd377644f7352ca99907c956cf,True,0.3958559603958315
S1,1023,L21,15990317498923622285,eae2e9507aa9d547cceaaa7b94561208fac470e0819f287097a92f8f04b81b53,True,0.4716475748404576
S1,1023,L13,6695580854775773336,a22d30cf9da92399e5d329d9267f0d8fb62bb25e5afb4737474a91f25d3fe8a2,True,0.4030472691665168
S1,1023,L31,10377775864748259498,1bd967fd19f9b9d6cbd76e186fd052b87d8f4a3a4ebabfd95c5e45ccad0abb62,True,0.4382325984037458
S1,1023,L23,9549580579888913703,2a54a37323f24236cb056af0215082a72081fb485d7e1a67698e7e6c54e4ec07,True,0.4794096059568934
S1,1023,L32,16330660298878630780,d82dec5c1ab5d80b0a732c27a4f485eeb52800eb624a16ea8b8f58829d3cc396,True,0.42136622690773096
