level,draw,orientation,seed,conditioning_attempts,graph_hash,constraints_validated
1,0,L12,16328349004981118053,1,f555745f8228fc58d8017f2737a2863aa0cc2407e014375b5c77a54ba988a5fe,True
1,0,L21,18204467400664978420,1,527a7be226a408b4cd2434331bd8d988f7809e1e3f8b89320811d9c8e12307ab,True
1,0,L13,12463447644438693613,1,d67d96df3905b4b2fc411ad161faabdf9b1af41ef9c9d685660398a5c16b47e9,True
1,0,L31,6817588873609552115,1,132eef6943e17f12fa7dd2adf457c5d2ebb4670ec6c1e381437fb9921aa82a66,True
1,0,L23,17436198275141579444,1,69ad85d0b4cb5de8ec4e633a31abc3d97f34783c5aef6d306a705c2b180e2c93,True
1,0,L32,2127073089533788773,1,f17925767babef0310329f7d9b2ca0461d14cbf8bbb70e5d3bdcc3c01370ca8e,True
1,1,L12,8563268921934391589,1,04a5a13ffb1ffec574bba8b7f479f3b7dcac5e80424daeb6b5332a6be04b58c3,True
1,1,L21,17834539053922417106,1,8684835ff10f73f05fa2aa9db91b27c051ddd788606bbb9368e3e8605c0b9d7a,True
1,1,L13,1219482533829834398,1,5e9ff0a0e8f01023773569a2ffc1cd94c689a2ce7d9e63302be5351c443189f5,True
1,1,L31,4152908718760238838,1,f09e08b4817ef56b76148d579a33d6879df365b8015742142f6aab95368f1f3d,True
1,1,L23,14559258871818022524,1,fc3403a440b2a44fec4b4a0b6b361c1edaa2b23dc4ede245de585328512a8ff2,True
1,1,L32,7695189594912884278,1,1ab661e60df0131ff06d02b3ce59810f3282396d3a705364055709655ba22780,True
1,2,L12,1589923260401222156,1,6a714fb0124bfe20810d99d6dfaf31440b6967cf266298bcc327f6a908ae5ad7,True
1,2,L21,13965808077036880135,1,31f0f90f7ae4e5ebf5940d337011f19ce6547cc810e9988332ddeea0eeadf7ea,True
1,2,L13,9758594230076803178,1,e8e19a7e0e50fc326fd85664f489647f4783ad9ac780e4837181ae26799fde8d,True
1,2,L31,13179955770684621937,1,85902f53eb08311edc435f7e9ebb5db2e4b8559bc12bd489e29e50c75171c4cd,True
1,2,L23,3121663612442870316,1,d31cff4b617f128f691d303e7f577d0b6d014f4977a864a841f20cb448828127,True
1,2,L32,453419328681220430,1,326e3bf4b564b90f5a3ab19953b70e1b9d66c6e91ba8b7ccc0156d246176e266,True
1,3,L12,17162988432724147871,1,819eed720c3e813ef1c5ada6a3dd05c67134ae05023e4b2b91c63b861b828272,True
1,3,L21,8594483099485067074,1,8b4f87ad5788ac8c668278e3c6d1399f607aa3d3207b161ed4e4666003aae8c7,True
1,3,L13,543365906757875684,1,9ef88196af919bcdb56acb0211147ed8802f60fd04c99926d0bbc95c453ce5e1,True
1,3,L31,12943759192940032099,1,33b285882be82c70b60a3800e265fd216ea43d27ef1fb7782db016fa99bc47da,True
1,3,L23,4180455759135456730,1,8fe5519b164a99c0d01fb1ce375d0b08b01ba5ac985bf44739a3a769c3bdea5a,True
1,3,L32,17839629355815811755,1,785b5648c8586245358c14d1021822597c6b660acce35330a110635aeab8b270,True
1,4,L12,11789026435359678747,1,5ecc7d2675d060699db12e073c946eb27e7300203db20c0550d137654ce8d7d5,True
1,4,L21,15172081571280977989,1,9fb5ed6f78f162d783c97397123b487575629cde0207a6d90d62339467e80db9,True
1,4,L13,9179945261706118537,1,a61512c50132dfdd908556dcc16568913dda4bacb365f20a41b9b4abd48c16d7,True
1,4,L31,6050156202498240319,1,791ddfc4fb8b2b12dd38b62071baa19d8d67a5a7ef1178236eb66c3a9927564b,True
1,4,L23,7631089651830868569,1,fd01f3e4c8eeccb84ca97e1afd52a439e38275e87cad60ad962a84752b17abad,True
1,4,L32,12854392382105645976,1,48a2dd1f17f2dee714b170fd3dde386e22c765c589920928d0ae8aa2b291c826,True
1,5,L12,11894894219823330239,1,12ccca38a88e66ab992ace014d4df0e2efaf5929516b543e036ac7ef9a8f37ac,True
1,5,L21,1872447205918741446,1,56f4ad4681758ee6cbd7a98995b2eaa275832cb5f7f5425e5f83de4064f5de80,True
1,5,L13,3369626539822445416,1,73ec81e7c07f622b6cd1d7519361ad3b920b303f1476504ffa5eaea4628c9ebb,True
1,5,L31,12264836590059787945,1,fe90aca94d9e1a2699ff6c894f07df722ee02f96f1e19f8f95a7891731d51990,True
1,5,L23,6601052674765427573,1,eb9e94ebcb683b2d22da5f9ffb53da54e832910da50bfd605cd2f031aacadea2,True
1,5,L32,10023112880988279633,1,9feb33b6e30e3bbf312cb69beee805147115ae6079fcd99f5194ba2a66078e23,True
1,6,L12,9482148397364048179,1,885a3806f7d093b5008ee9bf572f5edea4eb6115b797585e02263afb30ce2aa0,True
1,6,L21,15672362549415677825,1,b61e5681f00b795db3fc1537f18af35927f4fcdd345a9b41a6984fccee2b6abe,True
1,6,L13,14291018030178555589,1,e60a8328b57d0ebb2f51a442aefdac5173910c0343d17b4ebfb196e8aa1eb94f,True
1,6,L31,5278725331187410383,1,4230b7efb17de9dc06435c83097dccbc1a6d22b924e1d1cdb3c7e330fe906e7a,True
1,6,L23,301815743105136999,1,54462e0002adea0e33edd7a26a1e4b9855632fbc82cef664c71cb882b8e262c4,True
1,6,L32,2403651508015402184,1,8f9773a70954854fdb795e6abcd01e4ec6216cadb1bc0ef41d63aca3c6fdef10,True
1,7,L12,13109130259302023885,1,b66be948e62d162fbc6e1777d3c2257b885793fb5123f257413f61d4c12b41b8,True
1,7,L21,11076782189884067856,1,f8bde04f43dddcde72605ee99b47c1b2d7f7ab229a8d9867dfafa005b765e9cf,True
1,7,L13,11791798164252676327,1,1a168ec2d8bb593802094ff856800f0ec1163fbb79935d0ab0da131453d67e98,True
1,7,L31,1958217386159622696,1,ca1bd64068bee81c1bacbd3e6cbfa3e4e255e63b40559adc13adf28a2da26d0b,True
1,7,L23,15802654074000090951,1,5ac91ca24b98bdab1439edf259e630845fc715c932f468e7b0232ab1ff431727,True
1,7,L32,17365902742506973583,1,0b51413a8fbdf1aada435459701342c6041abbddb9d6efb6f50443d9fccee992,True
1,8,L12,6167236100725933500,1,fd47a8451790ae906a657bcfec1b9d8e1cf6600e0f3b5a2c6cb22f193acb6b36,True
1,8,L21,6573291758247520303,1,685a0dbceb51e31975781a15ae2c76af42d62746dc13a9273490e40a9beacac3,True
1,8,L13,1930733742901750387,1,fdd5f59ba08e72a5d39ac15c2e69c5213de5d141650fc9cc01915ea0fbcda31b,True
1,8,L31,9733135573999367715,1,70ad752ba13161c067f5028767b5a3b3778c890ce11a05d867cb18bd73f90f3d,True
1,8,L23,1664405239963688923,1,10b5d997f77fabaa857edca845ae03939fe0b9911b48f96a3cc204049f0ebe38,True
1,8,L32,2592190463987051300,1,b51ba7cfe7de2c0602d559364ac4e3280339f4a9d7d11ba26197c551885d9f1a,True
1,9,L12,13747209724741575927,1,c2dae1dbe064c8cac5b70d54446439d33138f0aabad3a6139a3356deb4f4c277,True
1,9,L21,17003314903589179631,1,5b184ed3ec81a92213efef0e49835de87965dd16e254fdf48cf8c76ab5646f92,True
1,9,L13,1890547510383776842,1,bdb4292ada795eab25a6455e4832cf731ede9cb4ca88b5be23c4b1355f0a2d33,True
1,9,L31,13167920441555716285,1,dbe86375b60740205a3e6e37725c32f599f8a028a6b0ddc3457d3a775c98b5a6,True
1,9,L23,6710272938153343950,1,cbf01df483d70717b16a69555f8bb624ea5cc81a8ba0b560314cbd4679124859,True
1,9,L32,14212203339200937476,1,7af59cc67d682b35535063611046e75b3727074431993f30dd489fa9f1bf907f,True
1,10,L12,4608307790367308382,1,fc2b0a687edaed92e7521a322a6efc6b23ff09152458298c2375e6ce6f90a09a,True
1,10,L21,9811044771897094316,1,15c28137ee504838b59a29842301896ed5db385397845c5aa0ca3ffc80d4480a,True
1,10,L13,14866558608505994445,1,622c494a24a8d3fbb30d8eccc35a88cc789b2d15765a579caaa8fe8f9a985ffc,True
1,10,L31,4629038106431530087,1,14fff306f640ecb20f5a9963508e5463ed38c19806546f40c7be8e059c11a4dd,True
1,10,L23,8723802442842528478,1,5fcf5f86b562783badbce1babb208557a8ba6f166387c33cc1712787b0b08b08,True
1,10,L32,1921726473392759375,1,7cef8935675842345d437693db18e6ad086db8095b598d7305bddff6e554d0ad,True
1,11,L12,4629390452014225610,1,a5f8d0a2d71055aa85f32aa1b791a214f7cee051f4e79e8e50c1bf6814dd109e,True
1,11,L21,12309386018194068605,1,8a63c6a8b9383ab4bdc0de160ef579cb64497212c44aa998c43ab8c6efec081c,True
1,11,L13,2769858283180122974,1,7d544d49c828d527018c37028ae6dea3d404448c3164461c0f25c360fb203ffd,True
1,11,L31,9317235993026128190,1,6a21c557c8731d1ee0884d326192ece7984ca27f356cebd23bab458e68abeece,True
1,11,L23,4234936694528943041,1,71500219369ad4cdcb30d52354437feb867d065ada9bdc6080ecaddbf0f44945,True
1,11,L32,48884047769081962,1,28bf6a5f890ec4c9f974ad7e6b3c9ad91f6d1e2900d0fefc93bc1359fd52a708,True
1,12,L12,11611034981445828578,1,69190f08c370f32c3336d066cfe84b711eb8e89f38f90ebecda71ce5846b46ca,True
1,12,L21,11419140673269973813,1,01664dac99a54870f0854f2debbfdc0b9d3233274fd6370962153d883769edaa,True
1,12,L13,17512500480035234233,1,5afa1c558a4c99f5e0ecabe64ac8bfded98cf64459c9968c31af7da83b739947,True
1,12,L31,10696863754545258411,1,f45991de483e3a12208da05bb3e4250166417c28a31ff76b7aff344d742dd098,True
1,12,L23,10366514018348293530,1,705fd54d070364efceb4a067e3832f4355b458633a252ddf0653fcf0e7dc76d0,True
1,12,L32,15162086954199637122,1,9d944befbc59d771cb86eb36c31b4764e60270c8f50035e81ae3c6cf85375f1b,True
1,13,L12,4358004084464292312,1,05598247195b77b8f02378179e2aaac5ca2e684a7e6080cbebcc57cae8f81975,True
1,13,L21,10164568763410029712,1,f9443f3ddfa532ebef8e4b7ca8b90dc8c5e83dfda2b628a426ede4d6bb49e602,True
1,13,L13,12671300972077516227,1,efb3555d15e1b34bde343b38ac5f4526c3b1c8e35e06d79b3e44d615dd2eeb82,True
1,13,L31,17598673876605267079,1,b384dd55602a1017b2d15ef885a2b92db180fe69dea92bbbdadcab6c79d689b9,True
1,13,L23,11057243188315281897,1,f85a4a050580c6cc2cb24fe24a78e8279202a328730107dd40cbd0dc0c423dd9,True
1,13,L32,1736045346126011513,1,7c17fc1ef3b64ad149cff8cc05d1302fde77e24c4e377a2c237058f0182e3020,True
1,14,L12,10528420114759664851,1,b759ec5408842bbc028e7dbce41cc37708fd344a9855428893cffa0b092eb499,True
1,14,L21,4626943018245118104,1,183eb13434b1afc2c732d2898b2eab49879107846564f3d0600c928526140c90,True
1,14,L13,18300724814082888469,1,9a669cc9a607c2b632da5711aa94a8b5dc5926155d8361d0269d80c02a17b588,True
1,14,L31,12923622982945341436,1,2d3ca05363b03f48c1afdb9a14cbc36dffbc902442b4dd04060cf1e91bf036b5,True
1,14,L23,7261567255509367174,1,5450f204d5cd218ff2dfe84d3611dfedcaefc228a837434793bf3a0b004c16c7,True
1,14,L32,3887567174909727440,1,d2b24c73a9971929399f4ec21548de33a40270d208ef61bc92347fbacefa5df0,True
1,15,L12,310902902737906222,1,f3db377ee969894be28adbcebaee8ae13dd198fbe368c5ea02ef4455a63b8ed7,True
1,15,L21,13882825792721114386,1,2b3f6d1b38c660fc93eedcaff4aaab7b5cb9290d7f6fd203db346fcc62d4fc62,True
1,15,L13,7462838922816347690,1,0d75e337ff31aaaeae6fb72d4a2b1393f3c6813d59b220cff4b989a7cd289f8d,True
1,15,L31,11274351189172197471,1,26c62e0ad861f1003f14336936cef80eea05671da90e445bc2aa7ff6c970d094,True
1,15,L23,274499976516363221,1,a0259c92390cb4363bb6571e94975be73e9bc7eb62f603523e9771e615966d03,True
1,15,L32,15306713703705016252,1,c565097cf018827477c87fdad2e022cd029f070321cfeef560fe53c0a1cd7d25,True
1,16,L12,9467453978012993976,1,797eb73e94da1b7324d9240c6cb2c7ee4e95d6c77935153aac1ad79116b19d9a,True
1,16,L21,15439076599764915904,1,82f695cc5b9758a6a448c70abeb919c30031af02a9fc07b3b2b2bd8612618251,True
1,16,L13,10289221808934179350,1,6daa5e7b124a89333075a6b3b304e071cee7ac05032d90703a8488c4c294d528,True
1,16,L31,11583319690375714323,1,007bd58aabdab285239766bde800baf859c44cd2a3a951629e0528634b3d7972,True
1,16,L23,14640234310637638871,1,c3c43d4346ad3551a17ccc1e107d523ed6f7928993f935310fa2ae7e70353153,True
1,16,L32,1227881643936695226,1,e5506c7b9d9a99a87198895bcdb0445b23f475bafdde8b760068966355ef2d78,True
1,17,L12,7127611258646642857,1,c6e1ef26ce8ba1049896115e7a22b70cdfe3d9ee353d8863d9a869f1850816d4,True
1,17,L21,5709714300211166449,1,be39533eeec777c0adfe3bdf0d3350cbe935d7a05de263f0748952ba5202578c,True
1,17,L13,16972999062000878752,1,14d9beb79b5f3c513acacb548ca3235457e6ac33d490e66526f8877409c267fa,True
1,17,L31,10068096146752184780,1,52f94ee2c7feb4dd0cb54961a4e3749862b6feb9f156d7b7ea50870f9bfb9d29,True
1,17,L23,13581341031795890664,1,238773204d67707b5503f6112598916c5b4ce867b29a63076eaaa754a5406dd6,True
1,17,L32,5587389512442471376,1,db3495376ec78b564e64bf74866eb297af6f66744c9f99bd1b1b82b6bc9f9667,True
1,18,L12,1406034365977278705,1,ae3708826529b228d98eed2d2ca38d34848730568395d8c4707d1eb72e219a6c,True
1,18,L21,3126483351388231151,1,96845e0b232c74388e130924d03d7a5f5f0482e5d237dcefb86be772fa57c8a5,True
1,18,L13,13618488178020327367,1,ba7fde397ed01805c9419ffd5f9edf58ac106c5c644cce41fa52dce235945cf2,True
1,18,L31,8213240234928867810,1,21f185978a1d1cac75b4903701cd3eb7a5046b9e3ab25c03d4c67370b531b72f,True
1,18,L23,17895714794265469351,1,faaace24ac8de0c195135882384cb3c7316110b657517436400d2d3a6ce381bf,True
1,18,L32,10380021172173807668,1,17c3a69c6f0c985ae360c0bc17b3079ea452d11d9eeeccda4e4b13b52c66bd25,True
1,19,L12,11367791823661618493,1,67c22aa9d557174d9178423b039e15d0c2e372b4735a3eea754d703c594bb4e5,True
1,19,L21,866876619207628793,1,8026c44d8d0a6d77c533c0c5445ea658f7e46811c2932823d956aa6e892f60ba,True
1,19,L13,13985241000061684368,1,4c79da9c1663d59ba6fac16763d5541379600f832412a5871c5d7102e8ff1744,True
1,19,L31,7450164529090997431,1,300202551a026343e526cf7e28aac90c441e20956a8a6c681b0d57bdb2009637,True
1,19,L23,2250681729705295951,1,ee12289744b5abbb691dae2ceac092401e7568652fe2ebe3ffe2d0f93179d5d2,True
1,19,L32,4049504461959658781,1,b20b73fc446573077b32f5830de97770ff210dee4a23cc7e252271479df0f6d9,True
1,20,L12,12443347515410630783,1,e9a0c29f5731dc4c63cd2ad2ce5a3fbc6db766c9e130b3e3fdae2e982001d7a9,True
1,20,L21,13584245035480816950,1,889cea151c9888e7e7d0721099cb5ed68092e373ec8018e8d21fd1361c9abfa5,True
1,20,L13,1751742962882690311,1,e97044cc2891115535cc3b8933f66f0068896c777eb9a6cf8d7017494f987803,True
1,20,L31,6608560176643716747,1,27421c2d22e3fb5b70ab99fbc03763c3283e6ca0e756571cc8081aaa67f7a8b5,True
1,20,L23,14160130798555675235,1,c4b1ec4d6f2cf4ead33940839fe1d64d87bf8a2a82850b9142a6892897fefab3,True
1,20,L32,4415464336212991462,1,bedd5a89467233af2291d4fdb344fd01920ea6c6f18d4799e9948a28d132d26c,True
1,21,L12,16835115669143945499,1,e340d94cd35e113e1e0dcdb1d71851b4a557b0bc34f5778a55b8f8218c825352,True
1,21,L21,1165198240005117967,1,c3ce3079bd05473380b94fd907cbbcdc6b6c9f26b291de2a66a1ad8095bfb324,True
1,21,L13,17640153056883131697,1,883d3c58b3b426b34fce0ffa9501c2ad7e0a7354ef2ed57851cd46a81ce0c90c,True
1,21,L31,606638213821768865,1,ba6099c68498bb31455e5b417f8d070d2388d2723e72fbd0d6d4886da6d9e255,True
1,21,L23,1214944249993362324,1,36040a215018c693fb98a69addc6f90a0df090a3326ba1bf92900a76fa75c40b,True
1,21,L32,6311366141582789930,1,66aa0c9af61c0432bf6e2685239278ef9e81892fe0fa85a08d93433df5e054a6,True
1,22,L12,17768417264190621834,1,6d5e3f83cfdd143b1476d0c52c292e9ef6fd15b22dad29ace7518fdcb539b33a,True
1,22,L21,5925418745660818303,1,71f7df49bfeeaba2ba84415080e98cc191b9aa675425c2e020ca12131ac13cf2,True
1,22,L13,14823541229083167736,1,a35d92fdb50e41485a8a9f4c74dc21dcf69005ad4552e886255a7d2c1d0409b8,True
1,22,L31,5320921253600460656,1,9a562be150f056f341267ba6284d0762961555c30e3b0bbe0d34ddb0a224149f,True
1,22,L23,17756560809448302012,1,f0707c1d24b5a62367abd193ad3dd708b2cd04f4beb1b85f6a367d3102886774,True
1,22,L32,14994411338824717241,1,f7cdd1fcbbf026ca367f158bfba413676217f1134cb831d869ad11cbb193ec47,True
1,23,L12,5272789307337723823,1,3efaaf65653ce8a78d01a95d66a3c90346f739de0b4497318b923247db9fa3ec,True
1,23,L21,16896308441379221452,1,4edb0cb201fd73cb00c31e3e652a877d1a9b398ac64a6d996ceede02c3277863,True
1,23,L13,11483316356692389497,1,2784d2a5f4a006653b92431637cdc3689714629dba62601178e4e2682879881d,True
1,23,L31,6093225069259774360,1,68067d39bb404e9197cd746f3df823e11b433183df275c2a178a74310b68407f,True
1,23,L23,16767679831979988792,1,fbfef34e8c45b298e413c509b7c2900691300373173cda2cf7dad20b738d558f,True
1,23,L32,9647047553494284151,1,7309440e7530620629b2a513a2f9ca20c835a55cb1d168da904efb4b280bf17d,True
1,24,L12,2627424755241861959,1,3a50bde4bd38e6a5212ab59c0837ed534d0aef1508b71992acd92c437c6caa52,True
1,24,L21,373479925594914270,1,b24185cd9e0d78d60eb80bcf46fd638c4b23eef03b3b56f49eede5c39557c16d,True
1,24,L13,2696366057261843582,1,aa0f3b194f2ee8a4a45d77c0898427798929d68f964af861b92c97dbf450cd14,True
1,24,L31,17279868015048028347,1,3b7f68d3b5d30698a9e6a9843b8fe07c5a80e64a057e1dd101cb647726d25f91,True
1,24,L23,2266879810487157605,1,d6121708ef77e28767c8c84b959715ebecb8e8b7797c95b4f443a84780116dc7,True
1,24,L32,7152973299869532009,1,6cf4c36d1352d0c65654fef556886c16ae178629d6d980104c2dd05bed7515c3,True
1,25,L12,16890726866996591848,1,b2640fc4f858e7cfbc305ae64a609df20ce6e990ee4f46f0d5fabc1c3e98e3f7,True
1,25,L21,12625607098143799162,1,f4d9f0f334f8dc642b8978e0123e25766434cb6e1cd98dff802cedf0eaa04f0b,True
1,25,L13,3189377588432624933,1,6bc4c39e089ce9802972d14d8f5302fced91d51f17146229b4a918b54d09a0c1,True
1,25,L31,14146778301700585523,1,d7819c49cf03b741fe6bc405ace98cda2f5d33d189cd938586413a61aeb21de3,True
1,25,L23,2476646807042017268,1,aba651462abdefb242398968e52037bccc88cccd1103fabc3be67cb04004f967,True
1,25,L32,15655836621487937328,1,a95a0ffed013a045381f33378a058d20f2f3dc7dd57d63f3cc3a975eeaf2d0dc,True
1,26,L12,10601692735615062136,1,4ff2f1abc09438d8e3d2a6391a70330e182fb7d1bda8980fc67573b31b9baef2,True
1,26,L21,10974195273246595587,1,8f4a2c31eb372dd546e5956cf989af59126beb7dde400c6c34cb6b13b6db59c3,True
1,26,L13,3820692508702379700,1,13b651717f7774f962f7d2b5b2fc75d105263b0846be0ebb5bd111bef4a70aa2,True
1,26,L31,16300754273892405178,1,f1743ca931f41c9fb647155e9258832996e40d11b17d5c54c51edbebf2e8c722,True
1,26,L23,18007893823540144038,1,7ab6186f11513e0a85842af74d57021b1d7214c709bf72b3247b88f13ad4a43a,True
1,26,L32,13173621328477893623,1,47ffa6843274a237db9061953bcd068a2d6d64e70402dc28641f3abee338e9a8,True
1,27,L12,14593339158254454578,1,f2b5fc7160373e7f5ac8cac13f5f99c3db8156ba53c0d19e4fe4869388f5bc58,True
1,27,L21,3365456114176648045,1,8a8d958b3dadb5dee65c83b336b49121a64e5660f8aa7cc4b6a71dd6cf763580,True
1,27,L13,10051863527645476171,1,c7151c3f8c098b7918ddf64bcfaa43932bbcd487f965dd70e9f123f8e17c228d,True
1,27,L31,1562508118217690548,1,cc3cf3c0d79e1e6fd0b9f30dadd1fd7336da502f59061e2eeae5a5840c530ad8,True
1,27,L23,12736518636785476460,1,3afaa14e568ac0552b2aa078d97be9a233a3fb2a9fec8fe2e31ac2ce2f8469a2,True
1,27,L32,15930248663097601904,1,c517de8784c421370d9c0c7b06106100a50f747b1c0371314be24913c7a813a5,True
1,28,L12,11543899709528469474,1,e48466d22ef799630b8366f21dcd1c491c57c5ad36feb5696254ad9864c34b06,True
1,28,L21,12404548945453156002,1,f2b0c64f949b20f5bd9ec2d5a9545ac320fcb6aa53ee523073419b21620d4ee4,True
1,28,L13,14416999611490834625,1,34a8facc66668a9e691772743f7c72eee1fc5aebb79395d4cb3eb1cf1b299f30,True
1,28,L31,11255646147067679402,1,0485d311fad9ad53c31e1754d873dd9f65a7cd30746c543e33fdbcc9d343b1c1,True
1,28,L23,6343739323005687995,1,a73e78ed80f89a5692c34db3dcc629c3d97baac30b69c00e007718bef9399167,True
1,28,L32,3334094556558093091,1,71f35f7526a61f15422288be2a3bf05c6e5a587233364bea2db807b211e1051d,True
1,29,L12,13720558895703661670,1,6a6b5db369d75b4c1151c3b6bb0cdc9407712875a6113db39a0be6b4ed2521d2,True
1,29,L21,17870175702774471454,1,425669641f11f147449e60a4720547df31aad0faf702c47a7482aae8a7460026,True
1,29,L13,14055112415286703880,1,2ebef9b9da96b9a0e5fccf329a8faa6d1a96bfb6ecdf83578bed6b0dad68202c,True
1,29,L31,6906458061701330170,1,cc7f1ce511f15a64d2a7d0e3aec13b8579af27d8a83ab1967b29b4532714a6b0,True
1,29,L23,11676260440353407598,1,921c7121393d37896de3a815daf9828c0aa200dc13c2c58a5e6531e0d7f5ddb9,True
1,29,L32,18176795820252732128,1,80aa731ad2a417e28f8e90586dcd4a91ba3a69ac81bc3545b76e945e33323b91,True
1,30,L12,13019535738622484262,1,ccbfc548cea1c54756bb25411d716b10718653775ffe602367d4d0cc460283fe,True
1,30,L21,1536589074862135456,1,f9dae99d98a2f5efa845cf1c40f29567a225f673f64360cbb6fdce80709232f1,True
1,30,L13,299019861987522846,1,aae1dc8746837beee5c3006977cab8325c10dd43df62160dd2c51f970e481791,True
1,30,L31,2574151456985396541,1,f86787f89d829f7c7f18f30f6f688a864a56e4cc5205e67f89779b6d09c997f3,True
1,30,L23,4669115081535605293,1,22e96604e193e9722f274ab94bc495c9f3f6b26b659473f370ada2ec771b690e,True
1,30,L32,8522226795550168603,1,3be8e35c6be921e910527032bbf63e175027514a639c7e0bfd6fb02efe5aa1d1,True
1,31,L12,162202940398964611,1,eec7196ea3da9538c4433fb44b27edebc782907ee17c975fbf2250921cbc4195,True
1,31,L21,15145653023225808044,1,3c8ca91a6f908b7e23875d7d9f53ba5a3fa9ec14f2de1b0b376d149b533ca031,True
1,31,L13,5469198813543580769,1,e8d1775a7d034490a76bb41eed3b2df0bacba966b59908a10b3b50d0f360958b,True
1,31,L31,9688949485696753350,1,2be2083dcab616e0e652125a0b86844dcc38b914acb2196cc0c607d8cdf0b1ea,True
1,31,L23,7280205685859207128,1,101c27141e70791c806ce347b009b4c4a375cda3bc208a53eb0f4252bcf0103f,True
1,31,L32,7386739841935386013,1,5e95362c504633a93ed4abcc81060b8a043f0de327b6cbd9bf9b7c421f2fb5c4,True
1,32,L12,8035849418727710165,1,e70e7f6bd7b07309c2f85d1500303b786ec6d5ef6a7a6e1c2607680e1711a39a,True
1,32,L21,11250319475170005752,1,b9897aed261fab73ce60b03ee6d5ca8fd9ee656c61a7946bfe7f15fdc3fab650,True
1,32,L13,3615758013698660298,1,a9079481236498e20d712f7bdc56a4af23654ad66ccf9012308826a925f682bf,True
1,32,L31,2627571852822589058,1,dd974bb8d9dd9c0e59e9d3bbf717d89de372b41b6131bfc1ca968dc4bc330095,True
1,32,L23,12962921005529861539,1,dc616af068d46b32931db8abafac221c7054dcc1e8c905463c1b0290b50fe1ae,True
1,32,L32,5127335194527400713,1,5a7fd4a9c6bbeef0ce842d391846c148a1e9f34322e33dc86fa0e176aa2895c6,True
1,33,L12,7233058076231882149,1,913a24a7b71d112621a5db8bfd489e5b1e8a3f84a0360cfb2d32f4c72ab80b9d,True
1,33,L21,7363073538722796387,1,79a2723f1ab72c9ec8587a05e5dbd84a9afebb3ee25826cf8908d121892b006a,True
1,33,L13,9519500591206245410,1,4b582c0ebd3f292d0735c736dcf224fc53ce3109a20a2e8624a24a3871e5ec12,True
1,33,L31,4337577776458228435,1,789f8571fe755147db71d89afcc4f63ed6941cb560bf7e8a7c3f5f0580c327a5,True
1,33,L23,16407007135937687777,1,d2b55a70410855d0615309311427cb08b2cef07393992e6a13a9422ade9232c5,True
1,33,L32,17325276788724421625,1,b4afd7d9b1220274c7daff908c8f6b75ddcc5f5122ba62e37f7a8208024d79e0,True
1,34,L12,3882198737667598036,1,fc9f34bae167629ba48f0c9b7ef6b6158e4a0cd7b9fc7e7465424a7b74fe6156,True
1,34,L21,8988700146006667002,1,b33b0a3dce20c9ce16570e529222958db19c8709cf2109752047a0466a6c71e4,True
1,34,L13,16638746329020427890,1,c6969b943104463fbb6cce350c55b53b12a022f488cf1edca1c408037acb8c22,True
1,34,L31,644938170894623802,1,ea225b2ff2b8bb204e23f8231288ea3f1ea4a7936234f2fe34d20f297925e869,True
1,34,L23,9972354185409712667,1,06c729e8340026edcffa1f4778457af9aee0c299e6d35242a5c650ddbf6f2c5a,True
1,34,L32,8916172514060570848,1,625ab842bfbaae11d231bbc4973bbab11ebe7df874e4b34cda032d2b2d54ab39,True
1,35,L12,927787726544324008,1,9adb9ae92838443ee85f08dbf5a9caf64be4af4bd4554f94efa0ca7ed6847bc3,True
1,35,L21,17706210762303445797,1,f123dc20b73153121c1f955aff1718c976bc7e5e7091d44780c938f7c5ca6051,True
1,35,L13,4446754277653860480,1,b2c28520dfb502cbf2f2e3bbc0edfd203066b0fee70ecee7bbb4e3e873d7b8cb,True
1,35,L31,14104531459553375296,1,5fc7c632a6619ba317dba5df3bd4a58e46ceece73d869c9722f8d679f86d36d8,True
1,35,L23,12491230436355357703,1,e9ebdaf0a584fa478ffa2fda49e12c7ebf0d2319e3e355f7682d317de304b7c8,True
1,35,L32,12114297966033431584,1,fc99b4ea9b3f08472005d9aa78e5211ff0b11471fba02e92db4b57e308abda3d,True
1,36,L12,6556409020380901694,1,28f1d6bfb4d09aced7c704919de5c63af04514ae5549b41d1f84f28936708def,True
1,36,L21,4770557242479302080,1,7ecec6d19356a13907d0bc00fabe2812d1200cf18629eef640df4be3ebfc5148,True
1,36,L13,7055254388340585092,1,9af998566dca308e91881a695cc8bac137c9154b48f51949b8364cd1ae6930c6,True
1,36,L31,883950469848950475,1,3d5a8f34066e0bf18b243b2ea7532e439ee725758fee3ae434eb127e71e782c5,True
1,36,L23,800018416956039945,1,daf3507975a5327ed04e501aaab97ccb7a9da38483b9fddd94131bf5e3c78f41,True
1,36,L32,6943722108880027343,1,ea81270d4d87e6d070ecf33da6d654a03b1af8b6e1fc2a868cf5f264281fa17b,True
1,37,L12,15277371496799371885,1,ab0cb93563f128cb488f42f87eaf81034c3e4e4e64d5c64c8b5af7a0d3b12d34,True
1,37,L21,5696518134150634653,1,9b353d56a759640f0c70b16c3a4bdfaff214855c23d65e2b9802338565955b01,True
1,37,L13,8988673148213855038,1,1c36fd2b2425b3f7eee2f3c39c1318023986f3e51ecf289edc9e651fad47ff0e,True
1,37,L31,1283193466420637579,1,73cd4a9eda53477fb231d1b1ff6a50a3430c07fe77d4619a01699d95a29e7442,True
1,37,L23,11463483483595494869,1,4b38c1c2e7a3430120b2daf015b2963445ca0d39170480e054328759333385c9,True
1,37,L32,15793233233478572844,1,2ed8fb25df42ca168867d1a5e4abe675a11549d9f6a504af999206b0590be07f,True
1,38,L12,7564501628480281740,1,9c264739f05c745b737f683847ca4dad3c56eaa1126256e676369cfe52f8c1e5,True
1,38,L21,4917498944672408613,1,1237b0eb5e8f2636b1e63fb00db2f1d7057041151202ec1652fe6772414e3a2b,True
1,38,L13,1490959998566909927,1,edcc70aa5c3517e2d239f808714a104d35389171696f0072a1bb043be7c02493,True
1,38,L31,11804091972575410926,1,761763320c3af080d9c2664e4f75dd2ca2c433d87336f9bfe57de28936abc8cd,True
1,38,L23,7864668204353647393,1,47a0d4863fb79b1c5b22fe507d42fa908a37875881b9ab48bc9c96a48f09cff5,True
1,38,L32,16453583398892036480,1,ba79e6ca7d8e0b06ea135e2459f27469be62f6bc6bccb5b87e660630a88c0720,True
1,39,L12,9567876861064403323,1,4aa8898cde44d61bc868861a0264d9b11f32c3f7a1705097f832176b2cd7e6a7,True
1,39,L21,4672989105054873203,1,b1d9abdbc5654c5e5d37969d32861c330feb4b976a44e561ddfe301f4e7259b4,True
1,39,L13,6468744902944544407,1,0ac27de7d4aa7deb200af2a99ac2163a51704994a5db2d6b18f38eaa2cfa5cd0,True
1,39,L31,7996404123147084710,1,9825213baae382b328cdfc631d98632bd705e7239415cacfa530214426a481b0,True
1,39,L23,2851728665393033599,1,94cf321c5f1d9b64a899884eaf48bb311caa02d2d68a5ea6836db4ef7eb5c6f0,True
1,39,L32,11216892585498945142,1,e083afe383079008e47c380d4b483c61bec92766914acd8490a8b1af0e220078,True
1,40,L12,3752026654354847104,1,729d48576985655f7e751147ebbcfaa89e76663819fab59c8212f9cfa8fad133,True
1,40,L21,15630028834239839649,1,d83d4f53e50b936242cebbae4f0b7880b8848376080c12a96bb20b99fcac9197,True
1,40,L13,7975383224892909188,1,2cc268457561bd71256d5a7c226c16cf46a1ea72eb9c37a803232b53257b627e,True
1,40,L31,16012345538357402539,1,fba13fa52f8baa6f018f0bc629d17568ac89833589a8c8fc72e692746cbae43f,True
1,40,L23,10314559001798685632,1,7a852e1bc0c6361a79c35c264d0ea0c8eedf99163e8cb3e70fe5d29ace9f64b2,True
1,40,L32,4654969502116592951,1,a8e6e2ccc69a426726897e0dbf3add1148b9069db8e70935f7947b88c90f6fc8,True
1,41,L12,13035430725073761338,1,74a3b77e9610463fe9591443dd945ba8c2fc0d59c4484d02d6c23938c13bd01f,True
1,41,L21,10298321616878420958,1,3b2683afae431e33a4774108094d73f8332849f119fa036add94ceb07a1988f5,True
1,41,L13,13630034311270928772,1,095987d5357f7127ca388fb4fe487362d39200e13a7d20a3094bc96b27f516e5,True
1,41,L31,5284952696982619846,1,718bf4ccbf6c4f9289617ca81a3777ab5a7c562cf4bab4ac7e4db944128858f7,True
1,41,L23,4062055428893321271,1,411e714ced2379a8dfe9ed8f3de695f21909035e5cc32edf5ef94b6a71480eb3,True
1,41,L32,7597408055634289702,1,c19caf95cdcf8e6ad0a946f398c48864c73450a1354f9a065cae4db29b4c7d82,True
1,42,L12,14850115103398159848,1,f3771ae9041ebaa032d51853b304d12cf7f18d57cb1f2f5bbe7efbcadcf1c27b,True
1,42,L21,10674186347102124489,1,11c8108a3f835a80b1789ca89e28715bef8ab94eb5609c452e28e509e9908497,True
1,42,L13,5817950499964371976,1,4c3ad7b25abc28ddfb8451f61ae9d1345701dff7eb18c2e19d53175eb5174d01,True
1,42,L31,6806149857882103164,1,cc18ac53a25418dd06bb7470de57d774b1264252f2f36fdd25849967132d432e,True
1,42,L23,664068486377259169,1,45d2037c93caa4a0c29ab35c729f8877d502ebf493ba7614c8c4932a86e921d3,True
1,42,L32,7747842042984951646,1,e67a84d517f6f249b82e39cb12598cae104311e54c79d253649dda627926274e,True
1,43,L12,457132803142411951,1,f8c18844b1f106ef36a386d33473b96a7629b955b1567da85da4538e82fea74f,True
1,43,L21,4058433093216741432,1,b9b2fb42dab5a4d6044fd948a3aad1cf2431d1279629e09bdbff33c8411529e5,True
1,43,L13,16812779557608512975,1,a90c4abc9294f08527bff5c8d241ff04c575d8a391685ed0f4d13eb87f0ce8a9,True
1,43,L31,8756045816535188882,1,56bfb32a8d0f49c56350ca907a4506c8271c8a7ffca95e7b5ca9fdfb7879d8d3,True
1,43,L23,5242746683761282350,1,54971ef5d2f8c0d21bb9c8803e8802b6075da163547b1e8b610de9c4a6b663de,True
1,43,L32,12681436606385870233,1,cb04a4e6984524f1cc1e21dad2b91a8151487d2ddb4fb209841258a59ba053c7,True
1,44,L12,14929939066119894596,1,7687d3740c279a53933cdc42e253ce5d97946363dba95d1a221203cc18f99062,True
1,44,L21,9336041253561608090,1,f04ddbfc04fc5313aea8663e70e209e41f2530030797f458ab703866e7606466,True
1,44,L13,13162245242943647620,1,0c399a4bb874770075c3fa864eb538b281c2db5008903f20b3941501100dc4c0,True
1,44,L31,16690397625543653449,1,ee7accc1ab92e2577442d57f431cb980d0a5fa89a48655ddb44c4a6d7bf04b06,True
1,44,L23,14766416200412074702,1,fd90eeade196a30c9b4599f43d8f20f55ba6ec422777a5e74074f1902de562f4,True
1,44,L32,3732460447737557324,1,0cee2a7e77217f272cd22a4badb66718b69d83c2598cab401ffd6a558f7f1366,True
1,45,L12,3516315137468108522,1,18294ece72cdf3c5d1d109783878a0b90a18778be6c6d024d5de24f480eaccdb,True
1,45,L21,6320015704837412520,1,14c5bec4a82e4a2cda3dc14a6eaa2ccffce5c023cdcc5c4f4d421b179205b90c,True
1,45,L13,8369241776561717824,1,8d06c32db9567ef1fa4590423b4b49956b8b47498f5fe46c93816adb851183a9,True
1,45,L31,15142696476697356113,1,56dbb98019e34aca388d8983c0062f5107498d75b90e8472755f7232d82353bb,True
1,45,L23,14617114763586997052,1,9a51dce77c35b94d0a63499bbd5104b1fbda95aa61fe357babf6ea77e24a5bb2,True
1,45,L32,12569929326290909806,1,5168deb15d95c4a31814297ff879ad3413d37bd6a671eea71de7ba1657d7bfaa,True
1,46,L12,9577966019508934232,1,5731e08a59c55facdd4a4859a21e445a5020ac5d5d2e4aa63dde07ad1a5ee91b,True
1,46,L21,9434895414303595452,1,62c900446c75f3ec207937e307c5b3612ffc57e999e67562bf587a97ddc66eff,True
1,46,L13,4159559480014619659,1,a43d65d5bf3dd35456acfadda0debeb47bd2afae6ed140bc58e54d93f09d5982,True
1,46,L31,18408535403529261550,1,a5307a2b1dfdeb892297639044241af693539b6ec5dc6049fe86963a61cfe871,True
1,46,L23,15528456487521799644,1,66d8c829bafb0e8c8c4cb77da890ca23660964795a39e5f46482fd36c5a00e19,True
1,46,L32,14006652377168250154,1,e9d1c60e0aead438de7577dff584516f83154ba9598c3f6daa349dc71068aa65,True
1,47,L12,17123408286565539937,1,6dc2a3eece5457cf00fdfdda4f7f2eacd7ddfc3b78d56b8e59316043cf9e23b2,True
1,47,L21,855295695024111267,1,d9b20460002706b29f06bb26bc63db5d76955f40952b9c492c7d99197c28cf9f,True
1,47,L13,18337881688157199877,1,7e767130e81629bebc28190125bbee8644d697caea59980087f17a3a2bb5579f,True
1,47,L31,14873480809483969549,1,c1722e86c864d00147922903b2381f4cf600c2efe90b245d942aca6d11fa2a18,True
1,47,L23,6089184286066639949,1,c158743ed81fc6a34a47aa9c2e433c1b6a6c11d1b198ac15b7ac6d837aea93e8,True
1,47,L32,524000635766458820,1,d8016a2c1553927c859297a2cd3a089797387a545cd13bb2ec296886f5167a4c,True
1,48,L12,6103604846539968988,1,dafd67bea9dd2b454f66442e92cd871b6c4c485a1301fd78507d2b0ea35492ff,True
1,48,L21,6877064717022304962,1,565a4b057b4c919c3599f196cdf01e9a70f91c93fce6767163033c225b45a3f7,True
1,48,L13,11724090220301325813,1,c9755840619495576fe51423847ed00579d71303d078f744aa61a5f21fd85a5e,True
1,48,L31,18366054069881331557,1,4239e1f18c5498e0f855bc8727033923574927d281c5358ee96d22ff18524d48,True
1,48,L23,6448050359161772973,1,5158127a87cbd3c263545934c12b11a2381dbdcf7567db08ae2a89eb3cf72ad9,True
1,48,L32,8782657683584067675,1,4815cf434f604207cf26a21225d321597ce70026c9651af42a6684b598bb73d7,True
1,49,L12,7500115359902309697,1,87da4867e05222022f66432d012d025cfdac9a65e089e607e0e0236a4ff1b8bf,True
1,49,L21,17497815995658123817,1,c151ea8465e477ceebf532853c9f5c90587c06846706c4dbcdc9ab978b94487a,True
1,49,L13,14370286220272786723,1,527909293823ccd2d6700a82d7e9a6694e50961c09fab76ee7b2b926370a2e39,True
1,49,L31,4624783367034933104,1,0187b208a5481191ba1e4760955197d648ab1b36888ec8de82639ed74b085dce,True
1,49,L23,3747780660014818824,1,8078b08bffdfb43ba935706165e66a5233923bf552f7de5c05727d335759fba9,True
1,49,L32,7418416135994316275,1,60cdeead1f87a211f91676a86908e5dce96f7741c25a160f0d571153e822a5db,True
1,50,L12,3650749848053625975,1,d3cbb6535ffff658ce0c99880e8137f2477ff85839110b0904a7369bcd4d2af5,True
1,50,L21,6459044637943234603,1,91e9776561e06b3886fd645bee3e353f2e1307e5c3838b2ebabb0ac8835dc3e2,True
1,50,L13,17270413734274626852,1,7b9beaa11d18d9454f5745ac35c72692499a22e5d673cb189fc1a299d6529f2e,True
1,50,L31,3101320274238875040,1,0492f4f083b1719c33fe221ff86adb1dceec27620c0ed09f7c7f0f2b7453ea54,True
1,50,L23,15864761230301637637,1,acc8222e74eedc2b4476bb3ccf9d91fe64993f8975714cad2e0ba10fdd784d9a,True
1,50,L32,5397562301966344982,1,3a7eb3ceaa034be5d4d43d72ea26125882041268cd5e6141bd1f229f82ebe22b,True
1,51,L12,4842032886915211277,1,a595c474205262dde8014459aad5695ca64bb82ac950d35cc76f6fa1f22bc0f8,True
1,51,L21,6456340248683636139,1,0504bcfe492f29e24d91dac0b688cfd50a3eb9789702f19eb851c070ea49a36f,True
1,51,L13,9287579545667159555,1,5dce2bb68a53e253b35634a0fab981e03043d0b585ec8d904f5fbea1eeb530fe,True
1,51,L31,11099497341369493177,1,d214e61d279cbcc38d3827a1e2360eab5c0aaa2086af8758734abc6799aa73f6,True
1,51,L23,11447011373796777179,1,0b2821c2039b018221d46924b335d105bd5e72db922577153415c4c9364af455,True
1,51,L32,4140634660752620426,1,a470463de04f8ce607659ad3fb14fc782d7d1ec5bd6fb8fc0d17626fbe2dfc1a,True
1,52,L12,16418933678602457504,1,4184996e153a3dadc52a781b6d23049efa30ae0570f4218f74aca64cc9122e0f,True
1,52,L21,10045605072088814269,1,d4bd87115d79e6ec1692b51435da76226357c0623e4dae710b96c9d554552784,True
1,52,L13,8648306713323750477,1,8140b16c24e4a5a415e56bf906c00f4a8b9f4ace3462e329599023c06f3364be,True
1,52,L31,15735614070316270637,1,d33cbd05ebed62589470e4ec5a30df20feb7e385122b9096ae6ecf68dfcc46cd,True
1,52,L23,3546895005231986397,1,27634170dfa5f9949452f9d08c23ce1a2c6690fee58bbfe21547064fa33fab66,True
1,52,L32,13989441411362561872,1,61dd644663fd405a26c0f8b48356fd7fd4bda6694310988e7f95a2c73fd5f639,True
1,53,L12,12751428779526139364,1,f3e1e1268a16db3838733b9f444b60726ad51c1e6dbf7b1208962007523c7733,True
1,53,L21,16777107690113623902,1,0819576f4b4d5a725d00046108df7bef99ee286baed088df1f69b422b4d72631,True
1,53,L13,17065917114755365280,1,43face1d83e2d3f7aabb1e48450be1b1d2ae571b98ddc0f9444984fc72193cb4,True
1,53,L31,9984786465664897794,1,70ba0ab7063fe7a0911b99e6f21b92ad2de9e677e67e2432f56b5b89c490ef59,True
1,53,L23,12884706977323158198,1,a90519e597adbc7c7e1ab4c3a8165c891df04f789e006487b4913b15f7754469,True
1,53,L32,6965461066442995108,1,fe48e23074cbdb75f00762bc2cd6ecc4dbe4a58f1d8afb70f122f60dbf264e78,True
1,54,L12,13018547024471893111,1,08ccb469e96da47bccd543e54ce6f55da47dc7347958f2e8a19215989ab927e8,True
1,54,L21,13054110446585056948,1,e302003c6f11cfbffa68e72fcb96c840d0b678303d991b54e598059b2dabe979,True
1,54,L13,8260964913431082739,1,54b43efb63fec6690c7938c248f706b8d15f103c6fbcc965620ac01611203e2b,True
1,54,L31,6106787884665047023,1,82a104082208a0544c091ce4eb6c2a190218d3b6df3c513887f32e4c9bde2632,True
1,54,L23,17139777997222459547,1,a83726b6fbb3a5ad47fc6e171aa3ed631e30d3b2fa3e44415f9c27c283a1d6b0,True
1,54,L32,17442434157246496529,1,37bb6d256757156651385c0918a0c96034eab1ac709d87c1bcda1f4092a0946f,True
1,55,L12,10864126466685150018,1,e8282ec62e3007fd024d6f762df9d3f5405c1f113849bb903ef7dd1484695100,True
1,55,L21,13520285757688354387,1,9353d2509f36ee8670f94fe19ae2a045b1a5a9ab57a5c835cfddef9e8da66fb2,True
1,55,L13,1014234364679677336,1,b19fc13a88a0d184f7fb5ce3055981a34930970791c87b359285350e40910294,True
1,55,L31,17022792973018890452,1,c4587b1d36fa47335a37c55e2be69e51447897dc0563064719b103884acb5eee,True
1,55,L23,12755358310940232018,1,22b0998990b77eb33d2d009fec4c2d359766bf8ccb6ad447924a4b699fccff0c,True
1,55,L32,9232549298915831873,1,5384f2abc45da7531302b617bedcd87b09bd58649c2f85d9f26df03b3f626ea1,True
1,56,L12,17991392362885472111,1,9995cd0efa38b90c6e573cd1f5f6a073486fcd3b32f973b820dbb3fe51180472,True
1,56,L21,2521579134960925169,1,d21f145842374fa5ab1edb8e2285b7d8d41a41f18cd8ba2ce05143530b8abdbe,True
1,56,L13,1614229976012960816,1,3eef4c7fe77b1c3462e34e106c8cb58e66447ce724827fd46e51e73c8602dd47,True
1,56,L31,10504977478262726121,1,1c2ca41b76788bbd5d583408e5dbb7c4ef0bc5797a766295e0c32c8e0214982c,True
1,56,L23,1451748992714843832,1,32e57fda22e62d42c00a35bf92ad654cb99e3d1d4adde37e8625d16a33d96a79,True
1,56,L32,10520018385788538007,1,a82074b98d55f9f028afb0c52457205132bee7c898cee3b1d2bea34c7cd20c0e,True
1,57,L12,6828667894426152785,1,83f383c7337653b336fc3c460c63268a099dd5b1c52517fe83938a19b0479121,True
1,57,L21,15686078053884619540,1,0c1e008e6984bfcc229ef22db3a58e87ca0af81c63a20d4eb55daff8af1b4e1c,True
1,57,L13,13423515934096645483,1,85561f5545c33711cb9a1827d4e4507aa3f603f6e02999dbf53fa67075397906,True
1,57,L31,7519721551494524487,1,3e42367afef6c1f17cd04b5e0966096cda7323a3253bb8b441e41c65562a138c,True
1,57,L23,3846222170984009886,1,63da48155b3f9270b8d0569c95c701d7ebdf8be5ee23c280cb334bfb4f621a66,True
1,57,L32,7890986937379866988,1,b6afbe78f49cbc6a1ec498ffe1f93f8108e5383c5e2135a5cd0430db9561a86e,True
1,58,L12,9718304395926294223,1,a094af53d7d56cb9d5fefab29a75d7d1ee5eb6865e5d9a4ad788da86559addd1,True
1,58,L21,8737590559345383241,1,92f0a18721a0b57c2f7eb07eeb1405515079af825fcf25c0cc944c7807923466,True
1,58,L13,173275754412339045,1,31dbc41f30eeff6597836da433c86870b38e48c791de9470bbdc1d017f884962,True
1,58,L31,10968804503225795125,1,57b0da872ce1c8edbba89fd378d1b0cc11fa435736f84d094e3c0589f5d5fd67,True
1,58,L23,3992093509737900088,1,48bab9bd9afde63135c2381041498aa2688cad18f489193cfb173d27c3b8af0a,True
1,58,L32,9188613661363088880,1,c189bc5f84e9266ab1a921debf55b155127e7b3a90bf095969449be6fbfec1fc,True
1,59,L12,11157476250142045321,1,6c941efb1511b71f1a25210497e5bfa1d22b9d9e57b472fcc4bfa3b0d9314e66,True
1,59,L21,11885220264612058857,1,0e41e8f6d86ba36ec53e1d70457b53af1541e7ecdbd0c0fe88e30986553b7c19,True
1,59,L13,2685549760749755736,1,6822b3c9356e836da1850f4e55613c4eef2e9a2bf2766856964b8ffb222e329b,True
1,59,L31,8523832238193617750,1,7a7c8b430a7a93e5db017c271b73e7b55e7c3e77b9219dc134cf00faad8b916a,True
1,59,L23,1260663389307744880,1,7af3d086613e3d1bacd7952333c734dfed30e4ef5f1ddddbceb6508afe9c7670,True
1,59,L32,6053642776245793451,1,a751444c06d0f8b92b72a6690470f5709796719a0a20b35e5005631d34f4ea86,True
1,60,L12,9850010824470389687,1,30f28b040b543349912d8b267971fa317b78e9eaaa181f2b9ba52dda00e47ad1,True
1,60,L21,12982984539930139484,1,655925fecffea72c3aa90bb9683d00692f68f49011f792d4a6d68481cd8a93aa,True
1,60,L13,10708965086802663084,1,246f07e112a443b564dd05cee46b2615aa3ae52331259bece7c6e8fc3d434d4c,True
1,60,L31,2063411414422205110,1,49abe41bb7f909b7ac3e297e445dcc4e731533538257a5e1b209fc722fe77d81,True
1,60,L23,7166586704638877882,1,ebea6ca2d70c5050df71a787050e277f79dbacce1b1e408c023fc661f495fb1d,True
1,60,L32,10655002918999735849,1,d80dc1c3476d01ed250cab85383eaac942cf4f3435d4bb36e9051d61f1ab1737,True
1,61,L12,9900443257647191901,1,28f7f407189d59405f880ab6dc2d2330a210d9df62b7ef4f04d73970b841ebd7,True
1,61,L21,2838861616360824014,1,8c4d8fbd2c7db3bf73c6e0daffab9e10a79cbef3bbef1205a08743210eb9c9b8,True
1,61,L13,15648191317616532981,1,b342f267858e40d1ca778969bdbda416b777758bc6c0e074ef7708efb8d206f7,True
1,61,L31,14911177564887051274,1,27c9271c3c93c9982c94f8cf4a8acd5a92c2f65da8c8062035c00380936362be,True
1,61,L23,2801850958512571853,1,11243168f31bdcefc60ea1dc35248fa88354b7662ec4a2e8a4c909d059a8cfa1,True
1,61,L32,18038507489312657585,1,5af512a6ce8e93af2dc63834b7172fee011c3ccb7918694ebe84e23ae3bad372,True
1,62,L12,16885131448423642776,1,a5716cdcc10b81c5192d1e9437833a375e177f236de8251c37a19a8731a76bd0,True
1,62,L21,14184847421011534269,1,9d53a8bb69b364308da9eafe5399557bdfe41fb423ff59c2032f6d93903932a1,True
1,62,L13,16060748461015213911,1,5773103bf5b413abb76756d0a55e03e8cb64c3a3af83737ea02620ac055dd86f,True
1,62,L31,11540541394110200859,1,a912c097698c5fb2a5ff043c0e9f70a88379ab8888beda2eb6f07ff15e02ff61,True
1,62,L23,10089350617493039283,1,aeb46c3a786249dd57a816fe897b854c6a62fb8d0f783b8d132405315f91b0bb,True
1,62,L32,7193312949809479627,1,c39b41d11c8354fdc40916231f75e601f66190bc25a428543f86eb09a0e1c919,True
1,63,L12,8855103423440529288,1,884607d1e156f84f031cceed7938c654758269c23bb965b9263b089c086d29b9,True
1,63,L21,12559079765392695327,1,461f1a1c3214127c2f0ea6c4aa4ef4feee6f708632d504345bac8c7a00c130c9,True
1,63,L13,12830519877439889821,1,30169bd509c4a37c984f0ed8cf84ef9687c19278476931500e01735385ee22e1,True
1,63,L31,17752882140294561903,1,ee1b12a078715eaed589262b1fde3b255885ad16244455da50468d11caa69306,True
1,63,L23,10129508546783747643,1,bdcab7e3bdd231baba9e1111a6e1240392bc5e880c0f5aac0b55411e52e19a9f,True
1,63,L32,10520245129794843377,1,a0335c22617aad73f08bc06e673d3dd229508ac1ee9671a3fb60fb0d15dc8918,True
1,64,L12,3935323073373801059,1,8042a0a26cadb8a2b828561199b398e8e9ed9c58c5dac08ae6dddf827f4f3ee9,True
1,64,L21,3619793765821531203,1,2c4e0111e0fbea9f5a070884fbe3d5438f9a6e996319b49531ef905272bfe9d6,True
1,64,L13,8484006286558661047,1,a3709825c616ff76695e024fb5b08a7322d8066e9e551d79617753726b420c27,True
1,64,L31,11988109077475667070,1,f2482433682d6d3c6371b26cbb698aa3cb113cf1357119919ff46c7b00043ae4,True
1,64,L23,13738924417846449431,1,6f8b615adfffcded1056620a8baf9aa23928d630acde825b95e60e0f2f2e0b7c,True
1,64,L32,1936638815859395652,1,7970e67ce9dc38b3a2b52e0f5c042dbd0a6c8533ac64234ef22dab8ac989aab5,True
1,65,L12,9087504874053278202,1,1852039b08add83f8be7fb7d98f0b596ac53f705872a091cb11aa1fb09276a8a,True
1,65,L21,16669514963977573433,1,b61c0e726d7b20c183a4a79daf1b37a1c3d882dce0b69ebea9625c795168fb85,True
1,65,L13,657080584934454724,1,9dbc55bf1f8a15217e9dcb5b42ff1a146376c82f5641c13ccf6e8bea59341075,True
1,65,L31,14356483952559781156,1,93be09903d7ab84346b17fbf0aff6e33b8ac89564529bc4ee5af7c23a2e54a0f,True
1,65,L23,5055090497924117298,1,8f7e4e1e43abf1838d29a4f2c407bfcde9b43f3cbef7b013754450a56c683851,True
1,65,L32,12940587191486704620,1,dc6670bc2155f2664a132233d6d8ebae8eddde9d69ee74549e9c34ea6cd1a784,True
1,66,L12,5137021286826588896,1,37cdfd87daa2e481c51d30e175f9de2c9a5d24ac5ce1e6e5f7252a90c408d483,True
1,66,L21,4305901317313384367,1,8f96e5e20871e2eba7447c2e855027327478cba5d6fb1bc88f89c6b316c780c3,True
1,66,L13,9453522550191924624,1,89c2bec31ff327630ffc5d617fdded32eda361f3489487dbf84edef5f6657b11,True
1,66,L31,5110156383694393994,1,06d10ee3d350a39fb6b59c7472c48a65ef5c4b4e74d40eea4ac85726aea46254,True
1,66,L23,10364652190597449519,1,d27ad73bebd79bbb37279de5d6d5ac49c97a0528668041f41f09cdeedde8a7b3,True
1,66,L32,14194468252762667802,1,487871e263563a419acf9e8234d09e0ae99ddf0f78397dfbc2d8442cefc12aac,True
1,67,L12,14183296434698561792,1,15a91909d9887d0c8b91c4da8fd1a3a58f6be4ba46636f667e75063aad32aef9,True
1,67,L21,18038925744059027942,1,2fa4e8bb8da863ad9226416dd5207a77894e969afe43d751e9a3a74af0aefc93,True
1,67,L13,16780440930661939700,1,687f8e52844d732d91ce9abe9c623b10c3b953e759709d767f8677d3157d792f,True
1,67,L31,14450120301996622004,1,273bda9ffb098beb03506fa239ce575dec759677e15bbbfe41050b5a8d30f050,True
1,67,L23,14261601816957095801,1,9dfe173d8fe87e296b8471654312d23ea716d8a1a850f86fd967611819ea6b2e,True
1,67,L32,8869192507473720390,1,27c9931053eb8e609223bcf64600c2beaeecde89ecf16a3212317926a37316c0,True
1,68,L12,3027991745792683574,1,72dafcf02cb31a7247d0e30ffaab5ea0b89658f981d35d6174c57ef3e2d81554,True
1,68,L21,14100495887734018323,1,43df79f6743dc6faebd8f521417a643100b13b54151bef0ae264260b45b79fbe,True
1,68,L13,11898423153780183718,1,1c75d0bc0e1909a6889de9404edcb4b2e3b39d79287b1ffbd69e5470f28e9604,True
1,68,L31,6983122686919956271,1,bd3c7799d65042efee318855aa56b408d7729a64400990d336c4be51b298c85e,True
1,68,L23,14267291867030662518,1,f5a4d975ecfc6b213552106220dc41a05e79af426440c44f399c64b13eece935,True
1,68,L32,9383879281211288366,1,fcf7c8388b3d0b16a83479987a7419bc978205ea6b1e9886505ffaa5269597cf,True
1,69,L12,3889750968760567671,1,ad6b6a8795a558d721673a50bca2f89e0054f5aadc3e814d8f173585f404be24,True
1,69,L21,3818174994884502559,1,9079a8437341d9103d6f297f28d6c8983b48ea7396cebad5a25adc28b4444b17,True
1,69,L13,13210645892495824627,1,b91d16210ca64b321c6e0f1a56c5c72552a8cdce7ff9e7500f8a399aa50534f6,True
1,69,L31,1359669890659661036,1,2ef041d6d095a6265fca66eec55797528930a838b478153bdf42083d76115164,True
1,69,L23,12071177925260571951,1,f3cd2ce9852f9d61e6fa7b617ff402ddd67b20b6c2b96394ff6f58add82a6aae,True
1,69,L32,17041658302104214207,1,be08cd35a8528aea1e4f89581c245a081a714b1ad25364c161abca6b040df4a3,True
1,70,L12,17196731041501987411,1,dd0dd091e1ff48e605c0b43ca370bff2c32a941051d0caec9c6a152d7bd56d86,True
1,70,L21,1653426770687681791,1,5c07bd5669865a5b24797c522b613e4c80773bbb399df8dd4493f04679a1d5fa,True
1,70,L13,18348160371127767014,1,543c1809feb8715f2b5e0600b23661df3a832653af3a542e6b9c5f7a11b35831,True
1,70,L31,10104446343958955478,1,603e2048cbc56d26b646093bdd243ad92e58ab8b89710ef925f5d2e5300f5deb,True
1,70,L23,14649755665255384308,1,ed846bf00472757d4cf738806bd37474792d78a992044c0ea950a7a85d2489ad,True
1,70,L32,9357979154492131018,1,091710da082c15e8af1a887969ce91a6b835667c13b5474182b0053bb00e9bba,True
1,71,L12,16073428215952168614,1,c245cddb3f535c1404ff423586758634a00a58e1df877afcabcfb4a60f63696b,True
1,71,L21,4129396523445820006,1,7cea5c580413e315a902d816185f773c636b585c7bb4beb4edc57b4753066b5c,True
1,71,L13,4937272670947339221,1,60cfbd515517d202dfb05356b34d4f2f6acb2638fb2af4680e3fda3939eeb94f,True
1,71,L31,14161697686290914370,1,1e542e3cbcacf37880a2273b2ce48a48561141a7f3eddb6b129d72bd82f65300,True
1,71,L23,2487299211310350692,1,150406e630f8f861be58fc1d354ef7837bd68fac571f935e88c9a9e80ec7d38e,True
1,71,L32,5932921755513926248,1,3930c7187f5b490c2e6765130d23dbe775ed345a51847023664d13fe0656ca53,True
1,72,L12,9446517751263494602,1,c9430e1815ac7f6a284d7accdb45e7c83ac713ba9a82280f5e8599e211468a8e,True
1,72,L21,14507372969123296458,1,e3926d5f6d3d544fd79edaf9ee60798cbe99ba680e4e852195e93124dbbbb598,True
1,72,L13,7009070437294203497,1,a32604811388c8160cc16a22497f964b493392ace39739fc95d2464704169f5b,True
1,72,L31,6354900231837051765,1,19ba6c8c19401c26edbe0bb29c5f2b5603517d0452a25c2d3b3e10017d714688,True
1,72,L23,17799082516753099399,1,7871c59f5fd52f9a21ea683ebe5c43da256bb7bb7e554549207efc9c9c916bcd,True
1,72,L32,12065820638117983990,1,8d6b4e687b921b5ea72001c07f5ef5927f8984fa395bdac537b0e34c91aa6761,True
1,73,L12,5943829917714903119,1,0568e61af81cc342cd01d7c83522cb3ea72f5a2bee37edc42015cf4bd55bcd4d,True
1,73,L21,13780400820052095043,1,c66465b2cf45e900aedcb0377055bf933db6d9f73b8aac02847415f70f55aa31,True
1,73,L13,3448960232501952811,1,a3be89496100c0a46724544022cdcf297fa658a21b7a8ac9be7f4e8318418175,True
1,73,L31,5636150121059905128,1,55982c5bb19b90d18ef4d7f88ba2f3587a12f71acfb2cef3cd253845d93d0ec3,True
1,73,L23,11504985150122461294,1,fad87b3f88ebf8d6dbc9113b9131a8ff2ed171fd93a4bf7bd0d141218ceaea2b,True
1,73,L32,5284706845493717679,1,ea0ebfa74ae9620c9579793261912a2a88ebaffe0a6755744a343ab22aecb210,True
1,74,L12,383212699517459094,1,848938eacb34788d09403f7e4d7fdaeaedb2668e17b40320f3a4eaffadc854d7,True
1,74,L21,2360533162741967827,1,d203ba713e416c633307e98b0f0b7a5f042148ebd857b8db1497bc35a1cdfa12,True
1,74,L13,17402735309350392893,1,9f922dfd654cd2fa19249cecff9fba028887844fd9f6776e437963aa7bb2440f,True
1,74,L31,2754134408562375563,1,e87a592c555ce59f641d270634491111dbf99c3b2d23efd5cf33e875ebb92b23,True
1,74,L23,5075242803829176289,1,dab89473d30014d1e58c395e1c3561719e35f92e07d9ec60e5827f2bc26de2a3,True
1,74,L32,7326771510646422554,1,cbb498146b339fd01fcc3f40a4c5a809817c737c48b031e2593eeb7573960608,True
1,75,L12,1157018695925749249,1,29a01fa0631237db50535aae5039b1b6b4ccd4ad5305b880740171c7dcacf1e9,True
1,75,L21,12502513350654742576,1,874c6ad1c7241b3f433ec142adc37d6ff4b194f33628bfdae8f445f348f23aca,True
1,75,L13,2763908752609454404,1,1ec64493d310f85cdf194aaa1ff42929e3ea095e525a7868550934753f7cc2d8,True
1,75,L31,2207360576330878524,1,2c59bf61ed32e668743af92c67b9b62b1d4954cbddd8273726458607da367d72,True
1,75,L23,17185045208757078138,1,0d8a44e98ccc08963d306732ea8655560a4706a3f0e0f09ea8113bfbb81a16cc,True
1,75,L32,708829789469969681,1,bad25f3f0aeba9349695d4276a747b5ac58fc7749c3bd974c1220773c69927b2,True
1,76,L12,10973790845571743006,1,5be8f2bfc42f57022fe5038cdb04da442f2bf5af82b39e8ae1190767cc81a254,True
1,76,L21,15667425403272577179,1,4bad65402af8158764ec3fea1c21fd1b8a222a8894e9fff2bb34a070713026e7,True
1,76,L13,15526078843242751789,1,23387a951fabc7eac4d539b7ae4eb5e90320a1c85dcb6d6843d28b7637b7dc4f,True
1,76,L31,7038987310154758817,1,4d1bb0b170496422c73f1c88ad9d321a6ae1ca1be4504886b0c70cfb50bf0749,True
1,76,L23,17837425057032027832,1,d3a823da2fd40b72193941dfcf53c36338fadfd741873e0977b44331745d86f3,True
1,76,L32,16742956945226767962,1,6d25b3c5c3a0559c1cdf2b0d26a7e7dafb0b8088837cd6a0341987693e0a3ede,True
1,77,L12,9686530952782474925,1,d08cdf7c144c1fa14993b107a0fcb1780151909a891fbe8a86916be74806e1b1,True
1,77,L21,2559643424247408687,1,fb5017d71aabb4901de18e27cfe8af15f0f77c2a765cc128970a06d4afabf8b9,True
1,77,L13,2846269907089286199,1,44b16011876fc7ed0e88a4d14fb2646fdd10daed342311122e0ac4154cb94d13,True
1,77,L31,6876952300899949944,1,1aa0a4cc355a7995d97c981e28bf4ea2b4b05983e22279558a25d2d246cfc96c,True
1,77,L23,14943306151532623122,1,0aab73521d7748edd02f66694649f58be12eb8040623c7917913d72c8cd5ff3f,True
1,77,L32,8091883294118141423,1,41f2670a50f91ce14cd2ae8118bebe0e28676341658c00f42fc7755d77d136f3,True
1,78,L12,2406196583621896528,1,d40c800b9fd0c92749a0c1cc36c667a40c04ae95f09aaa2297705cd221be1e4f,True
1,78,L21,12869871030804219953,1,0954f4c97f9b7e2457bbc803cc7c1615fefb61f7e2eea3e8d20e674fdf69436f,True
1,78,L13,15126976679304193370,1,08647f73dcfc412dc1a03991b5251aa7b013a31960ac2a94e73f3e62f1c3579a,True
1,78,L31,16803607376504779129,1,13d625e8f7f954a9a5251da6d4a012541126d6e71450fb759641950160cc33a0,True
1,78,L23,11807521270218044998,1,411b0296874cb7e4481643e9695ed6ae5aa6c9ad45a5723ff1bde6d6883db602,True
1,78,L32,12146840934009216291,1,0c37a5227bbb91d1fe9be522f91e338f2a8df05e583108a13d5184d445b73e6f,True
1,79,L12,13798685464342888357,1,41b91fc8445c746be4346dc240a59e21ddbbe49f83a99c7cd1354070d413097b,True
1,79,L21,923095890580749538,1,0b97ef91d8836140b1d3ed96a05f067029055da8383696f15c4dac0837ae4805,True
1,79,L13,1057746683348460234,1,e3c02b93d4a1732e854c62ce6775343968fecfaef71902bf5d0cf3fcd690741f,True
1,79,L31,6343402555148591856,1,f37053cc5898c8d19117ae12654e966948a6d3ef3a311a1d0f401b7a0dae4772,True
1,79,L23,18283038479744198994,1,f17d8ac450db5783a7f00e0f92db1963a7a78ed0e87e7ffc121e937b6aa392f0,True
1,79,L32,9080408502424259232,1,f72e75c64c285b47b411e3649e12b24dfbd80d8d1da0720ad8a865f54cad1ee0,True
1,80,L12,12998718645107433056,1,3009cd057ae7c3e0fae8492371da3ef8c6d8a066388958280a6243c9dea0483f,True
1,80,L21,1625606742344628044,1,0a39e48da9f6302a455dae04f930852493aa4583e24545002bd7ffa7086a1dd7,True
1,80,L13,16889464945831899557,1,50d2bca29a81ba232c8b24b129ddebed014e419a1373b8fe4d92075aa7b5f74e,True
1,80,L31,18119805563479408991,1,cb9356bf784240cecf10fa990fdb145fbe8fc7a66180a83dfc5d3dd4504fcb91,True
1,80,L23,12228114373278404464,1,6ebfef3aa5364c83a11d494ad21b7ec0e6f7c55e1c3f276f76239032b56dd0db,True
1,80,L32,7104025356837552286,1,8705e50b27a8d635d582e17067415f8f08803a6844fbda048ef6c8da80fbfac4,True
1,81,L12,13149809624065457791,1,a4e47a31c071eb2090f169bef9137854274f7ff54bb7db87fd761305404062ce,True
1,81,L21,15360735386479974338,1,edd3599b9befe57c5f3215b4f8ad0a64ec774f132bb34020ec3c0c203621680e,True
1,81,L13,900413478184727593,1,c604e8239ac2820f90425e89d2236a8cf22957c8f9c33430bcf1f66149f15eff,True
1,81,L31,3364287100763765533,1,392c0917768384c82d272e6f4320615d42cb068024a3ac3c4d5a51ddc8d5a407,True
1,81,L23,1281018328277630826,1,a14b7c7e7d15bfef5a7409fb524ecf3857dd4fe03e7353f8d3decffe339dd609,True
1,81,L32,17555061738898047810,1,fab4e754912fc944aecc18b5eb21f1ff85d300a2ce7aee4ed526f0826b35587f,True
1,82,L12,10358249738275838790,1,18c9a2d798dfa8972e7967584a40696a5c9ced74c4c6a7fc88001c8cbbbd30c0,True
1,82,L21,6378216816091042948,1,a206b970b2124d4d2ab2648f3664bee67acc2d44861f4881f31f1b5e8b4c0082,True
1,82,L13,1945270868794372130,1,8489363e477898478573118e1c3e4749248047ba645e87c3a59ab518640d9121,True
1,82,L31,2865210987831734752,1,b3b660aaa4f8a81511ea1698647b1b59aca032423d835861fbeeb87927eb6c06,True
1,82,L23,15974260445555591726,1,b09cc121d3bddadd9e7116e03c370cc0f37862ef68823c4a1ec738728819ed7c,True
1,82,L32,3785584347558341079,1,b00b94a14d451362593e6aa1e38d0f0ef042c124a5c7741c0893380d38f63492,True
1,83,L12,10012416863037039426,1,91c83c869bffbb8726a204422dc5a80ea676c17eb42201a2836faa3910d1dce6,True
1,83,L21,5855962607358692558,1,238cdd96a16c2426d9a2f2f4a7807a2c27d412fb5d8287239a4ef9db3c94e0ed,True
1,83,L13,12349463471769978284,1,6338b945090405f859a5e1db3777aaa3963002c9ae81b50de8b71bec1fbafef3,True
1,83,L31,11580785759438459450,1,4683b249111e758fe7261ee29c58938f0175947d67dcd3da503b124e2c3b309e,True
1,83,L23,6146200783684750761,1,d6724f273d41f38137e1ba894e649ea42a840e9849c7e97c9d3e90b0d57c47cc,True
1,83,L32,4177036988063929493,1,20c17f37107018890a00edf44e333b97852ca981a1cf791998647f8e4362d749,True
1,84,L12,6963605844206830157,1,2b228df323955ff69b067b89cb9bbb47d1c751c64f425b99674fa6c51ee12b17,True
1,84,L21,2367609399159610891,1,ea4815fbee5ed5031494eb35ee34e343e76ebf2c3ffd88a033e0290e53269c6c,True
1,84,L13,11060845086342632973,1,badfe5b8a29cd51b17c2a8a9159bdd4f2cfb2d9bd186a67c1823318c4deea857,True
1,84,L31,3865796360098687636,1,140023fe589d55cc8d456e05ec2c74e58fb84a0b212c1098d6ad36ce6f052916,True
1,84,L23,13646156445439897802,1,d4122b19f30472ec7eb5637b97ed407ae217be7241b725c022bedd14b0500184,True
1,84,L32,16451262574213437312,1,8ddd98ac3dc0ff740ec01a1604fa6d3fb668acdfb31e6e9785383093c30d08e1,True
1,85,L12,4013002482258856032,1,b4496a9dc5e50e1e2318b9bdfe2f8ce4ebfbe086cbcd8497b114620f147dd6c9,True
1,85,L21,106355870997140602,1,0db184e2dd57cd58d9d0483674149fda75f11a4a5ea228950494c19e9d1f84c2,True
1,85,L13,8440194523019865869,1,d83e16e370f1c168c417701acefb0ef13598e284f76df08e8cf6db7f2658f9ca,True
1,85,L31,5873052120363030001,1,4e27a9679e6ec5d34ab2ad48e46c671bf09668bb5b46e4fe073c1ac9602cabd7,True
1,85,L23,7397159197976654104,1,337f6d2aff76ca4e7c8d54b2275dccb47b323f41efa54c5102608c835738b039,True
1,85,L32,15706531175310521285,1,0384f06c3a6126b58608e2b7b04708801f3105b2242ca17b0ca8f0ff648128e1,True
1,86,L12,10653370200778185389,1,0140d80c31d863cb3ebce5abd2bda9ec2b16355d9921170b4ab3aa552c4913b3,True
1,86,L21,4746284209566545468,1,6c1691956224c0ec2a6a6065f9bc5fe32cb263df746179fbaa96d6b02c494efb,True
1,86,L13,5783962023954011278,1,ab3154e64e77267cbd768d3c62908af7d8799a68dba8015fe81632baef05fc9e,True
1,86,L31,2878844019710497755,1,4b71a42b55d2eb6d71ad430359703a6208ecafd93640af849a144a58ee27f00a,True
1,86,L23,10910625003432951348,1,90120ca021a7bfb96148daa192348f7fa2b5053ea806faa17f58e0be3846ea6d,True
1,86,L32,3390421016406385964,1,dee4d71df33e0e98a69e062b04208256caa7517d4e5308574b59e1dfc7141b15,True
1,87,L12,17911621887163722013,1,3b4944161b872794d29844954e1b755fa4e5a7189e6e3070c27a9c9dc58655bc,True
1,87,L21,10521728566007221789,1,539741f82a8b8ec4d3701f85489345c80c46d24c9cbae407084ea08272c67478,True
1,87,L13,5189586117769365996,1,d9cdec7799afec5e23a55328d534bed56a9bc6cd0f176bf9213cec9577a7d9a7,True
1,87,L31,4668024808221344040,1,29ed20e51e064262121bcc1c299cf377c69cbd956ead10560653c9d5f78fa54c,True
1,87,L23,2821282685807894360,1,2ee8149decd97cb1c4b5f26a0499275c4c9b8543683fe9258dcce32106b38363,True
1,87,L32,905645513780555945,1,749e42e51a53dca0a6eb550723c4c90b1814de12f25c3922864cd0504faabe19,True
1,88,L12,15161094966188775511,1,193fdf1c1c683e5f989951797b509ae27336712fcb5b51f32490acbe62fece46,True
1,88,L21,15944649006010176231,1,2ea614e180b2ed0703709180735c533332dd18d96fb67a5f5abb2770891a971d,True
1,88,L13,14049078859625353047,1,cabe6f8143fda1b685f7567dc4a5540798985f24ebdd1e1682824d3bf1cb71d3,True
1,88,L31,12596773714282897115,1,dfab6c5b1df4f4d48d6d76f6a2e760de158e8e72a5a6253768eb56d480672f50,True
1,88,L23,14431340971217990721,1,f412c883ebdb8e3dea791fed651696e264b4377be41b35d0de73cc705b5e77bb,True
1,88,L32,3093146561261157071,1,24b2b11bbbc49c065a7c1da0a48b562cfce6291c50468ade211bf7e6e3bba313,True
1,89,L12,12505100375027081949,1,754247cddf67b3dd3e0ed82d424ace9736704170d7214c34abe436ffa26dbd2a,True
1,89,L21,15563731722765439714,1,acfbef50e98e55c108ae0bc4681fefdcd47a6ab8e3a291e65bc08ba4a68ca831,True
1,89,L13,14222255834404972553,1,8e8a4ed39eb38f196917d4e370a71afcd08acef1522fb56dd3c40971224d5598,True
1,89,L31,1607334577660933641,1,aa62238c51179de0fc476f615934598f0d41c5bb94b7d33fb70acfcb2be9566c,True
1,89,L23,11869629309006864932,1,4d1b63972e032e195c4b5fde32d9104f98f987224338d0b765809453d83c0c39,True
1,89,L32,1613458549850303764,1,97f17da7a920ca02f1241c85d75069ec9073bb1138dff3ba2c79f6eee740de40,True
1,90,L12,2261106475026112515,1,5bea409f305f797489eaf8c92dc69acf2fd95000a49a7ee64c7b16e98ca5fefc,True
1,90,L21,2187082510715381502,1,b7d0aba396ee30f808152c79dc6fee8c59352869261f7218e263c82b3c7115a6,True
1,90,L13,3323316159813622341,1,77f95b0b8972f1146a2f80803af026205977c6345d2ff7e9b4ef69f74a8b3a61,True
1,90,L31,14163061464327752955,1,98e78ead9900bf437ff8a1cfc990a5f1aac0065c5d2d7ea50336f2acea00ac27,True
1,90,L23,1959471735931777064,1,f81452df1649349a0236d37830a1ee4847b94e48b8d2398a70976490a983676a,True
1,90,L32,13606381489735168584,1,34a014d130693e796f5c16e0b70b7de667484ba1a59336f039d89b3de91c7659,True
1,91,L12,3237537982127291695,1,77e8be9c9a31cb12e44fa51b9ba3993ab69a54539a6c410076d8dc9d75099c59,True
1,91,L21,5276443919762403748,1,0c241628333dae583ca811276c92347e1f1094adf3fe26f674c9de84dc03b124,True
1,91,L13,6424535408267603557,1,eef8336e7aa094693bd27695ce17c70d390087fb1aa624535c110c318d74c2e9,True
1,91,L31,379905569989670260,1,b79d0f0a9614851ef234ff70e1a8c8c3d06afbeb2678832c63c86b2508deed12,True
1,91,L23,13769409180007314814,1,4cd0f0e35bec2bded5a01db45e67039dfc71a92c80d6dabf3f3d1eefc3be5cd0,True
1,91,L32,6103698775991172892,1,25346c602c400487fc0e0cbce375186033ee823ae4082ab3496cf62e33600b30,True
1,92,L12,229966811176549351,1,3c9f58bbdc2f740d9dcf1fd7f54e2026e7671450fcfc05f912a7b27b0ea9fabd,True
1,92,L21,3549009251471562544,1,d7b7b882d98740297bec7dd3eb407fc7654f8c8672e80ca46b554d76c4a182a5,True
1,92,L13,5128655875859652153,1,15cca20db225adc3cdf7d55a7ef0290a5cd261c7e08caeec5e0431313c1f2fe3,True
1,92,L31,5856693111364173231,1,7d10d65d275b3d229a4772c61d5b6aea6925dd377248e62ad18bc642d49ed18f,True
1,92,L23,12247281638067407823,1,da7ca226be86f962abb208b70466265bc288d8e2026d74cbab9d0aee2511d482,True
1,92,L32,2275279065901919817,1,1a296ba4a71589fa15752d1c588c8657e5220f988eb252eb37a04593fa1c1008,True
1,93,L12,322385775037515113,1,783809835af5ada634af50773d49a5020434a7285dc29570fb727dad2c6455d4,True
1,93,L21,16823551247739574436,1,4a4bf0f4c3cfa941f68796c2fea7ade759538f389ff7989b3f3fb501e35b0697,True
1,93,L13,2962373042795276611,1,e0f50e4f36f196f2efb5a47e81a9ba38c493faf21e2a12b6747e381b8b319123,True
1,93,L31,10006726942650269769,1,da814c71f14747fef44f0a2b188c5471af6ea79260ac9f9a783cc84a216eca40,True
1,93,L23,11144372971711443898,1,dd6e77c9c10e955ab18aa3197287a14c5a597829c43b5b680bc652b3819c1daa,True
1,93,L32,1697048420306283090,1,80322f8e563548c05714a40d5d1cf1259e95b7a6ff4a77b0f7b829d622a2c419,True
1,94,L12,15920240737533520064,1,33fa0c2b9842d0b02a4434a040f7fc8c60e0b445599cbdb255433ce3b7838563,True
1,94,L21,4503371060538856953,1,a7c604fa884d2b92f1dec79ee6efbc00bb72ab3cb990c5375204f5508321fd57,True
1,94,L13,5219435049403891272,1,a974aa3862c2157ea623385368e6052659cbac91888d3e7931f2273a5c32cb6f,True
1,94,L31,1210939143728285203,1,44684eb26f83197bb75aaf54df3f1737b13140cb8d898f4b7e20dcbeed13db53,True
1,94,L23,509998589376888670,1,193025c61355a9e3b2b3a2cf8ffc9f56a136cf6bd24bc202fa3376ed2e11e359,True
1,94,L32,11257153349924882323,1,11e30b1cb72c1bac40453b8f10eb3e400f5edb6d6fa572bc25e67d64a79feb6a,True
1,95,L12,6861639122081207617,1,93842d5a76c36460392fc801f8191b505f385fa58a1eb1489b3a718d45b3f071,True
1,95,L21,10951865567871698208,1,8a85dac8f7e13e6f1f57335b6a7c7681a84a5c46851bdbdefa0fa4a4aaf95a91,True
1,95,L13,7856013002343319304,1,8e5d18b8d38050ffe2398b1e49a608ae307846c1fa5e3a3c3fabd6b68144dba1,True
1,95,L31,10679048011067909624,1,0c0cde03dda215e440386f5e03964098b5ea4587b299b0014e58a2efc535f6fa,True
1,95,L23,696347927034519150,1,8034d4c21005e7aece6b86e70f483b79ec08e4e2a02e5de2e94d73e47100e338,True
1,95,L32,5903031187454865365,1,cf645d2809eeb1fe27db9bd638900f9373188dd4377c5e8d63568f6236fb7fe3,True
1,96,L12,13706077663870364038,1,39a21c025c475b9d61d261dfbfa23dcabe710fe1054c1438c9bc781930844e34,True
1,96,L21,17736017976716372866,1,d4c4ab8ac6802ad4747135d4c4a1a9f80057b5c5ab31461d36b78de69b63f699,True
1,96,L13,8099930178234714471,1,726d0a47788f9585596c37684b0c16c7d7b84dd7b166d70ded444785be71a83d,True
1,96,L31,762671961179609988,1,9e98a307757c7df6d23120d54cf41dc9a57c68dcf4e7b47a144efa59c6cff457,True
1,96,L23,8082600464844717191,1,5060ca4240971661c14074ef0862b4726f9fac0861311024357e81398d08d4be,True
1,96,L32,5028105472543888884,1,1913df61804fbec31e781db4126d8c0891ba519959b951447e12ce49a5ce17e7,True
1,97,L12,1358884072822251908,1,5ba89fff7bafcd9761db2704bf7b6f614066b97f0dc2df2488633f80da382bdd,True
1,97,L21,13374944249866249497,1,60442307abaee2aa4c71b3a7a9ce66ec27b712ea60a0145b3313a4de67950b27,True
1,97,L13,12894708400434668959,1,dfc4f70e838fba15c55a0080bdff00e4a646d73ce6e79c4dd28d86c105433d9b,True
1,97,L31,7178897890981183642,1,b4474f08e8deaeb083bd4dce2933a9e2feb0490632f5264b0eca33cff220be83,True
1,97,L23,3974845057649840582,1,0f38d32fd352baac79e2dc5bce4ca5fd33e4bd68b2036c42eb1520bfd61c2ee2,True
1,97,L32,10308379998164044616,1,61c3970cfd7ca9fff568ed39d074be28882b56952f75ac1a71b119a8e985ab08,True
1,98,L12,6456912263573578264,1,1b64b68f92b59c34504dac57764dbb15e2bdf580378ccdac5da5171ee6fd208f,True
1,98,L21,12541157568142098914,1,bcc8fe64a4c63934ffea0eae98a82efd03c5cfe5a83daf75e3ed9478aa1405ab,True
1,98,L13,12730331353381707101,1,4375f310d1f3ecbfc9bed885b2289fbaf24169538ea211b0e68cf4c649533913,True
1,98,L31,1915251676393786761,1,b0f9b0b809ae3b343c89e101ed6780e1b39084a05f358601c730a4b717029193,True
1,98,L23,5016077482641781925,1,464580be14eac3cbd1e16217390c65724747a6d2892a69a16f52bf4883a0a172,True
1,98,L32,12549289018868053141,1,85b23a2816ce40b9109b481b6950eabf76a2da2e87679fea9a65d4ea85aba6bf,True
1,99,L12,2915107099927685938,1,fbfbcf225e2e0cf66d9a41c9994db6eb43763ae458cbb4fb033d9795a3b58bfd,True
1,99,L21,1174618661474710152,1,9c15f443a08940f2627ad0e35d1a01da7d66035399b676a737fcf8f0aeabbbb9,True
1,99,L13,11585804995972878491,1,ea507c72827738b8ab43d8c8b9ed0956c0cf0ba471ee96bc590d9b7aa136fbbd,True
1,99,L31,12444462612618672858,1,8c3f94a4e72d2e8574db253f8d835fe812d40eafe1e1c903169206c3d1c7b7a9,True
1,99,L23,1577640160364543113,1,e579abdf35a398edc1e892a40b4dd6a584627e43cee8a60e33910689150d4c96,True
1,99,L32,12788328123503726036,1,8d87c41dd5dfb2599b842c7b8c2de7dc381fa67fb0c98df5ca86cf8cd1406786,True
1,100,L12,10803983790909002572,1,b21a62f526ee9973c44e47bd172658d1656aa0c1e9c51fc29955e2b3ed8f57e1,True
1,100,L21,17630563363262529258,1,3b68e5ffeb113781efd8710a662aa207cffeb77f562f66a889d2b42da647209b,True
1,100,L13,8958034863100387890,1,bb144b6f2322335aadb806f144a91e126b131735be1488e4ee868bf305134190,True
1,100,L31,7656970583714762075,1,c84527192421f6abf826b8e15df4366ee888c5835c2a8171d9cfb9c8356f4822,True
1,100,L23,172431589651635628,1,6ebc55a6f1cd4591d16e1b85f06e98bd62b4d689c50b6da3bb8905c25115018a,True
1,100,L32,8951758822151917235,1,a1624593a8bde259f55a51644789c981c2fd9888662caf222b220928708f6e2c,True
1,101,L12,10562358678403392093,1,21680f76dc4acc2ede94614b61f0195c1713b573f5e9b33ca9af996e5e9df07a,True
1,101,L21,5487766216431073640,1,4f34ad5f3c9526ccd5af5906922d98d8bdf498e2a0743ec5c5b914d4b11c585c,True
1,101,L13,7620750685285255765,1,83e61087d6f7664f35d88dd32deb3c9163c62ad1e89bf25b810f729dba144e2c,True
1,101,L31,14409831389301970649,1,f7d903c766bca484f8a1d36bed560dd634236aa2517814ad153dc0678ff3cbcc,True
1,101,L23,424887323755356111,1,ceee03e7cfefadaac5f8610f332987a5563f6e9ed7bb4ec6402dc73a32182b3c,True
1,101,L32,5173525501122155650,1,d2ff16118361497e9d728b64bbef5514c441b6fe4540697a9462ecd1799a5628,True
1,102,L12,1865572798566211582,1,06e4a816fcaa2b5006d8e837cad878ed5329a2411d850381e5aeb1742bd9f254,True
1,102,L21,13649855597146469636,1,a06f21c76912f4c593bb1a6a17308b0a90fb053a901b2014e10d4771edc7d603,True
1,102,L13,17066159550056842141,1,9466b9cb043667bb53f430524df668c88701614e2fb107d6cff2ccf0b2033b92,True
1,102,L31,5365579857594131185,1,b2e81556c141482ffcfe4009598f836189ad7b3c34fe9471e86dd6e7d5c5b673,True
1,102,L23,15783236378300370725,1,daa17a484d8c6a4594da77cdd661fd3397d4c8ede20a3d130fb7434206a8cc5e,True
1,102,L32,17883311333716983908,1,17e8910acc50b299ac458f1b5545ced426a32ff2182a8b23485f7a515ab72457,True
1,103,L12,15483465956892079998,1,03f195b85cfd723a25a26b63b2f145af398500f16ffcadca2d7c52e3de93ea4f,True
1,103,L21,6536464593680808340,1,aab2709e614392bfa502505347f911c146b6b42d34193f964bc9482b323e25cb,True
1,103,L13,3977319392049250814,1,2f17d4914cb479eab1dc948ec6c85ffef1d80d96a835c2fb762187849a723887,True
1,103,L31,9577912855305199879,1,31241c2653c0587371ff20478fc0a3752b98c7e5ff4181b81603cd1b2ecf5455,True
1,103,L23,2153612949278663395,1,57405101cd7dbfffbc3c98b4b8f8c36c62963a2e87cbd5c556fed45aa58f1a74,True
1,103,L32,1551784443485794936,1,8977e76b1894147958d3cdaf7677a02688ce08866efaa98936efe1553ab6b522,True
1,104,L12,1210022071130012428,1,81a50cc46642c1311412684b17b5c16d4bed01f211868d9e7f1905f96918c797,True
1,104,L21,2552468923983182751,1,a689a5a00f504fb953dd37e7066a54e0e763ad18482dff3d831df4f9bd69bbc3,True
1,104,L13,8534580388631956541,1,a57a11323f7fee7e383fe697ee30f38627d81853901ed4bfed56db05f0b47e13,True
1,104,L31,4254210779533113154,1,6d6eb5e30c7e1b3a9d41708fcd7c2430aa8b4e7dec7c1e14c536773b77caf6ba,True
1,104,L23,14293334767548309629,1,7fbc060e1cecb67394dcdb3e5e951ac8c830bafc8540128cddc29228088a1a3a,True
1,104,L32,2199479220131751360,1,58713f65a341c409857b5a2c91c52ff062e93b3812d638ceb6e4e87000a0f070,True
1,105,L12,5186439709337473832,1,042e25ebbb8d580acc355ea6e48cfe66bee7381fbea2cd02179a64a171f0917c,True
1,105,L21,11632362084801368689,1,3389d5095e04cfe3b133e50702b8e07fd451b15bc45f80a0695a2a61ef6636ab,True
1,105,L13,4378745317809990939,1,e31542cd467963664a73f8b900c9629e288f6770e790387338b4ff4b833c6f4d,True
1,105,L31,12680217423762583706,1,fcf2f9ce5e948d733d11ab80f4e9d91e95b01df6a29adcc6f3d4610e6270f5c6,True
1,105,L23,5816847304854101666,1,15e7d8e984cf59f09627d53850d26ae55d18713edc3b8c5dcdd31c0d24f4357f,True
1,105,L32,7495380556160219171,1,88dbf4aa126f91d517f65e82e008c1fe65994a9188652e2679e37966c3b5c7e6,True
1,106,L12,11220426184333137632,1,a97d09ce8b882358b48b65f3ba4a13ddc92dd84354752b660f7280f23e04ed4c,True
1,106,L21,6045545101937174269,1,75f483320bbb7a9d10ad532749676ad928f9ccd9b7c363de928f76a3e85fc0c0,True
1,106,L13,3049217236247556583,1,151e1c85a717d0e8625fc77cc32b8bd7237126d8db665e899dd152bb1c8109df,True
1,106,L31,12935960612588045901,1,ee5679f900d8c8bec1dfb74851402e8592eec29805d95065900fa45d11704dea,True
1,106,L23,4648180135569222157,1,63e804bab39049bb9bec0ec2de2a27dfb8fbe5a9365b80ee1979f624c67c50c0,True
1,106,L32,2636467492224276715,1,d538acb57c42869f7129ae93a0223957a93e31023d7d93857b71b45b1924aa0a,True
1,107,L12,6536663455782444990,1,1874f6e4948e6d6b14230d51e52832b64b1d03da24cced0aa3757eaddc7421d8,True
1,107,L21,15479217930324613843,1,b5072b12fbabd16cd2df7107571ee0273dea67a7776fe492301a4e5e05e0936e,True
1,107,L13,10238638902828059116,1,d5735664cac64570e17e159ba7dd36aa95374a6f34b1cc7e246b976b25756392,True
1,107,L31,10290046049897833067,1,3d469134e7e491ce196dee126df02d126e76b99eaea3c166c0f3ed61a59f242f,True
1,107,L23,14949343654360886998,1,a647154ea869461372fa8e625f7526ff066cc87fe1fbdc9965178169dd00a6c5,True
1,107,L32,13142992195979609636,1,82354b587056622b1c08e5870519237819bf082682049de26f7e2bf5bb7beecd,True
1,108,L12,16624393137129044738,1,9b2c0c19c68adeeb7d9acf82f6111cb74eac8e3b567e5071b915a56df33d8032,True
1,108,L21,11642456559411334338,1,ee1bb88db9e5f7b883d6ced4471e67ce53d1b44ab3ac5ec8069d21584cadef28,True
1,108,L13,17503601838911427731,1,3abb9013b1ac8a0d048994dfecc68c9de132c3fa3a52041482c723fc6e373fbd,True
1,108,L31,14953981261809156440,1,0a49fe9ccf71dfad36386c6d40a9cc6f6333f1dafd301f7b91708ab7700d86de,True
1,108,L23,5879514770594666495,1,4c9c81a13f5e10652655c63aec7275055c811f693359e8bab260b4f9e9f72066,True
1,108,L32,8983629074890340186,1,7d9ac777569c63509fe0aa2c9a16283c2f39648fce9059502e12bc130284dcc5,True
1,109,L12,7559253677581145449,1,5899fdcbc0780c7217f895104104c01a99355ca7ca49932c1aae9a1f4798f619,True
1,109,L21,10205467123616355901,1,4dfeabf36ab5ed04eca082020820dc8b72e81e54e216b38dd50d0635b3c10f91,True
1,109,L13,15265921074629866911,1,2f057507d33474fe2e66fc1a9e68e5675f7566e68c7344707b4a7afbb42591e3,True
1,109,L31,5643829899522713457,1,fca50f8dbea89e878c16af52aa50990edcb175858eff9bc6430b519201bc2be7,True
1,109,L23,1483904308659556481,1,f4598d04dccc02d3bac9015c483b51caa1e07789bbf4458bcf2ea8d7ca29d06a,True
1,109,L32,9348620395094184538,1,7300205a825582cdfccc97b37b5fd79511e2b9156c42a717353f3d58c20d3109,True
1,110,L12,18260751130169183530,1,828d5124ecd2fa4ef1499c9cf751ea2c900e39c49c02b5b0345fb6afa21079b4,True
1,110,L21,12849516110842978537,1,9ce65377e3ba802c9c9a045c477e9af3bb770a2122008fda9d56bbb2fe002b2e,True
1,110,L13,10715183725645692309,1,3c44099596e697322ee4d3b4d5e293dcfccd8150516ebee328754e9036ad0cf5,True
1,110,L31,17977279682676512607,1,1dd11d757dd81119a46a95544738b3c2170d36f3265a9a03e00acf542c8288f3,True
1,110,L23,1867395189180028550,1,5a5369438f12dc2f2404bdbd43de0ab6c4f29e82bd71fc3ad4bba6c934615b3d,True
1,110,L32,2561350743420639961,1,900d152b493776e510f200387cb249103cba00227db752fffae57e7fac2a0e7a,True
1,111,L12,16407218698288021872,1,85e051d9c66ae7796f0a95ae31b746c528e14108abbfa22c4896b2d9a9ea4a64,True
1,111,L21,15154538953130178169,1,6466624e13f0220348d764919a75785b21c6b6072a66ce824dc9dcb8a5b87857,True
1,111,L13,15757386875785634438,1,8611b1be159415d64fd558c4af3caf5fd3d1c672e9e831b9e396bce32bd46d55,True
1,111,L31,6088516560208072305,1,cadc3cafcc92c53d1027adf63009766b3468bf4edac03970faeb7c1226bf1258,True
1,111,L23,6987134797764578829,1,bc65f6aa830e68c61cce6d565cb6a8e8e3dce303b96b66b3fc8e226d46a01966,True
1,111,L32,9380572055176318457,1,99a505cf7b0065c4c321ea04bb33065e6c474baaa1600e5ae762a2f54c7e68a4,True
1,112,L12,16742073027806000916,1,6a726058d864ffe7a3e861c1ce4357545a4bf0f4270d9c5851bee05dd3f5abdc,True
1,112,L21,14582476295051439741,1,e63ba2418a28b40d6298ac22c6f13bb52337ec5c179ab27efba7fdd6b5e164d2,True
1,112,L13,8566787063866066885,1,f43103d6bd3f20eb452bee52e5298594c7e37d77997c96ec70a0a3976fa04d10,True
1,112,L31,4571119138570949238,1,76dfbb3bff9f2a13f8717b6e0276b3a4d48e7676100b1187c5eeadcc0140eb40,True
1,112,L23,9005612274327249752,1,e94cb76a1ab0ed8aeb4957dffdc166b3a048195fb8acdf5b76e08e0f2e4ae3ce,True
1,112,L32,6553341460847474321,1,b808bc367cdd650345668077d6537c2e49a652b52dc485f1f04f85dfa4a04e07,True
1,113,L12,9132496657292805512,1,1a87f676f56e1f47ebdf38a20838b8e9832b40f20b266383d267d0400d329dba,True
1,113,L21,2662370513638882211,1,07f5b6b169202d6267a3874a1147a732d5837d4cce5ccd31296cee44cb4ed212,True
1,113,L13,2961230530404589819,1,df27bfa4d9997ca0709c9efae3c29197fa72f689cfba09e69b15607b182db99f,True
1,113,L31,9600156656622864999,1,2f5167c3a4aad95a88d0cf41b9fd095687213586627724e97ef97fef1e9719b3,True
1,113,L23,8024270136545604622,1,f6ad6aa864880d0d7c6313791f40674632e6ad74254a250b664a92a7eca3a171,True
1,113,L32,12068419768768081137,1,17d2b98c306487dad729b128d8cb65b535481c81742eedd8088544b430179733,True
1,114,L12,14696566437751294473,1,2bac598468ebb85bf1498e6e3dd355a6c3ef06caa9614d1eb1f6ac8cfc2d7d49,True
1,114,L21,4528118962230015392,1,0250a227a841886b45972c496d34cfd061e2ca9304e98b91665a86aecb635bd9,True
1,114,L13,3845641266978659107,1,34250ded24958f711e81eb7c50fac8a7cf59eb882bc84b05b2f81f72317db3fc,True
1,114,L31,2406554795368035834,1,03abed4356f0c14f75a8be10c3619895d231ccb236874c13aa484c01ad195884,True
1,114,L23,733548053750702584,1,378960caa801d91d23df7979f42742ac3ab6c22da40624a31fbf07fa532eaed0,True
1,114,L32,2276487659383362509,1,e418e14fef90f1218412116f43b4a01f584ca450542d8a17707934d9c75126ae,True
1,115,L12,10171002402866102655,1,d7b1e1749e85dd7f686fa123fde7c4592e4534bac8c5f945d818a56a4494bdf5,True
1,115,L21,11877875118013238759,1,4349a589738b3dca8bcd4c2f7ad93521b7b3ef5ada405f7114dd8cb0fac4b6c6,True
1,115,L13,14925102159832577401,1,9fa7ebc94df9c41f21eae4f72bfbb70d49fe8c8c0c439fd74ef6027ab8b13655,True
1,115,L31,11287067614226245028,1,09cd72cf17900d13c4dd63ecb3cd74e02e7e7d99e36212f8a9cd067c4676bc42,True
1,115,L23,4223851515276455406,1,fed8c054c1f1903fae1c29fa7cd2d1141b7e045dd4c57ff1fa19e7402bad3e38,True
1,115,L32,14930491544554172692,1,e4e684ff1495e941139acb364beebfa4ff4ab0d45bd3af1cd9a3f015cb41b7cc,True
1,116,L12,15193069121700604372,1,3ef4b95b32be84bb84f85e7e3b363a276e6e86c7d4a163772ae14d6766cf9d25,True
1,116,L21,3151736938885445247,1,62f6e18dc349081bdbd699036b0b9cbe567ed321e444a6c813e2445a6ca32ac5,True
1,116,L13,7159778241607695419,1,d89e0e745bb94f32e03e8740d55b5dd318a3bf6cac62fbe6619913b381322f11,True
1,116,L31,5988657667925462325,1,8eb94045fadeff27bac9199025f4406a38176c0e1ef25b6692f9efcd3607ef19,True
1,116,L23,17938269886931246762,1,aeed584f2229aa6415a2eede5f97163ef27264055822057584b45e4f7cff1028,True
1,116,L32,2450013545937228435,1,b83ea4a875d78ce6b1fdd4279d8fa3d33646f3c5d55b57f19e3b9c8d7a2ef06a,True
1,117,L12,14604562408341283765,1,a718a983260273f53f22e3f07f3bef34eb1da3133e8521077a6a779755d51631,True
1,117,L21,8050443606564682131,1,890d72706dcea8030c6c84796aa1fec73db71fb3557e9b782a084d114db03479,True
1,117,L13,5771138575878786505,1,90d5b5e286182ad7e7cf5a8b8d61d4bc6e5f3b6d60e47cc4a0eb708cfde59922,True
1,117,L31,1909806710699074665,1,22164897fcda20f7a072701c8506b6179b59cb893bf5b138ac4b33336760ae77,True
1,117,L23,11493595421303170659,1,efde4fdc78a07ee69827bbf78bbff7a9c7c6b46285a87ad67bdbb0b6acfbd820,True
1,117,L32,12985336564038510128,1,47117ccd8a8e88fa89a89425018ebf2b2d67ed36d475e0c4b7b256ce96f192fa,True
1,118,L12,9033557485318971047,1,30b30619653a2f1b6b1c33c2b06f5406caf4f78ebb14e662343df4f34a8be407,True
1,118,L21,11222394126453275084,1,4438ce0c21bd0c4346c51958a1591439337e9d982f2bc9158b330e23e0d1e25b,True
1,118,L13,10739500671232307025,1,7d11009172b2003b9669c062876b381ae117702a74c04f4dae75cf75b8a8072a,True
1,118,L31,3054601821330896744,1,d5cbf72efaa527448b5dbb231eae115f0d5fd67ee85415baaece873e05a5f3c0,True
1,118,L23,17339721067613293259,1,cf74f51fcc33d3e62c0de404cd9b36e21901075662b86becd50f7daac54b40c9,True
1,118,L32,16726109647080097899,1,90f96a4eb25dcd8066c6ead1c5154cb7943df4f8449a9d13709b90e57ddf82d6,True
1,119,L12,10956743304552345726,1,18de8d09ebe4cfc3171e8d1a953370b572147446875302207d96fabe86e40563,True
1,119,L21,5770188576283920839,1,b67f65bcce5b8a484a7bd8de74675c507f7fa3aab2c101bd8ccfbedefb1a25a8,True
1,119,L13,17162378749746302690,1,c0875c05cde42051fe2968d6c02dce8374ea7c9c11f4f7160e42c9119da3fa6e,True
1,119,L31,8113105673101540443,1,d69543bef5631b6b5546cf9ddea122ab7ed78e0967c19daa41eaceca1802186c,True
1,119,L23,13079949610047436028,1,dd627760c2bdfde8630d55165ccb444ec9896165d8de262de37fadf51e30a7ab,True
1,119,L32,8287704903106476776,1,7004ea3d13f450a9ce7afc0ed8dbc6de2e7fd75e6f70bebff6816fb5c767e706,True
1,120,L12,11702417228874000644,1,d5fcbbe9f21e7e2ecf540aa40118c2f4e9935118dabbb1b7475da26cbbb3839e,True
1,120,L21,8637033161863978591,1,e4d52338aa6d7ae9ba6ba82635588b338cb8959645862cdb76aaa8dd2ee1e97f,True
1,120,L13,8951802590670483842,1,3652fbe25e3e378bf325220c3eb7b97207d257d94647656d620bfe8d929adc9b,True
1,120,L31,16857075179619608106,1,44095273d7f92ac80e87381d1cac233bfc10d310e511f32217b935a236c9bd01,True
1,120,L23,5395958885274640024,1,13c6bb6b80ac4f4359e9a5a7c1208d692937dc61e65a41c7ef74a92dcfb30a6f,True
1,120,L32,1300615680662890761,1,cc240c924b880f811cffe7ccde4a1205cceeb26cc7fe4453f51304915a8ed7c2,True
1,121,L12,1662986342255035046,1,c2ca7a3f5dd91292d340fab37943623abf0f2680d0dac655dd9c720338093229,True
1,121,L21,9935841984339175652,1,54e96e9000bc6eb9b9239807183eca28a1953eaea3ebaa69ce9ae8caf7a90f05,True
1,121,L13,8567456852330983676,1,c1e2d8e59bf6f1dc9e9f7e5c157de488d661fbf49d7404b89491615435609a22,True
1,121,L31,11564526158126566739,1,f17d11bf9e6be8120752c8860105aa520a5fb13f33ef61cfa3bb4e4108528196,True
1,121,L23,3757427489820611891,1,bf7522b025cf75806dff4b9e604ebee00d86281256dff2c070445e0ef94a228a,True
1,121,L32,12888358347185626681,1,31b5484745e3cfc57c0558c561a3e1ed31c6a1054e41b77378bd566be13744af,True
1,122,L12,4998190638497437042,1,946ee500611d26c124f8877cdca5b1f6ce01d0559659743de54737a599451a3f,True
1,122,L21,2198999577908497337,1,936d3a59f06eb6d3f5c70013f8f68cb4747b51b787ebfc36eb063bc2e49eecb6,True
1,122,L13,16371570992528880965,1,4c3c9fb193836a504fdaca12466845ec67bfdf3efe2f5bcaf3ae5d61d10978da,True
1,122,L31,11728055010201234947,1,421bf0edf813566e3480a61551c5c73cc1c8e6e918167cbbf91efcec1745a95d,True
1,122,L23,8604568199629214035,1,f52c233b40e3dc46cd3f8565497cb0298da86706a5469fcaaa681b28059b0bf9,True
1,122,L32,16431382026849618419,1,23afe98dc38f56dbeeea91f17bf520d05dd0ec26e6efa0dad566f1e89bfd74d0,True
1,123,L12,11596623034277942726,1,401407cae60a31bd34733651f7db5e7d6bac19ff7c565d1847741a60d9c20a58,True
1,123,L21,18055971786044362341,1,47a6b02d5516ffe2cb064ad469ede6e81b61cbaff99f60197d224c233a05f19e,True
1,123,L13,5836180681835192991,1,e8cb3eae149f094a8a2876f44747126b14bfc30523c7737a57d5f52ce27b5b85,True
1,123,L31,6919892766444177876,1,8cd0b19bf0fb805b54f196c41c664346a15c006642668c769e4e37f2ee8065c2,True
1,123,L23,4786978017095604744,1,4390e4dd4dc10d8a5dbb2a4a8384c7b028240e7dad4ff1972b0ba55dcd898f87,True
1,123,L32,4645412245770886533,1,bfdc49a11df79a59b6677d387cf9f827f808a5f39d5b6e66650a5b1a483a2c17,True
1,124,L12,14264646296245698566,1,792e1fb4e421c013764827de6ca60afaa9efaa2e08e439ad264d4c52018d02f3,True
1,124,L21,11808951980161097906,1,c4adb5f8cc250f37c285a2e98a5845b7e008ab384a7717b36d6ca44c969c15eb,True
1,124,L13,15903453580653699067,1,82ccc72840fe973a89cbe37821637f304c606c6420a59155df621aaa70e22ff1,True
1,124,L31,4072153033411281567,1,4a82484e05e70b336658d37e531054938fd1db4b8cf639dd1355096c0d58b21b,True
1,124,L23,12377262836237879664,1,82cff946f172785186a83b6b3e708f31d85d325a2bd4bb0b45be7b7a8d30955e,True
1,124,L32,16617134475036142727,1,d2e7d0c0de453343f0007c399a4a46b4b70cf3c797836a875dd76a9e85e15162,True
1,125,L12,1012028552034104181,1,78a2752bca65f902b3976bd603a4892fdaa03baedee21891816b01fbdc1279d0,True
1,125,L21,813676301904027784,1,3169219fc9a0da67bbaecf13ed609b0c7832d04b301f99b5d1a669246b58d78f,True
1,125,L13,2220325729145890050,1,1fe11fd50d40a3bc7e4ceb068bd13c65b41fde2ebde2ff4867c19151f06551da,True
1,125,L31,4883175918537431559,1,6e6096cfbb821fa2ecf3e770c963ab9d1d6e3f4a2c36fab373afdd88c2935ea6,True
1,125,L23,3426143340426678497,1,1e4e5b77069da00334156474bb444dbb12aa8297262926d8f78be08979d79eee,True
1,125,L32,15090519595424733178,1,35c5a7156c650419c45a58be10770efca1b8d34e508c3c89b18d5f661eefbd49,True
1,126,L12,1046573126722442429,1,925d2584edb367ac9ccddd2ab061e8dd517356452aedbd8ea8de392073ad8f1b,True
1,126,L21,4816154045805867437,1,4722fc30e8d2fc4415c26c361aa035c7be157203930b87133b828a2ef8962d42,True
1,126,L13,7584675385183830768,1,c9e1c2ce1b7c9edffff97062db0424e8a482006106f5643f70aa99b45dbd7482,True
1,126,L31,14945115521903789949,1,699b937d0953cf05127ae21beba6aaf635b19f36bdbf4a9cc3b6b3b5966cfb73,True
1,126,L23,17652973712231004549,1,7be3ad056062066d6915dd508635326d004b63aa2c55e68b799a3003887a2d2c,True
1,126,L32,8030110807337248275,1,e51b9b276873b8deb79c12379c5d9bf51c249e2adc57df8318c4ab2d60127382,True
1,127,L12,1062140052806003252,1,09235ab5ffd24ee529871471d96ce2f8be215e4a7c662e4f858f2bf32a33f116,True
1,127,L21,2122359070644001247,1,18043ec1602fea914de6121320b7f3b20162cb781785ba5aa277297e7f060e27,True
1,127,L13,15375698954390335277,1,477a91e4cb9ded6838a6b316282fb3477feed54f725117b458f19258658e32c2,True
1,127,L31,7527857519072912043,1,1ba0a3c71a3433816e2e7723d4530b6d605827d796d45db570f13e56ae075ead,True
1,127,L23,18103636502794480205,1,5d0793adf133aa66c4c3432397829e752e95ffc2adcbbca50795bad61b9f4357,True
1,127,L32,5621995673963363118,1,70a3778ebb0a13cab95ae7be2440661bdeeb97a8006cd04cf9bf3d2d923293ca,True
1,128,L12,18116605781953276122,1,ef8daa2a336d80a84a6ec38d50c8f52e2520fe5687df61020c4e1bf03ebc98a6,True
1,128,L21,5497112154580238124,1,6d9b037758e38172602ce45b19325c83cfa3f1e15ac7cc67cdadf2294dab3765,True
1,128,L13,5836279513563052739,1,1f3570bc4e86d8a9d6e8524beeb4c67e1b568abc645e89b36ced0f201c83c24c,True
1,128,L31,9312278820188918301,1,4229fa85afe21ffbccb9751827ade893e4cee69d797be0e6c44d9bf68ab31f1f,True
1,128,L23,11244453863970290361,1,9bcb66803ca8bafca158a8bda066cde2dcee8205edd19c55208ace3104afa9bd,True
1,128,L32,3738771305977828768,1,65b975d84d8236f3bca417880bb7de682c61c81dfb4646886c044e360c36e0c7,True
1,129,L12,3213448819242353125,1,6233273b729735859017757899a60feefb23eb64f1695f323a41f6f1de8d6d9c,True
1,129,L21,15975949518357236732,1,a102ad98c35c484157d314bbc1a0843f4a0d24abe6993900ec581b42f6d48e8f,True
1,129,L13,15285141507143027068,1,ec2e9519756e90bfe9141c5ea0317908d5ed92dba94d863257bc2cbdf2ac074f,True
1,129,L31,17549443062012711836,1,6354ecfb0f19c257fe68141181910c980265244df6a7f65ff2ac57d0db2e1d6e,True
1,129,L23,5247912859684545038,1,d2ead949fd78b8418b4f1bc23e1b0b0e445fdc84445fed22a84d51beb07b8420,True
1,129,L32,3420924514262683427,1,f0d31fb880fffa2dec32ef4d7c6e175eae79540528db1fb4dc1f05afbd79f581,True
1,130,L12,15706561955405440885,1,311d0784d84ac28229ef70886bc4639a4baa6334c2e44df3db3e314dfc3ae4f8,True
1,130,L21,16315671304150138349,1,946a78c41e176f97a2cca0ae5c84bd505b7e5e5e71485f3787db5946739729ad,True
1,130,L13,13371667615868956004,1,c7650872ad260a811c7a22f7df03a296328b961495f0502d33eef72c9029ffa9,True
1,130,L31,10430851121158057223,1,c54ec05d2b1659b2f2c7a1057703c244ef702dd2cf3a7102f4f51484233bec6b,True
1,130,L23,17744245614635804089,1,15de942f5b536a07e024f98ea73cd9c4e14e261edc74d0d169b8584f3b53eb9a,True
1,130,L32,13343625459938939907,1,db96c92f3f0a74d69dd54f790015fedf8d713bed45b98a1320ae513581d8a300,True
1,131,L12,10162499111554045880,1,97bcb520af20d942f107da6889bfaf1360d3938ac204e0e6907cf182fdea497f,True
1,131,L21,7778141270860298799,1,cce32505e209acbc55001d096c344409f41cb0ef44754cd88bc8187c976a0bbb,True
1,131,L13,6060367498471528392,1,04588a58c277b20e71957075c7b1e7970f2c0ae0ea316b65376444f289eeddca,True
1,131,L31,14689453673182488448,1,a5720ecf005931e13eb266b038ccfb0203f7d5872400b00ae13eea368e4b5313,True
1,131,L23,17558857532788791541,1,b2ad7e861325570a1bf5f587e4cf9e889243fb4592d9bcf11af61c750d0ce19b,True
1,131,L32,201121071211507539,1,695fe7b6a815a8f9cc80945a6f5748a7dfeee57fb55d731a0959dab0032d2a87,True
1,132,L12,6769876311504316334,1,db9b3b90f19ebdbd6c26b8ff30b0ec8ed40e73df782b466b3e67834f139cd7bd,True
1,132,L21,12239117186046059457,1,f4be35acc6a0e0d0b444aa75cf6e2aa89b1c5fbae9a491944a4c0d29cae86c27,True
1,132,L13,1194611757109915044,1,72b1696f1fbdedd8dd35aaa46620d775c94c0f265103e607cd40c41361328882,True
1,132,L31,4217319657691298763,1,40cef34aca8542187ba3360ad4a17a01726480c5a684e2d67df7bb70f0c94c20,True
1,132,L23,3445375046059546945,1,57cd4db820d1ca240c1d8de1d6e3d4b1e9d2b415e6f790f534d0e30916817977,True
1,132,L32,4042857293121623258,1,4351897c6b244547d0302bf7da07cd4757c3af5e0f037ffd7e7d14d18baf9619,True
1,133,L12,17207082875455221747,1,2fe3e09846aeecf5642501b4122f83a0a371d30ba86ba07826d4ffe696d57459,True
1,133,L21,14826995700536697375,1,89e1f8ae84e602dfa4dd6c2b03bdaf2baeb6cf11c38e54f565ae9e2143704f7f,True
1,133,L13,443178456473376902,1,d56c802d0685c12a06772130e9591b66a47902fcd77d0f07f0573c0eca87c6dc,True
1,133,L31,2465508869136877283,1,b0545f3c9df1deb7593acd593cfa93083886f09e0a1ba76d211f40a36e0342b6,True
1,133,L23,15749757655264670216,1,d025784e4f855c7dd56ab4d5ca40e9bc04ccaf6de932d308743d5d83e1300bd5,True
1,133,L32,11004419101956000361,1,bf880da4959cf8d8fb823d33280c1a91cdc180436851eb25fcbb7ea763e19186,True
1,134,L12,13330111016188143976,1,dd887960a8e0f7fbac51d3102504c3ac8db3597262c3dcea2dc17419fd518538,True
1,134,L21,16147830330702745591,1,329f7fe11c207e1e5269e717d0c657d591b58b16e1c03a98db0266adc136a4b5,True
1,134,L13,17244068508506752349,1,d3aef77cb66104f351c1a2a50152813dff81e5ac039b474c761a31d8ce443e6f,True
1,134,L31,11090306964652250935,1,7fe59935cc0e31c625a6fb4005157034f302758e08d3b620e3f984faf83ba78e,True
1,134,L23,3241844463466244975,1,b33921af3b8b615d1b03047916914f1d3105601380fe2e3c5f649c091d348f7f,True
1,134,L32,7147582728112134945,1,e9455507b548a15f0351e6a295c9636de94630b38ace5be1bfbd379fdc806a68,True
1,135,L12,14182184181641289242,1,e637ec74105a02b4a9b3f626a6530aecfd7ecf348b80171e07754a083c28e551,True
1,135,L21,4617597270728771578,1,cf7d1a26cf6bad9869e1a2309aea538b84157a45f34f826cc7ed8470fc193c46,True
1,135,L13,2756782160799299253,1,223efafa1ff6b5b0a4e337c74d3d07ae08015994d303f19b098694210f0d694e,True
1,135,L31,13252576622607683626,1,0c0be1208b3387df923f1951524e34fd5ce0dd1ed65ac6cbde9a9e57e864c1cf,True
1,135,L23,11515823267601603558,1,416e6cd5246892df3b787815d90ce128e300ff7a5369ab87f39c964c3e7a79ad,True
1,135,L32,9102963805997205835,1,29e74ab0b147463bc74c7bd1ad5d2058efe699efa16325d01d5747fb95d82908,True
1,136,L12,8428044948266261440,1,2bd5c284bec275de2622ab0a3f2694db9167fbc08262df6688b1b078acd039ab,True
1,136,L21,12669357950072085987,1,ee7604c980f1a26ef6c02de0c89e064269d749e6904aa415acdf6fec3459d799,True
1,136,L13,92448599311368514,1,441030f7a6b4cf9af9e70124540dc9e2e111f1e4f33bf2e5cf3980f682716ddc,True
1,136,L31,6449607876557166012,1,03f82fc0b7a8bb0bb77327e0194139dd83e78fa0791b260b50c6715951e102a2,True
1,136,L23,12544146084765456738,1,67bc81f36d5cc65666b6558a485f858ab8a454c6beb2147101dcca2f472934df,True
1,136,L32,12525626735363760106,1,37446f4a34d39e94a6b3e92c4e9aabd76077dc12aa7745a4f1347b37f54fb801,True
1,137,L12,17130997800991528666,1,a63fdb8464ff71e3b517301e7b69a7bf8a2c4e5d02cb288eb4625449b42e238f,True
1,137,L21,6352447039951546135,1,8e057f0b5c300640469100be816cebb9a8851d91f2ffb2c180b9fb472944c211,True
1,137,L13,11063539271094103487,1,e86badfb46bd3492dfd0e846dff60ce4a8b50eeb41c5f2872a58a657be6dee6c,True
1,137,L31,13980365375711888846,1,f92e92e7458e0841e58fe301c859eb0489d085707a8df5f92ad98084ecd527f9,True
1,137,L23,13468092912609781827,1,31641ce22eef4909782713f7cd046e39f8271a210488d30a2a3ee2ded0549ea9,True
1,137,L32,14200822007705403919,1,514dca6cbf0b40b4bb3ead37f6534e78590eb731f9368f054b3ba85d8c30415f,True
1,138,L12,253102419588656484,1,8b648b062316307eb074652ca9448d980387643859b9e5c7ede624726d780010,True
1,138,L21,13605524281765657205,1,cbad47624b7f18213982cd2a45811bdfb1d92d35ac429be3431cfbe658c54199,True
1,138,L13,12834487817504796950,1,3330a366d961b95153746eda63174f0c9f8b57dfb8caef6ba76c28a1c19e6234,True
1,138,L31,1138322170376308640,1,e6cac496c388e43cb0fa80123dfba9cc4a715938fbcd167a8af22d16667bc0a2,True
1,138,L23,6302263715155538716,1,ac8823bedbf5a302c667d70bce2dec228f4658f78389c5ac412ca4be11e88cc8,True
1,138,L32,18050382971697442272,1,e7889989dfd0026cf1c00bbb9f1cf5313608c70ec25de834730f9ccc6a338231,True
1,139,L12,12343641294833686938,1,150dff26a05354cada4ef3e8cb23e39a9b18eaa82fd8ac0d909536178f6cd231,True
1,139,L21,2287537070980675017,1,700b28667d195a07582925097c72918d4d1a7bfb7ec7facba9aae74fb78d3fd9,True
1,139,L13,2241798503077750015,1,72b4511c54caaf6d1755158a2f7bf77ee9a012153a6b5e71960a7940c41497fb,True
1,139,L31,3781284220248674022,1,822415e493886bc565795ab54eadcca21f47e4a9c083e1892f7b60c92c5d2e46,True
1,139,L23,3339600572124316472,1,75ef03fc7ad580fa259fc324a46d2904ab7d9f25d835088f2ddb1c42c03958e8,True
1,139,L32,11571478341271728518,1,3d09288aea1d576b21278cbf1a82530530f6067e8f012c31f3968d7d2e99927a,True
1,140,L12,12097331863936330012,1,432fa385351357e6f1820c3bd7dda74ca6ce7ddedd6b25394f55ea4fcb02ebd6,True
1,140,L21,16094244186296923269,1,fea179f0dc508ba0df54e52b3239c4c07f5ee7ddad77b93297966f998898dfc1,True
1,140,L13,11180994816915039547,1,cac9ce91cced58c17a05a5c6b0ab9d56196083f730db7113bb2ffc12afe780f6,True
1,140,L31,5157210113892166173,1,9480ae67d7aa3fae6ea51d9f59315e1dd82c40a655e2f51f1918ce8062cf6c88,True
1,140,L23,2613619571245310858,1,50248160dd3051cfcfd409b69d63e2726b946018965425f96731b7779d714152,True
1,140,L32,3263521189824217988,1,ecf64a8a5f09a72e490f01aa4963d14ee00b82fd0d9efcef31aaf7f667f1c26d,True
1,141,L12,3241274883279347020,1,b832408448c066b895f61960797f8525005d68b995f90d873bdf7d5920ac688b,True
1,141,L21,16472208530038226690,1,28e1878ae5fc5719baec627a800bb4756c1573da9c997b29b79d630a375cb32c,True
1,141,L13,9113780615805468011,1,a4f9fb39543554c31589292866377ee232cc6b3dd823608b2e44ec6a43e24fb9,True
1,141,L31,11449525027055854719,1,09bd8811f66635a1f67c80325355103120f9f24d33ad3b11929ae21e28702da2,True
1,141,L23,10671063381204754200,1,7f2f55f2c748d1b3592d3d4f4f0a4b6fe09a3c1b7bfeb8a0d6a0168322d251dc,True
1,141,L32,7816586477888691641,1,d809ed4cf3eb20558f54cb9a1085f851785f148264fcbde54e1bd05282a6e839,True
1,142,L12,9805171987461423811,1,9f6ceab0455c9e72399ae0d1b9f4246dd7923367a5e8f51ed358c398d87cab3c,True
1,142,L21,16675942538547500843,1,edf62aca9ea8002d19d06df4677acf147b276843e2ea1de51668ed8a967537fc,True
1,142,L13,12024541585101808318,1,7bc57f3d0c1c60f7d96584d7e96ef9d6612043503fb73dc61673669eecb8795f,True
1,142,L31,3604017785613705406,1,c4d4245e82e79b65b752d562cb1190ce1e62a9840fea40653cbb93e837880fe5,True
1,142,L23,5118058886840309812,1,96a98e9f2d0c5bc99900bf09d43a58db13f9dad137545e112ff1a3f98f3e35c3,True
1,142,L32,8731992882261443802,1,b36ad777d74c427736dd4aacd4b954b861b45982678d79200f1f31966a4433e0,True
1,143,L12,15554585355207663470,1,28e89523d4ae6a4ca47388d891de55cce75f5d42509ae58556704868f50f9bd7,True
1,143,L21,6671044941851230647,1,5e90ceb855bca1245fbe22d81d97ca79243af5bf05e80af89196af608271e9bb,True
1,143,L13,14249022822293797743,1,b5be3278150cedc87f851170e6e43958bbc3f3fcb0c4956022d5bcb5201055b7,True
1,143,L31,9546941747245672720,1,1385c60ab919f589112299c439fa45c2c8b2e79f70485d7a4b48672c18ed0025,True
1,143,L23,16473095812123034954,1,d50e46e33993f982d1bc940a33d5a7d0fe695bd3ec9e473037e92574782f9c9a,True
1,143,L32,15394517515301683869,1,bf5b66888a269c273ab35cf74c14b6cb3f9ff9800fd57c3f622e254616dbd2cd,True
1,144,L12,8535337808205037647,1,8f89d896824a6b2b8efeb3c56552ef515a4e46e9bb7dcd956c6e37269237d82d,True
1,144,L21,11196250023931730964,1,ab337c2760c622b23cbf654e87f4c06d40ee6375d5a08487cc0510b5087448cf,True
1,144,L13,11850152292928052541,1,785a86824eba7264cf31649e9a796833dffbe066d34c96a7ff5b4a5d427fcbef,True
1,144,L31,15133888496810764213,1,138393b00a0c8a704eb2bd0dc98241ab091df83ff5b1b05f94a38ddeda73ea46,True
1,144,L23,12511922351615101697,1,8f2d707c12b94599778aaac6ec380df51c78a3d74574fe1e3d30d63074464475,True
1,144,L32,15434796200313090543,1,6d4c3fd43df334c3fa1570027a2f96ce07d57053e89174797d2bc535565c4b9f,True
1,145,L12,4149840744657927871,1,34e13fb4ddf62b44bafe03db263c48aa599e01316ade20063328501ef4df42c5,True
1,145,L21,7273510798133789468,1,98dd5278ce79267cc3fe2bfa4c11905a2a593c568654da31b0d030c144c213e5,True
1,145,L13,261359545792097408,1,689b2e0bc3724b326d1d2d4159343448ac21ee9bacad25ad00f85cf81bfc8b8e,True
1,145,L31,3730583592976814522,1,ff886de2ad7f017c697d2340e181c247074535335a82f3ead6f6e50972164720,True
1,145,L23,7831852855936203166,1,1e86284124acc89c2f8195c3f8d5eedcaf64f5c9683c2aa1c3f65152841e3e7d,True
1,145,L32,14733372635546339581,1,3004cc57cad1b93a8510bde4c74412678146b66bf7de492632ce9b4bc73864a0,True
1,146,L12,12961706420899393210,1,03b71099a64e3b8fc858712c8b1e2dfd266879f2287eb77d788ac8509447ce94,True
1,146,L21,6708353090792083644,1,85deb37511cd591df9de7393e6e8eb089b22f77cb57c449c7a77c2a807f8a2b1,True
1,146,L13,2615905887147977369,1,e7aee5e66a455fee0894f3fc817e529511c54bb8b7d0268294a0c185cbb0dc3b,True
1,146,L31,16450101271324576571,1,fa833ac3cfe58889c9bfea894471163cd1f6804be7450e04af2b968b7a34efb1,True
1,146,L23,10369059668947313645,1,3e7b281a5725710964e8c359b3eac978fe7939f6a2745305ff8cf8fe1dcc225a,True
1,146,L32,17645585376600094488,1,d1d04d4b4d39abf90562a0172212c8d2ae3ce1571e572fb69da91c3ca13ee8fc,True
1,147,L12,854308268472770144,1,2ba4d955820f6986b1a213d0af01b8d30499e64844ae363646e1a4c29cc53143,True
1,147,L21,14866912982840129720,1,fc99820ce9589d9b9f1660a59bf8912dfdfa20b92e9ca0b911d3693cda25d12c,True
1,147,L13,9371414078687902771,1,f668f29c2fbaca723cf432695258ee8e475ae55c2c7e7f396c73b86bc5e4c1f8,True
1,147,L31,5381993297679496425,1,faf5ac7b471c00a67dfd92f920256605bfe50a3aecfebcf8251bf5754242a70a,True
1,147,L23,14676536990585356873,1,ed8690d971d4508a4f0c3afa92fd8c1edabf7f138d0505944501c7e9b5d0b711,True
1,147,L32,8735901448431006219,1,cae6ecd8a31a6c43f418d7b9e4b8093cf76d296a558923e1867fe7172baa2c22,True
1,148,L12,1546857393174010745,1,905a80bf2431368673400bd1c397d7d6e4e578e1d0fe98455d05be56930b74b1,True
1,148,L21,7690745256413572925,1,d708cb995d0d77b4b89e9236e7fc2049d9e2b87935b07cd2953c64da02f26de7,True
1,148,L13,14089110275784672939,1,e589775dab01958c4384e7cded46c47e68f0b9cedca68219117b5a7d0b9cadc3,True
1,148,L31,6420074437861157458,1,3a92f5c356ce8c23b3eadf9b40ccfed6ee675f648ef48aa211abd76a09bd5e49,True
1,148,L23,3769002743825490949,1,a29b97bd53d981fd2091ff04c5e4a9ec82656b2e888aaee24d0137c4c34b6b7c,True
1,148,L32,1447336635972494318,1,06d9a99b1463d8210ae2d8f2cfaa33797308984d090eea87d1f65b04e42a8bb7,True
1,149,L12,3464146139093641714,1,7ca13681291fc592637d612f6fa5fd9f53bd7925802171f1b58ab083fa227d51,True
1,149,L21,11201459400736438011,1,0d5a03137f3824b90f5dbb82f804ff140a51e31b7661b81accf1af097ac59372,True
1,149,L13,489831563369944545,1,2a9b517a4a010eaa8ee51a0b92f2a146d9f0ce1bc9fadf6b590fbd0100947d68,True
1,149,L31,13954497527049964747,1,af49a15d10e9bb8f80d194cfd867a00632d12cd0ffe1e4f3f6fcc4a7cbfb9d01,True
1,149,L23,5867408448987992663,1,0b15e2708f01e52f66fbe2c121c55349abd5fc42b20b5a54337e76bff527e092,True
1,149,L32,4244208463851791412,1,871f2e5a232443005fb4ff0c172fdcaf06d5496d5cd8efca37590bd034c8f3aa,True
1,150,L12,14748232284737735156,1,9719edbd445693f1d41136c9b5c2f156308a565a83c5b6a8b79725bcf2fddd6c,True
1,150,L21,12105886456405935207,1,8b15d8fd7b331426cef625496d56e8a537046cefe3ca7d9323234b3cf8ac4024,True
1,150,L13,4530236911710637326,1,6c0c63acccc2ea7799473bd3034d3b198b39dad3af27e6dcbd34d3609cc642f7,True
1,150,L31,12773137166907122325,1,258b51d28c9446b34e5f8de3870814bc816b115e1f990d3b1f20c2133c67ddfa,True
1,150,L23,5356246665774855075,1,973bb01a7e0f4fe6aae7058f4cdb0fdcae86f62dfed941a8da4d4af253ea310f,True
1,150,L32,4411134320570626035,1,72e48d764ef524f2d63d0d3d11bbb5db242e07d74979019b61231bed04abcda1,True
1,151,L12,8890329653979265243,1,f6b6abe2253d0ac1991be18073127e6800d399f4639e065e22deb192ea96f6d3,True
1,151,L21,11925793756668348749,1,5140fbbffc417dcf44dbdf9f527f69d76fb981ce55e00fe659ea2182858a6588,True
1,151,L13,12981001622588714548,1,812351ad07cba0aa13b30c40912d7f8fd651f40d2e7776ae7105634866b1b633,True
1,151,L31,10494798232448202850,1,d68f9c15ea1ded7ff5a63367888c64f5f57a8e84f0b48497408d17a2350a3acf,True
1,151,L23,12022517963360617007,1,91ea3f3771081269f9ad7c239e0e58bd343eec2e2a8ad2b5143a364fcb0e82d3,True
1,151,L32,8978118329391057074,1,d7730dc09a10c1933f05c846701547b36c7835318652c52e038be6d46fa09755,True
1,152,L12,4357002225408355597,1,7fc61fe5451a488876092b0811f77b5918f6e443e998279716471fc87ad49a14,True
1,152,L21,7590988620662183375,1,c9efec3a61554ce20be78ce9c03d9b0d60f385405aa4e0d82fdf65bdef57b506,True
1,152,L13,14440610126812165511,1,5f5358cc60645b794f747f59c47b0115f70c7caf80050bb6e935533619490e1d,True
1,152,L31,9096387747563558259,1,dad4ff33c593a99be8368d97e70f55ee2b7701ecff2a32339a43c11b85df582a,True
1,152,L23,5768391031430539976,1,21363d921c4f6c7582be0247e1427fa774aa81d0bae785ea433a68a9c6def16e,True
1,152,L32,13981463424499723769,1,0f94e6c2e51649df613bf62d5372599d8e42b6f5d9625c804b87ced7e350e06a,True
1,153,L12,14054655084912214683,1,3d41f53bddfa96b8cc2a3a0be8915d0f17aae2f3c75a0f38499373b3ab610489,True
1,153,L21,8910137383225480180,1,0a3f64f72f716dc960197eab61c3e7dc3ee0a066f7f292a532da01c0cf64c823,True
1,153,L13,16713754583470030062,1,e44736df966fa41d908a1fe240ca61fa7ea90c5d7f14c16448d2e2899fd57d69,True
1,153,L31,13818779575757350295,1,b665109f11cd9d3a63c507fa6a2ecfab03a1c9cfef37721ac524fc88fd772c18,True
1,153,L23,1017653943928861056,1,dd624251078a124e082840804a172ea96cc3d277f7f9b2ce56ea499e49f70be5,True
1,153,L32,17577914516512119062,1,513155ed9300132556b9049399075af35e06eb898ddc3db700eee741c4a63be1,True
1,154,L12,10519422781422742543,1,14d6743bc84bfbb17f1f70524423853bd4d6f132281ea57ccc7fd501687840ec,True
1,154,L21,17640217648947809707,1,5e25fddaa88d919c1f6aa456ca20cdf0edb5d90f19915a25026aec25212fe364,True
1,154,L13,9198552341832790960,1,b059747808747f3cbcc5d7534bf08e5ed0b8bcebd06038727519521550923ee5,True
1,154,L31,4189194103268495055,1,57a671f2c9a49e777ca47d406df578d27a586fbfd502d3d1c1ba479d5a483e47,True
1,154,L23,4172118217268617633,1,a8c6d60818f4fa6b3748c80b7f0198fec11979f00752a1606372a8435e1ac7a7,True
1,154,L32,4226901603292048254,1,dd31de9b783a6b18dac1c76fa3682450d807d0566926e1fdd7d8405f6a7cbe9d,True
1,155,L12,6243877313334998654,1,3acdefef806e05a615c097ddafcb818866b987bb17ae0537b01c83bd376d71d2,True
1,155,L21,2886179839418148336,1,976ee8a3db270ab53e4b4a96463f70a295c449b7bc80650fcc626c90b81b71cb,True
1,155,L13,15845621201252704767,1,8943d673924633cab61fd3f81371e3a02eb90a6461ca3b2ece70394667daac26,True
1,155,L31,5066770977898478908,1,5e85da87ec729e701cedaf30f41038b9a0d2d242d53289aee82526c7dd66f20d,True
1,155,L23,14742421701380550846,1,9df0ef97049e3748502eec221bd61542bc17fda4b5d3807bf03733eed55ad806,True
1,155,L32,2160822203696699919,1,8dd31158ab812dd6513e3404a4bb1ae8b9d6781ae9b96f7557fb06f3c94c9503,True
1,156,L12,4295717058304360480,1,32e042ef57712d5f4ebb79122be06dc8d879edbcd8db3084d59c9045096804d0,True
1,156,L21,9714222633493583742,1,7ec24d7389a1bf6dec5371e918bd8f67be48977d9ac49735123c1363589a3b15,True
1,156,L13,3774858852205575811,1,dd687d80081d10e4ff9c4495577b428e757f196dd35d07da1cce7bb1e5b68103,True
1,156,L31,5293789772869923301,1,ac940bdff28ed6302fdca245b0aea0048ad2888d25dd6c5fbb23ec837d4bfb89,True
1,156,L23,7405450188281990,1,178c1a813087e559b28a9161b05012fa9e8215f31a5e06edb7107944f0a95329,True
1,156,L32,13772462475191312533,1,4ec485d2378acc69d60dc814d190754f217cc7809cdc9398bb68dd8b445e2bd0,True
1,157,L12,374277048643942594,1,e1daaae2c3c11a4945a06d2cd4bde3e4bd2a848bb29198e224fd341ed3bdb556,True
1,157,L21,1664069579067159121,1,8c25f7949e0ce191165f3409f8895aebe7d00788b16fcb77c997690a5a9403e6,True
1,157,L13,15147673767855227143,1,be3bdb7443bbf382896fee82a0448eb67e6f9c4e1daadeffc6b122d08d083304,True
1,157,L31,16707514537775497784,1,29ddbdc84bc1ad99aae4258a59a63ae0b988b7931dfdd27ec2ad53db60b3b4f9,True
1,157,L23,13294631577711930421,1,7e24b70353f60dda09e3f38c6fd8df724b924875caeebdabe0fb37150813c045,True
1,157,L32,4842621172133022268,1,4beec12fd65acde1321a1946f9cf1c11a85344bc590ba3e9a629c7726d60dcb4,True
1,158,L12,5686789481410012637,1,d063512c11edacf5c2668e1f461121e236f2a679161ce5334e36a702e474cdf6,True
1,158,L21,15695754435770768761,1,35ca74cd1c545358b283c50c1e8c1bfc7ba483d833cc20bcb0cbc79e08b21d8c,True
1,158,L13,3732982170346450597,1,83a1339d117db9bcb341459025cba6f67a5363651ba776819c6f9354929b5b2f,True
1,158,L31,14054014891980535346,1,62ab9ac320e7dd9c2744781ed426fc73c7ed61438e8dca056e3b4f51b384e44b,True
1,158,L23,7746013708413988015,1,7d2bc05f34df6682497c193a23b65c83e99b1b089ef714489c64ab3869a80a7a,True
1,158,L32,381750525754893392,1,6832a50955edebd9382c0bf963f080459fd103b09658adff2591b8b34307a160,True
1,159,L12,4284181314749804689,1,55e7124bd63048904230b0f06d794f8536a3cb10f9eef7c131a74b226afebb15,True
1,159,L21,12382601523232740017,1,8f3fc3895e20559331249236434a2ac2a3f754e18ab8386b5192fe2754481d4f,True
1,159,L13,5868445622376885274,1,9b12ee01945579d2f28b2851f9cac2660b8e8d980107b3ebf251d21d469adaaa,True
1,159,L31,1197668120382008023,1,46ae5888e2b39c6e6b2857b9cd139432f59a93fb7e4ab3d16a58e38ad5c2d5ab,True
1,159,L23,14008912607173987450,1,bf4f5fdb71f5ac09d6d35da4bae2e770a5a02edcf3c9392483a4b1247b97d407,True
1,159,L32,8169518701860804826,1,43fd5d01647906f63a9669475356e97abca95fc8f45737411314b3ac4b15dc4a,True
1,160,L12,8925095154512081996,1,253b9441e0b64a6c0800f278d412978a3dd5c405c4fa86a358ad4e560075f72e,True
1,160,L21,2267342029742574421,1,4a0b5f5fdd42bfb9b1133c76210544164a00e7e6e51df2be9d17847d9117e706,True
1,160,L13,7628395294854153130,1,75ce4dd894ca88d4ce2e51a0dce972592ff07f27c9748b149db5e6ddd2da0bee,True
1,160,L31,11375622777195317275,1,cd881b5ea6962bd61af41c1c9df1bbd8677d2f5493e36c1cfdd7fae9e119de70,True
1,160,L23,12153489433777585704,1,6f15c901b3db9c63c4ef419256b018abcc55047d3c0e708879275035ddf371e0,True
1,160,L32,5788562546405565073,1,ec17e295cac9091993b64b7dfc440467220919e1b7676659e21ad2f3233b14ea,True
1,161,L12,2220245477824857958,1,2f3273d7490dec26654ec242d8701b3bc742d772f4e9d64c2dd6d61b28d8e66e,True
1,161,L21,5118565119973965197,1,1020e0a4ea3cc85f45f8664641dfb3f4a14de390afb2402162b8df2284b093d0,True
1,161,L13,14604814619282587189,1,ecca349f4ee7b422425904a99d034619a4a0784a828a452f48ab933d2422836a,True
1,161,L31,16290863389381614166,1,7b9380bc5b9a4033d05d7549429bcdea539ca43f797d6cc1348a386154524d81,True
1,161,L23,17105110594655635388,1,e3cd36796fd542ccc414eed8d30ea30c29ffedb5eb18c8c937545accfc242db3,True
1,161,L32,12744738154370859028,1,d2abb51962007335cb3b7e71ec6ea0c31003b67b4eb602bd4775568aba1f2ef2,True
1,162,L12,17295068072230227615,1,591eacbeed60767974ab9123926a0062b627b21d6c2e6e6266ba498ba8a476ed,True
1,162,L21,4797063199747779601,1,4c1b50b9239e01b020749ac3c974178e77bef21a5cfa5a98e35799ce1e529cee,True
1,162,L13,7854544388552110608,1,b52a9d9a7c23f54872b03e4a2956b1eb2d6e37e9ee3376b12a061e377de55873,True
1,162,L31,12967783971710390548,1,3280f80e39098a195f1e4b209290257fc4b176256ef50ad87504ac487719d80f,True
1,162,L23,1083646773603605878,1,1105232459129dfff5c4e4e19a5236ea746151e5823d8b9669a759243469d1ee,True
1,162,L32,12678212202344137252,1,253b049c39c13e08a37d98984c36f6fbb30085102fb316600a2199befb72821b,True
1,163,L12,804760485615907636,1,ac433b2cd4cbd83afe184b91f627dc6b781e163facbf58d6e99ddfe93f1aaf25,True
1,163,L21,12967135421045582213,1,4181289c2afad55d6a84fb02ad1cac7597901f0a5ecc3da19ad8b6253ccb5469,True
1,163,L13,17521695077942652512,1,4aa411320833c5cb635df2a7877270398db6acbe29636bf688f359b88eda9b18,True
1,163,L31,14961415254103872937,1,709a16b97c793c6732ae653a6c61370287d451b933731501e9635fb43e4deec5,True
1,163,L23,4137483075291680150,1,c1f787e1dab6a8d8f75e545f22a1974d4b13935b632074e1a42face12f50b8a2,True
1,163,L32,11087410170317180658,1,524a49477e685ccc4b7ccb2618b9dd8b3055e5a0053ef4ed5d6ea0c3cf9f9274,True
1,164,L12,17698895588739325685,1,26be2d5868d720c014ed52e1b9ca9e8cfe78b6de41f074fc9d159493b80a6c68,True
1,164,L21,1689325176060124405,1,238085c46ee06f253e1b28271691a48d1bea83fc820bb8228f1536f4465a859a,True
1,164,L13,13385493113898162121,1,caa8b5518d3f1e406325f62cb4e0b2d9bdffe0f8187b187742ce630290d0e559,True
1,164,L31,11574068878722833912,1,5a11c6a4cb2012b5ddc6b2e3215467a4bf1b6a888676cfdaf477c55f98be33f3,True
1,164,L23,76502565292040966,1,cd48fbe237adf12054e7fd2269ce19e7e8203e5b7a3c5420334bcab31e2ad594,True
1,164,L32,11115850949182460627,1,f6ddfb0d0856f481cd9355e70bed2ea8bc79255b49efe9089e783f99cd1c9cad,True
1,165,L12,4208603908007916334,1,6c404d64dc2dcd022d5292b039b76e6272ed78121f076f261ffacb77408c86a4,True
1,165,L21,16609433784253277273,1,86197f44705c40b2e802ce1408d7c3a5749da157a92daba98484db107f4413de,True
1,165,L13,15463281564737421777,1,561ad2d2e5a838f358095cd7c6a66e752b513a9d69f7de0f85dd9640c80272d5,True
1,165,L31,9812024001300867965,1,12c7db9016a6388b95f7e4bbfa4d0bdf14fd3bca86901564a0811db998638329,True
1,165,L23,6556466059055954346,1,01a0552fb9cfec9506490a8713024e3ae9434745cd21cd2b7274ac23930e5fe1,True
1,165,L32,14429538753705221227,1,976d5c2cc0f8d1fca8a471f14e89436c1700ef45df731c90267c1d7bbe3b53b2,True
1,166,L12,7775599552319621328,1,6f65b38e35494a1e31cf0e8af820efccd9e2443e9c6e7f2fbb0207122da4bcdf,True
1,166,L21,3652530063588836344,1,ea605a74f2375742f1955c63b636c125046708a4c1069c1565acdefaf80da6a5,True
1,166,L13,15038018687777238522,1,b934b75e17c4730cc3526b06c3070a9384e854555b30b44435e6fc1b17eeac09,True
1,166,L31,18408835214334843659,1,c07e5a58b1d6727a0b230f00f588164df796f26aad86c87a9b03a20996923530,True
1,166,L23,10814801348030150638,1,d488a0bebdff466660f11bfff2206634f41526d10abe71cc7a2ab929916a2300,True
1,166,L32,14364399531581038733,1,3b3ec818a14d5c1c399da12c618d1f2bf6dceda57615282c48eb1b995f134450,True
1,167,L12,15384334323842774379,1,4a57b4341964db50b617f1096ffb629fa433d25b3c0c450b28fa3e141f51fff6,True
1,167,L21,12155610404790073954,1,83e31143860918412345e608dddabbd7a2d5693e862e9de731dc4008d3bb7591,True
1,167,L13,2678657640371558396,1,3b54420465666a9d60e976cb74aedbd335885864d99d5d19bd2bd27ae3c4a57c,True
1,167,L31,3482342398789429506,1,b9e0c6814ae4f10c335f4ef6bccb456f0051ebc13de8e5c5b6fea7c01c34b5c2,True
1,167,L23,4970330941502933747,1,b67be88c8a423831fee4805634325481a8bb463da0f4f04b6f4247442bcdd90c,True
1,167,L32,11653109157332293805,1,9fc40ecda5d7c735a42a7b7b17a5f95c64bb3b182227581f39fda6e68b55cdd9,True
1,168,L12,1312386599942909468,1,76cc561188210d3515781283ec7cb02d14cee1b4e965895c9d075c0cb7c2911f,True
1,168,L21,9043000278337857270,1,e62e7128753ccde5f5e68e1dff735dbdf12b8560b5881bb2db9ad29b0a1a5a7b,True
1,168,L13,10611817931906190241,1,ceb414b5396b60564c4ddeb4cc9caca961106b9eb1acbecce2dcb321876bb01f,True
1,168,L31,4622678016208402988,1,c71659a97362e7a02c299ef8ac61979a5768bda972dbd3cf753284ab7206b44b,True
1,168,L23,1859505045215905292,1,72864ae9ad0890b024a75f9bedf07230c7cd418399ccfb38a0e3209a37421804,True
1,168,L32,12180302002883711815,1,e8ac7fec4d2fa1333f331721b41fcfc051988894a04dd4edeb1d71f35bf72423,True
1,169,L12,14694316589137037297,1,43260a75e781bb3d046a8b9ba91f0e4a609f7d8016182158d7ff4816811784a9,True
1,169,L21,17149831382337565270,1,575b7692421c3747467d1a580da454fbe622dc2d12ca6c57d4b493220d73d6f5,True
1,169,L13,10526383081975326370,1,c6925b35b2d9bd223530fa8eac47c101895f9e7f38d33411de3cd845bac0d603,True
1,169,L31,12715826292657085502,1,58170c313c6d2e240045489340250645a21e2d30d9bf1148de2e3e28c8eddc6a,True
1,169,L23,15279270281205713716,1,46fa94f014f7a8bd8f466a869020d745c5ce4ac59d9d36d85d6c8df6e20e3ffb,True
1,169,L32,16308339060701957056,1,1c8b463a3b6c6a04f9a84588dc8da2d884241f3e382f44eaf0ff4d576dcac9d3,True
1,170,L12,15088305625332935048,1,4ac31036fef2679f48bc72f1a9747aae49a759bad17c0b40aa6fbd4273c2494b,True
1,170,L21,1271878613819469418,1,5e5a594161f0de89b65cf3617c605868f16225bab5f63ec9438f1412f5023dc8,True
1,170,L13,11567068676581742190,1,16d7dfddd13ed5ce050137cffb5543c409f3de3d81618d1b1f844fe9db5ec028,True
1,170,L31,14849094127632793475,1,bdcee479e37068bbf4341b1b6b66385e04fc0bc93c32154c47073f09b997cd32,True
1,170,L23,17570610719244028652,1,aa032ac6fc3f5d228fad09830648b932fc9eac6f4190e50efc9170064991bed9,True
1,170,L32,4331507927877073046,1,de9fa5f63562a6790add54263aec7b0d2e8c89d25d0cc90986c0754d50e48219,True
1,171,L12,3455733960554172959,1,8a79fde93ebcecd01d792b10765edcc5a5377accc7e26be61f17c88311c7a4e8,True
1,171,L21,13094906161111331971,1,7a5d3ceaa7ad5ed10a6390522e517c992966df713e5f912c6c454a07c9e6c644,True
1,171,L13,7523767237999696915,1,1211b3b611307171ab2fe943dc658707477521cdf70449cb6e11f7afe362670f,True
1,171,L31,2329738682171145000,1,8bf495298ff3e197bae6d90cbf78bfa7b64e49f84c879f081bcd5b60c089aa03,True
1,171,L23,12568960774837959055,1,69254cf67649c3c628950a62889b18dbb6894a87b2a16fe1234dfefa42cc714e,True
1,171,L32,17461412722807107206,1,008955030d809b9582cc5ce158a491bd91d673cc7eff6728e52d8a1344ce008f,True
1,172,L12,10183044521319394583,1,2c8f1c4665de18bd20a6b3d032ebe0c4fc89b6ab4e6fede362f84b6cf47903e4,True
1,172,L21,6438164815820009837,1,e414256257dc42b31a22f40b61bf873eeecba45c15a011a25eed2d4ba9bf8094,True
1,172,L13,10740703269691174114,1,da617e9ad49d98f254b2c5d8732a4b03fb460bac04fdae0e5b843d65a46dde24,True
1,172,L31,7198582225607903165,1,198a7a02b5eb627bda96df9cac523babae4a3de71ee978a70d74f3aea0c162cd,True
1,172,L23,1676811072320459279,1,7ecfee4d2eea77f628db1de7a4748a067152ea06981c42c1c0cd48e1ed891393,True
1,172,L32,429233541287399106,1,e5742617ef1ea9a969e126e394fcfe6f5679cd4e2bc7ccc5f00d05da0893e735,True
1,173,L12,9480477377982341708,1,063f06b1a2e7509a5a6814e301507622440881244f4b110b001e758cb0bf537f,True
1,173,L21,8716835364518712175,1,c894f34ce6a58eb9cb2b04250ea3659605636a435ae42e264ba16729cf6a9700,True
1,173,L13,2787324626815383838,1,ee7bba573a3322bddb78b5cbd36824904edeb9d64dbfe917a7246eee131bb247,True
1,173,L31,5421549045647079912,1,7549a9736e5a3d0327f565e4812493f3755064e1cdd3b0485bbf4afe894a0596,True
1,173,L23,7718799865057260610,1,e25170dd6b5bd1b79039eae02bdd94993e8059467600ef13ed641d61769d321f,True
1,173,L32,7192170932815658128,1,4e17fcee166bdc520afee8a867fb8a067ba57d194ef3b92948eab90079fe898c,True
1,174,L12,16508139475147233537,1,8696b3e2383d5b6ca55f47a344c12f06d315791f6979a0ea3562847a715f3b73,True
1,174,L21,2035150831565374746,1,78de5575c17d3891699546daf600229404b8f349f297bd2566d4903f73ea84e7,True
1,174,L13,17347568376459711737,1,449b961427afed2ff9736388699b6bebe466dd4640c4c329b29415e63cda5f01,True
1,174,L31,13107278427399885338,1,6428c0431340f8e6b7ff374de198619534d6d846cb03c94e07ff06b2ac2d7581,True
1,174,L23,53359969904369161,1,8289df5c8a8164de4a94fa014340d375b9aa630cec32bb1631b5fe17f4d9a6f8,True
1,174,L32,13540635690162833119,1,5997f335aac26d76d3a61d6bd851322f04465895ccb30984e522dab127cc473f,True
1,175,L12,14145388745011843843,1,dd0b5899c53e9a7eaf2471421bde2d91ca605da8f994a53f2941d3fb17b70254,True
1,175,L21,6702905749612601864,1,2d7ce7a934f5edc7f0b29e581b73902bbaff2a4063ac6c80565cf182d76c9d43,True
1,175,L13,15434656665837532143,1,ab012495e164d1ed0e99e5313962c2b0db15cc6f1ff4b2938833d8f443f8e526,True
1,175,L31,15320453076224514708,1,c9857fb140ba035bfd8b469d07b6369fd6c46715af61be5753e4a60e2d4565b4,True
1,175,L23,1025145660130517753,1,2e4a75cdda8513def76460ffee13b0533453e8568063e745ed80bf29e9611228,True
1,175,L32,568772112503263237,1,03eb5cbd31bd3891437b637bd19a9e96580cadb7eeab453bce770e4c56abef55,True
1,176,L12,5508177794511780939,1,934573ab2cd1328024526f2335b8fa3a93020c167f98620d97cba26751cc5ad9,True
1,176,L21,3693684359333576743,1,eded49d2df9a87e7e97de50db0260ce5301d3af3e8e69ed9006fd2b228d8fdfa,True
1,176,L13,7039493709433028620,1,0f305b63fea5b85ac11300747b2e0cbeb12cf26b9d8133ee528817172c408323,True
1,176,L31,4581937896610404770,1,b09c15f5ec73eebeb2f956bce33ca46e918ad78d69d13661a68f2dd6b9b0cfa8,True
1,176,L23,3561458017501719588,1,6f945b4d02128e8258434746d69bbd31d8456dc3c8ba97579ebfb1ac3da1331f,True
1,176,L32,6636352110167895331,1,a3af7a3422fa8406d39f571be0b00c726a1dc4cec56051574b075d3c04d9a206,True
1,177,L12,8246427267989624579,1,8898b09cc196da3402916386d64e691ffff8d8d19497938743c4f344a1012786,True
1,177,L21,2543069501708126148,1,525d036a2b262e2f78838dbb840a4ec7298a8d3f36350827379313b1e6e53d55,True
1,177,L13,12111136363671354620,1,7dc24a00a0ed377b6e86c646117bab21ce05e7ec4e456ba3933a40cde413162b,True
1,177,L31,8646621902680442143,1,5805e33b404a105adadf88b46e41111951b9daa7197845e321bf5ec1fd8e25ad,True
1,177,L23,11618929364156512445,1,7ef374358a9eb44c5df0ed5b8b2e5051c235663018e3f7dbfaf0d04550bfca4b,True
1,177,L32,18050512289082977650,1,40e79dc0157dd1e187be873dde3683df7115839a817131fec804b7ca0bb1511c,True
1,178,L12,8788482115434652707,1,ff2b5a4ddcf9b6f48649d3e6a19899c68d9ac8ae6e68fa8af53a461689ba19dc,True
1,178,L21,5126456536585588287,1,12d8bd5739c145489ee48173af5c00d5b32818fe7c895ed8d31985e564c004b0,True
1,178,L13,17601854543509522397,1,d96fb74b66f6d3f53ae0eb568ae0394ce451d521fdb362908f7327dcb8dfda0d,True
1,178,L31,8033557770060881392,1,9917ec9b5b3aeed701f894567e592cf2ff105a3b7f0e1ce0c9a652cfa8ed17e9,True
1,178,L23,18364368263406195761,1,0478a3989cb900e02976d8fc02f053de7fb0736ed0a90bced6c905978a748050,True
1,178,L32,338321006745803255,1,99844d9d206f476eaf8926465bb5d2d319bbdfa9075450c54313602c2b07371e,True
1,179,L12,6963418543361722297,1,33dc5f3549f37316debf4c6f6eafc4e80f56559ba5f21d9aeac448f3a346b579,True
1,179,L21,13664013998357861393,1,eb85ba4a7c87a94c955db1aa59695e1412f58ac35dfd058eeee5a20ded01abac,True
1,179,L13,13382068434768048826,1,713fcdc1782d2d4af4f51964870719873245c0a9e84a5e82d040ba908afe3d99,True
1,179,L31,9740894952208992265,1,5c4cb221803fd357792a14545db824f97d66ba928c562d6e33092db7672c4abc,True
1,179,L23,14808958096879370347,1,84a6b1a243ea76b113fef551eb115c58e23f70f6bfa8fccd3df8df661472f69b,True
1,179,L32,661160549060370627,1,98635d4f97b6533b4fccee446dbfab5533f3e31f6356b140e2307b5bdb60ec17,True
1,180,L12,11089634023632033659,1,d9d01222e951ea7f75d5179cdcfdcb973a7022486c674dc9cb25cc561dc91169,True
1,180,L21,2704198229251452104,1,1bdc905b65ca6a86ab986a81ed851f010747fcaf2354865b230e1577598abb63,True
1,180,L13,6151547372436486948,1,787777d92a0efec845f3ffd05e0421d668e69d39a1725c6018e720223c7ab1c1,True
1,180,L31,8127233772710624067,1,d3d0d0ec67462b29d9c8738da5d1431a5b917878152c4528ccbb733f3b4edee0,True
1,180,L23,6260214301795436342,1,99d31489aeb719d2ac58c5863957492dd8a010b99c63b6287aad3ccb7dc13df8,True
1,180,L32,12344846005211979806,1,be35868d2782f43f3cf89469704d0b64f1e3301b4a260847ef5cb09f697905f8,True
1,181,L12,7470849253935404232,1,143ab356d59bb2b30ff9eedf94fd38cffc4f60ecf35193b74cb0854a0b2d1197,True
1,181,L21,15528643184310774166,1,4332b011bb2bef8274898d3c901d48dbd018978e256feb2315a5e34c7131beca,True
1,181,L13,16585223323876507655,1,21b1c683dfac3486569b188af0a7ec68564185da12013247a374fcdd00c70c75,True
1,181,L31,11598477220331890944,1,675d2d953c1c65223802ad39fcea4ea02eb60f7db630c0f4bd821e951cfedfaf,True
1,181,L23,7921091814640630144,1,dd0f9440eb1b58ef366a77052f567a63a69d01897f2e359d9558c58f8b631d91,True
1,181,L32,5566688170849819516,1,6efd27f7d17df0e939b7c66bcb29aa42102c52f2ba8eea90ea1b3e2e9d3e87ea,True
1,182,L12,8909425401879777549,1,a88491495a23778a5576e3f5e6c8955633c6cf7e6d6924bd938284d1bda6c8f4,True
1,182,L21,12407417141906781124,1,e7f0f58361a851c68c564fc45ba4f485408c341885cfaee8ccb7298423671856,True
1,182,L13,3069153885437256076,1,85305015acdfef7f51322b8379bee6caa6c2df9bbd5639af09bb36dfe975009a,True
1,182,L31,17579193680945445367,1,06ec26341e5abf0637c26f74bca3706fe5918c142a8513315904817aea838860,True
1,182,L23,5066947279773948321,1,46204436827fdd55d6d858b6c9b6b6ca0004dcf8e272e22981220f165714fbcb,True
1,182,L32,1669278343383696512,1,39e2354d3d03ffe4b8f00198cb73192c528919dd4b34c2af3d602d93ac14261d,True
1,183,L12,1483431537194554506,1,308656951bc8506b4703c6b4754cf7d71828f4832073eaf721e81c230be7e2ac,True
1,183,L21,14648216312132713409,1,d973c2156bcac80ccdebeccf6c33d6f14ea9fdcc1f4543ef4fdbd6b928b4ff76,True
1,183,L13,13366981479774963205,1,79697af59399aa2916134483b5809dc17eb304e5e37c6ccb74090e5d97a90466,True
1,183,L31,13386063478216208962,1,099652b67aa61770fdbd952b2f47141714989122d1e2e4aed51169b42006225f,True
1,183,L23,15048595149837350068,1,101a8f736b155c4cf681f586ab9c722c45df819fb9d9db646592db4963c9f2cb,True
1,183,L32,17027239322993091916,1,8a821d372c8f4491dcce1350ffccb8496969c35f6b383fad738dd8da11ff146c,True
1,184,L12,1807534100240897480,1,3cefe15646d3fff47610d9f7319b4f4f32adfcd4ebb46f539ed65859dd9f3fc3,True
1,184,L21,8970515666229038657,1,f16c4234b0c9530312fc6521400400a44a76a00fb69710a2a4c3c86c24628e63,True
1,184,L13,11019442199791691238,1,ed825333ffdcbd498e53f7f23e831dcd0f2cb3cb0f5763562ada53b5fddb1603,True
1,184,L31,14170000029122087206,1,cdb2e5e4e7a1e47d93b8e096ff286720fb8426c9532927268d1e3032390002c4,True
1,184,L23,9797066053186007926,1,d5f6bf21a2b1c8e24c7f135bf60bdce72980cf104b1acba166b6a8ed97366a32,True
1,184,L32,5899222572112135530,1,81ef68606b2608ecccdab825cebe6692ee9330de4251427c7f6bb5c4856596b2,True
1,185,L12,112526872793626701,1,e6974c6d1ef0eaa240937d511920516eccb45a3df21ba5d70376d83efbdd7361,True
1,185,L21,8579942953420430567,1,bb901e12918828e6190c717145d53e8c01f29c44ffca76faab2b54b528a7d333,True
1,185,L13,1927830955050877248,1,ab61c3e36b62be992c823cea879608217d77ff9241388f40f34b6692b9e7a172,True
1,185,L31,15701377539443428599,1,4e3a9f6ad5abe615983ba4860eda144de359b553ea7a6a25b16bca2be609ee0a,True
1,185,L23,1854876681588343770,1,87a7624c48e3ab74d40aeefb2b08c3b092261994b698f0ed3324189bd994770d,True
1,185,L32,5725370019243397264,1,28b918ad1a36f753ab2528e0acbcb87a708517f7378d7ca721b0790494d59025,True
1,186,L12,2320643970949280091,1,d100382b2ed6c746c1b853a362aef8237f8cd71ce6eb97c08bfc89c51d76d37d,True
1,186,L21,6189039897879295271,1,a13509709af9c02ebb6ab228fec92f1597873a414f2cdcefa7c75015b41ec984,True
1,186,L13,3869096942478532337,1,8c87939afab8268cebff7d2da26d0e45d8368919c41d1d691d909c36e374ca63,True
1,186,L31,10471916596865314196,1,56b3f20013ab7ef9d0b53b6b4aaa3f70feb846228e8565e46f088457c7e30607,True
1,186,L23,5753223589099704961,1,0d16a029fb11b7c80e5bbd5a9d80ac99a128bf072a9036adfc879a345043a54e,True
1,186,L32,2658814916294592778,1,403b0dbbfdd4485bc163debeef2de495b6304e9e59deb8e04b3b05548cbe42ad,True
1,187,L12,6872788953236443003,1,7e133f95c8db3a6d0aff92fdea7fbc8e184fb2dcf19e21feb97880f48017cace,True
1,187,L21,3130727897038933064,1,60e73226c9fad9782a566f9302e82c82365d852712b6cfb736301f9c69d5c05f,True
1,187,L13,1665099986596941949,1,394d7d8cbb668f25c22addad884f3d4ff7a14f75e2d00559908cbfa7c61e75da,True
1,187,L31,2930498884938206868,1,bb359cbdff0ab6634c5a2f8bb684d191804a8df5b737b0ab4ad937625f5edebd,True
1,187,L23,4889070234950533917,1,662f547a52cfb0b14d215d412881dbfd23ee9ae3c4af79956d7364afde205071,True
1,187,L32,13508158424299223158,1,683fee7254921bb1305330d3706f21253baa3640ca6ee03585dcee231f9b186c,True
1,188,L12,1285698705927772520,1,f67ab8aa673f0c13b4a5e774e05f42202afd0c6f7b439aadf86b444e602a4e20,True
1,188,L21,18354560635638378975,1,91f62cbeedf07d24acb62cbe11222f8c1312ca99f7de31129c1bed41b9807b4b,True
1,188,L13,2382144752833352052,1,954902f6e66b6c88f010724ec9bb7486758211c236a4139a9c9f792f11978038,True
1,188,L31,13274474082131648732,1,8272ba96c509cbe31e6eedba6c04fa87af077595949e39be5a3aa8e81603e03f,True
1,188,L23,3675030347746343198,1,d8d6a6fc2bed09556c922b07c5289bdb61f996cf19ada0586ba0b7441c040bbb,True
1,188,L32,10502727671393424219,1,bc5a05ad9ae867e59cfdc249143f6822937526dc6b55bbc7b754dafa9c495ed9,True
1,189,L12,7740296288157630064,1,85c08524c5dbd68eb27952b5cd654bf97f3b4e0a90aaabfa21c2b46b974a5933,True
1,189,L21,14964671020402769617,1,976d2771dc028c0627bb981a10e6ebd65749a87bbf9791a17ac56f891c0ca3fd,True
1,189,L13,10272353416459061636,1,a626e50795cbb73d7088824abe304581f49c4952b876a66f554738f80ceda65e,True
1,189,L31,206891561055745452,1,c32d9f6f2ac0c21f3f9e6ed76270327fd3403192f766e8b1462c909e6f2600cb,True
1,189,L23,3186116739621932313,1,fbfd1123fa056a65c44e94310a82b5a7f1a72db23ee59fb72e045cc4ef3c0296,True
1,189,L32,13901174810636856478,1,703faf22c56827dd9fd881b04daf4812617c6dedbeadeec394a540fa4dbeda0e,True
1,190,L12,3697881561620138469,1,262f384a0da33ca257aba9603e6305c1fc69e6bf0d8bb5834813d522e5294ab5,True
1,190,L21,14488075277886845577,1,3567691e59299edc09566de2f0909cde03c3cb717f4f651cc6cc245f1a5955a2,True
1,190,L13,6318511737121880684,1,fbad1cbc755e8cbfe48e1f1c4b185beb48eea9596147203495958868c47b65b0,True
1,190,L31,9982290531769207016,1,af10579d221f1209299e222dbf29433e1ee430004cccde7c2a42de1b4b3f36e1,True
1,190,L23,10068448963765865490,1,8e23b080a6607f459506caa8d46ee03ff6ccf912302bce235c36ef85cd027e4b,True
1,190,L32,11606017118042817959,1,f317c1a0b3f938883b63456723d0ee5b1a45d57782df29e71b60f5357c60555d,True
1,191,L12,6958685612711111990,1,44b6668ad72c9fc7768559eb362abec6a1198eeffee445b0d8d5b214cb7e3bef,True
1,191,L21,659149261978059915,1,4939171ce69a04edbf4e988f4808aa15fd8afca8f7f9d242ff60927dc78bc07a,True
1,191,L13,14078911063710219238,1,3e9786a264d005c18d6cc768050fbba0cadf21e9b2002e75ce3fae603790eedf,True
1,191,L31,15910247040586906114,1,f01e761cfc76f9796aa3426720e14cec60cb37425d2c990c7ce4713ebe9c7057,True
1,191,L23,237005265639928986,1,1b52cf34283be1aec01108a9a4c21b69898298f197a37a62b50ed879d7604722,True
1,191,L32,8685209437910922946,1,94a7bb1a95dcd37d7f600df04f585e7576722f961e7367b7ba777e82c15e9e1b,True
1,192,L12,14286980072745614935,1,d2937cd117023de9bad4bee7b4525313c121371f1821ef95c4bdfb365d4b789c,True
1,192,L21,13618297343503924496,1,0a4a4d0718da3a5abff4e8ceb96b1d453c13f2af250b50b5f35ec38b0d0e4901,True
1,192,L13,4462300833967113578,1,7572e26ec6b360889e60266824153c906f2216101fc3d37ca0400fb628dd35df,True
1,192,L31,16392760050144043640,1,c8c9c8529275d4e5b8ca61907a47693c3c3689463c24152db40ebbe894c402be,True
1,192,L23,11393024794289454507,1,5bfa8d3b1e131aeeab33c976d3a52dd57bc93d4751fe1fe91a52441de28b06dc,True
1,192,L32,5401612287411194730,1,527011df2d4ba69aba69b9f070e25e4ee03272d39f59079e619af7f35036385b,True
1,193,L12,4607641315591143704,1,b3297a1ed407ba503d80fc967fd3b1afd51308bb70795ae6d1d9b715aaaf6594,True
1,193,L21,4136299225314482200,1,dab6777e2bb556884fd8108ebcea9bd0c800a9417a1f21b52bdb46b30b3e4591,True
1,193,L13,2465807691804260663,1,93962febfcbcbf4a4eb89d6722b49ff8eae0b3dc35e2dfbf0aee29f353f21444,True
1,193,L31,16165206241932537497,1,701b9f0d301ae3e0fae3c7d7f12f87d41179861fe16f38dcbc2a684aa45c5366,True
1,193,L23,3968225948925443451,1,d50033d29250cc03bdc39b2f3dc713bd7ff34e7248a59021f5e3cf0d93dcb7f4,True
1,193,L32,258099035216213735,1,597832b84d6e801906ce13e7e4086e8e0769c097bbf29ccd20a5a10b9c366c65,True
1,194,L12,9226840121467534269,1,f13fbbf4bf5bf1d34bdc824bf70c14477eb693a43a88913ea3d4073aa945d772,True
1,194,L21,11672854311226805794,1,2847e7a671a4c8744727c88c4a38a5b719474706393a3656f5319e917b8cdb42,True
1,194,L13,2192504376602445591,1,d05c52617cf204f8dae21fa6d2084284a17bf4a3d1d9a0d4f15e2e74bf539d95,True
1,194,L31,1264826154715490744,1,6aebc4bb1066436a7a395f84b8a9fdb0bfe28e710c9662a0ec5bfd7aebfd5d8d,True
1,194,L23,11808045524114433504,1,5fd06ac39263de063fd441dd2939af0473f36892028fc38301a48501b0c4bd2a,True
1,194,L32,230059527397747104,1,d99dc4f8c7469bbc3ca8f3dcf60657d0571449cd2acf603181c9122b25297953,True
1,195,L12,11575438766386059872,1,be8eb5c1a80ce6c335970e3147b94cdb4350ccc1b4eee8f5bd6ab476b5c05533,True
1,195,L21,13042627418683137163,1,0158e141c7521a37c493676a623d9017b3ff1982305e7efc6c549137294203f2,True
1,195,L13,1224819472454157092,1,b191387bcbffd74f40b8f977ed5a543c456e02fdf364a268543aa02382692481,True
1,195,L31,7124070403012123678,1,744fc03d25f33cf5ae8175c992fc7513b08c20c413f7d05c918b26bf92d1c85f,True
1,195,L23,13839139082767752786,1,f8c583719e103dabf9d843574b1e03827b7b259c3663afe480144f30c80b3597,True
1,195,L32,4459276790901581254,1,757c53c610bdc96fe449d3e30a15a260fb4261f7b2a3cb555d72b5fc1ef33830,True
1,196,L12,13946453525980157621,1,44a44ecdabeb66530122f446527305980ec54a67bf7e937a34134009dce35c72,True
1,196,L21,12771149507519182454,1,b756608ca2a72e9723add58bfc67d56ce1f7729ed4d9d79d50e4afe2d8a74d0b,True
1,196,L13,9235041175211993014,1,13b71139011d1b4b960c342aba59bd301995e70e4d2f9b1420960380201ae226,True
1,196,L31,6911993730159676350,1,a5aec94beddcfde4e498951e1a20f3bd8bb2c29435ee6b054e82ce77004d4d50,True
1,196,L23,16477294981152415402,1,9fbfa6d69db436b2652a6a1fdc0d6258fdf48e758e8f3586ba5b2057c6101d4f,True
1,196,L32,623637932001395313,1,1b72ff79756f86ecc8905e1cf1a85b68a36676054f327def9ec56a6677f0f380,True
1,197,L12,4203124980682023731,1,f199e025407192253390fef73640fbbf59439d9159ffc5243e9ca143266f1bb7,True
1,197,L21,3476311879201109481,1,fb452206c186bc0be253c123298045e049566db54812ab7524071d2da396f049,True
1,197,L13,7852119795197467501,1,dac62450ea1a9880a1176382d2f9a49ba008a019af8ae3715bae5ec4b9af85e7,True
1,197,L31,198371738872516333,1,e10a7fe9c3c095538abd85c619a3e6d8929e6e8b945254b7f4ad5b23f4fe6cca,True
1,197,L23,13294435545822320028,1,224bf176601315cd65feb2d8cd8bb3fb4bdb6a8f4bd6ff7cf6bcd707fad2f3d3,True
1,197,L32,17662435243081216882,1,bab13cb54e6b6caf3b269b9ff6800d0c2f4c8ada17f90cef18847e8a81cd5048,True
1,198,L12,15419012005080503913,1,a65276b005c7e030eaaf62100c252af9fdb2b223cb454d83335f77beddda7fd1,True
1,198,L21,7487282267488807942,1,1476153174718c16eb598572a81d313c357320e7bb7527584f4ca50e3cbdd8fc,True
1,198,L13,1487273107485052222,1,29b9e04db5f61c31ab65787a47fb94d83b77545cd698ebd4951b4c8036df013a,True
1,198,L31,59219513536671623,1,cead5b18fc238b1cf11cd175775120cff10350025ed2bce85a4a77078f8d09b8,True
1,198,L23,10145716142509017850,1,3e2bde9dede80a04986e3de6b8ad960c86f16be00744d632f7bd1335de437580,True
1,198,L32,8596154064922035608,1,324cf8afc934395879e9d415e4254662f20b9bae1f21b37f8defeafad5d87f0b,True
1,199,L12,9918180861726465259,1,e16a49bf8d4bb8f326d65567b57ce028e2a5e34721b526094e429c2ea44ca3dd,True
1,199,L21,16182389870279939881,1,d8a3de63e0555e3819f92c277371f319882ec06184a569653815fe3b03d7fc05,True
1,199,L13,8533352828433341120,1,8e4040289706cf618a2257fda52b7d227c0848487fefa254cfd85876abb0337a,True
1,199,L31,964768930081561434,1,1da82b945f62add29314b9480c83d076e703462710d7fcf0f88aaa1f9e2c1f20,True
1,199,L23,7404684780776374522,1,676cc33858cfce22a9b4ed2a8c7b62011ba419ba27d1ff01d8d23fab93445c69,True
1,199,L32,15966250821614263265,1,c62e78f6518b337e788ef758f598fbd24c55a85e7f3f13216a1c2c95b6124d45,True
1,200,L12,8001531799865996632,1,8abc9d6ba316c5a3362f21d13b893682148b1fa4145264e15d7be751276167b1,True
1,200,L21,12337243869034219771,1,2a28beb023beb08df753a8a0ceae1f079597cc54cf066a4e952804ed638a64ae,True
1,200,L13,6649911441777579556,1,8fecf555bc649498c123a7da2703b724849d820f8d7cd17d7e24ea4157fc4bca,True
1,200,L31,9093080484179801638,1,fbcaa95937d5d0333073d53bab7212573c7f6d03144dd33f1c86d7dd44919d2a,True
1,200,L23,6394398731197273011,1,e05decce6adf9f7a626dec5c5a9d8de1cc4f2dcd44550025e52fb8ed82add422,True
1,200,L32,15910523516726127994,1,8243782bebf9a00a833da29f80d9c4f80bb9c566c113adf23bf43750860331d2,True
1,201,L12,11696394849041577798,1,972c90fcc88bc58156b498d66aab3cf859b73dd4dde4a69b9e09749d70deaa52,True
1,201,L21,4844642688814342145,1,ff45b7c1cb49ecf840c680c0e739ed947c352e81d8b26fde6005e8e4fd2824ae,True
1,201,L13,2319612423108511798,1,413d25aefcc3d970eec142ffb7865dd907a37beb401b5b386855359e22da74e8,True
1,201,L31,17103966376201627539,1,f8986bf60c46b90d708291a7e9ac63ce55d82b2ddadfb1887c3036bf1405b3d8,True
1,201,L23,6478840844023755035,1,762f4e30342dc0c4ea23a61b81fbdda270d5cb18d1090fd4d3b89dc2460fd60e,True
1,201,L32,9079670266785479179,1,5e6029bd2ab0ae047c466992d377cc3baa133e60c2c8f53d321beecef6026e69,True
1,202,L12,15163946648210934246,1,4d2ab4e339d9f0a3ac0d6c9cec634a000bcc83300336124796c25bb0835584e4,True
1,202,L21,8590379050628103015,1,d16759b8127aae7d9b5a3c5273b66ffa4d6e0f294d1b97ab5eeeac6337e69286,True
1,202,L13,541263430180537989,1,b6fc3ef8c28c263a1b624c7b5778b1b7cca4e47e428c5a2dcff1ed243b4e8f3d,True
1,202,L31,13098359616177264383,1,0b46cb2215b0802d91fcaa446cd6ba93a35883e3a3e0614fb7d678be4cf93132,True
1,202,L23,4570111566845503011,1,4aa008c6ac3ad7bd19d2137f4dc8b721bef21608ddcf488d01627c9658876e43,True
1,202,L32,2080824706459965622,1,57aabc884b2cae4ed1455eb5c07065220c3b11914c6dee333278d70933387b8a,True
1,203,L12,16453370954267776407,1,05659e3f788b0fe40d0cd0a6699e962407678d2866d4867a684c3ce6d037e1b0,True
1,203,L21,6901997914572280927,1,4d0b3be58a2e9e30dc2df2893004fbf1a6a7928661bc67550d54ef8124537a0c,True
1,203,L13,9851970234709546786,1,7c8a30b6c933589a3921bb62f770e96690dca739c6aa176e3936f0b6f3834bf3,True
1,203,L31,10093764290734524581,1,720a95c790df4c0b8b91c7d42a6bb02c336bf5cb4904fac778c0cff17537d367,True
1,203,L23,14074569401895680401,1,5b14cb28972bc5b8e78dbefb6f7692ee8024cb20642074ffd38a1e527e8acf28,True
1,203,L32,11858571704265291669,1,0db35fc866ee814e66d685955c8527a5dd0b0dc69237761f0e61a3e8cd483b47,True
1,204,L12,15308879046024771608,1,7e5cbfaf92fd9ea3bbb63ab2868ccd6a5b03d87cd4a69cbf3cc58aae044be074,True
1,204,L21,7364629491575751487,1,91f73a7cb5d8249cca2118c16dae4e7d6ecb5d141fe70e718ab43e37ead0e61b,True
1,204,L13,2101511024428270135,1,5b6347265c251ffa8d0b9076693cf36bbcf47b1c8ccd99f9581f79ca0f7bed84,True
1,204,L31,16567145529399795202,1,eaba0a0eb0324c3bdff7ceba784198bfae0073f9f9aba53d48334459b6f66176,True
1,204,L23,16650857189182253814,1,64e9c0b5359755b082089a119a36d87972a9421443b4682c0991960eecce898d,True
1,204,L32,12545204076148061544,1,aa827e1ccfbc1cd8491afcf79e37fa0e094ae831fe40c372ca470fe70963028f,True
1,205,L12,327818929126520975,1,b5d0cd23a59f27ddd0321bb10d111a2526a313a181e3aa6af33bf17d10ae3212,True
1,205,L21,5690138505989012221,1,e775d21a00f379612c74936a5c4770738f295266be914b72c6c85b9d05a6c654,True
1,205,L13,10320148246174876050,1,5f55c885cf0957290bb42d9e4be6302a4d4ed491599e10da2a6eb7233dae2187,True
1,205,L31,3887913270350408589,1,c40ea22247c79e810f313cc9d875e31ed12f9579282f3f002ea13c04727db736,True
1,205,L23,666472139347968785,1,7a1909a55954d9a1926fd248337f399082cb6ecc9183abefbe360c671a8671f5,True
1,205,L32,8356029015931120280,1,9715f3e584b806a0c4cac9b435f284017ea28fd24363aaa42107c3028bd37d0c,True
1,206,L12,7869047631333306186,1,0d1043c3a55dc653c750318d3a6ec453b2047362d77b14894485ff92fb2cdae7,True
1,206,L21,1745759582933089047,1,af454865d2594038794ca95ee77e999da915f86501fe09afe501e21bcc726c8e,True
1,206,L13,11847114307308135953,1,6eb0f4918fa760eff9434b01153661461b1e0af31c0fcc871c22fb1056293e76,True
1,206,L31,6790845043051692853,1,ebb28f7cf8eec8e3ba0452467f26fa26af16c39b89ca32cfd861a5401e5b37f6,True
1,206,L23,785535545617088048,1,02d480dc7b7571c55866446696b765b556f6d9a08bae54ba8153685e873cf506,True
1,206,L32,12514427332900407149,1,41418043c6fb862d78a8476b55ebf3e0795095ca4b900e6fee17dc2bc528661a,True
1,207,L12,11238419799909473982,1,69d672e96ae6fdf25d01847ef96a8243bf6c853caccee240407074e9cb18bbaa,True
1,207,L21,14086923828799609770,1,07483022caccc86b6e1123e72e83d7a0a50e0189c8b44e8236345917fb5d2cc6,True
1,207,L13,3326907053158117799,1,ad9e915e58e50dea0ae73df7396801643b09118eefce1ada5b6b3321c6b6d003,True
1,207,L31,4887387336089663191,1,5eb1d504af1ba25fffd48e08d75ee18cfe8f8bb37feda208caaa6d675664b7e9,True
1,207,L23,13821674027186579518,1,cc08b23f4c30ed21c8e02070cf818f430a4ac25659b286fe77db3a0bbae2007b,True
1,207,L32,2658022250109649024,1,47681e617e072ac31e283620478be3edb37651a48a36b8ddcd78c70a1ab29f8b,True
1,208,L12,14687753108727092758,1,bfdb4b5b0be748111183aa3697e9eeea51ae3246f9b52ba2b93f5f09029faabe,True
1,208,L21,6175880824065433109,1,3d436405da5244e7d1fa95cbe5a64c42bed53da844930faeecb5483030c01aa8,True
1,208,L13,170308597418063696,1,9cc4b4138f2d3231e7d18254eecaf24dd7f75e9c7146cd5bbaaee97076e0ff8f,True
1,208,L31,5865995017001460212,1,2f11fcbac9fca43f7fd7f1c63ef530f6e8f177e19925db571eea7dc0e20379e5,True
1,208,L23,11573006664093620705,1,75f4de5e962eab37cdac227205b261f14b7376f20cb3e3f5e7279e31ff35731c,True
1,208,L32,13962877096105585892,1,19ddc24ff10c1bb94461d60643232027bcd3ba66d1626fc5f44a454a83b56a78,True
1,209,L12,10034138300793561221,1,71d1d907f64d0cef7eec9bd87f0b01b92826fc26ecdddccb38d8a8528bbd2509,True
1,209,L21,923432595263502344,1,a69f463f30dcc11a8fa2f0a576cb46fd8aab29d111730931a56a00db57253c4b,True
1,209,L13,16316783805322836747,1,f76337baa1259d7fef65e91a6526db704afc3a76857692c637daee9b01717b65,True
1,209,L31,15094841094208158826,1,fe4de451743bc8bb5a97ede9dc2cad937f08796b0afab4326750b0439b39834a,True
1,209,L23,5638859186938396835,1,43ff51880f47d1f303b689e2b19e86eb2f72f4493736168e77bc067e62bc5229,True
1,209,L32,16427047074333463531,1,844d49508dc6cb97c54aef0acaa4dd0eee8758e7bd642090ec67257b9b3e9990,True
1,210,L12,10309123086873172885,1,d80a0dac1b210e8443428df0483ebce924610fcdfb79647b0d114af3b1192b72,True
1,210,L21,9530285430113707804,1,a768b2fc7673bf52b4c16251e76398a0b5fe2e01cda9d0cb42636fea5f12aedb,True
1,210,L13,13175215275155769678,1,6573205906ce913cd00f1ec0dffd1d52f203ae9d100c1e3722012a09f9c89bb8,True
1,210,L31,8482761488189211367,1,9f9a97090a7ca671cb92f1a2147f7e7f780065d22152d20f2610538f2e91369b,True
1,210,L23,11004046163216656309,1,7215665f23584c4672887b109292adea2cec8f16fd9e18b0c9c24d4f66fdd4ab,True
1,210,L32,16150497850561382830,1,fa165df19b885036b6b7845ff682dba9e55fd75d4dc0910ce7e1dbef4cae9098,True
1,211,L12,6881765859610838714,1,d8b4c9463aa726ccc93ca694fccf0670af5d2e85501a523ec30771616eb005ce,True
1,211,L21,5619370355608603706,1,32f23e730f9a22ad472f826c6f4642c73bb30f5f6d59513d731150cf71f555ff,True
1,211,L13,419349216332835327,1,cd7320f812f33e819b34095ecf9ed4ec2fa5c1727dcd64ee7053e18ca399c4ed,True
1,211,L31,5109116080279951589,1,a2ec93eb19dd8083ea355df19f1d1c2a9fb2683f10dc9303e84ca0eb87cc4266,True
1,211,L23,4898879273966045783,1,455d39239f2d2b6d08109c11ab8e39e7955426f48c36e73fb0b7791acb84635c,True
1,211,L32,6310008671951056625,1,81ecab61168b8fb54117ec2fc477db7d66f25cf160fed7b60bff6c81d2ca0071,True
1,212,L12,8125815327803950295,1,9ecc96b0c284ca6fe455c72603d4101d86dd1ab0bef1742f91a169a6d65e62d4,True
1,212,L21,12927913096579515172,1,06e911a2539255e1311ae36a377878d2ec231d72eb91769571e634b7dda376f8,True
1,212,L13,1678271815108831941,1,cd8007ad706a374ff39e53877988ce18071fb80a9b1bcef5982e819402f1bd71,True
1,212,L31,17333962977227218533,1,e3104d5b23345bb2359716002eaac864f3b57f442a26ad0ab39f8039363657e9,True
1,212,L23,9342504455233583278,1,03e6729dbca16f36f057f096134759b4e4d53028064365dcb1caa95a2bfda436,True
1,212,L32,14230796161168792720,1,3f1ff445f0f0d58a62cabc2d93c82f9ee4d80ef5983d7c7ad001af066e5bb8ca,True
1,213,L12,612413151995913538,1,74d07c71725bce1de975800090bb912e9c4aec56bc987b5c4c7314eddaf88603,True
1,213,L21,16240181831390046028,1,c08d2244bce882de3106abface533cc55bb42cc2253c4dfd88c4116a73e8ee08,True
1,213,L13,11782085930378937492,1,46e427026d00b8411feb5277a6612a1fbd763ebc216fd94b787b3565e6873431,True
1,213,L31,5036170339935383289,1,7100aecb570d0f50475e2c34d27e5147ad3582c915bac81b5ee75539310d3a11,True
1,213,L23,16694226006554003495,1,0c1ae5f389e3ee56426278bac1123f13cc06b10b1e904c4d075d47cfe1c91e1f,True
1,213,L32,7076671297127089364,1,8b0905e876a9923562a79b0613754597fedc9fa6f9a5e3bfd6eca59ad091e346,True
1,214,L12,6870628245216377534,1,47528aa33d613241e4d43d21d44acb044faab885916eb2b4abe7963df44d0150,True
1,214,L21,11440199584608861872,1,f530584e65f5c9970f3180466fcb9b5211707ca6ce76c2de4d32f2c2b75b5fd8,True
1,214,L13,16903686834992104292,1,dc902fdc8ebd2ddba9187cb065efd5184bbc2e31d4b105d9699e73314b8d8de5,True
1,214,L31,6229458590065142063,1,46ad0e00f53576568742823b71c7bd4632a24ac69908f9f13af9f0052cc6399b,True
1,214,L23,13841931412034288458,1,6aa04b5aea97bda230c7b01aa91e6e69f1bdb82c46777ea6266287ae6607aa83,True
1,214,L32,17491210103006092806,1,b57bd5095fa7683306498ba8e9d25f6f631ec8f03c0337daaca15c1fc67792e7,True
1,215,L12,2755215014742118613,1,84ce468f71c306a347785c62971fcea564ae4494b2db6c0774c06373a0aca461,True
1,215,L21,12110345254737771103,1,2e75c43631e96bc5b08d33911f0a80097a63005d637c683b28a8efe16dd96bbf,True
1,215,L13,8913700295433680144,1,d5afa5213f13af8f57ae6e81f361440d39bd06cfb5e7cf5dbe317fb3379746b5,True
1,215,L31,8711181497946740357,1,4939d7a6beaec01090a104eb2d43f6b7e38c7a856f2a6feb676a3825be5f48af,True
1,215,L23,6236755252422150433,1,6b2e17d8be28fc56318aa0a9bd535716a60a9e4ebceb8bcd5842382d56772ccf,True
1,215,L32,10072383435580865716,1,0507b49f7d27433fa6ee13b0c04f28a371ce827de3f2cc360c35d71dea0e2375,True
1,216,L12,16266069782175406573,1,9b333f74927d6d12249fc00e70d67788a33915dbe1d922cf109f05bbd8993682,True
1,216,L21,5537957503819935666,1,9bf64bf3ecd15778b8d4380d9aa968c71091145eac515e570c9407024174f210,True
1,216,L13,14763077397524485050,1,c9c63bd389a346461ca3bf70e2d957f871b5930cdab632f0b9689a840251d8a2,True
1,216,L31,1427639912301719630,1,125660cff3c25fc82be172ed616f51984345f75a04e4d134e915cc6d624ed016,True
1,216,L23,1891484376922670309,1,096661301698241419f0cedcbbaaa6d229452216ee43c737b85204042d44b128,True
1,216,L32,1329364859272884661,1,88164132b667a47c73f1e22ef2aa9902cb158d8827e7e49361190b282c6cfa34,True
1,217,L12,8386891232921620321,1,d67c29035e27c74f0a5ab6d6247be809460ec2ca12ea079386ff2fa6a67d5d42,True
1,217,L21,3824028482355433941,1,97b842e82e53a0e9c329567e62b481e39a4e61400c1d1f422c58083b1e86f081,True
1,217,L13,12219592808701842541,1,d61019136e1d499d8edb2535ee1585ac72843acc2ae5f331c9019d58e0e549ba,True
1,217,L31,16631789871822771864,1,99e3f29d11139bbcc16edcedc07cb2cb044ef2e05374bea8ba1517ae1b7b7d33,True
1,217,L23,2276585968353229934,1,f480a031c79ec0adf7badc810229e9a3fda73769a68e98391e46dfbdc2147163,True
1,217,L32,2471879988415374701,1,ff0a46b472eb03276a07e25e9a84d91d7549318f1e6320b585c23f374f88d59f,True
1,218,L12,2965570104253559094,1,ce4de850222c6f277ab51aac0a8c786502e740144b4562ca191795dff6809edf,True
1,218,L21,3517137314004761912,1,1e0eaa07fc090bc489ec60c5bc0671b13924d473f369907aeafe327433efa07c,True
1,218,L13,1883971660537613630,1,1936d163eaf9297535f0007892dbb92512bc6ef801f385fa4900134cf90ac390,True
1,218,L31,1450479984262388816,1,c134b6213279f61875894d081416904dd374bf38b918dedffb0a4310dbfd6b88,True
1,218,L23,6030299153909398151,1,1cda7f8969d8854ec10adf3b314802b8e746e5849becc2210e0f9a545692bd1a,True
1,218,L32,6169706069499195141,1,a8ab85fd0b1ee8d9d452e07e03845362c8a5da2dfeedc92c573120781615a606,True
1,219,L12,12060800214268002426,1,9d6477402b353587af7f12d29e02e28b45f06561028ea8c3f881b5c8e27e0fe5,True
1,219,L21,8098445828979358306,1,6b8f7729fec18dda7fda845fa8074edc5f96f7dfa2c7a4ac53913438f92bd492,True
1,219,L13,14529146895003291845,1,f88fb79a259a75bde431c9c61553cfbc6bacf94e78b251361a019652b92ff2f6,True
1,219,L31,18034586942971244607,1,cc9b5d000bd00a2c85ebe2a125fa1820a60afc2c040166be6f3ac1b397f3f7d2,True
1,219,L23,13227458219559040424,1,3859a6192cf100cb69e6148fbe6054037a65e636c670865aaf3007a0c743f89e,True
1,219,L32,9839424012453638063,1,a06b8156151779c2958e965fd371af81cba887999488f82a8132f13224f08534,True
1,220,L12,10177695886675914907,1,52f38c136cf3996cad27f67d04b7617a1a4928b248edb35cbc4aee606ed6d010,True
1,220,L21,1867791156553060567,1,3d6fede944f5749ae9c2ae4be6cf6c84571f038e77fb7b1c7ce573a3be38bf5e,True
1,220,L13,14587306387439353076,1,13a2e9d8b1e1ba17c467e3d59c6f503939c8ef953dd432d2154f8bff07defa91,True
1,220,L31,536057084694934033,1,4002e8ae5c2f0bbdbc0a287f63fefb042f0b411cd2b5b3303a0e4f6e2d633bbc,True
1,220,L23,18003065416635040130,1,2356d495acaaf37b3cada121aa0c7e3297386ae5f7e2bf8ce7a2e1ee8dd5f166,True
1,220,L32,13723919093323423046,1,12114e3e7ff54b4102b9bc7d21b236469a6b2ec48ac75a28bd509312940f588c,True
1,221,L12,3559287436821111212,1,a3259b7bd5c4f5904b32575d3ca4ca946d597cad065694fb8b2968baec6b538c,True
1,221,L21,3855724279789757932,1,e9e00b300d69c17b56b53493064ef506cc62ff0dadde759076bfcb076d1da9cf,True
1,221,L13,16061710684278756231,1,ffccbeb24a84e3b4750dafd8f18350419ec2bbf65fcf57471ddadb1c75dec398,True
1,221,L31,1972269824153027810,1,3d98fffc1d1ff929be9d6db8a59cb30e53c7c0b99f0eae5846f9280ba8cfa074,True
1,221,L23,9629063341227494854,1,bf3481c6225eb9d66921515f244a3e2c40d0a9436e66b3940ddbb6490cb9f7a2,True
1,221,L32,7037307597908448292,1,eb85a55ab3823c7b00ba70523643e0a066bd186c2ab3f110e50ed9e920877ce1,True
1,222,L12,11700418638208972146,1,372fb3cb32ccb5d45f3ba5e5f96e53a5f99845b55d1976b7148d541b93d5ce26,True
1,222,L21,9669060026799695133,1,ce0dcd6cf6687e2f5e13ac550b2b667d19e5224f31494db7749bcccd5e57200e,True
1,222,L13,17839383606023994745,1,47a5037a4a2938800eba62a1bc5eec5516d6c1402ab7d95c803f08203a3f24cb,True
1,222,L31,13626741261274192258,1,aac7486311c19b709b0357a742ddd17df16833778f27fba6c6817c014d8aa24c,True
1,222,L23,3385699514491616297,1,224e4d70887d401ff052fa367fc68ba5c3e9453a933e4649f63425555b2d576c,True
1,222,L32,9742052897630931887,1,c4c5490cee0cedbd7e59d391ca8cc61f4b73b2269f7a851f689d95848c8429d0,True
1,223,L12,7902418044729360764,1,8b87180940d383d448a9e08b877de275bf9c9fe3c5a9d6369a11ad63475922b0,True
1,223,L21,9946910013121505782,1,d56e1ac54beea7d8bd35e844394d1837ba82aeaae1dcca90ea135a3a607712ed,True
1,223,L13,8591499581030191924,1,cab40534af3625acb9447944324c343ebe6d6277573e9297506ef494a30b7b8c,True
1,223,L31,8237796490967947188,1,a07f24d64f3600bd0b5daf6adbe13c421164acaca4e3e1ab1fab68314ec0c423,True
1,223,L23,990011333200145327,1,2bbee57914ece2d3f1dd54ab717746efdcf3637e9bb6984eb8424df7c690e6c4,True
1,223,L32,7553771304510467662,1,516200b7360b0e15053c0c95b53291c92b79ee869c01ce18d73028467977aabe,True
1,224,L12,17704609446102820695,1,9d7bee8c604b8d7b67de389976e1bd3f7cbe41a65e7adea7f9fd24046d5fbfd9,True
1,224,L21,6244755848695835323,1,99f34cce1d0f88f8c1edc98573afcfbfba54b5bd8ca0e1ce58340acecfde02d6,True
1,224,L13,347512883821074835,1,df5ee4be600bfc78fc10e7cef6e47803bc81b08e7e3a54907563b0ef1394afa1,True
1,224,L31,1780946765748512893,1,daaee0099b0b7ca94a7e532292dfc1af07942cd8bed66eaf2dec05c6c2143f07,True
1,224,L23,8558991325207220019,1,3ba7d8d45b85168d7e1ddc7d62e0132fb7b970545216da4b2eeafd5f42c4d88e,True
1,224,L32,12389964776478223903,1,1c78d4e37bd22ca7f257e5db287c29d8518d4f5cdceff6896da345871c5def5a,True
1,225,L12,5862069333102494511,1,55725904b17b04f9f29eef99e3aae9732bfdea8de858f0d081895451d2f13989,True
1,225,L21,1159024250213690672,1,e1322dd48831de393afb74245b7fd1e64935a530835f6fde2ba795343f648c99,True
1,225,L13,10021606506927731293,1,864763639946a0cd3e01b9558f60fc152c1e80d16c0b38bbe548871224f263b3,True
1,225,L31,16971501676800700660,1,026a24deb15b9ecd562b59b4a60fc0c1f845ac27125971561c86b65e840da7a2,True
1,225,L23,16372023183311428741,1,24cf32ceb128aa838f6ea6762a562ab73cc067f19344a50f67bca8bbfc058713,True
1,225,L32,17368707954914016714,1,05244751ec34099b570e0fef2ad7674bb378ce5884aa528cbc302f9ec1383cd2,True
1,226,L12,16999191874264271845,1,7f9511eaa4d7e8c9e8571cb1b3acd480c93a0428dd2297c60b3d6f7825276795,True
1,226,L21,16898027020882303953,1,b81715b6a3766889cd1b1161f7a67d4f0d15d1d85703388a64797075f6003019,True
1,226,L13,4840096297768257671,1,d701a563846821c8f17f9d8d97ea1e7990494e5654b67fa56d037f4c654e8959,True
1,226,L31,7982419149938465654,1,70020dd61bdb53406b5efbd67a4befc1811e669459abbc3bdef5e9d54c875919,True
1,226,L23,547410084781072,1,2e49286538256076b2c25486721adf29ee65b61c0d1e2e61e631ba66eb0e2fd9,True
1,226,L32,16132501728701213899,1,48d10ac30d3e043c0170468cb15bff5ce8206445e8f318dfaff7d3cf1618d4b1,True
1,227,L12,3648649239768961757,1,f777fe6d3d4c4ab10cd60208e5049c1e49875b21697523eaef674642b8c2cef3,True
1,227,L21,16637742812042991531,1,40db6a5bd556f2f992023e309368ebcd1c590c664016f2f1bb765c23c67eae3a,True
1,227,L13,34223844195675260,1,9261396547613d8aa54c83a4f431d535f6ef36afb441ed7fbdeed71f36dc9d91,True
1,227,L31,14323251128166499431,1,5bab775ef99c41eede5c9e306de19e1f342e20510de6b2bb1883336b5ad7e18a,True
1,227,L23,8110217319363935932,1,07c41d03ef334b24274e5d2e0480f6e7124345af700c866d0e888bad84f81a6f,True
1,227,L32,9885515354387713940,1,cc7d544687bd4e2244398ab1163d9700374cd59bed5ac87fd53fe77c5b80bbd2,True
1,228,L12,7318458893223097443,1,7d01c2c639f2a61e9b49ded6376b42e67538cb28bc27e271f294973f3776ceff,True
1,228,L21,13832815364348819771,1,13b1440b92c05954cbc0d34997b0d52f5e5501b1f43eaaf31bbde51ba934e754,True
1,228,L13,5903456802361563634,1,c803c08a590d11e980da37ef0799b85e2ad3ce9cd3607aa163c6a6514bb4add6,True
1,228,L31,3026430606720900450,1,b3f683e8d430c34829d05fd3e477f6edeb4049b9f4a38e97da80a79bdd8acca8,True
1,228,L23,8708516272571079484,1,42aa330f6521d27957fc975d0dfb872eadce3065bca4c239189f321b82d66250,True
1,228,L32,5281390296188881106,1,58c83f89b02f5b085681946b9b83a50272cdaa94f7598f63d4c9bbc2bb0f601b,True
1,229,L12,13334211671158890195,1,41d510c1641b23f59262a96d52f7ec209a563253b85c4a65206e366bcde678ed,True
1,229,L21,8604072124228090402,1,7c2ceda4fef332b601b2971599e1b1a78e7ff3dffe929ae24097bbfce478d7b5,True
1,229,L13,1311372429279787616,1,0a6eb1be16a6c2d2be6e2eb3fb76e3d5a1477211af00a1010011c5e1ea098b93,True
1,229,L31,10234614997645203000,1,6f18773a565204691a6b633ae5f8881f55d76d807f3bd99d95b450ab7bbe2b92,True
1,229,L23,4055018502473198474,1,1fd75af06d9762656a05c27deab1c405b903c71c5e5c8f4e707ee49fdbd4b2d0,True
1,229,L32,6917766347206918174,1,a9340e1e42515a7cb5585985a25513bc5d8fc7a069a9add1646b3fa38d14e61d,True
1,230,L12,12820158904249956521,1,71d7fd11272c16ba7001eb750b44f163aa159f032e017def8aff35072fc271bb,True
1,230,L21,1891088017579438519,1,167788607188f6d8b1112fc7abd8ed663ac6e5650fffba800b0e85ef775b5c23,True
1,230,L13,9839804400369876697,1,7eb95fe033bfbea4ab9a4328c7a224834155622adc9987c853ebb6c8d84a38dc,True
1,230,L31,9896882069742267225,1,cbb1830912d5122e384bf7620e82a7bed02c364e0dc18be090b1b2d5c169bd42,True
1,230,L23,6476125486083984925,1,1f32a4cf0b68f69c26a8e8a4e96538c16484d9d6112ed55101b41ab4a69b7915,True
1,230,L32,14287711749330412776,1,4e3167d7b5477c7da4a95761d0eb89e6833cc3b517cb16b0be0d0c73dabb66c5,True
1,231,L12,16606783549325736742,1,a8c46f9580fe234773450016643bc744d5921708c5948abccce2946f2844a4f7,True
1,231,L21,387695384596609777,1,cfd5c3e9cb67cd7ce2133b1ab4fa9c8f935305e0075b6ee172dae0ff68dbaf52,True
1,231,L13,3063094310909795557,1,531d804adca18845cce176e8f4183d57dd0b8221ceea72268ccac1d87cfae757,True
1,231,L31,14779363037677125217,1,d9b03848f8827d7cf108b7c04f519a5efc9361b1b294b1ee87e135a57480dc0e,True
1,231,L23,2283720307438439487,1,54b4314afba9cd1e71a26ea2cbacf72e788c628c526bf31ffd526deed7bceab6,True
1,231,L32,9211849950411306019,1,e40b9b1be56c51bf5e8f2e54c1a760f7cc19bb4907cc0df76d3e395480631996,True
1,232,L12,14221506720237620092,1,343223039cafe5316c48892519c353f1d780003f21543585ad5a7b647938c5a4,True
1,232,L21,12085817099159490297,1,221e8d1884a8ffd46a6c47b7c870d34cf3bf3ed36a93d8c2d51f3fd7517845ec,True
1,232,L13,15688564532556218143,1,d989ac05c0b5d2705c93dac55d236508b7f4dde779cd1aa50f369ed8ef10b3d9,True
1,232,L31,6364810259044321030,1,664c96f873aa1a2274081abf1e1d836ee0bcc8d43794830cafab7620198a9fbb,True
1,232,L23,8482940982705163973,1,5a82184bbdba85ed4dd782e986a7234ec72ba6c065d03afa77c6aa450a2dd428,True
1,232,L32,13043823780524041265,1,df79391060342b2d3b85844d5aeefae2bc4b4d08feea9643768951dcecb8274d,True
1,233,L12,13098014705677179205,1,aeb52b1636e3927bed724551f92bb4388b3f96649b15b9c004df9aed7a8e3390,True
1,233,L21,3846443171263260095,1,653a5582b155432a78b85c28c9ffdc3b6e4ec03178e0912ca1ed597db413de79,True
1,233,L13,14121644496616720898,1,9b88914665f53b84167d80e667be6f79dd38a0b7974c8a4f5a1ce8fec9ac323d,True
1,233,L31,13615986268385321260,1,2097f72da21ccad69abee25f873d1d9bfcb3730e2527365a0cc1784a1bc9a8e0,True
1,233,L23,4528282988146657621,1,30c5ffa78ed88439e82848abc88229a3a3cf4010f53f8bcedc70f695f6256e94,True
1,233,L32,118439756146351148,1,6a7badf6276f693a10070028e936a97e36de568334496f85c69c9692169fa85a,True
1,234,L12,12809463592069589925,1,37d314fa0d5d5603e4dc529cca98a13bdc5bc7e36ee93f7ab1b0ec5f7829e914,True
1,234,L21,6705993535207253311,1,4f74791d2675f609d0bf3910039101629c5e7f3751e1429160448812ac42d7d7,True
1,234,L13,15544581997564944416,1,9245d5a4b3e714250ea1dc301b41ad6556d49faf2488d5d3e421d3bbbd4850f0,True
1,234,L31,17714613248787265988,1,a612353f908f7da35bd1bd2f0d7db60c2f61fe9b2450c5fdfd5f14eb01eb62bb,True
1,234,L23,1101744482881515161,1,4cb15ee4bc24e11ed1c41e0a23e9d055dd50ee03d0fb8bb98ca576628f55139c,True
1,234,L32,2661295851629134212,1,9280a608cf280d34b9d1c18304e5df20db9ced9e567b5712760e06f8c029096c,True
1,235,L12,16191666365507127189,1,565fa735d42bd0d69af06902160e2e016065893bf0068b0fba87b037d7683f7c,True
1,235,L21,7565014109858551726,1,75ab11330e91c0914260883812e28aebcab6c081edb907a8c92b10d689222334,True
1,235,L13,17958611594006115668,1,01d7e0c80bb684aa7eb5da02782348ec81976875578175eb46c7ad6c325090a4,True
1,235,L31,9581679899085381836,1,4048da39fb785e1ac6fff504e255146a58474e3bddc953a183c4addb726d3821,True
1,235,L23,17367660122272933169,1,6d542ff87eba902eaafd1df8025558f4d52959f93a3e89a756b9d57a74bf7d2f,True
1,235,L32,12706347714705231335,1,08b0337c0b8c2365f68965d44bcb825d20fe55b26a132240aa20fee3385d5b2a,True
1,236,L12,17996759773028729436,1,e64de2839b6d60205740ac6f2a9f0cf7740ad138df5cab51a960349e1cb3fb9e,True
1,236,L21,15965830839635789977,1,c5bf497033e2296a4d6b9f6ae2ae86899e7cdf8f258d2c0cb489988a22d606c2,True
1,236,L13,5200203458811065750,1,779740a8de4e0575a7eac0af521ddd7286f4f12b2ba95f9afd43932cde356d71,True
1,236,L31,10077389069305909151,1,137d1a8e8601cd830bab8954ebe70404fd828fbc06abc61255c8816d06c28dc9,True
1,236,L23,1159092964615395128,1,11aa7d2db7b6721fbace4a6c891feaad2c0f43fafd8fc3ebeba39b899555f348,True
1,236,L32,16893427850483974900,1,b7315f45370d120c2da0f234920f8b6f65feefe77ad8481c9509edd021fc534b,True
1,237,L12,15029526189809467486,1,e7efd158f8b77a2bd080acbbfcc70cf4322effd17e4f84ef98d2979c5bfea479,True
1,237,L21,11334447344142809529,1,d7f7bb79c3d4bcb8bdf51164e87874b2d65f431cc0ba03952bcdb6945b42fcfc,True
1,237,L13,4443392113877395453,1,a588aa220eb86460b70fc929cdf08684db5931264267a4533b4dd8fa98b2d65e,True
1,237,L31,10933785689212291765,1,799064eb6fc9a781427f24a8423f75f367aa4ae795d2f9fdc1b1e7902aa6373e,True
1,237,L23,1437159740989874951,1,629861854c86cb8d67fa3a7abe6d2370426b809e0c8a2b2e311c35692de57d7f,True
1,237,L32,12995779824217124170,1,92eb245cd631f30e14f7fd3984dfdc26a7b411e0916b31d7d03364613f9b2b5c,True
1,238,L12,17480912311650678783,1,1144fa9599bd7b2f3691387c10bed6d3bddd3c984d06bd927dce7d7c449125b9,True
1,238,L21,16496150230417095833,1,5e45364ce4c7bb3b7ef4376d28b7ac1563c62a78fbac701c9ca312a0d36741dc,True
1,238,L13,17694797292822282001,1,fc0addc2b5d835f4612a9ac682b440c32366b13e1788ce5c64a05c380b33ce40,True
1,238,L31,16046971245748003742,1,e038339f664689900bc0133227a087390c53aed256bb3d91b914c738a875dcb3,True
1,238,L23,1773407149603306273,1,b2833b501deea2c6f901072ba88102d5acd3383e3b0c2b65846666977ba63d33,True
1,238,L32,15254682359189051225,1,dea505606d235ed75bb59bc2ee6f66e8819d09cf0aa814c47cfbfecdbc159cfc,True
1,239,L12,10789939548972508253,1,0386ba5b67f9bff45267712deacc017c44b6b6a7dfee47b865ac363580e297e4,True
1,239,L21,7210930734075005677,1,e252be83d44e66bd0d39fb548adc699096f1ab0652cb36c2fc2561d83d7f6628,True
1,239,L13,11721029128833142012,1,89f06bc085941ee4ee42b7fabb2387c1c294cd5bf5c5e8377b2b21d16368b78b,True
1,239,L31,13048018846469665897,1,1064558ea0341b8b230270dc931f80069873f27eb74db9b0d2a6f69918df39dd,True
1,239,L23,9121247307605300059,1,731d9f576e8e4b8ac3c4ad4551a5a5535b858ddefb881b55fe5bbb8955c17bb0,True
1,239,L32,14961154156403980449,1,2c4837a839ac6e7e5b1e6e8be6618024872c0530b8f0ff31dd7415bc9e4b6dc8,True
1,240,L12,16561011177480484324,1,0a6a62701363137c60e46bc94d3c15017c5e0ea80e2bd1ff22556e00684892e9,True
1,240,L21,10657536724421700090,1,5c1ddd45419fde267c7edc4bb0da7c7c8d321ca34244374af4d58c6d1e24c0ca,True
1,240,L13,9069131102058905648,1,dde4161fa3b6fb3a66c610586d20e41d489cdcd551aefb3d3f5d0d73b7d93962,True
1,240,L31,17094826800222209204,1,ec96f37c53f9b53081ae1dea7d4d9c23522931bee4d63731f4f788106972c802,True
1,240,L23,5637592880473729732,1,36db1a5a0966fe32d606f1765404bb1c838202e1773a7db92fbe285720c2762e,True
1,240,L32,9902703739173203774,1,91f35dae8bef34332732e2fd653c85cda72767a935c6ee2ca5a549943ab7a3c3,True
1,241,L12,9137329803313279243,1,85ae74d4e40a9d5d42d7cfe1e0e0a9f14aa9aea7dcc1fb769ece78b65b0104b1,True
1,241,L21,9538763911124196335,1,4dc87d311edaa73ab768e8fdb8f0779eedbfb066769318273fdf522b594f4049,True
1,241,L13,12258120208236702800,1,edb871af0cdc800dd181e3ec327f8f9a2cd46881936bba65dd6e7c99d3deef83,True
1,241,L31,9872956871476581571,1,543040f9c860980bce04b1141324e5626b5244cd1824cf6e72b4bd5eecd639c3,True
1,241,L23,2360006444135171913,1,cd8b497d12cf7260f4c49fa4a9b9f5cfb895d38f7c6d28b20972407b8f8d7133,True
1,241,L32,11701138963945378882,1,7aa9813234bfeea929991b35eb8f407c0a8b92cf771bf1d4cea1409aacb99bc6,True
1,242,L12,8591777928256019749,1,b6b79e80a360279244a85504f3caaf9fcc56bec3dfd586355096033c922c7e8d,True
1,242,L21,7657554438652178647,1,5ed67344a05f514e00cef779eea0f0196abe5f3af1f8e9155e9b6e5b6dabf16d,True
1,242,L13,15155075854232807335,1,8c2bb7657971821a49fed6d1e41adbb2c4ac4db1719303cb855d4f8851476ba6,True
1,242,L31,3859576446334582582,1,54987aec25f9993c0e013cadae3802c5822564efe29c720ee8f9b668ccb66485,True
1,242,L23,15076647583961634633,1,7985b86b8b617ec7eaa36136353e88310acf06015c18163680c5452decf501ed,True
1,242,L32,7658481218763634589,1,85d842f5bdeea3d7ea2ba2cea0265728b5f28dda6f02a7727d87983dfc5fc930,True
1,243,L12,17873739542536068369,1,62da67970c7c4c6bbe3f03df4a7eb6c8b5351411a5f5fc3907911e345b9775fd,True
1,243,L21,3045328590866827831,1,71670a7fc7f242fd5eb4335b9397694745d585a2f52e7c4b5e6756e685c8f817,True
1,243,L13,6868745430572719530,1,d7a43c3ffb59f51574d2a3c5ada5fd2f523034462afcfe34cec7afdc975a7c7c,True
1,243,L31,6616201191502803420,1,66da0afedc333866d183cac18aab9de4afcf5a53868fed5539ab10e1b9fee9e3,True
1,243,L23,14044684436699696478,1,9a491175e9d640d58ecfe77f8a1889386a64a9470998a48418f2a3c4a12c7cf6,True
1,243,L32,18364434274902022551,1,460356613c7d8612e34db36f75ddd5296300463a528923b6955170a4884c3b9a,True
1,244,L12,17845890742177877190,1,3fce513a7e0ecd787879f8ba208bbfe6f9a30eb73afd4c46cea3e7d51aa8aad4,True
1,244,L21,13998036338596577022,1,f4bfd5d5e8129917c28151968b49864649dd86af9b3e9e82b80eda19dc31f082,True
1,244,L13,17637147569111118779,1,ff5077025c9e4bd85e2b17ec1a42419b5eba1fa69d4ffea2a344a94ae0bc5cb4,True
1,244,L31,18235070456084313171,1,30c6cf041ec5a90a8798180ceee1ec608ec1e25520922db43c818d92be4be065,True
1,244,L23,17532842665216728889,1,b0c7b59030055da4ae74e6f02409adddf6c79c853ba794348824d9b083e74e50,True
1,244,L32,14142804908998481783,1,c205f5612cb8fd9d63b97fcfd5747020e47332d8a759ce467468e937b55e1a0b,True
1,245,L12,119275886350219653,1,b1f9b7f4b7278914ac9949314da51b769c07a117d2e2bcc1d006d5792a39b9a5,True
1,245,L21,15234571665400916825,1,7d16303178bedb2437a9b245355766fa33a9cc8b180668bd4850169138d44bec,True
1,245,L13,13940533845459544008,1,842d32672270fa2019701ec4a28f3d57b9fec1a45332b28beefcebbb9d8a37d5,True
1,245,L31,7711404648003913249,1,de31c5ec37996d2a68f96d528e2280b3c15a6e10d17143a600d4f8e901d6ba8f,True
1,245,L23,9945576912656261246,1,e47e91269807a7e63c32c81beae44097627cd62521e8d97d9af1cab7cd822bb9,True
1,245,L32,6879984869537086637,1,ab4d1b6e9971a737852c878fc561d982edb6b857dda445bc3e9975c610544bd3,True
1,246,L12,8853398058974238578,1,aa48aeb1f91d463c33d3c3f29a0e05e94ab7cd1dd9616106ad073fc4c755e67a,True
1,246,L21,6508591029888536075,1,fd078611a81489ff43e9eb69bc1a7299b24563d05dae671823049787c726e3a8,True
1,246,L13,15625935242899568573,1,4e139918b39a0ecf3a17a6ec0e7f95b30edb5260944c4309fe5946acd17135d4,True
1,246,L31,2499698663591494641,1,730790927d95abb4abc354362f4ee7ce0a9fca1b141cf5c33ce73302dc15bfac,True
1,246,L23,14461609931243555105,1,cd13d1a2249bdc0b74c746591beee6055d9e15a14f01f7e488acfbbbc785f988,True
1,246,L32,11721063244761789448,1,0c31dcb9fb3f19ed5a70101ce09e47739534553e30d0a18f1044426cccb0c4c4,True
1,247,L12,926708864389922181,1,7edb7a6e6daf5e29835af7c84d5cece0cf6217f3995b20f4538d2548e63c6510,True
1,247,L21,14046919629210223168,1,69dc685a79142731459f73dc11cc94f8e594ad5ce51b18d49243ab4b58390f3d,True
1,247,L13,8229639163890089340,1,0a0ab138b66eb59c422c6dbf2a0c844455731196dd2f832c254aadf79f415a3a,True
1,247,L31,9601197441216203197,1,c58a06956075483ec47500cb873c0831b7eb33e1f81c6b2ec65d28457c924a54,True
1,247,L23,15739166601296059357,1,a37eb02198c2ac8d1de20885b08ac89de2b902c0a127ac24d3b2b6ef9c5cecfc,True
1,247,L32,16677706949578179895,1,b80a78f51a4837d1fa57ca4d7c74278083cf2431f86a7b59a1c8c802f12bd432,True
1,248,L12,18195482322155418942,1,cba75da1a02608a7202d213041af018e3c5f2617976d8b440c81b38fd032cfa4,True
1,248,L21,13911510730587750407,1,de886b56986f95097bfc54782bb64106cc662ed58644592ff661aa6a0a196b4b,True
1,248,L13,608728808782455099,1,15ab0913944a6fb0b1595ca4fb545a6ebf4a38cbcf0e7552cd47edf928f5b43d,True
1,248,L31,13080011024655546731,1,8793d06897d27b51817bffe768ff81132f273ed50dbd9f6ee9a5b3f8185692de,True
1,248,L23,5893607389757188820,1,4c680e709803b846b14e03166ed5bca8b34b07a99a54b1d7d1435f16e7bdb493,True
1,248,L32,4291107130869888498,1,51fffb45c901615b343494e81097566cd387b10eed3f175a7e166070e8d100e9,True
1,249,L12,9415281752081087664,1,753bc8d4c9d4951c8448ceb1d310dc0cd51f84cfa6c539b1b320ab00682278b9,True
1,249,L21,8533895203816263483,1,f38a996222b26eb282fb82340e3065a253675d812cc8971d18f1d462db353485,True
1,249,L13,3983912617415365210,1,83bfb9e0295f2ea50912447f4902fcd94ebe395edf292eb7d85bd13ce3bad380,True
1,249,L31,5958843876899010503,1,d9a80884f3765163361a3086386e429ac7779e759975d8f42fa117bc89ad0304,True
1,249,L23,6415193563300172085,1,6f6d80368f120c245a1a5cfbd1538ca43519337ea262e75ff9525eb8b7ef6276,True
1,249,L32,4817179457588143008,1,3fd89526fc57fa4a8f1341a9e4c33585227f8509d594b2adebb865d936635742,True
1,250,L12,8886950474856065623,1,f75c40a71313fc3a563451ffd2f402767510f2a18adf40b6ab42a91e269099dc,True
1,250,L21,4248266108944403953,1,ec0120824aef789b5f17d0956d481c53cabed0a350e1eede20ef8fabbf7a85ec,True
1,250,L13,17970828668315394237,1,41406b23cff34f997d340c6aa39a8aeb970f84adb7fe3c747bd447f693bff843,True
1,250,L31,4876536445915911481,1,7b30fbdac6cb7e375ae362965580225a7b1d801f7c21174a09704cfc8553981f,True
1,250,L23,803062947589940839,1,5bfe33cdbe13801a581d6744a11c48f1cef9759db4694b570a0724666570afa3,True
1,250,L32,7735743512017928735,1,e164806682cda64922eb2c154f6ef55736f00256061c82b171cb6fbfced48b29,True
1,251,L12,6886799726481841534,1,741311c6725f356eb98a083985765e530d8e50c574402ce54dd2cf025bba4542,True
1,251,L21,4940024030628519015,1,b7c13f83a754435e79d290799e85d741872238c12a6de20aa811db7ee3212813,True
1,251,L13,10525682926053655527,1,9ff8928503fb5929d2ee0aebbf796340db0a85139ce03abffc4b4ee009ce726d,True
1,251,L31,3654462892245345889,1,c6e30cc2fc26f62161139888c43c8dc7f7ba0e521a24e08d4d7ba9dfc59469ac,True
1,251,L23,4935517925106803859,1,4615c736d7c013631b6398623671a86d064dd73648b454bd0240471295b21cb7,True
1,251,L32,2645740738673351590,1,f01515607681ed61c37418f1051b5c4bbecfa3e1dea50a2d2e7250b207b609a7,True
1,252,L12,16705674611660458643,1,76d7b045e1ef04f8a503574dda4e34e40e5e872dd52181b86897d0be34104869,True
1,252,L21,369986136134811880,1,fc8cdd221f2ccdac83265069024178fcc656305a2f1b62cf0818c6ca7a3adac8,True
1,252,L13,17265371408073159739,1,bb9313abf4b062d8b39a046768d749fef51f2275f5380ee7837486bf7beb635e,True
1,252,L31,6009652034534629033,1,3ec9ee76a226cdb2432a414ab0aac77377ddac5e5efed23a4296ea688cbb168f,True
1,252,L23,4698478335200704678,1,7d84fae52515b404eb973e4245a4fa7b23bf25752bb09f3295c3b619bc8bae9f,True
1,252,L32,12694243187651296300,1,19cba0c1dc08ce6368df8a1458947d9155e30e96175b1626fbfc700545ff2c04,True
1,253,L12,14263799515056986186,1,107389f99c07871e9fc364445ac198d4d777d7bb9207ea3c16e21491eab065f3,True
1,253,L21,7450393544964409671,1,585fc4f01c90af21adf998829ddf086aa5c1113147f5ca19f4cec394fc019a0e,True
1,253,L13,7795232576330243070,1,c806e2749bf133d51e9a4d08177548bb4f21382050e4c5d606cc3a37a012b89e,True
1,253,L31,5481728220295279847,1,77ea29d6e00a65354c8c83e298c1b7cb3fa8440f6fc3d8e18699bb5a76684f2d,True
1,253,L23,7610829461716181563,1,7e78c5783411ed8a0fb40315a499c507bea75dc72f0e1fab458cbaa5a4473952,True
1,253,L32,11559436279178036183,1,a4db657687d43e852f849e0a226804ea28da9628a14ada26f8a4180b8cf72b05,True
1,254,L12,11416795120325218355,1,bb2e07057dc0a59888b564ae69a2bfe1f8670eac68e2808903826d3995d392ab,True
1,254,L21,11583974453794971637,1,fb264c3e693ad3f15927144b5dc5bc15944462c853752c4ce4a2f19ddd74d167,True
1,254,L13,12465420741345000265,1,752ef3f434ae0179287ab549ef66e2f476cdda3e58712aff98e889ea46240c1c,True
1,254,L31,842185264956359883,1,9051d0e3c64324e6179a89703b014924e64d915e65f8d487ca6519120b1d60b9,True
1,254,L23,9489276171374018145,1,54e31ae191b583d44db97c3bb4f603c7ffacbd3ae799934a11ce3e04c6e956f6,True
1,254,L32,3447433339074064822,1,919c0e180a0b57cdc50c126d345434db5eae262de1c82c051617cf4776568768,True
1,255,L12,16675004416805783309,1,de6bcbef08a8462576fbec13131ab3e770f9c83feddd1f54b6b1ed39ad8cfc27,True
1,255,L21,17393999037764139658,1,12db488e053c4083cefd1d6ce34c9e8743dddb40bd231c4045e36b46164011b5,True
1,255,L13,16149105676694002689,1,2a0f528f110a56d8c86127b38d93eb8177cdfcacae5c0a717707045711b418f7,True
1,255,L31,7210021989667224188,1,6aba42b4f8ac2513fe567fa01fee73e3ae35b8e534de2d452a24ae41c44edc0f,True
1,255,L23,3619242482466544850,1,85b0760426e58cbc9ced5d576c0b29693d1b9e04fc4310c0fc62aae2b1e5d1ba,True
1,255,L32,15254062987043217570,1,c7158d51b87e61143f7d11ee8cad3d36c9d330d6a46e271972d76989a717a46b,True
1,256,L12,8452918238613287662,1,76c285c40453995ec172cbaa17b6adb5f56aecb05c1ed2e384d099dff0681ce8,True
1,256,L21,12222563568978076831,1,1a4fb43ccee088655865e2bc6aa1d614459dd6fd534acb65828ebd710dce3c44,True
1,256,L13,5253437406934540939,1,3f95672a1662fcbe285cbf6d966a2d6abb5367998733cbefcb8a4180ce2fd181,True
1,256,L31,4066414947954462187,1,2f22de1e33b5fdc1c1a23fbb6ada00b58af2c77e93aa48de3461b09c983dceb2,True
1,256,L23,13340113542732613242,1,fcc4243a23aa72ec040c8dad6a2679a844706f7ba153534dfb2eb3e77c2ca77b,True
1,256,L32,12854000124426661270,1,58ff373222e338edc3e9f592950e76817f5cc4be907dd5f5c3eb983e8606283c,True
1,257,L12,11962651660455641414,1,eb3d2f16bd8199286386b9be5ed15cd7a22f78f75e5144786ea315f67fb31486,True
1,257,L21,9787250134714777988,1,37ac5fb1be68fe47178bbeb032036fb6af3ee4acfdc96579ec962b6a0a0a9ecd,True
1,257,L13,12913216285067360773,1,3fc1f66b361244a9d3fb2b6361b6e1071a2232994c6bc32ee49600d6f90fcb26,True
1,257,L31,11926027600421546807,1,a00cbefd25d614a36f59f6148b6d442178389134f68f8fecc25ea9ddcd40e156,True
1,257,L23,6377273647653513340,1,d67d76ee0f43310053badf02e64536e170caa5cdabc993e639ccec87986bd129,True
1,257,L32,3892022975681756712,1,ea2361de1b0ebe34d9115934c6ddb00e072d5fa5bd48c0462a8205dd0b20f36d,True
1,258,L12,10356826586464858553,1,96747497f2608135cda04f51622d21ac724528c616d1011e282e1a8177ccc581,True
1,258,L21,17787654486918495764,1,c87a42c254142b5f80d403a5fe4dbc6936ddfe0d81f96db252ac9c424a2a1d02,True
1,258,L13,12719155787111803854,1,d8f249359878e7a977d8f313527d88894576142aced747ce84fc5cb78379fe39,True
1,258,L31,1085710836096773281,1,c6d64e365238b93632fc649c6381a52cb0204694f007e432c26c1038c760ef73,True
1,258,L23,6949454014329370616,1,c7ca16d5f80554304d3756bf38e42b9d05b75e4f83ff70aa64fb26e9751bfca9,True
1,258,L32,2308615473155004334,1,92c5c3e445e218c2a9f603fb7eb554124ea111382ef1c780855e84e558a767c7,True
1,259,L12,7799539097496143972,1,fa2af6defc6fff77b5f983057ffe171c6eaabdd97e59eec259afc263b0db182d,True
1,259,L21,6019373716190464573,1,cbe012ac3ad5666b9b4100cea99a388d48b35c0e8765d8a03845501a63870e84,True
1,259,L13,15784780395808208913,1,5a9926488dc8d82a6edf284f600fd7c80b8b073da1b42cc5680867265673812b,True
1,259,L31,8480894171218646887,1,4b89de576300d53741be56a0e60980d6043a29e36fca8a980fb1da2618b5ef03,True
1,259,L23,15231668793349376506,1,0d035409961c6f78ef9bcad45c6725952430cc4f0ecff788b3da126782ae8c73,True
1,259,L32,13851879668068053207,1,a3f753a9739ea2debe2a3334a9173cf75844bd43510206c691e510c0b3b549fd,True
1,260,L12,16040793785435117449,1,5b6dea98a55fecbb2181fef69e190c90f941b57d7473522c8ca6a5f3b4eafefa,True
1,260,L21,7375541267440769076,1,e8c2493b84e27793786e234336a41886c00bb040ab5761ba6f30fa9834beda55,True
1,260,L13,1926764059171174390,1,416400d6778ff0676dc36656d65356c19e6c6d2cda8bb960118ea2b90cd22f82,True
1,260,L31,1759359829190139939,1,76e405644776679c7d8f5a5a9fef4301764089de0ad35a4afddf53a738893437,True
1,260,L23,17888804984089394462,1,853390be655ec6983486dfdfa59b6ab37200b23b0c18974cefa3f1f1472c864c,True
1,260,L32,5832486196095255730,1,ce812daefdc0e366122a9cd799c03a4229f11efd6ec48686c4acaece9fe1b88f,True
1,261,L12,2004432025424096984,1,a8859dff254680e440a718d11b56e7287eee6e4aeab1c18c91ce8b1f6a69870d,True
1,261,L21,2403727690765815726,1,84c2bf386868cdb11af23bbe6a51cf76da5ecca54b2e88b3710f24e8e80b0723,True
1,261,L13,9128690941003752566,1,321e4158a12f06160df8ea5ffc6ead50658a30af03cd9591e546fa7f2ae40e26,True
1,261,L31,12159515279487535754,1,01ff9357fd76c41b2eba73b61d66c742e91b594a44b554362ccca54237d80925,True
1,261,L23,669307019746403169,1,8b9d58af22c42d79b98eea34df34f902cfc79819599d17f0347d4b2274796f8c,True
1,261,L32,7959178025617554415,1,5145162aec78e7a5a256be504c3d9f8a3beca44766239ffa930a6386649638aa,True
1,262,L12,16110180289284484230,1,eb5ac396662be808c591c1bc882488e70218db06e9ef9f6326cc9871a8610b02,True
1,262,L21,11203660942162289904,1,2cdf608d4929664c9075198f48da373f086951c01b80edc6fe12beaccd90da1d,True
1,262,L13,9881457624179709931,1,0b777a8f72251ac4e6fc63a1f0cc7d1672654fb8b2481af7e8bc70b50b6e3929,True
1,262,L31,2689368239360092887,1,53715c6efeb44dbe2336ceda7dddbd45e6619b5f558967b3514952be0a991827,True
1,262,L23,10750891582558997297,1,fb1b02db25f59746d940c621805c188fc2264bad576a64a8fc9e16ec8fe03de4,True
1,262,L32,6856600901598160229,1,3f377a9704edb8cb8a39daa4683005f98f335882bdcd99efcd77ab46fbffff4e,True
1,263,L12,13877470532033763745,1,839d9bad92c9ec887946c6635b4edbff7d66ca6d11dfdba5dfbf8fa72a1cb982,True
1,263,L21,17169338410164584089,1,4dc29b040f6d9533d14bd7edf16089afc8d06083a8f2f1e60b5d1582b437a83f,True
1,263,L13,13048847621758069305,1,f923b66eb1575378445d19e4d8b0ca22ccdab0b29cf1c9d203f9273a7ab5f1e6,True
1,263,L31,12477925920660607280,1,59bfbf716e4a59a5e70e29a4eb8e35dd4149b8877df7e9b1f6e64d8540d16e52,True
1,263,L23,15999138308787428442,1,956281db515f84b4d72a909ae2f450e6c3a71b68285c71f5d397ba5973525647,True
1,263,L32,12545918045399607485,1,1689576988ebbf81672b73d7cc8a5bc9af38d32a5237848fe6b8fc563aaeb821,True
1,264,L12,8832564132417839827,1,1e545ea2903358fa9d3b4b181eb3c8a769e275042d9d8878a4a9003d989d5498,True
1,264,L21,2764887902947233386,1,df37a37d590f03ad734fa9dfbd74151d62f44c1ad641061768a2fd8620fce3f7,True
1,264,L13,7663865908298923493,1,1f5b5c761fadbc88e695039252f543998f86bb146eb126c0736c426e417481d5,True
1,264,L31,3558930778964454496,1,77f47286bbbea2329fa0cb6faf7248747e7e740d0cdf7e40e2176eccf725a0d1,True
1,264,L23,13896780963682368584,1,872738951c9d3e963c88461037701123e6c68b4b72e8d320dfd816be6feab1fe,True
1,264,L32,8526772534063502174,1,2626ddc46d6df42de418002010831e365a15c7c5973b20f408992990d1be1f23,True
1,265,L12,13789250285309926273,1,128116e1a10ff828c50e299076923d7daf6661eec7ff8d5ef59e4e4f932791b7,True
1,265,L21,16399370465029604037,1,fb4fe120677ca933edcfde3eb2999702c9e7746856d924105944a376ca5b20a0,True
1,265,L13,1119141432067503626,1,dde3c190428455944642468bde6ca1083fa29116f4a39c85dc58b1f48ab5abc2,True
1,265,L31,164326209937944358,1,ba52cb644afb9434a687cb82bd9f45d6835c68fce4f01597247bfbdd54300171,True
1,265,L23,8829079376595877287,1,0d764cea0f9058f0c393dea946e33278551f68e6eb247da78f790f09df5822aa,True
1,265,L32,9022855068019249515,1,c73d0e71503c9483eb1c190255a0a2438eb5f14507e5ddece399fb74aed1f700,True
1,266,L12,14979495174219699085,1,b618aabc8fb2152f21c62b51edfab2de09b1893ab034388492bd4b993515b50e,True
1,266,L21,14575989323579421652,1,d98db42a279a3f4f5c247ac1d0aa2c90e052b86d7ca9a37ab5117ef088605339,True
1,266,L13,16891481537902364190,1,fa75d5cd0501b04046abfa4b0da8173c91f87b982a0ab74ef6c621cfed9affcf,True
1,266,L31,390449569506191115,1,27e9a612d3ca7d29e0332abcfdf04608c94963adab24ce9131aa3a9438d63273,True
1,266,L23,12287551741524465535,1,fdf5576f11f4ae07351ef5f247967eee1c0c2c11bac772408b98d72947541939,True
1,266,L32,8692357788692557152,1,09152303911bd74c3aee099b2e50e794b1d01b3267da12c9c2baa50e21b5a678,True
1,267,L12,15414740356385884521,1,0b82196c948557a648b3e57aab51d7729375d6268e4dbf49acca18084db012ae,True
1,267,L21,1027176491767198684,1,870565b5516eaf199b7249547482ffddb066014370bfc309976de560d83e4741,True
1,267,L13,10101814005295158701,1,ce612b08a8bcc7383e51815e39323d8d2cc3ce0adac2e2d2864be1e6a2ee130a,True
1,267,L31,12941091056432674673,1,6bbe65b9b91cfba547568eb2c097af627e2828c41f02a17512873116dbc93175,True
1,267,L23,15168605816169863449,1,207981933d8804786f601007bed3ae1b44a34107864616aac6232a927632a8d5,True
1,267,L32,14020407583601267126,1,3cbee8b5d152cc99e616c25c3db3fc6373c5ba955a097bf25d8bfe01f3ed32a1,True
1,268,L12,1531735746059064464,1,5f1ade0c124eafb71aabcab9ed83313832f8b4e2ca61385174aa5aa4f4968555,True
1,268,L21,831721132164540337,1,212b98a637d4b8026a521179e7577015f6a618c37bc816fed3548bc205c11b21,True
1,268,L13,9854982619650564140,1,2874843298a526752018f0eabcd05b57ea4c60a041d4e570ae2066776371f622,True
1,268,L31,6061027930634065479,1,cd69ed79b0948b38a5ad0041c724b1cda5b762a0c7449a3524d62127148ccf5e,True
1,268,L23,9022246300676942375,1,a09d00ba0775f7fd8c32559302728fc01d793295cde01d66ca3283c2891f8913,True
1,268,L32,645627623862662069,1,569a29c79baadfe591af6aa022911fd3afba35891fbd670a233889f078d53874,True
1,269,L12,5668623245818222837,1,a881f06d28473d51d22f15eb977369a17a1d8ed94bf1c1fad3b2319eb072dd40,True
1,269,L21,9135723026906793552,1,97014127d1ba4c91ca52b92292ba36b5a08921bdd76b3c183d6e527f357d0473,True
1,269,L13,2233280294437917215,1,116dea1438a35e51c6bc98f6175229e50743b3f658d533cb332e48bcd55d09e3,True
1,269,L31,16347802723746069727,1,5bde9446eea2d8f706eb2bb0da5661a49db87824dc027a6b628c1773a5d866fc,True
1,269,L23,15233654420759300874,1,cb555b8ddba0c8e1a3c350c511b95b3aa92742f4f689030736fb57bd00ad865f,True
1,269,L32,10008851057315641201,1,8bf2198b314c0d7743b65489fcbbc5e881a76c993d0d08c9ab6af3fc00f31333,True
1,270,L12,10124273787415177301,1,e6992c2cd778321cf9455cbe8f4602cacf1b7c9bd67812857512be9e2a21decc,True
1,270,L21,80649270245802010,1,00db480911abfabdf208c0fb733c4b55670a2f0ad849f2ca2baa0f922a683df5,True
1,270,L13,13854414785289480232,1,b141e4b0b3cb6fdf3788a968a8133873cea7bdd240adb8a7f32045c803ff2bdb,True
1,270,L31,6558988828265668021,1,21d47eb0fd6524589af27702f0db5b8260bf6c42c0e01969d31acbe98083a1c8,True
1,270,L23,17319292786809464433,1,cfb8d9f4a7f3f49adf19eb1778495980476c34d00d59dda558e1cb2b62e04343,True
1,270,L32,7717328737573392616,1,04d032f5c0408bedd4e0919687ac41f8643cc9d7f1bfdf1516c63ecdf2e1866b,True
1,271,L12,12313542675210192675,1,eaadd22851d35db11c3e0c452bf9024b8422c4dbeb1eb52a052f79b262d568ca,True
1,271,L21,9153183347796079339,1,248ef1ab47e03c0c887a084c502201e8ac4ded4f44a34b0f10c48edee2e4ca9e,True
1,271,L13,10712205123478477291,1,5096156ed145b7802fdbcc590ab6db4d736cdb361a27b0b55c257c5ede246e58,True
1,271,L31,459217602778900077,1,d1cf58b65614e9a7f9e3cd345ce8725850dace430bb4c7ddb417c4be7d10bf89,True
1,271,L23,8646714538306906409,1,caefbecba74cccd8539a3362a04dc5bf5cbe2ce691132076048d85d4f7c5bd59,True
1,271,L32,11327351463395025967,1,a0a0105c30f92d919ab2be480aec614c069e90bc8d66cd7d9246dc59a7d8bcf0,True
1,272,L12,12201715770228747344,1,1317493c05525f43c540ccee769402656ba33225ec6d7be80b398db6faaedb58,True
1,272,L21,1082376847389100039,1,64342d07f942e43aa66c704d150a1adf18e84d6c03a1a0cd50efd82a653fb758,True
1,272,L13,5157814678210942643,1,27d42139c8f124f23672c36f1b34c767a5ee0d29c87586772ef86247e058a19c,True
1,272,L31,9602386833678720116,1,729e01474e464de721529297b8cd349bbaa85dfcfa70038a540105e45cba219b,True
1,272,L23,11813377629389573293,1,4dd47cbcb319d4dfbc07aa38acdaf06013bb58ca90e7d9fffa50bbacd635e9f0,True
1,272,L32,11788428208496606128,1,a85687147a4b36c260cb1f348bdd44d1c1742099387e090e4363c4f11326df7b,True
1,273,L12,11314850271592360938,1,fdbfcee99c1563afc9be9243baba9beeb544f7ea083818fbde4f8df077518bd0,True
1,273,L21,1595947904141712938,1,a9c60bc561deda3c0db8bb9e0a8d0deb6c3896f8380cb5951f3a1c06ab1b915b,True
1,273,L13,4133370492941264609,1,061ba9be269619ff2dfc953e4d1bb7c30549511643077ffefe1266cf961b84cd,True
1,273,L31,9020035828373341356,1,750115798b65429cf64428d6eadfd3a2895a096e5d8e23bc941a003524ec3a9d,True
1,273,L23,14719056965785290390,1,a97bf2c4bb0da5dc8bd907584a666ab47133834b14b4d1b20b5bbb9f4264aee4,True
1,273,L32,6106017465306848662,1,cdf28b43464cc51de0a7da5c2990fd8a6a86caed8e8d1d20ada70cbbe9b6a577,True
1,274,L12,11312254518360112481,1,585375f0a5ced665b96866130f078dcd2860783c5a02ef8ecf5808958c4bbb1f,True
1,274,L21,11689855169136041901,1,64cbdd2df1828846ddb1ad4ab1ba973edfa0f4dcad99230523ff10d2cbdcce07,True
1,274,L13,15505570736037971662,1,369dcc7e697d579dd8b66bd30e0950992374e7c0c54d3edef1b68e77f77996d8,True
1,274,L31,16330485245731438580,1,f80391af2166f70ee130a52f2da39292077f8dd7313de61a3d2379ccc01f268c,True
1,274,L23,8089952250639929347,1,add775fc403e8e940e0a49d41935fdc34f8a250e56d52bcdfeaf73b999e27826,True
1,274,L32,3961346921131714927,1,4ab9da9d932033fbff5dcfca0c6811399b64196c822f61d14cb77f5542608a86,True
1,275,L12,6436001643146710744,1,ce78616782e5c350cbd9cb12dd32d42d9a4de7bf69ec807e3852b47e374ba5e0,True
1,275,L21,607990663280062057,1,42f8bfad99c49592165fe3d3e6dc88dfb9a475066a5dd69032824d31af7e2df1,True
1,275,L13,3707147681282247102,1,a1b44489a0d38b9e4762162d0923a86cbe80a1c9dc99a667a204ee878296fe59,True
1,275,L31,6602426341184875717,1,96256d7367b585398b2ef0d61dac8fcd0f782f75cbe216b0fd6cb8afe842e431,True
1,275,L23,17732186303943833097,1,961de96396605023a4304d7e8d33655c2708ca396eac029c41ff4c90067dd7dd,True
1,275,L32,885879534774511773,1,26bbc438d384adb2262599754d30f22d5b7e2fea3076c11bd58f20562e905f77,True
1,276,L12,8281644556029826401,1,42a46a3aa62cea01121aa73043aae25ebab5045a8d876fc53ab39cf50149327b,True
1,276,L21,15998413449560498123,1,2806e2e60a102df1cf79d155b4d71c819824c979ce9be74e8a6185a0f2b1c579,True
1,276,L13,15259925382978191191,1,3abcd5e2538d4b0e4d4c41e26a9ba6c11ebf59f5e8c1fb28a904135685fbce5c,True
1,276,L31,7011515316121860166,1,f4bdb5fd8915799ac13087c632c55602bb3cf6cf806b450cc688601ba709b916,True
1,276,L23,16071653147119448236,1,2bb58fbeda7f67d7107d7bd2d66ba38ac7f59fdd16c0719c876eb631c97d0627,True
1,276,L32,14760645880708954723,1,dbc060bfe2b929e3f73dc48146020a1c7f8bfa5a51f04a9541d12eda5b276452,True
1,277,L12,15122886366546031112,1,eb1c510576ca1b5236232018c0567846d052fbeeeda915539671199bff94a612,True
1,277,L21,10532857607379348161,1,5fd809915aefbc1d2c217aa5c2471271dbb8b3823e6fbc032ef84b83620e1b09,True
1,277,L13,7655388531153298866,1,2687c2fec5ba13b2c329ad9fa41a99ee85ac75d1b1248a98b4b133c6da2059b9,True
1,277,L31,8801355517458356581,1,bca245b4251436fff665aab211d327fa04c0f7465f750c41b07be37b447edede,True
1,277,L23,9844619954544309392,1,874b1aaf24a050437367f1327f7cc40877459ac4733eeabfb857ff6276adcb80,True
1,277,L32,8740443934110076649,1,f667e4c0d206509d6aa8d9835af5f008ab33ccfa3b3bde6dea3d17b0aecbd811,True
1,278,L12,5276476963796340368,1,82f4bf44d70926eeab97d00780ae9b2d65984021ca0cb0dd534517cdc1152a56,True
1,278,L21,8888750757393499165,1,dca40c5bd1cfb739a1dd43ea7e45d55f505cb58aa6094075ed9f51e7e0dc9083,True
1,278,L13,18335870080166144265,1,64423789536553cfb7fe377d46f6d3c4590452b18e9caa50e056010f6e848ea3,True
1,278,L31,5181278154925751754,1,59b2843094e6512de3a823d84bb8fed83326e822fa4f811efb3b91f7e55fd267,True
1,278,L23,10568068108763759554,1,33441c0358437f2e169b08ef9e5615dcda653c653724cedf2bf991f87376bc4b,True
1,278,L32,17374910189391984289,1,671bd927d2c22391563ee3d785d91cfa739d647dab8c718ef244df660fc8024e,True
1,279,L12,5995608321973347084,1,af1862fc9609f8cd3e2bc4d1c3c7105aab3f5a995ac609839501c958c995d514,True
1,279,L21,15191192627472002884,1,2f90f3e796a8af632d89b2161129dcf8a4479f2d4d95daf3c926381e34821b9b,True
1,279,L13,5076047754301692595,1,ed77c7b779c0645e5ca72274db0e150766fc1edd271b43835023df0a31d9513e,True
1,279,L31,11395088778081745356,1,a7e439a100ee4a885c478955f62b76b7c4fda85c6872459eaa744eb4e5eb2eed,True
1,279,L23,16551829716258546241,1,825f4e2d52ff0251efa32a6955bf15c896a5561ee8b2fa41204212b23332fa60,True
1,279,L32,11379769435758559720,1,757e4645a8b5c02c7a82c8966d7b9edc2199350c35ff2622e76a65aa45a4f68d,True
1,280,L12,11244995887305824246,1,e3b2aca4c1c957f914375f95214e04fe978ab26ef73e85e2dd38fa8d1ebed596,True
1,280,L21,5079033752364214522,1,a2386ddd436dcaf4a86ce3e0f4317a237ef7a76c22dc127f61086fdd7aeb4218,True
1,280,L13,9751516803262383969,1,d850b0e86c6ba733de1072c506bb13edffc735881e6a721bac57e03ce92805ff,True
1,280,L31,16582334440927227561,1,d890efd1147fa531896167fdeb260738cfff522a5fb9506ecc69fcb3976de8b0,True
1,280,L23,1639555805921924945,1,055f8517727d5a452110ec9b06f28c912ae0d2ca32478579ac32c8a448d28e99,True
1,280,L32,11386448838280181751,1,0a229991dc3defdc1300e6150debec0c9ae6be5372d54ecb3a5d2bd3dfcec4e8,True
1,281,L12,8404903891295627250,1,a75a52bf0a7072ad15aadc127b890e609ba2efa628bfbc35e7e0c784cadec4e3,True
1,281,L21,2814075067428950364,1,70a9d5d8b96ea3645079172a22f79843418e2d8fce869da845b4472883f2f656,True
1,281,L13,11008508567091937468,1,8e051583a67afc4902275debf3b6a71c8f2e0a1baca49ea0f8706a3e86cc9ef9,True
1,281,L31,4223938335540665647,1,73ff0f14db89766a6f7ea5b36872eeea5e76d686d8da5ccb71eaa28e2b60f163,True
1,281,L23,17622294642863094594,1,0986cb86e4343de3190561b4b6cafb331b4f7c8f21dc417473ab4d67498ba873,True
1,281,L32,13930900319798630386,1,9bd7961d045925ee744176706c4a0ee5cd7e765d0eaf2635901dd00197196001,True
1,282,L12,3541251676344272870,1,727279afe496d5f061848e4f5f55854878200e642784c58b19e7c7125736c929,True
1,282,L21,11012851599509135119,1,c33d4bea633c1f4aca00a30c2cd1575cc4f75e49882a3dc2ad3d24e61050cc34,True
1,282,L13,16295251921106238518,1,6065e817adbc6477da5b12f49e1ef6580a7b2ee672b99402f26f71d1936fa16f,True
1,282,L31,14253998274806073683,1,68b8a6ff1f262f9e772d80a8be949d252af03d36d658f3465283526f0db55ed9,True
1,282,L23,17372158232888654111,1,9b2f58c0870fbd8e0c518b27e1178605f5cae09c6da771361a2146bbd4cfb0c7,True
1,282,L32,322751922239605942,1,c7eaa9a1e437fd591ed41ff79eb1b5cb1b5c1bca0fb8907e2bc5295343746c60,True
1,283,L12,9239690695967293561,1,a0f8aca330b36a975c4b4156fcf393b79e284954ba854802610e87322f7aaff3,True
1,283,L21,16664596464493744018,1,cdf584eccc570b6f901e952ffcb1e7a227d1f3c4f685e21ead4b86a9928eca28,True
1,283,L13,6140590442411939644,1,cb6c21584d83f4c64d4b4e9a592be1d78b56dde8ecfd8963dc8b136eaa9210fd,True
1,283,L31,7246839872107559265,1,4c06272b739ba3c7e001ef3918acdef8943d9099b50275dd342d0edd7ca609d1,True
1,283,L23,12592554610489467030,1,08e2a76c8573292f441a79e9a223912f939a3cdc0186a2dff45431dc514b0cbf,True
1,283,L32,13450671138424093115,1,8e93f46fba874d7fd660ba4f96855bc9b8622411a7f08f55dd96fc7b1c2484b9,True
1,284,L12,6705823882155061971,1,a5a8a38f2031d4d691742b4e06a890a2038ec477394ca0419e407ecf9de185db,True
1,284,L21,11761135965191910730,1,c2c66c0781953b2a94350e643b0bafc52502a0077d1afdc0e34f8e1058a9c6c6,True
1,284,L13,17259561894208986877,1,a7205892749ede2884113745f05015ae507d3c58bed2c57518e3a1e817506504,True
1,284,L31,7635681393144438731,1,e8e1331cd6314b656d8a859a00d0d4965f34028dcfb01c40323b026c5ece1aad,True
1,284,L23,14967129929711690754,1,dd81894485daedf001d2fbb96ae81f3f30f5d47be05f655963db0c7104c777e6,True
1,284,L32,16330314004649347711,1,8aabaa44750d1e61cf896001ee12ffed0d8d9fe76ef777b5abc9c8856d882431,True
1,285,L12,274739496918707419,1,0f05bbc9e614640e6ef35ac63e76e72a7a57a9ceda31727b491e389fe5d13d42,True
1,285,L21,9804470342851997070,1,24116b0a653c3780e31a9a8f994dcf3ecbc65061f1e2e3eb20f3343ac1cd499f,True
1,285,L13,3653391166687513725,1,33196d7bf131b6825b57aecf3c05f6a36310fa56f33ea66cf7103e5160b10d2e,True
1,285,L31,15464270847495716762,1,bfc69d716453c3ba9fceb76077ef53bd5b1b7f8bd928fce443dd7812e6901ff6,True
1,285,L23,1021215882054802700,1,caae49122b067b61ccd2b51d5f46b9ddc49b61067854f065cadc9b3f1ebaedc0,True
1,285,L32,1703744567961945026,1,390762b768df8fdc5f711b2d6eaebe5541d9fde7b6b1e6fe16e8744808f78220,True
1,286,L12,158551770590750705,1,7ce7f503a527bb6edf31048e0fdeb9c6bce73df80131879551ec3e3f760824fe,True
1,286,L21,4235913392357992154,1,cdb999fe58f88a7c24c5906bcb4bf6dfe6be87868b58c3779422f1a5aef0b8a4,True
1,286,L13,17988395513535008505,1,043afa12612a2bf25f6d9b8eb4e77c94ffdc0b6f2288a1e4df4bb6b00fa2ff89,True
1,286,L31,6677094161261341114,1,b139895be9d4d37b3e31e2516d8720c08f0322d5bdce79567d0c1d659a16ba22,True
1,286,L23,8055479921992007056,1,87463b35e1e3dd613bf89b61bbb69496c3a1e1ee9203502ab46891b76dd33e2a,True
1,286,L32,14327937236684478178,1,88019e412d55971f8cdaebaa990b51d8f70cc8586283f153c9966416e6555036,True
1,287,L12,578577324766209908,1,07698ce0d05c2f488b842b3933451c3e754cbd6624a8951c27cec58c53bde56f,True
1,287,L21,5813942402734177768,1,3396d7edaa18edebb863466d77c456dc236abcd07745dc254287b9a4cbaf040b,True
1,287,L13,10851129630065097939,1,10acb63adbad34e47bc6bca687fad25ecb081dd2c7708b016c9d84f6806431f3,True
1,287,L31,1594927307829617664,1,83a13c5f9dff3aaca334ad346e8ecedea155182a56c816b3e0b9ab25e2973958,True
1,287,L23,12765613732472602352,1,3b05422023b81adab095b3be96dee53db044b8d9fe38100d570461fc921976e2,True
1,287,L32,2649712511413368764,1,bfd0e5641dbbba971e2ac0a81034158f19f52592fbd3090a9a8f8fac5f26b2be,True
1,288,L12,17815394200997357905,1,1636123fb9a8259e96f7dd878db250c96caec4334e04e203ae0723c97fb89887,True
1,288,L21,17260008175887550107,1,12ee954cb0358ad6f7027c86f9d41f420bfe4e94db449585682c0401d4749a4c,True
1,288,L13,6088392314213260059,1,b6d6f4cde7f1f0eacc37e2526f92d524549ffbdf0200e1e256b599cd62ac3f85,True
1,288,L31,13127015842502579194,1,3368cbb67b5823fffe14d89e26bd5f1d4cb0f77a0c6c803537aec3740f476d45,True
1,288,L23,11141980300915679228,1,8277dc33505b0d124526d25dac512cf1284d2ab65fcbfeaad44d3076e393ba11,True
1,288,L32,10187448492392971841,1,bfe3bd1479c19349617057011d7cea8117b542efbc58ff5e9bbb55be6f55285d,True
1,289,L12,12236876491984410286,1,29966b1750355c15b0beb591a8d782aad984bb24045c531c2a30f713505cdc6f,True
1,289,L21,3694783094036336128,1,8456057cb2a2e214bbd72fddfa0cfc5f052d8ae599e991a6e7d55d07dee7db2a,True
1,289,L13,6623050774772163166,1,b90455dd3c8baab6d9e8e05b3c2e65151c1854f7f9ce91f5af71b0d6e35c58d0,True
1,289,L31,224706483795193872,1,29cfc78349bf2c649a3376422f278c0d591731a85731966a545d71bdec6ff11d,True
1,289,L23,14880500723959143423,1,79741f94988bc7da1dc77de96ea1ab3bc02e43b50cda768424f85e0130302bbd,True
1,289,L32,2607664891247874407,1,93b39b6615546dc8651350caaac3592b1d10964b873048b9fa9481c73765ed91,True
1,290,L12,8299429783855678141,1,4936a33659d5d7333530e4a4c67caf1b92c229edcf25de6622f5071198cb2432,True
1,290,L21,249695087468338364,1,1a3f0a17118662a5bf1fb4175ef1a67e48c1934853ae6611561ff3df418a8560,True
1,290,L13,3835168831617269543,1,42a888adf934de151917802bd266dbfc7a3022273d98de161b650e8d9949d9ce,True
1,290,L31,13510403339443757556,1,2ee01f456ffb3ede468782fed529a4987dc850a6d91fb262a0e6e0f251027e5f,True
1,290,L23,5773016239053391002,1,6a2034d2a4522d7840566957f0c5c94081f710d4aa327413760d9888edb28435,True
1,290,L32,18257839274597595831,1,037c7fa16d29711bd37268bf894b8bbc6ebaa848742214e418355949f668f2ec,True
1,291,L12,11667500446942212582,1,c42edca9bcf9804b32955ea53561a08a07615a2757d55f1e521b22cc58a03d3e,True
1,291,L21,9932572655362061799,1,85b8a0c13a21384c2242fd952f0d59b87cf28fcadee578c54eedfe998e89a155,True
1,291,L13,7876259677794671799,1,2a6a2657bf9fb4af6218a12d52d94fd483cf1df39a1d7147608c4285eddb49ac,True
1,291,L31,16740342887726490727,1,4f8d4a2bd969b3ec78560784b7170eb84e5308e391b20432a9a38709e06ccfe8,True
1,291,L23,4276458516524518449,1,e9d50e5496f76539ca6aee12ebbc88e765d45f88e0c855955a4894a2c790ea9c,True
1,291,L32,1701139453043305813,1,820804006d8490c857bc462c2cc56e82ffa2cecf1d6c336ccc1b2f879620e379,True
1,292,L12,7419645573785616032,1,c00cffa19c922755ca962eb4d90b995a1d042208e137f7d6cb535af7b6274f8d,True
1,292,L21,3876591083664863551,1,47e1690b468911e9f01c3efd36492453a96e8baea95b59636b6486c522986a87,True
1,292,L13,14389423410006837339,1,7053ecfd88dd158ef8eab184b34f934323944d15f23b73cf0c30a89181fd63c7,True
1,292,L31,12564741052642678222,1,6bcb5cb24c925043b19f6653c5c15627370308ed61a717e882c49be06689e99a,True
1,292,L23,16383371311126487067,1,e64af5762d6a71873698b5005b292b66c5a5f1e4796cc4ca31bc1ab865a6cfdc,True
1,292,L32,3317734912814014406,1,43dc6b36e13d9b4e6f3ce2066f53d7f8d26854db8f7e49a220df8489f3585344,True
1,293,L12,910690229779547082,1,1f805f6cae79b34653cc4952de9458c3e180c668c5386e2e45fa94dd0d071d8f,True
1,293,L21,4038778845913743240,1,7ffafe5428269da8429065f673df7f9b246f651c7b63c4aa1ab084d74a80d857,True
1,293,L13,3603943566104729037,1,f492e6e437a60b590b641663036c45d5b24250b5dc34531f91459111ceefb154,True
1,293,L31,7174272312055665442,1,01b7db81613bcd54a471bae7f0e7b76d7807a2564318f4efe1486f465c896e62,True
1,293,L23,12884369922804936689,1,3f9d1e22a1a1783ac5b9af7612bfbff29adb3cf84304d7541cc8e9954adbce1f,True
1,293,L32,11803677055461736424,1,d0aaa715bcb95b5e7ef083977b5723427e1a1f0bf0aa3c5fd481a4a27c269193,True
1,294,L12,5773245826801687669,1,0b50cc8eeeff7422618358275f6aed0dbe176a95f74b6be09d92ac8f6837b69b,True
1,294,L21,7060248598087565865,1,31aa117ed9dad2bafede1aa1316ecef8e9cafe43467bb6625fbc94765fdee48c,True
1,294,L13,13392124863771362995,1,f14fbee362154185b089b874648e34ba7c552438c5a4adac117f592591437540,True
1,294,L31,13070216671563359855,1,258e2fb77ab1a63020dd2c9f834ae5d4e5f7375a9794a197127f289840771846,True
1,294,L23,14140908074042501562,1,5380be87c52765731a3ad7e3c92d0f83e191b019bf76ac1e072d898aba32f1bc,True
1,294,L32,11230708057222832871,1,ad01c4459ff9702c6e88efb2b72dc4eac5fe9349a97395c29057f57de3933ed8,True
1,295,L12,3584707512832156152,1,0d4d28524a91fbaa59b0acb4494dd5bc94b98314383ee6068490cc56934e4a9a,True
1,295,L21,9525520284707445903,1,1ae43ff16b0305018d7e43f3a06a38596b149f51f6265af27758edfe798e7eac,True
1,295,L13,16945731606473523702,1,acce8d653fc2e9762d0c1f99e98cfddb9374aadfdc83652e6b6e81ed7aa7c3f2,True
1,295,L31,14073438405344565069,1,b88931bfe5de7ee7d40efac50824e93234286dcde65ebb3a43b9a7123a366cfc,True
1,295,L23,13336532580960551056,1,3a78b1aa28063fba5405f1edda5c4a41d6c442115210f3fc3809dc554f27fab4,True
1,295,L32,2777810509524856576,1,74a6334cee5489e4b52f38e23442561f215f1c7a79e8f48a18d03eb6d8729a3d,True
1,296,L12,2184122321433798665,1,c69942f46e19e6cea68825e5b4afc273e968408b57b61b77d2ead558471186e8,True
1,296,L21,8928044380454363737,1,11510b739e2a057cb959ab2feba992c8a6e754ce80eae5ec478af37a081ab25d,True
1,296,L13,7283208293575062682,1,327d72e537174de8b96fb2b509b66c9913a9401f28516d30e3d6cf80ac39b7c1,True
1,296,L31,7072818527482402012,1,9b916fe45c24b9f35aac5b1c58f7f9a0909cb71009c99f349e81ce2c7b710c3e,True
1,296,L23,18079510603771463323,1,811838801a0e8e79c9aa7085c347c8944d659231da99c30cdb51aa54b38ba889,True
1,296,L32,9746521641981718735,1,15ad714db66bdbcfcc5efe1bb02d4597fe749f521eb654d3ff1e150b4fde51fb,True
1,297,L12,4102511459685824980,1,825a76ceecff69817132b8c537676df9c612bf7ce7b1dc45dead3641639af900,True
1,297,L21,812736056734095380,1,60ea2c14ef835bad68569608917fff686608c358751e27a8779982975bb0cfed,True
1,297,L13,13924203498310989769,1,9886a3a827a6f212f750595fc3f38d85331d2f748d7361ada560721b10fb5791,True
1,297,L31,14805143820467981509,1,ff0a1e6d254edf264c7853a7138a83844e3c9cf749c132578519769d12685967,True
1,297,L23,10205724756535260969,1,13a2e8a9b8b48b72f330330495f9610a37250127d7c65dc9ac3632abe11af4e8,True
1,297,L32,17991845841242639849,1,9219e72c3378a60348d27e97933aaad73dfb155009bb2158cf15cede12fc8a86,True
1,298,L12,15372580971873415851,1,d631331d0d4e2ecdbc5a74fe1a8532c73ca82fb720b6651ae986e36ad80565a5,True
1,298,L21,16430812901675505819,1,8838ee645379d082bb216e6e138adf87cc2f6046340dfb964e099256d6b427fc,True
1,298,L13,10426307474572963457,1,69896b3648037c5cffb979071e4c2cd9110a78f65a64c75ef247abb12acfa2f3,True
1,298,L31,3949659403329578770,1,b3a07fba7ab631c3ca141dc1fa37db9ffcb090208462be147986906822dc6568,True
1,298,L23,10756614481332454317,1,36d26d409c3be922cd28542e180613e340de3ca1f0a4ae7fa3213cefd7e86dfe,True
1,298,L32,2379453838324493655,1,d9393e5c5e6f463a5427d30b5aab1db12dbcae53735c6d617bc2c2d82ceda74f,True
1,299,L12,4064565554703425044,1,c8f32118b36c9f487d376682fb3a42ec970114004edee6e27e9f29c50911a61c,True
1,299,L21,9763410406962495079,1,24793117c1fe509bcef012f685833207ef99929d468751c332c6947beb330f36,True
1,299,L13,18307336631857720122,1,11b85ddd92d8802d683da7c7e30c30a3a7cccb27c1f61280ab3c1d07eef909ff,True
1,299,L31,7439332817834837886,1,0bd1737ae9c0c71e7ddfc07ec61112ad72de6ec0c97746fccaa5b74c208d7037,True
1,299,L23,1642560075197398032,1,8c4fe66ef68a87b2b3343181a8fa296f38e35795021e52e786850794bce08b73,True
1,299,L32,3017003503517692461,1,0eecfba9aee38f90e4fa0da46662985158117ce747b5212848b003426df5f9ad,True
1,300,L12,5229600109703405197,1,2096bf0188d1f89ccd7e327b1fee6979a0866eb3b79b689e202fdc763abfe86b,True
1,300,L21,17101271868414055379,1,9d08cda724435ab80fb15f572fdbe7f9738761cff29f0e3024441575a8eec5cb,True
1,300,L13,16578706841954259624,1,16cb1811ce1021b753cf8587d406ac94b68f84f72d83352e43a9e220af377eba,True
1,300,L31,1324655139281023675,1,4cc32fd1039760796fd32f0c9554fd9d52e837fb33fd4c7426d571ab89c8b58a,True
1,300,L23,4989421165340584840,1,c271d1fe0e8874b1486b4726f9cf9b3b2647c4eff8d742ef70a6645b224ddc22,True
1,300,L32,295522396232141219,1,541c48bd612b628f4d7ab31207bd5372dac4e97483f585e700554718600f7307,True
1,301,L12,18276691497125786382,1,b72832d46386fb6ab9ca7bd86c2a3beeb6d578f06ec88ef6653481ef9ebb304e,True
1,301,L21,6174963755792060726,1,452517dee6efbed6fd56f4797236b3cf5e7a922fcd152f8bbde9457ac4b9c738,True
1,301,L13,17928498028823820977,1,bf691666558f836ccf54d780c82dd694c548e788dda9d446421ae3c0314adceb,True
1,301,L31,16377037900215942231,1,3895752c994f34b7613e6ea2826ad58b7a0715f542aae7b0fef2c124c44b95d3,True
1,301,L23,16098436742495553120,1,5228ccb2db34b02f41fa72972470239846c8a837b67b5547a41d84a1d6f97d42,True
1,301,L32,15449922009656597755,1,957e7157de2b59a72d7f5992549171e24a33b7cb9b5a9d2e99d6fc5fb8e8afad,True
1,302,L12,17380891537303973443,1,6073ff417eafd34d320dedee681ae4422e0e17d8292c4009126d59587e30ad5a,True
1,302,L21,711480693160101533,1,195606d39c929387cf8da8c87140b22892b0e13887090c25a68eed66ab34d937,True
1,302,L13,1341255285405589055,1,cd707f28fd8ba637dc3f9a08ec21fbe2c8ddf3eb3f18bb52fb5f28c371af67bf,True
1,302,L31,3775068859343332204,1,96c910ce0e3a5962bc267f28da6e5e0ff0481f42713133a2e71b5b995c8e81ea,True
1,302,L23,8830756858258151341,1,7dd95e0f703e64a5f10445b3cad53104e549e114383173285d75f3e72586ed5a,True
1,302,L32,5870370931503122340,1,0dcaf2b330f164661564e93fb544977c9c575ccfe4cb91122d7fb1e05aa0c437,True
1,303,L12,9143807425452820572,1,19e00af3982ce83925cdb2553ea6e74eef5970e18e8a83546eca252ae84846d2,True
1,303,L21,4464193690146398292,1,8c03f26a659ba5d5ace94d450b90bc8704b4fbff74637c0e6d853b8e8f95e141,True
1,303,L13,9602400321605121841,1,a1a6d6fcc3be5ffc3f06d91542a66907b74e4baa5340f2e628f98fc653981938,True
1,303,L31,11678951370280392161,1,d5b59dd28c07fa74dbfa04ba81300ccac32aab82a2c3aeadbcf89f5315937382,True
1,303,L23,11026325726032041549,1,c656f564e3eee55a5db0e03f7a67fdccad98e9b0c6d809a6a217683823fcd960,True
1,303,L32,7133192522167636477,1,7fea78ef4bc895dec0fafed6d1f3d7c07611548e9e6260519a6262ad69f68177,True
1,304,L12,14505157292956591635,1,a8f00433d0d5cf736ce7d29457fe142d446483bbaac5935856f43f84bb2b0adc,True
1,304,L21,7257367436866803776,1,371b7943571f3067661f037beafd48356891067162a04f78733dbd78f160e4d9,True
1,304,L13,3851114614607202338,1,709accbc0959801c712f2cc2a1c78d2005da08b981faf92d42c57f29909ded61,True
1,304,L31,11910451331175048968,1,c47c566eb5c20d8d1a54f0e2af286b0dd67948c443e21180f17aea0edb7b511c,True
1,304,L23,5424054437069600036,1,68963e2c699b0c8ecaa1d66faafeed2d59674c4fc70c40f11e3dc0df42f85492,True
1,304,L32,14988915265091055395,1,44bf689e35fb51d9b4fcf1817515cea18fcc61ec24e69c5e89cd8f85ec282f67,True
1,305,L12,480827867848053450,1,226073ad2c1028c316c214d1dc1432b94d0118d09529672c22d1948e181923e2,True
1,305,L21,16934304656520802874,1,8e37b26bbd7f79170a61661b194b6f5176586ca5ccdb5fde69817ac3fcd2b5f8,True
1,305,L13,5741852551415479424,1,93a2042475545b29739fa99fe1f95ec655e94d5f27397551803d2b46e1577192,True
1,305,L31,9962013006557293151,1,d9daac0183f994eaf983bbc800d19979ce799424101713f0ccdd4a9452aa0293,True
1,305,L23,12501913542227845586,1,86a171278dccc34a9cb8f55e19233faaab051ffb6e3ad711b1d730db72fc5b0a,True
1,305,L32,12609680151386662540,1,e22c12982a96d28f691b8b54a3cd5ab75710f664c12e6e67f334ed3137dff352,True
1,306,L12,16779554833949551986,1,22d58522bd451e2b358f354bca0b3cd91fe407783317e9a6107b4ca9f6a84691,True
1,306,L21,5557420250712760711,1,da3a19306bcf98b64df25697c2e8adf77431f1d777c9db96029bc074480b0b69,True
1,306,L13,15442503283915257239,1,31233db3b4b95ad13e244cf914c0f66d7a79167c57b7d225359c60cfd25440db,True
1,306,L31,12409582138352137657,1,7b72734322dd448d1a1797116eca6ff0141d18eece0defe62686542d5b05f84f,True
1,306,L23,16658789198847922642,1,cdacb19433a7a77812e37968e169748689c920370a77fc3a6ecf1a5f3118f695,True
1,306,L32,15236900202340189537,1,061c7f2864991da6a90a1f60771965e53f7a8a805c60c57e2c3d180a72be4de4,True
1,307,L12,10516255085897314407,1,92d3610bd95286d0835d960e35e2132dead815eb933469f3db58fbe965259a0b,True
1,307,L21,6048697407061685935,1,7784d2ad69abbf6841d8b8203405c15754b8dd7a179c11dceba0d4084dc3c608,True
1,307,L13,5939291492463393968,1,6585fc1b1fae955ce76757c11ffdc90af30b94a3d39647d7ee2a4afae423760c,True
1,307,L31,16341432944769760731,1,b8b59e55f81fc9aad261ad5fa003e9581b30d5045d44a7d3f6af16f527cf7041,True
1,307,L23,10464382271290999234,1,a917a9f4be3773ed3e39308d7566b38d6eb6ff4b700764d5400e02256e4025b3,True
1,307,L32,6029044076078704255,1,487b51003dfe80d98f37a42b9f3c7ee032ac970f3bce01f2e9feb67ecb14e91e,True
1,308,L12,9972019414026807226,1,5fe69139758c27bf2b9df41fdae6fbb35ce735a5334c6d562691d61b21636334,True
1,308,L21,11007995157597172907,1,2e5624dbb2acc7e9c5e2eff8706c524c9414565a53382e45fa0b7fca12f1be68,True
1,308,L13,477611731764843405,1,3445661fa1f8fcc54dd0dd85e8cc43f42663a9b544b89016ddabb66cad9c83d1,True
1,308,L31,14528770870395049591,1,89e21cf2a30b2ca4b63cf8d0675ab825f2811bd46558a71981acf7b7362c9df6,True
1,308,L23,117289533481474740,1,733fd0cf2c2b281ffdc101acc701f4e8f7d3242a4d7bfcd04a54632124956d47,True
1,308,L32,15570835327784455159,1,8b435f09a611db56e27d1fcb9ee25ba0105ef1f19a216f866f8ea56461a8333c,True
1,309,L12,10909124275857513533,1,fd19ef9435a639721024bac01253186f1b80d33303407c784945050628fbffd3,True
1,309,L21,15065871917674902912,1,5fbc7e2511b4f3c5242b963adce7dcd07e0460cc975bf8abca867ef5831f9c6b,True
1,309,L13,14691588440263713366,1,cdb2fc792db806143d2ee3f2f46cc7e2eb548232ad2620c41a5322fbc96ea395,True
1,309,L31,17692387940879568281,1,f036e7651c8315bb9c286ae1ee4be84a9eb056dbf05e7d31481f2678e3c35d1f,True
1,309,L23,5878715319614816859,1,560edca96519c8246f2c213616d6e3dcce2a281c0215f01e4b61f88ed321eddc,True
1,309,L32,9948432612635305751,1,ae5c04440786675a5435f26e7ad438368e4a0e99f9d5be22c39572fe03f7944c,True
1,310,L12,14406949241191830369,1,8b82f5224bdc1c95ce71e3bc9b2298c3e531b3f66012033bdff94e3c3d9b8679,True
1,310,L21,2014338692901701081,1,73d53a66611eb08787b39de5f6f20114fb6a0166d2982eb85bb8fab37fa7fb02,True
1,310,L13,13673001912280817264,1,1678365cec73f223f5240d4bc4e9074d20e7caa52f06f6331ad14ba1727ea431,True
1,310,L31,3878109903814154550,1,e74a77396021f0536b4b533721aa9cb9724c85b2a3f0ef96101eed5ae0728a4e,True
1,310,L23,9835950973300347359,1,24dd0f9358acf38c68297794c13e76590ff20814557a6f7f0e4609ed8e292129,True
1,310,L32,2188154730624882457,1,f3656c9ca1049588f590d3f509710d9dd2022035f847fd6cb9261a471ce07e19,True
1,311,L12,18411842756584350210,1,5eeb4d49bbdf5bae691e714a840ac8664ea0aad60a6081e80666d97af55b4858,True
1,311,L21,9277955404071316296,1,843156566650442fe9cad76cdf82b207e7c364b98f0b0c839d88abda881600da,True
1,311,L13,12549270336540994524,1,c351b808f6586f0960cb89c027b0bc0eb131fa14a74a74576239b68ae3a621e7,True
1,311,L31,17354584919771380086,1,274557623672deceb2c28e6d4f91c1ae0e4379122081ac8282b03cbaee99eeb9,True
1,311,L23,14275820409717734463,1,b62f931aecece78ce0b7c424352d98702e7f85047c79a7e28a00dd17bd35184a,True
1,311,L32,3390052659472770416,1,8fbe8386bc4929577268ddce30f7652a66311c80b5c647dfb750c3d14bb04a85,True
1,312,L12,1268826692647100152,1,3ec028a4bd3792ee8fecb2cda9962376a9da8b27e0a95bec3cd57de3c184f5e7,True
1,312,L21,15184740768995247307,1,53c61be047d91ca8f98a51a1ebc271ef6f88d2aec3309bd6ba2a0c1dce80ea1e,True
1,312,L13,7054944709221698592,1,039418c110d8e7b803befe1fef19e6908e128bbe3209e2313791fee97dc70f25,True
1,312,L31,15193434077520606993,1,051a116885118335ae8ffc2371b892b4d316cc33c40ffc526a7d8d9b4a593ca6,True
1,312,L23,12176180832794559434,1,60e41892cc8d4994584a33ccb57934d2a82dfe13b197719ba2153231aa808463,True
1,312,L32,12762524573657304086,1,5b3cf78bbfc3ac850a69282f4e708794cbfba77238f8fc0f56a3d7c8fe88d201,True
1,313,L12,17870818735790156270,1,c8cb0b9c6efc27e2f47a8295f3c930826e59e3c064b44b04cd9b5d88a8538de5,True
1,313,L21,5856037299602761754,1,e11001f754cd0baf3ee2e085dbe3cfb960d228bf99f327144e48d4a56511e00a,True
1,313,L13,16818490597568263489,1,9f768f8dfd22c11a26a2a961c10165f963295e214131a1bc36fc464cb76c287a,True
1,313,L31,12498249732108872195,1,b51fd32d4e2be596e3befa79c4aa6466f51f745ade337962f6654a649a033d8a,True
1,313,L23,17268047427396841967,1,08537dd782fceaeeb760a99a49cbdd9f8b58c09e52b65cece94174cad8a01bce,True
1,313,L32,13459336726975235638,1,48d1cfda96eaf73a485de7d78f9d411100c8aefaac253edb4cd4c6e5563691de,True
1,314,L12,3537476899363444754,1,472dff2f3a7687081b912aa4cbea55e8ed06d80fa14c92446d81b9f3e2862fb6,True
1,314,L21,4808851562509423798,1,50bfeac3adfc2506e0880718a4bb6cd3a31bdf2219b3143edc3d5b70c9bb8afe,True
1,314,L13,13697445723345255393,1,b86c73a02d407f786fe4225be009f423e8d28e1e31a74ab2362a98b67bdcfd1f,True
1,314,L31,12802843741364824299,1,6248cd224aaa80db7c9aebe8ad376cf6904ca75cb84517557ed2151d1648f78e,True
1,314,L23,5113117743567834035,1,e2c562b82db237279ca716cfe86849285fbf34c66e533e54033cea9f823786fb,True
1,314,L32,3705683423044772879,1,b1ccb85435a95ffc02eb7f7fc383bcbb76d98afb31256be6e4176ca2631eff6a,True
1,315,L12,9099738941895994187,1,6e16626e4c4655bbce706ed42c1769ada74b643a34b4534630415458e5655c58,True
1,315,L21,5737991531854140168,1,e992b3d455349393334ce6e37e496e3896f45927cfde12d6556175b88db4fe7f,True
1,315,L13,16417892442706838442,1,c5fcce9d86c073ce72874d646e08949036c5822c832ea2648d4edeb16c44348b,True
1,315,L31,12352681192150917197,1,9389c73471d3f74bc2b04ce6a0afaf1835c78e6be86d5d5fb620a37465fc6ac1,True
1,315,L23,16639191122216191042,1,72e4c076f4d470e255d08845d85d8b3ba666da8925498109a1cffde4c58330c4,True
1,315,L32,16568585441784455096,1,7f1722f8d91498490fdcd6ef8578402b56968b7b387ee14387bf0c1801dec52a,True
1,316,L12,16697939753337164394,1,6bc8e8cd8632695d8ba77ed5a16064d01f3d9b86af727e2e76d01c83780bb7d3,True
1,316,L21,14947735548311460450,1,ba0e785d93acae7324056cea81ef61e511b0e2e703a5dc58fd1a9621796a218b,True
1,316,L13,12269571936458969236,1,2d121c96f3321112447d182d57f978894b3479f499829eb3fa7a4db5d373ecc0,True
1,316,L31,11925950963076996887,1,b99a6fa4ad715021af32fba48a3a71c51554f52ff614910104a44d6cc20960ba,True
1,316,L23,5079740863319666657,1,6a281b1fa8487843f55eb72ae5291b8b1c8bfbe0e624ff43598a8419a72f353b,True
1,316,L32,10429416721442731524,1,c1a607d55c4765ccf8ae9ca68bf3d923cb6319ca722f84dceee58268f3903281,True
1,317,L12,3321582007601102608,1,412470416634fb1b5368d0de09fc96ca3539a16be80ce53c994f31b323272a22,True
1,317,L21,421305653902367557,1,995cc1a116f37231cf2138d7935dc4795a4d4c5d64793f1bf0a175a30a5dcb76,True
1,317,L13,11915928536357999806,1,724993c892c2aeb0d2ca9803058c3123ff6a3d52c1ab49acef8c8c677c2a788d,True
1,317,L31,1301912031866218049,1,aead5564e17ee5459971b7f52d9612bda0713fc3890930bda366e57c5ec29e7e,True
1,317,L23,11695026118207986592,1,2c8998c27233bc8f3bf00bf0c9b2183d36f18d6e0f2d502e1cbc89e1e60093ee,True
1,317,L32,2374794841853454339,1,4be995cc6712d3b49ba38f7c2838090cc2867ec3ce2cae985699ce19834813f1,True
1,318,L12,6028216618378451604,1,63b2308fa8c18840326243bd7557e1e5f44e78abb5b7c4f91ff50dc9eb9c5509,True
1,318,L21,11867569302979585545,1,041fb5677222c2ae51e11e1625669a78cfe406f3d1e4029b5fb2ac9d09343632,True
1,318,L13,10964510257981930079,1,9d3244f6337242a5f1e9830b075b40d67acf329fc45d6b50bb60562f0377792b,True
1,318,L31,2580968362314221762,1,4aea6fce258941efab6511ca63e541e0350a2acae41df3bc9646ab3b9a630a48,True
1,318,L23,5443266589556812939,1,b1fa7ffe2c0d827efe2ef24e385defb19a8ccb3f14f54cf634290131952b9db8,True
1,318,L32,1200815216478759960,1,cac98cc4a11fee2c18606111edbae1fb85eff75bd55962924fdf7e2c3d1deee8,True
1,319,L12,11809763964886103156,1,a6d2ed305e0881ea672dd76e46a161676b6e0537cf07faf618e58534f06229eb,True
1,319,L21,3667047090650651492,1,41276a11b4ba01bdc497476bfbd62658c6dfa18b82f5d90d5e344c726da1bca9,True
1,319,L13,16239255660935425224,1,00ad85e14dc93cdf074adc41c00dd603291c6bd0fa0555db3d196ee8546390ed,True
1,319,L31,13817236004012843233,1,19962437519979fd6a9cb58f022f1df28919e5231b9fda8ed9df6a858d54b3a9,True
1,319,L23,16417835591349450354,1,fe67531a13f2ea8bbd6e45cb5e52a1871985df4693028c68107bdf693a145d17,True
1,319,L32,13121370250914623730,1,ab2df1d59fc99921c03efa0bd92f84eaddce3cae1778f6c680ee51b92cbb0277,True
1,320,L12,4530000578771966525,1,f68973245531f6b16d5b70b73c792f4f4fb0c9625fe910df1c796157f4a8789c,True
1,320,L21,16885762632416822890,1,1cee373a37c33a46b025ee2c9fea39a2d0b1a33c961f7453fea34d2eaa6a163b,True
1,320,L13,12548015382138035539,1,9d0b4d1905be49ef0e280658dd3d13163a9fcc4d1e5c2f9fc52cb691de1e5d9d,True
1,320,L31,13936771961388717739,1,4b66f375fd47381c81a6196b9b206060acf7553f73a4c6e17caf74fd4dc9a045,True
1,320,L23,5518728637325826108,1,07d0f24e2b535d3d0087830463afdddb29c24e7f406f9b570d6732b569e639a3,True
1,320,L32,13766660340586450752,1,9f96c93cb776b5a184d76106fbff9cf1f77fe6b61b6bb6afa4fdc2ce22bada60,True
1,321,L12,3657772305187823454,1,2672241ca63369dc776aac44abcba94fa8329354674596fa6402b445c4dd9b21,True
1,321,L21,1720250804935313372,1,405c3d3c8cb00220ec268cf6e4e47b7084964cc20be0dfd06dbdaf4dfe9ae00e,True
1,321,L13,10225131251469621291,1,109006cb6f3dc1321cc67c2f41ae858760e2122eb3bf0225da9645ce3389ecd7,True
1,321,L31,17170281060532544134,1,db51439acf076d094e869a9621b1fdb1bf3e1fb5e5eb975d5e5345df07d8657c,True
1,321,L23,550390359140816353,1,a997119360c6eef85c02f52426dd7fbd455dda3e79d42e96861b02a11e7fd62a,True
1,321,L32,8318272118337299633,1,b400e45c50d7864fd6e06d3031501d5f23034c96e4c8edc3dd0d3214b2ef5b1f,True
1,322,L12,13789459762019409078,1,a84631ee6783a152cb71bae542605535ba1a21074123daad6678a7a3a49a8f2f,True
1,322,L21,13785678670432179188,1,f87567f0a686e166bcbac6e4af9c9dfef5a60410e03331cc6a35c1f69ce83d82,True
1,322,L13,16466370137288336370,1,1d5fc980a2f67f47b95ca3449423f9109a64824dd0472e8d8f31b09e0bf41e85,True
1,322,L31,8280507141126562358,1,bda91af3190e2350ebc5415a3c21cb8b5246534dc3c6bd527a598969b1159212,True
1,322,L23,16919599869172110695,1,242ccbc98c1c13d259b7ad454a2e4f51c7068fffc112ea53fea4667579510fcf,True
1,322,L32,18319125145929498438,1,290593cf9f303df04d4a5b60f3f0e6cd3d879c0f068be128667120df0e5ef80c,True
1,323,L12,3728580453723744559,1,9a43de5aa57c9277eca6fc8ed13a7a3e18b3660d2afd6ccfcf227eacba864814,True
1,323,L21,13085565342950629018,1,40328a3cf4785e155c80e01e4ecc216ae3e381ac7610f79c1402dba1cda12e67,True
1,323,L13,3444835952681362954,1,e53cb1a2034e3511ffb5e974045115d976a1c87a2a8bf96b5d9ec0b1a6340bcd,True
1,323,L31,12916378993250066212,1,1eeb58c1b0eed9822375ccfc8748d5a478e3797db680d1cf2dd31e4057a9afb3,True
1,323,L23,3706262375122499218,1,1b2e47896cf3d4ab7784d3cc28b1523394284d86dd486d0518ecb5b60f8a599a,True
1,323,L32,2347705600946485659,1,acdec51ecd554906a7214e00986f86b696d67c6d6e2cd64003a09c47305295a0,True
1,324,L12,2307974794407994193,1,38250c41e5c596fc4938ac5fb452f65dd2261f5096e47f16d3b101a760b4c795,True
1,324,L21,14002736063626672147,1,1b3068e83801829395bbc752f97a6a468b270584deaa6d967710cee18276944d,True
1,324,L13,9411914434784298578,1,90c9900906434aae0f884c21a9f9fe18157460b473c84140af3305f138839742,True
1,324,L31,12286323663605319345,1,237f0e7b1d40cf2216b71afe31b1f68b9c910448fb87a750ec892ab730c65b6e,True
1,324,L23,14231656064973995617,1,f15f8702b07332f95bf882a1dfc257669e884701839f9a2f23556f5055e56f81,True
1,324,L32,3992700296162919019,1,f0eb8154f22a425dd00672a970cfda4c14e6e8e747afaeb8b36a29634e2850ab,True
1,325,L12,247747303446551580,1,79ac65fe202be72a43171140d017549fce41fe845361ce3e517fed62a3e59064,True
1,325,L21,1767387141861451963,1,a788e2955673ab920653618accf5d0696a2595d30fd4c4a2a8599325e684dc73,True
1,325,L13,16325214216253413551,1,4004ac9a37fb8d0bcfe63fa239cb2bbf8e4511e3002c1bbb6f48cf4d2a2813fe,True
1,325,L31,17639869953013631040,1,0219e61c215800b7dd20d8b58d1d8e6067e48568e5b76c3a9e92c1320f736a1b,True
1,325,L23,7999256772258539796,1,e6199f304acfa4ba2c231f4ffd012a7efb4068a1753afef4c6020377ce63091d,True
1,325,L32,10375951721513026167,1,d2e5628dcc83a90c065b484e89cf68188982384ff7a9c9b14f32ae2e64277e3d,True
1,326,L12,12265618990106032801,1,69e033854c9748d8cbe273e23265c33c88c4d0633401e64b4020181d30a4e048,True
1,326,L21,10966672772133019189,1,adc158fb743ce10f1c8c6d1d569e2caf676bb3d97b6d3293e732807415f122cb,True
1,326,L13,2697413967932820755,1,f6b829a5850bfa0aa5b8a0546fc171c1f26dce4ffde3b92f0c21162fe577b8c0,True
1,326,L31,10262474312009067397,1,ad2ac01892a2006897f8e3e3fa092456a551768b5c6a8edcf6c84b2de3049339,True
1,326,L23,2255912774209496911,1,effea7eee64b72887d24a00d6e4e03af0f5f23bd7291323f3fe2890ea55c59dc,True
1,326,L32,6361905464731742052,1,99c699575ce221c74f819a01f376d091a3f602fb87999995b1cc7ac97c6718f2,True
1,327,L12,9527557696527012661,1,f3e30b0b9829d20c41f09e93046176a01175aacb78af4d9b2054ff3ebc0a177b,True
1,327,L21,7654728057463843845,1,9a09db27258e7cab42b2257bf657232545399adc37ca20322e155a624a67f324,True
1,327,L13,1107753224778850219,1,39915d2dbf3cfed39ce9fa6662f60bc4121814b779ee797ae72610a23e036465,True
1,327,L31,18325307927883891871,1,53b81af9e1f07a690d82e62e9f6680ae79cde258434d960fa002a72b2e45a78c,True
1,327,L23,7102453463618534995,1,09f6f62c49179bf57adf392e65ecb99fd3800b34e477b35f81f253459669fbdd,True
1,327,L32,2348649631183211840,1,312037f18f2d62fea3a9745ff60c86ee3edd59198983d9fb3e7d2c2974ca8cda,True
1,328,L12,17230037806397981922,1,83dfb02c1f8aaedc13e8a63657efe45eef8be31180ca36de4a93ac78835ab394,True
1,328,L21,6749127918087502844,1,e5becc61affc5b7e048c9f6d88297bb00df5c1cc22ba110c2ae8cf7d8364087e,True
1,328,L13,7716450665821207935,1,61867819998c886783b582e6c9ac9258c74c680f483ab226ca03ab7fe195d0b9,True
1,328,L31,16722412374403891327,1,67c4e393ddfb4e4563bc94b5b127cddcd1e58b522db2b8fed5959bcfa76b21b7,True
1,328,L23,12116062411782493406,1,4a88762d5a59c25fc55ec7cdd6dbdc2785593cc48204ead73817e0adf2a35fa7,True
1,328,L32,17053633310524825746,1,f8368bdcbee7733434ec47f02d3c6d9dd4d11fbf4f1f4a2e536871dcc8b6c5f4,True
1,329,L12,4711236564909119476,1,2b34a4899b425037cbe60f282b691f0824c3bc29c919ffbf3094caf35ecf0c29,True
1,329,L21,4446389682284365931,1,63cb8bd7ddbd742baca214278290ec1e4d2561810d3ddacdfef963c2cbd59c5f,True
1,329,L13,13159835133512592212,1,d2eb692413d449d2f8c795a1ee37a1e444023f30b988faceced129103f8bac57,True
1,329,L31,5991410756642433306,1,b124e1ae5c53feb3ac4b385ff989c1472a49dd50cbdce9c946dff88dd57d6c84,True
1,329,L23,10365410971734964412,1,5cf26dfdc535c5ef5df3b79dbbd20971a9855be2a9a9590f30e0ae14d70d31f4,True
1,329,L32,3391782606495847352,1,73ae839edaf8f7a0bc4d1c3bf5561a14a05578c1c2cb2faf0f28c3aca874cc0e,True
1,330,L12,9784359486630139907,1,16a165cfe9959672d6ed2b3cae218f4e55696c7d15e1ed584ba6af9adcf78a8b,True
1,330,L21,7047074724154051630,1,5aea3f6418eb6d7118c82b237ca145146586bcefcce6f29c23ef7ff0fd135edb,True
1,330,L13,15517686079086687946,1,81fe14cf34307d34cc0bd8a1a820d7b94b8ffb8f4875e6c521bcb368a9eab9fd,True
1,330,L31,3284018512027513829,1,01d7bfdfc7d9e5b9c52efb261d4160983c52bc7f9f261b2aa9b050fb64a34d48,True
1,330,L23,13895458232592650306,1,4b36c87f924e501116b9ca8aa37cb10de7f9ec0e40e45f50def29e4b30b77025,True
1,330,L32,9256157419669904257,1,142514b1e5b40b86ab9694dd24c3c6d7c40036cc10bd80bd3507e572102775e2,True
1,331,L12,15347267721512026082,1,582caf3228b8d56ddbfa1e58e7371c5af74cf75625944a53c1c4af3ef0f1b730,True
1,331,L21,3552344293094902662,1,a11c0c4f31de76d1f1963c96e20a4fd95351d7f780b25db52c501b09a1691b08,True
1,331,L13,13645831015994489076,1,e0d0d573953959b5ea4379d7f07b0c0c7fa07ede0450d5d9d6dad1f00923a1b6,True
1,331,L31,11387016273831992033,1,50de2456982d05820db3025937f0998e24657a88426be398f99863c020431a66,True
1,331,L23,1065473670878656164,1,b499996627ad4572d077fde60efa905a44ed5a8095676bf0248e901be8ca3c93,True
1,331,L32,13438669121243333519,1,ec6d0d09d523eddb9a416e9c1036497d1f1145d9787dbfa3987acb58eed17031,True
1,332,L12,7139421405578183000,1,445f15ddcaaa394ef58aedf17ecca53db1a31c2a27bcde89da53c2e14f07becf,True
1,332,L21,1462816447291203532,1,6a9ba1e25613e0c8f178ec5e5f9d6a9eadac7670aefd0b60ebbb8078bcfe85dd,True
1,332,L13,10877748235039090671,1,840c16bf40e304f7ef675e75d0157da6c46623a20cb22f4f5392485e6d60e639,True
1,332,L31,12541074298214722325,1,d9b1d931ed58e1bed188f50c463943c0984621cba9fbe8337fa860e544c18a77,True
1,332,L23,13130305634685815017,1,c4adddbe7dd3cc46f4ca54685b3e9861e76702d2b17f3f903d928296d31d1bdd,True
1,332,L32,10980610795034560146,1,2796fdd77fd866473fa98ab5a4edc1aecc55b946e154169eb6ca0187e031e46d,True
1,333,L12,3275575509082542346,1,bc46cabfb0939f02d87fdc1ac54c15ac3c4fa28c23ccd92d0bc64ff724b6647a,True
1,333,L21,15244955590021907076,1,600df8db417eaeadee60df7a27ba4b1f8e7ec9784b7379af01230a57e0c78e78,True
1,333,L13,5238098870872823918,1,d40eb066718bf7e226e6803627d551210433635e1de1deae19e50b90e71e338f,True
1,333,L31,6028404424786107460,1,6db44822ed15daff2ca1c357cce754dd4985db5bc5156e389aa614c5bd0d9688,True
1,333,L23,6230806396111274631,1,9c7608d3df0cd6d4c3f17e003477e36b89fff0dcd158ca7d117ca3685724c109,True
1,333,L32,12640046205234611989,1,f74d4d982cfce27d6aac3b785f53f88425192472231fa2508baf135c146b9e6d,True
1,334,L12,6263126623967178199,1,431f0056ef6aa33aee46295f17befad45973c115f8fd14b022e7c828fd8763b8,True
1,334,L21,17708199092216688210,1,d71f5357cc7555fcdc6c5d4ac1df784bbe172f9068cda118e16b4f9fd14678ec,True
1,334,L13,3174473076871489633,1,0e948ba956794dae6f9734b2428bc5ed52565e88cb0bf9c6dbf0d3ba52e24936,True
1,334,L31,4447864809964854123,1,5102f57ebd61c6864916ad7482350e2fd75fa255d392a43db321bbb67496de2e,True
1,334,L23,4276261696033047929,1,c2bdeeac5c91af810666bc0d9a43ddc6172fa32520f6f8be20a191da36809f30,True
1,334,L32,8873803114840609256,1,c1832fab05703c05689e7899361049868a79c62776d9612d14e72d6a46f16079,True
1,335,L12,4447290497758498076,1,7abef8872b681192fe53cfee01c35cebd6fbc387df3d04b97373cd0cdf65ebd2,True
1,335,L21,12951247306855675706,1,85bf9bec6f36942102b7dd19aa5fa69f84f86bc8091dbf83377fb0d3df14f35b,True
1,335,L13,16854491705716001329,1,5a0f80132cf62e5f6a835a66e9c69bc35d317e09e571635a351b2dc3092668d3,True
1,335,L31,13648719183112767240,1,16bc1cad2fb00505359f7f29cc46a58e96392b19cd9c41d78f353f45492362e6,True
1,335,L23,5065998516640598837,1,0bfeaac8fc56f64e04377140e7cab2080d8ba6a346ff144b88fdf0ebe77dc110,True
1,335,L32,14651570998502186422,1,ec1a59081ad45a716f4d5bcbd61205e95435af8cfcb9612df7dfd87e260d330c,True
1,336,L12,3525602943820814770,1,1e2be8a61a4feda70a92951095dd1661b60eadaa13400e9ada270ae5466a80ae,True
1,336,L21,4157076875231281753,1,ce770c158c9df8c9a617d3d10a9bd58c532609c9f59cdacb4a2737e3cf51b67f,True
1,336,L13,1108304970283672690,1,27d9b541a1113e3607a301541205801f97e96771030e7366a2b787b17f74f848,True
1,336,L31,12315924072166362704,1,8e14c73be99550f991db6a0e7099117372f38d9a2ba8901db8b96fc6d6abfb63,True
1,336,L23,10633352928587174685,1,863627bde71f9f91d8620eec86511f7d0d77f5d264c10e47590deed3703a4e90,True
1,336,L32,4777266734625596572,1,33ce41332ef463e6df004492f97f48abb4da194d7a4688190f21c2f6aaeac89b,True
1,337,L12,11965965893009616435,1,43959372c8586d58a4103186ce8915c1757a8173070d10a46be4698405fa1840,True
1,337,L21,1420737485651354429,1,e211d996511c40ad5452c69a4fdc82fe59e86e07182c005c36e9bbdce4ff7751,True
1,337,L13,2524327134667985224,1,f48fec55426fa837b51067714fc7222fd182cb6d4ee3838b4df44a4a024e070b,True
1,337,L31,15910090818901513708,1,e3b8542f414a08158cee3eb60d8122bf4c346427293abc3a35b8a11c0bee0b60,True
1,337,L23,7030474536041959000,1,f6086c1b4c73776ee330221bb53724c7d59d99f023d97e987d6205f664f9ce56,True
1,337,L32,16434583877003493058,1,e566c58b57274eb71211b20f56f81dc19c935a7dcbd8f7b3967ba372410511e6,True
1,338,L12,10748834287144371117,1,bc3b6ba00d62e7eb6f418056469b56f5772d68715ec516a03452c06266144a3c,True
1,338,L21,6257533744713401304,1,f2f784c3969215ce98a96840fb1cf4e23b84083af243472d87e6cf372cdee2aa,True
1,338,L13,12675673636564088637,1,07f9e9d5ce2ccc74ad84384ed0f1383858efad96e134ae4851e4600d07c1bb28,True
1,338,L31,1027527891081791673,1,a2c98432d2d1b342a7abfdeaabb3b7efa675b0ace653482ed405966cf2b9ca12,True
1,338,L23,12450372161217681367,1,26b0b81c4511b35b66044c2b68a1092079d3d1b01828c553c697ad563afe9d97,True
1,338,L32,1450174241752184841,1,3ee22914e6b44f40195854b219a447d211ade1a0b627a09bbdfca008c3f06a3c,True
1,339,L12,3010598766287782685,1,97ecea9813424320d70a8ded586106dbd085a70736268dbd2c425942b5a936e3,True
1,339,L21,7063229690980624796,1,d1669b8cc9ad803bd3ff33bc714552b5da33c88e2ee7ae5161b37e639168e29e,True
1,339,L13,1748297603029997370,1,88378a6a6bc295414eb8e75c0805e43db893ca3115b7f02bcd8742392dc321a4,True
1,339,L31,7198263766904715429,1,97124cdc2397112e6601714a4ad7e9bafb120da313ff6030f04added8b9a801e,True
1,339,L23,117505146706203360,1,1bdbbc292ecfd72d623690a698e6a31c9ee7dac34cdacf9b80ad0dd0d1dd4e59,True
1,339,L32,3739609805090132877,1,2c6ee2e53a53c394806adf30c1d18625f68278ab3debd92909aeb66a281a1003,True
1,340,L12,318826842081172407,1,f63ed57a73df65022d40af51b519f66a1f6fbd7598764cceef70f4eed0b2261b,True
1,340,L21,7089871522468284002,1,037928ba364ba8ad0be7699e26ac020276a8919dfd745dcb594e69de147a76bc,True
1,340,L13,17425496311011310125,1,835f38b0ea95233c26736040e798386ab08d984ddee9f28758e1e9a3503bb957,True
1,340,L31,12148833610799280212,1,fdc1c6463cc37e1afee2e0000161f27cdd06006c37f1d104e301c4e5447ceec2,True
1,340,L23,7339947387324131626,1,41c315eb9cd44f85f5678100041507fedcdfbfe270f50d85f5d49e33912c2fe2,True
1,340,L32,2808331484456667922,1,0c8257e7e6e30267762a3aa257216e75d4fecbdb34197c6a244d9943a217eac1,True
1,341,L12,10797198917822532684,1,0dfa6788a344e3db64d669b843334c147918283f2c84639e734e38964f61a55b,True
1,341,L21,5076587668381519707,1,c64b992dbf3c87e951721f5b12a76c161d28d5c9c7645aa079c510639d8611a4,True
1,341,L13,12011291786138643778,1,85407f3d54d72ce5ea015fdafa43f3a330eb5c6f824dac3c31aebcc9d283dc97,True
1,341,L31,14363221292737442731,1,213560f6d1032cc8bdf5bca37c7d3b68b480718809144929ca8df219082ce370,True
1,341,L23,2906977627005093493,1,76cd0068f31589fc97985ea034d0f095cb1b3780997b28abbdb805a4b4c81dfb,True
1,341,L32,16198019873765180692,1,f3823a943de019a8fb7efc9b8ea66b0aea787ba8225acae74e02b846a6f22e70,True
1,342,L12,18152052745177881618,1,9202af0b191b47eec8369e094acb97d2ddee914c5abc8a6a6b4ef6b3006fbe94,True
1,342,L21,15277665492067239570,1,d8c98c9db9097bc64734625956aac401c3c1fd653478ae8c78099150608dd310,True
1,342,L13,4481271246264650228,1,c154a490ab586e92141d54f2abfabe9d7eb8a219267e2a11b4947a308d9a9485,True
1,342,L31,18224063109179859867,1,1e856195d5c700e62c6633e99d76323488d0944bbd89897cd3e931d0410b47d8,True
1,342,L23,2123748487694662251,1,4a220719e18f00a67572e4d1901ff576ca668229a40315e7f18618ff44cfb4f1,True
1,342,L32,6705169801140670597,1,3835300d7ccbb7e4b68f27a8f02751fd8218ee693fc93b6c386582c9a935da80,True
1,343,L12,6170775000248947803,1,e598f8272ec7eba5c162b1c2320a260e18a3c097e7a310c8f961a415fa0e600a,True
1,343,L21,13843601214400125302,1,21431570f721daae91556be666e70805cf8d0b85a9688a3e90412b8bc2c8898f,True
1,343,L13,13537607213065456472,1,baf6405df43c0fa5e80eca0568df8e0f54495f5519504e060c40c9cde7abd35f,True
1,343,L31,12619793011651598647,1,fedfe2398d6c48d17e9b1e315415e6b738716e8175c4c156b0c8b13f726b19fa,True
1,343,L23,17295089224739497538,1,2f09cd7a9e7d398766ab705283e8dd56550921af126cd534c03bf9e9b6963136,True
1,343,L32,2146551650416884003,1,20dbf3276647cc4d0de54688f1ed5dcfbbf8eeaafc31999da23612ba711ae3ae,True
1,344,L12,6827087367804296991,1,ba0eb4b515c9bf326a4ffeeb4d31cbb8d5e34d559f1bb6896f0f9bcbf6005da6,True
1,344,L21,4049091217265788532,1,ee60d3bba6ba2403a274cda431d1dd1b57ae2f923f037cc6876cc3743fa5f934,True
1,344,L13,8198815125972842776,1,e74d55b0937dfd38b64624be5b9c75345b6ec27a80d64204e37da43f44c949cd,True
1,344,L31,14759363857463755442,1,5c0db02d422ca68ac4ad90cfd8c32eb4a45d1677dbfe902c3d3f32a60975b889,True
1,344,L23,7617402758096954534,1,cf90c141855e2896f0e47f7ea08aacb2b3c82520d0a3935fc500cd5497e33728,True
1,344,L32,11093755590504744983,1,b27cf379e244d41a17804053e598b921bf49a046d33a83b48fea1d70ca503b6d,True
1,345,L12,648519852323250166,1,4ead357a4450f35000668b2b08c7981c755fd4b1bdf9422ee17b4cf4ae2426d6,True
1,345,L21,14322366067530289772,1,aac7c934d7b5ae134d577582bc3a44c571b75b696a72db70e8ab81cbe4247c08,True
1,345,L13,1469819417858118705,1,1b0e7fffe159a20acab2b4ad203b418c8cbc709582a244bbb6d89fd389db3e14,True
1,345,L31,8236259935071472048,1,4b458ea839f113fedc7f23a84bec3b50ccd94f6357e206ba3c3d4458937744c8,True
1,345,L23,4873549214418208087,1,2dcf641977629dfe53971bef4f4225a3ccaad52c59b622916796e97f377c41a4,True
1,345,L32,5901730689911753767,1,40b849b968eacfb1bb757e7e3a6e770f4a3f83b1b84cdcfa3e3f1e317a25c39d,True
1,346,L12,8490660023726264925,1,142c7d271abcb0a64b0f9454201a616ed987ccc488d0ffab0699b910823afdad,True
1,346,L21,330272959417792258,1,02f7553d3962fb114e5c771d01d29dda5de1e07bccf699611cecde851cb0ab3f,True
1,346,L13,294662834502612577,1,20c8a9a7d9b2cb798e0ec2a32a73dcebcaf1bfe066b1b86973dd5094ed6bea9b,True
1,346,L31,15824026130710242676,1,eb5832be01822caf409fcbe9028ca5c5b8329e7f01ee56dcc2ce29bd4062e261,True
1,346,L23,12925704114284649044,1,53098f162fdf2a9fed3dd4c880ef2830980d61591714734dd96de441874584f9,True
1,346,L32,6537467079892410881,1,e24383b7a3e56aff751ddd1e43dc68168ca5ed6cbbcb79f821abc11b3730f835,True
1,347,L12,1373171832952740895,1,3af57ef3bbde4e5b5c0675a5c0b2dbc56be8e5b07ae6386be883d0939d5ff5a8,True
1,347,L21,11717142975322197238,1,ff22a8c6828989f5b11cb88130e5fb9ed112aa4ea1f4d42ca1ce66d1ad7ed2d2,True
1,347,L13,3796853666666996216,1,6b67b98a09968cac7985903d741eea55cbdebb2dbf4b2124de5b14d49074967d,True
1,347,L31,5816569112892234801,1,6960ad0bbff653599a3df322a793563a50934bfae28a472e33e89f06d7b54aa1,True
1,347,L23,7865708160944157019,1,1c845abec0b3088bae7515c185ca5d47d4402589bbc23dbb317c79ab5c3094b1,True
1,347,L32,6556244632581874243,1,4ff62d6a93ce7af6801fc3dc7d23d03959895308f88800a8ca9cea15f7fc0816,True
1,348,L12,12532711899938348575,1,68350779fa7ee6b774b11ac2d5cdcd242d2fe9386ea8bad373c8676fb4417a00,True
1,348,L21,17703244475894669247,1,7711ef51d7582c7d0b585d240a4e110f5409a3d833186fc9c61cc7042d41d8c8,True
1,348,L13,9824248212159739315,1,cdf12ad3db21d587190ca527a80f151e778cfb42cca7f6bd76ab10d9df87cb36,True
1,348,L31,3684554707158322113,1,2ac1c18e0ca6853eaf6e731d546b4b5d5ba52e8b2adf163416baf59093d6dee2,True
1,348,L23,13617845603668764414,1,ee3a532b9642574305774a2e767170df12245f018efbb1561cbcfed7dedb5d2f,True
1,348,L32,17749069634967441943,1,246ab97e01ea18232e64106463dc1f6eea4e3dc1dcc4a3d819af0213121fa87f,True
1,349,L12,14252058340057595220,1,17dbf133018224c8b6b6ee8737e2d789ca7a36233e8cfdd1790d222ea3519085,True
1,349,L21,843386507490915664,1,99a3a75cb2094fee6ee9dc2dfd127b14856ac1a31c6a5ffe5b89b025e559e614,True
1,349,L13,5948551908195610918,1,122a98f9d50ab91f0ed2acb213a9c42857ba53f5032d994b9919ceb234db41af,True
1,349,L31,16632954523404517904,1,41465a5733760f992262e967f4cd8f9dfffae3249204083cebb85a4fc662bf2b,True
1,349,L23,2231763423345658718,1,6b52380f74187199c80e47f58bfbfb0ba21d9f89350b49ee1678a77124270622,True
1,349,L32,18323106486523511201,1,d33853649462874db4cfb3ac59e408b45aa058ebe9761eeb5a5f8173f9668635,True
1,350,L12,14366133565150495628,1,fd3c31ef95c74279cf25afe9e0cac55bc40ffa2a026080925cec587f52045738,True
1,350,L21,13892610765141253004,1,afbbcc19c61ca8a5c447a4096ea3acbe6884773c4216b24a51885d61e33247ec,True
1,350,L13,13984747330227911649,1,624854318e87ebd3741fcaa4f50db5328bdd456db8bf6a137493c78d8572d89e,True
1,350,L31,17658529882238211451,1,07ca6afeb4d7791d887eef9df681792a3da4af4e9d104a03882b64717615c0c9,True
1,350,L23,10497284687052316634,1,785f1261e9066d237b1d224ecad2ae279ba8a5ad4b44fa05a1f134c82cd7fe5d,True
1,350,L32,4815989968874269713,1,99ede06819bc6ddb423f9ca8d265544f3f47772f4f9ff601f876b13644694ea7,True
1,351,L12,9559142792281955695,1,3e4f1e1fdfb4f1996feae4c3430157e607847f43e9b36b1232cc9bc949f445cb,True
1,351,L21,13984893638403415517,1,8da77e3b3323f272364a1e65973f249b09a766a5b38adee9a6ce344d1bd1c653,True
1,351,L13,626118278479378153,1,b09874bec4c4f37da3e303e55055c9088feddd75533790a4d8983d0c0432e234,True
1,351,L31,9143057093080418457,1,167c7752c00513959c506944bc0d6245ee110a98704926036cb061e5364b3cfc,True
1,351,L23,15041384881935461155,1,446b423a981b6a1b1ff81f78e8eb69d8788ac28a8d845501b37e4c197b17c20d,True
1,351,L32,13295391262031033315,1,04404a77589e427f00f986f38dbe97848c7cbb4e4176e23a336bc69786e58567,True
1,352,L12,5118493730767197703,1,62e957e4028cdc11f37cb758cbd1ce075ffc47cda048d9b495593dc065aa3e87,True
1,352,L21,13690117938127751299,1,e142eadd711378463bde413465046cc6cb70394bf93d4975a8e5b8c90b594173,True
1,352,L13,14116580002028882698,1,6f09ccb0d3ca8591c2b95dea9a4b74c250aa3500c2d1203cad276cf742e80e80,True
1,352,L31,552126537251697254,1,13996f691c846c944be62e88b1c92fab7d16938d8dc5800f3bfec14492ab3b0b,True
1,352,L23,4090642721621697556,1,a69a69f01432f46f0187f1528fe6a0c6609a53f5c4a1add9b482e98d3173bc25,True
1,352,L32,4328433560327256809,1,67d40486241cdf71efed7647abcdbb4fb54bb062ff19f13b783fe2d6921398f5,True
1,353,L12,10262335372027991072,1,7627a0e7129cbee3fb843cee7bcecfd3e969b99238cc3486afdb70b90d54417c,True
1,353,L21,16431595536927326566,1,6153ade1fb1ec2d5027245112178270d604678d92bf8e7770c4e4b292555b7aa,True
1,353,L13,4754920228516119070,1,86f785bea816a081d2dc355e0bc5f97029ac40a6f2e0ed0675941447f4be7da2,True
1,353,L31,5586657897427191540,1,5dd1c0d4ba7b87020a5507c4f88fc7483d782129a22ebdbf80deef4d8ad03334,True
1,353,L23,10251244658597183069,1,ad669af0b34de7467d6d9ce69ca4fa6aceaa5b904d7ab623c40b692a33c37954,True
1,353,L32,13155764397452093317,1,550b9761191fa64e773bbc4b09e91e0fd321234f82df49723976a6ad2ed10430,True
1,354,L12,11945696552227313087,1,b39e06205d362b59b84084697d14fafc42b8bc7136472afc9e88dbc1223fcacc,True
1,354,L21,6382085957879371404,1,076387cd1b34dedd06636f3eabf363cb556604af4b87456ae0978f787e1f6f07,True
1,354,L13,8250785505752546917,1,698f00c8d980deb983071a558ae94251d189cf83001a98ea3cdb9ef56ad2ee84,True
1,354,L31,11725672729885397515,1,72b157e152173b240db8c6e93c6e79ec809aa57f3fb090ed91a54ec92c2cbaee,True
1,354,L23,12142163002648730453,1,2b92633ed5c4111839b41edbf7d6defa807f7a293c6e227f9d0744803436904d,True
1,354,L32,11754244129385320768,1,fac655fff0dcdc36af0ab5d517b784351d5d2a0473d699678ed7564a8d2c2875,True
1,355,L12,9270599312852420719,1,4d42041fd0ea6088408aebcfed021e61f907b6204dcb635d4fd54bf959ebb9dd,True
1,355,L21,16908251190765415097,1,0e9ac0d6aeabd0aa0909938e37997d28c26841d3b6f11261ff83584da06c1d7a,True
1,355,L13,13672286038927306831,1,47d1b2e695d4efe4fef6c2feb8b6cc5dad9dc9f32a13e41d7eca89ba5612828d,True
1,355,L31,12424946881332480911,1,132f615dbea7bfc08dff6a15780ffa85922e62413f82e3c0cd85299d57f7c6c6,True
1,355,L23,15790946395472806922,1,050e49799e5d9ef6a1497c0f71901598e696dc3780251d6b12817b1d7e6ef197,True
1,355,L32,17559638402718743648,1,cc7ff989e41e9aa7b51594c62cccc0b88b18d2ccc838840c14fa5cfc67c3e06a,True
1,356,L12,18445054667828829490,1,5d22c2e3cf6a1bbe469df87ab268cc66d583fcccd1ccc1246e063275b5983d96,True
1,356,L21,4462664050669714564,1,bb18f46e92df93fc36957bb75d82442a7ecd555a2bf25b884e06376055927ccb,True
1,356,L13,10687480499517626602,1,1c367e7d61dcebcdb03f888e60a9f9f5412a73d72014724e2507982bc50270b2,True
1,356,L31,9412061106113893193,1,40105e60897ebec465a97ffb180b6485167676e7163e209ea4b575af1f46b659,True
1,356,L23,3490579439578313964,1,1d8048d5764aaebadf7446caa83bfc88ae6a3025cc12cef3b0772766c6cac27d,True
1,356,L32,2465069866107530773,1,b7c9f4399269cf73614c59b87a7beda1f64493ca280ba159fa7f15c281d798f8,True
1,357,L12,12160840784901848070,1,f8fdb320735b35012a748ba7199bca979c05d42bfdd9f305aa63b153c05be0c7,True
1,357,L21,17639415527629385378,1,09348b0c06d0159367bed20d238a8b9b9d072e23a86955fabd5689e2fba08ccf,True
1,357,L13,8496410301941238176,1,f9b565cb8b0b1fe370415d97b7eb6475bb5a4042f9ff2d078aa9e05417b7bd92,True
1,357,L31,502480082852086229,1,e0cbbf9dba14eb753299055c4128213b9a1c8e6b955ba0c20ead7a854069d0fe,True
1,357,L23,8487559197605900363,1,031346d2a40663f4f22db95327635bedd7e4b692871f87a51164d442a7eb4bf2,True
1,357,L32,4168542704677320690,1,1cfd5c5badc53d673326450ad018d731e1fd8bb7c1ca44d0ed1b7ea785b1b856,True
1,358,L12,6729877264262738229,1,db227be5a1a01e31494e738fe99e038debbd1f618d643881c3c9deb8f2e5357a,True
1,358,L21,18253390419481072066,1,099f8731ba56ecd856af00da63d2875e08d241c86dbc486f364d1fb599454d9e,True
1,358,L13,2430291913402565088,1,6c8f7a627e265339b46107e034a93c1083a5ec058568ac56972ebf54a83f24e0,True
1,358,L31,4167679238111215514,1,01fec876d12f21eaec16fafa2aaa1b79958537898e40f623887eb240f6361a74,True
1,358,L23,9524286738579008683,1,ff3f2ad98691bee324f1c81a3758daa7705e8623fce3b2dfa5bb1177a680e237,True
1,358,L32,382588888117094533,1,5ae4517ae5c388b4ca64454134f1cf703d136bb4815a9d62331dd4f931410fb1,True
1,359,L12,13481390022630035890,1,4476c255d7ccee9d61687f5f5bfe184e08ab767ba0f0e58beb6f4a9315809bd8,True
1,359,L21,18187814243073741687,1,be05b6fa175ae5b88f8737a4d2db74aebfc5abd7b7f88d9abbe645b3678eb5b5,True
1,359,L13,10148179211723460025,1,3bfe577714941031fc89ac360f52fb72abe6c427e32e6baad5190d58718ab4e1,True
1,359,L31,10058091491834960827,1,1abae6b884136048952e3f5076596a2d3aee325aba21a54898f686c1ec790165,True
1,359,L23,12129395616836700258,1,cee0edb70c784526afcc19156fca87299054aaa8c66e77d1afca34ae3c4729bd,True
1,359,L32,7137718453433778045,1,e351bfb464466edbef9d4cccfd58acaa88ac2361c4287907676351a367bcdce5,True
1,360,L12,17635612733738677771,1,9faa22c6c6a47e32d828886788ec22e41449f6ef876dfc928f698e7373632faf,True
1,360,L21,11595542040296796788,1,d83dafdeb68f3dc8833782e671d1c53dab9814466736c3d6e95c07e884eaa511,True
1,360,L13,14182985726667704480,1,ae41fe106b64b9a696faf926767904e3c8dbc49e3cb0c8f7ea2e4ee8187a817e,True
1,360,L31,3171013627226954450,1,3fc8c1b5b2b87290084ff0780c7433a6ceda2f41879e4e681352ad17ccd659b2,True
1,360,L23,6313958965229662260,1,c0c93b4da561ea2c9c1551d8b1f77aee64a5657daa6d935b075447357c2f47da,True
1,360,L32,7675122872629629501,1,635709da4d4e10988a6e9d483cf4cd3503d701d36eaadf4475e6a737f8a0e4ff,True
1,361,L12,9352725896079906199,1,21bfc6c2af0fcb351ec9fc77ba1cdcc10c339b46442a7b28a7165a41566b57bf,True
1,361,L21,4154680928036184176,1,cf90c64a743fdef958090c25842ed5bec6110170387c35946b65fb2d6a8bd872,True
1,361,L13,14010494756852044677,1,dbb14b8d9ab21495643f153b57392c7796a627088c8b719e698c817b0b1ab0e3,True
1,361,L31,4912352726902266500,1,14fd18011248c78aa2c9f67fe4b57e9e1976e231bc2d415c60f3e5b94a44fc35,True
1,361,L23,3337579658037274303,1,4364b8c64ba5962b6f8f6ef0ded4a34e9fe41a56b80a9576402c57d8ef46c657,True
1,361,L32,15832727739092709953,1,141754c12257b77530d15a7d5402a70847ae9e9b3914981c4c413c961a32367c,True
1,362,L12,7113243098354038059,1,4971f0a49c41221ce6010c3c56e570f1bf9777de3cf58c343a1ee0c474c5da8b,True
1,362,L21,3996163624125841726,1,52a32de6b5f2d678089b6e3496adf20aece6d254357b0c66492615369d35a1bb,True
1,362,L13,3695829309559882365,1,5b70d841c07f53ea87e11805d60933252b9ebc2be1d1f0280623d95ab591beaa,True
1,362,L31,8581842709826212232,1,52112fb075cb63ab99556be96e1f76be9ea1a3fe0e81d7adbd82645e63b88313,True
1,362,L23,16003191670103634876,1,5ef76344f78034d85ebee5fc8d5c7c9a44f292b4da39ba4c990d2ad642b5bd21,True
1,362,L32,10865979330680392980,1,c0493cfbd412db903406f878d7ce1d2a978c532ec621c5c42480e209051cea37,True
1,363,L12,7082566119939637184,1,4202a68369eb4ed67fc71cd1ba88d1bd77433b068b0c5a5692dbdd34ddd8fd35,True
1,363,L21,16924068067819364629,1,e98aaed0489263b16b424fb9ef194d6f67ca7f12e3eef5cd6780eafbe1d3ae38,True
1,363,L13,8149186985576624323,1,8e721ed027d25b9220cdfbc1ac3f636bd1933963ef2065d071512cd0bb3f2dde,True
1,363,L31,2710459315677824606,1,4f1f96e6496f5a3a600cfa37a7d12908fde22ffdf78cc9b1737de1320250603c,True
1,363,L23,12077471299147287468,1,fbfadcb90bb8d229faede3e78479e67196f4bbc7b26c899a6b3763af75446beb,True
1,363,L32,1275235484003787789,1,83561e1d5c3c8420ecd9515b760de139141877d8b558f6648574bf3f8a33e250,True
1,364,L12,15726646315242726604,1,210add4c53c1d212b118bd3d212bc95878ae6a555838b1bad90d693ba4c0c9c7,True
1,364,L21,2388653813933313835,1,568d54a30d5b93a1df7533d4100e6a96953bc7f398bffbf161387c0ef3b8de85,True
1,364,L13,7615089940185892003,1,618b3f25ba64764aa0c803a5da625a2067ae4f8affc9a9277e079923391708d0,True
1,364,L31,14618235610467623811,1,2bc352dab163ceac53559053b4db99109e217acbc2ac8e2c48994ba1e7073ba0,True
1,364,L23,5395511230723811116,1,477f38642d01f142badfc666c33eee3764c1dc49e08d12bc4c3146c7065a56b6,True
1,364,L32,14120734657354464622,1,aab9ad9fd2ba8bc7bf14f32ad9a1e8f5b6e0d55ae946675fec02d21768596c25,True
1,365,L12,4646814426043517317,1,7d53fe8600d116d9be0dfbd4f9306aa92d4be7ccc54a1ff9675c0e5ce1cf8bcc,True
1,365,L21,16924453693137320489,1,69732f2ec2ea8fa32b93809f743ea89bc4a2635dd6f19e3f15d5dc8b8e658226,True
1,365,L13,5768211461832207829,1,d2ef0b7daca6b75a9041ffa9256782f72d434ea07a06c3cc350cd06314be869f,True
1,365,L31,12891910213886962151,1,6d323be4a3ef08d8eec234a63508f21401f39cd74ae121f850d3b7e33f91de47,True
1,365,L23,16139313690195610096,1,1ee7d42af6624667c5ebefc1582e0e4b630b674e7737ec9ad64b60eff2a8b576,True
1,365,L32,673157207972045331,1,ee941a8239b8d291300259273ef00a9ccb682efb3c13fcd709f97b7c714c9ef7,True
1,366,L12,15228519973496683977,1,9ee31e7faa3d6c8c1c127d084dd0de24fa41bdb79edb2454a4aa5dc9ff04a9d1,True
1,366,L21,8090770796760915871,1,fc47911ff598f00927eb9f63ac64e5354303307b0f757c25dfb535049e11007d,True
1,366,L13,12252807065735987708,1,3421762f15c0c78b4aa1727eb0323181ec28b721da323040b40995c1389748ff,True
1,366,L31,13695967927179576415,1,5617d91f0990147a777a2ce808d2c9a3f84c7f413c2bd50cd427984e143a3270,True
1,366,L23,602233804806911336,1,c190d2cec367b80b3184b0032c64f68ad8f6a03449cd5dfe199a58f57e0b027c,True
1,366,L32,955371530184549403,1,d3727ebce2111257aa33b5c8854564d15220876cbf8d77edd7343d33d68ab12d,True
1,367,L12,14046823876213711018,1,3bde9cca97a59d0db63cc620e14bdd59de6b4fc64658919b37cb2faeb68cd8d5,True
1,367,L21,1009978469595800531,1,18d11188996d4b6629fb882a51a9fa952c91ffb42ecc08954db9a1fb0064e318,True
1,367,L13,7952734434471809233,1,1d7a3d8d7ba248de7d934c9c457de4afdf5e8554d3e41d6823bf2c1d61d0b724,True
1,367,L31,12258412296532319295,1,4cb0e6238743399cc70f3324300cce1a508db8524c39e102930042bb6e9c92cb,True
1,367,L23,17972346587086874213,1,9524dc8c2ae5f3860c0c7c31823123af1390a720c0748ba826246a0e1ecbabd9,True
1,367,L32,385760205328782642,1,2b3d53c90d4acac45d975cffa946057e316e42b6466a78e3f8bead616456dffc,True
1,368,L12,17506132510657016411,1,808b258a1d4ed3e4ec6f1a7b4f2bd86523dbe903c4c954acda17119ca0f6e2cd,True
1,368,L21,11608383469475658670,1,8657acfd0451566da8dc73436f925f2331e5c84efa8994722d4e6ab9b32fbaeb,True
1,368,L13,1428952331413790101,1,b33d98ce293680533eadc2d5847faa952167adab230e7b692871eb54c95397e5,True
1,368,L31,1036127500998482253,1,a80ff643de7635195c4dc02adb9b5716f4ce87baf3e24b3546c420f27acddb3f,True
1,368,L23,682744588230782424,1,bd3e665126d1437a6d6e63cfc8ea236ed2741a11015a8015e377fe6e184ee313,True
1,368,L32,5937003182781334607,1,5d16036ecde4db551a1283f5bc17cebc404b07902d620c8363a4199ec39fd84b,True
1,369,L12,3114997413425127694,1,4a7bcb0ffd831acd468efa51a2b39ea71e0aa8d9f2dd47ff6342879186644370,True
1,369,L21,14215501588786243023,1,cd88d75d31991be0e7620b65c2987ce49e9fc0b6f7bba600c11c30dab4bbda26,True
1,369,L13,14316712734405876694,1,25e7a1edcda5b196728255a0525511bd221cdadd5ec8826ed8f4aefada779675,True
1,369,L31,1979144004527835545,1,7449edad38ee1272e7cff9d62452456d0277e0d7d94766223310d1c8624265ec,True
1,369,L23,3482285642993562188,1,e15f8a295edb664968bc107fcd5c9bfec9ce2e02dacf08e805dfad4cf6bb3a09,True
1,369,L32,13271576798186071913,1,8ce1ef4a9be0189d6c5e9acd47faf511b8257ef02c2230fd579dfba525385346,True
1,370,L12,2502766372074888977,1,e16bc0184618de8fc013b0a7934fe65beeb9c412981d4e3c4efadc831823bd29,True
1,370,L21,621951178324779740,1,c47801b25f82855e1f7fc42e5f51e2cb4fa842fac146ed3ec9595f31795bfabd,True
1,370,L13,5315832391425136900,1,b2014677e57e31e2c93cac98b73ee824cd1d04137f4f0a0c018f5c6ab0f0430f,True
1,370,L31,17246117777522827141,1,4684a5bea0b43554a6b00fb0382bc0946b27edd761f884ee93c7c686808aa7ca,True
1,370,L23,16718517927560578541,1,0c8eaafa33fbf4f408237fbfb02cbe52f6569651c78d11d40e7435bfbac90e0a,True
1,370,L32,14318726871778253111,1,7f345d63b737abae484505040cfd394d492b65484e4a68bb50b13f0aa4dd16aa,True
1,371,L12,6180172951347804821,1,8926fed785793e7373fe8368c86474f282c3b4c5d053def3a7a9b427b321185e,True
1,371,L21,11061285809384218053,1,56a8aa33ae8b36098055b45d7dc07c0365e793f3bf5eedf12de73cda997eb3f8,True
1,371,L13,372998914599694167,1,cfe1b63c984cf31935047fd126236b7d2d4e1529fe8920ae009f54895c6b5463,True
1,371,L31,12809550773210951896,1,387bf46c65e04c4c295b4d4f491ba2e9c1dd78577f0dd154830720b975f71d6e,True
1,371,L23,12219478081686155056,1,aac02ea49c06dabc670ddded47f1634a9e90ee261ab908d5eb69d741909bad22,True
1,371,L32,4400743951495573349,1,288bb3a8656bc588102246172148497a41f64495b1b77451c3ce2aa14f8cfae9,True
1,372,L12,14959707926248430893,1,14914cf535f31f330d97a16cba182dae62427fedd45a066ec09d9e0146db04e7,True
1,372,L21,7715109904203961519,1,1e65c80a3cc4169e3991b7aabbd578b1e66102a413f4d19eb060fbb0a7a8911b,True
1,372,L13,4993188499330854789,1,cd3c353b04e152fab70c61b181bd6bc1d2e3f650b216709f78e13b094faf747a,True
1,372,L31,14088739898872224178,1,4cfc347ae0129b157b9be25818d5b9435d1805d508b5574755c49497cf2cdbe4,True
1,372,L23,4246509618317634069,1,bd917b0994b0e1dddbb21a32f14643546723a4a4463a3d45f09acea6187ae845,True
1,372,L32,2043642312103269116,1,21cdb7817dcb45a71ba25725fa719e72e8f27b18fe7999697674eb8c8e37a155,True
1,373,L12,7758871052067254200,1,92a0d7f226977ff6504f70c9b33d7de763e714cdda14bd124129115ac6464067,True
1,373,L21,14256757098355259627,1,219e9d3bd29a93c66bb72771245672bd2c75e5866c58ac61e833fd5a46e3aa8c,True
1,373,L13,6736163681708453198,1,2f2e311e784d5feee1f595076069dd8d4653df08058b5b4b6bf09d0d03c29be4,True
1,373,L31,5114938470700879731,1,2f11285ae383db8b272a9edbb7575113b5c756700087de71e45bd1d8a7e5ae70,True
1,373,L23,9430860562423129586,1,b62243c0abbde610976e8a0f423f5fab40f23c68e66e6967ce932ad8cb6a594a,True
1,373,L32,1195724470217588271,1,d228f2918c3f9d22d74c7dbf66761000f78608ad9b0e7628008094720453d03c,True
1,374,L12,12367112971097028369,1,3dfccc01dc48aea406a9dad0fe223e9e9b3c232d16cb5750dc1e58a3d77cb2ca,True
1,374,L21,11970748944050482441,1,ae9312d1a68bf663e7f3b5f6f31e0d9b8020a62bb600b12fa4608e7ee376c33c,True
1,374,L13,13033265957826502754,1,51f4ce7ea70481be8b89f7be5ed158344e3b95852a2015c007c93dc175674272,True
1,374,L31,13955235536706781275,1,8fb315c19bd87a6f9a302de3388e444540a6aa91612276fc713d213639c472c1,True
1,374,L23,14515234316456490691,1,09ad26eb555b9887a6bb3efee980e4ff97c1583278d22b79c44b2a9857e88af2,True
1,374,L32,15808392741679651643,1,7010728e317ca7433012c1050b2bd1cc33888ef7f254669a168d2709e45bc860,True
1,375,L12,17839156934871395484,1,c35b14b6b17f7c92379cb85f466f92bd8951987b68c9c87c3ed062da30927831,True
1,375,L21,14256585497405406365,1,e4249e45f16396264b4621b8dd02ca2b943ed8c117704104f866ec741ad75a59,True
1,375,L13,4439651724467004113,1,6c04428d10c6eb007b022557d60e1cea4c9c24a029cfa4a19a096634935b0314,True
1,375,L31,18312169462921553262,1,71f2fdc93eda8df0aaaae33834a9a2c013ae5ca708e866014956f05b47115ab9,True
1,375,L23,5779368275107625250,1,852d9cd1a7f4f96312b1bad7d8f3aafdcbe5d677e9e0aaa8a6f47cebb8ee4768,True
1,375,L32,4049655352564519577,1,bf49c4474add6170ffc8322d7e0ea1ae1a1bccf5ea4f28de8e6c17de06b801e6,True
1,376,L12,16379082443788791114,1,ce47238eb767a648d8716e551c88b44045c4b23abc1daed6d686bec5416d1354,True
1,376,L21,16103881876109953100,1,3ee0e92bf48724142cf8359ee1988ed9103d49fbd3e54bcf227a113ac3b88c26,True
1,376,L13,3673305603122107032,1,bcfaa1ab95cba9bce3c3893e01d9e60407fa76a9df4aa6d9d5d07e576977339d,True
1,376,L31,2572149250795536789,1,9b3ee07b358daba4d9fa90b5a5253418727878e7fe05ff23796648dbf73483bf,True
1,376,L23,11501001482278230254,1,a4fbb5b5d05b3e1266496952af41a7a53284526c8290528e8871bf0229d4b24f,True
1,376,L32,4016435456211487331,1,de3df6743926c3ca9c80b5c8e35ddde8ebd20fb1e2ac9b24f90c7c57ac0d91b9,True
1,377,L12,11661582889025531975,1,4353cc2b1cdde8dfe1956919eb866ae9f43042682947e62116552b1838c82f81,True
1,377,L21,14762777241904334323,1,f6c7fca840e98235599a5724c00529329d66a7ed017d914e8b3cdf00a91b7017,True
1,377,L13,13052255464371587862,1,858a323cdb58c320b41ec1b79420fc7df95c2292a71af55c7e58cc13f1c9cd4e,True
1,377,L31,4320432011577182511,1,877e4f4dad5e2019a5e42152aa8089aa64497b2d67326afdecd1c26916f6a008,True
1,377,L23,8723336202187197131,1,acd9ebf397af77bbcd8a3cdf62573c5a63ec091495b3a70d9e4e331eecd701ae,True
1,377,L32,5271722054380144341,1,81439c19c90eafa4692db796370501fc217595b92b0f5728106768d7fb6a76de,True
1,378,L12,228534760110497702,1,1a0f0d233e12a183b2c9083bfaf5bdc5d7b55235e62879a56aec86aff814a747,True
1,378,L21,643652451017300018,1,0909dd29e57afff2b296b850dc26f58fbf81ccee728299e2f8a776cac7ed6481,True
1,378,L13,5515365016322689032,1,8f67ba2da6a583616d6fb6882adab63d2ab8068d6bb64fc9dc6532fa4eb57956,True
1,378,L31,8281355678958085299,1,50c22828aa81d8794660ae871789e60fc6104a54e8a9871d132d4bfc7dda972e,True
1,378,L23,14352381571412631415,1,3c9985731a33f384fa059ea3ff1712b3167c003d427fa28c96359da3cc6fc022,True
1,378,L32,17949838614019775172,1,4b1ccceb82966f3d03de1ed23e509e995042b9ff700be687f92b5d6cc669e365,True
1,379,L12,16544728674516748690,1,4711af44fcf2f4027aa96c2ee1aafbbaea2bef8ed66710b7a23250b1e071ed2b,True
1,379,L21,27760156506589060,1,af9dc01d2989e2ff39560a10bfb0e1a8f0efdfab23facf92e4f2026a0204b362,True
1,379,L13,11617242979225637949,1,1c2aff5fac65645cf8ab9b07fd3ebef04d3fbfe572b8c34216806e25a454b153,True
1,379,L31,1732614327491447984,1,874e0e99873a725d8a6df457404e4d4d6a65bcd4f6277984c00b07693044532f,True
1,379,L23,4052406911527000947,1,59293c35f670a053ac0cca4aab96ba3c5b8115dc3b81bf75a5af1c56c42dcea7,True
1,379,L32,8853597302570325977,1,554eb4094f661533c8feca3d466aa9cc3c2694f6105440be178405a0dcf1681f,True
1,380,L12,18147491526366614759,1,d9dd3200153d6c90eec8d598777ba31f898a9a09e8418bec23a33b321196e319,True
1,380,L21,2617008880861071409,1,7a868c731be9bfcb0acbc369ff3ec24aab25e65bb5e9fe50c6358149ae18d7d6,True
1,380,L13,16940967933664575128,1,983f33b2942eccb3ef0916fe8ed02113c2b4dc2247a396d1c2c0428088d2f8e9,True
1,380,L31,16220952386446832796,1,acfbbc915d4a343e4f0aa867012ad7f3523daf863c69a4a0c516816563605ef5,True
1,380,L23,17693682778068984306,1,0489cd24c69da479a9ff2a0f3f945aed07c9925817c57e1db0b259df96f24e2e,True
1,380,L32,17728766536750620965,1,ecaa8199d6d8d50469738404df3e3b7bebfcdf7226abee7dba5274b7b14551ba,True
1,381,L12,7847273423501434625,1,94bda132a8e3d6bcd9bba6019eb2b014bfea37f0a78d25352c680d87c5e7a208,True
1,381,L21,3374874317261205726,1,43b70f5b71dcf90b466a162aa4c0cd84f8ac39f3be5279514aea4ca4e7807776,True
1,381,L13,5839467329802171233,1,da9df905d891dad26b7bc2864c637738ffbf8c03d69dd1af748b01684b85d251,True
1,381,L31,5168146456405846264,1,490acdc38310bbae0e87402447adeeef12dac858172a9f275c947e2ac5ffc5c1,True
1,381,L23,4514791698282610161,1,05beba1052c87810106def6e2e5f4ca03115dfc82d2d59174b478c68f5c0c5ed,True
1,381,L32,3221971685154776342,1,9d14635ac8c479fc63471aac29ca4ac85f7beeeb62ac17e31feeb28a5a039597,True
1,382,L12,1619706462669538094,1,33db02e8a7efc4b1dab684c19e0b9b7ea44b958fbbdab9a8af8b5a06f370b07a,True
1,382,L21,13249340570732971528,1,2767961fc7e3aaf2328060a70c207aa1642e79c2d5a4dc661042170d879fd052,True
1,382,L13,5361718802169362645,1,d6592af6e36e73f8bd0651ba28eb604c1ec8ba331511cb24bd62b1e478ff9b1c,True
1,382,L31,8470607262434804192,1,5046208805adbbec999462525f23f2e0d67b6d24d8e7787096e6b7beb84294fb,True
1,382,L23,16558322295516129818,1,b5584ecb0dc182cc50969c95672dc1eca1f489d98c6c3d7ca2824f234f9efd76,True
1,382,L32,17436650378234382979,1,9ec20c365631e48cbfd4989e254dd61c4e7e22e487da1f8ebea871daab4b186a,True
1,383,L12,10753078019247676316,1,643c13829d4308873995ba17e3cfb811f7ac006fcc13b896da6ef12a81c89903,True
1,383,L21,15656858572611277536,1,7e01342b8c119c10b904782aa6150671439e1f3e2bca0509f93bdb5512957a12,True
1,383,L13,16963141041121677349,1,57bff092b4be576e7615723e4c89687a479cb013011a0fb157363546a1bab830,True
1,383,L31,11582495473900598578,1,0a743b8e00b62d2bd26b4e428caf12c89d84cc683292f126963b9a783ebf7b31,True
1,383,L23,6992184212676983347,1,33005183d3be1e3daa60003d89c9f51cb8ece07213bc0c5316252d9850a6cb1f,True
1,383,L32,18341032826816342230,1,0922be8f1866677c5d640f45de58fea2e3f31bccfc0f93669b7d13da9b42c445,True
1,384,L12,15745837604411489195,1,0777f153e550d75b19d8031d9c8d4027cb9d7cf51eac7ac84f0d612bed380360,True
1,384,L21,5358434426464955012,1,3943b0d3e4007ce15bb5e12a078ea9bde6dc7eadb4ebcb7cddbd58f5862e7d6c,True
1,384,L13,16780252865651445345,1,a7c747665b1a85b663d046f22e195c454c4e92080b322b48a81c71e515c7bfe8,True
1,384,L31,7806287778421097556,1,6260d95fc37b5c9aace976b1fb4f11fd54659841f0d3ae609cf825c46f46c74d,True
1,384,L23,1412778214853026175,1,41dadbc375c8191c34c2e62c5cb03071c892db73408b16919a0f9f5ac32724b0,True
1,384,L32,13825315623396422261,1,896a5cd203ddc65dc2328fcdb36779732c780efc39d5051b657c2e3e7ed632bc,True
1,385,L12,6217507016513190826,1,c43ff334f04c6876c37e3d0f115cde7bb39445b779588a82d9bf550ae7aec1a4,True
1,385,L21,13096025329663791076,1,b7712211e0bd59067d5dea66c5698cf957fd09b571d62f117fcb0df4abc46912,True
1,385,L13,9395226333956635678,1,a231c27c90dce7f4800f87ca9449ad7d0fd130148bc8c139ca77e99b764452bb,True
1,385,L31,10969884787400738113,1,4511398c6e8c568be1383a167f3a0114f4a6449eaecc5b4bb18fcf09418c41a6,True
1,385,L23,5452608749942428863,1,ff520c72d562d8be9435ea4db9576319dac6ed473547266fd7ede2791156b84c,True
1,385,L32,14483599494331421393,1,27e23c7a5e21631147cf480a75b9a108fb9ef9f89a06b4c31fee44fcc755c189,True
1,386,L12,2761922212005409869,1,1b27e881b5b34e3512ddc1f900e873a6bf768b69f989671fe6987a5a41ab0575,True
1,386,L21,2581295877179907710,1,dccd2c613727d67f159a5bc2585b66859ba1dfa29b61ee921e5b85581b3c3c83,True
1,386,L13,3382990210890779505,1,6e3d7a1169ab3b9be8cacf481390e4cb0fa66293dba05bf9e511bcd195095988,True
1,386,L31,9634753563683108799,1,913c5e20e178aab6ca9d6e39418aa438573358d36b16ce2f95879b8935d021a3,True
1,386,L23,2243351802432068709,1,cb7df8ace65f5f48f4759ddf34b218190488a575c26d234dea65b7b19bf02ede,True
1,386,L32,5376358597690853881,1,cf0a5fb45e781ccb1fdf84b0287e0aef944f4f76c8b7fef34876af195fe6d9ac,True
1,387,L12,8652490835809506891,1,b5c9e3937d450b9b5bd0ea3cdcde9bddbb3347df9a618247fc00e83e252a051a,True
1,387,L21,11936262329069054543,1,d2965143981437779ad851ad796ad319b25b40bce49b3e80b235083fdff12a42,True
1,387,L13,3598428473684747074,1,466a52a6e1a62b5852d24c5528ddc497f1a4560bb8fbe90dff799081276c8279,True
1,387,L31,8068627681425149366,1,881a065ba80c4316fa79b62ddf42fd9d85b96671c5da63089d0980de0d016996,True
1,387,L23,9402730309140588124,1,a6b1662e410c8044b5806f17bb8ce55d28016ffe3f2d724e4e4ca2d3a2c3ca2a,True
1,387,L32,17225027148786389621,1,0f666bd764d978308fb7f203685f0fb8592c98b394b8c867c0bf447ee715edfd,True
1,388,L12,17360009398137006013,1,198588fc2b710f8f5dd055a944c36dcab5857a5c300894e34489a22e976458fa,True
1,388,L21,18337934130370530122,1,252e5a143e0de66365812d3e1387c548bec3e43bb5c7257ebf9a86a341d380ea,True
1,388,L13,15703674854162111790,1,be713fb45cb588c8ea1cde54f80bbff2fb537af9f5d16f973dcb18f70d4f160f,True
1,388,L31,10909452916355417750,1,9303487ca1e69c6e552007a8e16780518f8bf5e5d3a0173d31b1a5852840088a,True
1,388,L23,568183858233190372,1,833908cbe9ac7eca0c46de7af8d18de6ccbad00a7a7e576863a6db4ac65e7af6,True
1,388,L32,3354856212358112517,1,54882f7c3e56d77a1cd9854e94cc8a952703944ab492f4f5adbe038e08919361,True
1,389,L12,10811403529055947949,1,6e66858e976bec79c29c82b00942cada90cf8efb20f7d2040e65c60c069727f1,True
1,389,L21,8311058929625729679,1,a73404501be8f4815cf8b5c0dde03596dca75c23d0163364df51591b3a5ce540,True
1,389,L13,1864440768607195425,1,5f94bf40ae88961c6611e80d194872931498044a69d1d021020a9ed73d101d10,True
1,389,L31,3374570513780132325,1,ca97e4e02ed68ac626ffebcd436a72c6980fb1f310386d175e9585fc4d2c2e2f,True
1,389,L23,7643828982819044008,1,e9985fd46e3ea94f76753bae5c950390067295fdf17364fc0c522e63d3fe3487,True
1,389,L32,17358084093229113920,1,6dc4a8a52c3044286523036e1880b49f4c2568b9de1c11c18725d0eb9e8cd292,True
1,390,L12,17848373824982432441,1,a3011271dcc13590dab2e770ee048b0f78d371f2b814a9893f846f86fdd6903f,True
1,390,L21,5587153247092769179,1,20cc451599731163049d0f4df6168e1b53bc861562e4e2cbfecf1caaa676f1d6,True
1,390,L13,17291936059442447169,1,26112ef553a6e99629b324c33c8eff0af2e824b9ae5922ccdba83caa41ba8749,True
1,390,L31,13487340190588741804,1,eed41fb961b3c3560228b1c46db3883fb749f3b9a0f85d0df6ccd3a0547b1773,True
1,390,L23,11234103847533464121,1,f49b4cede044cc274dd48a46bf47bd3d6e1f7e24d71512313ec8cd310a1fb8cf,True
1,390,L32,652813476762778445,1,2904de1dfe9da07b8804f045fee072c7dff2d4d2ba5ce19bda0e9825dbab9b11,True
1,391,L12,1372099692716346234,1,a2e4fc36a002144b2b2e99eed9a51e3710b4981bd771dd3e02675ee763b0d684,True
1,391,L21,13357540579012201671,1,076a068078ed560dcfc7b7c4bc0d1f9a4373482248cdb6d3cc84bad92e87a6d9,True
1,391,L13,11448890552783527877,1,1a160a1bb7b3696c1a974091474f9b6920f71cc1ac3a17ae8e3643fec7fc652a,True
1,391,L31,11191302281622691577,1,d2376545b9a3260d3f22e5af51fa7a17503b2af912aa7b4c373a2df21f5c4034,True
1,391,L23,18238875649595454184,1,b416b8f18c8be4e8c34116f0a4e453d6c1714751e3fa3a162b69215538361b6c,True
1,391,L32,13198221008465248634,1,eda2f563d2c070c2a4e83f016d3a712211f4c5c6145ca4f408ed709bec0b08bd,True
1,392,L12,3922977677931483818,1,c11476ac6da4d66f40bb3e5f8ae009ab6fc26859d715ed7782702ffab7d3e93c,True
1,392,L21,8925001989504730413,1,66288b05afc179618e065adcda750d1222aec24b3c1e499bbbc3c720aab5b4b8,True
1,392,L13,3290587387776628280,1,50a6daf7c10a842b2819d0789c517ace1d646af02ad509e02011e56c8d66805c,True
1,392,L31,16634894786427126311,1,c79269f1f2a4b5e32915669e4f2d2f4d2722253e65dcf9fa44f931d123ca010d,True
1,392,L23,3021061336910872490,1,da32be55052612e1c51f8581a4d45da1d9a5891267884684de3c6344884508ef,True
1,392,L32,5745601505083620294,1,262edb1954185c8c9bda47a179525bb59c47bc2e66e5171da59c0ba718d11cfd,True
1,393,L12,16988511147606059181,1,95b59908c6071dfb217fd552ffbf4cb1b5ef0f5593cb8a42ca7ad23749ecdb91,True
1,393,L21,3458484525214164195,1,67a6b6ecf1b7dcbf0b507cfbb392286c0e0bf50b315888cb1cd9367c52caadeb,True
1,393,L13,8620859460550677373,1,b107b8b76c86498587209763d85a9a75eda77bf47eef1d5a233011767c5e199a,True
1,393,L31,15759537346277520263,1,be2105f2ff74db4f0484fc00717554e37e7da6514d4792cb180cc4b33302d3b3,True
1,393,L23,5440428064262395084,1,2dd16dee6f9fad3ceb2cb173e9164d33d81a76e1bd1cc096667fc89f90fa8b40,True
1,393,L32,1726354640590030778,1,996e5e2495ac31eae177f51ef25827f56ad39ccf24810d614d90d067a1b82c44,True
1,394,L12,5587906551207987658,1,5da8ea72683124b0aa313c634628c36caac2093a6815c3ea10dd9c3dff0ce8f6,True
1,394,L21,8336622165816117226,1,52027624030cd9ce9c69f5cf19eb719ca1cd47332712a3c3c5e90fda586f87c8,True
1,394,L13,6808570783185522473,1,1f52860fc4dc7b0236b393cf3aedba94d052b4b31bc94cd037a71ca2e80de7bc,True
1,394,L31,9255550271124368289,1,8196027c52b7782429b3e7a22922858816b5e97fbb43acfb8dc3518faf8c057f,True
1,394,L23,11656166598639302476,1,ea5ab1bbe98dd4068de63c32e71c88d4d39c0ede8dd307578462750982fa8295,True
1,394,L32,5220140676541107318,1,8cca94e86b541c974dc4be1450f9a7e7e9b49e3b2faa2c9e944a7244e57626a1,True
1,395,L12,6804768838107918092,1,ff0631367c87c1767534b37b156d8e87eb1f015830bf5c4533494fbe3c2c3fa3,True
1,395,L21,18263653185572879635,1,36702f2d12c594bb3fd0398c8dd283f40e9f166c47f613f8f491d0a4599c155c,True
1,395,L13,8641882802756429267,1,31f0bd0c27870eb439aeac13f8a1cb5e91801b504fded43b0320448fc4022e4b,True
1,395,L31,3344894328567290803,1,be30e42afa46409f3aacba104b7611f5af56ea19e498beee41bc6c1f25d86453,True
1,395,L23,1545698212880452332,1,8c5b11cbc3a9d6da0ed91b31082db796d2a0fb199bfb9507e9ce81c22d001393,True
1,395,L32,16174592686288000612,1,d59a86b06e93d715c5bbdf9b63d14f6cdca5a39d0e0476cff732a8d16bf036ef,True
1,396,L12,11846211377174895972,1,934e0b10dffc45e3186c4dde760d45307b1ce3ee4751300214cbce1c1576c2cd,True
1,396,L21,2750163496117871734,1,adcec4d534cc23d4a3ec303229ca846593d9e75880e61393b730d4eb3ab2be81,True
1,396,L13,14982772154073532394,1,10761b7fe401732297fd90d355d6092637807ba1f841f4e35381125d0c866822,True
1,396,L31,8011051547557777226,1,3a3bde6aaa9caa7bc85b2669ceb95eadc14f2e65d5c1630977aaf92fb9525f73,True
1,396,L23,1749476681351559592,1,783bcc86111b3406e2f959277bc1b31fcc6438c8a3142aa6a38e677e28559904,True
1,396,L32,2166783412474139123,1,17db27e83d3ff9f1076fdfb3530791a0e5c51ad2a605c9ccf3c6841ccdae7a64,True
1,397,L12,8545315799529808186,1,6b38d8cf8f2b908d1bf56bd10572449e6a95f56907cffc9840376c85b5f53500,True
1,397,L21,9288044300392148162,1,4cf2fa9936eaa7bbb2d1500b2c92eaba6410b44c4e45f17c92b1254ad0029fbd,True
1,397,L13,13432639286729125300,1,c131fad877223c08478ac325cac58923380756987202b61350c3149ab2932e73,True
1,397,L31,1339709354923765930,1,92dd63ffc5d6a5809e02f683c6b746db3821c19ff440b7eae9d0ed2e55ad44d2,True
1,397,L23,2978978754920418549,1,9265e060bab105353cd309b2cb884336ac9b6209bef2c2f14e7b6774445ee70f,True
1,397,L32,1709117860700680891,1,65c4d11b9abb5f345e1630498025a1631074b8f857a5f17bf70e11f07a8f74a1,True
1,398,L12,8281450469105332121,1,7a0a0cf49f302da4a5e2fb76bab84e80911d7f46eeca2d8140362cfd107fb1d4,True
1,398,L21,7017409620101578294,1,cda2a2ec10f42fc1a5555c5a9f942beade8e792de05d543a608a1ad0f2e74bd8,True
1,398,L13,11204137537175290868,1,1240842436685d20bcf9fbb1391e031f093cdd7eb73ac9c4d7a0ac5089662b18,True
1,398,L31,6796487195839656741,1,40d60ccbc53cbcdcd312a588b3d6b30c14c4976b79b4cf6f9051c652b343fa34,True
1,398,L23,15835062461048574995,1,9cf01987ec2f0a060caf7809466e5cb3c6c8988b75125d0ffef8e785d8c105bb,True
1,398,L32,12510042692596009983,1,989d4a5a5749fed1404d9edf443b6cded65fcdea0a55b35fab6a5c5b64cb00c6,True
1,399,L12,4211825623959078049,1,ae5174118edc00ee0f5c880bbe00440ab5481f06e2bb0d6c59500a2a27b4d234,True
1,399,L21,953867372744511705,1,7984e57c38c68c3071c81ec63cc4c146793996fca6d261fa5631dbd565dab780,True
1,399,L13,17063443701022649872,1,dc85cbfc96d577b13a4e7452028862d4795a653e05b14b70169155d7ab4c38ce,True
1,399,L31,131012642711452540,1,9b50b47e453734ac5194baa819049e749225f7117dd3c2211b5b4859d17bf4b5,True
1,399,L23,5700308904785621619,1,37dd3b6843125f6a68271c0da22eeb8b7403dbafdfd343466c7b3b7cc39585d9,True
1,399,L32,1116102210395603928,1,7f2d03b20ef52701274797fdd03b2f4731e50f32e08331e2c8c2447680ac2fac,True
1,400,L12,12770343786456189130,1,33d5c784eb05e8c91cc7a34e1a45d51bdee3faef0f1d4e9ce80f0b0f30c3769e,True
1,400,L21,14638637793872813136,1,5eca0a98781851c3899f72fdc60813b01b335fe224fa2c4b3da12c7a68880042,True
1,400,L13,14236813338800876961,1,8f864b1b740ad96fc1b5251bb4a4d409657a049b9e8537885f63b5eb8347ac39,True
1,400,L31,2337639917813553344,1,60712016b6cac6104ed41d369481adfd11774c334f70346368cef0947d909423,True
1,400,L23,2808305955543435989,1,646555fc61460584b6a7045ac13e6ef59f7810bb2dc3138f1ef1dac30d78bf68,True
1,400,L32,10134771399372253684,1,703a7158bf9a8a339914d15da509a1632347cb4c4adb64ba5cc7221652be491c,True
1,401,L12,1705536583440514643,1,e5ad6825d2611904aba5f1e863b899e24e32c6b67826d82ebc3d70b6802265e8,True
1,401,L21,16141137887837615941,1,eb864f853ffd5ba2a89762f0558d48f9bdf01cecd0384ab8d3289b5042a676ca,True
1,401,L13,12722536756198678972,1,e2c881fe4daeed26d2d55660223a16b9b426078b0fcd3b92c2db9b2d30ab00ba,True
1,401,L31,10454108976265527986,1,347e2511a0ce5121e8b544c292b98ee148df361b23d147ae3f43d6df7cefc1bf,True
1,401,L23,4403008057223475874,1,9723e0927661443e645a9cc3a0674e89e60f37783ab29ff95a45b00cb6ef7dec,True
1,401,L32,17799364919476743971,1,649711049766add487b89dd51e5693935750d22277cad1952269f7ac07117e93,True
1,402,L12,8480432349441232503,1,46a0bd76b0b341e970b3d637031fc0a3dc5d5c2ff4d1b1d63b9c619fceffcfbd,True
1,402,L21,12507050360900352907,1,83f0979baf8dc70dfde5ec2eb4aa31857feb3313c59d24b3fa722bacaa656db0,True
1,402,L13,13403554153442821718,1,e2abae85c8d71173601c43f8fae59d010a851823395eb2635364436cba4cbc3b,True
1,402,L31,10004016324247790648,1,f9a9a5bdca54394245b96fbdde0467e6a02ae1d78c4674d6c3494b6f8489a807,True
1,402,L23,15860170857065218681,1,e624ffd8ebc7b1f65fc52e34bde950a7a1178f135000c56d46340a2c03c46367,True
1,402,L32,18155565719785588923,1,af5b30a90a109635b4dfeb408474d168d54492a2faeeb0ef79be0c1e3fc4dc65,True
1,403,L12,5534785414551442643,1,408130aa34c09f07ac9b2ee79326259617199b782521425c36b74ebd9da5364f,True
1,403,L21,890184378484722206,1,3b6623291566f9cd08fea9d1804612915d632daa200245b3260c893317d21139,True
1,403,L13,12121014765304143238,1,b0c0321659a002ee8b89942daabe3f1ac52e3451b24371546ef7f12b86bb97df,True
1,403,L31,2581741103056496026,1,ce1be191ca89238b1f10fccdf9de12f8a32624875b28c1c77b098312e598f598,True
1,403,L23,5398671286818431060,1,bc82dd1f6c9adc904fa25d1d336401cabc4f25df36f0a03413ceb00d580dd005,True
1,403,L32,10748220956020163643,1,6ac19096946e40057e3d4976204f6ffef77f5598537c97746ed307d459eaa2db,True
1,404,L12,8059961800363960619,1,dc831cf0771beb03e22bedcce17add6827bd60035d086c8878311ef1a9826746,True
1,404,L21,7968914669574058790,1,59aa796b73d6c8f886df3872803dbc8d8610f7bee733c143b30d3c3fea0f08e6,True
1,404,L13,15831316127704034304,1,e8d6a197c28916593f116704fa4ea08571a5835a9b84dcdcc164e71209bb95bf,True
1,404,L31,4836551448521483999,1,d3a4d914e2b4a729abd6999c598d87a4e1b12842bae7b9e8f3cc2a2045cf4b09,True
1,404,L23,39368350321317295,1,01e8ad1498e02e2a410566fecc92b191feaf822ccec2ec0c0cca8a486ac1f0f0,True
1,404,L32,2222825100002318683,1,0a7ecaa9dcfafa69af27ff065211d0aef9f9933d9f82ef87c352399880bd1a92,True
1,405,L12,1963093620900989097,1,b6d8df74cb78d9d0465dc8d3d7e55a6c57a53ce4d97bb7f04ddf62bf6e05614c,True
1,405,L21,2970851927873729094,1,70c1af759cec93b6c7ab0a0716fd31c67ce21bead41baf571302460853ae9b7b,True
1,405,L13,3903278036099303680,1,c07f5d4028a2b4076766a59ef9a0a30a65b9a83021e3830597a9b27e293a8831,True
1,405,L31,13836159291386239223,1,f541bf48c8b7655945196b15fbdf05e27de577db702307d9d4e14995b4e6756d,True
1,405,L23,5723553768833064356,1,64c4192f939a3b4eef94a264bf5c5fa18032f5215c001743c7913a8cdd163ee6,True
1,405,L32,1727738876367859865,1,b77f06197ce2b3a6c13a38d76f694887c167464f78817dcd364dc910723caf55,True
1,406,L12,11782749793440084124,1,5350043c12f609a5b58bbfc6b366ee94b4fdc8f1d0d86209620331b79b0681b5,True
1,406,L21,9885508362098535532,1,27204906015342377b1ccc71db48b2efca18170d52e6e3674421ee1f85821900,True
1,406,L13,14661626521042960866,1,d1788d554370b1370202137e3525c537cd2f2539cce986c209af90e42f3dcb1d,True
1,406,L31,2492155146370301523,1,7eb27449f109eda00f816f54cfbaebf3d1dd684f30a2cacabe56dae4a89fd4d2,True
1,406,L23,3621229831263640809,1,b9958264dfd99cdc87fba5319f51e49b37ae51ad821b58b11d7a04aed59c06f9,True
1,406,L32,16870573431437573056,1,09170c457731f18f950549ba08486ac698354e5b4ed3aadeb3b970627437bc02,True
1,407,L12,5101480361318668017,1,754c903ff34e8cfa4de98a8a01798e29f074132297b4cf3178c02c78f5343c98,True
1,407,L21,9860539790008554814,1,377ea04f9805a8d825c0096027d1c9363c5f863e42ae156811cfdd4ea2bebd66,True
1,407,L13,2891137231803292667,1,b984fdd8f6ead79b614417fed1c40a56c01c6bea9dbba92eba7ff62660f5f8b1,True
1,407,L31,14880736436891818389,1,c73f1109fb829cf2b7f4c1478e67eddbf2ccfd23bdae751cb73e1987db617f64,True
1,407,L23,12163411106451142542,1,5110e233a7824b729443460041ab54abfb0cccacda2355d5b18f71e4661135ac,True
1,407,L32,3939823579174440662,1,90fa9b2eb4b7bfa924a01f4fbc1f5e22737c83f16b3c9272ce580a627a5bc0ae,True
1,408,L12,6062754121949770728,1,cdf30ded3931bc60101987b620db91cbe5cf7d8aa8de7907c58cf941859b6671,True
1,408,L21,13212806141356484329,1,af7f3a806aa5768541471d62139a60fa18007b1cdd47f608c123e9647db3cba5,True
1,408,L13,5692813306996935611,1,ade7d35ada07afdfee867013f12925a70235469ba8f65ed0bb145a53d7005955,True
1,408,L31,4535704008706493932,1,6ba365ef5b4f6c9d2de5179fa488fabb8ca306513f2fc8ba5de76d14131dce16,True
1,408,L23,9386784466640555982,1,017cced14c15eae26b094ed6f8528936ff94789da14cb217a631ea7d7b528a14,True
1,408,L32,1476592563220897878,1,55794c0b6a2034a9ba2a1fa089d31e61d33dcf347ccf3e56b15b8253041c2444,True
1,409,L12,3261779603432368358,1,d7b3deb876485380912ee282e24192cf2b72c69ec58ba7e10f5cbbd49adacdab,True
1,409,L21,1793800785372879449,1,0572cec9f6d681589dad4aa726823ab1cc3eda5e74bda57b056b278afc56b3c3,True
1,409,L13,16296072449597701897,1,edc07a6367d689350324c44c0d7589cd96e5d411066bd26b23e918dbca5bf07f,True
1,409,L31,3955921605037764675,1,4f2217da31d1c3c538ea96f52c267135f1edc2d3beff95aed3f5e16a730a1bf3,True
1,409,L23,6837935803937664999,1,ccc2591729871d643fd14d8688b84598699aa81028c6eb5e63e7a92a43425c29,True
1,409,L32,6928161164581203851,1,91e393234e7192dec45981845fa9acfa27295642c61850f09e37502588602418,True
1,410,L12,6522033332190083651,1,6066fbd2cb2df1c8a0db20419fe513736d7cdec5895331c88c7ef4585ff10be9,True
1,410,L21,5385715139086621667,1,3b17784eca8a36b14a9400087ed13c77c4c2de5dd838c40870e9cc478c22e910,True
1,410,L13,4507533539220570320,1,d2c251a2868dfed98fed9843b0f4c688c5b47e826abcfa6fe131e5007a9adf79,True
1,410,L31,4933974522213800424,1,869726c2beeb4082113564922b8e63ad84d7a9ed0fce30c18db696c4ceb06472,True
1,410,L23,17674881321088390473,1,95d82945f961187d667ba2dfb054224603e5e526957fb61f680230ba32fc4771,True
1,410,L32,15556326521911936062,1,92f3edafe2a63cfa629a109aa7a2e12d756ff873d6d7edccbdeb4e7d774dcac1,True
1,411,L12,10924745097413670421,1,9a477e3c06513400b970a83dba5feb801baa78a755539447f1cfabb8de8468d0,True
1,411,L21,9608299471266532962,1,66a6d96acc284fded87ba104218e90ccbe3f568a764a82437030ba4f79a51a79,True
1,411,L13,12249488647104059646,1,7f069398b687a47822dc7ee3805dc212847998c7656fe897517da110f16dbfae,True
1,411,L31,13225497704101588000,1,56666b377dbd20cfbdff7beb14e52e016ede5a5b87477a6c177279f85237110d,True
1,411,L23,12721201710298976111,1,e6d8239208a7957ae2fc22f104f63dc3d96aad5c2607366b50d0e31bcac0857f,True
1,411,L32,1604687665148568513,1,6026b4ac19e44c42b94eaf90b1cbe5cd533abbe1d16ebb1db19583c9c08f6cd8,True
1,412,L12,11429427431870385301,1,35938f2d18946acd892e1889da2c9bde5e69e40826b0725fee7efe24d2c566aa,True
1,412,L21,17215010218123704816,1,7f450820247c2284df2ee9a1bcbb107f3c418b827d60cc692d411f280ceb5e9f,True
1,412,L13,2166865681728965864,1,b82cc2522c6b5624ccb14f990d1fb985363700891f3c6100af667ca37c7d56b7,True
1,412,L31,18296071823410781808,1,8338e5869e2dc20093c72bfb65cd9c18efe1f4ee760f129f9ad7e7eb1c7e5360,True
1,412,L23,11204034064610177235,1,f8cfe80c8262bed16d87687755e8cd0dab4f324e534826011d90e5f34fe98fc5,True
1,412,L32,16431726397391606751,1,e2c066197e8d3f4fe558cad14aa06dd9b8767d978053e0a2f0114369ad47c628,True
1,413,L12,12611094352362927489,1,b9894797afcdae361ecbfa5e3bcca7c21fb05b92f6be88df1bf3451e0701d0e3,True
1,413,L21,755680823733499726,1,764f9bbae340167c12de9a5cdafcf1cefb959e16a55ae079b14800a171661b6d,True
1,413,L13,13794073861183653372,1,72cf3d3c1a809571ef3bcfac509721db39396190bdd515dc44eeec612a9a298f,True
1,413,L31,12890409915472553571,1,1334a3a139410479a8a3e6c33cb2ce365e76801895aa378776138b7778b7cf5f,True
1,413,L23,13794382249202789975,1,b4faba6d899a066a1a3649c894c3e7fe5832214f4cb83b74c83fe00035f589bf,True
1,413,L32,1966115069234749382,1,121c351827a8ad750d524cdd5d9d2838a7dbbb0e6e3c81cdf0e6dd60b924270d,True
1,414,L12,3244675740267847851,1,86719639cb02fcaf88bee6cff09fdb3addd2a0540021ff642c0af8c515f6ff3c,True
1,414,L21,2931470673300271373,1,12b54eaa59bce17c8dcee1ec4a3ce11366af6f26adfbe9b50d81e237188270c2,True
1,414,L13,13297467060139858087,1,c9726af44e11e5b79aee4ca660ace1356b3c6085343eb9aae2b6856a60187f41,True
1,414,L31,15787136849854021639,1,f92ccaad457ce90fd9fbaaa4be6bf1911e7c788d3397558f00a2d013094932ff,True
1,414,L23,7016636231687662524,1,8c3a5c7e9e9042aacd42e8ac7b566e34a51da3ade6551350e10c7d426a3d02f7,True
1,414,L32,5525247004600587623,1,d447f7667510cd49d1dc3b60886dc615b7e72c4453c4fec36d9f3901bb9e0485,True
1,415,L12,8319628304178290732,1,120c99a3baed01d5a131ae823413c386d8c63862e0794b14f6625d5d03ee8407,True
1,415,L21,3023261909495730026,1,fedd41523b925b2edb43cac83ae4758cf5c2358b6d8f7f5987fa9907bbd43948,True
1,415,L13,9907586840924998089,1,aca3e3e59e7453d5c109ea07838cd2598da5821115636e84bbfbb8c9a99ccb66,True
1,415,L31,15040109124552465099,1,940bef57179e5528a1a0d2c902871c165f9dae525162eae03de0c9d349d8f8a5,True
1,415,L23,1589777276430025835,1,1cbfea2a0ab103bb9755bb03dc63451d40d66d3ee9f5ca0cdfafa565f3f5b9ea,True
1,415,L32,13530033290627285929,1,1360da0a47389f2e3ceb63e80f6ea52919bba2223d2737c6efbf898291b5a2d2,True
1,416,L12,13385440600867105179,1,3d225da737c49c8d56ab90911ac35c469685ca8ab536f1a358dedd6b4ab591f1,True
1,416,L21,18008609393235072981,1,8cff2ddcde2e3593e65209881908f8847648284aab630a39369b77b33bcd93b6,True
1,416,L13,15041517736726644382,1,cd99af1694c125cf56462a80e862f2d1f7a4e4e1931d65ed46fc1a6650f0f928,True
1,416,L31,208340271307031265,1,a5340d626b3dd97dc2459f0b010e11d784dbd4f05fdc4df5e916608d6440bc83,True
1,416,L23,12545844464756033118,1,9bf0bce8a030972ee3396cc1ebb24fbfbe9dd96d2fb8225431b984ff8a13c538,True
1,416,L32,14780092472934448253,1,66290df9416f306fc4b89167814208e0a37773eab8e2b1bb6480de358bba3fcd,True
1,417,L12,6980126126495439735,1,90ce909df50db8b56803930b5837391f7cbb79da4c15e04bd4095087e5a6508a,True
1,417,L21,12879714525533587643,1,f461f5d4db101bf4c1fd8e1bd08db0b50e37db04f43836249bce7b78b348c15d,True
1,417,L13,7010754793599535621,1,3952a23ba215294134d25d3752c76bd32689436250f843ee127fd757011736e6,True
1,417,L31,4715162160168963149,1,921dc0ff978430736bfe4b197f17e769f08aeb979736569712d8a5f16cf6b171,True
1,417,L23,8067901638842003115,1,8800a53e04a11fd2ce0b341d7fe74e9d54d30641843964f30ad8c5f17f4853d0,True
1,417,L32,16474841103630969651,1,c26540625caea98ae0bd8bc4e98f315e89344f9d19f40226aa56d27afe6001d9,True
1,418,L12,12729008515295807936,1,ecc00681396610871da0dd70c00489ace4199bc82c3fef0c077a3692978e768b,True
1,418,L21,15648638166206262555,1,9ffb59bc11677b8b0c76ad1d18361f33d409ab104d0cb88d9de88dffda98fe3a,True
1,418,L13,15534947011445438532,1,06d06bb81e410635c03cebf849d89d98e0d596b1dec941a70db8735349c6dea7,True
1,418,L31,7831341897661035647,1,80984ee3aa84cf376aca156024fd4c91f7ac2f584305127df3cf5a7831995926,True
1,418,L23,396220423423351065,1,afd2a0fbcd647de01417bc6f7b75f017f3d8ba4154a16df62e6d9c1880613d55,True
1,418,L32,6011690777038882997,1,ef0a4f2a0912645fea31d078468411837f9922a3982ba8e6ef794013e65d7295,True
1,419,L12,15351736292416214104,1,0d40296e723cf40d096f6c21b92034f79db8380df84ad023f8ff4e2d71066fcd,True
1,419,L21,13553421177705756086,1,b060d9d1610dcd96426c174becee85b4ab3010fcdc86fd9c7ecc098db78f678c,True
1,419,L13,18078808124110991700,1,d1440291e112fd98c0fbe60a08b6e4bd05f7354e49f35b451d2baee3ed79bceb,True
1,419,L31,17601594087856312323,1,09b09e2ea5c13cedb5c716d193ed378accc2d5f69d445bff70c6756c04b23950,True
1,419,L23,6808525663683466930,1,c4e3e0ba06ba7c8b324b277110c53fb0ea3029a5d24e7f935ec31522267ea0f2,True
1,419,L32,11391885954208990962,1,340ff9d2cb130498ee5c0e39f5308ead511d3d7ec0f7500ad46eed80e00f2384,True
1,420,L12,17406596815311056876,1,9f422ad9b16b77af91328cb94f21b82a0c891c142a8534257dab11c249bfbfdc,True
1,420,L21,6874133520584311702,1,bf2feefd3d49f0e20b45e28ee622401ec18d20dc1e7e517b075c01bec6f9a4de,True
1,420,L13,10743739652814578013,1,8644451aa556b472e157a85174e1aff8f1eadc31bd5a5f8a7c57a00bd73348a4,True
1,420,L31,1356027476433097210,1,80e9ced8d0d25710470fbad59ed545efb7b3a10f7c8fe4ed5afcace8608ddaec,True
1,420,L23,17459882926505733941,1,d6d35ea5d09c6e3c0994cbd8310e03bbc88187f96637ab7de9fcb9394ca98acf,True
1,420,L32,16263415513978562160,1,9297d347726e1e9cf753d234e8e15d1ece6002de725d5e829025809999ceff7b,True
1,421,L12,3140564946946608020,1,72f6d6ff3b3c6d42ba608a9f18776bb27c6acdf2f79d21f2a6b91e35c07e1063,True
1,421,L21,11531003135283801870,1,5ee4a0d14fa0121f9987e4d03eda6940809966e91d786df4ae42fa8aa274947d,True
1,421,L13,14305571043584838945,1,6d8b7e604a92150b89f2ab712a656a080cdb30a7e1a1d3771a63af7f8c406edb,True
1,421,L31,1993496980625381369,1,920806800f631b8c5eb41961acd8d929e43aa9c114421a393a3f84dd2588fd98,True
1,421,L23,14505193171090810938,1,ecb9931fba658300cdf4e623443d3554ee793867871ff76ae4cfd27a47ce65c6,True
1,421,L32,13523665088183224954,1,818635c7a600cdbe3f04f801d4150566ca206a65fa7dfc61493d03ef18c7082a,True
1,422,L12,14547362429475800659,1,0e4a2a3ba73fa5e5d6b782f2f70dd8b003bcd8ae33b893ade8542714965d5d9a,True
1,422,L21,7025133927467781322,1,61329dd9301844d18fc114286a5183e0572960a610dcaf6cc68d24d323520b1d,True
1,422,L13,12084227153724899103,1,bb16587495a2fbc003fe0567e6a693afc7ca5d944177925419da16b315d6b233,True
1,422,L31,10012094298249998740,1,e3de477d1d2703d81ac58a0eb365140e1ad1844a1d17360e30322b810569007a,True
1,422,L23,13196884230351182242,1,08bded372add09dfdd91a4f65bf16941b83568d00b905350f06aabe2054b579a,True
1,422,L32,4971325780920888186,1,199c92638d0307ce2046f3596d052410a708f042058fe20d606694ae2295aea4,True
1,423,L12,2850752081918934403,1,e61be1637117ec4e081c20bffbe3388c8bc32b048bb8fc116ce412c625fdcdff,True
1,423,L21,4925484292343306656,1,04d27a6e1f8a7bdd94e91bcf8b7b3eb9e72c46a877a9652b2a084bf0b8d630d0,True
1,423,L13,4791546010591025313,1,a9c6f5e94970804f74399f18fd1585c45eb734eb41cac946a491aa0dc1a01def,True
1,423,L31,9140992004095724139,1,314d572b7a570ac4c30fd0ab8442384fee542c9e5cd9e994ab1e191695a72890,True
1,423,L23,15741823923346797413,1,669c5efa1a6a4676f3d93bd25ff2b4a31c67d3025a4437a75da07019844e74c5,True
1,423,L32,7758366872822329050,1,d5dedac5318146b56b41336234d1c25665f88d37ae92433c1c11d1ab9933c8de,True
1,424,L12,8552991279876741155,1,3e2ba2c5ec345faf89dfd2c487e3921102f55d187d212087b2af747f91adcfe6,True
1,424,L21,12839015782873471824,1,625a766d8465d80710f5cbcc93fac6c98d4706f66cc5dcfe5aa96936f51f0c4c,True
1,424,L13,4726406439434337158,1,36e491dbedfe9ddede36844a7f4f06df28645daaee6ef06e44547e9d9c766de4,True
1,424,L31,15141199653534912341,1,c07b9adbbb57890cd75e046522a43e52bf77c2f4cda5d3355bdec919582d9a45,True
1,424,L23,4672745239691455715,1,8be46dc34538e0e01bee05de68aaf15d30698136a9d6128fe4361dc4fb073958,True
1,424,L32,3434580941664537125,1,b56bd72e63f821f9f10ac3508a5db52a4517a4e66d43a91d9b55c27369139d84,True
1,425,L12,6052241992578425724,1,5cc78d03e08f4d4b8d4d4fb3a81b701bb1c5dc80d59dee49657f7a93d959930c,True
1,425,L21,2126991243134771337,1,656c551e651a339933f1071fc3a6da6c8dcbd8ac462a55cc9020bcedaf894308,True
1,425,L13,9490058625431690140,1,6c153d0c54c009db632ddb42fa4c01ed46aa2bbc5ca5924e53b52dceca7e4c00,True
1,425,L31,12291123599438242975,1,82a42f0a3654d363af2506ad00d14603e5c4f90691bd0336ebdb7254118f8e3b,True
1,425,L23,1680776490663477029,1,626fbea9692c9f7df70e2c6763614335da4a9a6336604f169ac34a5afc55f5e0,True
1,425,L32,2520967326079299069,1,7dcf55c23b3c76a66ce51b91eab6ca3f320618f4a7cd6367afec8e95ad47b154,True
1,426,L12,5810830495154193078,1,fb65c3eabad6deba1ab0df557fb137789883d7411f78c19f5ac783d24c6b82c7,True
1,426,L21,8708094557770065423,1,dd41910e1749a6c0ec350f60b3378cfdea781a2aff901cd04db0f437780aea31,True
1,426,L13,12510776953593162679,1,c390a1ef14dedbbcabf80d7ae386deb30b7ed0026407a3c2de082863dc704999,True
1,426,L31,2323511697830486544,1,b0d1ed8785d70c0565e7b8be32186e08c56b546dc5b3b3b866a25e5581be2434,True
1,426,L23,3833625874336424701,1,e47df578f8bcc998906403b9d897c0609d6d8c07db5cbc20eade59c8a32c2fa4,True
1,426,L32,15699031084452628436,1,d4f1cd80ffc162cb1e27b81bd59a4ac94cb38b8d37148e54e6eaee7e9e314b2c,True
1,427,L12,5876255348004331296,1,e9365e4459e61f7938182a7b18a528a37d665b7d899bb2e1122a0f7a4ed048b4,True
1,427,L21,9626903500745839087,1,9cbb0d8b5102a726320b919a9435ea8ea345a06d1d4d73b88e0babe0b78b84b1,True
1,427,L13,2324753507603439416,1,0648ce67e6fbc67fab2b44cafd33dbf45fa4df552c5c0b43ffb9a7a88b81318d,True
1,427,L31,4981959925621285470,1,6cc06b5c7ed3a0d1e2d697397ba95f0349f39fb352c803268cd21b74d5a05cd4,True
1,427,L23,12452477606083675999,1,b981135863b7b4bfedd15204f1f28288a4a8746e0b1048f4418dd2b237ca6285,True
1,427,L32,7330758997736485093,1,4ae7e7f0e46129cf6416dd8d4e8dfff72d469b927b3125758cf8880b2dfbd12a,True
1,428,L12,776333288925111115,1,4bdcc21ca5c93247499368c1fa720ef3cd81ff84f87f88f4a3fb036d62c4a00d,True
1,428,L21,12499100777655461132,1,e749a6527043fc378c9aae628345237e594c950b8c5a7636694dc192008e16d4,True
1,428,L13,13913907905741968137,1,c967f265d673533b8285663c3b28cab3090235fb358da4e6e160d2a20b879ab7,True
1,428,L31,8401984344735184692,1,69c2198cee03b41c1a597d426b9ed0ec8ee6c83f3ecf231d4f8f950862499ecd,True
1,428,L23,6296979149011823837,1,c646ba2b106f28483321727f4fea0327d033e6efd9eeda1ae5ab5d739b26b67f,True
1,428,L32,17484512432555998652,1,731ce8cb4034c33fa6336f96d7afb1d7fd9efc3e92e171b70c4fc4bdf56d643b,True
1,429,L12,6969347970270782307,1,2e3339c4f6efeee7513e6a46c787539939c665bcaa45ac03231b58ea19a0d582,True
1,429,L21,4290694763690160304,1,d21bd8577201dcf31b4578a85aaf1b0dc421510906df6e77273ab9ecabfcb8a1,True
1,429,L13,4801149159518244565,1,33191e169a0dcbd2a1b643a088edfe58b5d37fff78f0510d05d96c1e82afbcda,True
1,429,L31,13215248739560191503,1,f3dec88745e847551d51bcadbbb0c797beafae2f3f348d631b98ee8893f6b5a9,True
1,429,L23,7196998123600541253,1,560f6a13d431749207beb8bc710b610153a9b5650d5c62fc9949e032bc8ee438,True
1,429,L32,5073647738681888007,1,23c52fa4e19400acdc2f638b4efeabf37abe65b02c80e5be5e3581ed57dfa0c4,True
1,430,L12,10858990940262093259,1,d04bf784a85e11b2b30929e761f281751aa986ed1bf58a26be18910077096d80,True
1,430,L21,15955273696856600220,1,2e8ec8118f031ab61db476630ba57ccd0d7bb08d5c3586ea4f60c87043e98403,True
1,430,L13,9955088732555121750,1,008cb4ee144da83ac325037883ebe72dc019f230235604ce197fef6df1c2219e,True
1,430,L31,11841664910163467114,1,f8a2e263f478167f7fe54abc5a59cd608a1b1d575a1747ab9f69f9bc7896213f,True
1,430,L23,8149500361515917633,1,61eb309eb753f32c10dceb12b2058c963e13f10a447e2e09a0709137650c8bed,True
1,430,L32,6068284701829034047,1,edbd68f08d76a9b5a162e9d7656859f7dc8ed8cd52e7a0deeae94a1b36c52a8b,True
1,431,L12,4991332882247787739,1,acd343ee4ab2657c3d67be1c3f5a76db4b6c1fc0ae39db984956d21da2531fd4,True
1,431,L21,2788634116103501670,1,18b03c307226a36ab767b694f8bbb67eea727e4e2f192fa34a5e8e2a67c1d033,True
1,431,L13,11992439188422400191,1,002ad18cc8cac68fd53bb86a35244126b8c7723565dd56971e12289fffc15d1e,True
1,431,L31,3841965197442859302,1,4eb99b4b9bab1a7603fb82a9a2fa9ef005c62be27dccfdc17617221cd727fda9,True
1,431,L23,10601154088746410054,1,e874a97d5707380d0a876d8173ae005da81c8697527860aaad9cb29a02bafcab,True
1,431,L32,16004634801230348449,1,0fe9575d19e990a513bb2a8a65080da2de77840a0ff2dccf434f0de20cff8241,True
1,432,L12,6141138577878007983,1,d42c24f14e61f2df1157f2084ed98ccb270547146bccc335b97ed6a12678b920,True
1,432,L21,11653221522492222114,1,3602cf54c59fa38a51e52a2a1b7968ef942023d87d7343ebf583681f3c8cefc6,True
1,432,L13,12862853709404582211,1,95bf24d86201f5368f29c2fbca0867cbc45b2526a6971e411253d71bd613fda1,True
1,432,L31,13431221885228887058,1,9efb954dfa1fb45cd2eae3b3e12233188cd87a16c3eac9eca4d96e06fe766ed5,True
1,432,L23,4719460687352067271,1,695856ab3ff755a47c4a2370f4f57b5bbcc2f562d01990c6f7f3c6d8ccdb6d62,True
1,432,L32,13120229111279542331,1,8e1da0b633c461c9540979f7795f93ee87fb8a6bef6ed3851606b5c3f1305f9e,True
1,433,L12,2584636940304812948,1,2221b17bf747c2eda491a7a9d31d0c1ab1dd146065ad460ee9e646c3be14d8d7,True
1,433,L21,2822917577737664638,1,6f273692941d17c08df0837287ba39b43e391b64afb6b5d41b7de1df0502b8aa,True
1,433,L13,10106109953698511981,1,d183d0838d8cf168921a8e4105fb932a50479292e9e0fc616ace39386b1183e5,True
1,433,L31,6062180237630117704,1,8646a88510af396c55dddd8ca331ee86df579f1c48e47d517859cd9642c4568c,True
1,433,L23,1078514502373535983,1,0d5f0711f43c24b0597668e8f55fc2d5a17064f39a34538ae856ae68b17fee75,True
1,433,L32,2567593333413352963,1,3cb5e0a9dfe04b11aaeb7c6014a15e54ee096b57753aca9b32b2e5a9878b0718,True
1,434,L12,551112008652413038,1,bd24ff4467fc5562ec0a2f7e41cf742c5b639b6319efc618b43ac1a7dff53ad3,True
1,434,L21,2325815425649513454,1,18c7063e093d143f785ac8c06b7678057dbe422ccd34451c50181e2373fa7ee4,True
1,434,L13,11336249355175942946,1,3c35d13063db53c4218d3bb8f099b5a24f10c2b74ffafc0cd826678c42dc372b,True
1,434,L31,15845072178176028417,1,995e3a4e63a48a1a830de4597e85fdd46f37f1c5e058f3f96b2e5eb765124cce,True
1,434,L23,213980346825132078,1,9b2650adaba280c8010135835228ae827d1c22a5bdf25b9f54ae760a042bdd25,True
1,434,L32,12872214711274873776,1,c3319f2b31476c84eda28c9f119d9b6eadef8f5ac195e629cfc625a960a2d833,True
1,435,L12,804320384464889611,1,a62f511cfe781fe58291586310938509b2e4f8f8b3cf27fa015c25b498f2f877,True
1,435,L21,12994461170561251964,1,8b5153155f3f4832120b83fffad5bc768192b361559c1096237371691ed4f391,True
1,435,L13,8754428586645027807,1,fce41383938b982240c2dca90de09a0072d77ae89ac7c72e7391e678b19999b0,True
1,435,L31,2718461309963837085,1,831715ef4a1120776e9248e185e221ae101f5a08002a4465cbb82a3849000071,True
1,435,L23,10017448487911520572,1,188f4d1fb37b3ea3dc49222e960972e001152715b0c624644609e3220579c3e6,True
1,435,L32,13608482526155514173,1,5a259b62dd6247d76ecf8005dcf6749cd4d2785fda66bb3406074f7edb72a8bf,True
1,436,L12,529903019092400370,1,919866aa75255a0be2641806180a78ff8a323ebdbc25dadff762cfd42340e158,True
1,436,L21,16395198148652961198,1,6d87cf3980fe3568a27a7f2f1e5e798dd5aba494ff8452a42d9c1b4bc15d40cf,True
1,436,L13,14290758969477626452,1,188f399e75b40ad0c7e12643dd2d7df73770473a74ac71d9e0ad3652cf514264,True
1,436,L31,2484409130652324712,1,702079c9bc292e7bfdd846dc99dd6e81f07ba599252f8ccffe86352ee9b6791b,True
1,436,L23,14462955971619471949,1,4c1f2be41ef9562ebc6fa006aaee8b00ba58857098a5a789902c58654a2c7121,True
1,436,L32,17740206092433807491,1,051341099f05b0658cf50fc77221912cad5205d8918f9e260ccf887b58cfa075,True
1,437,L12,12388803180876019357,1,78b9b4d6904ca9c6c636a334c9322b46ea1035f0416df15aa72a0b2b3a0dac65,True
1,437,L21,15392995789148814901,1,21e1a4a8d56ac8ffe81670c450a936a7f2e45ff989b477c2c11ff38087acc619,True
1,437,L13,16611385378414739463,1,db72d928ee2144faba3b8e86785fcca7bf509fde0726fef93997e0c3f35e958a,True
1,437,L31,2950943762972906477,1,df3858ac3d3ea21d5c9d8fa19375696fd8a3ce699c162340515b7581bea285c6,True
1,437,L23,418999588703298105,1,2e4eefee87aa50f9b3a0e5bb9059f6d08c564ea93f72e33dbe3da1e3f367036f,True
1,437,L32,1640862811826335927,1,65a1ec37eda6984e211873f5b836ee9788acb19c244b06499c588638082760d6,True
1,438,L12,2787534771683013749,1,b7777f2bc3ac4da9c01c130028eeccc371e45565652e054b5d46aeabc118f839,True
1,438,L21,1188084997241915590,1,08bbc85406f3ccc3c35230bc3a73d1a023a1505f9934dcbac1dc92b1d4472b5f,True
1,438,L13,10914008362811360128,1,4c8004f183c697d990807b5b781e100379cf71d3f7f6d92d5ca07449314b8b74,True
1,438,L31,7540042600097407219,1,2558fa96172786d74fb47ce4017a5711946e1fa37166dd070d65e4afb10ffd05,True
1,438,L23,10214169228413894142,1,5923b99758d2a0ba370471d82d92f927d3501a585bf87e5be80efdccca94f655,True
1,438,L32,6904493059908123682,1,fa01ce5b811a22ed7e6fcc0065d0d06a85f50d1cd219050cfb840928208e406b,True
1,439,L12,13462312596605691803,1,4d07f8bfb6963a95b57766bdc8fb311cdfdbcd4409b0c6b6fb962503c7ea0adc,True
1,439,L21,6882888195728141918,1,a02438be88fe2202ceb2c3142530791c3adca835074173c4118baaaf95eeb8f2,True
1,439,L13,14579196654083747863,1,97213d18551600f1bc28e1453a37d5e0a42b2cc3cfcd9264716e584936359d5e,True
1,439,L31,2071597834859486471,1,aae687c4206274d1380e6167b71a89f394799aceb6b48aeea8b56e08b11bc1a4,True
1,439,L23,11921794580939660380,1,484acd4f14f14fda3636bc4ef0cbf9e1054e658000bc4d67f21163a973c7f117,True
1,439,L32,11988567095124760354,1,1570c315be378991d63162e4f8ae7c5b68bb8d13b699a13b90ca296e3bf5558d,True
1,440,L12,8401999105134108638,1,e0ff0f1a1fce865cb23ff6f6447216345f62b97551315ec06d3a289d3cfa44bb,True
1,440,L21,1467127510543338381,1,782bc596c18b0885a74f1f93be2a694f0e32e03e7b7d6f88e1263d0caaf81e69,True
1,440,L13,10113150336502813404,1,bb29d2db1f2f8bc3c01e51290c2a93a8c2f31de15a51b9c9aa6e780b574bb4ab,True
1,440,L31,6295174514974188709,1,249016d7aef4c86b0194af0a10512c014468fb42f3bb490cf4a18b899674eec9,True
1,440,L23,188316740984562432,1,e753ded4c5f1feaf81a44e27d208d2082b5dab9cad84314d2bfc26cf998796a5,True
1,440,L32,1115851484653015825,1,e90f4f2c1ddebfb046a69a135028c23e062525910ed3efd89aecbe4e52da81e8,True
1,441,L12,15159355710503051065,1,10016cd98699a86d1675fb45892b314451945303bcd14d165bb46f1a9a1b3328,True
1,441,L21,12792084025911516419,1,2ac7708cd32748348c1d685936f98bac468d79f488e63a6717c0f0152f4a642c,True
1,441,L13,5781083792356540395,1,6c1e7738220300399478fb2851712b7cdafb1d4661aa6913ee59b56d97a42de1,True
1,441,L31,15764067377429454153,1,5caa60b30ffeb2a206e439f40296c4437db2bce3be6a461d344ce27eddf73dff,True
1,441,L23,5132803682497215951,1,9ae8d2dc182112cd480dfd1eb344cc80f3d4360aa9c064939e2ca1cf1f97ffd1,True
1,441,L32,16425961710162538773,1,967e57d748dc8d4a3c72c540bfbf69d203e1c6335b87364fecc5029972caa2e6,True
1,442,L12,10374860774223571111,1,bd55bfc10b2afa3ce7a1a594ce42013d8a880394019c09616eee1bf2274f0fb6,True
1,442,L21,7745768582415104011,1,7ea7b5fad238f6defb6d838b518d622ba042ad0be47484a091c1429f1edc48f4,True
1,442,L13,54441983026577164,1,43da1649367a14738b4382d23a725d599067d0fe090da4deec7606209255658c,True
1,442,L31,15150453672248070875,1,ea1848114446569e142f271bc27fa7643ed240411c78c49519b7b266ff2b4b69,True
1,442,L23,17711654450621500409,1,f00b6a868b46f624ba27a3821245cd00e214c010ffe0bbdd6d0239ea41b6283d,True
1,442,L32,14777500411547971034,1,e750180a69ed6d89cfb4eba2ec856a79bd6a65e5d2d67b37c83aac72081c802f,True
1,443,L12,7781075783958836306,1,02e3fd031cad71ee6b4fba192fcee7f29eaa3f938b489660ba88b879cbb73c4f,True
1,443,L21,7347803349354250419,1,1381fb1d70c5da3827767daceed636fe7289459ab989660c60e62721f6eb4a53,True
1,443,L13,1447954269151732576,1,9f20904ec219f3119ec162df8d7cf47f346b2cece6a5e76ad1eef6a7d30f5607,True
1,443,L31,17933998775822528426,1,42c09b0ebac64221815651ab6de20c90fd9bb4dd102ad603e47685cd6cbd9d88,True
1,443,L23,7547279639761327678,1,ea758f44635bbdfeaaa518d37092088c105140a14873982fd6e1d62bbb90fbed,True
1,443,L32,4428666902116304584,1,7069e322cf924dbed4f8ca5da46b11f72e355d9126c0a969d7825374396d54fe,True
1,444,L12,16776906219519648182,1,2096e08ce23c877e07c33ba7cb11d85056066134ac093323bb589955d5cce60b,True
1,444,L21,17414955890532555102,1,06953c3007a2997748cab8df81d1281eaa6d5783aa0f61971a88702148ff0289,True
1,444,L13,5250051006591635903,1,7bd358823103656ad97861f1881c02069a9e8221a5f194d227911056afcc5d99,True
1,444,L31,16874183773910284453,1,1500bcded6b1a22d50790196805481075cd45102d82992e89923183019ab18c8,True
1,444,L23,11855307797608383062,1,5ec035cff1d8855949fd26bfcb959581da15637faeed2edf12336a4bf4f37407,True
1,444,L32,5917824771175181412,1,ba4fadd87f0e3f2dfd6c08f66b2ccca1f76d3c3d9c7632fb3862a8b95a480976,True
1,445,L12,10907078011335180153,1,171f4f2c50465af225eebf3668b22d220a1c7eeab158ee1de2677e6d6a64a79b,True
1,445,L21,7055205338865890801,1,f76e227cca8ba3b6f1412ac2900cb2ffba0c9c204ceb11ed9d7256f797ea920e,True
1,445,L13,8481963097900135520,1,8928414f599d87ad75152df4f1984419267b8da5a3ec1caee4907cad409fed15,True
1,445,L31,11770714799749453816,1,b56fae5d4fadd031dc9838d1a2174144522a53ef2164aaf654bf867f9f09ca85,True
1,445,L23,12488168473184278033,1,b5331fcd9a119e90e9261113609d1856017ff160b198b85a789ee125938bf0f4,True
1,445,L32,6927074766360282851,1,03df4d403fb312d9a828e713b100d1527193d19867932a9b008adad8adfb706d,True
1,446,L12,5842173398140999582,1,6962a08d963614a92dbbd15375f63a7880b49967836164834d83500fd012efb1,True
1,446,L21,7433441168852187512,1,49f1b6f9f996db0f94ee3cfc4775f36bc53e2ee5535344c429f13a3513ad31e3,True
1,446,L13,18319582172711488177,1,9ac97b708c16148ff0dfbdafa9f333074716887f38a199124ad4503406499e27,True
1,446,L31,16253539332968478643,1,c6327c2469d140a3e13687989b638b235090c1188330ab97ab710edd899c02cb,True
1,446,L23,16655933046519350261,1,b22bbb09157a2c374b0f8edb2dad52e1434ded2cff866db8f208bb2d8566701d,True
1,446,L32,4640059443183384224,1,176181b32e82027dfa32fbe69e24f2f03907554db159c9d087958c7f0d5103c0,True
1,447,L12,367233897827407462,1,8f30f231f3761949e4de7c5736295885798f9d61eee080054c5c81b401f9762f,True
1,447,L21,6421452066524839506,1,8be208a7f11e9b207abb97aed958003fe78bebdcefdd62b17b9761eb9049b634,True
1,447,L13,15168360129230433793,1,3995e2904a807b9628ff64822aea7139d7099168db3d17dc9fcb013644e7614f,True
1,447,L31,15072723762713266679,1,caebdb14c22264953773589ee0aae279b533f46fd601e1e0d025705c31d0a116,True
1,447,L23,1782908393307377445,1,3125fc85fc6f74ced72cd5aeb657bfce21226036cc67c8a93802c334479b2888,True
1,447,L32,18394043099411435829,1,e9f9cdfae44560ee08097a15a90f609009cd0b821acf432cd1b15da0c4a26dcd,True
1,448,L12,3357629009053819321,1,9e769a84a86200c2d0523c08a762a16267bd02df8a7fe0de68539accaa5b6f02,True
1,448,L21,1438880846370744538,1,a1f84e1392d3b8574f964aae1e7d47a7e0400428e4c38f3b018b7a4d4297aeb3,True
1,448,L13,6409924907436984290,1,b4d97b2ac1ac1373de3c09b2dba6086e6fb280e4a55a78ccfe67f88d2065a3f6,True
1,448,L31,3528506545318013604,1,117606c825ec98fd3b1018f60d71f8d2fc6af6de1280b847cfb807b964208259,True
1,448,L23,1579379793022068753,1,617bed279a9dc352f8bd4f807cc8fc816211d8c0a21955e4c30bfd669858bb3d,True
1,448,L32,17533295392341972016,1,b0f8988c509cceb132de125b6da964ab173b12dd3348083c26861018b7919eb5,True
1,449,L12,14696520376737633635,1,909db9efb56778bf66e029d0d79f1d99c24fc39245b45da483cfcad443d1f7d9,True
1,449,L21,11449279275173118534,1,d4fa75c16dbb1a9fe4d8125dd884aeeaae2b6eba144153a05baf2b581e4fe0d1,True
1,449,L13,6019091016667362246,1,4415ed88ec408ae4e443b6f9147d676132c0f8c5dfc94621eeebbc9c058b3df3,True
1,449,L31,490109629953940213,1,3d850d3839e403b14e674d3e41da7f2823a0b62148c92c1d48edd7bf6fdaae0b,True
1,449,L23,11192409469157027483,1,41ed972676d305ffe4d1376ad0e67fea3a72e5d80c0017f94b923d14ada4c0d3,True
1,449,L32,6646564196466941894,1,865930bca46e81616634a7eaa811da293ac948758ee43eed17aafc80616b7740,True
1,450,L12,14820093489727195231,1,fbc627a8231ee7743173025077a69e61583bedf38afdbf97fcfac01e504744a6,True
1,450,L21,9686791560681808100,1,3a7e32e2d05ca47b81c2a4d3a0dee310631ec51baad23f03e313d0497c9524d4,True
1,450,L13,7461907514229719851,1,b3bc2ee2af5a737d1055c375304fb646b1c71adfe84284ee1aceed1c1b2dc13b,True
1,450,L31,6855662651314192318,1,812664579917ab15990ff57e2c536c80afd56d93107cb6512c955d29eacecfb7,True
1,450,L23,17058580739411825197,1,ecc426da5a8d503de7fadb7e77afdd6bc0c82d93ba711e12ee9b896fc672dcb3,True
1,450,L32,16394263626156581860,1,2edcd573e4f5883d852f1000fda826c990225840c712c92d44b012c3aa378ce5,True
1,451,L12,8875735830269641935,1,0b961eddcb7e399b675f326e04d4292daa72bb5d314aba68085c14fd35d8b0fc,True
1,451,L21,7602681502116411676,1,1db1d9f3a74d45961ca7d06552d7c252a8a490bf8eb6b94e6af47c110d859a63,True
1,451,L13,15432103888747633776,1,e106c9a1cf9cce9c15deed1dab18990045e8be15b36b6f1678cc7e10e0da6fef,True
1,451,L31,18251715267830207343,1,321d927eb71bd517dfb7c84c49b651c2010ad19d80abc3b9009afd67ec507e73,True
1,451,L23,3954783701938243555,1,e78475ad67b66172fc0dee66814aba849e566387a4fdc9d28dbf896a0c3799f3,True
1,451,L32,6205519103162601877,1,cd2501ed5429599c79bcaba1095f45433fd88c386d8246e640b8f9fd4e0904d4,True
1,452,L12,14598271682876481458,1,a578cce156671a77c1237a07435d2670b25cec0959fffccb7c0def102b7e32f2,True
1,452,L21,17051492317830373858,1,cfe527a6441d57cdf7bde962e9f86c9208dcd5fd1008b723e872475f86c89c1a,True
1,452,L13,16795101880734682811,1,3666e17343f584f6e6f640dfa2252ce130312a98106c92b8a55341b292b12b2e,True
1,452,L31,16809090218691507259,1,ae4056c0f154d509e8d5902092632bcf86d7fc1906af529659b130fb456135ff,True
1,452,L23,600078816326528366,1,84d31e3764f860aeac5876b69b25423995ce359b87637161210688ea3549e18d,True
1,452,L32,17211936849390961186,1,2f006651e43787a8e8ec4ec383e222dcc347a6e6de8b9ddc3eedb0c694c5c8c0,True
1,453,L12,2415842398643902978,1,5e76b8ffdd17d21ddba15d206f3923ca276d8d7e8fd06c2f75bf9c55e86f3e0d,True
1,453,L21,14659023415797176057,1,03d870235eecb1f6e4099ca86d73b9465efaa3ed78dbb2f50fffa6e1eae6de33,True
1,453,L13,7715799935227691715,1,84c12e8f2762d0ccfdcf39f83f532b76f99c554c93b5479d152456cdae2f56d8,True
1,453,L31,10113223245828575902,1,1da8b69a8aedc94b39731ac4d16991b7a7f1bf5e9878ac78f268b435bdca27d1,True
1,453,L23,6704332721035500578,1,9b1aeb21b0ccb0b17cbec6a76360669c3610b4af12edb91628c5d7658819eecc,True
1,453,L32,11880025064859055717,1,6f64e1b7af7bf6220e1caf42badc4eea8230a6eb78b10164308faa0a14f98024,True
1,454,L12,10207903742730122429,1,2ac8cccc33591fe102686a82b20333b25e4d1dc9014472b07485d0503ab67955,True
1,454,L21,13092792449852523491,1,db3c94828193b33c4fafa19b9a1caf089976ea57960eed53db87e462683f2d2b,True
1,454,L13,9524438626460828687,1,e015a3439fcbf886104b6ed08e220612b5772f45a656050a1882a0ab3ceffcf5,True
1,454,L31,6966698220399676957,1,acea458659131e93c4da8d5f1193893d8c848cd3bc660243b96aa4aad61b2f38,True
1,454,L23,4663422669224175127,1,5c74e230b4648f263ff20b2f02281fc020e7dda02e7d111013b79088069bc0ec,True
1,454,L32,2239862427728644575,1,819bc761294fea4d2f8c6a3b005b2822a4af377eeecb0b56ed7ce807dc6b6587,True
1,455,L12,2617450998187986053,1,b9e343b3500e14b1dca0e228c479af14f3accc42fcc4a30f3967daca68aa2916,True
1,455,L21,7064204477006996788,1,48a2b5cc89c993c5e51249b2c9024a7f266a52bd3c5920e0bef6d0c71629c22c,True
1,455,L13,15693565608064016620,1,3139747a5447c2a0914e056852f7809c4c57350dce81448fd8fca3948ab437a7,True
1,455,L31,1714119826916422592,1,21e0b1842db66a3355eb86dee42fb0b5d70b6a10a607ce8042fdc220eeca10b4,True
1,455,L23,16315288978876076417,1,0be59b88e7bb23ccda453d6415374a11e504a77e139ca5bde242ab16c4ddc949,True
1,455,L32,14568468556816129385,1,2445aa67017867adddb6c4852cb7a2e44b692c66266e9ed44ffde400410cc409,True
1,456,L12,2367632059092599487,1,bf1e27f5ccd46ced29fd3b08cd1d8e4d66882c07d89ca002772874559286d9fc,True
1,456,L21,5021439217065892668,1,848edd821bfaccc868c48ba5d4ab6289316dc53fd22369c33921b9bccf3602ab,True
1,456,L13,18052948441150615304,1,7b3d4a5e50831bb5e63b990fe1b9e509f4dbad3b0d10815ffcb72092c6c7a100,True
1,456,L31,9349715397655534478,1,c1e5bf4ae4e247b9d6f1df1be35f52fcaedc3e4525d293d1c0c19af0c391f15b,True
1,456,L23,18101937255283231943,1,4561fc68f866b241dc0c63f6a7df636089f76d9197f56329284007ce249a4ae3,True
1,456,L32,7463349854543250320,1,2e5dccbd6918c38deb8c26c553e40190dd3b83474e2012a7b53c55e8a3c03c44,True
1,457,L12,3843210770977752158,1,f7f52b337d89d55b2fa28902ded5a13066105a3dda4b6dff4240a1ed0e7ecfc7,True
1,457,L21,4790139655073690505,1,e8555d6cda9085645135a09c12f38558143fdd7f54238b368e7e670eee1f6d38,True
1,457,L13,7224052773167040806,1,cf0980f8eba21fe06a2c736902fb12cf84595ad3ec85bd8e736055e4dcf1dff2,True
1,457,L31,4978558449969404789,1,5722722c421aac471c35b6429932b4e0d79434a8ad5b076d3305dff32fff1d1d,True
1,457,L23,12345557987001551803,1,f997f562b3b5bff1225acf07743c3c362ec7a3f9190756800b93d6f929cb58f7,True
1,457,L32,14366113219698357134,1,df37a8892483e6bf6f90ca5f915e95a2e061bbac09614f0e1cab942b7a7ed538,True
1,458,L12,6809759438539332241,1,64dcbfc56a1e15b2958a9e8c82304e4b85b1ce08e11fede7cf1c249a896c4a13,True
1,458,L21,1396264502083782638,1,63b400e7bf3e3d1687a764ce4422105af325125d6c02fa6f7c8e485f1b836581,True
1,458,L13,1677228153706564908,1,66c32f922d24994fa4f0e284d8dd0fcb49cff8ac9ecea2f8d44741362f47f31c,True
1,458,L31,12016817191241673287,1,b205de7bcc849bf4819de32f0a3f729082d6b919408ad1a4b2159c9d60dfe4d9,True
1,458,L23,3632958781045649233,1,714e7d5cba6cfac3d80f270403c402d0f4b02835caeb884187fca1876d4a967c,True
1,458,L32,17616724842476990791,1,337b6e0f162ae9c4c77caf09a6299e682d21d917954be38b759f7f901bfae2c4,True
1,459,L12,16164298116199775588,1,0f83ce51c8fab96f2307f0d8d032f029fdf57c9d20da595a7d29580ee0503dd0,True
1,459,L21,7169121193519868121,1,9f2bd6507497990dc8a441305205f730732e61eeb994db1ebe9b9b661f639b32,True
1,459,L13,18434669748031554446,1,22115a25f808b85c79f12506837911f8edd956e1a3127c574ef54a57bfce6b52,True
1,459,L31,7516960034531697064,1,f3d92bc90226971beabde20b50ad6690012b5a949934ab03c6b2ecea87071809,True
1,459,L23,12929961681393122982,1,42a8a380f1265a9b1656889bb0f8e056b3354bf13ef28f5802b2b53df20a7aa5,True
1,459,L32,515821525839923678,1,78e5e8609b865aea27ed58f28a00127c1c33a7deb37fb85bf6ba2a56348af212,True
1,460,L12,10211606174783426599,1,ae8e234a6533d3fe6a560c2c7b3210777fd245bfb7308adccc17ba1d6008f1f6,True
1,460,L21,6909609233067502724,1,0220d22bd667935f37219bf17c0be4da630204d7aca998b5bf34c56911697955,True
1,460,L13,8154685903608996017,1,9ba20287b3c4442cfa50e2ed0e91e015c44360029c28108a280d389a220bc776,True
1,460,L31,10448454669800198147,1,1a8be53b1abb9d1dce123b3f329ab501e95d94a3fe113d90444ef5fbf373ff92,True
1,460,L23,1527531143889590407,1,12f9a4f77d347342d487677dff7b1b4034ee1f6c45aed6c36e752714765cc6c1,True
1,460,L32,5032578267286151838,1,a2319916c62a8c5b39b5362ecbbea7a61e3266b83ff4bd72d7b6e4c0150137ba,True
1,461,L12,256475363041159634,1,a4f9b253ff77f31e7a73bbebb4273f319becc60655aedc04e3078661f0e23737,True
1,461,L21,4039223841199680876,1,43bf3c6c6cc9556594f059f5fbbf54e99ac4df81fb15c0ce23971af6a7d4fcb5,True
1,461,L13,9959957839204748128,1,e9036620fecbc93fe1a720f24565614f82be7ce44fd3b178afec010df9e6433a,True
1,461,L31,7867220346352401832,1,c04f453382be970b2f5bed3d047ec7d3aaab312171cf0fc7eb8da1a6526055ec,True
1,461,L23,15917141596498373927,1,68de10c3c3a724f40e55498c6ea84dacb638013db85d70d049be34408435b22f,True
1,461,L32,16128026354112206767,1,7299a5da5a4e906a20f45f98d1b47f55c21efcd5b3c96c207566c9601c54d076,True
1,462,L12,13964383422222652793,1,c8d995f82f3ecadf256bc680d2a1d636e7229a79935c205f752ec46ff10947ee,True
1,462,L21,13012165730282988968,1,0f9eec870631c9f5ba74783e8c1b747bee2a4d3496a776771490bce6335b2199,True
1,462,L13,1833597701634947806,1,55d97c5f7a31f01d65918d7d3b64028f35bcdd00249660593998ad28266b4c0e,True
1,462,L31,18284364066344262484,1,e610f1432c32b7c494cf176b33db9eacef96db3f63c19794d3c83c5a55a606de,True
1,462,L23,12969423936782361759,1,67aa860e7a481e5c6577e984e120d21855010403e03633943ecc764e34bea09b,True
1,462,L32,18170076917070730142,1,2947b539426181a5914c0f399b9c80b802df545c6ca9f159eec0f403ad783569,True
1,463,L12,11828935124053165424,1,75ca77631e8e5e52f849e5ea49144f225506e83f554d4e089ca6108f729cf62e,True
1,463,L21,9772135163048942970,1,7ca068b8db97b791c4cd880a3609db7a7c6e7199e3e6a6b1edca0bb9121f89a8,True
1,463,L13,6954598010304351752,1,1759d9e3ae21554416fec8da91f3b89db072746e3eef66ce2b0ff529ebb88847,True
1,463,L31,15049068122783969804,1,ab25a9c657358952a362144a990c52d280db6d04ef0e7cfdb19997d9f076f950,True
1,463,L23,12158167469056234942,1,1d6040205367b65f0fe54fc844ac3eaaa547a829b8566549a383e65ea9dc5d99,True
1,463,L32,12430968244075177049,1,19846ac41e72a05399b5e6d6a7c5a32a9125e55c9cdbb0626e19c41f2ecbab5f,True
1,464,L12,678397599044562021,1,c2a4da344116927b0462da29540e5189f481c28f4ee5bf11672017cb52277d2b,True
1,464,L21,6036022794000024059,1,e126150a6bee0cbae061d408147f9bc2f63fedc188e46246a752290af387e930,True
1,464,L13,8066425119377775274,1,2bf2671131e2c559414567ba55b51aca183513de9c0d75f19bb1a22d2e90c0a8,True
1,464,L31,11399847099798604548,1,5d89195ae584ed0dec4cce413717b6f4127fdf5a019eae53e09a259903a485ea,True
1,464,L23,7695669157396968390,1,7e1f39e767e672d96f198ea4e73ead9ff2b54974be9d3334434630ed6f47a1c2,True
1,464,L32,5734897041077856803,1,7fe8da063b7a1c7bd2c3740dcb8836e7117758e46d17df2a9fb327b66f0946bf,True
1,465,L12,1265300471679839780,1,5cb8c83aec852075de15dc5cf031e96ce9c3696b6688feee7a27bc6c668ba883,True
1,465,L21,15681890930582889290,1,7631d1f94d30f4b7c6765d6cdb2d875cfc3e3121bf564f0dbe9afbe6e93757fe,True
1,465,L13,7504574724090548738,1,7e336b4c9f5eb00f4bbd7bad7e11268710168a26e3964b9d552480c1808c1228,True
1,465,L31,7793940798100149595,1,ffe56f925270a107165e86e26724eef025fcff0753e8bc947c931b7302e2f013,True
1,465,L23,2894938229866274702,1,d06bcfb8c22fde5b4ec33910229b78c0ad33040c1d0ded64c05fc01af679b285,True
1,465,L32,6668870431387425767,1,2c9a14e760004af81108a140b9d935acd6001ea78b73ec986cff474f10e58abb,True
1,466,L12,8402592924085105931,1,79610991cff4edfabaa0d6e2dd389f11b1a9eee3578c5861f8e56639cba4ee86,True
1,466,L21,15914147279274418869,1,be3990417171dd542f5cc720dbe029bfe3d91f3c48f7655369dcced3c88b4caf,True
1,466,L13,16647147870837733924,1,8864a7f871e94320545b6d6a15a0f29a29b3d73156f77cd5c87589881c98b230,True
1,466,L31,10451303500349573045,1,824622846965b0bbd50dbc2e2e5d4e529d99e121c3fc4b709aaf1d2aefe3b0eb,True
1,466,L23,8125306618526685120,1,e5e840652aa9f652db7eccfcc399337d45e56249bf757ac1d913ed1067743417,True
1,466,L32,17172552976500834727,1,9b7985ddbc6ddd7cff15fab9f1b4a492d9cfda9d6beaf9edfd603194efc3b160,True
1,467,L12,13914272463927945180,1,88636e81b2731d1a60f68a9826aa012b1ab79f5279cc123b46b6251d0a808107,True
1,467,L21,797536948815477351,1,3940b50a7a3ee2247767226c3a49741f2438200aaa1c65a5ec0a14259b78b34e,True
1,467,L13,3864102724658053095,1,ac65e97b96d657e17a6b49d7607bec3ad23f215529feb6a633e84ee2e7c6032b,True
1,467,L31,1666542791683385680,1,749f87f159d57a43551acc616f2ee562a657cae2e3de15eb208a5d077e5b5e48,True
1,467,L23,10423953853107945930,1,c44a447174e603a0c1d2ef4ca2d94a37016cf60e712f38f994b375c20f7e8a54,True
1,467,L32,4710632218008870948,1,8981006ce8d7e5f1ece5291fe055b8c2c76b02cf60bc3c90873849096861f899,True
1,468,L12,4629399723713825485,1,fd2fa637775afd9e1257c411c7bdf55f6c1a9fd56de118e2796b1e76307e4c72,True
1,468,L21,13751295996444845921,1,091592e2c0a9d64f2c99fd6be7e3357f1b586b41a0ced8b83566dec1c1d29d0e,True
1,468,L13,13848611958520559489,1,0a9c814dfcbdae552efd401f2a47f427a167284e18991abb5d7e47fc324bb4f5,True
1,468,L31,17628535670385235292,1,a017c01aa8afe6bbc60aa4ae51e7371bd097ac617a815fee5aa75bc8e8d3b3f9,True
1,468,L23,2959584375902978286,1,95c20ec6990f32483e18e8d944f5c875a438eb951b7009514efaa9c88196c5f8,True
1,468,L32,2743099324961449878,1,68dcf57e2f149d735fae4e966a25ef9bf34e950f7c1ce4e3b501d2945cdb13a5,True
1,469,L12,2784103377674478990,1,e1ac858e09e9f01d02ec94ca4809dac7b1e6b9feba06012946b930537ac74d5a,True
1,469,L21,15443398365432285486,1,11b9f9654725e5fc3552581cf69359979945e2914aa56e02dc936008501b22ef,True
1,469,L13,9327320146153738820,1,ec300106df55b0e0259a6921dec8576ce866a3d40e3050639f75c2676f67829c,True
1,469,L31,8287902347034053868,1,424e34d4116ff47f7b65bdedfc53c98a82e0fb2900049644d6b4dd97eea7d357,True
1,469,L23,12408861930093515985,1,d4466db0cda194ff6961d33728e88edfbd70531bb3812bcfb062631428bf08a0,True
1,469,L32,391851997972876539,1,35a7545e7b6d85c8b46d75f4b8666ca5860e061a08b48ac737671dce813246e8,True
1,470,L12,15268464857713297690,1,b0e234de7648238fc4117d1bb2844dc13ad74aaf034c2e52161e24b040c9b6d9,True
1,470,L21,10808077598569578888,1,245c5b7dc6a416d8b4ee7f32aa15ff124c9365b2ac19656d87ae8dfd7a827535,True
1,470,L13,12212102957124771259,1,6dc867fd7daf9f2a393b5174ec0b091f6c3a6e25ff637b36944726c1dafb0858,True
1,470,L31,5855248364115322957,1,9380f6175bef5af26668fcde00de35c5e8b340cf87c1076c7cc06477e83c9ebb,True
1,470,L23,3881753058105910470,1,9db97f699c2cc28e77bf56fc82f8c5cbe0f95e415a7b08e21203f8a611a1cbcc,True
1,470,L32,4972923305575985959,1,cda943ad59f493040f9996cfd35a179a49db16c17f61f4fb79d4b6992e96a7d9,True
1,471,L12,4291063038861554594,1,308d55cb8ac749605e4cf353869421fa756f0066cea8f4939607c3a9db7ab2e5,True
1,471,L21,5284297339858043689,1,4b4a991cf2930646d69b1fbcd8d2e1af65a02786665a3044392a730593408b20,True
1,471,L13,16387311911655816753,1,3da3e3cc9ea2331ea4713ebd55cc5490d298ee0ae97787bf7908301738822368,True
1,471,L31,9827231417577692177,1,b5f061c42dd0db8676b1a65b16d08861b79c19f85ec75c21396be17e22690ff5,True
1,471,L23,8101944522409325938,1,ffcc222cd27d62b455bac1691a909f0ac790da46808208ae5d708964a8a56cfe,True
1,471,L32,15978930767861679245,1,c076bf4d7f95ee525d5bd60409feb386c11f92c475af217b025b0319149dfc6e,True
1,472,L12,18165878135250477001,1,3be9104f590a24d0e9aa08e59bbe44c510332b117e4a68342eb9aa07e4c2dfe0,True
1,472,L21,17976489501366600035,1,801115711b937a6da2b6ef755aabb28525783bc560faf415882b8a7be9df6ba2,True
1,472,L13,17697072500605734548,1,635ab00c33866fed74a62c56b7970e91b898c9aa5f2694270b734d347f66a11b,True
1,472,L31,2948227543946167729,1,ef1286096cf57ae2383b13a7fd7af29b7ac9cce147d44a683a640ea8621ff040,True
1,472,L23,9108372095238582570,1,eb70fca82997b4f236fcade28ce2e923a7a7eba5adae68e002366fa50991bea1,True
1,472,L32,11689280076284376054,1,038e7e03e43db94a15e0b2608337ee9e3629dfa4761a7dd2344504dbfe35b237,True
1,473,L12,8885723099371693585,1,cc387ce17e7173e5de90eb68bfefae5bd111d776bb3b0b34df598091c9989b53,True
1,473,L21,16294043452706826164,1,1ccf9767ecdee557bffb8806c7c2b00b9ce6a5c1e3c73429d73681327991df6e,True
1,473,L13,8304120213970409137,1,c1b6e8cae7df2710812bd4d711d573f8920c240cb1ea4fe443ad2562f37f1944,True
1,473,L31,11706056510256097792,1,6b4f55146c8c21905259ba9126eaab7ba3dbd445e25c04a44b944b3db801e498,True
1,473,L23,3686128106650995681,1,b388af43aaee2a3ff42102e1dfd4b701ba5222efbde03a2472fde263d2a4f4fc,True
1,473,L32,9458555597493476183,1,556e1e5e6cd8fcdcfa99a33a5133dfcf9bd3d24b4c19597b72d198de0e8bac48,True
1,474,L12,17744353675115892000,1,735e872fafbf1779ecbed205276db3f33ed4da1eb4fb44496882e5adf80c4feb,True
1,474,L21,5891233701618631682,1,274dbd4c2776e8ce26334f1214ee0fab678a324c4180059327cce421dfd6c69b,True
1,474,L13,18024354496920277993,1,978249fe5218534abc0144f5e9f9b8663ca43fe2fc6dc9c671400f8107486fc0,True
1,474,L31,3082083539982656923,1,6b0e3afd9a4920c51586f63e73a15e7b0548dd44a91fc2f848e4a62caef081fa,True
1,474,L23,18088496125190971790,1,1f5a8aaecd629b08cf0d55731da3798edf097536d47acb6dcad79b231d220991,True
1,474,L32,12819992820862835309,1,01753f7c4616cbe8f8e2ece3941b161a31d414a6a5cb7ed9fba4133b7310b46b,True
1,475,L12,17850857854654241816,1,69e9c283ea1bb34b30b843b6e31d4b3a086d07db4ce489426bc6aa816da4c6d4,True
1,475,L21,854155590877086481,1,5f2b7cabe712e451c3ec2c9b352e6d8e3d7b67677c0e8f5c3414ef17429e0252,True
1,475,L13,15688444069263122332,1,05a599c23498a34f16e84b5f74f482a6af697d4949d298a8877bc658f3febd64,True
1,475,L31,15930337717061346481,1,8298cd9cbfc1507360b05a68feeafeaac780261926b32af8a9cc43d1a6419941,True
1,475,L23,5873887056434242622,1,bef0b6364d23460899afb2527ff8f7de173749c31ca6c426b406da49512d6f2a,True
1,475,L32,17011026149920932114,1,c45b866b32baf7828eab0bd854577120ba54e1ce76d7b816df94dcfb25205989,True
1,476,L12,12009579778015576122,1,49e10073ebb950b56e4966d1ba1035ba2b22005722c5f27931d721a61c5a3a49,True
1,476,L21,1332178371207908178,1,5507ee7ce23d22da7378319cdfebfc91e63d109bb005563384ecfbb5dedfae66,True
1,476,L13,10266526985884265386,1,2da6e622422303266bb7527364f9cff2d0443e05b3497238b1f9048efe0bffff,True
1,476,L31,5617116235060503438,1,6e90236f52a56f798d2431b51c02632c7ff94853425687128d5c995c32b1b928,True
1,476,L23,16941004718337581226,1,f24f1a55f8643bc8da4665dd89fc6d8cf5305e46abcb90101bc2c931d7762702,True
1,476,L32,1779523138622833383,1,2894f9caa278794dbc7e2b5e80f35603944a8bb64ad9fc328dcf1c355cbb900a,True
1,477,L12,2097783277965382564,1,86de64aefc7708dbd110145e368ca649cce4450ec0016378ee4ac583f63a56bc,True
1,477,L21,9556374131916396361,1,d27cc88e42b413913fadd8bda0569c0ad5df6c0a23e2dca07a70cd8a60249034,True
1,477,L13,18355330759241010002,1,986e84738e5647e0dca9ad9d1beeb1062d6fcad38799712878cb6a04c0a50f6a,True
1,477,L31,12543796999167913656,1,9a29da6b2c58ffc604628751757b806c6120161f6a69613d2bc51b35c2087804,True
1,477,L23,12684889144121217210,1,5f71fb69c535f458cef7cf5cbc188603ba35cae57904e4074015d3b9bdb44920,True
1,477,L32,8920404244428854837,1,a1ff03b047096f6d07f2c98c796dc8177b694667420455ef7ea50e083b2cb553,True
1,478,L12,1294512958050926569,1,f57127ce8e59fc274286e32174e1b9c8371b7fc6217b5972f3c2a9305b9ab87e,True
1,478,L21,16048631904250660921,1,dd2fb3103d5eeadd69025ce6969bc2397e96131415ba7caaa7e608ea8fb0ec5c,True
1,478,L13,17147013278288453571,1,e0a230f33cb220463ca3334fbe5b23587c65f48439c405ca2eccd33d5855a0e1,True
1,478,L31,6905542324690335029,1,3cc3371c478984833acd74c5eac3e4ad78485969ee5dabb3d21070bc86100983,True
1,478,L23,15326155246940315132,1,0b90c126c3299ff56cf31b12b881e1ebede59748c6d49e208caecdea8cf061bf,True
1,478,L32,1998263314700799661,1,a6719aa83eb10d046e16d3a2d48cccce282e512f97ce8fb9a40768547bd7429a,True
1,479,L12,9621563862411204802,1,0a121cb2e2890bcedc1928d942744ca5e52c7180a7a9837125f7fb816b1a1f2a,True
1,479,L21,4439842609002477730,1,603d0a89634c1d439f6b47a83d3f22408f51c0766837b470bddd00838f06a77a,True
1,479,L13,4192901834252490559,1,5f587fc4138e40e05ce0915a87cd682ccde422dc50b3c628b59528edfd04aa4e,True
1,479,L31,12027568308245578152,1,cbb0fe5707ef18400d59333ddc7cb449353966782aecdf887de45d7c7f4a0a63,True
1,479,L23,7112106543354747158,1,d9fe1895b1cdb68cb5d8d984073553ac909e37ca4e4479faf8490be2f4a7c7d5,True
1,479,L32,7713160989796457962,1,129fb3683e4d44af58500b75986f930d10487ba8d85f3d625014d072798c946e,True
1,480,L12,14838493438516462050,1,d51e8620e1b958cd6eb51533beb61c556e049b258b693439c04877445e7c9594,True
1,480,L21,17185680731481937205,1,6c5cbe848bcb492c2220160fddb8593f0f7727118121e86a4e7716fe91bd23c1,True
1,480,L13,6353774167736527457,1,f7dd9e8888d3211338989fcfad9a8cf7e113c5a65fc8b610ce51cac01d1f369d,True
1,480,L31,12248624312893781910,1,1df7aa6c0755cdcaff422a12a483999e3b3499d80c3a7e0245743a4c5ca4c7f0,True
1,480,L23,15756241324354394994,1,e984138ea4d8c353b8c7e3e60b832b4194219d4124000c158c222cfe007fb2f8,True
1,480,L32,12168545710219613363,1,6f4da9048895f8fc96c6ef3c97df2edb991f3e997785d86c302a632a99f864e1,True
1,481,L12,11037640152687000164,1,9d593a3045685bae4db285fa751e76a8a3c0e3676084d7c9488997bb85bc349e,True
1,481,L21,11583375365669397395,1,becc8f076c9b21c70508f106de1e6ccee7c558a401d61ca0d00fbbfce3144267,True
1,481,L13,1442136119446237934,1,ec64927b367cc1712a13f0e36e64ef27ca2021e8a725468832009a8987b75f6d,True
1,481,L31,15657577508033567962,1,2fb06c515e790cbea368598aeb8714928b0afc7dcd2731a1986fa38d22ba79d2,True
1,481,L23,16602554343161631923,1,aaf900a1f75dd2e5ed4a52c776d5859b2a2942a3e5bb094d4475dd1abe69bee0,True
1,481,L32,4075761900982368482,1,f445e7324df672053f0fd2f9215ffeb8a85fb4c1a384f27effeedfde9bf0975f,True
1,482,L12,6141573906608641559,1,fb04073cf62d137e6e5ad46f878dffc61e797fba5abb1cec21df9cf051baec8d,True
1,482,L21,3160313187287601189,1,10999b816d376d73df2b4bd9ac209bfa5b69153420b02ae8b2a767177dbd6fbb,True
1,482,L13,10828165364659751150,1,20e9a946b476345149bd2a16c28755e0fb968d72412d69a51bc88fceb8511f28,True
1,482,L31,17201598510613962301,1,c5ccc2d4ca8ab50f15a94447243e504251a8b1a64fa795a24c68c7d77a45ba35,True
1,482,L23,16769075128728288562,1,605d990fe3d4d9d8355404fe18c2c956eaaf5d61b0c0b10a718a49fed42aec30,True
1,482,L32,2330958886743392084,1,532fcd5623ce649f178c0f97d0aad507540b670049c807fffe5e994a8fb25193,True
1,483,L12,5007181378036240009,1,1374036e2709afdb8574a2bbb2458d7bb649bdb8b8e2cd48cd7fc3232de6898b,True
1,483,L21,8495570699725449703,1,dac28b253b32beb00495248fe90177275ad7f18083dd7ddc9b626e94aa3a511e,True
1,483,L13,17376009443778176351,1,5d642a52ec8d7b10dd3099a12e7f239c3407b8705d49068beec8dcdd23f019f1,True
1,483,L31,18146508477716254200,1,31012a66f3dbbacfd5a593558ea39b258cb353aa8755e2a2a93b01bd8340fd49,True
1,483,L23,6053854933173221949,1,4dd55077a11a5440c8a71e43a038c17af765c33c14c606e16bdbdef6ef4ffd9c,True
1,483,L32,14640948476060712383,1,e69a8fef2836832d20700bb27a0bd7b9f1657577171496c13bcb999da78bcdb5,True
1,484,L12,1334902146335841887,1,a77f4d1a7595a7db6d26ba38df22f563b7510dfaa96d6588c148146891dd7cbf,True
1,484,L21,9427174531158307236,1,938b393a6eef58fab3498594ba60f6733b7c84340c081374c5562750d5ed52e9,True
1,484,L13,2585823865502337990,1,1cf4f50afe093bc3d3d261f175c5754473cb26f3fbda7b2ed6041d1385484cd6,True
1,484,L31,15961402745990112425,1,c53c94a886e9f074f09125733fc53e58ee16c2f90612c3a727722e647ee3a63d,True
1,484,L23,16752866655821574069,1,a287f8220d270b040227bd49225842f7fcf2d43c596b576c9495c89439d08240,True
1,484,L32,15654121079136725657,1,20bd8b9c9cd6a751a57ee6ba47dbeaa22ebf3ef6c4484fa33170ff38faa9b211,True
1,485,L12,4699104837036121251,1,d8268b6660a7599b00c012cb62a9ca7832a1ccaf8906da31775dbfad8342b9d4,True
1,485,L21,3089972659621664347,1,891c09649c24242635335ae49967abac417b71c03f50191b8c74cfeba69326a8,True
1,485,L13,5589046790128155879,1,5974f2a0bd28238f323e2e6ce71f99f342168b5a252474323e2e68547e27cb01,True
1,485,L31,12804228563505375122,1,997852196caad4175db180bce0b0906882cbc7a8b11f91a27be1c0a6bf0076e4,True
1,485,L23,7277254440347546440,1,4118847bf8a4278e9f6ae4286fa4451d7c859cc758f25f3d75a526808aeb0c9d,True
1,485,L32,16218353613149809538,1,5ca7158d2bd7b480cf5e5f0bfb7602da797c970b31d50172ba021d309e9f6898,True
1,486,L12,2694633794735691547,1,55904d81ba39a140592478b6a0c1671de05c58366339594d9fbc381f9f39d34d,True
1,486,L21,16678707320638050631,1,6fce62f069b7648c8fd99cb06459f4c0cf1b003a74d4f6c66570e594a946eabf,True
1,486,L13,1034234080133409938,1,806dc34fc65d74b1a3854585e8153706d08cb14fd7febaee4b7cf5ecad1efc1d,True
1,486,L31,17791749785085768732,1,272c79e168e6305312b3a0e88d687c04c529f69c87855778c67e03704d2f5f87,True
1,486,L23,2977038786764841800,1,ad747e3877beaf80f40fe3eecc18793ac2266cc37952e746d571fcec8731795c,True
1,486,L32,6859947628936860156,1,d4bb8feedcc214bde7082f0bc39cb562b3d91c38836ae5c1d4590d454782bfba,True
1,487,L12,9133850423116951692,1,e5ec02830e1e63a0b99eaf4fc678f51bc602b2215fa925acc36aca46a9a333d1,True
1,487,L21,16066690701302188519,1,10cee3d3d92c6846f65ed4edaa23d56eb567ea890961c9a068b1171c37726b99,True
1,487,L13,7366919571414685896,1,49b37c0c2abd45d0e0f6e4e1c1497964845c83c807c275124fc4f2cefffbbcfb,True
1,487,L31,1668968093500531903,1,e7a3579dc0cbcbdd95666b079ee4db738a8fd42e71ca5d33cbcde377dfaf2d65,True
1,487,L23,17834126152011214842,1,867d09d24f2754d0d915025f0bd84f0d0c77b8a59fcbd2382fbfe47b375831b4,True
1,487,L32,6425682280923945322,1,dfb162c55b2bcff005b2d2a7ea357fed120ec5683c40f58882552de915a0250e,True
1,488,L12,14050078437492745305,1,0b3307cc9270b7b560a071fd0d675f3a60f63041e83e2044ebd049b635e2ae31,True
1,488,L21,17649260592364378663,1,f2faaf0d526add251fe76c55116ab36cb456abf57ed52f48957241755e757a25,True
1,488,L13,15758752219994573178,1,e4a9d7acc0c28c48307a3d4dbac7561ad61faab833eec37308b5b6a4803bcfcd,True
1,488,L31,10570188104941889716,1,f3babb021d69c02da103bf223e9be6d5ca01197cb3e9db60a1ed0ffba0ce1017,True
1,488,L23,17566117168708309409,1,d8194b3e2aebc5770a77aec4bfdb57efb18f049b830019a005266c308adfea35,True
1,488,L32,4846411991231777546,1,946be6defe684fe3882cffa6866eff3c7fef4bdf7cf601063dc01cea6027f8e7,True
1,489,L12,4410718060047476287,1,f2e8e19e8404c3fd7832de693df27df5f9c291134205e02b83a5a67fffff5421,True
1,489,L21,15041465548958761955,1,40a71ee25310f06d94269a0488a3b675240b8977cf7a16486b6cbdae4079ce4e,True
1,489,L13,16740891560280024137,1,20ee66725d4b361c03a0a69b5586735bb6b5f3c73a9960983da3c2be4f32621c,True
1,489,L31,7761597479216119396,1,d1a79b63eb6abdc10f650a59270c4400dd9ad08ff975ddceb1c9cae09820b88c,True
1,489,L23,17052614726578366198,1,22cd663d609e4529dea3fcb661d598ca724a082530b8e5a8899d29ac9f05d1dc,True
1,489,L32,12781048557002949916,1,57b4095844053fb06950e0c282dbf769654c7787c3f7bf5acbb15c7315462406,True
1,490,L12,12671579910862063784,1,ce96b516aa25ec9dee5392caff4667ab50be575be7298226132bafa2e4be2fa5,True
1,490,L21,1114166541458170605,1,d96c6c6dcbae1253e22e4db8dff7648d352fa3651a5f5f5171f90a9ca4c7588c,True
1,490,L13,8202535573818053067,1,42b92005bbe3cbc533d97a9f4a4e006ff7e6c69208d7fc8039ddd92b7e2386fa,True
1,490,L31,12266690958013589947,1,77dd82002f112240719ac054a0b964514317c7a377e1f422b0b202001204f818,True
1,490,L23,11058426334525107326,1,54b81f724e322b8af7797b37a4fc267b53e9f9bad4eb33e41074c9a0aaaa1e8b,True
1,490,L32,3088470096796082297,1,952c118ef327b1da850faeb4418a681192d42991b48cae1160460d0f87f3f5c5,True
1,491,L12,6408356489173792539,1,b6ca8f2c749dd131a50dd670de3365cc0c0cb929b5ea5941fa5e84fad53cdc2d,True
1,491,L21,17548388858238273433,1,86513a04dc9eb8465a0cf96169037adf3568d1b6c38b6d58a17b2ff52d803d79,True
1,491,L13,13223623030287317727,1,3d43ac168ab245ea702387a098cb8513d718d4b5fbb7db1ff94016b8bafac343,True
1,491,L31,10290096478479298600,1,616846ffc36619a0e86f9215599a3273c6f57b5c1469f21eea6779d3d0437b90,True
1,491,L23,880497573391154281,1,12173bdf07305fbe98424bc46e650474e01bf30bdf3c52e671f1ee126a6144e2,True
1,491,L32,11131716665870998422,1,bcfef5ce39dbe4c40ab762a7321642c791dfef3ab828ecee9fd7c175d244ca97,True
1,492,L12,12820226903763331624,1,2f711bc8416e2bf0e8118298f7e55748065fe59064bf07ddb14de0fad0d6aa07,True
1,492,L21,8376642116956332572,1,3006f5544bdbc8e5c3534ff9f94ed628cb1152bacee19eae2ee244fd114309ca,True
1,492,L13,13190152738318762992,1,f3497807089b443f1525f432356d269914482d4d9b278afb48842e28594d7ed7,True
1,492,L31,12120052812451949478,1,e7bd3b7fe69a7bd019d22dd14faf5b1ca0ee0c56d221ecb9444b473523ff3a23,True
1,492,L23,9285500071802381536,1,22d4cf6e8052fd29e5442c51d4442c436c51211f0bb0327758c16dd8aae84a74,True
1,492,L32,11900859907836708093,1,5ee4b894f5887cc4c63b85bc3718985bcaa8c9b9dee3e68c75892b96d2695fc2,True
1,493,L12,4283442271065689673,1,49e7cae4dc56d2ba69e67b96ab1c289a2847b7432a85b53421f1b56ad8f8cece,True
1,493,L21,9279682685112739044,1,5932ee55579281c9e7e10eeb89144bb7594177690281b9758e3f830973c7b3d0,True
1,493,L13,327794028649955911,1,b0daf34ad51b6310113c59adf609c590140e087870f83d474cedadd266851ce2,True
1,493,L31,3634929569536089763,1,1a0b5dab1699d634f458774ab67b09e6a3cb7a5fc0cb751a0e5e365e8f42de96,True
1,493,L23,7264598123686884175,1,479cde95a72c06c5a09424ee734e07ea78e62b64650fc1e2e56d1f72c3d06fe8,True
1,493,L32,1388761534351210668,1,6e777a222340b238cc18a73c83e8a03eb5583e9694d074a230996b3a85f01008,True
1,494,L12,6699462619814635920,1,6e9ecf6990a1a3a568edd144cf2647ade93d80dff1142ba7bd1bb6b3555928fb,True
1,494,L21,17005123131338517360,1,988c1d0fffbf59209c525e51d043046d25061a7db428df26b02e05e42e38b012,True
1,494,L13,12020279034084482964,1,b5c886b91664f8c287aac784eee7a28c165103bb707d14c0d2157efbc4ceb8fe,True
1,494,L31,11484235254691592449,1,80784bc215f1da23bc22de7bf95ed04792503248e29197f493f44acfff8dad63,True
1,494,L23,10010771889535903586,1,fb15e5a8618897ec721539e22a77f6c860eba52d2b5943c5b227683472ffeb98,True
1,494,L32,4732349117176426553,1,f4a56d9a050f23cdb9480400b9a4301f6b7d2822fd4a212156c6787745e7be53,True
1,495,L12,3468123493452087967,1,9dbdd5a730d2b69fe6a13f2801223c27e7afa30ad1d0720b86bd7a6e3dfb4468,True
1,495,L21,954272808841242039,1,3411aa1f4dc3e72fe72aca280576a89eb278ecf3a9b511059ebf4187b59780d5,True
1,495,L13,14423909752097661830,1,f78f8efcd00a7090db4351a8408ff6bf36fbc2f032fd1095e8b4b44cc67d74a7,True
1,495,L31,16051121384137225284,1,77eb7212eb064e8c9b201cde0be2945f0236ab320cd79ed9b7e203630e208c11,True
1,495,L23,8853800096070107970,1,2765959fb1b54e5542954bee3297be072447025b24692cc63f3aeac8b72143da,True
1,495,L32,10114978679838021685,1,f429c963ca6db073a5b6e637c86c73b4ab9a4f78fff5c9b961654c166435f7ee,True
1,496,L12,5036067941236869193,1,f1315d6512db05e1976d2df30d84eaa6316449661a8567720e0d2fc00184316d,True
1,496,L21,2979844452581682857,1,e7cde139694ec0d02719976fac473ff7bd194ae81fe3372f476797b36fc2a0ff,True
1,496,L13,7133862243015905899,1,ef1036424680c90b74ef3f30684b5a0f42aac8e7c08f9124d56b2e2c1d726f51,True
1,496,L31,12940640066178406661,1,64ffd3694a675a9cf2eff9e1b8cee4785fe2eabe061447bbaad0a58d7c739d67,True
1,496,L23,11943172578756880567,1,7df4168196a048235783536a4ff056c476dec903d876e0f0ac2fbf3480babcf9,True
1,496,L32,13075578732159815749,1,f1a16e86e1bc4693f8b67c51742bb19cc2587ddfb0fe69b6e82cb68dc965ac11,True
1,497,L12,15130996525214188479,1,199aa4c49a3254c7978b1948346ce598a1f59c52499c7bf2796074e11f005a2c,True
1,497,L21,18064975539155801511,1,bbb12d675201dcecc4844667851854ff0a83f0591b166163da6e851abdf36158,True
1,497,L13,8958624115011156908,1,9d45607c37fdaf9d14f193a3f42952222bd75b69b58b969b2a2eecde31a1c89e,True
1,497,L31,14684396441158633346,1,675182003c37e5af939fc84da22a4bdcc1e3a00f1878405e10533f1ec66871f9,True
1,497,L23,9434524249562692014,1,dc1fcf8cec1d818c16cb9a05ded32888cc1f5835808d2c6081e3cc6465611598,True
1,497,L32,1701962545935766643,1,f35a58e8f9e9a6a8ed4e0f601fd9ace54f9a0129e693e40135ecb0fad3e7af4f,True
1,498,L12,2043535037663840166,1,07072ab7fec92f408c854c3e5cb8c596e3136a7243b6ac213cfb2f53cdd9160c,True
1,498,L21,8964063654788749984,1,44f196f002f096db96604c4e7842423059e07aca03d4d84c9879ced804f96c9c,True
1,498,L13,10976249724461022046,1,7cae78ece251a182a2afaaf93771ef256b347d34c7f3aa387e36ff22bcf276cc,True
1,498,L31,17076728740012054989,1,c99862bc245a414d1b659831ecb4d9dba1307efe4f790a7d50f294f139fc13ba,True
1,498,L23,10735996010199547467,1,6fa918d48e10b222d45e1047fc81301826517a5b863715c639476c7a703992cb,True
1,498,L32,5452102778997433362,1,a005993560b0597518e281ba6af0ba0e0dfe7f79bcfc4ea166cafa5cdec40fb5,True
1,499,L12,15299553024638031369,1,2729fe7273c71f90c3c2ae2cf98d9f543be177dbb1bd7bdd44fa835b552f4c79,True
1,499,L21,792883150871043124,1,ff64a0357676f938aa9b0a1b174d42f83ad02d2ba9d74b992e1aa3ed9948b632,True
1,499,L13,2893322376949446922,1,d44894434e94ad430c0eecd4aaf6f6abdb54e35fc2b726a2d6482bc0ce5a152b,True
1,499,L31,5547738938572862370,1,5e20dfc618dd6aa4fe41b728583d36a556b9c270ae7beb17d6fe2ed66be66932,True
1,499,L23,3305454662608208499,1,5e7521778482232ac21cbf1935a76331148be75f5469b0480d04331cb7c41ea7,True
1,499,L32,5845285742778819796,1,59d7c0c05bf78ebb21a1827d740be36f18c26ef1aa83037e3a882ee609019f8e,True
1,500,L12,7528077568398155963,1,2a314a438380f925db377af1bddddd6138461b938b6edf85d27194b510b3750d,True
1,500,L21,9377821678012589396,1,dbd0a87e039a70f3b9abef8bda7d03a9c487e8f418c489197ba724c767a8dcdc,True
1,500,L13,16069628775233900675,1,8b0203cf0d889a0ef6916ee69f077694f3f80b1e0819ea35454ac3d10036e5d4,True
1,500,L31,11365927827640957557,1,25b8d22554878150b3fbaa12abf0c604d08a1ad69b42aa1b26b7634cd0f1c141,True
1,500,L23,5727753782685105733,1,9551d90082b721ca4ad0a3e0698cde786e941e78897685712aba378c8534e708,True
1,500,L32,2002225355389691830,1,1987f0f576805816fd61755ad7b13cdc05099cc48d6d1fb214250dd020656a28,True
1,501,L12,2450052368071722698,1,2e2637a7e538b7450ea5d85b131cf48c5aff9d773b265d59319df4aaa0db56e7,True
1,501,L21,11255892450905667333,1,da6467daa2cfd27b7f1b20892147b7824764912042eedccd4f78358d2b52bab8,True
1,501,L13,14172439684005062582,1,60004021f774fa04e58de0201ff5a77f8082cee63a81c5856fe115ada825c292,True
1,501,L31,8078875664912134607,1,2175a7b788d81fd1bfe9b4a77fb1f2d46c73fc5b96f2ea32fd544930137db6fa,True
1,501,L23,9200230591436416641,1,61eef500142628d059eb6410ed54cf67db02cf5c9fd1b06593280a62a431cfa4,True
1,501,L32,5525395651516501240,1,933e67371078e42152c7461ddbeac8515f8eb114ffaff7fc6a83feb1506878e4,True
1,502,L12,6375998368378868170,1,8409dcb3ed9b25fa155b36a9e1ad136366edf8ce19fe81e79593250836662f58,True
1,502,L21,16959615079326617246,1,84bc666c466a109e6341c845381f07da0f928dbf1c0abf60c9a7d2f6bf4d473c,True
1,502,L13,9180112545086478583,1,3a3bab26eb8229fde71a382f4125ec82f0af7c55a4b681a92efb4c1df7770389,True
1,502,L31,15727672142566185519,1,7ea623890ca62a0df28450dbf6b07d7cb16bc286e4894fc1537f1976dda7beda,True
1,502,L23,9903171165193488985,1,627a4b3892e13c313c83e639b69a6f587cd7151642ef65555bce4dcf3f1b3c45,True
1,502,L32,13126331285069481615,1,758544327ff1cb553cfa7127f6f271f80f01a020e443c7a4681e46c64346fa78,True
1,503,L12,15767889276977545972,1,234c6576d81a1a3ed235838d907ff5b8e253cc911a45920131320d8e1b238d82,True
1,503,L21,8275234928908531298,1,7012b065ef60a06ea5a03ae458ab45464cb2ba2eb31163aa8bb4322724fe94dc,True
1,503,L13,18426747248560140239,1,9f702442f574c53de6d1e3acc0de23b5e1cc881fd5f104f9c6a14ab5c54286ad,True
1,503,L31,13698942845025080475,1,83917ae66862d94097f75b8d91e1c79e51afd507c287250d52e38ffd58a5c271,True
1,503,L23,3707978717451566430,1,409afc5885d1281a895b716081de8616aad0968ddc7c96ed482019f4e1dbdcf0,True
1,503,L32,8593687864850140502,1,8ffdd5fc9f81bbc613c320cedf9ccd95fe10027befd675bef18ac992699704c8,True
1,504,L12,17999173137336049418,1,7f476302d98e33ec3a90da88f978da139e548f239c0633ffd3fba4811e94b3fe,True
1,504,L21,1638351161273574746,1,d0c805cbe4915b8eb0e75df06803f71dd7fce68f2a979877bfa4d244a47e35fd,True
1,504,L13,2838040038650378434,1,2af1a9e37d688deb5f04cd3bf0759853d294b5332f6a16edbaaf8c6d358748fd,True
1,504,L31,16580477176209672078,1,1f09ebb6dd8e362b6747cb6d79d36bf4a536126b7d7870af5eb4b2d46d6b6e4b,True
1,504,L23,2034365956945862795,1,c354ef7370ebd3d11e698591da1bf8c631919f3813ce18378f9bb9105c30b8e1,True
1,504,L32,2683487888481693402,1,9a0b1feedc41668d0bb03682b7be4a6fba304d6125140de5ca0c25db366020ed,True
1,505,L12,10374307625329194764,1,9bbb0570e5f831e65a570c576f5b1cf7aa4d369aa6d13d94378ac7d5a6a824c0,True
1,505,L21,15359825220432378309,1,2f3aeb2a1cf982df3d39a02feb74a63a6c74e7d469a1e9ccbd1bdf4ec9e6bfcb,True
1,505,L13,9064352780851275904,1,6c4c096f66599887b613c9ffecd4b823ee9153e04171301f05a92f9ac0c66bb5,True
1,505,L31,5444858071824941977,1,95534e06204d79f263d6bb013c26548bc763d6c1db72614bd34a8c4fa27b7c78,True
1,505,L23,11485862479925527023,1,8347dba58241a79feb486cebc136dce6fe5b30269489db4da7b5768c9af5960f,True
1,505,L32,3719759667981624332,1,b904185c4c2a790b290b289529c6feca84f37d43962f16f4c2c90d2f5df1e4ad,True
1,506,L12,2969069574445931922,1,331dcb6b41ef1ca6aa532c4bd20bee9b1719ef9cd609367afb5f47ee19eed6f7,True
1,506,L21,13413338886836552794,1,a3a77cece9878387dd3299178a47e368176b5c1ef3669aa51ec6b2bba5baa4ef,True
1,506,L13,303732533873375884,1,de4375229a3f4de39e69201900d53161c349cf6a41ab7f4905e0a563fcea80e8,True
1,506,L31,499366256926379837,1,05bd90f7119837262af02a0081a992ddb883da15baeec9002ff39de65395470a,True
1,506,L23,8146883111724187097,1,20eb33f311585e94c70b29547469d75d5818b4bedf06c17fc99caa4c93d808bd,True
1,506,L32,1922976905534126545,1,09a624681b24f506eeaebda75378ece3736197780593318dc7eed67564ca9155,True
1,507,L12,14872845092973389130,1,ee14ce3c611e03cba6ebfd27017eb1c8a9ea364d95ff876a1f466bfb814a8bb3,True
1,507,L21,12084166950070329902,1,dfa549a0c03e889a30ee4e6d420080da5ffd5160ad88f6e0c4927d955f0948da,True
1,507,L13,3533962344552604564,1,77f4ce7acec9b844818a630fef2cd6200f70b6e91ba2e8fb73d60053ae52fb72,True
1,507,L31,17957617821476557461,1,30e89dfde1faa01004b069ae80f4f2e8ce16d60e86c0823990f7e675c6801133,True
1,507,L23,15315516005046955387,1,454ec19b11f4ce61698ce1bbd871549f74fc389c1dad3860e4658adbeecb79fc,True
1,507,L32,2832227320274335027,1,c4e17d1e2ee199569c56827b30c496d77f8dab4a7c5e3dcb17485a84f05d06c1,True
1,508,L12,17847671627318213607,1,d3980b7c000c2ad9e5b374063d30e615f384a22b7856d00dc18bbd7a8b2858a9,True
1,508,L21,13340398452980845621,1,07749acf0fa44d2d1fc8c5a3a4bb2cadebe089658114fbcbf7fd05cf64c3c2d9,True
1,508,L13,900218086698982122,1,2b031a5631c0c9043a14b5125d29af3ed18ec263ccb858ab68794026c1a4e4a2,True
1,508,L31,12402301806982271798,1,e3c3d1ad61d511717caae0b48272a53463b71fe01fe2655dbf64e0c9cdf8ab41,True
1,508,L23,17999339614582851325,1,d8fd916d29f7676a04adb1454c8e67c312afba30a852a26401c1f7992589d363,True
1,508,L32,548690215209355822,1,115cd356e930d354195bd1a97d7e2cf55dbecaa1be88fa67e9eb329efbdb33d8,True
1,509,L12,5294703654380315370,1,cecab3326842060be12e3ed0a1902c94d4c6e5763bf459fbb6e2d722597cb238,True
1,509,L21,2022797914763790383,1,b832357cbc6812f11d846955ddac9b2d086a34ee42bf8e365a220bfce592241a,True
1,509,L13,620231325799936738,1,ac8dd6b91a09e44b2ec6127c78691dcda6d754a225a7076707baa8c271c058d7,True
1,509,L31,3874955385320994715,1,c9ba551be0f671b3686b313e6114aa77519a35a45455420338a2c2549a63688a,True
1,509,L23,17727369612525510650,1,82a943d118ef030a63df7d61c1e0653e76b32689405c5cefb8851bb1b9b35d59,True
1,509,L32,10179353132505496552,1,a1be269537565022dc0a546c31d119e7d1b8f953c35e7d6cbd0e290ac34e68f3,True
1,510,L12,3613897824427060304,1,7dbfd44754fcfddb318db52efaf97aa6948f154d02aaec6fc94a3f1401ec19b2,True
1,510,L21,7647458920437189596,1,83f8b73f90f41ba7a857983a58c78d9206f3dcda43eb5d067c4bd9d3bc465ddc,True
1,510,L13,3255270473922979737,1,5fac7c776f46866ef6fde4a34cffec429f5dc418916ffd5b71abd2a253c13fe5,True
1,510,L31,6286455006692855340,1,3f12684eb52b550cf509e0aa159f0c09d1560fe22ba13ebe9e359424d8a969d5,True
1,510,L23,6173473077005414597,1,b22018fd60f5818f0c99f7c25164fa279b55ba01b0aeb79d79923f4be12dcc3e,True
1,510,L32,14886831921534318247,1,18bd746df910e0d726668a88e8295719544fb1c5020e30431b2b2439d7a237e9,True
1,511,L12,14717896644310751255,1,ac8a8aa68afd37d0957c86e19bb07a72333e7077c06cbd27fc415dfbe6589f28,True
1,511,L21,2295237590674369640,1,c50b113917493e5efee267f753c4d7f9bc9379288ae13b7daa53b916bb741ed5,True
1,511,L13,7368522872747945798,1,3543e9c05b5eef968c5279769d64fed43827165870c57f3f3d4e1450821531c9,True
1,511,L31,13935212320274151240,1,90ab1f9fcd2ea16c2b9c02704403b1394d68dd167e05b7e7d9519c0efb1ed376,True
1,511,L23,5315965752475404333,1,f3101264a20e9e61bd30e9d7f0002119d5f27df19266762e7e7b37d162c5914b,True
1,511,L32,1163588134191184874,1,c78e213f496291939b58ee22323f1d2c00e26c34888a9e9b832a90c350ffb677,True
1,512,L12,3758566092844297536,1,4ba0859b2c8c4b3d6cdf9341e81ba3912099e42d1651eccc9bdf90cc79fe014d,True
1,512,L21,9545776929009640513,1,f6ef257761f9ce6705e18454898c85bb8c3d5a462148fff54fe7270ed4d8daa2,True
1,512,L13,6634631249854039267,1,98fe4c8507193de957eb96a2e30a032f71fcf8101f6336e8019b077188aac586,True
1,512,L31,9885625901943167048,1,152ef2f3277a1917e10f518abb12676d4d49bcfc78b467dc410c6c90c7aee6e5,True
1,512,L23,33298896326400049,1,7d6aa6fe605ac2405a502412d41317dcc3a9c9605be69922d60e3786974cd01c,True
1,512,L32,12083909867879417933,1,01a9cc33be16cffbc449d8c8df91bb2dcfaa4f90b9d6dee1d9be1cfc2e9c16e2,True
1,513,L12,3710872471807593042,1,c9d70f9084e7a41610a48609aca35618aae7426218a0d5a49cbd9c83e595fa83,True
1,513,L21,12634354332285356471,1,0703614a130027189b5177d880eb0ff03762d012fedad22b2f710e0b0131c232,True
1,513,L13,6290213763104054012,1,fdd1b020e3a7b148e35685c1690a99af41b858b3af7e6b5c4dfd1f3831728cbd,True
1,513,L31,496148796142685782,1,e1716a0a66da860324c6aee0ede4ff7a95dd69e53b7e055e1e234cde7ef62047,True
1,513,L23,14611946871003798679,1,8d71664b15a17e6466410f2436614421c60930b5a22f7b5e28b8b5f3f336839a,True
1,513,L32,15602620105778513262,1,c9c749ae3cc4cb180e5bb1523982e690829252b2b44141a8e3db279abf5cbe32,True
1,514,L12,4296254388665182127,1,aa50233aa8f60391dfeab565b814b3d1ab4579d619fcc7f1551bb0f372b63213,True
1,514,L21,13501814559933308825,1,fb523b3788f0cfa880b0a0311bb634db3c966f694659cc12fb55bc3901c754a4,True
1,514,L13,8036687153624457685,1,75d01bde03e330f2dc3ff24a349271dc2dcb939e747db40539cac3bd71403351,True
1,514,L31,13685245472754456605,1,04a7ddf33cc467867bbf5b5e61399ce6297582e5f18a89d776749e184e9e85d7,True
1,514,L23,9698153026845267756,1,fa5a51c4861b17494c714beecb52f196c7c002a70b77f73c92c767552de54b93,True
1,514,L32,2465386411232842918,1,14c215c0a2872a2faf4bd728798695d7d8899a80b95fd5cf47d4726b1a685d14,True
1,515,L12,6655906072624799452,1,9ba61632fed18f8f13d7513e67d72ded540659c05d0ff0726d43aaf1ca63affd,True
1,515,L21,11982221233949567081,1,18b62f341961195527f4511f6bcbd2ebfd24b08cb60737691cee034ae5b53216,True
1,515,L13,8941685744428910360,1,23681e521e742f51cc3a2429bf16da6ade03b17681e08b1cc1cc2b05d2964fa3,True
1,515,L31,18423896477408138251,1,f25db473dcb2996626d7265bc827b6425af05aececab577d740fef27aa6f7a33,True
1,515,L23,10409548089903049702,1,db12ea181964faaf17ac97f3895e9660aedbecad69027949d02f2cd763d02d71,True
1,515,L32,4130845915563028719,1,cf4da7771f596abfda83fef54504b5fe3936452a9a03a31e4b5046c9025c9796,True
1,516,L12,5156973710085368001,1,bfa954a783f0953e4bb642f74530eedc4cfacab16eac66f2fddde74aae0fda15,True
1,516,L21,18244372915468047784,1,38581854155948e7927eb2e2ab916a100f552f8c493acaa1e7f5420839135885,True
1,516,L13,9502512508489407797,1,a31bdd3ecb3f53d64efd97ff43a8baed2240ebe7ac3aade197d14bdedeb4710f,True
1,516,L31,153881859863498823,1,62970218bcc9555e51a2d49867c1ad7e41673c0466874c42891676f7dac4b750,True
1,516,L23,3437087558771279214,1,191e2261d766bfe2273e629990a7f8dbe0942115624c8de720c0a4b6e6473701,True
1,516,L32,3435158792997371665,1,c21ad243e05f6d411d080a6e0f1a844c30720165235d01fc9fed0482dfa0c250,True
1,517,L12,12316493518460877050,1,0ef596878d7b56a2f4e316acb0bfb41ee34031936435bc7b2649d206d00bca63,True
1,517,L21,934147020213301228,1,91661bbdd1a0a5f0ac5955ae7614afb06e60d7008140ec356ae0cd503edc4f26,True
1,517,L13,8367999390561156645,1,382b676df9f5335246bbf14c4642e56d08d2db4878ca84b34534d296424bbedd,True
1,517,L31,5076874962402442200,1,82c0572f715d3419a3694ad44f5a1bbe9993af5bd7e8cb6e42549cc3f8f56022,True
1,517,L23,14667020233169574938,1,6be22874ffd49cc9c4f62ef018ad4a54de5c96532264dbe8f923d38c6e2aad66,True
1,517,L32,2389531792674033362,1,21595881c71c613cfa19884a0b8f867610e1221c6dfafe0f3e67b0d8c8cc3c53,True
1,518,L12,4649923321558055379,1,534f6ec41a633db43c023dcedcfd3d30f23946701d1538d7d4cae23f6b70b54f,True
1,518,L21,11170775382080944597,1,bc6c9eadeb1bd91a5473f9d9a7affa7df77faa765ca57186610686572eb5ecc7,True
1,518,L13,14514158114346094281,1,69e424048a58cb059d741dd7c92a1bb8faab79f9bdda434c6dd1de7fd1b9d777,True
1,518,L31,18226866977754471571,1,ff5b3a59c5e1859aad9baf7f5dc72a3d9040e245f717316f3e210358e47e3057,True
1,518,L23,16844714293206893458,1,86640310dc17a94dd068e4c8f03a9ed419c7bde6863ca19e5fcbb7895b319e66,True
1,518,L32,8185435562516875332,1,8890db42e61990c51281e5d86ded2c12b99264e06fe10c7edbac917e91b41bd7,True
1,519,L12,6118609085984693093,1,daf594a26fe934a6a13f4ca9e8c2742e1e6542587f6194b55355dd0e2a108b37,True
1,519,L21,870840867085965551,1,731faf1f067c3a5ed49d32919e67bef51f9059a7dd6baa0ec13917b818863af3,True
1,519,L13,5172000142706887518,1,b687ac90d6d644f0285323be673800bc8dbc304dbff75df6beac11f3999be2bc,True
1,519,L31,12573857378870340033,1,1cf2e396dec9e5bdc407bf59b3e3a8fbd8483549cee8cce97d76e1f5564e7116,True
1,519,L23,7040902483997986286,1,35ae0e931f6c017bf5e19377ea71f27d41abac7096c8fb497555ed58fab8299c,True
1,519,L32,5706319874715618298,1,7159949cdab174f6ea555727f94b05393bb3549fd917d531049b10d7f0bf2520,True
1,520,L12,15722494306016645601,1,8d605a4766530be6399517678897528cdb494f3d9e7de78c49e98b5853438a71,True
1,520,L21,14997890294208976181,1,629bd02038f2c20403f87f8fb9d84056fca6a92eec9af98c12b303ff52f359e9,True
1,520,L13,14671621417623583597,1,3084e5351092f18604e092312fb4642867169d1de8878eeaf8d16c10ee6e0199,True
1,520,L31,10300799613416833909,1,b7666e698a67f830430ad9cf0544294b4c4d5bfdc69130080cebd021e85dc9a9,True
1,520,L23,15111308063932869875,1,50c781499e71f753b14946ddcd55ae0fed0d980a6ee2c7ffe2d234fbef884759,True
1,520,L32,220381895866979536,1,4bb75480cb7c9a8fb5bc00e69743eb8c6a01248efc9d15998a85bcf63cd49e67,True
1,521,L12,9745561627833333149,1,5d399f79b8dd5140e62050a96c54f538a17522437236485ebf020ab6e4cbe27b,True
1,521,L21,13251743155778658423,1,efe7ebdb3855b334ae17cf5965e33c39513ae66e13b41ae7d482fb9289fd56b8,True
1,521,L13,10942518532626025626,1,51abdd36a7fb9e3ae04f20d5c521e3e8de0ad4c05df969a56c4e4cf888618ce4,True
1,521,L31,15181425886805308744,1,a4b11ad53b62027458989486b0f07b8c1a26aaa863b4ff10a48a18d7f5033c76,True
1,521,L23,12415224573671810652,1,77e521ba4f95ac382abc541d91042912d4ab3286149684abccafff835da8a03b,True
1,521,L32,16542004889137882052,1,5f143752a23755e0133b68a543388b4ee9170790638325e42fbcbc5df5ca2151,True
1,522,L12,14206670702472839908,1,14dbed53c2c71b5a747713a3a54fbe813489ca9e6df2826986752f85e4aca3cb,True
1,522,L21,13446301827223395536,1,83bf8161fa43cc67560b092bd52cd397c380b6cfa1ef006fc73f9c26decebac0,True
1,522,L13,12004470707965223428,1,7be5a2afa9e7dff9b84232ea465ecb49bdaf17d2554ec1faeeddeeaad64f345e,True
1,522,L31,604441819799968032,1,e9e3183a191f550a893b5a673a6a5806fcb852e5263809599261f80953fd5f53,True
1,522,L23,4860798079532569475,1,0af3cff47ade12fd17e43cc7c859b55c423fb8320313750d7211a0b2deb46f9e,True
1,522,L32,2726019797464628282,1,696d772fe907e6776cc845a97012762f9187902c95a4121350971636aceacc93,True
1,523,L12,17838063867793654317,1,9e7c1fb13e0886889faf10552bae94060847742da4e70d7c1c9556ff2a325d7f,True
1,523,L21,2630413821672128529,1,fdbc1c87cbbb2402bbad15f918c5fd98ebd7de66d43910ed44cfc2fccf1d7977,True
1,523,L13,17011165407370551905,1,c31914c18f922b17b7fd4484e74eb976204b48cc30ab1309cbb076e6a850c49b,True
1,523,L31,11210904214977297933,1,935530bac97c10c0b9059adf45284cfb8eaef218977941f9b41ee85550970d54,True
1,523,L23,10551679046143136991,1,442fb121a3e7dd783a9a0624e2aaf23744bac24a10c92dfe17488a3d680c7f18,True
1,523,L32,16184833998847785926,1,866b76027560477e9fad4200a6c98bf28eb79c441f22af5d870ee06da886229c,True
1,524,L12,9842186374486987577,1,622e705aa332989cfdc45c2283c8c525679e4f71d8a529e6ab309349195c497a,True
1,524,L21,16507628859834773364,1,aa50463b9fc03d3c6b629c63fa2f7eb4e478b96e7fbcc01ae2ec6f28871d09b6,True
1,524,L13,7702625430979188041,1,e5beca5c78e3e6b38540b2b3c18eaa53c3f02e09c3aed864d3cf090eea8f3941,True
1,524,L31,18281133002848304196,1,efbf39688d3fd4e9e3d9871863c52af7197901f17708d0436bd757502e8c21e8,True
1,524,L23,16895725092762506046,1,e5e88adeaf31f655efa2d61bb7a4788abeb1ecfc2c436f55502e26bcabe36d8e,True
1,524,L32,16479614696976631746,1,6f295d2fb1eaed6befcf239081ce700acfbbd82bb90d5d2eb2ad06dc3c954d14,True
1,525,L12,8694649475299902660,1,c8ec495c1d45b0ff1d55b016f88368df367c38aa0a3a49fa3202b0a3b35b3dad,True
1,525,L21,3060322167851697122,1,b15fa9c8677c5266fb02fb7aa97d1b292634dd0abc581049c577e9a6102f01ae,True
1,525,L13,4813097443974811284,1,45cf76e35df4090f4d28773a772affa29665df220805d950bdcf6e6476e29f39,True
1,525,L31,11144484822782280608,1,1edcae0a2484d6d194ce383cf4dad1f0e67ee3a1205efcb79db9f3e21fcb2d6e,True
1,525,L23,14471304580522861799,1,cd2d06b5cf083acc230d17b6d8b0fc06874a655327b26965643fafccf7d7d2d9,True
1,525,L32,6679251020951278661,1,d45486c7feb48d495eac04e3e3c536b5875866264ab6b3d1a4f2d138c23c3183,True
1,526,L12,13930122534744770614,1,3d19e03afff4beb996bb787b9e78fd892b27e2bc7f2fe8e16b95a7e5cff1d830,True
1,526,L21,17224571191150027785,1,94c682beba16bf46900ab02c1c740cecec0f2bb45ced56eb199e76d0ff6badce,True
1,526,L13,8387027132202808789,1,3930825719af8713b1e6738484d640b2ff5b4c408a66baf67e4a6f63ad469ca4,True
1,526,L31,8337734674618895080,1,5a543ea37619a16883f48b7e8b71410ff8c805ab3e5799be2ed6b60eb7e8c827,True
1,526,L23,13120676431901181738,1,2e04fc94829b7995942ae27abea70eb6503144ee8f58b1921a2960b66f8be2bf,True
1,526,L32,4215850442087005099,1,6c0bd35f089943915494fd3a707a5bd948f126c30c5a89e5db0ef6309884898c,True
1,527,L12,2789033814095593953,1,75051fc7e7929bdc05d071a8eb553dbe53027e279c1916eaafa3ce4de5f246a6,True
1,527,L21,16814282618612843333,1,e5ac0de94762437e13d5448d8a966c1ea50c2648b8476e186b794818e1c50687,True
1,527,L13,16971124766658023472,1,e6f8670ef8b1b2aaa6d30042a6dece9137c368fe57342a2e87ad7199734c4a06,True
1,527,L31,3531113294885757175,1,8c62b126d72b0c24c24dec12ecde1b42ea6b7eea89d36de417ae963d734a4f41,True
1,527,L23,6443403052657805371,1,fd6dd4606388d0ca9bfa43dc7813097c6b6495d5aeba09c83f287aa99a038207,True
1,527,L32,3409257301369463662,1,51232c8417f6aa480813992f0b9055b892d87fa43cdeaa5ff4dba1521775eba3,True
1,528,L12,1150241134852731958,1,15c9735e56e2d5cbde9f2691d4b2fcc1d97a66ec2abe03688c93a8ce0a59aed0,True
1,528,L21,6752419193056357672,1,8f47b601aeb68953e938a6277c5b1ee5cfa37a1ac0b11946a1df30032e343cd3,True
1,528,L13,3693418700890239305,1,5dc0f1a332911883b34a6567e64a5e91f6e4ab01541a0702dec989cf92a57c6e,True
1,528,L31,4101284663138605277,1,152538dbbb63310f29e7c5dae3050437f06ecc463610945d7bcda82cd710f5c6,True
1,528,L23,14243513151874741253,1,7decdbe3b637195c68fc0bbdcd847aeaf5eba3a7ba57b2adfd266c4a4f7ae7ff,True
1,528,L32,3741212129369654622,1,2090b2aa6d1d972c4766d8feeae94888f4ccdd69e80e2956c157fdc4296e37f4,True
1,529,L12,8666572667349442907,1,468b8330bc51b0ce44ee1f60455955717ba47c1034dbe0fb64d0dad57b84e2f7,True
1,529,L21,10489616785872054590,1,6a46d1e94d9eb66191725f17e0303e90165cc3325a6b15b88ee982ee882380ff,True
1,529,L13,10724736272316228446,1,3bfed79a4e644dafddb739cb15499f1e0a57ff2a06be78b454aeb54a348d3dea,True
1,529,L31,9488073926509710764,1,6b111ca2e96750dbfed6bee8f5353de906f798604e2ccfbcdacfe2e17e7194f1,True
1,529,L23,7206823279563455172,1,208c1e5c21e6537757474af6f9ac912961eadc785445aa3f28c84d7cce6cc4e4,True
1,529,L32,17739293538842952708,1,7bae8f7c515de3a8a687c14ee4125d613a9419cadac4d0fc8d5d84ba9e4c75bb,True
1,530,L12,7762382608295635027,1,da907090edc58e2a64d0e0e0d6a5f2b0e9225723ac99dea85ef7f6408c777d6a,True
1,530,L21,16985436692510838083,1,3ce39360d62d385da3c9c4d0e3bf76ee48612c984fee3176196794ab3ab2ebd0,True
1,530,L13,98616433708134232,1,539d345cd7428d2b9eef059a836306c2fe191b696c0ee1fd57f459787b5c9676,True
1,530,L31,15042082913654528426,1,62aa92fd7304e7abebe0b75127fb6be235e53d42b7946d028ac03c66a07b00b7,True
1,530,L23,58231730134056440,1,9b6b121e23b894e95c697f528a4f4513ecb7840767480fe674753df8baf3719b,True
1,530,L32,14186748396736258239,1,6b444e2eb274ded02980b9a1ddbe24e14719ca2466429199b52aba7630f00e8d,True
1,531,L12,13832967129394208760,1,41dc0d7de897bfda31f63a63de9b84618576bae849e4b06c40b601fdf1c245e1,True
1,531,L21,11816078691299082373,1,6cd9da717d8750b75e540f88a434512f5786f0787a567f22fb0841836c21eb12,True
1,531,L13,9258536657213095220,1,4aeb9f38103f79c080dd6f4031bc23ec6f193cf41a2bc71e7aad2d08fddf1fe9,True
1,531,L31,14998791746456739368,1,8d1ce8537681b85ce0585ca002b64876dbd99b027286926034b91d8507011b8f,True
1,531,L23,17833489356454477978,1,5a1e1dc49d4882f0aabaae089a1d923ed52f6b09d9f189b7cc2794cc0ac8b44a,True
1,531,L32,7474013608812685520,1,a7f74d5bc43bc910206a7294e84505f57923a8441b4b71b0d18079d3f9f9f594,True
1,532,L12,2210592734813719400,1,9ea7ee59a6a630ae8a45ef6ef7c672d1ab3a0adeef8c060955bc630072f2bac9,True
1,532,L21,4286006683169070471,1,4ae3eaf8bbb9eb0495b64fa1ea612fcf18bb4e775d00c0b9d6387b19d238f7f5,True
1,532,L13,17276775342916577246,1,972d3155e817381af17ee9a637a49a87b424399508147a2bc37268b4b6211f3b,True
1,532,L31,7405263225630623559,1,61c76fb474fa18a24dccff9a75781a6ce52d286c0f59349b5e4e3c93540a46ee,True
1,532,L23,9793832779985948988,1,f065015df6d4bd4d72b3246e20aa0b171a962f213d9b80ce3698e04662d96f56,True
1,532,L32,9040437961174021833,1,503518321b3d795828c976cbdd73d6873462b73af14bdfda536249a7c2ae5510,True
1,533,L12,1340929840537098912,1,d9fd1982272acb92a9d689e9153f78ccbcb77bf07a2252c044b9314d90e13100,True
1,533,L21,103613944830471915,1,1dbd52e2c8da397797cbe5126e85202cc386cce005d347f5e0c8521c29413e32,True
1,533,L13,10997699815704877506,1,8c633a94abc42d32761007664c71fd6c30006cb8e724c2515f638c5ae108e5ae,True
1,533,L31,2241429880477611265,1,440bd0296ae6472e1dd16fb096de5b3b26556a0095562182e26141bebe16475d,True
1,533,L23,16807531218546608656,1,13948d9603ea3d2b6216e69b8b7a0a3bb36e509544a8b3ab5e8dd8cc869c0a32,True
1,533,L32,7290115642687063021,1,a8f5e5e51772a50f9d897b612a6e690eda568ee36bbe6ebeb8bfb11c989d3b90,True
1,534,L12,1433948997123820888,1,c2bdc158a169674a52ebf6b7b47ee48ff6503b9e3e3799fa0d5af71ccc58ce60,True
1,534,L21,13125436280889628306,1,b718601b19acb7689c25c00fa4d5a62f62180be3818a669cc05436c42db94657,True
1,534,L13,9112310360805765636,1,03a345a0321a859c4757ac6f1c2d459b5569d6c320195744d64b8dd9826bcd3f,True
1,534,L31,4228719440844390795,1,c42d7bce4a3c093afc6c36eebf560ad727913aabe96ad8dd08a3c7ee050212e3,True
1,534,L23,3058223085247420389,1,cacbd404b05f6312ad674eec33fce5f961f7e3cd682173807ab5b42589b7796f,True
1,534,L32,17097482044402694026,1,34fd36167afa00f8710d10f417a114bd8b8013932c2495fc4b19b48b612cd9a7,True
1,535,L12,16165580730235364330,1,32d91276cf2d4c32ee72cb24c2dab50e43ed86725e8301f098402812f3b52c47,True
1,535,L21,11976034517806867092,1,c7168cf3cecc40776d88ed271f4a38fff92fcfff4a60dd9740137d7fe31644bd,True
1,535,L13,14936182984156153605,1,1acad257b5ac64f03b17fc6094973c05fdae3626e0012a8bb20e3047d90038bf,True
1,535,L31,13043837590054525282,1,b62fcca54e0a1e6dc07bde606de850c5d621dae61a79bba3185a6df0c84c6c76,True
1,535,L23,932543675940577502,1,2fd0ae1fc9797f57c83a2ca97a53a86c4fd9aad1d7f7bb69c5ac3fa23631d82e,True
1,535,L32,13929132979429048149,1,e47048d8e9c57223bf098cd63d604c94e8c0206f3c14cad9aa388bb0b16baa4f,True
1,536,L12,16891848529095036597,1,9d4f4c50bf69843d23ae3ccfe827ce01387a57a3639cff92d3467d5930e358b9,True
1,536,L21,913467370612568333,1,1abf3390b4f527d3ca6d578ed2b92c3387bca63d97ec660d6bd2a145dea59127,True
1,536,L13,5427933246260674336,1,0b00d547482e2e72203add62dbfaf9a99d44ae5e85c538f479b01f9843e6c142,True
1,536,L31,9808434298932202025,1,7de32b065b40e893a9ada048b0b8fe675d71145411a14702e68ed35fd7a8aae8,True
1,536,L23,9818808733628206186,1,f6b6e80116c3d69673060d9981741179cd68761c0cb73d7b9bc8e902060c1ea2,True
1,536,L32,13979291233374565612,1,33b8ccf6a68177a6fd12af21b1f897efcfd7db854b9d6b2f572e6ada02e4b6d0,True
1,537,L12,14051296991838472953,1,16160acc01ae128741fe3d13ac5e5fc044dde7439e3c0ef443f43c42da65c4de,True
1,537,L21,1039464638401303977,1,9cb8618e2395eb8081b4a3da32ed52c554bd4917d208c937c9090f1531c80e63,True
1,537,L13,4094273498579180010,1,b23cc88764a5c3577abdcae7d633dc5b36b8d3590b078831e651675b42649be3,True
1,537,L31,11429116494636434960,1,0593dc944bace988d88bf6ff197f5fb4a9da3c34bec73cc61a396ef76ab0ff5e,True
1,537,L23,12193407118705820583,1,09ceeb9a168bc55103b336d536eec0cfdee357fe9b1a23f4c070fd0080e49365,True
1,537,L32,4048179485826366976,1,14fc178d6347c957ebd9ce227be5f5621d62637767584e0d937f9a89ba195ee6,True
1,538,L12,4912562576971773114,1,8f01b0f6b4d1715156fd96ae37e713b8f53247f7167aafe26209c1b9c2927fee,True
1,538,L21,7324599097462719548,1,4de542fdb692c943e7de1a182898ffa1db48e71ae8c9d12fd4866791c35d3b4f,True
1,538,L13,18299357317522326667,1,9701a27f4f9e6c7b708b80cf166ff2634c753520131e314cd34f9757b2203105,True
1,538,L31,13765274034949675463,1,ef32d1f10e5198c0a4e662862b95eb9b049b7585966776a5cd71cc08ebd26846,True
1,538,L23,16047176906302964220,1,e913030d0e883aa2c07579a772c8c1ff59615220689426573887748576fd51e0,True
1,538,L32,7027525935182362006,1,8bfdeb87cfdb85561fa25394d10d5349c6fd257854d2db3892787f61ca3acf47,True
1,539,L12,10891691986745738873,1,e0953f4cb04eb496e1415d47d0409eeb6e1d47ba5df43718b61f2adc10b95e36,True
1,539,L21,15507420704554871657,1,0afecaf4535229eac9d3fb11b21644d1251cf56d458bc40cfa21e0d8bbcf105a,True
1,539,L13,4762495972676907564,1,e156002112b471714f23d3864eec945f660a8b8eb991a8eb8458b0e1f6354114,True
1,539,L31,12991025112444760047,1,cdeafc5111b22785cc82d67c3ebf9b05db9480325d2d8032299ad4b378bcbab4,True
1,539,L23,10534528760455258011,1,9618e11f31291ed2a831521d31608e8b93a78d52328886ee3c3ee26cfa834eb8,True
1,539,L32,15963879522384373683,1,f56508443c62fab221d823ea28e0b48b1677c3e5b89b8be4a9c7b2258063688a,True
1,540,L12,11999295580684439181,1,00bd5cea26cd9374aa53644618e03da18ddf1de2b246e200e0d7b340a3b30e02,True
1,540,L21,2002990600715092792,1,d058d30788743408326309ef025ea49b3c5d249794617ef6118b90cc208f455f,True
1,540,L13,255100272326066647,1,6a4971e21548cb6ab4114d061dc80bec67a49fe67e36c76ee7b2cb7a21e9dd07,True
1,540,L31,4033958024618553695,1,230cc953b29a9a5e8f6a3a9d07ea168f11b74cb8c2d56723f180a243d48b9e5a,True
1,540,L23,17708775648296205632,1,ee47c3c2ecfda5f318210c8c0a8a9f37a472db52b4caac07dd27fc5700f638f6,True
1,540,L32,8128332241993818291,1,7e2875d9d723a883e26bd8606f62e76d96c0584fd2d6b5626b5c476515000a81,True
1,541,L12,16981289778361629501,1,a949daccb55193a0520bef5089c8923f34028955c4eb79f66e885f35e5b39e86,True
1,541,L21,14329576206890332017,1,19ff92c5710e466650439656e552a45ad3d19db008a6bece5f1696a60b8abdf8,True
1,541,L13,8131463890978738029,1,5440c89d7bd19834afd9c5f55c1015c751786057d8f5920f6a7d090924d8ba89,True
1,541,L31,8409068173504569824,1,af62a609269f121b209f1a994b16593e6748c526a21bc670431c88a2bca10407,True
1,541,L23,11993567983808165384,1,6e0b9629672e3c9aaadc0fb879b90f230279451c7f6532a1243ba0e4f2575b8d,True
1,541,L32,5553836377703070939,1,d4ed07b85b7e58c4e4924c510f6b141064dd9a239363373a628df751959b2501,True
1,542,L12,9580668946059713791,1,87153da1f60de7b481753223027f9ab3ca224328e7038baa456fdb5d91737cd6,True
1,542,L21,11817275241926553500,1,6f84ea99dc68d4d42075bf64d866a2e19f95bf6c824a83abf7bc4f43cea120f7,True
1,542,L13,3189185827254739214,1,2a6e7268f64232a73a5350e6c52de9d29647f6be10e96e403202b3b3f15e0cc9,True
1,542,L31,3908944164893098447,1,6824f8599bad412448e9447cde67ceb38c476f916c4285cb1b05bd73cb4c2d0a,True
1,542,L23,18264355419381952357,1,e033f33917026221c027131bf310c917347d5bb7ed31c38f898a2b775ab4563f,True
1,542,L32,1187247957472675766,1,1465881e4fed22eb15439d49893cd21f1c3804bf9ced4544e7085ac258e80f17,True
1,543,L12,6372793278909070618,1,d478a4582b3a37a7d36f517439da228aa9b1c280b177d4bcc04de2679025f678,True
1,543,L21,13789781929005860094,1,a796f46af50f9ca2f0e20ddcbad14c65534b6e37d60dda4546fb9d8d2aeaa59d,True
1,543,L13,10097047344021512583,1,9f0c267ef27e52e7fa207c6dda8573b63daf0ed2169821553e8758a1af96cc76,True
1,543,L31,453339173338240639,1,55f7f95856062aec45147c62f646cb9e12f5971bacfefd00781c662bfdd841e4,True
1,543,L23,9437712709685329728,1,3d08ad6d3d7b83f65b7b41d3eff71a70ebabd3ea53488351e0b905ac0f053f15,True
1,543,L32,3696857604865539832,1,be4696f6f24295be8a305b29feb8a223fbdcde3df7c28f88a5ada50826f2dfd6,True
1,544,L12,4580476220986874679,1,a0f4a41f7ae0a4391ea28fa5a2daffa07052cf8488358609c2df1a64f775708d,True
1,544,L21,12421884596387397004,1,07f7b8de67effd723d882c20a441c40a81d28f02f22e4317b161f7c3022d9adc,True
1,544,L13,13268628502298649091,1,5845df7da48cc9c588ec106f76510bdee01b8a5b7c830dea5ed68d1dd528cb22,True
1,544,L31,12452548299704993568,1,edb01b0f4084194e483401158c128911c1bf18ebeaedbb73d1a12f0e49077025,True
1,544,L23,10980590634782779285,1,a4b8c89e85a0f42090e70cf4d8dcfe1d90e2288c8d93d4b9d268e36594998575,True
1,544,L32,9688888566836307165,1,1bf3025c6d483b2a581541bf53a814ec2610daaf8c9900adce6e47ba2a925730,True
1,545,L12,14708481743523396896,1,1c894023143121ea9360d5151ffaf38d1de5df8f8a157052cb42913f1f6b27ef,True
1,545,L21,33678346140762995,1,6983779138353e22ce57a5ad1a76cb0021b757b4f0af5007af3d984d5f807786,True
1,545,L13,6445441683485049419,1,c452b9890c1d0fd29ec4c8398f4c7557192cfbc6e95662d047f2f806c9431919,True
1,545,L31,12187468809846239817,1,2ce691f5986f2cd98261fc9520ea86c5d85e94befbd87b95b58027c18debd796,True
1,545,L23,16072969499693854247,1,18631cd0aa711ac9866f325121022a806d59d3df7b1c11b3db7a55a8c1bcec37,True
1,545,L32,12098376351962056572,1,29843ac16ec4ce43c2a5fdae0a4d35559ff02ff3ee2f4637f453d033e2a17ee6,True
1,546,L12,12791490384167062512,1,0e427d85c916f3f042ae51843c342dde0538605e38e9441c8073aa65f9053d8e,True
1,546,L21,8287311405632800497,1,52faad46238ea42de18dc9e57ad464b8475fc41d3dfbf8d46c01655a049370d6,True
1,546,L13,15405065109572986773,1,1f7307026da94b32217db5166c29fa0263eb8c0eeaff13888ce121ea3a95b9fe,True
1,546,L31,14926457671296001706,1,20440a77219bad970212d0a7dcfb6bb81fdd3f804bc917d6afd7f0d2590f4476,True
1,546,L23,16062146347828520018,1,84b61c5cd32214765300b64e62a5ed24ee28ae1d625125b641095f04d135dc66,True
1,546,L32,5886550187852243159,1,b869ba0a4f3730a3bca25d5ced157240113aa805f2d54952a9976cb41c9ae579,True
1,547,L12,7533178998192433346,1,2844a1eb70606154770e0cf06e6dd8523d2bdca3497676dfe50cf28967027656,True
1,547,L21,6731868860632743897,1,5e4c6bb6c5aca10252a15339090b34d6629cbef2c0288200a0b65666ba71ed4a,True
1,547,L13,1830393221703473679,1,d74730a04dbfffaafe9b3b5ec0a6782bf3ece548f8c45554258ef353bb42aa26,True
1,547,L31,7307106781192439053,1,e5dd0208ca71c7384d02510132e4dd4f272815ea23e883cee6e9d38ec96d8f33,True
1,547,L23,10963566731013383081,1,f8721f7d4b8fcd2e4f13bb68a6d82b7529235ea7d6df42a62083fc0c76ebface,True
1,547,L32,1367428361405894103,1,1e02b8b745e8e0149eae58498e925a6fabddeddddd874199f243e76b957388c7,True
1,548,L12,9586899500276697354,1,056825e98184233a64e5707ffdcc2ad8bdee77943f7907201e9ae458fd800b39,True
1,548,L21,15623127584453268095,1,604ba5460b2f00df38788568c3a0f777d82247f9160948f94813391ecd508945,True
1,548,L13,591139290755554590,1,d61f7f4926be90d300283c011730656551ea5be8178f5192de4ac4e3175760a8,True
1,548,L31,2362453642047718901,1,3d4a4d2dd1df8f2ebf6d505286b952db20a10bc7105e86bf472b5b5eaa5fd422,True
1,548,L23,2300043821933430750,1,e34977b182bf17fe35edd2bcde912b8694cb4a1547ddd077fd4c0769ee60146d,True
1,548,L32,4644157477858384691,1,134b68814fc7fcca21b02f2656d7eed369b8c148da8ec6ee910f460634fcda6f,True
1,549,L12,4926391368012992261,1,08e4da1919cb38d3baa2a93ad2ab800e893d2eafd5b6261d0d45be8640ba8849,True
1,549,L21,4470651957378754237,1,cdce3a85c1c3e31b68a3bcf26febe26e25ac720cee5d71dc66762eb527e5a1e1,True
1,549,L13,9417272440302374724,1,e798fd04800946e2a72a249797bb0285d6f06421f8eb628a226972a9d971309d,True
1,549,L31,6870431694275381655,1,a7029b0c2f02672b5d0db430764195fca571f00add1a60f6b9f159ea4a03fb17,True
1,549,L23,10174754965873429349,1,ce34613cc0e9cd0051500ae280a6fbb6d908472823e0b48fa65597cbb43a7e55,True
1,549,L32,5295316907110829851,1,15a73a4452e821eee7e359d47ca782e9af73fc70b3b4914d6bcab05be0a7d2cd,True
1,550,L12,16701179055012340932,1,71cb618bdddacc4ff7876309c23565920411f978aa853e25676f5a7a589ac294,True
1,550,L21,12838977667634858640,1,5cbda60bbf52a32ba291af99745d4b40666979deee7874eb80ef8ece508c9fb3,True
1,550,L13,7638032535373513048,1,10cf907aeb233046d86b04160bd958155fb1c9f9345c11141327ba2f2743291c,True
1,550,L31,2281428008534046189,1,7731536d0a9ef1418b0e7078eff0824f598d74d33967946dec5c1010f2c656e3,True
1,550,L23,9136785722317074803,1,24d0513c95ad6a78f4d7b0800c493dfc87cba9043e81d06f234f5bceaf9f554f,True
1,550,L32,5086515404022606740,1,3c370a988fc7041dd332f6870027b710fe29349fc53af17e7ed1a604519c04de,True
1,551,L12,5461241151504467892,1,ca73090ab808175c961e6d876c5717314648d5120a1ca32ce2e634bc0ec7ccb4,True
1,551,L21,15068069301146149298,1,102a38d01ad103a6da230e640b057c45b74145022c8247f1b0a95e90c4f23d35,True
1,551,L13,7571897442827532338,1,8c27465fc5ebeddd3af6bc0ab3c3c4a86de11b555a28f17fe67a385f3d1f3658,True
1,551,L31,17428169382187723523,1,d43942199e730b24aefc1ef5700e869c7d7006281babfdbf69be812661f61eb8,True
1,551,L23,2146757605926752268,1,7c0f7cd224ba13f8c0649c19e4a20d578b6398aa94270b5997ef607ba80b0732,True
1,551,L32,3376363439801533856,1,a5bb62e582904a458a65fafbaf0aa3ac501de05faeec58c0d2fbe1b05c6bff4a,True
1,552,L12,7018965220219664364,1,5b69acd533a62ce1c39280fdfaaaba13c74e8480b74b5c8eefb5bf1413cf743e,True
1,552,L21,8696755798959527780,1,91f85e0b6a764039ef08836f20a331e3cde19a2e4b0dc564069615fd2a9dda36,True
1,552,L13,1550416216248216029,1,fc92795952079308cc3ff2b2e20030b9e8a221e97d30fa60e993e7f392b1e159,True
1,552,L31,11818120063307782349,1,1f5afa05e77dc49a02e6903cd1910004dc4442f56f17e1bf853b470be171e62e,True
1,552,L23,15784587384740118258,1,5f277aa12aed71e90b4ea79fda45367a3dac157f661c33b6f0b47d61675d4a13,True
1,552,L32,15634547956366847571,1,81d46c58fa8f36e457797c12d478dd2344af880ce3bb4d42eac78edf93ed2291,True
1,553,L12,17570003297208243800,1,59aef09711425ec83d8e431ca6c803dd2e90c7cfd0a8df0265b11577b7a3041e,True
1,553,L21,13468879977878736150,1,1146a65e52e99e328517e9d62dffa99f302dd73ff476f665bfb2f88bfec4e5cf,True
1,553,L13,6357938829065293662,1,7808feca176683f504372548f2d12f220f5cb4daff309f4f443d36b567f5f8df,True
1,553,L31,855523376243446662,1,e66260c13d78f198d8c2c74c968eacdfbd463f5051c8ac366e6d2baebbbc403f,True
1,553,L23,18403813352696576033,1,3b4edb8272f803ac95871953df897491b9936b0351a80f671e7c1157975faa90,True
1,553,L32,10846492158405543227,1,8c0dab8577e390085dae726c9df72e2bd91b03b615490e0550bd1423fa6dd4bd,True
1,554,L12,1936090510337150469,1,b31df6f2274616eb36a57077b6df267a1c701d3908eef647cd1010af6ca7bb21,True
1,554,L21,8319578701307459197,1,5d7e6bfdce8ff56fc317b840eb579322ad5ef11eb32f34d6ea84f93011f08fe3,True
1,554,L13,3253366076789272137,1,37351361a8562d83f18ad7c22d8be83b99645fcb7ffe86e1569612c4e2e8e134,True
1,554,L31,7372708206556527618,1,5381ee655d4733f41355c3be12d36f04ee1854b593d0320123bc8bb4c2eca4ab,True
1,554,L23,2641405566405430568,1,d2e652b874f0fc9a84b7512746b4d1d008efad8e0b1c9cddbb6ad00450fab7e4,True
1,554,L32,5484609008314951639,1,b3899902ca1a357049fe6c1c31b493859079596eb425b5f67a3b20104fad87f3,True
1,555,L12,9448443130267201303,1,11949c30122ac65f89621b3aa47c4091b0abd4f960d329c2b0bea97fdb00e659,True
1,555,L21,6077222566559790699,1,71c91cb8728b72efa6ab98d6312393d9d64f085d63a38738efa7deb9bbe93fde,True
1,555,L13,12424090739123659183,1,a14bdf8982f543e2a27d5e7264b8f333b69e336c76531d6765ee36efa469ccb6,True
1,555,L31,17199798423458347680,1,07e20f546a2b87cbd9d8bfe68b7017ab72af7a48a007f08f98b05a6e22dc44df,True
1,555,L23,14521521050674270197,1,f276753609fdaa0a009c0fc4ec0f0168e0f280355ca3a227430412e95987c623,True
1,555,L32,14500236624372850014,1,59e4fd55bbbf253ed419e9cd986ed93d55357d5c13b0c646721013d89b3df743,True
1,556,L12,15072572632514736007,1,51f52a21ade10281a2d58787d27c674da8ce6c11010c0ed40a05997c1928ce42,True
1,556,L21,11630001424221379585,1,20dc517312a6c7b3c92133366b2026ac67ee92eaec3802d3408f8570e1a2bbdd,True
1,556,L13,12334751513105811688,1,1d8f2b04f511a7b79d4620c74c8ec1ffed93915eacae1e2099d90fac2ad23c54,True
1,556,L31,12131364253863079562,1,c2a2b95db22c80bc8b3465d55cd5dcc25bda3e40cbce521a3dcd38f7ce704d0e,True
1,556,L23,319056019022135483,1,50d6b3e6dfb880af83882b8cbe05ab2d1fdac314f3b00a9df18be6d9c975de4c,True
1,556,L32,15700107855282641246,1,a205ad3747c179ae9d6914930e10889ef12864b62bc943ca6e08ed0ac04bd77e,True
1,557,L12,5668278214612185853,1,a5de591a95b4d17eac9778f1d36cf99e3677e398ecbba972018504cbbcecb6b4,True
1,557,L21,8375941569839228955,1,5fdcf05518c27a34e2c942daa9e0a43d3d661a478c4e2e9be26d26738af510f2,True
1,557,L13,9315347331538011498,1,9fa6cbbac31f1045826205d28c278f8e94df1be15112d64b73a7545f56ad86e2,True
1,557,L31,17299428412785234816,1,295ae6ddad7b5d404cd4ef23ac230bde8bd70f27c1539b03c6367e601afa79bb,True
1,557,L23,3194769185509724889,1,89a92868749a9db97942ecceb02333a3de1c14471f8dca33654522ce08300969,True
1,557,L32,2210064753083147228,1,586082d1e021e34db6275bd1ed993dab92cb42af2e6dc145aa1ed06e8e0dfc02,True
1,558,L12,3347053231253553980,1,cd6d690df796405c7a29158ff4ffcb87ff0d5116c8ed93eca2d98ee3c4eca400,True
1,558,L21,12468487080674721363,1,f2aba015a4f843161a657efb15e89b7c57cc13f726d673718117c77c6c786a24,True
1,558,L13,11458571598077889845,1,af4df2a3537adead9b057787da62111fdb22cde1b5452feac0170293fbc602b9,True
1,558,L31,9745703457016749641,1,9f699dbb51f9bfb96c29c5a33e78ef34d5fce1b20da73fff31aa3425aad9751f,True
1,558,L23,14567722222603055450,1,364a2a022c39a4c6f4ca815bec94f52710aa82c0c4cfc5da61157aa8e6acbe79,True
1,558,L32,6008501776508147124,1,e8f566eddd8edf7135fe8dbf1433bb38a3eea6f5574712e5c193c9c337064f3e,True
1,559,L12,5149991079503570976,1,4a104b173ec2d6e177d1592c3e301e0fec5f567b155e5b99f3df855ed3fdc436,True
1,559,L21,4265294394799029328,1,899df1687e0cb44fe5b9a1e9690ceebb0b46d2df33221900f9622027989b99e6,True
1,559,L13,2105745003752968810,1,70d473688808a8154fcc76e5a800ce0e6c14f08bbf7c787a29f1a886820595d3,True
1,559,L31,18352685976697292625,1,93b417dbd512a9828a8025b83f5224bdbe7530cdf14061e891be110fc19b85e0,True
1,559,L23,9056981207945673098,1,90248c55b1ce3d74971b50b103103abc01d4995fb5cabdde365611cd50e7fc69,True
1,559,L32,16543481316759731398,1,000dec7940eaaf669e08479fe5f3f82abbc8ecbcddc208cb0465f38d991465a5,True
1,560,L12,14351317340169582401,1,8764204b0591b7556b6879766222e61b57ab875cfaf809d944739ae21ad038b2,True
1,560,L21,7870788683650759107,1,04ef23b2c35aec6d802d71b5b3b0aa763580acdf06603102caaa530be6883420,True
1,560,L13,13828083812392474102,1,a7bdf518ca26c63398692da044ddfeb2c3b74901ed98c745ec2c8d9d8152ce3f,True
1,560,L31,13306332686627128951,1,83eb334814a27c5fcd83e676bceb00ccab5d76ab6304d6c97c44def02f5f8801,True
1,560,L23,2053348493377921227,1,11792e9f28ba62a3b070b4ec38f0f015bd7b3c57ebb7810fbab43bfa5deb49c4,True
1,560,L32,2226072039799609713,1,db54d31e59b9c985b3352683dc10827ffebe97b671948c970a099700c032d31c,True
1,561,L12,11286429024864162459,1,9af5fd6b88c7510bd09ee9efc23a1ac11e006be8f457d5261905155d46734688,True
1,561,L21,17599671248757975326,1,e4ee8c9663614cefce37cfa52dc6d15534cb2cc1e6169bf8e5419b87109d4214,True
1,561,L13,10854046401353169353,1,a6eb22679556b4c707245edceb5266e1c4a517665a59dc301df6506b85430a6c,True
1,561,L31,15002701375457966236,1,a08669bcbe32400da4c33056f4bf42fd30b4374dcaa14230853cf7bf77a21dad,True
1,561,L23,16718542390254227446,1,c2deb1c5a6b9830d852665b2b77648616dbe569e24ad97655440304dd3441030,True
1,561,L32,14256693993112789949,1,7103aade5945be582783348e1044eb84d2654adb3f2ef30e9d864b808cefd0a8,True
1,562,L12,9869447388478231250,1,df2bc4778862a62b0844b2cc9d85bca393de5572d2cee72db738258644723499,True
1,562,L21,5794411698104525074,1,759b66c493900b79aa79c8dbe1e0514069fec0e78a0da64ee81d06eb60461d77,True
1,562,L13,10090974199718092266,1,8d1a830feb9ac0ff134046c96be562ae5aba88be85da56086c7bc9ca67c94803,True
1,562,L31,12733029357187664941,1,17ff48606243311bbe77549652a43b8f6bff1be196ed05c2ff05dfc36601b8ac,True
1,562,L23,15107961023921711204,1,bfd1525cc2a46760dff2b691e1ff924c7522d12135e3905b1f8ecd5554f62a4d,True
1,562,L32,15784571121977227514,1,319f7d77f39cfba82086b3c9c4c08ba0594cfd9a533fbe5452b864b75c88a7d8,True
1,563,L12,2542910290783868653,1,8c19b5ebc1c2e399a08070683f7fc2a20c1299ba481640cd91fc63f60fcf0c10,True
1,563,L21,3161036324265032807,1,2bd34e4d166fe1765a4ac8e25fcdc84855ce7162401f84a789cc400733a446a6,True
1,563,L13,10262370395151736376,1,e072c7ff4c8b759ed6401ab5133745d14e8c81e6768a3cea4d7fc5c31970d4a4,True
1,563,L31,6750979620878297998,1,29d791cf61f05fd5ecc90eed3d10426283f492af242f9d12a37a9268445b4330,True
1,563,L23,12140432713286807705,1,ac3aa2ad40f93068ab31893c31911182ccd65402ca88830228662d65aec8607e,True
1,563,L32,6547910303722684906,1,d3c88c02cc6bb3676bfefa4023be89efabae4b1a8fe5129579f5612d1079c8c1,True
1,564,L12,4612318520642718982,1,79206ef77a76f10b7740cbad4ed5675a44e98a54079b52a38da3d9b46866eecd,True
1,564,L21,15253402760002404243,1,a59d1818f2f5b0d9e0885d4b3584b245ea3f5d0b15d8ae2362c4bacbad60787e,True
1,564,L13,14970216112498338343,1,1d2fc52debfe5aabbb2d3b5258984897201a94099ecd750a1c1830d0599906ca,True
1,564,L31,2143833444895957408,1,7118a37c4f92cbde24f709b6c573e63541c43d26e7b01d961d75dd5e68f99edb,True
1,564,L23,12867057437496350783,1,4e0961ab28b4df0c97b217be7a23215eac7de2f8116f777284025ef896ddbb09,True
1,564,L32,2460659705851802078,1,8317d5ee9c43223615f1a5face4da5092199eae6aef8a955cef699d928834a65,True
1,565,L12,3891974675100586647,1,07b2b532ccfa1edd42d6dc0406956065c9b7acd9cd48ad89e551e8e4bdc4c9e1,True
1,565,L21,11392565712693857551,1,7d14ba767b6c7e1822d0a23e3e0f1eb9e1854952353871355478fc8a0c4d466e,True
1,565,L13,16018989571601519611,1,a6728577b0a2651f1367f1685eb04fba104bba80233b2437eb77ad24a82a6a5b,True
1,565,L31,15087280943425926345,1,1cdc145be40ecb7f0173855dd526c48495c4cea9e8d2cf53a9bbff8dc221ad2b,True
1,565,L23,8149766028562700290,1,a64157f9422d691d7f73aa00d4388480f3c6fc3254df70ff7ba8966e23e44a70,True
1,565,L32,16066140295973567122,1,9e4cd7de3fde93e00c36eec7b3276512a85c6d565be6930bcf6796c27124a7f0,True
1,566,L12,1701608574056444109,1,7dcd47418b02ff01b581c78596a06d2b9ce170248b38a4b4ee316292747d0548,True
1,566,L21,7265063553274883224,1,c04c91824b5888c8d770c6572719f255f6d05ebcee3b4360c4cff6efecd1dee5,True
1,566,L13,17376362724888408884,1,05ad8720c38f24e132705a713c2bbb21bbf220e1bbdbf19c19a1c94cdc11d144,True
1,566,L31,17338758074063671173,1,077cf5bdac5aa547eb6cbc8fdaaf10fb3c3546dea43af8bddfaf371eb4351327,True
1,566,L23,355729597999029125,1,7b75a75ac503b139e959a4a0ff2701ec398a1663ad049bb2ea8f55fde7a273dc,True
1,566,L32,7538835265531202108,1,33a111f9180c3a2409c7fe6ae2bb775667cc324e3853cc50d81d058c7f9bf3a2,True
1,567,L12,6321794375921390957,1,9f939e19ebc7ca5b5e53a1aadf30f115155853699f31ff1496fcaec17a7036f4,True
1,567,L21,9682053708706737268,1,0be30999a223908eb3152f4e89ab0b7f81ecb645e4d2236a076e2a05c44b135f,True
1,567,L13,14451902259893950112,1,f8c76767153ea9686020fbea2e5aacb750617d9025b4398b1243ab83e089a0aa,True
1,567,L31,565842033891591211,1,6984acc080ee34c25ff4d92ace00ded200997b81c4752cee7a8682ed1849aaca,True
1,567,L23,17882915517423207278,1,f32d04aed5bbd2a785d4c9278828ca3b992a8b498a286d9c9a0f5545708e7158,True
1,567,L32,987708998278498099,1,c0d1a4a7564c6ee993ebeb440db57643c81662df7097ec2c58d8b3ade8aa90f8,True
1,568,L12,7214598535586563764,1,2987ac558a0025aed1946346cd0021eff031e3e03e040eab68be61c8bfd7d74c,True
1,568,L21,15620903285598765238,1,256776d2c5b38453c818d82621de8d8f0ef2baf7a0badb881666ab5074b741d6,True
1,568,L13,2132398511786724958,1,2dd0e32a9ba0c307f6fa61633e27c90685277e564282e9c0a3bb7870f50f6bdf,True
1,568,L31,323378957370548878,1,e154509949d3d5ab4ed18532581211ed53b03902cfc0dee7aef275ddf1fee3ef,True
1,568,L23,16234630157160017911,1,5edb807592f3caa05a5e79fa65555a9496419818eb2322c47198b657186845b0,True
1,568,L32,1112823443850523863,1,bf963c9bf97baf986fffab76cd0d66e2afd48be333c4e724dd537aa949ed064e,True
1,569,L12,16228026096083034809,1,9d2a39ba8deb2b36e954a3389555fb077818761ce7984cf950d045b0e581772c,True
1,569,L21,1603494026458185683,1,a03969714f464791027bfc91715c4b15cb6da766694bc792e4624e75d5499592,True
1,569,L13,351814661061366565,1,4ad35e1a6c53b2e683884527a72643ea830cf2441beb3cf305c5cdc2a3f91d23,True
1,569,L31,4319726661406505569,1,286d596f531fe45b2d5491aeab51cc968caf7f6794edcb5d14a5050c3b226621,True
1,569,L23,12861358607589561144,1,873b8f83d0673ee0093a627ba05a9e73c4b3afdfd2107cd268cc8fb8c23795d4,True
1,569,L32,9487743584255085510,1,9248c454bd7d39ec84df5d4ab2fd77aaefa20db6a08e5848c42e08363dcfddfd,True
1,570,L12,12874273355155844054,1,1c454bde97a4ebb87ba18c3504ae4aec6d490b2ef164a0831f245778788c35ec,True
1,570,L21,16096535422867918440,1,16224f533d429d2f6e6a8ee8ef20e85faad3cc62b414b23da7b04849ff901616,True
1,570,L13,7460158162350924860,1,2c81d934bf87d9812f28c0e4028d15affb5da928f432c2c766993bf2ec6c6c65,True
1,570,L31,2695066640403448420,1,333e340f2ebc997361bfa55e20cbf0bdde7d2abf4b1b65f89b982b93c913dc1d,True
1,570,L23,4721615967831469108,1,d7c027cabeda74b51e1d53e32283251b34b747cfede87f12ffd8aed98953700d,True
1,570,L32,6585605983139965421,1,7a2135e0194d6c02e58353f078bf10d98b3c357a77f14a1e1088f927a9dbd81f,True
1,571,L12,6472081702327281597,1,07f0191296f6b48b321c19b7a0201302e23cbf9b25ef0104c4f8f2d46f7c2c20,True
1,571,L21,5070214394044971596,1,531778896af8dba290389f4d537fd029d714d63d96fe17e8baa37246bed451e1,True
1,571,L13,11239650933354710403,1,42f141b27f5ed952458d082acc8397188eb7875d301c7a09b0cab64cb121ca3d,True
1,571,L31,16933538801624224598,1,163e12d67e9578f2273ce01809ccc4b1bb5731941157d61794a7889024f9720d,True
1,571,L23,5470783606360209742,1,9ee71053469980efb19443f3344699889f828102e0248649e17924fef6aa7292,True
1,571,L32,15555089817174476381,1,bf92054ed31f9f65376a701658b0f7f42aa6567d135f85fa57511615f7c12d5d,True
1,572,L12,5520386519925439031,1,0fdfb80ae980a4154aceca346b3e5e033221e43379d0cab8b28f6c715b2d58f0,True
1,572,L21,17426723928587721192,1,9f14e8e76891a906b9d9b2a0bf75ac26e72ffa682c09ddce5536304677d778ab,True
1,572,L13,16330152288578236613,1,9c3f206213eeffaef40cc163533678a798ef2ef730a0b4dbeee0993dbef57092,True
1,572,L31,7227023091849983530,1,aa779974a3169b939b41c37bf373ab490675dd080952a6b425f8dccdc703f3f6,True
1,572,L23,1350502158626645001,1,7848341a487c4e00cf17b64b2009fad6421fd1ba7f3a380861410482ce0bdc81,True
1,572,L32,7827262826112553051,1,c868738944c9bb3d5b20ed372b22f8f6b5f2a73a19144a0c44e1e79eff7d4b1b,True
1,573,L12,6794504616446809271,1,3fcff63cf9c36c2c4e9ef41d386719a2899e3d76d910a2178683dedc7b46f59a,True
1,573,L21,9355511522239191541,1,3d822a3cf36d9b0adb80b0c9fce73897ce721cf0f36c3c1919df055e624d320d,True
1,573,L13,3414255002534589640,1,a72c6fb6db11353be2fe98ceec0cf90793c72ff6fa2f85b5c8e21e39393ec2a8,True
1,573,L31,3154668258550340301,1,2760e6eb9a0694125c9d64c3c6123d9cbb7590555e60227c70941ac9f6a87f35,True
1,573,L23,10558307823553629690,1,5afd00b0205ba7377f3ae8a0e89f9bc9b2e2e0ac854702bef26230ef5c7449b6,True
1,573,L32,9225569111306148687,1,e489aeedf08ab2e0dbc8a74e01e9a9a862a0b0f9a4d1d169486a652405a56b12,True
1,574,L12,779662177388271433,1,6538f9a4d7d2975a6548746a0f3223ca8b6200d4b3ed71c7700e76df6073044d,True
1,574,L21,9360421004878749837,1,bdaa74ded8d0c5fd6329ec198c1ddbfd9a6706569124d01c3f5ec1336258028b,True
1,574,L13,13839401457448273435,1,a42fcc1445f053f24cc51366a21b7d071d5b135989b241b59af3b9740fbcf8e2,True
1,574,L31,18102363092634562536,1,a263267d4542e251bf6410763001c7c415262d06d14ede35105a58299d405a65,True
1,574,L23,18342887167479939305,1,10b9242150a342c182240eb921e5e3ba9c94d61310a7f62602632274b96b851f,True
1,574,L32,17770942653531556643,1,5a2c3ab128a100f31de03c8001e5181459ddfcf3b19de7d234bec2618c52b6ff,True
1,575,L12,9635332687141845412,1,62633e3bd06414eca630e778a3fc6fff5d40cc6dbf8f2da08f617943b97e51e1,True
1,575,L21,17804710841932968055,1,f68130cc41a543baf65290505d3aa8e9789f4ba1cf3b6ef7e3b4b494360fae8c,True
1,575,L13,15482467114165418526,1,013c4cebb2642bb177c9508a611fbcf13a5dfe0dbab3ed85bc76fa36ba1b842b,True
1,575,L31,1581826841607597653,1,a7908e9db1b81f676f685815f5d1b505bfa1025b41b67a06a011aa9e2a54d453,True
1,575,L23,6628615777221150866,1,ae661b5ea953705fb8885a82e84e6b5f33a4432faec7ca67e5aa8c34b0206815,True
1,575,L32,14617704951819497031,1,fa6a937ad2fe9898ac865b7b2155523b349da684c3e275ca295cbdd97ad623c0,True
1,576,L12,15020928136743612967,1,56644f7c4c018d8fdad95f7f16e1ce177760a3dd7b3132927cfc59c5a5a77c12,True
1,576,L21,12271186670765898892,1,adeebefda2dfef3333b8ad5cd7ca6811dc4372426668a44e025e06dbb0c7c00e,True
1,576,L13,9103740436475087222,1,708e062e03dd9c08f56095999fe0eb54b10d175323dc9ace92981373406bb832,True
1,576,L31,11111895302907092031,1,6c2d402c42c5b36f7cd85e1ebf6195d96e951d025bba12f57e7d8781888ab178,True
1,576,L23,15314505731067107076,1,87ffdacb05efdaeb628999795751baa820c824f60ffc182dfd9af349cf1970ee,True
1,576,L32,5836907861662292999,1,cd861e028eead59873a2300c3eb954a5c34e8db87aee25afc8eab7b7ec6ad614,True
1,577,L12,13697254458995670676,1,8ad211e32db46286399168ce164f2671b8ab195b252f7794bd27071c6f30605e,True
1,577,L21,9988290506752149060,1,7fcec80fa56d86f9b4459f84ddb4fe4a65f11eeb67d3599638c38bd7a66c7904,True
1,577,L13,9178789095062132561,1,d87cc6767dc94db46b0619034d15cbcd9d90ca41391f2ae18a98a1cd2de69484,True
1,577,L31,17404891404070880028,1,94180af3a9c2d70b3c26ad65892f2d83c636c60cfcfa93566162db68a1334192,True
1,577,L23,17471034242766305113,1,5b9065c289a4d70ef1da53ed4ade6c89115949a897d57167ab818f6907a07444,True
1,577,L32,7975562830433426490,1,6b3f8c88ad226d612fc843bd439e0e335e8bc7f54a4742f7a8001f4a0b723c0c,True
1,578,L12,6312378307848292018,1,c0808a3510d81432c91a1a8b258a9b9645df3a209761210119ee7a933656240a,True
1,578,L21,274078783027612955,1,55a5279b8d8e447b29a56c370985da0f28024b4605e88f0bae1ca14f8c435b6d,True
1,578,L13,7240769423124339746,1,ed2758d653214d44a5b3a2dca98e5a7f151b96caaf2404deab28a8708fb2e80a,True
1,578,L31,11171669403811456602,1,baea287e6051839bce55461c35ae300cd84a6ac816520276bfebc7d07b2c3746,True
1,578,L23,11071962407721886375,1,31b29ae258df57ad3bb91b16212c9d19cd1441d659d4f1fb2b4f46bfa753135f,True
1,578,L32,10042892436503741988,1,8cbd3b4affb1b906e830a07715d1257d6ed37d568c8f87a28103e7f48d96afe4,True
1,579,L12,3114561154034928328,1,5ffb1885a8eee8519180080e5025e297caa56dc638d5ce531b6b2362c356d05c,True
1,579,L21,14535996344691681546,1,ab1f6dc21ba5fa892b7394e4210b60c75ff5da497f2a98e6c3bb000573d1d39b,True
1,579,L13,15378865307721445517,1,5d53f7769d1ac5444d4351f03247e7ca6183d0d140828c7259bcc5b8969e8970,True
1,579,L31,15022828446324004018,1,d9c2c12d322b8f36799afe1bf31964fbed5b492c06dd7077ff3ed993dd9d1a81,True
1,579,L23,16636721003786852308,1,ab0b1420ef29e3a50f0d6306016cf68a0058f4e28111a57955f908ba947247f3,True
1,579,L32,2367756784239964298,1,6d6dcd020bd373047ab50d6a395207533918f183ac352c5c0488f42c35decf44,True
1,580,L12,6691298166480349069,1,85b7b6dd15d0fbb1a9bd0aa0c3f99a030602fe6fdf727295e7e7f43b475433b9,True
1,580,L21,7920005818727504727,1,21a224039258ccff0339e11b85bf3a5d093a0e6e009ce006a5bd29104240e8f0,True
1,580,L13,3392767533997393134,1,30884aadf50d5c9c9a89e775beadcb7b2bf957e0eed77b9923ccf034bd46973d,True
1,580,L31,27589283980873733,1,7e553ddf3c22bb8f047b7f9c397009477f50de223cede7a4d73bc3ffb0c460b1,True
1,580,L23,10911960400544906024,1,01ec0cf532de2af7748a0e51459637ebef72d0a9ea15e0c93dfee61b9ca4bf91,True
1,580,L32,13387480047439124382,1,a02b5485b4d1f13a8cf60b2e6c0864210fb06f9fe5beb1ac83f9662b3e736d23,True
1,581,L12,7339923292970029764,1,0f3f3b840d30bf12df7cf5c5d8a1dd0c8929fd43eda11583b7e1958a9ff5c5bc,True
1,581,L21,15422207563915378500,1,5fa89a5ae25d842f13878775664844cc3cda3a4783b7d950c935fd64e930d58f,True
1,581,L13,14576302711381814111,1,3c3489d5ce40fb553491c2d093d2d8b7b65b068a806cfb3ac80e1e8f1884d20d,True
1,581,L31,2555711566471196135,1,ef1190a339dd00e83f656f3470de122a2556f41299f9ead3844655602bebbfd6,True
1,581,L23,14827165896599548348,1,496ca8e87e15ab6bfdf7e385d3a2621d8b0c7d607ab345828f652d82ce68905c,True
1,581,L32,15615739248436138462,1,5d9b6b4df5f75d88b3df4b2b23433da92d9446a348f5767e4ed26f8f600cf6e0,True
1,582,L12,1286330120147778403,1,60cfe1eed29443278b4553789489230eddaf71ea58ed34e345d9ef2c8b4da70e,True
1,582,L21,16889613436466415091,1,20fbcafc9fec8081612bf5f7fea0affffc167e012a8b852d2902fd50a6d35302,True
1,582,L13,18426871915164658050,1,bb2c3dd928b99c347a26035a7e13064df7918e1f70c0e9f579735ec20936d0f5,True
1,582,L31,12149178671852068844,1,dac6ffea805515749cbe3731a545e6d7a8833b8d75e617f621a7babc0bb8cc6e,True
1,582,L23,14017076533302784015,1,dd32de0c6de3eca82a9cf12ad291432398f2411048b6a995eb1221eec6e0561e,True
1,582,L32,10591813424279191304,1,bf12dedae5173fd5db01841991554dbba6311a864c06b4d84b6d11f52d66b212,True
1,583,L12,3672557872262816073,1,b0ab7251305c77de6a3888a7ad018d9b60c7ee5d4c8c7fb2bcb83b8b1c5d0377,True
1,583,L21,7008284260715492482,1,d4718e59ba6d2503b3678e93a1e13dc7dde6ada58c07c8a6bd4800c015331d3b,True
1,583,L13,7412975029582017453,1,0eb1119b399b41916f07920deb072f237e9610909eefcbb00bc72da0077128d3,True
1,583,L31,7805131984435912780,1,035f9b87ae8e966cd973b35c808c5d90988b2562c8e48c3a57d860fe08093571,True
1,583,L23,15003486020474616866,1,0685f49d18c98e3f333799a9b11c59ff7122e0f4537b1c38116b3362d79d4da2,True
1,583,L32,7262381485397747792,1,429d1394361a26fd1c381839b87c7eb9fdf1d15761129c468fb959a69d1760c2,True
1,584,L12,11820803999803410709,1,391590efdc2175009cc71a9495f3ce89531869a74e01cf55ea4bc3a9b3825efe,True
1,584,L21,13108821432975585083,1,4b8d2572d3df047557e1e14cd81a843957570ed6f4f6d29d104b680d05474cd5,True
1,584,L13,756692660505930761,1,e89ec353fefcc7756bedb6c4ae388e68a284bb7bceb4cb99f28da2575de43abe,True
1,584,L31,16764729737977052301,1,a09674b8890fcddbb905af80ac0f624261ac7f083d5952549038ecc466381865,True
1,584,L23,9783854164759988274,1,f177d50964403311f4989ebf41a78cd3d57fe0d1c399e868d0599424d5b5d4c4,True
1,584,L32,17760278404763368191,1,b9b7b8413e5aec0bbbe3fb81298aae355d7900f0a132942f37465f65c8592eba,True
1,585,L12,13570103307449195498,1,f994872d7501dcac2192e3822c0191f660dbe8de82a9e143e5577e10c6268550,True
1,585,L21,13893168851220653807,1,78359c22391a2fd406c0974125dae353f7e67e05fc7d47326b4beb0dbf58a487,True
1,585,L13,11714107623142793948,1,c243e840790d94d698af2b6b1431476a776a15e64a440a86eaf8947cc4928b08,True
1,585,L31,4776958833008396416,1,209a082825a426cc61f495eed436ce9181bb2ee6a913e186f2f3c32fa29473d3,True
1,585,L23,13112773506360024922,1,b5817121ac288e125e6b13c948e0ffa813e714d2ad378bb0024a3c7c18b99057,True
1,585,L32,8245339081774271230,1,104476da2838a2a8cdbe05e33d8bd4c11cd1c9b52e173525ec33d5c37ee8897a,True
1,586,L12,5406473799006869394,1,a5b495a52cfffff3af84503ba516ab0eb5eef3c5d5118d203dc7e36ad345f76c,True
1,586,L21,10317372292827908061,1,e8151120f72135c77aec2f2e277e167ad675331cd32e18e1d9b9ac35373d1504,True
1,586,L13,7033977835922041457,1,a96ce95f1374192bdc39fad5d46de6aa64598fa75f4e4d377b7b5a8d337fec32,True
1,586,L31,8764781001479425097,1,1f23c546e5a70590bb39684cc028acc0b119c591ce85800641ce5ed612d68a3b,True
1,586,L23,11412599018382100031,1,4454af9c8983e89a24e2efd527885bae97424ed2170de269a37ecc0e68b6a664,True
1,586,L32,3135123670920787388,1,dbfab63b3f658e9adc1bf7fb3f83f1999fdf3828a93982eb166f75f87fcc1a56,True
1,587,L12,12414293046058066922,1,1549c7bc20ad2f0695d89d036128b32b966b0519c7c9f3c0d2cab62c24edba8e,True
1,587,L21,5726731609795723923,1,ce5a79c6301dcf0886164ca4bb887de9be902aa8c6987cf9be13d8549207c5cd,True
1,587,L13,4173596548283446838,1,731349f321b698c34f397468ed4b6e3f98a5e871a4f1f6d634f48bb940a8d1c0,True
1,587,L31,5819710448931507144,1,5664dea2f68c20a1f81f18e0b34f45081d36cf34d8ae6754e074f9dc32d32d57,True
1,587,L23,10718763169858807486,1,cf0b00161599b803d19aef756f448a0fd8ebde8c3f7ae1a1c499e6c56f4722ee,True
1,587,L32,838303341823834999,1,36b8cc8b477cae2e35dd676d28d2045c7bad482d716f45c8b5ed98973ebf789e,True
1,588,L12,4014168852776576063,1,5a7bc0848f6da782627ad2cf68568a8de07f859bbbb1d3c1f747f3dab169f855,True
1,588,L21,13097490957757415634,1,e904626079a1639afe4e45272b9fa52f42935c118344158468873514d1ed8708,True
1,588,L13,8078132975150849339,1,464d7b2a039375194870d92d37861c815fba80e7095f81da134609e21dcb14e1,True
1,588,L31,11863035943178853618,1,aa357bff7665845ab1ab2378bbb4da075674c618a8cf2c37c8a56cf21e9d25c8,True
1,588,L23,3135468056345059250,1,2bbb065eaedf9c7f5377cb587bcf32ed7596b0625438819d1523e1684469b5df,True
1,588,L32,9945470661550578217,1,31a27e73d129596475b1c5f5f4ab46c3460ca659fcaca89b55d6e8ab9ecf4b5e,True
1,589,L12,5858688225793699637,1,9fdfda34af559c2dbcc9bed9358fbaeaafd45e4d9ffd521f3a356c0c8610755e,True
1,589,L21,9856804405650880388,1,603aa215d829b4dbb36b86f8dfe761147c6b87130d28b866cba541c9d6b24da2,True
1,589,L13,3771806943113773979,1,8864bc1c98c2242d9ed4b4360277c62e5f90ad3324d543a6e115c10fffd02a85,True
1,589,L31,13456338751553663907,1,1a5c7c9e9494ab58c3b200488204f71ae64670581b0f9687b773de5f033b2eb9,True
1,589,L23,11869221951831423255,1,9b3a05e9166e024f0f7f8c24ed787247a79c06ee6ae6b17648da8c61bd6937a0,True
1,589,L32,17513686563082933109,1,aa05dc3e269c1c0be67b884e5a54b9047fdf99b5aa2f81c17b85f0fe30d1b838,True
1,590,L12,3803165035102480614,1,859528b70ecdc9ba2a24fa38015c7cc34acdea4325eca786cf3044bbed859c48,True
1,590,L21,13410531375277246715,1,331c8b3fc9db56732b458668758b3288f398caf67610a934abb02d83bca4c589,True
1,590,L13,3703122471795089626,1,7a172675ef369946f00863be2b90eed3cdd94dc4c58f1c89d6d2dba493963d20,True
1,590,L31,14469456164794722359,1,a746753b8d8ab7984abf7d14afba0ee7f94aba9dfba5f7ddad9d4a76c9760604,True
1,590,L23,6418176533341698656,1,1d948b31aa9d38850132a5a9ec741189b561e1367b79ce19ebca92f506d6fb04,True
1,590,L32,11954681726996648852,1,ed603dadc93fc93c949bade23c7756e3a61a8da01d22f7d11c8900dd9dfe2441,True
1,591,L12,14391341438624403336,1,435e49d98d39d729192c907606f6b746b984a6395481b12a8825fa4116c0cb1c,True
1,591,L21,13383930637970862652,1,e990d367c003631f85ff3715c0c4711e8724619dd1304f9dba479d38c0d16dcd,True
1,591,L13,12022808122797226175,1,a07373a28e65972f3e3f2919c72362a913011828461a7a687ab2b01cbcbbf9ae,True
1,591,L31,10828356871754555101,1,4ce77c767ef3ebd85174c2a9f4da9538944dbef5992c2bed318a27f0dbb0eacf,True
1,591,L23,12340711118869016980,1,66aa199168a6d0d155a6214d71e4b8560fedf23a90ad4756336a29959914092c,True
1,591,L32,8292877684598838007,1,b27b1000b4853fc370cea235b954fc20a4b72fd024dea92471ede3aed947e409,True
1,592,L12,3599921261692541863,1,fca7420ef0ee69916910c1c9ef5dbf8f81931230bf8f65d77e7b30c41730bdfc,True
1,592,L21,8376930456719179749,1,ec8d4a44b7dd1b261516298b1993c835a8d1ae7e63c80b5e46b3584b785ff8cf,True
1,592,L13,1571409490672108369,1,a53d1b4c18de8c952f3e531e7d8fbd195fc48832c0972180cb4d3a085893b9e9,True
1,592,L31,10395007075493951448,1,ab0fd2939a448b0980530702933ea2cd09414a7ceb2d6afbde52a6afbb6b4b3a,True
1,592,L23,15963032569603647768,1,695b72e48e97a6b11cba9d9a2d91cdd8f823eae51a098b9f758ab03676313811,True
1,592,L32,7369524875911801458,1,f9ee772f7e0217531249d64d49142396569a586efd3bf6c037141f719535fc54,True
1,593,L12,4431935871790977291,1,ab6ffd4e35ac39da05079fe14d36dbcf8f831003f818ec4c8f23947f75a57cbd,True
1,593,L21,11996258547871580313,1,c7217c1c43a9d27a64a4d371f6f88a07ddd45805061abcb3092e841821ccf595,True
1,593,L13,9744364010493676775,1,163bbc50f4c2d1acd0217a0a591bcf83eb7936ebc622f1d951db686cee25d214,True
1,593,L31,18157101477834660521,1,13080862bf7fc5321834b1ad63a63357bbd0f684ab754f4772e7b38855a3ce08,True
1,593,L23,9736708933601099649,1,a8b64cc604212a8eab1d3d52cfcfeab01b5d6990ba8d578b02f5cdfaf1f6b1aa,True
1,593,L32,12816853097460564961,1,40ef242670ff68b09dd47c42cd79b4875d746a3a6141a17c4dfb87fcd0383466,True
1,594,L12,5995289550821526526,1,98cada92da36006de2d26603cc55518836363354ce232ad37c6e880f0f9cc561,True
1,594,L21,6569637079541666353,1,0cc72f27afc69efb48b6a5e57230ca334151459fa69154034d12593c82a0b2df,True
1,594,L13,5019184684073812525,1,ccd6efc067e4994cb7b1cc679b5b1310b87c7eaca679b84f9d921dd72e07b2e6,True
1,594,L31,18331484828575700627,1,c42f0e0898a42c6272bdbb3b6fd1841da55a7189ed454c2d035c8a67e7154aab,True
1,594,L23,560759766731289707,1,defdac60e5cb23bea13fd1636471ecf2ba3e04d9331fe646bd001bc6c8b687b1,True
1,594,L32,4350874657272611673,1,851aadcdeed43f75ba48489c54319f7a16e934acad8cb1cfd3515f7b19ce8a43,True
1,595,L12,13496089224582763725,1,6da36cabf42853b08c5bfcedf576a1f8f6041b2d87dd022753676d45f04f7f80,True
1,595,L21,10430502510255419933,1,321fcfb450e482172cb96777d67d3590f68b92947903bf03ca592f9e12cf34b8,True
1,595,L13,2741025867434990793,1,2e58a8c8243eea743108d5a8265583e2b7e6c0ee361184755b4ff5f0e19743d3,True
1,595,L31,14852088453403950606,1,8d15ce8357533f05e84e2d64a2c595443339d98e4f63ff2b0ea833b3f9968908,True
1,595,L23,15910475645734405799,1,c30ec142f153d367446d317d4d8826f57af8cb8ad20285479d11d9cd9d4a1904,True
1,595,L32,2131427227233311700,1,144153d8b525c781c48a20f0e2f4144627ce1aec3b2138a62f962656ad88a176,True
1,596,L12,5006888494886713029,1,1b6af3b6910e17b7b1720716c89eb102168333280c05b095ba81eacd81162fdf,True
1,596,L21,8520925063332673870,1,710b0dbb608e8015d804737f2897303dbcdae0107d86af0c524d5d04e124c0cc,True
1,596,L13,418714854272315587,1,b9f6b4dfa6a4d77b316ad9b26d766c080412e4230328cc85d4834788dde5f25a,True
1,596,L31,3344174733320802262,1,4d939e6aa8b7fccd955653d8bcc276075a3da70185e25f3cafd7800ce17336aa,True
1,596,L23,6281059915502284025,1,d5f09b10fe70f3826276be5feca9c46d2e9fb072cb7af50f25194fb6ea5720ca,True
1,596,L32,2792439152264558663,1,e5f2e21f9fdd23a4e3e9d957a98b79723ba36c836a9d258b5f604a3d38fedb18,True
1,597,L12,15550336323993300782,1,b23faff88b173579aeb73fe233754961087fd774f76431cd27fad31078679c66,True
1,597,L21,11393301756520217662,1,3812683a5a3c7bc7df0252d8013bbff6b566c06b7cac66e0d660a0fb62b41299,True
1,597,L13,17410428527089779452,1,6c2d0b364f1025883da10ba4b4ca8de79f16cf592c76e3b5e1fbb874df4bc0e5,True
1,597,L31,12299962960188770159,1,3a2cb9f7d4806a90339d852aa1b9b64a68e0c1f40001fea7ee182eee19f1ac67,True
1,597,L23,17741539336471604811,1,ac2955246957b444747bb6cda57304630da889b1ac69c66cee337b2495190236,True
1,597,L32,5842647708403410512,1,679f3a856eab018cf32989b106c5fe397e380a10d0cefdc6c07272ade1af632d,True
1,598,L12,14443147697642383527,1,ab5b60f8dd716997b78d4b455d46f90e4123fa05f9b370c01c6a398d68a644af,True
1,598,L21,10595433475975168646,1,f6ef3cbd789d160bbb16169c2d2e3e4ad53dd797a8982715efbb48e65d05e822,True
1,598,L13,17230198998397120517,1,bf14c6d7b3ab05863115a01c24f81886f29aa45d28ec41c3492f20f45360fa36,True
1,598,L31,1465976231645361503,1,ba15f8cac7a257020cc546fc41636771a74315c8c65de93611ac9d3496ad685a,True
1,598,L23,9832739889027836838,1,f586586ab1f57562effaa5c39ab927a7a6c9ee8fee348b0de330dd67b1719332,True
1,598,L32,10094763894816529415,1,df342173781bb5c51c47280307e8096821ee226ecf3499149c1e6aa324197d3d,True
1,599,L12,9098846793918015481,1,7a76f2b60ba4196bd689074976e4334fb742ef86b8dbc95daca310d88853440d,True
1,599,L21,1432730302561524161,1,c351cf866d6697626e61ab400b22000fe521938df8d15a1a50dc0963475c7e50,True
1,599,L13,17073071012576472676,1,e272d7b6fc45ab2bed47a3c1f131134a394e6a4a9442e36f03de02a97a595219,True
1,599,L31,15952059726361062639,1,cfc4bec76febe49c4faedee5868eee48c44a433844147c12727036add0e8c6f1,True
1,599,L23,941561336746453274,1,2942ee44e25d332b4ea4bd07c12324d0df29edeb30e9aca4382ff0a1e978b8fb,True
1,599,L32,17047085295254712694,1,00d50c57c273e9e5fc448822ab22c18404b867fc0313360b070ba60e0392a881,True
1,600,L12,16974301933287682573,1,a16eb5de8518793ea5168c6bbde11be33a735be6100d1b086a836eccb6f15e34,True
1,600,L21,14625870494063407003,1,da16fa86b1500e7d934ab0b826e290496aa30cead2c4c11cacc94c51f6f9985b,True
1,600,L13,5811736303283406357,1,157f8503af4681559dfbdf39059deb8119c9988dac71bf3b4e3b08c3d98221d2,True
1,600,L31,2422425681723217548,1,34278023b215a53ea14adad8cd835bc2bf7207a8e07b4519bd9198442423c0e4,True
1,600,L23,8787203880763025493,1,4da5a1b85aa65bc99611743f628c72ae923f43189f143b22d16aebf52fdf9b96,True
1,600,L32,15244466144881963757,1,6109f901e4909d36fec4271e1f45d05a0c1bdee26454aaa4655390c4e637bec9,True
1,601,L12,9705918980499208129,1,dc6f62a95887976c09a4761227d3d4efd2e87a6d298e59905172d45048207913,True
1,601,L21,17003835659547982043,1,512b03cc3397c70373dde9c8da3a64ab202de241606cc9175998cf13ea4db8d0,True
1,601,L13,1279388622808267410,1,1c46be0f65ebbf83033cc480f39ab355bd899e3784a549270773e8c602ecde93,True
1,601,L31,12241633608583225342,1,a214b0c91ec4a32d329800450dbff80053ce783d79d43f70a09a3f4f768ffc14,True
1,601,L23,17008078173324118418,1,02f6b7da282022bb399e09a0e6f839c33ad0d63e7de4eba5472f6dd61f48c1b9,True
1,601,L32,11505322142656390184,1,80448e0d67e76da5165a16bfdda0f9c368e54dc7387f9b138546bf3f2c8eaf55,True
1,602,L12,16224478004386675288,1,39d4701503956fb41f612bee4857f8db11b2a1763f836161e42d3553adac101d,True
1,602,L21,11012095480171395903,1,14c93f74f5e17c17c5b90bcc526826ded4ac85a5e5868304a514011a98af424f,True
1,602,L13,9542236934562125028,1,a4beed76b948fee22a62b615495368d4420a233ed0b177ac6aca845141aeb246,True
1,602,L31,11799664965937916504,1,53766fbf7f1e03ddf01a27ff1c09d8a563718ad255fe0dc4e522d64ff7617cd5,True
1,602,L23,9270467126489990426,1,b1734464b916587bc591f4719337289b504e5f59e5a163ed6ba4368b576866cf,True
1,602,L32,1598044057250320153,1,cf0b52343c56dfab293e409e38d4428058a70e41b29f7f513cd312771b3bd82f,True
1,603,L12,12035923539138981003,1,9304264892d2710151d58b9d1761321badf80cfbd89ff326c8a30c6e0eeaf523,True
1,603,L21,3564383458139105335,1,81a9d63e977c413464a3e3db35080e12b13c619d8f0e9482bc645fc3da1ae293,True
1,603,L13,7220593430668702384,1,b2bea3d60b8976aadccc007b96f4cc3099b9a3b5dee266970005d3f41134fbe7,True
1,603,L31,14803014594198316398,1,7cbb724c7f25fc6ac480deef13eb653ae8e0c08fc1eec8b2365d1b0f3cc14958,True
1,603,L23,14506680249389882271,1,355bf6f49f850d325377153005a365c096dbffd24275f53452751e41f87c7659,True
1,603,L32,11728162232048310463,1,373b43a0dca3daa464914841d8baeab736352c5629196263ad44dfd0d3473927,True
1,604,L12,17633677214126013783,1,96b5b22bef52979a0efb2f88d74a460563afa2ac3a5e8c1fa1b1e369c7568dc4,True
1,604,L21,4089536720563722908,1,e22fe89ee2ec741ddd8a619cfac8abc355c518e696296256163c9b9d0f1a2aea,True
1,604,L13,11076967959171632423,1,7bbaca86a1e155d0fd2b194125f578fd4b753354ad8a9c16b6310111a261337a,True
1,604,L31,3152929533095508924,1,5d8c2c36fe88aecb7670340c56b01f200129e51e2ac347607cca9144bbcccf45,True
1,604,L23,4524575861129586057,1,9b225ba9c62be59d805cb66e37fed3667d1819336ebdc8ac87429fc8e5b941c6,True
1,604,L32,16438973849946793686,1,024999ba7256a2b5934def90ee80d71cbcc7440c46fe4aa6c2784faafad57f20,True
1,605,L12,288088849325862017,1,0eaa386f38179d772b1dd5452aaf55ac925996041a2a14130a646a8c7961d7b4,True
1,605,L21,8660132053759959518,1,b204de6483da25f47db5b10a72a4eaf93e759763086485a0efe6ec7ce7938484,True
1,605,L13,3712762211088859507,1,532da822725832fff22f1aeba7f74b575b10fcc389eb2a1fad75eae46435a5d0,True
1,605,L31,10781374912269434741,1,82f332d110408f1bc767fe4f416d226987661096439c1511c59c9c892fe884cd,True
1,605,L23,815854127051570684,1,38449611668cf677b7278db497085ae5dc7948862f17f2fdd9e42b4a3ba53ce8,True
1,605,L32,16206603906943800660,1,38f08f30f88bcc842612e7061e8b379fd3adef28effdc139b314723afed520a9,True
1,606,L12,4414728437090930013,1,20b9dba59203a63866e1ab0a1adaa00ccf6f98ef93632559d406905bd66a5af8,True
1,606,L21,5049526292342204639,1,c2995b9f9f8bc7aeff70d41d85cbc6028aa01ba602437db3514f2099e1e4d009,True
1,606,L13,14783244334416403296,1,8953934723f7278b869969775dc20802a10fb6c5d34337f94c5806b6988f9669,True
1,606,L31,16887670559313734621,1,edd26cf089fb8d34125d286435bd1f51ae7667c5e16243b0f2fe40f50452f45c,True
1,606,L23,7338092282555363510,1,68d6a0e81a6984eb48e8c6cce590d7f636841e66b36e968f38367fc1c957765e,True
1,606,L32,3448547367537888343,1,7453210107c143cddab0426459ce6027b6ed588d569a41b20547c1c851f0cae6,True
1,607,L12,1738783082643011995,1,ded11c70cc57916b483d0c5a7e781cdab58331102a2ca68c393aa136421af032,True
1,607,L21,6185988523822550339,1,4a7732cacb04c072c1b73eacb9a49aead3e055d2aa4151950826cefa171a705e,True
1,607,L13,5049771412577099226,1,c214fa32ff5c095336c0a6af8fc7950eb4a9770f0e5dcef54b04f56740d13339,True
1,607,L31,5447789285115084978,1,ece20df0699c38143db9adc7c15461e7a83b1327828cfc8758ca1f034061bd77,True
1,607,L23,10415367230645394214,1,a7558d1fd0f730ba5d9c8e513438feeb91b9f80fb5beb4e432feafeaf6eeef71,True
1,607,L32,15216988918925750466,1,fc6c315f2a1580baecd4b197e89313933664bb5e6f0b4b9417752bb079592d82,True
1,608,L12,2043138863573565305,1,e100197d1848eff283440a4f274e9d90fe04757688e0ef17c6d59de184a81e77,True
1,608,L21,14433616502113708037,1,7481817b6566545a81ea5109b6184903ce79830bb528c6ad8c69131cfb5d2d1d,True
1,608,L13,9678907075941914011,1,3cd0d1ff4bdf23f07b64660cc4ec311f3d8f8ec789045244ccf0edc7c8f0e3a5,True
1,608,L31,712955416136860539,1,11176357791d005784bbfb7dd727642a0ac1309890a27f66099f5e84c134feaa,True
1,608,L23,14664879506551281248,1,d29f468949aec8f315a649b861cc2976595e953a60f530e83385bc26a4b83379,True
1,608,L32,3588512842504479659,1,9a870aed9320d80ccd0a69f21d2bf6d6be5a893866a3f5993125e8479cbc81e9,True
1,609,L12,6837615706517285865,1,766d2d0ecc825816bb645edaf06076f3a89a430f1c5567871840a885f5606563,True
1,609,L21,6272759723993974868,1,3e6037bb19f1d620066aad542872833736729abce0bb0ae53e4e3cf8c7b5e82b,True
1,609,L13,16789415189141856143,1,06a9a64efb6d90e692e9c7ffb3611a825643497527d85a6c86621c2a4dd8e893,True
1,609,L31,2898472482415788533,1,c9498da2fb88bf57dc300107b92fb8f798b4703c373bce86dc8b7d0ac6e93ede,True
1,609,L23,4764554555412594204,1,a84a3f3001a635992f454c1d1684b745c4a2f7d1e7e2fef7e252634e121a700a,True
1,609,L32,17035975821778056673,1,5efc10f2c6829453a6311c3632fec2a538c7cc32cdfce2418c88644179898c9e,True
1,610,L12,122072202513258811,1,bbd3ccba7c6a8bce0c5698d99fa315f4d12a144f08f86f3b2309fa72e00f273a,True
1,610,L21,3837065090461182122,1,5a6da602175879a5b959335b77b7b974639175c8ecf37af7bd2e2fae2e0a9a5e,True
1,610,L13,1973754738168695234,1,83034d2f7b8f7cdd42bc222d9acf9968057357f4b31c1ad5b508a9467fb3f93a,True
1,610,L31,17135628761165850950,1,8d89a2ee290ac9ac19b79aac9c154a4a02b15ef078ba4ffa0b5bd05efbbe93a2,True
1,610,L23,3639680644069031435,1,4f109aa25f5f87cc12e19a35a561d616d625b6947b62443aec3a4250954c659f,True
1,610,L32,5687490360267893813,1,127ea7fe0c51eb464c1a2da5c8d85c786b96c66f76e6e3e7c6d5e30383e74657,True
1,611,L12,11749269703359863022,1,bbe096b662b76633c583df0f98a42f06da533e283e76b39181f4a08a5a46bee2,True
1,611,L21,7978715509455583310,1,be6af2ac5c91cedb681358134bde82f2e8aa0bc81afa0f004877aabda7346d19,True
1,611,L13,11208600336337222226,1,0f5c2c2f501e7a5f5768414c6760473db880a830be539955508e9c32357c7286,True
1,611,L31,2232899792714485574,1,ca1f78f05eea8c2cd3012b464a55b0926b18aad6d8941c7c8b76e68146912d5f,True
1,611,L23,15857482066900350150,1,bd0054f8af1da50a3c58ee772fad2fee9988f0ccf3908565fff5dd68c29ef206,True
1,611,L32,17866146303240867104,1,4a2c67cd9219fd617233c57923a240398d8166bb004967fd4e425208d25d8a71,True
1,612,L12,10662347068173406476,1,e2c0853a32793f49ad9cf9400d8619fb587615dc1990b77ec6f3d3c973f75841,True
1,612,L21,9213567737456440182,1,c0934f98694a7395787e82ad0f98710dcb84928cf8bd023e8747003ce8a1132e,True
1,612,L13,6658582998137590629,1,72fc86d7953e7e47bb7f847028d8308627e81fc736f2f502a025821d13d84570,True
1,612,L31,12694018122348597447,1,68ddfd310144c20f28f55441827b9d028f0f1cc9a4253d843edffa4eff315d45,True
1,612,L23,6207865242888235420,1,426d0e52610825673b4b30a605e10dc20230ce350b0b0f63052309bc5dfbc1ee,True
1,612,L32,8757681231758672065,1,9e59f3e64ff685bec9af7ea5bbe0d717f43fc0bd901bec2903ed9187d56a3dd4,True
1,613,L12,4582932516101896705,1,fddbcfbdb78bdc83b2703a0741d88cb6086487006541dcb4a24c58332ef91a72,True
1,613,L21,14276118885904762639,1,cd174fa76e422c629636921b3d23f66ab6fe830ac45d190e8b24bc6249e2a166,True
1,613,L13,1399273915740159263,1,0e3f05416158765068249867ac00e3e2f5b89145ce44040334133a0a0f1c6861,True
1,613,L31,260378039354572347,1,f44c77e8cf0b298b992d84826e7bfbe78b468943c71819a3fe00384bf72b591a,True
1,613,L23,4784217489396666405,1,25f45fff40d7431287078b0e178555f566b257dd90d6a495147a403141b5c86a,True
1,613,L32,14888703766634662862,1,098cbb9a5fc19785625f1a0d9038dda6e8d3caff1da6999bf036305157805fab,True
1,614,L12,216904944026284063,1,7dcf9684a3518f39618150128a0ccd6910b24f7f96157bcced5311e7b5fa73e2,True
1,614,L21,2554949149979217283,1,08991ccf5a7b96200fa192b80eb2a2a2f1bf850ea970f1f6694c0cd7049220b3,True
1,614,L13,16251060065053366168,1,bccdcd98b898b933b53ea8e75681d888093111b064b018ce8db43e01bb2ae432,True
1,614,L31,4306370811851485815,1,116827be70a70a6ef15f8a1bb974c2c53d88fd0e4fd945c87435e9d827209d3f,True
1,614,L23,15448183697401542362,1,3ef289059ff5656ab2d73e73c2a46d6869408d540cf3f9bbbbd760824c1124c1,True
1,614,L32,9408778172317229671,1,2874b45457d024981d0564c5bd25b8451931054b0b7540f98b1a8057ff36bd3d,True
1,615,L12,6276385039895759031,1,60e6c6fcdc0e8ab71b97b3fb913d67881d017817cbd37b332f6ddedfeadd72c3,True
1,615,L21,15202770192978113742,1,7629ba8a673abe425cc72f46b1138477779fb2d4e4b7631b0b6f9ebf024dda05,True
1,615,L13,15615871669213827671,1,dac091fc3502184f803de4eecf25095c2738b3b6e5898c600d6049c74c5d9220,True
1,615,L31,14004179445183421819,1,002e6b3777549aa91853ac2c8037f0f01f0b58b182d95079069effb96aa46991,True
1,615,L23,12855388740955509041,1,39df11fd04b12377c7b8bdb7ac1c156606336d4ae167ff8b1695e1d24937ad8d,True
1,615,L32,8543468072831957476,1,ea711861950764c0c4ad7391fc04f0ffe579ffdbb66ad1e10391081736d7a7a6,True
1,616,L12,3385526059971955439,1,e08e0529e8edbbfb9157febad2c357a2ebedbaeb865c2d1cb5296b7ba056adc5,True
1,616,L21,13187872469299382583,1,c9329b5f11d769cb18b66cf8db57f1ee2ad82164993b09f1143c86312df2e0bc,True
1,616,L13,11126118379644410195,1,30270185a4a2b307dda4b621ce47bcf96ffce1b00525c286625d4b225faf73bd,True
1,616,L31,1922371259212620210,1,6b526c0a8e7439db0ae0f9132d0b0706d5af26c9b4a04a765016c74880a60cad,True
1,616,L23,17265340394649329668,1,cb1071b80d3c10d1a572003f06b5cd1b3474d243a4b6493f675bcb9e2b63b708,True
1,616,L32,6498507770793345452,1,1e354c5b4551b36bd328396c5bb61a1d6afde465028443933810328cdcff4559,True
1,617,L12,7390340481019681508,1,b5efe2315498a36820024a02344ceea15ce036b9316f7f0c21ad9412323daf2c,True
1,617,L21,13047455071603097003,1,039f4601df88e89725c7d1a59bbf178c97deeb02928d081d19fa702aabd8688c,True
1,617,L13,12503355431115177818,1,5a72fae63662aee5a2808538908e57d1b23e9d271f6d93bbf6f265c374930046,True
1,617,L31,14120019776030387274,1,15c30e546401bc88920a16939f0fd3185025edad8e496966981aa79594cb65a0,True
1,617,L23,4906723316883747127,1,3d60c35eef9fffd0ab4bb1386d78b3f0e43cc7115773a356889f9195fe9a56a4,True
1,617,L32,1220125614746005089,1,e8a6cdd9bcfaaaaf34404e6380a5b5345a043b90c78c5547e687596d870e8cb3,True
1,618,L12,6270828588493392447,1,201f9447a5d4295d32466d52633fb272a823c2b2f9ff3b1bcf11fd4effa3e7af,True
1,618,L21,8194914582896338784,1,2bc36a77565249b9872e7e7620199b7a58c7833d5cc3cd5ffe9bafa65d61ab45,True
1,618,L13,18209016719453074489,1,ea84c09bff7192be146a3902034387e20590aa9cdd27198d9e33934a2f6fa6fd,True
1,618,L31,12780360863722221383,1,0bd25bbfe18f237fd86d18924606f5bc96f3b798d873cf061deb7144428ed740,True
1,618,L23,16242208481383732337,1,1512926db9a7579e8fe4e2388d01cc2b125834cb02147f267300a0e1a06c251c,True
1,618,L32,8743297542574762856,1,933f4b3331e59fd6b3701316349c8defaed1fa76c89e8f75640df027811eb207,True
1,619,L12,1699283775784682239,1,c4c47a4bd93a7df835479d2a29da48d3d9ba82a8b6ff2dc33ae43649bc333788,True
1,619,L21,13543451732790784275,1,0814d3fbcf993891539847655cf452e67ccce7cf215dd33479d5113a21d5703e,True
1,619,L13,1128847832225449538,1,b2b9596582f7135f1570ac29b7700084c58f7d5936cca5b7f0f08592bc377b1b,True
1,619,L31,822619221123901792,1,d8f64b2dc4769fddcf105dcbc7f1859ab0d1984b08df4c9d2b5cbe416e16f0bc,True
1,619,L23,11782321961332784240,1,1616da95a398d68e534c749a156a2b40044f2785e4279a20c2096b642ca4d973,True
1,619,L32,14305661455596922642,1,7e7604fac2c1e5b1f9fb81f04239afde8fda24863281c8ecde93fce8aece351f,True
1,620,L12,3201898238762460708,1,573d8fa711101243574c39930c30185119cd472f1d98509295eb4cf7265b08ba,True
1,620,L21,14064050680014979760,1,e5ffccf72078919b74944b593947c61f7d2ccf9cd5756353e9821cf2ff2052ac,True
1,620,L13,15211181602470247707,1,71382f80765edc14ab9ce8f1a4fe8f322e120c03e3e83fad151ff50bd3684b3a,True
1,620,L31,16453626089576909627,1,50f67e2dd7f68f7c20e5a78ebc60541032178ae5f276d29e7ee5a6e56ca88e17,True
1,620,L23,11749078409576816881,1,a4b91f2bf95e7b4b0fd9812423c86f91dd9bf812fe65855fadc395fd6985bcc5,True
1,620,L32,7601438270293228741,1,db45faf3ffeb902808a16682cc52170f2f6360510c3be689e5d6ff39e6f3c6cc,True
1,621,L12,12810930984378036220,1,a35d1b3822b6e49615f654cdaa6ba1789c849bc7255b7dbaa9e3a95094188e78,True
1,621,L21,16254659778795756737,1,0ef67c4fc8dfb5d66ed02c4e07d0164bb6d5cf7daf51c9765a05654e16bbff82,True
1,621,L13,17038122342635111861,1,2cacf6e2cf811e1208ada7f5a242f223c3682ae359463bac828504a2432ca403,True
1,621,L31,12380724322462393079,1,f71d79ba61cf2433b52b59eb1f4717d101dda59f8ee6f0484af7ced1250926cc,True
1,621,L23,9119961146471234282,1,f07a3d03edcd5beff00f73b7146736102477561667c44ae58e010d5368b32dc4,True
1,621,L32,8056033359724137392,1,05dbaa79cfe15876f3bb3c3482030e4bcf6857044cde6813530dead58feb6075,True
1,622,L12,7048894571703350042,1,6e16671eadf9635cd23fc5682ae1c8bd6573fca8ea4c6aa8d83d29f7b50fa17c,True
1,622,L21,16188396930905055572,1,211928f5b020b5ff8e7972010af6f2ba9275ecb30005bdd7cb7d73d7dbabe049,True
1,622,L13,15935285300772397501,1,7a257c6c088aec28f507a84b14fb7bfb03c66dbe84209307a969d0ae5f8c500c,True
1,622,L31,9339412329155302136,1,d915dda404f2c122f302a3f99560d7365487db4ab41cd36f53fee703dbfd37e2,True
1,622,L23,6114062174047184443,1,164b4f72350e7a4182e2ae271c51fc0614e2da62828445112fa08c34362c0aef,True
1,622,L32,14100405345371606464,1,ac448e8732d0d09ff70713b2490926f2a58e1372b09db4175aea233d176acbae,True
1,623,L12,7723903796172275986,1,f8cda21b09053b8f81a7c7305af665cf56253803a8bb6347636d7b4bead442a2,True
1,623,L21,18276295512989466909,1,71fec1a4d43954dd83ed066f17d093bea3342bd52e3bf6c736a42191da780a79,True
1,623,L13,6151151409344590015,1,b5de83bd479fadcd63c1af51f92d5cdd53fd72160cc7a85f36007cc0e7355d33,True
1,623,L31,8095396639239270752,1,b5138633ecc4d2b9fbafb50400b7ac19dbc45d06c6c6e3a3b4b0ce5d7a88d2f9,True
1,623,L23,17231453071580735253,1,493f45ed6aebd2af3d510d86847d07acac9a923e541b4d1d41d9fe7926506a98,True
1,623,L32,16876881257808862578,1,39229b409dc192d818f18e329e2d0628c4a112c2897ff0b10833c18996410215,True
1,624,L12,11250699954540654261,1,5f83da56194e458ffb4baa9c75c89b0d731ebb238cf3bd886348955da8a8d33d,True
1,624,L21,13927982013700418675,1,8201dd9a22eed3edf23b8fc8a53c04491d289fd628521dcd2f4ef1e0c40e667b,True
1,624,L13,18273072693432213508,1,f7615b2740e34fc24402f28fa1973b82a0caabe8bb92a81915329e08e33f23ee,True
1,624,L31,1750552388869680117,1,53b99ecf8ee700cb911b74dff17bd69d117ccf56a1588a2087e1545872b2d422,True
1,624,L23,1199004854273157343,1,17f02de3a29482c39d42a95f825c62a2419a57cbcd89790f754512ff3f9ab738,True
1,624,L32,8789492795809455316,1,246a4ace630191d55099f58374f9c02d566023f6c48a50a1e037de44542e588b,True
1,625,L12,12192495841740785659,1,f470effed4a1f0fd6b7773baa16e521ace19b4356b656cfe80471aafaf710b77,True
1,625,L21,10320924708456794014,1,9614c7b5a4165fb7ed8066396f7cda16ce0fa7d1d97231cdd1a8f44477fba093,True
1,625,L13,12429762102777178505,1,e2597bc120ee539cad995282c2ed0a0c6bf9285af186831ca9030ba5ddd49c2d,True
1,625,L31,11983451410895749679,1,0256cdf7585f0f77cc722d13f6b66d540949792daa912e43ba64280bbc915bab,True
1,625,L23,14385130252820284791,1,ce099d3a6d6e12a55eb69bb505471f52021cf3b0974b099fd7d2e4fa55925165,True
1,625,L32,9425742462802080261,1,eecf7221ede2d8181ef7bb5385bf4003ed80b34804fc7371f111770bb34d0a7a,True
1,626,L12,341384965471263805,1,a12de0c0ac5c3a2703a3d120f2c88107270fa587b8e6666a5e8fdd83ca6b0dc8,True
1,626,L21,9115941960046393025,1,235d50a6587b001bd0cfc13a3ba972669e5417ef5ba0ecb55ff65c39bafbc507,True
1,626,L13,13559829073162846646,1,581fd0d43ffcc905c8e26579cd363fd9c4b90e2dca6d84d8e80982fc23df0378,True
1,626,L31,8628378470233928335,1,a21659f5438d8d64d447cbd58df4fe585d92284d5ed87e5075b7d966422d1cc5,True
1,626,L23,3135215189880986373,1,b53cf896f952c14ec7a30c1065a62e5d5e0b4392a8c70e854eeb380b1d75d611,True
1,626,L32,7620587199560581431,1,4b9d22475effab42e848227b0e44450b33030727bd7053820bdcd19e2402b10a,True
1,627,L12,15366344380876903958,1,5717bec96cde522c144905cef3383125b7a5631398825d0edde172ebf2f69571,True
1,627,L21,13518967241133891316,1,322ea9e33ebcd0893353168e0d3452d38d9a15a40622dc79212f07a8a95c76bf,True
1,627,L13,13623659591371250235,1,8c6812649cb0b2ea79c2fa738d0cbf1388d009a5a422a864bea12ecb6928866d,True
1,627,L31,1766179389758222418,1,efd18bf1099df1d0be0c97b92775d67dd769b4d35f12ef794e0fb68dc7dde582,True
1,627,L23,16046424449426510863,1,4684f0efbbd2dad7ebee252a5caea54377d5d420bd30e64efab0929221cf0235,True
1,627,L32,13953654996991110847,1,7d8322edf2c6052f6cf4600a6423f1c9a57ed9e53baba6d0808993bded6252f3,True
1,628,L12,16775644346676026004,1,b40a0299ca53a28ab584738299c546684066c289b1defd6746e5627937d19910,True
1,628,L21,16600267811775522126,1,e818e48addbcb20890b004c69af77adac1461f104b7f7beeb7047a399af1474d,True
1,628,L13,14839125739327015392,1,6717fb3f186d72e96d998db915103bb094fac2c5ffbde441e5623bfc344b3380,True
1,628,L31,4374123190236659978,1,897536b03055e60e3fdbefc4132c3ed012f51bba949dc998c05dccc5c4d4d36c,True
1,628,L23,13484005603959394233,1,a30a8d46bf10fdbd662f96cd9b42b48fbb1a30f5caf9912611c4b90e6847c413,True
1,628,L32,6326756550771895910,1,90c377d3f1939cbda53f1954f3bcff18ade10d5b8f20abb87307cf6b851c6eaa,True
1,629,L12,5449965246633278378,1,84787fbe0765947aae3a73fd4f3c4809b859e9c16398822b3528c0f69aade0fd,True
1,629,L21,14468899304678630391,1,eaec49e7ad88e86e53f96f5c60d2b8c8a8392dc9b28a896d22cbaea66ae1e84e,True
1,629,L13,16007002256780150863,1,a337a0039eae96f585228d09f3e856330f811263a4b6c3d23347f48539dc5e27,True
1,629,L31,2712756254325139523,1,9175ff995596efa03a71220c25dc5ac14a00fae8c8c21fd903e65b3bbdeb7f83,True
1,629,L23,13993972244759519585,1,1bbfa8d1a550a936492cba299d93978ca8643c03906bca9b9337671f187d9504,True
1,629,L32,17035563130005901388,1,c90ee54da6b7421dbc1cfe94fdee374591ffffa9f158fbb495930182b1cd5ca9,True
1,630,L12,16991958032397680275,1,1bf291abff85752861ee04e8adaef00965a6d90614acacad27b2453d8a4d48e6,True
1,630,L21,3023575624834557519,1,a038ea8ca1d9575c4b3dc418040f6ff8b7f59a7e83ae4987380d2490c53778c5,True
1,630,L13,13175944435988682120,1,1cdb973a5c44ecf0ab16428a4a13540603da74157f449e4c7a70866accad8a96,True
1,630,L31,11763781879521359176,1,9b99f2c29fb02b61b82b5edc02a7e04554f9bf6243fd6350601f20208ff370f3,True
1,630,L23,4326913044585028097,1,e3d3c40efc3bdb693c55f237947238afa7475132acd36d96ea991a64c33b1cb8,True
1,630,L32,9221340194648792343,1,a1c22976c43c35e91340cac3f255112e7fa0086b080b6637323f4ae62fdcc4ad,True
1,631,L12,16959944578263848067,1,f1fcfb4914339fdcc6ed4164ebef4723a174f8194d6b8fddcb5ba5ddbb1d937e,True
1,631,L21,8379163731593786542,1,de0ccf53238d66399f1d6ca1f00ce3a486695d9b3a7fce98d8d0c8d8b494d9f4,True
1,631,L13,2555429957902477463,1,445dcbdb9d2b3cf84c1ab53916811a05d568d86497ac67ad7988b8ffb5e1a556,True
1,631,L31,1329024024147553438,1,15cfe379861686da8499fd44c989039b42dd8c8230dc7eccfd59bbf18ee66df4,True
1,631,L23,14094036729785312803,1,60130b70f243a888d93dc77bcf2d283f9415aa6ebaeb5bdd6a0b9e60aeeee857,True
1,631,L32,8709771536803080102,1,73d7f62d22d16ec03a17189498c8934690cdb3817134f7cbd49690522854410c,True
1,632,L12,5248517055511507331,1,ca2f7122fa4867538d963005b55318ebbf8a1e63c23d3804c04461641e914128,True
1,632,L21,6642084870390907958,1,ed081088c07739138db76bf13fffc2757e1a1a28ffba3434492f127ccb8cd041,True
1,632,L13,7387379917376419980,1,682fac40f41942306ee982288d00ee5772377cbe8483c789c65d516c3788761c,True
1,632,L31,14996553030061047792,1,3fed9fcaf829c9a82266a3fe14949fef512290384ff1a632559314e349505e5d,True
1,632,L23,11377682768627102061,1,29534b7b74bbb59f9613aa07772a0585c8415c2036dab60a4e1810a9db0659dc,True
1,632,L32,12667231893272730276,1,17003e3d39b8fcfe7d672115277b9fa37a35556612a123732d476c0377d37c68,True
1,633,L12,7887740857617023636,1,bfe1062dbffc5821e23ee6741660e90bbbaf6a9baf70c4108d98fd83be8b93b1,True
1,633,L21,3509606062664548646,1,1c817ddb8f470d97a6d93bee989d8f0c6aab2247e23546598d2715c8e657a77a,True
1,633,L13,735238406200466624,1,3943090392f6265e116ab4d66ea042172812eee79a4b11fb5e06edbcdce0a6c9,True
1,633,L31,1582234568454540504,1,88ca1f79de24eea3dafb49329a50bcaacdb72e0bab86dbe34044f1ad62e1ea31,True
1,633,L23,5145732505856915371,1,771b512bc36574a4549ee7870e896223cb252e68300427a7a5d3edf9879bb6c8,True
1,633,L32,14274645446567640328,1,568e1a098fb98cfc9fdd74704248df679e9a3fb4568253593a522af522111617,True
1,634,L12,13729195399335416523,1,bf26d799ba2ab8010341d23f802a9c3b478ae24c33af81bbbf3b90d38d9c770c,True
1,634,L21,14785067843764609974,1,a293d340bb7830853ea6602af23e794cf7bc48aaf7af335319281363a59dad01,True
1,634,L13,16853138060919919473,1,9ae303d6608416bbe5fcba2ea1cf9c4e2586b5d77d75b64414a475bc47477d0e,True
1,634,L31,5524948137829080360,1,4b9fd11f3734423e5a88104c78f15d84711e4b36c74d0fbc61d249528823cf79,True
1,634,L23,11768427270814617794,1,104861cbd292c544693ba81a9e519013ad76522569d4ff1da1895fc26fd71a0c,True
1,634,L32,6004093495308543805,1,87049d2c25bfaa6c34552920f0dd5651f2c81e8657680fe09302eee76efdd397,True
1,635,L12,13143559416606452976,1,87d9f71c3984c926446b5e7dfe0edb00a8de6bd7bd8f2b3f79f98dd5a9a5f667,True
1,635,L21,9637328038010827006,1,77f341a74ea75790ebbb238a34d2c4828ef32d5567933ee7f3285d19d36e9a11,True
1,635,L13,2339845121802741227,1,edaad2a0deec50583c8b3254ac450e8f83cb0b2652bf57e8076291e43d2e7457,True
1,635,L31,8081277952469225516,1,f4ec5cc5a4911bacabfd60cc396a8d48de1375ef098513835a4ca7384343dcd5,True
1,635,L23,11150943439926933348,1,efbeb5e93b56901b8c9df1c882451b5365acf77a2b5bafc471982973a072ce8c,True
1,635,L32,18442690309675980188,1,afdc3fb08163ddad3cd3d4f9ad44b3fd3dc6f3e5b584968ab7e791bf94e03757,True
1,636,L12,17961660181554540241,1,857df39a603050a1d9c2af0311f0957bc5d953982ba5b28202c8a858413fcf16,True
1,636,L21,12026593236016371263,1,647cdc698808385fdf8dbb15250a38f294614c8181e6c04036c43d23571dee56,True
1,636,L13,15475377974309991264,1,689a967955f4562ca8ba33fb24a246071e57a7f7b401651467d6665af145746d,True
1,636,L31,3741509844542956482,1,d3ead1708b566ccc31b15d3efab2a07713fdad4c6f3c1c2bbd9ffe115219f477,True
1,636,L23,6589736903143960356,1,f84e493c82c7b9d4a0bd80c2a7cff946dd0b5738b51bfee05e18cc6a4f203164,True
1,636,L32,1894484732570408839,1,009211fb732085d5406231dcba752e2406fe30e5550bd98ef2c1e86638d9dedc,True
1,637,L12,9585256488620043961,1,f586b56164b210b12b97df2c1b1bd877a897fa3d28c021a26b2a85290a173164,True
1,637,L21,10168995437821454276,1,6cdf901620f970675669781405364a7538d3f85c9630075aeada9b1567f78129,True
1,637,L13,11707173825399804912,1,ed7ea228d2ca3755885cb1248815a2a8f2182f6c4810fc83e24b2d44f2ead7e7,True
1,637,L31,5164744036863507292,1,cac399ba14a2c71dbf7cfca395937d0e9dc96530b312614f7980311378580020,True
1,637,L23,9640636793870821161,1,60517525cb4a6e8ebe8a5532844ab31aa70c378f2d9f303e71b71aaf67a4a440,True
1,637,L32,15611125090620472203,1,42c315af9409b9156a7c2c9555e368f2c2b989b6e905be399c406f38f8b5e8e1,True
1,638,L12,3944736477084283610,1,b8067dc2afa59db243ddff87c8f838aa97d7f5e85f6fe1bec4a5897b8ba0c6f4,True
1,638,L21,7994226387814819620,1,9f2dd612161915548929c3223febbb77aaa6c45b12c5d87b463e138d631bd9d6,True
1,638,L13,7313291979357859204,1,4e4bdf1a50613728329855bb48ed73e0fbd5a4dab94631d07acf9dc2e75d15a9,True
1,638,L31,11585013158672468825,1,24c22e9f178c4c1abb7ecbc627c58451c2c06c80678323cb193418e77a8dd964,True
1,638,L23,9112399454544951924,1,7196429bf6f3acc7f8d8028e666a02b008563cb5a45c25feb26e92eaf86a9495,True
1,638,L32,5473661788381778441,1,82904a30c55f94dbead97bb68a50642e93b01fbbd21da0e7b41bc51a6764bc95,True
1,639,L12,15529465504152855694,1,7b4e7ecba66119b2a0c3f1181894cacb68e4cfc72a36303f3825262b0b84dd3f,True
1,639,L21,12175543677686020269,1,1472752145d2c4e3d087a749fdfdd720a57dbaa6cf666f7f061c9d3ecba3375a,True
1,639,L13,13039945680418241194,1,28e08287f1117dfd87883af7a0f06520e7e14e99261dabbbc4b41388a5eec83e,True
1,639,L31,8644821363897692807,1,80a9e53f80cd276b1700a7ad59935e8eeffd39e730f583517b7447f1e815be8f,True
1,639,L23,17674026173446727040,1,c05b4205b64398840eecc5e88626ae6cfe6b4f3021505082803ec46c88360f76,True
1,639,L32,1104226070290326456,1,a33ee23ea15a1f38c6f72a9280b1e47584609f546bbc39ae2f0fab289ff6304e,True
1,640,L12,13706134575504096692,1,f0fdaadc394af8477fba9a1e9e3050f64d21bcf816241365e12067a1b2f524b1,True
1,640,L21,8669055899370957629,1,36301281b5c5163ca22c2d078e45b8b0db592abda63d530e87c9af16e4a6ddb3,True
1,640,L13,11030171024964750396,1,5f300de708ca592ea2eb1b7f6e24e032cd1030dc35c2653e43b67e0e8a201834,True
1,640,L31,9196431823290975955,1,80cf27979e2c5cb9021667bb7b045108a16973cb7346d5b34da86bb53ea7bf26,True
1,640,L23,8594173136777967649,1,69326382e4e4dd4a7b83bcec382f806519d805ae212406269369354f4977b03d,True
1,640,L32,9980207256254916643,1,4836958f6bd00650dcf1504f0ac255a4deb1f00db7a2a64b6b82de1899ef42f2,True
1,641,L12,5675296766754546924,1,be74fdcb9160bf9e06bc2b9e4cb5f6025e827209435147d100e9fbaa94294141,True
1,641,L21,14431187051815652378,1,9783c216516132c6d97d63984600628da9aa4c3fd67a96e58c57248c6c72e53d,True
1,641,L13,9799566367411588791,1,a27aec86f644e71cbebaaf3402261f5de94f78746cde52f6e2bd3c308d049f0a,True
1,641,L31,4914785853155339470,1,8b194b3f49524de176523eb8f38fcbf90b76d808dbb303219f24f67a746ed041,True
1,641,L23,15516273420844186899,1,9c154950e90b61800690a7433f1217c0124eb0ba4cc547d09d225546f47fb184,True
1,641,L32,13376827822407564625,1,40d361ac7b6a9c19e093aacc656818d3fe157943af05e42303f02c00fcb96abb,True
1,642,L12,369823556286036785,1,e757bd70eeee54201cb36d7b1e7efb0d31509d854d8a5746b5c55e47868b258d,True
1,642,L21,11394980036687457414,1,6f84295166395ce04f2853eed729a6dae1ddfd8f87b102162a5915441b2114bb,True
1,642,L13,13340270655994798259,1,073c4269bd3b9797ddca533bb76e41102c03617b2f263483840f48a82e720072,True
1,642,L31,5130340214982563322,1,e9cb15be3e88c5d81de91bc3910bf099b119fcb69485f14127cb4163109f7d97,True
1,642,L23,9655700057503580910,1,b34eff3d48fe77ff378ebe262a25abf010bd9fda2cf73444289f8282cb56d365,True
1,642,L32,10596102416658234762,1,29940430cf4d3e586ae67672cf6305f5cb9f20bb0a2451bd97929804c19b545a,True
1,643,L12,15845472848273897810,1,b318fc552f9e510cb07304e01e136f3a8ab3222752f6658d04a3567799f87114,True
1,643,L21,5518927500096092965,1,03ecb063cb56be2595473285fc142df264b6d91aa7cfd0ed415e67c70e7759ab,True
1,643,L13,6688693982507351944,1,a7ab9206efa3ef313ec15f109437da5390fe7bc1336a06c6ec83f66b77944333,True
1,643,L31,16812702394017091233,1,54879d8f0b33c8d7f8d56e4434806299e100532f688095324aad868038b87155,True
1,643,L23,13240906095822405973,1,ca7d1d376293b7f57669b17549002627f7a62cdb8b8abac326906e6513da0319,True
1,643,L32,15478727056080725014,1,29ebf4723f5b2c4a18e73737e2f8fee22d3e64e7332c1ffaa0dd92858ec0f5e1,True
1,644,L12,7584608681917901252,1,7227e9a0b2f6592c005ff084e8936292cf176d0d2a811ff3c9df4bd8ef2780ab,True
1,644,L21,11365402246748124663,1,ecc72b7e6300812bd158bb60c5e13c874f1d1546c168099e533e1ffa72e92da2,True
1,644,L13,4607240107700153400,1,ff78c102400d0bacb4215066b20c65263127513d624ae1add8c07e469ef201bd,True
1,644,L31,8598758489089404005,1,934f99c1396fcb7924b87e8de842e3f1c23e8f26db06031eaa53384e56e9a677,True
1,644,L23,2127526393892036958,1,e97842415cc5d6452d0f14389108a2d8b8366ce2a63e062baf798c020014d6ad,True
1,644,L32,14931409126021010661,1,7428d434dae89e4f2fbf81e5da1f98959218401a65ec7dfe7500c379f004a802,True
1,645,L12,17272733952147962850,1,d2977b0c3b91e97949f21d246dc0a8206db36303489cb39612f4948ccc6579d5,True
1,645,L21,8831829195221317532,1,660171effaf7a46f118745cd8045776ff511dbb6123b76f94b8a1b33676c673f,True
1,645,L13,12724941736318186124,1,299510d72038960b6aab1d1a2900a7db0a1ee1317c2f6e8de3a90508b61423f5,True
1,645,L31,5462726802294145340,1,c73909c2967529f960bde4843e4d938771981908c9949c24bb6d006b9e5b13f8,True
1,645,L23,15548590146550576401,1,8d5dc5f0cdf85f441629286c744f5b330c111ec10229b3f50f3f36c158f59189,True
1,645,L32,1448442428962368714,1,525c6cf44332272453311d7cd985b7dd07c697cb5b722e173eadd6328a1bcd29,True
1,646,L12,11169042408322255754,1,67e724b5a3e57f88be202486c1002ccd8739881873c2da621875659ea74e16c3,True
1,646,L21,3562946674556358614,1,951d3d2d78964f4f6415b031cb642dc4c825ddf2780243e65c785dea9b4ae984,True
1,646,L13,8437567019401234309,1,89021456c244ce694870ab693149fc8ccff38f70ccad7a5beafe4c6a80b4c447,True
1,646,L31,7602537292064584543,1,47c77148d306243085b9579df8b42cd9e02143faf5d8ccac83065f209f1cd932,True
1,646,L23,7353560370346102084,1,b33dcfb2d2722966f88558626b36c8a0f4d3ad1dff0c9008fecf6e5f95080737,True
1,646,L32,13949620634966621935,1,a0ccfbcc4cc4a757a4bf4cb8cbbb48edcae833479447f73ed6ef086c4a925d2f,True
1,647,L12,12076789328637524234,1,c0a19c6046a5f3dc9f9fd6807c107b3fd47e167f206492a734fbfcdd421dd85b,True
1,647,L21,4673068538032898888,1,02a3014f6312572d69e0f95be2a74914d8e6b0bb7fcd47c2f17015ddc83ee7ba,True
1,647,L13,8216580505737167339,1,6a617082f831a0a3a73c5bbdce6d586bb74076287a22e36efae5cbba709ea512,True
1,647,L31,7289626593060859378,1,e420a188df23578872378b19c5386d4d668c1c5d0780cc7d4e7fc137fbb496af,True
1,647,L23,4251305980283570726,1,4d1ec507e9523442fe8852c37b6d84cc6b136e5ac99621effc5868fc1b8ef455,True
1,647,L32,2977416385831911244,1,83ba3e1b40ae3cce4073381de56db167fcc3a647baf0b2b2d344c7e8e45b6e90,True
1,648,L12,4645221297708648582,1,4e3de429ab8ce094dd40f337571505003eb478be2adccf8604e611cdac445daf,True
1,648,L21,16181694401720111030,1,44535d7ecf0309375e431e0ac56d4f538db88d8690b1c69417fbe3bc902a5838,True
1,648,L13,14364980639984258947,1,9f8db2098e384bb5fe5896a770da55181ad79b90e9f3e34fef604ab0f33ecb11,True
1,648,L31,18404062258498840237,1,7ba3d999c9f3b9b5558f1af5e5ab7bece0fd008633d3bc91c21ac1f3d9a54142,True
1,648,L23,8605245886670131248,1,e60114f9d6b5734274175a029d374d2efcfa1fb525dd562611b82383bfa9f854,True
1,648,L32,4097699382655256938,1,de529277d058c3e0545759fdbac74d4e9b85526978b6526bf1fb11e40b6ce51f,True
1,649,L12,15973282944735091,1,ab59db87358afa221aa14b7f65c1c162b2deace0decd9cd89d362057dac3ed9e,True
1,649,L21,15939853484150436473,1,2ce6636167a6ee8e7e49bc57936d913edc4d323d7bdefdcea5a53ed9b49d6bfb,True
1,649,L13,7692293913476723341,1,b2c94a7f9080654b85d9012694a95e8b13d6ea242cde687729f41d911100de90,True
1,649,L31,9800758220891490781,1,cc6e639e08ee4bf16a5ce68251525bf3c89471bd59047dc730a3c9da376088b0,True
1,649,L23,13928012269182010558,1,43b2284c072285d0a433fb228f1aad55aff428ea0f462cf927255a7ffc566053,True
1,649,L32,3733717138470491110,1,5af26928b31a8796ad24b4d5b0956615ea215b0a98dbcee177f13d89e3d1175c,True
1,650,L12,15069662356958935104,1,33870e2d3960b3a8c12076b14ebb02c90a4238fb15de5c9fbb1518268874c35d,True
1,650,L21,7102284083735243686,1,2b368ec0ac7f591215f18bf107fb9322f63e00260adda6136d1552d9d639ba8f,True
1,650,L13,7242654675166520008,1,853afa6c9e2c399af390c4aec41ea7b5e1c43f8622c971d1965318fc8c43cfc4,True
1,650,L31,17918567358488563360,1,2d25b3feaafa7d498b298a6a6e2e5efa766c12189d7e422c3100fd9c93752d19,True
1,650,L23,390028602038184761,1,ae3d89b2e9de4b8ef8a642a4249ee588b77e1b8319f39f262a55b8df5bb1e137,True
1,650,L32,1201918399368153152,1,d80cdbd26577c870dcee3a1cf9ecbdbb6cb30d4d83614b7cc1094893469ec212,True
1,651,L12,8121352607008067439,1,98841696f046b780bb1787de69f4ef6c6498df8f70d278a1845d46f8b5e38a45,True
1,651,L21,11977246766134240273,1,ee9ebac8e83f4887fbe8c0c0695ba67952f5627f166dda5979c61f8d848e1775,True
1,651,L13,11354656672954092877,1,78fc9450a72fb22b7636a8981f0cee75b302600866413bf073c5228419d759f2,True
1,651,L31,13442211586119825337,1,85e215977c75d7e23f4142af8a4572ad7c6d9194918fff5451081556b0fa0205,True
1,651,L23,6145312024518268577,1,0aa8e7014003110b597453324103db22e9531e8660e57a6ec94e3c18a67fbe03,True
1,651,L32,15891457707972245861,1,a65bcc0160f98cbec0a61af5777cf0d20f779be53aecee36d3a57e4440fa0a46,True
1,652,L12,9646713254914081905,1,a27c7116c7c48fff0041f75b3fd2beb6401cdea56ff6f640204a41aeb269ec41,True
1,652,L21,9441408038193237326,1,8b2b1203d7d0832e10528fc2d655a5d1dfabf23b1f5254869f0177610cf1eaaf,True
1,652,L13,13853091262112116673,1,3d0c661e63d16d7f4fd06f5487cdfd82deb0f41e0e2e28187a1b90dcd3c5bebf,True
1,652,L31,5291895225503333612,1,4f0d76df09da7614adf5511e820d9603e55ee47115acc7fdbdd7d2c4ced4f68b,True
1,652,L23,7586125239847315696,1,a38822227beb937c516a48b0e144c6fa957dc8bff2ce3ed3d2b7321c0d114b3b,True
1,652,L32,4842565956212428032,1,0e598a1db1f92ce0cdf8b22026b364ce2337725cc4ee37b22c7c26e05c6812d9,True
1,653,L12,17710704320329371777,1,57ef856ec6e358bab620d347ee7fb474a7c4de20212185116e84f2ea0b77c610,True
1,653,L21,424325775080962528,1,70b00a19c8a4a10a97bbc9ad0a3e911bc08437458a924946f9233cadf55e8c8a,True
1,653,L13,9533703235302254677,1,7a71ca3a51c2da2ad9130ff1ab69720fefed174b3ebbcf7fd524acbf5c57d9ed,True
1,653,L31,6883867803304159123,1,13505ce3194cb846dc7c92e779cad532a474db1b6027b84de347389a59fe55fc,True
1,653,L23,16871455092118563339,1,b88bf6c9566e0fdfeb20d6c44a7920d2641a20c828d02fd746defe4d02ab76fc,True
1,653,L32,5369364567387043999,1,c194cac08d064aa0cf856433dd00d9298f67398bd66b31bc7f25b1f8bf2a6109,True
1,654,L12,4193780878477750841,1,1f99136ca7ee39a93df8e1c9804882968fb42084cb8083d30c630deb0317a468,True
1,654,L21,18120583536808240920,1,2be62e2e527793d7f77fcff68b1bae5cd0548cfc7c1c8699fde3400a76efae96,True
1,654,L13,3226429495502800595,1,f9b33c7f701b21f5bc150e6e43771e4cf75d983e06945871fafe2d135611bfcd,True
1,654,L31,5225409010172984438,1,4107192c0553702b9e4272a598766fde5a434e14f7df41bb762b0985aeb44447,True
1,654,L23,372800049076535656,1,f945a7496d6cd64d665afebd8095fee59bdd3a2b796e2ff826d686922aa5e996,True
1,654,L32,3107039378104413333,1,5db5f3f41f7e91c87e0b54952b3502dfef950892db1bd2c21cf968c0e89688ca,True
1,655,L12,9526749888431487770,1,03bd7db518c351cad12312679cf17965afce3a0bc5333e1119fb41ef47530e0e,True
1,655,L21,14968922647104891013,1,70eb64915e650662a8328828b32cd464c12b5a78d360c3c1e36205fca38e4779,True
1,655,L13,15525910217032367132,1,95d80a7c5f3ba07f0a98242b20d9a1f346de238b46d51a1facc2ed306739bc1e,True
1,655,L31,4268926597165869256,1,feb48380821e84a72b83a7e9e6e9fc8760b08e6454f63a621f49b9dce6dbfab5,True
1,655,L23,17809924798343052304,1,482f4fbd4fc09dbc8b7848468269be676ca0fbc8dfb34ad64bc0a1ec0ee0c518,True
1,655,L32,4928912684572549621,1,330888048e9d788233bea51813557c90ee40f9d42729050b9c2873097d5a83fa,True
1,656,L12,2068164631964090180,1,6d59836157d96ed9d88d213dadcff7c5c4593e8435054cf72a4dfc73d71121dd,True
1,656,L21,6498503631056959212,1,bb03f812b2ea193c19925ae8b35dddf46f320470a0ae9c6c47ad10e23388a967,True
1,656,L13,7991232881362368560,1,64af1a21e450a1a3850646cba56fadfeb53f10612965087d8dd5d67b053411ef,True
1,656,L31,2849064443230900048,1,ada6a5dd37d2cc3d2c25334eefdabd9b80cb93324f332203222f4ded361aed35,True
1,656,L23,12377665006116242297,1,4a340c8b4597276b33805cc7fea2892944bbdf6ff44b5b909a4e0e228e69ce53,True
1,656,L32,18335248576800752473,1,07464a023e0ea25ae9427968d6cdc83bb2cdeb062e85577aa214020c6e84b7dd,True
1,657,L12,4634169736038071675,1,74c6efb380fa7d05a534ee8a112b0de8e0a31b693cbd4a19d082e81da4e754ea,True
1,657,L21,7634616625711772395,1,6db9306f7fc4f1770b6e486d0dbc31fded54494220bcd531432a1cb4687c8f8f,True
1,657,L13,11232277892748219128,1,68d24cec3dfb99479feec4743104cc16f726ac6a597d9518abb20dfa6eb35185,True
1,657,L31,9367531574634788768,1,40a4586f993d08045477a601ad178bc6e5319d0f1809823bf99faae03b476cf5,True
1,657,L23,1944003179290567102,1,51b07beeb0ad04867eb44408e255fca8a281b17bcbaf51b20d0f13061d2f8ba6,True
1,657,L32,17046601457170802066,1,564dfb3a0f0f1f6c5e9e27f0f65f7ef995aefc84bb77e8dfd586b90d8930375e,True
1,658,L12,14463789102716525096,1,f9d3dd109bf60b354698196ce88a6dcb825a4de9e5f884d9578640ef3996821f,True
1,658,L21,8090109986716720627,1,3a61f39a2ae6d7b24c8ac0bf6084326fe7b12f72cd1d1d8963897eee47f0d74f,True
1,658,L13,4293180499894980391,1,a619cc76012396d79b427385e522e506569911ebc2b964220185419dfa9a191f,True
1,658,L31,13917013200833753702,1,dae3bf513becfc2602a143571b6be675c4beaf4fcc4951548e769e1c240272ea,True
1,658,L23,8737513365003058559,1,10f89460f4e5f8c9231fc2df7f496f7db55aa4ed39dcce43328d8c7be664524a,True
1,658,L32,3541748184707028822,1,7964072816e755179096a50223598d55cfa51b8503e9e6eee3f1461d7e47386c,True
1,659,L12,14389436271485410276,1,d6c36d1213e334a8b199251529d4d262fe00696ffb161271ae761fa6e69d6ce0,True
1,659,L21,4977790175215949345,1,6cec56155437c9cdc928b05e4ef518fffa6158e1001272e2e84c34e4e63e44b2,True
1,659,L13,1104908950260306300,1,eddde34859c5ea0a146a57c04619e89345f062374682317a62cddf5761c26512,True
1,659,L31,13606002253317107046,1,1b834caad502d25d3779e2423f1bce6a56afd97155dd74f065a2da5de121ff7a,True
1,659,L23,9232998282185561960,1,8385de4d39c0bd7a5323f41dcbb719f242db185197d56f59afb37751c8bc6282,True
1,659,L32,4856117999315825240,1,c5ae9df8808c763031876a2664dc570b0e064ca33724d9c964054c5a2990a2b9,True
1,660,L12,3677318493710341425,1,c098e5e296e0e4dc3bf21076752aa892d503ac02fae30a6cefb9d5418f7f51df,True
1,660,L21,16799961762952107696,1,702b9f984b78781a14e9394df8c9f12d1c1dadef8bbf2f6a31a3276915a6b19b,True
1,660,L13,12323188133982491946,1,a648a3d337a468994b0d44ebc3bdee0738c82ff120df5268f8711c21f2219525,True
1,660,L31,15909584892995752375,1,e7a853641db6d6841be035e71f7ca04ed45e1961c22d17b1b423a1bb36416c67,True
1,660,L23,17981758856733722709,1,84e2f8d3704c852138fb80ed15316a7cd45db0f58e5aef8585e4ef58fd18e25e,True
1,660,L32,2212721454618261600,1,2ed298c6aac8d6b6f84552bfa36c40d5741840b0c375ae2e0876ee1165648902,True
1,661,L12,9813997601965916945,1,6868024c91b3daac7e09d29b65ffeb54b08043aea1b8b414611a5bd4aaac5495,True
1,661,L21,13581658898353540491,1,94736b53096a8b4e58f2182a7006da7e557c3f91044eea8f19a20bad9b83778d,True
1,661,L13,11207655509484733907,1,1949d4ce747ba8a6bd6a30f555377f26191da8604219b0a008be437212d94712,True
1,661,L31,17012155884625423833,1,14df1815a5785f829e00c229aa0aaa34b43dfa83cfc61e9bcee2f2f1426d910c,True
1,661,L23,3854678728343851734,1,c6c6054903fdc90f4c0438f18f5fbf00068bbb30ba4b628988e7f9db44a2bd83,True
1,661,L32,6963529110563405401,1,8998b40aef23bd1457fb0e529dac340278d5b7eab3eccc62aefbf0ecf35716af,True
1,662,L12,9440203632095463413,1,03a853afbc4ef87eca4c43719a75ce68e060c9e6f5e77bfacb98c9161183495a,True
1,662,L21,15621059370292394850,1,55abe593da7b64d78e2558229ad8f5965a3adc0285fe8382c304dce16c3c5b19,True
1,662,L13,7615236722355492689,1,e19c0f6b764a00abd05ceae161722de3c9a4e2fa2ab38f9d917071317f84f70a,True
1,662,L31,8258763688592776735,1,45adb54a5be83a58fff89961709a9bdf4941d5010bfd8a2a8dae9f6e35cb1d8e,True
1,662,L23,3595291089887745272,1,efc0f694cf41cd1eca81c774232e18d776ee4df57be5701f42aa00e175e3a9d6,True
1,662,L32,1306464355340993855,1,ac57c77f4ced4dfbaa07306718ca261b5f3c73812cbd1cae192209ea202675eb,True
1,663,L12,4850917786354740,1,2063c5e4382c3a074f6ad55f71b39e696d032d1e0285516d98bfd0ddca5ea0bc,True
1,663,L21,6878191983488624308,1,dba7a09b7d4205bff4a790fd9b8a4760601b0d357ee0dca4a7b58dd0104f613d,True
1,663,L13,9958631373014219796,1,0f973349f8af0e00c057a0da324b9ed65f306fc790d202505964ae63e30676f9,True
1,663,L31,10968244441790456457,1,34cb7cf48887e0312ed3a708b6d679382000dcb4943040b6767509b209700cf8,True
1,663,L23,10425118662850444386,1,06cd30a78e1b551b53df29779f300409c992010ec26f379ec447cb9621ae198a,True
1,663,L32,13985281719774486298,1,fede0c71c4faa059af3d6cf67610b2aedb29abebb272c3dffa45fc8516446ec4,True
1,664,L12,13116098503862536979,1,7cd430dad5214d6d704c3bc6a879805cd63783ab889d2291e99b49344cc0a47c,True
1,664,L21,18087132435592009736,1,c7cebd84b347155082525555e84d3b8f031bc0ccb4ce8b06e36bcec134746d8e,True
1,664,L13,11531364514752673150,1,29641f0062e33bcf0ecf81b981295b12e86821c5215f17326ac105540e9be3dc,True
1,664,L31,6883335165405227377,1,65677a4a78e671088122170131299a109cfd0ffbea3bdd4528205965df871216,True
1,664,L23,6285639382647579926,1,82b919a90f46cdbfbc12fc34f8458d47af69e531b625dde6c9c1292aa82a879e,True
1,664,L32,1476482828292842309,1,b5c27979fc94627c60b54567600650107b2d25bc90427406dbde21fcbd67c67c,True
1,665,L12,1852319508755275817,1,ab301c82c4d2c19b9bdb2edae2eaf108654b733c844d168e45b3de89bede9d3e,True
1,665,L21,3105641242538946021,1,67627e7bdcc8ee57550808fe4e338bd60f75b799f1e9e74cbfa7f801edfba7dc,True
1,665,L13,13265920477628873256,1,efb50f97c2414ceb836796808fe96ff630505a630debfa77c0191c8c5197aa68,True
1,665,L31,3807676100329493296,1,3042c0f2cfc1d46fbaab09ce5cdc2510bf35432cde63cbdab7f030e1e917f479,True
1,665,L23,16016682795052189757,1,ca019e2dbcdf1989effdacf660926cdd932e830b122de78031857382ef3570f6,True
1,665,L32,17152403788233128931,1,7fe5c1891149c133620d2fea4b9916d3d653239fa6a307d7b41f4e9fdd2345f9,True
1,666,L12,16185128950069992774,1,9d5a2aecbe58feebb0b0f612151ade474694880e68db358b26fc9b7897461568,True
1,666,L21,3998989348877307713,1,23971da2612fe12847eb65cb78999d62fe9a5da85cea50460b0f1b5565c469f0,True
1,666,L13,8999946966810547881,1,e46de8b9c7cc94128118eb05077581f768ef3f247ea50584524d5a79f6550c97,True
1,666,L31,13541715505556371981,1,b90441f27c017b285f438ad1ffd601c60051d2c0404c8e3c87c223ef81ec2ad6,True
1,666,L23,16437044535331399887,1,5d4c082c0befb7abedf2140a44f6d377104d1f62aea113b818963d0ee5b5bb3e,True
1,666,L32,2159357930848543656,1,afc69df146063b6d2fa87e03c54d24147aff1fbdfc606fa14ac16f24b4957a69,True
1,667,L12,14726163409160371726,1,beee73206d1e5e6d5098b1e4dc13a60669c0a2e948194abe640b5a862f593f01,True
1,667,L21,6014147148715119844,1,163b8d7b96b8b6bf0cf6c6cec4aced8e2a37ea13cb5f576bc675ac103291a1d9,True
1,667,L13,10153242883874882003,1,09d29838a69bbac3915b6e3a337a543b49db24be90a59258e0784ba3656bf061,True
1,667,L31,184316856721831233,1,4cb5f6dd8b4ab4553c6e55ae2ba80add1c4b293c9e3a343300bd7ff20acc0315,True
1,667,L23,8857945565782619535,1,6c692553042b0c38da343aeb051b0a30dc082409cd48b60fa534ba2076e59e8d,True
1,667,L32,2212217360127339806,1,34562770abc9f4bb4862fc41bb5b934fc77405429b88179d03c4557935e4e8f5,True
1,668,L12,2577777453650297846,1,6b1ba992edc6a507a191e25c872904b98e73d643784d65f50f737d29c1034504,True
1,668,L21,810292569324269811,1,811be5ee794b5a33c9d9d40630014aad7b03421ada1eb1ad54138cfbc3fdbfa6,True
1,668,L13,2782449561198711533,1,458cf8f8782cb434346f134a0a71b6094c47eb7d66697ef6dcf670344be0dc02,True
1,668,L31,4709681097353374289,1,0abcf9d27674431410e04a8d8ec5aaf0a8dab425b7f924d5eea12349425657d1,True
1,668,L23,5154255899416537,1,6932cb4923484c737704e984c34ab9fd54eba4672d60c114caa1ad5798a52719,True
1,668,L32,5456269747269657001,1,8870aba00f7e4f3d3286fd25de31c35abe422f4565a03ac38a3eade5988fc302,True
1,669,L12,8184712177925118182,1,a657b75a328ab3fb308fad943064fec577c70a22b21c5b9e7f323de4e5ff90c9,True
1,669,L21,9808076019516553873,1,c2ca0d93229a0b130e14820eebae41f9101210d426cc59e406d99c55a9c1a8a0,True
1,669,L13,9891080128303532939,1,7268ef9f30f53d9853243dff08accafbe158086cfba10e7e4418ec2bde9b97c2,True
1,669,L31,6466834494064919807,1,c4b5ff28c101ab9d96ec1903890592d4728344f689566d0cdc722bae1260e38d,True
1,669,L23,17684390465292631371,1,3a7a47f7de2f268c69d45b7d85d99dda33782a241dc20339766397d7c9d279b6,True
1,669,L32,16292214183699448863,1,58f272965f4968780754e554385c138f1d3b06e2b3b50db4b2f2254d1b8b8d49,True
1,670,L12,10911823274815918685,1,f74ef66d1cf371fe6c901503952ac96254aed798f93efec48ce5ac4aadded9dc,True
1,670,L21,13837811043691238708,1,a6c2201ac169b4ddf1461bc7424debaf5d998b4038c96faef20d4728a1426106,True
1,670,L13,6989810867495310258,1,9debd911e384dac0c0a958bb9438979a24cf62306e11da38c59ff0a21ac533a6,True
1,670,L31,16888891406651023508,1,fb805610f1eff179ac91bfcd3ee98e64cf23f6ebf4c7eaf8bfc579622ba5ea4d,True
1,670,L23,8217363576233839757,1,2f23577964627a5589d355753571731ac8601f5fac67103a34c172131e291521,True
1,670,L32,17743961302111335181,1,b7d82fd0e7ca91eae1e97329e2ba6708ec67c6c51c9d1a35ed047b2ec146b689,True
1,671,L12,8052985493188680007,1,7cc7a26cc0afca1cc0cbf6d870e0a9a960efed07672afbebe2b1d5fde562e51a,True
1,671,L21,12078684111828753803,1,ed2f12a6e9c7d6cc052b80def1ee1e03848c0162d97565207b0c892e7a4c0a08,True
1,671,L13,15079257113057934759,1,02f09602f470f089925e66a55e095550bb18689de0883b2bb85c02778faf7f4a,True
1,671,L31,13432478255434105166,1,6a54014353891d3a9a80ed3a4ee01e939980baf431adf76a1938b9f56eb19934,True
1,671,L23,17677071145274838396,1,e0be95c125408b6e868f7a26398e136af225c7717dc360178595481627ad991e,True
1,671,L32,851872720972734973,1,1f1a8818c9cd2c5c987e4cac603cba148a136c4053461031c49f484f461e2718,True
1,672,L12,2228234236825423538,1,108ecd5716506cd04da3c7ea6f085bf404c3962b6000648b118616b6d9c22e24,True
1,672,L21,3183786744827811145,1,cc04ebf4ae11f1a8c7c4414d032054cec95c17b9fc28e649e497fb41b8d2c2ee,True
1,672,L13,7324343173598298063,1,de2c1c8a01f2186ef4e03d5fcd3c270e6d772ddb436f397611e451181e077d2b,True
1,672,L31,8282199666990170412,1,ee617781685fb969ab1d18da356a33e9727c9df37e9925edde9f4cd9fda31436,True
1,672,L23,12704508627084544467,1,323511f2542bd6da018bf781c5d86fd3f0bf7ee6923f7d8c5c5d9136885412d7,True
1,672,L32,323956844536296515,1,2ad70c7757260c8b2c1950663c03b7883a1f0eb5462a40566ce231870ae4e7d4,True
1,673,L12,6172595492769535112,1,7ba27258b7151fc2b17e1c0f1b07297b58f46872b851424d184bc2397cec22b7,True
1,673,L21,7539055878661232340,1,a6821d4549dd4bfd298c12b3bc6c7ed08043cc1f4bc071dfe2822d16269cb6b2,True
1,673,L13,12958598491136625791,1,aba204e7d48568397bd6d7c8f84892131ec91d8981f159d4ee8715f922a45eaf,True
1,673,L31,17210746731162975361,1,20324399472183d40acdc8b0d55c6704d2849bcb67bda44b37e7d78e73397edf,True
1,673,L23,13481446813716680040,1,e9350bc768027d07bb442f2318ebdd4598cd628d8a466385dc35343721eccf87,True
1,673,L32,18365922077988677473,1,3d66da53ae43390629d6e24c1b54e1ada14a3db08a9ad1de2680b43995769483,True
1,674,L12,17200785186332047075,1,fb8a75be1af47958dc8aecc4aecfa4ff869a88c976fae67940cd026765a22692,True
1,674,L21,4509410720852840369,1,2534ecd2cbbf677acf1f21ce739f929fe2614792932faa8a670d2245a9ab6bf2,True
1,674,L13,1172655615371094188,1,e5961d22e47cb4d4aec647b66a6d25ce2bb9e382fe33d75de2efe73de74a82e8,True
1,674,L31,2308958017326656156,1,757c93932e401c7aeb0851d21bb31931b7e1552a032d96c5781a144ee6c261ae,True
1,674,L23,15142472688718616166,1,3ad1c72c66a9ff6e3bf92688b108eff6db5022aaaf6603192a1405a518356617,True
1,674,L32,3906420293831655407,1,e768bc7f411541906e2e8a8513fef3962ccb327f9378facabad3464247904cf2,True
1,675,L12,11499020684324457186,1,5d6190569474ce567bbbb95a5c34de4371d3e3493d0190f364c213527398f4ca,True
1,675,L21,4146008873939899473,1,62b64e82e9ce351ceabf15f8cde16259f3b7ef148ed0082c1e4cacf6d8e9937e,True
1,675,L13,17962592634153907100,1,86af23365cffc9687c19c12f959e8c88616d4ee7a1311760f73ff7ca5e314ca9,True
1,675,L31,5512639348802061800,1,95355a4fbca64b6625a70898d0e9af093f2d4d503b77b9087dcae9c7cd0ee008,True
1,675,L23,266928064592650221,1,5219fcb7c8d85a85d58a853b4d4ef81dfd2145578da5e38cb87ec7260ca5d55f,True
1,675,L32,12619887088784120519,1,c248b460c15a9af1701c112b77559c9bc76b0c6170835a32d3840aa04635c202,True
1,676,L12,13331799044029138334,1,3ce89de1edb02513ae0e51dcc3666f825ab44a375879dd0615d711c2c99a2767,True
1,676,L21,11413298714428313313,1,d4769a906517160f360e0b5d093de5fc9ffaa5318b47d246b6d7576e9d1f9e35,True
1,676,L13,17833266821556968775,1,def4e3d7b93f8c1f10167c7406b0c45d5f71b36fc74719f5161e27dc57a1c8ba,True
1,676,L31,10693849504530374937,1,1dd4bdd008b1209bd055b4e5d6fdf6612f3e78577e63b381f693bd9c7dc02503,True
1,676,L23,6096410301831813133,1,b708fecbadf94c3ed5416eb8473074c2cbbfbf942b9df7fbdaae37e53dc6323f,True
1,676,L32,16581421503728871150,1,129f12050c7107ac2faf7606dec97f958177edc6340bb8de847d8873a0fc2cd8,True
1,677,L12,3194155627903146570,1,caed1a0342bdf173a9d1d87d1d00e66e89aaafa944d4233d68a82cf4c134f779,True
1,677,L21,8870664533322894086,1,f8e24144310db1b6c4257a07ef315933399c039f835dbb2b3298a71302c573a2,True
1,677,L13,472903812122067959,1,0e1839177aaf2ff62cdf64d551c62ae5c0cb726ae55fa8d92d22716fee8530e3,True
1,677,L31,7344988756683040616,1,060df486ddcf43adc5d6bbd82581562fe51c4e4e0c682e2e288dd7bd42a462c3,True
1,677,L23,16826577149286842868,1,d2aa3fa43af382e1a7ad7218e372b6ca13818e9b96d187a77025557b898d87db,True
1,677,L32,4573304455007765512,1,ad61f0e153b73fe7df8cea6a1578073614da40c1dcfc4d951951609d857e6953,True
1,678,L12,10413837078919465514,1,37ae211a170bd6e08296ca126c2294747669ae6d6dfd6e7de8205274afb0f95c,True
1,678,L21,13123811946695294929,1,db292833b8cc28ad63bd0ae8f5174896385ee3c8109cca2da935d28156fd1aee,True
1,678,L13,1137378426486205239,1,e5fbe5ec5fc8fddb1d5ea0c63073c7fd32a3714ab7342ca695347a38a28b8a73,True
1,678,L31,110230972746423815,1,7a236d4acbbe5f8cf93fe2dd909a5502c56b7668f8813a8478e73f897fe3c65c,True
1,678,L23,13507808818709560170,1,2b249e6b64dc9e8c32ff681f0b308064922f72ddfc0b53e5b1f26c8a66909095,True
1,678,L32,17967776003075299100,1,456edb246e051e0809747d22e2f6e90a6e50497751cb1e76006a544b5d294455,True
1,679,L12,1446391526045463294,1,50692cc38ec6a11ba685a5618b4a54c0750ecba6241153a8639fe4fb2a82c3df,True
1,679,L21,1435622975455240551,1,a808417d1279634d227d71e01203149cdbe483c6b8565a564d18b794120ab515,True
1,679,L13,1654357820746087149,1,2555397156b3ce283a374bd66fcdadd32caabc7f85a7c362c576518081f7f4d1,True
1,679,L31,222875357935821493,1,f075acbe36fe49e7908c593135165031d71722c90ba9d1a513c0d225a88ef2fa,True
1,679,L23,16313156455032512119,1,b514fe4c1136dade1c881cc15db70298fd38dd16615ef5963489192eb935df71,True
1,679,L32,1408675708964915869,1,a6d50b7651809d7700b515d45138c279385c789c538abf78ae284fc3e7e505e9,True
1,680,L12,184557134608227513,1,fa80ab78f68e6d814f95d92806bee95ab18ece96689d10b5377ed1cdbd13027b,True
1,680,L21,5883240733497556096,1,aad86e56fb07de05332a60ed9cfe28821a33193498f955da4eb6504040e4327c,True
1,680,L13,12016398382023295064,1,00ca7fb685eea06839ba4ff88a8384da8ff0e5c4b8535d08fffb74b14b50ab84,True
1,680,L31,7145396475142271003,1,ee8297a36a921064c2c2ba9465238e15b3b15dd8a0fa8dba369b409ebbf2bca2,True
1,680,L23,2398451156225748125,1,de1f4df3127726a391e18a49cc8c019869ea5b727ccc8a03ae500bc4da13f33c,True
1,680,L32,16207306533988175454,1,cdcc71d29788d3072c641e93a22ac4d573f088d4e969681212a3e9e9066ba2ed,True
1,681,L12,17290543391653090680,1,e1c62a7f742263e1a7c001539c7ee52f18c63e5cf100af0dd43b666ee1f4e8af,True
1,681,L21,12254517653144618893,1,20f125d29b0afec2e88ed390d8b8db6660bbc3ebaabce1c46445f73039ad761a,True
1,681,L13,8468007671576082209,1,fef9127695770b0ef09a37c1d48dbfa11e5394c38dad66d476cc226ec1d34ab3,True
1,681,L31,8453029865778208517,1,0c1b194f6f8eeb682bd244ddcb9d93fe5bb88a5627b35492d95528f59091e307,True
1,681,L23,5037178579636326988,1,ea8ced1afc5e4f227d28680ef9d6d5c72a54ad2f43b1089f18fad2a2d449cb88,True
1,681,L32,2248030653851630,1,91a01744ad7cfaabdf87b238f8e2487873cf28340cbaeeed7d2fe814796abfb4,True
1,682,L12,8910031528118599590,1,65860a91d86ce36a4124521521c793978dda6e6582f186d3df1b75c17cdbf9c5,True
1,682,L21,6479125547710016284,1,5b4703401ff71ca9a2fdccf72bafb6b97a357619c04e9eafb40f2b4e59d8c07b,True
1,682,L13,5589583047663522932,1,1434fe20e69b790f96945d4846073efc4fa4248089189a2c3a098d0cd752856a,True
1,682,L31,1430787306098943309,1,220460672487c65c9431f275e93a1728bcbe8839b5b194d7dff2dcad76c83821,True
1,682,L23,3812278648290404292,1,e770fe54add9a28de74f3704bc3df281933e43c6abe1b125e77268b38bc3bbbd,True
1,682,L32,10752409939037430115,1,b0b1c274042185dbf81d4fe616a3bbb4390d4794760b5705a33651c1386d912f,True
1,683,L12,7724375326024526936,1,a38164d6c34a885801ba8862b3f6fadef209c83e3fc4080c85cc89220a1cefec,True
1,683,L21,3547123320681251690,1,c4438f4b03be6809d1104b7f3d4a1cabb40d140d33c5cebec50bf9bab346e6b0,True
1,683,L13,12543399304638828848,1,abbd7c89e0bac8be2504fb0259021ee49b7e352c14ed47f13f23612f97e90fe8,True
1,683,L31,11255721964826720170,1,cfa9dd6a0784456055b60e494a11a9143c864f3c0b75f9725fadb726baba02f7,True
1,683,L23,2328397445731894848,1,86990befceca9b505d55939918665e4290f2527d1cdcef3866bfb1a9efdab4de,True
1,683,L32,12952000882173561974,1,5e9c3bb5a6ad31aed7544081e3026096aa2b5a60b5bba5164d377e674654bd95,True
1,684,L12,8030266217345860536,1,69a1572c61a8c48a5aca4852e96516e4c39abea6aa909c9246987ec123155577,True
1,684,L21,2908066466342980759,1,d769b0142c5faead43c4bd3699dac0ef08e5292a6640302f2ea9dce6a4d65448,True
1,684,L13,7667159445683083213,1,adf87e05a868189075dbfe7273b6e838d833abc2069b814f5b4eefb79a5b0856,True
1,684,L31,7996966603760952421,1,7e8ccae43804e56bead1c7818057b420d0932949f852e5ac3c93370c098d0e54,True
1,684,L23,12416201453651356414,1,f499794951bd59da8fa55ee9925ac9d4d2bd990dc8adfa36e11a8b5a2d9f4c41,True
1,684,L32,4725918938307968459,1,638a01a30f83f3c8127e42b2e21e6c77066a872dd2dfae1a071467b006116fc3,True
1,685,L12,17235134444744512041,1,7b804adab7b6fc62d45fc5653acd4bc315d341927ed8e8fcf37abb06efb4eaab,True
1,685,L21,9962238685047954107,1,8eec0e215a287f66c07342f418f9f669aa1486bc7bbdfb3bb61272f5168a26e8,True
1,685,L13,4560555417002982585,1,bf71925f7576a95b6eea797f4559ca07a65412952d283177faf566d12b1ed7b1,True
1,685,L31,14482609048200343199,1,c8bba785c5f71f798302c8d3de6efbb70d9ae7badcd15eebdf838a856f4a1e74,True
1,685,L23,15794313320328546521,1,477644697afdbc16baf16829f07ec5c3232f186b382becf55c998a1ed3f09b0d,True
1,685,L32,11225787968943352736,1,420aaf513a6c745b2364766a0212c25fb390d93b7dfb449d5038f873ed0ad0ab,True
1,686,L12,13889513424722293708,1,78284e88559cb3b00f35255e9c9f5639714836aefbd57e54dc50279c7d7ef3dd,True
1,686,L21,17087446309782785114,1,050a57555b275ab0e06c464d825be2a9026d7c0715203930a7a2339c58e47895,True
1,686,L13,3429264814866441723,1,fd177d25322b7e1994162e1ea19a062f0c5b5ec9344b1c88b28dc269415fd6f5,True
1,686,L31,3807323399255506403,1,4cc32fdc9b6f718923db0d19c6dd81b5352f96e2350a97b25b1df0817bc5330b,True
1,686,L23,2835576155401159241,1,379a844a9df4bb58f648e78d8be10101d359c3c7e866f7ac7fdd6c0a0693adfd,True
1,686,L32,15355672280808013924,1,0556a8e38099cda0f108d83860553d58b6bb271ab57156d9f78bf3689ae8a444,True
1,687,L12,9130812574230421291,1,226bf7c5ef55eb77651a9ce358111d82497003022dd55cfca363f1570ec17c12,True
1,687,L21,17978976345265223801,1,041bafbe58532e9acbec0d212bab1a54a65857bc6850bdfdef05c58f85296ad4,True
1,687,L13,15089581470931881766,1,11a9f3422464acb6e1d3ce665611ee82ee4dad225c87534bc8d39d754d0194e9,True
1,687,L31,10987608826365091795,1,a63fe9ef5cca2ca3106faf9bc2044b72d718f15fc41bdb963eb7426435b1d85d,True
1,687,L23,11839733062029882809,1,a019d99df6309fdd56f1ee71b661fac073fe98e609451e836eca0d8d4e7c6bd1,True
1,687,L32,7198631776836130836,1,b536ee3beab01d67d8fe869bc68960806d91b2b36ac10d2c89abd8b8b2f84175,True
1,688,L12,2836571927168988244,1,a71c333d8e251489f3a6d144be43458a06fadac77345f3cee1be8490f6fd5ba8,True
1,688,L21,13858602914261265885,1,a3661d0ff602766be762f0cf5c545743cf601ed82cdfb4faae9ff8165dfb71fe,True
1,688,L13,2327850857664745860,1,cb5e7e8c5daa46dced4cd3525937f014dd9eee95621f21405a9c7942ddfbf540,True
1,688,L31,7687679864485439232,1,7a906436a1593eafb9b699be9ca1be0cd44b3c8ed2326cb8621aab1a6885fb8f,True
1,688,L23,16934279947111461849,1,ddb1b5f4634df76fd9eae007a0e72e140b1d7d89928354635e857fe102ddf99d,True
1,688,L32,14382948157546602379,1,53c77a963ac64b1d36c4ecdf7fccd9b12e99971989626548b812e5a98474a910,True
1,689,L12,14127115266019401559,1,8dffe93616c94464dcc3aa9d18727ee1a0e475137b4d7133dbdfecd6c27a44e5,True
1,689,L21,7914645003273947898,1,3ba871893315172704f17271c20b2a5c47014b78f5de71ba6b0b02d7b281c4e5,True
1,689,L13,9591293952008900684,1,f2e886ba00e13eff5aab069c4cbced2d2616b12391ca1298146d3b8b5de9996c,True
1,689,L31,5890917197445881990,1,54928758a4b5b24472dd616dd1b703129ea05d8d334d0067dce978074bc33d96,True
1,689,L23,6787927570109654602,1,4f8fb829a0f50534e2962242cd4905e9b5c500ef10d36e23efaf029ce7a2071c,True
1,689,L32,13118277002865526454,1,2026312b4c441645d2386de7ff915102f22523ee4e14a672589016a8748db9cb,True
1,690,L12,10327888499567464819,1,ac1ff288774fdbf419c21dd72eac69a6d000207edd746a5493df7bba88dd6e02,True
1,690,L21,11620601915954890511,1,b64bbe53fb8f4c4734d6705d4f5553377a0d593c4564b24f9e44bad59ee2f9a6,True
1,690,L13,511387239205119203,1,4c7277fe16d0553065abb4938dfba0b3dfd2da94a59caf4b8abb27287e733894,True
1,690,L31,14323010491501742577,1,853c8a0cda6118b8893417df9325bc6f1d10b6d4f1776c60678387b9c9b49be3,True
1,690,L23,4948191945093801876,1,abee865b054755fa3fdf0d284464b006a9ec2aaccbf8657cd99bd4a10cad38f4,True
1,690,L32,11698553413400218814,1,38d906c55a187ff9c6aeb1208f280ba10cae5a51c6bc85227c016937df73dcc6,True
1,691,L12,17970388032638852965,1,6c89a04da50ac2d83a6b2ee2797cab3e8f0d68eb3b184622d330eb5391bac1a4,True
1,691,L21,2220304467571784704,1,cae9f858cff43b9dba8393cda0ea7281ea8cb3c9b7731090ac0b0e1c5d613406,True
1,691,L13,13730304508507247122,1,19769bf8143a87063abd8e8082ca12114c646f99c0e30d04ad4e32ce01b6370b,True
1,691,L31,17311947393407814578,1,cbda1243b9c19069330d3e44da9866a2fe097a5cba7c0ee19245b54b0674727b,True
1,691,L23,6079104233983495356,1,610e4aebf0923a5c17f4c2b42dd82da118b4dccdff6b34131e25c1361c90b7d0,True
1,691,L32,10923609556054076720,1,af4a43330b4b06cc1525ecca65461fc2abb5da80da24e2dc5c367f9c9cb8b371,True
1,692,L12,15779030031613170235,1,36bceba6b6410e0164ef10c61f761af95c0c934fb09f3b3edc83f9c97bc8b0e5,True
1,692,L21,2208997819145066196,1,58e5470b079dad7b8c139a95177c03cae876cf566ccfd237b47fc8f23ecb23f7,True
1,692,L13,4908720985212674513,1,f54744535cc93cfabf85da99fa72eee51f884400bf744a5bfc4c928c83449a7f,True
1,692,L31,10084536188402576165,1,b2adcdf081dfbd128f1013f80cae374a200174f640318b88499a8d5125e36bc6,True
1,692,L23,3919940238560579296,1,0cdcbbef60786fe0c1ea036f6dfd272ef64946148c841a9aabf6903626063051,True
1,692,L32,16454704382506785461,1,5613581326f219d48e330109c99f66f0dadf2833a88cfdc6c0d42a3bdbddc4ae,True
1,693,L12,16452132259933617065,1,b2be00c6f67162cb90f2d23eb3797fd73986f11e2dcb7d8f9a7da2786e213949,True
1,693,L21,5585731674158189802,1,86cbf223e221c1282cf03f78bde338b2e64463d867fc33a3c6c397ca65efef28,True
1,693,L13,390532907256314283,1,540f528fbb0690defb74e2cdde57a15355e3af95003508c999f55f04de1f2c07,True
1,693,L31,3109406373274877069,1,6acb48f102b8aa8e392c7b629403b386eb52325170acbc74c7ef281134348dee,True
1,693,L23,2700906737720127479,1,6dea3e36c097629e68f9a8cae3ad697a970ac58bf4892ec909f46d0e53cc24fe,True
1,693,L32,12873266459795361851,1,236b28f55d2681dc3ecb508eb894ed5f2a46cdee7d55de8f44407867a519808f,True
1,694,L12,9116424687282085390,1,ccca0a66fd4d5e5a335aa9d1056c21d8b757a2aa00fc3068777c510e5fd6cb89,True
1,694,L21,9955168020254824997,1,21236838f8b9ef31c8b80651ecead31d96135db80b708be41fa1a7467d455f53,True
1,694,L13,13615039232845567583,1,a0989880a84abdc5fdd48b295c632893e3f915d5e98a6413568715a2f355b6bf,True
1,694,L31,2129429493375643513,1,93f14e2f5ad829436f0afb4cad011573fc52d8914386243987a3b24e818f8257,True
1,694,L23,4848650614904982215,1,64d98eb74cb3ddaee531286e5397b5dbb4457f5c0dd97f6c9b9eb29763e503ec,True
1,694,L32,13823692439591387741,1,29f4ba042249ae028808d82347b0847028627b964ebe37eda46c7bbcddbb9027,True
1,695,L12,4718423554964944317,1,eaafdcef3396d8e6147061fb374162ef3786b24f1f75d0d4b5c45a62fd70ac8c,True
1,695,L21,18098691156880424591,1,bd6e7fb7fe777ed8564c377791cb633190fd89f20f399f07be58a633cc33d875,True
1,695,L13,14349232920408728435,1,fa6673087fcd5aac01082c255bf29f8dccb5aa11ad4fbded811cab5644f7c4b3,True
1,695,L31,6802527449139479936,1,00106d09c8507707ff62323ca834078b36e4447205b458ee32a2857ed3b5289c,True
1,695,L23,7140117551344950514,1,c71680a8623a79f43e716676f74fe57764f1471be2e1dd0e10264d333b46e53d,True
1,695,L32,17553949275922027806,1,c09a925bbe50397bfe083e82e7f5cf6d1622a278f11418193631ac3580f96a2c,True
1,696,L12,16167053694254674205,1,7454de0a04813778c557de588db4061a3f4910277455de97d5ae01dcfb3defa9,True
1,696,L21,17299279814059076833,1,33d44e76fefa2dee2d910a647f8b4a736de775c49a9144e9747ab31b9b272573,True
1,696,L13,10435353751839702811,1,134b034dc88abd0ec0238cd575c95246d83d42fa69aa46298a704d6f1a7672d7,True
1,696,L31,2660288453775942298,1,8e93b204734008b92753131af0a89216c3a32f1a99e747b67a524ac41dc86c5c,True
1,696,L23,7286825156835867672,1,e5456587fe1a9b17474d8a37cba6ed4c31f1bd987140777ce7668eaa9c81efeb,True
1,696,L32,3162032567516042099,1,d1fb88f140257949c9a9de884450242160a48c936540f31dadd90d17436a9277,True
1,697,L12,16984759403494924026,1,478e6f52b6ae055e4879a209873ae2aa58add2dee9d9fc953be190ea9d0e5f51,True
1,697,L21,409333734132519356,1,39b9168ef73e00b1099aa587d868f5df525425b8ec614885e507eb50c093fdc6,True
1,697,L13,14393752586513990263,1,2d328ef8435656a22b7ffde5d89ba23f89ca807126925ea75fef5de59f35df67,True
1,697,L31,3755888452351960115,1,9a531960c1a1ff60141ff686cb036d01582baa6f512a1e9ceca27acad6155a29,True
1,697,L23,15821014233741985822,1,3d3322cdee30b4a99473d6061c79358c46aec1cd8c3732d1196c23a20e2298ea,True
1,697,L32,15715328651174674926,1,c2f0afb15806e2c57347ef5dd9d016b852dbb10c63bb4d1c34e3104f138073fc,True
1,698,L12,11355860366894338720,1,bc6b4591aea70f8b45eff78cd3c583fefa6fb08ba3487f90963cfd0e119e2990,True
1,698,L21,10210096899222833566,1,01da62915a19d8638cdc448dd5e2963a3066ab0b1a8968c3cdd02468c4b9a0b0,True
1,698,L13,12179466759097217855,1,2cd3ad573ad2decf4c1c4f0d56cc63b8674ab14b7236992bfb17f3fa7c49d2b7,True
1,698,L31,1858168624383406357,1,ee5a8e0d68b711a3e8708cdda8c6bcc2772c8ac32dc7eb6e8504d22053cb88bb,True
1,698,L23,5315634781710555491,1,1e30b3b22a15ee1256ba6bbb1e21b085d6e3123c522b1d503193d590ad49a3e6,True
1,698,L32,14448976155783458102,1,861e8121ec0a938800d594501fd06715eca3c9b6e820cf96efbdd0d2d62934a2,True
1,699,L12,8675531800174393,1,e6aab5a835da13b494ef2f6041e64b2759dc7ab8e6d412bd795e0c1dcf1c6bb1,True
1,699,L21,18385908916757298732,1,c451184b346bb3c36e3b11302728332128d01b8e5ade635ba36f25c124946064,True
1,699,L13,17900619560774463725,1,d28fa9d813444968b9a7a350303cc88b01a79e7ad1724b66873e2dcaff9ef8f3,True
1,699,L31,12245289624112865718,1,2b7eadac34faf5d0f2febc3b3482958ca65f231722b47d13919fbca93fdc9e14,True
1,699,L23,14041339730820853631,1,92c315c847dbed54728bb4474e301d6a6f63c0c063e41fcb7aad9ad72b90ac7a,True
1,699,L32,12386180308439741638,1,47b757f3085d7c5d7613fcfa752cd050362c3143d79e4ba25261bb47c6356e54,True
1,700,L12,2647189982104499698,1,b509f42da4a5e2a8bc61f684ca20fdeacd59fc898b5c8465adf31b80933b9722,True
1,700,L21,4051223343376656188,1,724d1c928fda71d43066c27e069080b6c33338fa45efe740005e49761c1387cc,True
1,700,L13,17136026278955821938,1,ad79f1ebaa6e4e0211f0a85adc34db25fbe03003949d7ce4e4eb3380491b04eb,True
1,700,L31,8010884188766809200,1,9b2fc9a41ff30b9b0ff7a952b514105a1fe8a190b00225d8868363c099b1097f,True
1,700,L23,3373376506142125059,1,bab868b125f9168dff6082157714e2deb046cfb3f8ff105e40800e9d7669d172,True
1,700,L32,5642371021376065290,1,8cf41e9510fdd4e38e816e21ae1fa7fc1eb90c7518d097cb6b250296edf0d2ac,True
1,701,L12,15162166549427887094,1,a6d92281b1c0e8bbba2262d0a621bb6fe1d3a5555f4b2b09af0552c42e53c64e,True
1,701,L21,7523873795615254979,1,0db9f015c0a08fab8b537393d3e3fdd28686cb3de1ff307bee8e62cc0e1182ed,True
1,701,L13,10208223776954001407,1,6a6c9b28c0cf595e683e65c1292592b7c952732ecfcf1117e1494c9858411ae5,True
1,701,L31,3295621179743819983,1,cd52f9a24ffba639a8faa7dd2056e42a03c7bff701cda7c7ca41d6633579ab38,True
1,701,L23,12017933828276958473,1,e1a5b49b943121fcb123160bacb3258720ed68b2a08e356b754d79b2f89fc678,True
1,701,L32,13516196012114041880,1,be1d2b11dcc97402deac01ee975cca42770a736d47a39a66501a52611f2276f7,True
1,702,L12,5123216576475426979,1,c5b57633c689e50cadd5f99d6bd1a22732386f0008bd4ee69d3d7b211410a3c7,True
1,702,L21,1141654798674786288,1,e182a5921211fb9b98c117b4da7dcaa56b242eb0dc154b12c8d6136ec72b93ad,True
1,702,L13,17682419478258766408,1,ef196c1bec979d4f6e7a0ca1fe40f7481d04bf2a5ad0e7f3ba2aeec53db39dba,True
1,702,L31,9528031754023399401,1,d2072b842cc6376296cbf09d1eb93b169838531a6593f25fa9e0948c1938a479,True
1,702,L23,7075889992687539935,1,57d1408e524bfea8f156cb7a13ddcd875747b4a6937aa97564942e080fce5a73,True
1,702,L32,8710987866883255536,1,a1e5b8f113ba5a8b1702d4e560d9a05af3edcf672e211d869cd50f601605df3b,True
1,703,L12,2110212213771669521,1,942fe287f52b78e246ea01f7b69b394b8d9eb0f9c9f13a7a56059c3b093a84b9,True
1,703,L21,17182856940422758852,1,fa856b866c86fbe1190c3039d6bfab82845775e374de0666b1d3e5105171e1d4,True
1,703,L13,18328386478273319093,1,eb10a49bf92938361c889b484616ff73da6963e1c290759d453c0192ba36ac5e,True
1,703,L31,14958708587908805900,1,0d1e8a16202de2f958ce3567f9949e1c2dcb96eac5209c02e7184d7ac3872cde,True
1,703,L23,12183805535062211625,1,3a86902d87c1da1faf5a27dc74503c103ecd18794d817ae0f77b39bd91ce6c64,True
1,703,L32,1268527844572773834,1,9e9aaf30526f44f78ea23738d832e2bbd6bbcdcb3208c99c48642917f8eb2fb6,True
1,704,L12,3502656955013754301,1,ae0ea3c68bfcefe2258a4afe50bc71a788944da4b981d527e8141a2a691a8ecf,True
1,704,L21,9193216319289438484,1,0e5e4ccd0db9ba7860e1c0d2c4b735d270cc598976b07bc0598f5dae08608f8f,True
1,704,L13,11082625296204386357,1,a7eb9548cf8b65d7779c3deb1b280184f54b291f8c5eab05b5eb471d4c8bca3f,True
1,704,L31,731583715322791231,1,46488249fcd5762a8c20003009bc230a4ee43cd11ccc1494f0fa0384eaeb5f25,True
1,704,L23,6999637562030546486,1,6131f1bbc1c41158b82e60415b8ffdb8112114f3aab77241e22262357900a4d7,True
1,704,L32,6416133160618396247,1,86bab9cb024066b4a9a1daaa1842483fd96b530bd916649d36c06d3718ada377,True
1,705,L12,10656687809784316320,1,df44e2413fceac621f1ff50b05b348d9705bf82323fc426f939989123511def7,True
1,705,L21,2308724235434158797,1,f5eefd2f60840c697deb03aac0e7d0a238ee4460a7ca1571929c1b01d2c73ed2,True
1,705,L13,10747720233053987953,1,545f44516ba8abfdb02a3506f7728d49ccc7a0f36838929cf6823c5ec10f3b13,True
1,705,L31,9485184504737970431,1,f20334d7b4fce50e1a3796156746d0616def42fbfc130f1dba69c044590f5dd6,True
1,705,L23,1505908904969979,1,3af05d4cd944a56c5a3f5bd9e3ceca307666042b3f7fa2f7fd59dc32cf21dcb0,True
1,705,L32,14109142731919110555,1,0effb8dda3d27d9f7b0bef1e7d659dee8614ac7f75024e8407f67036909a6541,True
1,706,L12,9973892877969741124,1,9dd5256156cf13cd56243531dc90c782555fb80dae84c920569169d4907468b0,True
1,706,L21,2297069006974616704,1,c991d2a549bdd4c2ccd4752f2c39f0d51eb1bb1a4ceea2d4b1fd39868105489c,True
1,706,L13,17973730855842314449,1,33b7fad1579d684f5e00308ea5b369a599d62d2e4dfd253c867f29306aff90d2,True
1,706,L31,1891654105159440983,1,9fb9615f2b87c8705b9d71ee259cc95033ae27946d9be6c7c8e96a781090773b,True
1,706,L23,9785263132829955559,1,6cea493dc9565dbfab36c2b7bb2b5dde4c4e315395ace0634f7932635ad43919,True
1,706,L32,6067687741753567365,1,32342b812dfb62d5ed72c77b9fbd2eb5c93b640924b7259cc77e93fc7a85b14b,True
1,707,L12,1150463797082618372,1,7e9bc0a47ae3afa57daf9e3a409a418be8e6b22e775dc9fbe4d9e396e15d0661,True
1,707,L21,6105960424708163702,1,c1aeac4206efc5be6d034535ed6da43d51e50b262ed90ed294f5fca81a0718c8,True
1,707,L13,10683562813498396940,1,f0f12ee6aa40dcf000327af834b70af39f6456f32ec5cf68b74faf5bff6b19f2,True
1,707,L31,8858215985125004010,1,ae51aa0c6f37ce0304fd7f4fca3e7ed63b82077f640457630c0027d87735f00b,True
1,707,L23,16255317088198129541,1,1f0b6e697cbc8c7dffb815d7f77adb12f72afd717d87961528e2d995d5cd41b1,True
1,707,L32,2019713493382348281,1,76093fccd8f03b0ac4c0424e895a62f4c02783cfeaeddb290bc27bf2ece10993,True
1,708,L12,10784534768122825940,1,0497505df93213a586af682de6e7e0c3686d834df23c7aafd9349b67e0891a7a,True
1,708,L21,17040682512849922668,1,3e149a97950929a08195707a20111d5e90077946c67473523426bf00acfb641c,True
1,708,L13,11702811775904632120,1,8c58dbf88325c7b3d0d247f368f72316e852edeafaacb1be4b5a46437978c49b,True
1,708,L31,1867766622447191848,1,232bb90c27a80d1d0a62071a19d63afe591d6733f527f8e020e6a8355014061a,True
1,708,L23,6341686573479001995,1,242ae7fc20d76231195fc36bff34d66933b00cef7b2d5cd09dbea5fd16bc80e8,True
1,708,L32,12436288688717570107,1,87e71542a3b5a4f38f400ac78f736b602247bd7dc4ce3d928fb8e522977fbf5d,True
1,709,L12,14926963336291004891,1,d344b5ebaf3ba5c4cb3517ff2ccb0dca252037c61341561000e456493dd38188,True
1,709,L21,15023239908881055161,1,f9df7a888b4a132aa81f299366da823b5f13fd28ce60f92c65bf09cdcce1cd47,True
1,709,L13,4281633806717033320,1,c2fe08339291af0bfa09c9260ffbcad1cc5dc8ebfb2b75c280bd332033a12a89,True
1,709,L31,4823645845355117661,1,cf5a5fb110cb182fefac4efe882a9c819b988b0fd8a8f20d984731725c873b44,True
1,709,L23,12644153796506900823,1,26ce27b0e7cbbe20a9bc17568d0773f31bfcd1e2bb5b054bc1a518bce55c9b5c,True
1,709,L32,4376389482882366404,1,72e7621e8e9761f25cf4eeac560e6e343eb238aede061f78101245049144202f,True
1,710,L12,622540899304794569,1,1f4849e3fa67ce2cce757eabe0ee7f9ea517fa04dfb0fdac6cbc232e9fbee645,True
1,710,L21,199564725702379867,1,24408b21fb094444f523f724da4221b128f0660bbe60e5b4f3a499b1f77d0683,True
1,710,L13,11096009225333707563,1,6ec6ef2fc3f3166c4f8ef56412f54e01ff30a36b98e334e217a129968d734c63,True
1,710,L31,14309492210950566908,1,70353d12078b90f4e9099ea12ab53e444731b3158b01ab1d033eb259f5b63810,True
1,710,L23,8586291902207172254,1,a49f4b93e86e59e8b45c76b2e52e2e09633df5126711f5cf774502b54001e927,True
1,710,L32,7482106898341171511,1,bdb216ec8f42732398f2484418b9a06cf262b7d143cb23bc0a2a611fd185f67b,True
1,711,L12,17393852507302723765,1,f23dd4d7a4f241776434d9c07bd19daa592a910a1fc7015548b81f2b78096771,True
1,711,L21,1624695698815334513,1,a0f83845c7de269b566d52d83b2ccf6b9f00199175607f26217ef2fe258b8542,True
1,711,L13,9073022441462943301,1,c8d86cfc351bd51a125e5783d3ddc25da50e5cea1d6fdaced0216f166b790287,True
1,711,L31,11411849429593777395,1,2e62f186f91477bc8a6f632c31163e10e70cf6a339b55140c801ed12d5e07305,True
1,711,L23,12803727414699262358,1,bee862c19f373c03506d3cd97c526e523cd998548ea821448416d00eb6b002e2,True
1,711,L32,1503670036713051781,1,7226da0fac7d42fc2cf10df1f4337e053c1a5c0aff1573e6544b58fe323a3aa4,True
1,712,L12,17349739710391871888,1,97a550888e5f500f1f96bbdacd186fbb4dec0e72623a569aeb0d00e237399d9d,True
1,712,L21,8071222000916850279,1,200615e16392ce450cd1a24be35672a2972467d6a1177c2dd11b98293b5d2cdd,True
1,712,L13,12209812510734874937,1,e2493efe0c0065eae8768d480d86d5a3dde3e19cc626b2169d6a42d552f75a38,True
1,712,L31,11474587613775238396,1,e5c6286a195b5832bde12368c39ea87737ad9b3f13761ad9ff7f9991397cf06b,True
1,712,L23,3049658580971891199,1,9862a68df7dad14099d254c14b06d0140051083c0ef386ad6d0bae27427d6a59,True
1,712,L32,8689129343326736389,1,87a4ce6550e5a9a2cf5d985bb0d860915b8912acfd5211718d05e23eea3a9bd9,True
1,713,L12,3392301134901523571,1,27ae14b361ab4f0577303c41b3065883c9823247c1d2fcec98e4e2c6569c8255,True
1,713,L21,16736179835700338496,1,f693fa0712ac7128288a4306ca2dec4daf769e7af72f852724eda4c99b5bd7ec,True
1,713,L13,14549738014985181157,1,29b279cde55612af04d4d4ae5d5bd0234a103718adff2887c33c263fb9441033,True
1,713,L31,10147389504323330937,1,18dc815099b6f733f242df27f7e8c5bff4e7c1b0dec0c51d3b8111fdfd3bd690,True
1,713,L23,15366257836732328886,1,5d463c1b98882a0c0ff9aafab297da63f1146e8a69735614252bbf36965b6406,True
1,713,L32,3023873976694193998,1,f97a50123258a645f84470dbf6e5243772b02ae6f0c4ab65d5a5a5df256be8de,True
1,714,L12,2898918310887912888,1,39ff94da52aa5386d0f873c2ec408f6978b54bc015292b8948256e0e02418fb3,True
1,714,L21,3390896861414163580,1,c928c56d6b673e4cad56f6facd3d842f4e5704f25befd0c022935c71d6e8b36b,True
1,714,L13,4364109992669938396,1,71b49228fab2940666db8c90ad0d04958cb50ef0ed706a0bbe05b50d46d3c66c,True
1,714,L31,6625063006073308070,1,1e4e3c3b4286dd9ee462ab62c6fda08781a6b654413a871bfe81efc100e00e89,True
1,714,L23,4912494188363953404,1,f89199fd5c2e558ba3d307387866f82877a13fce9ff834e052bb8e37fcecaf37,True
1,714,L32,13424492751318377613,1,361bd2b59403f70142f1f42620df7a8f335ba8d00a4f7bb26fc32f74328a534e,True
1,715,L12,8850961607106609319,1,efaf3337d51dd09c260111af53f64fe535a848f23f9d2a608da44410ea3867a2,True
1,715,L21,6229957294684637385,1,57cbc1cf3f04365ddd5969cc149295ec858a9bd329e46cc37d98d15357205355,True
1,715,L13,13204715149973957509,1,213aac8638207dbeb7792fd4ee35097a86b9e14b5b5dccdcac1f920bba6b11d1,True
1,715,L31,17866145648458515823,1,2eaa8156eaf39e94f47fc0674dbbc924207515b73648b2a0d5da4b25148a3b89,True
1,715,L23,5259680355620199828,1,5b47ab80345ac7e176d3eaa255e89d46282027cc5cd97032acc016f5bfe4e250,True
1,715,L32,6313277429902161330,1,41c1ff0cab2dc740d9be05462e609babf03015f947b886e859957169b640c9c6,True
1,716,L12,818257151037986160,1,25b2fa9e4f2d949e01be395de733e9ae3022b2ee82a843202becc49f1fe048ab,True
1,716,L21,8233448015324928339,1,620bc9f20e35456536c15368eff95de015b84d3ac2728ab22d76544baefb8a09,True
1,716,L13,6503615621579883519,1,2dbaa3219a7e3c41e043e3acd43172c066e381c0f9114e9a1b778652ccaed6d5,True
1,716,L31,17668547806649974487,1,afcf7dfd81b7ae2d3d89e3628ea238660bbd0b343d47fa89a07ce9af38c7d630,True
1,716,L23,14686238518251227693,1,3a30e2bb233977e860fde2b9bdc41d526362a2559d8964844329c1ef0db68953,True
1,716,L32,13773424641437677412,1,16f5b5a5ed20052baa21a44f9e78cae57d83afcdc8e5c7ebf0ed3003b29ea2e3,True
1,717,L12,12303596355856683151,1,25c277bd89f98b1ba13e661da759b2a21814cec1dd08423e79c4d4783e7f1fe5,True
1,717,L21,10312783302098432452,1,cee9953d0b319fac997248fd818ca7a477ead9efd59c95040ade473ed9966bbe,True
1,717,L13,14170674956006344677,1,dca9689036dbd8d3be37bde8462fd5546e8f6a0fe34b2408bdd78b2cb3b81423,True
1,717,L31,11331089429767153965,1,bb00d7e9283b9fed2b77a43adf28d6e171c317d8543bd0e1a9d3c7d35d2c8f60,True
1,717,L23,11347812078446838693,1,999df91c8a1a8ab9970048ffa74243d22202d868182ebd76f3d7e1c3971dad1e,True
1,717,L32,6357622420114883833,1,b87eaaf5f4030400abc02d7be5d10e97f857de39bf47bab2e85e0e7266a40493,True
1,718,L12,18082470948788911740,1,c811e0d58c0e9b95801d58699fbd1fb7d4d6728131cc2f779bd0704d8cea8496,True
1,718,L21,9637960101253134268,1,8d3b4aa0c9cd1b53e0cd734cf1e7b13aa0a706fb810f703ae30bba804b348e76,True
1,718,L13,4240003623109690399,1,1c4acaa3eb8aedeb4c7b57fef6401a06ed9ddb2916f851d7186c7f67912adf23,True
1,718,L31,9232011827443249507,1,5bc7b77fe68c25cfd198ae332daec8413ff624792219844673eb7ca9811b646c,True
1,718,L23,10427180752829356679,1,199c5ab533bfaa983c32ec128bec7ba17ddc4dae266c499d44895eb1790ea373,True
1,718,L32,5271156214489759347,1,f34a436ec72105db7bae6020335fa3e74d1dc6e93bbf521814f2f68897f820a3,True
1,719,L12,16015022220199064954,1,d818cc388a227b6a79f7452795ee5dbd3424763d03443fa6079b5a2dc1fa46af,True
1,719,L21,16516672588246769085,1,04a62a44c60e044e6a083d7acb122ea03623c3291654e0a7b5ff652a5a4da307,True
1,719,L13,16759752054218543288,1,cefbdb960b06597feccb52730e9bca42abfb481144c956ab17242fd49289a392,True
1,719,L31,145070413948931662,1,4c8ad65d24c8b3d2a66489faaad3f31e72e97c3df1f27bd4dab8f641563b9e13,True
1,719,L23,1946141673896451843,1,df3f5bbcb69ff1c7c9da292ea6191a26e124a48b46c1dcbb15684fde9cdf0861,True
1,719,L32,2895094898893869019,1,85ccf06198925267b2bbf498766733ac76fa5f6e4e2ada74978e0e92f316de05,True
1,720,L12,1935977268331835125,1,d5931dc51301235c2304629c8829415c8d84b5c6f02410f088da174a4f1e50fd,True
1,720,L21,15200552032075980575,1,fe079e480ab06ce86dc26720c1dbebfa79b15f98d2436ccf14a515a07a967e0d,True
1,720,L13,7709136448253807250,1,50738f1cd584e78f3b3001d0d02dbf93293a0394dcb83d98b2a8002d6b480db1,True
1,720,L31,8455355015181052202,1,67a871a75ef454b2824bee584bf4852afc92a18e229b7fc2f0dc89065490c28d,True
1,720,L23,17096664228808866501,1,4ea403fd3ef5a5811e238df981556ec7c5e06af03f0e25e6ecd61c65802a2efb,True
1,720,L32,18153638600612915555,1,c124a1a5fcc1a8d8cf5f38389d61e00e8c456e2216b7aa607a0753dd2f2807d8,True
1,721,L12,11623946336441636626,1,566a4bfbf02c6910de196f69179bd754ad8c093a51ab471547fdd3a689c77af2,True
1,721,L21,9684050102365434802,1,e9cb9dd521968a6c93bd8aee839a503da95c450b7b878a3c7fb77bb3fdd2fc0b,True
1,721,L13,9913162996469877287,1,6bac0725d2cd11684fe66697c071dbae41d5f2105fb4888c576071d97c2aeb82,True
1,721,L31,18427682262118696728,1,4603ce8c18de869687d2dc2d7ed738ef4794abc936ee564edc2d6db9930ee9fb,True
1,721,L23,10712892727237207442,1,aae3de109e8d747ad2f04c601279d5e4c62056838d7711c26896acea7abe530f,True
1,721,L32,5245650313981996828,1,c609dc86690cf4a2a8077ad8584da8524246af4fdf068221f9fe94c431e860a4,True
1,722,L12,17616170829194732934,1,e3cdb008ca2dbd91f380bc98a92d7c8a7fae434645e7dd0735ab623c95f05322,True
1,722,L21,6121430052505512169,1,7820bc203c5eb0996fd323f4054e36052e4ff016827f099fb9c22b2bdc47e60b,True
1,722,L13,231116706856439307,1,d8633edb0e8c91011ba8d4aac4e9d454cf539025126770f1f9150f3a75b300cc,True
1,722,L31,10469201292003687783,1,c229846f3787703811321c111a417f58593a18eb097516fe7e4d5cd2111f88ce,True
1,722,L23,7275799800018917609,1,71e92b25f7e4216f3c635994f411ad658dc5d0115af1957e080d36646598eb01,True
1,722,L32,4151435254249893252,1,73c0320f20644efdb45245f9ad6c44644aeaf77c9c0d2171c90259fcba16817e,True
1,723,L12,3356004539061445090,1,98412f670776698b40dd41dfbfdc2b553bb7808d42392691ed12186737d86878,True
1,723,L21,14643401935659046170,1,1611bc677f56689eda5b35c8cf0b547ccf595f167feea03c9b261672262d615b,True
1,723,L13,8615979942512004889,1,f5b22985d76f06fc5248067475c77b89db3f029a2847b56f1b017544c0b1f422,True
1,723,L31,11365146578814861524,1,fc7a0e02f0a213f41929911d58826b859d662b5afa4e9ec42fb1032573c001f3,True
1,723,L23,12701050106339531046,1,87b4b0a38fffc3235251d08986cdcc197c266b8fc9f7cce3f253c2619eee3974,True
1,723,L32,6453079546514013485,1,7072ea5b547d47dd679ef5f7cb3b18033459e63b391644b30d8e07041aa7a92e,True
1,724,L12,18418421237176123861,1,e0e6a00534c0515bdcdbb3c3395a7997c00251de32c5f99e5df71f4824155e04,True
1,724,L21,10582453331074722404,1,6439b65df8d88da304a69343241cb151d9162080130f7a559793978c38e755b4,True
1,724,L13,2064298665600251351,1,652d75fc4b842871e09021c9ac9c9d1789b294b58793d882b8b2daa227123daf,True
1,724,L31,711002750024877920,1,1622c82e95d01afd296c4dcaa6454535c8e8b70aa06dcff71ca02a03d9b568a5,True
1,724,L23,3262799420061078857,1,8d70c1a10be08f53bfad121d8078a8f156eafb82d060546d5cf2a94a8826f4b5,True
1,724,L32,8438067009435578331,1,d237fe2a4d7de499af9b912e2cae033618001609d88902598a647557bd96da92,True
1,725,L12,14409222910305457851,1,0b9357c798df78e022ebd41154bbbe73db165b62ebb35ff29e986f75a761c0b6,True
1,725,L21,11533530635518177010,1,fa7dfc1c72d70b67c8c9151ed9b1bbceb7d50847863ccf79854649c2ad7d36cf,True
1,725,L13,10072717749363132146,1,1d0d312bbe95fbd8145794bee72f5c9fa6475d470a83ed0637ba748d608647a1,True
1,725,L31,4125478371136187255,1,5a0f2819fd362fd9f0d792bc7f2f8e233d7c32de2f97999ef31eaa71be077cf2,True
1,725,L23,1218338866128676081,1,397df9761e96bbaa92275873b2065918eb6474aa7785e60c8eb63187a9c49eda,True
1,725,L32,6671545709322675918,1,77de0980cb623da2b419836ca7b570a20a6f7a0ba54936383f08ad246a000337,True
1,726,L12,17595723826250633054,1,8082eccf98a771b121cb32107ffd609cdcd800776be3c42502f108017ae7d1c5,True
1,726,L21,997597051348704985,1,07f2f4dd8621967d0570b6a25ba24e64801af62df0cd9c2dc13d85e254c0c881,True
1,726,L13,4665770538560787087,1,1479d5e111861c5764fab294220108bf40b7a4455bbd46d84957a8cb4b0f15f8,True
1,726,L31,1675475358192925511,1,0e35eca42bbbe99b7540487394b535d67ff351b35005bb8897ae3ccb45ba5125,True
1,726,L23,1839916723868897930,1,0e0e1e7808ba318aed94c68d59892096d6c368fa92a2e665c38a51e56275cd96,True
1,726,L32,6473321241970769998,1,c22278aba292495912254c654268227554618be365164718a78957b30db7d802,True
1,727,L12,7830135977128945089,1,91540487392ab16dacb895e478862f23e3a2a3713b630ee7346e37acce2aeecb,True
1,727,L21,4318677670125121755,1,5dd9d60c66eec37a31130ae5f7e10e6db701fbeb2566740918622ad46e042307,True
1,727,L13,13337221663181280862,1,78563126c3ed5fca66c4aac48ef70588f8a0f6c682dbd284b65d8c8acf709cbc,True
1,727,L31,6827334120127885597,1,92a4e3605bd3141243b3d3025b9a8c806cb47863e5057f78a240590c5baf9c09,True
1,727,L23,2549769678819617623,1,9421ce070226c4d6cb0f532011ef91668d59e11058c665f0e59b2083aee2ace1,True
1,727,L32,8549127950728854986,1,2c08160cc96d89aef9934acd9d6c55bc2798c841f80781c136b2fb8ed81973dc,True
1,728,L12,16962938905604032261,1,889c51cc9919bd2eb13bf656d3c11914d6a23c0a518a62a3ea0cf26e208514e2,True
1,728,L21,9028731939813842155,1,61834223d5927e6eabbb4ad3e799ce07fe54c7e93178ad7104659e3dbad89d8a,True
1,728,L13,8107442282541391024,1,36b0afbcc98c9a6bc8b2f267394071df19d0bd3e580d271fbef385669f990d3a,True
1,728,L31,3608091116857969124,1,704ebb1ea6b0924ddc7410bb2a344786c3b4ed1768fdb004164b55102e2439bc,True
1,728,L23,17769216922109517400,1,de885f75daa1017c0b8e32e185606c3f487fd34dbbc48c5dc33a7b12aa44f671,True
1,728,L32,5454209170622831307,1,c359429b4a5c6fc36dabaca30f3b2375565356e4bd3295c56de03cf6fab898e0,True
1,729,L12,10128228433082521081,1,16109f8057c9a5a2aa2981e38dbb6281d606a77a6eabd304cf0b04dea3452dbf,True
1,729,L21,2423712152748839802,1,43e0fa6c8fd6358b827e4c621fc801a8b2d9e5b8a64eb50b68e7e77c5396fb7a,True
1,729,L13,679286497674313356,1,2330c94a963bccc08a407f84f991a192d9e16922468ff417040004ba3d93bd0b,True
1,729,L31,1805432444459209742,1,12420af61d0a5c0f501428448f2b4ae83c08f9cdb0ac1e2e7954c21071eb79ba,True
1,729,L23,7966303245817096296,1,ccfe1751be9c834a945b7a3af90807f14dd464422b6d445320c39f4f09f1f8bb,True
1,729,L32,14159612690848445259,1,02bd475509d276eb73b1e300197281cc0f10dc0df51bd59f4955d1998b1c4dd0,True
1,730,L12,17694610048114557285,1,841fc54d5020b81ce6d055e4415355c1f93e3ff99fce86095c6f026d77669223,True
1,730,L21,2536472847289837321,1,bc606cf17f7886631ed8ba0b750a570aa5252e2054d10c8db5cd18c4a7774f9e,True
1,730,L13,8922006572255566187,1,728d487b15a34a66b9eaaa09e783aaf316209aded50c64b88bc7e2f3c3d49413,True
1,730,L31,4179465578732460660,1,6224bdcd67fe45995afc2011a9124b967c089cad4c3f1d1e0ea116a78a55b6e3,True
1,730,L23,17005102018542905216,1,abc9a49405b5a88c3e451c4ba6382089f0f7f17d6c5d31d3ed3eb68ad20c29c6,True
1,730,L32,15230474148662090974,1,7ad0ee9309dcb5059ec8ad2190916aac87bfe31cd8242005d123b232d66f2624,True
1,731,L12,15086868606945913262,1,f708b5c4291cf1a7107958083a0dc335d6def3be63f0f4e2214d839fa22a884d,True
1,731,L21,2302861329432913092,1,525d680dab72a315f78f4464129790c340aa42dde838835725335ab7822223e8,True
1,731,L13,17562260095592264171,1,2a64f14aa4329790efac45429e914f58b5e1c5f9d3993f3960715c489a1a8072,True
1,731,L31,14861530637903893966,1,390100a5ee01349c596aaa1836a756d76a7ff03da749ef131f3686f51f7852f3,True
1,731,L23,850563541738560240,1,f6404d39c6952ab0e5278191cb46b974f910e3553e652bb98fbc284e9952b081,True
1,731,L32,17518421183824237999,1,20bd982e2669bca199013cf05b51bdeb109482166064fdf7d8c419dda77521dc,True
1,732,L12,505641225732630722,1,d3f8f11ed1f45f880da413e4e1690a7eb81fd0a9d7d90c320c82e7f16472001d,True
1,732,L21,14708476075720909002,1,2b79a004fdbc8227c573cc645149779c5b39ebd9651e8cbe46a31acf804c3879,True
1,732,L13,16060958404933163775,1,b1adf7991faa3aa63553892fda3ccf49feab68045e99391e597955fa68a4cdd9,True
1,732,L31,13742179380789758778,1,880fea298d8e75abba98625e3836cc9b0b8b90235ac3305362fde6dcda33c4a7,True
1,732,L23,7117776730396516344,1,58748836b662b9f58ae4b50d9ff18883e5dcbf98d1a0cfa781fbb436c7b13311,True
1,732,L32,3251265126879638492,1,572743de4e2f9b1938258b51b8eaf40c500e7252d48924d38fd28c99c810a438,True
1,733,L12,4053969674246432437,1,a6cd84f900f15a161b48c055f16ac72a1ded368a9d58ecaedad3be2013903d68,True
1,733,L21,8315381570015839241,1,e70e3bd8c0711c0b55835bb267cdff2dfe66286c257be0ea42a2b07f0a9a0af6,True
1,733,L13,475690006037672487,1,06fdeacbf4a0ac7338e6e53e4bcde1132644a07fbbb32fefca621148397125c1,True
1,733,L31,15414931491816508996,1,634f7ac3d92cb208474caa08d0ed2f4067597b2f6058b7fddd732cb77a0909c8,True
1,733,L23,5565693311565272941,1,97652d0a048db7876ab1bffa2d4589597c46637267c4f21f2c63b9ebc1b95bde,True
1,733,L32,3480201458638886620,1,3e6de9d8a3f19e5d48bbdae4a3c63a8c06435480f326d13504b5c5cfd984bf73,True
1,734,L12,17860308543128212629,1,09a3e59817a700ba048c51e73a73273fc483319e31500b483713708646e9b113,True
1,734,L21,9818579260795961123,1,c73f55cf4e59856ab352dbdd237161e2ed59b6125103990fe1fd9d59e6d55f28,True
1,734,L13,9609200033753758323,1,d7eb2dfd636d1def78be1b2dd9ac050acefda7b900ad37689fbdc733cb50d17c,True
1,734,L31,17223300251016558046,1,f8b81f28d1a25746dbf77fc413af3168110faaaa0318200fc08f33e9f16e1547,True
1,734,L23,6710783770050885574,1,78587c991bc22058987e2ed19deb0880a3312f6e35882ad7fa9532866506a2d1,True
1,734,L32,5943633241980972417,1,b76e1ad8eca4aa1658e3c98f3c20b8f1e37a297417fe8846dc25ac35585f86d3,True
1,735,L12,254328716529313021,1,3f8fd78797adb5816520864153df64752803d0b0f71272c91329af0a3a99e865,True
1,735,L21,11347562931601745280,1,941986717ab85f601bb9b2e857ed0a792d6ad76231699f7e06c76491e6e85bb4,True
1,735,L13,4299472888101613548,1,e99b671dbba7cc0fba4a7440e73d20dd4218073f8410451ff38b15f2b2b42866,True
1,735,L31,16876286561626472285,1,0849621e10ee27c392a4566d6b585b5a35fd261f44281de54309e23e40163bac,True
1,735,L23,8673024800851036490,1,70a5427725199246a0c7bb404c8a682fd85c192b038f288682a3a331098d5d5e,True
1,735,L32,4757701045557388472,1,8321989f27303db69d6d73364be6410fcd8aedb9388f1a9665d08fae0bbf6a48,True
1,736,L12,134157836125659460,1,7ab0d520b61710ad219db0cbe4cf8064052584a7bcab19dd7c2c75dca0db2762,True
1,736,L21,5248264331689226587,1,9d30b44ca761ceac959a49dfbe810d06b60154396c50c85f9d8e366e049d6086,True
1,736,L13,12213578999154871155,1,47fb14363a33e33d7856ae47faf377cbdac0fcb3f261179373d6bdd626de6a93,True
1,736,L31,15937221967067212680,1,1a01f8e539fa9e5353781d5a07b539c9e6ec062f4f2a3136c975c1d276d288e3,True
1,736,L23,5241503928605181778,1,4496998d10890f47975bc1fc12562c0cdb1caae179de2725a6b95511293fe658,True
1,736,L32,9127041136572100840,1,88dca0a55d23d196cebaeba531d6a152dfcd8b70324620ad48dab47a80840ef2,True
1,737,L12,6182634394234593572,1,190c358660669dad042b4698d9a09bbe516556ad1f15594bd219758e8e5bf8fb,True
1,737,L21,3051318561480922438,1,d4076552a49595831229e12b954e1e844ed2de4c3246bac54bd9bd23428fc1b8,True
1,737,L13,3223729365893777291,1,e2a3bef06747a69ddbb8524a2057f18ad80c16ac3ad64c31845b7c27ce03bab8,True
1,737,L31,241146652487308964,1,28194c06b2c2fb0d0bcd35355ff572e413b9199017f1967d08ddca27138b6300,True
1,737,L23,14001675269635794235,1,718e5ecccf96d72a202cdf149a5908b1ba091b02ff9873251c084d0ea54d8cb9,True
1,737,L32,13725221686271853800,1,ecc87025ac51a8814cfeffb48c22c5242302fdd415d5701a04104a4d87c7c763,True
1,738,L12,2464589656043153314,1,52e22ddca2e7a19b37d2b0c62c8018e66ee2767ff18ce9b58d9cfe251213f3d6,True
1,738,L21,6257660889297322138,1,b9fbf760734307cd399045e1e6d5b7896a84c044447562c8b04f60ba32f20352,True
1,738,L13,12653368653216731064,1,0a4e2f41559322cb4b864473ae03055c075af7bb197ca70fe3ffa40c2efb71a7,True
1,738,L31,8475302098146619459,1,02e7545f0f0a34900ec9cda39eae1c481ef5b77ee66a81d9e7ccfbdcbd9fe563,True
1,738,L23,2078445338645709412,1,c6bfec44be52ccf70666921070237305ea4444c6c7131cd92e8ba1e751375fff,True
1,738,L32,9007522295672966292,1,8df845a68030515a0e710fe8287dc77991549520adc504f9c8b97edafe820984,True
1,739,L12,12891413029253089391,1,6b32abe7bbca7c4032b666fce86c503c116ac0f6461ad6a15862b212ba46e79f,True
1,739,L21,747282948540031701,1,966b78b3368e7729bc4bb91ede53b2bc7af135c44bea67d8a7624c801f9e3b1c,True
1,739,L13,15183399301883885861,1,179006dedd682918aa2c6e43f80b80aa22e86dbe3edd5633b4497306e2f50c29,True
1,739,L31,15348722930421376088,1,1bfbe7a61d2d2054aaef91afb1cf5963ccb1d33e91d72fa8b84fbc2e521d5d62,True
1,739,L23,15180178989860853733,1,dbc6d03fcdd49186d717f81ac3b44c94866e566048969ec5f91bbb629ae7280e,True
1,739,L32,3812647183838283661,1,c4a57ffa13b9ac4c3cf4dbbdbca16065f773678715f86c04232724d28e177215,True
1,740,L12,13364108544033305968,1,ac36e34fc4c6632199413322f01a26e05f253737f649b2c539171b9808b548cb,True
1,740,L21,7714616596930950290,1,c0f6b6e087d231b508f14dab1448cedeb16cdcf40594797b8938a6be6e433bde,True
1,740,L13,17163382863413510333,1,b3f9f96f8fa68ced7cf838ff6b0597e23642048697b6cb4d09634c52d69683b9,True
1,740,L31,16177457261470552029,1,0e70a4f2082d95a383f2705f5adb8b01b8ad6e89d573d42182bb11b32c788f90,True
1,740,L23,14256843087514828022,1,d626bc998c8b40a7a7c5dab5f914ccf76a6fdd17469c792476a548fa64b0c0a1,True
1,740,L32,10287410027970583402,1,43c5502bbbc04326dad9c2c139377f867d515531b6b2fbe8bd1ee2fe6f850674,True
1,741,L12,12772816528209886686,1,0ebbbbd90c2492a4faa00710eb4341f53e9379669807659b60fdaa1e5467806b,True
1,741,L21,1070915773571577816,1,b5af608700ebc5154963ca6fb960113ad0f4fe326c258ebacc921f0885120714,True
1,741,L13,3128403784104833283,1,e9d8c1e0de6595a56dc768c1930bb223d311be3a1100d5014f9a2fc64c049e96,True
1,741,L31,16347931364803948721,1,f9ed6b471b770aa22e41c009168e3654e2ab9e9a6000afe17486767f02bec8d2,True
1,741,L23,4968174058719882231,1,ca6809a89efa23133d050e5d04d5663e36dbe695937fb00f925ef17f2b985314,True
1,741,L32,6143342203356115255,1,a12f01928d5b4bf6f05c8b4dc306e93b6be4297592205c4cb684b98758a91baf,True
1,742,L12,17694657492718288604,1,4f15f8c579a7b9b013be21060766df6babf0b48b06104e9fd702653af378e2b1,True
1,742,L21,5324062709912588408,1,afa39e8bcd847764a966b70b2926700ae3dcb004671b4a77ff4cfa818818c037,True
1,742,L13,11926192967087355536,1,f895ece915bbdb73ce776d15cbef4ed3273809b726155d5e0c73b5ef8c5f8d88,True
1,742,L31,17384317696960596794,1,a2947332ab00d046e649403d784b1c114c3b16a630d376e221a943a73639f283,True
1,742,L23,862411557456717748,1,34faf9e7dcd87be7e074ede32fb2c5517d7f39f8992b879bb6a7227f07e41484,True
1,742,L32,17396998243066902476,1,7ed588241c9a13086f9b139a0a93cb2d6d6bd2a8fab41cab75697330dccddc32,True
1,743,L12,6319467397757410343,1,b817afc6238889277bc5da836d963fb5fe95a0eee4c8b62550928e375d70308f,True
1,743,L21,17772068545565143381,1,ec8ed85a15ce88e5de850a11ae4de5341959b7d197e131e3330c147ad96a990c,True
1,743,L13,8479671298759047143,1,93b3316ff5836cefe6f1f40f1498ab696a73b8769235e1a40273015b79abc4d7,True
1,743,L31,2094055056235838156,1,e7c6621d5b997d331ba5810b9eb491bd29ff126c3a075f0b3cf53e132d1c9db8,True
1,743,L23,1726660267636001483,1,5e02a8d80b819fd917995ecdff81d94d51d86212a09581155490d23d94edffd8,True
1,743,L32,16528602292999985292,1,50d00b750aa658b860dd0572f3828d4838d103baf979a29365888afaf7ec163a,True
1,744,L12,13554984495435406898,1,45734d65bd39f4a6c13073f4bbcd4223dfbe4bd6d4df1fe90e19137216b394ab,True
1,744,L21,4891877723545310406,1,09b423edc7199e44443cf4801b596d6d0955dc3572758b0d7c181d4daf1d51b2,True
1,744,L13,15314681383040988548,1,765b841ffd1cf7e7b4db589834181c229ae29353808455a95270af2fb0c6e6cb,True
1,744,L31,4614276915571503396,1,d1204afde12dec823c1fdec799ebe87db82753ee0139e9b9a4c7395ccc1ff053,True
1,744,L23,5264129063038727514,1,d9558541a4a3ab0f0d2788655abb3d52969fd00b56da58b48c1fd73a97709a11,True
1,744,L32,16156699998821306575,1,dd9cd98d0b91655e428864e1c63c9bc11df1644681a81973c2931e7f777ba06e,True
1,745,L12,14741056961232247981,1,d38003c33dc937d8ab0c6474fdee4c8e7b1f50f160f300b0f26caceab2f9ad8a,True
1,745,L21,15578921181157550378,1,4a97d5d51679b6a5020b1cda3d3a3a7c9c342d9b9b054bcb91176aa45f7e90c2,True
1,745,L13,16859556248753340742,1,2ae9fc03fc82fd55d3f34baaf79740eb3f6258dedcb5999c9be0b12324a84f47,True
1,745,L31,5956883934817770930,1,78d61e5d1d5df581b58a75df7cd0e953aa375e9fc17a4dd38935dd175d6390cb,True
1,745,L23,2030513930626586277,1,0a527b1840a8b3cc35b07d7e58d6707cd0df9fcd6d6d3a9c3fa78f973bafff48,True
1,745,L32,17692602704626953708,1,f2a14d4c5651a340a00fbe7f9b460e5cd216a17617e5c7e71e36211173cca4af,True
1,746,L12,4442331941303861239,1,4310cc462da373a9ef528367a31f6d34c073ffcd1548da7d3e832c0f669c0755,True
1,746,L21,5571886048773860482,1,7ce2bb4ebb5453e65afbf76b5c8bc99c328bd9e37e84d86502277780fe409726,True
1,746,L13,7739846218669729945,1,9648dbd68ae8f9463e4c426d701402b3acb5c8a5f74be31a0219ce13b1435fc1,True
1,746,L31,15486970114169031332,1,536126eafdedc06ed452131119c8591b05a8cf9524a6598bbec3d232881d9743,True
1,746,L23,8198627881374372627,1,5e071a0d0a3de550b8ec70593f32f30412ff97e974298b50258ff6bcd946962d,True
1,746,L32,3510214450801522531,1,e0e81441dff8c8bb9834a0ccad5906098e8f2a71f9e7f898011a5448924be409,True
1,747,L12,3232343358329086598,1,610afa98fcdd432e0ce644b9066d9072d7bd560a780a5800003970ee9ba68b01,True
1,747,L21,13877249950948657015,1,a2305cf18a860000b76881c59dda0a6ec381598247198d544e0a83a7fb9f2ab9,True
1,747,L13,415266313981380665,1,6445c647698b1a5c70c6bbd7782d56b9c006367184229b671e8071698379a264,True
1,747,L31,17056173834199538449,1,9ab19627df7f9805a13b7bbc907d974d3f47ed8d8164ef569834ef669589d347,True
1,747,L23,13081648099172875506,1,2f9fdf76ea7138db11c204f04c61d73369a49a02969914d82f1c41ba545b644a,True
1,747,L32,11157563335845307735,1,1e53800cd89a1b69eb13f21d3a580207a9c3bfc0f80fb30ded38dd713c0f7cd0,True
1,748,L12,1695809742638183983,1,b28a337a43db838f833e249756a6288f45c5b859cda7c227076317ee6aaf81be,True
1,748,L21,9567105727126291941,1,59ce95e9b51ca70fbf3afff6a33cadfb41cd00376aa611c4ed3530afab250830,True
1,748,L13,14870384571860868227,1,9478e6a0b62f382efcc4051eacec7c261f6b5719f6c754454b0b6da3805e15a3,True
1,748,L31,6293879308772788444,1,052b5290029b2501a209d92971f5c1b5132d7d45cb4e8abde5d13cd64a26b955,True
1,748,L23,14893183382564904923,1,cc822dd6cb009bd6ae814fc0a997b8e1ea333282d7288b3f7123ac82bf217a0a,True
1,748,L32,4089023108222341402,1,d2c2492eaed4aaf37d7400df37f2349d58be203c096eb32ce43ced48f11b9738,True
1,749,L12,9827321495001380321,1,cac7564d7ebe200b45e8af5038460c5f30014c58d2c65b7f3c7e5afb1dafdef6,True
1,749,L21,165186140304811473,1,0d1dfa1942fc5183272d08f2fa35e311010f99b73361a47c7d623be03a278e78,True
1,749,L13,10153512078132159311,1,c754a969e3cf762a2bf9612cfe1d3cc4ba07be51e15b55851aedcc0430aaf47b,True
1,749,L31,11003343154828604846,1,c4679973faf50381fd9b8fdaf843eb4c8f0daa4b00c44f5fa0ae4a22ccff9c8f,True
1,749,L23,4467660612626036097,1,079879d2fb15649f6d621a70bcc2bf6e4e6bbf715187684c39f29f71ba630e1a,True
1,749,L32,17328766344972258319,1,ac1db36059423adbcaf89aa37dbb8db84b7df752dd42a4e4d576ac6ffdc4ab43,True
1,750,L12,1963633363765298645,1,2b308dbef87b4701736cd188f2ccb84c848bb15b33e777c3c409082feea1ed5f,True
1,750,L21,472988276297340895,1,d7c07bb6d983f498d612b348263886b52e260fcfe9d01b096abde7cbb8a71699,True
1,750,L13,10748567012584627240,1,d18dd8852967ae9016b0402a72325dc476e9a7c14746f0ad85ead87c5a2b99d8,True
1,750,L31,8237323682371530820,1,3500e7e0ed8568383cdaf4041dea6f0437982bf3519cbeac00634457929605c3,True
1,750,L23,6897699249166541119,1,c349465e5199dda7bd6c55597d23bafbfd034be6bae41a05ef19e0bc349f342b,True
1,750,L32,6284628018576178772,1,5cd21a8a0ea0486b2eb490ae74dfb094c9732f7d0f42bedc5e1779cdc95da547,True
1,751,L12,4043363348782722706,1,01280d187ce134b82b0d007a45dd41f107c954d8d9e096ae7d3c175f8e0484ee,True
1,751,L21,14790616528452411950,1,7f0989f5c8ee96489667fee8ce9d5bc06694269037c42b0e2373ae670f845139,True
1,751,L13,10243594868880956787,1,7ffd7804d3768e3d46d91c443166c4e22ae1bc00bd6707bcb4bd64dd1cd3f082,True
1,751,L31,7428034549990809141,1,b73f54ee18f0a553fe2596749a61b80f89dd6bc9affd6e3978b1ea8f2f892d85,True
1,751,L23,15180051478073890903,1,eee127210e5b49dc2165ee7be210174d604afc6e97af73df430cadb4b39f10d3,True
1,751,L32,1759260265486160355,1,ae3cb9bfc752b050847b52baa896d79bf411fa5d26c33f04197aed6513f2058e,True
1,752,L12,13411815011211528070,1,f949b339f747c6b9e461bd5793ec8b47b4810dea3cc62b16665e89fe80c396c7,True
1,752,L21,987015631034675283,1,9c046d0e62ffb7d53d1f2ccef805d9077d68191a0313ebc1f46d6746e072068a,True
1,752,L13,18024895698288853888,1,edf51164cea47bdbc3f67d16ae6b0c245b8506411f29cf82dac1c2f31d6d41f1,True
1,752,L31,5644811028616985687,1,e1c2a52c7a8c637e452ef1785274d4c3ca7975de8c0fe9cdd8de32895eab9727,True
1,752,L23,10079757368255408414,1,f379ad1fa6970d4cf6d8bf997e0341929287b47f566529a29b71bcff24f4f024,True
1,752,L32,11246562795844236421,1,c59c676003bdbf31d2b8e1b3667ccbb04d1e9dbcbb8d1e03131b95b6fd9a37fe,True
1,753,L12,10698821477377556600,1,2d9ccda1d2c47325cf0c918c1ddd7415648f2ea4d6580e738d540791424d808e,True
1,753,L21,17859820080059532949,1,8287d5b5004fe6bfaedc5d9c51301f00d8863af16606b7ec1fd37d84965ef147,True
1,753,L13,6304528846413872614,1,ff5d8f56bee8ba525b964c6a59c2b23e4c273506c02d878a72710fc4c9c2c0af,True
1,753,L31,7004126250781672859,1,8f70b3fc8088a183791805bb92dbbb688db2a93e20973b91177bce8262493272,True
1,753,L23,9993005072467828778,1,c0495b9c7ba7d43e8a4bb9889a9e5820bea1bc9beab0ac3960a6b0b6ff90bb5b,True
1,753,L32,14130101215890059376,1,306c7d8a4763054e312034581de495e15d1aaaa8cb813c62bb13419956322913,True
1,754,L12,8226496682101678340,1,7cef2da42562c0dfbcedb69d97ae20fca9d70bf4341bff8209542dc9a09c8f02,True
1,754,L21,13188377723514478591,1,8945151028f985b21775a9ff8644af47d257eec1b831ebf6db918e16582010e8,True
1,754,L13,13932260632216798653,1,b1e71ac0cecb69335aaf9a35c7e39528bce01c625b39595194f44aaf62ceaea6,True
1,754,L31,6931537492223873072,1,918b7296f7b959cd7268e3dfdb10363e68578be148f595e910f0ab04874d8b84,True
1,754,L23,13966780367890835850,1,43ce40c08bba4a6d10eea25d9e2de2d75e6ff5bb831234d7997e796e563c98a1,True
1,754,L32,7760336735265509047,1,8c29c3947a12bcb056f6bbe277853ef53f2b3a600ebe97639b9082a65b551f4e,True
1,755,L12,10649682682398583005,1,8dcb03e57a8950d0d2b515a6d37bd241ef1cbb3f4c3bf6f0a08385eb87602325,True
1,755,L21,18326628715247125937,1,4bc2f388fdeb3b6b33a39438b284200df94e711462a25cfce147a3ca035c9038,True
1,755,L13,6051989328014252190,1,f66cfc5441e1287a56a6fc377ca4ae99eba5fcc8d7b9d747141c3e5da67e3d79,True
1,755,L31,3073794809377249454,1,303d12f0eb9580d9ecf583a61d071ad5a29670e1e382cd6699b714b9c50c4951,True
1,755,L23,16763063515313914386,1,359fec7dca03f1e5dc96a09033b9f94800340dd0e55135a495bdfcbf540787a8,True
1,755,L32,14925592374881407517,1,6dac52be2741cb4d1d0a72f81fc580b520a303de8c5b95aca377097eaf50fc02,True
1,756,L12,3122077477099826747,1,e0896de5d2ad5b2205bcc66190c507d1b91ce931b01edb96fb0c65b7dc0e7bec,True
1,756,L21,17221910462400714309,1,3c4015d3d9e936a4bdc9a66ae569ae2ae095f4541cafa8959988f31ad6439551,True
1,756,L13,6498861614584348051,1,c33e7c0fe681724b07fb164a7242c8912fd4f2673a300edbccdf00c404e1ae1e,True
1,756,L31,3875248469772698401,1,3898c7e455acb8d4db58c792a2185058779c28892fd2751fcebc3b023dfd31bb,True
1,756,L23,976675815621654408,1,3b7b3c995f8aec97f17c2bfab8dbddcee044b90a7005cefa5ff29ee89721e933,True
1,756,L32,11940811539351930613,1,2eb4a78b102a3fa12703ed987ed8f7631944c04eeb4e9eeeafd8b9904013a855,True
1,757,L12,5338758483022389830,1,5758123fc034932e4990875b43ec64b5f7bc0c2f13084ff299d15cae56a9c604,True
1,757,L21,8906877900171643635,1,58c6d7017ca248dcd9039ab0b8675aa2236d53f4b2eda3389b24b5a36391aabb,True
1,757,L13,8725247976668746844,1,b3008097e50704e770f9ec9b6993b37ac1ccda30da4b296739407213da5ecf52,True
1,757,L31,2688048231086958093,1,27c27bf4a86ac9cf61f44f0212b3efdfbb1ad7b76c609d01c201145e15948ae5,True
1,757,L23,1015962673958746856,1,6dedf3c5b0b378d3a556b20c6ce2b7121c670c569067120777c752dc58ad8fe2,True
1,757,L32,15921909409798853892,1,852c8a4765f7bda7ec261b70b7972d22ccc18904c92d2df77f7c63ad609b178c,True
1,758,L12,11085676086603275336,1,551123d63c607d0d7d95192e8f809130261b4a99b3bc1ce0b4a851405427b348,True
1,758,L21,16155034649730488925,1,e4b59397cb55c3c4bec3d6536ded9fd482b02b2046cb41d51af83b3ce9fb5fbd,True
1,758,L13,7682040200059328842,1,aa17f508edc4f765b8949dfbe89e074c8b23ed9cd827c388a44887974bb025a3,True
1,758,L31,6902574466349501607,1,e6845241b44043ae82849b3268da01b3b3ed4b4b3556a512be614f48dee5058f,True
1,758,L23,35760926909663921,1,d3ed252e14468e1ff5a3cafba94d0e037d63724ca193ff2b0e21c3c5b169c038,True
1,758,L32,2551172719585193324,1,0f8196a94af1390887772021ab930a79a77dd183b28f5d0cc365a687a6b8861c,True
1,759,L12,17359905840596167546,1,69fbe57645311e5d7351c5c402a7cf4ed946cfdbefd2493131c4b83fca0b5938,True
1,759,L21,648229447287663106,1,352ef98814b93cc77fb36bd3b5184bda04a7d7c7881a54fade1f768767b55a87,True
1,759,L13,3955656323485483885,1,ec3f71a51ad61a2f22962517dd62c4630739379e117390c7922fc22e21a87802,True
1,759,L31,14544504808701186351,1,27131d02025ad0e4217e07bf18cb2f6e235b939de9a7a54891c39f3a8696cdcb,True
1,759,L23,16236755764508938772,1,1de68876fbb5f3a4c67d24014ff883affaa26afa8f9d9d2fb0e4691dc26a85e9,True
1,759,L32,16884953105537160373,1,407c960afb34f3d20f98cb8f131f04353372bee603867c1ca88903e4ae8a4151,True
1,760,L12,12662182238006408326,1,24469017a6235e46b014d60d4c4e4581242788f1e2a53eb65e7ae408b652ba9e,True
1,760,L21,4129099582440102430,1,978d72f68fe9f7980a369afe2ca2982a89662d5d8e334a1692fe7e09f1118048,True
1,760,L13,17562471428949325933,1,a6fb24ee8c2c2e2c8f81a8c6d1f04fbb9227885c41916a7007da2fa9d6bf9417,True
1,760,L31,18249230285233067677,1,3ad412b50e56a32adbec7e07d5fd5084b417d1fdc29f80f7eda462518c1836b4,True
1,760,L23,18022230434522142329,1,cc57a68bcc9001aa569607313f37a096f9d36eaf04c4ade97fdc990606cefed3,True
1,760,L32,3889231642317378730,1,437198aba459c9c51288358708963ded873d98e3a477adb293dc7816e0a0fca5,True
1,761,L12,4452619591767127937,1,f280a15d5e8e4b77feddd289724c06d1e02c21627e199d6f7f54568d901f34bb,True
1,761,L21,14929442930188627532,1,36cdc6e0f953b3f208b3b1636268dbaca22b24cbee4e31a15fc32c183d611995,True
1,761,L13,11173994012710368984,1,462c3e94f39852f5584d1d5a324b60a239c5cf9a080c5bf5946fe965eaa6212a,True
1,761,L31,8322143464964636127,1,ed7316db66cf8abadba609b7063f27b56d49f05a90389829d90e0954b78b933c,True
1,761,L23,7757938387963556196,1,df89b90481a4e202b1c6312c035c6b818f3ad623cac090fd449cad9ed06207fe,True
1,761,L32,13921483968150855541,1,14fa8c2d6e5ca97e375137754bb4e31303698f745d8d1e3a8084443ea1941426,True
1,762,L12,12144987038054441543,1,e4372b28a9dbb549c2bb850cc2b31a8c268b89953f730be3252fa04ebfd40449,True
1,762,L21,6854565589972792656,1,16488ca4020675317980ad28e389e159a5042694df9546ba05b43da4da70022a,True
1,762,L13,13745951789056959636,1,a26fb98c5fd06a659190a5921d4553c35f3483c2c631115f8bba2ecec5071a50,True
1,762,L31,17858055540844981701,1,9ad133caa0462a6d034192f37b0e3c816ebfb544d1d408135ac39c9564f313b1,True
1,762,L23,1637772951847424351,1,991f10622606b09ce16b70eda8525c690bdf9b4edb93088ec029487e8f5c2250,True
1,762,L32,9555700821197366420,1,3af1595df8c35f2da577bffd56ccee0cc6f21dc40a34a128d884a44898255290,True
1,763,L12,7304547209837036397,1,91e96291c983ef1ba5284ab332736c5f8ab8c79c9cf9199fc298be71ae3b9e41,True
1,763,L21,3100973559227662009,1,c48cd5307c3883dee718e4e51e1479fd8313b5a2b36cfc17a99037b656198a7b,True
1,763,L13,4024197187415562201,1,adb97c3c4c297b98350f7c353cb343111a60069e60b7c75e5fb93f72826ad28b,True
1,763,L31,6482751863511169169,1,509f4209f1b256368113596162938d2dd1217d61ebdee634d38cdb4af4ab18da,True
1,763,L23,13370743892406760528,1,db1bf88dffcab5ba3b08e03dba8c64e345fe8af3ae3687c5322e301f86895e45,True
1,763,L32,1437202277620558773,1,410eb0a96d4048d8bd95af9e1b0e7a817db70b9bf1034523792ad9408a180398,True
1,764,L12,791167418917228434,1,05861ab0e4bd556fb6f912427dab052345b6180b6effb264a4ef30e4b20771ad,True
1,764,L21,6086615717432486218,1,b2041c02c3244fc11ed8f51c2fcb0d3d35adbd92043c02017b024cc4696f4604,True
1,764,L13,6380073486244907070,1,2795dcb86da5ebe8573eb2633fb48f6ad678e1a2f41c895a466f0f8122c9acb1,True
1,764,L31,13982098852870476110,1,e6a75b848fd3f275e744f58f89b53021a88eb946a7a4201a2b0371ac3493df09,True
1,764,L23,6276304407326442256,1,0a08d0c65d2a574d311b6d4c75455814b112e31587859f06e51e55dadbb01394,True
1,764,L32,11669199946541461250,1,8ceb40fd0b3d25be51681d59c36e9a0ec37fcacc333857cfb01127c112e23078,True
1,765,L12,7324106686353045085,1,4d39fcd2fde938ddaea9ccc059a720f20ebc4d9f612de34619ed7c21553c863e,True
1,765,L21,16409004975957495607,1,e7dc2656c6476fa7d320c72ca5c04eeb20c6d68b48d9e627f2675a24487f8c26,True
1,765,L13,9127790093652069661,1,bc0896bc1c28dc7836a0db8d60263783a8b98b19ac5abb60a311b611cf811d5b,True
1,765,L31,15680953803191329672,1,adedead6b1df21047e1640de504160ef9b5d45f0081cb5a412df5bdbe57cec79,True
1,765,L23,6024399703793517219,1,378869aef4cd663202cffb4556d609c18bad99609b77e8fc14df2ee226451af7,True
1,765,L32,15783064183427376525,1,a91b8c048d5ac53d1ece7b12df286773ed3823f1275b31f1c04d23d000a9597e,True
1,766,L12,1775935508499816803,1,53c413a956a690c83f7ffa325811657951ab9d442ad75f0bf8e9156b9cbf0dcb,True
1,766,L21,7615120872098060505,1,4ba2ac82727cf8ade966e78d71d02d6d2f0f0e6294a88f4a66d0ac3a8b4c51b1,True
1,766,L13,2429885399179763579,1,1d0358d36d48ae33e9b45dc789d2bfcc03846f3add9640178dc8df1336e5a71d,True
1,766,L31,3895333177905007311,1,1f5d24d4768a73534fcdd4141fdfa69108deb46bc235a5a48daf979340e3a289,True
1,766,L23,6314690949845281299,1,9d515bbc9d2a35db8339086eb8f4b3e5814fefc080b694e2c68d7c6bafff9e62,True
1,766,L32,7222881790843837191,1,7686b582cc11c0ca2c25868ea4a4b2d3e6442ae522492ea4439a026eea4df1b1,True
1,767,L12,12408806704546152142,1,27b0545c991c95955af29528de095555462112c9a4d8ca22cdcc69278be42fde,True
1,767,L21,10828284671867305682,1,9ccf5e672db0bdbbd51f23d676f34ece41159abb93e3dedced53b17e78e35b6e,True
1,767,L13,1571398252087395981,1,4f959aada8dcfe9b5dd6b0a97b1b5a8dac71101514f955ff3fa5ddf4cead89b2,True
1,767,L31,17636890844077073845,1,ea41a16dab59d3019cac8656c56a15d7b9bc8bc15f5f6fca84f59e3e575f0de0,True
1,767,L23,16067200102706243854,1,ad0987e90d568479e3eb11ca8d19f0a0eb6d751b5c550ea14f593a2ecaadc357,True
1,767,L32,16050273926299717793,1,f26efdcb78b8add621914dca8c9346e51178c0e56bb87a6a3a51ef33115de82d,True
1,768,L12,10074923514251883112,1,814769d1965e48c7df4455a26f3ceabaa369487105f6b7efb314e9a800c5c5fa,True
1,768,L21,11656920483493114591,1,fab4b8199a69419b596b9668e994a4620d71608e6eef53a70274e604f15d34b8,True
1,768,L13,6047347742972341637,1,db5491e16dcd7ad8375998579c9cc9b83fd45e8938d71b907eb6fd21101eb33f,True
1,768,L31,8426031644550602544,1,ef8748fe41ec03866a80d75e7ba88557d4e77ae6352e4bb0e9749cd9d7c83bf5,True
1,768,L23,18042129564216007872,1,6a50a2d89e36b1cacd981f02bf3a810fe750bf3ad035ce8832826dd328b4ca67,True
1,768,L32,16276803637998438745,1,0b54097abf799f2faa12f93f6659dc5624f2cf5ccb709d4981c913343e068937,True
1,769,L12,5298490123543341758,1,a4abac7a288736b8136b667603c476f4b82dcff2c8acdab1b4dfa51669f07a58,True
1,769,L21,3230190675965203890,1,d20baa860d614417c0d4274940064370356ed9b6abfb154f82f289439fcb6544,True
1,769,L13,3505685865886761974,1,70d834d7e900e554e4c7f6066f60af289b54635c66ab39186791e7f94d269e46,True
1,769,L31,5500069245651076662,1,1c6079fa560371132946a6c4a6da6f4e56c0b087a623ba29a7a7db3bbb17b4d3,True
1,769,L23,17655922382646124080,1,30427bf05643a496bc1fbfa8a9f6f70ce54f6eeab14581dbc28277a5da8bd438,True
1,769,L32,8086740764144843607,1,832645973b43091cdbee7035e2c3a38aa3a14712a7003e31a611f89ff9d8ce46,True
1,770,L12,5447532884000527125,1,b992f0b47fac2e4e38b35ead892a6f32dc0f09ef9873f219e290eaf8a6acf8db,True
1,770,L21,832555896227393228,1,00051afeb089a5fad93e303ca09e7547abf8826e44b493668d893d1ae6b6019c,True
1,770,L13,8220518167745600866,1,3fd22fd9f8747ae1c946a789c510abe59b9f6803f0edcf9d3c2dde4b47a6b563,True
1,770,L31,5876991308885734088,1,a118a02ba9b64fba6f284bf749055099c5a6856a3daa2e86074dceca29f20951,True
1,770,L23,16756920210417618279,1,f74f42b42fd55fa80ca97e3ca1301778ccd7ad6f64989ad4a7f8a53b56dcce91,True
1,770,L32,2474198012727288205,1,5c55a83a21ea668bdee5cdc3e7a4afc76c412fa22536da1749dc677b4fd07b89,True
1,771,L12,11188893483340509748,1,c05e907ed519ed23b9015da86280e1a17919208b6903daceda759aff859a21eb,True
1,771,L21,9572578034371453499,1,4c629b9df931b0d025e1ef295f2da3c9d837c1ba06b61ae4138f15fe5f8802d4,True
1,771,L13,1305984196833888119,1,7531f3b3c0186f0bef6321ddba350e5e071e171c2515a59b48c3853e9e0ac2ed,True
1,771,L31,17364531248394363136,1,d2ed5eb5bf4939e554835b6c70d804f56370d0eafa9fb2419fca40e222a1d953,True
1,771,L23,15785447451950221843,1,52b7d4151c67a6a400a1084c7c090add74d1224d71c561c89c8c5c2ef7ad4c12,True
1,771,L32,873831204121057564,1,004adf38b2e367163ec57a9818e9177d12a1c1b87af74ceb97daeeb6bceb1a20,True
1,772,L12,2250097485721514523,1,7fcfbf6e180488ce845cdadf1c58dc60d4e0c1e51acb158317cd0d1518e7e432,True
1,772,L21,16386318871448996797,1,2a9a55913d27d72c9af495994fb3c544d1ba17ced497df933749bb6c44af488c,True
1,772,L13,12780293959156501274,1,a57e0abed5ace8e8f861fef99fd137a13c02312db66cc757a20f1f611b037d6b,True
1,772,L31,13933481874408063390,1,f42d21660a6899b127015f44b6a73f484df200d0e04e6ec2d23cdd8da28e799c,True
1,772,L23,15163566396289651096,1,46d262c37f0367954112f3b738745289ebaafc83b74ab5c78314b41aa7d4b368,True
1,772,L32,907412238474364101,1,57a956117612c6abe65440ce2c9943acfcc6e5d21315e4c085a37be74a2f3975,True
1,773,L12,1209269036544442802,1,d5261d1dfe3f1487fe40a62057b22af85df89613270bc32b9e7c3f3219fc3cc3,True
1,773,L21,11293807555974538357,1,9aa4e377e884bde722797ecb7568770ae8c82cbd14dd07cd1c6d3d3b7b1eb73c,True
1,773,L13,5772956399752793287,1,96df53371c98c0b12ed61f0dd37d2a00147d10079a1d796b30e4b3e9711a0c6f,True
1,773,L31,16388357200756370536,1,0f01cd4cbe485a1d1aa8a05bac5b4115d65dfca5c5a70dcbb51df7298be8eb81,True
1,773,L23,17405989080996109847,1,1b6cd7dde49bea68c217bbc3b18c0d67d2c4279f784d7079ca36c5123bde18fe,True
1,773,L32,9620121290343323826,1,a7e9a5f53442a34e2fc1e4e701146edeb72c09bb7ba5896b08a396bf2ac5eeb5,True
1,774,L12,5663290090449710812,1,effd1bf33eb8dc79ce884cdd3325789180ec588f6e1c2bcd5c132595c810bdc7,True
1,774,L21,12980595561629860183,1,8e625b39cdaf15300fabfdfe764bab81e48fa886a44ccca24f64c3ae7b04eeeb,True
1,774,L13,11830358502494412878,1,7d5c34b8180b7d488a0ddacd0d1fa7a83841b8a9d409ec76f897fd083dcc0644,True
1,774,L31,7227845024963631088,1,017d948e051d027ac86e0c0503060273787d6a7c6a535ababf8aa200f3599b73,True
1,774,L23,8942034739606205842,1,fddd51241074f7e17ff70d4a959ad88657c07ec048e797bcb29297458acbad3e,True
1,774,L32,8998118110293248014,1,b015d81ff8560339f433e3f6783124cf48ed3bff20c10c1d151c1dab574de9ea,True
1,775,L12,13902943617923660005,1,b514a39825a4427a5c372a0eabbf6cbd670a6c9e1fb2bfea8f83efabe1308c21,True
1,775,L21,2998939794065559696,1,d78172b6543866b1993a59f7990be17e2f0bdf030de0b20555cceec958902cbd,True
1,775,L13,3631743096624499923,1,29edebacce87eb4ef72863f96986a9514fe1b43c997415455351a912ba2d7573,True
1,775,L31,2486689162686928893,1,3a4dd728119d9920e7a93a1da1972f2de7e05b61d3bb7d85babf6c3ef4f74e08,True
1,775,L23,7256320671549311350,1,0117481196f221c72ba795668c72015498575b6b833d2b1b1bd0455b39e76027,True
1,775,L32,14641047233345296609,1,5711dace62b05bbf16b4828a7464d4d3e57e638ba941c7d6e1c92ae45039c321,True
1,776,L12,14304699205328648929,1,2b6a98155d65f25a5441d2408ebe7fb117d0fe4fd8d5de105ff4b3feaf5a9dd3,True
1,776,L21,183810904272615852,1,dc355c1e2b2d90067e1995cf22530d947c3fb4d86ddf60cb3c9062e3b341da99,True
1,776,L13,16949926461868337334,1,e0726897823b2fcdeae4d12ea5fa7fe94d0bfb1354dfff25a50540bdfbe62ee3,True
1,776,L31,10579719331708130211,1,b69a664131525a66086e43791106fdd7eda82ffde76594e64f516021255b10f4,True
1,776,L23,12438567945602766245,1,d65a6ba8beb75a1d31710095793b30c0ed9980bc1e819ec7936301eddf8be68e,True
1,776,L32,15937887057474932339,1,a38692ea272a17c49ac944a12b3deddac39dd628f6be35b562d08b86defe853e,True
1,777,L12,15306373972826117012,1,87944685a31c53c0cf8558255d52ac379f90c76b93884e3e87c743b262084b7c,True
1,777,L21,11237142993133095227,1,2f87a4775e9c9b1ca78e7e41219b62caea82f87c3186fbf8f454b4ae97f30896,True
1,777,L13,11866844089741086972,1,ad31d9012b25c7364d0ded6904dd9b3b9dbf182bbcfb5eab7151f1985ba04f8c,True
1,777,L31,16950859104136919193,1,6fc3473eab685fe5f4bdb45a40f176fd46055a8d34154446a2824be0647c0532,True
1,777,L23,4580429091833319450,1,76c324c27dfad4886afbe377971d885a46dd533a5ef55b6dcdb4399b148ca983,True
1,777,L32,15034803544616648740,1,229b2ea72b6d8d8f55b2217f023e9da308252537fba07337985bfb15921336dd,True
1,778,L12,8019055720015667434,1,eb9ae7f89e07ec70ad702881819efc4fd7dc7c3adbdd91a49ef9319fa89d9d56,True
1,778,L21,7140362154577467938,1,67e750bbbb32682dc8286450aca88643ecf8ecca5fcb8e092c99abf4c87a2786,True
1,778,L13,6835708872027845863,1,00b32344b8df256b579b9703ee737817bb55d354899e24b3a8bdf0cd66507ac9,True
1,778,L31,14827007633505385102,1,5edf67f81ff59de75652972dd7be5f9e1d51edca3ec9d4ef963b852856342e91,True
1,778,L23,13961852514304359599,1,4ad394975213a195ee98e1420a943d98bf3bda14933af0020c71508792c09dff,True
1,778,L32,11339433777252170861,1,0f0f9ecf7e6b7812b0fda1d7da1effa92b7e6945f06d8f75b799d3ffe4ee2424,True
1,779,L12,11128530595998175468,1,1fb1c294f32313783c8986235b2b241f63b7ba65324dbdeca927b15b3c504075,True
1,779,L21,1982290724257982827,1,41136af49d225409530062564317d75edf5e78beaa5c7d8c364d87a128a32fc6,True
1,779,L13,11841300670069037313,1,377d9126065789afcf5ab431f2d3db80e82fbeca2755f948a588c10f938387c2,True
1,779,L31,2082412359842115073,1,c3259d9052a4319e8cd13ac44a1bdd6119de52d24dcd99e2dc55c80e782776e8,True
1,779,L23,14459333581538431599,1,2dc6a1a490d2a43e0860efc6e089f516cfbce2cc746b92ea856a2e8f1bd6b7f7,True
1,779,L32,16528580013584757079,1,b722df829c1bf2b39c36803b4484129e99bd04ad1a6b559994742038085b74c4,True
1,780,L12,4355658477772211963,1,eefef8a26b20896a1d2b24b1c32f31380c9c244da103b1600ff201720899709d,True
1,780,L21,379949752801381212,1,0f888410b83577f83e16d51f23f31a4f11cf0046ab4acfbab71fb40e07a352f3,True
1,780,L13,5461640109013309498,1,84b41259b6565cf67fed0cf4269607df39c5c2233324f1cd855bb3c8c0a4e184,True
1,780,L31,12409695349299329359,1,9f566c1cc416f870e3cf0ef91a42126d1d3704b966443f2659fc3a82f3de40d5,True
1,780,L23,11358440094583021876,1,d56ee03b3fe6823afb397368ab93b05a7b59f225c8d88c439a736f93def77213,True
1,780,L32,17068633596359440341,1,a0af393bb939467f087ffc235c2fa9dddfcb4d8ed3d0b97ad40f01be2246a466,True
1,781,L12,16396335846678540468,1,9f98e7ad796fee4fb00a4d64083d22b0660281ef8af225f14ab3ec61e5e9fcfd,True
1,781,L21,15014908513657182356,1,405bef3ebc7cd4c1d2db13a16d31bae01c5d7e15016a8c66173fd08e6384cb1a,True
1,781,L13,3225677553828012529,1,a0fabac471b65403e2261ce0360a28e7b53353f7cf0e229e7f3c663cbf7d7997,True
1,781,L31,16913408575548537493,1,da6490ce3bb0b2e34ab448927c394ead54832bf327a80a54213fa601510ecd03,True
1,781,L23,14885694770400949888,1,5e38039dcd70b3bed33d37cb040e203b444c161a0f82df0c10de5c764f4077ab,True
1,781,L32,4989100822847094752,1,be2e5a3fe98bddc66d4c3b154f8c98ad6c5d7e6bbdcfca07c9d8299c6d1cada0,True
1,782,L12,15113626917231474422,1,f264d797e7534e5672571cc1f908ae870e241ecfa3b513b6729b77b51ca591e7,True
1,782,L21,2745146153352146130,1,592a121491b50c5ca52b6826bb23da55ef25a0867f2e47ef7c1b245d4737219f,True
1,782,L13,12377880896691017053,1,525dc892712fef56edad0d6170eebb54fb9440fcf945516bd06bae487269ee93,True
1,782,L31,8193594441773730611,1,134fe020962d23101bbb3dc6b484d280becae8c50b9fc8da6b0835e78b5a2995,True
1,782,L23,17525222823655154929,1,0ed56cf4433c9cbe995da5df1b03351fb7893effb50b7398d214b754c48b663b,True
1,782,L32,15241371619001395466,1,8ed1f0876e633206153fc0943eac97c934706b494d66f19b152b8b6212dddaa0,True
1,783,L12,7901311553829763424,1,8f6da0db7a26157f43d25e4fcdf7814b6eebfa54bd1e1a643588f546be0e3bc7,True
1,783,L21,4542208502319393886,1,e87e2be861581bf71fa1826b461caec92dd393691ca30cb07deb41474017df10,True
1,783,L13,10805635809722298377,1,3a3d1adbaf9b61f514b3c1b35d5aa4ace3ff6b7120ce2fc6f037dbcbd8e83b4c,True
1,783,L31,5723840363293050014,1,c47a00b132443349f973291759b3a96ae7637f590795046924559f7f98cae493,True
1,783,L23,10915465826957088520,1,19cc267daa0877720deaedc26c460fd98ad5d594f3c8f15ebda304e6ce0c6fa8,True
1,783,L32,15551682154758764971,1,7f93f196bf5fe3942eeea2b7b977c3db9284293f52f81ce32d55e8791487f332,True
1,784,L12,15519109120732974409,1,f11bb894abce6587ace5c9557b8b28c9d8e7037ea82c6475e70253d26538b1cc,True
1,784,L21,1533772421096843207,1,682e1cfb1fbda7705c17c2262eaeeb783c6c72f77acf57dc3977906ba03b51ab,True
1,784,L13,9832751073328542198,1,e3e62ec184486aea3131ad17efb8eb17b0e2d93d4df88107148268a7fac1e99d,True
1,784,L31,16392655906953074709,1,779c254eed5bd552aa34a8c732f1fcda200c91671fcb1f8a4d536ec1bf73e8aa,True
1,784,L23,8506778412877557642,1,5f7171665f5415e417e6a4907c90081e894d0018b908799ce65171437373a81c,True
1,784,L32,14614339390158053576,1,0777b95134d3f87f33cd810a3847144c187672b4a685f97ea12ab2bb1091fbdb,True
1,785,L12,21362039157940325,1,585b89b960b47dff6d90d0fa9fc4e4747f34c5ca9e1810532cd4ea6f6f9f5bb4,True
1,785,L21,14618794307753959004,1,788175d84558ffa2389c8f58c8b4166354579cb163ebf4a4e6b1d7db7c6b1110,True
1,785,L13,13039961541423490337,1,951d0e8aa6ce3bc07798b42487c3d4d7dc7ade0273cf05bc8a316fc79982b742,True
1,785,L31,10713762001670730893,1,d3b1d5b7c4e08538b2d796727fb6cafbeb88b961d38c3223e8f57225e0e15b85,True
1,785,L23,15648367769797215355,1,bd28d8e5545e2224507d323c85efb1566b97ea2def42e440e9d22113d1f9c36d,True
1,785,L32,16949953231861833984,1,b8b2cff9067877e0ee305a0227fe155c135fde7029c77a9a20833e0d1315a4d3,True
1,786,L12,10595892925984774929,1,461dda45f2ff546b9bca9acb51393dc87b088ae3ac5b3df9f37a9be3e8688630,True
1,786,L21,3637478231829639397,1,f1bcd85959e5b8cd27ff2ec4a46369bd87bd971b250cb2d6b5d7ab20d5554914,True
1,786,L13,9960011930924200456,1,8073f3c6af1bc6a75bebb5b8394d5f0a6ffdb1917e1b2d35e1f74ce303c85fa8,True
1,786,L31,7585907104510007192,1,c352055737d37ffe84eb4e3212f935487ae92512215ee8c7a21b9df214fb78ca,True
1,786,L23,9017504297012434500,1,e122ed0384882c090cb4fab58476a9258261046635db30a921092e71677a0aa2,True
1,786,L32,17354609036566853179,1,a127d3615eab0ea222abc51b49ca3a9447db24de7040738fbb2a3c7a31b944c7,True
1,787,L12,10748759853906536128,1,7a02afa2dd5938a640ae9fae3e3b4b8b97b27ad438dfd0baaa9f8bc7107dd58d,True
1,787,L21,17566062877213808042,1,444552e3dc66bec0a6897679f75b8236e114093588d7230f418b3541c706a46a,True
1,787,L13,1787367904876833815,1,9ef39ed6891c1e1d6ac55f59208dcf466fa5287c7f7940bacb39f9e56f5008e1,True
1,787,L31,4479605460946750351,1,0d5102fe76bb2ec1806f9dde36296cb253a6a507aee33256282a7087af2e1762,True
1,787,L23,11430576484844587402,1,8738973c8a7554d26afe2f36109bf448a24badb735d846965b231d866c53cd15,True
1,787,L32,3135517345932214044,1,240ec8bb3165a682fe6b9b04c9f009514205d30f7a9f52b065eb80e0e80e20f2,True
1,788,L12,12765012609653343089,1,e7a351d88138bd40dcad548b63cc371f6b8caf6835d7cefe819ab7faf13a3b22,True
1,788,L21,1826334434576795626,1,394649e5ef08f11af4553199f0649d9c20b595500c87d29b309543a3c5ed75c9,True
1,788,L13,8604034532686014872,1,86fb747977f1c7504c8688f0445e3889d92af5f8f61ed1ca6c31095761d730de,True
1,788,L31,11553940564996272524,1,0d88c677391755502a27a5e4764e04b1a0e059f3fb0b9629646af9bbd7d5f94e,True
1,788,L23,15377076894929843812,1,ea15a4472a15318001b119027bb41037632d98e1d520e8895c29a02670d1846c,True
1,788,L32,4503310050507176041,1,e5ae1d6878789805379b74f4b8f5035bb53fa75c1bc2937045cc37001a5b60be,True
1,789,L12,2369677042434995680,1,a0d12b2c9ea218c27c80c1d6ac92a3c307a8d0c802bb12b0a8f0d5a2a4bc0fce,True
1,789,L21,12412526458336108168,1,f86b7a3d5c09228188ffbaf3b3112b4952dc1d38edbd05d8279bca9be5b73341,True
1,789,L13,7051848704233346952,1,675cd3335f19368ec6cc2d66e2415e038cee9d2e6413d98d4cb932eac7ec97cb,True
1,789,L31,8466422869218568682,1,b9f89494028162078c69c8f4cd02ed18ddeae5ae97ef709166465c4d93849bd8,True
1,789,L23,2535119962638705631,1,7f9837605e6c540c43ad90cde42411325de6a1504301b509d8b12088e413b9c6,True
1,789,L32,10635468481127542217,1,cd9d5a7ddf9fe1a8dd01674cf2a7c5d744f576022c777879b9a63acfeb91bd21,True
1,790,L12,3537646933277751527,1,6f5d5550049059072eaf1dc9e94bf07d2b69a95990cd7ff1f5d1cba04c3f052a,True
1,790,L21,13066078015040452961,1,52719fe8f8508bbe929a51de6e7aaba8b65cd93063e8eb5d166828ac8886bfa6,True
1,790,L13,4500921761562191097,1,240dc24c68ec065bfe879f956f41220a6f52c9363d1d02e2ba5bf9452782554a,True
1,790,L31,6355835172621390128,1,9d5b819a87b831273cb02e1b2d692a7f5cd28f337b6f2080cf0689aa3f523cef,True
1,790,L23,17757175350805679978,1,7ed057f6cafdfafe1bb8fe7316766162847822127cba15522f9dca254c3682bc,True
1,790,L32,8818675099911253034,1,52c210fc9fb7864220a3f48eb31103cd475443c06db9e239c05534eac8f5c954,True
1,791,L12,1988572399949434031,1,2d461191dd0a3f334eeb5aae1c2bb5f0b669979f0e22f1a4d1a7a6f03e0a631b,True
1,791,L21,13309803079521836007,1,30ce312e45d1a693e29af9add3ec8dc447b4f4f193355ceedf6804e3c4eed5ac,True
1,791,L13,3179424805261910645,1,8dda7535f6f8261326bfcac10845d2449e3d147e3a0250b499756392f8b31665,True
1,791,L31,16181122835233608014,1,b265d829d40b82f645a32e20c9c9177b105ceb80d69f033f7126a878580092ec,True
1,791,L23,1342358709354614048,1,64a4546115f10ac8f7cfdf5307f5fd7b06ca04c392998c4e53aa16538e447296,True
1,791,L32,1085770335973183605,1,342169e4b502a94c50937ef1db1a226e17b838bd2ee02d251ea0abdd99e9f518,True
1,792,L12,15388059253143752937,1,ca4c0a48be053ccc37800bc746079fb4f775fa8745194730ab5ef26c68898c17,True
1,792,L21,15966088563277551818,1,eb65a8e9a2887d30dfd360b470b2769fbf7d2c07f8e2a1519ea8f8ac96c1bbf3,True
1,792,L13,11366797493339378308,1,9ed54c87944156b68d093b0341251b2a70b05f1da67d132d7012a19b75174721,True
1,792,L31,6634098476592771561,1,8ca90e33999cc06ed340a11f60d272df0e0fd1aa07df83729b1c87b86e82306b,True
1,792,L23,11539311973850478094,1,44d7248877b73fc5f3818d53495f896d9b697e770ab662df42e8d5f9766aeb9e,True
1,792,L32,2506617593929753212,1,6bd797f158cdf2204693a5cdbb27b0fb3e7de9ee11d656d7640fb6a1a036c4bb,True
1,793,L12,13466118575385306986,1,5871bb83a4b9eb605a46b076f8efb05f84a5169a928b96dbd206d2c25beb360b,True
1,793,L21,9488161802520853439,1,a902b37da4948394761bd7590b46a941ce72210753d65b6815c6b9a5dc4d3ab8,True
1,793,L13,599940567637390721,1,abff5106ea279374a441a55cd3dc398b1d399bf9883bc284b942ccdcd9f3c5b1,True
1,793,L31,9464945300850437733,1,702b7c354c036a3f5dd5ba27ff9db30cf476e163b779abbe8ab3d25245203098,True
1,793,L23,10641778122072900899,1,646a10c3c1e8db60b3f358ad4c0fc39b59af675b298d6b1a17cf5f407f4439ff,True
1,793,L32,1895424023721163441,1,b408129e29c2205827e93d0930fcdc05c5458d2ce84108b835c193ed8e8d2ca9,True
1,794,L12,100134815368998643,1,1c673d27f7218db5678a32a6f7dd5e3001e62959cfbd1633759c90ad95c6af9c,True
1,794,L21,9748112645897910670,1,1346aefe2e4d1c9f4a406ff2e52e5852f03be6aaa6c8b57851a5160d91203658,True
1,794,L13,2068865791745970683,1,266f3e9357e0ce13818cdcd83c8688bc1aa915863b2a613915ce0af76e1312ee,True
1,794,L31,4927051487160820852,1,e2b96dea248583fd456bda0d786118a2c972e558054812caea21dddcfd3c889a,True
1,794,L23,11750822338056635445,1,77ff7b8d93851097752289e2f73c0ab2f6a166603f3b3d34e71ff85031868d56,True
1,794,L32,10516320995654462266,1,ef1394558f511a22864ed42ac548397c6bc242d468a356ab5badc706baca5053,True
1,795,L12,13653240073278602069,1,ac9e7b9cecc8dd1889d81d3856674138506a0dc4cc6d8d2205285b2d3fc976ec,True
1,795,L21,259181803525902087,1,0824f53cfaf8dae1c83c8403f4fde55cf5fd2b678de517bd519c55a9a16c4e89,True
1,795,L13,6040092259816447093,1,3ef2a8e04170b3a554b2979b30118ebd3b1b84e7a5c4e4d7da4d1ca53110c970,True
1,795,L31,8256008681290510522,1,ee7a3d2e3a90250dfa93f3ea6d7f6c875d847938d1c899725cc4b584d3825d23,True
1,795,L23,14918946620585650699,1,423ec75f3b9db1bcce55149b917b252fbf0916eab6411ab6130c7dd4df8310d6,True
1,795,L32,12311075063094153175,1,0a1de3433dc9c043773401f2f287950a9c136c0cda1f997c4db279b6d5e8a59d,True
1,796,L12,16411019790315334453,1,a0c26782e4c5dd4247e7f4d0ddb98eff971bbd6bd0b0768f6b31986e0a46ba69,True
1,796,L21,12035209995580010106,1,bc72026bbf2f12b7961bc58eb91f7db462187d559ceeeb3e71e9c9be600066ec,True
1,796,L13,3799203112757925238,1,04a861854fea5e090e26a9083e1ea0704f70fb64713e269cbf31165477b42316,True
1,796,L31,2707969701843033578,1,470d55218996664c4cb7742dd9104ebf8664c7ba34f53a22f078273ffb4fcede,True
1,796,L23,17382411424039370549,1,ffd0367f8e70bfe71b03397636fb2ead192d73cc53248a3e4f7ca487a186f90b,True
1,796,L32,2404336556200866930,1,32ec013fe20709c88d997e3617b68bff2e06630750503df95fa12b92b1091ee0,True
1,797,L12,16253208000681977707,1,dba2618e0c190aafb848daf476f2bb4cdc0240fe8510e7dc703049aa9fbeabb9,True
1,797,L21,3763607242727827553,1,822b693c320eb2737c6f904503b64c3b108c1eac9c55812e47ef62212be06c11,True
1,797,L13,14020523722715181213,1,0f7eb807aa04257ef7c2f1b7e31228c29ec3e811b488b628518c3d2a938bd7bf,True
1,797,L31,6804759958601436946,1,60c490e066436b4f80134d89ba8237346f42343f47a3b6eafbb6615b013eb647,True
1,797,L23,1493018209633883143,1,99e5f6b79f6a3c471a810e0aadfc03da8389bf9ce6e52562036b1bbf064b9a1e,True
1,797,L32,9857252934190109665,1,39ace01ea51044f5b0d3f7fc82368ae978de4255ede3e20dfdcd131f820a53df,True
1,798,L12,4902586174499971278,1,0da2ce4c8e3fc1bf80d19bb1be0d3daf3c963b15941c7c9441b2910754fdc37f,True
1,798,L21,5636451944061382527,1,d7dae4b773fb05d3e188085124b498e787d7e27c05cb344da6e108b30b32a1de,True
1,798,L13,472217176227507875,1,cf500fd40a87fe756d540c3ebfdd928694dc17f3eb1a4f9f388f9ca5ae83f8a7,True
1,798,L31,9612387351669321160,1,ad9cafaa78db01e0cb93c6aabd81c85713dec8dca6dfb28a68a57f819e47899c,True
1,798,L23,2762774984922097665,1,5dd0a517265c5b6a0db750cd9c8f33a409d62944094791ad489b0c32cca19749,True
1,798,L32,2762715611942370363,1,8f48e3a49f05b3b767bf54cdfe34acacaacc75392d0f134594f41a4f35d24de0,True
1,799,L12,5092099268601738572,1,643399daee3de84b47998156aa2097fe30cc96757e055b748e9ff2e2cefc9c2e,True
1,799,L21,1500307414748226635,1,0c20903bd3d6df0dabf65d611a61a3682dc46601680fb1f2ab6f849d9d079dd9,True
1,799,L13,17302402351129582975,1,7ef818678e5c70c71aada42f0b617411f277b4c649bd45579376ce3fbdc18bfa,True
1,799,L31,593403362959087000,1,4f02d818b3b7e0d7eba9d3d44af6eb52d41e34bcf2348e0bba9bd5405bb7fdb9,True
1,799,L23,3587305422961887416,1,52c95b191ed601bca9a016caa6fada972f0359879eef87859a2916cab67cf00a,True
1,799,L32,4687676582283863812,1,d11e718c759315b14934aee759e8f323a26f32d11997e53004eeb37093a0f6f9,True
1,800,L12,18264291651691441384,1,9c25bde4999e306cdba8a1f7c35e6df0506cb94d171984a4865df32f7292c967,True
1,800,L21,12881771447342557010,1,d71e4bfda41886de4f147cd088e4136175aed6f9da0d6a65064d63c30818d090,True
1,800,L13,10391907832155287813,1,406ddd91abf6b0a1589b8443c7cc8c800ead3d8d46ffea09102d81b3dc1cca34,True
1,800,L31,11584201125918147322,1,1f72b688331c8f55ec43dacda5d00b8b1bda89e9ad64247fc8f8340ae34f596c,True
1,800,L23,2425315739934807427,1,9f88b0398acddad4b7812daecdda0cef733ebf65bcad4041cd016256c8f4a20c,True
1,800,L32,1003243472017486056,1,f3a5cc4d53473d08c158de725dcd00091c4d3b43d342ca456b450769e73b0a4e,True
1,801,L12,10922627934747288448,1,ee13a64f902619d0e61cb6c4e6caa55e490b76092e85db1af28759900d590be3,True
1,801,L21,14840657913551721735,1,8d110e25e05700619616699276137e16525fd1d1eb933789be33c1278758fc8f,True
1,801,L13,2925527399579098696,1,b9785fe28c5832d7c8e2b4578122895193aef452ef7df9710a85c7db49279e27,True
1,801,L31,17132193876890099576,1,4e8862e5626354fe60922ec17280dd51df360b0e9d2b1dd8d994c6c1a2b62cca,True
1,801,L23,14124810429529747748,1,09a18b187a535b7e8d3637e788dc77e7f186f8b3b881b31bfeed27780040fd2e,True
1,801,L32,13076649755533286404,1,b9f8c8327b63e1bd2796c098c98460a4f08fb3571c4306119fcb9677011b51c7,True
1,802,L12,51710595594739136,1,155a49d8c8bff2cee31986eef1ebb9352c74628311dd6b7a18721431be1143fe,True
1,802,L21,6735439366787930916,1,0f4e17672348a07604d5e60cd256c9805d1ea2c98843c2e0cb4db8d8581e9343,True
1,802,L13,9881453287094894884,1,34d0c425da728ffb926b29f1da911db85a486add9a6851db5b816679a90cfaee,True
1,802,L31,4961390226718177243,1,523ea21d3910e89bcdc2b70eee9643de4da1a9f5f3598e558c0a2d8229b37f5b,True
1,802,L23,11786100970401705797,1,b69d1d326881c1c6a2fcc870dc25092b9c112bf6e72e98a167f0df4d1100c385,True
1,802,L32,17098334664133406405,1,2bac68a32a73a473dda990e302cb3c252c07934f845761979dcfd7850bb8eca3,True
1,803,L12,12295414023144208496,1,7cc296e4d49f92ab86bb5d2878c6d5453fa2b671956847d9f34e654552e8abda,True
1,803,L21,6993742750670854153,1,5687be9b1daea10d1e738eda9c222eee493b57c366fa2d2d2e13867d34405262,True
1,803,L13,9261385693905315908,1,cfd0db6ee53a0608d513ec849d1158f55e43780409f0a65b7f20e50e67ea3770,True
1,803,L31,14547259905157243567,1,67dd1ac9601eb238d556c1ae6ef0309be2542d2119ed4b1122343c2e2fe6ff31,True
1,803,L23,992247299718049025,1,b4f758945bf65cc1ddc04fb8d55a1470a9b86dcd846a395ed3218482bd246c56,True
1,803,L32,5425486979298008844,1,2caaa3519d5c81d4829e1252e334a9d9d887911bcf8be2d7970407b27ee15d8f,True
1,804,L12,137966189089255002,1,7479ed6b2b0429feb7ae1a6414e71c91af92ea57186242b536ae83e9d2ce8daf,True
1,804,L21,6766382497126940944,1,f8898364bba88cf496c3af9078ac3af0607ef0394429c6f0a7e5e48a63dc8bff,True
1,804,L13,10710176452102063509,1,c25bca45de4d2f84f108df8aa14a1a171725155997307bf7ccdcb78973d606ff,True
1,804,L31,7908887643955402576,1,8615bc652a080b284de385b9ebd67ad806ef0a041aacc533381d6385a62e87b4,True
1,804,L23,13264825566401837899,1,7da6159658aafa0e0cab978e24895d64d487376f048ddbc66051169700995134,True
1,804,L32,4551946915841508279,1,4ecaf2189801aa3e0b481b02c2156178685bd1f947c4df64712c0a1207c78fdd,True
1,805,L12,3890023740266997146,1,f9d5dbc18b9574151b928e155acba0ad39139738c2859ad74049b60ab57de060,True
1,805,L21,6879957582696383437,1,ae097d6bf74956dea1f39c76cb293cd46249a43dfc4a9f6f2f5bc6b031f11cc2,True
1,805,L13,16544769478754325351,1,9ef541ca92326af576915116e4a3f1b8e6f83395fdc86fb74895b337e496bd2c,True
1,805,L31,15797244193517143366,1,5ea94d8abe6edfc4706ecad13634bbb0d1f2785d3647bcffcf58113853b03c57,True
1,805,L23,15277356922435825990,1,2adaf6ce8e3986c821b2ad586a6e0f73005554ec7c39c89582d8ecb548e3d237,True
1,805,L32,14413590168771361976,1,4f15849c583c0868913c81ef82b79bb1c76bd7b6511532767492c1d4b7d20846,True
1,806,L12,16472564521503062523,1,fce421bc0ece35c03189565a425b3e1ebb16472dad76d2a0405cb7b0e8efceb7,True
1,806,L21,7636919456940576355,1,704026b5c35a65a17ef6c2903e9b71836d3ce7d9ca5a5a77f01b96113313a51e,True
1,806,L13,824143453117254785,1,8aa44c4b72de07df02c6f7ab53efce3eff0e8cda037b7b9586e89a487bc2bbae,True
1,806,L31,265127989709199498,1,078c089a08c088e39b4003dfeb6039f4b5a3ebea2d79fe95b5ac9258eeae589d,True
1,806,L23,6307652636521468684,1,957063b0053deb86f3dba9a842b8ad5829cc88c217ff7fb145a9c87dc5fbd33f,True
1,806,L32,14822947353020907350,1,8638c073c927b4d70d19bdf6571635578f34cb8430f6705a3a47d0795e2eced5,True
1,807,L12,956987654820954461,1,3a0e1d4856cd6e27e39ba5571554c16242676f00987d64f47867b9f05d81c987,True
1,807,L21,10260666702108287669,1,80dc7a8fb8d5921792a69233309e137d98cd25df45bf9e374d5df58041a7c735,True
1,807,L13,13963383906366246982,1,f3de696b264c0b153a6c1cfa0819dfdab9567f14bbfd872af8ea8069abad8958,True
1,807,L31,7316763823116630653,1,a229a7294ed51b4b2e8a7598cbaac01ed065945b2151e5aa86b2149fd3111444,True
1,807,L23,6806078041475575519,1,49dce3c537ee8bc56eacba7e35b997726d062958a50ab6b60b1ac5e652901d39,True
1,807,L32,6998999850393397055,1,085ab75915c77b1c4ea3e993d346727ccfff02cbfb2b144c83052b8d7998223a,True
1,808,L12,11242934749491117502,1,fdbbf24903936d212005768d591e668a4498e7af444661cd7ab8888e716423bf,True
1,808,L21,5971936886880796451,1,caa58bb8dedefce17b99ccc6af8cf4baeefe8d17b7d94e765e85866aab58943a,True
1,808,L13,10928136639078619589,1,8f9839b38039209d7d39b7b486ff90a2bafc68c59c6ef274859412c8809561af,True
1,808,L31,8511855550552676387,1,8b8e4e5b9f0c9833b21a7196c9c9e58e288b07b2864c960b9146269fc8218f83,True
1,808,L23,15054379406044670757,1,fbfdc2094764f2e1b006417215b17a40680d80003b69b8e3155c3f64e074218f,True
1,808,L32,14643013918035195215,1,32b077f3e43d676426d5a380c70eb5e957ece82552d767e822f53234190272da,True
1,809,L12,3776902321625837251,1,e5ef38d0ac3b7463760d6b736f40a29ef62f28e4aa029f9c735e00bf7225379b,True
1,809,L21,950012978819911415,1,b93dc7b7815e669d2bb081959a93ff42146600c8f295bc1a29e41f7f8c7d9bae,True
1,809,L13,15781409282866182261,1,5f4a18db95fb29d02f33a581dab070db828de52c6efbb2ec811fe53c84b0a255,True
1,809,L31,385023534829288017,1,e978915e141312ddbb07f4e17219aad0a8aeebda44cca0a33f4b7b1542d0d50e,True
1,809,L23,15866598342005556315,1,c818a53930c9db6d833bb01d39ee29da043cfeb7e927755a59dbc530970dc5c6,True
1,809,L32,15270649393744252326,1,a2a2319e5a4bfff616f0133e0550c7d95b3421b7ce149c61c40a283238f58c40,True
1,810,L12,7241818406830900269,1,2e147db8f7fa197d035ab21cf3d6b0a4f08c43f12f2e747062c9f079a126aeed,True
1,810,L21,6017520275672972482,1,3b80f2240816911e17b8732b43b28e4f7dd836ea39723387e14c5935b66ad125,True
1,810,L13,18310569101763379842,1,2161f30ccd6edde91388e8c7fd5e63fd5db72c3a00ad4f39ac64fb856ba39f93,True
1,810,L31,5408236254700358360,1,276729c9cd1a6779c4d38e5479f908693f6293833ed9335168a87e65445b9d2c,True
1,810,L23,11545867396110523776,1,12425fcf69991b173c648e4643b37632bab16c61b961931539b1f07df804c772,True
1,810,L32,5421484566487777500,1,4a21b1be476fdb4057f23b33d5d9b6af79ffdccc3f04a9e88e5128c766df7f3e,True
1,811,L12,5970080451438597001,1,95cfd0f90cdd9824b1123bb8f13d47f57130061aa6ddd2a4ed93f365ceff997a,True
1,811,L21,7223601751009727863,1,8ab324713714447e590e7bf7c8f09cb6036eae72805d159ff1a9a958bc3e6dce,True
1,811,L13,7214462711281210143,1,09d0a01cdc06086cfd4cda4999788d8f4933893baf249337337d51793ed41457,True
1,811,L31,14828780326658193636,1,c4650e3f05203ac1a21d211a26e2f2e83112dd516d9757fbec3e027aafac7f1f,True
1,811,L23,17370749248113328535,1,d9d61f0763a704e490729077acd53fa5f38d70e956f63030d7e932cd8fe2024e,True
1,811,L32,8247679909436719094,1,7c43d78cff396dc4b6e85ac7516cd2633ba855ef75ed1d6e6f500e912394359a,True
1,812,L12,11940405543072961083,1,8b7bdab74956e090ee0848cd7024d3b90759d1aff8ed33250acc0cac9b53e5f3,True
1,812,L21,1758432515416337474,1,858c2f1a6b67378aae5d92db916d9936d2b19e5c7d8179107d6e2e1282870043,True
1,812,L13,14820037472546228953,1,064156f207b05f1dd1b3b7bb1d95ea9a97dfceb3c5c2827ba40e15f3bef07ae5,True
1,812,L31,6845870120480756211,1,a725c0974b8a140d6ce884745f8f9069770acaee2dc5fbd873e3092e0ecc471c,True
1,812,L23,4875380479953452026,1,59fda8820a9a0f3ee49b11bbd91b96e053241b122e9d8ed7ec75a09ae7d74232,True
1,812,L32,10304334380632754597,1,9b7bb2bb5c118f082d09a1f5283f14e7284c05a52b3d0104a3447d29d9fd01cc,True
1,813,L12,744582294489402126,1,a0e720cacede2e767bceda435464418efa794c18ce741726430ad9f6b1d8a4b9,True
1,813,L21,3716403770088653145,1,7002059440b1ac3545c4b2e088dfc8a722f0dc9afa4c2fa945774a44acbe2462,True
1,813,L13,14413856051390188538,1,01371b680d5a24d277a1f7049caf9a2ededd0225d3f505ebedf3d5b3a49bbc0c,True
1,813,L31,3982119225550786537,1,f22ff17f832114c165260ee77f8d5ccba51c961e3e6b51dd279de889a91cae8e,True
1,813,L23,943492411324361715,1,acc6984817fe4cc6f04b1eba53a0d21d677ab3755041ce1c94297d65a3ac91b9,True
1,813,L32,5961289276403944918,1,aa337c1c3e0aba05a71dfef1a82f46f3fc1dedead39e3df52e54168b1d6fdc62,True
1,814,L12,4496594266857523975,1,97e217e837ff0d467b7e456581ef550e4eb070b4e445410319021b0e378172ab,True
1,814,L21,8432737427141862006,1,a23794e94dfe98ec6362e461890e12e6d00835860bc0f4d8053f01a0370f8c32,True
1,814,L13,9813633891413255779,1,46fdda3e5b4a4a0693e87d661d543e93c70bf44f92e772c1d904148ca7613ebd,True
1,814,L31,11152270664481515,1,d54e241bc18ddb78ee9abc0eaa050bc990c6e6cfb8435a7c78536e35a6b1f96e,True
1,814,L23,16770713913138697734,1,38f0630e77075bb05ebcb61d03ff8c55311691f81eba204353c1ab3509776449,True
1,814,L32,9166133374140281686,1,fa59f103935c5850f08f58d4385bc446ed558d3de72fb2ad5fceeef5ad4e9209,True
1,815,L12,14649726057830391331,1,780e1d92712db6759eb5fa1f8f6dc870f4129b75daf4139d9efe03722d479324,True
1,815,L21,13544008611746933038,1,40c647630631ad28135f81dd93368f2a1172651371c53ce32561d73a7b0030e2,True
1,815,L13,11369620524882193194,1,fb6e32cdccb903ca77564c894295973046d4f28c8a784398ded826be8c76b9c0,True
1,815,L31,12380863323817207024,1,4f0b2df66ffb5c9da427b2e0d72122f27611c2ef00cf74ad10345eeb3c1a31b3,True
1,815,L23,13305546929326178381,1,4f5d4ffd27bb3d8d607c14f3033012f6deaa7202cca622300556a8ffe39a10fa,True
1,815,L32,9202675827387387078,1,5d75b908e1fb8f476e1ecadac92df6fa1885564b5c68cae9bd62f3b2e6771c1f,True
1,816,L12,17535275112623247327,1,03a6d55b4fe32bda898c5c5047a0fb1cc58d5e32244a47d4e8c9b892f8cf9304,True
1,816,L21,15779465704156086556,1,ef9cb58fd88da4d993db9c045ef3900caccbb8d12099330cc42d9fcfed5174c7,True
1,816,L13,4015897003194742843,1,77c3796a1c23e76d5b49090bf79301745817b0a45cffcd2525bfea49b1d37ec7,True
1,816,L31,5208319593772138921,1,a8fd8798bb4c7a780be690b338bee3c41debcf4f88ba72a09047f5b4065b07bc,True
1,816,L23,18003502903426674839,1,54755d7f75241ee0fdf93a93540106a69ea216bd8bb06a092c6eadad59b2f454,True
1,816,L32,6377843242183985985,1,f31c10821502c734b60df73ef513af46bdd215a64e023ae94a96f3a5bf7fe628,True
1,817,L12,4457250673849027258,1,2c9cacd0a36bb71b4899d1799baedd787ed723d8ab8b6dd418c7bf4669fc379d,True
1,817,L21,14058979585833220493,1,153f46da3f48ff961f5296bca371cdb5cb34de8510e3c6771a211960389e355a,True
1,817,L13,10118122238432470853,1,726b795faa844d9e56975fb28b09231eec161150d8a5aa70fe61f8a6957eb419,True
1,817,L31,16212929528482213347,1,6e9a76fe6ea19e5a919d9c62251b3fa7f50c8a7ecf2cb2d4d2903cdaec6489e6,True
1,817,L23,14110302596153388811,1,9cd8abc563cd516577fe8a68445fc6ba9d311c7786079b8844a1d36ff218d615,True
1,817,L32,11969837015496711287,1,98d325d85857daef2af64cf68878e27853452aa85ee9b2a0b0ee0ad8e99c688b,True
1,818,L12,3257137434448276994,1,4b251e2566cdb0d7b1a75af44eca1e0b49f218a6fdd6b70c8ecc628dcb243772,True
1,818,L21,11210143527092713943,1,31e19e71d72199be14ce99715c0aff48fdcda695adeec65cbff5d17fc5183bb9,True
1,818,L13,619091360902864130,1,253d8b9b4de40f72f3701f73f312f7286dfab76b6f438b905b8965238a550e85,True
1,818,L31,18185369835539045153,1,4f224a73e5bca47350dc6336da85a178f219d0d37881188a15aa6629007993fa,True
1,818,L23,3395669840592856532,1,aabca90758bc766e831616ac20389811245c82eaa6ed97d91421472ea0380526,True
1,818,L32,5185314523064904091,1,06d5866d46dfdbb5625198fa9647f1d59866175f68a3dbaba11bea1e04e6556e,True
1,819,L12,10345016592377563608,1,5cdafcef770c49b39937f2233cb575789303957f59a634828d772e20c1dd516d,True
1,819,L21,3514398625175895198,1,c68a1d1b56448cefe8108fc2a581ae2df02452aa82f319669a160ee767b424de,True
1,819,L13,8568006587846890071,1,4e2c3e1ec7e8255906270e32652161bea60284c1e7a4c46c8965987662356742,True
1,819,L31,12317683030736322795,1,727f205cca86d6a87228be1641a8001afe2c4de8cc387ba2b617588386b8a52b,True
1,819,L23,14340977979813530024,1,f269c5f307a0e3d9543499894f21bedc618b40d14093bb05eab3469bb86b4ff5,True
1,819,L32,2284130459404908627,1,48cd0ceec0e0f3813e08674bbe2185742e4de20b9ca2f1875264e9e13926bd60,True
1,820,L12,6706138600069218254,1,17e02b82ccc498a31da2be1f3cb1ce5c424ae5f4920f26cce8a1a08d246fcd5a,True
1,820,L21,16716165461314945157,1,e3f52bcaf94ec7c467a21f0fecef95e2c5cec4141f26319a4d39c39ae3f4df5c,True
1,820,L13,1060966403078908533,1,97d4fe803e77c183bafd446cb7143e993e4c43c87f211f88a2cd237a7bbae50d,True
1,820,L31,3349881609241584943,1,99051f4a7600921fc0d44f6f285b0358dc5474086752fd71e245f3623fb68003,True
1,820,L23,3108199155566287614,1,5481dadb3c937127ac937945d8c598ac6735af56b6dcc47da429179d5fd820a4,True
1,820,L32,8255111964742656263,1,83012825a5e218a6789f5e8b45af3dfb33be76fe031f907c505d5d908c98ec3f,True
1,821,L12,17533874567690950420,1,c96913139041fae69d6a3506f1cb1776fdf2e30ecde2cbdf8900f7c29ea1852e,True
1,821,L21,11413873313824100362,1,cdff17ede582c196cb7925f357dce8ceff4a16f0fcdc4bca7265f569d6e7cb9c,True
1,821,L13,13305407388768359678,1,37be64953b734d6a6062756b552f9f848613963ce1f2fe3fdeada0685307fb17,True
1,821,L31,16338253857298804722,1,8a45ca3b39fcfa413c9961a4c6d27b61f57875a2f8974b190ff40d4f1382601e,True
1,821,L23,5052867386210178049,1,edaf231770b527393c8690eb4a12f112d94954ebde694ca10b56e0f9b10bc727,True
1,821,L32,15791133085494866654,1,01e7387f866aef3c2b1abdf1b183849042d6e9defa904c1412822ac21630bd64,True
1,822,L12,14957814314578395467,1,ead11701960ae07f84d25dd6d6367770aa70f9a9d2d480be1f4c9dbed24f8af9,True
1,822,L21,9347800493080152357,1,bba986d1821e6a77cc2c3cf86167c02abda97649e460da83e15147e5959a266e,True
1,822,L13,17130886117675979901,1,d70e307a8373cffa7b30c754f587637747c9dc9e791bc9b3eb9dcbf6ecad07c7,True
1,822,L31,3396936172947890459,1,4e6e0ce8a2004491563e79040d2d24d2061e4ebabbe40b44797537a3bfb39e69,True
1,822,L23,14903156596617343156,1,255f67f2e857312fbb5bca73b704af69338dd0425ffe29057584472ca3697750,True
1,822,L32,5039021003462020810,1,a75f17a09c745c5282898e021be37b25075642e0aa829eaaa9a1a5e170a89a04,True
1,823,L12,10484005007498815168,1,abf60dea810359018a089caaf098ce9ccec76ad7d86a14b9b0a70a76c53e24f3,True
1,823,L21,3216806477909485685,1,af0ddec8dacdaf3ec1aaa9c8fb670e3196fe5c44fd58cd3de3f152c885298746,True
1,823,L13,2275400584878550619,1,0c35e9e71e0789e9f8a4fbbfd7ad50a19526b3f9ad2804fe327694dff30aaaad,True
1,823,L31,6329918056134087633,1,0e8ae70cdd91e874f489e2545aa0143ac3504aa10f065b60c48b7a02f6e05100,True
1,823,L23,8680729844094492683,1,2e24cde1ba12cf084218ea61cf11e79350de68dbda0d2e22dad39227f7178eb3,True
1,823,L32,6122160557268828606,1,f5d4c862716f9142d206d4ea38dfccf2ccd99eec658d36a745bc2fcb66fbab53,True
1,824,L12,8272616496456051793,1,04d447d954bc2daf58e6cc3fc5ebfef51c3ac38a59e4adfa78cd33d898bab2fe,True
1,824,L21,13335077691754884482,1,7943c21ff7145a67035568d7ca0b0f3d6cc0fc15d6513a99e0540b8d72010fd5,True
1,824,L13,5553025384007775820,1,08d5a1ff77c53384683838ff06ead0f9b9e7b6b816faf164311dabeaeb89e37d,True
1,824,L31,7996332568097849292,1,3450047410f9282403e87a466da307a9a92a4766f179b3997b76e9ddb73a1ede,True
1,824,L23,439223984530977251,1,af808a73ed12e9a40096379d0ceeba5e6e5cdee1c03a143b6a397c6ec8c35736,True
1,824,L32,8820708728006328784,1,3eb974fd54b57ccf08df869f083d36135d876869227fb34cff449993f6636929,True
1,825,L12,5878411706391991621,1,0f5707d2f3a3c572fd8f89f384f99f39775c533fb4aad0efd6ef8e0b4d03261a,True
1,825,L21,7640783281510096862,1,169501dc5b209096fd8f98d11b96438542b9a4413880ea69c7cf9e2043d01b17,True
1,825,L13,14217828673017409688,1,3d8a8e06db06362bf3387f90b08db5bf768286f115dbf7a8e145663c97181a81,True
1,825,L31,15006142669050944384,1,09043d96eb8e2d7f96bb32a5afee247fda5697205e98291c32ebe49a013a0b7b,True
1,825,L23,1826277905121758029,1,91837ec1760ed3349900f548003d55e9aa3b49545281598bbd5db3c4528409e2,True
1,825,L32,4031721793206897133,1,5b8495ad67d5454e28ca53facf30517311568ebddca30c6cc4f5f6d905eed6d9,True
1,826,L12,12294826894826458530,1,d32daa354c5e0d7bd77ac8a97faf026999cf770d448a992f95c42e639d1c4097,True
1,826,L21,1690743944899402357,1,b0ef13ca618be4087ae7c76a82591010afc380243d92a35b76034f9f9d510242,True
1,826,L13,5724710656747143056,1,334ea40c1ec9fc4163c45cad93901ec8f2d9bb8989935ad1def0a3185fa2887e,True
1,826,L31,4807809201233082624,1,bb5b57293b8501ef2757b76ad475fc544f189dae9a5a648d9dfdae43736a0a17,True
1,826,L23,9800185935456835245,1,c99ebe3ab00a8c03d0f050ada7370fe6fb61e53703a07518eb8948150d973d48,True
1,826,L32,4744056407985011513,1,bbb6d0415d07efe305fdbc137a016779f666e1b6afca8607ee36bc7a12443025,True
1,827,L12,8353671091235009468,1,3c8d58272f75800b8eb97fbaf72c53566556dc6700fb5f695c0e759e2c3886ac,True
1,827,L21,2453189517008921509,1,fffe5505fbe9691930c80e2bc31b7692d19be3acfb4c3baea2ae36b36d97c3aa,True
1,827,L13,16506545930691293102,1,ff12b1e4e3152ac259bed11529f0ee78597ae1e49cdd6d3c3e77f71318c40bda,True
1,827,L31,1195634447119457676,1,e9a87f37a249cc40ea8936fd46ac600cd73f649c38bdfa63039964d7d1d41d13,True
1,827,L23,11015699206527464598,1,e22251d0d69b82a2fe7bf8c05dca132dea52b28f53003eed169f3c7c844f0b0c,True
1,827,L32,15095909199428514982,1,21cb24d003a81509d589d63ee38e4479c40508362af3d925f5881ccef409bfa3,True
1,828,L12,7760221273593712290,1,b38df0e2487897cdc21f49202878fe3ab52cb7f440066484166ec651db3a47f3,True
1,828,L21,964235113181338791,1,5244d164b24731e2a9c7cd7915606ef11f221c4b7307909c79b8d9027731884c,True
1,828,L13,3694326086829653925,1,4340f821b722f0ffb665c9dc1835ed65e6f81585f2b76a36e82d39baa21e9815,True
1,828,L31,10245803358522549786,1,07da01a28a72254367fdb84dfa7db93559b4f47b0f11bbc8760ac952c20bf01b,True
1,828,L23,1103197884266150133,1,63182612cb5855dac59446df6ab267a95519a0984368fa6a26b89678305fcc78,True
1,828,L32,16056032905960012074,1,879ba5c7a48b108a2201296a447ffff1014abdb3bfb93624d08a813d623a5d25,True
1,829,L12,15335643141307960796,1,c9c926f5cd26e5ba2b4cadc5397cf312cef741e30f95d4bc1c3b098c72ee109a,True
1,829,L21,10618170825341277570,1,ff76546523963940a984a308d6fd649973cc4d3057c98b70e1a6dae4b3883c7d,True
1,829,L13,2236920424811032727,1,9c3ba2825e0f4f0bdc6f7681cd0cbf47fd26ea4bd98be03f7a54d67d2454e09b,True
1,829,L31,9183520818411562166,1,c3194953ce2849020e8897862f50e89609e2a735ca79513fc48087d3d96e3aa3,True
1,829,L23,16736069740905455685,1,0e281ce23e7e293250af183365377f0e80f51dc814dd6f795670db5952e3c3ad,True
1,829,L32,6707745440041932673,1,04f92993c9688a8b2098075bea48a0e9ff8164775753b4b2609123f00f3c7d73,True
1,830,L12,6228952253038822237,1,1359aa3624e7e77924db737e35f6956a75c291efacc7fc98d96b828516b7699f,True
1,830,L21,6172218699301577848,1,1b56fda5b63e996f84ffa30577be5ff4be769f5d8b5ee95989a55a2411a62fc5,True
1,830,L13,18220370533627473284,1,d013e539cb626fb84a378528aa19976de985568511346f17daf95abbb3fe0e49,True
1,830,L31,16761626445322101302,1,0d4bf520c80cbc63da8880c5af565c067dbf47028ed9bcade7dc9b9c0be253cd,True
1,830,L23,17294984412892948582,1,89b71158860e5cc05833125bdbf7f25deca10a4d09d27bdd7244a4c23ced56ec,True
1,830,L32,7593677019961544307,1,4d772eebac75fed19d7720c0e12f88ca5608c0445187f0ec9fa42821fd67dbe0,True
1,831,L12,9369845937091168422,1,b2e994cc976fe6014f1632065e79271315f2e8c8c9e33dbb919793277605fba8,True
1,831,L21,1683896381198633423,1,df01cffc8c05e032ffd2fb2ebfef1dbc4ae7624e39035a81866f0833d7cab349,True
1,831,L13,13560936669849468696,1,b4696273d83da757b527f631e2321dbab5cbe855dbcc7a63094cd1141493f4fe,True
1,831,L31,12780326463703363812,1,046c954ba128c3f8c9ac7253b9e6a093c5b44c5f23bfab68f2bf618456be83d9,True
1,831,L23,9631930127230893279,1,33c8fefea5aa66508513720a054b5c73331a0f9858acc1750cedc6dc4967ec95,True
1,831,L32,958426866437136756,1,8df4d986b77f942f000ba538bbb6e6b5fda8b29898e1750458972910445eabc4,True
1,832,L12,17632014840445923194,1,9f096e7328d5fce8c343ad5f231ef6b585e630002264b86f0896d59a3bbcf699,True
1,832,L21,6518058697613559892,1,f6360e1a3d21ca893aaae7dae79270431315514a2520f4d0a2821c72223ee89e,True
1,832,L13,6928955174837468853,1,9e3808ebd2619d308dcd170d3c5e8b99ce4f1ef0c013cb650612433f00d45bac,True
1,832,L31,5674467230433050043,1,6de109b535ae5ed3e0146ae3ba9dc047a94f5630b31e1916cfc77003f3237fe1,True
1,832,L23,4948605031080016342,1,3f905511cb9bbc16d15ff0dca2364a0a2eb18678ff3af25b129a0f60809a9480,True
1,832,L32,16579991007288703085,1,f0e274f5ecc902143c2e667b3de6a25a42da1b24067cf69a168c774bb93f8fb8,True
1,833,L12,17095490236803452972,1,87d6f17f64edd4ac395d753b0120af68abd40e99c5524e0e2992f40329e80335,True
1,833,L21,3639214716032439698,1,6c297739afcd53d04a7a3c3531cc503e76ae860d4b36c1a1e55a080eaf5e8d6b,True
1,833,L13,13521403035152657807,1,5d538570e4d2f42a9b26a7759743ce983cd3982a430d800f973b7c71b8082551,True
1,833,L31,3957779101713288101,1,4859a3ec5d24a576de08447215fe43009ffb2531f49a7dc6edfae1fd294ae17b,True
1,833,L23,10464656588558926193,1,ec26af001390492db939c56acb6f41b272eaddcb1f8b5aed35470eff75318be7,True
1,833,L32,3061617423985405099,1,ba33f7d5c86ea4196694f27ae2de1ccc4d4ac5502dcfbe123083c3081e2e7fd9,True
1,834,L12,13013876551942520869,1,ad9ed0004b2ee67361e36da5524b3ff01abdd9339c9908d73043535fc51da812,True
1,834,L21,741996710931733208,1,3a39576364f64e15b3b40101962c8309e1756a506cc6a81c61bd722746cf658e,True
1,834,L13,5556398121352993004,1,3dc4822f6a59aab7a56b31c75a2381f3fabee167cb290c5083340893827ead5c,True
1,834,L31,15603123251411028989,1,aba6c4ade8679152d8aa744761ee373a2ef95efc432c7d6825a7d8cecc98e410,True
1,834,L23,7691378490324721613,1,a49cd05ee285129dc84e89bfb8f06ca1e664677787172b6318e4a881d83e6d89,True
1,834,L32,4237110742593186283,1,c11df266420ca710aebece9d6bc017b2b58f7f45fb9b66353484b869a734329e,True
1,835,L12,2571322516364354770,1,cd5c1a40f2a102b4c679edaa210e4f9b2ece9c616a8d5d4ab6ef434e3295fe82,True
1,835,L21,6160572730691032489,1,260bbec46241232defdf05c5bf2468660c4feacef2eceb0a09e185de28d20208,True
1,835,L13,16866948071571646857,1,186fff8deefa26314a9475c89ff01b53469cfbaeefa3cabd01d52969a942bedf,True
1,835,L31,11688109252987722817,1,744f3b4337ea47e9067faa033623a82d39ddbe560bf490b4a7623a9ff7508002,True
1,835,L23,12154005720896670205,1,8863cae5ec2e59d9d55a36bc34c0a9e38603b8f352ea689db15b805294bcf3d0,True
1,835,L32,3793797117481553080,1,063c04112ec93b56c0e02276e944db3a9f8f17d7a910e20b520410ef2bf67ad9,True
1,836,L12,407469841329536728,1,4f26e90b51ab0403cf95b093c8ec88afb7aef353527fa814a0b2c82ebbe11596,True
1,836,L21,10392142647699524290,1,1efb074cfa9bcf95e9320b9bc60f3ce6c557767df8c00bb9e7c1a495f8b11692,True
1,836,L13,15970439206123496969,1,91dd91a1538fc3aecd4cead402523061a0c29b6ccd6c2aeee662f260004c58f4,True
1,836,L31,11431293591843774582,1,2981a191bda223e1f4a2e6095ea73eb4efba7725c0bb5461418a16e1f7495218,True
1,836,L23,5906051156213138166,1,09049f81d682b6640ecaf4f8eea48bf614c445dd217360ad12f703bda0fc7991,True
1,836,L32,12363812842649625804,1,168f7583c4fd456b4d1a04e889e5e11dca9fa53c1ebc6d71fd021d0e43f463af,True
1,837,L12,16135952711591855576,1,c802906a923ca5541620486025ebf912ffbc358897c84c69184776243ae0d743,True
1,837,L21,14521809541305713600,1,f8738b6555db44197c8a46ddc7f4d0602942faee2a0bf9d35ffbcd9733ebade0,True
1,837,L13,5248482480826526154,1,f7edb1a954ee0368a0090e82c7169dc5aaf37541ebcaea0c1b7cd5ef5b2fa081,True
1,837,L31,9714143650779358315,1,3d76fc8dfd088e0c8ed3fdaeeeb28cdff5ab3bb0ca85fb5a56911de047023304,True
1,837,L23,12056576884718401718,1,349cb71762b79ec89b831df7a30bf078daa3a012fae58faf376a0fd13bfb3ec7,True
1,837,L32,7995584258621789878,1,da498abe9c1ef3776e33a1e92c9f143725b16f97248f5ef71a2812dac8ab1fd0,True
1,838,L12,14208910306048918836,1,b371129c613137d48c0f2dc21fe5b6b34137c1bae4e3ba21c5f25543dba317f8,True
1,838,L21,11607668198645880826,1,9ec7baf0a04e85e5eebf78e7c92991c0fa26caa9b40143cd1d8315e56d2616c6,True
1,838,L13,2201858946316527400,1,2b70690c7177a5c50a930fe2d5fbb5fd31b968e6bec6639778118432b23a83f3,True
1,838,L31,15410080655228416395,1,cdfe8f99775e644d2e6b66cddc81193a29c3f030a6048fa774079c4cf68f6b0e,True
1,838,L23,7723268986625688402,1,a81069be0f1adedfe58b9a279c787184edd9b2f2ad8be47c5cf83fc9a8d799ad,True
1,838,L32,17268259454524158384,1,8b2a04e83c0506048f079e608b7efaa5dfa7c9ec9a327081930c29a8cdafeddb,True
1,839,L12,8890402725588754431,1,b973a6f2f80c69c78ccb15f0006c22518669f6e3c9cf0cfe2e40521c8398134d,True
1,839,L21,17587666650891361414,1,582a71ad1d6473981a59868cbec8506b35c430145d960765ac52002b650c29b1,True
1,839,L13,10397062830374778014,1,1fe5765ab949fc654f01f52e2b133b469db0c7a8d151f7d954033d4961dce391,True
1,839,L31,11696828214422001613,1,7eb6f0a7dd3eddbf0ae8a07724bcfbd46faa43504ded9fadd32ff6d4dc865b79,True
1,839,L23,15024328638689874506,1,8e2b3029ea983319f451e2d899ff4009bc12c00f861f8b2812ee5e7551e2098f,True
1,839,L32,15925685872255272977,1,b3b42716bb0e2693be09418d07ab0cbddbb25cdc88c643b5852a7a1891d94513,True
1,840,L12,7095498806432799243,1,d2c405a46476f01ee3fe0b75daae7a865c61b93602824e24895f956502a78c18,True
1,840,L21,1166705816995412055,1,d4e5d36d57db7391cdd3c6faa87ac2a3cedaae94c91336531294e2be8b241e55,True
1,840,L13,14157892442253398514,1,bef7b0d82925af956eea9cdd3180831c868bf5c0b9604cc47d5c03079a418183,True
1,840,L31,5938482075526487681,1,dccd472397f86f8b53409044fcb0651fd5f56cbab85926448634e8b0f662acf8,True
1,840,L23,7035446776112999620,1,6cddf1ca1c27c3d2aeea90b6c9955ccea66adb9352ee6104de3dc25dbeaef242,True
1,840,L32,8628673835067118050,1,197c23a2da98cc90be775ef0f8dccc7646dda948c20a75499aac48bcf6be029a,True
1,841,L12,2018218148488908462,1,92769fd25d74f81c63dad22202272dc259d2298d3c4f0b8216fca8e5adcb8db7,True
1,841,L21,13321052620476369359,1,3bec308cd0490273e7048b6f3770cfed2a9f8097c63763c0f4d230351ea9a13a,True
1,841,L13,4938112005506109733,1,57863140e654606b86a9b020ec243164a527890219d618eb6aceadbec530fb66,True
1,841,L31,2923620462070514846,1,3a6bed09fedd95db7cf9a4dc39d1c2cbd1c000ad4df2f57c32c6ed62cf1c74e6,True
1,841,L23,6168306466745985910,1,5886d61dc692bfc5481ab6e23954970c3bdb1e102303f979c5916e02e27e0b54,True
1,841,L32,17185186620088247641,1,7496eba87a13dc35b03aaf3356de61fc54255d9bfbe8c5e35405bffce0661ca6,True
1,842,L12,17676310120977669479,1,ea37d7971373ce88f8f5c6c58a25958da9d44ed21c7f8931c3da06125e177763,True
1,842,L21,4800141818455100154,1,f7fa690610a2d31f6330977d90cb84d67388471a8e1276b8a35d1817b5e59ff7,True
1,842,L13,3182042475917663726,1,6dcef4ec0450d4e61ff1626006347c20df8c8f9ae72831770311bb5aefaa2bd5,True
1,842,L31,5057295877739605054,1,305a4c4d9a87be24d6bb869e75aac78577145691385d5496bfea51c770d49a82,True
1,842,L23,6146741341793473028,1,e0a478b9a9486faa4e3525af688a8ec1a7216e3acffcb8dccb130cf0abd8aa42,True
1,842,L32,14599140370410997605,1,45dbbd1dcad4785a0cfabcd351bb896774aef0476e44d7031fd65a50562517c3,True
1,843,L12,17997778002487204468,1,4b59ff53fc029cb6b182708d09dbd71ef61e61e11d879a2191f6daee7fb3733f,True
1,843,L21,11049748260838855652,1,659ce8157a71024b696df20218fad5c374cd6a0bcb731264b06eb86e8ae749ff,True
1,843,L13,834738534691715728,1,6b73b520cc4b5b9dc63e19bcfb525bb414b333d06a4a39db1614de08e8503658,True
1,843,L31,7493360915970060729,1,06eb2b058a0a709c917a3fcbe819525dd312afec01ee31f1ffb31d5def3e007e,True
1,843,L23,5099182885522641046,1,26bc33cecfac406e8950e01a76669d789d00031977c6662fe45eda82b0c6e9e5,True
1,843,L32,9137839871707876006,1,24f26d1abea7ab4efb86038ef4d428a05f3f4d37d0c977825d3d7816d3f0c362,True
1,844,L12,4436028815389730783,1,18de4a69fdf5bfa94e85113a179f8b62cde065a9cbeb48a0992b5aa3e21b918c,True
1,844,L21,8236983455148646480,1,02eeb8e112eb6c6ba3e4e33815a981df98281d001cf9254b83e06ba11b51b5fe,True
1,844,L13,8366653478353977101,1,bf3b16624d81c512fdb6ceb466aa8caf6c27c367b08ee4e93ce7596b7d9462d3,True
1,844,L31,1707106426466745014,1,313fd1a0ce0fec1b0d1dda19e5c309759931448de547b007767879212c9f52ca,True
1,844,L23,8178557595544253787,1,f2ec44706c86bd0abd18771964a96c599003386cffaa5270baf29da5fd37a20d,True
1,844,L32,5834498352103353546,1,d0f813a41057f5af25a47ae3c4b59485fb8432caeedcfc55014f12d397eb286c,True
1,845,L12,9763382091561069177,1,a255dde9158343b26e439bb53f9f65a11a5abaffeb02e678b8c39f7a36f96f35,True
1,845,L21,18187427295616959929,1,807b56efea03209f4d26fe544a0e37901c2969ef82750126f5d898aa316961fd,True
1,845,L13,8009685718925134473,1,141f107850618992f70e8e3d158b8b22f4f615e4a939d0e71b97284d9182e4b5,True
1,845,L31,7004649698998070999,1,dbde83a41e6f9819c52e4e8d153bbeffe984568179d1bf14cc1b0935c44931c4,True
1,845,L23,16583505129708274480,1,15ea1aa91066b7ca9c1f8e323c643d34781ae21be830535d7d72103030725e06,True
1,845,L32,13668864131587458615,1,2594f90ed5b8c1b2d0355b81da7720e39bd05036ab3e9c1e5fd817a051b2d81d,True
1,846,L12,2260281249370916945,1,7d2d4c3d64650445830af91ea2222c7d9884e08831e128a7e338ae35b4731d4c,True
1,846,L21,11965127507771986332,1,cb9056c5dd9348c826e002f22f408a34015bcb7f6a6c118eb44ffac09005bcc1,True
1,846,L13,14429668621478103865,1,747535f1fbf2bb90f7c08f65747ede73837ef6621acfa32367e2a1ac1b0bb95c,True
1,846,L31,646782928393302047,1,a0180a45f799f49151f84bcbfe4060b558ab4991e5280aa5bed78c1878acdd36,True
1,846,L23,11808846510142437041,1,75943f92dfa920712010fecd893ae8c335c5991c79c59429a61f091e7432dda8,True
1,846,L32,4420645521571835244,1,e610dc2f37845fec8ab01546436a8ce19e6642259c23b460df53a968ad7955cb,True
1,847,L12,7443573568742894324,1,f33e197361413bb36352f64974be57a87985b037014c1b855aefb13ad817ffa4,True
1,847,L21,10417220672586270482,1,8e5e445b039fe1a5b5e9eec1d882af0e202a6f5875b3b97af0aa920ba6a59523,True
1,847,L13,15239905072253326518,1,eb870263b20f292081cf2af41ec28e1374745efeb33a84f81dbd5abf3edd6692,True
1,847,L31,12923320007057475507,1,5df36db988033178ec0d7b563ecf0ee0f13716b0ec31d5f38758e5fcf583b346,True
1,847,L23,8213695124658478729,1,f92701a5aa5b20aa750ee59a8bd511f55d31aa4e2188d2645b612c4e70b6c554,True
1,847,L32,10757147471611605553,1,a0c5c0fb785927474c622ad0a4b8e53befef513dad5b25f48ca9c4c4b4f5bc97,True
1,848,L12,3564707953247563227,1,4eb0ad66f52f12484b12a6bcf94373f1d649c79e14d52d64d78a91738445101c,True
1,848,L21,17485807655340251197,1,8a0fcac5aa70d21b1b144ef5e5ab925bcfbc58c86ba7957ebbabb5ac3ffccc01,True
1,848,L13,16050262517315389689,1,f3ecbd809a0bc51847166348e4742625f8f90e870f377cb269c7c65a93bc68e2,True
1,848,L31,15672813560333896864,1,b200ef15acb01f630941905b3ef86bb10220a3c69cec6a93f28b7c251e888bbd,True
1,848,L23,10733339117255032360,1,ab7589aaa0e5163500382b50476a9236b27a06db5580eb3f069e766926c42392,True
1,848,L32,18342611944079013470,1,c9bfd78ccac304339d1f0b9415b8047c0fc9bf5e37ed550f58604b754db3f72c,True
1,849,L12,11525103478718164966,1,44db4c2a4a2b1b9e662e5da6940f82c12d401aa7182a032fb020821431cc7032,True
1,849,L21,10324253950250237670,1,32123715aa0e3951766b1a0e56747abcbe040fe3f64a6c83d2475314f71a0388,True
1,849,L13,268306069147803365,1,8dde95f026fc160dbf3bae1b61b39ba523d00bfd5c63869c79a5b8621da5bd27,True
1,849,L31,13468672260497265408,1,b75461bd60bf3a4a503ba15ff86806392bc1197544f476ebff16f31c2a2dd18c,True
1,849,L23,9400165455910645277,1,920005a653f02b9b385d8a1bf7207c5034b2333060f6a9d1acb726682a1cf213,True
1,849,L32,9969236953498347554,1,ac757d97f5cce169b233723270063d9210d06fce2998672b5a111c8c36bc9f92,True
1,850,L12,4206027401932126381,1,1191847c9800307824512f43bc4cc1ff9e414c321b3751e255cb2fe5f637e619,True
1,850,L21,5353029488107185490,1,3f22d770325908af7589f276a17a04d677e355fce3a48ada2ed40f0c1d3a67f2,True
1,850,L13,12700799834520518992,1,b4d0f9ad9eaddcef8aaa5c87073883fce3fb4576d9e4f181bb0e211dc9604cf2,True
1,850,L31,14859688052730790195,1,db1805d702c041834e6c18ac66704a9fedd76f5ce279bcd3080579b7b65046ef,True
1,850,L23,3194974541381052886,1,3c8617257137a206a6a38b0548eae13ce7ec64489ed3cf548c822e042fd262a8,True
1,850,L32,13358296185909205210,1,035c2f77a6d84ccbe5d63e1eb9004b7840df15f5b8284c145e6f56a129427a70,True
1,851,L12,3885308770946163588,1,25fc28194e642650d81ae373d3aad181c7bc7d3e2979e58978a63035422f011b,True
1,851,L21,15666232804951962006,1,d5999c9e860e5acc3b6a0e2ce0dcbcd9acc2bba95d933a2b9b97863e475ba5cc,True
1,851,L13,9701783674543501337,1,80f991f3708a266a9166a5adfddde438905124ef41dcf6d516a202cb43267f9b,True
1,851,L31,10777725579589157309,1,f646d91bad018e888a2d5c0a9b6085dfbb03406cf2db0193949fd5d2dc3cbef6,True
1,851,L23,3462265154427449910,1,e183c7ae423ffc7b54b5850032bf37e2838132fb5212d41fc7148fee5f028279,True
1,851,L32,5138539501275914790,1,73b407e39e854488cbacb625c568e76bb93d6057c69e4e1abb3ebcd624c058ca,True
1,852,L12,7561705287230285640,1,ff9d00d90975e5bccb867b7a75196af0e15b1de3a6a85ecb070e9f1a1626bddb,True
1,852,L21,6804272232410159191,1,3d84e2d648f210001ee1100aea1be39688a52dd922b0ec76a7da7d3c5b0ee4f2,True
1,852,L13,2992418411200595635,1,cc7b28961bf5793b37a3f25468e433cd00593fcecc9449448ed0cacb2d444c88,True
1,852,L31,9029441206943842230,1,ac2a57eea39a169f1a3bb7ae3d00db388a39637653f8ad3c8afd0153641f518e,True
1,852,L23,16531422588942754797,1,b8079880d38d2ad2cfd66f20f8b9c6864acf82a0e9a52d248837666156e9242b,True
1,852,L32,17684352796381219378,1,467824008fdca165137c8aa0f8068097e15670b847fe7637b22d4e55f43f395b,True
1,853,L12,6567983102380462706,1,b503d64078e7bcf9a97803a0c6dc7c54b0505f2206a5845d07a134abc218cb8b,True
1,853,L21,227582510335933686,1,ed097ea685a03489cf1837de4ad203601235fbc8b27ea97cfe182e23c946a706,True
1,853,L13,29429185719298229,1,5a858db6c0561f77ce6d3545fc14b36eb62eb2703383ce2281dc3021de50c824,True
1,853,L31,6215214703089604042,1,518cb781670292c8dda1f32b1d76ac24266de18fec04e69760a7ad3d6046e046,True
1,853,L23,6970371149281738737,1,59656b61d3beb278f1e5e231bcdd56a26d29677c16c3bef1fb685f391d8bc430,True
1,853,L32,455111333087199147,1,af199dd3417ec36a33f44383cb2ecfc352e659541f33a1977974107e22b2af00,True
1,854,L12,5261121670620191116,1,7f0f693a3a3f2ec369bf488c92eb42e35b0e096d922c047eeb93748a2e46f54a,True
1,854,L21,9659440448735800809,1,1544c773cc04237e2589e26176da7bedfbd4c13a1fea0648baac9e5f15266b7a,True
1,854,L13,17532296577337974465,1,2372a604a78a7a4e56d5878eb751a86acdbb9808daaeff4a17438f25aa74097e,True
1,854,L31,15510451682504907186,1,38b7d8148538890c599ffefb0f2a3b6f9188373c8f297d6104223c41cf509184,True
1,854,L23,5448078172505559801,1,cf42fd6ff6d41c87425f2702cbc184fc5ab8a4c159a90ccb99f98524c8815948,True
1,854,L32,8080688588424599718,1,3d38ed7baa66953526beb93d9ecc6a4cbeda2ab2d53020d849465ae1103973cf,True
1,855,L12,16512793033031764267,1,371f8d60d46fbbcc1c97e475c3acf27dd054c12c28720c3478e5337930533a12,True
1,855,L21,4422497546147270236,1,6df4c5010dd04aee55c0d9791b3dbcc42c4daf436160fdfa5055e375ef8fc1a9,True
1,855,L13,16688589490336673325,1,4cc6393010c05a7aaf02f2b84df54b7faf259f1634aa8c11769ad664c86c4552,True
1,855,L31,1666581094461762838,1,d34bd71d061be88672e76992534bc181de00d96835c50dc9ca69dc2d46cfa07f,True
1,855,L23,3053049909147026681,1,8b93d010fe1a48117fbc0cf7313cf84a621b366e89a1fa39353a56c27dd16541,True
1,855,L32,299696494252158820,1,73434ca2fa28f8325f137913f91006f1d5352173cbdd9af6ad51cf3bbbe38564,True
1,856,L12,4057635249914669292,1,bbeb0361397d7e20341e0f62a5f3067b029d916ab24ca59e13c044a6a1f4e512,True
1,856,L21,10619967355827616332,1,64b0d0b0f55d7565dcccbc04236825fe7c7f895f4690836d0d3370dd6f626e85,True
1,856,L13,10395361185258489584,1,beb9c75de3f1a0c820ebfed2e8b49b250c57e590cf430051774cb44fc3a24114,True
1,856,L31,2711312145087143922,1,5595c0dee0efaef36dc997c1f5e71a41a04f2ff4805ae7fcb69b968d4ee18ecf,True
1,856,L23,13416212030827375803,1,195f32da2b675020aa03dd873a65fbdee36a4479253bb4b6b154fde956dcc2a5,True
1,856,L32,4998712204701297732,1,0fd0621cc6f7a6bc90ad35ae88c165fe1c756de3fc502beb65589fe7187fdac2,True
1,857,L12,8505875867657771640,1,75d982ff0eac2c6815804327857324b0f6b466b2c29dcd5cc3c493afc92db5e6,True
1,857,L21,15385471179421067765,1,748e353a612cf66ec11aecacf2bf2711e2027f77326720efa04e286bf9ba761d,True
1,857,L13,18396910711151870581,1,c27b7169cf31132fce61f9642f5ea608ca30ab3749e28afe89ad58c4739202a8,True
1,857,L31,16131177428002752863,1,5a5cf08e2b9b2063112bede5e3675337f2d9732a7a1000d119f309c373529b67,True
1,857,L23,1887918558373470199,1,3196053ea8189fef92e22a69cf777a50cb32734a5236fb7a6d7e1bdfa4fb6f5c,True
1,857,L32,18143559385658294247,1,beba6273574c6fde4f19a7e40dcb9520b63465bf58a4111e3315307635c4e3eb,True
1,858,L12,3540013565634298737,1,a3fd3b9601c4d48c4d7e522057cb0ede9ed8d6a387a3db5d10f06e8baea195a2,True
1,858,L21,7518367677348469137,1,b8668dd300f26c78b041bd1975870678ef8c5a0d5d146007c021f555491b6171,True
1,858,L13,6424318526119519907,1,cc072ce002cde7cb20acda2cc17500dbd82922b9a3d5a82baca53688926e1b16,True
1,858,L31,6012571269941961553,1,bd8b74b35f380c5ae9ab56d0d7f603b3c443575b6c4ce54fcfe881142b717338,True
1,858,L23,6695059475411234668,1,14938b61d508d231eb6f177e64d68e4cc394af8d8438cc6fe23ea3045c791cf7,True
1,858,L32,5882863345154557483,1,79065121851fc882434b6aa72cfca674e784c5e779c9d7b9a6eab19deb7528e7,True
1,859,L12,17738934093821021196,1,479ccd6e9384a9692a0085902e52eccc06cf1e6115df8940680b9178ad8f2f16,True
1,859,L21,12877953535317189950,1,6b29415d77972cd8253012cb377b756f3fcfdeb32eb7431774b4677741ecdc6e,True
1,859,L13,7297795586134766745,1,e1a907a3989b2fb090439e2423b4815692d8648fe5ad09da0389355b5de2210c,True
1,859,L31,16796530890624140358,1,35ab142f49a3d9a2a071ebfc174f24558ba500ad70ffe0cc429f1a25f916a1d9,True
1,859,L23,15955232464960052446,1,61e4f7dfe2c4ac3eaee14f4ee5ef43cbc02b3607dd68d30bff8a9dbaa3ed3732,True
1,859,L32,8317895713773450448,1,fc819d4cdd88177f3b045f7e7e0aae990e9d2b634d95af2b79e829a378cafaf7,True
1,860,L12,12559483205898540891,1,81017eb191c4f1d1dcefe0d7056dfdd474f4bb90297eaa32123e26306c86e080,True
1,860,L21,9160159235153469079,1,148f4b04085786c4439481126c0867df18a5499e321460b2a573d20bebf0926c,True
1,860,L13,2504889674089644160,1,dd29357eb8d2ad07bd9e5ff0c836540cebeb95d18e9e7fa202547713d4661ed6,True
1,860,L31,16432126396600610541,1,6935cabab3a1ad6a6c6afc54e16b2ed2c78fdec44c370f17dc3241c49b1aa4f5,True
1,860,L23,12917222312428191727,1,5c254649a59c5b53354db2ecc775549dfd6ede1386b0eaaf87e92451a69fad83,True
1,860,L32,1212326933874954976,1,01ed882339b1bd7f6d5bd8796d38fb6e414ac9ce1a21bb7a9434494d10dcfa97,True
1,861,L12,12205550564829577578,1,e458488320fd3abd36451305c2a151946e3a359a9210ee9901a463587dd3a4d7,True
1,861,L21,7328831801884127553,1,7e8886af01449d6f555869f9763445d74e26704b8b23d53a5366c89546aaae85,True
1,861,L13,1523427208677990411,1,0f0ee761223831a0b62548d268077759d4d4b74e3568598984d4b00cad3768ee,True
1,861,L31,4673550357670064678,1,8d06ca113af9be2621874b6b4a3900bfe45525f71051fee1672ec963e8cf3ff1,True
1,861,L23,5507260182452884496,1,82ac7b31b09054fa46606eedd2f66944e497d811dce7cb990d0d177c4b01af4f,True
1,861,L32,12671144811493158162,1,000a181fbf129c8b049888a1c64be236e598b91c3a50590109847ea746d3c02b,True
1,862,L12,3579712912315909624,1,41d28d8052d2018173e8a6e4c30d849069ef595669b2c9af126b406568bf5b53,True
1,862,L21,13971262337757896284,1,de496d4346f437b47e5a625b1630773f3ca7480a5e27996c3a8802bb52e432b1,True
1,862,L13,4508305111082402675,1,493ba2cba9bb67b3804695d922e432dc84a0f397fb980e8be081397572bba957,True
1,862,L31,18372049488762488133,1,01b8c29d3ab961d6c8ad931cb9d0db6bff7f6253e61b61931afb589b900cf148,True
1,862,L23,11336133103456956117,1,8c50562a986a4ccd0e244f06630940bb8ed35e9a749fa3b61e98148fe76b2037,True
1,862,L32,7148596772045589125,1,030575bf9809586459fa64012557fe7ce0e0617c5481846e31f4054e28984796,True
1,863,L12,7067697101628951107,1,0f9b55f2695dcc7fca363ef2f4a1377202bd825af9f39bd3e8e56864daeb0f36,True
1,863,L21,13005611831272581474,1,21ef5e3602686bb79bb6f13ba94f8a95a65822dbca8390422c44361c22199608,True
1,863,L13,6135971326361477354,1,74bacc07768baf555bb8d987f396df1b5ce2ac53fbecbe3b11d51e039e45e869,True
1,863,L31,11760853737029906616,1,7833a5bcd6af1ca5b1da8c09d43aa829762adb1d5d3e12332267484ca7eda0ee,True
1,863,L23,911554072791249800,1,cd4048dfe4f3138ff5f64886c7d814c959df02fe364bf32cd88d01ce4ab60ba3,True
1,863,L32,2606566236649387992,1,4211a12ebab6f67a25084a0f722fe7bf99253893de01add54d42b4134a2bef02,True
1,864,L12,16652840166298219100,1,d0304611a2a00ca7c2d3624263730a2c27c5ac893124676f3cf87e07813f0dc4,True
1,864,L21,5403719598207381947,1,a1955db68bb2b66ac11131ceef02e21b92aae7fe2b3cdfd5c515775a4703fc70,True
1,864,L13,8506143042400167764,1,22d485ccaf207e7796de965d10c6ae8eb59bde03bff15fb0d768b0634d6573ff,True
1,864,L31,7017058409964773480,1,40e76ac41550ea1f2bcb2d7fc81b5cde0803bce0f5871a3f2013b039e7c3f8f7,True
1,864,L23,4353392090488535809,1,50a3ce6b7fbefe17ee5d1f88f30350d72f824394d2970960f93d8c1175d317fd,True
1,864,L32,18231666087228290388,1,19a0969a1e39b90e9c709e5f1f09f6b67e9f2aaf0ce7a818180737753e04f1ac,True
1,865,L12,15122551152947266938,1,207932a15ed4a77fc9f5a66412d4d1a2e5dd1d3ad8d418643c050477618ee4a5,True
1,865,L21,6881237260080579282,1,64457531862c8a4de3bebdd9051f2ebb6596d21c50662a566d5681d66dd0c918,True
1,865,L13,6454543157711211746,1,96681f0136ad5ecef8750c538bf9deab38232a066375da487fe8eece9319c241,True
1,865,L31,17100824140791744904,1,aec330b6ff00f840855fa27da8271a6812fe89e622ec14db1783c62bc14c1e4f,True
1,865,L23,14374343045107678397,1,00cb0c7d55bd54d1e312c70891e25a968694b9042f17920832a215b720f1c641,True
1,865,L32,8998406577561912260,1,de87661f15a2843ee31dbececdfedd23bdf65fd1030417540174dd6aa1c923be,True
1,866,L12,15346391906515402709,1,c6a671233a7035236b79da61b9194735db2cd4d0a5a4d49caa6bfb3ce8039ba2,True
1,866,L21,18428612682812131714,1,541554b6d068a28834371ca61b90bc147686d77ec80cce190e2fdc5729cd1dbc,True
1,866,L13,10119319983231235680,1,bfb92d0e1401268d99eb519932f75d05698809829245607411e79188518d5b04,True
1,866,L31,17835167690733797280,1,e84ad03f88c6f1c8f6ee78dc3ff1518ffacf03c99726f752319ef03394c00405,True
1,866,L23,11327831201878846830,1,7a2bddc6c6ea267351666375fea6597f891ae0d4c00d253171644ff4fdad2119,True
1,866,L32,12084979183028259512,1,ea3d20188e6c55b3f599d3a3cc57ef0e742322b5f127bad0421de1f16a44a55b,True
1,867,L12,11357236849639051709,1,d8b107bd208e2946ddc14825475cb59e2d2cdd5c76277aeefcca455b3041b106,True
1,867,L21,3408146162902474191,1,eb439fe9f72af5b6cb5c9e0db634157c3c9926e0594915e250a6b1e041fbeb52,True
1,867,L13,2110749599006678775,1,e34707e667cbe8d9015bf3b3f400fe572032ff2c1f8a20e8fd1608d2286bb713,True
1,867,L31,5023806300286625609,1,6c17b4810bad039bd0ec8ea14c03a43d21672e204c3bff5a68754a1bbc220b66,True
1,867,L23,16184912916362253843,1,d36cec132e86c6a076b7dd6d6a3a2b096cdfb484315c870d17aae0ba7ff67218,True
1,867,L32,10365705534490297638,1,8e5b9816071a15a34c844aaccd99f3594bfab7aff3c557def990eaa30ed068cf,True
1,868,L12,11420586187140851179,1,298ae282471787767699cce7fcd8268cfb9e7679a367b811442d300333eb4eb7,True
1,868,L21,12589977610621643344,1,370e8c9620b1f1ddc8dcf7e78344f23d07e373a297d9945ece970fd82959fea1,True
1,868,L13,11315251559956085375,1,12cc0d9596f22f31f4339691fcecd07a9770d0016256bbd86445c133ba58dbe2,True
1,868,L31,10739308765168696729,1,5209ae21d4884771edbef5245ee7fcf24041f03e07d4f6cade2abfd1ce4c2739,True
1,868,L23,7338647992302508779,1,7be8e87abde23a72a42ab94d611f24092cd366b15357c080a79255f682aac672,True
1,868,L32,2979107638930666156,1,aa64433ac80174b727335d569d5f9f2902bb5578b69916547e2221ed191c6d59,True
1,869,L12,15617544542587171010,1,66cfaac319b0b15ae0ae0a6d30b7f3ad8e1b8204d4005f835006604b5d083d6e,True
1,869,L21,3931032814685027264,1,c77ca1852a2fd11ffa17ece24c4f7134a0573d4b81b962021be71329fda5e585,True
1,869,L13,15437702704974317359,1,0480ffe7d272b6fe53f8dd723552732267e6d47cb34b35779be93f2cbce4922c,True
1,869,L31,1381941351012500202,1,d4f4cd48dc70aa1814eabef942a2974b896a0b0bfaea5ccb3fb1450521a32eb5,True
1,869,L23,9137760656864075512,1,85d9d9accd16e8356cc54ee712f98ca97a82d4278a1e90981e206ca7cfbe1608,True
1,869,L32,14204848388145820855,1,60fb0b508db07cd1cca76ab96649e11cd9d00900df0e7814a7ccf655f1c88c4f,True
1,870,L12,16252911564392136160,1,1e86d1a3dd1c82805043486057c6489d1425bd60cef1fc8e2df8d68cec606f3e,True
1,870,L21,12219431086660338276,1,2fd09367b24ef5b4a907b2af561718a304ac270015a84592caa8843ebdfc5d47,True
1,870,L13,14466081039011832323,1,e996a280c663ab817903c74fe6c397af9028d834cd566e2793442156fbd42dce,True
1,870,L31,8648216096823349814,1,d91ec36ba7c31b8f006fe9f98263b2136faec4a3b4897965b470eba4d77dd847,True
1,870,L23,12739426892449067400,1,07bef0c5acf48018e1d071aa34afb348aae271e22b2f2fc615d55ee302f99271,True
1,870,L32,6204056269231757914,1,89d736e688fe825d36d162d3f03d52a2cc4497c766ed04850f2248e16ecbdd94,True
1,871,L12,7392453663658759846,1,bb8684300271e662ff203c619625188f4070963c18de9c560299625f9f605461,True
1,871,L21,5157361630237935417,1,96ec17d6c6aac0a82d76544339a7a122ef490936df98ed7a8dc0746b9f6577ea,True
1,871,L13,4835713414122778427,1,b7d12df15d8e2fe3710871e6672291907b692fed737a53bcc63bcb2645ad5ef1,True
1,871,L31,4508871105489682839,1,1560464736e655fd33eeb3d49f8d0c0fc94aae98f5777a657c82d6e912022e9f,True
1,871,L23,14309583217099940396,1,69fb43cdff49317cb3a0671d8ceb59e3e0f5bfb0c4feeca854d617b7e41c8957,True
1,871,L32,17121591956828462418,1,5836654e8aec8397f1d57b4f49d3140947f658e35bb0b1b9ef4102de9c0eac0b,True
1,872,L12,17906226270137705939,1,2132e4aa1da0ad91c545dcf81a340d228c6a509c7a3972be2155177b48f55c7e,True
1,872,L21,761976120363804511,1,55f5a3bebe04c57b5c8be30a2efa4fbd8aa4c201b2a4cbcfbae5ddf30e64e27c,True
1,872,L13,5899960976019260237,1,454bb6884042af360e589cebefc66b5d93995784b864538473ecd783604534ac,True
1,872,L31,8295032386308474945,1,b1aaf015c00438f824d791c31e2e66185fc2d3d9ca665786592eda15fb269977,True
1,872,L23,7927932147307515456,1,e6dcbb14b02658e10e237add27b290e4900f17528131f522d70d4d82f87857a1,True
1,872,L32,7661638717109748532,1,cc2a8e36edeeb2d99051bd1330e4ad46f795fd0d79dd778c7c1afedb167a560f,True
1,873,L12,17336978339750726758,1,9e8f53813217b2cb672773e6f91ce334d7c355b634d4acf96ce1d17a1ddd6c88,True
1,873,L21,480315094241481913,1,290f1fc2330d48e8c88dc756f57d3790f24b61c0bb190d9ac6c217a8ec39a17a,True
1,873,L13,16794364213875878529,1,1a996461eb144329b034a7c7d8c81664e18a55e5b48644ce4ab3cfe9df14b039,True
1,873,L31,17645241564232044811,1,d046e793f77b3abd5d8ba756b594bbc2d485bad0b3469078c9749626af0bb225,True
1,873,L23,2404993615500963078,1,4e7e7a7c522dc23a800291c4a1fb9c4d2389d87fa6446567b40af1ec9f848564,True
1,873,L32,12647690276617219622,1,87ec1bf0cc7e1082ae62a846b17e5059660cd7963dd7c3c5aec22d7338821a9c,True
1,874,L12,12109788505059595698,1,9f2f8ec2fd349dcc728cfbe0c7d6a7a820e377a7a2ed86c4791ce157d2dbb840,True
1,874,L21,2282541011166928263,1,5f4f454baf8047265697239020e2384dc5e2f4d19f705ab3623f12268c485db7,True
1,874,L13,13425731804509863189,1,21de252bfd9ccae79f66cd889026c0c7a536957e3a7c5bf30d46ae53b9db7603,True
1,874,L31,1093481467634679706,1,faaa4ed3a99a0789b86363d232ad05f09c1e2ac5c3d18d4ec8a529aa80a0e8a3,True
1,874,L23,2113612119552302988,1,f578e455228937a933233433d7574fe4ccc678fa60fa8194a1ceaf1011b5eb1c,True
1,874,L32,16187222417356015562,1,6616cea1a08bcfc473d86fc9a2d5f797f19192490d96a9dacf50fd65f17c0076,True
1,875,L12,6144077601831492090,1,67044e8d6ed7ddac395af5767b0e45791c0cdc5f71ac12e7e8f24dadacd19572,True
1,875,L21,4387110643870322480,1,4b4a5e9bbab3c9486b58182ae27c4553abfff4921520883c89f9c97ba4bb2bee,True
1,875,L13,15610320575137122009,1,116f5f1199dbbc80ed90fa7a848e54f50f2c653db3ab0666a85bb762290b5f89,True
1,875,L31,7638595679911060585,1,41d96be5bc00ac1d70bb37986cf2b2a069074579058df93fa3c47a64cba25929,True
1,875,L23,4837476856455808301,1,7b99cc15a38e4f08743e2ef42775b08f3c684bc751c8942c702e96aaacc42aa5,True
1,875,L32,8141392366619466525,1,95e7e22a0dda735abc84b663552d59ec0f77a8d4ff6b7cbb9dca6c90f0e99f4f,True
1,876,L12,6406331613723183870,1,7911ddf679b46e48fa87d4def8483f52704233abe9b15c50ccd7a29004683733,True
1,876,L21,13532393130647352739,1,b43f9fb3c1f28e3b6c709f10b4ce9a3c5419088797649fb0fc3c3774b5263b11,True
1,876,L13,17604689295875899821,1,8962dcbd3fcaa29684463e6b7e6b5c38b101ea59f34e27b4692abd1e01fc9608,True
1,876,L31,566474205551579417,1,5fbbe843835130da1f39a8c1260778a412b8dec6f0f93beb55e3e56b050dc015,True
1,876,L23,2164418969362162231,1,c48dc11e3b52d19451b2a5d56075394a45db8800187ba207e4e4711795cd01a8,True
1,876,L32,13238321194515417070,1,4459c27c63ec5565c12ff2d0190ef5e1595fabcc22ade0937e03947f7299a2c8,True
1,877,L12,292447398470576291,1,8af7b8c313e86b74031046b48f664afd6755c5dc09aaa38c7f6561606defba0a,True
1,877,L21,6412855445385233207,1,f32ea69f7abb240651a0af3d5d340fef38e70909aa113cc2681cc1ddcbadae4c,True
1,877,L13,12670158644771207777,1,ec45e415ee112ce3da72997c3c8a4b619bd3d605c87455390f470f4d1aa6b26e,True
1,877,L31,15426595167367306402,1,f3cc578461e34119d40ddf6608c6cc5daba9aaafe1d6c887b77265ec6541f372,True
1,877,L23,2547155690058987528,1,15c87cc7f38a4fe6951b04eaeda9e444bdea6642970c9ba30d3dce6f2425ef39,True
1,877,L32,14861008617388107471,1,2634b5aa43bda75404511e783c0bf46331411a717b5a42ba5069f31a8f735042,True
1,878,L12,14619720425280357237,1,0339dea61d19375afcfd4f4908e50e6483298e16af41bcc47d89e8d6628ecf06,True
1,878,L21,12278545283466321554,1,36f42705e3281310ac7b8c4dff9a95327eb930ad233614a5e4529800c106404d,True
1,878,L13,14152494153706339272,1,ffb179bac23ed58f365bea2b924250ecdda8bc8425d8c963698fe15717962a76,True
1,878,L31,6894272875749469314,1,60721890d574d8fd40131379e1bb5aad2165bf2328c0959f08905603aa82a1c2,True
1,878,L23,5873850987869418758,1,8d9033446d76e232c7ba0f60e827253d5a694eae768301a1ba990d16ae1d7bc1,True
1,878,L32,17060026271521022529,1,d5113fd6706ef157b533cab7fe316e6f3926bd4ef15485fcb3c1f5e9ba86ec1a,True
1,879,L12,8035628844556225356,1,5fe95d99748a12946b598be2855b1952026fcef659c01f6a928e3993f6c634ff,True
1,879,L21,1235693671537545915,1,ff9d81e29d222d326a61271bcce22452bd094dad541a22d2fd95a1dbc7b67611,True
1,879,L13,6942705980206621124,1,93f8c1284c7472fa1d4a1d9cd6fcaf01dded3110391804e768295e2187144f89,True
1,879,L31,15256364362533689820,1,cc6910379f2b255fd34b966992c1b6d34c659aa9930b16623ef382d379e39cd8,True
1,879,L23,14078183734596608653,1,035620f2532abae0cd3a33b7068715ea8a14793056078803c2bf718e81822a97,True
1,879,L32,14265615309827051490,1,2002197dfff3cd506ae94560b238060a774ef5ec6d42b6f93b81ff01057bf217,True
1,880,L12,18152388327690272387,1,12b981a542b42cc618ac0790d93f2334af45fb391f58d2f9262e5d25ed945440,True
1,880,L21,9993397435495262454,1,4957ac3e57513fbdc04715613865d272546f7ee06543083ca25a0b46e50a8434,True
1,880,L13,5646679090048719403,1,3f6689392f2b457c1d72afeb4a03ddaf88a891782ad63c23a85c89368fc7c900,True
1,880,L31,8611734696558448476,1,928877751613ec625d7f4ab4b885ce0fecd00e11dcf4e3fc7bffa504fe4500c7,True
1,880,L23,12883044718554431694,1,5f15cb0c239bb39a66d85312cb2ee71bbc7bb23cdf3ef726f80b42b40db53511,True
1,880,L32,655479457804271297,1,ff77e24fa36ef5890668817971bd4efa272bbf2b04c64e9a827b2994c55593f6,True
1,881,L12,14126871625338326513,1,fe3cb50a3a0fdfba79fd3a5255127b19bc1f9d10f0b0e9cbbbd6a2e3ff624fdc,True
1,881,L21,11351658258674764280,1,768192386ff4a5e4553bd59a03b821f3f3f7677b561d2da7eb70487e27d35b05,True
1,881,L13,15337306337034486667,1,8afcb5b48ea61ecd42925e93920fe2a88e721ee0db7b7ba58fed6d07482d0b18,True
1,881,L31,10482264880622946477,1,461344e80f900ea75f1da560546f1d7445df938637721f9575bcf133f749b133,True
1,881,L23,18232650491253446357,1,23e571118f00389eca118dfefa2521854b8d08c0a79ec8d8ecc1021cf5643699,True
1,881,L32,1453569965690022964,1,bdd85fb645287443ec4b4f9fb409382aff5c4a9fdf4ac20d724b0e7f6711993c,True
1,882,L12,5593612975164316125,1,134977a3a263f0e41cd178dd9c893f0765458ad7e0c7914ef6ab2356f989167a,True
1,882,L21,8892923184309206504,1,f3bda4bde026cc1e4d85acfbc0fbd78dd3df633d0e8fdd1e39d16e1568b898ed,True
1,882,L13,7560478246099857825,1,8f87d57cbd9dc1000ed85a134808e2db5a9de1bf8f60c51cb8149089ea6f0463,True
1,882,L31,10297604956780732522,1,e464d8db1a3f7e453c1ca194090e9f5e152815598827472af93b2123da09e4aa,True
1,882,L23,2162334286811139463,1,1894481135f02f4aa55b64586c4e3eb226f6e21d5a0f7fac788d652daeb6e840,True
1,882,L32,9541921896040940153,1,b7f2d6374da89138a1ecab121d07e272f58328511d13a9349ed993f28fe2877d,True
1,883,L12,8269520881753264663,1,8c5c925c760ccaa9d29e369c9768efcddb612948d9076874617199f753197f27,True
1,883,L21,17962473578500804808,1,ed9c13d3164e53d058327015ad419276dab2a2ca48c2a8697dc85017515e3eed,True
1,883,L13,4069785628470376801,1,9144f229747438d82674bade8ad9807ef04cd46be18128cd90c6f2bc96da07b6,True
1,883,L31,10022222611917926384,1,10984a1fae5216f96a5b703bcde4f90bd9e8df88b3a6e23b1b27fb2ab61f92a4,True
1,883,L23,2939297100859286194,1,fce1760b9d622dcc744455f766f68502f468b5da29bb7a276a6356500be9c384,True
1,883,L32,16721971158273891692,1,42e3efab414e6ea0955ff6c76870a291fd4856a79ac62614803fbc07d40aca6d,True
1,884,L12,17602881339005861730,1,438a6e108c284c36965b8ab77ecfa1b0f95139fc9c63eb1ecef91d7e4125d972,True
1,884,L21,3405755121238748350,1,9fa380503370e1983d787143bf8caa9d83b1a2e092c61b56d28cbc8484bfbcbb,True
1,884,L13,6329023793801452420,1,2a9f12e5f666d94f48adcb81d4e536e40f882f8b1097afb753c952f47a235f3e,True
1,884,L31,7054645364441312771,1,c80cf14f5d150d6d92c473acd3b34240c27e80c47513acf3251e5b21f5055695,True
1,884,L23,392813378256382019,1,fae7eedd0e7c14f70882001505d4baf8f802652408c6902f7dce4fea47011951,True
1,884,L32,11490478260426526053,1,3d575549903623240d353c209f1def5152596bab26f3777a831b2d04559cc806,True
1,885,L12,10609153490754722049,1,eed20eb7af9731fb9d6746ce8ee0d38a3b6f0692c8338eeb0235cd43b611e3cb,True
1,885,L21,8221848379226617101,1,dc0de3cca0778cb0a2488f530407b1e8a1beda8045496f4413d941fe688938d5,True
1,885,L13,13024013908569444493,1,dd9f09b32417af6869adfd6834b725026948c346803221f88686e6aa3374a7af,True
1,885,L31,204054073632023631,1,95ec7ce2e9a59159a9b4c6201112246aed262e330085ae1a51b92bc3adf630aa,True
1,885,L23,2814798555467608588,1,fbcbdfb4b4d3c07f18d14c5adc382637ba2e65492ee1c69692c06f659c6469a8,True
1,885,L32,7356741060096092218,1,2f03be11e6253bf95a28a8728d5a31a09206b7f0f6b38fd58e1c0c58d2bb8d89,True
1,886,L12,5749001128037006787,1,3f99f44cec57929bbd0326c3aa86e8a7ea707115f806a50419d7db3784ea6485,True
1,886,L21,11591252895336405893,1,6ba046b2661ac941527e757eea2712836ffc63d843a8fc08332e3807d4bdcb2f,True
1,886,L13,3446608898623379599,1,e1c97d7857141d32d45cd362f585e2ce285a15ddd7f1f774b85373133a7456f2,True
1,886,L31,10880068206307780214,1,b094f20d735787f825d7320fc2650ae93209e107170907a7cc7d7a247339cb8f,True
1,886,L23,12729856585848049093,1,087e3a87885d6670a834c6ac12a96ffb7fb94a0357c6de6eac867eab941da760,True
1,886,L32,12516750626450957096,1,f348940688e828c7a03502b22916df9e4e796b404d0f00c09dcf551f44f21aa8,True
1,887,L12,15638735422578115856,1,2e73c99c90ee7eb1aaf0e090d5ba84f87cea4688f96c10898daff6ca692bd282,True
1,887,L21,11430946847339810395,1,7862f4d440b5e625430af21c3ad8046ef68db3bc8c84fe79ff3d6113c8b8c77b,True
1,887,L13,1745480223525475083,1,2a3d33be20ae8d848558be0fd5da0a9b9f6ea866bed4f4ed4a1060c8a7ad2474,True
1,887,L31,17051091615514765433,1,c743060ed808b7214663d126f7b059a9f93df61127d3971168edef96c663a1f9,True
1,887,L23,7926015676162338126,1,892d0accc7e6b6f7be954392420fde5c9128cad8100fd5685a1bdb8c99641155,True
1,887,L32,14905811069458348150,1,e2b50a7ed51f6f0c439df56e416a36d02f506c5631ecaafc6ed6b4978091c6c6,True
1,888,L12,12152251289446245282,1,6a0b05d009e817418eac5d1c0ddb809c049cf5dffc5945d72fb788e541d4433e,True
1,888,L21,363248631573822523,1,8f75546081a553a1fd20d8d76cc2d5001f0d2e8eb850275301a7148b4587050a,True
1,888,L13,1873499219870690367,1,50daf0fe766e9564c9320bbb9f33d73b428322c0743e411519640a506d634bc2,True
1,888,L31,6404542808839126186,1,77771055f9c5925eb931d575a442087b4e53403a2cee210055038a4be2342d10,True
1,888,L23,6189577671414914213,1,c20e2b71b521625a5e8380da2c7266f93cfb0b3fb9d6b917b67eb3547e4a0041,True
1,888,L32,10695530373968211393,1,0140d49b411b552a00a0b95b701bb31943915d720a77c2d0c94a02bac60ec2ad,True
1,889,L12,10703538960398032485,1,cd31a79686cc50570f363543e64ec9d4612af9f9ee43bfb62344f0a7e444b5f4,True
1,889,L21,3693022744809284070,1,dabf955f70b1a620fac8e43c79762a1cb24e8cc89983718be17fafaf2f589cf4,True
1,889,L13,8440706929545490938,1,85491fbafb568acfb83861be2212722ebbf5b5d6032f6c2ec7e10ca0428a12f6,True
1,889,L31,1335578693107529983,1,da1c28f83012443151cca59ae11baf6410ceec7541fb6a94cb1efe13a59e51cc,True
1,889,L23,2534386699270978871,1,f99815a95b399ed724a0392c79a0c9458a83eb929cad372681e1c2b70926d78d,True
1,889,L32,10197546253527882393,1,61e1cbd436aa1a2c5eba3675bed74aff36497070a10848d915b0cd017ba463fa,True
1,890,L12,13337562996276330802,1,8fdff92410387659801db14bfc990235a4fafa7a0a01bb5cfaf1e8c5c2341359,True
1,890,L21,6397962909255764058,1,e856136f0457ce3650c4dc94205215b1518e380d29f44ffc945f3d5f4e3b81e0,True
1,890,L13,18000416222287449466,1,7164f1d50c2f04d7b5321281ce2b40e9a13dcc0df8c9d0d5a0b351e218266962,True
1,890,L31,12663850030967133809,1,014942556d00df383a38c4c4d42e98b990fff4f1f0275963e77e36c9ff8605c1,True
1,890,L23,14744063497475600568,1,50a01f2bff7358d8430551a1ed3e4966e1db34e7c865f458fbc008aea3c86371,True
1,890,L32,11680897815855887074,1,6091ae852db89f1653ea353b61bf45d24612672dcf8e92f5abbc32a6bf37c715,True
1,891,L12,10954655088985415753,1,4e581d070cf0c0d75ff43bf3a58695ce398fdd39cd8ecb171cadd614e095f102,True
1,891,L21,5466527517865430193,1,fd1424a5f7b065b701c1a42ecbc44d9e1a18ec4631387dc928accb9699b688ad,True
1,891,L13,1354374561624494222,1,61c65aece91ab02ffe4bd1ca18a5d594f5b457b6335fb2320b71560846462f43,True
1,891,L31,3285115126747969420,1,4fe6dba97efeb45ce4678f700d58e50223e3a301643d1ea1e7f21dfc19c99dce,True
1,891,L23,502140649218642683,1,8c982783d08c5d74339b9f35aef7dbbf16a4eb5920e84f9d3cd43d9ae351ba7b,True
1,891,L32,6176900466557627534,1,fb5a06a2d88f3fe3e5123f031e32bfab7cd81d0719d6da63e7bea3ff3fbc57ff,True
1,892,L12,8720999369194880617,1,ef5a86319f036c1242118a9efa8e211188743296537ef1f194769b03191df75f,True
1,892,L21,7521982540773874587,1,a02b09f72574981f202d73391ab9507415cadeaac20ba4454a547234a8efee8c,True
1,892,L13,11817757989544712208,1,bb853ae10c8a777548a0aaca66abc7fefe3cd5c72aca8697794663f6b85a3082,True
1,892,L31,9196575253143976786,1,7e6e2cf97b5ae2e67d1417acb50b350574eb65eca312c5f98d9b31530f5fd43c,True
1,892,L23,11996951286086957698,1,cdeee4264359c08415e09651004fe15629d511723293ae7ee22bd202965fdb1e,True
1,892,L32,3983764296750276750,1,08cc933f0136fb64a2db54c018d0abd82bcaca14f4707b2edc2011394fc7ed32,True
1,893,L12,6290075158805187534,1,732d1673539f440559eb81ac510486173c3a257a05203652d3c3da84af473ebd,True
1,893,L21,5173019829840687296,1,8d73c6723125be011aa7701e66212c63ae54514108c8c486d58d4ceecae031da,True
1,893,L13,5243230349645935418,1,4a23b413196a9843a38a2b4d14a3a9096f8f2f99f01cc92c2e338cd974ae958e,True
1,893,L31,8283640496171189241,1,3cf06d9e63118ca5f59aca5db16bc103e7af18c707f2c0df351c7beff521814a,True
1,893,L23,7739821170235677001,1,b310312b7696fc026bef8c380671a45cc27b6a5ca186cdf267d63a58e124dbe3,True
1,893,L32,10947069152341081470,1,fa68b9610074b7cfba09cc61dfd6cb792ad3fc25802f6fbe1ad4d71257f74dfc,True
1,894,L12,17120348149634308681,1,15ad55d4a3e2fa51d30e1cda0b6c821739787c367fdf2c8c5a5d90c319e3cc93,True
1,894,L21,17740176194645062782,1,2bd292009e2f2bddf1629ba268b7712aab31d5c07a8158a72b04589268fc4c6f,True
1,894,L13,8984282403530132293,1,1e46f6f692f175cfc37851ffd0670b74dd30386d9e9d482979ba18f379d1d6c9,True
1,894,L31,6147055982567082692,1,f9fa69340187f4d7a095bf6f3d39a9e362198a32b4b8f34cd2c5ba26f965dcb4,True
1,894,L23,3593471601226725933,1,abb9154966bd4624c9e757b715319d1ead0cc70e76212b9a33588c9e684a2048,True
1,894,L32,18424389089331053058,1,c84fb91ef61aecccf60e7b340f4052a0b108d7c8e8c4aa92d885660e67cbfb6b,True
1,895,L12,13309892257123139720,1,ef161084801231a373a643e3bebe9d9bb5b0fe471c7c9bed8c96c3c68d0a0247,True
1,895,L21,4709861656436525115,1,fc408d300393f911377b92c96364251591cd007259c3ae6df2c3750197dfa856,True
1,895,L13,2566110812307127681,1,ae8a3c9a02c63bd0c4d23fb25901fe603f6f237aeed3cdc51b49090fcd502a81,True
1,895,L31,612351496348347480,1,6eb7556c15b1dcf16521b71aebf3e40df90c6950c0bf93d1e17fc6b28529d175,True
1,895,L23,9651927428943187205,1,d63bd62b23e244969f5416342bf2921571cca3c6aba4ab9015e9fd06378106a0,True
1,895,L32,13823191826104274015,1,46bbb10f6bd17961794c31c95c492a69ad4d6cca9ded891f883a2465b559b7cd,True
1,896,L12,4859482984212567049,1,354072a656fd5f64f3eeee7e10a50bf912b44d3784d2536dd0e87f6e659e4fb0,True
1,896,L21,10015789566628816622,1,fb3af88f099b1d0eccc08071186ba36351df7447923709d6bd7487804e474166,True
1,896,L13,602941522714694352,1,51fe90475ba8c334f4c6b1efd270d7ea6af03dada5fcf720197f0a650c40d8ee,True
1,896,L31,10006077632976545389,1,1695b0880e90905f2bf4577dea2c1b36bfe05fb968ab777221e890e3872d2edd,True
1,896,L23,8580253895979076401,1,fe2da345dd3b3200fdc7ad7af55ded20143b344a1dc03dbe9a3b830eff0a1b0a,True
1,896,L32,11691627618857639658,1,75b9c8377dbb3018b79f5644c29f43b78b3f848f3071d83af4ea2b66ba83d0ce,True
1,897,L12,2130537290547124226,1,0baec2f9036fea374bedcccfb2f4c3f5684860022402dc5441637a34a27ba901,True
1,897,L21,6712141602795555356,1,4b431ece0d79788e45e54579133af1d53b8667efde96b6304a79af23ad023e86,True
1,897,L13,13763038838526918277,1,6fcf30aef0a85b4b13b04d225d30a6067827a760a040c3a60935bb005ec1a306,True
1,897,L31,1908987065774630502,1,762b682250649ce7b203a20f2abfaa16f8b18d076e607e791ba835f749150f3f,True
1,897,L23,4779856374715706433,1,a6720a13bd2cb6b4abea889b2087971e4ad234cee0bcd2cd3a7c08b2fe8ea729,True
1,897,L32,15503675181588497356,1,acd2f23d8f9f092ea714e62f139c5e9d9e4713b5a700ee8c92273524994ad058,True
1,898,L12,9619682829386221793,1,dc2123135ccdb36e36a55477932b647479432cdf6bb5463f93fd6a40c488b1e1,True
1,898,L21,5325862509902784907,1,d1ee84413c253e88d75cdc0fb9d85884f9c22e571d2db47c1e1ad2b281ccd472,True
1,898,L13,638843896930872574,1,5e493d0eed6ebad60a31d1f510969da89ae03a51f5eeb3724d6297c7f281ed7b,True
1,898,L31,16090892811916529887,1,58718e2de60ba1cd67f88b6de4fe87c3f8f77081f7753cf103ad71884e94df72,True
1,898,L23,8696748755811571849,1,2d5d71bb627f5f02c3cdd7dd3e22713e083a009faf0550b13553a76275cec1df,True
1,898,L32,4022356135334172393,1,2b94d5f9682d66e4a1190f2c00caa9b3644c95851f18bf4b35c10259f4e52c48,True
1,899,L12,8613714906749112566,1,a1c59e17e46a732604ec565279edae6faf5b8b9d2bbf9455b728b3e5cbf6d80e,True
1,899,L21,3034755217634938690,1,b7e08e22561cd39a006fbfde4ba9ab7dd72880deb79743939d565e92b8be5310,True
1,899,L13,14762672745450625263,1,71c995ea972d0f36bd86b68a6b8383a99f6d1d9f0f33a5509d3d4f5177b0d935,True
1,899,L31,11094437469431330812,1,54ae13abccb4253fa23ad2afdd7c3d35680f1c5f4cfaa3c1fdbf3c1878b2c8ae,True
1,899,L23,8123564947448234433,1,c6054d302bab2979f525a39188feb0ef09dd49ab920b31b7de712181a1633eac,True
1,899,L32,12952646927197382528,1,61cc1ee23bb9ff172555bd129f996159fb7807c293fff458535dcf1ff281ec1c,True
1,900,L12,10926287881794630129,1,412fda40200e8967e86affe1bfed619998de272d601068ceba0051942f8137dd,True
1,900,L21,2266001330582160761,1,07309b6ddfa7558adc165fe03000655206847a3009a3634bf91317ea050e8b97,True
1,900,L13,16668901213229251049,1,4bcc73936397f3aa47dbc6fc88b13bddaecad02d2b4d0a16469af9327d47b841,True
1,900,L31,10550691019921196347,1,2412b742ad371343768d29da88d58489e534b2ddc30601e597ff17bbb169e3be,True
1,900,L23,10132085731680055802,1,0fb48bb3571a76ba4de5bff53eed63a6e745a998df0a9b1194e8af4be9c351f6,True
1,900,L32,17074362483821180925,1,46d71b71229fe74f54ccd6b32d0d27487974a414a0473a3d8521f222fecb13db,True
1,901,L12,4650465335744296295,1,d90cd950686b70c40cbf54eb9bbdd8ab6e9a68c0cda09908ba6f3e46afbcb22f,True
1,901,L21,3692429769447863420,1,c8798f9567a1fb40ee9754e5274d583abac33aec0c110b36b9c41fb7e2787bf9,True
1,901,L13,3403655165967828462,1,c311fad48d5f566dbbf7f79456a594f28a629a9dffb378a33d82d207c95c96cd,True
1,901,L31,12633452729805081998,1,cd16cfcf23020b901955dcd986370c45531dd0f9410dd1ae0fd59bb6712ed1db,True
1,901,L23,10845676935948758037,1,447f830e64aa6a11bcd701907a0c2a20f6fc29bff435459db56208276818db44,True
1,901,L32,3901523449149500885,1,b41759f7aa02a22aba380c2246efe48f77c9d36242f1aab5d3c26e48a8d11de9,True
1,902,L12,11425602324887125006,1,54439428623c35af49d933fb4346b4431aa49c0530c1469a54ab08cc115400a9,True
1,902,L21,7399801228092426538,1,803b0cc3531a2ac9ec17a3cc089e948aa2bf9f13ab3641150f93f3f1abd901df,True
1,902,L13,4932505450097996431,1,c56f9b36309fa95aa82547c4f09f74300800e0e8c8e362aeb74a6a7812bc2f2b,True
1,902,L31,13704642464660016495,1,a6e04dfcffe59ed1ef30af7b6ca35012acd8e4d533c55948bee9f3faba2af7f7,True
1,902,L23,1148226928921079686,1,8b50ae99809ccb8afb562557c4bf6e729b013f232f0bf3de6f410beaa07bec3b,True
1,902,L32,3271306588037852723,1,4120e0fc6727add0887fc5c75e5b977a23a38ca63067eeb12b1d4e98646dddf4,True
1,903,L12,10627542712380567375,1,949db18d565f785b3ed84d805dfa686dabeae178118365b14915ec8b72fe3bf8,True
1,903,L21,8700420391832643154,1,9406723f8031035bd5c78ceeee55886f89d4017cb3ce0ca7b3b4caa0a4a342d5,True
1,903,L13,17700069790463646355,1,be9e32c20b9bf630c11e52a5d6aa76196785c4513cdef6ce9d974106fc98bd75,True
1,903,L31,9224419768937838079,1,fa5c2357084eb991891a42f0c56bafb98454695d384dddfa276ab1b0423a44e3,True
1,903,L23,14806640976546059088,1,ca0a1f74e7f87dac31804b009d31853e992f9d337377f650ee0cf01ba94a6f96,True
1,903,L32,12437702422142587401,1,0d6d6ac95b2821f97f0b4e8269e3174f9078c3cad7bf1cba14c7a309ca625082,True
1,904,L12,7010887182109627070,1,74c79c1368885a30f901a992a2f6aede70548fa720b13f104e965659692be7c2,True
1,904,L21,11913240188060458987,1,f157b1bd0bfc73ddcc3c6c9e946b280a290b0023f0e95da5ffec30144c11b70e,True
1,904,L13,14226434605755318672,1,f5e8b7841fbd4ca29ddbd519cd04dbbd0cd63f2e86795e44ca3396efa2b8bd60,True
1,904,L31,6450549696313424577,1,b1e4aea4543382ea78d8b2bd55f8664c27c235d56a62d78e2736e2955294b4c4,True
1,904,L23,17411428370345614137,1,b537246108109e810a2c81fea8968d369d7ea6eff0a895b13177f26d7b575706,True
1,904,L32,4505585544292347647,1,b725777c49a09e128de02a88ecf200fe0ee84f423dc45d75ea314643cba78bc0,True
1,905,L12,2428290136661977189,1,0bb2bf3149488fdc633d026461b3968a65d8f0579e3061f82118a9a10bf5891b,True
1,905,L21,12271707164948883861,1,ea19e1560c68fc569ba9cffe527322cad429d215b4ed765cd4c1cc9fb0601625,True
1,905,L13,6866637569424186317,1,7743c70a43e0261b3fbfe6033a24ed996f1ce428c138b72d28cf296539c87d63,True
1,905,L31,17037136462328393427,1,438a361814e6efed1281ebf84d805a824964b68d780bbe842e96e15cdafb5875,True
1,905,L23,100744673540853675,1,e7602477b3b808ce6ed62f215c33b22aaedbffc2223ab574b5156933a4f9d3e0,True
1,905,L32,17171403450683862069,1,e7546dc713d29a50d60bfa19f3baf746f8f24ac54ce16de332b5f91e5b0044a4,True
1,906,L12,9930745564667462401,1,a07ad487e254bd489fadd8e4c6283a7921c86b2f18f26d76049a3457aaedb97b,True
1,906,L21,5319571331083298441,1,16f7cfc395d65a239daa851340c2429c7ede15eb980e9d136979ee83ddb03c4e,True
1,906,L13,13132844988995374983,1,9cd3b8b40f174035c8a83b244fb8afc990d7da83d841c2478699d712d4f00d1e,True
1,906,L31,1653198144039410823,1,6e3b9608f885e065ef15a8ce43d58ecb1e0c21a9a634bcfe47e6eb7032118832,True
1,906,L23,6583858544190992047,1,80b857e2968765ba1d101a11da622397c09f071f9f9f9ab5a64c4e6971d1d082,True
1,906,L32,6324368406979210906,1,16f2212bd11f54e2d46898c9b773a543cae10d61407ffa43b076743f48ff68d8,True
1,907,L12,2721110846015032208,1,2949472536be53adf22c9612558c03fc243f46de3353e6bafaec1f8d2728b689,True
1,907,L21,17531202402518496445,1,05c802f9e8d0ed8c7fc524b5443b4cd79a7520cd176ba51da5e1ffc67262128c,True
1,907,L13,18145755268343183092,1,9fce8cc38c50a47a51e95cb356f4c9a8955947f5e0c71c51eaf1af74b4ddfc91,True
1,907,L31,12121592273226299707,1,d7e763618cd81d48706520f47ba1312dffc9b38104d7814c4121e7a60190e4ee,True
1,907,L23,12447070053783866361,1,50bfc883c4c04859c950ee40fa5a5a34654c8ab655279c442a7dee01d74973f0,True
1,907,L32,9277353473335443519,1,7c73e176d2fa2b320dc9c74e56d64da498c54729454d1bb8dff1e72a393fbfe0,True
1,908,L12,11976749480275054399,1,1db13193bea80aa1de117dd4a0c8e5f6a006a15e72ac88308778a0101b033cea,True
1,908,L21,132967360218478625,1,76ec8d24b4e827a41279382e536da580d9a3a600578409c63bb3ab060ef19a1e,True
1,908,L13,2088725591431673810,1,bfa6ea347ebd3f87e831a56414bcf5fe40031bfb12647baf8e85c44c15d0b8f2,True
1,908,L31,2274274559316774548,1,4875b755e320ad2a638ed77936a89a6a9082684d0d37cf603c9767adf347a9ec,True
1,908,L23,2115451313759226582,1,6590a68419792951823adcb9bbbccefa9ff44f2649130c860a69708eb540da78,True
1,908,L32,15856135215188383277,1,688684eee790a1a463df3152b3932ffcbc140c662bf87e6e3142c14d0bf37bbd,True
1,909,L12,12091818532012531488,1,b1d92f9f4cc006ed9d168537f50878f9fe80f17aeb0adc0092614bd3920e8200,True
1,909,L21,12215237367096629225,1,2a625b5ed1a5a0dbc82bd5e530ea20889ea39e38a0dc8d4033f6805e4f49a70a,True
1,909,L13,17160960255908326805,1,7e798d3d9bce02c8f260e8078619d5e65b86dcde2477b58ec3c17b960aa2c6ee,True
1,909,L31,7206857434460835598,1,f1f3cfd3874a22216b6d1df1d332105a330fdd9005201752c5f717802498d76b,True
1,909,L23,6685976679728737650,1,126976d276495a3412c8dcffa9d445c8492cf995da95cef9209ba22f0d32cd53,True
1,909,L32,6131376397580078882,1,45eb47f55145e6ad47b5a542e01a6457c5132871bffbca342cf27407348fc37a,True
1,910,L12,17076471107911849017,1,9af06f8a28a12c9afb3e5eac9e5ff992238df3e0888437bdc355bebddbde7a03,True
1,910,L21,2278420248900517953,1,c1190f7a633cc67412fe57fbca36d3fe675d1af6d46e40015ed89df5a3e2d096,True
1,910,L13,1286209418084258702,1,dd93b5254970c54ab4a5f2b46a0c9df1f9424f2f41e7b3a53dcc86355e9a5b20,True
1,910,L31,15785443639558505713,1,a12b086d41b283cd7d34d37a55ebb3ed5f4bb5616e946ca75214f33c4392c737,True
1,910,L23,7029720576115660697,1,64e85f6f6b21acf73c6c1fa7a6c1525be3a5da97f5de31c5388ddf5b4fc4baeb,True
1,910,L32,15579464680739007904,1,c651d698753dde06ebc7ccec8fe1b5e7579382b21a42fae3afa09f7295a4e3e3,True
1,911,L12,8282381998539750716,1,a07c7fddfe0f5985e4b2caa495973ec3278914be015a7acad33dced1ad0323eb,True
1,911,L21,14943673042652079752,1,815b7129fd4ffc6cb292c43b8ed4857e0b81d5d25a4fc29bb5d44b02989397f2,True
1,911,L13,11399460241275523027,1,a3c90802005a22b670c080be9000bfbee995e4576c38cacae1aeaf9031ac2639,True
1,911,L31,7883798065066053251,1,6fb6ad3279c9b43f4639ca1e0533ba34da49cb7494e8d53f72df6c4eabc7f017,True
1,911,L23,12957221681752477841,1,4acf04296ea860942d5959df3ce1fade22f0294c328cc5c8dbead0bed4df76a3,True
1,911,L32,2343134366015093296,1,cef98b6fd6ab724a0e312a19f8ab630f6a4fdea9ff0eecc129550465dd44258a,True
1,912,L12,15314625589703603765,1,18585cae43f637e9d913b28fa6de209079b1e3a705e081f58c7492514b93b6a0,True
1,912,L21,2557292279292149417,1,6ba5d76dfa2537d91cee7958083cc61a6b4222b3ab0951c716fd84ddc020bae4,True
1,912,L13,3471771227609101587,1,b0b5cec13ad68548a7557f7fea755023459cb4653b7e22e9c0cf472e8d9de36e,True
1,912,L31,14688217086716516550,1,a68a9f0773ca30875c82b72d3197fed72a0213048ca2b62120c6db1ea436fe9b,True
1,912,L23,7719348366219908826,1,26588f282fe6199bb0ba8cff6a01c5751f77bcb3e10308d21549539f246181bb,True
1,912,L32,8065547933889844853,1,9a1f4d1f4dda7d38e44ed928b1497a2ac81cd48ce8d953c3c2f4a5228837dd9c,True
1,913,L12,16469412498844176137,1,08aa84bf88d8ec111333f189c09b43b59fd9a94abd160d2e629f776d6cfc5899,True
1,913,L21,16641305165592324655,1,c8cf2944daf6add83ba4aa7967d84fb541754bb2ed76de23fc877f1ee54baa89,True
1,913,L13,10452446591762514862,1,87ac0f5df804772ce1a5e6553d32663edb57738163f9fa056a2e137058982663,True
1,913,L31,9279945854593784893,1,ba60b4b870226312bea2b7af07126ef5792661351910b3744f9820559061547c,True
1,913,L23,6718962523927645827,1,fd72dbdb2547bd40b632906b7af2ed484814aa40a7095b8ab6d7a06e8f74262b,True
1,913,L32,6594393876053099852,1,4d00b78be3f32f069e0209a058ad84bfce78306e26cde0a4ffca20ed71c64e49,True
1,914,L12,9053610102345357174,1,90da96bd4d6761d51af0657b77d6f7bb23f66d1833aae8f5404c3253ff686957,True
1,914,L21,17115924023947211844,1,145d530b4a751dfc34ea1405f262042b68975db1243b59467e93bcafd5aab3cb,True
1,914,L13,17854234555305165696,1,ad37c5a1134e613d5967e9911ef2ee5ca9caf70617d6f69d295d23b9e7112783,True
1,914,L31,16937321334753079594,1,16687dee1c81d54c6cc93dc3453dc42d0091756b59cb6df8315d750c9535c116,True
1,914,L23,8476589877555813279,1,5ede50b1ff1032fa34ad76556060a969e25bec6af695347c63a0ce23d4dd2486,True
1,914,L32,13649440523690732014,1,5ee27deb2dca8beecef2bc255dbb76a38217f3734474086fb75ac6a3c196553b,True
1,915,L12,7269182376872021915,1,d8d8ba30909822fd71d29db9b0ea2dd667665301d766de52b66463fa10ae0e26,True
1,915,L21,10126702061361631187,1,7bbbab521ed5299ee2513864f6634f3e7f0c894ff9d36e0191888ba40605756a,True
1,915,L13,7653185973462781653,1,c9f90cf39de43bbcf8a0e45ffe951a8e0c3806c8fe21b9074422e00d5d3a8e36,True
1,915,L31,11732141661680113034,1,b301e2f9dfc475ac5aa3d8b2f4f02809713df622fa07909673a31c5b56ca7f6f,True
1,915,L23,13687789442829780863,1,d61c7750a70661ac8da4340f1e9eb2971e79ecce2455073a93e00f1beb633161,True
1,915,L32,6751601076607064115,1,78cabc929ac58f605eb26fc86bb6b86cd0586d3fc0e95245ddd3440006bbc41a,True
1,916,L12,6181812451016588708,1,6ac12a3aa29c700031544ce2763437f82219ca2b7d573933cc3d1414fd35b92f,True
1,916,L21,3723516566505674089,1,c8b17cd7c16ab6342ed3a2a1c4406714e8b80cfa8f5a69f3b15ebed9197895ec,True
1,916,L13,16389564257149505623,1,c81d9432a307cfbe64028d8cd4361831c6d8ecf1b63bec419db8fb8d50bbf427,True
1,916,L31,8605148237547826404,1,bccb9d842d0f60bef5c4b0b9e85ce20d469a7322a40ab137ccfee30431533d58,True
1,916,L23,4455162973514017629,1,6eb86421c28384ab5b453c5500d50023992877270b87efffed33bff1c42b35e6,True
1,916,L32,13687964221020126338,1,dcda51cca356eae02bf96ffb4b8a07896a10364ecc3e54f5c51d55286c5b1417,True
1,917,L12,9401453375880458663,1,537761b432dda2bf865c7ef857813ffc3a3fcbce06d6ea99ea9e96fce5707fd1,True
1,917,L21,14007921482900970669,1,7d4b6f0f938e7ebd4bcc10aa2297a4dff7c4adb5c1c3c7e0c7edfd5c60a66cd0,True
1,917,L13,10663022874940320075,1,1163d4035eead678f1106f2af112b7da0e281f32a01d480ab7158aafcd86c8f8,True
1,917,L31,17969955770328716407,1,aba5dc5c0ed94d31c6194dfd1d475452be246be2640f7a6550f7f2e95a56207d,True
1,917,L23,6982948027803213849,1,717d81a845cef8c1899bcc562a9ee7163887fb18d54e05d35b751912f0daa3d2,True
1,917,L32,2253051625925586735,1,4e781c368c77800b2a5c2e8089900b831385931baf5ad3020d77a6727571cace,True
1,918,L12,2211451280947537730,1,e8acc5b1bd37779c8ac973591f90b4089c0ba70733106dc48b58736a656a42a0,True
1,918,L21,10933653581896905594,1,089197de60d12646635bd4476a59db60a9bb8e21fd02821a343c72657ba60da8,True
1,918,L13,17776365151265394956,1,b1d9df28ae6dbcc2e6805f9330fcdaa3cde41c9c4ac17fd7d2c8157b67f1d0b9,True
1,918,L31,10345296665365989430,1,43061dd6565927629dc2dc5532d34765168e934deab27b8d79f7250c30c6261a,True
1,918,L23,12445757808540697170,1,905092b9348f43b12f9434f169d7fe126a957d5413417181558b85f4c1f65aae,True
1,918,L32,6900809839953229472,1,c238d9318515f872a2870e808647b17d83496cb87c5659802a912d03e171f5ae,True
1,919,L12,6236916514243646757,1,f32784c9ef07454d0894ba05e72d256b58387e20aec469e7ff36e2a2b56a0464,True
1,919,L21,8144587357315684614,1,88654390e7f58c96b7b082e06aa5f5dd6a0c81247552594b5466724dcaa2a19b,True
1,919,L13,5160137710902292939,1,888c25869ba63b1874cad010a44e16b2510318c7306483e462fef7b48d9f9a83,True
1,919,L31,2315397132796876736,1,51e8a4c64ac7caed2e0ddb120f82041c12e3b8db257025d7bff688800b4b186b,True
1,919,L23,11892070061217485503,1,9cdea6bff6cac16110f7732c6ac397c1a3dc85dafbf8cb74a4687c554fd20b54,True
1,919,L32,7235157832917006800,1,9c270e2e960120a05954be8f482a4e30e33f1d8179b5cacf6f81c77a7b225cc6,True
1,920,L12,2505599018531636005,1,a7b7134b8afc30c08eb6822770ceb27858c8badc364f0b3d3d4985db7498ec26,True
1,920,L21,10878617775201832664,1,554ecee07b007603dbd6efbdd2c7aea947ed168e43561b7a26547186311db5e7,True
1,920,L13,14063698079483113095,1,b717fd0e36278e7f50c479138c0b9b259f8559af780a2d679ba2d792ee546574,True
1,920,L31,4045789925907246493,1,45afdd99e9c7fe78d4d7c1fbb83bfe44332c1827459bfcbe9907bb838fe17859,True
1,920,L23,15662123546680441949,1,b4c6fb124659280e29bf1be4b783673922a65d00fb0c7735ae46e497f7fa8eeb,True
1,920,L32,15540068710120070630,1,2ac97dbe1eda9ae3c9b9f1ce4bf3aba58ce64452661ab636f553e1abb8f35fe8,True
1,921,L12,14639723915607512668,1,fb7ca3dbde018b4fef83c7470a09363bf23b8aed9c05c9d783ecf61bf081330a,True
1,921,L21,17848394813225779577,1,3d7151aae106e211c374937340f7570948bdeea306112038fa44243c6105dcb1,True
1,921,L13,17621841746685966269,1,662a593323a0cce7bdd3edb0eae5c56991761a662ce53cc0162b96e72f42c550,True
1,921,L31,15672243619426756605,1,a4429351ce5326ccb9906e0ec16e59367e04116b2e74bac431cbab0df5621e3e,True
1,921,L23,12300843937346358039,1,b3a38666e97118b2a60bc183a2c478c8699fce2a6eb664dc79b187899973cf6f,True
1,921,L32,16428715997554892587,1,18bfbaa8be0e422cfe6edd557e5e5d52e4d25d36c38605fa35e54907920b7f9f,True
1,922,L12,7107104036222832158,1,3e0017d970ba3631e93740a52a813c32abab1431859bff843f9fda0cf3017b99,True
1,922,L21,11428489684158082174,1,fcec2f92700024d08229f7a905759b0e177c9e2d0bf688e62c702c374ed49050,True
1,922,L13,4019928611484976524,1,95945f0c618ab7906e532666c01bc950e23b5ac531b1ccbe7e95606b920aed7b,True
1,922,L31,8557460904530211560,1,484c469996f941c61cd46e24c80c0983905906b89402315414c00f02f9a735e5,True
1,922,L23,7709157251150245430,1,cea8370f4622a0755682062ee6d55bb073e8e681cd23068482997ddb92f2e4bb,True
1,922,L32,16873317658997582832,1,4faed3ce8a1560d5bf341ed7115ff4883e7ee5f5712c4a3edd1e62069b1bc8e7,True
1,923,L12,7658563709940811745,1,3af0adbb8e565b3ec0484d5affcadbea53093d58deec6573fbf553ea049a9b68,True
1,923,L21,4526632115377162339,1,0a6fa2987dd19ca198887ec2f7c268bc62997ffb9d5e48629056df82668ebdd8,True
1,923,L13,5080336002402795307,1,6ce134b55824c5aefa736384b2ea0d4eabb6a745b86446c78e113542f1b2baa6,True
1,923,L31,11176620435607001534,1,c5ab55b37b65fcfc89dff89788af9ad09fcab59679f1a05cec4d67df26556142,True
1,923,L23,6743057835653676370,1,1289fdfd2a20887d9c1a938ebb0b630ddd6d3ccf5325c4176b46e97432f7d9e5,True
1,923,L32,4591164028003561180,1,151aeeab7031ead10196a3eefb6468857a50c581dc546785458446db41fc4a48,True
1,924,L12,9876155699519757141,1,9d7e0dfc81f2a817a20f81c02c0ffa2497183337a3d66c8a59bdcf1dfeac6f91,True
1,924,L21,2076989252241024760,1,8aaf791e433ccf7c16581bfecfd86aa13ab5e1fe4ade478d69ef7dde414019e0,True
1,924,L13,3812132917640543616,1,a0812f19ce7517665823f34c4a157e8b35001a33fd6462b69fe3364de82b93ad,True
1,924,L31,9921041231350837535,1,6299045d44ce81e401ff02b31766ef195bf79905ef352e1889d168442517c330,True
1,924,L23,7231231072181696450,1,fe62e7a8d00727d6d73416ccaea5f1308625ea339def86d3fcc74c39011caa9c,True
1,924,L32,8055391791082228372,1,0436a58ff683b6485e325ad1bccc7b320984a1da4dfde7ad29af1fa82759f89f,True
1,925,L12,18311714231473789359,1,3e32750fd0dc08a11d832b514eb6dcfd0336222b27fc1124c39d86efa1858da6,True
1,925,L21,2870405234585046576,1,0f3d746f88224cc51f82ae0b81025bfb89b76080151af003f2214c12f962d7b7,True
1,925,L13,7226155294079612546,1,6d7558f70889980d3e1f75d2cb8546e4f99a571014fcac952fd73def76a6e522,True
1,925,L31,2419642516897408321,1,586b8914b77a9394252cb405d4f2dd0be4f88a20f6d33f9c42832e0f37f0c9a7,True
1,925,L23,5450228236512161439,1,ef04fd0b85def235033b7120d90d8d60bf76a60e688f0b49f916ac038b841ad6,True
1,925,L32,10326329448903999892,1,8af1747c975efbe617dc8ef3e9eb45e1b643f3336daeeae06d9f7c45547b5405,True
1,926,L12,10850201250856421288,1,5e245ab46d18e07d7596bfcd812bca5147202e9a1bf0cd5c2070a12c9996f172,True
1,926,L21,9067664894025590985,1,19ec6215defd5ff91cc1ffc0d95f5997f33be0555b57f3eb5767ff85f18d92bb,True
1,926,L13,14540825180578466789,1,b5986498f8615c23fb2c358bba42308758e9041011c7a40f32e73351b2ba24a5,True
1,926,L31,16674819984852640920,1,cd32ef290f962de31ac0bc3b631fee118c98fc1f99eb33695dabcef930fcd975,True
1,926,L23,577452154882904550,1,0c360557af9f6245feb30abbff0d97a88c4f566eb7c3567401c3cbec8ee63a87,True
1,926,L32,5024267310531651301,1,4dc8ec1a7cda15c942bb429d9fb76badd4902c10f9b85d905330f2f09332cec6,True
1,927,L12,5991884669137146805,1,ce24211350da8fa439626fba41b35d7368d3cc53e7f4622cebb5dbe349a0c5b5,True
1,927,L21,164449356969387440,1,4a7d1f7505e0513bdb3964bd2bbed8e99c332359247bbaa866ed932d75a44a17,True
1,927,L13,6178978267048967554,1,ce88e7599986ea6fb990539520b808539af0ceb8f9f3305802f78d7426cdf606,True
1,927,L31,8563722604127163240,1,a22ffa5c471be1bb1b7c00fbc5e80b24747529777eb5b6180f5a4f10bf5a1f16,True
1,927,L23,3823865156766222645,1,e739a944773dff13fe7c47f148c2c20f8a998355cd29d4c8eaef4efac3f396b8,True
1,927,L32,15560813858281979335,1,307693f95871034060df28d881148be215af2820bec1641b6ea46a9e80bfbc35,True
1,928,L12,10629120499345515261,1,4814fe8e092e94c5c29589a177f748710b677c6b20de7abcd7e83958e8e0e93e,True
1,928,L21,14348832465213084989,1,885bceb499af24a71279ee6bff63802842542e2d8c0dfb87f61e5d391a1f2ee9,True
1,928,L13,832582394735351094,1,f66baf00d55a7e0346a92dbdf6f9a5666c0a0f4736e2fe0cfd454b3a4295b8fc,True
1,928,L31,3046461144381624028,1,f2f659aeccde2e8c2a5ac53e4f7487eb4b481b3c0aa341cd36c372587f63c5a4,True
1,928,L23,13826359121206299694,1,4e775dd1febb9ffb95b5b84e875134493b61eaf3f1f5e6e3687221230734e515,True
1,928,L32,6819242853148115652,1,0fbe5bc42a901ddac500d1b5d559a365bd54e6449a05f51b45a930ca0cd0781d,True
1,929,L12,15403157206776819932,1,788ff78305b0bdd74f375c89410bcc1a9181c9c3a4065f1fc30bf1123fb60dd9,True
1,929,L21,15792502466126412705,1,d13b367bc9b18b9bd45138bc5caf24cdc0a6b6de40e5ff27117f52cf6924664a,True
1,929,L13,3710321711660357395,1,a30be8c1d21da8948ab60b3f1131c41629e53cc650776ed9da30a403af85db77,True
1,929,L31,853786770411228256,1,0a5efc7e8295c3131d1ed7fcc3b34016951ccad0e20879c702d6a29a22477cdb,True
1,929,L23,10575394073865653314,1,86953e9943930823dd32e8b0c81a140a2cb86263185d37b79a8337e4477e66e3,True
1,929,L32,4691817638849519513,1,12a161417bf5e30fb5b19341033e172944d6b713f0c3f693456e1a086cf2f135,True
1,930,L12,10447330094153513661,1,0ea83b3c1bcd363b78beae1066e6aa92d2ad751b2e2263c035f13d97c6d480d2,True
1,930,L21,10817879318106567172,1,aecdfbc086ff8b4f59d9cfdefe5b3e4ccd973d4be9369db19700670de594eaaf,True
1,930,L13,2813233595472583875,1,4c413295ec1c86dd1e40f395f87e523253be547954e9b2cc0f4f4ece59f8cf38,True
1,930,L31,13530002902748224854,1,f71f91b80ccbfedc661f9f5fbe61d3c5f6bda815e42584550c95ae63e08fd5d4,True
1,930,L23,5772451026970387957,1,52ab71d81aad6ccc1b1d4a8fc1534ea06dea83cb8231795df4481ee98754584b,True
1,930,L32,8933600735376337896,1,b750606210380ac7d0e434e4aee2c857d4d3a530d190d3f048ab378a3d58b218,True
1,931,L12,12404942355986078679,1,e51084413e69e4ddaead14859e84a0004216fb51e66b7aa944b7c49570c478b1,True
1,931,L21,4167315835669072615,1,404a5fac3e80b0bdaf7fe67a50fcdfbef470f6ed5d98ab6d253a5e5028878e1d,True
1,931,L13,16420314317747251630,1,5ecf60ab86807d5207c8153b329dbcd8336f49aabab7a6972240fb08d06bad3d,True
1,931,L31,14946333993047181433,1,8c97de8edba1108ba4624acd7cbbea81f480ea09f3b903d4e066167a7465fd64,True
1,931,L23,15347212768305531666,1,0e74f3b528c9d32424519318dd9b6a6c390f9fec5c9df1babb86788f24bdbcbd,True
1,931,L32,18031767619631677740,1,433b0d2097f0fe06ad05de14a49fb02fa9ce209dc54c7220458eb1f195173f1c,True
1,932,L12,2492508494419309608,1,0bc77b94a7c2e2af597a87f23bb453837fb1cdc93319a3dba54bfd2879144901,True
1,932,L21,10709070237680331053,1,7a52a3bc0ec3ccb6852d8e734202b18fc2ce79580e838627e2f702d270ac6656,True
1,932,L13,7984523997326423285,1,7e92d015a003572cd291788a1763f8dff7fcbc88c1e99183c2eaf7a2ca1e1146,True
1,932,L31,217914946044867965,1,99b67b56d40f38139193b11e044a7e550ee9fc9ab14b6746ab41f9e1da037598,True
1,932,L23,1956872260843388452,1,df5596fb663ec207b1481d40e91e912a9df6058a916390cbb6b8812fc5f00703,True
1,932,L32,12073821885819756262,1,43121b97314d41449300b8ac35c9e4f89ad56c5f968c3efef286c69f5bfc631e,True
1,933,L12,16850101598569158671,1,8e0446627732626d53ab40979dbe722c6f56f842e528c40a1aba407d3abb03ca,True
1,933,L21,560132408903678191,1,2c9b28f135e6b09943295824c0022edf7afd5c0c06493fc64f343746d822f1b9,True
1,933,L13,2436904733567717567,1,34fdfd367596bbc35fd928895dfd377df99f0182109f8b5fbf81eb415305e064,True
1,933,L31,11040585452135451832,1,2792304d9ebd465b3d94d919b815edffe5f843e424a8df9fd1e37edfb7c0cee8,True
1,933,L23,10961803309209850069,1,758d283398f6d40e81e8f2c633a32a0c983d42b6ccbca379498b17b046119598,True
1,933,L32,1205258178548515401,1,0feed0edd237a571a324e43fed442f823e4bf86fedfc3dce41bf926debd84e97,True
1,934,L12,5348750672701490118,1,826f655b3135935f2609752e7f89ac574f5c67db97a5188a7a10ee019a3a04d3,True
1,934,L21,16478683678312344997,1,77ff30ec55ac757af9fbbc3dd7d728b7e401cf83763eb28d1630ddf82f0fa939,True
1,934,L13,8765736634166432354,1,c3d115020a6189d3eca8075d43fb6351bb8f7ae1a89cc42fda7404f062e3a060,True
1,934,L31,9651172673000887996,1,8f090a9827e1270b20849619310f931591f8c4cf3ae9d7b70153481937f1c53f,True
1,934,L23,12775044134716356207,1,3f842fce2da491f2e11e1e887b9af5fbe658d9959c6e335acd04c7a461e22d85,True
1,934,L32,9593952284530545743,1,a7d67f5e91c28b87e13f7bf6df47c013bee707baec5a5b729d615c743cb12eda,True
1,935,L12,3564539207431478417,1,fc15f13922b0ffd1bd9d5a77a47da6d34e9e0cca45dce829150b8753e9490e31,True
1,935,L21,5202627802172353406,1,670bc9809be7c963d68385566ae52386e144668a8016f6a9b42a4cdb460fc580,True
1,935,L13,11858947357825776249,1,3cbadaaa1d51e92aa6417c599d4423ad0403a5278392a328f6bf09a866d01110,True
1,935,L31,9886584476808806834,1,d82a0ac14d9a1a2268b997e85764a1c53b2e5aa7c3e087b69b40570ca5994673,True
1,935,L23,12552735029834952057,1,6d51ae4fc1f24c098af8b93d7727b3d2deb4753ad51fbb80cb556e3a70a9f051,True
1,935,L32,456064590014672189,1,61dec8d6a619b386d2c58d3d7748cb403a12c9a94e043f7d7fe9ff49fbc42ee0,True
1,936,L12,13680579532123292668,1,1d938a6cf6df9b3a2020d871142e0a8cab7de233f17dc7f51a1e6232119a4b8e,True
1,936,L21,12796764992914579499,1,d332627e3099d4f5f4bc2b78453636c233a8e77e66e14c12016d49eab20f6db1,True
1,936,L13,6072552475741790253,1,871f02acfa7f789eecc2e838d1012dd859e67ae4ecf9d5c6026e0128f6f56f8a,True
1,936,L31,12540539863370706259,1,0c92a1979d5a6e006818a5472f22de8e1c012c77c0579cb6b31d34bf06f3e4f3,True
1,936,L23,15615863542171953550,1,f3d0a7fa2733310824a483524bbe28e10f54615b9b50d98ffca5b2f246cb30f9,True
1,936,L32,14544170361694358878,1,62f6c2f809af45566145dabfd6f116f8e286121f3324dd4c1b349c567900149b,True
1,937,L12,8222619387447369942,1,65af875964934f51f089c57c83829a29465a389fcc8681ebc88a86ca9eaefd95,True
1,937,L21,13936395206316500329,1,b597ebf746439ce7857c415e295af21eaa55c9b3dce7389fd62a2e7677fc5fad,True
1,937,L13,14531319191912380681,1,32e437b743c879ff882da2058a87891339cdad7076d63b45dc6e2a84d25e5172,True
1,937,L31,7426069936631914106,1,0e77b4dabbb7809f4f14020206e6436d903cdbadf39b933404d50e61b0072f25,True
1,937,L23,13791944826193370793,1,15440996f7b4afde6c36d8aa75fae7c599f6aaafd5b270739761b797626ec153,True
1,937,L32,17142340855423169259,1,a98821ee09f6c5cfc39d4662549d68707e65ce8913c5a632dbcff09a97fe674d,True
1,938,L12,3127916746313649891,1,81044af492e2cf87abe8b5af129b89e224cf9ddf470eb0ac4455a13afc5032b0,True
1,938,L21,5588375407639942030,1,2f4bedda9811f075877d1af0615ef4edfef35439932bda0e87569dfb804d6375,True
1,938,L13,5715304135269167236,1,7e10d72917c9b5be4a9543a7792141820dd2c62c8c339ac0eda7faeb7d5118f1,True
1,938,L31,9845806113832061270,1,3cf4318f6c2c03dcd1460c7cacab3869f0396dd7d4cac80308702445a081569e,True
1,938,L23,9455600118350899085,1,eecb03d94a617927b01308825f35a046e99e4725ca8a6fe9498e62845486edd0,True
1,938,L32,7018932181378116970,1,df0bdaf53bca4e149b28455d5a2145fd3d97ffaa5fc91a7bdcdee6435779f254,True
1,939,L12,15480764342867818757,1,385313a9ae67504f62e589d54d79a3d90880c91afe2dde854ca62d7b69d8b16f,True
1,939,L21,17185011904628529305,1,e25d894aedfd8dde8687e737d99b3a45d355036322b2c8b035eb2a435961152e,True
1,939,L13,11053177356807538546,1,790c1451ec03043194f2d5b7de232dd2c036c5fb284c6dab575a30cc1c54c489,True
1,939,L31,14057217584353923432,1,94ef5ec67705710d722706e48f1c4fe25584f2610f1df99a8797a58fbb3e9e3d,True
1,939,L23,1175696285292889221,1,701b486e86397586a91e94d1b99728259d51af9344fa39ceace467e3d4ebc40b,True
1,939,L32,7939708611023504131,1,932c8d786230066aac0b640ad8d1196daf02fc7f4228cc86500d814c78e3698d,True
1,940,L12,10906967500591125092,1,0ca0f85db282eb1848b95278486eb117f8779e829b4203a0bdaad25fb67dd8fe,True
1,940,L21,3476509324716431234,1,deb66e45569e80862fe4c1dcf61abab60eeb40966223fc1d378cbbdc82d09fc0,True
1,940,L13,14136614221206526712,1,c89c93a3aee10cd9bd3cd6fbc50cbcb50a09fee3bae4f8764a2d598f457a4a74,True
1,940,L31,9983281974813402214,1,0e12fef53fff2ee98df33512c860995c004bb163e011898afc863af4ec342a19,True
1,940,L23,923084928905530475,1,f2cd56e7119c78cff4d43ffff92f067ccede53e0c16483fac7eb463e63ed1cc8,True
1,940,L32,4359517384042910839,1,a4e729d50ec670139e8b1edfa1499cb16c74ec79fc789442843d502e6c4c39c0,True
1,941,L12,10000398511331302093,1,7327026878c6e5b3b7dfe269e04a410a2e5ca07b9c69b8e4f5c49ec30c5bd322,True
1,941,L21,14070128966398739088,1,f5cf26d8b0cd283c19b5b3bd167998bcbb5a604aa03c22eb09b711d80d6ac8d4,True
1,941,L13,11751973675368476539,1,488fcfcd9f3a4db8e949d0c03ef2015e4730e9f5e74116210446f2bd3b82b16c,True
1,941,L31,10623630183763671223,1,a2245d6fb75c9903d0b94a6cf5bc980492f20d6bf5811e5939ffe0a39d71c7c7,True
1,941,L23,5535851433747494546,1,866ef255d3a08b8407508ed4fc7e618f56996750d1688f6482d2e49b847742d5,True
1,941,L32,17357226693548579831,1,58515ea731f697df56e7b4028d974fbb2439c803544bc056ae938cfe9db585fc,True
1,942,L12,4995402256517734881,1,789b3e2ed0dd221c94c1f907a34996ea423c341d12cdfef1e7f3e391f74b75d0,True
1,942,L21,12610929216046423421,1,df5313c101e80ef92c16a536fb87c36fda8ff43c982e77f1d853340f5aeab4b8,True
1,942,L13,5237345242341209399,1,f93dd035858b8e38eac30ce83fe7baed901b0b9346a2eb8864a529ea164927d8,True
1,942,L31,11485270741893438985,1,04c8e55239b1735be2744c68bcfe115daa8933d75ca579ade2dc58d4126ffdd3,True
1,942,L23,5213031257353732968,1,0c00ed0cbeef1e8fe4a9b757aa9ea8251cb28ee0ef9e84e0c5ed458a4ff68860,True
1,942,L32,13315816958437797115,1,525ac447c6c022e7b294ead721cd4c661e27de700b1fd47c021830a7dd25061a,True
1,943,L12,9542557940329504610,1,03380da2c0d43e4579fb7ac4f044917759632b7f0932a31b9d3307762574b904,True
1,943,L21,7104820945296408338,1,6c028077d46f4de8096913ae6e0fbb2f12bcc09514e080e8b7c6a9ac5ac0b362,True
1,943,L13,15100750139433183718,1,0c6a7cce1480c541b10c747acb5a31ce9092674c215813a4e1f1df5489f9411e,True
1,943,L31,16048169848010723550,1,c6cf033cb7c1f7afcdc4dd3ff0a3687c667849be5108db1fbad3e96140800cbd,True
1,943,L23,11291626050902416598,1,51d0706b465d518694649c393e146eee74ce533c46d2fa6e50f3c6218f81a5d6,True
1,943,L32,11795692201402042043,1,98c8a33b6f41b927d954a532bb69d53e97fc0dc523994e5aee8ea12e1f74ad82,True
1,944,L12,8383780219493901560,1,87d752f1aa7560bb5de1de871fbdc169e224e817ca491966c3b3a0cd227937e5,True
1,944,L21,3605723881776376648,1,210f67057540f42632a3d4e31f95e29e3c7a48e5ad61106db4987c33518a6109,True
1,944,L13,5891561297549545711,1,24567f1ecc640d28854ad0c38d58fe8187365e1c4fdc776d199d66879ad5a8d8,True
1,944,L31,9145891285808262518,1,9f213ede06f0e147fa28735b53db5e473ad59aecb226164327524bc6b7455223,True
1,944,L23,13641747416989250288,1,f78d90348fa1dad97acbd616d2c57dc65baecda5cba4c53f992e53426b1d802b,True
1,944,L32,1837937421081281134,1,8c1bd03089aa39a181776a0eedd0aca6e629cf960764ee074b0be9face1f148e,True
1,945,L12,6311453768973599616,1,363613c8b65d49757d3224746d7fe09eca08ee151d312d6df52581f4d4ecc26c,True
1,945,L21,6920547487434506746,1,9ce8c47e6882ab08690b33049aa510f6f18ac9653b16204ea680cadd5ed9ca0d,True
1,945,L13,7013064947224883365,1,c14b8b32ef583971d892a9b63f06d4c9c1d84207df03b71cf566d0f09a6d533a,True
1,945,L31,1100524813277686784,1,5e93172bca07b0cbe00f0731e65df2203ff5cd1912efae8a65126cbc11ce77b4,True
1,945,L23,9590077576317845447,1,52b0d66cb19a1557d4b74e4e1336a6db4c2f1581375e31836f7a880447ee4ec4,True
1,945,L32,13157184482633763921,1,aaf1d7e5701c1fcad22bff408ce37b9483a5ea225881beef9197d6df59e1d3f8,True
1,946,L12,467147824238031633,1,338b1912a72a04e0994ec47ba4d775c26c470b8a6fb636c5bdc66b461d8a4ea1,True
1,946,L21,14642132036659100119,1,87c050e54918021a71aab04366595ce935ec10e1c5149ec4a716308181743343,True
1,946,L13,15037185061604196686,1,cdf1ab9d65990e4940c42d0c039469abc3a8bbc457b396922d7fe5355556449f,True
1,946,L31,11163587587182092192,1,650b1f0503a68270414de5ce13d7e3b95ab8b65491dea56d1e81a615096cd33c,True
1,946,L23,13040435545261670635,1,084e38bb5dec68f51710ad4b6bea4808ecb522105119dab6f22b38fc5af41778,True
1,946,L32,15007031977913646350,1,d7164f6ea35f55f52393597e0f96938019479f8756fa0205c338d9fff52ecd85,True
1,947,L12,7299674001044352472,1,b7804ad1388349ebc68c75bd4c60384768143bf0aacb3f2428915e6af20f7d59,True
1,947,L21,3970382260489420794,1,da81866fe777ed0a0eaaad1f48cc800f650c63a104de3e964df2ebf88bb2bcd9,True
1,947,L13,8425162556145026151,1,d766c65967784b1041f3511c8298e3b15058dfc90648f649812abcc657d8d06a,True
1,947,L31,15434949528598499103,1,d4a0d41c4d632811a93518404c99ba5aa24aa2f5e1867a5f485a92b36619901e,True
1,947,L23,13604880172569425821,1,0a50eca77e51236957c7c634cdbc165716669b5dd6698a73dda189086be5c5b1,True
1,947,L32,3734465223958681367,1,73869ed074cecab3a22d31b731ff049ca31db1e008334b361c88bf741b76f906,True
1,948,L12,11362235139469078299,1,1be6b7cfba66d838ef2bce2dfff480a0c73ad4d04517a25b98c785a86dec14aa,True
1,948,L21,1569326655682705691,1,023f860ddacb3c1ed7047c36fb19bcaf10cf6eec01debc82f2583bb9415b0801,True
1,948,L13,10371731114767894888,1,3391aa64927f1acd6a1e916a598d37fdef4263aa12a4ff491084a104c680057d,True
1,948,L31,13893761502279752781,1,62195b1d079a47d25201a2ac443ebbe067bfa5b127a0460d89144d6809a6fcdf,True
1,948,L23,5991175215872076443,1,9ff29c5d184b4a9cf814aa09084a810f4dac66fe0e2ee3019073a65cfc9537a1,True
1,948,L32,1380855747876729758,1,6b364eae2ed76279bf61d1799b13535b5dab4a73dc7b760a21ebb0fe3fa1e077,True
1,949,L12,9149529460724700421,1,e0f75a233d04256bfcc1309090d6ffe2bfd4cbfe4252743bcd8f8c0a8791b386,True
1,949,L21,12376188180680907258,1,7da1083127ff5d8c305bdd8bc2b3e3379f341157700003ad17ace1356d436236,True
1,949,L13,16274608627984291481,1,b2c63f49d8aec5bf81669da8186c3ed7c207a18562542198726cb889c8dd0ac6,True
1,949,L31,15189400218986540946,1,289a3811551e49cc58fb6c30fd674546731ca178b9b7ae42717809a7d151188d,True
1,949,L23,12406047222462677044,1,c628cbb820843413dec615894d60b7a3848ba8c7e37b03147a67ec052ed81706,True
1,949,L32,15282465449098883958,1,24aea44e43fb3f9baf01dd209cb53c50b33689f50913808986aa44201cba72fd,True
1,950,L12,12115047033201103498,1,f5131b7fe43c9b9eef2e412295f8b7addf0851f6e4e6650b8c3c9aa17d9741df,True
1,950,L21,11692780489556595538,1,ff0f4bd7dd4295fa87e777fa788dacd19838d21c0d515dc83ac8af7e0adf78d0,True
1,950,L13,2074896462578164079,1,db87530dc504ab47c21ffbe652219a2ef37753b7759e3a0ce577e67e5f4411d9,True
1,950,L31,6406085197463131630,1,d585d22ed203f84ac227b96b410bcbec9d45ba7bf29601eb752cf5e8cebb766a,True
1,950,L23,9362263423390375760,1,ad5baef4fea1f912402058fdd08fec41e4e59b3fe0bea6687b0a1a03d0d03eb0,True
1,950,L32,2895054422388511345,1,f94826d829de69af1dd7c79ecd90be3eeefc52af8eaa6ce1dc090fd268718711,True
1,951,L12,16130735154049636272,1,83599fb13f026bfc5dacf4c0865b7398fac587d4e1d3618976328cf9b6a7a120,True
1,951,L21,11710134450631250743,1,b5f52767470b1d2a89c3475cff6c29fbd8c38a7beecf72ceefdb2e5d4058e90f,True
1,951,L13,16321729190839308639,1,261de61358350a36caf81e7f9cf63c66039dbd80df4289300aab5c6c43f8e29f,True
1,951,L31,8556361916169656550,1,832f103b9328ba9ad0ecf503a1112b103690c6c8daee0784165499e248bcca92,True
1,951,L23,16418372498614576219,1,f7e10c1fb100bd061ddf63f4c26be17b5cd62e43a371fee1452fd6a74da45d6b,True
1,951,L32,15579639626179056516,1,e9a4082b1cd2dc2e4b482c6a3bb496cf52186e7a38010afa9dd2648de45cac76,True
1,952,L12,6537155279183334883,1,5b59bb43dcbb3fdb2102f096347ed6c1c0409a2909c55cc33b6976220f260352,True
1,952,L21,3162077614441279959,1,6c955dc7e16efb7159ff0ec440eb063d7d066f6743422bcc879c8b09d2851368,True
1,952,L13,11046096200267602925,1,55894ff66e4f08e589fca10748500dc79cc867f24c930f63b37ffda21b882fff,True
1,952,L31,17516873433598304962,1,e168fe8428050197a72af771afef8c7ba9d6b8f3a8d9862e0cb95727ca0da325,True
1,952,L23,6779622805422802452,1,96f0c972891048365e9b5ce9b90404e88808aba7040a3fc12478bacbceed354c,True
1,952,L32,16960118401299271148,1,22383bad8b6986ec24eff66053a17610fa6c1d88ea85e830c75dab72405a68f9,True
1,953,L12,7510524686946590668,1,a9866cd45f9c76315baeb4b57fd6d930bdc178222d95176c0af8f0ae1afe372e,True
1,953,L21,4550969302166412947,1,9e376691de9bac815e650016daf69a4ebffcfb051f1986204be1fa6a6bd16af4,True
1,953,L13,1952795394640962157,1,bcc7304c7e93a038289350d79ed2d0cb0f70d47769b2b1371493f1567b01d06e,True
1,953,L31,9023640792528847944,1,ab8bed9a7804fe1cf70a790188e0f6b430e8f794d157e0f7574018f10d7569b8,True
1,953,L23,14921718864066927734,1,933c432df7b76940210a37ed0f03c404da6ebd29bc079d43359b61693004b517,True
1,953,L32,14888550197462536460,1,06d7a9ee04683599f83e8f3ec3ac1f871957780739d180b492158ee63a99d9db,True
1,954,L12,14784760124956160118,1,d35b258570713c7ac65bbb949c0455c63492ee7e429de6bf9641bc2d5c41f734,True
1,954,L21,9793590995212790230,1,2d69c831c7260dff0a15b15e702ad529f2446d9f53efd08349a0badc6fc1bd75,True
1,954,L13,11139875557207852795,1,38d220bda3337abfb538ce14c8d5bfbad7f8924cee7746b33768868585e78e44,True
1,954,L31,12146885819051082095,1,16d7aec577cf30834733f86c79469262fd19b352841353905ce5ee5b8d34a1af,True
1,954,L23,2470407726597388862,1,5c6fbfc3d65213fb9b4c1f6c3180a564ca1e1856805375ab974f34747c2dd881,True
1,954,L32,1159655974255612361,1,551b6d93af8aaea6e1179a3bbbcda6f6d64caf8d915085463e6a77591fbb4c28,True
1,955,L12,5215284233540209957,1,6c3b07b0d894869feaf6ac0f7c80010955af1fbec5e53d66227cf7025ce476aa,True
1,955,L21,12589491061719525895,1,e0d31fe15a7c91b1c741acc2a866c47a722d38686c992c5409dbddc71e62d0ca,True
1,955,L13,17507004080400247260,1,298783c4e26c2551e3fedacb10ed8bcba4e903878eca65995025314e7aba58c6,True
1,955,L31,15726054243701973497,1,e912e3c7a9bd67e902ee469ce6a16c45d15a56ec9eaf330de528cafc3f235605,True
1,955,L23,9338006801365330038,1,531e5f04f3fef5c8acac3d36afe6b059ecc717a80a0ed03dd893f48bdca109fa,True
1,955,L32,804718083245703391,1,51659853fe8b905b1d99e5dcacaff8c91b437b1d41057b0c2b7672bb71b10d89,True
1,956,L12,6058531818091203354,1,916b13f7e5de30a4d20764ddf8e1cd3cb45f211ee93d497ad5e2aae8c6429e4e,True
1,956,L21,10846398496312196364,1,f6f05d97b18e4503584adc450a656eb54f6413162461fde699e290ba3c0da43e,True
1,956,L13,13567264260762761897,1,bae4b5e576b64355e19a46b07d6c2513e9d77d0e0885df9522f006e686e2cbef,True
1,956,L31,16480148726820786605,1,63913bc7fec26a038b4d39afa35fcd55c6f38353194451eb01b0b9fb4e4c60c0,True
1,956,L23,14191033400071322818,1,38bdf174370e5c07941d2aeaadbbea7f44d0f9cdb659fc159a246ff33935cce1,True
1,956,L32,8943659118047172678,1,c53d9b8b7e279bec38c523fefffcc7e49dc79a1e98d5966339ef3d11480adec0,True
1,957,L12,18442949866079432722,1,d84ce06ec0eec836fc48ffb52651794b658860cea1cbc19a173678351484d78a,True
1,957,L21,5988188741941380056,1,0b3c791ba2c64c55d389974bfd743024ef85f3f5b06139d47912b05dbcf043a4,True
1,957,L13,8796429966674398834,1,f66beca5c357edb30bfe48c9b75cc42b273ed03c4422d6b59c115e09c3673c6d,True
1,957,L31,5677167035532077050,1,af446ec8af9ae735f58f6fdb13f7c208389695a95f768e34b8c7776389b5933f,True
1,957,L23,6566626909574995438,1,3c8faf62e273d2fda7afd24920c132332ce55e3b161acd3c342c0c5ca6bb82bb,True
1,957,L32,2992851142351461977,1,4b022d3f510104f011b2331b98a2b102d949a5ff70423b0d7ff5a4cb7464b379,True
1,958,L12,12973206977408529381,1,299fb7ce1efc463bb869304fccbc3f7af17510e86c8dfeef69ceedabd8362119,True
1,958,L21,17602503316298378714,1,c0486993fa7ab893fa7978812d0eb6e19a9404262298408f5ad6b4f2da696496,True
1,958,L13,15917072217930489353,1,56cbee7ff363d36c24aa03f2307086baaf2e00bdfdbb05275c6d59a7d65d054d,True
1,958,L31,14648920977181611634,1,251abe51db13971e023bc2b750e5097e75d209d2b17abf9d37fbd90bbaa802ce,True
1,958,L23,11400670033581353320,1,aae9a361144c2fdb7d591d2a7e4784dd6b728977f489db0a32a6e21ada8b8e88,True
1,958,L32,9342417871551948204,1,797f94c863dd0510c8dc5919f6aba61d4edb2008e1ef14c2cd9bd7d3403f55bc,True
1,959,L12,4886148394359826814,1,1112ebd2ef82085c4f50d76c541e5d5971c49b08f7e5b760642aeaa935ec95df,True
1,959,L21,3322904762398252625,1,6f1f63d8a35de7bb74d9f6a549800b96d458ece578ea2564f25c8e7050bb344a,True
1,959,L13,1520551827047905560,1,92cfb32b479e5879cf68b2324f4ba73265b90861dfec4e9a1a6fd17cb70e4f89,True
1,959,L31,11193328988229914845,1,d1bf94ac0de9c4ea44043ab615be4510f7ce87b863de7fae3ac90674841d538e,True
1,959,L23,62357858044652276,1,d7e6c435caa06528b66655d5a4b9d54de8e9fbd3cba16b1263d94aebbeb03cab,True
1,959,L32,4529437483502423780,1,249733f13ac7a62889e474a9b66f15167d81db7a39574d5fc98143c8fe430d6e,True
1,960,L12,15162555019290639024,1,0107df0da9e02fa639f9add8da1e7e15ea84d0a990c0c4564f2dc1462432d1eb,True
1,960,L21,1137037429172355732,1,b350625400ca416c1fa87da151895a8b970729047e0e0608f32a0b4c7c056e5b,True
1,960,L13,2276825283633565049,1,8262c6513ff3f5a5144038c4e0fa063c87b60c71ab8747c560a7528f6398207c,True
1,960,L31,1493623909576218349,1,da4a7e531c770137cb11e3ed5c1a1068708855f213a83c9011dd7817f78e4378,True
1,960,L23,4855025680475746906,1,3f43ea43ebb8df87bc3709937d3fbb8bdcaea7b48c20869f648f765482b11d40,True
1,960,L32,4817335794560561621,1,ab8e0dad6ae7e24646fd45a7b4490b865d84638e68b855ac28d2dd04d0ae6e0c,True
1,961,L12,14246692955520982127,1,b413d1cf769243a01e0abf715b41b4fc8aa9f799aa3f3d45871aecd0b1096740,True
1,961,L21,14708765724760637268,1,c29c9ebb9eaebe9dbc39875716f726e7c326775ecdd481777fb71cd9bb61f8b7,True
1,961,L13,12838942667512700946,1,6e5b0f7a3041b5935c78fc6b19d107e7b8106b693cf4c3475c68c8819b86dc78,True
1,961,L31,4285791843354479036,1,3f4a8c5751db4dd14e511965bf520bd67246d80ada614088191fe763bc94f2f9,True
1,961,L23,7590357319860041711,1,25d4743ec784dadbb20b1828131d0066779b543f9710d01de616678b42ca51f6,True
1,961,L32,13015262483465972701,1,5d972ca7a1e03446d9e4284c17308660fd20162510f34861eb587afbd92e7b9d,True
1,962,L12,17166607289525525092,1,184fcfe69e273f345d9f0d16c498081f5fc15685f9f70e92f5303fb29cffeb81,True
1,962,L21,7819779241393413160,1,e8a502ae331ab03975ce164e49c54d5e2074e37c016ccd4fc229903b59e6da71,True
1,962,L13,3522424263147752248,1,b6f8dd3e09b405d1a03b7aa6e4fb476c6799817fccf8f87b49c584cbdea2c4d5,True
1,962,L31,8844429528722256687,1,80d52db0b3ed5dabdc7fc3b19d8dbd7fa1bee5808dc82e19373a8bf32851ec6d,True
1,962,L23,5316412552338594163,1,cb59e5b2c9a249ea41dd04a99f951793ce2e9e8e6ecbbd8a95e242a10f523519,True
1,962,L32,14171004456233048433,1,367bd4b610704fdef4d1e7cb576b7eafd8e95fdeb45856014c5cbe29ae5ca966,True
1,963,L12,3170095340384611813,1,1872fed102838681cdd0a276b396bed64459cc6a304a1552432a476d2d5d6934,True
1,963,L21,17739376285466004325,1,6e8b55cd58c096107e540506bcc5a5336a0b9a8128fa4f1ae45cfb9fd485d4a1,True
1,963,L13,17128323703250266021,1,3d5810cffbcc004af90cd68695670c3f67524106261156a197cc9990011b072c,True
1,963,L31,17195767389715677458,1,9359c8bb796ab16cbe705c2886e68083bf2e5f40716aa5156da0aaf5e3ea979e,True
1,963,L23,2076231412468261399,1,f950abc9fae53e96bdc1955aa584f186da24a947ea9cd462770a76670e080c2d,True
1,963,L32,2802840986004646252,1,82f503ca386e9b823eb98140ddd1db2d9cf9aa63bc72766780bd04f5794300a3,True
1,964,L12,602150200467547967,1,d8a811c6ef444eb2a3c3eeed3772f215d02767be2d94b484bced489806a4cd54,True
1,964,L21,16259569799544329856,1,18f2b6b0e29219ca6bbe21e4547b77a161dd1469c77d8115e17e02395980410e,True
1,964,L13,15434633469557288630,1,3d21a503fc71ec4a03d7a50eb97d3ee04ad1056b5364fc59f9ce47f4b13c2c0f,True
1,964,L31,4207904359916697819,1,aba83dc99aaeb5653fe11e7de8d4aa84ea11b3e794f83883c986e99b6d6a68f7,True
1,964,L23,5770779267913720935,1,8cb8c684c2215e2d9e20b6edd0c1d37d81f0d61dc01683beb29ca641be3db6db,True
1,964,L32,7946020386863797781,1,172dfe80ff0cd96241f5827b809243b83f35a56da5dc5830b0e9afb79683bf7f,True
1,965,L12,10590094329871227408,1,cad9bc39e19b30984b8ca47f100964c1b98854152cb943d4bdbc93f00201e82f,True
1,965,L21,8360893113789034367,1,60fdc14ad3a326d0fbe8cda0d39d69a06f2aa4c6dd6d8989ccba919f2b2f4194,True
1,965,L13,10275836269725695275,1,2c915f77fd9102d8a351827105006866464dc82372a7cfb53f2c904c985de3fd,True
1,965,L31,18313795887426155360,1,776cacd58b4c12424d3257a9e003508c3061a66f34748f2930f1c09c9740cce8,True
1,965,L23,12144478905304884207,1,c6ae776a6cb0d4d945beda7d99cd8448730f1f6f2814472cecc359b349c0d53c,True
1,965,L32,2094014295332793913,1,511587fd4190f24621b17a48f69936cd0ad4e16e0c44c96918038dcd28129f97,True
1,966,L12,13364175678968199200,1,3666a6e17dccf50e6d759879e4a575c49a6b2585601caf9a5906c9f26aafc1f1,True
1,966,L21,3256247587934373796,1,5eb95b3fcfe585aec4407c5726f62189111c3a2bf0e01d2e747dea4d6608b723,True
1,966,L13,3515443833040377579,1,0c434d3e40d24397e390b9867444648de7ff2711369cfa8018b9992e80808d2a,True
1,966,L31,13095094667172677077,1,3128bb29de1fa5096352a62ab3be1d73a2ff0a8ff0bc21df7d7634ab8aaa5097,True
1,966,L23,12733044458384324090,1,7e600b984b2371cbf23dfc4b311d3180f038228e828407c0538ec059b06ca533,True
1,966,L32,8015134621037755226,1,6d430ea850dc0f48ec7e85fb7b319544da2adda1df3727ab6cb9b7b5040f0352,True
1,967,L12,11589139109726182195,1,9b9d5a330f3933914703f1797c94127534683cc4dfd8220adde969240ba14c35,True
1,967,L21,1515292475079014886,1,ba548f0207c0b6f79eb00920022b48c7d4f24511fa490031c5a369ceb9d6ecfc,True
1,967,L13,14373055893191762831,1,73fadc13371350e420308dc8f826860a0511e3f1b037fb94c08f41aaffe036cf,True
1,967,L31,11099168041576219945,1,26d6242448dd56a133961e0f96e7d1d7bff44c857cb196565abbabdddbab744b,True
1,967,L23,14848719067348322101,1,a709a38f70ffefdf7743923438b789b7f6096387f3a6e79455851d5276e5663e,True
1,967,L32,10089844197736140560,1,842cc893a5b227ed0fd1495d280f6d665cb14ff11d804fa589d96f7f36fdfb3e,True
1,968,L12,17740614914990397750,1,137bc9df4490ff6ca5f9a9c9dd536070625c40ce56ae7c88afa160fe6b05b34b,True
1,968,L21,8298153482548968449,1,0371dbcd513b1fa06c4b3236ed53277f7cbf1493a93b2dd71cbde624fd5244cc,True
1,968,L13,5205574226902877838,1,d4b518ce051acc9fc6a99ba915dc0d9a6030c25e7b897760c55e111e191e9993,True
1,968,L31,13113379732063972742,1,b4fe73a50e98b1d0720ba54507b74db7ead713734f78b5147801ff07f20233ff,True
1,968,L23,8435328308048915884,1,5648f6c87052a9bebea478dfad994474ec1e3cfbf09f7346b94e7b9f0f170fc4,True
1,968,L32,14607164216860127368,1,f07f80caac76cffc77819ea3cdf1394e3dec9d1d939eb29603a0eced8196c49c,True
1,969,L12,12163795832689708439,1,1d2d35be19c13fa81094183bb4975252d29e00d567e2d89a27f19913638d3228,True
1,969,L21,11021508342915531098,1,669b9768d19f305efdea3cf6fac7abc64a3523e286976322fa8bbc6c5ff75a94,True
1,969,L13,15393290692006657710,1,d155eec0e8015b09845b6547c8e4c1cf72adcd22a60e5bb0e0993daeb74d91ae,True
1,969,L31,7258426780299346893,1,ce94bab8464996416627fbd62a709177d2b64975bfc58089b27b857a02515d3f,True
1,969,L23,18218600485359637878,1,896b1d534b8284ad64ee9467f1871a01469e80af76a5f67d23422dd3e5c72d54,True
1,969,L32,8405549143958748443,1,10ec8a82347ac0da5366438b372860c88d7abfa439a4878dc611095fbade2811,True
1,970,L12,13425276536552373424,1,b2b151051fb86c6dbb2319c7fa8498396a6017c86c646bc24c6f03195f261072,True
1,970,L21,4503157885606692495,1,3a6f18d5ba5c66b0809376bbd29a75342f56ca8702a4bf4ffc7f62cc9ba46fae,True
1,970,L13,348110656196633106,1,19b034693f74a437199606a8011f05b3454a4963ba76aa35fc650c75328355c7,True
1,970,L31,6493658147369401522,1,57686275bbf86290efae9594dfb202a7b303e11a408072ab224263b9d714667b,True
1,970,L23,5537044876303109532,1,d40d9dff77dcda4cd70b521e00a12a6f1ff0278ed86715ec2abc8478bcc69d3b,True
1,970,L32,15366077586129590912,1,23dbd62cea16064b6940f5129c336fa36eab56f930ff44f19e2685a2439ac1c2,True
1,971,L12,4412402659030282401,1,7e7a8198e6bfe110b98bcd157f74c277260236b18091db044cbfd63f90143406,True
1,971,L21,6035487132350642901,1,96d774417005a613621488b194778bf4476c42810f6d7cd84a86b7e2bf1cf8c6,True
1,971,L13,13990869928141878867,1,34369d0b51e793263f614fdde4e6554ac7e9415d0378fe94f61c9036239c4567,True
1,971,L31,3948004574104193431,1,8aa0fc3ffb7b6be20e26cc77c402f4344abf6e84865e9caf907b599adddbe0af,True
1,971,L23,10863178857596267483,1,5de0781a2a4aa0701734582aae56df4d6a1ce70aee38cd63091d6cf525b65997,True
1,971,L32,9039799883501919687,1,3b6745a63c63ea19ba3b414582eeb7b255e7f2cc8fb36ad7939d88c468d717b4,True
1,972,L12,11681654439677897984,1,cbf8f33be7c3e1c6502799cd6a97591ac134fbef5fe6081c987057df61b8724f,True
1,972,L21,13776077163627120670,1,d3345844dc70fbdf41cc80fd2f04c1713d4aec00cda2de2871e25ac05b2ebe43,True
1,972,L13,11493186196506022047,1,6c34b22bdca8701d43413c51ca85c140c58dc8e69caefd6fe0266f28d000eee2,True
1,972,L31,2295361744900621998,1,466edf2cdccb7b8c04e8ff5be51290bf4b98ca574741ac84be613824b4d397d8,True
1,972,L23,1305884124216279980,1,1125dfcbc0f0cf65adbcec669e86452556c6c71d117d961d3905df5883d73e08,True
1,972,L32,9288734472979658611,1,ad48907b935b52c92a811bc0648a09b702568f22b3f5db72563ddfffd22ba28a,True
1,973,L12,10584248639523784487,1,fc8c212537adad61f5c9f70b9d9299eac26bca8b336cd6ffa1ff405ffcd1a89a,True
1,973,L21,9550099564512058018,1,f1d3431b2ec0572477e5c2f8ca2e2654c6b15ea8c783876af69171d0412c2dd6,True
1,973,L13,2374117949255729256,1,5597f4a01cd2ead210d7666ecb3d7bc68110d969cc5ace81cfa118964e0fc52d,True
1,973,L31,12426349771338861767,1,ea21c2a38dd9e182bbcd3b575be135f910c8f2a42abf151b97dd3fe0d6b151ca,True
1,973,L23,4249096397898283286,1,9ca158f17068e28490ba4f6ad7240cf2c88bdc63a05e11325afcc5b3b5c357ab,True
1,973,L32,17494982508709522858,1,5a090418dac2f0148e6d42fda2292eec5d0666f6d5d64fa72f060d2ab0e0c114,True
1,974,L12,10607137602225891187,1,a499c4f3a81e35f0b1c216294bfb77fce4bddb8298ec25208ed6911e1f49a48e,True
1,974,L21,6700763493814799605,1,6a30a96d663bd83475bb5802e6331139c66407eebfd18862d0428879410fab48,True
1,974,L13,17043701699726792179,1,151630eedd77d0b3024155a0ea131c5a33c7a913fb2f7b7cdf91703f97712497,True
1,974,L31,1630236180070066245,1,41815121646615fcb7a780854b283a89f1cd653471f96403ac69f631ee6b03d3,True
1,974,L23,6216798794027246250,1,447e3e9b2877997e75622ba459bbae4fc5fe91bf3001e9548b97463bfb27a14c,True
1,974,L32,10493982078172195977,1,e35f9ae829b5eee8d74a8a4191bb92054a2255b0cd9ac2021c62e30864c1c742,True
1,975,L12,16066064044786826812,1,2a4b3d3adb73324a79d5d5cd1b092299b1861c984036b123b232c5f56d6fed68,True
1,975,L21,11800361355183159491,1,08e541631df91c66f224c9ecc017370b921588281ed28a9c7db583dc89299ed8,True
1,975,L13,7616356758506481442,1,c361a658ba78a56808b88d07286cc34caa49b56cfa8e8c806f22acf816bd5f67,True
1,975,L31,9179650857589433086,1,4615c4e8066f0d9600fb5c940673659e945406d6459bd8f149a1c61b4caa37cf,True
1,975,L23,16818697194544686193,1,d9f7122daeec2a795cef28cc1d2a642060236f53f724bb4dcea0ff80f96ef6e4,True
1,975,L32,488018907877216184,1,57790d9b36571e5c7ba8fd99a91a5d42b1498aa1a1edefb320de1a49b5adb2c8,True
1,976,L12,11237766753031346032,1,850a3ca853efb81e0341cde00a8a92b731fa46e226ae89f102e83be933fbb4a9,True
1,976,L21,9247742505261977824,1,afcd971515c748249edf47db6f8557faf6223f3067d6bbc13368fb58802de5a1,True
1,976,L13,6842321002194082956,1,010645166d3f1119749ebdf3ee22bf55d59b423d542a47c56c4cdaf6cc1fb7e7,True
1,976,L31,14944874366979605547,1,14dcc7294127ad4c44cbead5e3b05082cfc82b84df06e56b93ae5d86b383d095,True
1,976,L23,5856707158501857298,1,8d5dbce78827a05d8350aa7368bff4a882d685b872b978f0c035c613c38deeb8,True
1,976,L32,9437777666295532545,1,f2e4b91b5e4cda8fbc67999a8e9deea7228362aa4b0704e042b661cc3bd330a6,True
1,977,L12,9111703697454619767,1,0251e85af1d3ec524ba3792dd54b37fce0085d3fac8ee664f3baa6b436f47531,True
1,977,L21,10669149324768963501,1,abb7656ba94c983188f52a87d7ab5f0ead6adf926d247e98f73b1836c2cb644a,True
1,977,L13,8391496311863384244,1,8ebf23c1800c5a8ed33f35b4396531f6b452d7f3c0af4a552c75afe6a2c56ece,True
1,977,L31,4051672081179776235,1,14f1e498ed2b1dc59988240d59a40a2548bf119bcf067e5dd8f3da63b214e652,True
1,977,L23,6864940124015958145,1,be93b0fb3eaae29e059fe19d871113456a4f0b0bc3c225192c56182eac4a9317,True
1,977,L32,8475930107246950846,1,7971539575909e01f9d4a3ca99df77f650076cf9bfffe14462ee11d8b05256f6,True
1,978,L12,3735276163447674026,1,3ff3e6c413b3eaa2bbf365b6039dc1db9d5ef0e00eaf478c392067b508de70b1,True
1,978,L21,8054423382877170236,1,d1bdce4c2dea54cad80e0d90785f989fdabaf164616f3783001cfe50b7028383,True
1,978,L13,12311579773132442515,1,34e1ddcd6abf2e10575839bfe77f5692ea069b5513016a39dfee35a33b80ee97,True
1,978,L31,9155099941824077528,1,69b203e644228b66f9d3d491b69ada4a4e32b660fa3eab9da833d55faaeb70ba,True
1,978,L23,16352159454062993866,1,d756ac8b7d47fdf0f11687d17f59f517973e1d741cbe94d40d96136b07a55ecd,True
1,978,L32,15165074485504124623,1,c9e9cee67b9c8a1436b2c0c419a40ee893e177b9e9819c7a51443005ceb70c10,True
1,979,L12,8181423638721383823,1,be2dcd5fcc35941c029872edcc8191477b30cd246f2ca4764908ca77b3ea8205,True
1,979,L21,12657576837822884352,1,983be9e51ea791eeab2285a5d6cf427c466e99773694ffcf25f6edfdd5d1f152,True
1,979,L13,14755246509767632403,1,e52fc0520692046e9e24c332b5cd0ab8013bf99e0bf09084d908d62d9fa49cfc,True
1,979,L31,3154291671717331969,1,03c074e163908823334fda61f4a47efeebc6913bbf3793b60f54780d60dec4d7,True
1,979,L23,9015289937757639383,1,7df321a42848f3f11cbcec37dad18bec88bfe2e2a962b29b679bac64bebf8a16,True
1,979,L32,2002302418528031459,1,1a62f9929e174bbce0b4690746eaefae7ca62cd7b3ce5ad7273b019b8c4d0f9b,True
1,980,L12,1836319758773268335,1,05da4bf04ae28a9131661be965e820ee20679132cab403d537d83c63ab8f534f,True
1,980,L21,11155460621729555474,1,daf59e92a9b80e4b8d83f4d985c104007bcc3b4f7032ae7da15b00212c887010,True
1,980,L13,18006084499175889326,1,55f658190e15ab78206fbaa5fac50b753711200953d8249adde824ca608609aa,True
1,980,L31,10279637901580213266,1,9d7428c232ec7ac6ec4c42b9e761db071798119a027235061d0591620b60c485,True
1,980,L23,14491457480803742300,1,a0fae0daa21142d169e5ccf6ad1f10531b16eb4f6efb06e033d4b1cca803f3c8,True
1,980,L32,10716466923384177455,1,4815d0d6f7057a5b41bc38cdcbf940c4a921b6355e5dbef9347c80a3713ba996,True
1,981,L12,16432627589356087348,1,30171fa0aaa48e826e251142264ef363f1d94324668e011cb88b580c24c46874,True
1,981,L21,16982271468781735612,1,9880132cc638ec3421442f8ce63d5460343a567fe37a2d075418b6266bd5bf70,True
1,981,L13,3774646596977384425,1,c6d984d26fb7d522378f7be802c2c9322e3c80368009f61e7c64cf3f8ad29e3d,True
1,981,L31,17817232736923870940,1,c653a258e8c3b18020ec500855e507a6683e9c1f6c91e60a85ab315f73589594,True
1,981,L23,15095259727762100823,1,3ae578a20a17067d321310c68f218b5583fa92188577d0cf2c8972562d469491,True
1,981,L32,4003143870276642677,1,d096bef29a837504671a3c9abb4f86c944a9607a327bc357af831546e81086d2,True
1,982,L12,4560716504389952488,1,52b1b191c2aacd0550c69619b976df9d3d510d211885d25dc3a087f1dbaa0179,True
1,982,L21,6874942606427513769,1,568b63964e1f15fedd4714d9e45845805858481b37a28794b1a51997d339b113,True
1,982,L13,16627653537429236626,1,5094fb5ff636f16626ef925a742cf7932629f7a1cf7f9839046ecf2214d0a536,True
1,982,L31,18077661407402541005,1,f652e78da3cef6b8b6ac17937b646e177f4c7136325b98c498bb55e7c154fb32,True
1,982,L23,13742288347841068001,1,a2bba808b285504ab8bd70c160eb548e97100dff6e42932ebfa7eb957c6864b0,True
1,982,L32,16780129993753667909,1,6bd43ec79c4a2fbb7c9a7055b28bc24568851d051d07be598fb66b9e7768d9ad,True
1,983,L12,16184753269945994544,1,761cb361253f95a03320bbf3e715fde54d3c18fec594bd5b27b3978e5e9b9696,True
1,983,L21,4195589867360787862,1,82b1627d513dda4745d5458df1bc0897504b4fefc4c93940ae3460f8e07c09f1,True
1,983,L13,12630113688964302914,1,27ecf4e5158191468f2de4cf2b394670fb990362e77a9e08c71a7868b80e9aac,True
1,983,L31,11696932308196853474,1,39a5a5af739f27bb1a7704755216b413744907e55c071153dbad225c72b64fb9,True
1,983,L23,7566849729776442789,1,1942a6349cdc045f6a7def511e10ff8a69a84112ed021d5e196391dbbf03fb55,True
1,983,L32,2349089113331519354,1,021bf8f76f843d487bd9b0c26d712b3535bb528ce53c193ff22207f01edbe3df,True
1,984,L12,12824081705297771376,1,f72e491628521a9330feadd467cc82d5eb52a25ed0b7a4ed9a9e4c0ba557a2ff,True
1,984,L21,952739828901407697,1,2b1f65e59f0b6cac89aaa60f54ae124944bc3da113ac3a2beb4b80604a0dd72d,True
1,984,L13,6252354385385518814,1,c629343c9a23bb89900699d2890fafe55923f1e68786d5c0b11d6a8da1149c85,True
1,984,L31,2989776457595440405,1,1a700fabb63038bb50e9d1b3f36f5a4ca323095dfc189129d2f73696e6f27857,True
1,984,L23,16244516496976083584,1,da5cc6d3c7d574f156632cc5c527ca8777f07c6e7cfec16fbca5004f05625e57,True
1,984,L32,5621121992432688489,1,7052cf2209ce5139eed808e44aaf92a11673536755b142f4925033bd075b16eb,True
1,985,L12,5522569689646258752,1,ba29c3580325cd2b36df19712445ff1f66f33189bec73ee012cfd9134314fe70,True
1,985,L21,14334766978703426478,1,efea7e5da7f15651ae88f50ea6dfd9360d0692785e03ce481b9016b9afde14b6,True
1,985,L13,10492251660820858609,1,030aa3dbc676807bbd747714d89a09b872367710f5575b20f06d70aee0511a22,True
1,985,L31,1139730201290419044,1,f762c8cca140c8fc1d01fc9e528396fde1a98e5da0bdf1494ef42e03e2cdc07c,True
1,985,L23,17893277783482594079,1,80b404484779a7b2923ec2c68c2505b9b05b3bb9d42507438942e6f0329505cb,True
1,985,L32,8510683447965447176,1,e0bed06790a7cee342ff3bf6213f797d01985fa1f889edc3275de82e2968aadd,True
1,986,L12,3831672441855175020,1,04d0ab0bb8cd7ca8a6487908ac8fa9587b3043f33c31efcadb5e8629951e09a0,True
1,986,L21,10073829379419692831,1,8f04f717d1cd5152eb80e155d2582515afdee3a4b651fbf53d2f9af874f661ad,True
1,986,L13,13056978082583811915,1,f0a7a11345a581d25a7296983f99833e87529fb026050d2795bc16c3460c3b86,True
1,986,L31,10186672959924634464,1,7bc8674d753c7eed4921c7a0c7f4c2bdc929d44827b7c990e1a8cc15d079b179,True
1,986,L23,13565896554827327589,1,45773e95df94eae750e8da978acbc13fdf7f6e2e282056db50759749c5b19d36,True
1,986,L32,7544209890028118224,1,1993941e8452ddd96e802c1551b464a1e81307f4e5ec6c0849d472918fa0868d,True
1,987,L12,17318789847317101066,1,944f0dcbee4a1b1b113efc9db4c5133b4a2da96d15c12cf54745f6656eba1dbb,True
1,987,L21,13832305195813210164,1,8ded798086af899e7847ded3dc99a1f256a6931ab264c2afbfae629554b548d0,True
1,987,L13,8641530839333389129,1,c1bd718260bce0645a945cc374cfbee9646c45d1252ebd25103af0293fec43b9,True
1,987,L31,1778781842610786403,1,a6919cccddfb20344cd74de91eb31279c421ab5d31903837dcdb9e9e79aff9f4,True
1,987,L23,16920906259491280906,1,b0c70f437366f1272af9f9710308508d1b4ae2f1b55ec7ed2a1872f2b98092d1,True
1,987,L32,7732629425541419005,1,b75da3d8ed3605088b54c9a9e38fdb36ae77c18e51005401385707ae67a89622,True
1,988,L12,17429714167269356574,1,96f347f76c4ee0c10a5065c79282b86ea1590fc546c6452da5cbf0005ed59568,True
1,988,L21,15677462922160870448,1,42fdd540a919921838f27fc1a1295afdde5ba23f19c8e86e4e80391ec7e57983,True
1,988,L13,11016753856154569406,1,066e057d660509ba5aa6c61eb82a37ab05941127623807b907af949ecef9d50b,True
1,988,L31,7975113220017823695,1,f8c89bcc576836dbcbcefb630534e3bcae5b1a746d20db1bd28aa9098ad97e59,True
1,988,L23,11599545338572764708,1,f35eaccf1d7e030f47b65faba7a3b4becf08a378cf433e116b9fa54601a8e916,True
1,988,L32,7967780904380646323,1,5f53b7dc0ad27a3279b9444eea39527c3c2b2172f6ea50606cdbf7a0bb11696d,True
1,989,L12,12951885238078103045,1,38245266e9808cd1a279c9479231470ab25e0f6fc61e8f52ce18815db1403f68,True
1,989,L21,13058081376009941032,1,73d0b4d23d8cabfa4fc16f4cc7cb351a7c424cde92a15c4dbbee9b4841468abf,True
1,989,L13,2956463438667419070,1,7a5bfa41298211926fec786dc56ba1607bf8269eed5471c9098ed88efa5c8a4c,True
1,989,L31,16892122599871520789,1,cb867df5636b242006c92b8f62b2cf455a317351b58e3765fb331fca5b3c4e8d,True
1,989,L23,15858655387721527370,1,ffbb2ccb7988e5ebd3e47e10d965d526f99289df1bbe1db5d02bd27dcd640880,True
1,989,L32,8510324121606348051,1,d8de239a21f69da20da54cb18d40244648e24cbf1dc060b55fed30f3f576dd82,True
1,990,L12,7823484271022836988,1,062728347c31c440c8782f247f0cc1230b7e8fe2d81e328f1a0adecb2fe4c6c9,True
1,990,L21,8874496715602489547,1,5e995a56393bd6d2d5291c35e3f54a29a4770b90da289f42167eecd87f1ab07e,True
1,990,L13,17227917602213022926,1,363c4c464cbc58be7579c2b0811ad6a1b3cce11cc86b7ab6a6564d9811c97a35,True
1,990,L31,11058946326239593407,1,3eb3231f2cedb1f08d3644b81bad38a1767ed47dee0b628ca56e9127e3267b71,True
1,990,L23,11164796216769175162,1,f4fccef33402ea54a8aae59aea16598d198b4e04c51a707ee75eb8bfb6d85507,True
1,990,L32,9562149936954337218,1,0824862911013e7550507dff9d97bb1c3eaf04e5d6a5aaeb4883a789f51929fc,True
1,991,L12,556834905342829966,1,9367fbd08548130d6e21bbe1be6a030454c4378a4e3592eac637003f721ba343,True
1,991,L21,10762334472024460896,1,00181fe1841871f0979a92e157335c35a943b3af7e4181e89855bfb0db168fae,True
1,991,L13,15240355216317069993,1,94b3ed747f2705d39580411f4598fc03ce910de4444ab33aa2f8ea1597a39510,True
1,991,L31,9263365647749932377,1,114a590face40f300d2fa58efd3fa4c8c3e9ed2c61a518e505bc90c1828b3d5f,True
1,991,L23,5122714319757594380,1,c0b7b8e18a55f083dfa2329ebfa1cf18d07823ad337048aeded029e29582f1fa,True
1,991,L32,6289078489531444186,1,bdd1fab2a7ad9329c1e03e2170823c198c272187226ff7fe0405127271006424,True
1,992,L12,2472382764965255295,1,f75ccc01e436045125c4de757f70c1091b50520361b7840582d0134cce30a3f6,True
1,992,L21,7657676041948556255,1,c36a526e59725eddce63e005898de330feb2f6213f2c5efdef8fcc6b62b4546f,True
1,992,L13,4876603977835474291,1,b065150c79b9ec2cb3a610b23e2f3efc7d9fba71fe8bec31fb9086c61eb604ef,True
1,992,L31,2587303902469343230,1,ac250b5ae9f8795166225bf240f3d24e3d74f5c122269779df7b566ec01c58ba,True
1,992,L23,7282105991493411297,1,da89b1bb0695822f14cb843d92ee5d23b6466dc6054cc54a9ad7474ec0d3872b,True
1,992,L32,10935385997266081911,1,c382a9bb40cc9261542bee8efe9186ade5e26fa16b90213987b3d9ce476ccd2b,True
1,993,L12,4913337660912044705,1,10f601222b8cb1fc8d5b4b75f8892cb8af85af2c61bddc9bcbda42db2b84157f,True
1,993,L21,16807028314766542635,1,2476125eee441cec1dba0702c7c06aec7592cecb279925d52073788b2fd09360,True
1,993,L13,5534399996417666692,1,5029704170d55d77b9c7ac154cdde4b99cdd0c06d4169597b1027f1767caba97,True
1,993,L31,1977633234803065774,1,751464d8ac7ed882a0310da8b1c09b51f02de744e0e3dd77209f3016a25d1c7f,True
1,993,L23,9832575806040627428,1,50260bbe84e157613f325e789547950f9e64f29bf596d4f091900330474fae05,True
1,993,L32,3077358493773412135,1,029ae433670b86f4024bbe58d08085511a90e612236542c558291f08923b4571,True
1,994,L12,17945293987916874276,1,1dd0d42363e71329f07dd5c5113c1c569979098efdcedf5b243b33723cf4172b,True
1,994,L21,14648831502091410165,1,c424517938c3b86398f326efcdde20f351426f9792040460c863381e585ee4e0,True
1,994,L13,14816829877655314488,1,f321b7345d85ca6aaf26b728ebbc8b86a8161a576e4146f9ecd2e7c79e2475fd,True
1,994,L31,7943161241029941298,1,058e4998c8a06c8e5aff3a347b3b0ca13b4f13ebe72b6a5915003db27d1f158d,True
1,994,L23,14049189967055118525,1,3f4fa10575829fc8e558149173c16f0adbbc89ef38552b0f0626471813650586,True
1,994,L32,497722670995236695,1,188c4cf5dc8b5fa381cdb1bcbbc3665ac5a8709cf12561d5a54aa89469045de7,True
1,995,L12,11280146277942942083,1,ff967d5d39b773200b5baf171c4a7f795d45966b00a509f43063b400f6b53275,True
1,995,L21,9916563281029799867,1,c2941aa1a826cfc7343f84270e872371a75797e5fc14a9b53f2e108a92d32444,True
1,995,L13,5112082016368725608,1,e77441f2555eacc1e2fe48050fec8942e43871f0a8012741c6e7ecd90e3f08eb,True
1,995,L31,16607035488543314886,1,093bd976342d00f56b0d7ad6a7c8ebb77ed28df2b4a720b62d7db8aa9bebfd5a,True
1,995,L23,4305906994328518826,1,890ddb27dab16574a5c2d05b2ee8b6da267a781ca87e0962367924d75fe32825,True
1,995,L32,10370355348510703664,1,9da0db9075fed7e04a1f4a37f7d05fce0caa8fff77147a86d13f49e74b796980,True
1,996,L12,16487117191347653382,1,ff830306026fbe21c6366491bb36f6a0b3dc12ec8d4a4433d3602c2975b791c0,True
1,996,L21,5784058842407540770,1,a698ae1b0049df0e20d8027991a1fb7911eb715fb2379dacfc84e4c87b488a8f,True
1,996,L13,674331356555658240,1,65c76e1570b87d2c7498561399e3e9059026bc1f483962da9ddc67fc27090f5e,True
1,996,L31,1521103291178451444,1,b07044f6b32bbbac269efe07970538c318e1b24dc790ec92112c5ee037bd213d,True
1,996,L23,12809114509927126415,1,058beae9d6d74b83498e331641f2311ea8abe33783c852936c18c62f8c163cb0,True
1,996,L32,528493482395762046,1,fefe9fd0917231845259d230fa0c06bd3feea9434040f3561e7968d057f82204,True
1,997,L12,13797476031522843858,1,0ed7d77d63b0d7713f7b5bed14bd8e612414939a28ee6c32154fd4e403c30513,True
1,997,L21,7321496031542455516,1,5b9f2c5ca08d606113a7795f6ac032aa21f6fe53a52e360708e4b8fbc0f66822,True
1,997,L13,12496269694848754153,1,4c58abf235e8f0a75ddb15626ea6004d8b7169df2d0a94b9e6af11502149fb74,True
1,997,L31,8714633346466925895,1,22655bc319dc8a1cc1496dd6d87b0fdd4a3ce6311c2de6c4a076394a3c1b527f,True
1,997,L23,14191031615804434644,1,ad4165243ef444dbc3b75416afd66ac782539d3ad00e9aa7650f4f3debabbe75,True
1,997,L32,11226714178064025198,1,2899681b46b52638c983995d7dbdd6212f948ca8c865d8cbf44cc5cb1ec664e1,True
1,998,L12,18273166491125970712,1,ad458157b0e74b613df32f72d2da78ee5f3803bcf61bb075d7416714393d7539,True
1,998,L21,5377217103869336358,1,47b46ea42b6712a9a51597180ff549d2dce8e735c7b38d1264ff6cb15ac4f53c,True
1,998,L13,9208942984952399793,1,fdc51bc6ef1fd5df58a223c65818d50f7380cd33c3bd910928b502d6d04c450d,True
1,998,L31,2186535563774877435,1,5dff9903ea2b705c64aae6720e745f460298070d9035432f04b818b2f2531ec1,True
1,998,L23,15585656289202084632,1,46f7989d2c6606a1de62fe18e17dac7fc016fafd8bfbb9d8edd9a7de11b54dc8,True
1,998,L32,13788285075191084776,1,ba4c26258e5565eaa85e0e1f86967924ba663465ef427f989b497f05ce085bd6,True
1,999,L12,6897611568330616629,1,8d31e3120bebe357af1abc6eb483d8f902903c2f58135b08f1519de0bf2d1a24,True
1,999,L21,17906866817196756926,1,860bca90454bde3cd18fc3a17e70322ad27b8376be83a2d7ff63855082059851,True
1,999,L13,12846750387761251075,1,0bcbb196d1b8488ceff4f3691b53508ec4b7f73fb519e0571ddd30eb4b6fc5bd,True
1,999,L31,1423557564321164404,1,76cdfece2f4ad98f71315fbe082fc38bf7f074ea08ebe5516a62a768c8d7c62d,True
1,999,L23,16695560485635970842,1,9112cc07405fb70562936ed7e02ca953e163fa5d79658b1abfb14b4923030c43,True
1,999,L32,10645311729270216368,1,0a39cc57cd8337661f91393e4591e21a33abdfcc1d17cb804b256e8390ec46a9,True
1,1000,L12,6181742258161602221,1,8c1307d96cc10f3de2d7c2cdfc9c355034949ece768e2c99a297e22cc74a0528,True
1,1000,L21,9588774518353699736,1,a2cef2cbf2cd9a05b7ac142a09c4cbddbc52b0b4411f96f19c8886d30256b5bd,True
1,1000,L13,7899387923947775417,1,ccec71c141cc379ce60f9ea3dfb136d4710ea978f8a7e2f83ed39d058720c93b,True
1,1000,L31,9516130557646912442,1,6c46c8a29d0b3ae2ddcfbe16165a8c4bf0f98e71994327d0b623f6f7a8462c21,True
1,1000,L23,17954544908539353894,1,ca1924d265e3fd0790657f9cebeec594cfbcce88679febde180fb1e22b63579f,True
1,1000,L32,7241994535339420453,1,a881fd43aa68831af92ab962148d662bb76e96ab097d097b9599dfa363c46d35,True
1,1001,L12,16929267386627009885,1,673e9f830174ef40a348094ea7bcfda20e501cf8615fd2b80a3948a35e6fd225,True
1,1001,L21,10875708621949463155,1,4f74660abc239bd2a5830f67844773b1de739105ce6a3e654e69e25684c17bc8,True
1,1001,L13,37043313107691370,1,2477c2f188ad8918ac3c4515c96343b1d074de12e9868e6cadcf0cd3231c6bde,True
1,1001,L31,14601421606908805042,1,0b66b6acc7ee28aa8f7882452c55262b6fa691979eac58888be4b2ec50b20a3a,True
1,1001,L23,6634459424984223898,1,0c15a3f1e1f8984c67723ec5fa1b9789c33b521348384ad1c71bd0b7569b5b63,True
1,1001,L32,14557292361790794150,1,900c87f3a864bf8b7d531a1563da3049c825681ae72d5187b9c3814f4d412184,True
1,1002,L12,13208246064323915490,1,a01b4049b99b20360b5126481af757d3da3178efb9c28b3bd740218beb8b87b8,True
1,1002,L21,4464221284742656147,1,25a2e7e68cf08e488dc443898437b7778bbeefd19644dc66a455064014572da3,True
1,1002,L13,1281489410645140495,1,5f1a76359fa4f459bfb0aa0f60d7d495734301d92a7318e5fbd50f3e239c27b9,True
1,1002,L31,11851625271289848707,1,30c7c777803d4afdf7616f9fbe70d78c5370411a929e35acf889e169fa0272ae,True
1,1002,L23,16901280529058491361,1,88e5d5c1a07173d501827e39c11837442cbeb528b4e31069d7035906858e0511,True
1,1002,L32,6239567138146069415,1,dcef6f53a9fc43932b4db24b2081c230859f7cb0425cd319f3b00c1dd067d589,True
1,1003,L12,6546346741247268963,1,668c24edbf337d2d02cfb14c00f52e2db0fd043e53ccb3345d94d6b9c2ae9803,True
1,1003,L21,18383436769690455788,1,63a040ec0729b4addab367ff7e095f1c207f1a294d590709c287990ddb71eed8,True
1,1003,L13,912736600377151487,1,a14a22fc203fed0d6c973e1c9bacbef6ea5fa604664cf0c596c5e4a319042a91,True
1,1003,L31,9948703403943798766,1,af789257e63c1098c80bd0a17e2f9d97f89a85703cbbe21ed649b7b73e10e819,True
1,1003,L23,8977704769083386662,1,c34063338251a70e7d60784dd3b9990648d1cf3498b680580b6cc7cd24376a3c,True
1,1003,L32,12716687581139992675,1,192c73dcbcd3614ac227da7c00aa12683e47ae8ce0510eeff367000a81f361f6,True
1,1004,L12,18227849886804918733,1,a9fdfa547421f3ea4a53a570af716e4cce66a42aa3fa43dd98dd2bfc73ce776b,True
1,1004,L21,3993329616055423800,1,01c30a7e77d6e98f56a6229143e912873c44dad89ad26d9d21aac706da32e49e,True
1,1004,L13,920699472297997794,1,d0adfc1bea4b32020d131f80a9b2b3a8ad66ac5ff0f670db013930886666d040,True
1,1004,L31,13214508436424862422,1,6ac5532788c26e0e8a68c7e3c47995700d3659259c959c64d9169703c50fdd51,True
1,1004,L23,4064800821007847867,1,f873c4ccc58e6f20f87353a99bc7d82d0512145d07ee71d6675c0c71b2d85874,True
1,1004,L32,18049339665238232152,1,e3f9ca2a1f39a48b9e3b587fdb2635d31e0b4355306dd0422eca398b54fd1da8,True
1,1005,L12,15409137276358127119,1,60a851e2264a404373dd71334bdec3bcf5a7c21e4b8b9d063dc867f06b6d1fa8,True
1,1005,L21,7735663689531874060,1,baa9a46fc6e8c7d9ece83046f18452c37b7d0b0a3ba4db76287e049f4e8a81b0,True
1,1005,L13,1006270024314072390,1,7e0e1afca34f869d57f4332af22143dc8722f05d479f43a6c8b459be38ca3fec,True
1,1005,L31,12302136775436049410,1,b96f50669ca57dea5bd9d7cf58cae7e35168e3186eff8d4880f798767d408eba,True
1,1005,L23,389797873637828656,1,6f72f906b1466c821a9e8b42068afee2cd6a68faf34f5717b6824b03c181b78b,True
1,1005,L32,8652864494990867226,1,6b7b93c2672db93ad17a369514f6cbd92130758479e5ce6975bff7c583899070,True
1,1006,L12,4593111347301576496,1,db8857d3d356312a71ad3c01fa284f8db16eb6517c27fff10794b8fecc367287,True
1,1006,L21,4644827497927553436,1,9b8861c4242ed5b9eac4ec1adcd3fe0ad49d95cc6220f678da5efeb1f82c9e1c,True
1,1006,L13,775552778501828379,1,e0bb0464a3985ffb8dd6a5338a90bd5b16047a36957a64d9f876b1c9739e8fc5,True
1,1006,L31,9055508494586666960,1,851b2fecfa1717306c9cb907b86f029e88c7ca351053311da011292bb5d3bceb,True
1,1006,L23,14828276846420033342,1,ebc3ef5b033240c461b2d79ea236f5a4d750d89fbeb56bd4644dd8faffd4c69a,True
1,1006,L32,14553888053762394648,1,d63cc80b26c657fe014e9b435c8d909321556547d783910ac0df0136db5bd2c9,True
1,1007,L12,1780386609078041189,1,fbbf50f775fa81219cef8cd66013868517a2cfc3eab05f66db98faa25a914219,True
1,1007,L21,16359743642917973032,1,e5c2f6f0e2d9dc02db0f177bcd1f8b7928a47aa2937bade9a94136dcc174fd27,True
1,1007,L13,7020289386254662572,1,6f13df344b7757d2fe0d0d67e1f4f7bee1f5870436af44cca1566f05adb17c02,True
1,1007,L31,12615578757599979779,1,3eede2e7a7ee52bd4f4bf381ea7e41c5ac9fc3e58af5ba407d6c1da4954dedf8,True
1,1007,L23,60955384094033840,1,c462c88af32143b4a229a859dbbfe2712bec204a148b06b4ba68c507b98b0888,True
1,1007,L32,447199368267534252,1,ca97d0462a67067700f3b04921fb81502df71f58b188e363d10f1d41d414e9fa,True
1,1008,L12,11558492981107265594,1,36b726fac7803124003bb096778951e9dfcde1f65e13d4fb24b40ba433d9250a,True
1,1008,L21,17558433123521640986,1,c6c22a76785e8d8cd0d096d652a9a873f2cbd2d0bcc543cd622ded736023feb5,True
1,1008,L13,5501742325602455779,1,d37cda7808f31a7e412d3133967455637dd5db409585cdaca5cc7024a508411c,True
1,1008,L31,14760240674103213174,1,feb54b75b5076f7025ab18dd9918a62bbbf52f1e3461b970c02aabfa18125073,True
1,1008,L23,15247309685030285022,1,a7818a4bb73187be29f76fbae12fa1a2d3a864236a2459169fda7c873d65c77b,True
1,1008,L32,17045847296297507209,1,1de9387eb2e3aada649a3365be5a6dad43e1d399ab1ce26e21de68aa166cdf23,True
1,1009,L12,17359200476981461481,1,22a967eb5645db919178ed81e27d522e9d03e8e35faabf296304353e6ba46226,True
1,1009,L21,7269820191124634404,1,d8f2a885b9326d400bf3b3022067dcb74bb7cc03f52d2c128a07a5d527f807fc,True
1,1009,L13,15991229423756989050,1,f1b78e7627806f1b8afe791da71b118acad22428da2a778746d3a0226633419e,True
1,1009,L31,10211726427639277989,1,1119d5d2d4bce512a926810117809e783890eb198567fd129569be427ca80470,True
1,1009,L23,3261679346684100164,1,6b30db86a098e4eda03e1abdd676ee5d24f6b0570793f5f16caddf1aa69c58d9,True
1,1009,L32,7889227085394454415,1,a5bb6e8423c999317281344cea8db55098cbeaefdc18cf0273a9767ddb4cb173,True
1,1010,L12,5769854056747749995,1,bb6a01a4a1d688758e00aa21130f985a804dfcb5e366a87c8fb521291c94e7c4,True
1,1010,L21,2174955189296467458,1,d3b3b092868db1a87fd46a4fa8aafd8feaf2d486e1358c49957b0e6f4a7d19fd,True
1,1010,L13,18430981318486459144,1,fddcd87332c33a1f6677037ede1324924173adf16e303737008a45657cec2d54,True
1,1010,L31,13286699556284446739,1,8475dc56385de08fcd504a10284b33158b7bbbaa9aef43eaee444e27cc80ea34,True
1,1010,L23,1089362195508868140,1,6411d6ab3cd6fb16368f0160e563ac3ff3dc526813a59a42b5996488b177a85e,True
1,1010,L32,12751745678295201578,1,702e67d02f9dfeff454ce8bcffe37ab4a86d1a0134ffa54fa57c6fede54a3d3b,True
1,1011,L12,9980254431565915277,1,c01bbb6510a6585fbfeabf7785540569d902aa20b8682534859aa0d272580ac7,True
1,1011,L21,14118853775400276695,1,84d437d1560fafc37c41feb4ec0066dda64bce54e08686f026137c13d02bcd90,True
1,1011,L13,1077901685950651668,1,6d0aeb66a89b348ec929ae807bfe0d2a4ed8a927d276dbca967306d3281244d0,True
1,1011,L31,11993160033619928018,1,40196cecf60849cf23674999b8372d9d7e4b19d5195e8d73cb9819c41f9756c5,True
1,1011,L23,3669841258804358948,1,b8aaa6cd420c24b52ed1a0ee6bbacba1ffb07447439b68e177151cce7bd475ca,True
1,1011,L32,11513448598206666344,1,b3466a9711aab2b6a3eb95f17a03134e3736222ece918a66674f708c6b930258,True
1,1012,L12,1087851003024199497,1,63ae3aa08fdc4ff02bf6bbf8e4bb264be39e228dff86b8e53d11b91aff456a44,True
1,1012,L21,12493511719735578562,1,19e71562d48b7ea9f3781c3d4aa49f632cfd21f85894709b9efc1bfb4a4fafe6,True
1,1012,L13,4541986550756514700,1,32f70cf0e937a815342dddeadde0ecf45829d890168d192620360c8052ab6ff6,True
1,1012,L31,2705738496365964020,1,60739c17d306c3cbf99d124442439ad5e55af2a8b5d97e3549180acd920adbfb,True
1,1012,L23,3625666904527551262,1,3e99ef9b54f6ecf1feca775e8bdb91572e264bd01146be4bfcc051e662db45bd,True
1,1012,L32,4858049344866728783,1,b053d25de655ad70fb987a982069928904ef48778a6364f38c090bd241a78e8c,True
1,1013,L12,12996493206017682107,1,c42078c10f9d31a104af0b07f9b5ad06e4d9254b6e2fec499c677ffc4bc633c2,True
1,1013,L21,4107323739560200605,1,faa5d218085bd04c8b952f429b582b3536b2c7482c33ebc964389460fec28a92,True
1,1013,L13,4519977671593358688,1,febfeefe01dc96383d0829e920622a4abb1a87e8cb4a5643b40800c79b7b9f32,True
1,1013,L31,7723649587140389509,1,fdb98d9de165878b1ed805e67e2bf393c14b44745d7e5e9d29d6d270fe2cbc09,True
1,1013,L23,8407916867710368269,1,9567115d6f1a5f28808b836d4f744d5a3e5f7f1cbb08036ed75cec6e7bf8f26c,True
1,1013,L32,2068681211218824024,1,c29897047b06f4e88670206df4a834ffe8bba2199386d2e938c5c307106e93db,True
1,1014,L12,15477158102510028735,1,c04c45df4f8eae92490893be0952f8a9a246649212424d5525894286a6514a60,True
1,1014,L21,2315225001154400712,1,3b5cb04ffa457475cb96a07e9a91a868d44eb47ce48537027d6c2189c5227116,True
1,1014,L13,10226769068487861191,1,7d38a6324a644a5e39b94583d8e1e21999c783f58b90cc73b6f933ef8fcccda0,True
1,1014,L31,1962667201913800048,1,d206289d827c92ea179d158e8d22ee6747cb30b4389bf4254ea0526c98601f3b,True
1,1014,L23,3801700053157066131,1,7b312ee218ae6dd99406cbfb6a978aa7abedb19f2fc6504b619c8497a631c032,True
1,1014,L32,18205981834100166995,1,b7295fca507615dcc3dd67db8e5360c4a1a59834141a0cdec335cdf061126fc5,True
1,1015,L12,17961148041413327972,1,07ecc71b656c0fc8b80d7f03a6db6b91a6722313e236d4214449f3cbe4449621,True
1,1015,L21,13455182777508222905,1,3dd57b3f12d9e472e42988783c26606371de6f507bbdd4e88da032e8d1f2436d,True
1,1015,L13,12282428111360670605,1,0396291634c45aee0d552f7c78df663f0653fef24c1f0c3529d534e3f55e722c,True
1,1015,L31,2701695976786568375,1,b2aa356d420edea6530ec2737acde188d5e498f8c43d944316029ea9732caea0,True
1,1015,L23,10953129544093439322,1,b361bdd45e1465cd8f4a6b3ca1b0098ad228ea64129b2943ff9bac1d453d9d98,True
1,1015,L32,1981852988942847143,1,61aae301f7d1eb17c133c45f9a6892e2776602c66a4d042ca89a5fb271cb0cc3,True
1,1016,L12,13486976948490231637,1,35234abd6744c67f905b0bbfa40a15382cbc062404049fffadeaefa7f8719b36,True
1,1016,L21,12871759878172479105,1,9703d4ab4fe604b0b687de1024ccafcfef0ebb36d6a067a5a659be0d5ba58f00,True
1,1016,L13,11906549725176465318,1,653f1c9dbb2b1bcbdc2099675629ecd962481bff78d478ffdbd3da520d25e6f9,True
1,1016,L31,18156018691843499472,1,f28a86b283dd165663e9dae14fcadb2a57dbb9175cb225a20933d1c8545f7a96,True
1,1016,L23,13638914283705730122,1,cf4d3a639c5f2c1e1d251cf6114b6ac939d78af2fe0d068164a156992cf4ee5f,True
1,1016,L32,12151038053471617496,1,2dd409f7e702355dab69bd734c14884b0f260449e1d83c4c158d080343df4bd7,True
1,1017,L12,7426674398299259297,1,71a3b4fdd2afe24cb8535e12cfeb6f729cc0c865f5db2aef07c6b60949450c97,True
1,1017,L21,6345902155030262028,1,d4c14c1562cd8c4c37b4319e376e384f7a298465b20bd00905a07d72d5652a72,True
1,1017,L13,7767234594990158165,1,14cd610cf99d4df3bba3193fd3602d4879060a01b946092bfa8dcc6f8ff73e1a,True
1,1017,L31,11762413549247206453,1,4ed1e655ad4eb6e7822810bf45647775e57196721de2f8fac8c8882865bb3b05,True
1,1017,L23,11401705684573505568,1,1d3443da484bf97b2ead855efd8694c5565b07eb60b7a9edc23b45b13445b674,True
1,1017,L32,3916842391757145900,1,6069912ece2bd8aa44e726062f57b69afef65bad3bdcf2053e934ae0994a74f9,True
1,1018,L12,7041347666205222988,1,c6d4c341d6529824b01da30784575672bf8c98c9b0761b2efd0c2e994e689592,True
1,1018,L21,1100129506772963220,1,8e92ad36678e32154c7ea92c281e4ff70ace4c7c052238b5b3e41414beddba33,True
1,1018,L13,3247529563558068479,1,910794272858d0fedd3d204fefb9d23ea0391f35afbf26c7ce850fe7cf43c1ae,True
1,1018,L31,16239585545305889992,1,4c1ec307263dc8a85c9caa065a05bf87ed9ac6a236107561c3b155a099185c90,True
1,1018,L23,9922511735222408036,1,e2e86f2dae88f6ba41cd5baec2e8ea95f62d7d395084711434e0dc39f8f66e84,True
1,1018,L32,8044142148119494869,1,7f2acf38f37a0c67e719be9ba6875e3c0056b14bd5d0620d2808994f28991369,True
1,1019,L12,17756489308218254524,1,2ee48dbd41bfe46029cad0a03f5695bc75b2313654e473a126c34c52585750bb,True
1,1019,L21,12842140318888576027,1,923d8f5ff57d588e4dd875f1499a6f41dc80ded930119ef3bade676da58c22ff,True
1,1019,L13,7313592792971523284,1,33cff7e7c7560382a4f46d250479c5bf5359f64dd005c846e92fdf0893043499,True
1,1019,L31,16879549164634207242,1,f90aef283b79cb447d764c39d7c25f24eb3a12d58199135b5895e37ac67aa424,True
1,1019,L23,16245975146809374293,1,b971865a4f74462bf0b1ccab546bd959e5c5659d63efa36265667e0126499ac6,True
1,1019,L32,3089694702438513640,1,5efa0dc7caf99690786b94b8ea044a40e16ea41011365c36df1ef9ff52d18798,True
1,1020,L12,236163069969159526,1,6804c024b1ee8b2fe547a3281b1a58ac35b095a38cb7606355d499c8eb3044c7,True
1,1020,L21,13509610318886444912,1,303392a92f59937ffe98480f4bbaebf8cc9f45293c75cd2853b75a0a66a3cdfd,True
1,1020,L13,11187975910572481249,1,bf40a3daac3800cdcac8b61269cccd88aa8736579935e24d6e1144a69d2eca87,True
1,1020,L31,11799816109932718405,1,ebeb593407fa90c3b6035a3a9d53de4e49564443b4edba7319ff1d1b6c81fdc2,True
1,1020,L23,13693822185305057435,1,b2f8285687cc58b8c5f7a97e60d5127bca2131e566ab3224eb5a26d9a62ff252,True
1,1020,L32,10550125138522508615,1,7f04168748b40284003e8835adb1d03961e3c88f6639862030fc9fd8b3d61d8e,True
1,1021,L12,2051090915688103064,1,b1b1ee5aa6bca2ea25874049d5e8668f3dc875f575aaf07fd527a6337ef3438e,True
1,1021,L21,15193143266834579041,1,caff4eb30236a95b1b6ffaaa24241f92d2055a4d1a1d986d5250a81c639e8dc6,True
1,1021,L13,15842771998708259539,1,84bd9f349e6caae61c7d9db31deb35bbb132d9ea86aab887820450bc87ae0adb,True
1,1021,L31,7563780972587026796,1,d9891c2625a1b2c6c87e55f49ca76e1e7e4d1fbe158dcb11c03a980ccc96ed73,True
1,1021,L23,8037311179623151979,1,0ab84fe7ec5c57ff5c2662cc0b79a3cbcb8e28264fc087f96d8bfab0acdb641b,True
1,1021,L32,5096813850529260821,1,b9d4a7e251499911c796adc0374bdb18668148a8645d4cfefa6f4986e410fcff,True
1,1022,L12,15702613734080031378,1,9d47231504484a27f5fa757dd56b1a484478b3417a33c7738b2f15fc906bea43,True
1,1022,L21,2977215655134354276,1,4df4c61d0a4ace6f34c47bcb062ed98d934c11e90706ef302ec546a9a7c26095,True
1,1022,L13,12179074849930423416,1,e4314beb2c9e292b463dcaa06b1006976a9438cac9359d638143674c86d8aee3,True
1,1022,L31,14026282993998615529,1,5b6a2907a43df197bb75c058ba3143e38e8c5f0773a0f1ba66209039fd4f85de,True
1,1022,L23,13519247176622765430,1,52c831dd57b0a90db1a280fdd328fa5b8b58b7bff1a7d3225076bce98da0250d,True
1,1022,L32,18108069224362324963,1,fe5d95195dd338dfe54bfb01531128a9e56e495f31685e09a42d1b22e83098bd,True
1,1023,L12,10472032883675530385,1,154da12332d188aad9a28d574034a7a8a3e641c8ae0895e4cf62e49b4cb6c5be,True
1,1023,L21,5182848570290996271,1,f21848e198b6fbdf876ed89a88d1ac89d3367e4d952ac2e324935abf05e39173,True
1,1023,L13,8445507434934774621,1,f3d516094971dea0fc31ffc4fc4d3e9a7c6f67292206bcc38049a08259517662,True
1,1023,L31,7510520187660713719,1,09ba050ad4803be5d2a69b2b2f2b2f756978362925b7d643ff0b0710e22add13,True
1,1023,L23,17253093409735535041,1,d9f45c439d3d26821d6f9806f95e616df4fc6ec6433b04648bf146e88c0dfcc1,True
1,1023,L32,1315292604222497038,1,20c07cc85be568983a3b678a24028d7a56d6d778f128bc5da4b9b91beb79d270,True
