level,draw,orientation,seed,conditioning_attempts,graph_hash,constraints_validated
2,0,L12,12467271283877772041,1,3a7691740606d391b83ade7a776d0074007bb9401ca9cde8c70ad6e709e72063,True
2,0,L21,4153512221744761565,1,7afb589b480a3fd1b1acb36e94737007794950a443d13b5a60de60a31c09d6f6,True
2,0,L13,1034796482410220166,1,e1d046e4273eed0e53c27114632035ac45fee2dd38f1576799ee17f999eca052,True
2,0,L31,16785330874430912039,1,6b7e2b7511119384c788f3770881d764e1fbdaf71bed7ec3c4e9cd0870b6c810,True
2,0,L23,8290509229437991003,1,cb7b8f6b508af390317142ea418f96319b93a4c0d5096ca1eb7d54f135d3f9bc,True
2,0,L32,4413017087503314278,1,403ad9f46813ed2188e2dc1d346a5e585176d4d960b6eb769e39a6597dc5c54a,True
2,1,L12,6534341778407449773,1,144e98709add7a20feb578880908730a15e698556a52b7746add2fa963a09730,True
2,1,L21,8611298078631426500,1,6c598be8bc6d0b8fd6f34463fb2e9fcc6d4b88f48b082a845734d132c5a84f17,True
2,1,L13,5342748139546820426,1,527ad17f05c6f72177eebf63b6a9e7929da6ea803a915cbebef49c8e7b9f7d5c,True
2,1,L31,14655756869950908512,1,e594d6bf590723db9e814ec7ccfd4f86846390394b5eb5857293da271bb7928f,True
2,1,L23,5521622579617863183,1,331bfafc95b18ba454cabb31ced8798412d3187ef2391d92390e44dfdd1eda88,True
2,1,L32,6966783978000375697,1,d7fe5b73ac5eec2dc830d11826b54deb47344a2f4f3a09b4cb4b14015b6850da,True
2,2,L12,4736829369826520522,1,505bddefaf64f3ed1cdc9302326f996dac1a3fae9b12b3620274372d2000eb5b,True
2,2,L21,8792446686129519672,1,df93ebcb6472690b3ac37429e58897fe842037e69d4a5de5b1142ded8ec89c56,True
2,2,L13,7573636851969064568,1,a034a89d523b94dbcfa056ef222b7585d5fcfedd29a0040299c4036cb68ad2ed,True
2,2,L31,11180070803689310346,1,2728254d467b4f0026b6fb1acf611a32de71087f222025bba3df6f191cda1614,True
2,2,L23,11148424762484549005,1,e436118a3691b6712737ce2900162618742df53fe2fd42ab3a91d7c71bd91ecc,True
2,2,L32,18289205347290633717,1,18600f562512e82ba472d1db8d0c4131a82d050b2719ff3c967af6b2acba632e,True
2,3,L12,15589998027450926357,1,57c62f2686cf813949c9228ddf1038a83e2f0b1dd81a8d37df5eaa5ea921de52,True
2,3,L21,7032208419344238118,1,71c0fc874ed797c188f426dcbc5c45ed2f302881e52676041f06522ebec7e9d3,True
2,3,L13,16149453580606949869,1,d1d05e2e1afac04e6cbeda2ab4917cd5a751590ae38c5f184195833a4c5f270e,True
2,3,L31,1998291424718074233,1,ca734616404bb2588af6bcb56650a94d1869b586a5a7fae8d6032ed0f4f08b11,True
2,3,L23,6923638923169067300,1,ec674fb9a175fcedbbef63a50680c84f197e5e9c88729a07aca45382872600c0,True
2,3,L32,6626302505686632693,1,dd8b212cf87593f7d4e50bb1f95d6e15aaeef6b4381ec4c63578108b7ea65cee,True
2,4,L12,960769463274883400,1,04de638c30670cd3edb204f673d288ec4faea530981e9b2d400467185ef44ffe,True
2,4,L21,15795237412025457272,1,b8c4287d259df80039a457ac5c4ec2002e38ea684f24e594dcd94012e369eea2,True
2,4,L13,16872252998849309940,1,4343522168abe1ec4b836adc95379289f96d253b5e9117170e060895044dacbe,True
2,4,L31,15882436044660632150,1,a9176c7e8f99089fb28ea2d1fbfee57dc4ef1083234b8cf65337a8292053f849,True
2,4,L23,2133909564863991596,1,8fddff436fbf98028aff76430150ab6be2b2d78b175468e9040335c7b996045e,True
2,4,L32,11304116315876059909,1,e1650e24665ecef9baf0c4b7d160932e29e726c905599e91b436e3f7dfde887c,True
2,5,L12,1001225746603197732,1,09f87e5670544cecf369d11dbbcfb9f4e073855da23f6b7aabeb76b56d6db344,True
2,5,L21,9680110697306900342,1,c07cd6486a83998c898d3edfc6d6e9b623a5db7e09fdba8a8a5403b34ecfe944,True
2,5,L13,3605058504648595642,1,34c91cd0d9849c91bd474b3633abaf3cdc75ba4cd458302f27d9e785bb053eb9,True
2,5,L31,2674055192797570526,1,0f5fe1fb5969c73c2df90ec89ec3aee89c6c6a910a342b29c5d1d8e6c50c227b,True
2,5,L23,2191659626516986173,1,1f3a53dae402654bb46707d4b10e2560f13c295908b586fcfcfae0e4b96e9ecf,True
2,5,L32,4462391116502246517,1,ca794ae280e92528657f6304e6e2feec2c61dc9c38841c06f94603372237a512,True
2,6,L12,9996437678053462491,1,131cc8a0bda4f6bc5ad5b112937211acb8856383c4a2b40d93d61f23a35678bd,True
2,6,L21,2450932398739103479,1,e9bfe2198f0cb3161af3ebda948c2b6d878e0ff77fee9a96ce5d2cfb76efb608,True
2,6,L13,16710620477811062039,1,358b705cf50d2a177a86bc727d3d8a93c0056f347d08a3894f418113c6da0544,True
2,6,L31,2658447552483039348,1,2cea9adacb1b9eab35ae94d457ca82d0e42b4c1589e528c9ff9903dcde7fb955,True
2,6,L23,5660568705443756190,1,2abec6623817017bc72aeddbe33c404e8c9be4fb23dcfbb75fa9c12651999d1d,True
2,6,L32,8453413276155555522,1,998008e5ec7d32028d542f11374b56a779c4b34592bbb112a8400caf1827a306,True
2,7,L12,10854231315031396947,1,f8d4a4cc8a7230d5b97c71bd03bcde9028da53ac75a4e0d0e3fab7f5643f3792,True
2,7,L21,10079789200423764952,1,007d901c867766b63af42eaef556cefea9bab00a7a6a33a67a5b01fcc097c8cc,True
2,7,L13,11881258260264675258,1,c6ab45186203c1ad1d586022e49fa295e283d4fc51497bf47f39bfd62313f349,True
2,7,L31,16309382303612936834,1,9180f4ee7bf2a2e2a438ffc80abe04365c39693518f4911fa00790fd290e137b,True
2,7,L23,4137369039237608586,1,2bb4a79d6a1a17c8e69228c2c68a35a29817661975b5ae59c91d98af81d098c9,True
2,7,L32,9967774576907894509,1,1a9ad28ae8c4b5074292a5a4fbcb411d7594ef1696daa141ebd064c5f8e5e149,True
2,8,L12,18216032026442978151,1,6f768118f5d5d01c22a52d402cf4ff1dc02cfd671bb2e45f2578c601bdae8762,True
2,8,L21,201451765056628736,1,beb926de5626f72e6b30f2efb96cd9d364543cbb43c8a073ae5a9ab1162cdfed,True
2,8,L13,6860680746960431635,1,0175a98ce36b8556a7375c1bbeca806269c700ad7582a928d7578372cbc8f52e,True
2,8,L31,12326299573525193504,1,c881835782316ff6ef1ad716eeb557ecdbc55111e0f74a506a55efd14e3f8427,True
2,8,L23,8471549572097029820,1,ab0f0172d9017d800e03f00dd0a51d163d2203cf6bb24fb49d9084337b159281,True
2,8,L32,9574194911732744390,1,f09e33b4f64f4ab3485694426b8c23d67f53bc0b00773d4995343b883871f509,True
2,9,L12,15557509491086453761,1,ca014ce4a0bbff4802f3209c1cf97298b77ccd3cce24b08e03c4e49e5ac577e0,True
2,9,L21,18296732106292699269,1,1a4c98494a0fbd681d319e87e5fb10a320ed4b8de71cf626c55c7379abcf0a93,True
2,9,L13,14339823021778426857,1,8ae729c7a868f002fc47509e0d0ac4ed6af9782989a1a92d1b6059baf29cca52,True
2,9,L31,10390419952027851497,1,9dbdc5a42addd7ffbe8fe27ec986f59a73167aac7d7e93c66ef64adc963da0dd,True
2,9,L23,8865894649013073784,1,c2150ce482d8c9193b93466df788433ddaf90399edfad5a8ba96d84cb23619bd,True
2,9,L32,3584575872571846333,1,2ab52557be61f1a6b5cffdf02dcabe3695dc440b4c4cc48095e4587881616e04,True
2,10,L12,18105570445019051457,1,9dabc36499fb1bda5d081657c203bfa0c51c22b4ea347915853cd76d9f565730,True
2,10,L21,12776202145097229506,1,cd5fe85ef3aa5d5d369a86f3f4f47ad095641ac68446683cfb416469755be56b,True
2,10,L13,4744156698834895133,1,84110305773b73d8965e00ee6406375e0bd1c39ba4268e1cc95d9700d46d17b0,True
2,10,L31,9883761463972955575,1,a865563e9eb23472e2af84efc88164ab00ab5f9b70f227eb77180ad7129ac470,True
2,10,L23,5706518286370235465,1,f52a3dfbbe9d89ea7e7f5cc8fbb74202c69689af99b47051ee1f2391f8a23b4d,True
2,10,L32,2942825672660181461,1,175e832e03f657c311b3a4484a6834c38e855584c86195d2832f0bd6a41d12ab,True
2,11,L12,17253658880920849631,1,e6a2f0b9b8c198ccfaffa2fdb827fcd352dca46e2e9e6fae4b5aa173cdb1086c,True
2,11,L21,15515494774289240884,1,30f99d4ef88fe3a10468fff2a063d5cd41a910b35e03251e0d1bd4c8144e26d9,True
2,11,L13,9688204665298004384,1,9927cf9188c5332273a84ba08cc397f6c65b46a1ee5630949f3ceaa231e133d6,True
2,11,L31,6517475470959092870,1,3ed007bafac8b8753d1d3658ade0a18f760836982c718456630158eb16750e8d,True
2,11,L23,10399166438595773990,1,c72d1366813d4909031451d4b942f44693469b50229939e574a49447faac5826,True
2,11,L32,12451176398774041286,1,58d329f2b9b5099884bef6360d08dfabcd48fef004f18af6bf0131aad6cbb47a,True
2,12,L12,2893887233770339662,1,1b67a9a740b6ff56fc3239eb70cdc88375a8ce351384f0bd0ed3c39d7c219951,True
2,12,L21,10417075983415234118,1,47605edfe2d3bbbdebce9b4b15b05f2b8ca352931be3b311161991f178617b1c,True
2,12,L13,7506500947143885133,1,2337d1fbbff20a5ffecf8f7b201805f7b73f8fe718aad105d07b5e1c3e9ef4e6,True
2,12,L31,12957307488558901609,1,9196b4d886fc8d5a74b2c847b91377c6f969fd0dbc567bbe429dba5f38010555,True
2,12,L23,1084550383566442753,1,1eded217e58b5819cafe15486b1ada10b5564410baf4e6e00c8b9e644e68efdc,True
2,12,L32,8197121551633444939,1,6412d67d8ebcdf105313394862a31a001ee879c84270a431543e3efa51566c5f,True
2,13,L12,5114418806863878686,1,5992d52cbf035ef8d5268c5840a4683448c2336ff22bdee76bd0b5401e6724d4,True
2,13,L21,11631442984323465239,1,38ee2375e6451d560dd77a8504fd6f2f7ed7c8efbabe5c29da0f4611c02cf828,True
2,13,L13,11113645194044471235,1,0416681598d1549873d1ab3ab1cd5a7f1516bd257b66598fc868b01c14960db3,True
2,13,L31,2804388967492091172,1,18225d7931f7c8232127852864d08c875ca8cc6f50860a707acf55a161776317,True
2,13,L23,16428357420067193838,1,a3ce82aa26ce7208c1fdd7b2ad087c42d1fdaa876a2c430b3fa470e80779d29d,True
2,13,L32,3989291946241811738,1,bad49aa5f1747e880158d23930ac92961f145f2ff08f53080b79587bb5204fa7,True
2,14,L12,6310280224605704877,1,b8d0bbd1fe74f80d800bbcf6349f3e361a237d635af052f97dcd505c659a6d10,True
2,14,L21,5738604492358280427,1,fb0187cf1e36207dcee0206ec14519604b1ca8d90280af88e519999ffa5a7bcd,True
2,14,L13,2512123244064688193,1,7a5881624a80a179957b0af707deb81eb6087670200c32958e2cb574dcbc7d33,True
2,14,L31,3542173383106548189,1,1c3743a114491a1f87a833a89ab4b4021160f5e6aad6c46365cd06f19e650ded,True
2,14,L23,14155872274151577098,1,ff781b969b10b416b1cd621cfd38218096c50283e997b95d1b85143acc982ba1,True
2,14,L32,9008180401738604097,1,dc2bdf71e79f132df6a2865710aad060415eef9244cdebdd9be7e39dd728fe6c,True
2,15,L12,10618441949882968481,1,8b93cce0a2bd9be91d466a036f1e5f3db6a490b07ed662bd58e06ad242f82b8e,True
2,15,L21,14618764969412860121,1,ffe5bf4fc299eb6688565707dbef7a8d7a0f88a998273a681d5c61f19c9a7fef,True
2,15,L13,3097474674715499567,1,eef380af23aff3b05afc9b82dd5eee30a23f33c433e8a68499d89ceda69b1d0f,True
2,15,L31,9623306627909736315,1,f35787d4d528d2fd42e995df665746237434b6011f426ed9280cb0abfd7d7d69,True
2,15,L23,5113254682469028563,1,6f1d1ee7ad1f0deb61bf8c07f30352c529911d749a459ba96c712b6fc5953b93,True
2,15,L32,13871209957130756034,1,8dc93c9a55762f2c11cdf36e487f29f553cce4436105f9fbf47e41bcf3030bc5,True
2,16,L12,9667560821866190935,1,0a498f7a4e64f98f4d9d940d59cb8479c250ecb3a572d4aa2b7efa8c6875d59f,True
2,16,L21,16524363863551448451,1,f856a478f598344e19472694a27032486b306560ae10903d4c93b2b19a68af0a,True
2,16,L13,13842156370523172329,1,68526812c3c1cd17d2ef07e282b5df8fe47f8694bc98782358204fc4d2c84e3d,True
2,16,L31,12427001017382353833,1,522021e05e3735980b25f11aee753b97faa46eb20c8f6347a905115bd9c861f3,True
2,16,L23,17025307666306190569,1,f8b56165b4c1381315095b7db7de2dfbb7759d2883256a866aacd1c8f952ceaf,True
2,16,L32,11006533280968526205,1,7f3443d6789b45368f5f71347124198f46f63b18a6fbf9a88d61530f35d760ad,True
2,17,L12,18244268261782815068,1,559983dced01fa3196293279ca1fdc32d7164433bb5b39dbbf6579d7f3609db2,True
2,17,L21,4481122004458313797,1,aad8b8b438f9ba89fae1f3fe352bf729dfb1d8f4ae6ff04c44c2ad0b4268ce54,True
2,17,L13,528922109139774900,1,9d33d5aac8e091ac6f70a85ba50a741d4e044b9ba7495ab72905cfb56538d7bb,True
2,17,L31,1612033620338983544,1,a29428b264be6a6cc034c1f07f7b62f93d311b0e1b567c17734d78c267fbf34a,True
2,17,L23,14547279264337581800,1,5f45a213faec2ab978a06059a9f436ad5691c711a15f7ee3da50c5c0c958dcc9,True
2,17,L32,13854265526337222968,1,062f28479f99abbded806918cbdde42867aaabd32ec8882b18d7fc67ea1d215b,True
2,18,L12,3211153901348910782,1,1aee4bd4825a80e2c9766e7930d60647a5c72908c17741088b52b52d031fb61b,True
2,18,L21,16390782842128720220,1,6f45d5229417ba9cb0d6e7407306059ea410ca7f8d07d26190771ad0aa9477a0,True
2,18,L13,4794796566420513105,1,1958c39e3703a4d955daf025bc6701a74644adf98f3804c97424cbfc5d866563,True
2,18,L31,15206952017315576315,1,710669e15154d8a38327fc1d9510d6f6acfe09e36df3466c6659f2bf0d573203,True
2,18,L23,7884252556565266858,1,44941ddadbe1abf8f3604fe6bf015c1c227a9a17b61b211ca771880b1ff1c16e,True
2,18,L32,2340243077228933554,1,7bd2f977da3dde0bb897f9982048f1d4619d1064beaf88a997a2ab2b2a3aeaf3,True
2,19,L12,846083139418299577,1,4a10cee9a703bda7241d2997178ec654d4a9c2d3c1d25b765d2222f6d907c3f8,True
2,19,L21,1371391991180690533,1,4d435b58928f60b4cfca7bd43aedcdee01b2d395dcf699ec0053cf18619d5649,True
2,19,L13,17257143868814786426,1,502869162edb10d4beab03f37a76ab08a82ead4a7468f410acf4d0ad46e7146e,True
2,19,L31,900883395791726241,1,238c675e4ae3457a55e01316964f95f5be939eb8c53d82f2bd4df2fdeacb21a5,True
2,19,L23,22381815243113333,1,c7136a1ce4a433e8c93b9ac3457936639b1b3bbc69c0991ca71de7f01682d082,True
2,19,L32,7166549211105704757,1,12fea04a7d2f931bfe4d927e62e09d37c76ae9c238fb5a29ab75a8b25157b6d9,True
2,20,L12,1821369048174165148,1,532581e010cdeacbcd786690a84a6a22dd8a9c43815beffa1f1c3ed04c3ef908,True
2,20,L21,6412532093906518053,1,1ae8079fe727171a0efb97b42e67fcc7edf798ea4b7d1963f9809ce3a83ce687,True
2,20,L13,3260915597542655737,1,92ef3dfd2f3c6c46effbb7b82d23c0d89dca37750f51e22fb33b697b0253e390,True
2,20,L31,7176726330930086851,1,1acd8ca974c843fb589c7360af28251c45982164e58971e4dc44f2d889df697f,True
2,20,L23,14850445500013696402,1,c65a18068e39017d457368c9ca0430f3f60e89197a206a4cc0b2daa13b83ed6f,True
2,20,L32,16304782739502353869,1,9cbcd5a6bc4f6cd6093126968885eabe014c66d89a85fd7a368414feb97d5708,True
2,21,L12,16434991681767362375,1,68149eb469111771e28b0c5508f39bc1f1e478a71d4f5be13ec052adbeccc2be,True
2,21,L21,18443629241671348843,1,4e7f1fc32e03ea44e4e0704f6666ab7979f095d89567105e99c32089cd1ee5c4,True
2,21,L13,11686554854480033990,1,cda1b5d5175b0c44e22de8f472311b985a80b9395e3ae75170b2150548f79388,True
2,21,L31,12199826716027776427,1,d4f5b5d609f583f45e598fe6987e2930873148f6fb8a85755c589483d6e1167b,True
2,21,L23,18260991434867183009,1,2f567a70139036fbd38e07526059ecd6bd581fa0c7d727c4b09fd72233532cdd,True
2,21,L32,11865472805542504343,1,ed0cbf10da85c6ce47e6b25e7d4027f20440cb40474b7a40bd6c44f43e3a23d9,True
2,22,L12,10356384052687818738,1,30f0fa759785e90ec4c64cf354c02ad9466e44efef83524b0702af9ad860025c,True
2,22,L21,7910257231394727668,1,0b6e9aa4dac48f31971430521d4599bbf4bef24a05b9708b0c0fa007fc4a0ce6,True
2,22,L13,10952208569421467315,1,e8bb070f16bae438b71acc3a348e8cb25e3f4e6f46c66419cfc16b40edea6b3b,True
2,22,L31,4018669777159405295,1,94e94f9a7756100773dd04654d143e5714a2511f40f81b41bf158f63026ba2c7,True
2,22,L23,6987711372767605006,1,cae4f8fc1a34e6b228e5d0a7ef0041f7a883a26f4066674f1a987bf4577f7d75,True
2,22,L32,10355655734214998285,1,3a86cd7327adb06e7a205cc1b2324bcb12676a9be733d36efdd39882e9884e9c,True
2,23,L12,12478778884917780424,1,5ae0a482cb47c86b9af4714b0aa53850a3f9a266458c82161e2d29212eb27b11,True
2,23,L21,13212920596719948557,1,74ee59c9418e970e99bd04e78a64c4efdbd74232a1d7e4774f1a927be900d58b,True
2,23,L13,13932913826557378205,1,c1c84c0e93a5116f967bc3baa75aacd0915ba3b32185a0faa86d04365b07dd74,True
2,23,L31,17602880837808063419,1,107cce6191a75f613f260058d3777e60816340e64612fc19fabda183e542545b,True
2,23,L23,14119576521906957531,1,4305938780c0a6c6a60e96d38033b2478bf195509f3689970a46e6eaa2e3f104,True
2,23,L32,2375524362739820172,1,0d13afb1be1824ffed021ec07ff61abbd61f47ae40ee2700bf85213cddb6cf1d,True
2,24,L12,12436264940330159990,1,c4dd0067ab69d102bffb00930f4c429e66f88cd8ebaba9872af632ef8b5a10f1,True
2,24,L21,9001059892720570128,1,312478fab3e1a38add5141436ff804292a6fbee0223e7b590d899ed5a99ea295,True
2,24,L13,5402941322611603030,1,0bc4442107427e0478343b5dae9a146c9210fec245c679c8cd197f43b650986d,True
2,24,L31,10569494208978173297,1,ab7aab7ce2686550e858efc34f61484deb7f94678d0d3bf9621f515deb58b353,True
2,24,L23,11988907202001720184,1,47d4114840c42f865d5d2298248ea33111fe771a368449cb961e89f172f1a272,True
2,24,L32,1416080271300364698,1,d360bb31903818e605eea42544af34998c50746beed8bff0f8d4433477e2837c,True
2,25,L12,678890910265815992,1,eb43a831800daf912488910a606d36d90265b10341a658a6e8ac14fe494f2ff0,True
2,25,L21,2056721036112194340,1,c209c162c1d47466fe9176e50e173790cc061c5512c21e551de80666c29ddf7a,True
2,25,L13,2987039993023991579,1,e16eecb534223c7323f1c9c00f0a9458850dfc71dc2f8f88a179545ce06800ef,True
2,25,L31,10007541257165693609,1,b7a34878041d58b98b6f37576da6bfc7485212ebc124724e4bfe5d73af1e88b4,True
2,25,L23,11367600406013543169,1,e8842e3028bb584fc7af42e8389c03478886fa1e22a795665fd13b86e73b9c5d,True
2,25,L32,15463433109449630708,1,265572074c3405013ad532cee136f006573190bb7a2afbcf4e7730e86ca077c1,True
2,26,L12,17715477703270639788,1,9548e395c826fedfb4be96d4c287661cc3a51b8b608c521f2cc7e1d2851be22f,True
2,26,L21,9818289397009276457,1,022c7ba4ad31be5485ec2dd64d3950d53ba03dcce477644a18164bb58930f0dc,True
2,26,L13,6769841368507923477,1,e9aec3e88ff0d4816e8107ca8d81f0641e216b796c95ecdb1c80341ac20fccd9,True
2,26,L31,8849888144209098566,1,8653df2fa2fb6d89fe6352dd78aa4bf0847b1c35ca5547dffc8a4a900745d5f2,True
2,26,L23,1124872769905493004,1,a08c9277d1627d6f03426ace3daa55bfc741bff998c5ebe1adfc8899a8e66530,True
2,26,L32,11755698334224077851,1,d8d792a48d5e9b6922c058348c196a0a0bdd263a319eac551248369cb123b53e,True
2,27,L12,11091799053733244774,1,a811cd7a21d80c0058ca3e1ae2a1a31607e01094eab9294f2ade7d0a22fd0574,True
2,27,L21,9386629376497829995,1,22917b8fe9b1f2d03861bc23432e20c90d13d5afa94a36c2cad900666fcd70b9,True
2,27,L13,13584870232148263750,1,9d4462686e28257b6376216d2a6d16545d5c1b7dc66aa79744d4087a055066b9,True
2,27,L31,17231664997556393810,1,da62007bb63007caa9ef785187f6947ffe83bee426b49baa4a4ab3373ff77f68,True
2,27,L23,4574569810040853845,1,eb93942c1061b845dd790a624c7abef11ff4a4460f007f1f3b5a30b18fba5d08,True
2,27,L32,7798741178864795086,1,64c5aa0b33a656a3bfdb77db86f1572a82f1fefe09be8f2adb6a91b5eab1e5df,True
2,28,L12,17206739986331169072,1,1106ddcf02a86e271debeb392098f1601b5e1dfbb57e63700f9c9c66446e70ab,True
2,28,L21,15908594642354566471,1,8f0fb37e62e5be057f126cdb93944feac934454eb7179053055b96115a52a737,True
2,28,L13,7186691160133533539,1,1d2aedf14dffea32838391ae3bbfba7b8b45cc52b9fab8076ca293e815946f62,True
2,28,L31,15383543888726612930,1,ac1b6daa80c95e5230ed690912e44e8fc5524bb77da0ef825671ab3847e6cedb,True
2,28,L23,392220334862908478,1,9f3b705964e1e0ed38f9f81be36254f43edec38db14c659d87b97ad7397d91e3,True
2,28,L32,15447740856957629291,1,b61e7dc7fce70ed5b9135e0a3c946be9b49b49e09df59d0f62202cb86104fd3e,True
2,29,L12,12173382457272652641,1,67dd480863adb7242e14a0b7af6dda1c55dea5fcf61b450692d12b33529ed096,True
2,29,L21,6901381666425449257,1,0b2d5cbae16d5f3e1dba0295d93f1a1dd1c0440d22f82c9b6f8cb7dd5b1d07f3,True
2,29,L13,16690700995322792302,1,f6d79a45942127faa2041e95a2fca089bdb89951e9d256eb9e2971aa30eee2b5,True
2,29,L31,16048269256018633301,1,0c4ea446b91465565d061471ec9e1fc4e7208a1460f736c1d84770cdd12dd98e,True
2,29,L23,1847507481909001847,1,b13e501235474c98b09b24a4e2a8596cdcee82bbc1eab6d1d567a6a2db55cee7,True
2,29,L32,7811944521565442391,1,3106844c15f9c760974f3cb406364cabd08f85b7eed0b219086421ffac33a6cd,True
2,30,L12,11227524487946028180,1,61287c2bc21ee8178849a42cb8fb597dfb2774bea6ba9c5a947e610399b1d240,True
2,30,L21,10659618446030787042,1,9ddd960da9bf04725c1043b2e52a6113227a24cc5c9c437aba0a528ac16e02c3,True
2,30,L13,12726241802798537305,1,d38b30b150ccfbe2f3258992e1074154c65423c273df39c632115307dd064a64,True
2,30,L31,2042214647174777918,1,25ed0e30e937e3de0ef4f1b9ff763de1faf0f11f3156f9fe3ae363cbb0047651,True
2,30,L23,13569392500475727439,1,1ef3e103e4d2f43cecd8aa6f43a513843b88f3f66de40631db3ce494f6ed0c94,True
2,30,L32,3104010380628688272,1,371e67fe25ad492004ad83a9e7d8da4aabc15c4203c793729c5e3231081f9ead,True
2,31,L12,16768018540041875727,1,c4b8cb16300be825b5ed0e3191493e8b9053438e5415cdff2626ea71953a50f0,True
2,31,L21,9150431408050879419,1,78d9ba4b431cfd4d18155b9d684c82778230e4657e8b646d0e97f0e334ff117e,True
2,31,L13,1270287770138934940,1,ac777be225bc018e73612f4d24639b18ad24eb2db9d205b797a74a080124f5c0,True
2,31,L31,15865334721499523619,1,100c503a74c2637d53aa2a79702ad505accee709502fc68f52a8dd46e4f1c70f,True
2,31,L23,5022809866170690072,1,f5c2b0ffb5c82af04542f61caeeb65c9e897d3d07e7c33b3d10499c7b3e7e814,True
2,31,L32,13789118934228069932,1,2f46de8bc2f5684978800985456f8333eb9aac26b41eac120977cbfced8f0522,True
2,32,L12,14612940362664626767,1,41dd7ecc714b51de470a0f54bbd5b63a5e0a6bfd678349d2617aafc605174430,True
2,32,L21,17995084791640599670,1,7570289630c8733eb233650293dc177bf75e21004784eb58c3fdc2ffa65a21cb,True
2,32,L13,7039429959165065010,1,6697597f313c5d966553dbab0a808447992eb76ac23d034a38ddb69edbda10fe,True
2,32,L31,5345629312027372412,1,77fbfaf6a948a6ff91af5755afc8bf191f4256540733be8a6b2f13ffda827771,True
2,32,L23,18028894840638830552,1,8e80a1ea551164139a1834028fb9e813c2ad48d600c10a474774558b863d5adf,True
2,32,L32,14973353050022983796,1,e734941b2afa942a29047604819e5237d06bcfc287dd9136c8e0a776d93ef416,True
2,33,L12,9993174563993073782,1,dfb4e998be302bae7f53043ba4e27e2e8bddc88471913fa6eeec5a17a93d9722,True
2,33,L21,9432732126246335783,1,957987a85bdcd944221fba19baee783dc77e27fbfce9c13154e80bf54ef9e16a,True
2,33,L13,7122623515811171559,1,5542a208392ad923a26931d00ad01977c625571334fa415db64182d02453d939,True
2,33,L31,12313522782027523729,1,a0335b4f0babe35cf6fe7334549928917e9959a241aafb631ccf567ba2e5dec4,True
2,33,L23,3375821409880158347,1,0aa16ca3e39381f8edeb22e39fe7e7c3684c1803539003f8d75ae3e95707af5a,True
2,33,L32,12507015358149296684,1,b6e032bebba58b55df1eaa032b4e20256a2be282293497b04f4e2fa7225ec97f,True
2,34,L12,11937096842282581621,1,caa18a72336eff60745f3817bdafb5ec6bf29be78144801b3d1149efc8c8fa9f,True
2,34,L21,8513201592056704,1,2d73b542e7a23d6b87e8c7159b5bb070018eafd8c3efe4ac80429e85ce86ed9e,True
2,34,L13,6153609251503957533,1,eb2553daadfce753b361ed4a708c253ce9beeb4e6c1de7e708a032cf2aaccaea,True
2,34,L31,11690302500040022627,1,1c8b3040b5a90fba4873e60d8e602b5b60208c42a6e3c7c53f785f5f9da47da5,True
2,34,L23,3352594460734593800,1,84e2d0dc7ccd4185433d10e492783a9caa62c51e6c5fea0cc7e3f6281cbe0d2a,True
2,34,L32,13713866912739659325,1,c0c82fca7eb1541fc3fa2f259d139e210151335685ec791ba22bb5dddd89f935,True
2,35,L12,18225992815738391057,1,358ec6b0f3a4c868b7f4b39cb32173860b53a4f03feb7eadca1f658335d022c5,True
2,35,L21,6037194745801941650,1,bfba241325eecb029df1824952c8ec0254f7ea665602367692357af4ea771186,True
2,35,L13,5333961632881821910,1,d36d692f7b745b7cdc28a615e0e9ec6d7a2bd7619cdc3e05795a403641cea8c3,True
2,35,L31,15811826711989268619,1,919c1998e38aa09cc481ebc6da7d24a2e1d8f16e8d7b46e240c31b4b4102a5c9,True
2,35,L23,16386882301374652360,1,37d5a678938abdb1a1553ea79233276069fc241c9104d37bfe8f5af2338bfcfb,True
2,35,L32,6403862290595597669,1,58b73244bf06e2c3bac88b8ea5ffb21c004c014badde08a602d766efe2138a6c,True
2,36,L12,1458663345349924459,1,e319cf5e2633a520960f83b85a96e79dbccd25100ce49e89a2a8deb9e3033523,True
2,36,L21,9980212472897305955,1,f20d27198cf268161abb4f9b9b499665714e7736b2d334af3682bc579a99bd45,True
2,36,L13,13476500530649659864,1,c156a60ffcb10abba6dbc81fe9c683cbab37c9f55acaa7ddd61cd56aa7c45f48,True
2,36,L31,11032406932550328521,1,6ed028ee1f4ba19af501f32264d26c0ea3679eb87daeef2dff080e123f374fb7,True
2,36,L23,5328242852750709266,1,46d03ff9b160314a432298bb3f76a338596cf1c3ae8396243e53b0b9dcd87db0,True
2,36,L32,12432641972706000859,1,fb006f399ac8765feaa50e6db0c733518090d5a7aa7e3af8654c726fde2e6141,True
2,37,L12,567215887639624160,1,fe9693a6658a1c751f032729f449869018b860544245428f0c7cbc890557c512,True
2,37,L21,9391230008665510975,1,de67c6749812c5b64ac00d5d3b4754544baeff0aec06bb15fac5e8ef0c0cd13e,True
2,37,L13,1199835469951259199,1,78e7900630644649ad723a61ca2dcddc487240c790a82c9a531a80884242ba86,True
2,37,L31,3412836654556504035,1,33fccc1dfc12abff78cd2f10846a000a74cf93ebc90c8087b92109665d555298,True
2,37,L23,3364068589134781694,1,a61550119e75281ce9c35d9af3f130adb5bfb0980b97d7c31cd3124fde0d0534,True
2,37,L32,11687913719397939171,1,f7ed7a0e679fcd3ed638487f92b6b8a09cf90910ba5db7ad769d827f9a39f0c8,True
2,38,L12,3026268462709903564,1,f0302b41c2ed500850ad9d5f5139ebb6e11cb9067882821402c3c4f056501fb6,True
2,38,L21,13396083699192049159,1,2c4c0ee74243abe0a97f20a4ddbee298f910a89b2a59f7a8da9d719821f68dff,True
2,38,L13,12038969487364952518,1,6fbc7776d043a35b43c41fe5d763ea8e75a71855972d4fa23f7f8111b5773e59,True
2,38,L31,1031255971809941520,1,315afe7e5163facfc6f3b0bdbb1de072ad4e4084a240fe9906308fa43250c9e0,True
2,38,L23,3275197854530388020,1,6c78365c0eb87d5dcfe18da2556220a161de619d66e3ae1c97bbec2c9d5e6429,True
2,38,L32,6348159310988949049,1,42be3cfd06b64ab7b592695c6556bef50351e47078954a6a33ca292bfdc46742,True
2,39,L12,6384516521249867602,1,c42cde7c59b654f3ba1a997fa5546872042bf7f4c1254a3cf4fbe319586033e3,True
2,39,L21,13081306931447014606,1,adc60fd510f29f7e4a2fef5fa9bf7b37e2784f7b5388318de97f99f12d36ce57,True
2,39,L13,9753978807857064676,1,f2dada8cb38c41c91289851616e7526628855671b5c45d8df70446ae422747f4,True
2,39,L31,5565684573231673193,1,5646c741620fa878e76c437cc616329ea7ed50be570d618b6d1ae48a69c55e07,True
2,39,L23,16718121572763022118,1,4f83e0493d9fc7457148d1aaefa0735a8702b7df740d8921a482544e479665f7,True
2,39,L32,5976475417411839542,1,12d417cf6e8423f799f00f9d36d0740171c6ae3925e7c942822a7d98dc835924,True
2,40,L12,9563051393591877695,1,09f582f1b39fcd3cf08cca0cd34f9b36349b8456170a495d2d0f929d0c5d674a,True
2,40,L21,11795755829404707903,1,ff29b1599a1fd634e665aa5c36add0bfce115ee166d544d12b010d390b24c296,True
2,40,L13,5667550228272867648,1,6010e6fd84bb7e0a31b1ff2c0b3ef46bbe19a5bee9d1873f9d52176e0c6db780,True
2,40,L31,3244233360237276085,1,a60d4a78f3cebc2cd2bf553c7c0e49a747490e8255e5bd32420f2190574f46e0,True
2,40,L23,7104204914141831991,1,d808905de4b489ec98d2ff18051da9d5520f96c4f716badf4967c195d3c6c03b,True
2,40,L32,684327738101330665,1,a95b5d249fa1722218f49dba6dd23abc61fac5f7c45e0dec13efbffc32f893e4,True
2,41,L12,802661532793373386,1,1ad1a051003f27e4e772589966458890a76bf2f84847ff12b6c7cab73841d268,True
2,41,L21,13732323008204291340,1,db9041a5090fa50d6573ca450442519e145464fda8ad64073c4d08b2ef62a505,True
2,41,L13,12664602317727410096,1,3fb25c2c017642b56fa169a7ce835e9777c3365b246e71a9245d24e7f8d54384,True
2,41,L31,1352335647181735672,1,919d87b1b7dadd8a4641b4b0abcc303d5b1429088c183e1819bda6b09344709e,True
2,41,L23,16391983015607190993,1,11be6ccef522791c547f485769d5620cc85c454e6f47bfb68739fedfbb18b0a8,True
2,41,L32,11889749598150516817,1,7feb16061d55a62afbffa11dbf11999ef622a3a5fa82825798fc6556d80a660e,True
2,42,L12,5416592167219812976,1,ee00ae9bcd55809969c4cdee4f6c1848fa0a098077a1fa06a7beaa1df482f4c1,True
2,42,L21,2635715992645861119,1,60185a5e6c6c13a61f3eeb756c029d581da6ca589b55c8e15e2579a61db122d5,True
2,42,L13,3303259025341770249,1,91d03ffb74053441b244ac1dbfa46ac774d9683164ac7fe988f2aab5b70be99e,True
2,42,L31,13480810913536737747,1,0173b1c874124714e31545bc0ae19070fecd632582e7fe31a60cc719080ad126,True
2,42,L23,16369227177112921199,1,e9288f1113c7055038fb8cb212880678d7d11a9b808fc8c2895b7b6a03bd6f40,True
2,42,L32,14929304715797764129,1,a9e5159242d6d39d8e9e17446c40d91f85de568428bbd619980da1bec558ac3f,True
2,43,L12,16037900475819046141,1,dd08652f57151e3dbbf3adc9baf1f5dd8d1120ccb66d368e25bbe05fac2a7a91,True
2,43,L21,11491911138722567928,1,6f55553061bfe6245cbb96fa9fd9e25fc6605b09220732f2e5de1afea50e5ea1,True
2,43,L13,6447889310396950022,1,8414ab430bffb927fdba678eb999e307e5ae9de2d96eeed8fbf56609997ec647,True
2,43,L31,8346118098608359026,1,e006319e736d88bcaca6b09ecb5b23d3aa4405e3979628cab5a582c1519379a5,True
2,43,L23,11378041439475357517,1,821c1b1711910e828b287037a4dae5d7db2428d518630110c0e916d494d404de,True
2,43,L32,17523461091820751593,1,802739b99e93724cd7557b3cebd50f94d6de518d5e46b5c9e9dbe60b7e759db5,True
2,44,L12,15309584365513641923,1,76d60b00e3138d7057d43be0bc36635ad8667a362fa00c0630fd35f9e7a90063,True
2,44,L21,9685264609390711698,1,f056933af35b3c02494d7c89123044f0487e69a340bf38f43b115df173d72718,True
2,44,L13,7029132564507648704,1,9cf391823b2ea2db768b35ce0f15186e7f68025177e6e0a55d4c52da5cde0ea0,True
2,44,L31,14885623561589981208,1,7a6bab0c85c34f80850451f0852fd2f17571710dfe07d7be0fa769b31779c812,True
2,44,L23,12961013480238538182,1,6e49416b351ae4de386f5c75d1126d162d11e2f32d88bc50da5da65a5d5b4d84,True
2,44,L32,3107008685801605271,1,05f72ec8ab08f34396bba3daea86e8ca861d8e9f0ced83af4ebb89822af0c533,True
2,45,L12,221580580803327711,1,2222de6967b340f3a1ddcb2d60826d9726dd6b5dc179b910dade2b31199aaf3b,True
2,45,L21,3576740366587806059,1,51c85fcd1beceda7e3b6680cd6ed1f13175a41d9e492953a3249129119f3a0e2,True
2,45,L13,6687379144191449759,1,aad9747e75c45ced35307f796fd252d19b93fc6c50fd130ddbdee571af4bd908,True
2,45,L31,17249667012913166186,1,994a2974cffa0b665c7df55d913c80c923d132e4397c85aba81d63da6416c7c4,True
2,45,L23,6195050453074708099,1,87be978427da4f07613fe6504ecb02d9ac6b27ab17fa7b2e622d8f49ad0872ab,True
2,45,L32,9902233102874765680,1,6b8b6d25011536bb480219ce62eca7d0e01dbe7ce63defdb0c415aab617743b6,True
2,46,L12,11933700187510613002,1,48744cc3870ef595de2c8bcef33975cee5784b2b98d27ae03ae8b8eea84b2629,True
2,46,L21,13110498138974732488,1,2a74c39a4879cf6763359b3250f69b3436221adfc99301e35c87cb13332a53b5,True
2,46,L13,7547182575733459196,1,73c2021072db4e992f97eb2b6d5d7d27880b1bb593d8fa9596675ca06f5f1bb0,True
2,46,L31,10449705157091777109,1,9d440b0a1f55502543619623ae063ef9228c2adb2ad245fdea51d370ab662769,True
2,46,L23,78833274771105185,1,bd34924afc55c908d9ebe53399b01811714aa15b461edb07c56d7f8f2dff5a88,True
2,46,L32,10571146348209554900,1,071f39a7ec6d3d288431d7e125121d635333f69f21823843201408d8de625f09,True
2,47,L12,2929210887676020414,1,f0490d0b3480681732ca9e3a6d30e60a597c49d549e5754242586ba2b91e84e1,True
2,47,L21,5385136373124647935,1,e5400385d7c30cb25d40c6208c1165a1c0a7ba527a3857fd5bf689fcb610a0c6,True
2,47,L13,13144297027002878682,1,a633fe25d0e762ec1e0a52dddebb5010f88cde155f456ba43aa4fdef1fca828b,True
2,47,L31,16873507062438262160,1,6bbbe38d17180ecae9adbd062659422d032acd4f4a1feab7ef976c0224315c39,True
2,47,L23,13023002276460349597,1,11831ae83696b9d7d80b29bcd0fffb61912874cf382c43d162dac050fcdb2c6f,True
2,47,L32,9594880207441985391,1,611084b7b5beeaeca4fbbd1e14eb20439dc26c538d908d388622c416b32a2b2a,True
2,48,L12,3633543996916048094,1,9c8f123d38615b49c92dbd8950e58495c57c7688e5d52de129869f94e1586950,True
2,48,L21,5138127713620457270,1,732f159218498945870e6337a05391bc54440d85d9d49a98da49676fdb68038a,True
2,48,L13,13769121175263319895,1,a5f9b0a526e829eb5531b084506bfa7aa0a4b6524ba8852c79caa30744fd1687,True
2,48,L31,14778350148442964183,1,84fa9fdeb5f3a8ca489aa1c3d620f323b3dd2cd8bd651322c7745fef7fddd3be,True
2,48,L23,11832262777583265125,1,e09c22dc41fb1bc92abd6ca47f92221a5ab78c4c0b242c2f1ec4fd1be6010353,True
2,48,L32,2990794924218289702,1,987a8721a0e2263b5b323476eec235886d7a5acaa8ef071da2c6e74d0acd3036,True
2,49,L12,16038784619977537517,1,b6912bea4baa0fcb5a92b59833e7e5a2ac238be5e5d48f95d518399de9a63694,True
2,49,L21,18252703160783421498,1,6604c0aa0f98e0716ad774917a976fbd7c36276ab17209e7fdf06aca24c201cc,True
2,49,L13,758313098496511642,1,430acdb7a2fb7b18561e1c1c161e97a6dcbb3d966c8a8adaeecb2ba3631db3d0,True
2,49,L31,9744489582823269474,1,04e8839f8cb4126a65aa65863a93ddee64708e5ea4287a4e329b7ab4e745074a,True
2,49,L23,16941837700522726792,1,8fcc2ba374225bbd20b5d9fed25cca231f580472e621fc7b8e5f401be9043518,True
2,49,L32,6833501592069932932,1,3f0aa6569ca95cbd5d1b5d661f6e50b218505ded7573a697aef46c87caabfaff,True
2,50,L12,16745227943858240396,1,dfe6eb6956b873db652b2372bd5003d9b8688f6baf296d1842267913a6eab23c,True
2,50,L21,2825861482896424728,1,9eb755c151ca113a23b7dcb372a7ed6641a9cf1a4ff838ec488b73153a441790,True
2,50,L13,13184749132424900468,1,126db03fa3e57983fa1f1e931e7f3a23fe2dde497f7885d9eeb121aea5a09bf8,True
2,50,L31,13767841319514506200,1,775c8854498a9f38b4f39d6746c176ad9c0b2aaa0dca98c84eefb69fa276cc50,True
2,50,L23,17847878039316520971,1,d4f7a1c7ced4dfb8c182ea664895b4b5e803e754879b9fde1aed712a9dfe1a9d,True
2,50,L32,7848851959991740083,1,c3a7755c43bfb25501864c603bff0adcfe9de6703155d6f17f97598be1630710,True
2,51,L12,6694367285223901613,1,6b11286456df591bd2b56a46535f1ac1077966da4e3819e6d356ee44cd7ae9bd,True
2,51,L21,9600127439191554905,1,0ba88bd57fa5ad13b9fd0989ae207f5ecbbb7f28c8bb3cbf1af4ef11bfe48693,True
2,51,L13,13492507674819716159,1,51c416a1ae0c470c71562637c8363fa3c3efac8d376f4f269e0209bb67ed5424,True
2,51,L31,10476975653245711756,1,44d0e6d799d79bfd39bcb458ae2d246ba5f547fe1afcde3d33d6fe5979ad3c3d,True
2,51,L23,50760242599249914,1,4e71321baef602941b4a0b3d309ae8f138d310c3517934fb85e0668e6be4f12a,True
2,51,L32,2179970367509100642,1,bd8407495f46033af45fb421c70d8afdcf88ebf963c453d41c7afa1b6bdd23ee,True
2,52,L12,2504755612996158948,1,9ba5302b21a03871bf83a12b82ca91c65194403c770b187b01f61f72ecdc5ef2,True
2,52,L21,14490592137307151239,1,ebb06c976d525b2b5b2f2d616910ab9507b3a1274a7ca23b9a6e087b7c4a37ca,True
2,52,L13,17364624938141538435,1,cb6b31c8e8cd1562d842d791b7b77e78b3c12c9b2c04b33ed10088bb497bef9d,True
2,52,L31,8159123318964276953,1,db3e04cbf1eb5005e706f82fcc3eea00a615a45dcdaa4b42761a2fb927391540,True
2,52,L23,5547412242450340845,1,75d31985080e5133f450fc9bc9ea39cceed03b46abe623191df3bba6c83a9bac,True
2,52,L32,9461122972666932049,1,55f9124f6591418cea3407ddd50b54474044ed785394b19eabba5826d85879a3,True
2,53,L12,14024850883957624270,1,d51d9ce4eb7639e4d84ae1b3a888f093703fa112c751da8a663c2b485a356f29,True
2,53,L21,13850618381643818270,1,621207a1a5c2a0682b6c82035e3e1922d151898d9392acbeee66d4cbb0daffff,True
2,53,L13,1564147378289468881,1,5bb5658e4d7ab826c6c36dc012050eae53a1cdb2cb83934a6100d8d57203a243,True
2,53,L31,9102300396866876002,1,d9c3637d9068dcd2fa1774f4368df4e563e0fdde73d0214bb4e2f0abe059ac06,True
2,53,L23,16540693152697010549,1,66f935cbc341eea58c3b1b8adea872e3fd58584b275aa8b909c72676d0f30145,True
2,53,L32,10776839035931335341,1,36b1f6f5c407db842f4963d32dc81950fa14506b36a10cadb184f6d68f32cac3,True
2,54,L12,15337025124982998709,1,efee1cf91097e5ec2ae6f1c1156ef293d5cad192b31c0ddd816e8ecece038358,True
2,54,L21,5872129286473575126,1,0ffc9bf3a844ed5aed173c8b39ad629e395160772fc6a16566a9bc6b12511d19,True
2,54,L13,17677393675071089084,1,614849593264ce35bec667c4e97ec40d63c2f680bf88bfcdfeefac323373b210,True
2,54,L31,14383424264050920153,1,bea0f225f4e10d4a8abf14d40f9b8a2403afcd95beb992d17775a5cfe445faea,True
2,54,L23,11190723155915234886,1,5b38820f1df316bd56e42cb8dd2ab10f72725f32b4335b5f5bb222af503b79d5,True
2,54,L32,12526429017128236617,1,fd1af6f5fa39508e0e974c9519e20f6dbb7743012e38165ce89ab59491575768,True
2,55,L12,11597259685541868448,1,8791c60f602cbdd5ad64f825dd03af15bbed370975cb940f61ea0d779e6494a0,True
2,55,L21,15574293561754178089,1,ed2271cf5b362e81f5ea7fbdef0bc1b555038465601540a848a2fec17c4d2ec8,True
2,55,L13,17634648676603688016,1,6bc6e3680a5bdc0d8d476c306197a294234dac0ce96662c9e7c5438ea21f87cd,True
2,55,L31,9387380328358708512,1,2d7f8556647dbc5b57b19add6d25997ae7276380e5762fab00b2cf6fb6417e91,True
2,55,L23,529898778357099180,1,ac62c350c3703742301dbf8fd13500b9acc7863483d5f8daee18cae5342d59f5,True
2,55,L32,8159138549368041776,1,f92d642e550545fdf101fd0867d60fcd060acfd7d9fa8e4cdef74f1ab22a1e76,True
2,56,L12,9408072189161402686,1,db18ebbe7fc9ebb59d6d603528f33a5b3db88f72b99459b7c293ca0163ca5ab0,True
2,56,L21,6877953357809838964,1,e92f729f5b149d782e126a7af9cc68d507bac3bfeaadbce3f1c57b03eefd7a41,True
2,56,L13,15328330274045702973,1,e89c622f7dff893283f6d1a78a7a43dbc609b6b5582ac2be59a77eca26d39cfe,True
2,56,L31,14625432011887666590,1,d570bf62910b350a33bb06da06b714c52955484bcd07ffa97dac1780b3f990d1,True
2,56,L23,12391459272420679918,1,1bd43f792d7838ef79b2f8fdfc06ae6039f1bbd79278d546cf7505d6109cf299,True
2,56,L32,13160192493572337188,1,09cc7beaab842db51b5535ecbf10615d3cd033d8b420157d479b5326ba0cf7d5,True
2,57,L12,15646320939342342708,1,90ebac9320b1c8913b1ea5375247a8fef5f88b930cc862cd4b63c8c1de5569d0,True
2,57,L21,14370328184165421529,1,3b05878f91349c47fec4c4567f08d3ebf3841079a87c6d77c720bf550e859858,True
2,57,L13,15137135411022521554,1,28063f0e1c1caa68729aa3f0d26eb6eca8b7622e25365c5ddf7be2247bddd3ff,True
2,57,L31,10791043708914229602,1,58b6a55dd3c49af441e61b6b3d65dfa3192adef8755ba8534db07682f25073fe,True
2,57,L23,3055015603271241941,1,4190ef537e942c19bc62e38453d60d9b1b4e519576e8e3a3a3c3e284cc8b9d71,True
2,57,L32,9471885956643817697,1,ab4e3b6eb819aff0180c6e27d3db37552cd7c5b93622e5bca045cfab002345a3,True
2,58,L12,12385750628469373838,1,b6dd4b5efdfe6ea1dc78917bbb0a958f0504b0a230e5b6173c39ff0466292394,True
2,58,L21,4357311519008827767,1,120719c42a2f80041977f07109c9b910987a908ed3e6d8fe4d239fb0ac6cea93,True
2,58,L13,15432231629591396297,1,3cbba313176c133e97576573c805700e2466a22eebfbc00e6afdb4d2fd00aaed,True
2,58,L31,731507886615090376,1,99fcddc7192beeade14c46ad4953c0377fb6918a23d96aa71929c26de16b9e0c,True
2,58,L23,3821643698218089508,1,0534f1b8f6869bda0ce8430e21343228cb781e31dcba9f95f9d36620029f8295,True
2,58,L32,4188902313193955232,1,5a64cdce7435e5415f871ee969982c9c3b2a39f94b88be00888fbb798be7d094,True
2,59,L12,13869078898230158675,1,8893b44e1c87319a3323d3e7830e3a259a954789bf36e31b14be16294e5d25f4,True
2,59,L21,6539247923017554101,1,bbfdcb3cd9c0d93a9d718c1ceb137b1a080ae73f69fde40c60ccbda54f999ad9,True
2,59,L13,8778779629742864842,1,f8e29363b668d5f52728a53f827d848eb65981288b0d9d37c37e4b45e681575a,True
2,59,L31,6060486659337249979,1,bc4b2daa8a394420c692f62ed280fe76e6ae017ccfcf28621208185e8642fc3d,True
2,59,L23,11758881253390643946,1,19a40e44eb5375119ccb0e480dab731034f52965d85c557474a5c81455465c8f,True
2,59,L32,2022152888644981522,1,b492b9d805404b3f70f1445dd12a9f7e9265a2b1ee5cc650963a629d4eaa64ac,True
2,60,L12,6743050822763295150,1,5205e181aafaec9d2fb4edc55e774b808bbd22379ed1f9243c721c875666fb2e,True
2,60,L21,5426970991255142464,1,bfb06a601468d06bc8b3f110f1d03d0958adabb0deadbb8d59eaf6a0a725c4c1,True
2,60,L13,11196297162415630015,1,523ae7317c760c372edeb95b11ad180f9361545840732b4c0ef2465d3794e4cc,True
2,60,L31,11300446368649433235,1,ac472f3010ef67c31ee6be45e97687032fd823d0c9c1b705ef6044c159b5fae2,True
2,60,L23,5799580585121144894,1,f8525b0f5267befb0cbbea8cd4e45b0b9cfd120361d2ef456d8e7c60b335ca2d,True
2,60,L32,1604714367090626041,1,f9efef5350c5141af817145a8fc362f55992a4e53414d28f22f56c5b151545d2,True
2,61,L12,3839370966297045454,1,9762a90f2bdbe1eb39cc5135a11facedbc4d01eec4291ce3f9cfdbc8595aad25,True
2,61,L21,1579461470249499210,1,e584935f464072290b8e4a7b9e51be43ea96a9944786d9bd0446e679f978c8ef,True
2,61,L13,16820901563741650786,1,58370b2ee7462ab9ed2edea43d6c55ce0e2758eb046c8e1aebbcf37a105e75ee,True
2,61,L31,7719468906493997654,1,3de6026eac2f19746b17b71634eb587292bbb7fa53f1308c889df3ed602d54c6,True
2,61,L23,909992561548879349,1,64c7dfe93f79ea332a19563dd574174c2a71e189de12b4b2ff296966e1a26ed0,True
2,61,L32,10893883999106378496,1,ef8f13920493fed0ff045b4dfc755fa32efe386a62a81d5bbb9e0c861ee021f8,True
2,62,L12,14169605605858661159,1,aa403b512a28f45dde3c9635defb98389fca454bee739eb72667b88081446eba,True
2,62,L21,606002189669072242,1,5c76a7cbe7278c10a80db79d0c5dc550048c91532035d28cc2b12233bb044b66,True
2,62,L13,16511766022530527952,1,21645784d131fd515fb3de74d7d20b6b4467b8d9033b30c08da37092289c312b,True
2,62,L31,10514743305583754105,1,c0eb3bb0d2dd7b360086fe948c9c3943488c544f872ec2134c231d4153800baa,True
2,62,L23,6983404395685421318,1,64b3819a28d3b5781bf0c842493ecd67cb4d94aa81f2cffd65a0e297423f34e7,True
2,62,L32,399724313715579377,1,eb1367262ee8fcbfab69bafef0e1cc1dc18f2b11059b89c432d279ae100f17e4,True
2,63,L12,10134291412654555786,1,a99384e40d4b60dbb1032ed55a9231fa152feab0165858d16361805a5a44898c,True
2,63,L21,961175062769565607,1,5b070bff111ab6d45f5066256fc7e064b4c2b0f5b600760f33c81cb8ac9e34c8,True
2,63,L13,10258440399915885235,1,21c30b0d3ebde495659b2b1b4512bead460f8cd04ca77c04f722d86bc63b2024,True
2,63,L31,3177022260173620536,1,71d746f05bdd2a5c449f950a8e1e94882aa5a90ba95b6e3a82e7031b9108f461,True
2,63,L23,1487372676779241129,1,5b1809e10891d7b41eb71478e1a734cbda25aaebfe9f1e03b89d0b353061f04c,True
2,63,L32,13029381260981745186,1,3a902b3bc077212cfff9d64799e64f79c0a6542cde1cbdc34b4eaef7e1369cf6,True
2,64,L12,14930963548076595295,1,d389e145e1845820dd77d3df87c549750062f788aaa74873519c36c08880b9b2,True
2,64,L21,3201339609263424533,1,6d4343406d6207f11083cb57f100d095e7cecd29a9a92256a4555b48dd338821,True
2,64,L13,2786344069105334889,1,4b02cfecad40d6c9a6339b484e13068ba120ce849577c11d3651f6e12a149176,True
2,64,L31,11069646515474509412,1,f3461d9f4ac39bab625a7c2317cf0039a6c1b3d2d2417ddc03e631917a7080e8,True
2,64,L23,11485057888884712377,1,9248438dc768ee7552a389244c49d8fd6d619c97ce4563d47b4caba634624565,True
2,64,L32,4843230986592455765,1,fbcc129e4673c82a4897f43970907bbab3360acf24d7b566141a6b80486167ac,True
2,65,L12,15505691785089124660,1,7fddfd446ba1ad23f712743b7562074d8cb1dd3d1294b86864826159e273a1af,True
2,65,L21,2943281521861089825,1,4f9b91c378d07e66ec86e1fe61ceb304946387c3143c0eb20510ca28b9bf7c93,True
2,65,L13,5759516286235921896,1,9f1874a940c8069e18138b0ef51e718f2f62ad62f27dfb28683cebb5e78d1237,True
2,65,L31,16718852407615198838,1,816a67ccc1954d9b2a6fb7be27224bd843dd5c2716cdc6ff91d41d7736f071d9,True
2,65,L23,6810858684276776702,1,52e9fa8d81e6036d0ee98bf62f0201299924dd3c84b6b6c094cb45280a74f2d5,True
2,65,L32,8717872014676167702,1,c33ead546722b3e487c7be181b2c6da900b81d21baf19035016f8e8f89cef05c,True
2,66,L12,16047104850957449347,1,982a7ee1df83ee3be14c6aaa7c2a4b4c367c19b7dfa4f5f43bc5a736d2b33385,True
2,66,L21,6641263794675049096,1,e9776d434fa7c816386730030758284ec531ae1c5d54b4385e381ed2a12d5413,True
2,66,L13,3578532691590787867,1,32781912f4c4e5da8469ead7f6e84661048330f037e980d7a3cb8adc6c6a7713,True
2,66,L31,3210851383289009778,1,b74ea24d080325836b4b77485042ad24c9a6e763f516dbba882eb0f2009f7b64,True
2,66,L23,12136105202711721263,1,7a602ed337c13a586e32e5b779865ab640f8f286dc2a5b4a580e66bb4b1f2817,True
2,66,L32,13761871759958422864,1,404b300a1402384e1eef19f5aee813d6b8f67c1bf5d97260c1fd34610ef4e66d,True
2,67,L12,10642286259044160782,1,32009977ccfc629cb89c396db94d227fc0e7ffbbb00321d90788fe9e68041aa5,True
2,67,L21,5825313079845328708,1,5354d184d188b45aff448141ca60fc8c7b98fd2819a2769bce347a033c15c87f,True
2,67,L13,16779498329651305944,1,b8d1ef833e1e202b574f0f577f64e20af402b98dcb34a83de68225f72c461533,True
2,67,L31,4754888889995213307,1,ca26d24dfc3981b6ff6d38d26d8ff01fdbdc3677b0f73757440b257375e683c1,True
2,67,L23,1445708016442549854,1,a941880ccde5007234f665b702aa8cfb7f638b945be0067acd5b9f3c3737a934,True
2,67,L32,9781645016024372900,1,8d16763d2981a525f60cf81a3fb25ebed34bfd8cc9db12f068c4d07b6d04a4da,True
2,68,L12,14508852469498375253,1,3f4fa7d6885aa32676bf9cc6279e4a281fac40fa97a26f0a1d03d621f697952d,True
2,68,L21,3116258361679188088,1,96cc9e56031977a7aca601291e9105dda3fbaa3dc73f54b21b5ecfcda49e4137,True
2,68,L13,14752385725715573793,1,7e1bdcae4eb7b9baf9fb5809e00e66a26b244f749b63593c4a7bc6516eb7e2e6,True
2,68,L31,16980927341853079455,1,1945de582e075a3c9534b64add85b1792b6ced0307ff5a415cdf4ca881c94e36,True
2,68,L23,44136161841278226,1,ed63cf3e521040d4b9ca2c11e0e0e1e2748979f66dafac98fdd42e303324d84f,True
2,68,L32,50063931048478103,1,06868d6d7a7c84e0aa395e9050715b0a33078750f34a63d0cd49d2a88f6c2dfc,True
2,69,L12,13924790098707619614,1,044e04d83bd6ca4d6430a767ca8cb13885a06018177f54bc268e722a55043452,True
2,69,L21,8066913045308782569,1,85778e2baff2db307eb9a66ec95c5626131ac853d15c06e6bdc51341ac4ee947,True
2,69,L13,5309581628416476085,1,5bdf8ec839e212a6c17b363fc33083d7b183a73d52e375a6f38b1ee12a786c05,True
2,69,L31,14882232186441499106,1,5a7a82e510f575e7fd60077877ee3391708602925b6314029718d9d6451b2f86,True
2,69,L23,9533735271804509382,1,329ef5e12604520388e5b2b84c4b3b615e3ccfa58d7ea830fe4ee9f503fba963,True
2,69,L32,8298386602449342338,1,1e72f80a196a0b27b9077c97f856a1a477409d248c6ab16b7a111f8ae7cc80ce,True
2,70,L12,1555740918571526087,1,ce0baf9f7ece35359aba44227951d37228e39ef88780e712ea570d292c80be78,True
2,70,L21,2291668007208103977,1,fce0728e58207f63f49e42fe8f7d2707bab9bc7dde55f755da2f9e774fdbedc5,True
2,70,L13,5945991182094162167,1,d5962af9f27c50cf4aac191ddda5776adb8e5baacd251599ee2b3c90b20d3cc0,True
2,70,L31,4927562033482826863,1,b204c966d7c224cca185479acf209f6ba0a0090931f3dc093822f02ceaa0959f,True
2,70,L23,10553956082482168871,1,73d983f240c8f31dcf129ef719881309d61499701d3cccd7ae7ea40726a63cb0,True
2,70,L32,15451502602279048715,1,27799ca0089bc4fbf025e5685f74d0e8418d8381831c4ad929eacdc4dc034b65,True
2,71,L12,3055342227287028383,1,f1f60fde70023caf08d21186e67b39b0d2cd8d1fadc1387c662e519f7f35e689,True
2,71,L21,14232780905257779509,1,04c7dc01a2c73f074b3f45465aef671cfe6d3f052859cffe892f36cd03317c9d,True
2,71,L13,2635767304553545020,1,55e76eb9137c4004988d3cb91d0ab8d2f68ace10ab9bb564a3b8e349a4650429,True
2,71,L31,4442825051056488390,1,2ceb97b31d97dc07fd3bfe1b7fbbdab511684f420726cf8cb3a4feb49a3a98bf,True
2,71,L23,8789668584257476917,1,8546911c016107c93c4585b0f36b8f1def8fbab225d9d165b3fb06112c43d3b5,True
2,71,L32,10765152294546820650,1,945c0f200c6153adc0815d98cc5c2cf7c38ec2f3f7350bb7bcce08f85956e50f,True
2,72,L12,6254192850661952325,1,361b247c1b2cac44bb751e1f776a82fb832ad1f6348ad064ba6312fa066de6cb,True
2,72,L21,3771652574959343924,1,f666f0118a1814444a3a83508d46f2339adcb6026e479153fa9a1e270180bb39,True
2,72,L13,1086386554609890897,1,1857a4c39898750ed9c03a6b3bac7e7ea7e13c11fcbd825695eb98bd3fe2fac3,True
2,72,L31,3368702335202385319,1,663e293a455f34052596a6ea551f965e698334fee15bb13c281dbb19d83dad2d,True
2,72,L23,12135860226212932622,1,bddc02291d615c6f3415583bd1372997b23c1373384dadb0a019486321e0ac52,True
2,72,L32,13976613897107334484,1,d6c49395b470824dd51532627805474d71424b287af76026f27ebd77efd3303e,True
2,73,L12,3623405968173900804,1,523d5c1ab96541c9d74ade27d099ea65f5e07cd04c1b954589f8f180aea5e415,True
2,73,L21,4878874341209830137,1,518ca4c571b2a386f66ef942ccfed955adcc8d94bb2df9c6b467bb4a9f7a47f2,True
2,73,L13,9321045483751309894,1,08f3eb10b78a38906e8118045060c94e1d9ef106efeb0565bf277795b78b80ee,True
2,73,L31,141150479153490618,1,0b5646ab08e07cfcab986567c7ff54ad102420b905fc6196771b44ecd0bc2253,True
2,73,L23,13615049752114391023,1,98f4644ec1b4f0b985e976a6e546b6edb250fd06d952744a36d1e6a2d98ee68b,True
2,73,L32,3848264278505445543,1,e85940a8ceaff5caa22e233b736e3a58595aecc8bd88169982c0c9caf2ddcdd5,True
2,74,L12,5054597197366170790,1,b198f554d79b520f51193ead609663c5047db7165aacdf1a5621cf87df8230ab,True
2,74,L21,15349889618107579141,1,4277e68c09a4b572cbe47a1d50dae173db8e70fdbbc33b3dbc630e2e9656c063,True
2,74,L13,523368132605027853,1,248869e56f0cea2f38a2733058eba5ca5b57a3d21e49d1a4df8e2d974391434d,True
2,74,L31,1159253693115508436,1,582606c77c6cd83fb86ea1eedb610da0eb5c7f28d5041fb7c03a5942a7716f98,True
2,74,L23,8967651166812820639,1,54cf6d6b314ab6fec7054a52d8f16845a9e2cd49caf3e475edd68f1e3f6ecc97,True
2,74,L32,14026330082076118985,1,0d70eed66be43a49eb42a982d51e459066a9f89182a11f4140d8610a2d2a933e,True
2,75,L12,7314201118944570298,1,d233d00a1a6ac2aed332440137981918e05503d30fce77a99435928e8c31783e,True
2,75,L21,9235033947987278616,1,a86c2002bea01a5b573fef6755b953e9f540e64cddd77a353e0abc6b91d8230f,True
2,75,L13,3130164698457692889,1,c71ecb72ca7484631453fe61352499f668447cfc7566472c8d44a94df24b8a6e,True
2,75,L31,12318377977418637284,1,023d914f84dadf01354af780b5a818fd3a02ed8b67ecb59da788c24972570c9e,True
2,75,L23,12095823240510161339,1,d7b6d2973a214b72403aa540af93352e752c40999933ea5302408cad6d95a1bd,True
2,75,L32,9281873754527732300,1,49836ccf03cb793eaa156622987ecb0771fa67c4bed238943a9b8b2c1d98171d,True
2,76,L12,13399122732080198988,1,e15f2a6b16262624a68a295a3e94f204d76d1a2f0b9ef78754a935adedf92e6b,True
2,76,L21,8972703420489654380,1,4f739f4062aa34826eb518bc62a107aef31b07835eab58668146b5efe186c02c,True
2,76,L13,2621059535519143606,1,b98aafda877e4daa26d5fbe673a546011c1016748b6b0e6eef24ac2efaea7100,True
2,76,L31,13507089120403901011,1,09ddd6b405a57a288ee92f0eec101b0eeb23e766088d16faba1c6926ade91929,True
2,76,L23,12779899959629299408,1,a311e0d607a9ed2003e6cdbad8c3b64586010039e2fd2ae6f63a942a534bb2a6,True
2,76,L32,18256875388930937032,1,02a8b333f58419dae6da3be474a047513a4a7d113fd310d0ff4301bfb9c43f90,True
2,77,L12,17933104711058732250,1,e15ccc3a6c17e33f8d01877786b2d9462f7c8a931059161ed3610ffa64ed877a,True
2,77,L21,16657377898779443239,1,4ebaa5d613422211d97801e28c9afcffb9546e024b38998e8385a5f7c2fd2b5b,True
2,77,L13,5027590569411624542,1,19bd4f640e3a6786034383c03f167bf871f4140ca528c5c52dfcb1e9cf3ff524,True
2,77,L31,5807893829671926024,1,d405b78f83e0553e7b3a168c3d7d73dea128b1d39575f62680855e4cd6944c44,True
2,77,L23,12447702187430888169,1,5caa23322b73897c521d275ca848abe79e761df910b73cc56f0611e8a9eb6601,True
2,77,L32,14835640110759889083,1,3d49c10c3ad3eb56e025a4df18eda274d9ad69730b5adb10c01931d5ea022bce,True
2,78,L12,16942367755342904313,1,cc6e4bb28da35efb884256d135b693ebebcf61c99f6873f57407991462b507bc,True
2,78,L21,13237096800387969098,1,3088afefc17f379a7c7115458e476e4513eacbbf10acbf32a785a1530d88f423,True
2,78,L13,8851207717323477475,1,3ae7b11523c7789470aab60a071b0e18bdf12bded9056b0185c5a9fedca53a8e,True
2,78,L31,15258578122683469112,1,9aa8e1277e82f6da36a507ef4eb69257504ce0db292e62d9f56b66997d33479e,True
2,78,L23,3536115471410212394,1,a1762570765552d1d991a14415746b7914c3c59a12f31532a530cd02169c4d9f,True
2,78,L32,17737751617643325157,1,549a6aa39e486cae46b412e22e34cb90ffcd0dc7bcba7e033c03cf15b06cc500,True
2,79,L12,11323679901213685797,1,a339f3fc23eb10fcb69c862b2345cf8584fc3657c828e589e3a7569f6269e2d8,True
2,79,L21,10178062799385271062,1,733eaed28569a887d02b8208529e7ecae805d12d962d1043c4e5a67876521dcc,True
2,79,L13,10540061785476783019,1,9e40e94882337f9977ca4f458b99485a7ca1fb89483ec85c8e653f4882b04143,True
2,79,L31,11633580139413730443,1,3d5984bc9295ac477e11a288514c8e2f658fd0e846b58d0cc69b485df499ec25,True
2,79,L23,8468083492405080258,1,81206541e2f74496c6d03a08ea7b3c58c29ad95b208efc0135dc06b375a38f70,True
2,79,L32,340331586958556037,1,76447f5dabf21b80b787ba75610e0613927cb695557060f125e14a1fc3466b53,True
2,80,L12,16713554610491458831,1,5a435d5ac30fdd96b1e3e908a21677b3835de1e09912bd0813b0d0fd590fd233,True
2,80,L21,623395049998482677,1,39f9ac4c87b59c34bbad6c2d1b46392d10e500f14cbcb1f0d86f98cf5a35a31a,True
2,80,L13,11569112385902179832,1,1cfc008a26e2fe54f0173629b6a463ccb68eea02ccd939d02f9359e453c2fe24,True
2,80,L31,13883195484345219904,1,f338e236b1fdfcc291fa994807a45b3796c80cd94a42f702312e219e6d7c1545,True
2,80,L23,11190215736824477868,1,80d03e7bf61e7304c5a534cceb733c8531f351530ac1aae876cae271ddea27f2,True
2,80,L32,17994295803824324476,1,e73add3574fbb15162482c0c055d041b9be4d7813b467a02f9c463821162b54f,True
2,81,L12,110055118725361244,1,7dada056ceb0bf9986f2905c69da1d19369387581fb9a85c4dc1509bd3078735,True
2,81,L21,7650993389106534098,1,0ab48ba30ccdd5c9a66f8808bedd2a8b0ec652aed1175de6fee12463530d4ec9,True
2,81,L13,2450291580313611752,1,79b92f4d623dcab9ca75cb2c50810b103e48f49fea490d9dc17932742b0efc48,True
2,81,L31,4678715918187993854,1,abf11b0bc73d1d97aa7ec2a56873b6560dccbb3966a361c142db864d486d20c9,True
2,81,L23,4831712563314525949,1,f60984b453d0a08c075ed4e0723e5ccf047371c35ac80fc3d32fc72c44482bbe,True
2,81,L32,17714107919983830484,1,cc60d5242179bfdaf2df0b48da53012c4f11399a9f3d420efb7523fe7baea4be,True
2,82,L12,14237323121614629818,1,723a6668740d76b7ff32061979665a469534be2e58ac4d286642c9222af3d232,True
2,82,L21,1769737046918117987,1,5a208315bc80880680f52e0f79119014ca350f3fb9782738c5975647160f7dc4,True
2,82,L13,15311398227575417888,1,24dec9eba5f877fa2943d0707eb3d2dec18224b7677790853db01ce8cd69c933,True
2,82,L31,1306069337129180540,1,4b394c1b707176cc653f8e1ebf0a0cac021da0c5cd30438228dac76dc7d8f746,True
2,82,L23,16423678396103834722,1,13c0eb2aba17a97c82da5c7c67922534b8b009c22afb05b23e9e4b26d5753fbd,True
2,82,L32,5915616537566400426,1,977a8d22e83ae3d3db20d6fbf2bcd712308bee154c6bf038ef49c074f83376b2,True
2,83,L12,1591932206273997119,1,74d805058d2d785664148508850b432c596aa4a2af7396bc4f1a76bf57e49784,True
2,83,L21,9866025599910202375,1,212579f20097a8452cfeb6b62f1434ec169a4151b44c30f2afc24a088a4d954d,True
2,83,L13,2205347262264862099,1,68e479dc3685e434a068f8736259932db291b0ca1bb857023b47389016a714ee,True
2,83,L31,10141842170203134935,1,b5d205617898c64bc96ecd35cd42a8fe572eea71913b42ae94e2d5dbc48c0467,True
2,83,L23,9409090210864133964,1,8b0a0cee664eb68dd9cd1010aedeeaea33948070d43baf04d515a41f3e8a7c2c,True
2,83,L32,11536029369818600817,1,4506e9b1a70f53c2ffd6985ba49ea1609bdcd5b1a05c01476bed204f5bfe18dd,True
2,84,L12,3646504569333903206,1,fb8d78d0f0edf51a3d500da027c0fc7a10600b7841f532627facc7071409bca8,True
2,84,L21,7866467643410923916,1,8062a255ee6b1570f7df2e04c06c7dbf729bc3e0e42b8dd764c8e5fda2e71ee3,True
2,84,L13,292445884973719366,1,fa6854a0f8f5bdbe2ca3cc2f1aabb7c5d452596d3eab5119cdad9ff9f1335413,True
2,84,L31,12351239933270527191,1,16b5d8c22ddfaf0a20f695ba57059c52595a2570b2bd653be305284b2930123d,True
2,84,L23,6586179111085173096,1,f72e034ab4f8b4fb89becdca62f9dde91606e6fcc65544fef33e98b31b1cfb98,True
2,84,L32,10117177641473218620,1,00ba5b155db66c0f58566401428fe81b756935753b32cc5b9e1fec45c5d346f0,True
2,85,L12,5807771344125931788,1,694963881e643e836f430ddb96fe22757a85b2b41ce54c6fa92dea455c6b7958,True
2,85,L21,3171830818924472784,1,802a2b67bb4350fc7fa56b7d96a43e5379395637c0a17bbfc0ce825af73ee843,True
2,85,L13,3728544174862730082,1,47ef0f8b1b9ecff8355f6bddc745ac35ce79d0ddcc3bade07155e85dde409eb2,True
2,85,L31,12846047385862841201,1,c8f4cd9d1f9fd67398f26b10e72ce19fd456d6b8ef149fa68fb326f0cecbcf41,True
2,85,L23,15983988874188689519,1,4d5f921af77dae1672b399487689f771a0b910a8d53abebe2307d27960ef0685,True
2,85,L32,11104049815211500576,1,424e0a6226f287957f0af375c768b02dcda52095edd2374198d1ef32fa80748e,True
2,86,L12,18350138984465993476,1,ebe495cdda938fc58069f6984ecb6675b3faebb35246edcd4fc46b1165d9971b,True
2,86,L21,1629128644506393934,1,e4eb9ceec9a7514b71beb68822c67dd70d1b30de3a29c43a4373148e74f0bfff,True
2,86,L13,17792270131025841720,1,6ab7ae1b9f5834f49deb4246428e7d07028359bf4fd1436bbd9a7184a55b4b1d,True
2,86,L31,16812702569894246255,1,7dc25316aa679fbe10be18e2b4733282816068ad85ed61d2ed51309cc2809f20,True
2,86,L23,15382665817289102592,1,9501bfdeed15223e3365bedc3785a5f31f4c82a364605bfe8808b98175b4b7b9,True
2,86,L32,15075104890449137924,1,0d4aff6937f5fd1bcff93a26fbd142ef92885822551886d25350e8fe7e93c534,True
2,87,L12,14860850381649087958,1,4daba96ccad32a7c5aad7945f95d744ca7df8260d2c61f76d0124a533de2e168,True
2,87,L21,4410496909077121529,1,a45309a5332c5c2f4e8395b9ed0b6efa01aed5cc0e32576984636ca05a7f2995,True
2,87,L13,1375301422774681989,1,fa57fd851b8b8ee09f5dbda28c9d9affeb396ad9766d555c366e0131d04d0862,True
2,87,L31,5922142077762442316,1,d42f388f5bb04f2f1d2989eac1c3cd143290675adc0bc1ec4551f5f466624b3d,True
2,87,L23,6873083009703067114,1,30527684a6f800d7c81a6c0fcfe2a2baf59fc21b1c511f429afce234d335336f,True
2,87,L32,1468972224753721872,1,20bd22437c52e8f9728d0d406fd833ccc5039e68e085bf491d546f04333f66db,True
2,88,L12,5590923346887535086,1,60fba5a03226fa6f2d6f39736103fe004aa952bf2d601f8240c74013ce6d9ff8,True
2,88,L21,11219150184993320267,1,912920fd091b6ffd8931e1b9b30d9858eb7f961c350e50a516668e99aa166f75,True
2,88,L13,119301454475983347,1,b2efc7ad35da002f5d0dd082548e2e9e966d2491726f89e78b3764014935d03d,True
2,88,L31,997073173066395721,1,8a68b1a2fc9f546937b39f9dea51426d6b1c771d668b0b53d72b457d1ab83cd2,True
2,88,L23,68835897541780867,1,9b08a25a4fb666a393092b6b1e41c5d56ab81ff2a5d515c80be2102fb0a2cf65,True
2,88,L32,4933419236211984621,1,1e5ebb60dd2b917442c6360908d1c534a17475121acf32df3c55e9ba524cb6b6,True
2,89,L12,2449977907693317641,1,9e04a4796f26af7da97e0017198da821e0efcada7e255e5e63942d0c8fb412d2,True
2,89,L21,14539323721684920327,1,bff52cc6e4484e48f9617e79971e11b06fb166c1f61bae856072d96d928b02e9,True
2,89,L13,4918549219329667315,1,561659286f0506c96b3446b3093f67f0ea4dcffd4fbb5ebbb798e6de89ff79f3,True
2,89,L31,601302728086829970,1,316118ce087e8d30e9261a22289b64cdbf6f9573817650758a54ffb966358c07,True
2,89,L23,14166773180151318783,1,021dbd19a450f943d52bcb5cd3fcbbac67d0cd02cf288c03bd7fa8dec488e344,True
2,89,L32,4071373201281198819,1,ab1a29e746c025ae9fb2ec4b29e9540d744f7bcd6bf90e243229f6f91512c612,True
2,90,L12,4698191994323960175,1,7760ce1c62aaa69b9c12118636d03cca742c9b9166ab41daee219abc1ab5b291,True
2,90,L21,12435674139700534066,1,318c5e7299967298c1330f39de4f80335bf11b474fb40c35f04f1c42ac742275,True
2,90,L13,970744834115727418,1,ffaebcc0b5e89de80dfdd5eded61363d7ea904928e43277b8ba4be778a4779ec,True
2,90,L31,7033290534888331267,1,f3c657610335aa05bec2eb712b634fae6722e50d9fa34f2fb519d5b66c58d9bb,True
2,90,L23,6439805443726462947,1,30b7b11ed1e18adb072f3b07cd25712a2c85c3314f624bf63b6da41751d2e2f9,True
2,90,L32,6206917462628223185,1,8b82ecb2e47a178ee3bea0ea37e694f7caa41672b73b4c486f356d7d825a3a09,True
2,91,L12,14443509228509377177,1,02edda0af42c3ecdcb9e650672d773a40205c7473de267072d755dbcb93116e5,True
2,91,L21,3616410547913828671,1,6dff20c74fb0320ae77bda9f3cd772bbbcfcdee62e70e711571057f1d2130d63,True
2,91,L13,3043492223388303475,1,2d1c2b04a92505b32b7c1b2495abd48089365be11dd544c40f1622a65da3e7cb,True
2,91,L31,7248585515625198292,1,1d3054c0e9d908599e30b4fe8214de691457b0a7e656c6a0845dd271b6266415,True
2,91,L23,17080858927813657627,1,a4adbff303d502a320a1b99d7bd3821e663ee4cc11846742dfaaf7f322e755c3,True
2,91,L32,6892947064301966442,1,1fe47db719976b2c896602ff5c90c7c03189f69abf409fedce996c92e0366909,True
2,92,L12,14353589421225735526,1,a23b25baf15c3b150a403f09cba2ec1502150849ca10813c96a29ba751cfbc95,True
2,92,L21,1917750427027920755,1,d4990a0816606e792c44a0dc44e5798daf130c9431450d5f34cd42fa84746d7f,True
2,92,L13,389912032175107395,1,59b0c017c786a818d99788afe52892403c917269e3ad677b7aef649e57d237f8,True
2,92,L31,8849477325454150597,1,1001608ab79de59064e3ca64158de83d53ce906af9b286851648745b135adaea,True
2,92,L23,14691790476509466535,1,1843ae1ae4fab47ae1aa0b10705e1153868465dc34d9e7eed3ff06a733308bd1,True
2,92,L32,2142312402276080667,1,11b1cf5378d60daf7f075773df756c6de586bdd65c2dd09f9ab88db32c3a43b1,True
2,93,L12,7257432874842728951,1,88f868ce128ca11f2ea778a6894faa97fa5efb6158feaf6cc2366d552a3beb20,True
2,93,L21,8423130671012219505,1,bfeb2ca586a320ada02a823ba96e3377abaff9d618e943635991edb957d5f121,True
2,93,L13,636499209837398915,1,fe565a065de30e9f674a6be972b7acaf658f00d514dae66ca39a306612539229,True
2,93,L31,3343296227774658640,1,57a1ee73fa90b06915692f2f354a52c042359053582d7cfd40439812e049004e,True
2,93,L23,9774184557070718559,1,cce39a545804be5079c275373c1ebda536e5f8e8ffb01e97b10ee65c6e339c8b,True
2,93,L32,13703866149876608290,1,2f8f5733a7c8760d930a28b10ff0507a991db187a3a0f580dca4def691c1b2aa,True
2,94,L12,8307334670872006370,1,8d88fc6f234a39d82ec39f8682597306c1d887c01eca2bd57c8893c0eb093661,True
2,94,L21,5949660792659108060,1,fb3f482b32b67bbab8784423983e82433dc65640890c27f5df952a8dfb987725,True
2,94,L13,10592261913604549842,1,8275ce91ca6c54efdc80981c91ce44f36061a9a505bf2e613e15a7d7890f16e9,True
2,94,L31,16508869926955325002,1,0090902210e985c85d21f15df12d616eec02fc05d9a83a7bfc2aa905db07b4c1,True
2,94,L23,2238027255218435168,1,da804143c07aee1737c2c492c6aa536576fac4dff0545316069b723070c9112c,True
2,94,L32,7125674199588523358,1,fe4fca3ca80b0183377dc150e13c77a90da593d46eb506d89e6deb236692e195,True
2,95,L12,344343951197090616,1,db91f7f822efe94561a239ab6581caf10ee91fc7712e099a955ddc2a9c4c4632,True
2,95,L21,6896620310178043172,1,77a9cfbaa426e71bcdb5ef0b6ff0667d9c555042930d9578f5536264bac70f54,True
2,95,L13,10496891822314840505,1,7e5bdf75dcd6591496c37094b754c59a33505c583a133a94f358710f38d0f06d,True
2,95,L31,828786348863131274,1,d1a5c26b58dfc98cac7aa76f6c8473a4483c30918f266681b572bdb474848b79,True
2,95,L23,6526424268538766986,1,8f5491272d2bbc00bcfef56a6cbffadc8bba6e97880ad44929c5f434bc0c1e5b,True
2,95,L32,16395240066687144349,1,388569f26a062eba7fae83be4a5976085e27e937144f49c4d3d1f4fb216d5b42,True
2,96,L12,17487073478359114924,1,97f458c2bbab23a2174e66927fed4691f2e8cd3ef1b46ff6812e53eec7301665,True
2,96,L21,15652011177778546117,1,3fb729f35b515417184f3a685757b659777007d79a495cac8db66ea73867903a,True
2,96,L13,5113595236053192635,1,78939c3bc0ccceb3f8ff4b041ed0561baa6fcbdec663684733548437583fd672,True
2,96,L31,6020072709265397707,1,d52e88d46a585c34924663961b2af0e509dd877b81bd346fe18308b0ad3c5840,True
2,96,L23,13645891961715987522,1,d9b102e616437902750dd49abb319620832688ff8baa7abd19db87aab41068f7,True
2,96,L32,9846358879632138921,1,638657b857a3892cf826664a81731d0a619008dde5dd381fc4fac6acf311bd26,True
2,97,L12,10490019366232351562,1,f6129962123163cf1b6ae8ec8ad41bd8f63b593da40bcd5bb9d9334b2bf5b62d,True
2,97,L21,16489312428043119074,1,26af85782793ca13e89a4e1446ab861181dd5dd1c7c552e87e1602fab58395f7,True
2,97,L13,863219358071127400,1,28ba61107756333eb65bb782adcb86cc9d25bcadb5bd407be56eeec98af7648c,True
2,97,L31,1191876250309886747,1,c86b2e2bad66152ee8afe7ed4ae940d58f9770fff78f3c72dbd92cc2dc7034bb,True
2,97,L23,17773960723582041373,1,3e8c42a630868afb9d69e6424d351397dfb94ebb65ee2499976ce7b8e3f3d6a2,True
2,97,L32,316127746243732417,1,f074547a9958d8e0f2930454e0339fcd599b6c843b9e3ca09e5024a4b276cf56,True
2,98,L12,15828439201015025928,1,c5d66759c53ce134214c537abd12acb8a4905102be852aae137ca58ad3f50de1,True
2,98,L21,7803343033339029241,1,53e0f1808f6e5c8df77cb2b932db533d627a0bf5a78f7921533b09564a60517f,True
2,98,L13,1216096116234231908,1,dd30f78fbaa6ee8ef846fee70fa730e2143b18efe87b630a042e7cee4fa5efc9,True
2,98,L31,1393267878958325167,1,de4b5242bb918c9bc0301cf1944f8bd9be331c22cf0223920a6de22f81f58eeb,True
2,98,L23,8444879814790038697,1,3a0784af5c88ac7c3b99514b77ba85c76c7c771f7853b8d7e6f35f42d1655948,True
2,98,L32,15852807292920979237,1,7d2249d30f2ccad88b716e172c4825368cdf3eb830b6b5c4e9d710b15c45df54,True
2,99,L12,11859215225436088202,1,a150cd2bca3a0bf110eac5cfa5a63eb824c1a96a4ece3a7abc100a99f343c727,True
2,99,L21,11201519690773292893,1,676730764274e99987250f03e80c30dacbcac6fc6d35b45522ff83f3c1e4354b,True
2,99,L13,6402691350497777428,1,2b69d5e893c230fb5a045a76128f21976ce3ba04922b9da6f8b3e11daa1bdc2b,True
2,99,L31,14025359038293537873,1,e38a8d41c11bc984de4d5d5a76edda63ebcd52024408be6cabf2072f3b0531c3,True
2,99,L23,13579918190107627965,1,7501a821c1591eca7be132fcd094e40ee9a6c5522d19e95a07c5078d97b02b7d,True
2,99,L32,5309187704465687176,1,82800c3aaa86e7b5d99d8d398279436f2af8866f914db2ecf03cbbc7195df5ee,True
2,100,L12,15921635451090552041,1,79285fbb7b0061968e79354c57db789d21d590f92f5e7f6abb979a8d4e286dcc,True
2,100,L21,16259816154070779519,1,0ea961f1e595f4a8f868d4ae47e3b4d85023c5cb868522ca7fb01f8a2ff50644,True
2,100,L13,1037268438420528132,1,58489b8c85693ae26edcea38602938c3a07d4353669a03bf7f0f57247cbd4c35,True
2,100,L31,11177412967782008889,1,a48e77b2307219401b18520726d1004045abc805008428f37930434299000691,True
2,100,L23,1351806407721001162,1,5c974a6c56d21549c557527d9c0ab6e312d707829c83d7cc99bb7b676345c7b0,True
2,100,L32,13954919417107853951,1,de6bb536e1b9055867e9fde00446096969a57f01bb2e15c83afffd03b4c54b09,True
2,101,L12,10899401155470196002,1,49bb153e80c9861cbad3e558919a1d6298bcee160b54f50a9419c167fa14a9bd,True
2,101,L21,10725079860275012820,1,65d3a40900a55536d46c5668bd5b32412ad571ff8bbe015e7f15c260cbe724ee,True
2,101,L13,1244727997024444259,1,09560cd8236f1c4a3516d8ccdcec2757833dc8b62ba71866195023934502749d,True
2,101,L31,10092900904684930612,1,4a8249333b416c03a4c79cf01124ef09c0bce1c6c69b5a33b1072f90771008b4,True
2,101,L23,6151540678753912432,1,8792efa6cb97c340ef3c56810920d400484f96881432e14fd3be8eb5e1a4a6ca,True
2,101,L32,436579224968325775,1,3c264af78c3b372ff2034c0554e941cf5a1a71c560cdb94a2e2f5e5c9a3c68b8,True
2,102,L12,4488764696420073049,1,19882aef68bc3e4d8e9ea59c8dfc918d5c654fa88941997b4d2521b4115450e3,True
2,102,L21,5169483308856580340,1,27acced8c3ca6b9848993d416261dc43f430117ca9d00d50db7b0a58ec8c9df6,True
2,102,L13,10029230845360539121,1,eb8d70019d2f805243ecea32d6c8a9d8d7d0ed0dc92d4fae9ea742239ec2fbad,True
2,102,L31,14591757990220023648,1,f3309d59b12e54bedc7e148a4697d6530d8a72841f50ac50aa854c14a78d1b9c,True
2,102,L23,8977097163852834718,1,4ca57ed9e1dfa5e0b3c3f714a9b230ee08b0957ed2edb8147e2a8979b35dfcbd,True
2,102,L32,9610089756973659665,1,3754affb4ab9dc8149ae243ae9013681ebec2b13a1d5d1213642cbe30aad543a,True
2,103,L12,5325329731619328192,1,dbd9ee2f9d09f81a50f293133916160fcc60fd23265f6e2e084fcecfc24019dc,True
2,103,L21,13055772582991250338,1,cb1df982e7db30f76a73ed81c22d0077df99380806f402a8d4368cf73c6f46c2,True
2,103,L13,8624502941892683963,1,c481f9f5a14a4b27437b07c189c55730a3f7207be694cc6cd38d71e3dbff6337,True
2,103,L31,14211408129564551948,1,98b697bf1f53fb9084cf8fa6e4ab4f058fd3713ec4337b53ba97edec4afbf91c,True
2,103,L23,13176154637937955614,1,8925270fb100feba4932b0b6c1929c8dc44d0280ab7ac4fd93f40b2e0d6cc566,True
2,103,L32,2849311545551130304,1,fdc55ab3d474facbf9166db7f2a429374549ad7c582d86fcd549fc2180e4c70f,True
2,104,L12,15281013168932762219,1,1f2c2227b0c3e08211cc341644f41063541ab62f0ba9dfd396daa07638394cdd,True
2,104,L21,12574212235471363879,1,8201db36f39319d0ee427806ffa093de43113bd82ba2c72a92b409f3df3909be,True
2,104,L13,15577877202150240735,1,e93715d4ebca5a1c190bf1e598a1f7b90c3303a8329e0788352510d1e25571f2,True
2,104,L31,18034419947556406346,1,0c74af7099b27be125c4d1ec9c1929e1444fedb5ec04171d41fc2b4811649bfb,True
2,104,L23,17058017199806778989,1,c6920ce2b5521e73d928b9a8966f20eb699a96728af718d481de1f08cb8916f0,True
2,104,L32,1164291569833965306,1,cda5f7bcfe87e193fb04eccb01933f4f482c0c9628f22993a0b4534910d2dac1,True
2,105,L12,14236061259366916204,1,297c159e7088b9bfaba30dc13976b5580403afd5496b5f8fd206bc4265fcbdb9,True
2,105,L21,9071069698749493367,1,d0a5f2fad138b328064a51e13a7b53ff9035c17b0dbece56822b25c894058b09,True
2,105,L13,2328419934122044891,1,98b114c007e8159ec9a0c73a054d9bc11e2d158388380a76ed3566e7b5ad7f70,True
2,105,L31,3545373642217194202,1,d52aef6b4e286cafdaaf7b1568c7cc734e4583246d8b9028244e1a180c6ff711,True
2,105,L23,8332772269076095424,1,789a7ba5c70a3233bf7ce37cca4c17b97f1d1d08cd252e0fb2aa91febbd20bb4,True
2,105,L32,2735075912678759551,1,73fe7e2fdef738a8fe9433c402ba8f3a7f7cf5488a4d02de90ca6afc4c8bcec0,True
2,106,L12,11940928207725557505,1,89e44c3e5381f5acb68dc6f1e4684c79dc5e10ab5c5ccc229281a45bcfdba5c6,True
2,106,L21,11146390979582394142,1,d21113805ebd3f50f962a3565f6ac4ccad8ca2fddbe26ae24fd6f918f7daa14c,True
2,106,L13,8923460904437000787,1,dc67e8ff27060ce652e374a0254fe9f6fc321c8f83efff2ebd1aa98e912d668c,True
2,106,L31,3922681182831878139,1,e517bac0a41ce6dc3e80b4d43928af7c9a5c645429315cef32f51d2ad71601aa,True
2,106,L23,7520092878817447538,1,d80a51c521bbb80afe4ff15b7567267f6bb996f70515758f9524024e1769cdb4,True
2,106,L32,3359480976001844168,1,8c7ed4c8e61e5f2050523b32fa58c2f643d8510e1770cb43be8dc639c3e15fc1,True
2,107,L12,3102287398427007355,1,4f8f5a2339601efa55970b5b9b61a847e3c46166c9096a6cd6359cf5239292f4,True
2,107,L21,14056501625702632929,1,c48125b5d3c3d3c70bf13014d8d9681f2178f313b1a23adac7926ccbe4ec7864,True
2,107,L13,4982096604183056942,1,2417c4f68d74820f9f686e43a2d57ce25fa10df65348c826912764c6c3cebe41,True
2,107,L31,6959071120596132778,1,e8442bebbaa9f2047218ca410b1e3f1c6546172733953159ce803f5b5941755f,True
2,107,L23,14063897965216651400,1,5e58621984cc35959b46e21e3765c6e32f5c36d0d89b8d5a13de8ed43c5a830f,True
2,107,L32,5393289571893990985,1,363133030be36633846880c1d02694facd2bf057365c0d27b623570518843a42,True
2,108,L12,14757660993685483512,1,ba1ab08f635740dc661f7c977066032616a9bdfbf22cdcd33a23ebcb5d374be6,True
2,108,L21,13677041521088995781,1,b0f86893ef2a20f682dd407dfe0a112c5ed9f00ead9a05b82faf0ede5a801e1d,True
2,108,L13,12509082609825544307,1,20b2a4f011e6d8a8613a70270e860c8802ee08a5e6c28bed351e80b02e0c2ec7,True
2,108,L31,13882019254963614468,1,784ef2641d636cb4199e3f87a3d0554c470f1aab64902ae221affebdfd1cd54d,True
2,108,L23,12567852982867096755,1,4de2f3e75729f99f17d5844b5ca8d40c8295bb8497ea78c9509619444bf9915a,True
2,108,L32,18378822619210652749,1,db5e4182a51e35ae4c455cdba3cbdcaca85e446c9908d8b4ebc9cbbb4bedfdec,True
2,109,L12,8352239534605029510,1,c90655345da2391c90b9f6cbc06d2a2fe9397db9a81dcb21832eadb2ce9b91a0,True
2,109,L21,2428742065042451517,1,06769354a47161c3e6d873b71d78f40710efce7fde262ed8ff25576cba4ac873,True
2,109,L13,7894188045988342918,1,70e9ce9b42feb15c1fe43dfc146348f9f1583839dc82dbb7c706544386505a4f,True
2,109,L31,9909669509537732018,1,b615151bc90aec9af1f54c60292e41b7e19adb68a37b3e3c17821e24eb590499,True
2,109,L23,14599975716949754146,1,6786190326f19cb3c617834362c64f3fc753ec9ec670848027050cbde52d6470,True
2,109,L32,10242663246621101328,1,f81a8f43e0a025bde67668a4fbed9b26a58e1057d98141c03acee773dd2ba30d,True
2,110,L12,13995133142690275062,1,fe9bce6930af2dea2134bec130e014c2765817f0117626bbd4a2375dd827d501,True
2,110,L21,14245186386606100077,1,7fdfea0ce941e979afaea52d2082e73f0facf934ad1922ad50dbb4be0bf04136,True
2,110,L13,17916150131414512188,1,b519f60ca4fbaeeabf6f92af316c0caf1ba1ab29bf84c5e47dc4d6fbc5ab3f15,True
2,110,L31,13416326696781058035,1,e2b80ac41e5aff1435c4a81f6596a4bf3710a0fa19dc852d9a12cf17610f89c7,True
2,110,L23,8439709233082063253,1,5f537973a63ed6e6ec8cd36b2161a318d5ccdb265c2d4cfdb94cb71446ec9027,True
2,110,L32,5889834426199053018,1,e915f09e259a030ebcf38422363062b62d4747003e2b6391b942a4a56000da6d,True
2,111,L12,4415215884828848679,1,801d8f617e517a029fad3508d8eb48a8a743a5a5d997e9caeff668a2b16591c3,True
2,111,L21,216361588523041159,1,1e70ad0ce5fdb880ab4a8bc65883f738afeea7a87aee2ccaa1f14e76820879d8,True
2,111,L13,3724272729664331921,1,03da1899d04837f88a1a799ec3d31170f1ba57b4d270d4cd5d9d7a9af5b1ff53,True
2,111,L31,17366218464156504585,1,adce72e25f7abf33e3c1f53ce62904eb3c9929a9977e2d21124e8b946ee330bd,True
2,111,L23,5718145349735551914,1,f9655bfadfdc6fa3f0c1ca03295e06ba915592d1bd4959730dfabb395e848f8f,True
2,111,L32,5476671155648657361,1,c8b7cb025c238514e88f33b6c0c2c24c0695e9fe006bf8199de36a05098ebc37,True
2,112,L12,14960279652584779120,1,1dccfe8938713fd3678cf13e63a43c2bbd435daf617556441427f69ae48698e1,True
2,112,L21,10459309580349888740,1,a49bc2ebecdec22427146c8d91acfecb5f4a5b28775c10098351fc5ea1221ddb,True
2,112,L13,15573322555660960887,1,7260f1c90e141f51616ed88f49411c4f73415d0e37b0fd251bc7efd5401ce9ac,True
2,112,L31,6914582906951221739,1,3a9f8f643ff4b76b032a0c53958a539f9c66a1a930cf9402372e6f589b7bbafa,True
2,112,L23,14476299836322358645,1,04462e1baee114e92bbfa0a8bb1924d17df46079ab7bfc314a3b6ba03b0adde1,True
2,112,L32,15378631025209319794,1,e3ded6dca44d22897091061e5ea6068f8c4cd05bd98fe541242c80b4f1f8d4c2,True
2,113,L12,4100294047811355393,1,3051c4534325faf23a5d533618de975ffea0f805f9b8153f9423f12f2ab51a90,True
2,113,L21,14732196728550914664,1,4211677c1a4f9c9b7884d3343685ce1333e20479c33555774d3771ace6af6de2,True
2,113,L13,1503991291112960527,1,3dca11348fb9c2dc6be0bd91b9974ca4841d5362f5f84c450e41c218555a4bb6,True
2,113,L31,9781490975702646661,1,4296f8e5e7ea5ce017445fb06880d59639d28238f195fd31934ccd5f050e84c2,True
2,113,L23,1725860106491687954,1,4b949355a83e90378d9b722d073cee61316cee9be830fe23dc18db9117fe2193,True
2,113,L32,10504710205467642090,1,3435b5452e900b62c17b774dcae37f0fa7961355dac370c918bab0273e79fd17,True
2,114,L12,3305044928436192987,1,5501b9b49cb2a948a5fea7dec4a3ab96cacc31911be7f24032aea54a2016cca5,True
2,114,L21,6773578489631136543,1,b6b6a06ebd11c6de989869897cb753be8037b8026ddf3aad8afef139abc921c1,True
2,114,L13,1348683008218192211,1,5ec86db55e7a0184e2b8838f1e93dc3ec6b83a717404a3219a54e3f032983933,True
2,114,L31,15173612966104885967,1,0728841d341af778800390916116d000b0feab1fbeecad2f8f85bfd78fc29f8b,True
2,114,L23,42638794383639251,1,4f98e3aabaadeedf9a9c77307bc2dfb407a97c40460857629053363c389b3bb3,True
2,114,L32,16443621388659300468,1,ea21e447f6042d19424c75370e33fd388d9a11d8aebaab212067ddd24ea8a9d7,True
2,115,L12,12836090941081395755,1,4e245fca2325ac1b3fc4f596b4416cbf058d40ebaee1fcf99ebef44996b57edd,True
2,115,L21,892860143070312798,1,2f12dbc5952415ba23a620ebff010f09fbf57cd8e62aec9fddd423a636574d91,True
2,115,L13,6849755757605389777,1,58a25dad000a08bb2545c4b5305a5b58ccd0b0d8a946629507b0951787324b3b,True
2,115,L31,13015754538083632276,1,820d151a1a5a0784e4e07b3ecbed17a7d1360b8c4970cc6cfb3dd4753809bb16,True
2,115,L23,790090647896298966,1,38d0e99fb6cc92f3814e3a5b7f74dfb0d57cf34b05cb50493ddbb989096a527f,True
2,115,L32,4776605915645170832,1,81655a17d1cd9c821443acc0623e6817f6a3ccf6c9fc1470e98ede104bd5375a,True
2,116,L12,12123562183331835582,1,0bcc732c7da747eccc0d2c27ed5381db37476f6fde3bf7c669f24cf969afb19b,True
2,116,L21,5743786248390736657,1,69f21f02afbed359f874eb9fe0c3384c08477fbc1e3afe6b0251a0fc4c5f3b66,True
2,116,L13,2492177140390632455,1,b1e3e63ecd172814144ea7049a8b707303b265a3f5c4fc09fd3b7dd9a1fdf30b,True
2,116,L31,3749511346816960520,1,928b6acc31f97ffc8a852acf095899f01a9978785af30a45ee66cd683b50e678,True
2,116,L23,1233092032383165150,1,f639a86c24066709dd379b26a69844b63add7ce4f756120adc74e0f2b2f544c9,True
2,116,L32,2657764626521292324,1,60e91b59e73a34c8b783ef74f3b8568e66add1db609be0e8d7b66b9439941ccb,True
2,117,L12,5552819837619242237,1,02eb0e0d62b571ee89ffe1390b04d8abaaa8ef10f4d38ac198fc3175bf5b1f0c,True
2,117,L21,13269614123115556761,1,406ccbeab5231a4290573083987161cd0e70256bde4fc1061495c771546e6e94,True
2,117,L13,15601042544146174976,1,7739f6f90c4f6b283be64e23113a2662f477255ef3db4dc7d2a3fe2bc1a7e69a,True
2,117,L31,708756702761375107,1,6d5544efbaedca2305a0480e5eb964a393f87ea0a5aa434f565dda03398863d7,True
2,117,L23,17272156994411018553,1,3ec5b5e269a0622b29d76a4587624d97789578ed0ea07086472ba1a7f431c9aa,True
2,117,L32,4666697300765193210,1,82f85044c25d4189da3e897868d1d51bc75d8b8028ddd28c340fc498c18905b9,True
2,118,L12,4557524333300888429,1,1c124b341b381f447651b0271d9bb70b7dc03a668f054c1070116cf4161a9c4a,True
2,118,L21,1180076885597631783,1,b5007bcb19bc0d7649d3d5a0079df6ea2e2196beda77e690c29d449d3fecd4ee,True
2,118,L13,1825822346954327166,1,dda7c53f812eff0c8e7a5d2f4684bdda810aa9c30bd7f41850e31ec563fbceb2,True
2,118,L31,2808224691784656123,1,c044cdf1a5addce4fae2e06dd9f063d1aaa583b5307f0c20067eb0e353412555,True
2,118,L23,2729277716113515602,1,27ef7ed7f531a4f8ef6f155b18b8556fafe3bb1d63e0cc030fb50f508562b9c4,True
2,118,L32,17916144302098961724,1,1b084b546ff5fadddab8cc99317c139c5d5654bb752bba41a5fedcf55674b29e,True
2,119,L12,1723455423070779841,1,2c6e11315cd65cdd12705be77b37b3bc171b20718c7c1f44090b3b7db02db54b,True
2,119,L21,17096712492854566620,1,9d8477ca36f80da2e120587cff10ee28c00bd84710d63f24929a0448d55e6c01,True
2,119,L13,10573936137817165703,1,9fc0c674c1e02a8a844a6bee411d792ca186d5f8dec4243007301a50aec75ff1,True
2,119,L31,5612820499471589309,1,22ee8d3d61ed716402f8d0c3ee36bd8c4b2b6601b43c68facb0815c00b58e329,True
2,119,L23,16280443878766457930,1,175b4ac688199c6e9ddde37c24d38e3b227b51e00f803cfcaecc05de67a934b9,True
2,119,L32,10105829406371361787,1,f98679cbc549729e9cc23e49a4c24e2caea74c4efb2411257cf088bc346340b4,True
2,120,L12,5122333866743640401,1,8f927792be94dc32c30a08e7d79eea893aabf1b75c2019fce49f93843e05c35d,True
2,120,L21,3461265025350621423,1,6cd6024081515a3e18ec11a7f7af86d4db186ed3a20e5f2841ed84eca87dcdc8,True
2,120,L13,9372750489975881090,1,4ad573deaf36caa6a2f7d81423e5628fd9501486e8bbb46d23052678f6dc45b4,True
2,120,L31,10366557515855562505,1,92cd51a9300c36cbd5ba1511479096263f63c9033d932dc45925ef6e1254e1e0,True
2,120,L23,10806709350729061331,1,c316ebf71a26ebd0246e917b8e3eef69494cc4f2dcb2048519d980dc45ce688a,True
2,120,L32,2891482494552180609,1,0521eebeb6d14d48312c11093967c98ee24450c3afee01a8104d4090851f4f6a,True
2,121,L12,16453237343870104728,1,24699959fd7672c7756c73f614968143a54c5b98f1cef0dc9dbab3cfc56eac79,True
2,121,L21,2862391643031129837,1,1e35ef463e87d3557253fab7c3b6f5320dd5144fc25b4b8b8cc98fbf42ef48a8,True
2,121,L13,2612761594195316411,1,26a51c89c0065de3fb37f12c1308cf2c3f4c07a14ff402e144c81b101398e5f6,True
2,121,L31,6552019096247691691,1,c135f1a52e7cda4d3dd440397cc7ae24b27989a256c897ad19c5351669d92d63,True
2,121,L23,12013475858680036560,1,5486115a82ba0b6495c87131439dc22669b06a31fdcb42e7c5a47f8d56b64917,True
2,121,L32,6664509550130174324,1,c1299d42b223964fbcd34714d463393cc6bc6db7b8e2b6693048a4ff67a3bd0b,True
2,122,L12,3667500873543571455,1,c792f5d036912eea526b77b370bc4c9ab0ea86885912417875dd50a463f828f1,True
2,122,L21,4523153136005535240,1,938341bb02fcf9e9f29803ba7aff832d7a1002dfc51f77b548940598a09657b0,True
2,122,L13,3017783599827892119,1,336565b6df712752954ff9b99f7567c2cb90ab48941edfd7cf25acd678c5596d,True
2,122,L31,15427378450196062045,1,729abc7de5ad844407f27e1ac8216ecf9c05b4431014de5e38e9c4d0dc5a24c8,True
2,122,L23,834216031995141478,1,26a5f39b65fe886405b55cdc28f716d9bfb0a6a38fa853a3c78092ef144a29ca,True
2,122,L32,16524708531181784518,1,216efb5657359efe0880ab5c97750d1f53db1d74fb7830f9134cf819342d05b5,True
2,123,L12,11987807353633462684,1,0655c4e645636e94700b449bdc305835474f6ef54e3bebbe0ed2f6d203f65677,True
2,123,L21,652998229545676916,1,af665c0578de93a9e2e45b9a9a54b5f1d992a907759c3b46db7d29e553ad6dec,True
2,123,L13,1713002949290785941,1,ba67e8a2f3d26a063c93ad0a709888b7f217bbce993c2a18181428fb5332526b,True
2,123,L31,8947690817083589730,1,870daf026fffc1d517298a8e23509f0433da1a04b8d978e20c6e64dceeeca8d2,True
2,123,L23,16466098629741193397,1,0eda6da6d20140257f4ad2289a22fd1d299771557864f4f4eb81d5ffc18dc16e,True
2,123,L32,9819568261654727988,1,bfbeddcbe72c40723221defb4d3c347fec6d925ec10dd4eae8e842a5741c65e3,True
2,124,L12,8021411910347968259,1,17ff3746c350b585ddd6f91c34571190a780758085756967b19494e839677ff0,True
2,124,L21,15059573944330039888,1,8375d19ff9c64062b7a15e1840e9de10f979484a1a2b96bf09fd8b09fdcebc5d,True
2,124,L13,8923486804483169629,1,366fd5b30a28fab7018f90280f23aa2cbac43b1fa6b9fc17f795371d4558d87d,True
2,124,L31,13051873856511300538,1,c228a1efb9af1a071a98ee0dfe977e35bfa0e815d88c2d65539ef39d766d73a4,True
2,124,L23,3219619824523567740,1,251680317b231ea0298be413b8c1e8029e563c9b443f717736c879f21f918323,True
2,124,L32,10800517492372193022,1,df5866fe4b36f05a4ad6b8e70091a2a4febe8c397f40fc30141ae9affc2220eb,True
2,125,L12,4318024020474602880,1,031fc8295562b7a9203dbfc219c586f1e3b643c788009444dd57847db821e74e,True
2,125,L21,804903199682793834,1,5850565d66306469d904b8e2278475e6b65ad2a69d87a703ab96732a70cc3768,True
2,125,L13,17129723029678790928,1,f941d978e06dd689465cf8894e81e5b8ce1a5db4a8dd5d6e0cee43e55f9b3479,True
2,125,L31,15976436590369125530,1,f2adec3e0de3a5ce1c52eccb19082424ec3bd3db243d915d46730644b763b2de,True
2,125,L23,5109446932695735972,1,d6ef178ef430951ee107864ae060944dff13d933380c7d6fb67e02f0c1ed9ed5,True
2,125,L32,10192766310824422383,1,96c353d0b8c726792ffcdf8476e210cbc4b9a745cf9921d67d55f5dbb700ae54,True
2,126,L12,11721839051814464750,1,af46a37533d1e830eaf3f2d24939c59adc59bd8be7699e248f9c81147b44ee77,True
2,126,L21,4041770787999510427,1,6d8a3d24964f055082b795f6702f29f073dc538acb9d2de76843c944a63b6eb7,True
2,126,L13,6503853101699243613,1,6fbdb1666b3e29de5413ffb82c4e265dc453ab82ad6c68918026f9ec8f74c014,True
2,126,L31,2136402264914689585,1,98adf175a75fae507c72f50bdbdf665c7157a4d1524424948412fe096db75143,True
2,126,L23,15111773493725310281,1,01d8ab9eb49c037111b53653d1db3a9efc9200bbafe4fba57bdf587885fd90cd,True
2,126,L32,8806444503830733754,1,a7964652dc5a05977119ab8a13d7645b9a740970d7bc214d8b7e56f6e75bdded,True
2,127,L12,2842236586498973960,1,14260441469ddd8e333e173cd6946433f150d0642d5175be9a88ea3ddc82a8a1,True
2,127,L21,3752936356612582749,1,9faac50388036becb1703eebe1a0b69a072e83b69e7dbef0b763c328a7757fb8,True
2,127,L13,5875456098896982844,1,866ce9a1f71aff0088b44547ded32e9f3921822ac1f92844cb0ea6e37188e2ce,True
2,127,L31,12593457289173995995,1,2f710ae661c2bc8a7e9611728178d23beefdd805e58c06863463ace159a5b764,True
2,127,L23,10504212432272089637,1,8a4e5f81b59687396651b9f15817f6948e117fef819a70664f688a30799ef60a,True
2,127,L32,3259403958668714986,1,1f8c83c3994f0dc345325ce2c40c98c6d99639be93310ac2c62e8dc72fdd5ba5,True
2,128,L12,11635390001284215793,1,fa383fc893a90222eefb0f1e154ffd3d86551073f5dbfc9a3d96cfa7fd605138,True
2,128,L21,6318444178413838471,1,41f0d3ee6d915f78a621b2a1761fe63a2b58d197fdebe7d378f14cbcaab851ac,True
2,128,L13,1934873265049127187,1,956c8668209c2834c059d74d449b8c9a5e3804840a7364647a04c8ef2382235e,True
2,128,L31,5508340630795422833,1,31d948e3706c04e3f9133fee225291fd5239cc8ac88713eb43c85b88e87698ea,True
2,128,L23,13027846293435358757,1,b1f4498622b03253f32c0f9540b690acc14c5f557324ceacd857ad415104eae4,True
2,128,L32,843220491562799096,1,02e7399c026f9f61d8c7d7cd80ead0092508eef045431669f6c7920f82511a0e,True
2,129,L12,16870108986477387453,1,9a39b41032b55d8ccd833c6d8ef994af3eec7d99556898d4a5edcf318e6aece7,True
2,129,L21,11210585628673656772,1,2251c0b19144b5c82982e98046c642f763be9e7319cff91441ac9b0cd9e3777e,True
2,129,L13,17853907187357025089,1,bdceb4a50b0b1c5c5380ffe29d42021fb70e8fa74833607e162158cf4725797f,True
2,129,L31,7697745771308668761,1,05663da006ba57550a854e618035483176cc72f2aac7cfd40430278c13696ae3,True
2,129,L23,10872314979861246902,1,a6ed7767be8542e37cb20219ab0ebbe260b3dc66376e8903aabbc0210fc86fcf,True
2,129,L32,10147061722346589936,1,aeebe7db0f4b4ab7786caef567d627580b99672d62b6921e1db396175bb9c920,True
2,130,L12,11137130257650211993,1,0486c7702d04854fc53be24e6219dd7f4795cd44a908d8bb2aa46a48d76ab9b9,True
2,130,L21,2774207070757000001,1,53083c96a0bc51cd6955dfc5cf106da2f26fbc9d904cbeb54156a85b3164dfaa,True
2,130,L13,5836453173283564524,1,6324eac5ea28103b1789afbe12a03b6fe533bf8c678bc1234a0f8b042afca2ea,True
2,130,L31,17046131409217992881,1,0165001518fee8a6f25a6786fce9393ac82f920b0229571bc41555374b43f319,True
2,130,L23,6972842411986164955,1,92208f50acdcf683b33448aa102773beb1a5487fbae3bf849a00e9c248cf8973,True
2,130,L32,5072617264269094798,1,f6ec51b72b4f2c623a2be6deed21ff6b13903f844fd6679dab6d6c660e7871ab,True
2,131,L12,505644919870353822,1,e8cee76b02dc0645a72ad9e51aa6392148b994a2a6a9198fd5b4788b5219f9fb,True
2,131,L21,17299345042319957826,1,d7bf46aaccfb29679d81876cd5ea20b9a8fa26aeaf5338079a6e19047f259e02,True
2,131,L13,17302898152492593089,1,ae406679d8d8af2f9a802a39f9bc347574048e62756deab2121337019a762c64,True
2,131,L31,11509213284511398485,1,6e7912e1c3836dc948263f54a7d8fcd0591a22b6d28781f0ef98f9bd855642bd,True
2,131,L23,13922074101529974239,1,20cd5598c745594782535a380d6ff89996ea336e0bbf6b88230e8dc5c8f35138,True
2,131,L32,13850898650232175438,1,033adcfdaf2aa9dcc2a2c07130a3d49af5cefdb18c98d4d86652dc7491c249f1,True
2,132,L12,16972629424832926382,1,32f3b7776733533d18a691fcb64140af4c7b95d08b03b9fb8640768f244617f6,True
2,132,L21,17241428951587330581,1,159a27e200863b17e518a81af08b14a915d1f6c22902fcfa1c1403834ddcd0a3,True
2,132,L13,13816330094649398606,1,12ca8dba7405efb3e55967f6d6785d9423754d92161aa15822160da166916a69,True
2,132,L31,15864532393300664754,1,44ab2745f5df60b2daee9f014b7a8438b70f80f71000df4e1f8dc98d6aa00a31,True
2,132,L23,17817503191590609276,1,0de4664580085ec405de87762fc67022b0dd55572188a475b7734afbff83d142,True
2,132,L32,8964919084924881687,1,deb528ef14f54bd100dd12cbb94a44b183f8096bffcb34389d256fde2a01ce2e,True
2,133,L12,14202318584353158649,1,c028288ab284b7af5d35de1104657bc59ad5d98192861b6714f1a97a08c911ad,True
2,133,L21,9302382556182432190,1,f6893cd31dbe59ecd1d937efdc246395755db49a4e53c3e207d732e79bc2d171,True
2,133,L13,13929783714846945748,1,3a09c4795d2ff5754a5e10393c11835f69d8e2edcf04061b1ec6867f30c75fe3,True
2,133,L31,3224718847264353317,1,dd49a3cf02a61bb3239b94d4130bd177db84f2f3a0f08e9408c213fe0fbad0b3,True
2,133,L23,15619026255433094632,1,2cb9f6c7271609a02c3c3ce225e0f7f0da2c66d11d59905b7e9f9d7a86b2f83a,True
2,133,L32,7814861459464005152,1,1307d0ef7e1abb034db3acf522af854483be2d3e30ef61561994864ccc293938,True
2,134,L12,7861764868272679003,1,85db6fd4ea309bfa47a3da9866d96169df49bd193fd8c0e0f44eedbc263fc886,True
2,134,L21,11910488593859565125,1,cdefd864d5b31960484c649378fab8c6ff15e75325263c65c0e49f28db28d085,True
2,134,L13,4816231412835758433,1,f953c2f82577f4f865f1b186abb967a162e8e0421508b39a6d59f037d2302b1e,True
2,134,L31,8384473612303183682,1,edac4d2516deab1ab2551106ce35ec454f183dd2155b3c9e1cd9e80e8ea33d43,True
2,134,L23,9123330291318864111,1,65c90c881aab5c2c12fa90632cc7e450736f2527cd660f4bb880a48843412f8f,True
2,134,L32,12998824968277994247,1,6977cbb3e750c875879b686a1fb36493566516dca9f3102489d4634bc0dd9f4d,True
2,135,L12,9009432871806338171,1,259f8df98e1b4b1282dbbde0ee53cc160af4fdf62a7e9c8795ee08f02b432471,True
2,135,L21,4113898418437099252,1,bbf1bf8e46785e8a91e5c40e03f04423e4c2cab2acaafa11f5e3e7f0e7248969,True
2,135,L13,12705327591435873866,1,5fc2114c732a843892d26b06b53cf3a3a2211e2dd76a430dcbdebd89ae9c7eec,True
2,135,L31,8464026013237272549,1,fcf1cef9a7880a1404e72721d59cb48aa9a0c55bf687d8aebcc8fccb393695a6,True
2,135,L23,8624068777178146809,1,bf31658af6aace61af2f5d829547865de29a2f96cccf47170d4b8fe08b44f3d2,True
2,135,L32,45963512193012367,1,955893fdf66b0cfa5b13889148dc031e16f1e772a31b262054ebd86185c1f735,True
2,136,L12,5912100354468948622,1,e42edb7e344b55f45464d2f427467d7a8cb4ab2988132176c265ae1faa6a94f3,True
2,136,L21,13685566482488941463,1,5747e181cbfacc4d4c29e6ff6dddf87303dfb673ff400cfca64b801102f62032,True
2,136,L13,15208833676011641652,1,b89bdc1d7c77923b647f4f7413ce0ff800d939b119e93ea80c8d93ba2d0b3251,True
2,136,L31,14907617460854476968,1,23b073d24cf274a1ec15655d619ab0c0e41540b40e9e59f07b0e8c7ac980aaf5,True
2,136,L23,11734524408533232337,1,8dbcfa309628462f96f75ed045d9c4445f549ef9dff8bd37882173bf4967bc10,True
2,136,L32,17468247269382582350,1,00ae1abeb07a63dd4c1e9c76d1f3b515e19e9e97ac54ffa1888b9818930cdb9c,True
2,137,L12,8278154208442064741,1,5ee12fcba7262a014f7fcba7467e1054bfc46694050ae6172595eb4d80a5ce0f,True
2,137,L21,8516015848077008985,1,d3e711d0eeb043ff1d754e7785beb4fd9e9bcb5c7400e2850f8abf63a4f98160,True
2,137,L13,14796900998273489280,1,8df2c00e30d97c94d2ee71c628d256ecd33348d47a65585552d51e9d11755459,True
2,137,L31,1090789557386097207,1,8fda31265f603682ff4d6d8005d124094ee4b9002007f0575f2c025393e8909b,True
2,137,L23,14849158517621436837,1,c04166657fa1ead9742d043472cfc81f1d25879c70bbaaea402a65e438cb5b39,True
2,137,L32,13024539976643965804,1,731d065a78af8f5a43600af8ba79c7aeed7bf1a881eea456f5d57d2223fd5214,True
2,138,L12,8734933628900786916,1,5e14b1968814456eef440deef4870eebee4363ca059f235cbf8d09dcaa7cbc09,True
2,138,L21,4778449777969050250,1,09d880ded0d6aab4e82b43442e734e4f025f286abd3d5d5489f2e83b55625b99,True
2,138,L13,16580369563929964697,1,c5a8fdba313ed32c54aefa8683b42e853a1c04951f2845480552255e3a3e2f67,True
2,138,L31,18061466714595159451,1,c8149bc3e48aa90bdb6afdd5ec42ad83596e34261b26a37d5497c9ef00b7ad41,True
2,138,L23,8514822943046576364,1,905d3f6b7e453a7c873f980f8ad8e72db48ac8e440e2e133bce65c98d458f96c,True
2,138,L32,17933038939465112748,1,703f5ee9079eb9e5bb1d5b8782f27174a3f4e0d57fc29d923ecf97825553e3b2,True
2,139,L12,17583771451505742248,1,f3a3695d23f68146fc0d0666203111e2e378cd78dbcea4cca920ee27c348dcf8,True
2,139,L21,11874144581119286173,1,3439717778a4e9a0ee6448c9a022ae0bdda3cb14104a869118570307fbacd36e,True
2,139,L13,17627295884777433115,1,2de322b8b166a7e3efe71aa8220535d8455f450e6d3c120cd6d8fe2550894d6d,True
2,139,L31,5084764583338184955,1,cbf591eeefa8a14c15652ec593f13826ceb9e5e71917187123bdaab8fb1d455a,True
2,139,L23,17119577945798355708,1,649ce90d4fca4b92a30f68d8f2883b19660670df776dc75c66ae6a0efaa1244e,True
2,139,L32,9305062223527089024,1,d54f89490fca01d0bb6b5469b1f2d6646ff1458af6a191cbeaaab26c79b11a9f,True
2,140,L12,12434630691339780637,1,aafda4f417c639196d9c2bfa3d3fe705dd5e4bc5390fd906f22ed8928e734994,True
2,140,L21,13058134557787444290,1,9f2cf683014dc8bea2cb4602020530e90c5375d772c8e48373425ea2f9f7c4a6,True
2,140,L13,8276808630560609407,1,beccde8ca0418c206d53fe41ce82475b1a6cfd1be6fccb147ae76871d785f1e6,True
2,140,L31,6181056391552453800,1,661350691cb8df7815f508d9224a51677938bd39a8b29892baf1044f3c2f400b,True
2,140,L23,8251380942748550846,1,816147fd2168a793746a91aeb85d6c2a9ce104b1cb874cb598617700bab4bbbd,True
2,140,L32,14469656503153139949,1,7bd69fedb1067ca46b1f2ced0c7bf50db63c1f77e0f41f88fb1c1b44932b7a6c,True
2,141,L12,16824876638874900868,1,629c5d4d0ecfb2fb579a61bafbd013286f7a0d678cbfd1cff15a943f1efbed8f,True
2,141,L21,8671793423810218012,1,9639325366a730346cf1f7859d256f8b1c0fc7a6b3986c27b765ddcad0c1b62e,True
2,141,L13,3419750971235030259,1,ef8aec7340c7fbf736d7485e8dbfc8db8b7449d962bf2323e480d1684ee0969a,True
2,141,L31,3476549488921972707,1,441f14cc682936d19f2c02256f6c2897e36487360185cf839550aba3bee612b7,True
2,141,L23,14100190730756349558,1,2dd0babaf8905c4eaefc079cfcf7e8f37b8380de1feae57722fa38564b0f5a64,True
2,141,L32,10751305098282989996,1,3514be403c6e85ea4549bdabfe009b14654b0ea28b532b5a500bc79b7cbcdb4d,True
2,142,L12,12025779295159414734,1,5e4bd9f8d6553b62933597a2e01b59e27f7d2aecfa553f8394f689ca2f184671,True
2,142,L21,8586628755526856437,1,1417d7a76a54095e5fcb7ca43d5c58d5139bb1035e25f10433eb59dd79ef6130,True
2,142,L13,11233296539966246212,1,87146ca6e1833256cd8e005645016777ffae59b0dc6dc76e4ee1bdb8e6179cfe,True
2,142,L31,16407359775382669857,1,e761d3d78b9f3c0105f879568dfaec1634b4e91e6754e423d31d04816ba16038,True
2,142,L23,14298173090990729358,1,22af94cb3e339d67f4303780ca6c987d4153757d2be63c564a0c3ca6cd652b34,True
2,142,L32,10604232410490462436,1,52bf839acfd687f61482588a2564ecdfa9c9024e3cfbc3ec2de1b266daa8037b,True
2,143,L12,3146702006986682687,1,78b5bd173445142d7c39df383496689dcc2ed4f0b137edd76bc84c315f35b4b5,True
2,143,L21,18332299581100601810,1,6043cec85b830a122e3070db27bd384eae411370dd939afb36bbd280a86183ef,True
2,143,L13,13110985877782757262,1,c0cc79bc060e84b75a209ecfa59fa2d718e010e48e73845ec9ecc054f8bcf72a,True
2,143,L31,13773559298688473362,1,5837bd2718b80b3c3db43a632eb5d216c4036480e8b56ea40fb860bf464ff499,True
2,143,L23,9512075043569825975,1,3cbaf743052e73ad21a69026d0a4d74bc2f4a69133e78c03662cdcb230717827,True
2,143,L32,16838022167799976847,1,801524ea7e08c37f6a183786aa74341424571850f48add9fcf79e411604527ab,True
2,144,L12,51377948682076897,1,92153e9af38099e1f00973b09564832ff10457c5856cd4a4bd43e6abda5f3cf4,True
2,144,L21,1568091943320749977,1,c8bd0a29667b83c34233c8c12837243b1ca74fa3f573759374fd43763789ded7,True
2,144,L13,15932956558684630962,1,2f9c5cd1eb9501f9d326fef714949c3b8ad3e52172ddcfe8475ab20578ecf393,True
2,144,L31,13914041673011252207,1,610a34df2c5818dd93de918fd95e3c92bd69b08f7b6dc58ae0f1e99125963d4c,True
2,144,L23,16996926541269265494,1,332d2cd3afeb739bb31527d42e3338467b9cf7439ccb161db55e020bd05d1a1b,True
2,144,L32,4157750877004006469,1,35319e5300b2f30a8b4a256dbd3559355f9ca80ade48052901a6619f3297a236,True
2,145,L12,12548089624734848083,1,f44b3c9b13b537c54d69295366bef3f94f2fa16d32084eaf0a55ce87762150ea,True
2,145,L21,9707045775512564745,1,f3bc063436f7a876aea9e03086962ace2795fa5facc781b819e61e88c5d50183,True
2,145,L13,6807169225430566794,1,862f26b2c797ee62b480a30ddc9469fd333a76ca24ad0ad66c75d8ef68beddbf,True
2,145,L31,8962434634554718971,1,111c41df3e46739786a754c2aa24dfb0fede71d18efb168571df3dce81aa25cd,True
2,145,L23,16311472220192349003,1,30ee222f9e7975888a20e6ea4ce12c73d8499764f8f9412b5f61a7131b9f91a2,True
2,145,L32,2795490630487333651,1,03b683e739ac678c6ee75b967cdf5f6081273d52dd1c9834eda8fd3eac5bd92f,True
2,146,L12,6234634466156162718,1,1139b3222b0d709ca4f51197820b60c3e566bc4c447d0e5ef32793451f7d7726,True
2,146,L21,5964797718841343993,1,d692e9e353134b3ebb7a1f2b2bdfa961649a13a7be595f061e2378a3c0a79d5d,True
2,146,L13,9978037996756447789,1,660c9b7ce3684959c11d85ec22f80c36c91d47f5a4f4f2b619377d491646ee61,True
2,146,L31,9372465879879611739,1,302c83e27463532d543b04dbc2367d1efeb4f3c4f418f68e74240ed5fd7d6a92,True
2,146,L23,16831630518711806858,1,206c26d1330af2006a12682e0f7a28e94e30d076377372930fc326015440ca45,True
2,146,L32,10161624684007060922,1,eadb710ac11d4b03ffa4607e3648c20750b1055571ba3b337ffa716fb575358a,True
2,147,L12,126757285616138752,1,6598b18d2ffd8847e66719910c9febda5a4e7d99e52696d70c7c019ee09842a8,True
2,147,L21,15407022725949095508,1,30718de7c00a3ce7d283ec8c96f80e44f8c3594c468e288c38a8aca594d06c89,True
2,147,L13,16546863626381679886,1,d09ba1a650f8cbc1cf2f683fc629d989c853216598cb9e408da6515ed47b850e,True
2,147,L31,3145077567478227978,1,a2a2cdf1a052b6276550936a3193c1489bc3dc8dd66f25e4d62b2d4178693b2f,True
2,147,L23,7500233400236427176,1,80df71e4fa953ed0fccfd0c1e6af1318e1622e168fb11fafe5910dba81c45178,True
2,147,L32,7115434863090758281,1,6c4b9e07169d1fc1f5f692470abf42fc03bfb16be6c105221d36a0c6aad1d75d,True
2,148,L12,14564361027265055718,1,b793710b1e4bcf39b1c1ccbff6f5cddf1079fec99bc16d1b48ade5ba1aca963d,True
2,148,L21,9275329972384253378,1,ffadbb8be7632c87949bd4f82f6765c1e69f842254a5322f78249cd702aad6d3,True
2,148,L13,4459912379655518530,1,9faac86a822aad558f41d71bf8580ab2ca9faf3c45c517f78fdcf8803df168a2,True
2,148,L31,17379335943782940727,1,0111905854454f0630ff4ed1e1b4badd7c2602a17e32c46bb82b94b7f6b8fa80,True
2,148,L23,10071953567247185342,1,34fec22ff43625707e227af6c472fb5b28f353a4fc1220f704ba0f93580ba876,True
2,148,L32,9711512513977502377,1,a2d7887af5f4a66586a735dc7494bf5269568a0e8e0eb0f0ffffc2160034f8cd,True
2,149,L12,1153543309759280186,1,78378af55dc60693bb2b6e523c563bdda681b03575b9e7669a2bd0265736e2ee,True
2,149,L21,14884985386943480221,1,375a7c0ddf6a529839a1882f036c3532bae11fca7fa2b13570349196f6c3ae3a,True
2,149,L13,17097234989341203173,1,16f57baca420f2a83702b8f8799078bc80f1cbdb442c054a21ddaef267a65534,True
2,149,L31,11012795650397317385,1,299fabb8de30b08d3c16f12bb23f3940f9fbc67e66b91818e9c8911ccd76d895,True
2,149,L23,14155153003738446359,1,a5b97a7c81d170c5e9c9274f0574cf7de6eb7cff2b3e6ad7a247dcef75f39657,True
2,149,L32,6323387769366693833,1,b55f10372de2d5b4567f1f8578772f4fda7c493dff9613d928453c7730e4e88e,True
2,150,L12,826655039133760282,1,37c18c2cc9469e3947b328ecc7cc9cb3582e0c960ac961d0a87be3e61aec1a1b,True
2,150,L21,10638839175550581113,1,863a0eb9a31ab5060445718b064a7bcfaff4824f85d30430fc5deb6f9119901f,True
2,150,L13,2231187780812711458,1,1853d13210dd583964162fe5789297e7d5181110f57d898a10127f3625e89e67,True
2,150,L31,14131589338675262825,1,288fa90aad3a09a59a2cee8bd2c2b0d6971898403f293510c241035ee49a2a59,True
2,150,L23,11185732290871324947,1,30f135fb2369804a1c36c412fd126195d7d32ae7f2b08279a633c58aca339e3a,True
2,150,L32,11125097350354418017,1,642a6f9485366ba6726a165f67ba6982f9099baff8729c5b88cc6f14930baca6,True
2,151,L12,8427316252434794381,1,b283dfb959059234f266057acf2bdbae254961112c35b1e81587917532db76a0,True
2,151,L21,17849611349773675857,1,ee289cbbe2443d8e690f46095b0e884c13985d5f20b544be6b0c08b8b33a9e97,True
2,151,L13,13879587115030705167,1,05f7a60b3518c234bfb4fab3cc072c90e685285c5306399caf4e11785bac2572,True
2,151,L31,11383563723748964426,1,f0e88943dda433e0a891d6bcc41739f4679d3082b18e85479ddaa28a3cb8ec44,True
2,151,L23,12366486350368843613,1,1ddc8fb15145d9fcde4e64579e14894328231f44c33f549b6e2473c05e1bec4e,True
2,151,L32,8781116438365301779,1,4076452fe63b8139bd01901f434996d1f5b093c4db85d9ad67ffbcea9bb9f125,True
2,152,L12,18014655821176186386,1,03b5104d5efd0aa8dacc2e5f2b141e5431464372c88357a2fb850ee153537a96,True
2,152,L21,4166200433953646894,1,72c0c27bb5d0380e20d83020fd084db455381887d4469ec8917d92b57d9cafd3,True
2,152,L13,9185980033716033194,1,78772c185a97ab7d0fa2033625eeb1bb335a10645d6962ebbd40fb1654aff3fd,True
2,152,L31,5569153410697230463,1,d60f3bbb233760ea88bcf8049ef8cbc514166e7f8bffe539222b3246264f495d,True
2,152,L23,15862730454329017713,1,ed86aefece8efdc0da69d569334aa95b74de1f6a5e9281c66d15b7d280783480,True
2,152,L32,16416514273787668824,1,415bc7faa861b07b184bd156ad6a6a610bfce59c4475c9366f938963a9b8c700,True
2,153,L12,9626986289660002238,1,cf3fa20b75536a9d6dfd7e9a1985d6a0615ad5d6badd60590e8cb8905baca3d7,True
2,153,L21,10458744681945995571,1,bbf13b9da2511a391d69597e4e382b01cbcb060745595e028491903c7a96ddaf,True
2,153,L13,9944602458709549058,1,d412da6ec001fb26a32e8b857b01d40c450e09b54692f09945669054950be550,True
2,153,L31,5422446501119793721,1,83845a7bc5121df1f271c63d98bd33375964c0c4dfd3229b4db0ce40e7ca94fa,True
2,153,L23,15025054242810669103,1,c4f95a6a5e04cab7016817323d853c8594b8e525861dfe6892ffc07b48b29dcd,True
2,153,L32,5275613344351290563,1,b6c577d109862f0b4f4252ef0ed32d19ab827e7617db96bb45c521d237f2554b,True
2,154,L12,10958582468513819313,1,d854164d588b2a59784e86a735f8f1d291cf0771aebf242c33bdab190d933018,True
2,154,L21,9999347982759901044,1,761e4c8ccbbc2ba608593f37aeb77abcde61aa1f292f31f41386efc55fcb9748,True
2,154,L13,9822412071982440784,1,443fc6bd6d15dbb5f0088bb54054c431a4e16ee4dcc2cb90281438df7b37652c,True
2,154,L31,15253815577835684477,1,05c5bef5af3126af304fd6ded926ad856dcafa06ee659b89435778e704f832a7,True
2,154,L23,14704908773133974949,1,3d50534d139ba476944ade69c5127463d3d7c8816ea61903d231c8e44f3c08a0,True
2,154,L32,12587075508401160617,1,f658eb5348357661d81cece7eb3f8a449eda53091cf76a4051a9cbded93dd7b2,True
2,155,L12,14023228311387915219,1,50386b63c46943613a6126308a87aa4f2883801ef2a125a21a428b30e3636074,True
2,155,L21,13223343463606125483,1,7a66f53321c123c7c9786eca66e1f9b319029f144ac2aa05991cda844bf23c94,True
2,155,L13,12576040522901850755,1,1014381655b8c0b7e131e3e02414c033607790dd9849328202930c848bc850fd,True
2,155,L31,208158818542916833,1,f4a51d19be3021428cdb50124309706dd1b40385e974a4b7aae26be425f1e7df,True
2,155,L23,13870199570068475048,1,d0759e9fd8d83923ecc06bf1d1460e18d010913f5ab2c0b919a45ad6ba34ab95,True
2,155,L32,3079919783779561938,1,0b4c5d8af9bfca585da696d53eacf04c03cbab9d982c64401b42518d2a204d13,True
2,156,L12,14031724895177006543,1,5b48f3f20623cd65fa06aca11ffe6d67365c497389f574e2de22801e69378493,True
2,156,L21,13359836534374707181,1,4af80b65575566110c96256c1aadee1a138f81d06d698a8895e150f92332137f,True
2,156,L13,10626038004124831230,1,30125e901517f24262a9723cf02aa20e827344ef75cb8bcbcfdc2e80992eb01f,True
2,156,L31,11816922335271839152,1,69a915b59c5c83c15029ef947366c82434774773a22ea730d649f1c0e2272a9d,True
2,156,L23,2312268445321177513,1,128652900ea5401bb0d7e0616e0b1847d0f0a54fdfb198a06d9746112fa175fd,True
2,156,L32,9767411294735909170,1,7d10ce029dd338411df1acee5e920a8436ec27139e532fa961d577d028935298,True
2,157,L12,11495646017414358885,1,dec8153e41da137c64d96e5beb852410324eae98204ed79d1c3dc41ba4d6816d,True
2,157,L21,3717907706833070379,1,5109e3c1c1f35ddd79300e5430463e5352983d51ef9bdebb4b33218801f25db2,True
2,157,L13,10662223341065897073,1,525eb7093efab412fcaad391907d5d7eae62003bf3ced0ff9ae07626c179d342,True
2,157,L31,7172638473871402291,1,5c3e7cb8e71e5bc5610d0239e72f6e161308264e5a1ac7ba7a767d97371fc8c0,True
2,157,L23,11838601923468532474,1,30f058219472de0bf0d3559f8feef4785035fe41b5eb5d1b20adca7b9ce26837,True
2,157,L32,14269967830956851015,1,284c45ffc9f6b21e98337efb4fd6b31d790dca432d45d1a2bf2bf61ae9bdadfb,True
2,158,L12,3848709708415676636,1,89a06b03a15be568aae663fdd3544a71a551f5dddeacf52d5f9d9895a330f1fe,True
2,158,L21,18334513219854761855,1,3049a5b1f849c8bc14c86d16811325e6eaad664b44ead6f10b076eb64d172cfe,True
2,158,L13,2146373870822220448,1,512902448e2b9c29c06cb9a8c1fc0b3d280570d5ad9ada44e3f8c897630f11a4,True
2,158,L31,16186570149758171078,1,24dd8c0cfa476151efbec4f83102b4465a3211a965f132d0a7f62ff34844fa97,True
2,158,L23,16124364416306291896,1,a9121312efbf21175b56996b33518f6704859203e4cdd28494e319bf00d9c46e,True
2,158,L32,13079050234240082699,1,df17088b0cd351502ec3c1fe5c28b539c193fe4d6b4942bff8e49cd45235cd55,True
2,159,L12,12593519510419869517,1,6fd2fc31690511eca660b415a3c65c53fd918df99fc792465b4bf4fb1d7610eb,True
2,159,L21,17304103250515613676,1,e7a29a2d5c110126aa8c74e1dc7a8e6c70bc78c8318f3d63008796338fa7df0d,True
2,159,L13,11779571485927336755,1,1aa63e1c3e1bc2475fd06418c630fdc25094b8f22244b23306df09c68cea71cc,True
2,159,L31,17723633871496165303,1,2fed20291d42737d09d8ea066d10190ca38c2fb23d75def86de6994b0ea279f0,True
2,159,L23,16485891199556646225,1,e96aa3f251919a71266c7afbdfbbecaba0189f54850407136ac61b85c51d840a,True
2,159,L32,8089058897455166632,1,982f17fca1c615e9777c8fabd6ed01e2b782c8c021684bbdc8ffa2e5e4d51cd0,True
2,160,L12,9986761468464227084,1,fce8dae180fc85a4da9d9cf81f5cc1361e3893be6162780082a3367cbf38a191,True
2,160,L21,11934724800234327347,1,b927b5aed0f151b388ec53cf692fac2c86ab2d54e8a78aad5f5104a9aeeb3291,True
2,160,L13,9296901165075842741,1,cdd6ac3a25f559d284b0927c52ef6145e868bdb12431de2a00f8fe36918ea034,True
2,160,L31,17300143113076549691,1,43e23cbd6a4a0852401fb731aa90260bb6e614857923ed8edfe44f15e77f58ff,True
2,160,L23,17317322936128802649,1,91a30c56a35e30e996b6642196b6fde36630e479380cb932be04bb0f6699d096,True
2,160,L32,2086991050391840020,1,0ef12fe94436a5fb94a74c170909dd47b670c60d69506f68c86be5407fc73888,True
2,161,L12,9389576978698729518,1,06786a66c9c4fc08ee3e1bb790eb941cf07b6e95302af4ce9414105d8a97ee77,True
2,161,L21,5559832980356689257,1,c4039394b232dc8f8d5c009dec1e5a12179c0e67c68a855a006f683d7eb6bf34,True
2,161,L13,1007723017036540771,1,fba12d8556852ad838c169a3d4aa78803ca8026565a8e2a5d3dbcbd23eb4b49f,True
2,161,L31,10418567253134987432,1,9d0e0712a21d63059b81c21e04bdf178ee805bcee56a53b874f81587b906e9a5,True
2,161,L23,795868147060817230,1,ec8fa76c581790b8fd6e321155373c3c7b857c8d708218e8b35a4db39398d184,True
2,161,L32,18404856818317004891,1,5f5272f29d096d5065dfbde90db6bdd4168f7052240ef04d86475b989abf0460,True
2,162,L12,4920503216849502414,1,884aa3875b892723cad5ef053fac5b1bfdb8a8700d5ebf71cf1fbd7a4ee20971,True
2,162,L21,3178827116195375790,1,1326f3b6984e98fe4f1effb2c78af7322b9354c8bb7ef97be62e24b2209eb2d8,True
2,162,L13,8539009612161739444,1,ace663fda6f549566441df917ef0aaa17e9a3ec7031167c2248cbfba4f1288b7,True
2,162,L31,1956925652645860626,1,206bfcb824d18e2c728b20127b9af41f14b5b5dbebf933f7edf2c4c880cb3e52,True
2,162,L23,8825211091802118423,1,27930693dc47a0ffc5e9d737b3c81f71966be2109224390ac8a3f0adff677907,True
2,162,L32,10059868055461365296,1,4f5a592b9465f4c6c885238c67bc82b47b12c46049ab3a4168034916ad518b8e,True
2,163,L12,12668890012393800365,1,fbe46e5c3b7168a263f314eb55c532efbdb0a3e30b24a73e234e255735dd0912,True
2,163,L21,9782715099989327621,1,6a8dc0d48bb8ac314f74090cd05841893a2b5c519e800d9b65d0404f030526ef,True
2,163,L13,11692999828469685335,1,81db9a970e2f937c2c9c88acbcdd30753b67950d7b148f0ca72823e2636ece3f,True
2,163,L31,16015474918162933804,1,16f352d1da419a4462d582ddef800554c67bfdd17ee5f9125c4895fcc2b8c955,True
2,163,L23,16019188499375676283,1,cab9f5908759c0996fdb224427537ab6fb44eb9bf30d9c19bf9b01063547633d,True
2,163,L32,8840774193511646683,1,999bb89092fc5f11c34934e18dbf48fb3ae8bd10d0aec94e55b4f43b492596f1,True
2,164,L12,10758492896353293092,1,706b1cf61dcda097938c7f3de194d4ba55c61040fbcf7d53af483c6b4c69211a,True
2,164,L21,1223101681549424152,1,9b41860050b772236d4be002e530a5b018aafc2d0b9b790ae41d070c1b00993c,True
2,164,L13,17568576733242919397,1,51928d7b1753a1eb2d7b2e5b230de0623f3c2e2c350f010caa5ac9472677795d,True
2,164,L31,4166900107604676329,1,b4c768e0508a4de79e2e79ffe6ef728556f65d9d34fd34b79eb7a03c0e8f9b76,True
2,164,L23,17328729825942672147,1,f8cce1e85e476772f351a05d776828846286267d27bca2456efc304c268e8921,True
2,164,L32,2683345838549667616,1,2d1b32fa2cc53b3956c85301d0bd88bf4217988d1af8cca5cd31304b7f78799d,True
2,165,L12,1436702364356809682,1,a0e8661a49e65f5ce16378e85d979d38ef5c7396a1f88437b4bc71397bca7b7e,True
2,165,L21,10699462690586695189,1,8ca746b7f5c85af6cb61bfa5990cda7de5919027c1b28631000b42f41c8d3521,True
2,165,L13,5554655988872926966,1,3798668f25c1e2606d939f73c87b987bdf8cddbaa518d1fd4e3069dd378aae5a,True
2,165,L31,17322599206023702540,1,68b4052384329fa5c158386faf1c248516d5df2fafa1efcd380d3563c379799e,True
2,165,L23,13038919115496759726,1,eb477786f10bf54e61ce2025b1d2c24e1391894fc8626ee52f5fc51472553677,True
2,165,L32,11516995102589606462,1,582a0351416a21b56f62a4f9f457e9d84bc18698d6784d370a59b335a7f982ae,True
2,166,L12,1111470817580553616,1,8179fb0921ca23481931a51c1daff0e91174bbeec916f2076d680d7cdbfa4f9b,True
2,166,L21,11700148500845314024,1,e6f07d9cb1c5aa0349ab7da15c6475b4c42e34e2f10c6c29efdb4b0502ed50fb,True
2,166,L13,17691946940494691517,1,aaedc5c77c08e6310966df5ad8d020f251f3fb460515457860a14ee7fbfd6a16,True
2,166,L31,10465227814584085010,1,44cc00035709f6b1841ea7b88f925ede7f7c6a72874836ced3a9213044f4b9ed,True
2,166,L23,9168047366635836347,1,6fd078bb83814dec29988a788904b85fa9938aa1a8d05f5e869cbea6c8c328e9,True
2,166,L32,13642702763538905488,1,dcedd8bedb7bca1ec13f483d8e20c13edf41ed1fe20a863f4d5e4efb68f32bc8,True
2,167,L12,2060948102617674241,1,fc4d2fd8939c40cf830cb6fcaf6636f65bcd60a773d9c480ac86c3bb1e351862,True
2,167,L21,1977841278016093729,1,757556636a0060bc3bf547f6f0f1078ddf4884b601832e3dc2a638e54fd4fc3c,True
2,167,L13,17312266357243565735,1,ac8a66e40df358282f1677e7e676ebd55aa57dc535faf187e0d0ecdd40574902,True
2,167,L31,10016924126055128010,1,d404b8d432fae05e753bd7893c44abeea048c6ca4ed178fdcdf02bfc52b9a6b4,True
2,167,L23,9481204355974594751,1,6aed6f7e9925bbe49ab150537d75d2140e308c4a2557c356fbc5344e390c97e1,True
2,167,L32,2243156561308202956,1,d9b7d288e87cc222b6e847d87722b87ed00724ef297817667efe03c3c2b3cd74,True
2,168,L12,12442674153042816685,1,de9fff02bbd9eb5546e2da027665fada0fa4f3c108e6264f1b43bcfbf53511f5,True
2,168,L21,8369372648906505251,1,df273ac8a97060aca9b03426478b9f20af212f46ee7876554db26f3bb3e6ec9e,True
2,168,L13,10597473528370339213,1,f467d41c8c1f858631df5b4e56e27d58d9ec46409f2c231a8da8ae7e3b4a54b6,True
2,168,L31,7447795818838781987,1,8ca602d131aca85f5fa440862ad284d4286647a866da8e87ca0455731329b046,True
2,168,L23,9657105765769627951,1,40aae0bbca5be0249d6aa0adc11649ae23302e9f0b0e4f319d778e45e203d14f,True
2,168,L32,8586348720405181611,1,b6871b4af3913a1963cbdb8cc5b3133f7c54b484f377157836e57be8f7670490,True
2,169,L12,15358901987250640104,1,c4681dfc88a03f986c21ddb3db2e6ee69fb8f9baf446a8431251c9d559655f29,True
2,169,L21,5238124034593581229,1,465d8f5b1f8d8c000a8c7e6b4ca9d409e853eed7ad965ad123d0d3432d9b3d9d,True
2,169,L13,15353361970248773568,1,14a180043a65c7023eeb7c3d72f64d855e90d0c4249d6deb14befe95adaeb34a,True
2,169,L31,15626342621727578853,1,595b5bb8c179dd320fcfd6a6a337d601039a847dfc38d48933de018b0a821a58,True
2,169,L23,6550513868403621504,1,45146031c9baee19e8f6f82925f52682c7a5e80ac423d83ce46730fca5d3dda2,True
2,169,L32,17639221890081565755,1,ac369e0d6be9aa4244367ff3c83dfc492735b680702229fea6a5a5ca18296eaf,True
2,170,L12,4187575315968809101,1,51c6c69393cecaa2a68d2831d8b3b85baee1b508fdf0c356286eedaf7299041a,True
2,170,L21,6580643634760460305,1,ac2c9f3912fd5065b34718385667a0fb0a2ee3dc5470f8f9a3144028e4f22586,True
2,170,L13,1761278418655635695,1,db45a563b51a6672bb3f1f644bc315e48c8520490052e8760b0ac80e3134dc91,True
2,170,L31,7647764330492616011,1,40e29c2e8089ee185a12f8691b893e9902ee433214edbf6120141a4e69a9ba69,True
2,170,L23,12269532969509241669,1,77de9dce7f7ed680cf3ba5d5973d5186a8928cf34514d6a0a5defb8dac0c8dee,True
2,170,L32,5920150801929306802,1,e2274b8ceb7bedc4399827f4ac008cc7c7d597bf0142270c79bb34db034192a7,True
2,171,L12,8086946365622850588,1,1acb1a87521f49245b54a41998d19ce14f9c9671892a20d9094782d3ba8fa613,True
2,171,L21,5670195657564306596,1,00821aa3059785735cf2a33a75711c509d49ccd57641a0dd622c984351847351,True
2,171,L13,3578794448331544069,1,4858eec065c5a81b93aae384756b7903a25061cf6ab919b624529b576b3ee657,True
2,171,L31,7835839030205840970,1,c6ccaf18e2ac8bbd60eb3847df6777cccdd8fa4e7e35bf3e63890686a36be365,True
2,171,L23,10649365463761345625,1,50ef2c394bca85f4b97dafff8b56ed3cecbeeaff1a4699206f7e7f2fd0c93449,True
2,171,L32,3229488133966013588,1,ce740bc3197490db045ff28e008c0529fd45c717824b7fa9e6dfaec311734180,True
2,172,L12,3562033923878408461,1,ea74aa851f005eaa5ed71b4ad0a403761f54cf9f860ce300c43ddd7841912e86,True
2,172,L21,9452615030733986726,1,34458d1baf6bc1e7b500ac3b0ba6259c4e9958eea106f9cf2e935d9ac9aa50b2,True
2,172,L13,11901620117263386660,1,f05cc684ca4b83e2ddd0f14a8866c691f4701dc443a51e1fac06592b52cec2f0,True
2,172,L31,8626372756283532222,1,ee516ceeca58868e6ff4a008aebc7d8bb9391f5df2d516e4ebe383d8dca88622,True
2,172,L23,15022755868462015947,1,e9b246c435435fb37f4f46b388dbae4906febea13739cc9b8c399ea6ed912836,True
2,172,L32,14869115486632126708,1,6c87b9ce311c17349f8b7b5f44a95d1ed4fec0af3f1019973d37499f8789e4ba,True
2,173,L12,775070451295527679,1,fe11f6732eb64abf1e7ebda8b75bd7081251eb0d2189e5b1884605786655f58c,True
2,173,L21,6903666794271606822,1,7b70dded273ff5cf4058ed6f9481e1225d44806e4a7f2c7abe1381ed1ddeacab,True
2,173,L13,13283034971961401593,1,4c31ec4dc8fc4b07b5db3ec464cbdfc31180394b94e837ee888d85c42bb97a00,True
2,173,L31,5641307449647971901,1,cfca4eeaef34f043e1297b3ccefd7d940e34f252a54ee055123c71a7b40be53e,True
2,173,L23,12522902377689145314,1,0c3807f192d22d69f41df208eafc0ccb27af46e52f1d5fcc916f7767bb6f3128,True
2,173,L32,5895232391655260777,1,7c827a3c86da91195ef0bf9b9fcd1ba11ad8e96ba5da5383670841a51479599d,True
2,174,L12,7740540824298453831,1,6586d4440d902efb8754177b7cff7e806843e360b3c66b29a62aaa6567ad7326,True
2,174,L21,14379147842684352631,1,46055bba3ec402a165fa94b670af85738e21b7a65c9e189e9db00a4ab6ec0af9,True
2,174,L13,12666937699407208054,1,85e66b30e93f4c368a9dc15e861dda5746b6ebf0cb05765d8aa18fc90fd5a316,True
2,174,L31,14573247916911872508,1,a4b57af3b751fdaa52d13e35477be456a13a0f61f53d357b5a5dc7d03ef9c1d8,True
2,174,L23,1342113093262071656,1,d29b440f3aeb15f2bb6f753a2a571346d5c7c8f9c11c31edb6b180df27ad0dc8,True
2,174,L32,8033801728704270778,1,541d0a798ed3a3d784f9a9fee89c394d8e09555fd19e782347f399c12cb68a66,True
2,175,L12,8885986446915074821,1,dd078191521b321799bf8ccb46e629d6a66206bba0f41567f8fbe7c433f3f043,True
2,175,L21,13254266480845901559,1,d42add2566a3fe37780e59da957a7be1a2cfdaea09569f7678502c303085b8c3,True
2,175,L13,17982423984121901333,1,11393ac8c68619b76773a4729fa6a3254fe6241102ebf3fd992355885b01fb19,True
2,175,L31,15140103451336240927,1,1bc704ea3e51e31c96c31dd01c367ce7517e220eef3a69271d30b16a7d38c391,True
2,175,L23,686161221162066408,1,7e0450e3b874f939c25443e08a3a78ee251bbf8693dc55806ce6681d3855ca6e,True
2,175,L32,4698432809715371784,1,6114f4f2a446fa38c7165679dc506947119cb9bfe367a74420454049465dccc1,True
2,176,L12,2930664772675745668,1,286a01bdd02c0b8729c67ad70d6eb44cad9b453c1c78a937edcd7539ceeaf93d,True
2,176,L21,10828354016518670123,1,eba231d7de73e0b6bc2878ac12de388984d7e0b70230be121c4fa9cbda240f23,True
2,176,L13,3756389485512213521,1,df30a277cda1822d7a58d81649b290e1086a7a78a344687ab9c93bb1ac9e35f2,True
2,176,L31,1900462841156163882,1,08568ff166acf482a4c3edeb828b2c2f82267bcd3fed3d809c7251cb2baf8ae8,True
2,176,L23,4572300693167493030,1,02660bc7f25fbcc32b413fb29073a02a026c66cf9c0babff32311a9a5d6c920d,True
2,176,L32,15896935722881505975,1,9e6f82fd678d90a3daaf367e3341e39ce4b5621c024ec83ed5bb78b3a536d6d0,True
2,177,L12,4038356136650752685,1,912b09dab53a9dfde5d476435c895240be1576c945a850a965d3aa30a5eaf519,True
2,177,L21,12340706328345998675,1,c87e1f3a9e7a3e88b16353d4fd7f0fb8226dfad9b335c04a1ffc50855e193e2b,True
2,177,L13,5632519413200854097,1,b602fc4a27c01fa634a1e3ad68466db7ccf60d761be38367f5fc6efb1a44475a,True
2,177,L31,13552520551613728331,1,43e9bbf5829d8e62d3f4b94957e83894cf3cd78b7a75ba0e9e9e1a155d655719,True
2,177,L23,8605125338527959545,1,35fd6ad97e5b492375ca771cee2526b1504637b2093af8f07143f9840655a2aa,True
2,177,L32,7325825671527496463,1,a1a5d565b4656c06884a4bd32ac341e8de75f9d41f20149ad1fd8af53dfc4830,True
2,178,L12,14709231898182889843,1,a7ea605a975f5899d75a3994534f83884e288e861ac213c5e0f09b725e03b92d,True
2,178,L21,12958243842779906429,1,82c8d1ff3625b402a3c83be0a796d1f99544f57499d46c53849d5946bc9b0efa,True
2,178,L13,15494792058200186125,1,cde788b70294b7b5a83fbf90ca9a4146b2165211f284b5135d5377b1703f1c07,True
2,178,L31,2410178506913105000,1,67dd4cb0c3f61cab384b8e6d83eee5bc632ed94b331cdda5f8b61d116932ad6a,True
2,178,L23,15205247142051781038,1,7990fb6a52acef5f0ade81f148afc48ad458dc474a24f3600df140523b4d8d7f,True
2,178,L32,5037025535827071180,1,b163e3d080f593cfb9c61c1565bc0578be81a044ecf308e06c1d657b61915866,True
2,179,L12,15228287332630288353,1,21997281ef1a775cbd75020b88a166b1749ac0d870d244f3c04ea61c1fb9f5bc,True
2,179,L21,9636573978763870100,1,06ec6cc0f0bc815f9e6a8b18de021cac442246986a1c0980c7d55d2ddbbd0c98,True
2,179,L13,16179211535987386156,1,14926a487aec28058db58d4bd590c72ade18aba186bd6a50b37f9c5fd9c1727e,True
2,179,L31,15918991848776369294,1,9f3e88db746008ad149b892a0a08245f796fe449ee42599ae4923c150b730423,True
2,179,L23,6183672293923522150,1,3d17fb7da5576829e8923132aff4f701d26ec5d3c41595b13132d944f0b0f3ca,True
2,179,L32,2157099388408197025,1,ba1a76ac843d1d5a195247f0f5a83519a70e0fd38550d0d04ff8ab61fbaca048,True
2,180,L12,12671750132887612459,1,461a1a5b03e48829c6f00e9b31165610fb2879393c8319dca21de08d8d54f148,True
2,180,L21,17297689679181523104,1,369e6b08e5a16119df4674fc6e280f0c138301a1834f700325495c31caf7ea7a,True
2,180,L13,5654333799065647885,1,ac5c0af6e2aabd2ce1208c2bd1586be1d3edbe14e972f5a39ac29e763f9b6f1c,True
2,180,L31,1037683490847319111,1,6312d13709ae11658f438b40e6cdcc1b1f735a2a4a9ac196491082a35c439948,True
2,180,L23,8723432035607749861,1,a50e6bf38e0c8a5bb69628b5e1fbdf0a169733509eb9ab1d6b43dcbdd2549581,True
2,180,L32,760395599876032880,1,f9b8087fcf588048022372d7caf0963f50fbd3095d7413d0a74803276515e250,True
2,181,L12,4491520073742954463,1,72d4fcde3044085a7da5320477aa521dbc2ee6c1460fbb1b22da1171f34c9306,True
2,181,L21,7881123498513518391,1,7ac400615c3e67e75f75c4abaa783f4bbfed245d328f4487798963bd0416a8ad,True
2,181,L13,11091959469310994310,1,6af0d234c347bd707252c732e4e5c03885ff4a9b31c2e5886b712fa6dceaa831,True
2,181,L31,17232565684962966702,1,17cff2f7075427fb593d58971ea7aeb7557affbf6da8dde28fd96f9ece0bc85a,True
2,181,L23,6362746783982920730,1,fcbbdc07b92f2c8f57d8322e60512fd9c122769fa0d67956e92c56cb6a717a97,True
2,181,L32,13180278983474775595,1,ddf0afc2d8be808ebd822681a6cb665ad352bc249096b5b7024e6fbd52277fdb,True
2,182,L12,11779093607285840890,1,9915d0e3dbc1bf6af0cf494d6815175bd7f3561c3ec617d059bd5ca24e969693,True
2,182,L21,17993936886501654488,1,add39642a7d090c6f49def9b706c21e47d95e077454502bb8481d6c7e7339d22,True
2,182,L13,12164839799151563016,1,4333fb40db89c6b3814cc591fc3c25092577a54f31ba2c4979b0ab74978db266,True
2,182,L31,15390362408139561949,1,d16f60074f09059412bb9850b41c6810d1bc6813e318bfff6fbacbd00480325f,True
2,182,L23,4375397545988613855,1,f18697fe9084d8f6150eab1386780028363455d5316bb92f0271a9cedf84ad8a,True
2,182,L32,12601282064665659698,1,f92f350676d9905dbad4af8fd699950a1dc379fd0f7cdc5f7cb15e5d53bb9511,True
2,183,L12,6357607259360334101,1,4f341b40881668a07bb829a5f60a2a348f110df77d62a16e3775ba670e924504,True
2,183,L21,5176270986356858112,1,bde1d72ee3067cda399122f3824e82428d3e0bee5e09bd68a082db69bc41d64b,True
2,183,L13,2950099710726327551,1,04bb2f200b75605178c29e2dad4d7f4e48d9e6f9fdf63be8a7dc194892c6359e,True
2,183,L31,15082081160338151169,1,be07de99443e9ce63c7ba8b6adf6b6659dca29a68b542e47618e7f75908abe90,True
2,183,L23,13976819744681061383,1,104bb3ced8f753410a78353ccaf8bdc66876a6eda29a948ce3ae7069d87518d6,True
2,183,L32,1268473831259165783,1,f99c474935e39f5b866ec6027bc16cfbb25f6a816af88a30f663557c3f001cab,True
2,184,L12,5991207081260396651,1,5a2ca538726fcc8f310febc481b31166e202828531ba8d947b8fa030fe1ea549,True
2,184,L21,5582728080957072607,1,fcbb6cb411c13859698d5df291b3f770050bae8a43b960dc3c64fb6a3d283545,True
2,184,L13,5822463743377608585,1,67f2944d1b20db6a37688933b50b68f734bdd89d339338578b52e4ca24f67c87,True
2,184,L31,7376987007551452066,1,b5e3076b705f8a229600dbedc5ebbaceec655cc0c0f475dad8c24a4fdb28b0cc,True
2,184,L23,1246365478895618939,1,88b8592d2e7240c051f5ecac2028bbba0dc287b59d247c0488091ca129f488ae,True
2,184,L32,14027571806718197387,1,f080666cabb3ab529ad2d58bf9e9b0950a1ab42188ee3a1535635ea6c1f23b98,True
2,185,L12,12045548417041876881,1,b2d5b0bf1459f6bf2b1e72f514f52081d01793698c9147fb764669bb19c85872,True
2,185,L21,3332182691064129934,1,8977e6e7936f2da588650ad6218908b21bdee8aaf041306836d58ea79a3bbb66,True
2,185,L13,15773882796100634049,1,cc9a2d06ad188f9e17c102302ae6698fef80c08d9592f12357f22aaa4bd1c01e,True
2,185,L31,13221871772467187746,1,8c07b5b3f27116c2589d5e4daced48eac2ee2aa2d9abea0cac4bfc24793591f9,True
2,185,L23,10422516606242904540,1,b9685f5abe2a4efaad16de3f5ede4bbabf72f0413ea599d8d3b5b29dfe4f7c0f,True
2,185,L32,9384649844232346853,1,64d0959b1434c1058e8bc36bd36bddedc9ed3e581b7e24a32755b9a390c469a3,True
2,186,L12,10657653962790899348,1,3beeddc5e803dafa6ee38f94b8b108953a8715de64b8553dfd0d4af5423400d7,True
2,186,L21,11600025204923496729,1,9af876555d43eeff111b7f9a189367652224c4da94205c93ab0ee068a23bbe8d,True
2,186,L13,16196401535451791566,1,175788b5df0baf5fc09112d88e7f6acd29768eac92c5e0371a495ab851727019,True
2,186,L31,712329266913324645,1,3a45b1a562862dcb6017a4eccfc95775cb2f0ccb1b4aa637f77fdd587f32f503,True
2,186,L23,9325960326691658670,1,01ad18b4a8f43803a37a332d0a80fec64de7a5def2c6645e22c6385c43aea1aa,True
2,186,L32,16657681644771763259,1,448868c8591022eb5590c0120837ce156e09d40479b6e732db77a8277371fb58,True
2,187,L12,3521242148939587134,1,2efa215abae4403e9e1c9efd3d21cf7e204af5bc0ed48491ddd9c40b75403791,True
2,187,L21,16852497169099295149,1,5b493ec30da200811f06e47d540f5542c97a86456e48cfdf3c5cec366d0f8e1b,True
2,187,L13,17605065436105784513,1,500063fd0fd942c6b0f0edcf3ee176d394ca24941ff283c9cf783e1acb9da6b7,True
2,187,L31,15710167547400162239,1,084bc6adf2437fcd542c9cd0cd8ffa16a9f70960af3fbf9af19edeaf6bf00a81,True
2,187,L23,9999254589035925346,1,9befd2028e98881a06d7e55c70b4ba3d5748acf7b7662ac44458d768926bb32a,True
2,187,L32,10385706815466810053,1,6c1304989d94fce34a828676d29fef0d1e2afaf3d3a12f74da65e4b557859917,True
2,188,L12,1238556287651964997,1,aeffc9c82a0c8cdcb40d761eb1fcc99d8e95734e988003ccb0ab65fb58acf2ac,True
2,188,L21,17259031742109119877,1,f762b4161e36c8f927042a72a699837a5f15f6aec000fdba988533b498a2dc18,True
2,188,L13,12354248061993411394,1,3910a92837fd39f9db2f4b78fc455d756064f7ade9990be6be266786868ee3cf,True
2,188,L31,8292505519661930151,1,6f61d4d4ae2523e8349d4362b892f6f164acd514070b715f2aa16afd57f50012,True
2,188,L23,5525121216124699098,1,ac161c65adb17697c705b1ae96c6a9c15ad53bdaede7b9c615320fbe022e9e8e,True
2,188,L32,16139281629000798743,1,2fb0d9bd1c66dd64904df4c79d2dbc76ba1ea9d5f56f3f0b3a9f7885ab73812e,True
2,189,L12,13251731785725635389,1,6eb8919ff9897269a72df0e7d2a4ba31334a12e8ec063fa8b35b71bc9398fa69,True
2,189,L21,14351159903809922527,1,618f8f1438eb4c7cee18cfb98be63170e26030c9309e0ca5b50956cbdb973965,True
2,189,L13,4703036421435061256,1,3788602d08daa7a277f85bcd8ba12eefb78d19029bebf2813a247503a9bc6e86,True
2,189,L31,8755893531916216616,1,71789efc418b20b3199efca38054cc72e7dc3de5f626ab5e9c8f11183eb3e8b6,True
2,189,L23,10023954938346781750,1,415f17dbb30584b5a4c5edbe53a0160ad7680d8978b544c7af6e043ab09afacf,True
2,189,L32,7873134803816669143,1,253f0c225c86a75aeb9d613f8c3ac94ae14967e770aae388d8c97891269cf84e,True
2,190,L12,13277998084904248749,1,a2d54a13a39f6ab40fe637c971e1820f0e848bc3b190dddde8bb65328c62633c,True
2,190,L21,10592224775050097957,1,3ff57a430607e6d41da737f3173911281eecd005d7cf48e1ccdb155826ab8ffe,True
2,190,L13,10392195176668733286,1,6022a8e2330005af65bf85382393951b43ebd098862a522ad4c073b140717866,True
2,190,L31,17680705146423543117,1,a46f4a746c7bc6e57f885fe91852dc65a0341ca97bfbd910156dce945dc83eb6,True
2,190,L23,13552557193299592192,1,50e1eed205cb72fb66f7567a52ef4c47349d85f4e4432a29c08de2b612278fe7,True
2,190,L32,7230265346188514953,1,8c3feb3b8ee5a60f05eafe6e11a15b81b52acd572f53e84ce2308422b867b935,True
2,191,L12,1111226472005174184,1,9a4dfbb9a353398f99dc3bca860066ee34b709c04b2d6ebdb1c9476f4195bdf6,True
2,191,L21,10812177314748379364,1,11f42bc6e87410c7411f347b84a83c736cfeb9f9a73afc989e0de85ede80fc2f,True
2,191,L13,3468802667177437143,1,f5790bac1f8e9a9022461b5fbd6f779920d6a832c9885ca02e83578bb518d788,True
2,191,L31,10341687246143874314,1,a15ebaf5af23977ec37a514e46be454e77e8696fb7e48ab2fb7f3e450c8c0b5d,True
2,191,L23,16422378366251175609,1,2eec7e7b8b282163dbb048bba22baddbf25547bb608fdb196360a02ced6f4396,True
2,191,L32,9474237899423827570,1,0ffbf2ae434e44cd98ad404f5c3f3fc0827da3a4ea2a8199027b4a82dffe46f2,True
2,192,L12,14457328271418734042,1,d8a2385c52a8ced52b891137dec3507546344ce9c2559003c8fa0fd059f689ca,True
2,192,L21,6138639146169625567,1,96f195d33077b826a2c4d33effc62eccccf3e59b7831de35792fdc78b80f97d4,True
2,192,L13,6926507829027222117,1,3591a44df72ba6a8334b113ae21b33b02bb9295dd265233bb94a0d2bd48ac82a,True
2,192,L31,15535888949017644401,1,d4f3ccab64e451af793d71d9dfa83dc096e3be299f55b6d0f9a1e0510e511ef5,True
2,192,L23,8027980407130557407,1,fdfe3097a0f86b470e8f4bb7a6ef8b20f72f89158b7359340417b0bc1b9caf86,True
2,192,L32,14741480752278777168,1,c311479934a0a72e15f631f4d25fd6f3b7e8a6647b112b53e6d670427d561ad9,True
2,193,L12,3622283275374216388,1,61a9f16a019134ec24fc26c56b108535fac1bd819aa79eb6742eb64ea66e9cba,True
2,193,L21,15119432405337090771,1,caff269f46eda96c9ed15dc414038d0e9101056916f00c54e835c86a48b0b0f6,True
2,193,L13,9671536590589675652,1,80a0d24b9a0f2edb7b2ad8faa10eddde9f1be842ab7ec78c85fd3ad4f8d4e3a6,True
2,193,L31,15269164001739231786,1,4851432e337428b44e7a8416dab0971e8b1985af89905c054fb889b5cd566986,True
2,193,L23,13938672983809639942,1,9da1cfa0ae51eda59da44314e7acf2f3a28b14babd93a84ff4f54bc05533b9ec,True
2,193,L32,10397859191769345108,1,267eda9479e559aef32739793607351205ee34bcc0377358a80b7d2b70505fbd,True
2,194,L12,2622986587845284260,1,89572d1edbc246e9fa74ec7806e9c9131553ca9280604d781053a7bd2120a391,True
2,194,L21,4156670659949879570,1,faff36de0208fc6ad03abae393bb9932f8bf0ab9492777a12376b62525be7ed4,True
2,194,L13,9107301937365686720,1,8ab1da5c522465eaea186fb6c5bdfcc3ec777793a0bdd1b486d19bbf57e62cc0,True
2,194,L31,4962547968767246177,1,28cdcffc7c62b2139f01eb715c7f6806ac0684f61fad0891318491ee6ae52e5b,True
2,194,L23,2756804689068015310,1,928129c6419fb9fae3d38bcef76e4031a8a715a75b0cedc0e0f6e8e7fa27de95,True
2,194,L32,15277943289657136160,1,8ce9f875371d3708f2529241ee04b4de5fd7cf8fae2d64558b9df4393cbf7668,True
2,195,L12,4536076658906248812,1,f441d80e01d6eb1b2ef46de1337129d2ec4f136b08e8cbece90543682527378e,True
2,195,L21,10217789183504892515,1,41c53319e3264a49ef0d05ecdf8ff8f77196c7d2e9438f60927b7c62ef80a7e8,True
2,195,L13,7196993989028724235,1,d7f347d2ed4ca0ba495a409c03660115ad1fad1ee0836861a96524381957f1cd,True
2,195,L31,14677055236072629547,1,e3735e45724a88349c61a8edbb4baa7ebb390f7f634cfa5d830b46840eb08f2d,True
2,195,L23,1749082546860124265,1,0cb1699a536d63a3437401f048f1e8181e9e0d28eae64b640ea2a06b51153ddf,True
2,195,L32,17294492669483521327,1,45b11c94f002e115a18bc67b3498c4a2a91a444f44fce4ea2edf01d420bedd7a,True
2,196,L12,18005641937314554792,1,f33cf1e365da64f4c9262b95db119b58b0849afa9927872b9455626f5eab845f,True
2,196,L21,12551707632717164139,1,36d4077f9bc63d03c6b2ec720f83303be8dfdcaeef44efc0b47f0f76d4de252c,True
2,196,L13,7826096268799228821,1,556e3f5c74c077b43da2e2c48a85c22d1c8822b6a6c437488580f6bc41524235,True
2,196,L31,270612681951672005,1,f62ad91c9144abf3cb11ded52b609316ad32ccb93a594a86755ef4025643de15,True
2,196,L23,14434124800701407740,1,d34b246bca2d3159dff36a011fd3cab16bf48bd0075fa62b269fdede5065497f,True
2,196,L32,17849405280851906621,1,878a84bc600d92bd6f4e777801aa9596c8b721008d30fb488a8e7f66f75c6df9,True
2,197,L12,17929677700393473381,1,beb5e3faab5652dc2518a2b70a25171d0a0785d9caa38bf35faa1409f99b1ae6,True
2,197,L21,14729347341431747939,1,b6039cb92591a346cfcecfdbbaa8f06be8b180f4ad2f8c3edf3f4a84cdfb4f45,True
2,197,L13,9313222850165775616,1,a45d20ae1bb4ce43ea238ee2f520b2dedcb69ed5b107887ec42e11ff794c8cfc,True
2,197,L31,8627851953604894863,1,ae4632b6c271e880d5d09a44f4ea791f9b007d2e8d3c2aad3a8d08b738f884b8,True
2,197,L23,16504727798615378290,1,61eca28c58af0fcdf17be2602697025c30ba9e1f2838e2d3dc2ffb1649c19ad0,True
2,197,L32,17612113137928602713,1,f0bd49001f8c6005b63654461348c6a0d08757989004c575d47204b1ddf7ff04,True
2,198,L12,1109717959559704110,1,fae36b88ee0aa3cd5f3658f573740ce259c3283c14142896d63e9fb89bdf36d1,True
2,198,L21,10021361011179784961,1,b274b280f3a9d46c2241352559f5e7e54d8a0eeb0be7058ac90bccf55a1fc633,True
2,198,L13,3808838054251883785,1,9b72a8006ce36a5d8dfbae4fd28cef21636f07f0a11818525d0ed1c8f1243b96,True
2,198,L31,7209358580365199712,1,da98bf90b28d35f5f66faa5fa16aab9a11d618be1f2794fa2e61e4752b3dbf16,True
2,198,L23,16307603825027686504,1,97ea545d893884dce49c040e88e14b693a85f790a90c887950e2dbbe6061cb58,True
2,198,L32,2181934400333461416,1,6449422a2690c4139da06a68baf35b22d3bdf676a617a6c0570baba1e7ef7714,True
2,199,L12,7727320129110365597,1,4f033b2cf3bc041e0d0a22beb95003f079807d2b883f60630eb7e48ed83ac1a3,True
2,199,L21,14107815937452435071,1,7cf9e6618537c97eb703621dc319c1cd0c93bb707076b8084ce7cb062116daf2,True
2,199,L13,3300816643690962753,1,0ad7a70ae033763d8bbd59271d5ad09e9049b5a510fcb61d3db48c48acdc0bb2,True
2,199,L31,17555518984541492480,1,58cf2ccd58dc64696fd12d53952d351cb52ffd2cecf2a6f9ef6545ae18c685fd,True
2,199,L23,10012002931268433332,1,50b3325e0e73cb8724d170414568c9e2ecf018a3f12752a4da6596e18bfc1c5e,True
2,199,L32,13920262870890726151,1,6451f6887c566b4e78913d72477ea67aece9ae57597ebbfa933aa02595665923,True
2,200,L12,17243888499603252432,1,4f9446f1305162f17cb64e48467795961ef866aecedaa4a6ffe8bda494d8f332,True
2,200,L21,6554311477181690825,1,29df947f55ebd9bda65263a2f4b24b0a0018622e438c329861822ab6cedb8751,True
2,200,L13,7139659760130792481,1,a582021d894548a052113eccbbe0403af5e92b23261cd088e7fb3b14a323e856,True
2,200,L31,11555530449651650371,1,7c76eb2c4beeae00b6a3e3d7fc2b29b90bf159fb6e22b1b086b3a89e06aea4d2,True
2,200,L23,913269835529102441,1,af124728b5918477704cb8bb7043247a3ec8dce63d2848dca4e65d876171d816,True
2,200,L32,3376042143455178731,1,dd34fbccde27d2d19e910920777a7cbb5ba6db8656263228c4d22c6fde09982b,True
2,201,L12,8759369750918470323,1,a0671db778294d452487c8959472d340be61c7be47105fa1db30a373432be934,True
2,201,L21,10923635646769519478,1,d06f18236d750606612b2738c8dc73eb887ef9405cc739ee770858bacc4b605f,True
2,201,L13,15983046471173748451,1,c448c287dd625e6a523b5a4f1f2dd4b5fc4aa287b909d564ef772d1b09b57dfb,True
2,201,L31,9070230413939613822,1,e8483758a77dd8d09d0d54ced12061a033263c1398f4d2a56d13492ab5555f81,True
2,201,L23,7835754290888425810,1,599bad9f3d453c6c7b854f9dcc0d8b6e0bf0c86d3663a29bc5e2f63a4650492a,True
2,201,L32,15825605338334820967,1,e832a6de77dcf8bd108e80ab13f9494648544901b7ad1605d96b0f41b66e6a32,True
2,202,L12,3248612319928106572,1,c991f6d1a6078967eb95e70f3f44d68a8096bef49927511332305de51e1aafd2,True
2,202,L21,5307069349671204203,1,9d3db88f5e2d9cbeae10c124988f1dc461dbc3d5a343a87096d9921f4570f632,True
2,202,L13,16472310508242031494,1,0b4de44be8631190fdf8bbb43845288901ab891833bab23f1a8503d4fe1358d4,True
2,202,L31,7167009490664908098,1,aeac17e75fcc757efccf3b363b23e030f6025199bab3bc9031922303e2172cf9,True
2,202,L23,9085926068493720091,1,509b7eb204359ab13af8f1fc929372e15cee0e65d533256ffd11feacc515f2f0,True
2,202,L32,4458849075410520298,1,21d2e98995c6b559c0fb9421e280c0c030935517300e05368d849405827fe75c,True
2,203,L12,12034091202035846375,1,0a896c18117ef8b975d8b4dfaa1d6561f14165e8788e8947fbac60f1650c3eed,True
2,203,L21,5663601366465677248,1,a5cf72bddf374662c2e6e208dcec2939fd9a7178a041485e39d60072eb698b53,True
2,203,L13,11673304146176769838,1,8777b8923305ea4b9631a291379d4b08efd5e68666c20d4f58d9881a983470cd,True
2,203,L31,453811544029799160,1,c45193e5a272328053f4a08e10e622cca345b47fc69d5824bfb313e229ca28e5,True
2,203,L23,8506843871625879894,1,d1c65a00ad99f5c8aa1b4d7e541eb0b22dabcfa75d482f1f535b5d8631f324b7,True
2,203,L32,12746935587462903968,1,96b4eb437ca3648a0fbb856d7657807e9593d9e4d131ffd037e7125752dc543c,True
2,204,L12,16903320002030439282,1,cc0340fa8a29fcc55f2be01dd25a86f36ffb55e4886f2f5377327545f6c0044d,True
2,204,L21,832292608587009631,1,4a536296c7965d9b0b92ce1dac00dc42543e2781134ff2a30a1f8c44eba66fe4,True
2,204,L13,7903000620007313847,1,42ff557f36871caf0f5348dc3a3ada50d120cd17091dea1106045198936ef493,True
2,204,L31,7081507409368923552,1,5ce8403a8010382dd1613ab1db41875ae9b759821d7bc24b883649cc131c78cd,True
2,204,L23,5693079269550412828,1,439ff9f3ee1b34a5a8dade82bbda39c31eb3efbfddf2cfcc41ff18c24a009638,True
2,204,L32,1852883712566479654,1,867264edaa1ec180fa9e0b1812dbf27c313758bb915de4c22f9e31a640d9b8de,True
2,205,L12,17620949675705720721,1,919b5525f0b0993626288adeedf1c0a59e55f3795ea5998039c35388f9c024dc,True
2,205,L21,5622959009727519516,1,097d308013d7e3e988bc1525eebddf7cf0c87f04d8a70abd2694c0074ec525df,True
2,205,L13,1445651234698419054,1,9ef9d88646e42a58fa79deccb31a10a09cceaf7252b8e6c3b4374a4ab4bf5061,True
2,205,L31,3116954919095707462,1,36efbe9690ddf9cfa42764c91e370fb2b300e958b80a51df765264c8f4fe10a2,True
2,205,L23,2155922711098066814,1,997cd107d9270cba212cec12d8b00666955e4aeaf9d0bd615f5ac5eb13f6adcb,True
2,205,L32,2663612871029087812,1,1607f4e04110830be3b3fff6b5da335b288d2f0798afee6be2210f42b4008b80,True
2,206,L12,3398813341504507537,1,536b78acb4edc6094cbe49390ca6c85eac3fe5d7f223ab7bbebac68caf0b8959,True
2,206,L21,11483660828590638187,1,808bd6edfd10c6862969910c23c74f6a477068c65c290d5358dfac05458ab077,True
2,206,L13,2597884840458249108,1,1cda1bb6700d4a913e3c00080936e44906081155eb532b3cf9386bf59dcfd1a8,True
2,206,L31,16984561156973399317,1,51292ce28c6df55862834a254eb2f33f1a292228a74ed6323d247b0c5a7c3701,True
2,206,L23,616272238679765983,1,7fd16b4d5d75ac0f5b68d923732a0f8211e4aa3c774277c75f492240dc5ad531,True
2,206,L32,16816431003393444253,1,333f00c0062f8cecef62504dcd40184e7217c79385f4aa66269d019069765b1e,True
2,207,L12,6237114526952364852,1,7052b0dff1c141004d6719d886d5eb7c82c3da5cf32522fddad4da8a95536566,True
2,207,L21,11027821612499031560,1,51deb2a952fe8611cdced5907f5832183573f4933e63b2e22b9235040e0ed8e6,True
2,207,L13,1258454521492837813,1,f0602bbc9d004496137549b1ce92173971d41307edf8616a1b1cf968a63a5ace,True
2,207,L31,17102668545510911651,1,557db65ca47055349bafc0cc67138ebe15dffccfa5ec753b59420a896ec10fec,True
2,207,L23,15538305921265016899,1,0e56f08c31fcaf69423a073e606617b075c54205059bc4007cfe96c9afe7fe05,True
2,207,L32,13266933613646188404,1,55e373126152fe550c8a81ae0841d8d9278896122b73d301a4ed2420e7e12991,True
2,208,L12,1142741327375825815,1,bff14dde62e30de5f0f37b96827c294c751d2812d861315d4ecbd9d3a1415f59,True
2,208,L21,1098081522274821166,1,31827f80a38b03998581b48047454c829aa27642280ca3cea007e1d54770c957,True
2,208,L13,2656961866273754537,1,a8a894eda7b3c0f2499f6425941212e4ca8a2fa94e1bac79dc910d2d943c684a,True
2,208,L31,6080814284065590917,1,8fb8e93ce234927790aec1e4c07a2b609e126afd088cb49cd271512c08c29f39,True
2,208,L23,3383682023088506917,1,ffa557d7bf3e31c531ebb45a0281c37be3cbe120fc18a3a4080551c23519236b,True
2,208,L32,17691590177728327974,1,ff06b9f931635b36b69a9d9e891d763be9c3c8bee107e03bf89f92c347c86d89,True
2,209,L12,13247292670457613636,1,dc7cacdcb90a1a43d1105b8fd47b2d09ed2f9252d7968ee173e8bb4ed07af8d5,True
2,209,L21,2314279045231871677,1,10971a88555ddb4b78bfc4c27f312e3f0507ec449903cba837b23ddcc847c4ad,True
2,209,L13,10610764894070021328,1,39165c278357d0c7f5ce53dbe335337e5aab854140fa787bcba9aba27b370b0e,True
2,209,L31,12514694073372434496,1,51ab03398cb22d855257ab82388eb30c47805cb5177431f60134d474184cb8f3,True
2,209,L23,4676204435761095606,1,ab45501119b64e29b9e18c62cf2a806ec89ce016b0452875b842737c9bfbbc14,True
2,209,L32,17989436822332377307,1,b73a650933dc5dff51ee715d1c5cd0c83b0fd543628f767f48000af167dcf974,True
2,210,L12,12905894612931303520,1,1a3cef19ee89fd95625bdad756989ae6fb43548e5f8adf74f905b43604c8a80b,True
2,210,L21,14966977734580881700,1,1a468278c25171008012d6b9cebd247201a57902fc90d5604b12fe6a7c8926fc,True
2,210,L13,14339087925983787390,1,5cbdd8b92d6f678dbf9fc93fd0c8aea9cf063e1431320aba29550fa171036748,True
2,210,L31,18171003751975082857,1,01d9ed9faf29a3e5746a08e85cdf2d763dad7d7c390b682aafa3eea58fe6c5bc,True
2,210,L23,12537051047851613348,1,7cec4ea293e5b86d4b2666099726aa60ff3a7693f80ddbba6857042829908809,True
2,210,L32,1787158801408852295,1,aa5cdb503955c3c68dc42669cb81c12331900ae5c4bc1a208a08b3c5d719af75,True
2,211,L12,11727288286392720396,1,335eaa64d116f271b441e96cf86600a709a98ed91f25eaaf5307291f0dfcd32e,True
2,211,L21,3771278122879022759,1,f1bd23be4045931da431f0a0ff350981ccf12df0dcad299db5e16d7b8268f714,True
2,211,L13,10347660438605373809,1,8ab26f6f09a2d2fb0c5db25cf8daace859b0b7be620ca9c6ecf047be066c264a,True
2,211,L31,8017227944408386055,1,3e8d9f97e086ea687a68df01696fa413566bc0ce97c4fe143c17c249cf92f56e,True
2,211,L23,12127523132407849044,1,dc8415a97dcb82df3721b2526abe53e2231d424a321c58de20580ae5f4209a7d,True
2,211,L32,16932352659353349629,1,89d61be63236819de5cac43523c55ac78618007f61d1f16fcfaf3985eb7d0fbd,True
2,212,L12,5427254019180350755,1,355d2dc40db49f29c6bd23df37323b96f08657294806d71b600b58cb2fcd8e66,True
2,212,L21,9595969364791920433,1,b431a120d70a7e0f67bee510a636e3b512e8905894abe74d1c169c66f9f52c22,True
2,212,L13,18172937247445675140,1,b990a256c5b2064844ce04bdc32747228c480fb78a1fc49e671b90402429f361,True
2,212,L31,6081900395004583809,1,ecc7deef2dd993f6f65d3ad2dcb95b4997121caf4647013259453e746a2ff24e,True
2,212,L23,11245408433660506950,1,d2626b31bdbcebfad9d0a13bc98d2fa1ebf6d70a8775eed7461b41648ab82103,True
2,212,L32,6756471455117757358,1,9e4bf8726c7eae4fa539f464aabc215bbc2eca4e8cf1f1e44383b892d706ec9f,True
2,213,L12,12601465398422980929,1,11b012c2db1b83ae2d6cf9a737f2849ccdbad82563f99a8f23843e222e06c15e,True
2,213,L21,9567341727792605384,1,4594d465e71fcd659b10850042a0289a6759b97ff24059923475f2fdd59e27ff,True
2,213,L13,17705023073330140862,1,f3563d4eb01c003f2dae06612bb53d3ac9cc630416bafd1096448645796bac12,True
2,213,L31,5639675139549241529,1,a1c211ac6e10c8f912392bbb5f811856a561e5caacbe31d288cdf0fd83394a6b,True
2,213,L23,668121522497031240,1,a3d46f1a4c18cc3796f5fa25d5fefc81d78e24beffb398778898c471428bbfb3,True
2,213,L32,3039506296908706827,1,0f50830a080d0018e569fc22a26394a0d1984a917f9d1c0e31bf45cc74aea783,True
2,214,L12,3052492618761369944,1,8c8a0e6f9402b638bbf6a62f6a759009a6d8a21148f758ae5dc11346171d95f5,True
2,214,L21,6236451550486399643,1,a7e3ece1d8d978cb01aae276db62cb5b40e5f443619a8df99ee46129727da963,True
2,214,L13,16365605708293856173,1,ab973d7916b7f8cf4ff50e5f0d58f8f389baee6152d62fa7962ddee06c45678f,True
2,214,L31,5763287162322259353,1,eb442baf110ab412721ac7c69b60cb56490b386291537abc61a8b0fe23a500a6,True
2,214,L23,7346588897076923962,1,5e2828223835a67df9d3c7fdb8a93ce6988a3526945b475e2c1007dd324b2ffc,True
2,214,L32,17619725021971150433,1,fed39472ea70d89f122360088a96cf44e3cf2d49b9a4c0282bef56837debdef8,True
2,215,L12,7456441244736485396,1,7b342392b4bba24821a7d05c84c5587b21ddc143b952558ec27f595dfb5121fe,True
2,215,L21,9710448128839538374,1,22a220dde3b7aa829fae4f18003cce5a3b47a7322a1660b3cc175a51447d4cbd,True
2,215,L13,8826222427422650980,1,a403d797938b45d3193e5f8ae01cbd753e4b88c7f6965d43f4c2646fd2fa9551,True
2,215,L31,14255759368658161053,1,cd1db8ca2c1159e9a344bde7fa7eaafc69075f0e3569bc4c04f02337c804efb9,True
2,215,L23,542291042158695189,1,3174c08d7b9ac46b38fdd79ee4d32c4b0722b584ba40ae6828a741f90994adf4,True
2,215,L32,16547123013776083014,1,03332c7f3ee732350ee22db0a26555fa8d83d89503717ad7da9eb507765349ab,True
2,216,L12,18093422155828996999,1,5b7246ad867a7cbf6f6b1f2ad5c744e0a17361a6ec78a2401d72500c8a0d1471,True
2,216,L21,15380217087927138506,1,435c4add216a2c0f7ccfbeb564ae472bd77983c2dcc35d5c548f54edfb9ffb92,True
2,216,L13,17848721949618965075,1,407f7ad8bf68538988bb57c6c68cf0a82357e95b4094776a99c1a36a5ddd8a65,True
2,216,L31,13672165851441399747,1,ed316505ae580fdf06c6e467fdc4779116f19ebfa32d393616ac4485698a18dc,True
2,216,L23,5589459328569248444,1,33b5c335c95ef23819ab8236a1f875b0e5a4d266615b02a3d82fec1046bac88f,True
2,216,L32,8019033289829734120,1,e766cbe0bd1621c1d407035a40b60925b8ce1d576fb96c5378216858c285f507,True
2,217,L12,6404069844360643085,1,b8dfa7feaf5e23fb20982b415f8ac84e2d39d121e3f8ff21d77b7f6a95862404,True
2,217,L21,14784907563893001182,1,13cecfaae38b7086f350e68ea42f86930095b3b87d26ac0df321716b023fde61,True
2,217,L13,11610957905823256322,1,fb57503b4cdf24e1ac6dae92de18b0c7cc0535827d99642e43b18bc7c9bc866c,True
2,217,L31,10638231820277696896,1,754241d5a1d76f8a64338546bba3430193f710207ead47c1e4428389fea6ef6c,True
2,217,L23,5382032369824742268,1,b8f68008fe5dad83fb418f72f8934f44ed355757ca2c7fd9dd55cddf7e1c502d,True
2,217,L32,11546357671068663988,1,fb01d1ac732c28810c83be161f997f72570d3f8bbdcd94ae4c88d805ceee7c77,True
2,218,L12,196849069441351469,1,fa6e454699bc93e4674cf39449da97673550d6151551fafb2b156e6c221bdffc,True
2,218,L21,16403176153432237419,1,cc6daeefd829545ac1db6a6bcb60f62cb011ec15deb0a567ffe3185c9030a24b,True
2,218,L13,6704313707201379571,1,1a86421c06bc215d87ef5c4d84a89ceec137e4d277dba1baf5837b252093256d,True
2,218,L31,12582747855446400983,1,b0712bd77f14a15e781555ccb8887441c836ad75f61578e02ea736fdafb947fa,True
2,218,L23,12461735081746533951,1,424d834a9a7b1beba99cf55dcf95c6121a8c86fce366287561367a741e13544b,True
2,218,L32,11872415269841922468,1,9e76094c6d5d9b11f88d52b7d4e48582921b5510aa997aab94295e4bf7a19250,True
2,219,L12,18226412014532729994,1,57e1714354279a0ce87f07f0c3fe9f4f458e2c5002091ff50f1fd0cbfd8c8ff2,True
2,219,L21,3463306821391862951,1,c826a1480a535dfdf4c75a78655f3ea23b54205b6c893998ee075e7c6ddd233b,True
2,219,L13,6422587003130005040,1,e7cca321f8bdda6c0c6b79bc78d4b2febcb750bdcb47eaa31bc11341131c9cda,True
2,219,L31,1918849804590210942,1,fcb128686294561abc07eec8c81b0e906265b2e20a9c4ca4f1d47315abb3b76a,True
2,219,L23,14226675224168759267,1,4ebda8f772cb18c5b085cab46c00436ca8fedb38441c2515c3134828122ae1f5,True
2,219,L32,182737921398115979,1,1de76fd1339bc9bcaa990bfd475a35f3e902cf1e7c3da8afb58d53f9a00827f6,True
2,220,L12,4104789305486387541,1,caa9822dece75f9fe4f44433e34b17667dcf44f73b84f2ae308bf0d1ced62fa2,True
2,220,L21,9544842943262911557,1,e6fea546fed89833ce48de006fb1db8a19dc4034c1c1cbf84f756b29817bac29,True
2,220,L13,6072734598249291464,1,85f0b46888569245dca73e638cbbb68001e357a3ebb091e977851d2763eaac43,True
2,220,L31,11951877993791237457,1,826584ff34f4ea0552ab1876b3f9d9896c0f03789ceb85ad99a09b1db49ab73c,True
2,220,L23,3498715737907221003,1,92a84ae3c323556c4a7e096f1417937c3b3724a84cbd4623a179731cb75a37e6,True
2,220,L32,8871075820296710795,1,6faf03be1b11b098a599087f0030f9deebb7946fe8b99efde1568ee166c9ece0,True
2,221,L12,2521469758031894436,1,541bb828944030d76c914ced8856709a282f5bb04a7a167e738275e3c3525bd5,True
2,221,L21,4862462791890652732,1,dd107f549358322ea1162194e964bedace0a86ef02df5be0a797a4f10ed3bbe3,True
2,221,L13,16887939673317176680,1,624829b6deb99c7e3ccea6b271ff53836b602d58d8bdb75c627d2e64d51ac16d,True
2,221,L31,16523098050227641763,1,bddffe942d3211f757955ccaff47bdcd4a0d4209abc2629236272c6d12ca98f2,True
2,221,L23,4788029162497022455,1,f48d3f42104ca89305b44a457f24e102985f0c30a023a5ed8788725d0b425134,True
2,221,L32,17351025091996005643,1,80d72f2d5a6cb87467062662c1e3db2437b96153e1dbd2c925c4dfa670f2371a,True
2,222,L12,12046121658603841263,1,25afb778d1ab41c307b5b7140d7a0c0acceae7285c034312002a0997ccd22f2d,True
2,222,L21,8476570290385111213,1,3cae3557f34e1bb29e5fd713857798a32f8a863649baaa826402cf1fff97e1ef,True
2,222,L13,4978428846897938043,1,6aa076b072062aa8fb9228ac0ccf58eff9efe597f046cde11575f11fa26a2771,True
2,222,L31,12136544592632011440,1,9fba39aeb354bd24ddd6deab0f9c2b8fffbc493803c4d9c36a99863926caf6e1,True
2,222,L23,11053631360891909729,1,dd37f5b46d5fb0577d248bb7c02a06348b2e50fcb9fd74c7321e8b5becc069e4,True
2,222,L32,5740855015486702940,1,7757b2b763181a9930aeefc3bfa09046c241a5809fe2a98bb701b59f687475c5,True
2,223,L12,12962388882682230957,1,6a322aefba5a525187beb95a9d3aa3d8d4265b961ebf572094c24294ebccce18,True
2,223,L21,7494504891236519673,1,dcb40f3b862d0c0e7f9cf77a3a67a6b78d877b9fd1261688920476368c51add2,True
2,223,L13,13585464591552352725,1,8b9db1cb60dadd64c7ed3d505b5f0b11da356dccc82f366d40f73c5e2864ec61,True
2,223,L31,13837526396719992651,1,55a65d5ca0314683a0717959962d282bbd28875ff5564c93d706c1d1c636c8da,True
2,223,L23,12163638631679109612,1,bee69eb0b549057b29dfba53e8ac0225c2fd1afe4a173b543ea320b5797d3b78,True
2,223,L32,10503748816118460360,1,9c4cf4b5f67a7ca158c928571ada5273283a4c072ea9bf0270b6c12b9872a524,True
2,224,L12,14948848552195907954,1,c53641e77456543867afcfdfa97603be07eea188177afbcd12d7bce7921912ee,True
2,224,L21,16418143452617205139,1,ac8db6e0019f69a716a84a4ca4c549893eeae3e73f62a2ff2f1cb183b4323257,True
2,224,L13,17747545443017535336,1,64da2b9d7ef8d1763b358bd99b80e072c5d758b1b53adbabf606f98da0d51514,True
2,224,L31,15623173395935613064,1,ca15b97fe5972b810fc850b699a02bdcb600a93d5ca366e56dd6309ac9daab26,True
2,224,L23,17216014172527639282,1,54acc8d734324d4cfa9f5f19e903eab20520f639e07e5f56256059749d1943f1,True
2,224,L32,4037892597240215450,1,46cb038b231455e7d2ca121683c6264bf675876bc3a5b3307d76048209832451,True
2,225,L12,4063962514320687105,1,3a85dfceb48cf7aad65143ad468c885777513fb88b83bebad8d0be71e72a1651,True
2,225,L21,11767497019860571132,1,e0ddfbc760abea84d1a1fcedcdd65e9362ec81abc9ed610ce47e1f3d60ff20f8,True
2,225,L13,7960488256615791080,1,915e2470e70f52a967c3c9e2c7ff976cd43027b222ac7fbb576c1d71dd6148e1,True
2,225,L31,13905420882546971415,1,ee9b40ccf9b6418e1c9479475960242bf431f50c7362ba83afc4005dfe2034e8,True
2,225,L23,8272997901108173565,1,fac48fc72eae525e4a48140ab13bcf29b0b32c7accae35a1bb36f7213f7beefe,True
2,225,L32,5082063639173287596,1,2bd69afff17f9320fae520588ea82080fc9a5b32ffdd6a6a07ad137ec322c796,True
2,226,L12,15537128144390842905,1,11fca6c22b4ff400d6797002af71cba4f1937cb192eefa83405e4c8cb54f4087,True
2,226,L21,16966584175493255802,1,e93cdd8e909b819b50585d67a03e8f9f613a05bcd71268ca887844a844f9bd75,True
2,226,L13,16639379071484266132,1,db7038d38447b41d8633802722691e133261b5f89f0bae6cb2c97cbd13ab0bd5,True
2,226,L31,7756497724760744914,1,7f44cb6b1e4a6b69f3b1e7cfb7153472bc34ef2ab09fe897ac3528e2b56327d0,True
2,226,L23,2150572267031985365,1,460c2df4e880a89bcaa5a67d4d1d84de00828256094e25aafbeb41fd629172c4,True
2,226,L32,2398078196732946147,1,09813c7f68e96f7674e7029ac704e46295f159c0a3ad809f96f82f2eb17daa74,True
2,227,L12,16423061717309971359,1,902d3c6bb647af5bfcde9e2f81b036ee3af40e057829bbf1f6b441cd59f4f330,True
2,227,L21,3128672187379932952,1,4070ec8a994adaf4390bd980924c6ad420daf151a9d61e4a1a3695d1b0800809,True
2,227,L13,1165412541357534783,1,6b65ab9fe83de99fe8a7a25c37ad15edf0119bd99f9830c062ef4f659c8b050f,True
2,227,L31,14465221861580860587,1,288fe422ecd5c8887c368eae7b3a22a1b21c19bd5e86a0440a299ad24e47c35d,True
2,227,L23,13256123194621294417,1,13755618be62abb96785f21b4ec2977b8eba5d27a62536f7515a6b896c7b4cca,True
2,227,L32,3562805503557572652,1,1b6ab4a77233397e67a6a04c1793818a17f040bad8bf7bcc651f78b7255f73d5,True
2,228,L12,11003276209830453248,1,672d6967e3a9995e33d7db7323526ec551b709992cd8aa9e727854d423312785,True
2,228,L21,16554404984069175982,1,28e889facc7aa420ff69b1e943facccbc3fc3603e4b6f7cf76fa443fc8c02ae2,True
2,228,L13,14193328986349453595,1,353d2a9acb00506a1cdd461f19f29aad18b1a1e821c6accc5ec33671aa5f08b7,True
2,228,L31,15976960701612706373,1,2cd9b73ec6e67d003bf754a21c940c4b06c09f5b78f6fa794830a7d2ded40fb7,True
2,228,L23,8711849331555052320,1,2434e7ed851e05e1103b11c56139ef82f9fc26c03ea7a93897c4b8ed58bf2782,True
2,228,L32,18063785403000520370,1,d016a090d29757205f6d02a7e30a9227452c1d790762ce0de9f9a0257d38afe9,True
2,229,L12,11625868346875548956,1,3cb1d9d47e6cfce8d1c89966737d6c873c7f99328f895afcc3f08860d2089894,True
2,229,L21,9285380530827396630,1,2de1d4166e3578d5fdd3c2fc256010ddfba8ee8ddb68c647bc37b76573ccbd49,True
2,229,L13,17415944130978227459,1,07a90bbb5a096cbc8b56620c3ff451144ce08759a41ce01a7f6b27bb81d7492b,True
2,229,L31,17162596111392013887,1,fbe3e9e22493178780912cf7f42ab06219c69bffb52474c637bf9e7105f07bb6,True
2,229,L23,1948277421804492030,1,96dd23069441b0176bec1cb439e722a5bf506d193a8b2933f5704e41600b7005,True
2,229,L32,2103924795177657306,1,980ea2c464f9f27b5519d7108230f14f2dbc4e48dd675e626ad408be84f88e46,True
2,230,L12,6089576619237760018,1,d65860b25fdbdc7921f8977b264d635a34a79535ff3434a154b8baf44c3852ea,True
2,230,L21,17577325984920157794,1,4b7f1ed84ce4f21c8a1cc8d5844557b72da5e43e35afe0e7eb1a22894a7adfaf,True
2,230,L13,215354731785088834,1,2d76e583122314b6fcf0922130bc78d63528f13907463488f939486042436c90,True
2,230,L31,10334916246486495152,1,5bdf545a42c939d1f0de746b6df03c67426d5f240d379e31cd57eb62a7b1f55f,True
2,230,L23,2250082295688858261,1,40998b7da54a70e9784c9955d7ebfe7de7367a8a56e9b0277eddbafce7637c5b,True
2,230,L32,2256680328579090755,1,aa87deebc891bcfb5c3b4680e1c8c180ae3cbf5a92e15155ae171afcd1788d19,True
2,231,L12,17264042790759526821,1,126e64551ba2256c64bb726666f27d1a07a42b926d0df8663dd97d4f7a2c5812,True
2,231,L21,8378294683032315775,1,f70d2b46f8075a5c7381658b0dafea48606042e82a7c99bf6b097b1bb2ecaf4d,True
2,231,L13,16014624094941782310,1,a0441e2a7c9ce8eff221dc777cad14ec605fcc63f96e546611992dd13c06770b,True
2,231,L31,7481487073069170623,1,79974280da69ed8f84d50927b024950297db1dc2097b630e6b2e05a3af60fbe3,True
2,231,L23,2413788757018571125,1,4a1c45d0b7fae4476aba7c2a03c9156a7e17162dc1a512de63086dbf7b2b011b,True
2,231,L32,147054975867093702,1,a1559768ee983b99dc4c7ef19340035400b314f9e1e3f1e1378966fc7a211bfb,True
2,232,L12,12833096405773341060,1,29d850ec8361a951d81d4983627cba639956b695c71c9ee8ca0a3f633583c051,True
2,232,L21,12137861221492826970,1,02037b2ec3e7818a726dbf14d08583c68c4e80c804a8f8efd1bdf386d3af435f,True
2,232,L13,864141807114038456,1,cf3ed7aff2c014319f231e486f8fcd3cbe43176c9630534383473b09e83839ee,True
2,232,L31,16324783454800116326,1,df282e5c296d7b5e6ad9e276274d2822b18aba05884b111e847f2a8e6542a13a,True
2,232,L23,4754734443914412829,1,47ee1901099a273b53f95a7ab5c2e0c55709dacb4ec03763f9248218fc8de81e,True
2,232,L32,10575707401870066302,1,5810215303c900acdcd8b375c1b54ffb52f7609be340ccf200a167742ed07fb3,True
2,233,L12,11738695025560109520,1,cf9ecc5d9baf76425f31459ba1d8a7f40526dcc10cf80d68fd001ef66726bc89,True
2,233,L21,10492810366786981384,1,7aedcd94fceb9241d1a2ec0e7e26ff3d57561f0771bbcac4acce54f5e6b74d18,True
2,233,L13,10136155464342909021,1,527f3281f8495b1ae2138b4431a5d040c9153ef82baf6f2d83eb64e5be3d381e,True
2,233,L31,12784878590490286123,1,55ae12738683c692540bb0d76175549abbaed149784cce3d14e2b7df2eb55318,True
2,233,L23,10250017722111942171,1,3a19a28391ffc3b15b17331a771e55702104eb0c10daa58f5a95485fba96c9c2,True
2,233,L32,1961254764358835132,1,95ae06a49f23e438a0dda26068461598734abf9f5d19432f72b08f8964b25ea6,True
2,234,L12,16557949836827655849,1,12ce090d88b4f7be76cba883f0e67d3aa5f2304902fc8d9f8bcb929ad329d26d,True
2,234,L21,854790852578929335,1,1cc36a1a29ef4a41957164b47e8676c77daff35e5d787442d55ce2caeeac52a5,True
2,234,L13,3556139408273808895,1,2a89f0bae7c2cb28ec9ff5bf34d300a8832a14900ae53da780b4422759800eb9,True
2,234,L31,2480227490689117137,1,15949b6c671852a29c15915e83ad76992e134af3dfbeedc923eb7dd64462dd55,True
2,234,L23,17635804017369462330,1,8bfaff64877279da8fb9012668389cc7ea028d86ad951aa9b99b8006ad070713,True
2,234,L32,4330502677002344952,1,558350f707f028df9d5c99d7eaed40ddf676a09d11fa1590e2a88136f6371c84,True
2,235,L12,1216786013012931181,1,f02bb2226cf04cae9fe770ff8485d54c1dcf05a43378a38401db2a83a1dac9eb,True
2,235,L21,15707946208741822255,1,0b3fba8f4670b42a57fb185b70e0166d2b57c49e4d69dd8a2d40c13778b32ebd,True
2,235,L13,8550423741038079233,1,80752210b802825b29b88095744d37fc5248e80865292b71b3cc15d847f0c33f,True
2,235,L31,9981313666173009932,1,d5c53ab033c5a383067d6428c04e688ba60289cee80a6fbf192a73845f9658f8,True
2,235,L23,6753454097584865532,1,5b3c8e1bce3e7770605429a247fcc84d020c67e837d9f376aa8c445ea88e6c5a,True
2,235,L32,404806412989710910,1,f0b8364d04785cd315cc1890753df5c7e0c02b01281489bb9f1ca57eb089846a,True
2,236,L12,13942498005884405476,1,e62dabe7ec1bda26070f4b07891c55fbad647e5471ac94390af5651869d63daf,True
2,236,L21,9960857524168939865,1,2b276a60acf01703486c10d5f30361f547c20728eccc0e2b3e8a70d041bf1b7d,True
2,236,L13,5466167332359003404,1,55f3045b82461c046f4114b5c8c6038c35879a4d7f98f6ef47c04e54b1a29c82,True
2,236,L31,2154769092634789280,1,3e1a730579334101bc4980b784e18f965c35c227202f9ca922f50e2ad9ba68a0,True
2,236,L23,9217262060064811482,1,dfc785a7f1732bfb761ccdca56bc55ddf01f4f089ad7f3d619d396cdd14e629f,True
2,236,L32,8129738304180536614,1,f0e3cddcb6ea109cfecbf97a9268205f3fee97a710ff2391ecb9e1209016550b,True
2,237,L12,12278446477377883489,1,375ba26806d7e787f011ce042334246a09a51367dc832d1f7e2ec7286e20804d,True
2,237,L21,15014649808364816176,1,e6f394d2ee611d5ca17a7efcbb4fc2cc7e7b7efb37e9b28c7e81e9d0374180c9,True
2,237,L13,1975573846533745055,1,d566acfc07bd4893a4a11e5f4d6126d1618320cd3631f80036fac8da54cce07d,True
2,237,L31,4510264598920376965,1,3b7ddaf4ed3fc80910ceb65e3584271cb9d32cded3255ca68f4ce820462b3d8a,True
2,237,L23,12217459723430638665,1,9fd3f7b6117ed11f6d58e8a673de55df02cf87d7bc21d9f762508a37ac3d350e,True
2,237,L32,2455194049986302582,1,2a47d941249694b193fb5dd676fdc6c57f5000295df055d4ffe0d61fc469fce8,True
2,238,L12,12545106681071844493,1,120f8b8d77e301323123bcb38bd1f6b9a4fdd1bfccd3f9e89e9e393acde0eca9,True
2,238,L21,1619851397802570437,1,e131b67cfa5be6b58c4c9c60fcbadd5d6ef2c82b2ee9f185dee44339c0ce33af,True
2,238,L13,5118907511570387622,1,7c895f499c77964668846940bbc63e27d9b3fd214ec02695b4674e22844ea500,True
2,238,L31,8789354475576159214,1,40bd678d0dc687fdacd410653db0ee4d4cd5df890325e595507caeb140dc7653,True
2,238,L23,7591240890480179654,1,2876ff24b6d68e85e93eac376fab9d02e32a88a22a4a5c216ea03f17ec83ebc8,True
2,238,L32,837306940624306584,1,50d459e761ea05418a206399922fce250f4afb3cce917756f5294c661e7fbf9a,True
2,239,L12,12997451164552287406,1,5289f02b853c2537ef8bdaa5b8c8123fcbc52f08ca069da487c241c2522deeed,True
2,239,L21,2009392321553793937,1,da438a0e505d0e7b1a573d6d155673989c49d8c240caa5933bf6f2070fe49540,True
2,239,L13,13095750872033154551,1,59b8c86c05562c10227506a08239b65f0acbc7fac8b2dc70a9398af8fd723316,True
2,239,L31,9473377135613335550,1,a2f3a7de0f5b12ca9f9b69407abc634338f886f1932ad04da3eeccbeb3afa548,True
2,239,L23,9149182731967072279,1,3cb353b1737323b7bb78801624446d3808db52310e81b604bac43794602d0a79,True
2,239,L32,3059620626136076420,1,9b31999c8f2d2409e8f9be6b55ff15a760aa05897fcb726bb73c72f1ca881d14,True
2,240,L12,6557322831558555876,1,135cc1c42c33e7c346bc032ce6649b553ee34b4be6dd2d17282a24c27adb29fd,True
2,240,L21,13134601392546016156,1,c9a4a9d24ab36797a7c0904e2b8a22d4decf0c2596119c8f8ac476c3c48b7f2b,True
2,240,L13,2785740322848681425,1,7f9416265287273a2f6e75b408f7779d1a7cb24b2b8c26caf3054c8922ebf5fb,True
2,240,L31,12167631206178616747,1,860f615957afea640c31710f4dd328af8c7b444e47b2b73ab1fba2c8e025efbd,True
2,240,L23,2641340232813614763,1,1d49aafb38cd2fc4e21bb6f6fad4681389d809ba0a6a374367cd475372bdc003,True
2,240,L32,11139416665528423706,1,daa415964d8a2cc8b0cd2ebf5da17e83f1b746a9ed23acb5f1ee307bbbd37e74,True
2,241,L12,2895709607284900545,1,919cb2a36cd7e8e92f3cad3ed1feb1e02b335d5f4c6434036be25f247592ff0e,True
2,241,L21,14526890020027557416,1,d1a02c056787a4a1e1ce693ab62ca3792d3e79d373abc9d4e96434319f4f05ff,True
2,241,L13,5478024710265121944,1,744a0b1f6c67bad30db6218a3ea44aca3389b012dcfa6c74e38a44adc52373ea,True
2,241,L31,5357971547584669846,1,6bcf2655e9b856e06c1c0334b6ba3ec41590877d5c60a3a3f9b7e37b3721004c,True
2,241,L23,9057519337913606291,1,3a7c88023165bc3d2155df01b9d9d9883f1a4966f34461459a9be688817ef29e,True
2,241,L32,8883916647019758272,1,b66fab09165107698862d1f71645cc644842ac8f2f4956a39f4da41b28c84452,True
2,242,L12,15485677109136416962,1,9c40f493d284a16cfbc9ed6937744725d5a4d53541a8ae1571f5ca371b6a6e9b,True
2,242,L21,801951732580132369,1,530cb0811437662973b01a02d2b8838b54ab9e4265ee03d79cd57ba40d6080c5,True
2,242,L13,17990473526075841899,1,3d7c0edeeb09d14a5867fc293f3c680e5e0f78f43abbf19cadabc2d144f6a35a,True
2,242,L31,14528282970462378965,1,4363aed6a95e2e0d611e85009e20f91a5fd4da5787d56e8164d8b35cd7ba2cb7,True
2,242,L23,4056514534884410753,1,e73670f83ad8734316d1ba1bdac00bd2633e97d417157d050b3f2a86fc069927,True
2,242,L32,8272250022959007236,1,51914ccbaa66dc7727ce1dd984b0801158ab4dfdcf66708f7d04a59968671084,True
2,243,L12,1242049389363268804,1,87565ab1a8068946e47363950f7d52fa9e363b0f3c9f2169a37e3e45b8955ece,True
2,243,L21,8039660179882364087,1,77f3382d62ec0c270981a7f994add58170487a97a2666458d112fc2da70d7178,True
2,243,L13,8878009647123209586,1,792b8015915c3851472151b0452dbd0782630beef72eb4018cd55c5edcc76d04,True
2,243,L31,4129862932477492697,1,c0f21f769cabd179a7e998099863190da6ed9cc11c5fb8eedbbee9d9c0db8d05,True
2,243,L23,6091099770260036129,1,5fe4bd386c3ba11d1ebf968fb35f9b4c119b9f1dc28a195e668fa38e7f42febb,True
2,243,L32,11065204492994809716,1,effe174717feb8eb8673836f0820a73946da9717bc9dd51339a285a6c4b15ac7,True
2,244,L12,4063193031369211469,1,ce498d93a53c25758d0a173303418d8cbfd0c368a2c40d5e9b65d728da5b940e,True
2,244,L21,12546168485602236704,1,d909f747c4300e49ea63622a7f2a9d2198f890131af590167a7c28ed66fab899,True
2,244,L13,10488857014742463498,1,fe921a4c7866cc476ab2066e1f73fdd72bcb0463d8f4f432be59f4942d9cfb55,True
2,244,L31,1494012204198707999,1,c5eeffab34c4d387239e81752f983b67337d9bc1549738dd521066c5d6fa9888,True
2,244,L23,8784947876086456101,1,792b9d283d2b135b88ac307ddded584a2cd561fe393284a24a86b3b14c9f8f60,True
2,244,L32,11955702426622644160,1,87fe562c7d616cf17222563bf3e1150c15eec78208a3a09116801517c86f93f7,True
2,245,L12,6787275658869336816,1,967ca356db88f37838e21e0bc9e850e717233be03949538bbc2b5717a3628936,True
2,245,L21,17721787150620043735,1,a520516cc6707bee10227dd14a31d11d98f47d9461eeff11babdd3df84c16ba0,True
2,245,L13,4210829856151301363,1,cfc17149e87fb54fa8f2de30aec90e65977c0ce075410a7166f42fe33427b469,True
2,245,L31,17262907805579792231,1,4aa9524bc503f38a3e1c8fe6db463a6b115f3894694c57b498349ad17abde081,True
2,245,L23,7504842014611284520,1,947cf36097d7adccb0394ccded99130840e2d988c08f7cfed2896c9c69b7876b,True
2,245,L32,18436788217672841911,1,8e41adc8e9532178d9643fc61ba5f96daf406fa0b38817ba709a3f01031719f4,True
2,246,L12,8226051702559458314,1,25a561eb49fb0c3f29fb8b4b780224465cb541e8fb1c588c5bc4ab5baede901c,True
2,246,L21,8452758026953840645,1,038e44b768fe4cc6efe3ea406ba49b67de8ac86590bb7e6d3a50aa76e105bc83,True
2,246,L13,11149714256792399190,1,23e3975e86ac53796d67a4cfcc7cf368c73c9dcce88e17671c2d564e655805bf,True
2,246,L31,11518171470424128752,1,5e86df337b3fa8c4e449d99defbb8065604020178de892bc5de7f845f3811cab,True
2,246,L23,12600747029871244707,1,f79749cd3c0d9306f090643324135e1264e27931ec858d9a48fce3a14a91828d,True
2,246,L32,17720860270562179143,1,60e1c3ff82ee1440902ec6b63d0f6ef799f775e5002f2bd4bc37cac68fe202d6,True
2,247,L12,11224643435662559112,1,183b992df50e38caa42931e78e6443ef0988537a06803c5b07641e4ebbf5858d,True
2,247,L21,4958809770573347084,1,c589cbcfbf9d6156c1bd7cd064de79008e3dbe899e5624047d5642eb8419e1ec,True
2,247,L13,15815854002822936065,1,d1ac312a0aa7491cbbc5dcab3e22abf17250d202d8288d59e5e6fbc310df70b4,True
2,247,L31,16343024872609116298,1,e6868b46edde766a4532f439e271379cc1e146a18bcfea8e969f2adb3f3853cb,True
2,247,L23,5255616132023691556,1,5092f6afb8237eb41b26cd3315ed4d7082284854f0cdaa70bc41b813bce1ffde,True
2,247,L32,7573026997582272901,1,31ebb3248061b676745d5950b388b848982565c77ee9d61e714fd1e215ab3e7d,True
2,248,L12,4580539316264465987,1,ddfcbc47bdb992ae0aa258b070a6517cd0c769bc8dcb9e406e71f41a63af0651,True
2,248,L21,15173001525562409406,1,10161f81276c1ad93d5328988fd0d3e8d985801e6a15ef33e4cb754c3e58b54e,True
2,248,L13,16005734847246401480,1,d11f2b5c3c5a6ea9519d8cac9ee29dce1f950b07d8ab0f1b7cc5e2c61531a11d,True
2,248,L31,15852043129999969709,1,dce132d47979f82c7b77bb4f615d6764d8a22ad2f810eb23f02d1921dcdfd5f2,True
2,248,L23,17209899796177034968,1,6b0851c94fc79522e22bfe9031b6a216cd838c933d32a7664e325a844e388cae,True
2,248,L32,8595858712189816798,1,2c01788a70a373e072c3aa41ed99eeb49738d7facf393f35997f4429ad07a786,True
2,249,L12,39483223927410840,1,753a146eb6e704a35224db06eae3f74d1c90f5f11ffa3e41128d2820156c5e1d,True
2,249,L21,14787952849155476824,1,8960717cf20f5a9d52edc3be3099d0ca80177592abcaf5ff60532bd60116dc46,True
2,249,L13,9913408114446775350,1,7d7b56ecd76301d6ad768b526dce07ed19ac9905aa5ae5894cccda3a0278da0b,True
2,249,L31,4102556397507500806,1,e63c3438a08210010b348e83c2fea1bbeabf636cddb2c62bca5c9477742a5529,True
2,249,L23,1994221138393254555,1,1797f3064ac027e321727a9e196496644276c5db8454736947cb32cdce08bb25,True
2,249,L32,16096067964488807779,1,b363a59ea9ba366ae6bebd7220840eb0e1b1ab7cb0b5b16287391ba1155a0182,True
2,250,L12,18042245519420789692,1,5e90eceab4b2af30f6b1f98c744c744ef43ff81f3323ce404aec8aa06281195f,True
2,250,L21,11105304311286720232,1,e3ebcc4d0f85c6a41a7e0ac586f4f30e3d56ce04167a50eba63b65c6d9792c24,True
2,250,L13,9623003128807391061,1,916d3a5d636296d752c019ffb0d43a4b5dfb8eb697a6571b65de3046de2d757a,True
2,250,L31,1585333315820990711,1,5dd2f5e8dbabf98780c9cf03503f4d7e25293b49b1d6563d210227b095988e47,True
2,250,L23,3738669777560613734,1,194aeebbfb26128f1de6707ecdf46d28fdab0c5562bbb92ae23ea478e3154432,True
2,250,L32,2240760428212197837,1,9421190e609d944c5a7dd32cbe3b4baa0c2b538d9c5391fd0486bf848a9f8c30,True
2,251,L12,1611548302341125894,1,9f8e27cbfec1ee5b1635df1a6282f3badfd71c69ce197681abbd49c5e2ad6c75,True
2,251,L21,16834953865334021325,1,49d63f5f8820f2e9a95637099d297cf359af5482a920e80af7489605404f2671,True
2,251,L13,11653873757407883702,1,41f7fd518db839db3234b4a489eb2a2e3602579160bae94085425f56284b36e7,True
2,251,L31,5126806396667610154,1,f75a6988d1e6f3b68d8bfbc3f1f57054ebe6df4c7780c0be7bc8f897afe7a80a,True
2,251,L23,14677138782136481750,1,11130d6e212f2e41d29e629e4bab0da144971adeb874be67e6012c4f5cdfa167,True
2,251,L32,1812707265319790200,1,3499eff0872b813f308564d52f9483fb7aa16bb32c289abc8af0bda96a37cd07,True
2,252,L12,7415433285320788296,1,78ba2bef4fe325720c45d0b6380a8faf40a787911824d759809f20a4ef34beab,True
2,252,L21,3263335018623179111,1,9b817e441520c9082d6739caf8de308965bf1a78ca9f4a358b492d3bd32bef4b,True
2,252,L13,4022907236424676052,1,808861605580638fe44063adf4e5e8d9e67512f6c6a447d6c92b334f5b67ed70,True
2,252,L31,796496805666771217,1,6868d50d2370f4c97e5946c10a917b26066595b4599c272bf8daf814b4f3be43,True
2,252,L23,16900459927869126416,1,147b00a714809797c0e2f542e72b4ffccb2b405449a623c2934df6b575437121,True
2,252,L32,16838963904819556678,1,9a6eb44bcb70b114606b22ff4a6861640133059dc91f0369d5831a1fee43132b,True
2,253,L12,9955929684058552578,1,4db80189e3462d712bf9409130353fbe84bf6025438dc654f2ff5b32cf4234d1,True
2,253,L21,12640410163762969574,1,eef239e6980fb0f35a94e509e049e9879d9c8c6707014cd965ec00d37f1573fc,True
2,253,L13,18313264704361590376,1,28b0e3d041765aa1dd2f21a222ad365029926ad2f365e9e76d491683198c32b3,True
2,253,L31,13965817064644898803,1,6c33366502f671b347eaba44b8bf81e08c096fcf75ee2ce09196f10636053ea4,True
2,253,L23,12038571390141902076,1,55ff6bbd270cdeb05fcc687db950ced854a1d31744d31527e0032518c8853921,True
2,253,L32,5297341181954989942,1,ac3432343f459225d6ea7d780a753a2243fa18bd2b45d277a228b55e23e2b162,True
2,254,L12,17646601203220104143,1,fbcacfb5bd19bcc130a61ee004e152401c8e08e29812a8bc214859f78217775d,True
2,254,L21,4182436894034310718,1,676d8fb6b9eb3e4fb484f2388befe55e7574c82bbbbe3879071a231882a4f03c,True
2,254,L13,7137440049411662049,1,b74bd0f211e769d96f232d361fa4bd501dc1bb379ad6841e0629c1af6e424460,True
2,254,L31,16884349371732075797,1,244da7048d2f2e5adb4734460c73913ee101b3959ec9ca8b3179a170934bca81,True
2,254,L23,9112279508680665330,1,512b55557aa9eb27e3b1aa19ce88c9f4157878b059dde23dc4752ea1e5c7a39e,True
2,254,L32,5123169311006887909,1,43a1858d6354849914456b4f2c0f2d8ba3dd57de2afd0909b617c0b66db3ed68,True
2,255,L12,13893184260554991587,1,d5b0c5bfe6d75f2c10f02875b2bc8799c528ce783b13c478de10e9ff0bdceb93,True
2,255,L21,16890624434393696136,1,b5d67ba7c705972497eef5f9ae9836eefeeeb53128c1b6b192460ddb805bc5d5,True
2,255,L13,5646699902828826296,1,eb88d265800702dfcfb3a05b79efb937bd8be78f4e23dd57cc739ed61623bf15,True
2,255,L31,1961343722937475918,1,475b2a76df4f57a500dfa817a064cfdd7e5878841a6e76c15d2858f9e82d44b3,True
2,255,L23,10017700394436628668,1,419a621fa4a66e5b3572770da82c0e968aad9a56bad63d2f0c92f5fb22b915ce,True
2,255,L32,6087366467880111810,1,8062100e2e3d47ba686c20759a49dd765afd9d0e543a2cdf3542f6a03eae262f,True
2,256,L12,18176174267061473570,1,d448374e400f5caa43c57bc8d2337bc7f3bd17552738db60e9fbce1376b2c90f,True
2,256,L21,8124002976502019021,1,c1f818702baaa4706b3e6d3faf3fb350c5a867754da095aefc6515a7bc116136,True
2,256,L13,17620559434685732214,1,2ae4afdb420cd77632b91cf543510308dafa1725ce40adc954cf6a5a2ed5e895,True
2,256,L31,17779439229573510595,1,c09561c55f345637d61c6d0f05fd737b49ea7a46ebe8e772ff5fa8d40b965754,True
2,256,L23,1413477536604492189,1,fcc457df9d59128cb62c359c59a25d022f77c9cd14cbb443d2aaffb544cf41c0,True
2,256,L32,17315163239846977186,1,fa1ed4e99e9161d1cfb356bfbcf059a12a2d9239cb1195b7f6c98e52052be783,True
2,257,L12,9632623904966845580,1,5991d5204616ad0a798e61f79f1bb23cab3e5b4be42e54219b15efc33d35640b,True
2,257,L21,12528157329888830431,1,60de09e55954a1aae81f94c282ec489fa65140ae8bbf212bcd2710f47eabd7d9,True
2,257,L13,18371722419246959832,1,8a9c54d2277a61a22aa6bd59b570f7b0d6642b7f888350c81e1d38ab13250e94,True
2,257,L31,6663001462362848845,1,67cae533d0a7a390f6f49ca82a35caeb223f5f46c5bf63dbc1ae785c30b4c1c8,True
2,257,L23,9752774356385296697,1,f7487c4502e2f48b958d6704c0af8843730833b18b3763bee1cfe7ef4b0bd47c,True
2,257,L32,2401128891991998238,1,eefbb521b36132079c797ef033e1e569f423b79229a20f12507ef0ccbbdebacf,True
2,258,L12,17906927785697530990,1,9a8046ca0ee60d7d91f91f7dbe42012b3ed64b055789568140d5adfcaa817c3e,True
2,258,L21,15219236345036920508,1,2989b0c71cd33dc0aea92b38cd67658a07b197728ac22e730b5a062b9de06c8a,True
2,258,L13,15935212523502996647,1,29c64c578db2c47fcaedb56b9f3b855cfe6186abf0330f3b181cbae9c91b198c,True
2,258,L31,13352860081809811458,1,e2dd389b8e0c2f9654e3c1203cabe5c6c93850985a27cb095c1fb5fd83bcd7b6,True
2,258,L23,17454322823967517340,1,e03cd1a1879bf94c64fcc9e8d9e92409ce072fb43c7e52443c6bf497a4b04a7d,True
2,258,L32,7060020253212489792,1,b739f963583e2fc7b5d225bbf0a9d42d51426ec53b3a35248154499461ce2668,True
2,259,L12,6401880543327444111,1,474e463884c93734c7a6d3453c2ea0ed78cb0e64bf517e1a7e4eda1cb9934cf2,True
2,259,L21,4497271815253712808,1,5ee2a052f45aa614396f4acd0a080bb26cb489198365a25a38633507df96908f,True
2,259,L13,9372218180327708739,1,92853e72fac1a62c3516a7342c4789c31570691d9216f12110c819028c89004c,True
2,259,L31,2709938551297080224,1,4307afaba3aac95da10fd4fe0b2aac6bb9c3288d8ecf118ae58b184f8769815b,True
2,259,L23,6739111688244528499,1,e7f5f5fb37a3916a8d2952a59a3208af32b56e9bb454acaf83be82942a6d1eaf,True
2,259,L32,4054914074019429887,1,16ee978145f7123ba25a518d11da4423ed27d0d5386101ac262b09c689ed234f,True
2,260,L12,17940431448082575460,1,0937e31823585a58cfd06694ee1cba5133eff9b936799af7fa8f085c8ae30ce6,True
2,260,L21,16264652161123132130,1,8aad411196d5445fd1dd8647786e7ec5b504947099e9759a4d01faf622bf35ba,True
2,260,L13,7480968440294020228,1,1ea0b42928cb002374a2ca2482753dcbe401835e60376be567920b4c33c8260a,True
2,260,L31,3143175584098834881,1,f712392b36bc32454ff10d8aabf8b8cdb9ff89ca50eeece328105813b1752068,True
2,260,L23,9454666597644234300,1,37a889e6f0007664680651ad31693085b227a0658e509c3fcceb6de9ef93a61c,True
2,260,L32,7856596750509725695,1,824c1682aed7cce88c0582d5738b4a261869ca16cc8b1b4b90b68641164e88a1,True
2,261,L12,9552649847644867642,1,196c6a813a6d26686a92abafc92c07d1be139df92362a09bfed29fe95fdfaa87,True
2,261,L21,13789162711197925385,1,b7aa9778d9381beaec5520e73f2da935b8feb6df9b772408dfcbd18293fe783b,True
2,261,L13,18189325572606816532,1,58da85ee92a978e6afc1d3df8b5b7c92359124a4a4ccddf04d4da5be8612a892,True
2,261,L31,1359535725366852107,1,35760b09d39f9cd132bbfc6f7d98bd4abeac009b68119c70586d6eccd21c827c,True
2,261,L23,17270902693777602567,1,7eec1daad44a76d2dfc1c031b5b078c8711d9269503253186f2b156f31c2ef52,True
2,261,L32,16917730792818425571,1,f9009e85e52d72644b0f7a15d1952ebdcd3f3735895eed5037ed627e6e581091,True
2,262,L12,13599137392649329296,1,793d3b909fb846b2f523f76def72902bf64ae127870ffb6ad26a4fe8e273f231,True
2,262,L21,6300602673387662602,1,2791f47a5d78030fb47b3d583b251b50c42f54182fba8842a967315ddcb6c188,True
2,262,L13,9694161597600607311,1,8e9df32ae990d3eb1b763c89e65fc0b3e93c097788016e920d9e00a2d570d758,True
2,262,L31,8269281302419814651,1,8bb32e606e764c204c27cd376f0e6c933c92cb8ef9eca28fa2857a6a570743e3,True
2,262,L23,7115905006026152577,1,17e065fc73efdc25171ea567a59c91b85aca2825c1217ab72e5c65eaf9acd39e,True
2,262,L32,7819106654977757920,1,ea777409a1f1a79c8c348419ce99c2f6e929f78be6ad6c6a7ca6fb5c1e59ff4d,True
2,263,L12,6054561121229603920,1,7035a81e91f1890f785164615d35e745b4728c2a8fb98c60c07c98b53c738648,True
2,263,L21,4923536654931104760,1,aba2ae8eb644c5363813a83674a87e1205fe7ec9a3466b5f1e95e084987428b0,True
2,263,L13,13775595605308606011,1,6a3c9646c0a86a02f028b2fb80faee25140fd919df2840efeec6c72d0fde4b87,True
2,263,L31,14773403857566918689,1,492ddf403fbefba09628be8a16696fb50f8520d6d727737ab657ed8abb1deb33,True
2,263,L23,17911822125322415009,1,1f5fa14eafdf536f7cb577eed3e2b60825aefa7525272546162377ca4c103694,True
2,263,L32,4104623973917775026,1,42b5c912ccbef4f25dbee15e18d69daf30cd361bb0321df278f8e84ead277265,True
2,264,L12,1956752347767512747,1,febd77a4f288f39c77b78c32dc50e661d53f42a9fabad9cf6eae299d7845e6bf,True
2,264,L21,7987914806509771901,1,ea3a48f51319bc9e43eae97da5f3de89693a92cd0bcf62f3c113e5eb6dc50ac3,True
2,264,L13,758701675953477750,1,ff710486a4bd1ce45efacd3837182156386fcea169e71d15907ba8a636403912,True
2,264,L31,157140769753162691,1,82b4e3c7c75e2ab212a64168515c867a48584da7f36d9f9de32cea3d9b5d3f33,True
2,264,L23,14889076346585652306,1,8923a8904cd45b5373b1b6c5cf50bd46c9f7c679fc5965742564dbdff049f81a,True
2,264,L32,9311064032342028565,1,7556144a4bfde04bb8457f8df08960354a28f77556090feb4e6c857cc85150ea,True
2,265,L12,2763481713197451913,1,b75c48fed1c6f747050b2388fcc1ef78aaa398628bd86dd5b8f610148c6f0cc3,True
2,265,L21,16636997145919889338,1,a3f0a277b8895fb4c6ec72d4a9716d2e8632983292f22c7d4b60bf992f6edc23,True
2,265,L13,6161834064154143487,1,2837ddf2fce4127fe9a61c295e8d7c33fb60138cdee9198e88bbaaa0c63511ce,True
2,265,L31,12725376240587271876,1,4dc1ad57217da46e2606b3176db03dc71875f8ce69a971aa2b0a021dcf5e9e34,True
2,265,L23,10784247819134608543,1,51f48afbc389814813c9b73cc1095e54c8588a36ae5c110c719c5e20de13fccf,True
2,265,L32,12497717407553856724,1,235ee40c339ef2483dcda5c241c75c86e0f727a1b70f47d64f60db21ed9b9f8c,True
2,266,L12,7994221511957049276,1,f1b255b8fa19c6ff9700d47e89d9c6245c4211ed7eb7d76be7ea90729434d9ff,True
2,266,L21,156498696691091737,1,73ec2af58783d9fb58b9a5508f8ff460d930d7226ba2a6c08b7a4c8cbdf15f03,True
2,266,L13,9413154787122377002,1,e367869cb4bb529819f2b4ea963d2dbb395a575aecf96156200179232fd8c745,True
2,266,L31,8786345414110514991,1,e853cbfebca99f82a20163f63446c5f62c50ee877d40598119a42ba4d0998edc,True
2,266,L23,3716698397299721619,1,c45d498622d8264a02a459dbcc1caa14f488fbeb011c442ce02ab186452b6eba,True
2,266,L32,15144487803364830575,1,f6470121b3946a105b7bc9d263eece92c9dfeb0f55c519467b91617496a335cf,True
2,267,L12,4040122616000458793,1,1617c8c47733b75cea3d73ec35227db4084cd52e45f1617470454873059845c9,True
2,267,L21,15873177136836630899,1,12b62f16ee3b8c012c5b751a7592cc3b18a5c1f0a25fddecdce4235724a6a3ee,True
2,267,L13,14871532760869762232,1,695ded07f24e6162b435466152844f809422abe352d5a04eb1601128123134e6,True
2,267,L31,6609851911680852256,1,a91f41d9dd17cdb42524ff815fce7dff1cab387380503241303d20d51b22390a,True
2,267,L23,9520724556590249015,1,0a8abc5c788ef03ffec4f43cda557416ab3d48ee59df817e18e7fb560c90738e,True
2,267,L32,8320311550683362940,1,b01937d49a82c64034a8540e10855b65f6062320f74e6579727dba08f50b6421,True
2,268,L12,17194938713681803152,1,d4c2dd7a784b55e33f8b6243fcf7db39e72e3378a8901379ea898b3a0717c0f2,True
2,268,L21,17279293017923286406,1,e80727c9d5f5e16688dd0a831d0628b01b3a9d5dfd5bcdce6d851206ad730983,True
2,268,L13,3452654991628753994,1,33304f6852df4992a9c277e05a04c377c444298670d4e13061a402fb9018274e,True
2,268,L31,16432991478375907010,1,c2b19e0fd7f25ff90ff7cd54ee6302cc886d4d4abd55442cdd9c9c7216bcdb34,True
2,268,L23,8162986095051142853,1,813e570916290428ed8438a3500ee5a8605bffa369de580e78a3eaefdf32322e,True
2,268,L32,1810774233120843256,1,26dc5e7b92404648ed4bb15295e46fd45a378c62c264d1033ddb849aa8a5a0e5,True
2,269,L12,17818984911531065537,1,d52f8df16c01b462a37f03b4f6575837d052f618646f302d9473d09ff0e7b2e6,True
2,269,L21,17065026152734335836,1,72d381ed2ae5ed6b9c8810adf2ffba20bdc16658646939b21b54325855503c9b,True
2,269,L13,13236244634729744962,1,454e494fb15a094b2233068b75dd9337f71f5591db90e8d159a51483d6046ff7,True
2,269,L31,15350593378699987540,1,08a21daace977df6d109f10365c6eeddb816f4a76ef5996e969783dfc52078eb,True
2,269,L23,16861460948393067653,1,cd5cefef4b0f810f3cb976c0f4a75a8173d16883075c8becc1694edfe6dc5848,True
2,269,L32,9691668159489266798,1,899fcb6ee422eba92c226100d02688efd017f8fc5c1dac8c2157f4d3f5733566,True
2,270,L12,6582187143058923129,1,9a52f2d8e570e1ff922cedf58b4d4cf9d4ec6e2455016b7011a6227ff238ce21,True
2,270,L21,13314426841535623741,1,4008a6f9f66c28db4edb9515e8e341cc544339cd7bf21a0930244fed206be7b6,True
2,270,L13,6081362718952116454,1,2eed396d098782761ab47006f3b50101d1f9ae9a6d831b62155ff3bb1e0932d6,True
2,270,L31,9807965285911315980,1,f0b1373ece7dbec02f231ca379fe81fcd723bf3459f23bfc46062d88c237c05d,True
2,270,L23,16398190394229193430,1,f11d4d5f3124a1fa39eb5ed3177f3d6d99bc49c6762c29731a47be794a6bbe9a,True
2,270,L32,14790919812426614043,1,b9bb6b514139d5d1f381b68f7b63be219dd69809e0ad16a8bed8f162f0ddde95,True
2,271,L12,16840338289983833949,1,1a6e226d5c94df7461c9f249a869b489679f3e8ac74b0de7e077fce5ceed7473,True
2,271,L21,14343102889682149522,1,97b160f49814db5f6cf00ad8182180a15606c4b9f36850cec31a3eb35efd1501,True
2,271,L13,1007716247777362258,1,56a7bcbc699127131d0be2ddc9cb6de580f559c0b3329407c4a3d96f4d81e076,True
2,271,L31,9503387349262709345,1,36755805636780f39602ff3512f818e700909072f476ebaf9a092013a527c46f,True
2,271,L23,16821850662944978587,1,62c836040d8d1e5b0801b8e2d3872efe5dc29635bcb9afda023d7794ee8ffd57,True
2,271,L32,13344416119736788009,1,269d7cf168efa7ad3a1c34cea5242826a01fc305b2755c2732697ea80fb3c07c,True
2,272,L12,14580878907153821293,1,da1da34ce424ceec15ef9bf2bc275050ef223e8d32be7f2fb11033e47b10dc5c,True
2,272,L21,15957782410346945526,1,73dd1c9dd95c2019ca3bbb97440f37fc8cb086b177de049bb0e11386b4c7e39a,True
2,272,L13,29551430688766462,1,1dd9ce72292781b93fbef4f8d3610bff3ceb40651560ec11da6a5de75b3b74f8,True
2,272,L31,5429343972113995950,1,85f99f8db3b689dffdc2ee1b018b819ca48fa9f9f30e4e171f5b7020b0147d4b,True
2,272,L23,10138114045822699721,1,1e3e29d937217c0751b89ab2a89ff9f8c20a1d97a07de1fee5cf27f88feefb87,True
2,272,L32,10459377879422296516,1,ac7b29a49008b833e52b8ccacb84e81a384d32989f745d1f8a349fbe8c19c13b,True
2,273,L12,410775708089701463,1,00f45020ce9a565df20d23543bd2e99709d13d8c5431f9c096bf5ee4d2059724,True
2,273,L21,11455833446881133601,1,f96ec7219e3ff2edfd2d0a67dca8b5b34b2ba26935309bbe17860cf01dff00b8,True
2,273,L13,5623803500248393613,1,45a60598bde0415584c05fea46060a3f7fec5c202541deeea4d647e086e8ea1d,True
2,273,L31,12552424938108965680,1,efa03e1716e4e9b192dd69f282b6ce6ce5c385b25696a654329cdc186c9f6585,True
2,273,L23,12224912072136145631,1,7e9bc2ab41c9275e85f7dfe3909e80ddbe2614f45b84a846731e1113729cb08c,True
2,273,L32,9594312941061994114,1,1854f12f86736ce207a2747bc282daf4e3ed6a34810808637d7171721b6d6a62,True
2,274,L12,7252320542275676416,1,5aa558ffcdc4f7cf2fc7b3905ac477f7a217aa870064b56627c293b2d382ab76,True
2,274,L21,869816303950681663,1,4376f04196fe8999139550f0aedefe0f9eff51024d2c664beacefcb2928c7f85,True
2,274,L13,10182169716624543025,1,5788d91846fa48ef071dbde4b053d8841507b926c7377942f821286129cec0a6,True
2,274,L31,11342681461161403857,1,980b04811a23297fe2dfb4c43341a7751827e49eb73b8e546dd725b5d402747a,True
2,274,L23,680187140014608901,1,f63b6420ed08ddc1cc57624c1bae96bd7471e420c61290d352d0f75cdc461aaf,True
2,274,L32,15248119242384571199,1,a6612590285c4edd93c4d1e331adb95ed5ab2098d3d166ab03ac3d53b1e78a7d,True
2,275,L12,14575863265785354992,1,32b93b5397e8f708cddd2a7e4d5daef917dbf38ab96bb7bb5b4508f315ac902f,True
2,275,L21,4125939369653340077,1,cddb074191e6812f53d63e9a337d344f7bdd3f6a828c773117ec29132ff977a9,True
2,275,L13,14194415888398387761,1,f957749a41141a5e31fc9c91bec5672d99f1b95bed5b791857ee1ab5c5a39de7,True
2,275,L31,9820903770910580696,1,86bdd687a709ffec41665d585347ac6b98a4f94b16eb0d915793e6e46002aadd,True
2,275,L23,5661854775762736450,1,a08018812d7b4cd69d7d490c48101c6279b088fd0527af3ba87455b3679461cf,True
2,275,L32,7335828118872154163,1,1ec1836237cad2d7a1cfc974f24d71241893b51386267cab6f61415547606a72,True
2,276,L12,1221233818330262574,1,4d9198145b93ca90b4fbc8c835ecaa8d632caae93a16072c6cfdaf11992fae51,True
2,276,L21,7523277967093029501,1,71797bbc4c247c63bac17e26436533dc30eceb3cbf1f76c747ed9a500f6a9c21,True
2,276,L13,12364395558413502541,1,4ca84fb903e380047ea6d1b3a1f2729d8bc6cd2cf430f7381bb4b7d04ae2910b,True
2,276,L31,12510094096767295982,1,0fce69954e804a5336e11ca0825f9c1bc0546359e0351da170436cf47acd4f37,True
2,276,L23,13724073182926563985,1,0b749c033e9a4bd60f893bd1bd424d74a77989ab37e7d81840313aac0e606568,True
2,276,L32,2581342705914666399,1,e4e987744fcc2f64207b9c38f9d0cb8f4b0ab0b7e5b6b444913eccbd899ae11e,True
2,277,L12,16080090064407595659,1,28cada50a6ad61f644ad9b0db3394625552dddce17ab95f714a086517d934297,True
2,277,L21,7450288189195691397,1,b6165638f2270bcdcadb3d93ac52ec390f08bc6044e9311c5a5f11490bbb7669,True
2,277,L13,2909044573041415727,1,34b13d18087b329c957a9f9d9b100c8fa60cf75dd7a66d3375c5d33cf09e0ebc,True
2,277,L31,12138486010837020333,1,ac1fb13b0329d9e16447447aca3744a6213009b1619a4e5c8b14ba8c6b8bf8b9,True
2,277,L23,6486521975299752417,1,3c37952210741776c494ce28860513577cb27fca664e64b57e312a65601004a5,True
2,277,L32,4833724764949626721,1,63934817804845d7bad8927d028635eb98469240f2736196914ed05cb5453b4b,True
2,278,L12,12923720000410230065,1,08611794f20cce69ad28a841acbcc96ddfb751cd1a492e5c776e503659c4feeb,True
2,278,L21,15605521796785890256,1,07d1c12e79d0122d0149bc9b2595c4f608a76df2f03a470e10f1dc3892d86096,True
2,278,L13,4416339289046969793,1,ac4e626119bd75bca12c4334d47e68c9ebfd86075f4e60b7ec9dce638692f0b9,True
2,278,L31,10694125057872608902,1,669ad7580f7ab91175e274bdc7129a35f83849e6e2ff5691951f3ebbe646424e,True
2,278,L23,13173228531014735343,1,d0a2623f5a5af51a972f90bd8981f799dab6f234f93c023ac91b0f8a19f201b4,True
2,278,L32,8856595417133779207,1,a5e2336a01b544ce61323e4282669188d35dc8d13a69a6215c8d635d60cadf8d,True
2,279,L12,18308060041010012684,1,253575d05d1b27fa43c47f1829a14400f7537b12fb502108e1c88ec34e3c3b46,True
2,279,L21,10159629590415165158,1,046a406eb6a250bed4f02fdbcc81d166ee36fc22f431fa49b8953d5ceb3d54e1,True
2,279,L13,11372775464605918202,1,3f95280523ecac1049e3e0a99e752c71ae9eba3e7d4d0738a6671a572fb20bbf,True
2,279,L31,4184796103900554049,1,9136029c095c0724f2163c2159cf5bea800d53e0899c7b8b9a784abee32cdbba,True
2,279,L23,741115363609884693,1,b35f8f865473b0c2fb19412c4591379e86c924c13f2337b6763373e262db0186,True
2,279,L32,7092137185063309801,1,b0d8c10165e479de9ba63f17816980d65337d00964348a84231e84fc3498bb53,True
2,280,L12,522570100831416722,1,8c2431d5dc00f4e9c9d055ccaf3c06d7108bc15e202ad40e2a0d45a4f0c6bc17,True
2,280,L21,13906906347942978417,1,9b5e6e64d11bc394bfd204df695e7855b1a2d57df25d11cbf160c4aca25c7362,True
2,280,L13,10064075565272451257,1,99c82dc9d2ec11743d0c775c4d9dcae039b144ce0a6a4e224118970c2065f637,True
2,280,L31,16603324077648700363,1,942ae25a6606517736aac5872dd08bda81d22ec8e41009db64ac87fa87a55811,True
2,280,L23,2918083506475356135,1,b3b34ecad6112de69c6e577401346fa712ddf160b3b659aa0e38b73a6f48a340,True
2,280,L32,17012016792993635941,1,3622499579e5692cfa96bf7c817fc6d2b3a4e29cb770681daa0c2d541ab2670c,True
2,281,L12,12166294767273697622,1,7176abb2f9181150ec2bb5c37f397de4b5b143df6355ad642359493d0d5dd42c,True
2,281,L21,13202473925030130161,1,fca8707c5ad59814779f0636df34bd4a36ed7fd7ee1f0236bc584c7c8aa7841a,True
2,281,L13,10380845216155933051,1,1c9389ad8eb3ff27cdaa0d478cd6e1e50e032787f4b2d4028cbb6f5b4f066cb6,True
2,281,L31,15661394893784796410,1,fdf08a44e86f7b891f8ef38b0c921fbeca163463a5f3d3ac24cb7fe5a94c602d,True
2,281,L23,8117817802153791571,1,619758321d21f47b7ab0a35de7368f874c3fd7ab5823bbed261d1e89351a1f77,True
2,281,L32,12811315401664310789,1,945c49c5275104f674732e12375773d53920e058845a320fd7b04faaf44a8b86,True
2,282,L12,5470714369269431191,1,79d0cbea7c5d8d7dcc38a0590193229ba5335e4f56d0272ff30f8d0f87917408,True
2,282,L21,1228016345685455068,1,cadde51cf78fc23875aafe52adcb09366aa9732f3fa9357010e38960dcf90732,True
2,282,L13,13320286198574096876,1,311855f0f195a48d8ae3bbbe6414c21b96eeeea072fe667e2d8c629c6278d1dc,True
2,282,L31,14664388287406564579,1,6b2b15bd6673180c9ae8a49cf083b7d78bea02b131784a8dae27180ae9796bae,True
2,282,L23,4798305330531104928,1,c46fd4f612301ec00f45f46c655dd84e217e48cb0bec6f90205fa936139caa48,True
2,282,L32,5762010204196908538,1,e7051fc23cb5948ac43a4e644ee179703af9d295f3bb27df17aee66f192e7646,True
2,283,L12,8957600441099627288,1,9af207a240ebb6dbf6beb4820674e9a7b99ecd4c5345e40c0c9937dd18e5c342,True
2,283,L21,11179111817099104223,1,3c4930f2c10c4fb598c90802a3b27c571f766b400113da188667edcd7aea75da,True
2,283,L13,7147460669511459768,1,b9590b3f383a00ad07fb145550ad7795c70c3717de13a626c33b0cc7aacd6582,True
2,283,L31,6754984094240557648,1,fd558f6d0c169107880cbf22bebfd1b30b862242ae3e8804197ea11d52d2a170,True
2,283,L23,6981760824981018577,1,8a89118fd9c0581897a342ad3a97f2bfa5bcd6df141e8823dcba965c480a44dc,True
2,283,L32,3208961459813343525,1,aa2fdab5280db7f94d758dd75b4827d5899c8f3f49083ce2e6593c4eb9f79c7f,True
2,284,L12,5679227961113477461,1,50090bf71bf3608846578942a325b881d5a662044a55f92ea9bdef290c68f766,True
2,284,L21,7799256843889382675,1,d375403588ae6be39a69fdb98d2b8103110fad93fca23b22e446a1c4e79169ea,True
2,284,L13,2206590696958086395,1,9a08e7acb7f0ac06b415586e3ef100031d19158b0371ec410a5deb79f9f33226,True
2,284,L31,2698353188838072584,1,2d14c95f699fb8e291211ec3f8d3689a925fa2966bfd5cea25c2ed2a18201b11,True
2,284,L23,18088372199464415557,1,c909a10d4a60fd71ac5e096e7ffd717fab39c7ce7a1281969dce4764515d3dea,True
2,284,L32,9023133459366975427,1,03ea08fb95768f39281090f1f5a87d2229444abc9748b64b8efcf8fc5700e784,True
2,285,L12,3407703376501618652,1,358e953e64146a39e2c7eb0b3de005c90989078e2a44dbbdd7061c632d79c365,True
2,285,L21,4561842447142419456,1,2968f6848ce69733caeee09ba87d0b77c62bb8be06a35cd84c5db16ef8b5874b,True
2,285,L13,13127286745718930961,1,cc46a4d89fb41cb6a518640a0edb2bd16fe64b4ea01600a2c808bd92711a2cc6,True
2,285,L31,16514401534763021807,1,b1b4933313f42d7e5914ecc18b39ab5e28713ed992a099980b566f01459347a0,True
2,285,L23,15201501776574742969,1,ddf240f396e37d5477c5e85a7222fb9271ec8e15f36b8e8f5f7dc45886adf2e3,True
2,285,L32,7976010700742268473,1,e3ed71c836995083f836ddbe2aaa523c2db224edb5dbfa4adbc6e5052e68aea8,True
2,286,L12,8186435400904959354,1,8393956224615f125b956a46443fbd048b1948f1095e2b656cb42383190c2e85,True
2,286,L21,6629491385249547306,1,6181c774fafdd1d7966738a9f22af2f66f9cf1c0d00e177163028e22209691a8,True
2,286,L13,7072233175063814895,1,2be36a4c14f7e4c9c952fe4a2dbc9b8a4ecafa4ceae9d24ef6d87ee0ab341243,True
2,286,L31,3712701884592236256,1,9bce75b1d234b8b4fb8330738772816055bc946ba38b66bace5b3d88a71aa1ab,True
2,286,L23,17749815024169280988,1,431079bb98ac5697b127bc5a473f332cba6deebb0e9026d98b98fac217b38142,True
2,286,L32,15740084206879341161,1,f9a83dd088902875e281d0d465b897884ff026cf49df74a7bd090ad46400b99a,True
2,287,L12,730866394867175226,1,15a6db6b8e348135bb88cbf3ee6a87d89c18ce7de68e94f5efe1da5f0ee0e60a,True
2,287,L21,1057883084621499680,1,17b1def0110db4d09c2f1092fc31524b12aa81d1aac3473cb76adb21461a0660,True
2,287,L13,14186726114782875029,1,8450c9a9a38f32e9719c04b964d605cbc631e5947a3ee1b4c509b24de2784e6f,True
2,287,L31,8146561520014502820,1,a24b9f225e85437718b01e81db3ede79e4f1af334e63645b1c9107d95544e84a,True
2,287,L23,15784181605126120105,1,52b757f0b6fc3e54c0143e847a21884b1b759e9d430f1e2dc1dae46b5d50011e,True
2,287,L32,18386324728601296230,1,30e6a5d226fcd0541da510004ceeaf7b7cec60d5b7e0fd493e0e4da5466afdac,True
2,288,L12,10813995791424125730,1,fcda2bec3e81cc08b58e1ceea559acc3f571c2e669149ca89f56f29a1bc26bfb,True
2,288,L21,13750549328320971880,1,b89221b31f5f728307ad7e0466c3050fab7181a88a2dd515ea1b80ba57d352f5,True
2,288,L13,2874529405854420398,1,583b81ae29d2b1a5a14f31b26e65fbdaf391a9f01da76691db3aeba44ecd4de5,True
2,288,L31,5108817844060756185,1,8ad94d0c543c8d03529a40f13f0a088cce4b1a8afa4c474558eaf9273d3ee777,True
2,288,L23,18392255215905088733,1,af37e38fdd96280f2670412761ec84d87f9e1fa1f42bd13755634dc30214c3df,True
2,288,L32,9561756216791266172,1,30d35486f283f08828944efae7a5658d7005ebe49d80aa795bc0949a4f6682cd,True
2,289,L12,3308236266953943899,1,635bd99909301486474157e26b0ec3f53eca26cc4d4f3bb43a0201eefb4695a3,True
2,289,L21,293664388919244135,1,6486f311cd24a9786274c56a67f40cf1bc7d4e42607ef7021240391c1648ddca,True
2,289,L13,8922876367925285316,1,704050cac40815cff4430065abab33f548abdc48fd307dc3353dc6d393d510d0,True
2,289,L31,14989438195220817976,1,c8e1a6bfb4ddc318971cdf4bcd9d8912036894de06439dd59be2087a4661a8d5,True
2,289,L23,4843161533224712867,1,b864f09cc6f42d25ef9f780c7cd82054e661f94562cc93ff7bbce088b4d296c6,True
2,289,L32,14924075698744740309,1,2fb8fe00cb001c24b0edcf9e948952c2f179afbdefa83b3c57a538cc03c753d7,True
2,290,L12,1229931787140498877,1,3d3d962aede43e7a2f349008c6dbdbbab9727d55dfcf82da64fd9a49b7ffda92,True
2,290,L21,615471488979891998,1,caf501cfb538e4ef0b1c29bef9f858eb6e9a987c9c5c16a4435810f81d9ab3b3,True
2,290,L13,1749914119725434822,1,58a2bf726c92caee13d73db12ecc6b03cdc701ba1f27fd595586fd932d3eb537,True
2,290,L31,12448208677495444776,1,aa8b0fd247a0c8dfcce195edf94135746f36f2dd5cf55b68a2665e8074adca0b,True
2,290,L23,8145653882375344808,1,78060ab47873e76148e904d4db2f5d2f0134ca14ac2e574fa3598741838eefc0,True
2,290,L32,13336578348710694536,1,85ac2115f036d3b14e9efe3ae6267ff2c5fe0ba5f846e1a25a6a00c51e0662fa,True
2,291,L12,11072645805427033750,1,158b628a61de3323fa56964a93033e7a079779a584fed73c04f52764e7b4a9cc,True
2,291,L21,15281145582944185885,1,69bd51d8a3612d53e82f47c59a3022d611453d3a85aa26b59f231dedb9f1f445,True
2,291,L13,9978586990995620535,1,dfc08072384a7ae790e74e91a9a5539f76125c21c604e7982c50075922efa052,True
2,291,L31,7797136128925857981,1,2691da1e757d2c723e33287c79aa6fcf781db7177a9cc83e96d3afa3d6007739,True
2,291,L23,15983660691786227569,1,3d9d40dee6781d61d4df36aa56a3cfd3ae1f5d9ff01b658981d670626cbcc095,True
2,291,L32,8026117151603179644,1,946742d4b84c350c693ad099fa3bb09d04acd2c238dce5fc6d7e795decc8f730,True
2,292,L12,7857473682628405264,1,23f5c85d1acddaee4617ec7429854189e408bde2ff251ecf8ff2cf46e50bca76,True
2,292,L21,2407466799768238510,1,2a50bc74bc61cdf6ee9be9b832a474d80295446e979d7ee159ec035c3e807bac,True
2,292,L13,5326213128032057691,1,7291000d596dc7b65b4586c7f543d8b83a9a979317bd670a230986d14b753df2,True
2,292,L31,4824438671248168847,1,123bf7202a35c3ab4830c0e8b2bad7526bfb46517f1053494913912be9b0632a,True
2,292,L23,13307562761157240376,1,3b6d8d71e2c1c198179039b329685d610ddff545d33a403ce499e5e5d83b6e06,True
2,292,L32,4274724410211973420,1,6fd320dd9d8bf1984b3e3c8b44c30e1117ac8689c14485bf8b6df5a5eceefc56,True
2,293,L12,8344642091118322035,1,ec050d21fd4283094653a2179ca58eb82dc2a714fd901e660d5aaa88fb5ad422,True
2,293,L21,9490593791949978263,1,ef8dc4d1fb6ac9c055106bb985e9b267eedcc7c554359a473ffca3c49bc11684,True
2,293,L13,15150024314884303160,1,0650fcc5b09e1b3deeac5a7391bea56d5e6d26a91546f498cae75e9f0b86dbfe,True
2,293,L31,15545107744645776397,1,0cb0e63814d78ed4782b93d36ad453660214f5eb854fa5fd160d84cbfd6057ff,True
2,293,L23,9280179947045974417,1,a6a615325a7ac8c2b301fa80eb9e6a002f17f50f2c9f41b6484f176412a35b94,True
2,293,L32,17478904638895826061,1,922845bbdf466f49b28ef9a0d22ee3c6a4004a9f0aaf9468cd3ba7ea3ece473a,True
2,294,L12,2496745894520578747,1,fc803ae4a84ce1675736735f9c1154e80a0e3de6735ff7c09cdc2b5eadc35db7,True
2,294,L21,1362308886233252625,1,83708d79d9006c0db77c53869a3387db00aa245bb77cb885e106261d42960df2,True
2,294,L13,6920946467709549012,1,04af1a8391a139d7e2d8bc45214f1e666576d12413bfc981ddecdee21a926563,True
2,294,L31,12543042410166691262,1,5d3adb9925e482a18f93220a4804b58825585690dbb4ba8488f765acb0678199,True
2,294,L23,8243906409747383557,1,0168a4eee148af4d2f150b09f692c2574879f67e10ba5893ebe2a22f2bb43c2f,True
2,294,L32,1378810161896529999,1,72c9fcec56c1b214e59b8b2abcf68a27bf49db15d565f2238a7ff5d27c43f96b,True
2,295,L12,7241436565072722068,1,2e19a17125913d97b2183bdf16a7e8e4eed4178d32d224cfc3ea47a5ce3f4a2b,True
2,295,L21,12204917787190655227,1,46d3e1127afb36f9d72386d588ae956c08b246e8245ba98971de3b250dde25c8,True
2,295,L13,1611126748374655839,1,bda1e4ed880dd0011fab97e17ae47498d99614fcb2c4cf0979c63801e54e4ded,True
2,295,L31,4036924482859954386,1,a596925eea0f1f1799ffacce14b56feefebbfa665601ac85b1669bac2a8bae94,True
2,295,L23,998834819077921828,1,3c11122237e39ea69a1dd93ccb52464731fde8d030bd4f87e03805bf7aa5a67f,True
2,295,L32,9572619186331832550,1,f42639a5d16360ec41d752888803bbe2c1c55db99f7981e772627a9871bf05dd,True
2,296,L12,6764636146952209811,1,f9c74c86f6efc2318e336e12d600aa1bd40ff289f0755a57a409e57ea81b1542,True
2,296,L21,3529243360241209440,1,3de8605b79ebc18a83012adceca16d987ac35f44d1131c9752187b96260deaab,True
2,296,L13,5856087138541135508,1,a86f8b40023001deb363b056300bb64a76f8ad37791ed3562b59c808571b53af,True
2,296,L31,14248869284329519119,1,d8dda9e3fdfeb35d5bd3f82616f9f660120bf5b8708f3182125b4b9861436448,True
2,296,L23,12976723655345985655,1,43d685533581702b7afd710257384ef495a267d84b4472cd370e50aaa4430d8d,True
2,296,L32,10332678681892181536,1,1e846656c050a4513adbb1e0e28492e62d632276b819c4ac589cab4ecc24a776,True
2,297,L12,17410106792846636323,1,3e31263291f93c3602d96211f9292b6922cb5bc8632dcb0f51f7dde165cd1bf7,True
2,297,L21,18081208304358333676,1,0226d7d9a2202b2242d18d7402d4aebf38ac6fa7dc636746f795c77ae7c1c9db,True
2,297,L13,14946890694754765975,1,3a360957394f2d996908494c356ed00a67e9f8491252ae59fe7fc8ea30f23091,True
2,297,L31,5548941436868413026,1,f9bc12abe5edb2142758189eeca4b7f316f753826a2a816225e2f9b94a3e9942,True
2,297,L23,12820850822296996657,1,e0db104ab3f59085d9f451e1cea0593b7b0d4dc98c61159b624c9ef1a18f0ace,True
2,297,L32,6664955101163571476,1,d376afe701e4b44b777f57875172bee74ca63dc0af707c566c09a0b4b5fbd676,True
2,298,L12,11665630202168757659,1,b642b7596af9224bed04b383f11a9c692eda7be87e626122345e0ec14368252d,True
2,298,L21,13145531827943382223,1,8df6384299f7b791f34b42202c5856505ef787bbd37a538243edf876375d348d,True
2,298,L13,6855335314140175042,1,50ecdb80cc32f7d4b1445484d3cf56a28ec9755c4863fece2472937637a8bb24,True
2,298,L31,374248912192680111,1,06bebfc9cf6bed5d0d8ee3ab28f5e8957aedcdf11a22378e7c5da31093da760f,True
2,298,L23,7942158690176731637,1,7c25dc87ec4d9c37af8ffa59a01b4434e943266367e344c870d1fa7ce58a2ab0,True
2,298,L32,10069621982407196993,1,52d0b1a07328295baa42ab17d0d658db786329fc3ce19d8bb44bbab00dd45b89,True
2,299,L12,4232119154608008790,1,8e6c4b9b189c7231819095a29986b0f300febb9a8461bf79e10574eb0f2173fa,True
2,299,L21,747548459331930199,1,c84b205e25eb174d5e65f8b140ca51be5d8f6f9583b99e08992512665f4e4add,True
2,299,L13,11770649057855875839,1,7d2c0d2ed4ba776718259cd41bbdf6544472df7a098c9096979a209edd455068,True
2,299,L31,938549691901275797,1,4d03040f05828b7668c49c1634217aa9cd2dff61128460d06e0b8735f7f20dd6,True
2,299,L23,10324228481942130339,1,cae34c2644a9f6d1b0e9edf05571c7c97d4ac069c2028d2dae859e0b592421e6,True
2,299,L32,742060107063826585,1,3950037228bf7a4c470d46cf824b8ee389677c7f4e908978ae8b26712801846a,True
2,300,L12,4653609392065237641,1,38787824c4858b6cb3fc57aceec9df7d8376eadd1c424fc035c6850eaff98685,True
2,300,L21,13994447301026215423,1,58ad5c13b3bd10501354dd9096c8fe0e2289c07ea960641bdb795e91549c7277,True
2,300,L13,18053305570223928368,1,a09880542727f81dd1e20ab2b9fa7a3e20f1fd2e116301b2a7ec4d3ac4d8121a,True
2,300,L31,13732930869882992934,1,1b41d8f35bb7bd9348f1f6c863f7d0764926c4aaec1fe53a5b5c22ad513cdbaa,True
2,300,L23,10753546153927582413,1,6b0abafb94e3a56ff0d1f1d9f2a624941f20246c271566db34941dc4f40d45d4,True
2,300,L32,14153463676213755431,1,1fcb1560c2151146a97e93b5422db7f2993c6ae93deacb9f785924c7cb7cd375,True
2,301,L12,6294668416067177669,1,a6317ed261ded10b630f7a58e7f90bb756037ee3828dbb9c89826aa99dd8a624,True
2,301,L21,4151203726674084279,1,c2cf2083fb1f67b2ebb80c2051f2ae81a3a1a657948d04ca96d588d9baa7d034,True
2,301,L13,18226288524104334321,1,1c70ac5e913f84b2d5b80d63c71da9ec7a530523dc340439e859356c283770f0,True
2,301,L31,12343993447759530191,1,bdb9755048ba4335f1fb382f9c5a9f1cd5828cb20bbc466aa6a703948ffee706,True
2,301,L23,7361558159433132524,1,2a72b5862aa79b75e451886757121a9873c65f94b0140889e9e74ddd69504a10,True
2,301,L32,13033510862042777332,1,5a59af300ef7880d555639f4411909294eef96729b0ec2e40e141a9d5b79fcc8,True
2,302,L12,14990810504096962595,1,3f1579fc42986327f567f9a8df69f36ed4c7756588e20f1cfd70cd6ab92c772d,True
2,302,L21,16389115312135097170,1,f2bd6eab2993c448d4a213fff59413af10560f0b84ec404bd372694e0b3cc824,True
2,302,L13,15747762655404949714,1,02d0d9c18259239e024d35e32b1000b61db68bb541823dc2734bcb74532c3f28,True
2,302,L31,2942214542754691426,1,a40ba8ea60e10bcb8bb5692a8c74c5e60ae265e2bf0c1a0b2d6cf56b8c640b28,True
2,302,L23,14831739413192988036,1,ffa620d423e5fa06b9994b84dbe7697d382055e68e5e04c7e39d4d3df0fa20c8,True
2,302,L32,1556412980714027504,1,800d06a9cbeb2185acd41460288d90f1fa7f35df87ebccff27ccc2b7dc9749d8,True
2,303,L12,17369570113899310277,1,d0af4842aa705bf1f0c1e6734da1f9d3c35b14ff2c2885394f8fdd028fcc18d5,True
2,303,L21,1363966543009702484,1,e51e5573dee17cd323f39ac4cff2011384046072dca2c68fac3ce79c1edc8410,True
2,303,L13,4785089367586338548,1,803dc723c4b03589b379fecacd532c4678dd76839af32f5c73c67aa21d43d43b,True
2,303,L31,6794185514788327023,1,4f20e2e969ed2aba6c19462b99731b32c07ed14b94f961468a721c56121f5f21,True
2,303,L23,10677290231966231707,1,06e6c3911732f41bb51c5b77855b0c5fbc15b03625cf76296de566f2d15b9989,True
2,303,L32,108772201458999632,1,ce9287ee737716647e291492b07782ee169a171efd22c6554d3f0e3411583988,True
2,304,L12,13961892382263281003,1,8f3d491924b8eb98e9829f9d846dc00430b669399a41b73424ebace88fd90048,True
2,304,L21,10525936355235061335,1,d977dbdab43bd7038bf4de5eaea367af93f0ee41d1ddbd9a42ce8a03d3b53961,True
2,304,L13,8385977919654305079,1,3238717289487c5054e6d1286c55c7914d0ce3f880a23815473b7881c0f9c2e9,True
2,304,L31,10019881454345715123,1,e180ed7a9264f33df8849e0a30b8cb5b95500dda1c0fca866de161de4c1d4f8a,True
2,304,L23,3435152015652556008,1,61f923a393394d539e885edddc1e5f58537ba5a9adb48c4217b8c6d1f98cb575,True
2,304,L32,12839324145294404650,1,fea49f30053d941e371744b748ec49c847a3177b95cd0636ae81cc6f7eb5ca24,True
2,305,L12,7787771662317003719,1,d0b5f7b0c36d8bebb171c255320bb80437681326d93271eef49aac0f4d557f30,True
2,305,L21,2269801999805164808,1,1f3695a7062df1d172b8750f100ad4a1c52ef7ea1fac57ebbaca0504cc191d06,True
2,305,L13,4808564880945747316,1,5b50d30b77117eb6a7988aa7743348eb512d1ec7ee9b51f4584aa9ff2d625a6f,True
2,305,L31,15261103596995477706,1,5ab7aef506ffa073b10771ccc99b1c15d4f3cc217a996547325248fd6deadf29,True
2,305,L23,9368793613252807759,1,f79f1162db518dee82aef1cccd16345d809fea5aa959db00f9dc128cd7a39b65,True
2,305,L32,14777575234900118847,1,8d1b81843f22b3b60eda47c346a81683d2c319335ac3e2aa743784c45d4cd0fa,True
2,306,L12,18327918747082792494,1,29991ceddb59e226055e90071a3a0ff7c473c38a38db67692fa5b984d1c22a09,True
2,306,L21,5894049049550282246,1,b0cf554cb862634d3c1bccf283a2f40d3165472ca2ac41b59819cd2f04264703,True
2,306,L13,10357154371913831695,1,ab2c21e73d91312e06ed72353e089c516087fda9b8d8e9ab2ebca4d8bad1a122,True
2,306,L31,13083345225993310519,1,f1529192fc93fbb56aefccb57f37a434b2b7e96d62549a3ac506f7244055bdf6,True
2,306,L23,12357329014334519579,1,1cfc597ce055fff498b01fb971f35b9a7bdbc8e7c4eee93bb9c99af4377b209e,True
2,306,L32,4349985857310239183,1,203523e48139a6b1339f0219415655f01679c7acb53f1ce5d767c8846dfc7ebb,True
2,307,L12,14466950984285284954,1,7f778513920d8837440d2b7904d618384ed8d3f8c7140220d7e8351c870ef1cf,True
2,307,L21,14028349288845048554,1,302d84c2057d8464735a409c49295c197ec48c2cf30d82392628e4b437650eab,True
2,307,L13,15314759064477746377,1,ab97958179fa07b14dae304d42e0abf980c23d955dd1388b0a118fad662a963b,True
2,307,L31,8043014643440102543,1,0d90884b47bae3d4dff198503757d5c5a26b54df0ac3bbc4a0702cb11f72fabf,True
2,307,L23,17265756337148245234,1,d0491d287467b9161d274c9555f4e3ef9b2b72c5715d62824bb2ce076f10ab39,True
2,307,L32,4015925439855106343,1,276201b66c64ef6b053a0323cd2d1c46330e1d1f987e0f9d0ca1c9fef8df89d5,True
2,308,L12,6748146301042659097,1,3181bf5af24b2138a12deb27d7604eab49ae47bb29243bbb989739d162b8a5e5,True
2,308,L21,13456391298553662820,1,20ed4e34b69bd453554732ea01dd58252be4db7e0bdccca45ea26b90f04d6f20,True
2,308,L13,12047720585336733415,1,54cf4def84cf8d9d2b420f149dfe536f9fdd2f311a0acdec9d4849d653a1b0cb,True
2,308,L31,15608512946254406774,1,02a7f86009f185e0d0bcba89ba381997bdbb4cedc9e0fab11ef146425b323411,True
2,308,L23,10023699601635831797,1,d97b175e0c552802d6d1789e1a35f6a4ad462c39332639478ac51fc42c95cbe4,True
2,308,L32,5798491907082700150,1,1c06990c9d3983d4231be0a3ecff73cabf3e6709a816d9acc324496a0d96601e,True
2,309,L12,7433186798798246817,1,3a13c9b77c8b946d00c8f37fc0fce931d5f524c9580d56d7b3d2f6e97e98d488,True
2,309,L21,76813353740670222,1,ca5de0a0095e5463f517e44e31843d63699f44f600f828fdaf048714666573a6,True
2,309,L13,17009490008628973434,1,92a27aa9dcdf39371c3678ff645e009f91781691358dc78a0d964af0a0bbe402,True
2,309,L31,16633992000336017276,1,08c0e484ba704129145ca003d0be8afc26c7d0831182d661592b1395c554556b,True
2,309,L23,16411573389183195647,1,4a762255210aaa038e990580bad598baa152a26f86d92b4a638ff0b4388c79fe,True
2,309,L32,387254915324179412,1,a5144a1171d3847ae0a9b7bdd00dd3224470a23f17ebd462b2a387c418e32115,True
2,310,L12,6879926429477970921,1,b1c5516392d4a29df7d3d9d520a965d6c9d1dda324b891efe39009a4da0ca6f3,True
2,310,L21,6617658958131340734,1,6cf0125dde3218e304bb9d4581259718b1b94a9aca0482702970c1ddb5eb4448,True
2,310,L13,8750435460897288443,1,a2fa6a7acf9d153c7323569e6cc2240f6728fe3994ef7d80ce5995c8aa9c2b18,True
2,310,L31,15609928850953646175,1,820728a237acd2596bc52e11d1c1dcda2961b62cd6a24a30d247fe5efaa3ef12,True
2,310,L23,6530614377473532913,1,72e6cf516941925ee40a268e6154d30d564cc2b36ca61d1506b28ae1d32e2467,True
2,310,L32,6121838793794218531,1,b39d30be51e22184a83e3769445cf1aba98e1d3dc6c0722d36f07da863918a3e,True
2,311,L12,11462580913218244409,1,6208bcbbb64d5acf6fb9aa18ecaad116a88c8fc4a67978fb5209fcfb8906dadd,True
2,311,L21,9610989810861949878,1,29914571ecd5e3e29f1739cf1ce839344b101d7d929a3ed2885587b890d54125,True
2,311,L13,17078398427413217378,1,815a2c4c4cf1b7fd0669960361ec19ac21b87143e5a517e991d8129ba61a26b7,True
2,311,L31,173943782032033095,1,459bdae86f8341095a59d33024c42a1c9613cad745ce777c3b1bd82c90af566c,True
2,311,L23,8529750358332607130,1,f502d007d47e2baef10d7551f5d419f04414afbf462231cebc1e9a825627b2ea,True
2,311,L32,783579417746186350,1,161a06d6391d7f3602f31ba5af37acceca44e6582bdf102affbf6ec17cd9f8bd,True
2,312,L12,15043579123863105575,1,921c0aa4528655ec0184da01bafbe24ec993194a5bbf63057015f367a531fd48,True
2,312,L21,7494556985599000675,1,8fc428ade1ef6f9f93f11732d74c66b45c940223c6367c341d2c24815e2c7983,True
2,312,L13,6664834682005663893,1,1ad2379902fd3deca6aad20eab405ac14fc67dcd4a810051e94911da5309202a,True
2,312,L31,5826505561272305237,1,9829928c9c21c6bfb401aa93a92a117e5cf7714d320796ff77297664cad80521,True
2,312,L23,6278309588753078833,1,43c4f9aa3e236772b593b69c85de2c17386b4138e399e494793c05548e2f1e55,True
2,312,L32,16238865553478304350,1,0ec22c682617765ef2875215805cde00380b21a7bec487ecce07f025a536eab7,True
2,313,L12,9654051378773463779,1,1f140d836de15abdb245818a278d1935b4403c88730e8e97c0e0d0e97db8b4ad,True
2,313,L21,14559354337969995039,1,d5617c99b43196c0771be3ae72b9acca327f9869a64465964e8798db4cf59a47,True
2,313,L13,11887473952487162126,1,4e52bcafee21a04c83d5ae2d021384b7c849b3556ecacfa5ec5858472ceebda3,True
2,313,L31,17316068858480327694,1,839350d484654cca8d42ef802844af928d3770db5a998e37c8e5db43445027a6,True
2,313,L23,2712991380813354967,1,46a4bc4a49c7e4f4fa7c9a5ddcb78578d2fb8605c897f91b832cba7805431e99,True
2,313,L32,8888963445466160339,1,c11a86477125cc635ca8f2ce1c2d0d94f73efc5e9ce9f5797fedd057bef01405,True
2,314,L12,819072456420850808,1,b1ba57b25abaf1fe78613f9e9aebf702910537e12a1e2dbb3d7efc922c2dddba,True
2,314,L21,158477966493889467,1,68b301d4c0943da0b27b1fb24c622bd1edc681389102118c880113520f4100ca,True
2,314,L13,15609094567842395920,1,3c34399f3c4b3457712bada669c29d35d1715e1814b691f695ce74c33c7ef2e8,True
2,314,L31,11529828234425402520,1,32325caa538ae57945735e6ac49bd2a47769af8833101ad2d460d1d31519c48e,True
2,314,L23,13218736131337579470,1,fa69a77d9feb2816a5fd7d5433e53847191e762e7e285a27205c137a5f4feb8a,True
2,314,L32,15288099115989027518,1,3c7d0a6a58d5b1a4d1b9c90a0a3bbb9cee40911128cb89b6ceaf110d43bc6b29,True
2,315,L12,3632160655454087201,1,7492618700b2cb27d3ac993f050591d533f4d69c8c5e889b67a5b6a7885483ad,True
2,315,L21,12801312970597155908,1,f0e6b5da471ef7a98a687f82953de9ddb2555984cbc07631ac7f4da9bd834c1e,True
2,315,L13,10250533070532409036,1,4ecb7aa4bcff7c79847823c9ae09724a0c839eafacb472ea33cf0e0f4dd2a21a,True
2,315,L31,12358535690707573592,1,20d8ce173ee1c2af6fec27db7b4ca2bc46d7b42bb10b920dc789d8f1b6025ff0,True
2,315,L23,12012150074002287849,1,4fe035b7ebf50962d80f76a5d517276ea28abb1d9f38c57fe4efea4f95089f92,True
2,315,L32,2407695337477491372,1,b6f6ffe69f3b54b82c579a3522e7f9351b312abee104d19bca8470e04e452e78,True
2,316,L12,5008853123368700877,1,a4eb5da283fb37a2e0d3c4d266953896a768315dc1f37ac8c2f186ae76b1cf53,True
2,316,L21,18228224724796364820,1,134b15460457de4b55682521f97fb01a94b12af2ba20b3190ec73db4ca341ce0,True
2,316,L13,1556275007714307522,1,a1f00f8e000dbae286ae3fff50e54f1bd082e3d475d9f9251b0ca937ca4ef232,True
2,316,L31,3438362907197732786,1,83674e0edbfcc43ef92bae80323d2b785bf7a9f549bb1e69b257d295f4ce23a9,True
2,316,L23,12699929339907767770,1,d58a6f4c6a0b17069f6a50e7f4457622526380f0e73703f01181a7e34a6750b4,True
2,316,L32,17219335580234121632,1,acb8c6ffaee8a8dd4429268c60f94c8c65906e57cc202eef8ac7f708fb7b0e8e,True
2,317,L12,4529152131766778280,1,fefbeb51bf4659628e8b531b6057f354e36fe3ffbf68a8a12b041f160ef878ac,True
2,317,L21,11393584013679710736,1,aaa53c7dd487cbf4bc031f3883a18fc9f3d226e07b41a00fb7465ee9d5b096d5,True
2,317,L13,8209149338379686773,1,5f797c48bc7102f0d3afdf9fb802d2d8fbe60610e9f3890e8b8e99f722045942,True
2,317,L31,12627053114982610524,1,6f77727cfa60d68f034ff71d2e0bc670f24405f847439c2100566a8eb774af42,True
2,317,L23,15629589668386822084,1,5246c90aae7a506f8bffcd56659c60d9cdd2aafd6584c790189ae0a02435d9bf,True
2,317,L32,6382849887025085744,1,d6f4dd23cb98f847903ae03bec73d20f22e3e7f22abccc8d060a270f1bcf8962,True
2,318,L12,2567353039381709161,1,a37f9fa8abb41babc35ad2704de54717efcc61ecccdfa9d065a2f04b2e856777,True
2,318,L21,15535438464754696818,1,a11720c181ad5f87094fc205b64a4c487dff3e7ffb9f06d1306523c86ebf9872,True
2,318,L13,16609494943764556342,1,1ce552136bd887b6f739ffb7c4e2bcf88aebd5b62f09f6753b8241f21895e4ec,True
2,318,L31,16348033456974555009,1,d3f1c3a46d55c7118dae28a618d6e299ee6d1b8b06bfd5bae7e15a652b65b5de,True
2,318,L23,14194997006951702946,1,4f31decfdaa357e33c0ce6d67c0e6be5debcb8543f86d081f1b917077e6b8108,True
2,318,L32,17951331393525924114,1,9dcb6708ebf77e6520b3325113b80c38ffb044e267cea535036e5a5758155e60,True
2,319,L12,2992492396936816446,1,88a295ecb747b7602411da190c51d55f7e0a6a1736ea5db5653a4fcdd63d8b7b,True
2,319,L21,10394274869814403616,1,f619b56c736435c1f57a357b9491c5637b9b153ec0eb3db1f3ca147a94189205,True
2,319,L13,12115888142087918728,1,0f724037dc6674ff78b9bfcd6505baf5cecfdc890ba872740f09f49aa2372dfd,True
2,319,L31,7734528567803729326,1,274959da1cd4eecd77044d57df1152817e372ab42cdf47a736f1af085071488b,True
2,319,L23,14847904354701113540,1,6c2aa5eb757ed4fa38bd02fd049863ad3f42e3f9fe6c78d8affe59c4ff09f0dd,True
2,319,L32,9827526552111567823,1,33f1dc6ef518d5e4b279cc8c0a27eeb327c54856333d501fd15cb43bd65361a4,True
2,320,L12,6694145404785086547,1,80f146f7acd3424fc858963d4b5744a113579e0ba3743eff041f7297f1a44427,True
2,320,L21,1316344819312583605,1,e60b920bafe4b632bf912614aeedd2724e79e943904940056653ad77c7c45b93,True
2,320,L13,15669476413759320039,1,67cbabe92b4de24830ed0902806a1e199aff1c455885ce3187ce7418c0b31cf4,True
2,320,L31,12726420934674284110,1,fae7c8410b57b9d84adc41129acf95311d9bd05c95a55e32d7a58c51236b79c4,True
2,320,L23,16038105142144003620,1,fac7edfc9bc51c40d0b2ccfb35946f94227a749a2f4a9798ec893f6b8671545e,True
2,320,L32,5441545864849851418,1,865e27532afd1ec6270d84d89d1b391b6389bd09b36fb3a6368f25837d9f4e26,True
2,321,L12,1286217793353427090,1,f50a86304acbf29c12dfa8271befb7e1d3eb84d375671c5decf48236215b7b97,True
2,321,L21,5120232283503628967,1,83d01c1cae16aabf9e07b3fc6b5cd2f386b9007105b76353be7a21d831744b7f,True
2,321,L13,13229639879804898341,1,ccde5110e905e306fe871780c9b2ae85bf3883a023645b6fd6189b04a5a0e69a,True
2,321,L31,3972303779280869857,1,5fdde36a7f2d4f7fa32d064c04bd6e8a45662a372668bca86d442750409111f0,True
2,321,L23,15619150295301289728,1,e2e6ecfdb69444231f71985425038c5a52f289fec4a3b7da40b315ea0b0ed82a,True
2,321,L32,16388753700798495206,1,4b74c1ecb08b01caf40cce1ca37cb91514fb2ab76880873332392f6fcaa48309,True
2,322,L12,5913161944453490398,1,64e5d384a69675eced54d81bf4100710aef29722fc6cd02371078905bb2951e5,True
2,322,L21,4725373193527185811,1,b56e370c7c0399e69952da24e3c134c5299755c25671a323db5c2814538cc8b9,True
2,322,L13,14752166297857810779,1,f29acdd60062a164ef6cdf3bbbaffecb5f498427be7d1dcde7114c5037a43877,True
2,322,L31,8898932569075033885,1,3056fb3ac34a358d90991c3cf708451227f1225b5b2964675cdf24c67bc372b0,True
2,322,L23,1763927286993229484,1,7b8ac9aa53b6fb75bf642a06cc2ae7c165f713015e9ec72befdcd88e3e6ab20c,True
2,322,L32,11671973395485180937,1,c05612b61b7d9ef70b7aac593f0c93f52516fd85de05a6cfa9d99f0b79e96ebd,True
2,323,L12,15423539047940524835,1,014be4ea8be31ab68706fc3f50f890d06200350cfe8cd1825f12ba4861b9233c,True
2,323,L21,430027948157334814,1,afadf189185b62499a0e37f18432f0d27d021beccf9107d82209b9b1cb29a3fc,True
2,323,L13,8262885551568636082,1,8664400d546cb2fa864327a95a1df2eaac4802da8116ad4c74327a010390d283,True
2,323,L31,14039960409699743325,1,4d5cdf5b7a99dd5b5dac8a715f0db67195c5ef41664a8e26d6700aa74c3acee2,True
2,323,L23,11099835995326023710,1,aec7a0e8babc7eaeba687f81c7de7c87db394c6b830051328f1078820cc83c67,True
2,323,L32,16168998241931042218,1,0481f154b54db84faaed4c9d2048c2dc96d200609b38d2603a35276ba20bd409,True
2,324,L12,6098311635305242826,1,55560d7b6dd8f46842352199b8e97e83a460ac545da786aa27355c3157acea30,True
2,324,L21,4341209325540166168,1,120852e3bd8ea226dd00dc630356509263dea2e61cc3649c0a1ee04aa5f69171,True
2,324,L13,15777291902607596114,1,bbd4467c087ce383e43668ae999bacf34a48331fd09db1b84a9a18bd86c53899,True
2,324,L31,8398985252842762247,1,1a96396763458966db5bb07c069661f69bf3876e9ddfde3e59991658ee62c55a,True
2,324,L23,3707499606930349277,1,9bc70e86658cf13be30d1bd62f7426814c47d7cffac6a8e1f471c5baeac1d67e,True
2,324,L32,12327866430905388371,1,40180debac2c16d7a90758e4cbe40de376cd5e3c7e6962f3f4f350da4f7f205f,True
2,325,L12,12970363880975027417,1,67140619561462337ec33322bee68f90bae01d7dc913558475aa83b6e2de349b,True
2,325,L21,13845394778742630284,1,42c6a12414aa2e79c175bb6dfbba0770d3bb34b36b26804ddb1664ebf5f3fb2b,True
2,325,L13,1388394749503534386,1,a2c80e659b9814178e3d0dc3d4b469805d5415b55960d49372ce8a3042fcbd22,True
2,325,L31,2482559935897925938,1,8eef205cf013f1a235a5803b68ed97b14daedab1d7324c0c5e273f57dc9e043e,True
2,325,L23,11711212254912256510,1,caf2c0c7bbe28b309877dad227f1f58c1499795ab1d29a0b540a86bfbcedc626,True
2,325,L32,5214422331210125485,1,964dc8b116526010399e75719ae4697c98e7c87ba9472fa8027b2b4d675bc3c3,True
2,326,L12,17812594637161433857,1,1a2e996bc6e7efe967519f15c2cd836fb7e985ff22db230f8321bcb4b8d721c8,True
2,326,L21,3417564401809076505,1,7db84f012d9021dae5ee1d5060ab166525ee7049469b9f0ef00ab9a5bb590935,True
2,326,L13,8679484633994091675,1,eb360d3c894bcaa6154d6f4fe7cfa57fac4b0af1ec365d395518daeeaf7f5b50,True
2,326,L31,5738860152560326289,1,7dde9303b18efc8b5a6a2563a7904a9ea384ce54c59fc78b9151316a1c634404,True
2,326,L23,15448331252449413154,1,17e44708f52843a5bd35314058e6dccc3481d54fa984d97f874d7c7c84e3985e,True
2,326,L32,7102255421488390586,1,e8f898058a8a1c2be551725d14ddd70f144b2b8571f77c64a629cbb967b468d5,True
2,327,L12,8861634628861108257,1,4c028b344aeaa22483a02ddcfe696fa97fd89b02dfa10fcd4c87d213be1f0b2e,True
2,327,L21,13387185275774356143,1,751fc0c481bc5bfa40272f193d121cf9e7d6087a632fbd63d2fd3fe272f97548,True
2,327,L13,10733045349048666269,1,6c3b27a1c05cc73c8e81f719d1f9a5c907557b1de8c0ceb508e72c6c55e64224,True
2,327,L31,14575252983064006807,1,41f00df68e146323841bd1c944cf468ec4dc09737b63b3eee139eebb8057a91f,True
2,327,L23,16646359460700197916,1,bb01af2e4402fde7272cd542206440ef6e7b3ba05eaace738ecff88809bcdda8,True
2,327,L32,8798544693779412252,1,f50d0aab1f6bbda1226ca2c2781891d93edf4ce667b08ee816f158a202dcfa52,True
2,328,L12,9813947830178279723,1,965835b8f34a334d00e234dbab30b69c614d976fae89bdbf305cd46dfd94b371,True
2,328,L21,9459794763739886094,1,5247ab4c25fa9f46914783103c43a1ae7bae899de6d1a63a70c8c32b5c37df05,True
2,328,L13,15599432913681605197,1,4d94ddde96491fe172456e77f862f049ac459d5a9ed0d6711ccf6d7869dc580f,True
2,328,L31,9088533425839409312,1,52c83f3ca770485108d2e3056f00e937da7c3b0b1b92d454f7aae44b6761e54c,True
2,328,L23,3124885291628891814,1,a957c9d27290be6afe46279fabf54b4ed0102b15a6c7570dea696fcfddd4567f,True
2,328,L32,3066216063125263424,1,dbd5152d312a7794d94cfde2426ee36fc45f36ba10b6b7b6c9ad05fb59fdb97a,True
2,329,L12,12398885153042028544,1,1f99e48749875250fd8047d9c297c010e9bcf10ddf6544b9b3c2d6a71379b2f8,True
2,329,L21,3029396972623284629,1,4af74036274d8ab7478ec22e4bb70799921f499cda22983265ff062e424305d9,True
2,329,L13,6632604237650722221,1,5e554209c4d716fae2e8e99492abb1788bced3a4988a92eadefac8de6d81d064,True
2,329,L31,6952549503519373685,1,f3df6644858542632c6885da71f9c2b9b1b682b0c12b0f5e848029bf2bca5040,True
2,329,L23,54953954466914359,1,8dd559e7430eca1d0bd4510bff704988a0b1f4070875033b926d8cf518bf0dd6,True
2,329,L32,2280760848120482188,1,ed2b9866c664581c6a36dc4d9cc53ecb842a075c2e7f5c4750737ef111f99183,True
2,330,L12,2667688632946385805,1,74b6026647967900d8c2139c609a48fb20ba12c714ebf5dbfd785331b0c8a231,True
2,330,L21,16564167216070095322,1,768b433b82b8d35cbcc340681f07810d8c6331beecc32770c66bf0012544a63d,True
2,330,L13,16628487253253516566,1,4df8ad04e1f35760b03411aa72f624d189017a23b6a62d823d6005d413832d5a,True
2,330,L31,5018181679396863392,1,202868c5315bb453ce49ded68799fddbbe613e8e3da0207dccc598efd5512959,True
2,330,L23,8907087902718018938,1,f0427ea8f69531c290e1ac3c83d828034712f05908a91b788402a3c1cbe0f34f,True
2,330,L32,12524519142454309430,1,bc6b9b9d4612c318a85f31a4bafb6dd599dd8bcaa6a8d910088ee6b0fea2513b,True
2,331,L12,17453538701844094247,1,71fe6a281bf848b0b2e9bff39f6d7a54058367edbf2f362149925691c7345c2a,True
2,331,L21,7013953299268415853,1,613862be0b4860ebcd7e4daef4ee78168bbe6eabcbbed2c3de5c7a87c87e023d,True
2,331,L13,16560661126141321063,1,3e87f646b13c71fa0cc6ebb54888fbf298884ebd2df097524d3d643e7d64ddac,True
2,331,L31,1592748558281524372,1,8692fd97a81ca5d491c9bfad6f9456bad610424903baf122597d05473c87d675,True
2,331,L23,10356880661466100662,1,67cd79e9ac1c8788ab4ccb9f3142a05f154ccf504e183015b493e3e378afc0ae,True
2,331,L32,11238472098666772039,1,a8641665831d3a8e40a1a81d9da97f80a34992f1f91b5e29d3f9a31f468faa02,True
2,332,L12,11675823843257119223,1,4b99324442da0a900c9741dc2b43b5f56d47e57171b37a15833639d4c9657dec,True
2,332,L21,14607371310281443552,1,5deb32ac2ca4ca532dfddc1c84c58ad31abde0a2a3e0fead9cbad3fe1953a401,True
2,332,L13,3843315632121705767,1,3960b5023842b23b47c57c789f25f946c0ddd5535037b348c8ad86c2b6f868bf,True
2,332,L31,9362914848912103488,1,8c3b520d3e693fae6a235f3eea34753e3fea46bd116c2727ebb8da79d7ddd2e6,True
2,332,L23,9867440043375650168,1,1d0ab876ee5903da98225d9a2bd52193ccdfe788ef395bcdbaeb990a76404e50,True
2,332,L32,18223462591435029251,1,1c1661631ddda34c0a857eed59e794a979dc4e7a41e338c78263ecc354e3f2c7,True
2,333,L12,14050823161446201511,1,7350945f0f0289b43dd23d41ddfe9135a8a5b17a783aa63a70e8a864b6f585e5,True
2,333,L21,3380203950638859131,1,52d04dfd632bd81d195f98e5c3b6d554c0dd170bc0359f1ff1a24b12552a2de3,True
2,333,L13,6519115277128477432,1,cd12b8aecdfe6efe50d1a28ccd4040979009171a8f706edf6c943cf61e9ee9bf,True
2,333,L31,15623163262128191869,1,72b1e22e1c50b9ad8b63847abb7f02edfd7ffa3b6004b6a57e8e6589d0f933fc,True
2,333,L23,12372977337970715335,1,80cc272ba4ef901d927801a93af165eee481f04aa4297273076e376feed7bfa5,True
2,333,L32,8407823226496981111,1,a650b70ab02c1dcdda7a6fdd0237e52506a37cdf16c1fedf23ce11e156022a10,True
2,334,L12,14101235619465451914,1,11f34a3d2fcb66080c58f991dee282a6bc5c44c3f03cc46db9cc188472683935,True
2,334,L21,9045798703993768474,1,61e58ce16723c46c40e905d51cefa28f7f31d2b0a48983cdca08cd56fe64d447,True
2,334,L13,11473385695463611852,1,d58c4f5f9c3e114f157b20b1a22959b671733a5b8ba7b4ee3fcb67a8f749385e,True
2,334,L31,1966752836826686184,1,4c9a2728c8ec7d779e88b0c02d17f0781a8d8e6e74a99b69871a5a3d3618604c,True
2,334,L23,1517478127034285992,1,ec1bdffe5c8da4f09429751e7076cfd998f05480c53d208ac067147500a6aaed,True
2,334,L32,5631321618682729368,1,253e03d5585bb2f6f8b9dab28d086376bfd846bfbcae8fd9f7c7ea3dca3bedb9,True
2,335,L12,4014631749686287255,1,3b281efffcd17f7b788a311ca975236721354f40af6ba544f6f686625a2dea24,True
2,335,L21,8560779850421563764,1,1328647cc8acf1dea65aecf61d5a5a9ede2e6b1bb815a5cba1e175ae59bdd9e8,True
2,335,L13,14433925452609451887,1,3a162dfb038a4d8d94e4acf01ab5d52fb32b77f824cf2f59e1efc976cd52fa2a,True
2,335,L31,12547751991463550749,1,05e106487bd114928a1e5bf379d4aa6892a59494bb69196c964b13b0f290e532,True
2,335,L23,3988658172425816969,1,74b89b5e630eed05beb3e57d6ae499d1cbe13bce950f8fdf3b33750afc0a5776,True
2,335,L32,10121698881803118506,1,d0f6d80739a9b085712cfe002c97330961b8e9bd50b273e58b67a499287654da,True
2,336,L12,17201300543983603392,1,2562b79ab7a36d9fcac1d435a2594c293ecf9c73b35022f079b1c9de37d8c6fe,True
2,336,L21,6541813178486224693,1,23b11a6057ffe1b3bd17bf01192f4bfc8d31ac5564642124f90ab42c29712af0,True
2,336,L13,14142874594744256165,1,80d100f074a59e9c5c0615ebd3d79aa9e427785860c49520926960792212a177,True
2,336,L31,2045254853138897923,1,b3241b6d30927efd34983755faf61294d449f2c776e059960001a2b7613993ad,True
2,336,L23,7371383993779058706,1,1e91979c064303722f8adab035944d98bdeb566062725dcdbdbe805c07eaf40b,True
2,336,L32,5323388008873387220,1,41ca795b6a2ef2b64b9c619ce527ff405135687c119a5e0c834a4c617caa724e,True
2,337,L12,7129479357724681322,1,3c42ea4f9d2c1e55822a04c952fdca0017b6c6e652af21669916fec74e0817c5,True
2,337,L21,1033963936386319229,1,4eafa7bcd6d712d3484e23e136e3ffe2536a47c7c5bfdfb38fbdaa111747ce35,True
2,337,L13,14284662131779498927,1,7cdd75c4d861bd9cf821aa4291c7384e0490002e999ebb8546994da566e77ab1,True
2,337,L31,5948820069015007144,1,eb63e57b88ce734ea6cc6f1c384d22a84962148e23e9f1c5151b02d7cea7ee25,True
2,337,L23,12025075079991187039,1,17e968fe520ea26f928fcb1cb0f42fb2168845ed081cd8b553f95a80d4ef6aa1,True
2,337,L32,17472797777933410061,1,40086098881d9c3d487990c021f877aeb7a5c402e79a7884b8bf38f4bcf6314a,True
2,338,L12,619394279721988298,1,2f33fc91edd2735c426d17c3efc12b1bc6f0dfce68753a42e43a1596259392e0,True
2,338,L21,6289072996991496455,1,7726258c7ddfa5186dbfc88367a829c171b44e03468fb18e379db3d9dd5b21c3,True
2,338,L13,13175209456026049229,1,61a6ea4122cf96d1b6fe3a791a77c4b45d02506de1acb2ce5e11817766563157,True
2,338,L31,6167562317909614762,1,0ba6638676a57c1355456021405d2947db75f03d8f0186721fd96273414f89c4,True
2,338,L23,12685256823618180740,1,a1ba0157f8a27c38740188fbd070b0a3ec31fab133628d40c926d3328ec1d36a,True
2,338,L32,18122552943923283740,1,774a10f8670523107b77b15dad3ad6e83474ee4b7cadee65be19a2cf15a97198,True
2,339,L12,2730408327776156841,1,380f23de775c526f5f1e9d39a7b4850996233973e9729e6546fc5bf9c8fbdb8a,True
2,339,L21,13700294995746623473,1,3a8edd8afc5a69e7b2b38c54850b1b6e7ce892e3742016d903e94a5cf981eb2e,True
2,339,L13,1877942599850968175,1,6c54d3580ed5b8bea017d573c8709847ffd3d1ec44b2bcfdc4dedb8486f5a68a,True
2,339,L31,8858321095635238417,1,a57e192569356555b386f84d14e59c2be852fcbc973f355dcac51cdc17372fa1,True
2,339,L23,7673929027817272209,1,3f3623d387dbd63c88ae368e02ac60ced61fa712cc8efda9343db09e8cfd46c8,True
2,339,L32,2258431579760006007,1,de89ad1f3a500cb190abdf2b10dbaa023d1997b258430765e8e2ad702247b149,True
2,340,L12,2609063486674421487,1,5096eb01a54fbea4d964c69738e5f3fbcbc5852339e99ad9eee9712d01480db5,True
2,340,L21,13701820705113461059,1,51641760836db9b48fe2912dddae6e56d2b5eb3d42fb3640c4c001cf7dbd710d,True
2,340,L13,9998558850395202374,1,ca119f1a333fd37d5253664c8cef4657bff965c9e0443270694184334e1b35f6,True
2,340,L31,17768402849617894088,1,eefc68f34841684b95950731220fcb294b07c494c83a93b69396322dd877d330,True
2,340,L23,9008862307793236213,1,6103b61e876ef176beafa3c269b6be0492dabc74bbf0705a987eafede38e14f6,True
2,340,L32,18381150745404462646,1,17fe9713dde456159c23cb15877242bc507aae29db3a4b81e3d671fdca177ec9,True
2,341,L12,8954110445781966140,1,8f1bfd6f26df56a2b0f0dbe5270c04270f9e4fba6caf7788f64f6af71de26ec1,True
2,341,L21,14936522126778620563,1,e79a58c52530f7d56e4bc0d7ef99d6bd6adeda859e492944c9f8fb0b5c7d4d7c,True
2,341,L13,5732953893478210581,1,83e70a938f02fc52fa9aa23c26d07561db0770cfd1ac9f9024133c51064637cd,True
2,341,L31,13150058792803728298,1,eae80ca211c87d12f153a565697dcb09697f3f7151286a00bc7a29162811fcd8,True
2,341,L23,14735272506750408680,1,694b10be4bc6619670c737123e1d140d9ac3ffe64cb06a9d57ef1c6179ddd976,True
2,341,L32,14597449804214854030,1,c43fe37a1e224ed8de5ce48ec04d33f87d7fdcc0bfbec8e9f17c77b3b7c76304,True
2,342,L12,10487635962428810396,1,753066d508a0896d57e20df2cb025be4698febbb64d10c3ee744c795691eb253,True
2,342,L21,648782382894338461,1,f3623e76c68a86666006510a15ca4ac034c06254e9999dac1e6807c171ea553a,True
2,342,L13,16612198770387712065,1,29aa07c1e2b8677ea03537f2ac90f934f0297bd40b71f43cb847de9c7209bf6a,True
2,342,L31,15255601706650604397,1,2bb4049b7c422cd7a31c234380816842510f6d5edde480160933f4d81bd7f1dc,True
2,342,L23,3695930054956531264,1,10b351a874f804f2a453eb28b05c64d245c4a6ea919f2f6c11d787590e2a0110,True
2,342,L32,11199109386197942421,1,b5086048e18d0bf5930d9abf7bd686b3de538e94d3b6824330452ed80a1e8d49,True
2,343,L12,15617487936755866157,1,e6c5100a208828938947c6e086fb4510b33b7371e9f7967d88b6cee79c822a14,True
2,343,L21,2305447079895773517,1,29d094c3d4b890ad44e0961717b7b701f9763d01ef1c63902b04f79abb8ac1a4,True
2,343,L13,7955950532311810810,1,3e5774d24843cd761b6791d714ba37cb0e20074b1b7182197c68a5c5e7c9116a,True
2,343,L31,13176610836301419580,1,2a294e7b992b6bc22e28216a0e6c6043c1576d1edad99f9b9c8f423d25d1868e,True
2,343,L23,18350438264872283669,1,ded09b1d57f6b09ad3789b4f4bb19dd3fca8ef1bc236f0d5f31e977a32052558,True
2,343,L32,16230107461087507521,1,0b81128f7c013fe72bdfd0e0ce071998a5adba6f793c1f6cb06c60df0f40b839,True
2,344,L12,12464599075160823557,1,48d24c127aa05b5128bbb421f49c106e82be276a2515b4ce067db06f6e156c36,True
2,344,L21,5907300144789652325,1,501e94c16c9d762ae7fb3055ed7171294c75483236badb776c58fdf2e5dc83ff,True
2,344,L13,11099198037989704178,1,f27edf0f07a99cc6136b3179ad7d0c705965137f8370ca8ae4f29f2698eff09c,True
2,344,L31,11689037826016652156,1,bc08472ebca4662acbac84a4b30e3e27fddb043f4596448b902de7f707f1c7aa,True
2,344,L23,18310771167859808120,1,16590722a0828c1f562a1d823e237e81b460a2babef201e4b62a12665ee317aa,True
2,344,L32,16002167943122207080,1,fa9e8e1a97915b481b0cce073b80407abf1da37f74cbf69ef318ae2f8648c293,True
2,345,L12,10624150172290514747,1,2e2b27432aab07041076fc6b63ff0e8842f84aa6c8001f907be489c2469b6b34,True
2,345,L21,12521454090748859207,1,f2e42469e226230228725d554300af2e6541b3ad08101f51da811ca12c1b96d3,True
2,345,L13,6384402794350758446,1,0e970c222370ede3aa8b1bffd7a79dd44107bac97643317515f84f8e1718a780,True
2,345,L31,2904863161247782499,1,d235e8888840053311ba5283d53cdfad747cd5ed8173543b01263aa81c569569,True
2,345,L23,1012276970497860382,1,66056c4b2c1d59116994af6a61006e3fd6513a78b52946fda2a033bc42cd8c26,True
2,345,L32,8546457085766246384,1,ccbb55f74139f2ed1295ccb1181f7cb3c4235f7418e5926e95ff3b6b6c366144,True
2,346,L12,16433271127481025852,1,6d357701b0683864168fec25a67514d51c81e04ec6cc37701ebcc1ca8fe8d61e,True
2,346,L21,1676801272165593323,1,adb5ff5aab9cef2cbaf401f89be24946e8630021ead46c4905f86a6f4aed75e1,True
2,346,L13,14120586380116512257,1,359f7a420839f35aa53317653d059545521810b573be75d5b60fedef9d132451,True
2,346,L31,2212974041353566800,1,464657149bb6a3d8c4f0d34e0d59387a7d1e0c1c4cccc9594b17cb271eedb416,True
2,346,L23,12450327315780396849,1,d6e1d52336d3d9f2fcf0b96a913eb618ceaf167c755f01675f875f5e236c01da,True
2,346,L32,7414753475551512701,1,505bd30545fb0ee8bb244f8d7ff0077241ce698e568cd615b49b4f6405d643ef,True
2,347,L12,16166188124854883545,1,6a0d5cb917331f046d89aa4abd9387f9457b11754002b6d5bdf514b54cd6b791,True
2,347,L21,8828675404682069667,1,5b4c32a661b577c09dd5492c97770f9621222bafbd2190878b372115b678d2d9,True
2,347,L13,6004106264963397641,1,18a572e0fd42aa73cac7a61e4febe69ad009d1af1a5380224267e3b56b40da11,True
2,347,L31,15132287323941965489,1,52b4de378a5b2aeb270473d82b3a79724046b0c1661bbda886c95589728d2a5c,True
2,347,L23,11570593515130946808,1,e050465befd1782e6f870df3d849c94eb8756a4ea889e044b89aa2d6da6e7a8c,True
2,347,L32,751389605864746081,1,a0f22607a1b36b3584a1a469e7af91b2145b8ea3a530883489a2f8060236b525,True
2,348,L12,5883002549289374596,1,d19d47e2dbd7321422896a52867ccf513fdd4d3c5bfd54733ddd059be72a8106,True
2,348,L21,7547452444784349163,1,a751a5bac69aa1f932112943db532efe87168d961905f78e807a4a63f4a0b2a4,True
2,348,L13,2658762457300993509,1,c71fe5db370a601f5784a93832598896422787d1381ca51f027182b8e9eea7bc,True
2,348,L31,16523963921828193180,1,ee76082b5328fb52d8d230e66f412d34f6841748d83583fc7bd714f7fd0fccda,True
2,348,L23,17219331698834496405,1,9877805d3d1b4336d6920e108f174517a4b4c366ebefb618729997748c6c5000,True
2,348,L32,6573327292263364279,1,ca69ce276ec6a2ebe412f13c5c72522f57047c212886754880db5f0de8d0de92,True
2,349,L12,12920089863225277306,1,8a9520327b756f19508182195ebd53678fcbaa0d0d7cb89be11975ae5fecef84,True
2,349,L21,4914989334120957061,1,5849471519435d2dd7d2d80b5f33c2deabf401861953b89eed9a4f27d974243e,True
2,349,L13,11005197989504724249,1,67c0d9ea187ba9ccfa185e158dc085e406ecefadcdb495c6cf54432b0e87f00b,True
2,349,L31,15736331905487942220,1,71358cebb1ea9c1a844220d7199a300d6906e8550d2a0dcc6b82935907c08b6f,True
2,349,L23,12685698067025593088,1,a894e49514dffdfb2c91d0d8066429d42aa9ef880361a1459e78e28643646e6b,True
2,349,L32,16607278653151388283,1,4180657eb7dcb2882cd3bff2473f8027f3d9e5d8fe25a5c5010c77c4a9ce7486,True
2,350,L12,2266514274846603057,1,eb1aef7b597a4cf0db8e8804ab218d5ff3176b5c16b3b5276f3d482f45f901a5,True
2,350,L21,348850139130174872,1,3c4e8b4c1853dc84b0c03038e15c74e12be3657d1ed2cfa1c5fd3112c1546b00,True
2,350,L13,5699131285916002152,1,ecc57f52ec866b1a7c1087c939cd695acec9dbd3cfac33e0dee6840455e044ba,True
2,350,L31,16044053499637768558,1,9356e6dcc39462566a004b4d80351ac255580f898ff8cc47d59ca3c463666547,True
2,350,L23,6510032658468422840,1,5ca52793c972611f104b71bcd072624ee48421ca91675358351b1bb4581ed38d,True
2,350,L32,8005122313654316861,1,5c2824e52e24bd8b0e25ff7c0ebcbcc03a5a815fa0adce2f84c89f791676bd57,True
2,351,L12,2706694866675090446,1,b7330d350622e39a3e0df1be70f207e00a67c3696ee4292f0fdcd38e37818850,True
2,351,L21,15967911033538278649,1,b974bef839b78fcf10e4aa5515b8c0a55c645720bfeb0746b993604fa392ecbb,True
2,351,L13,17826847609824898656,1,591cc14112cd5ba18a8a7e5f68c8337fd7b779cdaed0e1e2d6359231c080c7fa,True
2,351,L31,15764349270987585329,1,88e158a1caddd885331e4d30f94a543ebb80ab66b974d7724b253e0a7968fcc0,True
2,351,L23,10353118159535103383,1,16451824e8659896d713bf6759672f96525e802723698057698d2bcc2ceedd72,True
2,351,L32,14814528565437675345,1,d6b3611f5cc90dc2a690fc212a79ff5e125c74a7fc98a191bcf991920776abe1,True
2,352,L12,6256436881788910396,1,982bfb34be27ba2bda4abe3c807470aedaf062e67e040bc61281d5e83eff1849,True
2,352,L21,12716982790767158210,1,2a3690bc0a9113aac3007d12ae03ac3c91d4994b17d7ba9b256b238af46cdc61,True
2,352,L13,7051492978188174934,1,a41a6162514273e54c9abdaf2954ee84bdc93e705d500a96d28c9b7e995a0d51,True
2,352,L31,710222422368521692,1,90f9a4b6c77638eda2e377e000dfea87ce110c541f3dc9a9aeb5e4f860a35082,True
2,352,L23,9677959645314317133,1,8fffb9717d5633b93d85d9d6b491558c1ad54cc4ee5463303239a1cdd35a2d92,True
2,352,L32,16103147392637897005,1,f68aa5fd656a670ed5cb87590663909c17b4fc4920471e4e2f4f82abe1afd34c,True
2,353,L12,15151354048628918323,1,86004613ebfd7a3586eb05a2c2b158328b5df74f6ece2abedc638af98edb8d80,True
2,353,L21,6153466809489073075,1,efd08949d48a18969d37d281b6324619517dae0ff4912b5d4e60f15ec36986f4,True
2,353,L13,4993217393186161008,1,e5c13b8123c021fdc0d5bb4b58e34d1af4132387c90fe7704aee647adc3be105,True
2,353,L31,2390714474024215447,1,382752974a44b485a086ca762126bed8e9ce754943959368ccfaf085da4a1d91,True
2,353,L23,3505232682976694687,1,96c20e603d21c3b2361b0c46307da5fcb569874aaa4dd9b41f29a6b3db78c9c4,True
2,353,L32,8444001268643245390,1,31b4ae7933374dfc3b258b47fcc752471a9e894e3f295b1c75537d7b405f68b4,True
2,354,L12,18088350763078152645,1,38699f1aaa8bbf97fbd9337b39337fd0bfea8c1a617c9a64af8c6656bc27c6dc,True
2,354,L21,2252553586975257041,1,6011e644259866c77357469ed5a7643cdbfb5ddcd703164cf478cf8dcd4d5ca8,True
2,354,L13,2769033877106750658,1,32aa8d7421201ab210a16710ca39466ff1da7b3ef5b54147e4035cacbb1d6ad5,True
2,354,L31,10438085159667775835,1,f77d8a865a60b3c9af92ae16289430533614370261110eec76777d05891350c8,True
2,354,L23,1688938192637514196,1,133b1d6a9b8d590722461ccf2b676bc1042b8de76da0f804ecc1184dd03215ad,True
2,354,L32,13906824053711123239,1,9f0407bd706d81322fb392de63b0f1574a1a6e839748d2b56af085f693e821c6,True
2,355,L12,13926089021779471719,1,4d17b4cac65c4efc865d6b13378b8e0f9c19e318da33830699470ea0fdbae732,True
2,355,L21,9673212131920824859,1,a41d0af83dd7ff87d8396f669a7e6d04e4cb99ff9bdbb217c2442e9c846b5c47,True
2,355,L13,17774685755674170276,1,5bd3185edd8f56c40cf4926fb02f9446db278df4a256c4a90689f17939658f0e,True
2,355,L31,18219642644153477226,1,63e43e9a0cbc2ea3767409e42d9e5cc883845b6175bc974d0106b53e9a0bd154,True
2,355,L23,18349148202877425261,1,0aec89c3e2028f9c4c551321a5705a66e2b433a0d28db164ac93904e4becb932,True
2,355,L32,8768981357031645833,1,f2e8c9a4c8a1140cae147e1004f5b3e66beac449c4ccaeb06bb6c4db314d3381,True
2,356,L12,15341115457561664244,1,b9b88d4a04890e9d83a8d5efb1f3a9ae7d4674de6c35f8059ba62932f892a8e2,True
2,356,L21,5203394431342971210,1,2dd908321deb2ae59d136540ed7ae88ee3dd469fc6c943aa09815e9b8f5d3b0d,True
2,356,L13,7435214117648221951,1,a76d2b84d10c9ce34ad71ddd6664e79043029049096e88fb137486c791e69609,True
2,356,L31,2301044092080644557,1,df066747705d7529a8648612ec6c62c3c59a9ee8953efc05434ccf095e074073,True
2,356,L23,17547865249478074394,1,0af0e3398362bf7ee472fc4bfb7649519136a166901a69d0a298ada676a5cb8d,True
2,356,L32,10752176678541059598,1,24c6ad3e4da3d1203d38c7587906d0aab098c66df06256324e383a42f5dbf278,True
2,357,L12,8020731783422435898,1,99dbf39e899755a49596222845861d79c7e4bee060e024602b74e13c5926e785,True
2,357,L21,15409000649269409756,1,060ae76ef8723f8d3f8f6cc4d4da4e5fc83cc07e52ac77e3864edb598699a536,True
2,357,L13,3971025152861868166,1,b6bc921268de12d31f26fb08ea4dcca26246cda7aa6e0994c7368848b732f897,True
2,357,L31,657355589498061649,1,1637de791942c58e068971099390a14e635933b67197b365b1ce1f7f6af753fc,True
2,357,L23,2176550344385458969,1,364091d2a7c0d7af9cfff181dd1c40962d57b026591695d8641618b19ef516ee,True
2,357,L32,12145604797481577008,1,8751f8b129fcfcdd6f2df8f078c01cb3a83f2b734074ca1a00a82534a948c934,True
2,358,L12,3336609610667267359,1,667d9b8dadf96c6ecddc5259d8ffe4217bf9b05d61617a4967fd76ba52774687,True
2,358,L21,2929267680879908879,1,74b28ad9bb656e9e5d4fe5299d7af3679cff3f4866f9da7f1bb71c98d66e12af,True
2,358,L13,1829222630610849373,1,98a63b56837a2a2266969359288ae0ecaaf432b5a16b7d0021c1217fdecd629b,True
2,358,L31,4818324513226804166,1,c435f5d2452548a27c75884af9462122c555eedee649be1458b97de2a2c773dc,True
2,358,L23,11944431235756588456,1,497b337b51105a2a1062a6fc34823092d23485c724eee2aadc96b04ddffe763f,True
2,358,L32,14445014057762399721,1,a621b35286167ea5d7d2f70f809abe66f81d637389c61d1e2c2f896f477a42f1,True
2,359,L12,4797269744356280739,1,2085c3b0471022f8c66d8fc93db640c8ff3380b849151aadc0bf5f2c114124be,True
2,359,L21,4550503126182512450,1,ba3935a79ea3b4498ca2b8de7df5636c51d791933c971464a87f066cf184c239,True
2,359,L13,16877755783436315335,1,951bd82ee0feac514d415bb66cb5a3e8c90d80fbf8e89237e97a751d8ec544f6,True
2,359,L31,9624483344017375719,1,20de3a9c3056225007c0f823055eb727b335f5d393297fb15fa3919d7fefbdc8,True
2,359,L23,11620932162460295335,1,94f9988c2af81f07a2bde3c438277d89788cfd34500e44cb8768c16c7befbec8,True
2,359,L32,14102635827541570710,1,e9b9c1351ea9dbf204a952f091de1190658ebe0c237a7e8b38d2b98eb9a8ad38,True
2,360,L12,8857322145272183040,1,5af3d7788662727b97ada37631cf4a69dd8f9f887a3b5d56fb45c2ac56aa2126,True
2,360,L21,17284663579088460380,1,89b6eb9d3bd59253e739a4a9f20bd4e06ed0d53ee74a2f933e21115668012ef4,True
2,360,L13,18064045290290537279,1,71968df2841019a72b41967ae633c55b0baf12823cef3b675b85d405be435bc2,True
2,360,L31,12988997233801612320,1,db3263406db8f92bcb910959c5a48ea318582fe5609ccb15788851e8d63c853c,True
2,360,L23,15637213984428522342,1,c8235ac6b1bb94cc6ddc7ac34442f9b040032194dc832c9f3dcbf95302cda1a1,True
2,360,L32,18425504377466159411,1,177cc65a1a5c2b242a092cf149d9582967e74e929cb82d8dcdecc188dba65580,True
2,361,L12,6670230824694886107,1,c63411a832fe8c7acdf7cac26941fce3016b677de207ade77e81c010af8bf995,True
2,361,L21,3216818158504999213,1,8a98f1a5aa097c7d1e30135e2fb3e905a262cd805e720bd26a2360e253cef26c,True
2,361,L13,15366299319872377834,1,0033b2be6ccf2f3e19e46c0616f7c8c3f571a66ac15913395403bd25fa1abfc9,True
2,361,L31,11957103514801631649,1,7fade01093f2b76346bc71e8b9f4726b12efb4a1a52a67b7de5a92aea1a271a7,True
2,361,L23,4928535817800795887,1,77f4628a3f58568b009967c5eb3b51631d1cc3842c7b949c28ce94bc48db8b36,True
2,361,L32,6448254880703193291,1,760566a0a3b4b3ae46b1ba0458096bd9c4bc8d1121ae06e94b204d1bb8fe5a57,True
2,362,L12,16170113585629684659,1,a9b39d89740b4cd8d0e16690ac0224d3337e728e73ed3cb6dedb3928600126b1,True
2,362,L21,3482844227210271321,1,b04674f55ad5755c1196d1ca29134386ee7d468b2040f9492fdf2744b8efe08f,True
2,362,L13,12306278027060182253,1,352a72fceba4beb653adadfeee1218b774c5e2e9583bb3ea338fa5710db5a281,True
2,362,L31,2281725223064381249,1,b3d6456ff11376ad8a56637151ac489db975e124a577159a5bfa64217105e84f,True
2,362,L23,10508091833268535076,1,8d656f29ba0cdab7a585d6de0275c3286f61bec717402136bf0b9035ed9e8896,True
2,362,L32,9201310138203849563,1,34d3d1db83b71af6bac5b6b625c9928a0265d9fbf0b991e472a4d5054515098b,True
2,363,L12,17844085831984651547,1,ea9e1bfe5594c999f98015c9603f1ebde5b6944b8941e7d63bcfcdae984a1c3e,True
2,363,L21,13236536861814607369,1,e349f9b13d8227342dc4f820e8ff53dfa36969f46e2c9425064044c99ee2cecb,True
2,363,L13,11404532956636339855,1,7283eab85ce0bb6969afc4bdee13efad8ec8ad37220ae12d40831cb2920fdba0,True
2,363,L31,2664473730808598543,1,78b48ecab305ef622affad75905216a8eefc748e69ef339a76428bbe294aaf4f,True
2,363,L23,14512330774906408243,1,21a050c2d4c1d7de3bda0480866bad9877ff1fea372de45cb942708646506b97,True
2,363,L32,17242014202599818240,1,2e7102f0c9d3bb9c74d86dec7d67ba2616bc3dcbefc51d5e20b9363dd09d15c0,True
2,364,L12,79626196725118873,1,9e3dd883d1664394997da4b64b201845c6ce619f62df442e559768e5ecaea1f9,True
2,364,L21,7257724672317231115,1,4de8734c9586e3f68cfb855c526a81e8979d0083fd01d9f21c1559df0e4efd77,True
2,364,L13,1867172853593349227,1,34d7367b9286067e7a8fdf1cdf2ff461d5a4eb5086c219299c5bb208e335a208,True
2,364,L31,8093315545326963359,1,adbc4f6e9da373f68eed986fa0411141e60f73fe534b2e9a2f761e84980614b1,True
2,364,L23,700731911980270883,1,08e95ec7ab9a8d9be9d928b844bd7ee9fee9ea6365255a5590c8d9a9d2855402,True
2,364,L32,14903888291227429730,1,8af3818d1697d13f08072b199905a2ba82095f737be1280936e3db59f5dbfc23,True
2,365,L12,3152678095819859687,1,682e7ef1afd4f4bf69695feb2a985d0693f4e9f97e706887b924b8b9627fa814,True
2,365,L21,8893231044428564237,1,49b3b0f13455a5daf3d58a051e8513609fee440f418b1962e0e7413fbf84d9cc,True
2,365,L13,2276855999468010749,1,21322fad8fafb85083d99fa9d7f84b6ed0e834d5ee2a0c135c20e782aac17467,True
2,365,L31,16745453449035018844,1,394cbd6474d271eb7a928ba8334768fcf0f26dc17abb1fc4c11dbda8c1d371d2,True
2,365,L23,4023138047906511712,1,79e2aea8911e311f5439971ff12c5f2316b583dcbd2d362c6093e3d79b844d0f,True
2,365,L32,16574179820518807032,1,e09268aee893b83757d19265f03f34bcbc150c213e8a3786b02f9599c7290c94,True
2,366,L12,13002936022415700376,1,74ba95758d0b3bfd6356c9cce30052321898c66c0811e2ce10da3e6904ee6ad8,True
2,366,L21,3360771334104280816,1,6f6531fbbf553a5729adb7c82fe72fbf784323359a210c3a87922a2617ccf0b8,True
2,366,L13,16372488285631490870,1,6226d849e4788a0678a697d930c52b9aa98f0b9e3536562d73b261ecc93d36c2,True
2,366,L31,12709260130514415577,1,db9961c751c7df970c8c650e50ece6dbaaf6c327897f3d461ada2b6cf6094182,True
2,366,L23,14520847013558854726,1,8fe7fa7228539d354a1e081dd3089699ea26c0401aaf2b592366844fa99e29c4,True
2,366,L32,3482048341847309395,1,1fe98fd5284617ebfc43e48ee3cf4c50a2e0bd319722f9a33cb0491be197c0d8,True
2,367,L12,15144074736454939702,1,ff1fca4104748bbdea5a8f5356df20a5e02145a914a34f5421e9710932014e70,True
2,367,L21,851194093726605090,1,50d4ef883de78ea30ecc64fd50d16944f76a6337cbcca99400a86cc52c373418,True
2,367,L13,7638063811303731564,1,20d78faf1c9497ce9ce987cce7f3a7eb631585e800e6fbb15e259213ef614379,True
2,367,L31,14278402171597687040,1,4ea589579c3b41cf679d366b6d4d79c5e818ff2a4473f7e545f2310cfadcd048,True
2,367,L23,5591607845152764282,1,be53bd4b427814254d6a6c13922f61092d6317a91bd873fff87138148e05a967,True
2,367,L32,5157090705817433992,1,771a792ab8e79250947a970d072f791566159812e23d96d28be5efb523dc8a31,True
2,368,L12,12035320089553284034,1,591cf3fe04ff59a8b069ab8d2f605fc606fa37e98054efcff0941ed622108636,True
2,368,L21,15962830968334249021,1,180682ffd0faaaa098d10e0f01ee946e496d3f428ea9081acf170624eeb56fe7,True
2,368,L13,14341921755968393673,1,f3b9641834ed1a0bce33467f76ccdf82a507bb4dc9de226ba4a4239884b5c518,True
2,368,L31,5484647558007186962,1,d3c4bea9ee682434a9a84795ef646b789a42ce29c61d1294f2f3a339bcfdf134,True
2,368,L23,10874827681846407750,1,cf288970d68024e839b660ed08e251ce8be706a570a3221d5c6c4f0ce24b55ee,True
2,368,L32,16806288259676164412,1,245a67a4857d74138fd6192932b67a2c632cc2117afc8a4e5c18d2fa35442902,True
2,369,L12,14723309918041085434,1,b4e7e025ca8d6d6b778e09aaf04680f2c121e6f8a77f39c825de9f8c18b01d5a,True
2,369,L21,18194578289555099150,1,695427c4079d37e8b0bca6ba121e33ae5496f5390f1f3bd6b6cbc8a92f9d2973,True
2,369,L13,9393158981403843394,1,40978e30ba0a9339cd0c2dddeb0365cc3203ae4136a229f24d6a06bf1332c20c,True
2,369,L31,15842998232159767848,1,2a655e39ea3cee7375db3acaa7b661177588c62b8cbaca3f68e5aeeed1fa4e5b,True
2,369,L23,16052910746631993032,1,7ab0fccc653cdaaf3c93308810322c9cd6533c7e07923d98cec43025bcb9a68e,True
2,369,L32,9504736713128336646,1,9e4ae8157a10e74eef4fc39e02cd0a2a9266605ff1e4ab8b84ee8c766f46bf9f,True
2,370,L12,953970683615425312,1,64594d0fca5db7207591e0a3f8f9d649e23212bc4133065709d76224c430f492,True
2,370,L21,14878523467825825640,1,58719bb379dfcaf99d516a1b2859e222208210d6f701adb62ae9df98f9843134,True
2,370,L13,15122836189131034139,1,46bc3ad663e6c220fd85f89c299b19d0e66715e56eabbee33ec165ca347d4e29,True
2,370,L31,1852669681392507974,1,253e34b32d3a9d3e93445cc88608769af6d545043301555a4cac9ed5d9fbb4bd,True
2,370,L23,15348713813516288780,1,5d156d19cfdcc37b63d4b02fdae130ccf394e987aabfcd48e06a6b2182cfc09e,True
2,370,L32,14720510060592910320,1,2de1b9ab68881ca29680d1066a0c441e13b5b2d645bacd6252b3f5041991b3b4,True
2,371,L12,1695281610179956782,1,b4f1153aecfea44d2f7c568808401b3f0c9fc757d5e35f45acfa75b077f335d4,True
2,371,L21,18114420552683694363,1,d7b0779f35aa7d1737aa0c5939a0ed2bce6a036a776e26275ecdd07c676d9e93,True
2,371,L13,1282638243786765408,1,9b1230694d5a5460b9080145727594fcf085dde98fd2ecfd6a3acdb585a715b9,True
2,371,L31,14239138496302395728,1,c1a35cbbaee52ca0a030d2811aee6bbfb35f66a1b5b1ba8632b82f244ce4e690,True
2,371,L23,17098426615202924258,1,9a079c00b583696c4b7166e3a676d5dbba4285468f178bf4e5533003f71bb4ca,True
2,371,L32,8779885390431701212,1,e7cbfe68f6feafea9a696a66981fef33bb71c7f7f8edf3953fee0b551405d43c,True
2,372,L12,2811333788321459152,1,06e07793ffe1ff6d4f53a4060aa7d2777c0f359c0a942d3f05f4b295c85915f5,True
2,372,L21,8636453527424210389,1,c413e2dcecaf5505dab1d7ff62f8bf05f046b4ca954a16cb99dd6c7f7abc0641,True
2,372,L13,67256476023059733,1,26e281daf69a770148e9e3f605c3ee1b40275bc1758aeab8685ffa3cabd3903f,True
2,372,L31,16665387674290147974,1,0b5e7c923cd64b51115ae5c64fad0af3e3be21117e7f812d5b226048a2305dc0,True
2,372,L23,8757695813664541606,1,a979912bfdf83916c57d5e047a28806accd9010ab9a595045047469baf8d8dcd,True
2,372,L32,10606445548423436750,1,f5e43d0ecb79f1fe32cfca016185d4e9f66f5b695c405b0fcd680ed2e5aed909,True
2,373,L12,9902966760262032047,1,e418ebde503343ec7835ce4cac61bc58505dbbc68b526f749c1b2cbafe5864d6,True
2,373,L21,17164442842626611385,1,34766ae1f4b31d16fae2242be3b9386cb8b51dde75e2ae0025e17de5cef95db5,True
2,373,L13,15022353493889575554,1,fb4e36968ef26e08ed31defbe4e06045045a5fe7af2248b8e5091b69990edca5,True
2,373,L31,6435973545149316144,1,dcc4a876a490f765533f95fb5f7efd1a8829c1863794492cb2b4288ae2d52894,True
2,373,L23,8766084372142677495,1,3ff5bbb2078ca60d7b3b7d8985aee5ddd0476b60bb531ef0468ee7f87ff407ce,True
2,373,L32,5402616136319870160,1,88f5da0ce3021be279865ff6453f6cab7b5ee488fbfcfd74a285f98d186fdc8b,True
2,374,L12,4147829576579417678,1,83f3c09e42bfc46cd54711550c86beca704de0071c1d66e6670966701d3b107e,True
2,374,L21,13568646841666429352,1,e238961e11b7f461a4cc27d208483af511aaaeff0e8721bd2edfde023394c1b5,True
2,374,L13,12691025130825401288,1,a34113d60714f45232bbf81a6f82dfa8fb6a8980bd941f47b04720d3b2ce305a,True
2,374,L31,1800265094688186254,1,c5e7d64c25fc2cc894b27b64b5e8d5d344dd1861567af47f239e2e321969e5f7,True
2,374,L23,15085316703277117027,1,0fba102f3a58aca2979931b22c8ce2a635afd7cf1b37a362ff48840bee89d7ff,True
2,374,L32,13695953897584155521,1,2762b1007b5b51eece7941eb825d3f368b59174fd83c4b06054965b4bfc4f537,True
2,375,L12,11423518771273770975,1,46e650242daa866b10fc4a13e92f9e61b320ef8183abda54e0a7eca5659a6e19,True
2,375,L21,12979474729257056678,1,06a984adab3e95b195547217df7577e38e868ec95d3d608a7aa31aaa7e1c767b,True
2,375,L13,8490243778946928376,1,6fe14da06d70bf239e31f090623e17d4b113e9e46e6cf59802abd5f499f25a79,True
2,375,L31,3528702497914888666,1,0ea7840e4394a369e32c877c3ab52d341d781fb06165ee5fe7c87b7548ff70b1,True
2,375,L23,3067821546538538598,1,12f8fc75b3a238b263d3eed419bf892b5cca1689064aaa2c89dac5c86ca79502,True
2,375,L32,16461252709197333198,1,14e361e4ac2ed38caa55514154df394b737068ef9cc5a8c59f4f9c3fabfe19bd,True
2,376,L12,12610740501942182204,1,22d800ee743c8391c8859f7d51d5d02d0c431fd935e9b6a069860d73093b5c6c,True
2,376,L21,8002692808651984434,1,87cb71373d0ea68fa858d578aec1ea03f97a3c28984ee9a5adc765eb54c51dcb,True
2,376,L13,12802444529359229267,1,c9bee5f417b46d404fa9735a15088bf263ec0abacc796325edbfea41468ff120,True
2,376,L31,9792550938907021192,1,ca250a3781b32b516f1f2a861eaedb2efb4ddb29509bccb57363d81feaeaa2a4,True
2,376,L23,17659962055222494896,1,8af02afe775c86116fdf8ba48f8c8485dba6c63251e46fa557b354dd3f98c924,True
2,376,L32,10170127410558450760,1,fa135c49941e51c31185dfd5b0e0108455fd9e618f982d1254bd4147a6051355,True
2,377,L12,14797496742281023521,1,b4b12b8b632a7e46994e825f61c784218b1a724500c4e1bccba607c492afdf18,True
2,377,L21,8446001755522008199,1,fda1006d2d532315c538c2113382807d1ad2e3e8ca2d54718255f9977f131be1,True
2,377,L13,17160319165187385380,1,00b2ab274d43de05a593b698649ca5b6d2a23796ded6ce3af22c061a62aeaa42,True
2,377,L31,13510304308625213449,1,82de27857ba60631cc5f0ab4890d9dfef6eb3a1128dbacb855271987987fd5c9,True
2,377,L23,9186763820817882297,1,56bf2bad33cb16aba024d5335461d116961406657b4158016e580c5a0d7d0f00,True
2,377,L32,13818645131842962621,1,e46aa972196dc495e9c262a27123d6e8fa2917e62fd2529f2bc7302b9b40aeac,True
2,378,L12,16128350753585353650,1,ff20edb214e5a9b6a81ddc0e3b73ec4e832e6d9b9662967bccd933bbbc33a84d,True
2,378,L21,3260147471615344478,1,8018f268d38bf5684101f103690ee8e362876c797247f53d2e8765514334d687,True
2,378,L13,16608134696158264432,1,1cd84cf8807f39b1052e04ba6e0bc96ff87c7575225c11abe92e298fda0b2ab3,True
2,378,L31,7429794761932812628,1,357899f215b64441efa2aa9a6676bb3515f5303121cc4bda6e525d7c1a02a8c5,True
2,378,L23,2521445386441897046,1,7d86f80861e456a1aa2c1281514ed6898192748d2c2bde2e3d37c66f6f28e105,True
2,378,L32,5793389984651108726,1,fc368dd4cca23df859ece4d2e86f7529c41e8b85fa719a114dba254842886c90,True
2,379,L12,17072323106179191135,1,6ee240221cdade5bb1e5b0ea33589616bcd4db4b723727fe670a7cdb07785fe8,True
2,379,L21,17068297085903486741,1,8f7e7a14471ee0ca72e20ca047e01c9aeeeea3918b02eab32e57c35722bd792d,True
2,379,L13,12875673072103257815,1,771815c56cf45a4ae56d69619d93a67f0b9c73b91c9c22410f90e55177e126ec,True
2,379,L31,10446256221152179493,1,9f47b3a0636c569fa00d18508648a73b8c436b650a5e729b2245bb346e57e4cb,True
2,379,L23,10505170462806845256,1,fcbf0fa69976d912c602ce69847985da93a5523f0d406cff17786ecb99030fc8,True
2,379,L32,10098566939241046356,1,503faa5719ca74281924f6da55aa80f5e115df57bb62911d6f41f4cb9a9c1e8f,True
2,380,L12,8948787425908204273,1,19650e85aaaaa30c52062ebe91d2c0da6aebddfb90f29bc0dfcdab8c7a48e30f,True
2,380,L21,6756440561932004858,1,b03d1de3518042c5974e21798451bbca988989f8d903b88c5d8658f16a2c551a,True
2,380,L13,8154491821883455425,1,e525525909b57bfbb7e860250b500c13bf16f866208c47c4cd48b6f8d17f72f8,True
2,380,L31,17289895984351191609,1,b4888bbbb0f2e1ed4f857b14f213e130f4b11035dc0e698cd91ce91d52326fc4,True
2,380,L23,8380993047126858138,1,08067ffcbe50f6872a6bf3aaf20b6e6a5c8491c0341756c2390212659675517d,True
2,380,L32,11240689056027897246,1,c802fec3c5b3e6dd69eb6648b6db5d64c1817fd082ef50f99ca746efaf3200d7,True
2,381,L12,2462329103110004810,1,ea59e26836091ef8e50898ba191cddb0aa7964cc86fe8c1a076a2ce7cf58bdba,True
2,381,L21,3007555997669655246,1,49443c49438d6a8c7e66ba2ff7ca93e51ca110be1ca53793ff631e3e5d0178d6,True
2,381,L13,17039352379028081823,1,5f786b5f1b947fb9b971a2e09c520b3aa9811aa1b80d8c53d09b57414e14b534,True
2,381,L31,8341511499659903582,1,30f51d07aa81b1d64d41fbeefdd79105e8126a6286546ba7bef2eb6e2a29ae25,True
2,381,L23,16889801680282448359,1,25f4276082bca0f4f9feb631ca21d59b35c127d7dd90af9b4c3cfb3386f970ca,True
2,381,L32,17528423578333190143,1,2060fc07d9e5de97b681fd01296568b58720f25402819e636c2e5a26ae3d4dd4,True
2,382,L12,2468745359353364568,1,8ea9210851baa0aee7eb0c106454dd0e78695f26cd421772940ddc33ddb0e0b6,True
2,382,L21,10060434375786491500,1,325c09a628c4f9640ef1e3479f6835186cd4aa706edc6c7a0bf1042fcc3554b9,True
2,382,L13,5362762462581041273,1,106e623a11a18c40497f32f85401b945ddc84fbba95048dd2e9e18a8568bbb63,True
2,382,L31,9793356102183446862,1,dde81ed56157bc5f3d9d8829d09894126ff794e637c3c2364ea1e8c6203bd7af,True
2,382,L23,12112356317096594294,1,cb1b5931b36729bee80beb3967901459933238939fca36c7abc6bca561205b4b,True
2,382,L32,7093540721848064210,1,3f1d2ff978dcaeb4d08444966af7b1b4e302bf93f3395bcef9ad4ffa7a01c4ee,True
2,383,L12,12407191938559642010,1,f3408354170b8f4b11992b25519b8fb16129f428d61515337ad7a4da8dc823ca,True
2,383,L21,9080829129469560168,1,4a0b1a2313f5ad42a935bf4fbca4b73078811aa62f920c3af9f753445d7cdb9a,True
2,383,L13,2470646932860099662,1,aeecb3a3576a234a8e77fe6d4fc74653341095a149cf3eab453a46afad84f3c6,True
2,383,L31,11060776997475874946,1,e7553f34698404be2bddef4211a9887687afec26fb75eb3e7ccd619c8cdaf105,True
2,383,L23,16011482543402457996,1,4edb5c91d614eb7d167fcf54bf9e577a9112494afc85a9be3012d233be1bb285,True
2,383,L32,15085010274250210838,1,eb922df5b88d9cfe67070fd6888c778a66ce414337a308e0a9598ae39002523d,True
2,384,L12,2439174568007586781,1,3b05967b221ee3d300448ad7e3c36607e4402c59e914c5d4769900ff5cfcc178,True
2,384,L21,16745055497772831279,1,835bf15b118e3e950990febade751b202595f400863a1fbb61134af031256d90,True
2,384,L13,8858048686859664706,1,fc6376e6c1c35fce6dae0df4ea2b55cd8cfb9a002f23e7c8b50cd47e15466dce,True
2,384,L31,18241186597112311773,1,468604b6bc76b5a976e0fd616e7362311be8754f4311441a1852d72727259ebc,True
2,384,L23,16526356363918027746,1,17f950dac0eef7369ac5a9ab20250668ee999e7354f32c341dc0ea9cabcc16c5,True
2,384,L32,13008862798952973640,1,361078b37c11ba8c762099a7aa411257e1feaa7a47ad83e02123c6a72046043e,True
2,385,L12,15591287562640990792,1,8d7c811961c65123952a5c84abdca253e879f5e8675e7fae3594aa99746ef941,True
2,385,L21,1391034053164653194,1,69bd769886d0713b40bc8848222e11726663a230a0cefc18be3571cafde5ce45,True
2,385,L13,12680826028186280083,1,667fb37fbe7b2d3bc344182d6c8978bafdbd4252c4bcb682f93cbeec1b18b6c4,True
2,385,L31,1714409170652944899,1,481afc802bac115b4e923b37b9082f436e481e342f8afc148474208eb44ce9e5,True
2,385,L23,8078292930696414205,1,4996b50ca76f7754c0ce2ff031ddec8a85bf303a6b9b1c0f2c647c991ff1a68a,True
2,385,L32,10978970594512403690,1,a94d7d4515ea66db7d7b0e2be38747d6ad62287532e96cd425d852f0c84a0e50,True
2,386,L12,16697699630801859762,1,1f6f8d14e1bb79c03bb48597ad6d4389ae8569341c4cabe188b53bb398f98694,True
2,386,L21,15019240246787110713,1,4e9e35b420b26a96d3b93a3ea614bd303defd6c331b1cd0c8b7c171e5322445c,True
2,386,L13,7014918122790190320,1,df398e115765073de89a5f02dfce59228ae7a417775a376589ebcc95e383bb47,True
2,386,L31,15099160200886388782,1,08e473c1dfbfd1a84c9a0496217c80081bf93479833c557f94aef9d55995c728,True
2,386,L23,17295108027686913172,1,ff9df7997f6f22b07fa3d10d7a54f67d680da3d630d595eebe7044f9ad46544e,True
2,386,L32,7696113178449050166,1,68eda8119a4011d9942518277d1b3f30e5bc839fd552384c067ca2a85deea608,True
2,387,L12,3509454634475366696,1,ce291a34b7b6696f5fbddc0e2b03dd9d9216b184b5daf25a784cc54ec06349a7,True
2,387,L21,8532389219065092691,1,7b262fa80d38d74bb3d490b4d2559a07dd8da232ef2cc167b620eab1a3027a94,True
2,387,L13,15052280802562473008,1,3fda2e7697940a5a0ae5835b6e4f57fd0ac6d7f74322ebb8557a3d146ebb590d,True
2,387,L31,1816598487948226090,1,fe14d66d8dd2ff4c9b8a776d39209c092b34df4325e36c7e9d071b2169dd00c5,True
2,387,L23,3908073179042129055,1,189b5b363827378fbfbbacff9ddbeedc36c263d060bdf7879ca3094889b0ed29,True
2,387,L32,15140495869967268692,1,64df34e03ada1521879a0ffa2f4f28c1a3f126499681c76bacb1379f488738b0,True
2,388,L12,6590813676428846935,1,68ba7962a9efea2154bf51e67e1cbfb55f6775a16f2757f68512d732b211629c,True
2,388,L21,3401663772109027225,1,b872bbf784dfc46f15e76d7f34bf29c9a05bb6eaf26e4be083e040561b599e0b,True
2,388,L13,16297276302015263460,1,47460d99ff47be8e3c1dd3ca3b002c24668da9c89b1c0fc7fe9e48a8697483a2,True
2,388,L31,18258590730205562561,1,b0717b3d0422e812e1783847647a3b4467ce152e19ea0fd8d6e9e6976cb554aa,True
2,388,L23,12493158769651596980,1,6c4947a2e0734891f99ce15333543e664b58f2fd8785f17d63ddc11e467512a0,True
2,388,L32,10852728483731354628,1,8fc35285c0c1c11e8b579ddb38e71680441b6b76960ade17b6908d885029bd91,True
2,389,L12,15450833500057617138,1,54dfacbff621f3b627324810b7818524de26441182cdb26c8ef90a368d843d28,True
2,389,L21,7107066242800668650,1,33dcca8e1d678c29cc001716a8fe7cf0c26034c0ce1231440d78a142f1a470b6,True
2,389,L13,2813817755549452854,1,c52c8ece563cd5ceed39ec21863f8a579dc3cc22caf759ca4d9cd8d07f76e72d,True
2,389,L31,9196575506215177349,1,2534360545f15aba127792d350dd58b6e76497409d0545baf9dccb777a53b115,True
2,389,L23,10275455541885263628,1,4ec8eadeb1fe9c56eb0dd488c93a47a0cef1ef57d36bb9fe579c38fcbc027cc5,True
2,389,L32,10124525119219716592,1,873c8fc758645dafbee36ed849066c26e99a1b75a0a2abfe0c216e46767a779f,True
2,390,L12,15764884925594420696,1,c1de5f84f58212e5c82197bac553a9aa4ed49ef6b2ac004badce579ac61db9a2,True
2,390,L21,17054959419703494638,1,fa45787b9ff110877932c7c54c7fd53ad4af93dde149be1e7e7505f0e1fe7235,True
2,390,L13,17596532881836195444,1,d9bbce0b8e7e8e655cea8b4e463cf2b413dd44c269a84574fb494abb3157641b,True
2,390,L31,3400990999501038406,1,f60429f2bea2f49251ae9a64acc9c5e9370fd0afefed11c284c5852c3dfb5f50,True
2,390,L23,12255248631226850073,1,f20c090a895c80a9465b0261c2d13c5985321c0dca3554f26dd678da2f5c03f6,True
2,390,L32,9962872064414953405,1,65ff88514a4c31e2e01bf6383380170dca17de6fab0ede3273cb01f09ae6f6e4,True
2,391,L12,14768674192730076405,1,ed52ad6b0f138e0286a4c7439e96a173430c7d99f865367f1054b6b6983ed2cd,True
2,391,L21,4397258867239719008,1,9fc762272a988c1e624612fba8424013ee96063be46dc3d82733525c28fc863e,True
2,391,L13,11782414301453870161,1,843a011ecd5e161613a47eba9eec7c50ee0f56d5583a5d4dd48716f086d75269,True
2,391,L31,18289763591089913750,1,3c6651df21e099d07a4605741278e6fe8e7d275ed96838c5e14ccaf2c57ace6c,True
2,391,L23,12687694511127789591,1,5303f53f0a7e4258605c2b2cdbd85b24c4162cc873df4ce45b0d9a4c30cc07be,True
2,391,L32,12162755595835106941,1,c69f2d1de044b9ff26607f57c987794c9cfcd1b60d7f916c8de9325c91f2cba0,True
2,392,L12,12454403959862273338,1,f812836dc6e0fcf6b7eb096057c196d5760d00c6ddc6fe013df6b5562c403d97,True
2,392,L21,14238221230105610178,1,a0bd4d01fd18c7361b8a207e8fab77f58767f1f12e96187ecdeede5d2cbc17d3,True
2,392,L13,6054520716073889025,1,e9115a233f9866ab9fa7046daf15c364ab33d1b813dd03265d7fb960dc1429f4,True
2,392,L31,1978618481028158540,1,026756efbfa8489d18861c1dd89ff266269d1859358990d956377e5451add34a,True
2,392,L23,16360513837126961356,1,d7492d185b6de4276b991ba99e6541c229faa93d242eb4df2b0ea60d267c7e84,True
2,392,L32,11943609141115654433,1,91d924bbc677712f1b9ec089504c6593c8569d5a607f10277447a6692079aadf,True
2,393,L12,9490597736356802809,1,b761e08742deec6e110a4dd65dac5ef22d5d1d058bd358d969d303aa90a53f10,True
2,393,L21,17813995776711216205,1,6047a4120feab490db7ad6c10d550ba6301e869855db5d6d33305ec093584988,True
2,393,L13,9065862331626336640,1,dea64fae09fcc8de33fd47b0957374546141f50859d88b2d19861f18cc35bd77,True
2,393,L31,13191812973524863476,1,26f73e1c3acc28af380691a4f14d19035136eebb17ed6b2e326508e83d4b7cd7,True
2,393,L23,15035140911678811966,1,423b013c7a13415fd7bf0fb7c4c0a53165704b8be50f14497053bdf20312a3e2,True
2,393,L32,6393785557319271908,1,0f856ab3907ed52e071cecb1a4f4d7ac66e3752427650f2287d6d70bd9f335a1,True
2,394,L12,4780985838284083868,1,96f2d08b8c879942ee945c0da35c6656820cef42443466f631f45acb64a90a6d,True
2,394,L21,16236921806080378545,1,a8288f31383061076778bd45e5e438091c6cda7e8378fb27d389b61155273414,True
2,394,L13,8320927838153690648,1,85a7706c6ca3b5519b4716879f75b0e42fa18f8399862cdcce7888cfc85dd7a1,True
2,394,L31,16662419057454908482,1,fde735103bb93f44a71f84df7cf57938a2c846da52126025f25d5712d8257020,True
2,394,L23,4463458820422800201,1,1e8273b63d03ca933ed5f4eca4a51295a0b562b1d52c892aaf27ffbf981505f3,True
2,394,L32,10818228391975339915,1,b54852c30fd4ee68110657ac4d3d53d470602725e1b4b2ef1d9ffd67274deb09,True
2,395,L12,16263607140868026912,1,38a374b030af50bf67b801d7e0f02bfe27694e9d78c6a3ff667fdbed840042ad,True
2,395,L21,3350620441872586674,1,6a831dd17a529e534af08d296d3049d71ce6e100c1bd88beb6d4467df97ac04a,True
2,395,L13,5122989466506344169,1,c18524cea7df836f199eb10447e9f17511d3ab7d4859a3ffc86b84da579fd906,True
2,395,L31,2497798968077349923,1,2e75fa675597da7d4dab207fc082bad047bc2de9ecb1b35163566ba32b5ec38b,True
2,395,L23,1320986089051846838,1,30b4873298c33ee2d4c46c16b8a48b670bfcd0dca81f9415821b874349f3ff56,True
2,395,L32,3315224456166320323,1,d6c2e42a9cf9ea6c99a06a4fad7218415d594c454e948a1cb5aca50664a6ae8d,True
2,396,L12,9019418451604379299,1,efe91e3b6977bb1b4edd2aa8718ada212f34c4a5d34cfae943c6768f01543640,True
2,396,L21,4001281505599251483,1,7f42fe98070d2538169342176ba3c4467b4a128834023ae144369a14c76f64f9,True
2,396,L13,6805778488690487723,1,43784c8584e6cee80f70528e0bd60f17b4f83ded9f77ac732fee803f0123ca46,True
2,396,L31,7202274787798939860,1,46b3f04ae670f4bf3ee19de1936522d96e85d5b07f1115b95aeed1cf4d5a812a,True
2,396,L23,1009184354254917524,1,12b3f62f2aec710276f0eb7e8514eb1d54141ad800e0cf03ad947c3d1ee8c1fa,True
2,396,L32,17843320158847870619,1,b6923e1290ef5a6f2908934bd6be5c0cc9789fe266cb53a2a12c4aacc9f0c53e,True
2,397,L12,7168435913620667088,1,fb03d74aa020513474e552ef16987301ee6ad7d4974733c16957be0cdc4a99d6,True
2,397,L21,6958385713990008172,1,5f422c66eb22d8e2eed4e50ecda0acc84a457457434b947c6461798c0cb54276,True
2,397,L13,13937452500246023778,1,c5580c68b13cc0e8bae470f2a9f61a8b37bdefb91ec9c5690a60ecf0dc371e63,True
2,397,L31,7122514850983564815,1,656164b6a5b0388baf80c5d81742293a802641441262dcfe5c7f4715f17fa920,True
2,397,L23,10068528108458644288,1,aab0013b5c2d52b9c7a5d129f68912fd47da04681b2ce77fc91ffb4e793dd7c3,True
2,397,L32,13353891134182166024,1,8dd1c03359dd7b9ce467d661ef593732233634bbbf9d561c0aeb97ca99948a03,True
2,398,L12,3339585696370637453,1,3bb50275d3d95c980332cedd012cf5728335b022ea45250442e4dbba2c2df9b2,True
2,398,L21,2126152440998929848,1,35a5039f09f91dde262481687da80e9d67d91700a6b7776bddcd586085bfa895,True
2,398,L13,4487533454945040427,1,1db006fac2b5f59cb41554f6f368acab2464fa95cab871d75bd6f43c82ca82a8,True
2,398,L31,15377780016135092428,1,b6b99cd249f408a1b18afb59c5d50dd5258885dea6d3eb3a981fa8909abb038d,True
2,398,L23,13924352695601798714,1,37dff35f78d17aae26d4523badc5f4a496a8a6f5e47667a6be6fa46da1fb1657,True
2,398,L32,16608367995928428693,1,3febd02a3b3665034332a06611e04656d302c1ea1ba679b80b516f2d77e87464,True
2,399,L12,10859172242095528056,1,1e3079ad7de455e71e551bb8001d3a6212e880cf94fce6b70a96fb2744981ef3,True
2,399,L21,8091042632417119034,1,42752d848593c92db77427a4e517941c748ca1f0fc19ab3523b34f46269f379e,True
2,399,L13,15415786830272503073,1,1a4c8435dea5a69cc7fc48a0df9bc327f02a32039804f720c9c6a5481109164a,True
2,399,L31,2713105093246491009,1,15e7197cf7b1264a1ec4006639e0a54eccec7d87b7ef4d1be8c9b01b214c3141,True
2,399,L23,6089863756398503089,1,1072a01380150443257c1befb9ba54396145ec3f0f1025a90258ae24729b9b2c,True
2,399,L32,5486143790990516263,1,1af7544acd6effa81d753163b2443826acdf1d998405b7ff2a57605ec7d92c7d,True
2,400,L12,3737876123929846861,1,1a057c4b20b37429276dc401d924c003c0ac19bdb2497667cc1068af48c8424c,True
2,400,L21,16713661065698778578,1,58a838ab67530eb5a47155aac44e9cec7d34681042736587d7cfd75f0ac0b066,True
2,400,L13,6810023702748112870,1,81391f932b0974f7f2d2dcbac5710b7109d2d588a676310f2fcceb59513de545,True
2,400,L31,12964399278033975468,1,db3bcaa8ddcd2b6675d60869dadcd82cb7e6edf697d07890f78565bcb1d1208e,True
2,400,L23,11285141627300508302,1,fe6c6f3ac8f369e2912656a680bb3b65d9ccc123b5173c54ac0f84fcd6f1999c,True
2,400,L32,1538871240631097490,1,8d010b4e6fa2c4f9de820d8589875e9c09060b4bda13b4353c08f6101e66c2c5,True
2,401,L12,17421838695340669694,1,22567bb2b0cbe7283066333a20fd76c189fc05c0ab04e65c91846ef7eef01b43,True
2,401,L21,3496668402142136323,1,cf32e09280f6e2beae1945ce1e29ccca18fb85e75df51d4916c0f7840eeffc14,True
2,401,L13,14661331547434009828,1,206eec9fcfa5bfe0ed49f8c6cf9d5c49c94c5d1f4029100526efdc0f6a21d983,True
2,401,L31,3660353659499275910,1,61bd34f11b72e1feca3e5a98bd9c1876fbe9a6496d1a6ad06ac1b14d8e060211,True
2,401,L23,18046468043493339206,1,29b535fe7e77b827f5bf7c6d28173d5170f93e0646ef568468346cda9261e828,True
2,401,L32,4198369346174280188,1,1b7d04b602d1383cf11cf20fc24a225699a5d061715c21373c61b83198517ffe,True
2,402,L12,11759771797350276314,1,937d9feb933a77ab9b002b4728b69eb58c27603034fdde8eeee2c98b62c6c5d2,True
2,402,L21,11910013337279405758,1,9c40229914ab194578878752bf8d974831105545688124faf14fb56604aa6240,True
2,402,L13,2566823538079617004,1,dcc97706b0e8626a36a492a24de1bbeb1ffe1ffe2ed61f1158d8e574af2d3a06,True
2,402,L31,6303249424588460666,1,dd4343b53345ef1d30609cf33171d6fc1048b4f2c8461167d98fbd66b2b7551f,True
2,402,L23,15455899676674168061,1,cd4407caab378f7eb4e9d9cf2b6da70de932d08f9904854b36df0a6134466472,True
2,402,L32,2981006147363434683,1,1f8cd38c51504b024b9bb0b77e1cf86aaad2da8c55288c8b36f1c82f43cd615b,True
2,403,L12,18328122238934717380,1,b8382f4d0d4543cc71d5be4a139bc5fc0ba075a6aba4ab25b21d4d109ae08232,True
2,403,L21,6236713328738266616,1,51b7bc3f7786ba6c12cec2219142609fd1579641bc86a1c1958f1f719b3860a5,True
2,403,L13,11327972663782343858,1,e9782160602161e1a6bfcd6f8a6af203148953c7cf8dd0a8929a4b3dd9335f04,True
2,403,L31,9220859643886412295,1,577fe16f1b0092d3441186c6afd9b5d812147777d580c9c3c2dedee6ef9d8539,True
2,403,L23,16776379806837311615,1,186f6073f42eae621a0ac21fb217dd144909b16b6cfa663ff395ea2476ee4646,True
2,403,L32,4347529927272485463,1,a2728d4a016459e5764c323ad3a21e3e9cb130e5b65813fe7a48c001f77e5006,True
2,404,L12,446909294625170990,1,3c15e29cdb9c10cdd1f6ecaefd60df3544843d2421c69e16692700c83b439c95,True
2,404,L21,5882271263128366861,1,449c39a1e3127469145e930b35ea6846cc67bb34076701a96681c67c1bea507f,True
2,404,L13,17664564641778049916,1,4e828a6f3c222626fc8ae34738d2b9e3c9f2806c74c6edba4646ba78149dbe91,True
2,404,L31,2925684264514741301,1,f42eabc4fcd122744ad8e5ec0d721ccb74d4395905733b04e3913aa52afd8c00,True
2,404,L23,1725543055110803451,1,0ffd55799f37f0b9611d8d0b1ab4b720a6f1eb579bfee4d86b4c63405c6c4e67,True
2,404,L32,3597254448299014217,1,6892b8ee2c84034621b9da33a38981c2dd262107e51745c909767f09afaf7394,True
2,405,L12,17362020657494166195,1,b9b5f2372c93e4a74e49102890bb7ebd131e855d7baad1ec8783d58d3ce5931b,True
2,405,L21,10114151629701265050,1,d95f86c7a818dbc41802359633e8040c46498ae4bb132798cd6de7155e9ae5ed,True
2,405,L13,15012536124637747845,1,66537d01e6bc1ce050ccfcbf8331e45afa49555fdd0a215c82e530996c2fb3a9,True
2,405,L31,17486962284505207885,1,dae48c2d8a1d68e757fab34a5aab01e5fed2ef1dbb5ec03fa19fb8dd0ea48b33,True
2,405,L23,14540203220687912492,1,b657e9b7099dd78ecc06525f9d0a97a1701ca913d0e0b10951232008bd4285c8,True
2,405,L32,15428390617738694495,1,224af3fe55515c125aba7c9dbabc6d6ae1fa99ffed4123c013fbcc5f66a64b2b,True
2,406,L12,16462711318605872964,1,1271ef4a53d725b86603d726b45ee84280f2b0e83a742c76b6c6457b7ed7d2c8,True
2,406,L21,11592025676013953038,1,983ad7b71af7037e024a32076b19e8492e6290d7e98cb1e3f51c0892e0b923cc,True
2,406,L13,4464215072458477622,1,06df7bf2cce290a0235b36a0549fa22c0f2a0cc7b7c7b9b9a7e0b0217b917bc8,True
2,406,L31,15086275681576220086,1,8998b42b5df4d8ec1949ce31012793f77e9349382773252a2c396255b5ffb635,True
2,406,L23,3142683750549461098,1,af0da974ffddf5df422287518ec8ec9f63462095371359232346772e8e22fc23,True
2,406,L32,10305331967069553466,1,976097688c823f7c651c39fb68ad415a6597d0107c4e96ee25a2bbbaabd218ea,True
2,407,L12,17101048181688817219,1,28bebfbc960f723e3135dfb5e9e57a27073ba681c4ac657d29af6e6e79aa4efb,True
2,407,L21,7222273385834329970,1,93e267922ae0888b248d719b4544b3a03f3f6ddbbd8c01cb5c9d31fbec7aa045,True
2,407,L13,1034535051595403861,1,6b4145c0e223c24aec423f73754cd4d6477cad048f253006c6792703d242473d,True
2,407,L31,16724210970856241763,1,3bff890e4b86022bb909093cbe7d548566f3e1cda5bdae607f7627b77e920b81,True
2,407,L23,12056443017959831563,1,c1bd62662b0f15369e9de0ebb73453d4bab5d52b1123b11130ed1aec9a19a432,True
2,407,L32,14675455007400152095,1,365768815e147db11ded44c07270e18717bb17ce7b74c8a09ad2d1890f1a11bb,True
2,408,L12,16349900258144795420,1,e0ee12ddf5386d2f990a364509a12f6bc1d797a190f12ffee36d7494bafc0ff3,True
2,408,L21,11162243445808921941,1,c10fc8809cdf8811e9bbf9a200c2594eb1ddc6a35d8ed2970f7fb28a71b54f2c,True
2,408,L13,6710557306228235228,1,28f1ee9545ee09ebe9e89368eb3ba37c27689eb7670c633ac1bcfcf254858065,True
2,408,L31,10356231797888844201,1,556815bd7afcd622ed606c9e3cd59a81e9c01e48a5976ada905b40a2c4c9b2df,True
2,408,L23,4248603220800363643,1,20b35842276584d81e8afafda50a386ec9cb89aa22cd8e91096aa2d81af3fbfa,True
2,408,L32,6430835187316582630,1,8bed73d0fef1dad4f432ba031398e4e5262fb1de9658f19de1a478d735105457,True
2,409,L12,2643832011936379042,1,f5c7ed87e900e8af8c77c5872fd58902476eb35effd927e69bc6dd01cc1a8e0e,True
2,409,L21,2706460916283983420,1,161c05262876454aa0d06436cb0ebf01c6f2174c944c91fa9713322a12e7b3ea,True
2,409,L13,15879424640409113885,1,868eceae22c98d244f2856d775d878ea79b503057f222ac0ab3145758016f894,True
2,409,L31,7265901430583118965,1,73163e536828bedccb8a9a8527e70b9f885221ec562ea7798f2d6136a2303f23,True
2,409,L23,4326614943205675512,1,4ae233b798df888b0b0cf42014a87adbad3732914cd3e96ec627f54d8ac80dea,True
2,409,L32,8601011735621250467,1,fed72b260b0859d31e5ff8d9f8770581a5e7fcd52543d49ef48dcc4a7d631636,True
2,410,L12,4120487791650424436,1,2852fa4f6a842089003c2969ba1de26a671f57e7b6169f52131968983c374aee,True
2,410,L21,4870639043508073131,1,4022a7498872eda936427989a07afcc4e9da84f64b4f00d77f063abf7e185822,True
2,410,L13,2043693591562978777,1,8551facb9e1363a88da3643b60b9307f7f6a238ad2c9bd548f6f41cc8f21f923,True
2,410,L31,13164283345612343639,1,74048f4a4c4247c12ebbd742fb8acabb96a8807b1e7a70af39b07caeed8ed54e,True
2,410,L23,9466634907187333051,1,7019f43176ed6194c815f95fb403d1f25c634c449d1d0daffe8775230cd3c726,True
2,410,L32,12153389706755249703,1,3a4d2d9ddc1e418b0d9b49259e9ffb955273e74b980b019b678bcfc03e057249,True
2,411,L12,9501580565935072654,1,e967e4bbfb602c273bdc6c082efb11881e2c05912061bf6b6382be3c1d60bd33,True
2,411,L21,717999344273975111,1,0390f885c5df6bc832d86bf2f9885630eb1d4ac6f168867d004d079358176bbd,True
2,411,L13,7392181805679158067,1,1f594b2db32495a71b2125ecbd07fe000ba13bdb0f86a2897978239accf59881,True
2,411,L31,10518122469369996257,1,1e9559aa4feada7ffb9c4fee6ea48d245a5615958ec0bfeac711924050568505,True
2,411,L23,1865233821251065913,1,e2e20cbd9080fd5920a386ba1d06bc939ee90ac04e078519b454c497e220623d,True
2,411,L32,297407567371219596,1,7c1c038f37afd2f7642e3e9c8bf025b1d41f2876f63dad019ab5d52fb66555f2,True
2,412,L12,627949121043266883,1,763d68cd2bf0fc185b051fd7ee31af19f564351226aa56f3fb9243012195e1d3,True
2,412,L21,9357601830323987105,1,996049335a087407ef063b1d8399823e35bc665af2c4ebc882be96dc9df08b67,True
2,412,L13,4744654247578734607,1,25912ee58fcc0bbb398b59ec67a1c8e7f0abbd0556e4ee3322cb6efd19afabaf,True
2,412,L31,1381901667116525096,1,0933a8cf500677fb5ebe9fcfbd974c6a377b07025b9bd1567a3ce981095c6fc5,True
2,412,L23,15853741493583828397,1,675468482a618efd779bdd9a5ba6af1e17491f0def4e92c93233903ad1f0ee76,True
2,412,L32,13088728854114077104,1,eeb86b5528122e2ee1b91ae772b47fa20d511558781bd1602db37a94b61ae16b,True
2,413,L12,5523537545120928052,1,4e03bdbad7623f5b43941fc721d8b8024d0b8a9d9f3441299d7e79900a486697,True
2,413,L21,14935576194121947357,1,a385c78cab9bfa607c32297a0410dc9b95ce5c412580d6e367b9dac75edd2e96,True
2,413,L13,14697105486416013632,1,4cafc322faf748583cb3ceee35d8ea3f42c1ba039fd5ce7a22aef8b2020db441,True
2,413,L31,10764851216517680153,1,588528fac6f3438e3f4a15be8affa2686883d9a79a63296a83388611159ac77c,True
2,413,L23,12368902228252577741,1,eb6787b058c77806dbce3c742a6be288d65412b928022c53dcd4c346a4334e3c,True
2,413,L32,5445431732438924545,1,d2e010859fc80ac40423445c2c22e071b8015de19018634b908ef646076c5a85,True
2,414,L12,9505206726833148336,1,4f027566478c7d8d4d82de1c2c0da6b8ae20e3d38ba4bdbc0cdf14cdf0b92fca,True
2,414,L21,783466810242056016,1,2559af839f431ed2e41d5c1299b63a772e0dd2a136ac218dcf1b2c8cf85c1cc8,True
2,414,L13,2167394164179870289,1,0f4a23a117f8507e805605f13ae4c18cb5391120abd7165bd9d43e501cf338a3,True
2,414,L31,12771448108634012756,1,e1a4f58a1cad58ed966f43e2ef69c0b210ea5ec3cc884202cde0c8b69e9a9da7,True
2,414,L23,11393856991973066092,1,11d352760ea01825032ceedac55b555f20d727a4cf4a690c32333bc9a36ba4d6,True
2,414,L32,18435334624162574944,1,4ae19196d7ab5d7d7b79518d0fe94b0c5c04d84341cfc2aec5d33d4f7bce4568,True
2,415,L12,5612731651340582481,1,c9659104b47917f67e4d23168d875e819b7c768059e95709a841f125d668355a,True
2,415,L21,1264160312632740128,1,a784bfad0b5bcddbea823f6f484a70d0372126c18ebacc29dbd0052d45c14beb,True
2,415,L13,3227161855688458880,1,3c24a2e6e4617f8f080882283be8bd5be4cdadfd11f9bd45979689554fdc5b88,True
2,415,L31,13860306468681511739,1,577e3b6db98935052ac816570762c07509f8e512e0057216e19d26b5fb7f9822,True
2,415,L23,10576762964387093439,1,628630648fd6773ce4c4a020c04441ee86b78290e1891a41f0bd42a7819cac88,True
2,415,L32,14451636474731737561,1,fb76e6a4e209ea11da7c5c2247765f6b104338fd5520cfc6754a6b2f73562e2c,True
2,416,L12,6867363262637942727,1,36d5e554c210668c800f7fc19b86401fe94c95c626b1dc14f8edcd2d4d711d8f,True
2,416,L21,9034192438470757048,1,72d649acd8e2ff81c2c1e05ebb454ec82e976b13b95f66d527f199fe33f856c7,True
2,416,L13,2862827664720537046,1,9aeb8522c2d1499ff8a3b51f91c00c138fab5563eb3ada5e70298fb1b37e8ae2,True
2,416,L31,9717856560774443000,1,267f78a3e9a43ddeb3885c8c97aacfe5d03359d9b7c43e482bd01b8924fc6e46,True
2,416,L23,15949650795767301093,1,5ac8d0a3b0b9787cb8720bdca8c085155c9b64cc02c8af323d662cd31b6748dc,True
2,416,L32,3904459952452124578,1,8c4a71d1775456806131f9a9a9a04e342c661db1387751a3e5a3cfe1ee00bd45,True
2,417,L12,14292530864115722796,1,fc118a76643f9aa6b99e95dd5d50a944422904e55945db8f1b75fe9ab8f21a35,True
2,417,L21,1797491212406848935,1,ea94e1a04ccf85a16ffaaeacb5ad7cbcc8be630b3522ae0702e834d4e7f071b9,True
2,417,L13,11768334028984329696,1,698c9a6b35df027661519d5431eb9c265e04a694ef1a0f676f3655647a308d5e,True
2,417,L31,11340313598354182385,1,0cf850c4f9f121a9aae0924aee3c9f851d142c067e89da7e3e5e5f1268a010b4,True
2,417,L23,4811612606527793532,1,2a415714a6e592ab887a03e8f1b447fbd5b5027048fb102b583790e6f139f0ab,True
2,417,L32,16362699234729199451,1,c8cbd10789da355b372a70d5bac04aaa12775315292f1e6750d7448f35cdff31,True
2,418,L12,10855354196693531583,1,ab22d7d919724f2bce9d0f012c011aae2dda635e2c315bfb272a0bfaa56ffe8c,True
2,418,L21,12898871439338398608,1,b8809c434fb6d4a7010ced6bfa411ac6aa9454e73c804ffb2c3a79343e110a27,True
2,418,L13,5953956428256749349,1,2f9277444882a34137311f8fbb9ea31d20fa7b48fbe27d36803bc8682b3c919f,True
2,418,L31,4920003533713097373,1,efa972128956bc1fa37760193e6efb7f4a80afebacb0dfc840216b085a639790,True
2,418,L23,10794934245999980666,1,ad641e34df4637f3b535b2aaf97d66bbc6891bd9a28acdbb5cbb2507686e2ee3,True
2,418,L32,16934844768060509114,1,62364b5421b01dd50db454197685880fc2206848c846f260eb15b227fd58f469,True
2,419,L12,11363393969610698668,1,3d7279d54e8f22c88d4b5ffecb4b4b51bb09fb55ed0b1fc484d87142a8ed1530,True
2,419,L21,15523499779701637276,1,776bc5b9a87be73910f84cd2f7335604f8c0153e85804517eb2e94ccbab28398,True
2,419,L13,11699343466409289434,1,8f90459637680fdc52f920b0b08c708c0e44125dae617d8fae726664528d8b5c,True
2,419,L31,2228252209681074088,1,d19059d20681539520e96f0c778b858b62cd01c6deecdd115076b3d039a91725,True
2,419,L23,16948542047892222608,1,ad34b62e74023c245de0d082279bd21c171428a010f4cab1a2886e98894e9a3c,True
2,419,L32,5696797492301162408,1,86f375478a018736c8de1c795857463ce8322c58b939af5438856e4bf9dff227,True
2,420,L12,8950932081575369951,1,135b6c2f102a0f76a41a3a0b1fc87c790a12301f3de8fcc8b2c3bf6cdd29defc,True
2,420,L21,5518317935708632775,1,a3a7d29b975440eaf4bfb7aed7512d1e318f8346f011682c4aac7ba3ba97cbfd,True
2,420,L13,991649501711801801,1,9e2fbae66c5cbd86815265a3fe09dc4c1a6ded563f3b38462828bf67b53d4c76,True
2,420,L31,17273708006374503261,1,af106c342b66b0ece03d2f6e5f246c317924c09c612d8104940dada03c3ac4cb,True
2,420,L23,14418065217675975619,1,e6d91f892230795fda7c95808fb308daf81d4b730fd8cab312d7e75e25b1d428,True
2,420,L32,14152638080254865359,1,c9cc05e83ceb4933ade5a1c4a3a9b1a192f3fcc31cb5ffca144204cf4d98afaa,True
2,421,L12,12770779426797489690,1,05a8b698ae92aca8d3f6bfad95befa59f75aa5e0231f8d4d2ef57cac434f171d,True
2,421,L21,14085101179988659688,1,f940decaf41ecdf0ca4c5ec4340b102da855d69d0f87c3e403d3062cdc964f79,True
2,421,L13,17137842975292041981,1,f3cc45412d7798a7634b7be7debd35b91807e97e0811d693c3d7b032458ad184,True
2,421,L31,10866215043101506854,1,da4187f67f9fb2570396794d665f85ae5327c878b16e9d97a7438d6a193eadb6,True
2,421,L23,3981591418604108966,1,4cb0039e2f6e31174dd7ad85d46b236d1befd0ad5c7330f97007d1701b35752b,True
2,421,L32,7910760314330020390,1,1ee6c6c8088f58816cb95379c2e7237d4cc882b2dea956079c6a5be138f00acb,True
2,422,L12,7031575616984569436,1,39d8e30aacb24c51754bca04fbc81b477bc6a96f1564ab1d69fb5a51f178cb42,True
2,422,L21,11151826504447052069,1,e31c88c67f84130f180247bb024a02070733520b25cc6c16e3a28c56c9ed9eb2,True
2,422,L13,6415946675491113053,1,b95cedcf3853df90ceafdc619373d5c5cbeea4390429df2670091dae40d77c9d,True
2,422,L31,11705775335195570786,1,3fa3dcc270784e5d7e7c9124c83606b3e54bd90999209aaf26d179486eb73af3,True
2,422,L23,16772688755632242848,1,c08b1eeb15f616709c36fb261699c917bf2ab8cdc9b118d843bf9a07acf3e1d9,True
2,422,L32,16552251637222404458,1,a961b1567b2279b3174da065017f7d3e4c78d310c0dc9f31d852642bb6276337,True
2,423,L12,2743533579857753601,1,adaec44d02f6ee170f427828f77747c5d0a6d0bcbd2bde63c7c937682d682989,True
2,423,L21,10041808557793851029,1,309812530619a4ea5dbfe5089149b39d7482554f4a596078ab3a08881d3f62a7,True
2,423,L13,7266697920864098205,1,d6f37c09c024e6ebbb5223c5d14619670f5737e6c5a95c82f534d54b65e6ea07,True
2,423,L31,17665580763608521853,1,cd733f756c49b5b2b8ca418f64920311f0c3d75f14e39714194097d30f9c0117,True
2,423,L23,9242677850976304040,1,36fe9cce173a6503912ebd86fd9ad5724b4659a60abd1c6abbcf208bcfe32a63,True
2,423,L32,7073227973840737124,1,83eb52eb6a1776c0177807ad271a84703e2296abd3a87d2e4b6f5ae74e9048d3,True
2,424,L12,6886300355042349991,1,7e1f2c1a07ac5b2a7f30e998e5a48a325e955da452f71c20632351b4dd1e6f23,True
2,424,L21,16999328887855732218,1,3c16deb78ad6f19b6b175c097d508b4d2e9349c1f3fd9c68644da49fea696329,True
2,424,L13,6377019723556555314,1,7da699f260664e583b513f1aa677afad442f29ef81f98e945eba04ea4d5d76b1,True
2,424,L31,6678347020397961830,1,908f08c2b94ebce2a6156645b68a47b20b4316a73a2bcaf6eb0cc3d742d17a46,True
2,424,L23,6446901885543663050,1,dae9b06ba627bd108321c113af639c131dabd45b4b619c03e2472fd9874b5705,True
2,424,L32,6294435245061290978,1,49c05d308089301dd7644835c47ebc815c2e28101c9abbad64b89204aba26d45,True
2,425,L12,8483282865254765756,1,59dba167e273280ad1182582501adb9949b90131a48e31019de67f5e91bc88f3,True
2,425,L21,3682854168425904236,1,da6a4961b52126d5c387b0574f986d1546f2ae633c82721302f1767cfa9f5229,True
2,425,L13,13200792559306198584,1,c6172c7e83b954776696aa8bccbcd74a3b814b5a6af7b2a8c2457b985487c530,True
2,425,L31,13614349878097024404,1,2ecec166d369220cef3a7245f8275108fea0dcdc92c7184cb1bcd176d4219939,True
2,425,L23,14383309890479996189,1,119fad95ed619922d52b3379ab970aa489e9a0c85427d75892d5c420cf5a5b2d,True
2,425,L32,15536066429272928226,1,36c3225e8662595d337f1e6b8e79868004893dd8b5fd9f81df6101b2e95844bf,True
2,426,L12,12548140740351090860,1,efb083a0257387a48b5f19374e9459bc5466b10a5deb71e99f89d5ddaab8cf8a,True
2,426,L21,10607547176254380153,1,b5a7926e8f0f8b7f1b433a5c960669dabf2361681d303fe2ea45836e000d8031,True
2,426,L13,5806318818766691493,1,85cd61ca15fecf26d82b9b781635599f991d4c172cc33fdc34681434fc906ece,True
2,426,L31,11729156679652459216,1,78d0dd058abc44190ea7858cc2a5e132114866ff7d0c113c37d8a60c02ad96cd,True
2,426,L23,15368856042418193273,1,ceaa06a9deef8cf8b487733c5928d1d219456c731622f5957b040d907a84c2e1,True
2,426,L32,12899577287765181091,1,b72a2c5657ca7e28ecb12b7560021ccdaea06b7883467ed9762bfb43c633e116,True
2,427,L12,11777021953716743302,1,852913101a17204a3a765ca53a44c41694d7e19410e195c7cb7dfeaddd34e715,True
2,427,L21,8269479005821145063,1,ad5a997db88cb92ac568fc2e5eef571da33027e9cada41baa1020a59cc9ca4f1,True
2,427,L13,9903514380667714424,1,21fd137ccca677fe0823ad3bb07ec345516346aa173acddf12cf06f235a849fe,True
2,427,L31,14141691878935421934,1,ad9365824c305325ee24b72461c4c8e215a64c1472688bb38deda3062deccd90,True
2,427,L23,7704711338241875537,1,55b12c5b43be001a278d1843121fff69bd9906b1b2da286ad42f430ecf424f33,True
2,427,L32,7485834291161480990,1,8321e876e29ee5540cfd8be522ff5f6f7f4d55af028945c89fc75732dff8c60c,True
2,428,L12,1411820350926370452,1,7cb807cce0f3348bbdd916770a4a8625995d163dd6b61a6724d307c2f204c851,True
2,428,L21,15940438009133774830,1,4cb415398693aee031c7b4a35e0e52100c6d68043f29b59b714ca7f8a793a41b,True
2,428,L13,16185412692168458813,1,349230a55bd24dfd322d56101bcbb7102bd992a6fae656a7f0cf89f9914d954c,True
2,428,L31,6965461234111754885,1,4f33a264e8a72b125976d0de3e8829698d7ccc2a69890a21ffeb6981797a2c75,True
2,428,L23,1655669686956775769,1,0c89bd3b8f73048a3b9546a5894a0748e2b0aa92355e7964f4c44e66e1c147a9,True
2,428,L32,17980266219656837694,1,59658e090b2fddc334795befd1380869de66b3d92a91de88e27724a5be50d6f9,True
2,429,L12,16404498839572857887,1,3c82140d95f8faf99bdd846b365fd0438f8fb41fdd202bf57c39d58c21df8b18,True
2,429,L21,17738011559218500962,1,bde7f7f53929c23896895b42511f8e3844f3f77c5502174430a88ed9944a387e,True
2,429,L13,17040781217584946171,1,97790458cd3a692dc85ef5c0297db10382885ce0b5e826a35e7e0b7216b92045,True
2,429,L31,13536676387123472116,1,d44fffd0da472ba4577d0a72dc9ded5b5b62e963f105606d48c884260dae2122,True
2,429,L23,16666283505226297936,1,f0b182615e2341f566b1de65a8c6810497d37f49baf50e24bf261c4bd8838ca4,True
2,429,L32,3668647891102404835,1,0a75e8aaee18d600f3c016afebb7ae36e2eae4c40f15fc65d775d9d5f2928fa5,True
2,430,L12,9401038937931371843,1,290307f2056b485b9274a35ed839bdc2e2c6a3394ff5f6e7b135762fb103bf37,True
2,430,L21,9633916520547306465,1,0584a46a1030ecdd55dd5e145f62c636dd321bdc2ae6c1276a197bb5a02c9689,True
2,430,L13,6486860814388289829,1,9d07c590fc187f34b81428bdc012d73b4b1881ea3c6928b8923540e6a02908ae,True
2,430,L31,3528321911099852761,1,7f1221d24bf6f9efa84067c523534b794845e0b8aca756c745ec3bff58d60f16,True
2,430,L23,16450683561059007027,1,1d08950d620c282ec26b17de679742b101f8ebc05f33a7b2aa221adf5c6d83ca,True
2,430,L32,445298009882496390,1,26f576599e8dd54fe646a0141ef175838eb2f39b316d31231cc81681d84a6ada,True
2,431,L12,11607097792518520512,1,e3421fe8987916e3a030be4dd0984c696ca489e01f8f249374d15a9ce4e7b64d,True
2,431,L21,9773215571457597010,1,1697a05e09b5be7ae11dc6e217d7ee898cf6a8758dc9ffb78298fb1575834638,True
2,431,L13,14969488889106816551,1,902108b211a65b97fc49529ef30fcafb7011d8eec786ba1b8b6f3e99c8389b61,True
2,431,L31,7009449360951717600,1,61538665e4a52537dbb3844e7b3cdd7aacc60b379d9bc9e1482cf4fbc5e738de,True
2,431,L23,2111531009901080505,1,9c6983a6ff9e3dffdfac6fe8dac884343d027a9736f8bdcb5732c055e076b105,True
2,431,L32,15482467033071097589,1,127b1285439cc972e8187e4415c850b94b33cfd9a92b7ad3d295c55f258c8e00,True
2,432,L12,11616561189575944134,1,aa0612468f9254ef3c578c0cb31841317f41dcd52b65ec7df8f5384f7b0f622d,True
2,432,L21,1818332786021127935,1,da0536d13934547b53065c6b1e0b9aa9b8dc5f65bbf62192625eba3bd43f31cf,True
2,432,L13,7625567488248791738,1,99bea4ea20fa7010ee0bf6bc2a63937e7ebeef27a663597c1426b5577af83182,True
2,432,L31,11848220210307137065,1,2ba9415babbbeb0c380074897853c8be69f9ec6c3f999899fa213d724a6f04d9,True
2,432,L23,5221939216012863002,1,b5ca6eb919ecc7160de7686860c036bfb231378600af9f16b5e414d46dadc102,True
2,432,L32,3417597045380469716,1,6aa85ba211af05a191a307386adf97f2b838bb4fa203ac0175d7d4288100c08c,True
2,433,L12,18302198373069020713,1,97eb019df58f490baa03f5662d2f0cd462a9bcae4cf22922cfda1a7b01db0453,True
2,433,L21,11471375845217887704,1,9dd9a19998c80cdfdfe9704a172a8abdd2577fd1f57e466a085881ce3dc843d3,True
2,433,L13,17493093338862234595,1,ce6216dd9ad1f5e0b3aebeb9a8e17e687549950885ebea1f65209e1217459b17,True
2,433,L31,4876155487969689034,1,c4ae8f39fd315e9a78deadc5e788474a618492bfaff1ce1364fabba8761d52bf,True
2,433,L23,13014539431438800379,1,2427ca2767bcbbac1179064322218f5bca1dd71dccfd1de3e00d5007119f4c5a,True
2,433,L32,242457646950383009,1,5cd4dcc7adfc500580340aee476fbd2883d1c5fbc138d29280de6c216e9411fd,True
2,434,L12,11256948586551794412,1,7cfb4a8901ed0ddf5e49e3066910b04d3af2786299ce0cc201aa4ca1b31f278f,True
2,434,L21,7384858309754404307,1,a20ea4bd8bf3d8157d4290b404f0ab02e349a55fe255b46eb2f2bfd12896835b,True
2,434,L13,12447382599571618856,1,ba198f335fb8c94d118f6e35aca1c19f0361d5a98dcd81d8c624a29efd66ba8f,True
2,434,L31,1618316090645501271,1,8f0de126ab152ebb41a5f098e4e4c29b7aa50ae87d202dade57a05680f192615,True
2,434,L23,8445758303483547137,1,7ffe5dcbdd23b1b3795b94813efe81343fe14fd4b0d12f84c50946bfb717aa0c,True
2,434,L32,80727703074161593,1,051d5890da6e13a75585d8c8d3832a523c612987b28ed2abefeac13c0a1cd65d,True
2,435,L12,15860564752283014089,1,f8b1d4b56499192ec15012266f5211a69302260e3dcb5a88a8c3a810f78329bb,True
2,435,L21,13498015481423476260,1,fe69f866a047fde49aab9cf3500c90e4c6eb5193f6bd682eec85c75b4d3af301,True
2,435,L13,6219263956024961304,1,10f0cb9658c66b061d522371222e4df972c3f80fd3b9cf11c916ff3bb18ea6c1,True
2,435,L31,4238083447724554394,1,32fa21c3ef44bd0f6c0840a8fe20b9e4e4cd6f1867367be57d57f44f0f762be3,True
2,435,L23,2526830680475369523,1,4e3ad2078acc71b02b49334580e0cea6af1cb19ed9b720c6aa0af51e1b9d46c1,True
2,435,L32,13123339893966975085,1,2e9a68feaefd4015e7e0aafa6ee3494deab7d9c7829abf5c05567f70835ad81a,True
2,436,L12,15510031233250003252,1,64938c85fdcf26d3b10569ce74e06de9cf5bf9fef723b6e61dab97b400e30f55,True
2,436,L21,13977621911690774612,1,6c609a0f77e65d753c088d27f66e7f6384075d98ed678db980206da11719340f,True
2,436,L13,8280745007327443148,1,7ebbc91c98e0577b41c27efd1d135255f6e5fa69843bc8a8181243247465e248,True
2,436,L31,13044351203723206252,1,f89d7b1cb48180c11f58df3830ad860810d65214c11ad0ff9c19e58e96509387,True
2,436,L23,7533851254903094217,1,c1ff7eae2f8b4f411f2ba17917d01dbc00a78c6c708ec806253ec034007d5030,True
2,436,L32,10290727118917037040,1,ddc80176f3d405ac090c6e8b61c143dade05984e75572081d158961ef4c96a74,True
2,437,L12,14581137807068501818,1,794d286819923fd2fd7805153d8f3ff5df53ce32c3f532318aadb205a11377d0,True
2,437,L21,17303543356548686390,1,606500aaed4ec7bd211993a0216e44d886ff6d53a417df11f460cf37b124c51f,True
2,437,L13,9776060069003553550,1,666c02411d9993ce39881cf03c717eedaad71caad0c0c95e1a96d4dc2ee65926,True
2,437,L31,14140527936145837199,1,9e8f2b17f5079991b9c8d45b7ff47fbb5d4fdb22eb2a1176762bfbb5594414a0,True
2,437,L23,9198286326214618817,1,ee7be6259e321c1f406334c6d75451e0f9e5ad707b38012ffce94f1d5346d742,True
2,437,L32,945331105408432096,1,8f810f268bb67af53b29512e4c81563f93ee58867ebf52d2f049928d36248e8a,True
2,438,L12,4846141664433970988,1,d2f0087e78eb33987015dae13c4c1243bf9138676f122cb34a2c92f09a711ab7,True
2,438,L21,12362791864415475873,1,f910e40e32593b989d9aa827a2753ab0db2e2b2df481dd32d4c2f17df031f43a,True
2,438,L13,8163094217938246804,1,5a1ae8dcf032f8275da28ac2d5e534205748d4e0239963b9be8133e6ce20706e,True
2,438,L31,15774628399293531590,1,112996e0c9928a565eff36e6c81f7a7986bc612f0751aa8e774c5fbf386fe721,True
2,438,L23,10471763075724084524,1,de45d8dc351ed000998e0ea0a117890ebde0f43ac6d2c791cc30fe9fd20909ac,True
2,438,L32,3214393161926048833,1,b86737cb3737761eb9ad1bb062a13c6fa6e98bb7b2a645a802b71e37e0513113,True
2,439,L12,14810467489512237045,1,979938d161803d9a6f1de05fe626f3810b206d58920e76f22fd87f18e922cfa7,True
2,439,L21,11485803786623538979,1,d80746ff241946d83ed6719e6db88abcdcc41afb65833e4fd6511aac5119bd7f,True
2,439,L13,2107083562961119839,1,9a89b7d7c5ec32e0cfe6381cdc50968c3fae80d8dbdc7a02f2dd7ef1c472c748,True
2,439,L31,344705099585294554,1,56f737044f67db9a7868fbe8b809b3af27e507db33dab62d155cb2de4cf0ade9,True
2,439,L23,3317425121009011304,1,67d1eca0b3c6f794136119f24a33549605b80201e7ea3348c1501d99be06fde0,True
2,439,L32,6574009781301296370,1,4c7cccbf044b28b7cefb48eb6b265c80d86e9e6ef0868e43bfb91059d9a63140,True
2,440,L12,2799405557656597961,1,65a68e558d1e858a983e59b342a7e015585e9371796f76b9eda4914038e9f92c,True
2,440,L21,2724969875325786925,1,a9c5eaf9faaf38e7854625a2e04de82787585df86de8b5057774ad5b63467972,True
2,440,L13,9667693090791847188,1,d769b9c5b0559a69f034ce96d3572693dc2ceb232b9e060420b7665408094211,True
2,440,L31,1226717992600772392,1,1f72ddc796ce97d175bada7b7dfb6aa8cdb2221353bdb44257ae318a5498275b,True
2,440,L23,7700503514593276260,1,d5185ef7295817193fef579f01d34c6aa87a00e6758ad318cf1dc432fbb5aff8,True
2,440,L32,15475745702194211054,1,ed685ad2944c9fe9df489eceac489ab5975f16c513f4f237674fc5af7c93e99d,True
2,441,L12,2954190979110314760,1,e2814d6685b3d8454d525aeabcf91788ec18afe8920bcf575f64915a9227aa7b,True
2,441,L21,7838538400949779453,1,24db5979cd5c31d9d1156c47ced82848ea79aa4a6dceabad1166966aa4ba2cb8,True
2,441,L13,9532552925727389426,1,0501aa47ec1cd7e179eee7f58b942abebeda90018d20cccf3195ff530b8e8d56,True
2,441,L31,8834314539629075324,1,250049fd0e8760127f83f5c8094bcf4ac2de933f3ab0656060ee7dc1ee79e7f0,True
2,441,L23,1908679647103058824,1,1c2a2c029834986502301a831b220cc4e4e798aec99bfa9d3f72a6aa97c2c570,True
2,441,L32,355026150950953263,1,aa3fda0120f1e8ad7090cfc952db158f05332d56108f9f3c578525d2638a80aa,True
2,442,L12,3568013831735850206,1,0e123e0437d3f7b9e1bfbf048416d43e7f65eb1fffcc00da5416cb3e65fc3868,True
2,442,L21,16606347065516576160,1,97b79238ae6ae10deb763c38e162368ca969dbf28dee3515316c658ff453d886,True
2,442,L13,12624684136308277321,1,74461ed22d1ca77e662c9c79dec058e3bc71ae92da6865fe5e5f16c16cef2d92,True
2,442,L31,3318752008916738695,1,83689a961ce884460c80c2e23a894ddf4d78336ace5813fa2f4a2d40e87d9049,True
2,442,L23,9331414324947599841,1,c60fbb12f060d124de0dfb11e8e0bc08215fe94884eea5fe76a6b4c28114e7dc,True
2,442,L32,12789253569904991487,1,24f617c2a17144f5fa922970a76b6990a1ef9904561a275ebf284405e6008bcf,True
2,443,L12,1290053307368840865,1,d2dfccdb63c8f22b9d434594881f09249777f0537ee537f3c9663eb8ea562886,True
2,443,L21,10330495475929635761,1,397a887dd8b044bbf545eaf19fd75072b4fd0507395e2c2ab23795176fb208df,True
2,443,L13,202585196146618093,1,421c708c19f4be0b95a6ab109a4156cc8171e6efd40ca0e9dcbaf5f81c300125,True
2,443,L31,8468545435477122958,1,8e398567ab7f21571b53c574d72b51fd275d6631ebe544ab66d0a2b31a42b5fa,True
2,443,L23,17345400906623070046,1,9bbafa10b16e264207a7cf0e3cf7649d2e620d00a2b894574d43fda99391d011,True
2,443,L32,16388777428846321008,1,35422fa1e49e3903fb61a7207bac97f6e4baaab3fdf784403aae128cda3188c6,True
2,444,L12,16796441559851693049,1,f21de511c0738dc5d48785fde17b7ce6fa700fa70b874cb79460584a2bee4f68,True
2,444,L21,7625817481872447759,1,43bb08e92646f13a62733be4d65d5a0e8d9752ae0627c947c3be1bb2f19dc3dc,True
2,444,L13,8880293069376260031,1,eb7cb0cac64ccbc141ebe5e0c5bc83e8d2bf5509971fa279fb7333873844019e,True
2,444,L31,12551043427330670786,1,d86e69e00ff1ba4f9328a8c2dcaa3b775456b88a00a7596e5f15373aa3b3193f,True
2,444,L23,10684830451647871004,1,abd53be577aeff736e11512b584df6d53f120da9aa2a84e9273a8b54aa0c21d4,True
2,444,L32,9884855065820074199,1,464b01765edc4cd233c4042005ebd232af738d82863113535e61619314e0ecfa,True
2,445,L12,937457001925257325,1,98509b5c9bb4d2364c50b0ac5614104c83f6fcfd78a20fa3f22772c28e08ff01,True
2,445,L21,17738603167029881609,1,643a3daa4699c53169b04b24578a815fb18e4bc548b467a648a66cc1f9509705,True
2,445,L13,6335322199938156068,1,b9518b8317774710d6fd232f796d1f1be1a950a0fc4791560a9e19ed32177be3,True
2,445,L31,2481420694482522934,1,08186f9a050aebc3e7cc2218bcb0be77efd56f2dfa529eece17b488ea346c2ca,True
2,445,L23,10246143056249544106,1,04cf4c71e968dcdb6d740ca09826df6ddd1a47590f52a9c30b0d4b378b36f8e0,True
2,445,L32,870571147741966134,1,fc8a1fea3c673f14637d3aae8550c72bd834707c5575e5ec8dfe2bb008e80f6d,True
2,446,L12,7789001129213576439,1,ae03622d4c70a52902d4c8a27524548bd015e50e43303176daf1b50c115e6d0d,True
2,446,L21,5750436400640249802,1,3da90f13cd5d48b71da3c6bacd07925b2c6591b2020697a317f28a8d4f0bd840,True
2,446,L13,10039614638682795429,1,1ad5f8845720d8d61ced63c1436d5ace3e5846448dfd1e9e0589da894f59ebfc,True
2,446,L31,18225401390793370568,1,aace9193495810585474d7b18ff7f88cd4ff7f4299c8ef1b5d55fd445985f5a4,True
2,446,L23,7799853922501156215,1,3bd51befa9bd43ecf47a037a10e83f8a35f1ebefb3cf478bf01ac9e2ab3a16e5,True
2,446,L32,10882910600737122755,1,6b913358511f5a0a968f7531e31ff04654dca2d7211d71da3d3c117f177261fd,True
2,447,L12,3578609372631348759,1,ece260daabac332cc953de8e492875efa410015a2e9a6dc829705ed7ad204d0a,True
2,447,L21,18426322001556403257,1,3b5716f59f1b063ba1ce7b4f7113e2624e3e37201e50fe1463cf931b44d2e4d8,True
2,447,L13,269563634584437283,1,e6c3fe1ed003855fec0840774a1b11c3fb970ced0d7e102a5b711188e7e57494,True
2,447,L31,11805452858546093782,1,fcccb464d1fc642bd7fafb59e8359b80021f402307fe13bc6969676bb85d88f6,True
2,447,L23,2105098527762278533,1,05e575c5a677b058713f30e82da7a051d33bbf788835a070f10c680dd2e8b2b8,True
2,447,L32,749888999738234708,1,a15f4956bdb15c079ffe27a081a6df837b89c70448d4b764a4ea8807d08127ba,True
2,448,L12,1661872762959767062,1,b67a9d620e93e012af5ca91478307538bca56e3d019fc5beb7ab5792b629aaff,True
2,448,L21,11632842884088147936,1,ba70bc6066cb42fcf0a41db0d64dc090809b133d30e4bc4e62728daa71e7d3b3,True
2,448,L13,15985926226152382048,1,cad407a4d3526457ebac1489a4680fbbec0d1b3303b45c8b5773323f19c6df6c,True
2,448,L31,11137900853922669691,1,4dabf0330e46669df3069cf3b9cd47bd59441fc1e03f39e7f40c0411b9fd8c94,True
2,448,L23,7183185875280992513,1,f836f239041a8a35f62424c9587dc968df49eb670dd36a236e3a547512a9ea64,True
2,448,L32,11185400501044398470,1,6a2f02351bf97b4af35e84e680e3fafa1c563d5bc00c0ec8b6065ccd142ba0ad,True
2,449,L12,16538719478090124265,1,53630cce7290c6535889f85d35012fb1af6f7ffc60ca365ab7ee3cc68a7ff9cf,True
2,449,L21,13371980733993657055,1,79a443a255a1fbb4e89761de091b9610473b0efd3aafa065bd51d833df45fa98,True
2,449,L13,11263203430892443481,1,449fc2a70982b5bb2c23ac7d8230e2a3abd1415957b1dce00ba248e69b4a2004,True
2,449,L31,1181709825894106787,1,0b7a585c0030a69c46afb7800876f8b523ae819037dd2e56d3220d5d204b6229,True
2,449,L23,15406903600302013177,1,d96e2207acd2fd5c1edef7a8cb7fef9a65699e6a09e96002673813c1326e635f,True
2,449,L32,14360250910305996558,1,1f531df45e616be6a58c51ed4a3acd51aa9c23e7f441b6544c5aa81fecd68b4f,True
2,450,L12,693099428075560050,1,2b7bccc828e98a77bf17880355381227ff8d17c3577ee2ec86140d928e732f1f,True
2,450,L21,7460328713152039378,1,1b1f30da6173748f2d8c9042c3fbe158235d96790727ba5a0e83ee60ff5610af,True
2,450,L13,15510101480469728591,1,baa37d36f5506470d47b77ecda4c5af069e9d07da28ad55421709e53eb52381b,True
2,450,L31,11657376318501345385,1,34d27764082cd3b1cc208b9106028bffd18fe4cfff341e2ac2ab9d24f5edee33,True
2,450,L23,11014645738231997661,1,c3b5b7adc711a255eaf2d1865eafb9a5afffcea7776214c3e6838a0b8d37f9ba,True
2,450,L32,9296472879774697744,1,2e5dc64f03f2fa3a00f44a924bd8aa7d5ec5e882cfeb1a0fa7d6f047e21a0ad7,True
2,451,L12,11063367440357447861,1,07ba70dc6d0e23aa128bb89d9801d8f6b8d1e841c0628a89f2dc2524a3777332,True
2,451,L21,7299605713003862379,1,04ca55d2c8f7eac28676fd0940ff0bee618153d573fc6c8c964a63a3c5bcf880,True
2,451,L13,12312532377485552331,1,ca5dc0716d9ad748e67b06270d6bb3b2a3e574471b94aa8730e872a6c9d4297a,True
2,451,L31,14248150787344729049,1,bce6ec03812284c6300302c46e2851c6a1e04831927b6ffeff5402f9b924d801,True
2,451,L23,17698136657368086836,1,d4c381c6cca3a5b2b2b6cf9df1447726df41e30a14a282453b4e59efbbe532e9,True
2,451,L32,8586262095460909116,1,b078bade6776d137002a88bc3913e1db6536ee3b296ecb27ceaa6e565a80912f,True
2,452,L12,12355066218695148124,1,a05030e515cbc32f59881149bddad25ee0eafc45656a66078de07f54e897d35c,True
2,452,L21,3278679206078874704,1,7fa242f3038fce61d6f8757364dbe266bd886d533a3ea35df8565ed1588e5235,True
2,452,L13,16741826664718162758,1,674a5e0bf5a8f43929b26d0c2f8920f7cf63f816638802b4d4a19f6f2357f6ba,True
2,452,L31,11703967291285534422,1,5742f2c0a86f30b300d8f420fed1bc3ebd47e1598d4d48736a9fe576bc2d5ebd,True
2,452,L23,14178880943722508964,1,612473e48e9135f863dfe50b9123f711171211dd35fc7bc5ee9332dbeb608b91,True
2,452,L32,4101785573576586521,1,4f5e8950da980ddc36dfe0d08d0e8441bf9c91903a3eb112a6281c24b93eee42,True
2,453,L12,4575772331840211334,1,48c85939515896fa78ee5fe11c44617f7566647550fff07d2222211740cefc01,True
2,453,L21,13751081391677318501,1,14ceccf176e34be91d6540fc01ef1cf1d1977500c381be9a63da7b97639d8e84,True
2,453,L13,4851784360602600977,1,9374415b4e71a601b5f89c1a9ad3d64f24ca6849ce67bcaa08c9b926477c3f3d,True
2,453,L31,14455414052378531901,1,840dc81d7debee51eb0cbd4bff3ee8b25f7d420e2f926199d4b3ecca270d1831,True
2,453,L23,10394807050331552290,1,612d8d4c1bde1097099a8284306d44485ec46dc6607b07a2c5c55a977c987ea7,True
2,453,L32,8663229142573778460,1,1a0c191c118d7ce664470f819d4b7fb47faadd70a97b0791d40576eceecded25,True
2,454,L12,1734651582180019969,1,d3ab2333e28c79a7cf160880fce30872ac6f4210782a6e2e30c91f0ca5b3653d,True
2,454,L21,5855681512608855545,1,cba53a0288da9b330c3cd90d6879c293b2a4e27b3b7791a8b34c64bf2baf8bc7,True
2,454,L13,8939508824557165087,1,4360b214407af1554edbdc0d26504b00d67ba8934458358034e504ecdca3f144,True
2,454,L31,14461459924853614375,1,f9de2de4afe6e7ace34853a52b9935bf8a5372d6be47c3646b8ab91858a5279d,True
2,454,L23,9908086493088719859,1,b77df952d4a4aedb22a5be4f4233483639e1eea88c758ebcb4b7e866605dd94b,True
2,454,L32,12024635508806525059,1,1acbe4e5b34c2b2ded34cdb935554b0e0cae0aefcaefb497e963ad4e5964c3eb,True
2,455,L12,282415900886943762,1,8392f26c340201aada098892f15700138195756131bda2663076e8449011e265,True
2,455,L21,8222215560076874066,1,329fcc214255d5c0f91f0bdfa9e4cc990380995df40e966bcfc0f867dd05184d,True
2,455,L13,12171262628050583580,1,9ae13a8520290727de0599f8625dd6f2a89f61f85cb43eb0962e5a09d7780f97,True
2,455,L31,6495272701184068709,1,78ecaf68c1804d46c243aba3b900ea9a7db78ee02054a9966d11e0fc0286a716,True
2,455,L23,4968095999532471189,1,a1b0972514b621b50ecaa6f00d09f38ac34e4ffe1358b3ce56c0e4a0bfea485d,True
2,455,L32,2234553032419735765,1,6ed5cd146f9db20427af4affaa6c7db1c2c6e2f7463385add00d016b1ebc7739,True
2,456,L12,11199957181843146971,1,9522f5f9b655b36e89c8a4ba16c6e7292b73055cb5b6bb48d95a3fd547efd1f8,True
2,456,L21,8243796681262144304,1,8d7870d61fe4ba21b64e887532d63eb8468efa50de348292944df327002a546a,True
2,456,L13,15647157233458437396,1,86c7e52e70d636f51a7dbf6a28e738449edd83211b3921de1cec2ea72a4a100c,True
2,456,L31,14171927969588802896,1,04182ec5d726852a7b0dc0f51faa1dae2e90ef72cf1d84e5c3e397f3d14c1e3e,True
2,456,L23,17178013129953372313,1,7c4d5c23b65a940772659036a8cb8c9e4419142ec50e57288c19f2850f17ed45,True
2,456,L32,2300581957507400410,1,82f97aa96d14cb60c30245a9fed13fbb90e2fce721828f916c2c77479ef5823c,True
2,457,L12,962922376456775610,1,156d5d829f4f091cd85feadcc471fb2e74768828f95944c3e2040373cd03bd03,True
2,457,L21,14610697594046290529,1,1db6e1a172bcbc2df495eea1c6701cb83dfb4e7e7a06ded14ece69cb9737578f,True
2,457,L13,11873675957479563931,1,4b50ee08256d7eae006ab1ec5e7fd5c0d67f13ee9edf2a1056c7de3d2323713e,True
2,457,L31,1384121527418941625,1,55860da2f21adea1dc127af4109bde6dab1d37043e8d045c930ac4bdb8f7c671,True
2,457,L23,8951560299622050060,1,f092d0d7e8fe688820a716b4526790358640404c107c3d101b216a9ab3485d55,True
2,457,L32,8656382532357031713,1,e966e76d87dc214031aa8f1d24aeaa55d44c8ff345bd8ea78af26e4e7912edfd,True
2,458,L12,7698911864859620314,1,a19b0d04560c9cad34fec3e2b947a575a302aa1ca5c1732af928824dbe744252,True
2,458,L21,4735800730227976649,1,1423f401fabbdd35bf496ffe7dc9640b222ab7d21ec57d7912b05c3860c2213d,True
2,458,L13,9225045916335953836,1,47b858219cffcc5bc64c1a35522d6f567116440007da34aaf6ee2d6060656dde,True
2,458,L31,15629699015572669651,1,df9b35da581889cc384ba7e6f82837fa3d1c3c470f9268a802e4f02235bf46a9,True
2,458,L23,11183970848028038845,1,24f186599197979edf0e4a0d8101a28efe55ed300ff9cb7e3bcc7b232a482a35,True
2,458,L32,6080713935195530298,1,3a7990e7937bdb569c9b86c715aff9473ee8442dfd6544796083d1ab6ed685de,True
2,459,L12,1553938533598182293,1,a77635bdbf6262dcdfb15c9ab93cdc3e616dd21d26d6be9266d0a0973c3eab08,True
2,459,L21,1475237166995034852,1,ebda01ac08fde0620d450a4a828ed73da7f63b63547cb2e9186eceec5b58481f,True
2,459,L13,9146898458038148702,1,d03c1a21e0f08a19ea847946e08b6d264cf8f5487da0749b5609e76b88eb97ba,True
2,459,L31,3616405655076772180,1,8da408c4cd29b7de12d396fb6af8addcfe406444bf3332bc9dadf38d0278dcbe,True
2,459,L23,11361853918988570419,1,1f08dec046f1bcb40d37efaef0f21a8ca1b3e0128a929dbb78e05a635fb3db22,True
2,459,L32,12450382467936375994,1,320b29061aa7de601600a4687925db644e5850da4b4efa1b15e5dc84f8f6f649,True
2,460,L12,18413802993790337447,1,d2c93537f8f0222aa114be0a5ed4422421a3a74b7e618593f81c24e65015a385,True
2,460,L21,13417920172953537371,1,943a607f14bddb45d63d9dfc7713425d60dd4fb6793219b6e373da330c796bd4,True
2,460,L13,2003380250899077967,1,3b56f4edfd00767ee1545fac7870836b6f2d5f393ac058e1a037581856972987,True
2,460,L31,10723244895887091327,1,a84b4a156c28380c7b3af0ace635de3543708ba5dcbfdc6a5efcb22d9a4dd41b,True
2,460,L23,4800994090038485225,1,4b4a2e43bf3fbec71e41decbb29fad0620696111ab8b8f8a1a1efe46d4a0a260,True
2,460,L32,8567383338415713658,1,8fb0593584118673746c35cc316ebf8155b31ccde0bf1bb1ffbc355c4be7eab2,True
2,461,L12,13443832023597248738,1,468b90066a08260b5862741dd58d83354ac53e63de5f19e039d79bfbcf04cd2d,True
2,461,L21,9149856850703283347,1,7c2155c57479c01a265ab6e74a1440b60a29a043637fe6f0d4a399c68b9e2b56,True
2,461,L13,6938005999233094598,1,584b92543c3e99b6f54b4d7d5ba9451d90b0197e41a529baed200ed821b96c3a,True
2,461,L31,16440576047000427942,1,51b79c3d42ab4822b13364a3c2e7e40ca6afe09c6907db26e0a8ad96f9cced38,True
2,461,L23,8341972269776186590,1,6a4951d2d1ccfd7197d8962cda6dcbc7dee37b9e449f0f9e5f678179e0dc3c52,True
2,461,L32,18182629778275173852,1,7c4cfbbf237bf6a9506cbe1ccf35a618131e81d4a86ef315f6807a17046c37a9,True
2,462,L12,72754036441791860,1,9815843cc1f20db6a00718cc34605cdb244770be1eecff26878ea3fa92e5f49f,True
2,462,L21,8039629998870349327,1,c1be6f67611cef8669d63ca8bf475b92bc5e7a9430469a2b82c57db16808e421,True
2,462,L13,8806996932418022807,1,4021d7677f5ee0eb8e9ace4177cda21350ad66cd30a5eeb6541baaa60558270d,True
2,462,L31,16179773496146008931,1,6bffc7e07d21e762c45416bacb6ce2a3608c72772ec6f4d0831a2fb311db83e2,True
2,462,L23,10128596481273641582,1,8bc8aeddd68e5b6f34416a8a93897631f6c2435cb36f6098c9b448c529e9a157,True
2,462,L32,654623007907454034,1,02ad6aa89ef770ebb7efa167ae4aaf950c5b032a6f2fea71d89d718e5a71619f,True
2,463,L12,11620390003056540674,1,ae0bedf02d7e66aac9ec1b394de72907c7280b47ef04ce152358c3e2c74ca91d,True
2,463,L21,16767330437433878274,1,35d63725ed769e807e1e9613cae7a2c09c3ac5bab2d2ef95d7b980c9365f5271,True
2,463,L13,6349257029460459704,1,183b4a9f45110a18c3e75debf409e9c7ca186dbda77357bbd191adc1a151cb7a,True
2,463,L31,10079376161300161264,1,e47c7189cf4d59460877f1c5ebf7f7f49e6d953f924dde9e50ce664a3cfdacc7,True
2,463,L23,2477452381515618878,1,ac5e1c87acf2a080bf3e9f1acb9f9c11bbc3b4a5a0291467d531511767f65c8c,True
2,463,L32,10292152309066334999,1,1b218b52f09e48708de2c9decf2f7042d89f7ab45f27e9241c1322a0c15780c7,True
2,464,L12,8710512675572754250,1,393f5f6bc3277870423e5b8df6c4086be243259b16d52975de4d7964e0fac626,True
2,464,L21,9391930907935344082,1,6db0dd5abf4dd77c341e0390a54fd5dd76770391bf2ac378c9deb35d6d7545ee,True
2,464,L13,2820709527311875902,1,55374347aa91a3185d8fe21c29351bd57bea30ae89f77b6a078c9bea8a882ab9,True
2,464,L31,239893158568407864,1,6ddee65f2d6103190ed8518fe7ba11ca6e49487e4f8d7733446a5c41ac1d3ae3,True
2,464,L23,14993451011487409982,1,081242a4c5db3f564e8f9097031949731cd04a90a1144991967ba2bfe0b83cc6,True
2,464,L32,12891573973204228403,1,7f9156d86dab857fe9f6ccbd766ef972c0e3b164b9a96b06bc24f4c36c7b6b7c,True
2,465,L12,652580302446651923,1,f91a4096652460bee0cded70e9a0844922804f54f1a34eb932837b98e259f4a6,True
2,465,L21,5786875972106644663,1,a5b2635b0d843f6d0473b2bca5e4437f3c17a25b44c42dcf175048ea07712bc2,True
2,465,L13,6601654795366270599,1,0d29c7e1b53217aca0c6af7d1034b21e7fdb1c8d02dc2f1d568587c050b82446,True
2,465,L31,2823050636351242207,1,bbfa2f06874f72134e44a20dc21cbc056d11dddb75e6a87ad06a814f89537783,True
2,465,L23,2519815911599110832,1,ce2d215778aec2e5bfbdc0ab6344338662d7f6e922250a4139ab2f4bfd1a48e0,True
2,465,L32,11990844405153347162,1,3ea8c8110618efda12cb32dd500a37e865c01f3c97d5a62b847ccfebf6052150,True
2,466,L12,5239247873878161986,1,cd5478e2f24b60d44c1087c9a43f03360e464c9116fe455ec4d1c862bea7378b,True
2,466,L21,13675497775443884262,1,610127d585e6ca5dc85f2695085f852db505fcce4a25abccc44db652befbf364,True
2,466,L13,8379056739204789834,1,2c858f92c7dfa7361732a0d0bdd88ca25ef0b84d5342ffea318c87263a6755bf,True
2,466,L31,690933665959854299,1,d424dc27daba8f9ad604219484c09f11882abf00c2349b760097a098cb0b70fd,True
2,466,L23,7350809393312427249,1,c84d3dcaa34c13857ed6f6008418419b0b4626ff784526578dff809fe40ee422,True
2,466,L32,11396577489729488812,1,cd2b09cb4842b5d53e12259a44a772076011f3319fff3056e69281f68d531856,True
2,467,L12,4620971441067607592,1,b24fee974e2971730cabd878d8f2cec55c060e7a63efef8b5115486f714f00b8,True
2,467,L21,16248895805878689623,1,97260adf3ebd5652301961f19619f266a327ced29249877fbc0dbf084157fb7a,True
2,467,L13,9802485076557182812,1,2a0f4313cfe00c68b359f0d8215ebc4663c5e23fa2040f21a1e25eb281cb6f66,True
2,467,L31,13992907868311020151,1,66309b9dd7f511c67414281e8841aae5c3926dca2b3dc9e693db1f20a6a929df,True
2,467,L23,16242474571629131243,1,9f740d690f9ca5ad239bbc7fd5b627b864a716f70febb79f6fc893f4939cffb0,True
2,467,L32,9000323386851014164,1,566abb28e88b8898d88cfde9161946de409949ac3f6a16ba5271084b2b6f5c15,True
2,468,L12,9470963337358860681,1,e561b2fbfeda433f9e9c71e1d8dc450e55d6c4e134969bbad6ba91a4279be19f,True
2,468,L21,909069293951452936,1,60ad0eed6e537cdb34735c5b96dbb27732033f503c0214a7a1d5d5be2ef2b31a,True
2,468,L13,13297988864869123187,1,263818a3c9da4db538298dd3404d2787c43e8cc81b5bb08de0b14dc026dbfdd6,True
2,468,L31,1800684731057628537,1,33a9ff7130ab804fc6502230580f808448bd70730ee0920d9de04a42e2c4989f,True
2,468,L23,16876488511488448306,1,7ecdf68cf6d7aceeb08e13ddb23d74beecec14bf23b3b9d878e6417d313b491b,True
2,468,L32,2201613890297018571,1,dc270c2f3da857fa675b67484430954e2180048d114a26faa37209e401ca24a0,True
2,469,L12,4193270227692281612,1,8523abeb2b36ebda7d2568b435789c40d332931bd87d19b42d6e47030b0c6cfc,True
2,469,L21,2895493204047712170,1,8878c10c1af32bd29160e7e013d3de603f5bb27f219ba7820ac7bf047b97d5c8,True
2,469,L13,2867345500246930773,1,52224e632d53a7bb9f7ffd1ce50548cb6d6d5a398585f71af3c4e48172b3a9e9,True
2,469,L31,7407195312274843818,1,df8b1e78b881ae44097399e6607bc7f4912bd3c6fdc7c3a29fb062f74506a0c3,True
2,469,L23,5954715518314458804,1,23d0853e318d848be25e1575d32528ca057d27db38811504178cda91090cdd73,True
2,469,L32,16580284308518109574,1,c35c359aad3536ddf1612b0c5271c23315da7ce9d793bc4b19f8a975c040a69e,True
2,470,L12,14800215063405587662,1,eb629f2fba5cb1bee9eef38e08e29cd65e53fbd8706a8b8cb7362662fc295a26,True
2,470,L21,12646791930125420682,1,c607f5e9dbbf490cfa8e94acdda626ac6b16758f6ed5cb55ec7ade72094492c1,True
2,470,L13,1928334083848089480,1,9b15864987f896583d69370f01f490e5a46ed9e4c80387bc71b130e7270ed86e,True
2,470,L31,1673398173788701559,1,06dde68953c48fbcafe348fe174c281b1e506c95d5c15d37bdde5cf6949d90ed,True
2,470,L23,7618775305118147202,1,62c3b1dab7543660e81f37236e200b5a266cb948e91761ae5f021750a667137f,True
2,470,L32,3294122289068157982,1,b7e2392c853c902f364d6f3062ad51566d7e277bfe8d95e36da77385e288d7a6,True
2,471,L12,5284365357502985230,1,6483737a0e4e48ece64d7dc1ca5be3f819f5c77e314d95a75000c76e1f6cfb0a,True
2,471,L21,550924166065864509,1,38e2d7534f71386f66193011d339784bfed1c3fa4c30245d08b613b554eeafc0,True
2,471,L13,17461094222955791815,1,67e778280bf657786f2285c44f94868f37392045aaa251e1877b3464a8e2d62a,True
2,471,L31,7567459962874004118,1,0c4d470b1fda482ab932a8f17ec558d2302dc412f483ac046a28037e1e39b8f3,True
2,471,L23,12911471133271329364,1,3631034f5316920a5a07346a86ab3a82b8d8b3b9c56d2b11334b9bb31bee831e,True
2,471,L32,6027363572537556208,1,bcb2d4f67db291b03ccb0c437cfe70fcda86550833d05329ffeaf2e616bbc765,True
2,472,L12,16000914730077793783,1,8ae75c99df856f6b1d568a77c6883f9aae9952d440273878cd835951e73a426d,True
2,472,L21,18152470627261218214,1,0a3730751c4e6c022c45853c7db9539794a631cd77a6fad90fac08191ec13128,True
2,472,L13,11643989948541285305,1,a66a9ab8cc8e25073ee09f3f696e146ce5d6f9fb703e36f810d510c48061bcd3,True
2,472,L31,4375855078564220997,1,7db31a2412517c4bea1b98cdd407a7706cc08737ad3c28f85ddb43a503f804dc,True
2,472,L23,16787213991431431495,1,8d4e95a7bfc25899868829dfe2c226dcaf5cd8d87ecf1ec4c518b2641b0b45c8,True
2,472,L32,7389906344529723033,1,650a015aa9612e2ffc320313528f72293caf48f2486464a0def645597ada1f39,True
2,473,L12,11753998348072124958,1,5c81469f28b3916efd9a6e02e4d22943c28838a9f143980a4f6a2388b614e771,True
2,473,L21,17128029108578238350,1,a2344beb471f07179c849972af4c016c486b94232734a34ddbc337e386c82782,True
2,473,L13,5906200330816354772,1,0cecb20b27bb0239986ec7827b6fc70b006c0af34f174e930cf6178378ac35bf,True
2,473,L31,10629306765221328883,1,7185bfd3d9893cd93710f8165f106979bcb6032700c2a7b4fa7884d54d6b8b90,True
2,473,L23,2972271750635513958,1,0179269057c7d751e4a3d0745a8238338d99823161f7d5fac6c3531c3ad93d69,True
2,473,L32,5834424678110895274,1,925ed6af52c8d80c7b5310008bbd570608b6c4b4e555fd8029a0203737e1ba1b,True
2,474,L12,17528578759023249964,1,f89670f3f3dc1b1aa2778ecca8ac8d238838238892f8026222a230893f1bc4ac,True
2,474,L21,10984680280664308440,1,2e118ea59674975abdcdb645d643e46277615380715c3040869654d558948054,True
2,474,L13,13357136021029506734,1,732e8a912fe3a8f04eadefd3b6ea2a2a9f3c5c2168d4ee83c27144605ee573cc,True
2,474,L31,7458689337491641865,1,69e3a429c8c3e2fe0b98eb4198d343b7e15f75adc98f31e1cac1c71093df6179,True
2,474,L23,11400100168034695274,1,cf45e49aa97d98fad91e640192584cf2773d9cb091ad33302699f907f82daa58,True
2,474,L32,2046292042832371927,1,5dd3660e240a3f60f0a75a8a7ee923debe14994945d80c8753cdcc41996847bb,True
2,475,L12,4866592969786361237,1,6190a83cfa48bc2db9fb34e6b6db8da3858d8c1f2b528233ccba229fc003d450,True
2,475,L21,10849501493713845917,1,6e2c2d209e81fa9144c2b27c20ca2708d80979bbc8bddb3ba222735d2a77fca5,True
2,475,L13,2013715205129199715,1,8e472bcdb56a6bd4c713ca75136d68c3fe6371d892403a4d6826fa6e495c4ccb,True
2,475,L31,4531447054944027381,1,69db7a3b30d47138eff388abb572482c16fba87b59bfe7cc8b8e5e5875800d6f,True
2,475,L23,10623817963861990541,1,097af62440c14ec1e83f6393c705b0f16070261f3ff9bf838aac3d68662c1f70,True
2,475,L32,12435881059720723438,1,514d4e12980bdd006800e86d3cfdb132ac03102794aa98de97c434db29920313,True
2,476,L12,15529359067426533006,1,45637c069616ab598afd196db5670118e7b2756b192786914b059f01d893cb4a,True
2,476,L21,17386564850717042668,1,dfa9b09ba17628ce481ba80b85e1cd838cf0238297b7db3fa0075af62d591246,True
2,476,L13,6720638988579077674,1,0b3a9d6b7a7528588e32f537e69e9b0de256d24eab32a447c213b52761647a9a,True
2,476,L31,5974075941116449770,1,4da7fdd074874ba7bb19b9a1ecda58f67ba9693dc83a0525bf22fbd2457b3741,True
2,476,L23,7963507560823237051,1,6203406ddab233b435100456debc514acc58d27946b3da1228c8bf72feb60b49,True
2,476,L32,17309364574044984852,1,d7b6897a02b155efcb93bfc05e7609e9cc57fc29980983122ae4a7bf5bf3c123,True
2,477,L12,2077358269092769031,1,80044417f84d2d7d727b6e04c87fe72f65a3f344912dd5b9c8f8661f5efd32dc,True
2,477,L21,1166044749510781691,1,ef9ea73dd63f553178d14ec3e94a881cabd2f31759d711c409c6a5beb476c2c9,True
2,477,L13,4662031299066426874,1,1643775898fc1ae540fb6ef1485aa434c6e25badef0f45f42d9de0270a1df987,True
2,477,L31,3983917091787156514,1,6ef76160bc8e84f19e76149fdebfc94ea46d6b4834d2051bf08c9aad4de599aa,True
2,477,L23,5627849338688359926,1,ff41408e2c31f3f7c2a32db41637f98228915243588e74759388f1290f2f4e08,True
2,477,L32,11514029208586625090,1,bd4f50e0c322cdcf122d2e0c6c4b272b6367598b04626e3bd9fea394e9d0f6bc,True
2,478,L12,8306751290872460326,1,3ab43f0ea3694f9860c0e55b920eeb2a66db5658b35ca000c0866bbe6ceeb76e,True
2,478,L21,15016727590968022964,1,d4976c5aa6de3e8a41927c8a7cf0b690fb3c96e7385b26b4f455541842d45094,True
2,478,L13,8878340875921159785,1,b65f27d1940d854cc9e10a7025cbedbeabdd30956a4fe51dd4cbfa78c09f74d0,True
2,478,L31,11499486886206887312,1,45556c3f300b517362b8ff07beff13b80d2defbfa193ae6c57decce9a031d8b7,True
2,478,L23,4745009526060527849,1,64a145debd314da251c61c8d3708607ff3495651e4a093a88a3aade30b16bf8d,True
2,478,L32,11213831533437651264,1,286e7a3509eeab5eac7e9276b3a1c53e719132c456d1baaec51ad5f05e8c4669,True
2,479,L12,12406177099346242322,1,4cfb70c7ce1036950dc4e1fbd12c2d0e567ecf8388e4e303ad676be5389588b8,True
2,479,L21,888691036198151554,1,105f7c8446dcc50e6cf4d8df0fb99b1b2c6db7ea4b87455d2c5bb43a3e79086f,True
2,479,L13,16359619370177394215,1,31e3281bcea54d6a2acce1be1020c0be05848f5b91f4b91bd5fe96ec904a5144,True
2,479,L31,3140302750762315779,1,24d586e007acc7773c428d65b0088f87a974efa32fcaac4f3202b4469d002432,True
2,479,L23,16704277566143923936,1,5e49c82aa81a98a24f00a2db89066e621a5bf1c4f130062f1df6cedb27b12da2,True
2,479,L32,17858926110508912980,1,8672a0004f759e298f255fbaf25d193167d6d82bb5a5cb29686a928de42cc0af,True
2,480,L12,15262371510356440521,1,1f4c4f7cffbe01c42b978c71be08538455c6c410e1fd591a486cb2de9c5518b1,True
2,480,L21,664990152880559321,1,4299738eadd274a2425ec9dee981c5e5ca85311dbb5f088b5a543604aeb6e156,True
2,480,L13,11423865735851528715,1,7cc462c3996f5193587997b1ede385319d6fc85723c7f19f9b7f44b99441e729,True
2,480,L31,9744395172414261728,1,4dc8a3ccda7b0eaae82dc38df885efa08f71800aa77150c1b53814780070ec2c,True
2,480,L23,9655415798458496247,1,68408e795c7c6ccd2b4e3e107bc01ff6ef28a24ca634862a4aa705e456632af0,True
2,480,L32,10578937728738041256,1,82a2637880637667c7bf93564982b1dc8d4d5a851f0a1861ee78d0a6411efa59,True
2,481,L12,8029302579115613725,1,1401d084899ca3cc362cb803ad23809ab457aae1b36c448c98e1e0e86db62f25,True
2,481,L21,4854070041839693479,1,e6d9d4c753350e623c834c6b0183e5e584a426db709225d098bca09dca2d0887,True
2,481,L13,7701474252782002799,1,6c924e60035d0599cb4203a35d6301a06fa36dcd5ce3f5d2c67b9a3caccced22,True
2,481,L31,15531163316378660876,1,732ea667ec4e6d05835fc8c02609d50fb0f7482405395fd92292bb33c946a62e,True
2,481,L23,8978280629215325743,1,01f92227ce5194ac1e42c400d40a88810ee5c398604ceedc8c1412b3c6ede349,True
2,481,L32,4732614132911129480,1,df8adbaf5eba95bc8a6c969959daa90087e9ac9ba83ea8cb6100e301bbfdef09,True
2,482,L12,10808446406772946388,1,b31053acf8966edf31b81fe13a1b3304a95d06a77df22727f03275fb38d4206a,True
2,482,L21,6675169167738834271,1,4c398d3e5c9e479d22701d8fdb3966de58e7839c980e75213869dfe155d55921,True
2,482,L13,1933396745723865824,1,4afb748af98820e19ce89a3c7dc4f93186128982f553f3c1f20bd2d11cb3d897,True
2,482,L31,754735145628591139,1,5843cd338e375d319ecbee69ef95805b2fc21118bdcfd017fd4c4551c13f9587,True
2,482,L23,4307167537291184905,1,18581ed37ec667a344d0a0e1a035c8cc315b7fce453f1a12ae8c4271e4b4a6b7,True
2,482,L32,2306939042327738583,1,74bdbb0ab23bde7cf1025c3e371c47bfd5acbd28ae9eedc2c63a671acbe93e58,True
2,483,L12,5532247633966068137,1,9edbf6a005322bbdd5296db00a85914696be6ee8374bd95d14f6717ac3bb7812,True
2,483,L21,8757640226298700313,1,3b0eaa7efdcbcea5379962b9e7760e9ba48e05f4cd5f793b75342c59c84015cd,True
2,483,L13,17817687563412896079,1,2b7e3e46958e096953a99d827e64147381a11fedbeb5191e9ab91bfa52ba1dfb,True
2,483,L31,14172121164853007413,1,e9b1efdb66c4244b29503dfed969513cc7558de005bfde37451a7945475e9ca0,True
2,483,L23,8293297011328659082,1,8b1c1cc5357b31367d4b925688a063816125947a2f46f45849e71edb20cf72e4,True
2,483,L32,9078118533627300400,1,cddde38da7c71090445fa03b23ad20b6c51ff1da1f45556331fb8ad3cc794296,True
2,484,L12,2539911197844338102,1,053bbc57baba75fff96823d5fd6270d3d8c960f3735b84c0f77fe9d5b5dae5f4,True
2,484,L21,13185082297084244302,1,a2c427752672940bce5326e2faa77160e50457e38e41687791f790113269cd74,True
2,484,L13,2489224365484726108,1,8d27e67114845cc939dfaf2c8b80829eb93ce4c137d4d71845688a16c48c7e00,True
2,484,L31,2552433806350001699,1,d435d7a2109b2378173f4ab94084f65498fdfd0df7e8a95efca2f877157f2eab,True
2,484,L23,4768603734415840367,1,3c12b2cf476ef809fd7fbba110e86741995ab5af6c0264912ab62245f5cf6bdf,True
2,484,L32,14977454108649796743,1,112a5112e8686efe9569e69002eb7458cd2892fe34238fb2922a80712c32a822,True
2,485,L12,9179515143622984195,1,bde4e9221003782553c2219c3094f244e6f2b05a86f0e752116c2cae2e9748bb,True
2,485,L21,13693206764489199729,1,a1fe93bb43ca041c197e003c6062a461a1ed60d75eaf1efa6f44b5c7f1cd4241,True
2,485,L13,9851759432189401079,1,1c6d01aaa8298fff464097dff2c1fc0efe2440a06875e692fb367d0158536dac,True
2,485,L31,13723165411562521785,1,bac10966bb873f7712243fc097c47ab31a8943b4613f9faf5ffb8fa071441a92,True
2,485,L23,12189287816456317748,1,06c0a4f14c0d1c6a1a6245fd836bbee1100fdb63660f93d9b52aa33e8d011b03,True
2,485,L32,12500051783784499619,1,cde53999c188aaea7d6b2fb19c2b0aa79ca51f58913caca58a55588b2046246a,True
2,486,L12,12705915893082651378,1,98280566bb1df3bab6c86aad67e384800478d817f8bdfedcf909de2a96a1d43d,True
2,486,L21,3420669897477178253,1,9b7bee6223fedc686b94c3f9c436f60312cfd0e457219e659301da178c3a75c9,True
2,486,L13,919441297992362725,1,50625e201b15d485dcba9ac1bf7ed0055542fc468747d82a098456d821440c3c,True
2,486,L31,2417374714578662209,1,386abf9392223ac5673f481700890463647b84b51510f1893ca1bb4884173dc6,True
2,486,L23,3858409514442752828,1,59498805d4368d92c7e0c57a0ad2d21249e5a5ae43b17231572a37f367379405,True
2,486,L32,4319827849317409496,1,79f612edbb629f64b9b94c3c433febe5b214aa4bc439702e3a47ac834ddf14ed,True
2,487,L12,9927978498971634072,1,374981c00d8b5f82e44b8d49f9d3938b1279cc09225ca43adeddc256aefc49f1,True
2,487,L21,6815965074431258581,1,bc05caae577927bb6f4e646be26ccf98be2dc82f80bcf882f9cb4366472eec51,True
2,487,L13,5375131591281398330,1,6b773440d9cff3aff39488d32e04055ca72b8175fc85f7a511d3b8127d252b5e,True
2,487,L31,3520706716307549110,1,65afbe0142ea0157fdcdd54dec5ef9d68aa75fd49426636b84d1db28b5dd7d60,True
2,487,L23,7515307311579967290,1,1c235901f11cb99bfb0e4f7b660059d54fd596b1ce3914af5b31d8a25ef1fa49,True
2,487,L32,7068036850781934839,1,c284149d8994d3cad695915e8b03f81cc3e65b57737a2b366af11c7870ea3bbd,True
2,488,L12,15254561831746805223,1,3d0fdea9da84ab19ca90263353baa78540a0666093b4116a61ed273890f5a81e,True
2,488,L21,4402273024956667467,1,7f80bf4ceca80f72d6be845118b036119a0bce8fe5bb7aa4775f3cf0a395972e,True
2,488,L13,2496114452916684285,1,d7a1f45f9bb8b3b7c344b4d667868443f89d864573a829fa6a6eeef5a9186402,True
2,488,L31,795490860128611514,1,3e4dd41d0ce5930361dda8e079ec994a651eace5e18ba15974ccb56fa0302f2d,True
2,488,L23,4833447673405675910,1,705975455b5616f4c4ef6673ee970570088532693c5c7d9ef9b46432a79dc7b4,True
2,488,L32,948811138120802899,1,f7cfcada8d583ac9bee641e4e544f11974b17a903ee8c7d26a0851d256722297,True
2,489,L12,13928358571648546167,1,926019ddef15d01af444fa501800a03fad369cde3520cf3eab8c71fcc038b486,True
2,489,L21,10786037393629441482,1,3ec782fc68a8e6a63c2f7daf3b44504cc02206c74a07077ca2bd0516bf59914c,True
2,489,L13,7812294627488504596,1,77dfc75d65908b820681091a8802909a229cdebe7d1c2bc75817923d6de7abd3,True
2,489,L31,17613173439418646416,1,c4e66c112bb045fb14ee680df559d201802a379351353525bee73c22acd97e65,True
2,489,L23,2397996660740359473,1,c8e13f370825a1d8173e52a8183a2a249779a3df25f3d9245ab1287a894d97e1,True
2,489,L32,14570880903913863700,1,04d318919230a56a4a6a25fc1afba168fc096f0ddde7c681525b0eadb1c100eb,True
2,490,L12,3512153849773844412,1,39b2d9dfe44026a3852348025632a0235e4bc73973781e38610b3105b340a4bc,True
2,490,L21,2125545540478198145,1,ba94d4e69a73ee6a62a3d98919f7ab0a0d420f7bb477447fc01c3cfcb8cf1d62,True
2,490,L13,3911102335082045452,1,47e12834213382d4d57e8b2eb9db60217b0811105529faa3ccae60ab45a5139c,True
2,490,L31,9581813347811675057,1,65fd2d90db5cb527d9b9b64f0aaa0ab83c5eff7d4d6e1a968dbc087953b702e0,True
2,490,L23,17777959850773313959,1,8c0e9534691b657030b34d4e1e6f596af772b0c9b349a11c70ebf289371b7076,True
2,490,L32,17456303338740951982,1,cb6fa7c9f66d13008612a451f462b59a136123c71b803c7d1fa72b650db7539c,True
2,491,L12,3080225835149528916,1,992d790a2a2afa34ab92424e5f090956be0a1c1d602e6444bb787b1404083cd6,True
2,491,L21,15124401859031728722,1,ede8c0fb8bfe1bf12c380ebb43c33d6b87f97d4c5abd29f9f448990727684861,True
2,491,L13,1391505523791062731,1,a53cf775ee2c1d865aa27f7959a9050914c32f475ffec1b446ef6e91893bca3b,True
2,491,L31,3569999777013625092,1,782af50948e9829c81a2a56b4fc2407445ff4fc7d48406737f1557597f6ef31c,True
2,491,L23,12996264945892449856,1,1d7eff44a949ad0a389ccdc62743ecf9abd2e400290c9360ec6452d91bbefcae,True
2,491,L32,819247228787349081,1,ab496d23fad64e81673db1c7cab5393e7368ada69779db690af18d40a65c827f,True
2,492,L12,17808340947446969208,1,bc5fd4ac655585bea0364ff60cf6ce30f7e0e334ee68865440b12404902160bb,True
2,492,L21,12830393201198736824,1,55bfc19686ba4aaaea6fc0f94d64e6dca7649f62dbd9642a0a4ac231a604d983,True
2,492,L13,7745064233892060397,1,e7a3d8eb8afd7b6b0b390d3e49370fde503dff224d652f4af8a3abaa3ee5267e,True
2,492,L31,3316783989996907925,1,e2c73a03b8b68b3f36e17459254e7b7e3a276811001df04ed7540d15643a8c37,True
2,492,L23,1395386445995546118,1,cbb12823cfe0f9679b0430ef8f998e09ddb4e88d48a638b4fcbf21b11d72b114,True
2,492,L32,5412373018844898467,1,acdcf53167255209b0e2ef11a34a2f9cbc4f7711eaf6fd8bdff0629c553d3a62,True
2,493,L12,14885327267769683784,1,f68c83132c7b2a4fc05029e89cf3730b076f0b4f83af8a917d5dc742b56d8ddd,True
2,493,L21,1436508215003352653,1,06eaa19b5b30083f5c2bd085a2e269e28eccc87d4536eedd93f231b7ac6828c2,True
2,493,L13,9558823517187852976,1,c90ff1cea441082f3b5f79a90a59b23c757c314897931539af12fbbfdf48fbd3,True
2,493,L31,14274098939022314787,1,eb8fcb21a69ab3fa6c82505e210b57e3aa5eb3b09145193a8d367777952107c5,True
2,493,L23,15495429371777437286,1,c3329ea35106d01a07fa1512d0fcc539a5409a1e0731b814bab5c30b3a07f35d,True
2,493,L32,13505782088518265353,1,1f4533de60dde318dfbf9bd6cb766a0163cd15ad9c6cfec73a92fe67029982ad,True
2,494,L12,7098996962635095425,1,b9fd0f1576e0d6b958bcd29deacc598ba8a062738a522f16ca60667e905122cb,True
2,494,L21,3537546487867658743,1,40bf62683392f1889c7e1831f8cbb1e8e2b5358bc0e7fdbb15f50ba8e29dfee8,True
2,494,L13,14811315419895300938,1,2a3467cf69b83db89f64190cf041752b3ef099eed9e66951c126119f5898e58a,True
2,494,L31,16197405547562545400,1,d0d2d4c073b7c1827c0dcc6ae10d9e2a3401386843f1140b3b7d89a8f83409bd,True
2,494,L23,3299552530481729112,1,26d786ac133d0718fdceb6cac6927db57e023f62bc3f4ea11d28a9761494ce34,True
2,494,L32,13363273974996075444,1,aecc9e2548f106b48d4c8c842dd69890d8226d523f0785d5cdae3fc02558ff93,True
2,495,L12,16030343995117941212,1,ba6460b8acd81a112fb6d0750c6a9f6cd61be51f3dffd033feb63d21121110e1,True
2,495,L21,8723575369450598494,1,64515e34d79213370b4ddaff1f3aff23217b177510938073c5ba414778b9c6c4,True
2,495,L13,8326556937056484997,1,bf810312e7892ec37b0fea2df2d909ccc156637a2b4d988bf1c20b88a6da78b3,True
2,495,L31,11397990238495807273,1,6f78587fd60f764c63eefcb71720d585b8debd19592fbc6da76d2758286d1401,True
2,495,L23,2568265856155256249,1,94d1aac5cd0acb4b1d070ab6cfe62191f08f60dc69e3a11727e5d102a872aa8c,True
2,495,L32,2906893661307679121,1,3ffba0741049dde1c68dd667792fdc9a3c6024a39144f30cb96d6ecd7952cc2a,True
2,496,L12,7130145567675295953,1,72ced1ddb76575f368ccae494a9503241cdc5b7f9ecee57dc1442a250f689710,True
2,496,L21,13583131496877291854,1,194799f53df62f1e681642797d39010a81016104dc8016bde7800476045b0c42,True
2,496,L13,15084816804402968299,1,9d9a4d7665934207c9010e917c526fa42ad85a44a3cf67c62a05f47ece98601f,True
2,496,L31,8596870201387457347,1,437b4a2d785e81dab4f2a44ae10ae7ab5dc3bb5cd1dab736cb9fccd9c40ee5b7,True
2,496,L23,2891284594635612114,1,1bfbd8a248086fc8b2b674e556230f16165cf11ac4c9a1584cc81d9ae8b31540,True
2,496,L32,3724815759332394840,1,bc31840774f9f3e7b74fb92a7554e92cb76e3d9ad1a1ed61eaf3274b601e7ba9,True
2,497,L12,424123819521437935,1,e7565c35dbd70b0c16423017018e7604eb1060cde69470b9c4aef99c115b5127,True
2,497,L21,17490311727830621732,1,2bc7125ac371344a906f186580bbc975ce45824a6ba1c33028df6b3accb22814,True
2,497,L13,4861902001249083729,1,cc385d089ffadabd15220a45a4936f1e5c6f535e24838cbc1d38c060e7c2452f,True
2,497,L31,15949162729314441442,1,d1d05c6e3e3a4d3680b90712c690d1cd007645da645c35e3306fddde73d2015c,True
2,497,L23,7073109422663312669,1,533839b3e5e08328af2a3832483a6008787c1b43d8f90bd2fae16e13664e1781,True
2,497,L32,15208108833341635402,1,3b94e0ed91c12cfac0f1161da73e0c9477a6464c537c2c298f7725ca01206ade,True
2,498,L12,12769341922801044111,1,d8de315c8c4ce2090bfde1007cbbe38813928c6a8374e8af1e3d2d655cce2213,True
2,498,L21,7525409610290664601,1,50f54b2524d406844d7887b559ba0613486c118a12ebfb7ad047e3221271a829,True
2,498,L13,14766505785832884269,1,d04b10a7cb75a68710765c8dcc76713750b0b9222a713932941f3507fac5b455,True
2,498,L31,4363361272298312956,1,f4bc084c16868a740ccdcdf3ff7b61cbfa1e5b2d679e19cbf88858e7f60b60ff,True
2,498,L23,18064724550378509465,1,47b519c55e5bdb339667412d800dadfb9f87e7ad23e70a014416d28b9dac8b45,True
2,498,L32,9487470515041523971,1,853851499ac91de57e49316f9ef9b0040fbf99f9deead51adad92fc36a5df130,True
2,499,L12,8151698985132401667,1,fd103dcffce03ecb01aacfedea38c69ad2f69afc36f7f9806005c7581a79467b,True
2,499,L21,12428894436010120209,1,b05f67a42ee219b07c140526f0b67cfb25a9b26aef14ee7d4cf8e1495cb16d21,True
2,499,L13,6264916817228795037,1,9ff8926ace3775669dceaed4fa31af9a8dea72321dba27ee5ee12d74372feef4,True
2,499,L31,3418896003763398568,1,60d9e41058570d99161af2b277af4ac7e6ff1c3ed79f821c1ebc7e062a76086f,True
2,499,L23,11976594528258378877,1,a6f58c0cc7f5891be22f9aa86be97ea2c70daef157274d44a56e9e12504ccb89,True
2,499,L32,9774542616748506948,1,a12f64fdd951cfa0cb8522997a1e6c9a70c8d163c975da810d5d7dcebb5fe712,True
2,500,L12,8385420861491435452,1,3379c823fb675dedd228b3e27a1fac3176f88d9ad33912e3ecbc933c03b3dd65,True
2,500,L21,6358219587689839538,1,f68d2609b8d13b779b34d7607f9061b80faaf8ee42551070deb561291907b527,True
2,500,L13,9251892775753166403,1,ccb5d8a0aed27a5911d1fb3cc6c9acbfd95bc2bf30db4caaef2948ff609afb54,True
2,500,L31,3486575900478313553,1,be2d73e9de32eacf0e1b59e1f6b1f978daf89cd80ee0ec402c4bca32516cfae7,True
2,500,L23,1523784252021751947,1,284f31736844d5ab10e136803d8031a46765c1a3dae1f4eeaa4adfcf88c8c8c6,True
2,500,L32,15099430502560232693,1,ce776f1507f001d9d012f57bdc9e5cec7f7c0a9f672466f8a8c6e971619bc713,True
2,501,L12,184399436140155272,1,ec8162041972929e6c18d8b8528054d69f9860c187a16a3f4b706060421acccb,True
2,501,L21,4054188126211078660,1,0800d57b76805921c955e073b9213f8b2f76e582d28f722190bba5e48cb6f41a,True
2,501,L13,13952985586051337198,1,8669f17e715532695f94881a625a0497567fec1074e124927b728a56751e025d,True
2,501,L31,4719156232271356372,1,abaafb2709c02494c8e1c84aedd9eddfcd880a36bd1228b7dae1dfe59411f4c8,True
2,501,L23,7460716755241895278,1,50c8da49bc5717d2302236e15bdb149cf807b1d5bce861b72759ebe77b179cd9,True
2,501,L32,16998016246410859393,1,696b2d8c1bed011ba4444680fee1d3f1ea01c7d39e963289e641e03df1ea2cc1,True
2,502,L12,14309845366158897631,1,0b15439bed234621dc20e654a5a651c011972491854809fe5665a469b87d7793,True
2,502,L21,17716629411974168304,1,310abe9a8e9920d1d3c19dfb2f8824a85c78649e7d05b07527b8a439b7404451,True
2,502,L13,5510290248969154951,1,5f7b7dc0e0833278067eda950aca5538c98ee3b4e87e81a47f57a128abf1f287,True
2,502,L31,2146330982584341297,1,20b229cd3a14e7ea180696ead9ceb89300f2f63e48613e0e284da433f4ef9d78,True
2,502,L23,10001230238762264290,1,a45d4d7e7c1c32731eb93a0d46304e6c0a134d715d2cbabe4dfbaaa6d86490f4,True
2,502,L32,3993905351968196866,1,4753507a74bceaacf4aacb26c6cce6f0feb0a95e069f634e2846ab6e1fd50106,True
2,503,L12,10797835988150009178,1,6f783731375fb58e0368300ad3f18464725ca75a6c4940f8e8cece7f95988967,True
2,503,L21,5708480375515686280,1,40ff00743410bfb7c8d556149316d545992136cae903f52292a64b258f258033,True
2,503,L13,15081570447709485314,1,7377a86f4b00d68c4d59bd82f4380820f13cb16c9e2ed4a93227753ba720d374,True
2,503,L31,5544856894623613076,1,c7afef8dc83a4840dfd63d9caa5d0a606f97789e26ce64e636d34d12243bd166,True
2,503,L23,16679354698786497731,1,a99cb4d1629278eda1b3e1d16e974d68e3a39b1babf0951cf18ee5c8630f45da,True
2,503,L32,5441475371193119378,1,f1621adb67e4ca74a6f95cdc71c3204fe2f5a2dfdabf2454682fd468c06143b8,True
2,504,L12,4815027898933346604,1,76187b86d1aadc151545e8f163f5b796c41b8e01154c47bfc7612383fb5341ca,True
2,504,L21,6321231362817207992,1,3659aed2324a4bec133781f3ed87d7dcf69591f90a0ea02f2af5d5cdc8cd78c4,True
2,504,L13,17325879555971917366,1,0b557405f627bcdfa77a4004d11696ccd4eeb6870f30b9b1aa00e7ded405d1ac,True
2,504,L31,8648683924595438544,1,1ef3159ca3228d4eda68db24b13910ad5053fd216628689b4004bfdde4885825,True
2,504,L23,12022927358891718161,1,4020a6c5d8deeb096ed3f7dd0e4e9da6fc07cf5b22b1fdfe928772707dc22ea2,True
2,504,L32,10016250502941870638,1,c9c9d9b228b5003f034bdbed520d4c2d248ea9298107200066d6215f69fa3b3e,True
2,505,L12,4732004621469577992,1,12e188965be24fe186981197876e6bba7aceffe0b1c1b974dd368e31939ca462,True
2,505,L21,1649446172938159837,1,1cd97f7cb4ac12d970eb15c39ac17393147ec55b6881ca280d9d7b00d95cfc6f,True
2,505,L13,10665942290071399244,1,7b3d89fdd5f2f785e0023beaccc7aa305d1dcaf777cb60d5d5dfd8e0e4283452,True
2,505,L31,11384946912665215307,1,42dc5d93ec57897555e9d08ec0545ee8639241f16545de9ab71663d4faf9bdbe,True
2,505,L23,17299177382482349481,1,89b43c0a88212569bd7361525f43f30d09794a49430695e9f9ed3d9d817fd908,True
2,505,L32,4686700117216239338,1,e61efe05cee3194d9ff29d41ec932301662256312359e54044bb05ee3dfbd0c7,True
2,506,L12,2717269324189581066,1,3dc834d65274eaa0a56f8082d0b98a68b807e4a036810be471369b8d1489dc26,True
2,506,L21,16047335684993299909,1,a084b889731cc3e1f3e925d0a725dae1e3a27d0b051b7e47063f58030fc88ede,True
2,506,L13,14723551858288294243,1,8a5daf2aee821fb883e546260e254761bfe28b09dbb39190e516832cd553ee71,True
2,506,L31,9897727741449885566,1,3c3a2b27904ea63eeee775737d7b3b46ee14c97d10652dc04adf8181b9e4e89e,True
2,506,L23,2543317736663956395,1,9c933ac0a8e3ccd2c3a0968f1a9f35bbb74ab130d02c46212d4b5230d728be1c,True
2,506,L32,9421899836826308798,1,d99964a8d1c17d364d6e08b181b9306f9a24ebf0b3c89243b3362eab7ce1d7de,True
2,507,L12,17144132195537812313,1,375e993f5198790b73c4fdc838361a77fb45dc8764504a86b68a3b44e1e617e8,True
2,507,L21,6597259165630027443,1,5f91ace3f7dc96dca8255a236d3ceb214bb59f85eb990fc709c9e8afbf4887ee,True
2,507,L13,8803126413432145037,1,c4beccd3bfca747a35e325d9adc54b241fb6ca12f73d4c74d74477598f553429,True
2,507,L31,16411085235189688742,1,8b15d59a5ec50b43d7563b3c92786e78f352af229c1e2a6567d65fb4e96fbe15,True
2,507,L23,6046129961214154509,1,89a4b65d8977f88747901411930939cb516a4c427cb77c486560eabb2aef1c78,True
2,507,L32,17242840890804183260,1,996acbd2daac321f4bd525eeb55eded7c0344aaba1adb63fdf7d1a487403c661,True
2,508,L12,6454695943543817573,1,eee30e7e38be19054311eda4ba505351723385c3d192a9b686ad7c4c8c655732,True
2,508,L21,17609000870765207839,1,de86853a2ee83b8d754c0e58ba474430d131ab83ec358ce4a6398c7d7f3e5f52,True
2,508,L13,6166362500091238471,1,bf890848c825424a96c9718b813ebc98605eeee22958554f4a0e0ba38faede25,True
2,508,L31,8465810639107347436,1,fdb455fc08466ae85c7f8fff8eb5a19f0b3368b1b98c66f730b0b0af4e0dbb23,True
2,508,L23,10294670294039649169,1,5c079b79ddf58becb37a93f5078d6e446d6248d2daf756881af5da4ab7e6f725,True
2,508,L32,15619533389029929858,1,051939b763d425f2120e1330c70762da0ad812bf4565d12c135af6317e507d57,True
2,509,L12,14293143560206548763,1,a58f4630e2a475e77d413e38ebf734f819fb69a6bc50442ce607e7b47c22b456,True
2,509,L21,3600254581018008255,1,52542d92697a1e5e2fbb1c2f741aec72429580fcea24f46285b0e75078d3c4f0,True
2,509,L13,15274910827267329580,1,6a67cb589893e3a446a9d98bf6c6024d94d3d38e366ceb9dc2eb4281c719d754,True
2,509,L31,16683357511081123141,1,9bd5579e0a5b545666c8ed0a49a827524fa940b1cbe42a350039407b404c481e,True
2,509,L23,14719726264192410009,1,6f6c8b27cb8a94518102162c81d7ec5e60bbe2836341ad92a20de7d48f2e3e50,True
2,509,L32,11540513422080931789,1,9ee799fd3f83e2b81a8c0f6224755d4b7f08f769c858c2201c24232fce7c9f81,True
2,510,L12,7303144827977736363,1,a140286cbe69b978ff869e99b762bce7c9ffaa0f4b592fca2c41ec5fce6566a1,True
2,510,L21,2127721755117169768,1,e9a6bcde377ebdcc5e2a7162c7c13bb689fc2760ff7e42e7fb25373175a16f03,True
2,510,L13,862631663322452660,1,53468651e2144aaa1d51175622579023edd37b99bdf91ba586d8b74a9a237d7b,True
2,510,L31,8484749468943339973,1,73ab35709f00581ee9b5a642ffd8ee4abc787148d2a1f8a944c97ac12cec858a,True
2,510,L23,4530636778097609307,1,eea6525513e80f028c8efc6f2d587d7a0a7cfd6df5e34ac546dcf61b544d8755,True
2,510,L32,5531278265812269617,1,2593ac130f35e4aa997b353cfad9311a3424cdc97f2c8856ff7e811e01e68aa6,True
2,511,L12,805158169782828591,1,34546a9d93351c59ffaffe96815afd57786f3132f67fd5fbee66bcce577fd57e,True
2,511,L21,12436248904100502857,1,e33ca660a5b617ca17f9046f269d26f26e3875da70a86ea6abeebf7643dacd13,True
2,511,L13,6746450341161153061,1,53353146ce77a215543d8014ab7077f84d00a4b33c5767631c70c9141ed42c03,True
2,511,L31,17734952659908846262,1,9817fc8e5c7d3ec99040c921406b6c0a7d26c855e387e9ac9fdda9a2ae9189f6,True
2,511,L23,2490281450448425397,1,332a127f536eca1cc2af09a100f5b6ac16e3785a6ff3baffbc04add037e62868,True
2,511,L32,2363077151052471961,1,409c483da573d90df7433b80a6463692be525fd2c05cc89316d98f2b25fd3e60,True
2,512,L12,17077177875876858091,1,c2a5a28e4a7e3f63c0353ccfa4097dd7569cdeff60827aeffc151a922391b7a4,True
2,512,L21,3417268230039967967,1,5238c5b8d6a5c79d4eacd3de7b5beab2a9d9a7245cad7be8433a484e358e6e63,True
2,512,L13,6423547573041576834,1,13f591e4d840829e64c61c131432b9bc03faf7e48da5ee01f99a4df85c864734,True
2,512,L31,4656804012819848703,1,3ee9e868a392ca48322f83d84c401398f22968f90d7e38dbe1ff5cdcbeaae4c5,True
2,512,L23,18308811028991986922,1,73d86452db3e4d20d8745579842151d82277ba7ea19b34a686f660265a5f3198,True
2,512,L32,12622596701756226341,1,348e7895a6c9487b32bb1f3c722811878b1608784a114fac93387b8f91c05ca9,True
2,513,L12,305734869382670586,1,c07fcfe7c7bc53f21133ebc43d1d7caf17b0912a1ef52fe739c11b6f334ebe28,True
2,513,L21,288693887501934809,1,b302973b85f56fda3c34702cfe48ca4fe78592d49a43e5e25e6edc945a9b2576,True
2,513,L13,15229237846164499191,1,ad97115f7d84147a50d1aa9daa4f7bcf15ebbfc982f110b5e0c5b0638bae51b0,True
2,513,L31,13935853443836910106,1,229fb2ee7fb444a96a85684cba6ceddb005684e7439b312304516200e99d3391,True
2,513,L23,3194838569758381697,1,f7af596daaa8add8e5d464dc3144bb839aadb99301f8e13fda2719574afcae75,True
2,513,L32,11672182126874503315,1,4d1b7780f03a017c286cff7b0f1110d1d8605102e0af106709b1e736bec9f8ac,True
2,514,L12,4479697998214464937,1,3970a4ff69cd5160d5e4cabd8aec072fbc847e541b768041b1f683efeb2ed378,True
2,514,L21,10932371373036452544,1,c906fbc8f93e334b97db9b564848096f24828801a4024b1d2d7568cc68348d4a,True
2,514,L13,14052702766742364149,1,b33660e6fd4888c7469a107addd4d91e6ed7e477518265bf4debc25fd33dd612,True
2,514,L31,15116649339247578510,1,45546b8481b94578b721cc26843513aceeea5fec73f26110fd8cc3427ad4a39e,True
2,514,L23,2351316627322074274,1,67ece2d47ba9742b87032178d5fa84eb6d10f477ab129598b97f20b8c24013fa,True
2,514,L32,5561027978434265228,1,36a1e87a06f0dd8a504e13b504494e18b742d5398ab6f39a4a13a0cf582f2a0d,True
2,515,L12,1500565229484586905,1,d6c0d144b4dfcff3f18df5871ba8dee63a666fd0bfd853f21c0273194141c200,True
2,515,L21,17400853879912535073,1,f34f89d2307067a674f487e067cceb375df65086ea84902fa034df9b67b58051,True
2,515,L13,5109769098645331340,1,580ea13fd622395c6058b2d49f6d96f3d4ce8b421ca6d9e2d782111fb9043cc7,True
2,515,L31,6865053603797031221,1,cbdedce5b6cfd197b70b9021cf6930764e40350d8da567bf9169b730f6b9df55,True
2,515,L23,12114337634074516571,1,85fd433022f731f062b41e5132ee077f43e6f6f3f3d8a4a235e87777f595e52b,True
2,515,L32,9895288314943203952,1,13a714eccd1c457dd2d581c5dbf5b5aa8ecdd244d20fec3d0e46be3e522a6513,True
2,516,L12,15957341318664059237,1,0b68681d8dd3f1730c3e78ccdd6f68891e7343fc1911876c54b3c696aafbf559,True
2,516,L21,13468535932801501372,1,9585afa854879362676e02b8efdcd14109310c73d0e1dc5b24709cbd51705a3b,True
2,516,L13,4818868222425914726,1,aec47031e81f70ea6abe141df1770f4b4ce73d15af2839341e3e8499522d6d6f,True
2,516,L31,14865422668583638815,1,de68e28e2f0930071c12f3d28120e8caf9f46c7bdaf2787a071c848b5fef68e9,True
2,516,L23,16192795273341856846,1,e8ca1f766f25fb863751a7c92fc7df7fa72271d02a571323f4d589a28af1c294,True
2,516,L32,1827617807429499327,1,cb3f496784c2cde5ac635c38c5a3e3fe8d7cccd11e7cbabfc736b56997cdf3e3,True
2,517,L12,15109357396728447711,1,dac4db995e99ac77a9a5c36e53204ed00797068433134cae4157b74eec3b6b75,True
2,517,L21,9491587407241883701,1,f3276b42f3b674863dcb836ee32d828b6a0d34051193e529d51c07f7ff2b35aa,True
2,517,L13,11080898935077349746,1,3dbc51a4fa8fad1ec7a2d68d8bda20cd314cfe3634df89839498ca6b4e6e9a3a,True
2,517,L31,7067648933066318715,1,d7c8935a4c718c95f297f59cbd6c467f969162716658650346a906333a9ce632,True
2,517,L23,1989767336694479834,1,d5a03d28e3c09806541e3790aac7f86f5789daa212a6d2b59987971a92f195d3,True
2,517,L32,11935360051935304176,1,b434d4667d257174232c299a83ef1d18a107cd0a7645fe9ecb35a59bae0d2a63,True
2,518,L12,18252917831851221996,1,de41de75432b68785b8e904b2f1f4b434a5b7bf2a09953e783d3a7710937088a,True
2,518,L21,1783258402184494915,1,b179b92bffcbe429f4d42ec2ec2bbea46831a959812331911c2434d932b7d707,True
2,518,L13,14595069363917432863,1,c132ed878330fa4c77a1eecc76f850c2bafc380649d7a252f10b03b6116ea47b,True
2,518,L31,14405282483535735040,1,960cf1bef1e8e7128d172774dca4d78c2d0fc1290aa583b428f146e19492fe8d,True
2,518,L23,385250901632198765,1,c0122208db53625bda3dbc1ab7f7a7e9204d5606c0075f28d1732247a9bb8269,True
2,518,L32,15216836857518973020,1,cc2d59ebd5bc9e266b17816a2fcc381dbaf2b3f3e997866fa22fab9d5e2f4000,True
2,519,L12,495543273773861965,1,3bbba7d185208a1e0058bb2083541d077ca3a51df4f03f9efbc453cb0f8bcf17,True
2,519,L21,18230941223291209473,1,6f984fde970c3a1b0c12e45450c9b2a59602a6bd0f999ae768fd0d9f8bcb29dc,True
2,519,L13,2484148306550594517,1,a1c263653e5d59aa7a74255cc82e2fb2ad1890025f5088343361e7465c54124c,True
2,519,L31,9727281367666433238,1,55c4e203eb454dfd38e7351533504d36a07c91f89ac46f419c97dd774cafb0a0,True
2,519,L23,837726248668236513,1,8814cd42703288c987d60d81201f81292e170a2c7bb96473f1d8b57abbe83fb4,True
2,519,L32,12439956015257104939,1,d10ec39a4c82edd3c151c3afbc571304aa8ef8399c47b9b557c2d71398fe7f2d,True
2,520,L12,12960573899244135145,1,74de4fa66fda9ec878f659a2465f07f7f21ee92a3b899548408d856e71b57f72,True
2,520,L21,4694007333370554104,1,d4d042f388f96defa5e6f0eb1ba4f2d61acfcc0dd2cdb1ce10e956c556685061,True
2,520,L13,10240085225656068135,1,1b52770c57de180b9abcc0050e143f192b7569be5b2071dfcf2fa3873ff70e8d,True
2,520,L31,18172053320694172136,1,aab1c7effdd91b5346f164b1c43d245703d11ece4e4906388571009966fd46a4,True
2,520,L23,17844964450398501455,1,e6e78c868ef7832e9bba657f859548206b939f33b5ab414bf7274f7f4471ba0b,True
2,520,L32,6514586816243075976,1,26346992a7a018449ff886de01c109a434357fbaab74996bd1d86d0be40e7ba6,True
2,521,L12,12867601977173987722,1,5431ccfb6a1ef169b20ebeec64b6f5da50940f2e3e50a0cff1ef03cdf0885a14,True
2,521,L21,15547775331967287560,1,a8ac494a29b1ffc1ce4aa44b4735755fb3f1532b1b9984bd0ef550f5a27239bd,True
2,521,L13,14865111671739374614,1,de58cae2140b090e25c5a545e27f36f24b4e16c1f68bfd36b9e592390768cbee,True
2,521,L31,152019507575638660,1,8df2f30906eb4a56b44f64392ff7d3f8851743ddb0811dacad5b11bb185e31b6,True
2,521,L23,5334630109321886852,1,cef27b30040742da1920f21b1e36dfb6d9dd7dd7981f8b1ef27ce6f1c06baa36,True
2,521,L32,4233311698710259112,1,667c0a2c85ce1fadfa849deff125fafded68ce63950750b4d1984758e8a1f44e,True
2,522,L12,17650935813322733545,1,8746efbd1856f8fd49dfec1ddf5091118c8887089008a76f79f10da86915da95,True
2,522,L21,11664488729622274474,1,41ed0d0479375c084f72b011d822f95e2f0a4f753d937e60bd0c670719ee4d12,True
2,522,L13,8347011963752449740,1,711385fdeb1bd3aa5d139fd4f46d5007456895593afad0aeb29e492704595a52,True
2,522,L31,14614141914120138567,1,f40e0d5d3dd4eefa8b901aec4f17bfc29b63033d2537e7a3dcbbfcf1270e4837,True
2,522,L23,4426158381220447351,1,666695e03836e30593fef754f037d0d7261171b1ef1d54d960c792328e09e414,True
2,522,L32,2315270906277822205,1,56a46fc1935ee3b913ab9b021fcac3747b6bc8bdc7c1a8a67c833067e0d327ef,True
2,523,L12,17979280369986763258,1,7457480f73b961830d3f6a91bc99482342e157e151df15f8091765471c169fac,True
2,523,L21,10422044494379781550,1,d821da5db838c6f8995ef8f226ff137815b3efa6ff39c34b8efb8a63456ea5f5,True
2,523,L13,10618578115798782536,1,2c90ce23acbf90b869a24693b2d76f78c5e0136efca727bdeecc94881978fd69,True
2,523,L31,14303938661536149721,1,396e988f3faac9dfc8ecc77fc927e20e425c697009545f733aa0804e38933f45,True
2,523,L23,4517336777518838392,1,54372df5ee60745a642962a08aa20d99f3e385b8c1d6cfa72be9c79a7046066c,True
2,523,L32,5805009023950068760,1,bb6a994dc092de72bed69e185bb5c09cabfc71e0a1aaba2475f65423125d99a0,True
2,524,L12,4119797790275984713,1,d0df81b360e75ad27e0df4cf75cd1d74610aad5b191fb3d8c14b4e3a793025eb,True
2,524,L21,7491952090955369388,1,5d2dc6b1e6b27a41258806ec597b98ad1c3f3d7aa59e874673c4d467f382cad8,True
2,524,L13,16454684145636103805,1,62096b1485dafa3026f22bc39471e8dd2b72b5220083fd04733d0ec7531652bc,True
2,524,L31,507462628085280209,1,d7f09041a41fc5afb68ce771856c566ca86badc3da757c150c6a41c338549c23,True
2,524,L23,7721220823866845872,1,aed3d666575c6f2ae30a435251c356fcf7e7e4ff096146c2e5558c302f2f868a,True
2,524,L32,15956432286545762197,1,fe3b7f3a35da30d29442f65f2cff1d491ef40be177caedcf256729032f4228d2,True
2,525,L12,13504629761845048158,1,7c1ffb92537371a074ffe9a6ad5ea5a81b9ddf61f42800c0351890e326185133,True
2,525,L21,2465686160503951304,1,3f3a60aaac03e1ea472975dd78da39ed0524e5dd8f916e9e3f45e6585dcd25cb,True
2,525,L13,6962038969059614057,1,a3a3fc8a59c2062576b96489a22c0ce1b478ccb3604b5bc491670a01d86c1ffe,True
2,525,L31,6027445625590965286,1,63755ddb093a8d9fd4e74b9cba4d44407a484e283489ce3eaca74e09bd07c4c3,True
2,525,L23,400866181639471711,1,5bd71716e0eb652a8787e9e595d94c49d40da669fe7ddfeaeb1de312094ca6cd,True
2,525,L32,17086670476757893019,1,02427fd3c73df6b95143c7b94ebfb3c13b0df3b2f20dd5f922669dc95e2f0603,True
2,526,L12,1429306594647800224,1,e666f65df030b8a6e814e094045e541f023e699cad7b68c352de1eee6466d693,True
2,526,L21,2297433261283308856,1,f745dbbd1e22fd319dc16bf902b126aecc4e1150ba12d2e8dd91ef75a61636c2,True
2,526,L13,1942361783448814443,1,998ea1ac63424d33c30b2845c3c1a662d594a6590bcdfaec27da6380693e8470,True
2,526,L31,1112429797300597133,1,684e66a5a99d304f6486dcac27a37655309cf18316a23dcdadd6d4a0341d8a51,True
2,526,L23,7457613601393217119,1,2559869473ee42fe58d137474fffddd1e69bd366ff5eeac4f1394a8b4e867cba,True
2,526,L32,14802534884586047348,1,488c628b026d0dc4952f4d65473b14034288e677045e40b43468a322b6c66a4b,True
2,527,L12,3169047099843004581,1,ff69ad2f66e7e1e5daae9dddd97332d0aea136fc748a784d32b98ab605297d95,True
2,527,L21,15299571223899467874,1,e6be2297c9ceb256bd18fce1c2514a2a85dc490079a359bde9a32bf6c0ddb88c,True
2,527,L13,8298563766037516423,1,f862ad552bcb5ba9ea3e30917f1d6ed05aa757c0df329f9858fefb1ee07675fb,True
2,527,L31,3988165810571769293,1,60abe3e8b78899de98dbabbbb30b8adec759171224687fbbf44676bc0aa4ecc7,True
2,527,L23,18386495348891214033,1,9e687cffa432539f41a06628c3ab59c357171a71045dddcd1d8c3c7c29aa605a,True
2,527,L32,15951137394037043024,1,4fba6340ed08069626c71a3c29b92f03b42f7e69c109eb40d8eabca1841cbea7,True
2,528,L12,18301900644395356262,1,725372cd41bdfd8d08083bc13acd1fa15619fe09d4e9144f5e1e527485f52eb4,True
2,528,L21,11370369483045603486,1,89af335a5f046704a831d981d4ef839b1f29a3a12eff19490933eacea955091b,True
2,528,L13,4386826061271341170,1,fa78113155ce9616c5a5a310d1f60060b9a2f6a6c3c6aa633ccae8ed0883b6db,True
2,528,L31,14446769551088054128,1,eac87b22abb4d8263839b6a2ce51b37948a5efc5b48caacff560aa153184bf88,True
2,528,L23,5954039622624225040,1,df193c822f7a5e063176b67b148b05486f3495c2bdbf5bb50f0ae8bdc54a326f,True
2,528,L32,17190881044579554275,1,1eb7ed6720f14a8b76486d40b9da7ed0eb46204d6b6e0389c74a27549e0e3635,True
2,529,L12,13429241729659034932,1,1f7d2eddda7ff01b222a79a03e83f03cb659938adb84cd0960bdc6a6523c756d,True
2,529,L21,1652986293514627535,1,e933a9d673ed9f45b82cc2a07ea7f8377dbd48c67c5bea06c8d6e5ac192422d1,True
2,529,L13,14738391327603689881,1,784bd47a4c7fa862fe5c7e6ed5281bccad336eb3c954a3e4a0b1bb6ed0ccf1ac,True
2,529,L31,17023995231611502054,1,dc1c82baed241c362f49ccef9fec9a147ca88e2de7e385c28b10e324a5ee4d3d,True
2,529,L23,13272109305347524108,1,a6003abb39b8d8bcf6712a20dc8c3ea05423b3f50949f86ab5fee0ab663d420d,True
2,529,L32,9233654741541727735,1,535f09515849ea7ea4db71af36b79f96cda3c25069a0585d1ea2101ce6e28d75,True
2,530,L12,10029206910000400107,1,9d0bf5f750c8014e4692581fe6e600d1a299916499c229c17021a97d456dab18,True
2,530,L21,2692870887839151536,1,6c7ca947fc88d2262af92553b4a8a7d406c4661e8e4aa90568ed1e7a967ae470,True
2,530,L13,2403609120637540426,1,0baa1fa133a18ab7af8218e654429ace2d9c4a91c2a8b20f826039449cc76c7f,True
2,530,L31,2577743526406205901,1,c36aa497bfccbee4f445dd67ee54b348d3637e9b205355738448fa0cc430df3c,True
2,530,L23,791519230671370992,1,784260f2f82c27538fc38b933c1964acb5045c02893816094e188b720e00fc91,True
2,530,L32,13353924184561092598,1,568cf8580bf27699416ef6855824b0e3f87a69c892466910da71bfb1d5566a47,True
2,531,L12,7786337415642412364,1,991ecbb5ef2f6bf253faf2a1db43569a7a387da93cb53f880f354a6b734b6f42,True
2,531,L21,13981946867968721021,1,ee41ecdd95512017e66d54620ac56d8d450f8b9f920937ae1f6e4d3bfc72c1a9,True
2,531,L13,16255350791394360975,1,e0981a7b2db349872e8f6ceb560231b01c4752fac06008212386c4ec678f2f0d,True
2,531,L31,6603970526761588877,1,befba9987b1617c449f38981d3bccf5a194718b7626ab3cb33e91a0c00fbaa65,True
2,531,L23,17900619153485972977,1,6a7d908dbd7be7bdb835ca05a57b0229372ec237ea7faf49be9ba8c0f14c5070,True
2,531,L32,17526460898703082744,1,f70cafebf985aefa00aea62b0b09a2456056727fda250a9af651f857fb4d8baa,True
2,532,L12,5240698009945498337,1,8f34071e874787563749c60ffa543d71464167c8fe8efccd719e3b0957de4eca,True
2,532,L21,4375472354938814084,1,d70df151b25d642b58ca492befbe9991a92ab2d7450f8116294a7db6d20a297d,True
2,532,L13,14173653087072538636,1,23892f975224675137a1e134c9423e8436939f8de0b96ceac3351b99d8ede713,True
2,532,L31,5585660421137798908,1,36a7aba6aa3e594940013703d370f0dff1bbd15773735e64ba78905bebecb32b,True
2,532,L23,3836541427467878995,1,174d82d9c4ac4ca8af9b392cbcbd6ff71c2542e313402326475be5b0e803bce4,True
2,532,L32,5671032468304000182,1,ea11af907c8f5404f3422dac8b5dbbfb75c223533abdc4396be677ad5ff00859,True
2,533,L12,3950233757254405360,1,acd16ee241e59799b9890460154d12fd45b7af00b4b035f2e698b560f5cdaceb,True
2,533,L21,15181712916717949960,1,d249e0bd50a55add3111bcdcd6ecf1745b3b87ec33ec0bb3b2e86f79160ef929,True
2,533,L13,15562701145313969976,1,5db5d997bad6461de12dec2d00ec9aa9e96e2cd2b86210123412ed41016fd9e8,True
2,533,L31,8189135923818831909,1,887c4496082f808dc123742bbd3e8e06e4ceadbb1b2507448db423feb2b63690,True
2,533,L23,2344694755367051189,1,2649270c6b938a9f8bbcd09a467ca6ecc74047fbffce97f6c0223eef6ac49fd0,True
2,533,L32,16598015681989752629,1,63965d38f26d3349e7e09ae0c286716dd22ee0d0eab6e630d28e16aceba0769e,True
2,534,L12,13083340251195341718,1,6383b188a57812bf585a32640549cc3dd300a7c3dd8b5cf4bd51d88911cdcbc1,True
2,534,L21,5054624494282411173,1,7fa2ecb71208c5329fb59a7d3e01df9e274cf441e2be298c41b4a197b740c3a4,True
2,534,L13,12957615372683966673,1,d6e3eb141d9062c436dfd0457e8eda8df256da7e224f216af621e59bfb35000b,True
2,534,L31,11304491084668290952,1,cd37eba0db065226afecc156a9b6ed9bfb1373ab8ccd4f556824d36c13910ef0,True
2,534,L23,11899246542251956246,1,b558b80695d4bd4425ad894ecc3c618e69f4b3a3f6e277a48280e6d87b691a10,True
2,534,L32,5355804894528057287,1,f7f98995231cdee57b2946e8bbdfd760d23c1c908764b7b17293c309de293c0f,True
2,535,L12,10632310230246291199,1,56e6ff496c3bce85c2020eb39fdf4846558b8081bceb5c5e7db58544132b8378,True
2,535,L21,5461897647054629804,1,cf100e9dc3ba0ef470eebaf6ec516ec7663c4da3c17bfd535643c32703445740,True
2,535,L13,8643892276891668347,1,64f2083593d136a9bed6a196b5d02fdd352a8bcc15b291d4eb482978e93e7288,True
2,535,L31,4857141743263978274,1,752de5948737db609cb49c03379cc833e61a3c3f2c3b992b4e507dc30fb1c8d2,True
2,535,L23,6847592312256988210,1,e48ec34df61c9bcdf8c2190f94034c54ee5ccb1621b995e28093b19574034b75,True
2,535,L32,7292127324599631888,1,a226c2bb0dcb684251080a7838654c2523b4f2e1535227e0432a19acdba138e9,True
2,536,L12,2281789734451011996,1,9f573e8538ac534ecf549652f4851f2283625845934fa6000d7099b2656f896c,True
2,536,L21,11880040411498741387,1,93b33c595a154cd98597b5865bc7f855db413e7c5fdc65309cf85dbf986d9bac,True
2,536,L13,4552450598920754798,1,c3d863f2777e4c091c3933fc7313827cb653015d911929198104ea07df8bf6d8,True
2,536,L31,12017516768065925969,1,d6e635aa75ae866de81f15f260d725e4eb7a839bcf09d03188120440138ffb38,True
2,536,L23,10951724826663966307,1,c51d710a41c6bf4db58de97097949695ee348739283f2431fa4273b135ca1826,True
2,536,L32,11401124683734790754,1,70f4b16dfa2238ddd23c0fbbe3b07840dfbf651a25816a4e104a4b978c66f7b4,True
2,537,L12,17945906311720345926,1,e47ea1ed9a1c9c4c0c743f3484047d488b54236bd2d52bf202a77196094ba02f,True
2,537,L21,8661050790201746809,1,8e9d1908bd185470be678fb1d9570b896766b0b37127457b5ed646d5c9480daf,True
2,537,L13,16781196142664181390,1,8d76784c328c2fcad9d838a36c2758fb9dcbccb088b9d807c0b7438871358693,True
2,537,L31,13551977772681024983,1,95b92cc9b1ef2d6858d80c2977bdf5a0d376d47b994b60ca006e5157698a0541,True
2,537,L23,729819736377106435,1,7f7393fdc598b17d79a782ddb86867ae0545c8f5be24ffa855f52f76e0bd1cdc,True
2,537,L32,1092984237508808125,1,1a8ab47aa552650abe6e5481f2e8a5e62564b8cfc2d0cc604f6b435e38ae7cbc,True
2,538,L12,16882425874021403005,1,6c30a57aa4be67ecefd1c0cafc9297ee9016df671d2904f4baee8dc89cc1fd42,True
2,538,L21,18260710871947865277,1,0ed7119129f04da883f46330bac76af50257d6e29433cf97465ac0d32a8ba776,True
2,538,L13,11172980679424355350,1,96d98ec9d81c5dd87bf14a9f1377cf4057978386246b8b2d2e2a075b93464265,True
2,538,L31,11925463635297058830,1,c608776c6cb06e0b720e414371d1582a4029738c726d982b38950bb9395ea472,True
2,538,L23,3465429136129644639,1,0dd2fd4d8334642fddc092181349d1b584b32a79c547e27447546e0c402a67a6,True
2,538,L32,1012108505121920178,1,45c8d22b5a9eed3c84d0c011ce0830a0592205ddec0ff333dd226686887f779d,True
2,539,L12,18422687027665296599,1,36fee4982ec877ce77ec99410471c7f67c7e7ecd48205f3608e4310893a84c51,True
2,539,L21,9418403919576466498,1,41a709300637ef70a02efa40c7544e8782b4befb4d266c587f8c3d608c5955b6,True
2,539,L13,4754522812955249309,1,d8f77f9d22fcdc947c8b3258eb4233c89f947940413baed8b8e8793bbf1ec2ee,True
2,539,L31,9534324122931029605,1,3b71e254fff5dc3d8b3a4c0d4972f55be4125db2f9a255ac326210f2db995165,True
2,539,L23,12152708159970477238,1,21c263fe478ad4b5439ad5d2ce8915cf5586e180cf79b060cc5264e239a991d5,True
2,539,L32,16876665993068832349,1,2c53591ac159423789f55bd6aa1cd86fdf848197a54790dc59213a020395fddd,True
2,540,L12,17723151270043310360,1,4e74f13dd474d10f610810622510066349180ab80b13be3044dd6f734fab91a0,True
2,540,L21,13652187067574004214,1,6142b364ebb7b52055e58cd5992d61334e0cc394ba20866ba2918a7e1872b5d3,True
2,540,L13,14818366674705918206,1,ab1506a051f7dd4902d4ef4a8f5a3b9958af14c0c9ef8915bae778bfe8e7a7f0,True
2,540,L31,5539846139100330838,1,2f4169e1890bc84346ea595f53cc7d4365f686901ac78a0592117883f1d669c3,True
2,540,L23,15299511086883501520,1,2b43edd0f717c482289981cc186139ebf01fe33c30df29b1b9c2df31aed4020b,True
2,540,L32,5164519135176411642,1,270150dd33cf6c32d4d007c4ca5552a6cce6ba4aa75e826b67f1a82cd2b4b2ae,True
2,541,L12,13112421556639388354,1,2d908e6b57a4a0737b7e4982a8e941eef2d7a5cad33126f2cce3c7af57f922b5,True
2,541,L21,2879561442206939843,1,62721473743063420d16a49902cfdb21039312a2d7eac78f0600e6ac93188f8d,True
2,541,L13,2562038132807122050,1,42062045434dcd4cd0f9ada9e313b88e39582ef3776b930ba274a3bb47c8533e,True
2,541,L31,11436443983417944695,1,476bba1da6015f1b0f9a95f84c557ce1db030898cb048aed3af19f5a0f1da720,True
2,541,L23,14956740611963330227,1,fc67d6e1157bc8d8d35ad7c1a86e303ffec9bdcdcfcbd0f938761f16220fee8a,True
2,541,L32,11740660569799312157,1,6bb56ed8205e609a9924e76b085ac26b78f4a524a7d6202e9e29c55b14f3ad04,True
2,542,L12,7082643152372452601,1,a5d20bea4038f2b90a32be3c97ada66373a166472793152fc444135de3837caa,True
2,542,L21,3592156202570880275,1,402a67e40897ccfb2d94e4e8348edc9359d68859b4b0217507ee21c8393e029d,True
2,542,L13,11023600270197449047,1,594223089d77918a3de7263f0fa7f36a5d3bec949493b701deeb725ef3a39afb,True
2,542,L31,10714499665474329179,1,4c70337d5da3f08a0185dbca6bb6e0b0a9c50c0bcc437a7b81887b5590770138,True
2,542,L23,4462592146444232613,1,08eb80fafc44405dc03eb12c16c20866008712a13a3ffcb079c55b964c839fb6,True
2,542,L32,12253908055815082300,1,c01857d12f64787dae4678ea59c4051d3b8e54490b8ee46f139f2c29bf6ba6d6,True
2,543,L12,3456832490211709156,1,7b9755750f11a2390b6bae616593733c7de9d3a4378dccb6439da529a5c2ebfe,True
2,543,L21,8698199575702543728,1,cfae353895725ea042e167f3c4f8d0ab5be0cfc17e9c0b77677a253e4d7273e8,True
2,543,L13,17516321871207460133,1,3e8d3cfe1ba3ddfe80dd774da4f61249d0d4254fbaf9548a921cfd67be7e20fb,True
2,543,L31,1278980792905388618,1,acde1e7dd69d175bfae3ef8cca51d8b13ea6237c7a8788c8ced832d084fd2155,True
2,543,L23,8809167479435478913,1,2ee8bced65fd686cdfef962d513b289368d166ff234575e128cf9e5f26039b5b,True
2,543,L32,17058272283645032875,1,209dfe838a4908eabd2136e96077e35a91e0517b25b6990c69d5ae2acbf0a23e,True
2,544,L12,14344236076770222093,1,d8b74f43dd3034207eafbbf467ed020b1a00f0faf263e2f5badc8190f7be49fc,True
2,544,L21,5414267873261187142,1,05ca19b870225851a421c8d919b22bad9b2d8432946557c09dd3684693b9065e,True
2,544,L13,8667970882155935165,1,4ffcd75e3750d9179d93979908d0f32dd90a12aef67dc79b10959041ab1d3b50,True
2,544,L31,17226199619926276516,1,1daba1be130daa650e3d0059b50c3767ad8a659899b24fabda3c0f56bcd9359c,True
2,544,L23,3451748901940967399,1,abfbef0c59db8af945c0ca7f5f91ada8c02e46c029c54990553d757eeeb2ddfa,True
2,544,L32,11714760711619967679,1,e19b5dcb270332df75f03c930a8df829ba857793aa68af14d7390be4d2fa161d,True
2,545,L12,12737226465166347772,1,d6f4a1be09f6574a9629dcb3c5a23ae4a1aa642c13afce19b09cc867ce78936d,True
2,545,L21,6527620660833269744,1,f70f5bdc257a0358260eef05f2624ba8d3a5eb71e3a2f2cf95d27520f564de05,True
2,545,L13,9741343566442976333,1,977cd5c87748d66b74b4ebc6f773d716c4241e0f78c4a1e8f664926e312a8e55,True
2,545,L31,269357157625600931,1,c0425063d9b0f97148c256a179c06ca8c77ae0345f651f033cc87bcb0a83a3cf,True
2,545,L23,15783450962189180988,1,22f94e2193beb9b962176ec94e594cacf26183f726f633ae83b19e783fe72c45,True
2,545,L32,4985533332277951897,1,25b2193e62d816f84878c381da585f1bc9b082a9cad007ce17908bdbbca98457,True
2,546,L12,9851326840659829093,1,ce3ea486c12a6b46e01614336c09dada3d2f8eb612355294e3ad7c34bbdd8582,True
2,546,L21,5656475078066900996,1,93403d72230f8ae705528ede0684b6e63657415d214d1e3b70d679aea86af875,True
2,546,L13,11155332300943973203,1,7e175cfe4c02b7c3509d697c3a00c64ff4182813c4839fb854dc57193b0c4456,True
2,546,L31,13869565907752473014,1,dc2ae5d18b5d0954b9f3a074f1d4648db09a9ffcec505062c392c75729049785,True
2,546,L23,12790674202240217320,1,b553e28192ae663c49899ac1b0294271d4a6c948607a520070a45bf6fc3d3b82,True
2,546,L32,4069576517757856006,1,57c50703accc8491ba1dee9662552209cc0557210d8bc4efc58d70b31e11b3ea,True
2,547,L12,16749904874976095842,1,6208a6d41aa0d4469f533bd73a17072754013a007883f4efc5e734628a630046,True
2,547,L21,10069266185325388853,1,706c43d8a3b084f1962a92ea159713360423da60c12fde58f796943da3e41fe4,True
2,547,L13,11476242648081470788,1,62c8da950d029e364ad203b6f91e67f0fa5c36bc4cd4a3fab1c04488eff79470,True
2,547,L31,18005431242904920549,1,49a47233a343de3379ed3d39e12df0c961f2f60a12cd1ea034e32e9bbbf92125,True
2,547,L23,15668436849788409394,1,4fcd92b95a6a2fac5e732f3ab5ef370bf877a79567293fb8c596c6216cbb3f92,True
2,547,L32,797785783889808112,1,324958f3e8179405eccc7023734563050d88cc884b7dfb8226b6084f1c3cc784,True
2,548,L12,14029031092853657224,1,92ebb114c64d5bad5a606c2187194a3b8c25bf80fd46062e1c075c915a143aa0,True
2,548,L21,5268657885232600864,1,136eea13e5dbb8e581a337c16e03d35cea3c576ff1e6e2e402fafe24354768f9,True
2,548,L13,18251654838375885244,1,04092d2b6ea63b4b735da259c59e29b047573e9a42104ea2ad96a2bc2afc1d28,True
2,548,L31,5027105111239269085,1,74b162133e4cb884e76c5461804216fb01022c341adcd3bc777e61827ba7a0f8,True
2,548,L23,10611759672942134636,1,045723b2212cdb91b658bc83b45a8244bbef7657ce1070cdad22754fb30e243d,True
2,548,L32,13745014265359256085,1,75816a963436eaf7c60f257d79611ed6bfde966b7000267f708d51784b3bbe6b,True
2,549,L12,15565134824517348976,1,e613171d10f8b46d4ce92bb667ecc322851d0071270049223f1c039e7032e692,True
2,549,L21,2008300594863856621,1,81a55723ca01d6d87f81ac48cd9c8331ed8d65db0b7d564ca501b61e1174e0a6,True
2,549,L13,8608244011407486468,1,d873c0a07db950c67e8fe2543d11af7bc17c882bbc08daa171a636d350459b03,True
2,549,L31,5731731743702352946,1,8102121852b7176b467cb98ecf02b06acb432572075aeef13869331ccdf08ee0,True
2,549,L23,10991558146624561552,1,b03c54dd4af9998e239baf765ed226e5515c0c438750a37e3f3a1e08667adc4f,True
2,549,L32,1104982495557080070,1,165db6965ab6020115dad7051c42838ba41ae03d0629f2606fd4cbfe8ac49ccc,True
2,550,L12,17642258605586523362,1,68848ddeb94085a845ef3e8432aed44e6bfdf5401ad2359861ed8ccdab77f4be,True
2,550,L21,14995080163300700859,1,405708e1c0d951013f0de460a21630e8d5046ddccef55cbe2863184ce116c897,True
2,550,L13,12830701065466691929,1,66b19fee5932274514f3f2b22ec7c966e1c0bd0320994edde809a990e56d0051,True
2,550,L31,9118568051866297427,1,7534cd64ea02efc796305a4c9eb86db8c48238b5671c88af03bab40da29c99d6,True
2,550,L23,15856021488055937432,1,1906f79a31a23cade61241f4be798e78e674020c68dd2a64dc1631bdb4065e81,True
2,550,L32,792212902756319999,1,bf9ff97b6e87d309482aaa83fe7499496808fd6bb56e166345d3573d7823a6a9,True
2,551,L12,16353734536519193542,1,02b49d19675dd45195754ec24a71ec1f496f2aa6d421e0a2e6939611c235ee32,True
2,551,L21,13822729792594585814,1,076f7d31318e3f5a721c7989dcd85aeff766bd2ab6285ee91f4b8a753867cdd0,True
2,551,L13,7920561568032519024,1,f68d53c07eb88cb74951ff1bf3e2db9af01ee1b380eb7612cc89897b23a4b621,True
2,551,L31,10730331230894248391,1,c636abdc44dac23e134f32c356aedb39a4bd3ebb3bb2b5b319ba933f8bac515c,True
2,551,L23,4646260839943031788,1,f97df3b8355e4410db8ee4184d3765206583992951cbaf4dccac8092492272f5,True
2,551,L32,8733600130870693833,1,4c35a265426c689fa7419da740c3456767de8ba78caccab90431377c7b305c88,True
2,552,L12,5140378328751634829,1,0129cd86272f9ce9a005d508a018038bab567b5316bf607f0850836c55a56ef7,True
2,552,L21,3491886237300426023,1,4b501faeceee1fcde6b29b1350731757bf0f57bce104ac287e7104160f8239a3,True
2,552,L13,14516376895556198892,1,d29a73396a5970690c9b1c0941c38833bd5a79b35e493ac13a8b0297979a2adf,True
2,552,L31,15232288547074176935,1,ebb1645504e5bfdbeec17912e31d2cc629eeb825abbe9e3a8e188352b595a046,True
2,552,L23,4684576932869595601,1,78c6a18a402b7a97ebabde968db9227d0cf22e0b65513290355b6a4e7c864865,True
2,552,L32,11366218993636189849,1,a4398cac82ca139ddd5e20e2750a4b1a0d1a36c728deea6be30a58b7bddc2c78,True
2,553,L12,12029940495995816208,1,07d09c834b5edb910d6831443a0dbfb5b6fb2a3aab970046c3469a897e93078c,True
2,553,L21,11069829097385530421,1,ac06def44e953bdaccbeeb2c44d103b56c8bc8d4ed2b1c0c02a299105d8c9cd7,True
2,553,L13,11523124488016124353,1,b763d0e91aa2c220ec400544e0ede6b6b6cee77a9dc06c93fcfb0bc8a994bed8,True
2,553,L31,9236692327809218490,1,48dc29443c26f232b7bff67fc17ead72211fc1206b5447ddf4549439b4cdc161,True
2,553,L23,9912450892363670046,1,aca90af9d205cb3f9ccbd5c05f5cddfc40d149b0caeed5ac9fe49521dcb64a73,True
2,553,L32,9546148585457083046,1,fa7de79c3c758c00dd80a404737e0e41e5b4df3689b835f95aa4e4caf45e08d7,True
2,554,L12,10568161451697619877,1,e607d6e9b7fccedd402131ab165b976db10f7d7f108423864637bff44870cdf9,True
2,554,L21,16259774533307136946,1,fe753453ce71a9178ccb3066ef387125b76f6fc7fc22152352dce8e4ee8fc0cd,True
2,554,L13,14112632589534073729,1,6e09e486f3d6ac72f2db7bf561035794ff7989ee367258e95352d21e6b0a6374,True
2,554,L31,16672606414828541311,1,5540b406740a0c66a8df86dc82b1eb298d06416f947c3497011ae22988c7d308,True
2,554,L23,9402157086654822167,1,2593580d981961dca32c78ba0752bba3d13e224d0a4c7e2254cbaf0cf84b3098,True
2,554,L32,910756089160944830,1,00ef88adf32afceb100b4d598747229de9092099e244ab7d4b84f2de0ffa5308,True
2,555,L12,14507378752162124639,1,45d0708c38dc100a1fbec19dfb35a743b8135c418686e76926b29ae2008f703a,True
2,555,L21,4915942395993177239,1,d4bce1a4a0451bfd755930ce73b996bb80676bde4fdecbe1997ee8082437469d,True
2,555,L13,7736635758059186048,1,a032a7170f717a2aae2ff7bb395a34daa27825c3f324629a28bbf805d90edb5b,True
2,555,L31,1198386295394774717,1,bd77264c10a2aa7ff51b0a53766f747bbf179e6ce18501663bef0f25f82e2abd,True
2,555,L23,3653441346806028729,1,097b53897bf01e7bce936826223ac89a832e7bff180ce91dc610e40045847d7a,True
2,555,L32,7766644608811642020,1,04115c5a069a127b574d9df5c3af5c68960d0d6e771e30c1684b302467d486ed,True
2,556,L12,17997138172348297510,1,ca70a5849a023d10ffa610f3fda32c338d3a69dd8451601c9b525d4f530612d7,True
2,556,L21,8413218841335381721,1,a54eb6d80b91eb5a9446f9923af8787d270ca7862c63eed36b230e833baee083,True
2,556,L13,241662830043601936,1,e4c75e10bb989559eb077c2ff089e15e202806f3960492686a942a17a7794087,True
2,556,L31,1144476097244257132,1,1bacb845ed635352c628d6fcba928c48244f733687c1ee13b6dcd547a35824ce,True
2,556,L23,8616929053518723906,1,a837d2424bec010316f328b9d46331408647249bb04a8f7c91089d1689c07fb5,True
2,556,L32,946250727990435974,1,bcf22990522324ed90afdd29410a838bf2a7a84d610c1039a8ffc1ae2332bc0a,True
2,557,L12,11521399134275326400,1,69d45dce8fe5117eb7e300d05251e586d78ce6809c859369ab2aaec70f5e78f2,True
2,557,L21,3774759742305253949,1,6d6bb6fa4345860d9185e8201c86ee0af1667d6b9609216bcac251c0f374941e,True
2,557,L13,4629445107508010657,1,586ee76a09e9eaeea9e8132654aeac70e39f8f69f819a445996432dfd262dccc,True
2,557,L31,2412474784837291879,1,04811250b50fba68b459151b560be99bc5d2d1bc605f7ff24c5538d84b7c8ed0,True
2,557,L23,10880346005595243666,1,5fa85b774b41762da1a1251b34769ee09c9adfc44c03c88f3c75c9b0f0dc48d2,True
2,557,L32,17661725868300038069,1,7537b232df1eeed3c8c208e4937f6c197908ef23048a2e00e958d4f9904241b9,True
2,558,L12,5449684073181988261,1,759601339eddd322d2d2d94f1f4b7a40516db526ae117b31cd56c6a08aebe717,True
2,558,L21,4051953959599889923,1,32a4532a9ff1a466df5cdc87d7fc36848e03cd851599546cd6a460e51d0dcc6a,True
2,558,L13,2542573283119728534,1,003a32d9527e8781b8bbc81bab4c1f4a2f916882ec3a97dfac21f168471bef03,True
2,558,L31,2052571921684572047,1,92dc21347758b96d4555b6e58005764ffb3c07cb4e07251ceda248af5948f38e,True
2,558,L23,7465883000449423016,1,8dbae3ab0320e003b6b52fa45b7459b4fd3fe1050df93fa8b1f68592d8cc9e59,True
2,558,L32,3179692164756027681,1,76041b51745898db68dbdc97ba32339e52dc55f3c3b6a570fa3d22ccbb7edbf3,True
2,559,L12,10272912763186082663,1,8fe4b8c0ecb8c1f80a4b7b4d09afec8ba8b8e47c2a698722f977213b952f2dca,True
2,559,L21,566180924617745226,1,4c5fabda1aebdca2ab5a68ac4f88967ab217af7d4705a32cc6d988e6f186b22b,True
2,559,L13,475150413882149869,1,410b360ab2d05b61be2e795d470852b73d0531087c2ed1d3205badbb7b728054,True
2,559,L31,9124646555002446920,1,45e34a41334fb860389d9ca7eb1aac9dfaf4eecf21100bb4102e7d7ca175b537,True
2,559,L23,13272386230349879468,1,89191c413e4a98719f5d7b5926a91c71d6fd4d6453a4bf2c661299c2b48058b0,True
2,559,L32,16374512874943905760,1,bd6b96613658baadbecf0e1347ed98e9080e14eb69c6137cedcc6c83f34441f4,True
2,560,L12,4978878363683288091,1,d101bd820babd32d8d187d3b61744c4e45d9842d7170c5bc66044dd2dd3359ec,True
2,560,L21,7623689154954354234,1,6b8f46e7c3bddc8c262bf26277affddda13010be35f3e20ec8863cb5f69c055b,True
2,560,L13,17260066236626873368,1,4ecac30cf3a6252f3d670bd30a03f9a8752c54c23aaba9b50f94fc90b4da3ea3,True
2,560,L31,9476359301272869622,1,fcb70b7ab0616e679056d7a28e82a9d9449c89b31b21c2275495d103ba55e621,True
2,560,L23,10431687312189345560,1,ea0a263e428287b1ab9d4ee22fce9f3b5f7bd419d8eee0c641e01d3e2adc2143,True
2,560,L32,15993002352249480064,1,888e2cbc07d1553dc8bad159bbd4be9b0bce7a650d0e293aebb542d2b682d568,True
2,561,L12,4423434318224985034,1,6e3c7ce5dad43eafc4cf591388ac63b6b86ec275605d2868fd57a9a1d09a904c,True
2,561,L21,9927445572529207291,1,327d668d0aea08ac5d90e04fbbb37cdd2208cd7d44d1702c7f722c8d67bd4520,True
2,561,L13,5309632057927825225,1,df16f3f3dc92c773804441019d9ad60759a31df50f73e50b697d64d2ac4bb384,True
2,561,L31,10111979065674171399,1,6d9f28125acf43aaea30d1e4b09ede40962389c25517c379f5bc6da28d5f8485,True
2,561,L23,2492130913059430484,1,a7998f5b7a3e2d95baf8f37506ef72fb78028e091563664291edd07b5987e2e0,True
2,561,L32,3374920999431590946,1,12013bcf3b4297eeca2dad54e2f0c1ce7e92731085f74a13b4c92ed9aead9d1f,True
2,562,L12,5351319596228730598,1,8902d9f33d088441312c0044a1d3644a90e3655fbc4cd93c0b168ee2426e59af,True
2,562,L21,17355091791517530680,1,4a55e646daf87d4f05ab8531ff9908f3e726a54896cab246f924ded8b7adc7fb,True
2,562,L13,11204905528545782754,1,4d063927ad8040a7659079948385060fa3613bb30108cca017e6a87efa463e8e,True
2,562,L31,647635446314767424,1,68c3cf6c6e8847aae91e8cac932cf2f8a0ceee7ff4593050f73c45db89a5bf96,True
2,562,L23,12884472890987780732,1,f743c7a2799ab5eb62ef5df221aa33b23649d68c6185bc868967cd0899f5b388,True
2,562,L32,8893122261148787920,1,82733c082057b9ebed9da239f6dabfd48f9cdfff82472b1f0aad16062140181d,True
2,563,L12,12065238541689108704,1,f1d6b20b3d67ccf5906f2f10e4ee451c38bd72c19ceb130159ee01fdfb3763cc,True
2,563,L21,9878220830564832684,1,9b645414b2df1fd120450c4ed044ecd142f000ba495e30becf8264eb286d30e6,True
2,563,L13,3533283368605946054,1,c61cc474c7c727a23e2a1c5bb8921ea492508bf383a719eebed962cc50e1a439,True
2,563,L31,7083987121694255808,1,aabbbbab3f953f684ec04b7400438d3dadac4e497ff4358fe1d926db7eb7428d,True
2,563,L23,8369725257672926528,1,171d7d59a70991d0c2060ffbcc193525e86a3a7441b748bddd5f3755782b3873,True
2,563,L32,7937338999278068011,1,19c41a1d69a55b04128a9cdecad7c5e18ac06226129c140295dcda523fdb0774,True
2,564,L12,3566554191620134882,1,d3ef5a3188954b518952af92d2ea42f65b3c7cebc2a7d47ae6e4cc8c831bda4d,True
2,564,L21,4797474953142551627,1,3091e2d0c0c4ee828c05fc4a9bf148fee9c838a06dec7672cf3501baaee45815,True
2,564,L13,695335034909485794,1,66624119c963267e611ff0623f39409b4517721739ff79a374f2e9aef6c5e11d,True
2,564,L31,17981964950362366121,1,2cdb8a084f8cc0ec2b1ef21cbb1e0f32fd1f929a9eae95dea655f8055f8fe2fb,True
2,564,L23,15382032780121096874,1,bfe636f9e1db13e97def6b7e3a69afb019a5e5a0b6d169f8fa68219b4a681508,True
2,564,L32,12868417165120744059,1,92dfd55684536a8dc421b51ba445569f6e46b2185f71afecfd0baab5ed2ff7f6,True
2,565,L12,8148278156827595320,1,2279343c171ee8363694ddd023839911aad268a485d459352d855e0bc12332bb,True
2,565,L21,14023352419905610961,1,0cbabc5fada3f63add2a46e3189a4ec221eceee391f8a21ff58d7c2d63b86efd,True
2,565,L13,4442931583808207640,1,6b6fb759cbca393b6a9beaee871c64118ac7ff3c35d30033c8af38258ba1a8fe,True
2,565,L31,466758433862033416,1,0f1f2d2a616baf44afd5dac742c16801fa91a41e6c5e0689315e55293e184b1d,True
2,565,L23,8956788684045802921,1,35de8662543d5a11a910061d326ff5940d6e0d345cdbeb3f961878db07f0479d,True
2,565,L32,14830347958141344517,1,cbaf103f90c83bffbfacd16504c632e8d04cf24bf537fe2880e7de38549bf7dc,True
2,566,L12,5828274077348807708,1,a2ec81463f9ec1d0a8499732a412b72512beae576899f540026decb72321b7c2,True
2,566,L21,2571983986105975639,1,20cd7d068c14af4ac78443a00455e03fdc5603d81674dafbf183bf24b9bda69b,True
2,566,L13,9406440175207069153,1,0b61c99725497048a986c0cf2428df4fd297d772643f5a120b4335918ae2dfbb,True
2,566,L31,9067381453875979425,1,49e1c987fe1a733ed5e721de52da86f87ef86f2fc60e2be2682361c608a9df51,True
2,566,L23,567137959180345394,1,f762c32781eb404e568e356ef297d6464bb6026ce2afa75a48e762895d566b18,True
2,566,L32,15993800621231077707,1,3235f2abb3625c00c8e90b0af4cb9cd78a354aebf6e1b4f6c4705bca3a75acf9,True
2,567,L12,4949438247892914632,1,c9192ed33d4c4ca58614eedd5806c5a63ca7a94294a6758920231b0bfbbc6fbe,True
2,567,L21,11669608022472214714,1,d4677ca55414fdc2868507fe2c7b7b66494a71f22301d456557b62a8b662d0ea,True
2,567,L13,5531213395332927123,1,3b0c65cef685e7764da33c5675f51ef140ef5511a75bb2a8d2ea1e4ef20da0a0,True
2,567,L31,7083451594397743989,1,a18c9f40a0d375d6c8a7d5cabb5c200183037a2524890bad6442839592840151,True
2,567,L23,1860513387709472138,1,f4eff1fea7a44876ef84032c4817b414d31af0785fcead67c5071eb360f35092,True
2,567,L32,16395047840997956828,1,41b6a9670c03f6cf84ab269ae4855ae050d523c80ffa9e63b89a0ab198bac62b,True
2,568,L12,10480778649856407917,1,197fe58d7db8823d33f4428dd5d1dc306cfaf7446a9e7abf91553064b1a2046c,True
2,568,L21,14000447356591435262,1,f99d1fed18ec5b08673c079fa66e1cf46e920bc88af4877d97c73ed78dececd1,True
2,568,L13,13782683251659988992,1,1325067cf40f51e2df9fec770b5bec45ec01616e004808977baee254d64e820d,True
2,568,L31,17149555749440352990,1,2d26d06931e7fc9574458079e995767053a12269893149102bea3e6b35bd49cc,True
2,568,L23,9452321474101126250,1,5eab5a638951267d270888782d082920de308f6b6c16cf5d664ca37a85d38a8f,True
2,568,L32,10780729303167059377,1,a1462192487253dc7209114d81a5f1b6603871fe2e80c07b3807aaf7f08a10d5,True
2,569,L12,15551912790539276445,1,6e49c2ba10ea7341c845c0e01de1825093370844ad0215f4a0ccd29806da8100,True
2,569,L21,3980421630202970237,1,9ea932ab2566116def97028ac09ba87390e3d18b2cd4cf528ae935e3266172d4,True
2,569,L13,6696329196718201042,1,01f516eef9526084dcda1dc993cc04338c889da58a7ee7361f055053f80f312b,True
2,569,L31,8299649457753934717,1,4711694c6bcab43a94dabdbd2978bebabd573fafb3dfb3831728b6393c69605e,True
2,569,L23,14982881615932862142,1,14cdd59ea8ccf8c4728e031648215077f0f729c2cec3ac2ee2e85b25426a56d2,True
2,569,L32,10656988679828528624,1,24c59b0c5c3212a161bc42fa837296ab5f35e295f3501846fed02bc6a82f6e64,True
2,570,L12,17763314670825387961,1,eafaf1deded0a555eaf263b806b73617b5f6880dac096424a11fbe8a0258f718,True
2,570,L21,1409143351886027302,1,3f4740ffaa8b996e7fa66676269ba1102efca16986f7e262bee11637c24f0ea3,True
2,570,L13,13386306911207039228,1,0105a4a648c9a63df8f88816c70a266d5799d73ec92321f859cf7693f73fe3ec,True
2,570,L31,6134010854929396288,1,2e7166691a7980d8d24d2d30774151e0d633a5d51baf34327de5386d7165172e,True
2,570,L23,14144246175335547159,1,92b554f8379ffdc1c40b35cd178d1531e8c78116e539a84e8f45baee2d60b3b0,True
2,570,L32,6916726061301001903,1,72bb6c07ebfee462fa2c2b39e1ba3f7492ff1075e0d0342b8972f9d978a1ca77,True
2,571,L12,7623474648868528469,1,b967b20f0f3849aebdb237e0ca60953f250de25e8cf981763061364c1860f7a9,True
2,571,L21,14654499348139405598,1,be294179ad9780b1e577f74a325b274c75f552a37b1ca41cf2256668655de5b1,True
2,571,L13,1557167356095273209,1,56350525ae073b2449e9ed2174e2486006fc34b66d66765b00b7f18a449efcf5,True
2,571,L31,17192694740900350289,1,5d183a14cc7d0d0cc15b14cc3c282001c3e7ee7c5b0dde3593c839b2d8573c83,True
2,571,L23,15495208228783848187,1,4763489c69dd23c9a8ab195882313ef8f2562a09b232bd17805e23ff4721439b,True
2,571,L32,9887301344235012896,1,66730c7469dc840d4a776e9a245142f7e8428f7b8c1c01274f09248cc36c3014,True
2,572,L12,17722753834037660607,1,2a999948c93e1803f30c3d8f6070d53656c77da56e1f63914ee286a951020de2,True
2,572,L21,1190200996121719671,1,410eb296650627bd0a7cac6e0e28c54225c65ad231fc3b17f01fa4cb3912c4ab,True
2,572,L13,3822088983664466325,1,61684f399a6a8e3987022f37c575d0383d3c13e79824ca52c76b2e8c8d0a801f,True
2,572,L31,9034269899859919284,1,dad9c856fcdbae3a3d156dcd44fee4dba6594838bf2de311a7bf8d79a643206d,True
2,572,L23,11613761550613700541,1,b844d48bbb5cb81d0d5e5d4cb4b4285a5f2e960c8e9145274cb4ba34c69da53d,True
2,572,L32,10287853607721559816,1,8be379d75d9dd79144df3bccdbc75fb816eb4cc9200a251c9d481a75d427d6ef,True
2,573,L12,16864520065936849030,1,465ef4d1755fcfa2c8fc59f6834d3a9ffda4e8c59cc3e865b9f06bccd9297424,True
2,573,L21,15753684748648762218,1,e5478899a95a4844896c87bb666a41da0351810bc3ada027b92cab9a398120ef,True
2,573,L13,14272469361429741032,1,ba83e58b91a46fb4cde280b9634f9dc0fc29b15634ab1faefd46b14538d92f60,True
2,573,L31,11417328542351059402,1,2e23d1293bef47d43303d126e6130a2975a93716d51642ff8ba81692c7e1da18,True
2,573,L23,17382106990543185845,1,fa469adf78a984fed4e8f43306080c933c876521f971ec9624b98fe08091594c,True
2,573,L32,6408961859311412148,1,5f3225f23555c038403ca8fa3681101dfa7d3c4f8ca9d69e003a9864c2603044,True
2,574,L12,10074164260365933822,1,2dc1b74db785071f90c5016f2b46239b0f3d61682bbb0424f6fd65002978e407,True
2,574,L21,13193043160781551339,1,70dd6a7bc2016a248618447b7247b5b0f28b8c5dc248c2ca9b0a27a296d9b8b7,True
2,574,L13,14618654236313786943,1,836fdb55102fce097fa442c747fb0110f09bc5a4b4d02585a5f16315d2c56901,True
2,574,L31,10492059807115465938,1,4f217f6f3316d00459ebd358eb63cf8fa83ed04fa3b653e759282091dbd8286a,True
2,574,L23,16402992645842738032,1,574957cfdf81fd318fad8334bfaf196af9cd65c73c590bda0e490f3f3eaf75f9,True
2,574,L32,3711579089503245922,1,5e7a72234ebc11c80fc186ad93391183c0db1b17d644f82e5ee390355ff68882,True
2,575,L12,5477276497910202296,1,b661f14987264705d3f8b0fba2a4897bf6d29854cb87133f476bfc5ea9db6338,True
2,575,L21,7666940254370989106,1,fb60f23282e648be268f03fdc31502a89100462247f69dd990a6799da53f176e,True
2,575,L13,3700873204590220227,1,9194e7dcb66170c9dfa85c48253bbdbfd949e4e7466b2164e538bdae7280cc70,True
2,575,L31,12023052455437823649,1,55844b570c385eb7b901032bf9793328d93a16ebb75c0ce5aa74cdfb9103baf6,True
2,575,L23,14892909273173178145,1,14ce68f5e0d1d5b30dac81775230c09523185a51ab95b49a0a4465ff97998604,True
2,575,L32,7203165828073379142,1,e138febef581b5c694eeaee3ad032930517336513374c302d78556e96eabd305,True
2,576,L12,13546099719704521284,1,c93cae27e37b24b5063bb29041521b9c81e0390aa0c9021b0e76df36e83d9e32,True
2,576,L21,17018607233605544574,1,ea9b0c25dd7a50a103ccf92971989b32e817884baa829d8ea5c19298b9782503,True
2,576,L13,16624264657941326452,1,75ecb23565c98789e459c7a576f07047fedeaf15aaba901041ffed4a89ba2cb2,True
2,576,L31,14373055257559534401,1,94c3b1ded44c7ff224ebd7781a346e9b4cc93eb8040dd8a5fe3eca648358b744,True
2,576,L23,122102834767338891,1,05f3d36f740ebdbdba96be6da7564275f6ecce1aebb7bb459693e46f412749f2,True
2,576,L32,6102362873792727992,1,aafc88c3ee79986d40749d5390023cef933ca1486cc7cb2fc412033a8a3787f0,True
2,577,L12,17474312805611963363,1,7dbf38f627e01a68f84c1b8a00a589d804882afb29656413a373905aad3065f2,True
2,577,L21,1117820326334324098,1,1369c8434678e806576bfa191ad621842a17ce77f4bdfc0e79a7f4b60c557b14,True
2,577,L13,9139721073044116053,1,04ff7edca50814aaeed11e3f9c7e3ce99b35b7fe27f3d3331c71fbe55cd847af,True
2,577,L31,14094804103116466883,1,cbf45ca76ba4f6bec8afc61994b53d13a2933f72df6f4e50e0c1705a6caad164,True
2,577,L23,10005310132878444418,1,9566a6adc337c409b0f7e952924f76edfdc6b30acecc384a7829b1f1ed53540a,True
2,577,L32,10807800984603311432,1,14b0cb835c69cbd04ebf29b30f025e1175369b92f2d435f1f1f965d656741a7d,True
2,578,L12,5363563412700398879,1,6790f21254f2746d8cfa60dafd41d8fcd9f6212c29d6a991d2c3449e9d7a3d2d,True
2,578,L21,7057780418972789918,1,8bbffa7c2e2a87b99806e8dfc26e686b0060ca46fcfcb262a8e3b7baec1d138c,True
2,578,L13,15217598917437343321,1,9f9b0897b230334d73578b031256ca0dd2ba151b700c1a601e6804c6350a05fb,True
2,578,L31,17400858062053566372,1,b0115e5f8432773d731c4def8e2ae594e6dfbcce960df7098fd6e602b8fef245,True
2,578,L23,2199962619225782627,1,4346bed4f5344595aa685df53b548b9d5d158bab16908d6d3a393c0e8516719b,True
2,578,L32,9666988209890416388,1,0ed0f064ce58cb7fe708596736a49ecfa9abfceff2dd3bc3bf80caa2e00ee653,True
2,579,L12,991749977482844339,1,034dd8bb19a57bcce48ad4c91bef3bef425e98bbfd65994b18c231d277f46490,True
2,579,L21,7086469986929018611,1,654853500cfb788c088c1949f9511db0729b46c761787330c5c70c2dbde2004e,True
2,579,L13,16971636244862986712,1,5b24f795626c27230936c3cdc88b2a983e484a2295e4f2c9cc7c1a463e20b701,True
2,579,L31,9962365405482276221,1,b4786d5f5fea3ba0e75c01bd15565042a3e4402b04c813bdfda4c7a941f253f5,True
2,579,L23,8229869187842051289,1,a980b621b8c1f705ae194499ddf8d29a3b404aae69f040a91345ec73702a4e50,True
2,579,L32,6516297388007671538,1,def141677066bed99ffb3e29de7b23d016ca7f82e53384d720629a4ea1556036,True
2,580,L12,18132187463155832414,1,db2a63fbeaab00e247fa216fc88ec9d88816b83cd98ec9ab76884d8b43ee2773,True
2,580,L21,908116850858734755,1,1e712a7e8e2d8863e5255219088e4aa7be6e5092cbbd92fe1801503ba7e91eaa,True
2,580,L13,6682359225667316243,1,98dbb57b944821c2907959762a502216a69f16123b3371a20f6fffbe83e8c3ab,True
2,580,L31,7285618548065876284,1,b44b50eb5f1f4d7eb90e7f473ebdef1bd33379c2776897b0231d8fc0f19f38e6,True
2,580,L23,8212519219720055721,1,628cf9a9d4064a2204982cd6315e69dcec49d44b342b67494b4a8eaac0b3c5ce,True
2,580,L32,7071147301206857726,1,5b19fa5482c30957013290341be26e5bbfdf09b93c936365933cef6adfa91b9a,True
2,581,L12,10262936892304442566,1,a95f411d3ec2ac19ec92857d4ce513a27a9713286ddd95585791955288a9af7f,True
2,581,L21,16170749821255246299,1,ab6bd0c86a173fc6be19dd42f10630eadc077dbc5db91ffe1ba239fbe1cf0fd6,True
2,581,L13,2111749476102558027,1,7351ef52982811c891cd5eb0f5c56b8a259aa7408c49566de278296c6cb9386b,True
2,581,L31,1418419259322342600,1,612ac33e82e7b6337311afdb93aac76bf00421b634a54d72756b88812e209c2a,True
2,581,L23,18213451585467388961,1,d0e91bb3958e3d97567feeb2702cbbb61974e322b8f3d15655da3a9b250e3c51,True
2,581,L32,5365206315458797135,1,e23c858a380afdd4fca489b47f74e987c666d3802b62da26e4463ccb7228a671,True
2,582,L12,6502541428872912593,1,36777cae5445393029961a7f64a87afe9dc665d6ce87c11630b8a70b1b4a1f01,True
2,582,L21,15689372464691540443,1,2687fd04febf15dbb7922bc3dd1630f97dcef311d16187d945efa9b2a07e5ac3,True
2,582,L13,3949639308971973405,1,00df7f054fb3871cd6aff6fa6ca00d00b3d3a55aff127293e6a0b8153af62e2e,True
2,582,L31,5708190015405146012,1,f9044bc85ec0e140a2e84bce0fee49a009a9825f5716feb329b055626e81d9d3,True
2,582,L23,3433771280538041219,1,deb8f23eff049ac4e6ef19360bded1f65af877819176bd18ae196a2a36c330d1,True
2,582,L32,4362957747999293453,1,5ec454343f65785ef810775b6cd46908f8f7a36bb6902d38686e65b16a3f2991,True
2,583,L12,9928785998809879230,1,e2778ae717cdcaaa44e877408e94d061e54cce4ff6414dc5225d54e1bc029331,True
2,583,L21,9330626101916559847,1,05b44b783b7dc7bc5eafaabad3980c17b6c53f9e94ddd814ce2ce0282de76023,True
2,583,L13,15552934794555375648,1,27dbc9d1b7eadbe7fe5008fb74e72ca0f585586d853bbafd235992b57c90d3ac,True
2,583,L31,13143480303262538211,1,701ffd5492c8824f19bc2207394a44134c7db765ccb0e3364c37fe07e03d8e76,True
2,583,L23,501338286131091657,1,5684e00c5ca4552472e210ea9c3f3a0b16b90ebf72a7a74e0f021cff54d83f0c,True
2,583,L32,10533979714850133048,1,51b7d8b5ae754bdb813f5185081f2da5f4c832004a2e5ce082c6101507d0bbea,True
2,584,L12,6449334635663383792,1,a62529d665caeb98f878e88bbbe75cfacc682d5001be84cfd98559d700142604,True
2,584,L21,12842970376203570256,1,a750cb5a7c4ff88eaf00c5a00b94a928ec0b650fc8319be5da5dc25e96e3d1ed,True
2,584,L13,18306984144346380083,1,84b9939e62d3ed97ec61362d9304441ce15d343c8bf06ba8a3393f5a1a478a5f,True
2,584,L31,16794907303860772969,1,a7873c5330ad4f647ae7ea498a4e906355ae968afcee3897fd65d846bb472838,True
2,584,L23,16389645552070938148,1,d0e306350b3e88398b2c8068927b423d0fb9ae660b7573dea693b9c59a9e212a,True
2,584,L32,1108951539818264448,1,d67281253f7b883619d3631b1e1a7e660b2f8c0644cefe8d5cd0780f4a4c2357,True
2,585,L12,10166416058321531359,1,bf6986ffe776ded1f192c84cc5066b83410ca8edfe52dbe589cf7afba9fa7fed,True
2,585,L21,5876179511794020469,1,d357ae040bc7faa1a9dc8d5a1a3a2adde0df27b11d78b53bcc2a3114153814e5,True
2,585,L13,15109285524528072374,1,899f1978fc5827829b7556544fe278cc0bd2a55cfa7250273274b643b696dd06,True
2,585,L31,616654955801455667,1,ebfe8fc6a299fb55c0a6f4fba38adf4cf2d988112152d141cab3e5fac3e0b6c8,True
2,585,L23,11991779254479483336,1,324868dd2b9985d47edde5148e95cd87e108f3870e76acddf056bc2ec1a974b6,True
2,585,L32,8145794339691983577,1,637dcf071990d43e99854a3f6edd2233f8e65f27ccd9bb90e3f7e093b01529f4,True
2,586,L12,5252986802110888190,1,af74a94f0091b65ad0ad50a28817da9d7248555b4d3f66b4c51e6d1409b6d401,True
2,586,L21,17963523496442488688,1,68ac2ea0f1829b172f1b958845bbf0d6bf8508d6af469df697780eeb0e63cf2c,True
2,586,L13,12151678063233233643,1,ccfc9d3a2054a4ff04d6ade7538cba52f46a2838e9d75baef14f589a8d21632f,True
2,586,L31,12728468262476671701,1,6bf421c11525afc6abdcc4b083b9acc4e78223972f87946d27a90d31298e7349,True
2,586,L23,10079240997607084852,1,36c95e87f53286bb7785ff737e1faf211fce8d0b6903422887c9b0f7e1bb42b8,True
2,586,L32,17385035164520895905,1,09591f9c56b2bf46055809f958806c2b94bcd261409b520d81c98c0e0eab2087,True
2,587,L12,18006217387643832010,1,1cb02a538cb04c14b98211c63751584132a7ecf89102e98483c8b89a3eb4a002,True
2,587,L21,14282810066380897285,1,520a4198dc3b3cf8cc75cf909c689099636c1bdfd29c144754ce0a35a8c92035,True
2,587,L13,6278822083099292187,1,2867dcd9373d42a3594ac814a2c7a5e843fd299bf09617ff654367566a15fe98,True
2,587,L31,5720710654356445093,1,43c20a40fb3812faab3f13af1b9343c0b81d3f453da330d05974d3f6be9566ff,True
2,587,L23,6126256307357865151,1,eadc0d95864e56004e901b9f79d222be5ddb379f778ee093194246ea151acb8a,True
2,587,L32,10377374606566181111,1,ecbe57ff86ecaf4f770956bf07f2ff340cbe8c68036377facd09d576c3d4090d,True
2,588,L12,11909823950304490401,1,4c63bfa1148cda941bab8e2d0920c2f57f7c1a657f7f2deaecdbda055ef38796,True
2,588,L21,9431512816205029311,1,78b8dacb71d6d29848fd5153727a508a3c7af0d7789b7aee3c147dea02d74351,True
2,588,L13,16770714926083432271,1,972cd2a086d4acb374cfb42c5dd70ff592cd856486c0a91c40d629f1ef29c505,True
2,588,L31,1980431273062181720,1,80116ddf062531cdd8c7ad19833aca20774f7854b0359dd5a7569c7013b51311,True
2,588,L23,17207303268016050619,1,f5b1d7f66fdf13c99fcdadf9f8693b61e66dfef60518dc6219ce8495110e21e8,True
2,588,L32,4709946634204105133,1,fedd0cf594188778ee6615ca308dbb07a82545462c1a1bd5dc9b5e074e6a6a24,True
2,589,L12,5104090907195970134,1,cad145b117b9d53d4b00a65f9ff624be1a554855faf8232f07622d7865f6c8c3,True
2,589,L21,10151953302390304068,1,68019084e249f5c67ac504c41eda683e9efebfa5d32033f9fe892a119799bad8,True
2,589,L13,14260078346318062390,1,74ea104502115915175b88673952e594bbdb663c611f67f209b315cc07bc9caa,True
2,589,L31,11558074125760515,1,c845e5353b04c4efc8125d60ab30d6fba19186caaac7540638194d5c1314f337,True
2,589,L23,12156902410431018915,1,3ebef9e1fab0c848bf255bd3c039a09a68d58ffdb847f37e33e1531dd5f87cc7,True
2,589,L32,17584756586327281383,1,b1d5b765cc4ad6edf6b22e773c7d460ae4b74d2722fc2b2fea2a1ba4f136a3c6,True
2,590,L12,5382296493534261747,1,03a5485d8daad75bb76bf9bfbcde7fd6294d0a14239c007dd0559257aabf3ec9,True
2,590,L21,5139276766919087823,1,8d3c3d8e7c09ad6ded54dd26a1e7b0c01668237ea74cd4fa0bc3890e2fcdd85f,True
2,590,L13,11766117361766543601,1,7134b2208f8f2753e136f45150662533b310e5ff4426677d08fe4a2e31c93c11,True
2,590,L31,12351199478011806038,1,19dbddde6e047fcfc4fac0b8293791b23a1bc5c955d186f886fbe0ab55e0a6c0,True
2,590,L23,4795169997331229715,1,100ef1ce2758156be1755b58e2bbbb1b433c34c26e51aa8ee8c72696840c34e9,True
2,590,L32,13632379570897652334,1,d50085e2d02ee9d7e7118b64e32f52daa7388bf90f82d34162e78378aefaf2fa,True
2,591,L12,12454818967108216644,1,220d3d9cab8955577047eb3a39e0be43d760cca14846015743ddf6aabaef6db5,True
2,591,L21,5467356163753492775,1,6c1a577816edc1722ae305847ddeeaddfa807636a22cf747f31c29d2437be5b8,True
2,591,L13,5463119612590150725,1,595eada8a7cf57b167b9ddc6c7bb34be02bb2355c96220b175490ce22116a8f0,True
2,591,L31,7439925822324379814,1,af4448328fe616112ec0c495666dcbd65f5ae8a971185db5192a945e835000d5,True
2,591,L23,17726554893631986238,1,54da2d083f6a93be46a0c66580c6224a45dc7988141d17c230de27daabdd049e,True
2,591,L32,13133676963781176948,1,7b8a22b5bc14b50f84cba6ad8f5748bcfc98ee8aad024522b23c1c2f1da982e3,True
2,592,L12,14198284558916696053,1,b47ee59be15beab0cdefcdc9b1d9d21e468487462e517757319e1aeb42f6f45b,True
2,592,L21,4287903659875613446,1,1552070b4416ace44dfb78c8df7ba7b84998f814d1bc0f878d883c15e7c07e6d,True
2,592,L13,13731967477613686125,1,884bdcd161616929f3e5924c2945a6d972957d9817e61e81f95efe615fb2f9ae,True
2,592,L31,7837150467040577192,1,22bf7f908e9eaa7dde61c9e31be4dc3012faee4db33cbd6424ba2a6f4fc9fb5e,True
2,592,L23,16461006422352757109,1,e26e62f714b904550a289d4fa928c33d92f623c3e8f63424ecace6826f021c03,True
2,592,L32,5721633138898342641,1,dd961e6b94adce6f171ff89d0333ecba555d5b475060a1daf9863e2e77852859,True
2,593,L12,13770075148059138948,1,e76e3e291986f569667bc91ccde3e99a9560dc5e21b1bcf69e074e1ed210f8f3,True
2,593,L21,3439902922970228239,1,8e7cac5cd6b5a15a86d728744b99ff615f2879162ea26809546c31533bc0e355,True
2,593,L13,2424666185449527483,1,2c53d6e411e597199e35a11288bc1be881235cc650013f5d62478090752b3d2e,True
2,593,L31,10131633267106223947,1,5c7ba907302143d5c9150a7d56ca0f888ba144ccabc428eb7f314d7c232ba17e,True
2,593,L23,10366889493283882217,1,7dbbf074b0877afed7da8b215e5482543517ddb820924921ae79bf9bb1a33f4d,True
2,593,L32,18087837099187583060,1,504f4965683142153b3394637278609e4598ff0a57ae589a535cbe1d387bcfdb,True
2,594,L12,7895209191914430159,1,26296a0d735b939819392d8b69649c6dc3b6e5abf5d640e0783011f5e3981ba4,True
2,594,L21,3466177996013934232,1,61bcc06b093de46ece5831e37adbf41ef01b60af43cc05c228be552e90e66cda,True
2,594,L13,6011735787504723879,1,799525689a83f5da3e69cd6d4d0261c80b30cc75406cb34e441275eabb78ec8b,True
2,594,L31,7141016381925564572,1,aea08312a8c86a3e844a02f7f59651f09385c701feea2a68ebed13e7ca006496,True
2,594,L23,16301368092949726080,1,43bf5116743f4fe288ebc10ac3a939634e0341687aebd9673ac5c00c4f89ddd0,True
2,594,L32,11897001454889151423,1,5b7137adb7dd0bd96ca0d14c3249539e49d86fd68e7fcafa775b1acb76df2834,True
2,595,L12,8624961255208792349,1,b7ee84f3b2f1d9307cb5ef0c985079cf423c567f84d2e45e70baab8c1cbabbc9,True
2,595,L21,12684197699136208641,1,9ae799b93724b3fea5b841e7671182ed0f712748ebb7ed856ca2ea3c895170a3,True
2,595,L13,4780913795193360579,1,2ae538f0ca406ecefb3003596c3c983113379fb936444d00f44af4c8e539192b,True
2,595,L31,17374003750515454724,1,3110f87665f0863620e6b9dd0a340fb1200b22ea3f92bff514b724615532dbf9,True
2,595,L23,10550901615966712260,1,18a74322f567ee3c7cce61328e1d572ffae0928edd5e37cbf164c12da49ec571,True
2,595,L32,4789167092596940094,1,75889ea6004088d493267b6cb7001e69077857ac193d50895b965baafa90e81e,True
2,596,L12,5690839302258657884,1,12e50343680e686ac549cceb14f0cdd1b86f864094a6b9a9fcb115b8d1e59787,True
2,596,L21,6374467055987175618,1,f5c7cffe88bd5c1464bfdeb97cd3fabed29f9ebbd8411eb60fd80028951ff1e3,True
2,596,L13,2114477498029467238,1,0d8b856286cee0901b3b97f6561593a90bc65e3e964bc9fef4a4f02aae451c3f,True
2,596,L31,13042173973527046193,1,de8351758c1a0c12c35edc249926b9a62bd6d5cd929a0b70fa9e3ad9a5b143ba,True
2,596,L23,18157201530750699949,1,9546fda3176853e0b17b529467c5616b758a9d92bf84d18ee6d1166d075ff6f9,True
2,596,L32,12629412370425737949,1,9cfec44ff9d362e15f9686a182f9b457d7bdabd2c1387f4a8b753038f476bd61,True
2,597,L12,15083950421865953952,1,460e482b8a482371711c9a5795fad646288e720a43661d6884e5bfeccbc9bf8c,True
2,597,L21,7432823458510999165,1,fd5d3ca5e6e80fcf4340a80f9bc17965d732a1bcb11fed2dbaede1e1e984eb1e,True
2,597,L13,14942465980720158975,1,f5afc139d47a7d75a553ae95ec5ef923c411cd7cb30780dcf3d57ca861842732,True
2,597,L31,2259641649533486909,1,ce2b954f971acfe4e1fcf3897a9a553c3761a0cc549321dd5384fa5cf542c3b9,True
2,597,L23,14179770446961985559,1,7101428f846598ec10b32db411a3e6b80afcefcf50b88433c6fd57ea070de467,True
2,597,L32,10285034301673469,1,e031dae9dd1322b0c50f6b6c0dc61f807352366b79842166cff4f7d586c7033b,True
2,598,L12,13348431008146894496,1,02128dacfb7d4b5835f264dcfc8d9ab41d62f01860e6e8042c1a2e421fad767b,True
2,598,L21,5703422934088673257,1,6cd9092e9d0be859e406178b55f5f9eda1bdbf2320a643d8e18bee23ad249ad9,True
2,598,L13,16041169031755243016,1,47f5bfbbc42be7b5537251d1f70076038747b3632e4b9eee1054ebd5775702c7,True
2,598,L31,17930462275048024058,1,1079d3e15308a6b704a0e4ed54065563a0e0402fa7d83faf979ab6883da2c5a8,True
2,598,L23,13186698404135396940,1,aad8c4661519c90b5237eb7deae587bf5f99c899890b508c8b421f2c85d36552,True
2,598,L32,5173447729238767163,1,d6da4986d71658f3dea9e4979fdc192c9dc029be2f236474b055cbe731c9e446,True
2,599,L12,9696051946620660897,1,8b4b0f156dea36f86c36ceae9c9f42732b9192922a48949ac56679ca8c1fd1a9,True
2,599,L21,6533142234668798198,1,3a6b3fca63f7b8e46cb944b80b05d7f0dd5e38fb024c475241d209b5ce2363bd,True
2,599,L13,8897545121784958960,1,f31d457857b92fbd8751eb75babf6d9fbd001db314d2c1863f3d741f99583fa3,True
2,599,L31,11490860402795109131,1,d6f1f88f5e9389033266568cdc52dd5118bb550fb64864db3581f637ea66596c,True
2,599,L23,15918212423559841549,1,bdbcdacac7e12cc9a19ae6cff7639428b5a04b8b733c7afa3e99db342cd5484b,True
2,599,L32,18382122230833439296,1,7f7f1b1777c0e7dfa5f345b9780af578e6013baae0838fb12221486fd726c336,True
2,600,L12,5794158220458046837,1,b09e3ecf6df55ff2f1eaddc0aeaefb507a6bb1995790bb7892585bd8de59c1ed,True
2,600,L21,11616313976869861424,1,0ebce773f638d406404f8304e197f4371c82350e69ed110aa77ec19b88812cf2,True
2,600,L13,2114956453230220226,1,ccd20b23d333450d2733477381f0fe1fe22cd0ebf16bcaeb4ecca7c04585830e,True
2,600,L31,17559383152470734536,1,5e180c7a8c8404ffe749c93989e9a64e0baaa173b6db905edd32a6e4895c00a0,True
2,600,L23,14533089134961482848,1,740498e26405b2f792482906157cc690236e278e4483c4f1db95e023e1cf1039,True
2,600,L32,3429131572248446918,1,c94021bdc98273eb07f5cf4334a7dbb48cbc5570990ec472f9b263334ee6ad6e,True
2,601,L12,18415146088229937037,1,2b8fce0bf80cff8c60f4b15435d555150defdc0c656fa30da5905d67f1d0987a,True
2,601,L21,13458578094936631276,1,63b7cf13376f12ad870420b2c7898445e9cc93204f8ad8d91c13c88103170cc0,True
2,601,L13,7310120570511907866,1,889691a6e19e8f036d88d0b194962f3f162e1529918579f260de9505e6818c10,True
2,601,L31,9734990904887561028,1,0bb4c3938577957bf3c2bb176a3d7cf9c467207820e7f80c533a1af97fdbcb64,True
2,601,L23,14366467017563286518,1,a4c18bc8819d274d48c61920dc71254a4e5f3976e06c3f16a6eb7f556cf98360,True
2,601,L32,9861007397369882108,1,5eec9f05afb9a9f012e97111bb96fd72a20fea72595a60080399f3613c0eebc1,True
2,602,L12,16464358194271661896,1,4b6c9bb77364453dcb956310b129d2c9c7ca7c0f1747377d51abd7f0e6eea3f7,True
2,602,L21,3429801275623079075,1,606b0ee1f4a501714055fded3214bfd1fb9f062ef305f75e444664df818d4a53,True
2,602,L13,6672997971983170226,1,93de678b19933c6a5cd30c50554e88842d471236cf076781b46fb9859f371a52,True
2,602,L31,7582037302305363254,1,10b1b39d5c89a7f994028848fad1d0a8376e649a4fd67663ec72e4ac2a9c6e5e,True
2,602,L23,46289248751533429,1,6fe40aa1f0053f31beebab1c3f7347a916b62554d1b8fe29747cd5be63d1a312,True
2,602,L32,4656653422666232976,1,3075f4548202b10daf95484569bb01621c5e00dec56190940af66982865613fb,True
2,603,L12,13837389289160191560,1,91fea3dfe1ab243868d9a6aa59385e158048f91ae699faef8bf8deff1c130a9a,True
2,603,L21,3060290643914880579,1,00a2687f4dfe25efcbcbf50ac10f1d251eebb40e149c0fb7ce1a44a0646b0789,True
2,603,L13,12839538895087561891,1,8cd49afaf475dc987843cc06e72bb4a3414ff48daa3bdf6db0296fcdd0b22c3c,True
2,603,L31,2889250008461811156,1,505e69b2c7d079f2ef1a14d904dfd35ab3806fe7f74762def414c5376a8dd40a,True
2,603,L23,12179286522203735144,1,f4b69f1a6fdea5e9957e4517453d2608d99447ee63fc0d52698b27abdfa0fe08,True
2,603,L32,9778444012032800966,1,f90166ffe47b93b0af3badbad32ce01125d37415edde078c47a093e73b4fbfe4,True
2,604,L12,13639885574418464478,1,174cabcc4a607d50f31ccc6805fdf7629fafa13b3ae59488fd42a47532c9ca2c,True
2,604,L21,8201635552918274820,1,93da39fa817c07aa1757785dc0f0b2cf6d3bcc4bf8f8fef8ed8ffcc5207d2f4f,True
2,604,L13,492562810963569742,1,3cb7e01c738313ff788c89ba3ab4b2266dc2c882ccfa726043753916c19b87b3,True
2,604,L31,9550709805484675798,1,dffba9f04c7808c544501f2cefd98ea3fb0bbeb12f26c8f9e0aa7c3af0dd07d6,True
2,604,L23,17401262591197109401,1,9adbc5b39a2b69ed5996fba7ec328d9fd458ef2fb75ec38ee7eeddbd71b6f782,True
2,604,L32,17946933784398999951,1,552a41aaea6cb7f1dc9bc945ab7748e2efe0878c0d0f7670275bfe571c2f2c64,True
2,605,L12,11130710564514327660,1,8b77f5f94b207195d9293bcb2d573aec38d6ba75a5d6d221b36a7ed4e87365be,True
2,605,L21,11464699568526870444,1,c7a9dc36ffad79d4bee706c819644b0b49151d1c890c2c7519f5d78c2e341f0d,True
2,605,L13,12651613503810508074,1,5aacfc97367783041514478f028f081bb2531318462dfdf5ea09c42e019c7a7b,True
2,605,L31,12162408412199675351,1,643efcec6e211eb41dbc2fe2fc3e55ac675232fda7c91044ed5ee2fd3ad53c4e,True
2,605,L23,8297645026633448632,1,08aa1a8b56c62035aa52d78993a6c1013346a3a22863d619ac63174455a5ecfb,True
2,605,L32,14014818057485294270,1,4b81f05ce2d4dfa4c513863c49c9c695e9ca7b582c322d2727d6a5905e600e96,True
2,606,L12,820590119756261938,1,65691e18d1ab93deb7f7205bb0d27439248b18d773ef88fc176a8711f160ce23,True
2,606,L21,7493942227271380087,1,a9ac00ee4ff4803badc57216d4899bdcdb8ae362c4414ab4cb267c0f6b03f3b2,True
2,606,L13,17455208445966825084,1,ee98e3cda9bc8e1f4b48959deb2c23c5a51eb9d0fa15d8aaf98e2801af4039ef,True
2,606,L31,10186762095003608492,1,440d125f079a187afd24b277a2bd2658dd113cc9bb207c914c9b29b84dc3efe1,True
2,606,L23,3235396170108383087,1,536cf75effc2eb209adf66836e730bfb1b7452de80c4f49d40c8d860e85130e8,True
2,606,L32,15377244477478320131,1,1739011f1c2edf4ba79999f8d096c1b4b927322fe86c18d0b9a54353f838c4c9,True
2,607,L12,16930683499465073806,1,d653b8a40810d65e0a86346107c696e876344895fb8ab97495136ab0d223b2fd,True
2,607,L21,6762694478313456969,1,287e1f188384750487096b9d3c5174333bf7ae915fb02ee98231a3d402956fd5,True
2,607,L13,2881421143402052301,1,01d96a2322ebb36fba39e174d24d4f10a22190cd3c117ea259bbf20b5f47d7d7,True
2,607,L31,16248267436838513178,1,c0766222a37c11b89faee93da9bad7a031a6570bbcb82dfc2e58851f2f4272cb,True
2,607,L23,8138830844941984041,1,268f5a94c8404fe2c9c3e41b0c7baa3b597477d56eafc1d3133ee4d0fc509090,True
2,607,L32,10370051754259419220,1,ee18ac462c9bf0f700a3e857e0aef98dfbf10ee8f6dc3dde2cbb85b2c125f038,True
2,608,L12,17921632025835098493,1,72fdb5f4908d8ae886289426fda43bc762ad0343b98cbe0765a521c984ca5140,True
2,608,L21,17815412171465452888,1,acde879ddf94e461d17464e0c672b9bbf1c2ec546c1b7ce89388fbe9488d2a47,True
2,608,L13,14297354420491518857,1,4d9c02d331e51c78ceeb1c59506958bcb36d7e7e72a718a8c5452cd03990fd5e,True
2,608,L31,4693571832044987387,1,06e17d5982d42cad38f9b4f4de3d4413327aa0d566cb39106ccb0e034bba1d98,True
2,608,L23,7203301093098341129,1,351880a96943ee96a4c5f4a96bd3a8b9106fffe1147abf28bc60020120e06db0,True
2,608,L32,11617945578781284300,1,d4aa99655fe8c717f2983d7c80cc5dcccc8971d5ff13f0c9e003a8d4446fae1f,True
2,609,L12,6811822051440480158,1,dc7f470444ebfd0eb5a28d64b9aa39f25f581f2ecc22db866a7c208c16c60e4e,True
2,609,L21,11510834646701210555,1,6e878c5b76fa5dd17a8424f069283f3e47ea70647e8aeae27b8e7000fc3dd039,True
2,609,L13,2187122741495195862,1,9ff3379de328b8112e1cac62580b86ea9ee63c280bc0ba81cb76bed6d56474e9,True
2,609,L31,9177661227172089851,1,771efae3b5805f8eea935070f051d0264430356b3232a3b8c0b3370361d9084c,True
2,609,L23,14790827870248524147,1,240f2b6dc41c03ab78f8ba73f9c9e7ce1901e016dd2136fc6f43073a69c6cc32,True
2,609,L32,2310943915190810162,1,0b87a4bb254b25ca2a17fef206b4cd0453f47723daf1b16ecb8aa22e57d4d2c8,True
2,610,L12,8255627752230611505,1,a9a2ccd2c58d0f1d19a1294910f62493efc2f1f3b5d742a24144653b91993ca5,True
2,610,L21,14706181783073039896,1,415e35c3b2a429c6e998bdca9e9fc5e64fa134b0cf6b598c5cd2767709788f82,True
2,610,L13,5607165757361611890,1,2b1a548fee69dcdf3610786773bef3dbfe08cbdc611f1acc2fde82a5cbaec6bd,True
2,610,L31,11767275484560566201,1,f385679bc9e7b549d7cdae71b69cd9590f864fe1e306d6dae31d24b3ee19d7c6,True
2,610,L23,15966846411766587475,1,1b0b8996c06b0084226c2e44512802897e1817e4307f4516f860e38c5f205357,True
2,610,L32,16893890618185894402,1,e22ced5760845620e01a04483aa81990c1305e81fa63ada50fc5f3895793c27d,True
2,611,L12,17967887693083790611,1,0a94c002d4074b0e5b27e6080761e61bb525d6fbff9a88719b618c7b73ec0702,True
2,611,L21,16757585671965777276,1,8c8c3c8b7e76a1c71fb618ed3006ea9810b5e5319aef7d1cf8e092e8d81c5653,True
2,611,L13,5879075829293675582,1,d539b66ef71874aabe2596d3e1ad42f8941102bf9153871cee64e3acbb85e26b,True
2,611,L31,5225514505602039324,1,0ee1b01e06dd57decef5ae267393c1149e235b8f806da26405977fa56c6bff77,True
2,611,L23,17941107293823833370,1,b17437fc06aa2c4d631350d652d59918f3afb0329167e3974c4358daaca6db4a,True
2,611,L32,4079013922373784741,1,c32b0eb654a35eb2afdbd124253dceaf1c9aec64e54e66d14980705dd29f6c43,True
2,612,L12,12323488629397579356,1,2284f8f068cf759a504e99790666ef9fb38e221f7123a538e21d57856ba37307,True
2,612,L21,17739683888038840793,1,ccc74f098f79421dfba14792f73522b2fc9c4400abc84274a7cfaff0cf7789aa,True
2,612,L13,16612936760682307506,1,a41076ac3728bdae219ca7589f3d034279641299779a3c079fbb52e8e801375b,True
2,612,L31,15259210559578010459,1,4e45b515422cffdb4149876417def654254161b0526f704a013c7356d3f910ec,True
2,612,L23,9069147762739643797,1,ab941083d27352be7962a9e07def5db93717e7f9dfa922a45c74cee76da3475e,True
2,612,L32,11718237388587055567,1,8fec04b49fe034af3722ba68aad13de1514f9a653aa99ce045a3716822b52328,True
2,613,L12,3312924622838076553,1,5ab2f168ef2e6cdb9641da057d9e5c80d05e423c9e013ccbccc05e12911368ea,True
2,613,L21,11157396681312188338,1,10ae1047d252194b46630bce51dd9f18254d5b3232efe2c6bf973917c75de55d,True
2,613,L13,9545240811457751803,1,5044f763867a6dfb45800710bacb9d01b8f4276a8dfd2743170a1880bca5fdbb,True
2,613,L31,12424740704235529596,1,fc5bbfe8de4b3567671fff1ad7e458ffc3208f1ac03edc365f368b0ad7fdf7eb,True
2,613,L23,2903025593912519875,1,b571b4667a2db649d59c7c88d8a5c2adbe190d3f332ba55b9be736d8571c020f,True
2,613,L32,559135776557725310,1,01d44163c676374acc6d65f5ad741951b237d47c3052f443298ffe51b4dec4cb,True
2,614,L12,4809479137283389374,1,9030bcfc8d615e46da16f16c3e93c6333af8f97fbed07f09add041ff0277a044,True
2,614,L21,6814682178701115374,1,3507ec9bfb7823c7fb5351f362ed5e6872f05d26e9252322d4c856fca1a2bfc3,True
2,614,L13,16486324629665703906,1,72b15a01ad30c846991ace2770abdbc9aa7e738cdc66cc82c9fe7f242af2fa31,True
2,614,L31,9289311982136221727,1,50748a3ed30b4ef680b3843e25ee60571bcda7e409b79081d6e8d8ebda9afe60,True
2,614,L23,18284595729493551226,1,39287488667c58a44b0b9010bed4af486801b1b11ce79bbeb7126f7eaff96535,True
2,614,L32,2780139712394127246,1,4a083068ca18e10021bb5c6d2370c4339d0479b17ee8b3e41cc62e7a798f7456,True
2,615,L12,5533284041420013072,1,e4ff745c425005838417e194132caad4e11e46bdfce406c5e3ec0b6d133a1749,True
2,615,L21,13811046557709910360,1,7accd8bb4430be0aff575d4a7c63e96c7e9d1222f069ada7d5feb9239aba99ec,True
2,615,L13,10508091857016618926,1,4761680e5fc5bd577e8fb60a4346da58496288373f6956d450f23f4d73355f48,True
2,615,L31,11431342310433762671,1,2b852d4d09051791b8d454b3f9d8c6b95baec1cfe9876931d2ab3e5b0d5d99cb,True
2,615,L23,17967480182188274685,1,6594f49ae9a47eb80bbdfa4acfa5c7d4dd473f85bb2e0e1d3770884955009524,True
2,615,L32,6604195618760966832,1,d9d2779b6703d897765508b298381cd7c8874da4b664dee1b504c1d152e4e001,True
2,616,L12,10303386034218891980,1,7d15568e09f5effbb81d56716b20f32159355a6d7e198d53e884b4cd9f680669,True
2,616,L21,14727467101061992430,1,e12a5d4f13422bbfcf463124bf78d3be57fa2c2a844ff36fd6dd65613c04dc95,True
2,616,L13,13875329134158383113,1,89d6db7990fb7c8b42b79f0891967c0409b9a8e4a72eecc335fe2c53a8592150,True
2,616,L31,12120126732961998773,1,ca2a0cf64034c294bbcc4b405a9e31c1e17f7a71088297f96750d093778618da,True
2,616,L23,12193791974602248578,1,a542844c839cd545e0aaa1a77fd08adc6719463faf4d235c1f58a14a8c9fdda4,True
2,616,L32,10159596988106992967,1,216d9accca2227268514f3136184f124df82327132f476ae545e14996fbd8761,True
2,617,L12,6485974239012827164,1,29726161bc03fc3138f685deb1b7ba3fe482d47b9e1dfa63e9f6fdc6a89a0fbf,True
2,617,L21,11246948210057243314,1,91c07aabe3a56245146d54534ebb8cd6dc0da2f461f23a135e24eefc90956894,True
2,617,L13,8926352155493774259,1,4b935728ecf6a3d90b47a7b9836b471bdfbf9be9d3f0ebea5574b3bd0f285f50,True
2,617,L31,7343188149608453047,1,21f15abd3b39fc26191280e0e3b3d007984e153dc6695b2e2f710ff34635c15a,True
2,617,L23,12319469071169770251,1,e8fb1d6e02f89698fe6c2b77855b8d12a41ad2daeef914bd28b563a998c5e948,True
2,617,L32,3029367634559383298,1,ec0b9e4e9435532d94c8ba393e34dc82ff09311cce860f9cd633add66c4d643a,True
2,618,L12,6125129907924268624,1,4f0f7fb1a9340c0d9fcbe01b6d971b679de225665e5ea2b05bbfefaf129f7bdf,True
2,618,L21,10008487722330374856,1,5ec44a800decc277d20092e0ab19efdb7874588b8b0fa5142fc371859654a3c6,True
2,618,L13,13581786370330351936,1,9a60294b3d111d3c86745eb77e4a2f51315cb9c7759ce72dad2014717ac0a782,True
2,618,L31,5093565940493830764,1,9507150b1aa88481572bc0b265e25982d1e307b86670ef49a3ce4759433e0fe0,True
2,618,L23,799752671142788433,1,61afbd7dad50718250530776e5bcfed106be602362e2514bc6aadccbdfbfb9ca,True
2,618,L32,5724433910812170610,1,eeed11e98a86ca40e907939d6c565d3d82fdd3be5cf36b549868138d5d0447f6,True
2,619,L12,15842407376594872888,1,cd937ecf5b84b42d035abbcb187f731c8d376db12b32cf70a9f1c4b5f3565c4c,True
2,619,L21,506256105755578642,1,ea00e6448da0197139b361e753550f4baf0d8e061792953e1444be54702cfaf0,True
2,619,L13,12212034980792188783,1,8ea4a2b633152670bb8d95b9779efb8a3afa8e830932fe2f2cd57f67a3f53f84,True
2,619,L31,2033447861999695469,1,8f4f13dbf93f3bbcfa7b4f171dfb0ad26e3f3ae129736b73f3a6c8ba020427ea,True
2,619,L23,3873163183053538024,1,875b442f62df9ea303cf30996bbc1c8a1992a87162db008414e424642551ce42,True
2,619,L32,17481467230861174749,1,769584751f728956eeb01cb0fcb75a0fe299dc1da8c4320e98eaa057a7798dc9,True
2,620,L12,6304465437303398629,1,c0492f9939127a94eb8e24f5ca4cf2ea27b668481e437bbf9e59598e9b56626f,True
2,620,L21,10656414330911487102,1,2dcaaca9233cb3f83526fdef13a1f10ce00d1886a1ed787d91f795054d6d57ab,True
2,620,L13,18049184282451483688,1,32ef1edd06988075afbda9c95bb2df25a9a8d4f92e38ca467965be7c024ee015,True
2,620,L31,12357177153496875156,1,aff530f33e6373c8378ebeceeb4e21909c6b9dabf80ecbc612518c52a4283e79,True
2,620,L23,8250098981990752819,1,33532236b736635802a40993a6eb507417a96fdaec3ff49efdb2568de81400fc,True
2,620,L32,2829845306671461859,1,75fcc141e74960303efcc38b3b2534589b95bca8bf8d845462d66cb0c1cee41c,True
2,621,L12,7742439025343414670,1,1749daf15d7e567690324dc0157cb97ebe238e94d5bc0a6fe4b698c71c611106,True
2,621,L21,11527744136527079198,1,1fd17391099c839675b208ddf7c57bf7f3f141c6ee4b03f49f6da408a787c23f,True
2,621,L13,1921531023708935823,1,844d7c2bb032bdf17f19fc9758781dacc2bb53150289fcf622c5fb14cdbb75ca,True
2,621,L31,681089183952146879,1,bbc1a09d869b3d3079021be6d8e7e30a48afdba5e4b69ecc05305b1ec0617c70,True
2,621,L23,15820928894064429157,1,83d93cb0e0cf149542e0de751156db89c1d2106f85356722f427bfef557ab1de,True
2,621,L32,16683105052454600598,1,e4394476447e73e6b3d9f59f1e6e51fd6d4c8e9d4e97408741c42716ac397753,True
2,622,L12,2010446154045918442,1,ee2eae87775da8cc13188bbe13e34a98fedee0941a7d431aa6ddf47d17eb1bbe,True
2,622,L21,17245312707459943325,1,e3c0b731f8ce1fb6debdf9e3d2494a65826dd0702ec0138037f07284ff187515,True
2,622,L13,12224187036846573380,1,8b13fbbd16b5c728bfe79ce0d4f0fb7ba2b08fee838d01dc73cda1b97af6f32a,True
2,622,L31,12030342729628842342,1,1db263565c81b02218c60e9a1dcf9233f052e641c191e4bcef972def143a208b,True
2,622,L23,3963088499872969021,1,5aa8fd01cf29200dc82e32ed3daf12780a33d8edac2750f42255217c2368e76a,True
2,622,L32,3967003077176128215,1,4a5a9d1f6da7477544dfb968451f4969a9d934f017c4cfb2ce35d624abd778e7,True
2,623,L12,10177254152045442234,1,adb9b24ae9ec9a13c9503be2fa3cc117c5dd4fd8e1d3a807b766c5920caf10b4,True
2,623,L21,14747432421770713508,1,5bde23e0850e6e75281bdfc0b5eccf6be04751625418056a14e6ac190d99198b,True
2,623,L13,1520293523873763388,1,30fab8046054b0287bfc0a38b7f04b910fb27692ce76d82df5693b33da1ff9f5,True
2,623,L31,10891467217625981061,1,d13ed505968c14332a6bb40446c8d704664090526b840e621cdafe8a6e529cb5,True
2,623,L23,10945735222860994367,1,703dc977ef92e3b3f513eb24d60cf765dc89a1f648d38081cb0942bf2f4ff740,True
2,623,L32,2045247054892022140,1,04c806738d28ed71a949861f093594f6c1ad4e42bbe9f9e39e3a42b7087c45ac,True
2,624,L12,10888263460511348863,1,564efaf88aa0a48407f85a9eaa5b88e2c902208d03ba9d8755149cf2c9053846,True
2,624,L21,14909301882580964101,1,abee76d32a4e7f1f53bd26db46de49304d3e7c90d6459b80c330b7527c8862fc,True
2,624,L13,2382539589748234296,1,427f4b87234fd15cb8b524417d2e692893030fb688760a15d93b8aa2582aec9f,True
2,624,L31,4025623020644262639,1,f7812d2c739cb51d01ce8e0867eccd282280e0d4cf38bd32f1bb538f3619e1f2,True
2,624,L23,7501688423689951494,1,072d37fb81cea385208ffd6f4f998024727ea1fb7f7e48f939747e63fe866765,True
2,624,L32,12175448989198751747,1,21d93cc89061b5945db72d26373700693ad43aa8a686a4ee9b8d59421653bf61,True
2,625,L12,14443438124449566271,1,cfaa1e6e9bc00714a0c2181f2dd7ca62dcdd3423e2ba5d5fd505758898000a47,True
2,625,L21,13900816319773202065,1,5f454f39fc2f94cbdc3c43ec8116c8c3031e642d1c0aa3f95746c9140c3101ef,True
2,625,L13,6196197501500726349,1,abd5d4b289c72398fab553c91845120e081264d6f9d449979dd3ac67830c8fc6,True
2,625,L31,1634629024385073086,1,c7ac2ae95fa0ae11b6ac24129e80fd99520a662cae08c498ede1a8441fa1abc2,True
2,625,L23,2626940040991909945,1,2ba39fc101c403190f35365fe40aca08b01d4eababbcf73c92d425be4b14b643,True
2,625,L32,5428584223756641496,1,1179424add11ee406d6041e67b9470579344428422a128e5000d6607f1de49ce,True
2,626,L12,5164662348345305545,1,b788810858eb361082e1f10b69a5421a88d745863b14f791f77106850f061e14,True
2,626,L21,4808249421379129695,1,1fccdba7dc57cf77fa655083c7d58cc8da351a1551c85d8b33d8d41b937fc789,True
2,626,L13,7886222203756162394,1,666c882884403b087f0514d68b893ee450b1a6f7405f5e138fe0d24ca3db34e3,True
2,626,L31,3531090891144967910,1,88b4c4a0948bd3af510f18d9fd25c47d02022b4642f82e12e7a037bfa5f087c3,True
2,626,L23,10236808614961341257,1,ab0eceae3887938696beb1194beb9b2f71f9009b8b4c5374da22138a9f135972,True
2,626,L32,15090712898416815882,1,041b83745bc58f7395b21c3e7e75db3b8a7e9468e9f00cecb08902a2fccf87fa,True
2,627,L12,16387886354640854352,1,f66289f617fefd530a2ac280907437c2f8a24a613ec2d9ee65df7f451482d670,True
2,627,L21,7111000780144148983,1,f433746067511ea2c0a1cb2cabad39dacb9884d041d3e24c8afdfd08e41f08f7,True
2,627,L13,14975481168726626229,1,36883a662722ba022b9c0bffa6e54c4e9866a1041c9ebc1d26be847201b9f15b,True
2,627,L31,3772909139795949894,1,84aba1a7948d8f0ca7f88164a4c20d291c961daf30f483f91e9b45da1cc9e3b1,True
2,627,L23,12052073458194005651,1,f6731d8135bb9bdca1a338a7a6f1ba6446b45f43a4b721f08ef207c11de55455,True
2,627,L32,10947108502049737603,1,1b08fec9a8e126e3a24a3e7929983b2c1e1cb9de2a0c7990bc7dd80d8b0f5d58,True
2,628,L12,13265969038647540520,1,0f93b141e41d27c7502e105d78de635698609734761508ea6f9027081b433411,True
2,628,L21,11563713287954076290,1,61b636f6043f1da80635e7a6f870a9385d84e380d39f3cb086cd675019a799dc,True
2,628,L13,6979244906423670612,1,22127a627b656378ca5fd22c2172d910975ff81e9f5af872b901377d07071edf,True
2,628,L31,13062437216869957377,1,6af9750139c54570955f66f1c3b7cf1d04f056d954a854a39dcaaf1e20047972,True
2,628,L23,14783743944939864707,1,7a1a8638088299bd0cc1e0d60af25b317b6ab67769075e6d3b0ff7f8e18a9f70,True
2,628,L32,7087979603996746558,1,6085b1edc0d7efb958dfa1188f51a72d3a18237e2633255605b0589c83e78470,True
2,629,L12,3042882677964010830,1,9718311d02537aa3bc01b16a668eb84204a4797ca1c53b48cc063b981da7d5a5,True
2,629,L21,2029767898396828018,1,12dfcd257b13f1c78451bea7f61086c0f7c5de94f77f4ec0e66e5f150b4abae0,True
2,629,L13,2392589693056792013,1,9703ce1365c29db1a4fd191420fce268afc81e4f722eb57ba6854fd443f635e0,True
2,629,L31,4524077167324836680,1,cd313e8f7b34a41eb068a9bd1b4edcde88bf416675a9e99bd31e8cf0c61cbaaa,True
2,629,L23,5096375373533881661,1,c48201f399f0e60d4c81e98cabfa5ece9dc442af57724b0bb32d92885102a535,True
2,629,L32,4414249526999778058,1,46a578db9a61f362e836d087aa17e1946be507a2c15421edfa1a915dd77be4d1,True
2,630,L12,3922692578330752952,1,50af12de4a1baf223c82a84742105587d27b186a56a81a829c82a8ee096f49a6,True
2,630,L21,11583003754563680764,1,ebb3f9fe4858eeb61ca4c4276c5f8f11987a1958c2b48a93db0b040649275d7d,True
2,630,L13,3449449438683746454,1,20ad5e8b9c79841de8651703acad2ae02a27c0cc30143eb84b324c907690ead5,True
2,630,L31,16312396334317364765,1,b467feb9c092f27e73755821a09924583201c44af80a2220c999b8c8993b6855,True
2,630,L23,9190423287965081152,1,b6e2aebfa3d496b82fff971f46005aaa53d02cf4301f90bcc0f3010d97cf4120,True
2,630,L32,14108572780248532455,1,1767354ab4f24c691db8fd2ea77403fd7f573feb36a12a9b50d1cc54be6a7f41,True
2,631,L12,12952786708686416371,1,3a6ec4a0b22b56fdac8368c8b175cf9fa2f856a098708e3fb4f6dea54a3a4f5c,True
2,631,L21,7875988256989504562,1,7238191e5fcdc4eafa7c9f9a25264bb39706fd73f191bbdf2aca2da5c4f7d5db,True
2,631,L13,9574284501004048387,1,b3dacb899152a75ebf28edc1c4a1d2ee1d52e283a92816515891e8b1b7942d49,True
2,631,L31,15531243329474774219,1,27225c9dfc584ebff1016bac2123152631c4822d2cb4ce15f3ecd81baa5ffcfc,True
2,631,L23,13912823097950570510,1,f717d8a57b45ca407d24ef29aa73f0ed4d878d2bf7a22059f4c686e68010c7e9,True
2,631,L32,3294968922173333446,1,e54860fb55ca122a8c57a1c5d4d84edfc3b995551e758cc37df07cc68f91fc1a,True
2,632,L12,12267416171401257713,1,93b9eb7344939a49853bf1c11ea3bc1d0a16b6b4e52dca5f2bff02fa70d5a512,True
2,632,L21,3119264125293204866,1,7ed4992132acc18e91cb3fde565262be004592245da4cab688c710771a74a4c3,True
2,632,L13,14662119037510970996,1,d01f1242a8893cb03e2032082aa7346caa54ac8df26d4acb80ee1723ce601ae2,True
2,632,L31,2976781403805245624,1,e6b46d097ad10750be24cc328c49f9803cdf7459d9d0792e47f87649b76bb286,True
2,632,L23,3860541444560186648,1,ade12a7a0af74ed601bd128e4dd97b6e5ea08720ab3307ae39808c57af08ab57,True
2,632,L32,16749998131144053823,1,17dadb868053ac0413a0d148c819cff2606d84ed3ef6d4d3182b58cb5d2edaa1,True
2,633,L12,14431842160316496183,1,b75881ffda96b95c4efa450a4412162ed28e169b792283e44bc422c19f19a0ab,True
2,633,L21,11932838732637661011,1,066856d8f2b68280ae9193d45c71e26abd57c6a66658a0144b234b39300ba204,True
2,633,L13,9545787715917374043,1,0b50e984068301626dde0c8ee2ec9e38f0714d50dae223284a4cc94de90a8fee,True
2,633,L31,5299339246364555526,1,afbee6c4e21d3a50958d1a293abe2d1a330c208be43b047d1de0077442ef867e,True
2,633,L23,15515960894476434186,1,336828fdd5e354d8452dc46aaa04d595f7ce6005691e1d0a183f625cd5b7163b,True
2,633,L32,12624805606688366252,1,a0786c8dcf5a8d3713a22246369ef7a27460475014bcb310709ea39c3e63e27d,True
2,634,L12,13179665069765865857,1,2adf7bc5b5adb8c5c39dc8b6b7131c71bedff37739eff8984167076364eb4998,True
2,634,L21,1975582995835159280,1,3fb526969f3375174093d3f92b2c08012c1889241bd01278f93e10aef8cfaa6e,True
2,634,L13,922259982601317945,1,328d52e726bc0e8f84937d36607e445e08144fd1c3275a32b9abc9a2884fa543,True
2,634,L31,16500813335457642572,1,04861abffc31866cd0e076532db21f38b5cb9479d9b9d7fdec5b4cc56b1cf757,True
2,634,L23,18279015990089459935,1,fd3d431104c7d8a1393dbb03f48ec8ff72198943ac6ab7b04a166fd90201b166,True
2,634,L32,3381520921993287437,1,cbe5e64e22db52bc5f0d19707f26038f88e9b9d8f874adab9fb33438269c10d2,True
2,635,L12,11909661596060267291,1,a832ff768a57ec4bf169106947a6534da692562ad3245f53c92218291538561e,True
2,635,L21,8227774388732771771,1,1ef974db66f3211ff02c9144563c359eb899cdb6f5e9899ac49e69e6f6b32752,True
2,635,L13,13887645639686764533,1,a9c4e47f6a25738b0d98d9a4ea1b937f3ac648a5678e0944e1d479fffc1d499d,True
2,635,L31,12322835297779642174,1,d820431ee43755f03741f0b7674e9f77f07a46a6a53f27d45d33d566493fbb2b,True
2,635,L23,8232618516003766385,1,b499ae2bdb25486d1a50138f474733366deca41f68792074f42696cad484b0d3,True
2,635,L32,14465645378334444664,1,16bed38047d97be0e55bacc73d27e29fa483992cb9f562e47e400b02f33ca516,True
2,636,L12,14136228870303127781,1,59d3804ffab066e2500eb5a2d2a2372b06ae0ef6eeea625762cb072da189678d,True
2,636,L21,4202918769990074343,1,a9c5197dbd8db483972c432cfb7553403fd4824ccc25fc503a4d4160efb0efda,True
2,636,L13,10882753611215548529,1,bfa7c42ab4ebd43d81aa9ab6ae9864bd9216186596e30d46bf566bf7c41f1348,True
2,636,L31,12488298284977124141,1,611aae7ad4dc1884b3074e013e5da4168e2f17a2d7dd5d3ccf35f9d0310a6cb0,True
2,636,L23,4346488628700956986,1,a46d87e9f35bff7e8f81b2a7351acf5a167d009a57d75dd395e6b5691d146735,True
2,636,L32,10697699639143232158,1,8a0d9dd64f0da9428b5a8d16cb9b70b1c1df1bd4b614e13ff3c914b526e8160f,True
2,637,L12,3900563937829412565,1,177beeb1093eca57743036ba56830a0a1b94fe8c5f7a2fac6029a6c20e2b17bc,True
2,637,L21,16084502545221354857,1,e8e2bfcff1dc89ef7b03c9fc5bb05e09c56684da07fed14030d3e7d53c1b51f1,True
2,637,L13,10434681672125840712,1,1e29bbd46b67e5c9dd6bf0c3afc2fe8c89af24d31b62e3618d26d3720271c340,True
2,637,L31,15895192440710048512,1,0353e714d8e7aa1e3196e0b09abaab0535b7fdf01234de05f832215765766ac2,True
2,637,L23,6765731202409905071,1,c692b1ccec9528b4dd9f04992e7d6818d17ff66dbef6734660250b67444f5a31,True
2,637,L32,9403401929986825254,1,26cdf0a8b317026dd63804f9929f4c48d8400490da14979dae16795c282f5c2e,True
2,638,L12,16837468750092542970,1,de52833cd86691ad875037577a8a74835d42150d2f8793425f08a82666d21154,True
2,638,L21,9159607910515445457,1,2664bcf4a0ff3879abcff9952fde8aaead040427081c5806d80e9f9268826fb5,True
2,638,L13,8586492395002828535,1,7400d7c155d08f77f97a01e68fd690979d5dbe816fa7de772182aa8eb761983e,True
2,638,L31,11200602377471993855,1,9a8d7691b043ca8d2558ab1fe1952594f6752c42ee6beea16dc30eabc4af4dfe,True
2,638,L23,14584689982897406051,1,a3b699349a30f2cce4de3dad8a283258373781eb5ea03406ab3a86d3faa5c487,True
2,638,L32,11839947919630431218,1,135f1714e4a75a718f9d4c736a7af1b9c7c4370e712958d79a833b43fb595416,True
2,639,L12,12862393165061051691,1,e9824f8262bf43ad81d76c04acd33f475a5b1307bcb8c7d4e3c3343f7cc4750f,True
2,639,L21,7209911392155946846,1,ceaf035dae872328d55b2dbfe413843e1f05513ab1bf4ff2fb1c98e96ee83ea2,True
2,639,L13,14235477294989578897,1,b6feb3cf9ebd4a92ae50e8d52013b847dcc0da02e82c9d4a1d4e08134dd7804c,True
2,639,L31,4856127794870927314,1,013f8c4304dd3847c538940d0f8aa350905a163e32668799f1bf942758d17a40,True
2,639,L23,1375105152888364283,1,3879230455016ff98434c013e8ec4d4878ecd35f20f22a9e47168aa0732c20f5,True
2,639,L32,13593407958951701117,1,ca9b9debfbbde1e9aaa4b6c40e97659765b06cc6bb3516372c92c78a74cae8f3,True
2,640,L12,2023598498684410659,1,ddcc1301a98d3bb043c116704aecd657a98b8aa7a24beb68b9fa0baf31c33c0e,True
2,640,L21,14301639882495989726,1,693c2a6eb1e21adbe9fbba8f2e9290ac5ccfd0f148515c38b1322a23bc66e807,True
2,640,L13,2097262108908686367,1,312277b6535aabb19f09fe3eb15e82f5015089e093275e20ac26adf02192c465,True
2,640,L31,15578579583057939533,1,88ec14e60cb6221a34709656452aa43b3577fa1ce156104727b31f7b25a5cd8f,True
2,640,L23,14162260444622634553,1,b33fe554f01f74e1aa42d528dade6ada86f0ca275b1fe2301a615a22f8ab4df0,True
2,640,L32,6790996804012968289,1,3101693bdebe0eb07a485303a95075a0327ed32e40438e2c58b932f16e5c543c,True
2,641,L12,67734922694389135,1,abbd2bdcbd6d227ab1068d7fff43793bc8f824a53d997815bca35c8c3e93ffa8,True
2,641,L21,14364477479154000397,1,43129daa621fb9dd481fec88ce98bb4b39db41fc122360baf262b7af40d34415,True
2,641,L13,1295523216995766022,1,7bd592084a87ee1ba09f65affcb6f8dee186e59708925146df477fbd5bfbbbfa,True
2,641,L31,5206901982441723956,1,aee322ad26cded58c8638a5921504e630a5ba025e4e5a89e6d0950e68c0ca57a,True
2,641,L23,6821737427239497690,1,c85a27f0b7d00056daff17622dcfcb30bce546515cb342928e96d6886a7eea81,True
2,641,L32,14779223544422891343,1,331ab8dd8e7624cdc6d10585faee486a3f099435d9b1378376f12db7456cc5f1,True
2,642,L12,12506710677736039330,1,f698c4bebb198d1b44d4f74833e5f2e67d0e234aba027ec6a2e47a951b65219e,True
2,642,L21,17872259559873025720,1,a60350ebcdadd477fb719105dafb757ea52014568d26baa2d657a4297150a322,True
2,642,L13,6767000077402056636,1,a20f176b8d28baf1601c25ce0710f93b87183aa4c652f5e8dfd5fbd06dc0a634,True
2,642,L31,12983337700878743728,1,f50950774a1d2c0ec1c8b009a28747ce0d8bf1a53b9317edd7185e3bd72c5b37,True
2,642,L23,39498226275549001,1,007e0a84f9d5e95e916d9d922f06377b1bb94a5ce244e217ddcd2c22376ae748,True
2,642,L32,9798820835313223331,1,f5fb6d1dbb400787b1327c890275f9c312dbd0dcd677433c6a0aec7dc63656a9,True
2,643,L12,4836635722001437350,1,b42627ab5cb0d6fb3a1f96778ba61189f54d9aeead572ad1444628c7f32dfb6b,True
2,643,L21,2126414265983416378,1,a7f605771634d06ded602acfb95ec0f17fa78e4cbd65f8064f7c846ada1328e2,True
2,643,L13,14622604048771489079,1,682afe769f45cd9b298802f08c57d8a495275d604205438716e2e7021f5af0a7,True
2,643,L31,12483327515954771345,1,bfa562580ed105176d983619ca2f8b2b18ac14ad5f241bdc7fe8aef982e4f9e4,True
2,643,L23,15331942103215092688,1,d068e7f3cec0362a9976fe1dea94792556a0aefc13d6c17e80100f01e32125f9,True
2,643,L32,13599339918973760065,1,6ed9781148f1ae7c80555e47a222cdc16f817afe8f7b91b7a84c52aa1c4d0ebd,True
2,644,L12,17240653946734052265,1,a8d99a654e729e7dd2b72b6118da53bfb01042d4908f3f374cf796528dae2f81,True
2,644,L21,2849263472533533362,1,f5022d90b4da97fd8834b357d20b0bd2ef5daf8baac72bc1c2937c5178a424b1,True
2,644,L13,3106409467201460154,1,d0ac48272a92c367c3c2fd49bba59f0f81caeeddceb205686176267eba58d927,True
2,644,L31,3619201611715425066,1,93094a1f263f4b612d4111ffa725ff2c148d402806dec30378c65f84720414a4,True
2,644,L23,8595777866781047986,1,d59ec208cb38de87016d05cc75f192e1a6489908d6c959442a72ac214b3c1003,True
2,644,L32,5454243063212767862,1,f6cd3fa0d555e8c15f3ed158556d5f61186566b19ae4e126c9f29111e041007e,True
2,645,L12,10675328705800533376,1,ff6f50858bd223d463cecf130209ad7a98b9051194b0393a48c34ed82cf8d2f6,True
2,645,L21,1356243515330684559,1,4c29f7556065fe60b8554b3c76c01f414c29811a8548fe15cf245bb337a2f575,True
2,645,L13,3107435328071924178,1,e80c85c33a3dbca4bc6ab0fde3cde4f0cca3ff5dc70f3c661c0a5157fa54a7d2,True
2,645,L31,11988658649626303026,1,04845c0786ad5db4fb14917e7d64f90a1ea8232aba02372f9a67fee9dfedee6f,True
2,645,L23,11955964443568803044,1,38e59743b08753a39018a26ab69d05504e2e6d880fe480a87ee667d104b92ce4,True
2,645,L32,15205689676066585772,1,d6f1aac0e8ab1971fc58121444985fc4168a06d25c8a600a5d59c766484c39ce,True
2,646,L12,8396896883033130249,1,f3786ba0c715f64b8c9ac41e703b3cbfce2b85a3deab28117962ef0a11e8b3f2,True
2,646,L21,4431837918064471681,1,7552d15dbaf743007d221c80eca3b1f5c43d1e8438e87d38064c7f39e83b9c7a,True
2,646,L13,12086739544879574941,1,9e28e6a561e32d3779085ba3d0d02d549f81bad59a2c98d19a8b97d06314c2cc,True
2,646,L31,9278653960768255567,1,1cedeae3bc3f3a99bcd0ac8405c44801336ae139d7a19609d63cdb24b7ae5d0b,True
2,646,L23,7008150007565883465,1,e4f6d8909c6858d8eaa94ac3ea367acc46f453e225d1a466c95692a546cdebbe,True
2,646,L32,15576218300872548850,1,d5e34fdb11202e3580a5d06e5d351d00c236b965d8e8a511c7089f2b5a443240,True
2,647,L12,10826951758810704915,1,08e64afd3844e8809ae80d083dbef19c9ef4b9f37bc0c56c588a138d65b05c1c,True
2,647,L21,12981206115576600696,1,21e234fc8a7a8f4b359c573dca6851e59a97d8ae12e609020b1a91656c8af2d9,True
2,647,L13,1307976468367455221,1,1b0420e2fbe8cd8f73a9f3fa380569d00ecc0c7b89fda1c85b0c783d58227cd0,True
2,647,L31,11877946915900331585,1,6a82245f563bf67e15bc19a8f9645103ca025b927a248fc8009974aa64a84a8a,True
2,647,L23,7864636492801975788,1,474724eb7b0867b31e535e4b8ee8db05b0ed04c3347ab5b90d99ee57837b199f,True
2,647,L32,12993151325774310141,1,75658a8fa1e140e857f4ad36c4b628188f8bca65d49ea5fa21fc10041cdfa9d4,True
2,648,L12,4681801409238851564,1,b443c6684b210314e0bce525614f84bed21e8597e6434a285e24d058d8823e30,True
2,648,L21,9374445475443582612,1,2d80c53bc5232222fa072ed22be7969b09913872ad749c9af904a283634995e0,True
2,648,L13,11041579369995089122,1,587362909264cf21e9b8e774868578d94f27127ae371ca2f43aa735956b4b170,True
2,648,L31,7205687851750862617,1,8f50e42484a03c3a51d591273fb5dd6979a6da060f5fc2d486b41515197caa06,True
2,648,L23,8122373308580181127,1,ed1e67989e026ac1c8ed7b99d18e6be3d4e5e8893a3ed5e6ec61878455bc2871,True
2,648,L32,1979483597168714313,1,183278e4f8b2846235e1e29311f1473208088f3a94d8a8d472ece63981e4322c,True
2,649,L12,8245588414627773047,1,923ef35e4b1034a560a6c9001b6d559e23eea578298c99540efd057ca155addb,True
2,649,L21,9006488492056167035,1,0e3a04d823d7bb00902407902729d2b137346a696a81e449df4733beaad41c0c,True
2,649,L13,10724762581693276817,1,be341f13f66edacf759e174081bc17bc697470572ba86bb4d5db3789d3e1bbd2,True
2,649,L31,13691934157419842774,1,c42462477da1372e5f73e23a51a194684a3f68794d7cef6bb03ac78713c52f01,True
2,649,L23,8234051347916999095,1,fa0efc6aef89362662be7bc27f18b7e1b03a35630e4398425955d6d59b6b9269,True
2,649,L32,65290225815623843,1,1a60a7a2d83cd6ee3a803a83baac5b6095a68b0bed95ceaaf332e13685c7bc3e,True
2,650,L12,10884003086092950597,1,1a03a175fad7b50899ef992dab592185d8c4ae21440904e0fa6319fdd84888c0,True
2,650,L21,92905620176858581,1,8156e9015bf2419af18130d0a96caaaadf8c88164f63335aee97bbd7f859d0d6,True
2,650,L13,17123528072574326701,1,31d4d261c2950ad250c03a5349c655637080731e451b52fa23dc8d0b78c84c39,True
2,650,L31,15704146553947279359,1,d1554d67bbe54e385cfe5f01d7cb35645f94bf7c7f7b40b49c38bb484fde3d17,True
2,650,L23,8551133620289851502,1,7d1b5b828a2ef8972bbda46267a0488b9c881d00375f4b4b4760270e50cb3973,True
2,650,L32,7388527163878560308,1,56f5a4394d24e00e5f134dfdd6ffad0d48acd70ed96f3aaf39a9ed01583072c9,True
2,651,L12,1806005901430504284,1,f49140e72ff187bb2d201d26f7d35f9810236e6b4af471f128bc04e0af77c939,True
2,651,L21,6583196811058433485,1,740300ea2c4405f00e642a1e21e120f88509eb0718e939768d0912b3f6ad5585,True
2,651,L13,4675665335196899282,1,811c11a1e570758df3373b1d1b283327fb9bb50b1e85738207dac104eec53ed7,True
2,651,L31,8815300697014458312,1,9819b7c26e497513a872a27fa00fa1c19f96fc2011428d90ba9e6fff510b861d,True
2,651,L23,11537883350989073692,1,257e0e5c235a09a67ad5522fcf60560e35bf3fce4a08c3cedfe489c27774f4c0,True
2,651,L32,4775984207658483828,1,331a3b688b9207597edea4f3ae27e9409a37f3fa531881bc932688406ad60881,True
2,652,L12,4997515869074853313,1,15fa968064e774824b4fa2c1b8f9e2ea2e70196049217c8b6a235b1313c0c104,True
2,652,L21,15017053734978913484,1,bb3cdc478ea529e94453e0787f58b1bf007151fa810a3ea972603e6709a6d36c,True
2,652,L13,12015941353066269171,1,eed9337d5649b3945558e0801968510b244089f716b941f1e06f939a1b9f6c29,True
2,652,L31,9157729791709649014,1,ec56177204a87be1f8d3e2b12aa754a98c2abc4692513069164078c5817e4ee4,True
2,652,L23,10882467852608409868,1,a93901413c5a057f102c978602efaef02a7936e6ee77a575436957cdd4fe08d7,True
2,652,L32,1317719309511809297,1,14a5339dc2ee861afc1e301c96dcaef11c675001fb24ff0d0a3314403ad40f8f,True
2,653,L12,14805596082534877080,1,94c8eabcc2b7b628ebdc5dd3fe8c2b97bd68c8e5cf4635535997ec596bef61f0,True
2,653,L21,12816012850911333912,1,ea30e6e4ebcba1ab9f7bb219875a7a8ee1b014dc10ab315e50bd0af3e3d32a42,True
2,653,L13,6603160152942183409,1,87d1f74dda8a8be727cc9b46447584b8cf554c90b7c7f594d44d895f5c7941fc,True
2,653,L31,7928023280911734937,1,308319fe2767a07a52ba122daa0d12ee46ddf953faddb780e866bc848bb1f3b5,True
2,653,L23,8824487378353573528,1,7caed9c16a58ff3d6a8b1c515ae3f3fbb11d43f4dd9b1282c3b059760b927572,True
2,653,L32,16143379507215938045,1,8e52158b378688518c85571a5e36ab18cadde012be896cfbfc60894e7f675574,True
2,654,L12,2731539733055844156,1,cc71f9fb4423e35dd5e7edd91245852049709d9ae4af2dee71af27721b535360,True
2,654,L21,8519984314794823187,1,d7b739551ecca0f304636ae00182a623e363ff991e50b95905cba53ab9523eab,True
2,654,L13,17053321896958200419,1,0b411b47fc6d38086ab22bd9190a502a393edc279451242dc2ab013243a22638,True
2,654,L31,6774369302235296477,1,4a5e536b0451ea1494779c5cc44a98295e443685c3d99d2ce47d9baa81ba40da,True
2,654,L23,8243500266858831780,1,da88ec5db01c2b2019c91dac7373ab83c6a45af995e5fedfebf135cd7eabd45b,True
2,654,L32,1465648564400210868,1,c1b1016f85492190979060f6fb5a86101571887eb091b8f93fd51dec045646e0,True
2,655,L12,17196838684253951592,1,4d9faf77d7760aa3879b2063b1360b6abf0142a668dc7c3dec51cef4b2953a2c,True
2,655,L21,1068805644676729545,1,a080635743872e8f4ebcd610a844ad4e479962bf36b008643aab105e8b0bc1e9,True
2,655,L13,12383926632444964585,1,02d34aec5a85fbff0d6a2b9996f7a82eaf1642bfd0cded4ac2aed7c9130e1549,True
2,655,L31,7584742780246511143,1,f45ab78786876d993facf264a1ab22eeac957878c2f36f18d72925baf59308d7,True
2,655,L23,10158228985660387390,1,51517e709b82521333a761733b78fa67c8001578fc6d6d99b404759753424820,True
2,655,L32,15285035249843241239,1,80d907c30bf5ae209f36139beabfe227fa34fa91a45b6af21aa11c7b9bf1ee1b,True
2,656,L12,18235865012182617658,1,f820caacc56b1b84a02faabc9129bb6299b63e9b3cfe0255b297057a1b3fac64,True
2,656,L21,16621472317401955217,1,29380bcfc34c74b81754aea820dd6b4aaef12ed115de1bf04e4727f1692d3fc2,True
2,656,L13,14596224460924687760,1,0fdf73903107bb00bec98c8cf789d7bed43d6f796c9380cdd89546db5fa38146,True
2,656,L31,10683477637714288052,1,72965f23b5c79a1bb6dd2a29e2db6c50b3604890af82c2c73f05445b919d93bd,True
2,656,L23,3494843114435082095,1,80e5e86a81d1981635a5d173d6b5be43d538f798fd8533e35a285bd6e4fe472b,True
2,656,L32,17719418268230553675,1,70b721e60b1e211259fabdfb0ca7c60f7995c88fdeb4fe08c13c47e8aa68cd73,True
2,657,L12,3777253517126250524,1,b6dde0601609ccd54e548001cc209d564e30648a733b0cb3fa04474ecd1fce02,True
2,657,L21,4782012216083541152,1,bbc817cf3484bd0422b969656a5bae19fcb0a10a3ded86a26c0aa04766d37c5f,True
2,657,L13,4364062400013472958,1,1830856fd28cb797bb4f10d9b495ccf65f4452692dc107392e3f03ee2031977f,True
2,657,L31,14812441156072299235,1,25b703429faa6f6dce8e7dd98ba0f2490e1f15190c164753a7241215407453c4,True
2,657,L23,7063128811288029280,1,adf58646da4cc6697e68eb42348d4defeea2fde3fc911a346e175c912dbc9278,True
2,657,L32,8616841628668466581,1,122f055a8d18da5db8b6f934ad28854faf0a86fa20197c34f7f9fc89f59e2f17,True
2,658,L12,3326883811523863147,1,8b857b0ae2b226aa6f917f842db89534ee343a539ae599fe665ee0ff9c2288d6,True
2,658,L21,10569167583203130568,1,6a90f357bd14be715dee80a7b0398346555304bcd7542e761f1ce683d3756cd6,True
2,658,L13,9953662283136392165,1,0945b8923789f7dfdcb150270ff23e9ffea23f9d171a506ccf81afe2a5c413f3,True
2,658,L31,18441951435176143473,1,db1d2d5f15fc95d0722522697cd03162004a80fedae6c9769b8f3215ee3dfcae,True
2,658,L23,6165554020060325686,1,a782a2a52a3ab82fc5d3e277728aebe89baf6bcacbdac91800addf5bb7ae3118,True
2,658,L32,14008836627622429463,1,27e961e9b2c2ccfb0cbd96a5d9ed84d312c3c6696b1f5cfe83509e4d443fef22,True
2,659,L12,11835633319032970298,1,533f6332e09ee5ba0e7cdb481a19e8d2e8a07b740bdaa92ec0a13613ae781e65,True
2,659,L21,5558818099457863125,1,bccb7f014552b7f32af35480a3f815a3dd5d72037aab77fd0dead1aeb2c34af3,True
2,659,L13,15482893098015425285,1,c7588d2d8a40c621883ec4a1235b47d45df1c2835663c859ebd8e2ac80ddcefd,True
2,659,L31,4987032043020114960,1,10d568a8c973e13a19c492238f43ee2ab3ae51f9782162684fb4d2eba3dd42a5,True
2,659,L23,12745119595344874267,1,e19181cec0816f557ca280e85165894c924cc9836c8e9f93142a568ea77b353c,True
2,659,L32,4390720287750696236,1,dc21949ec451fe6d332440ae83abd6af03deafd5c6cda05609b52487a27ff2b1,True
2,660,L12,17646415769514431754,1,f42ee9117cb0dfd0715e4b2db6810f746cd4b09affc2cfe80b6f8687bf8b721c,True
2,660,L21,1923185074848704497,1,6d7bb87347ccf91310350d845c7f75166a2d05f54c892266bc883d2d29f11608,True
2,660,L13,10379107491150045140,1,7c556cd92429775321c649e1a733fe8b7fd951310dfa043337829b1b7f301a11,True
2,660,L31,8015951029202855782,1,7e170a153bd6566faa29a4527ee2e46cafa54847909ea54d263fe69e4dcb5d17,True
2,660,L23,451531241084021004,1,a236065e8266865113252588375da3814d84d24c33664f73fcc5f4e55078e75b,True
2,660,L32,10413159038370753550,1,8a80373d016ad5e4d4cfc93b0aa67bdd457d5e278fe008936916e0ddad671390,True
2,661,L12,11037582557242524887,1,58754303c768693c61004abf6521f0590252d5e3cc82cebe3dc227646b4e9091,True
2,661,L21,16333877853561045266,1,39194b2b64483d86229fd6522a466c349868e55f543af946bbb33245ccc6a6bd,True
2,661,L13,8547683130604323041,1,dd3d9c0fab5ede25bc9fea391ede556be8441c48f2215f73064bafce0c121511,True
2,661,L31,10756628375624511443,1,528788c2198abbdcc5e978911157de177618ad83841270d28a787848c0cca165,True
2,661,L23,13463902098987591393,1,f5da43b092c1e507c864b3fb3c01680361068b918225c10da6dc1cee67546f82,True
2,661,L32,15124798314995918913,1,60028ae1dc5818e5cabfcde985f9495e81885464d061217bd525a38dbbe080b2,True
2,662,L12,18408236472873338940,1,7ff9d57e7e0941772a026bb2dc3a092b55c19e4b2d694c28ba8f75adb714b320,True
2,662,L21,10318629886770887579,1,6688cbff121969b130e01ce8e8709692f1c12a7cf45ff818f84d4fc0327b023f,True
2,662,L13,9811727563151936594,1,8a16181324d1588cef5d6878985e23d07fcf40bdccae2e2f2ac3f447831779ca,True
2,662,L31,2062264755072277063,1,6cc2b3d5a1a05324e3bcfd459556af6295e2be57cf1f39fa9d6ec67eb46f373e,True
2,662,L23,18315614510090752919,1,d6d98af95b22a274828e8fa9d2b6d0734714308fe21f21bec439518aeba39a7a,True
2,662,L32,7530965000709900110,1,cb21a050b76b4179faebd73deb2edea41990b95348835d342b3162977dc39f9d,True
2,663,L12,2618511519993339378,1,28eca49949b4880c7e9025353ca44f812fa78c0992c194735bbc4c254921b5af,True
2,663,L21,9625463485595144910,1,963cad3ee3ad5a8ebc2949c2e33d4cc51bb5e8a6357e7e599e098ea85134cb88,True
2,663,L13,18091224881902896589,1,f23f2166765a2f2c0f4b1b967a6decd2769999245cb023c4b03e6245cef035af,True
2,663,L31,9261520207102963404,1,577c6aa3ee6071057e70701f5f05dd13153facb5fdb7d3e5382072517ac795ac,True
2,663,L23,4724252064888060964,1,ad5735c51a9f74a896cdfd7aba0df93cb4272502bf6f500a032f065bd4e28244,True
2,663,L32,2418237009906412769,1,5aec55e4d3dc01c0a4648538fbc704561280c7703e0237084038cfdad70b224a,True
2,664,L12,10933796209771788983,1,78609143fa7cf5f350338c0f518edf58c96974b272a9fe2806ad030c747aec8e,True
2,664,L21,8426810243576305820,1,0b8428e9a357c4372f47614687b73d322581603c63fd56dc649a34485c0e3807,True
2,664,L13,17465111655172013838,1,a6636dedbfa6200b7a61b6a8c43be884df3d278a9221ecf03ec40992e6df5b3a,True
2,664,L31,611124954577851830,1,0c21867559847ed99bd1e32f1e0d34e25eb63608cef1d3afc08047472fc0a84e,True
2,664,L23,9881463746810391864,1,024c0382db2ca3c8c7e5f13729d1ee5fb325c6beda484f920fe43ff600178c02,True
2,664,L32,3569135971857773105,1,cbf0981245a7e2286b591323297991659fea63689d7a800ed482eaf173888710,True
2,665,L12,7510359778754746348,1,4ca5d14bfaf6c53150f4895856a7c71ece0fef6b21e8dda49ad5392f1130cc5c,True
2,665,L21,11331566936971596273,1,6c33011afdf0fa5d7bdf8c9edd953f40aeda778ae633034ba3e5ae9b84487cec,True
2,665,L13,6881598144724595627,1,4257bf26efa28da1c9f1d36eb57bef70b45d82c62700bf6364a4aefd5a80bc58,True
2,665,L31,13211953481987802772,1,368484f7c43391c46f7f43e10d6ac8f7b19405048826abaed2af4b611d4531f9,True
2,665,L23,4577892742315531025,1,f78eccbf5b25a1d396cd1d459987b87d558fb220ff9671caa05d5facd9a1df32,True
2,665,L32,3791878801253508736,1,263ca89fccdbe216cffa1bc791dd57977f41a5cb8cc93df0fa7857038c8e0cfd,True
2,666,L12,11657720884853186244,1,f25e0c9db3b9524715a9f6033bdeff8e8d8e265d84bcec5af7911b5e522cb28d,True
2,666,L21,13846460128734851234,1,3ad1f2ec3d8087ed28ec1c36105f38e8227eabfdebeb2e7c91ce2d53af279201,True
2,666,L13,1037394734646856821,1,8ee767cb8cae9a2a7f1a0488eb2d1b326ac28868dbb80ef9b2da1d6ce61e98ae,True
2,666,L31,14145140332450174328,1,1fcfbf4cb74d05e4ec97b024ed4ab82314bf8ce8628f9771f0db9fe4e49383fa,True
2,666,L23,12642764567620857170,1,d550a972f2a606f6407927968c15e6664600650aef20d342679ed578e609ab75,True
2,666,L32,9170157051563294952,1,27a4b97b6843a6f471b9bea321a3d368bb4cf67d7f79ea36b5e692dd82476952,True
2,667,L12,17443109609624864384,1,bb1ecbe962a1efdc94b2eb89a9f9130c2cd6c83494eced43e518309bcfcbfcb8,True
2,667,L21,14646923053266057012,1,90603fb4d4f2b9a39b9c192c9407b7c9581df9043564b57727ddffa2f3df36cd,True
2,667,L13,9679763397428420946,1,1ea0c0915a5df5abd1082dabc20bfcbb9d13547eb2a2d7330f6d618b6439caef,True
2,667,L31,5625966200812887109,1,370b002f2a50b6444af026077df420f6872fc4ef59314c0c9f834d8f3bfc88d2,True
2,667,L23,12973144547690257311,1,53a9ab9b97c4a99e20b9c8021f9587131ae14369dda7ac35c06955814594ad84,True
2,667,L32,6774941109739509056,1,cec2995174a62c85d141293ebb66ebd79cd0956ba114a8dc41a61b01bfc1e863,True
2,668,L12,10990887847405085818,1,f95191a4a7d43c7557328a11a2062e421839c74eee650463a17d918d46200333,True
2,668,L21,14666008519166408921,1,b94e3ef3dfd20fae35a991cc9113543aed23f36cccac438fd9740a4aff0489dd,True
2,668,L13,13269963348377053622,1,9f21f0dc9aa19f0844a7b34394177d1e3a86952ee7491c121253b0774c095573,True
2,668,L31,14528014436029262495,1,3214dcc303b5e4965524d1ddd213e987cf39b29219de9046a5a23c110c680f95,True
2,668,L23,3099172710920630698,1,4b9b7e39afaff2cd60fcb30e2245c67ec6602bb927030722f1d5c3a714623936,True
2,668,L32,11164480743709767167,1,120f07a748214cbb755ef396cee5186460313d73b98f38eab88b854160094913,True
2,669,L12,18321455518758581775,1,95eb908a88517cf07f4b078f52ca7603c3762c2352b802f84112946df6e6b188,True
2,669,L21,2540976054496792688,1,3f9812b1b1e48d74ca33bb02693be349b8e7277727a9babece8cfe2782ea069e,True
2,669,L13,9612012578701903736,1,e271a8af5dfe625df0b556360d966d053ec8b7828fc72fd32bd3c211661f827c,True
2,669,L31,11585265868335050716,1,5e0d6a0d8b41f470031d82c0ebe89ef1c069a96757eccd0ad1afe3fa0d271767,True
2,669,L23,17165327142092448938,1,d94191bd4f43cb939e77d2dea71a34dfa51a0164be04592b3ad28788d34a7f35,True
2,669,L32,11239308125241223689,1,88ecce24e14efcb219174b7c6631b99ad7c8c47f9edff9bd42d7adbbcae9998e,True
2,670,L12,6476697504484377596,1,9bd9595139c9ed393eb46225ca3aefc6e233a24a1cf469ff2265980fd6a53370,True
2,670,L21,9724457568942700215,1,9bcd864d8a1a5db3c9af4d9d48ddd71fa085d0f90f1922fec57fdcf5202d6ccf,True
2,670,L13,7704991522047170142,1,05537648a8b84f5d70a83935bba26e84e7c91698c21d5e9d53a9b6f0c2572e68,True
2,670,L31,6601526604884263983,1,dc730faacfdd794fb344f24416e122b4d141fe0ff34c601bb6f65d2cc39c5084,True
2,670,L23,11823641424040913469,1,73ad7e52fb238137f7ebcf6b5785b1792a330fb87a40c8a5856d28b327e48a2e,True
2,670,L32,9158751361289107985,1,e53984bd4234e36cac4fb4a5e496e6d83cd051d51702ca95addac7f653ff95e3,True
2,671,L12,3238388814535432001,1,8a55df1bcbccd86338f3c4697d650a0be8138dee5baa17d284112860e677bee5,True
2,671,L21,16021921810582517763,1,93a9983e623fa0a03dee22b786f93320c04a315f51bcdfad3446695691a35154,True
2,671,L13,18199046714718918474,1,43f4621e42d00d0880f1204e64afcafc0b5252e3218813d2514d8e8d068737ce,True
2,671,L31,5047580519031440064,1,a862a108100d36225a0bfad2eaaeb36764cbe68c8fb8428e0936510bbd618109,True
2,671,L23,15547089606111458059,1,9470087b32dbc48409370554384f015dcada10d4a452060b3a01a6032782bc53,True
2,671,L32,10783486524868788699,1,e4014d6b15f0da745b5332375be37903c7d2e7ed25a2be81d64a225105c4417a,True
2,672,L12,8384354490172010587,1,3290643392187697873fd00c5ea5e993dbb978500585bd0eee8d2b985c31524d,True
2,672,L21,14572604340029151952,1,ae8cf7256ee56ed0586f4315c629f242633b7da3acfa1ec9e75652170bff2bd8,True
2,672,L13,5397703948471580501,1,9c8ae822459c21a19da15ec1b2806679e189c2df1a74523fe50c94364ed2d47d,True
2,672,L31,11838006723563001559,1,f7e31db2f5fe2af2412d7f579b90b4576f42f08fd079ea62948ab43f2d69df8d,True
2,672,L23,14905313925092587204,1,7518b582513b2e1e8119c2af915aab22fb4baa7e29f79c8de64ce72324c62e5d,True
2,672,L32,2488092105533913325,1,2a4a9d0ce8495089a071b03b1c172d34b0d106835d4ba68965e2a4765ba1b8bd,True
2,673,L12,2537496618235706647,1,b2b17c83c80d3eee91d4339dddf1d4af8946e6712762e694cfcca9360049ad29,True
2,673,L21,2012769529100961341,1,a30f8e5734bf53ac3120feb71442380903a55fe05be814725d1dd705ef1170a2,True
2,673,L13,4692665641401933610,1,f59f4e4a4512b37aab8ab85ef6e66dce8d17069a8ee0f74c8647f63bd6bc0473,True
2,673,L31,15081819881511930829,1,989a3a8f385140c2dd5c98be46f1082bc1c72e47d7fbda0b613e03a038f9de99,True
2,673,L23,9236639015542931393,1,e28f6214874a0f7aab2613b092882c58630e1d645a66f5a3e0b316a4afa03462,True
2,673,L32,12542517253323111449,1,1320f5013f9e23d33cad2994332e9c0629b28a0a8c1853f4060266307d608759,True
2,674,L12,12532823797922093807,1,87b014c11b7a40a289808ce3c75294a9d913518e6153ac0f9852cf62dcfa9e37,True
2,674,L21,14680159969949765652,1,7ad7a1ec7622f9afc2a62f4dba7e59fc24f37cc450a53c1ee2be2e95622e75ec,True
2,674,L13,4103910752863387192,1,95d8f54d6033bc0217f5182986378dd119ecd18f2bca8847d65b3f997b9a8867,True
2,674,L31,14794632069712442405,1,aa0c06e3f3d71756b53c58a92ec23ddbf42c23ef1fb7c23a61f8f8e537e2214b,True
2,674,L23,13354548091301376037,1,77b5a415c258d483a1abc7878e08d8158a1afddabac4a0dccda92a2f0cc7d3b7,True
2,674,L32,5513093612837302409,1,7c64f7cc6c886ceb152b30433ed71578acaced02de9e37a35a29603abd49212a,True
2,675,L12,8505229245582473328,1,99ab331653311f65073e6478633bd37499d049ae63fab263a976c3f342467931,True
2,675,L21,7177312572037613825,1,fac5116302f78a8efd456de4fa38bdc3e5612fe2a796316088c444b9c834a56c,True
2,675,L13,807847705500823633,1,8c71a606d6367f30438e139930ea746c8171cd498c85386cbed3e2b8301e020d,True
2,675,L31,11209483383221662560,1,b72ac74009a34186a6e9b1b1c6bf4987b1efce99eebcedf0efb953f706459d2f,True
2,675,L23,6529990499435399453,1,ac6187264f145f52d5228d9c489fdc169f498e454b1fd29ba6e80b62019265de,True
2,675,L32,13014318549290839781,1,cf00d2bdf6b73c3ef4205b6428750a6970655c0b44ef6c809927671937a661af,True
2,676,L12,1129080029329279092,1,cf3ed673e316f4fafe2d8363351a6a0bf8df39aedeaf8d6021ab4d87d3887ed4,True
2,676,L21,1797409534507354273,1,b972ca4559fbf3e73bf919574650c1834ee1c71f57a34af2a40d48e8bdcf00af,True
2,676,L13,1079673197902272366,1,4e56ff2afc8e5b79aa7ea595e9377560118f1338fc29cd3e3a0f2b81b7029f0d,True
2,676,L31,5290745928729504280,1,b9a758fc90f23696c89791fea136824cdf05126792f18c9f30ce348470667127,True
2,676,L23,3901213205276038639,1,084339195ead9951e7c97cd80fe2ee1d3df2c3814b0b8a48f021f0e7fedb8978,True
2,676,L32,16547242283956161030,1,6dd2a83ec5bc451fdd7bccb64d05eefe7c77b2c0fcd4872127b3e8fbb57a5515,True
2,677,L12,13579580785049141392,1,13a2a686a43ef6d2007b29111b5d65b208e978131d11e2af5bd36c75705875f2,True
2,677,L21,15983638801870287704,1,2171c403bba5ad8199dce0b40915192d5a2bf1f9fb9047e481f46a877cbd6cc3,True
2,677,L13,2803150366092608515,1,30066a261b723bdc0b5d78e5d45eb136026ae71c9a93c048f0ea6a290555b1e1,True
2,677,L31,15381015783905559218,1,46d5dad4f9bc97027fa9dfcf5be547eabef109a00790ccba7d0134ff5d564f7f,True
2,677,L23,4506286308257135424,1,bc2442a9d2309cbc7a5c8f91a19dfe9931f7d4497176850671de1d4c7049da03,True
2,677,L32,9960882766074517475,1,ed0cb8382a26ef21816e01ff63aaf4cab8a005c56bf6e142233ec766ada18297,True
2,678,L12,3790367055817845364,1,9fdc9f872e32bc60071a40382a329e269c422212e4d7780f954fe515cf91ece1,True
2,678,L21,1821073440596077843,1,7731aa40771798efb7b5657a84fd47f5e6c6a086c5aa407ee73ad314f0be08b1,True
2,678,L13,12695305788103108624,1,8c14b6beefbdfe7adbacd86094565e428830c48dcc6cff2f97162d5a1bb3e713,True
2,678,L31,11219880621580677698,1,2b1e2a995551224adea41050c806fa4491be82f4d57b8088101e27754406beb2,True
2,678,L23,5188310201365642115,1,f770711489fa38836de99a0681d68dbce631a360fdfc38d281da214e7c2c56f2,True
2,678,L32,3717404916718860623,1,2a39c085fb5df92694667533932b1867ef9096814883d32a94364f36e2c7a45a,True
2,679,L12,7764167692680012336,1,92bea3b3e39230950e11765e606eefc5f6f6e2bd98e4af1899c631bb0318e230,True
2,679,L21,3652548109823223067,1,0a1395a8a28710d87373843261ed9b3138eee2c6dd04acb77ff698e52a64213f,True
2,679,L13,4667234642909593508,1,20ff9ad1d5e4477e087daf3c6821e108b50577f84527db9dce71eea7b7cddc99,True
2,679,L31,12723449722012546626,1,6c5022fef2ece20fb8dae196a7396a6e9b3565e02eae7218b50dc65595111405,True
2,679,L23,5160180627178661795,1,04093fdfcbcf28bfd9c1424793b3acf900df8a616caec8e42fff9fd4f90751fd,True
2,679,L32,12478782194593393615,1,aaa3027d45e1690158c1d3afc6bcf79331ddef2cb35d071cd4d28d197898212a,True
2,680,L12,3269662566384250719,1,ca67c1d267e12d53a060490d8e16fc34e4819abf00471e64c2a24bf8f0ea2274,True
2,680,L21,13063098564188892238,1,d682a00bd541ba482c6082064ff632c27d379f5157d7c3fce358be927915284c,True
2,680,L13,11929382383482602373,1,e0364fa7f2d30df3cc6e36d411269a80bbe97c10c9f468e630f3455a91ac374b,True
2,680,L31,5741937312519450290,1,8ef1c82d3b139076b4b559fd321d6cc6a43f6f4eaffb2ed1b3fea83b38352727,True
2,680,L23,5364268040182249052,1,f45b23911ac6c69a1142c4fcef9bcc1940e5df1c1217bd3d85228475fbd47374,True
2,680,L32,3205492745602329858,1,5cb728728b8b46158520ca390b06f344ee0a9db3d9192cae676551d774ab1102,True
2,681,L12,9387624985806221897,1,3c002133dc6a44e43d86303159b6b445994fa2358b3ebbcb9a48276ae39c9985,True
2,681,L21,10740412108840244967,1,1764bcf04f17121e8a4e5bf95330768ab74013c6541b6501aff5372334761b59,True
2,681,L13,3862468266878491912,1,4ae6d91e063764d25da9f38e7f9c7219d4fc9740308584224946cb8a7f1226cb,True
2,681,L31,9022387594943433031,1,d5471de05a0e7be05252ed77f400d4fa4cad8d91b7bc4523d190f9e1b5e41cf8,True
2,681,L23,17556526263473308367,1,7a64b67cdc29f7e88611d0d80097fa7a1972c15cf0342026756343350346f54e,True
2,681,L32,4257675982744230746,1,470af9b6e6a77261de1cb7d975905ad8b99116395ec6d3b69f0c9456f7d4b89b,True
2,682,L12,4818081163353194010,1,3b38b782899e5ea448c686ab25f7fe7b9cacab37317b9860de84470620081f89,True
2,682,L21,1939244878744435450,1,56f17c6b9ee8e3ef0ac2cae11d64720ac626006725cc17ba70b1272cffdcf530,True
2,682,L13,14589321585576947900,1,68b5329a5e5a767bdcb0788aff16a4af66b701aec1052ff9bac37127de51b4fb,True
2,682,L31,4209473572784060462,1,de7ccccc969826f569553785462be3032047b35550a89ce7316265e6e1e2c17b,True
2,682,L23,7571960345309846241,1,d138e194bc628c1e6103414b7ac81f07f6542ed2a370104818337cf75d5be381,True
2,682,L32,1070249264349642905,1,724ff23a8da27a2b2f9d4048408a3df371b4d0f600ba172f1b493dc22b6b067f,True
2,683,L12,8545266460666710053,1,e662a26527a85d74222b96d6e8ff0250b54b5beadc6cee1335db04cb03acaec4,True
2,683,L21,2390882151048726188,1,55a8432f1d78fcc200184b2f8f4aff23c4bd8a9748352d383afee9ba815c4255,True
2,683,L13,7396525622533287322,1,e0a7a7845c0c18671b47898c2b1ad22d9641bd9ccd9165e9c883c993a1c43cbe,True
2,683,L31,17485223688008045502,1,b57550262f1572f07b4efcf6457509532c642241954f1d08332a83fe8fb9b3ba,True
2,683,L23,2968487563477004103,1,5932a63dfec7e8b0938cfac5b00907e002a02dfbb0c4d49068e8cd4a247de95b,True
2,683,L32,1959683598755732935,1,f765d5f948144242216647247a6e04ae5471c9a053582aada53774d03ae5b575,True
2,684,L12,14885490536727136581,1,a24ffb11fd7faf174355b734dab4c5693568c0721c6f643d54a4fd1503bb0c0f,True
2,684,L21,9409149684137867098,1,2356cecb905fc9ad255791b063c0371fb5a447f225099d6811217118d4444a7a,True
2,684,L13,1555226085881518429,1,ae6d9b7290ded0806792dc1bd51a752d125049e903b69f26002d13af0de3fd24,True
2,684,L31,14436208326989566455,1,68f77db8b7747060503f7e585c577c5b5e7bccfd34a6f2f443ea84fe423028af,True
2,684,L23,1601143520663129067,1,c5c3b656ea59f692678b3569c196cd538b709885fc61362fb18be1193d02fcad,True
2,684,L32,9152057992761711319,1,0a8efff697e43883b8532d190c16e121eb475a096226e251926232d99cacb8ea,True
2,685,L12,3632874426018567893,1,0660d327c9a21a70e2e1de8048330ad0aa9dc467d130bd5b84f53c0eba057fd0,True
2,685,L21,8574270344647266737,1,b5b58958becdd000f38c2e73b85257765afdecf48845e3e51d7dace28c0d2305,True
2,685,L13,18300013711337211552,1,aa893de403cee7f8bb393eacc011fdf13d86b5b34a609bc190a76748f586ec2f,True
2,685,L31,13786714849270075324,1,09e705c2d1c12c59d812f20856ce6533399d9c1f568f587ba85b86425b9c25ed,True
2,685,L23,4700783383639165460,1,96528fac615eb15fbf10f400d42488034fbb029f8354bd316766ea182a7d9f9a,True
2,685,L32,18039202626045342816,1,4e140f9bb3fbfea247d098a346ff5c995430e50fc06d79bba6dd369a0348c3d3,True
2,686,L12,14682814390098468386,1,fb5b10be4c5eb5e897c3bca14cef3e453c80611d0ae429128fd994d6b16e6cbc,True
2,686,L21,2230966681627806684,1,6b46c3a9493eb77381ab05591ba3406772c1d06cb7e71836acbe2081f0238842,True
2,686,L13,6855771363882699018,1,ab0f71569e4d548c7aae5a4284ff7b91e1d96379da9a4f7fdaa6a0a78fdc4d0c,True
2,686,L31,3670517595969785475,1,ab7f8f118991607657c42c522ff20a479cc49f7d09e909a92b926f8138725694,True
2,686,L23,2251963172039208939,1,46a7a4a91d4bbb4c064698eff9429adf63965ddd0949fa49b09a6b542f0df318,True
2,686,L32,17522331746032559862,1,1912b2bee87f8f9351dc78205d231188adba69d592d6ed1d6d783ea4e843d592,True
2,687,L12,7824536130525760644,1,d81614cb9f6d0c191f91f68a682407a1374e44b2edfb21497d20337b103fc012,True
2,687,L21,15512457347967904870,1,017f3af5609e4e527ac9bbec8406b15cff92ea443a9e43269dd2854ab9c1dc74,True
2,687,L13,11689866287295893466,1,33fc21433b4f30008b12896a70cb29468f85292c5ee8ea2ace2e46108c091e88,True
2,687,L31,17338872990608045879,1,af611353a8a58cdb4754a36d9e433f9a30ad3b6f2d214a6375c51b0ceed39496,True
2,687,L23,10070939490586467894,1,162195e7bdb37821d6633e5cb612afbcc0491e5fcc2f9d82f546a3e7fab759a5,True
2,687,L32,9381316286553716972,1,ba8b24319e30e641a35b092babe8f993ee2b0ee0e0a6b22537c22e5ca012e7bf,True
2,688,L12,9191803552431993518,1,a78807d1d995a44ac5fdf9d12a37e3d4c69184b36598717bdb6f6ee66380e81f,True
2,688,L21,575945023877026992,1,cb719b1f9669597f4758ed2322e44135153db92ac7dccaa2c895d4bb5ff45658,True
2,688,L13,11184732644489438439,1,18ba2309e3de4a55228f61f546a986625cb615b31b5393156ef2cc39bd2f87a0,True
2,688,L31,4772541975676981503,1,ede4247f14c21e498b47aba91da02cd92bade015a825126f7dd222bb6c3695c2,True
2,688,L23,10296473569401843019,1,ce043968c9be317c65eb111887c9782ae95873d959bf9948203ed3607028b17e,True
2,688,L32,3878557908027876269,1,93f41ba87f6a100d4111a738d811a82c69297c4f5a83e91e33ddbbbaa9391d16,True
2,689,L12,15140085972422893410,1,75a08a9a1bbe7b9790b2c053c1f179e28e8739ef2326e4d56b00a9973e5f4a17,True
2,689,L21,16663371668231243239,1,9659e1bebb1ee6ffafb7f61953e8510263f6cf875d0fb0b826bdb7a60489eb30,True
2,689,L13,2307151010352265916,1,6a3c04a787a8ea5bf7dacfc71bfa5d19f884fb395c6f33af343378724005600e,True
2,689,L31,4582380555088018757,1,7368c4d99967cd4e3002ef9d9221cb30a03a11cae2fd7a314eb47bf9732ac2b5,True
2,689,L23,12702739012922786059,1,f206dc7ec7558feac333f754c7c95102c7e8ce1aaabefc10b80db164d4452f4e,True
2,689,L32,14561068567094095790,1,5c2bb4f0a5ba485bdc48c9a6019d461dd16cdfdcf105a55cadfdff3c9d655782,True
2,690,L12,4777533122572487194,1,b28a9f08b6dd42edea9025cee2c123505fa302b9436c62a1dc38eabfe4a4f48a,True
2,690,L21,3715356081362417477,1,f2fed1dfcef0b051e8cd8867488232017869f330188d85eb27190ca8a0a72c12,True
2,690,L13,18408141989842209635,1,4e742366c028145ec42a95e6910c7d1417f320b408bee862f0f75ec97c1f418e,True
2,690,L31,15100882979639664407,1,91ddac408bec037ec9ec3598a57d712e053afe425a79e4218dd37459193dec5e,True
2,690,L23,8169053452271345446,1,7f89936be8e3a562444eef1f95b6ce339c38a7d5b45d4594ff54534b9be5c54e,True
2,690,L32,12693229359300881739,1,d2c26f631406c3ab1f31ce932b2db4db778a18e64dcddffcf2b8ed696926635b,True
2,691,L12,15199073877592289405,1,20c8c1e7dbbcf332bea997d9ce47eb6216897c5d91b4b2c4f6a026282436f7ab,True
2,691,L21,3874607938062707229,1,16a7071308c0b42eb7122bf89574858fd0ca4ce64980f24c6a8db2a1865199c8,True
2,691,L13,6020292738730699988,1,767baa80a7e9c927bb8a2def4a70c1e6e8e8259bbdb12db8129cfd938d6675df,True
2,691,L31,11721833442326011258,1,44223134e0fe06fb2e0eb7732f016130ba847ea9280d998bf75a5a18c7e9ceff,True
2,691,L23,4411984165951551636,1,057c0655d4a3b434093020fa859e0bdaea5d7bf5f6947d44ded18c5a60b5d7d2,True
2,691,L32,5641902583304453293,1,8c1e4aac3ebbbd4c25d74c8919a635480832155352dd0e59530e6552b95043c9,True
2,692,L12,16413090265641063634,1,1ad90c116f79d5d5911c7128ab490a37d0edc78be32a58dd23abf8ac02a4b747,True
2,692,L21,5016056673009827229,1,b1f55053aac1b05ea95b27580ffe9d1c66761b3abf44e28bcf5e5cccfdb204ac,True
2,692,L13,12467062924161950104,1,5efe282307b31396311fb8fc047efc80b1366fe9a7b2612e8aeb6c80a4b341b6,True
2,692,L31,4313804424355725314,1,1ff71b4e468fb0207f1d987bf012d2f37017b6d2c17ad88ece0fa3e3e43a0d1f,True
2,692,L23,15782761849567753638,1,f53e3047e6d2dd6fd7a04a2b61010e52ed71a84d379f1f6ffddbcbf2eb8cb134,True
2,692,L32,14636789016243831930,1,168037e1355d967c2ea6c0b3d75876597d02ceb2f2557083dc2d815776ff829c,True
2,693,L12,9553075212256535616,1,8e5584257a41acbb1be25db39226a49c8e66ee9de883fc03384bfa1ea660a74e,True
2,693,L21,2527382278258552837,1,7cb29d1436352fda5017235342da40c451163bffb9d43d862d80ab488c31ee8e,True
2,693,L13,4971875099912166720,1,c79a91e4451ad5e2aac8eddc228d52976d287406c33eda7171756535de3a4b64,True
2,693,L31,2362307523146421180,1,209bd80fa9c04a4ec43d184e66275f23d2e76080af4c133156989c9965a6becc,True
2,693,L23,9218321321469528117,1,bd582aa57e90cdace4807efb084e732c16a65fe5844d9cd491dc7fc9de61940f,True
2,693,L32,800276261599554264,1,57f01697d67a52de679d098d301c679402a6294fde51908d720bc84a5ff896c8,True
2,694,L12,12899866730168226237,1,083fa5d1bc6f5fe147195d591a64a73b843cfe49f007fb0e4ea83a3e13d2bc22,True
2,694,L21,16032047911127069259,1,0752e3a183d292ae93593efe2579413797d25fd06f51c77c2e97b7bc16430468,True
2,694,L13,15647659928833293471,1,db1233a609fb9d4ff1d2c535cf88680996528f990c043516c6fa5be35f1609ce,True
2,694,L31,9685414722770034046,1,856afcd8b138b9896e3b2d0f3a40c7f318f4d67c8c25243d8f843f315e2fd3da,True
2,694,L23,16261568770362869523,1,1baed5084ca4814c14e74010e124f2870536c108f6d9f70a05427bf98f325490,True
2,694,L32,6292491684793897510,1,e7aeeef573f482aacea62a194d2b1715247be744bff8a4daa228e9925cf56895,True
2,695,L12,12979090026724070962,1,bd6f799de7b33ae8cb0ff035b6e232ff04567a109f66fecb82cd3169ea58c0ca,True
2,695,L21,18362360323803179099,1,deb7f8f23d9b49b26a663a566d64ab5790beff0e44551e26e6264e58a727601c,True
2,695,L13,3833687079000245117,1,94f8bba4c864bbdd3a4212d26c825b865459cc0dbf4d6f2a757e758f81b835c0,True
2,695,L31,7929352396439542806,1,c8797fd8bf7e44f4497af95468f3d38b9065097883d62579532f98557a0ab045,True
2,695,L23,7517071406351588565,1,34826fd3adfeec60afba8cc2d7a12d30357cad87a79c36d5523c728cb1db1257,True
2,695,L32,9047587840586732498,1,5406703e2ce0013ccfbb84b5b1b7789b9797c0bd64c98287efb46b5b2cdf2ebd,True
2,696,L12,13935677699442414535,1,e491b08432480697dd1e423b5632faad693429fc8018efcd8a9de75376a0d55f,True
2,696,L21,13614052346709833285,1,45b84317ea2daefc5788f7ed54bf2cf5a888ecb5ca0026a8af498b727aa36bc4,True
2,696,L13,12575977270452293279,1,9bd90aec5a1881f1114c04f91aeec101b1e87abcd76743520e1d1c99a75fac52,True
2,696,L31,12164503092007790778,1,11ae6d4a933656451cc08180bcd3dcbda44155c3045af1b99fa874c196992a22,True
2,696,L23,16269610287354357561,1,fcaf4f879bcf0ec001d0aadcd9191df4bc275d74798432995fceb3ae8a193517,True
2,696,L32,3989815107277775853,1,4a319674c49df328400bbff7ed4c0b5a7673a5b872ea17a9a792f4baba48c6d6,True
2,697,L12,13625921309528959721,1,680644fbe8fc9c43ce4a6f1ba829d979153ad4597ff58e296599dbcabdf1323d,True
2,697,L21,14881230689022397690,1,5e6673eb20c8a2cc3b2327c7ee6c7ad16ea284d7ce238a890cd958451a43360e,True
2,697,L13,17682216515619264241,1,e6217db80a4c9b64980ba5d62034192472ccf843c72f9b7a214eb07f7cfac606,True
2,697,L31,2295890156297738328,1,fdb6ebebc68405f12eecd744ddbcbe3465eb74fd2b3633327f0dbfb17ff899de,True
2,697,L23,14258209568490096591,1,52bd36bc53bb84841e9c03421a273018dd5c029c9d220fb64308777148dc388c,True
2,697,L32,2522052536944480857,1,0df4a42f0a6c65592d157b63ce3a1071b0d0dc92e53ae75768f350a466122f94,True
2,698,L12,16420875553040611596,1,de9b0e1e7c80d9b8c1be3e52a2a2769891beb7539ad5199187ca0174929267fb,True
2,698,L21,704338193885704531,1,44a1b342cc20ae1555a273462cd374655cf602656535d126ad0422b8df9fbdf9,True
2,698,L13,15516273276940512210,1,fc91c0bc091e827ffd2ddd2a8ba80aa4483c2511df1f73f8e5e3527b48072afc,True
2,698,L31,2758742160885037163,1,7238f529da88d072e9ae7ac8188d9145d2041853a44347ae9bdf7f81c3ec7fff,True
2,698,L23,12553898093524500302,1,b71b6247cea1a1d62cf17cb025d5f233c9b6719e35b0f3ff7156e873f4bf55f5,True
2,698,L32,14562143526969428674,1,ddeff4e928160addac0928c825047e1ad9e2ceaa013c7064d9aacbd2148edb83,True
2,699,L12,5743129457829949910,1,902e0230152c744b04e8c5cdb34f5711a597e263b9ae553afaf2ca5efd4e0fa8,True
2,699,L21,3195625321015604426,1,aa13ade5e37a9113b5e37412b8e22ac1e100005386aeb50deb114ab48cd4b83f,True
2,699,L13,9202228653394976879,1,5cfb5e38e78de3d39d0116590ebcc3302c3488b487f96e5a20f15b43a3edb7ae,True
2,699,L31,13890577891571907343,1,d166e4fd093022f51c4c2060339f63e8e2fdc45a04f823ad801c78e81e81aa79,True
2,699,L23,12398275656421514159,1,5d2131ce2a26b0e911d9ab4976ee3e5ed1d068cddb0f7df73ffd1d79565eb416,True
2,699,L32,16518846501639742406,1,935c262a7a13977deba99c8a65efe385d5c4471ba82bdba251bf03126568c5d7,True
2,700,L12,2266214435147391757,1,74a4c1ffc7cb869e6f39be8bb2e5ca4bdee4e2c383dc64ce5bda35c97d30f232,True
2,700,L21,1814528114995261876,1,0904f2a02091d940956a5b8efcd3b1ce1579b62a10f031a61bf4404df8f79d85,True
2,700,L13,4445715447201043194,1,dc6d1a1966fc14ad85f0b67f5ef43bda613638b63abe600a190a39b04f686bc6,True
2,700,L31,3716881358728072328,1,ee593d41a0abe5069f677400e6ec3acdfad915dc951a0ac1f1e1d7a80b16f1bf,True
2,700,L23,16038611071159900826,1,4c8ca7a2152804c8c755dd6b13bace6ac28a66b64a48efee0850167764874719,True
2,700,L32,15883071670304291127,1,7efd959caade4ea5d9d8cf41d31c50663fabd0ca0b718981e3eb274acdf14051,True
2,701,L12,15936109972355169909,1,b966c96bb33dd101b12285dab7597acadba7f91b0d16fa7861d33d32e34ebace,True
2,701,L21,12802987227485553093,1,68597fa85a44c396e73ceadf5553549f02c66da4eee75d774ee7fc15dbe092c9,True
2,701,L13,1537954971874864402,1,a09725e6ad4aaa284b46210a3c3d1c13b52a49b528580a35f14c457f2aa4a033,True
2,701,L31,7602607887058076233,1,c628ff6dcdf901f23d4992eb04470a2514e1704cd78141bce262016a6b4a5b92,True
2,701,L23,3385631564007252078,1,4e107d1319d2339a33db52cfb46a84712810bb9ce93fb833716a33c5e04834b9,True
2,701,L32,14171120187101216155,1,bc91b2623a06a65431f62406dc1d61847b0a46b08f46d3bccf3cf930800b60db,True
2,702,L12,7112976449844856940,1,d0bd1d2534ff978e4e77a6015ab9db6f7c67419fed03006da4f48cc05c9df148,True
2,702,L21,11380917115298612839,1,5d6b260bc0a07665cecd4a4b7a1ba86ef0fd902651ba19cb9c56818c36657045,True
2,702,L13,5426365840794589655,1,7bf172e5241b7e1da58d7283586c6d441cf520dae191b4bca7e1f3f71b099143,True
2,702,L31,8069830762364626185,1,188899a728eddd66257fb0a2cbd5011dbf142f2f0d2ccaed8419b4c94293da23,True
2,702,L23,14937856142277359475,1,b8e0d07e371ad02c6ceb16ada86759f7a686bb5e6f22b22e450591e837f6381e,True
2,702,L32,16770113207689416584,1,68140813373bbddbd54cd26efbb26416bdcab6b8ef825793c594a8b20ff4b0ff,True
2,703,L12,13531904870315358507,1,ef37d7423462ffea19ab8a170d79ccb38084021ed00bd1d878be79e31aadf6b6,True
2,703,L21,10792306867021197316,1,0b38832f8f62a0400ad8f9bdd2ddea13d6213a47cdbc5a0222805468219715b3,True
2,703,L13,5657702421709744031,1,6d6a87140f6a8f458da32c9cb58f6b611b265f7fb6a50e75b5276a2bcbeaaf5d,True
2,703,L31,16482456178418683738,1,abbe1d7e443ea15f0631b13f0f97a94cfd54c1662bd46b98c5644ad399abd042,True
2,703,L23,13437421129354164322,1,c2311318ee7b97d81855563f236202d5750d7f7b26fbadedc8aa8c441325da08,True
2,703,L32,11308015904765051233,1,025ac892ea8950b1d89c28d8f8503a00518610ec52bde4b96271275cea661142,True
2,704,L12,14164814241715962539,1,2a812f4f7a3c64fe650dd1ff6b1a94842619d0326c20525b0efe8d239655a5eb,True
2,704,L21,4936825890008082519,1,a218396db1a046301ea09ffcf1fef360a817b41c6c74786b65f51ce5c6d4998d,True
2,704,L13,8434242659044673702,1,a0d8233b07e747f2f8f18a0e5d082b970134a26c4d1452fb735a354fbda94073,True
2,704,L31,1903717187761524017,1,34d1d37b225dd308d7d647cf3c1caa10196b7c5bc13a039ced970a5096a35273,True
2,704,L23,15882426628340500199,1,c179315aa22b6fff790e94b5c936f050c7a38846bdcb5caf39515544da55e62c,True
2,704,L32,12341538602959972472,1,de5492c99c3964a6212d3975efe50f13d36eae4986cd268c74dd5a807e0fd552,True
2,705,L12,9574319126421152769,1,4993de4f893746b468ffe5484e7574ace8eafbb505d17c1acf3b8b74ad14774b,True
2,705,L21,18350174552988612426,1,e1799dda6ea20d0de8171fd975de651aef788a11e055e3ff130d913126a50839,True
2,705,L13,3455348833260035121,1,314ae432bc378a3d586dcfba2a7db6075eba5e0f61e6f9e44731d79382c5016e,True
2,705,L31,3982285892534741363,1,fd0bc88328b40efafeb2eab5b7c0a77cc06ecd979adb9e7357a8b5e630a66d3f,True
2,705,L23,15866130858743040794,1,bc4710915de7618d35f3350575cae9d8ad34f29c876a6cc5ecbfd1fd4529ba30,True
2,705,L32,5287790654719737358,1,9bf67a04db7ff005cbd534cd0d6846abddb3f9d56e909cdcf640ff4897a0dea8,True
2,706,L12,10604613110619732925,1,6db96e5b9a39cf7c2901498a51f81b035127c55fa61dbdfbdb250121dec16d6b,True
2,706,L21,8631062042290573276,1,743b8014603a1a67f3735fc581e79892f92545ce084c43555df6cacf1dd34ab4,True
2,706,L13,7153361419231327906,1,169e1ea5d4621b2bece927c90ec359c78ebd675cb9fd19f0b1bca5535538e1d7,True
2,706,L31,11055126450962826854,1,305fe3c2e20f14f909595a5498d6594705f6f6547ed2af26a27fcd027237e497,True
2,706,L23,636833017173556405,1,2797b07fc9b0e5ce545cab2d575d550d00531185ef53a0affceee2b27117bda4,True
2,706,L32,9227270475869752328,1,3ff91f72878cd5d11455340e1dc8b2f05ca8f4c4da1d791d8ef09c45561a7745,True
2,707,L12,17459379081403409683,1,9440c49a154263c91de7fe6852e2e59cd636ca90855984dadab47cbcf4940c56,True
2,707,L21,4821044691827931956,1,11b185598da4421022e22a6f16ecb37fd492055a6da4ddcb4fb5773ef5e80ef4,True
2,707,L13,8967143227805421140,1,abccf8ac6c9eeb323342f5f7cc0c366637eedf544fcb06a7b73bedbf8ed2947a,True
2,707,L31,2852325211592610678,1,2de8a762760aa19cf9e9c2f8c7502499071bd7dc8d50b2a853c3343b047c0c12,True
2,707,L23,1274188426519779123,1,6e4ea5e7e549c6ca945d66ac0d11604016961107b6d197ff69d80a42242dea63,True
2,707,L32,9726153843032087536,1,395d3b63d0c8eb0dcbf8a02f3888a7fcbe1b0835706c8a3532956e02f5083e6b,True
2,708,L12,13221659737548958419,1,4efaeee31a53feb22e033399991fda27fd68462ecfd1687f9e120113a1e69b01,True
2,708,L21,9607147966581510153,1,f14050bca35237163244df2fd82cf0f4926c06a24e67407b2cb918d22cfdad4e,True
2,708,L13,12547460478677030531,1,ddd1c1bdfc8a30687f86e28d359da178556fc9b05473c14bb15c476db0dc50bd,True
2,708,L31,6698465151885285726,1,c27da3288360ad710c520bf4f3eadaa401dfb188dba7edf0f4414dcd7804b85d,True
2,708,L23,7895938915261494878,1,15515d774bf43e8880af00d50aa9f1e672c655a32c9d837428ee91303bae86d3,True
2,708,L32,3873014480509373077,1,e08981977f2a9d8b9e5edc2dbea0415d9f3bee86582ec8c43771acaf1bec8fb6,True
2,709,L12,1300216440617831442,1,9ac0064eb7509664134282fe1fa33b70ba8816d5abcad3964c7f91aa2ab09b85,True
2,709,L21,137336843972223920,1,a931291cf0656c61e206ffa3a14817668c2cac7a36033b6201f5d83211ce501b,True
2,709,L13,17341524774469625026,1,dcddf4d6a9828ed4b9076b48d1c46601a009a8657365e601c7d119450436b3be,True
2,709,L31,17987635337254244344,1,385ee5777c686661d42cd2186a2bba552ea31f13a8e1edaee9aaca96abc7b575,True
2,709,L23,11172507689642963446,1,9633514ec2b524c7c623e5487d8321cbcd5d6f61b23c8928a8e90b2e009826ea,True
2,709,L32,13201680466170873489,1,b75ca0b2dc3ffe583495658d69f642d27c0840478f2e89885f44953536133137,True
2,710,L12,12511551594539978579,1,e27fcde57f8ba2b4ddf0b6288a4374d2559c2101d6b49d571fc7b08c6967359c,True
2,710,L21,10426351613493891102,1,68c7718f73ae7e0bf7911209c0936081fa861022758b2773c5437dbe82d1b9b7,True
2,710,L13,12832068031675207964,1,c9aaff4fddef746bc6bd654dd84683cb97a62b80f429efd13967ccf329cd2431,True
2,710,L31,18325967886207729420,1,b551e78421a62f8380cf58624d15e281b78139d84ef012b096fe3f12d7bb7874,True
2,710,L23,922991137768049654,1,8d1a26419f7c8901b09b8ff92352d618ad83ea69326d11db95b47e3148c5196a,True
2,710,L32,14536660173170377696,1,81da471fb6c287ee2a413bae30539cdf4dbd07210ad4c9cd036a822f411a6f43,True
2,711,L12,997917289562481461,1,2b3e605006e2070885bbb65c4f48a014491201f61c061c4b9cc873e8c0d83a10,True
2,711,L21,5059143397299522024,1,6ee4de1a0401593c5b19bf37a23ae27d9b6273c3cd5ba08276babdc3886c78bb,True
2,711,L13,17122783779867291839,1,9fd0393661271ecc328949a9d1914c0fd118011e7289e82d931fb2472ce62aa7,True
2,711,L31,521218371541151120,1,a11206e3443bd7c586600c222f3b7b7b525c78fc97f08a904c480a896e22c785,True
2,711,L23,18277586928953006204,1,232fde3d36b48a49a5ae9904414ec94eae134d3f36917c43dc66822e3c3e3689,True
2,711,L32,6800039112569072395,1,641911e2d44c5b9a1170ec4bdfa80ddbf747cc6a6da3b22652b177dd00266105,True
2,712,L12,1176434015241343274,1,dec15f4d6045a147d2db2f4f3dcc0f83388d051cf4e8347e7ff1007c59a3168d,True
2,712,L21,16254119687895840949,1,91cd34b5725499748ea01b1ebb40e672a7f77d8d8cc90dc03ecc0dfde42249d9,True
2,712,L13,7673274833460685088,1,10d350abf3610f205af06b9acc9525302cea24f714df6b0d3db03c5144bf9c2f,True
2,712,L31,5580018428786382568,1,19e797a9a725af4a3255f6d2bef70e469a69c293207d9069413778c6a11df9aa,True
2,712,L23,3219018260051434818,1,0a6cef7d09fa77590e093d9dfcbadc0124d19cf98917bb72106ef7ac1d3d19ef,True
2,712,L32,11482582983220615769,1,593ad7bc4ee487ecf478caab894ccc50e0818c8ec51ca91895155404eb2f3646,True
2,713,L12,2514492797881115379,1,cbd5d29f39b1bed3ef2f24c5e552db91e797b078922ee28bd6149c638814cc0e,True
2,713,L21,10568657581820203719,1,03bf601929c558a8578e6d4ed88591f9c03995b2ac5ba5a9773cf20111ea9591,True
2,713,L13,7570127075810074012,1,70e4fa59ad7b42d9b4a928d94018f52fc302da3f6ca7acadd100f833635bb59c,True
2,713,L31,1891596287544968873,1,762609f7f046f98362742f4212805c4cb9311e2793238d7fa384038e32c8af46,True
2,713,L23,5839321366020717749,1,e0da98c7525417e6b306608ede9889602ce46eaecd137c9f49a513688bb83182,True
2,713,L32,7582745355785060606,1,1c9e438d140c3794ee4d453a4fdad5de218247c3f712e0dbe4681b8323e09e30,True
2,714,L12,9195265467772828845,1,ce72a2f724847a0e13dd637e934cdc5d72805a6e4d1ec4697880ed205f54a12b,True
2,714,L21,1625299090918436033,1,3a567e13f5da7545c9c3ca87fb1567a84d45ce13e395cac95651cb56f1191154,True
2,714,L13,1567429149520789469,1,277d9586a90ffde8f5899cfbcd1c7f6263216f27df449968e1345dc529dd446f,True
2,714,L31,12967344339263315192,1,5eeba31fa07977dc186e38aeb3bf3882d65698a0b21d37c0c8fe4b9dc86b6a43,True
2,714,L23,277141997546338152,1,eeb0da57e3b04c684d377e84f82b52dba3a03ec280510e6d531b4ff788280246,True
2,714,L32,1405629581724690694,1,90403f391a8a80cecb443977fb8e860fd9592ef58a9993b56741fe0c5245bcb7,True
2,715,L12,10147479989885561798,1,5dc897679f1269d0e099e146db3bee892cbbdd4c670c0edd9836857fc0d97d2d,True
2,715,L21,13682614923111769194,1,458aaa2eb6f87bed623de8e3ce2ef5baeb2dd5c046cbb6e05152920ed3ceda93,True
2,715,L13,10317027525574439648,1,5e78957be0efd2c4d06dbc5c8a6b22e56c3fe6b7c67de92dda95172563739557,True
2,715,L31,3374556943271618119,1,88193ee55ce8844c587652d2301cb3562a394d0b802dd458d01a2a068de6fb1b,True
2,715,L23,15563262620691382610,1,9f6bea3b1a1a063ec7cdde9a1771fcc3f3a878dbd069b0791536c3a5e88b3bc5,True
2,715,L32,10542969780364931879,1,d47edced9750e21cde3cbc2e9fb2dafe2dc6568e824735d91eb5877b5f528d79,True
2,716,L12,477700660791173967,1,21bc6ca109811f34089368e0c53b8d6d120d0bdbade46b6d25dfa2a3f9e1d2f8,True
2,716,L21,12876567310529678686,1,5617eb4a9302234a22def762cf6fcaff6fb8b61bd595eeca207377a8335709b9,True
2,716,L13,12547297785409721351,1,a032f47637d6aa7f20296f7e8094377c5107387ccff50bc4e19af4dd57276e30,True
2,716,L31,1535508936824541187,1,f517eeed0a137293efbcc3ffe431b792419e9053553110b0e9499f1290a77e51,True
2,716,L23,7491330662918303095,1,f538e77b9af665a9d1b868a6a474d0aa188e2eaf32a2928657d99d9c9b269758,True
2,716,L32,7521488307926036730,1,f3d5bc9dda8a4f090e1e1eead685a55b686f7ac4d76dd3138ff5591a4914e6fb,True
2,717,L12,14909041675759900744,1,34639dd8efa51a4104f20a93c7969d86c09806d33f9d810e49382de14162a943,True
2,717,L21,17566176350307179766,1,216703dd7add0c27f104eed4f3659837c87c26684e96e44633ee3e891bf2fa02,True
2,717,L13,13847269858853905126,1,dd50ee74e8d65019207d540c5ccd377089ddf9ab89f41e86592c18b6a4bc780b,True
2,717,L31,11578418218426235732,1,1599f57fb2d2f86bc25fa1ae0f5c91eff3180fb5e0de52328590ad4952d49ac1,True
2,717,L23,7192578765707450066,1,e9bd4ba01a0dce648277840099a4528b3a7866daa96a73c7ee6326eb49995653,True
2,717,L32,5712212618437776909,1,7625135fea1fa6a1b3cccc990d77503cc8455ac924c69fb3118e4a6042b4c66e,True
2,718,L12,1909750167093090160,1,6f72ba524b5bb30174e72167a4ef9d61f1fd3a36b954d17de14ae7213cdf75d1,True
2,718,L21,14859563529893668641,1,86af84571bc41d523c735d7622bbad287579f40602867b4a35cafae3dd642f3a,True
2,718,L13,15077164663579091806,1,3c893479c26d656839b0863bf806f0016afef750b17ced368c099dcb870a90db,True
2,718,L31,15709169192973829268,1,807db474d319c128c3a01ae1411dc559d06cc95a1f65ac626a02991eb19ba69e,True
2,718,L23,4529320839740023213,1,737243db6c0a99cf8c3343b05c3c7f738370e902561ad6182f4f54c4bfff8caf,True
2,718,L32,18407024334698656593,1,e1755e0eb6cccc2700a86c797150cbd5360d054be4cf5c5387d116441f917365,True
2,719,L12,7334710289554963013,1,938be158167ddf2f7f03d7702b9c2dfa2121f42b6415c97169b876abea6e3000,True
2,719,L21,14329956768845115967,1,79e4e0b834d87e5c07f246f108e980e2cd4ca7e4df63b9e1d334a59129fbf975,True
2,719,L13,5063196091966804357,1,c5cd82aa0a863a3844ed00edcd4dbd85c9996e810a6c11891cccd57104aeedcb,True
2,719,L31,10455922126054688646,1,15eeacabd88f39da3ab21be89a540a54ad02866f3911ae643395b33d81d4de4e,True
2,719,L23,11412997167194883939,1,30636f171b99ec14ca39c11f62854cd84ded915db9b8366eb84f164b8845a506,True
2,719,L32,1858445787536132251,1,bdd3127433c06b24e1d6c23cf81fd7f50b8b8e0e782cb2bf38c2ad5cf62fb403,True
2,720,L12,14219726911969484628,1,9038da16109c7a5b7c5e3de3b225da074c6b2d5110d710dbd74274ff42bc36f3,True
2,720,L21,5752395203249278942,1,1c05435198a737fa7a19b5edfcf4925fe038c05b37ec875f186df45f7be53978,True
2,720,L13,10569689376780432305,1,949b3ed7b800c4d00e755bf40a696ab36110a3be75ec496ac37d30e9d6f9f685,True
2,720,L31,40957557859051332,1,f508b131d6e2fdfcdcedd2c6cf0ac4a84495377c053641aa95b4096681a5fdbe,True
2,720,L23,6975739160293562278,1,1b872ffbabcb2c2e3f147174673109123eb092ca1eb3f039160314cbbbf42a77,True
2,720,L32,16013989830140411534,1,5b717b2d7a1d1a5d2e8cc8618c0eb28e47f3990384e920293d6d75d5c2d64a05,True
2,721,L12,5938126129443963428,1,3eeb4a4c3cef3ce9da3bd4bfe819cc8813ec24af7792efc91bfc8751084467d3,True
2,721,L21,658440194429684094,1,6f7145551af0955d5656a77d67e5a1c625fd4e799a6ed0983332a25596ea9b8d,True
2,721,L13,16039102411844304177,1,3f221d9987f9521baae350a196326bb529e7ff03e3184543e396f1d0cbf12406,True
2,721,L31,12319190471952824828,1,7c680af35200881b0040291ba8fed48cd3afc3bb303652fbce11ceeec17f7403,True
2,721,L23,8035300681286110684,1,bb507fedd544a2e7d747c72cc9cc97afe64046a9535cb6dc945b9543bfe8e7fe,True
2,721,L32,16088988353235702281,1,29ff3f063bd7d5de92c80a7abe4c58368367f8e509547d572702104a86be3336,True
2,722,L12,10910027209187125319,1,fac488c1435cc6590b65d34fbb27c7bc79fbcd73470e144f049b21ccb944f6d3,True
2,722,L21,10975203847261435190,1,3e26749a924ab31e312c34170ef84dd63c26d1b5fe886fd5d12675c9b5c0c8bd,True
2,722,L13,1011709622277168209,1,2f74635be23c5441759c4ddd1df7e158a96835af6c38d9b1fbd8a00dd7f91194,True
2,722,L31,4056443631802884064,1,c3feaf2cc4cc500c34844ba9f2b3dbaceba4d6ff00cb68f01f3533b28b5662b2,True
2,722,L23,7618555467118280299,1,0520ebd7fd1768ced7fa2333b974c3e6e2ea4d6c8dcc680eece9fc5e86463482,True
2,722,L32,17882927712072347914,1,66ba64498b4969c27ad034a1201a74d7ff3c0c27e718939ed4619710f84456ba,True
2,723,L12,2716700264808919578,1,f75d051152c8c1dd53319a37d38393509fcaa3237fe12aa03b3ccccb70ff43dc,True
2,723,L21,3108173604854819697,1,97d774832e22ea9c3093fd639bf1249eedb3dfbfdacf0cdee7ba57b27aac9893,True
2,723,L13,52263199060095364,1,f58c033e063e8148cf03bfdea5852eb6c05c25fb082d00fbabb9ab42bb0bd840,True
2,723,L31,9633906860670526750,1,21a00e44b4f9ff97244fccb7fadeff88c0c58d922ff54aebf783cfce4de27d4b,True
2,723,L23,4802076612830099643,1,f689726b14a0796ae2033a0257da110487793331b3b2b5fc9387820713a48fdb,True
2,723,L32,4069925306270133105,1,4401ab136cad1f72bfee724bd02f61ab980f750e8cf82ff05bd502a4bbf2bef1,True
2,724,L12,13941916762475028275,1,77d1c39dd5534848e5e32ce61fedcb693b7636c0720d98863d1254246fd550c3,True
2,724,L21,15312234283251473761,1,d8ea3526fb4857b18b3aee78526870eeeecb52cc9f26e2b14ef0d2e7dd708b80,True
2,724,L13,7561464692484176714,1,14f4828e4f7e0866e984ddbe6d62175c74853738fe9aaad74e9b7b4a4de8afd2,True
2,724,L31,7672629875690518658,1,4830adbe0e88d8c534e3a115ab4ecfe7ae20f742c4649ce0ee878b35977a98d6,True
2,724,L23,12608858191817650595,1,a12927d8714a5bf4e5b04c57a4e533b8703074ddd20bfca5eba6a2ed31eecce7,True
2,724,L32,7772413564892392366,1,3f63b4fbcfe44e9eebd50ebfd04aa1c7d1d12afd0e6c123ef4324733a1baef38,True
2,725,L12,5509942174955354321,1,1466cb59d6f4af1b634083cdef535ed539f1ca939b737bf27c178640a920f970,True
2,725,L21,743587885143506303,1,f93e1e80c0b65393ee67d8585f94b50ebab80cad05b6bcfee9523084e121757a,True
2,725,L13,17665602812192222482,1,f9c9f023468496859742cdc3218f9b276162ce2926aee386b52de84048cfd7eb,True
2,725,L31,16047971962688132557,1,c3dc587aa5226968532851108a5c8c67bf372bfdcfc5725fa6a3c1a94b007294,True
2,725,L23,17419281215201904115,1,ea8031094c290a1b290cc5e9b80e0b268f2f7065f24e0b3cb344806df575c276,True
2,725,L32,297144804126130090,1,7919ca6f2cbd6639cab7a5473ce7e06326e4373eb6ecc7c9e971aa1018ce139f,True
2,726,L12,8317597950520517683,1,f443536157d67dd545fa06edc71df9dd7d54adb36006c9f678efa5473ff2d7de,True
2,726,L21,14567280037189843159,1,b1cd3deaaa9e5adcd2bd475a7d240e9da561fe5d91713c4ad8959f36ee8223cd,True
2,726,L13,13494998447181391211,1,797f93efbf2157d56fa27dbd6a01696e15fc7c12932201d33536ca5d993eacc1,True
2,726,L31,12959570242451665803,1,c1c33762488f048bdae390f5e0df779d2675d847e33f11407b1b19c7e94f091f,True
2,726,L23,10034518736592555015,1,414189e20df15a714e67f7e14e2a23aeab4905ecd7fe31f993fb0e737adfe9d0,True
2,726,L32,1604058229903010381,1,28c9ae756fa1f03dac78745da479c0916462644fa0561155ac9c4946e9fe2dac,True
2,727,L12,5264242393210608319,1,53f51c1a0276d75510cae207bb07e4f56765e5cc2444737dfc655b1e51eb3703,True
2,727,L21,11100031110832282715,1,3697baa6a189934a3f5fd868b545e48c238d3fe0945cc63c9cd703df5081e72c,True
2,727,L13,5613892291682313458,1,beaac5d6a8adc26cbb09381d1c8b3eae7e8a0cc53ecbfb643ef245da9243bd32,True
2,727,L31,11934985694930625605,1,1e61119e1ea2aa53d6846d3d5bc12045f8fb554ab516958e77888e523789671b,True
2,727,L23,13313615999728693679,1,ebf93206d55e94ae608aa27e20d6426b2918b05eff10f4ea375a63c7af5e92ff,True
2,727,L32,3416655020551009209,1,64d9338cd269843b87315f70006b6bb191bc8aa3e0bd4da07abf6fa26cc5fd4a,True
2,728,L12,17418118495711888965,1,c93ad50db9bbc95bd71806b1b34a9c539a93efadcd6191eaf56083ee57b8dff2,True
2,728,L21,16936568943726017854,1,9a4cb3afc982d2caba00c805f75cb7bb4b137ddd77ded9ca6e6414751921ebef,True
2,728,L13,10735255682193750610,1,ac8681ea2b3c1ea8ea848362d93eabc8c4410766ad14d26dc987e299723c782f,True
2,728,L31,13529617054731812101,1,269ccb8fad8f93b05ae2e8207e6eb886d70da2a046c051ce63ddef96445df5bf,True
2,728,L23,308248395639042284,1,73ddc8ee3524ab60429441b091d2bfdf6c5f2aa0bc0a38b07783542fd4baed63,True
2,728,L32,4613149187893635133,1,99e81643febe9cdfb6d8817e16c29536ce3cea3c4f32c6dacde59395c855c503,True
2,729,L12,16897566378138951540,1,127082809088f4a910317e76694be9613975bce6e149c08f5f861a700861154b,True
2,729,L21,5107270716226445227,1,e289ead77f91b6b7ec780932004f13ed971f424123903cddd9bbce767357abb4,True
2,729,L13,13906434630355864292,1,d37d2a6abb648ca4269b810e031b8027649ca76fdcc9530dc7b90885d8e219cb,True
2,729,L31,2197983782370767149,1,f9554517a421d47f87a745e3ea8edcdcbb62608b637334bbdd2fc4bc422b6ccd,True
2,729,L23,16786881956994813737,1,9290aa7234b3e3d5d795250ced807e689b0f9e51d770f82d436727f9d643aaca,True
2,729,L32,4101451405979659430,1,16077b945039934b0f4d99169d947342bbe533aafb344ab2382ec996214c9c22,True
2,730,L12,67275158615652957,1,db0a1520288d678fe2493014ad52b400bedfb60f02cb41e095c3f1d71288b8f5,True
2,730,L21,12125085634738729718,1,4fda9a03ff7e8cb518f44b54cee3aeb440a55c219d3cd6120cb325e51f0acd2e,True
2,730,L13,9372516439166476842,1,1b8338f05526605350bf6d759807dd2b7318ec53b9b4202f35eb48f7f69c3e17,True
2,730,L31,14236460415780548597,1,ac36b43165d868612b296ca808b2763c266f4f7ce44f0df12dc46885a590d4f4,True
2,730,L23,17801630502483879293,1,183f9411ea897d70b6fd3e0dac610d1f8b30dfff22001e3b758f411ac4dc2e9c,True
2,730,L32,9445205166791334144,1,05e90ef5632c576a77caf5034b680fef0b2dbcfe0d64aa4d91b54a9841cb179a,True
2,731,L12,9334769003926654666,1,d99400a4294ae2c729eebdb8a2e1c398959032694e41c736bacccca805f40369,True
2,731,L21,14779571801605399544,1,91c691f857f1756861eb5c72b4a448ea13d804e4788e488f755a7fa110963292,True
2,731,L13,17371444533302314285,1,9f6953dddada5601991e05a1a0257413f73822dbd5af2a7305fc333bb4fee1d8,True
2,731,L31,9816725562548388425,1,a1e8d80384f9efb3478cbc152bf32ef3a3f485ca0af556b5a30911678708aedf,True
2,731,L23,6951909716385536669,1,213c75fc4fbd700b60f4418773dcde4bf6cf927d001bae734c27283a56c44ced,True
2,731,L32,12241389579401848804,1,5b54f8b9449d5e1b4ce0f93b2dfd65b00ec9abfd17339d3957bfd713f81a0fc2,True
2,732,L12,757117049020712966,1,ef83f3aa80c0de0a18e9b191e164e4edcbc4a040a528458bad657fb04ec31d15,True
2,732,L21,17178525611041266704,1,4989c80d204049b8a218bf680f848380f926a0bff96215c8ce60d96bd0af9907,True
2,732,L13,11568134630926806270,1,ee0f8af5302391dd0d880ff7ec67becd4f6c74bab8ac773d3b8e4fe08878b00d,True
2,732,L31,5081196990479315343,1,7d8234bb0b9bed52d2fc484402c9c633f35ef7eee5d3e6817254af989194c52d,True
2,732,L23,17841243860763649992,1,08df400a670c3fcc1c44ea49a6796bad36a6474895bee564ff2b4d1ad0a01ae9,True
2,732,L32,12602089536461346905,1,6c7d7d269381fc052f254b3b9a6583e9d881747c5e9031184b02faa25f5da0dd,True
2,733,L12,5784810481995346391,1,6878a617537b9c5c4849ae79c8697d91ef34f7ef6c2fe2ee2748dca5a342bd9b,True
2,733,L21,8890903834380518464,1,57fcac8b1f60078ca6e8812a2a964e17fc34b3d23693abfbae94c25071d67a8d,True
2,733,L13,14622962160248419782,1,7cba2e0bb3c039c947459ebbef1f5a3d769a1d710f5dd62e39421d0ecd86272a,True
2,733,L31,11428675105550133049,1,420812e91bfb0719649b8597a625ef3f50197324559048122545a73c6e4530a8,True
2,733,L23,6377949694716280212,1,6955bab8eb932d639b59b0960d3170dd5275d9b47515aa34f6b968f42e32dd63,True
2,733,L32,6486148096704862915,1,922db61446ea61a100b1cab37888e5109d7f6740d10a00091f89d0e87005f902,True
2,734,L12,13908995903471734065,1,c58c7998264a76320bbc5b012e35c59aec4f271b4cc754f2990870743cfd64b9,True
2,734,L21,9787448337480525662,1,90e9862fe28f368e67d25a246c857ef3db21d419ef8166e09f32c9ff163ac365,True
2,734,L13,9758471254145136876,1,5c7deb307beff8fba6cb75970bd77e1f524c8691da2bd51918205f3b495ea844,True
2,734,L31,5087673101470168435,1,9a70dc82c49082921b0f6dded82f11c2d31678a8adc62e6c416e59ecb8d652d2,True
2,734,L23,13543741325437469539,1,cdc4997704bffbf3f6a8a1ad54563579e040e67f8bdd96530ccb834119590545,True
2,734,L32,18417859306791167895,1,1b4ca178e2dc6572f558d6ef21b86ba1a1249a86ec2341736c9253e7b839c38f,True
2,735,L12,12913115571103867091,1,063404f71b43b979536e22376e2dce6e44532ab233f0f871b83c89a154a3a15c,True
2,735,L21,11882448437567657125,1,910a240fe1f11cd8787b4d2d9f196c9708b5a25198dbe0c78f7d2b2c0f5abbd9,True
2,735,L13,15762986983411800973,1,6f74d1e8569c771b070ea4f68780fca8315482f2154dc74efcd2bd5c51b19866,True
2,735,L31,1711684860741435153,1,085c62f33c3ffff7aab683052356091976d16613785eb0be52bfa88394d2985d,True
2,735,L23,2618756476657060721,1,03b60b125bf3da8cff1c7851d58f792a7819d8f3129db91eba3e21c179360b7f,True
2,735,L32,4783313576436234225,1,f3fe90387f10b2e0131d3594d5fce8cf2a0c0c24852c6bcc6a1e1172f9bc3fc0,True
2,736,L12,16972823732186913051,1,57d6e6d9ee53871be84857bc8a6195fe4571f1c2190537caa3f3d409f731ee7b,True
2,736,L21,16597055361767159498,1,feb574acc016d65418b63db45b736fba894197e0fcc469c59b7fc07a663e7979,True
2,736,L13,12233452920444621876,1,52aca88562cc9ac07ecdb09e747e220a74a55e0a3084f1bf268a498595298483,True
2,736,L31,589276238018524333,1,74590c5e1fbdd3ec98f5c557191e931028015c77136b5967a5339ed600fc0503,True
2,736,L23,11818096011618157105,1,3047ef3643201f8521e0aef44fc9d2467b87d6f2d2f1d1f8c7c3f2168fcc390c,True
2,736,L32,16634864381383265753,1,8726d721c729632cc8ceff8d72af31dbb1d242695523a56c1ee5ac2eb1c1c2dd,True
2,737,L12,9902278054761356544,1,9c9ea286a6d30daa0857bd8e1a4e04c84b814d219632500a0021028f28df54b1,True
2,737,L21,1056365197048910475,1,430da3e481e4107a0dbaf141f7b2cf336508937461f4834471b613d835c99757,True
2,737,L13,7414351507902918631,1,ffe4ffaf0d66001ca5f57b0b8d3c4116417f56a30cebfce126a387cef369a807,True
2,737,L31,4687967826710610061,1,cbcab6fad040aa30afcfebccbbe870128f55c2a1c0dc605c85b28d08f59c7c92,True
2,737,L23,18351058077992848621,1,12ed8b1f2259b9e709c31e6fcdaaf00ff03532d48df1c608fffaddc254369255,True
2,737,L32,4287445342110508293,1,16a4813a7ee009073e67eab972f1d24a19ccf52e9d88f99633ba8455c57d2a87,True
2,738,L12,7030411596749794202,1,da2659fa91ef078195852ac0e02484b69ac68e21755410c716814829e2b1799e,True
2,738,L21,10004318715492483490,1,11fbf2397a178267e87fe96462c860953a796d8de236a71045c5da1ae66fc907,True
2,738,L13,17958611736666278132,1,67bfc14b069d9156a5d006dba66c999df1461970d205dacd5311fd95b9a37968,True
2,738,L31,4086114667072825898,1,6193dc9dc1051e10a25312888ec56b00fea4846901cec59c661be794668f19b3,True
2,738,L23,5579728471882304682,1,f324da38a23544d8c9070bd621c165b38c06032760ce2e34bb048e95589c2132,True
2,738,L32,2114214049444361826,1,19abd28dfbd22bedc098cf81be878caa441d15c3172e600bc24d59e0b706a55d,True
2,739,L12,10546952687118900722,1,412b58fbc8f589a0aaeeaf416aeea76f0493d4e16e39aab1b4cd9f7aad1e340b,True
2,739,L21,3963805533237573860,1,4b5c3177891ce42fc28564a6a62032e5c998c60a63cd9b7f3d68c84f1d11a816,True
2,739,L13,4394859835813759240,1,966e613ba4e953b704a74c2471791d2a133744bdbf75c70130fe259c14a1ca68,True
2,739,L31,1651610896623464960,1,1316a834749fee4baaf2f248d9533dc0ca85764530b9a3cf614e9a169e9e41a1,True
2,739,L23,18241161118009922935,1,686cae274e4d421b909766e13a25a1b00dff20fb9fe357a9234d428b5b4b4705,True
2,739,L32,11087612338337080568,1,90b0aa4c0d9af1f25445b4b7735d47a52cea76b6c17b4f6abf5209da67855d46,True
2,740,L12,2671547517013619779,1,74debc3735083048544c7276dc432755239c9d1f876e4c361f49d0d6d40dd49d,True
2,740,L21,13133271873269720061,1,1fc20ad0cd6205ad16ae9d2645c6e3eea17563b2e6ccf4fc6aa25d8375f50059,True
2,740,L13,354445484754585213,1,37ec92248f100c63c12e4dcf2047a7f17a3992cade8dff3192fd0fed26d574c4,True
2,740,L31,12523003185457620249,1,1237a9e59fde6037f9f408a7a82929de4fce06834fac594ac4e6480a6f742e61,True
2,740,L23,8421105041259459129,1,76666ab32e8dae60ca9f4510f5224e7a0292930e11fe591861f382e5dc4141a9,True
2,740,L32,11032623010142457166,1,9f76040f71a3089453cf89557f03ad2d5a7d21d0d8fe1effbb72d05258e7324c,True
2,741,L12,17936523104456703458,1,c30b1bed94f376ec80b4fa26ac1613b288e9cfc3f1df4b90b8583851260de320,True
2,741,L21,13376899304038719425,1,23da1114d6e57747a290d0480378ed29ec8189f2744b80a05f79cbb8a2649527,True
2,741,L13,8906734291446927523,1,69c6cd3e103b0953b08f01af688a6762341e8ad26070a8fcc70adc9e75f2e2b2,True
2,741,L31,11806634377314905449,1,9cc00e23ec7ea4b5bc2754c347ad43ecb1a6f8ccb8d815b6937c9a174729b36a,True
2,741,L23,12438506138309183872,1,144c1a4e8374317299a0caaba8de1c53b340f70a75e36c5659655915e6ff92b0,True
2,741,L32,637359495965343402,1,5d01f501de8fe0786e222ee5c421e9ea59950228a51b24890cbcabbc0ec05229,True
2,742,L12,9988746991328103467,1,7cbf8a58d9b5c8f28098c16f8a70034b74f8b204d704c04689b29b12833a1a4c,True
2,742,L21,11832980994618203792,1,c4e295f6f8151320bca6643ac08c72a46135882188bbd6bef55deac0e659c743,True
2,742,L13,165749007356054434,1,9f727cee89c24dd9ab94440360b808082dcfc3275469d5e5766a7ecadb9da911,True
2,742,L31,2701405523785683151,1,f84e0eb3e8837d487a8cdbaadd4ad08d6ff151c46eb011457fad692a69bc71d6,True
2,742,L23,14265155749197564500,1,850426d2278e105f437c63dca991ec32cf2f5d3a1a42ff6f9c3517937d7cb324,True
2,742,L32,12023500222025352027,1,6f6bd3de6161d3155b6f5f6b8bd6c86392a82400e63994be3c9931e82ef47f9b,True
2,743,L12,12238811494284536086,1,38bc7b18d2cd1c117780823d48de4787676cd1c24886b69089332476c99262c0,True
2,743,L21,2114232180416116175,1,157bab30d94194eea73a5634911c1863e887c04d8bbd351c7edd59628752af2b,True
2,743,L13,463542769529468408,1,54e83639ffef5ee81e512fe48e0d4302b7bd7da952c5fa9e336937461b5ec22b,True
2,743,L31,16435055525702275012,1,378c438cb8cc05b719def83f6bc143ac274e81395f1ed6fe40d8f5816fbba4bf,True
2,743,L23,6320236280637073465,1,b9a4668a3b1d2067e71c05a5ae8698de017b8fe33ca15fdfe6fbb17d5f9c1259,True
2,743,L32,12700506551088529221,1,852f814123b90ced9d71a4bbd2f059f55a54d75f6cbf6b35ecf228269348d524,True
2,744,L12,8313499852931975699,1,30b75f62776ab76c11def04b569b434b072de66ba3b5bab513f65b08cd2dac8f,True
2,744,L21,9919771728631699650,1,468708d4ddc367b04f56ccc3bc6253fd3b62802282b500581312704e87ce9da6,True
2,744,L13,14009717978575958836,1,33d8e003d75828484f2caa64ddb16a55b1fd4eae3490b73d9d923dadbfb6215e,True
2,744,L31,9146134620013120828,1,30cd777c0907d2556f0e08f5534c7e5e1f495ab6e79bfb3b35d5d0ac8209e23c,True
2,744,L23,2016335338119695805,1,9c179b7274c3b9b737b5cff41649f5113a1432bb05b7dd8bf290c0d33542acb0,True
2,744,L32,15213246953438624065,1,a616fae2331046b19c16a250832bc11645cef7340aa4bfc3a72716e3bd2828ac,True
2,745,L12,18157235995601309600,1,fc81b24456680c872845de33282efa094e25b57f1c962ac9fc5de6575398deb6,True
2,745,L21,5029623258534789215,1,a32c7b0ece3e3a280bec6e86f11e9fb8f616af2c6f0db4904f2464634e738351,True
2,745,L13,14657425662830950338,1,61b36b571a52e1e7891ca0b065c3abb547b5f33b980d53a243e189d585fb1caa,True
2,745,L31,2395901599712962822,1,cc343eda612050d5902bdf06ca21dec179b668fffd6006752ac5ee00322bd4c1,True
2,745,L23,4640022641388198808,1,3cc194adcb387d6ce9902dab0c46b9135bf516c324c7c3dc163052fbda7f3dc0,True
2,745,L32,13516376705925185566,1,52b4e799c76d5bd296e742a470b94dac1866b5be62f1bef9a65e9f2a65665d01,True
2,746,L12,17877173107840823321,1,490de8bb8c2bd182652ce90f9a4e3561d2b72541f056b74e037f0e9fb47a8e21,True
2,746,L21,7133034093860568444,1,5ce4e6c3c4fa3f10217f48b2e1ef4e91aff6a9d853e511b020966ee31e88aea6,True
2,746,L13,2287060916421078448,1,1c5a0f42351d23f49a9b92e93c49244f4da2011ecb4db61efa7989affa76bea8,True
2,746,L31,15822793283604992393,1,01eaadde18fba852031a3f19121b97504b83ff05639612b3bc36b161b7d9bfaa,True
2,746,L23,8893982578245785234,1,68cb2def432f27b5c58c2779706e6db0dd4faae00c71d5bbfc740d11a07bfa0f,True
2,746,L32,372378073118233937,1,a24853bf38e9e9c8e6999c6ce44a4b50ab25adaab662bc331b9a150df9323c4f,True
2,747,L12,14617667616953026947,1,ecd25103b4cee64328de6ad73fd22cca5c37814c07c8c4df4ca20335518b1118,True
2,747,L21,12092728826697788708,1,2420d5ebcfb4cda9eacb5b3079260be0f21db61061e1cb13303fc9cc8578b9a6,True
2,747,L13,12599330131835810944,1,67385399161cd8bb00b1d910117161e5424919d2f81302cc65f38cc323776f52,True
2,747,L31,18011698029062382211,1,b4a0d07786bf16cce50d047d3b8f6523d2ba4e8488a4970888a76f08a9d6f381,True
2,747,L23,2495366543320094031,1,845befa64db9aedba1c295509cba26362a3be1407a58f62f56dcdad126b06de1,True
2,747,L32,2961675032141304404,1,66bf5f18a67d087a9f5b2b3a3361c27c7a59e1d079a54ff432675aa8a70b1f29,True
2,748,L12,14156151177503134243,1,598141bbaf6fcd4b9d4867bfa552e4a8bb54ef1ee575efbf093dbbb3d318cfcf,True
2,748,L21,9216711553926755376,1,b0c45e7bb087ef3d72976eaba2cd0bf9e081fdbb8473c7c45973ed075e6d9219,True
2,748,L13,6482503749498623426,1,bfe4113974c8797d1fb9e1d0ba7f326552e03c7bd60d0c4fd4213e5119399f40,True
2,748,L31,10557922641307952149,1,1666e59bbfa26a5a1f1604ec21b5474c3276904e6145eb2611637fe061428426,True
2,748,L23,14347778700982774432,1,f9fc479ea4a01e7e816ec904d8fdab0bdabce7f024732c90b251266c2399f494,True
2,748,L32,15292721478973275648,1,d1f8950b9b5ee7fbe59ee180965f43f49d318312888b17adfa434ad010d0cc4b,True
2,749,L12,7329898662487431883,1,c33e61d1b06a7b9091185fa826624bcddf92daee6ee8ee3d9ca0b23d3e624576,True
2,749,L21,5436622442744832715,1,4dd5b272cae1cd99f63359cc672cc56541eef89b0e3a6663ee205fb5dd4a318e,True
2,749,L13,17937124167500714842,1,f545293452a97bc8035885df6563d6ad47e8c54ac30dde2bf5deb9fe7babb719,True
2,749,L31,9116301657386747518,1,06f083f0e540d2277a47c8b6d612e1106fbc29d7d1f4bf538fbca9238751261b,True
2,749,L23,1538552583696811483,1,53dcd483997b35042d39f8f98927651aae4eefbbdabe85818d02fcbe0ebc49dc,True
2,749,L32,145512220042382329,1,0d90ed3afa8331111fc324092a377018aceead4f9c6b4e20e1171adbfa844f31,True
2,750,L12,12042796306411135287,1,2886317c8f3eb7e32a918774f55569af2852475fadba3752ea125f01ecc90a5a,True
2,750,L21,178083073307524838,1,6c71547e8c901f6ad542545dde9e07af1faf46687655f324206b5404a2e784a9,True
2,750,L13,8659109281164045743,1,f5a55a5194730b189e766dae4a468db6fd50a7b07b90dedbb61276b3234c8f62,True
2,750,L31,6036012880476385114,1,dbc3f6bc4b75d486438f5ba63975fdddc212560291efa4588c3b51088ef2e715,True
2,750,L23,6235897143096762723,1,5e4f2a9f5f289f411756ffda631725d844f5979e0d04d8932d3390d1c1ede67d,True
2,750,L32,4483709932081353042,1,0eb11bbb9e8f76b0e56273f5753d51dd2658f53ee977a8f9ec5ae8edbc561d7d,True
2,751,L12,18340397393930766075,1,991469c883c341a00a1fcf25673035ed322fa42892ec296afe811b7c96dcbd1d,True
2,751,L21,13579481086168022393,1,680390fdb7833fb06490b6278f1d9a5e7a67ab8ce10a068225813015816ec567,True
2,751,L13,14930877069066144192,1,f3850c0fa58bcf07ceb1289bb607d60ebf4143ecd6f00212618cbcc1b21824f9,True
2,751,L31,15818418451663516885,1,24daaebf16f215fc74e5f6f82218418d11e5909c46f54c2e471c63e362bde615,True
2,751,L23,13122813550935614112,1,81e7471dd7c67963ad7a5ee2ecb0052ac46b7ec8f618da018410dd12af49be87,True
2,751,L32,16889165470338686362,1,6923d8775dcb969c20a1b1ae65f1e37b0282923f6d06de449f1dc7f355a6fcf4,True
2,752,L12,12643735887717001174,1,b47e6b2a921ce5c68d322137c5010121315bbf679a384e0ccb99d3bead727d8c,True
2,752,L21,18307546102069329828,1,548c8d2dcab87500e6cfd01ad176d5795060b7c02743100b15af33f94c6726bb,True
2,752,L13,17436612693042282106,1,38b9049ffab6d51c471c18722065881ffdd73064bb9a89903f25c6749e2be8f7,True
2,752,L31,16442677614036162870,1,36f6e9f61b2d577e56f5026bdc8ad8f4216452aeecbc537aca0fe2a812394245,True
2,752,L23,14249379540390704088,1,dbe4660815bfff86deba7419a62b0b3e114cc5ed00e499490d318cb2be93d238,True
2,752,L32,1016420632284799344,1,3d57416e6157296b78d7820a7f6a1eb85c22951eeddf19e3d7e9a562cf0ec712,True
2,753,L12,1797631375056210217,1,a35267752964c8bde38cb7824743f7dee666df9d5af59471d4a65c0d00d29c78,True
2,753,L21,17336804639041741971,1,01dda7242fcbb2dfbbba6da4876506c626c47bf8e3537430ed73ea42d6a18cde,True
2,753,L13,2035593372444786526,1,baea824c4a3d9aa416e444b3709332b8dad47a0b6832d251845563c304a617bc,True
2,753,L31,6447559656177761387,1,eb7f860925da7e7be1f7a46e024d2739ad975c10367d66e758f08c8d755119c4,True
2,753,L23,1108541469638603237,1,416afc7f8264ab482c09aed6b201434fad6ed05f0ec7ebb20901cbca3a4eae77,True
2,753,L32,10737844875432146791,1,b13ff73ab94b52d4f00cc206b7f857fc0a38170a70a30a9455605bdef0dfba82,True
2,754,L12,1271778103808769463,1,eaaf099f60f1dad67b6bd96fc70a5ccb16a62a8354a78f31f9afdd10b6b9969d,True
2,754,L21,13804348434690510508,1,f02c91b46880eb23faa3f274fb4be0317210228f2056dd96f24cc31b7c0281e8,True
2,754,L13,14629120720450586919,1,e3cd5c5b2b5c058a0d1a28642455dfa0f602338a962d57fbc99dc5ee933cc4e3,True
2,754,L31,11031614610922834385,1,bf3a03fb2360df33465be2bb768125186c2f3159d20dff0612a4977e876ede65,True
2,754,L23,15588229630162022382,1,3a8a5ec311beb0f9ff859fa9221eb8c1777192051744070dbe54fbb7e78ad271,True
2,754,L32,13197493988827248096,1,71e91b199bf0f824e2abd648520a6d11929c5cf3e290b5fb631406d2a3ae59fe,True
2,755,L12,10258103569040811835,1,1dcafca81fa239e23bf24333c4a62bf10dddc9d1cc0ac8314eafcec15fc104b5,True
2,755,L21,1416721612396240095,1,5275328d8aff9aa2fa39ffb4c8b50a831849584b6ff0031656f69377d24e312a,True
2,755,L13,4889793054403735312,1,cd75c5b40472147b72d1a1a41c7eb70396241ba4d1f241313e060c7b3cb7b118,True
2,755,L31,4141373402923043125,1,cf397fa5c2af4d5008811605ea801dfee2cb2697f3893beaf1166b6979bf646d,True
2,755,L23,311262629763052670,1,271368b7bf4869d0692d2b2aa3a023459020492164a224bc6d215679864fd6c2,True
2,755,L32,15989172095061955965,1,ac1aebbf2ba5735ace179b573bcf7b57d087b250289de735dfdf7824644983db,True
2,756,L12,15207338426784011758,1,4720e3927d71c1bcf463d60b050431828df3df51c8156389e972050953431825,True
2,756,L21,18131703633389627576,1,47a5b3c64ad91512c107422b671ca66d306e143cf501728ef4f86806e75ec812,True
2,756,L13,5372649923730696601,1,c8ff7f913220699e33671d8f37c5f56d4a3ba9ba368c18efd0522013d192294c,True
2,756,L31,9614522741524423562,1,94c6a7ddb32075866dd24f3e024b212e2453835fa1e421acccee81d74ecd1c5e,True
2,756,L23,3013512286555015261,1,6059ed211f6c47654d87f754c696cb4ea8e52809f49d32fc238b7e6d03a9bb62,True
2,756,L32,5339554513655435190,1,093686d0d99ea52b5082e00f1f62170266b7f600e3afe0006a12a7c8a9bfd6b8,True
2,757,L12,1769970566726601185,1,1ceebd5c0be9806b2ff38254965fff94b03f37fb2fcfdf74783b216068f949bb,True
2,757,L21,6466695842592547646,1,01d6f6a00da33412d1835a36300035d9045f7684a5109eaea619e41b2f7fa448,True
2,757,L13,6879229272481983894,1,49f834f30af1df30f5badc434bce596f7b2dd899ea209d589bcf3907fd6dfbb0,True
2,757,L31,5967661956634143088,1,0797fed1c12c2256e57c813bf25905b0a445077865b92f86ba5edcba434aac3f,True
2,757,L23,15293478612435254856,1,b7d1364022b02a82113fd4572b6edb709f57107c00b4a4b92f9ca1e4dccfecc5,True
2,757,L32,15621048581327195226,1,dd896c6a6fed87628de5ae55e1c8406020645ed5c30a88522b4667e7e2d20248,True
2,758,L12,1399582757471047357,1,b4eb69b6fff903b35032f22dddd8288c7b701f324da09c24efabcfa7738fca88,True
2,758,L21,7308146124714456763,1,f0bb5f9c1246a39e0398a65b6168be93f40d63c2e72ca36306d50f0646b47aff,True
2,758,L13,1614707495576444221,1,3149510474c345a46d3430ba6eb8b4a4ca13d2fb5ea231767672bc42dc30549e,True
2,758,L31,15437067589795695842,1,57cc2f2899d0fc90ddb871abdac263771fb526c52dedc9e760d77b8861a64e5a,True
2,758,L23,16836925186907880137,1,6e4b92aae78be982981d624607cbf7e3a6883f10f1c5c790cbb910bb48849935,True
2,758,L32,1321138566464232347,1,16bcc60ae5272ee4bff31d29bdc4b408c5d4443adb1d19bf243f1c84564bd06a,True
2,759,L12,18210041367662938707,1,7cd3742b0707b909b3a52fe46f0d0aafda0b09f71033550636e50939abe137f5,True
2,759,L21,2577443111616765971,1,766031d6df614e9f42675e0b70dc9ab107eee3dfbe0bdd165653add32a192002,True
2,759,L13,13225954729618006821,1,3bc7f68fab8a122a0510a64b95dc7e9553314e0a01f1ba765521283247064f7f,True
2,759,L31,9782244789793026242,1,3eed754535854016d08554ba514a015afa46b97ddd5b3599a93f951ced9f94c2,True
2,759,L23,1118030568912893460,1,4251af91b64a668be70ae85c05527554d034d351f78a7abda75247c5390a2a84,True
2,759,L32,17690167881933480675,1,4785611460eae55f2db02e9d05282bab95245e9b51bde76d93914f8a6a1248cf,True
2,760,L12,387369948126048388,1,805fb33bc67d2e67b741c3eb303fa9d828831094a68f2cb8cc37abe0cb94582c,True
2,760,L21,8731798798748815956,1,1ef07926bc0d74df45658652b87236c70c062ce99c7e45ca668abfc5e240a7da,True
2,760,L13,2139722654802951157,1,07539e153c62d432c2d1a2f91aa456de7beac1eeeda47e2c04383484f75807dc,True
2,760,L31,777498500222714063,1,daa5cae0df92aeac070e58dd17d4c46dc2185a6e50cd3b57f5f621c9687713a2,True
2,760,L23,7353282100912679625,1,cbb9ee12785d971aedd2ae485a06f6c4eeff3175add74bf04074fd70b2b8a2b8,True
2,760,L32,16276817639480153120,1,ad1c85c4d85ee260baa902da38d887d4e47f0db0a11741437cc07c48dbb04bd7,True
2,761,L12,4350220352324770088,1,0380dc36f0f7a72575885be56078c141393a65fd01e513f2af5b00139c5ded28,True
2,761,L21,9217044075586884125,1,4641bac7b9c7fdf1bca6c1b3bb58daf4f5a822a5c5b8686245740757e4df76c2,True
2,761,L13,2431001344146351397,1,7a6dc1afb491dfb771968da6631c06f1cc586e7cb01a7df7c413fd9b5a31628f,True
2,761,L31,5144400841943229045,1,d98190d0f30f0702cb57506b908a0afc35149206e8fb1804db43aad7d32de9aa,True
2,761,L23,648524397774019430,1,967e4a7bfd586b602a25509321b57dc3ea6808f36491e7decf5a89d09110a9a7,True
2,761,L32,5415076936481679516,1,d2fa2bfa227f5c0b1f55dd44b876cf06490c3d6cc7c656097073ca3a921dd1b6,True
2,762,L12,137122521649658200,1,d037a743097a951bf0edbbd55dc27b816faa576719803ab0644571592e1bd616,True
2,762,L21,1007903770174425663,1,2e901e134add56389e8de25c0d74773816413dd32a240f6def1088270da87377,True
2,762,L13,8472885623647235055,1,a850ac5c795812cbde4ce1d77aa506a4a981111862f4bd0237515d25e131b289,True
2,762,L31,13287065419864822578,1,b8770b97043cbd8a371a415ac19de1221c4ce7053080c439f9bd44348bdf457a,True
2,762,L23,14414450967776552511,1,6a184defdfc5e0ae6a532e4ce84314d5e219ad76d29da7e412a8044c44b1b739,True
2,762,L32,9975179642526976328,1,3c7794a0a59972df545ae66e26de83453dc01eb23c6d0cdd75004499e38d2b97,True
2,763,L12,10534176876884847936,1,bff2eb8d2667e1ecff040922034484921d3cbf6996f4103af936fee230f716a2,True
2,763,L21,10512577406141596086,1,3aaa8ba0581f85a42a300fae3c728943c063ae5ed22d55ba631d7b08569de48a,True
2,763,L13,9062197158948501885,1,8e15ef273a34a695da7f6523d866addb5629b7ba04f6019ab4f5e53b528cd0a3,True
2,763,L31,10099178684412071474,1,6805bc5b7e14ff0cb143493d297fce69c8e1ff6ba4fe86e6cb0e1d156b58f2cb,True
2,763,L23,13304698614579897779,1,3726d5bf2022000c8b7c7a5db441c0c34caa34fdb8249fdaf550d499ab8410d5,True
2,763,L32,10841724430970793499,1,c457244db826020b0f48723339a23b993c47dee9a35e46de2ed1a74704111e05,True
2,764,L12,12664721433320138346,1,f8a9ca874cd26f49acf01bf712ae37d85736b1f64f7be1c8aeb445e9187d0b3a,True
2,764,L21,17763532273099870358,1,53ded97711bdfc6515d402fc311544d944f1d004bc18f85f12efc622279aad9c,True
2,764,L13,8357302089831449696,1,198ce47f51c8488cfa9be450115e694a46d89c9f90104d9d21839b18e972e784,True
2,764,L31,7491913705495479249,1,8db7224bfd7401212ab352ed8858de1e059e25fe3d5b760501b50082d525b015,True
2,764,L23,8820684696422510016,1,9e2c23e9c0475a04254b8c1a46ae1ccfa784364dd2df411f8816f73b1a8989c2,True
2,764,L32,5263000522804945538,1,1ce14bfe6411289a0d4427c79f047209996d5fbf098a8b2e24f513c34fee7f48,True
2,765,L12,2341093410768125241,1,8db76f2fb99d13bdcc8d8a441195c2af061d4f68ecadbe474bc7fed30198eb20,True
2,765,L21,4727031584494153885,1,d2faab6cdb0698ecf23d2c3f55d44097b6eba9fe09c20950d6dacd11d656c209,True
2,765,L13,11269882878218546708,1,a34b317ab74144af702a82a47203e2c2d440c5552fb0f10ca8425c7fce34f75c,True
2,765,L31,4745455050525752387,1,a5b55b6be01ee0aba37b51f7877c357ed7ac031c85a666b3f4f46793a2558a09,True
2,765,L23,13950054296523675460,1,4674dc7b8ad8468a7ef9610cad2853d5a983f3b8c781392f41e4f3cce1dcd9a1,True
2,765,L32,12221022615143711548,1,752e78d7a5906682202fe6b3ac3956ff0831fc818b0c03eb3dfefc9a16df5333,True
2,766,L12,6136008855766714151,1,ebb28be9dac53d56f0a18a7d51c1fb6654fd208480f972e0ee2357f5315257ad,True
2,766,L21,7597647388607764135,1,640896fec2914eabbc77e9ed93bd85bd17f673a2c87b3a1281297fcecf438a70,True
2,766,L13,7729915972436972593,1,5e44e5ac2a83b099b15bfc396e4ec79dfe86966c59db9c2d7d7ca36f999ac678,True
2,766,L31,15001054915821956521,1,af5b27756226f3727e80348dd96c6012941ad173ba991f082404411d7d64b38d,True
2,766,L23,10391688041219704440,1,c84850dcd0112e61f6fde563b5b3bf1631d5974e981c5cefa413a3da9059a289,True
2,766,L32,6960848805267794435,1,80c2be934ad34400404440e25cda6ea16c96f0c0952a1e7cda27fbba3784a068,True
2,767,L12,13515434478501417861,1,5939f9433c0606d53f2499bdbae5224b27de3b5ffd8fea4940adc7f6ee340e64,True
2,767,L21,13477291020063862818,1,af01d20b6498be6c71b3696f21834e6c984b910b689c760a621c6c59bd520b5c,True
2,767,L13,2189991499467346739,1,5ebf8cfbf42ee42d99781468a75d6250f9e15ba21b099d9afd88b5f7830e5e5a,True
2,767,L31,16977593688452448087,1,3c7a4f9f09789ef94cff3ae329a28c4932b77edd2c670b047cca3578df59ba7f,True
2,767,L23,17994215284516338405,1,0bbfbb524edf67462b78e3070ed0a0bb1c9bdcfb52df5e645231c19f92cd87fc,True
2,767,L32,6524460411373775644,1,82f7588d8b10ce0d61a9161176dc6dd35ba6333b705bcbf39db6b345ee4e48f6,True
2,768,L12,2063552715658281204,1,2efbc5e12b6f14eb108d3f97468230f415f2d9ec14c47f5d8fe7c0476000d184,True
2,768,L21,13476745749257628696,1,6284cb313c8611653ef5a5bfe6840d4b74ed44fe8a5af6fbcd6826d25137dc30,True
2,768,L13,1980716812329509463,1,c7484e2eb3b8896c94be983ce5da5293dfe9a051c5593100d4437d881893e2e1,True
2,768,L31,10950775283770977985,1,74574bfc45cec9a26f9f90b3ea3e688d4876264f7828d222adfebcc4e184ece7,True
2,768,L23,17262448622061040302,1,da1eb5648db50ec258d275982c69382f52f762c0a141f2d0164bb7320d3873ab,True
2,768,L32,11445208563652569944,1,089fc5f5a65a646830372f7fa5c72646c59aa9b0ce96374a50b4e4fcf014e3fe,True
2,769,L12,7681606140037244811,1,7870fa40d5c04e52703321e5c8fd711b855ab5efde1187ae57fbf2e3579eae4a,True
2,769,L21,14201939126515091750,1,b6bbe2465d8dc207c70de35b71a0b62386c28906163eee6c0fe01342561bd270,True
2,769,L13,9113535456879149179,1,8367971b8e0d6bb6749cf2cd35527649dcbb9c1111cc57a1b088b149d6ee3202,True
2,769,L31,11715767976063217317,1,2abc1e8de08adb2923d2e5fbea4c70e6066776e519724b47fc82835abfb43071,True
2,769,L23,8295082468249926959,1,444c5d5d1cf59b6bbcb9a3145811a0f2cedb1fd8a0e1b18065a7234f7423d923,True
2,769,L32,16906589667165607699,1,6ac8573a0da2e7e27ff7bdc7eb12c0f79da1ce41e02b570efee3288f1b81f112,True
2,770,L12,12818920884814645387,1,2ee249ff8a98494e9e11a68e18a09c8794136cc1d32e2158ef97346f284bfbf8,True
2,770,L21,511176531401516565,1,5dff64420674aff8bf9cc113924a7100cdbc59cb83a997c2c8f44c92f2602da8,True
2,770,L13,15546273165390766027,1,1002cae232188fbe064893adb6071a77b3025d827d7a109054ef1400b366e620,True
2,770,L31,8109093662415281092,1,35d8d2f9ab19a53a2cac1f46ee540751423e8d1244af650996ed3507be825dca,True
2,770,L23,10370243546987273310,1,e641c2726b0a8665104c3de73682776bc6ebcead5f22ee820138e311e6553ad6,True
2,770,L32,16095691619177828164,1,1c5559731ece84102f1219425488935c1532441b6b5e5fffc90d6d5d2a69eb35,True
2,771,L12,17865507502682994541,1,10b53a9ca1554921d863a01e8710a4a6c43ef90bda328a2a4e8109c173192ef1,True
2,771,L21,7673618714909821382,1,94c5397a6cfbebb8c1ecceebd93fad01abec4fc36b34ce4457ac03fd6e546bae,True
2,771,L13,3137880848467098392,1,158f46d5d39fab86522560bc1875993f8db859205f956a2262b1666e59a8b839,True
2,771,L31,1370902173725330450,1,ebdc03d55617cbbdf551a4b089255badbcad76bf8b86969e465545a528bdec07,True
2,771,L23,886944508680200468,1,1ff77ef619f1ae713009ac3ad483bfc71864dc8a335bf5d671dab6a7804bde9e,True
2,771,L32,16579083274411915647,1,4630bea88dcc074a1ba5d0da2ea784841e19e9c98fdf8aed6abe214938ae9c3e,True
2,772,L12,14357443163866987440,1,3378b81ee96f530e9021dc1c1b0950c4c276359783c5c0f08c2e801490cffdf2,True
2,772,L21,485677028475935038,1,242251c375e2a00bbc9021d000f782581b460aa1efd35c95b126d5c685de1d89,True
2,772,L13,13941036009530584648,1,da6f4a4f0e34cf87e5a5cb364e03043ae667db701e075c2a363334f5e1360892,True
2,772,L31,8475437030560370803,1,9357e4a706bd09351b78953d7b4a3ba148784f0ffe05daa734ca85655604154d,True
2,772,L23,13514859898640840471,1,64ed1e5c2841282d29c7056bffc44da35f95e000d28db6b9269b7eaa26c75901,True
2,772,L32,8751714730881567993,1,259ef0c7a24123d637ebdf0265c276d05fb3897cbb017f4a98c10159849b0f3f,True
2,773,L12,7713147237709144804,1,4b9c0b4bf8f733a4be1244fec2be1f06a4690dbb55f70d76313c2bce3f0283f5,True
2,773,L21,10959024605491942156,1,17a67c10b5a85bc875ce40907bbd406ce4aac4ab398c52e514f5e1251610fb4b,True
2,773,L13,7178709966300227801,1,4b13a7c6ad02e828003be3674b1fcb08303f3675ffd1e8b0155c93bc7610ce68,True
2,773,L31,11599541330741128150,1,f3db1c86c8fbf271f02ee8e443cde38eea19577161dea58c7d1d27f376060f05,True
2,773,L23,6129505178240425530,1,ad45247686cef9a40cbf2e493114cff65aff9a647773aca24c9ea3cded65d4b9,True
2,773,L32,14905452190262461239,1,6c33d7a962e6b94b05cc596ec61f8feb42e5aa3569cca6bc65432ded0f62e0e7,True
2,774,L12,15473907610373555242,1,090e6102c471b69771516ac9d964fc62835dfecae1f16325bf20506159d799a0,True
2,774,L21,15331260426721435089,1,f7f1fa7c3d29206a71765a5c1ebd07983262fcde94cd204837ea3f70e8873ad3,True
2,774,L13,4308838229671112218,1,0183a8fdc65a16ab549b4218e89c9163770fe2be105a7cde2cbee89cc0761099,True
2,774,L31,2774262413458279768,1,0bbfc8529956a02178bf5bce8255217bd870ff2e2b4a9ed1903c69cbefd56700,True
2,774,L23,4956639884044874089,1,34d7500077143d2e38f87eb38dacbee8860c95527f6060bbb15ad7a15eae62a1,True
2,774,L32,238084407943853546,1,a65e4071adbad06a4f5345545e4314e2d7332ec2e85216957edbab2a32af6157,True
2,775,L12,17223081387220485932,1,27b96051f9537e4074c514c683d6499b9e748981c80830cd15444fb65e8ad6af,True
2,775,L21,12791721885184003151,1,b9ec11a8bd1ce0bc71c3a1ab8043f222dc19451d702c523c817702481f282feb,True
2,775,L13,380429213631276082,1,dee1a7763490efb078c6b4fc6f92930d31769e9dac8d0d38b9f85871a724d251,True
2,775,L31,7712871004351938397,1,5e82e2ffc18ce767632a4f00a3558e40af6a5bbce0d081e5af0246b6efc7ca1f,True
2,775,L23,17365664802282089295,1,265bbeae94476835ae3d65a651763976e250f48d19869dbbd8ffe80f05265ea4,True
2,775,L32,15356820010135315171,1,18f6ded882fe4860dcb6e5875b5c4e26ed8befafae74208ef394038459ffa1f5,True
2,776,L12,16786422367324080554,1,e006939c4b7f70e18d767918df0d5daf37f3d3565e80b23b02fcbb54d2d2767b,True
2,776,L21,14583041130288386065,1,998339334bf8518ec4c6b3d8b64eb42462ceb5e3f0a92daa8754a8317faac74e,True
2,776,L13,4426443916078331082,1,b84e0fd9ba4a65d92e9641fa1074c0504692b75eaa0401684893731ea9a513cb,True
2,776,L31,17999980287092817192,1,216b89532557c9d3f01af0cd1d39b6ffef767e52b5c494b9ad5d951e25ecbf77,True
2,776,L23,1090394139817085484,1,ee921888cd8699ae4871b479035b6ec45946e267bd2fa04e19c864ce4980c28a,True
2,776,L32,3074041324732370563,1,f0c02a3d91bf6c42bc38ec0c17d3057ee289d9f91c8813bfe3b7683e98a6a4b2,True
2,777,L12,17355401414013363043,1,b40ccc77fe74a9b900479e96b84f49d5fcc44d25d4bdafc56087cf8a4aa4ecd5,True
2,777,L21,17550263532100137578,1,b0479e159e28f63ff46e4fa40e0d9c747bdebd7758051e9bd9ed332144dced9e,True
2,777,L13,4123330528685829382,1,38c9747f51e210f657d6c0d3cbb238dd0a1eddb80ac280d08091032e5cbbc79b,True
2,777,L31,531092647904418755,1,7357ee48a077444cc2181c20fe82c3ef6e056a0c73ee78b88d44b26a027932fe,True
2,777,L23,1101530088521013475,1,f367d01028e273e4546bca7da2f08a98cc4018937615db85b1213e238535a6d9,True
2,777,L32,14484274837914788563,1,b6ff795166adc52387e5aae1c691e966c6067b7f555da0fbd01ad40a351e1682,True
2,778,L12,12130987086555713295,1,62ce4793cd8245d07f2166a4bc5eea246818aee8cd4a4f8100f5e1ab96b45495,True
2,778,L21,8054381142373974195,1,3385354a1546a98ae8db4b93c7acb0655a5baeefeb5e882ec2fcdf82552d000a,True
2,778,L13,14738818160866281386,1,186a6e4960c237c1dfa1d2823b0b3298def02a3d6afc218eae911e5b9cbb4de7,True
2,778,L31,5327027899897372979,1,88a391152281e14d80fcf5548a8f962b7986745fb7fb52e5bb4d67a5f79e0a22,True
2,778,L23,7555745032111530560,1,8bd9b4c5ff9944fc84287570350aa919a3e9093fa4082b05e8a95a98cf801bd0,True
2,778,L32,7950217251417394390,1,6cd9361bba252f10f0027e99f8d73276e02d6dbb470e2ad9ac282e811c92dea9,True
2,779,L12,15745998221693678756,1,1e0868abc915e5aed3260507adea280da3a9426faa1935456cec040730d45e23,True
2,779,L21,633745120702762202,1,939c5704b2dd81d7ac92e2dfcbcd0f205ba9306081aca48209d3771d07b7e23b,True
2,779,L13,17775331183517089074,1,aa96bf54f024095625c7e7d0782c57215a12c5ace7bdf5fc97ab2e0693c58ad6,True
2,779,L31,7602351318852877756,1,7c6071a89aea47680f12ee460e2a2b07b98b3f974c6f647fb6f5255f945f9bec,True
2,779,L23,990660578622927323,1,e6f9ece4eb11f88f3be8706eebab2413850c1f66151b9e47418c32f97a29d4ad,True
2,779,L32,15628745153406062371,1,32e4d090ecd016127cd0fb11661114d880dc82e9d3ec8c3ef2251d89d6470f63,True
2,780,L12,41252924271061150,1,e705877e282cc8f9d3664e7b6581067bf8c2e5772e9f205a5c5be93049356bec,True
2,780,L21,1297581746676965623,1,97a892252d14ef6935af0a773acb76d87c8f3b440f598b8a7a009a53fdb00960,True
2,780,L13,3821129641779592026,1,74434d9e2da874f2f179e2bfa83938f092ba588a4a15bcb4ad53ca60efe0997a,True
2,780,L31,9780156849883817035,1,e1ca977f5d805465c9f155c8ba4991f1cf53bd296d4252949923deb4c9de70a9,True
2,780,L23,6113380541597770775,1,885bc61237b7118828bd14037073c97702cd067a99eb56916d0166bf977abf58,True
2,780,L32,11104380830703904257,1,800bed8d37651798aee50cab5144944d6c830897e94a9f4ce9e2e5f6b4df4de1,True
2,781,L12,8755134155063124841,1,d1dc419fca59b4e88614ca3b454a4dc9be216b111db9bdd1e253debe97942d33,True
2,781,L21,13909543405498493889,1,b9227cfc63b56949a7bfabeb2e778434a307893133e3b0c0da0a7727067b45a4,True
2,781,L13,166832563627789059,1,ec0f26799ea6f02148528b741145b3b899e1152b5ca10cc089bcfc6491de6269,True
2,781,L31,12199143652269025277,1,e8b1f0e139b64eee78f3ec4bcb43fd969b9c269f56a492200f7d8e6810be03a5,True
2,781,L23,3215565816557307239,1,cd6c878224f5bab85a53b9374adeff51b6b76559bf4ca66e9b10c8c291f64a9e,True
2,781,L32,3277283660744499615,1,aa9afb07a05e2be53eadfbe8ecf20577034de982cc1c613850cb61e92e2f279d,True
2,782,L12,8773299436386769929,1,69cdfcc6bdd421560bedb3b1bb75f09132f7c2ad8f178a394dc001fc0e0974ad,True
2,782,L21,17562783344884877033,1,963468ce48db93cc869a9819d9d0646d57b44a7cf47cba94dfe4a0a990528265,True
2,782,L13,1624101028259712527,1,9024427b4c546cc91f106164e8ca5061c64864636e95a360aa55f9089d97a0a1,True
2,782,L31,2082838269974974519,1,1916af1283be883ee4759e53c459b30fcbb11383c4e4ed8db77c12557a188ba9,True
2,782,L23,290534677912606384,1,d86fc21d291b94e4fa221f278e5b76f2dfa32052e3dcd1b371041fcaaa55ad26,True
2,782,L32,9690220204960116299,1,18ca351c299a6c86f3f84d6055d44846d62bde0e960a43cb6347bd7198bd4711,True
2,783,L12,4198465126993641611,1,55260d984ae1820795fcacab3c73199abdde2fbd285babd041326460db8631f3,True
2,783,L21,3752439560166862701,1,86c171da86a606b9104795e9d1174be36cfa6ec454b949e6d1e56c4fe09e7395,True
2,783,L13,14400011264521466436,1,85b34ac2bc6bc61b673960a1ea0a90b1fd37ada0ef2db823bbedf4e38c974e22,True
2,783,L31,15768719765031522998,1,d11104fa526c8325d9a90eea0bf0847cb5af4fc2c967d4a1b06995d618708402,True
2,783,L23,9856761230336949738,1,5a20a4cd1fbfbf890c018db5881c4a216d2cfd13b726f73c2068524b1e7b712a,True
2,783,L32,3388912055096540643,1,3b017de94cf7d86e0d1f6529e6385a6e487d3410afad1600441e8df1898cd43f,True
2,784,L12,4914769092030767620,1,9752b416aceb0c598bbb276ca9ccbcd9beaff635661ef29f5dd6204c6fe82a82,True
2,784,L21,7617389266907619089,1,e247efb8cffdbb94b6645748aab7cb2c41400c67684cdd2569f8b8bee21d009d,True
2,784,L13,14818425954765085056,1,b0c698d33eb121b800a23a585be5608b2e6e7bb233e6c2817842a6ec6e85eb5c,True
2,784,L31,13030202863813230523,1,55d33868c46e6e554a7de3ebc73753b922640985fd30428ff39af385830c39c0,True
2,784,L23,16630435915173923816,1,172ac8c0c8b5e7a3281a34757604ace4b87214a12de9184ef929018bbb458ae5,True
2,784,L32,10615322009053723567,1,cb6221f277b07622d6fcf417aedb9410930285a3bab0df4ba99f59d7c5f9c1c4,True
2,785,L12,2833039492355818097,1,921d50988a99a549da59fb73ccf723e8b3261decfaea46bab12b6facef4b10e7,True
2,785,L21,4528984190245330961,1,1ad11f6863d080fd6139dd0bbfd5d0a1d5772705e105a252a8bd09bd8b686d15,True
2,785,L13,11244709162932791619,1,726ca698ff7d7ec5dd43f3f7e49bd350692a7df72f7c5cc3eb0fd449c6eadaab,True
2,785,L31,9350868842325258539,1,8391c262a2e0ead99320a814e765def0952fd4a32c7339ef81dfd0e0b824b8f6,True
2,785,L23,7490161072487773037,1,8b2842e8d76af6eb4ad778f9eee2013e5527b0e1a160b3babc9a8d46b4505016,True
2,785,L32,14326280884504551762,1,88f3c6aa5cef14a9d2f22967a034fcdfbf5abc8839a382cf6c82f59acdcde549,True
2,786,L12,17024739183711637350,1,26478bfec4d2e7709976b8ee2e10efe2151d6f866cfff3a8fca19ef01bc7535f,True
2,786,L21,8846061316891911597,1,805970ba7ee0142244071b71a8e76ac008f7ed9710590dd9653b5036be9ddc21,True
2,786,L13,15151796282144648913,1,c5f6820c936e9fa7d18e665bb436359748e3d6c8c2d94d77c534e5399a559939,True
2,786,L31,1636009508906039388,1,8deeae6dd3cc78b2b27ae3d71d5277479ad6c0aa82a997103f85d974a897dca8,True
2,786,L23,15338938196808693006,1,1f544b737fcbf52c0df93f017799f63e6d46cfefea58c5c3c4b30aaafa9cb570,True
2,786,L32,5666776569438133197,1,c8611992ffea89db14f3fcd3c0c7dea7d7692e627f96cc02566432c28c39de99,True
2,787,L12,5634872455695972968,1,d63f49c4fb39c6b30ea9e59714b244ca5f54f1133689b4cd73fc411162fdff47,True
2,787,L21,105709694364936043,1,8aa6fe4de0ecd6749ae3151331c7c88e1c0f6d7033e1219a6892418462bd1b41,True
2,787,L13,8185435092606302326,1,e0b827f17ee58e0466a0c5d5679f218d45cdd374cbfaf27c4e29fe485badd382,True
2,787,L31,16033651379836493654,1,f214da1f80b774b8c1ef58d2c0749bb0a7fd2c8bfbfbafeb6137803141a73842,True
2,787,L23,17436986514375156622,1,fb918bbe2cf58f80eb703a6a215ce394c14791db7583d82256993e48383ece43,True
2,787,L32,17891285889006008674,1,67b1fd0781fefdb66f33f7dd525b85d8cf316cada106173762c46de5b3ab0162,True
2,788,L12,9300424018094835297,1,b29fbb0d1f780d041d2e982395cd995e1f18e5482e495d43824f37a20f1ce9c1,True
2,788,L21,8751945679456115337,1,04ece57e55360b692d38e91e0a77657cd942b4d8119d294c400a4b24962bac82,True
2,788,L13,5857630853136691591,1,fff810b0b83016845726c7ee77db7f76bc58bf9058c9ad0e162dd6e52e27dd9b,True
2,788,L31,7525838755504093359,1,464cee3bfff50aab473d3383587a542dbd0e03efdd0146a71407342d40aeed4b,True
2,788,L23,5479298642820454445,1,6a77b9d508bc5d44008da471b889f2bba80627e140245063a7bdf26fd4ba3f94,True
2,788,L32,5032233285728987946,1,3f3aed125e60175f6acad354ad880cc8a812379b8e2328ae7b44871816a98094,True
2,789,L12,18291702360337355602,1,ebf29e63038a53868598a611c7ebd4c285bd17697dcc9fc5d24e20c1dd60e0ab,True
2,789,L21,5981448030207809135,1,08f105f6e34952482a7f579849c48f0b88053ba9a60bb2f47803091f489a8c57,True
2,789,L13,192937396932181719,1,3b8210098040fb36e3c5b0788c402c2cde2986df3763c6881f8a2aa04ff32c51,True
2,789,L31,695118000124486403,1,8c0ed0ec4ce8649677788f77c65fa4965d67fa2ae819f835d29655b59b199bd6,True
2,789,L23,16179223525352082406,1,273bb26161f3fcef4817fcb15955cf1780d591045e608fc6329000e2145a4a6d,True
2,789,L32,16398080342694649751,1,6cbbae6420e251ededa04943ba31839fea07e73f9730d969173c63403e2253fb,True
2,790,L12,14794361146659831109,1,4ae6a3c3b78ef00067dbe87e93fe2062ddea3e180ff4fc3e6dc0a50d2f921ee2,True
2,790,L21,11652421716880845945,1,31f526bccfb05131bd747c733276e71f0a5449b2d46a241734b356f2a1d7aae7,True
2,790,L13,13542629445591092493,1,48d95d5b7018950ddf4889e82343822f55e19fa76ddaaa9a86d1c80e133d62ab,True
2,790,L31,17722726044849745087,1,d5ee04f95b5d6de950a0e24ea78ba6a53a2dc4bf91c2d0cbf011f9f64507823d,True
2,790,L23,4934418307633051530,1,6e4e940821dd97bfdc53d4f50ddf2a85a8cd9af1e99f5c6cd712fdf7fbfd73d6,True
2,790,L32,451644050355808898,1,e5bd8b90a45224fc93ec3f0d8bd46a0147c5ce35f52beac42cce61524f461a7c,True
2,791,L12,4920465004409497819,1,4a5e2db5a582ca6fef35842084d8f7df10e7fd537283c3d526375a91be828b88,True
2,791,L21,6136296126037486277,1,c2a4f80945d2b44ddf61624bb86d4799e030d5c820045cf29139b2bdf3501683,True
2,791,L13,17203631097456380825,1,8fe09a6423831ed378f8d438767500ab8b8636175745fdee9a167dc4b681fa2b,True
2,791,L31,7682924330739963892,1,811ca6b42a994e3aeda6a93e65f7a48fa0b58140a4462ddc8fd5a8c5034e62d5,True
2,791,L23,17203358763335464036,1,5890dbede9fa8115c4d50bca8cffa88a4f91182fe811ef8c2cdb8d5763a3fc35,True
2,791,L32,15654368098933055058,1,ee3e7d3e8340cf44a0711d85f12e0fad6373a0b0565c731658d12c0a96ba44ab,True
2,792,L12,18384522549498995573,1,858500a2bcc51ce95ca9d31ec9f437c180717a0129c10fc1799fc9665985d0e6,True
2,792,L21,2936151576934128650,1,b980f333cbfaf6cbcda8b73f7a27ebb92915e7fdaf40d8805c89a75efe89b555,True
2,792,L13,7724102997436427637,1,8f6e9fbfabcbc0b91ff4366f8e0f0deef18f08664a82ac7532a2e52b6c6a0a40,True
2,792,L31,10895019321154529408,1,ab6ec27386fa32231d1970eebcd023a238df4c259b7eb9dc72cc62402a441468,True
2,792,L23,7764567692737109224,1,e477b1d6402a9186e7535a2044f267f2e1834b8c0ea3b753b4b2780426a5ef8c,True
2,792,L32,843229529937629683,1,9e0943a3e2fe0031e5c05ca7f8c23a06bcbedf2b36602ce8caec2a135e4d11d7,True
2,793,L12,395094300479897618,1,1f7a3b27f2b321bdc240301a99c8d57a6246f7adb002eb6259b3038e427c4037,True
2,793,L21,15941752047133540917,1,a978f56d571f5bd2e5e6a1f70310b09cef64dd511f40862127428e217db55bd5,True
2,793,L13,17869299930175523078,1,a48331df26e3d70b66c0a4b65d646259abee6ce2128f74eb9e209ef3004a6735,True
2,793,L31,7983584040591779077,1,264fa0d5ccd162d98c5edfa2370f941763556f2547b5af3dbe7da71e3fdc7ea8,True
2,793,L23,8163880665283920334,1,3cffbec580d52e7aa0845cf0d5662911cf905a68ecbe0c44bf2b48f1d42b0b4a,True
2,793,L32,17624489158066598376,1,bb537e4c283bf07e4543188056971d1eea703ecbef7cf318f6077f6d6d69030f,True
2,794,L12,15699956682028946709,1,5ef264ade71ae1d45aaa91bbb8500eeecfd75720469172f57f92f24646d4f236,True
2,794,L21,13367266398140497003,1,d541671dd8e6c19d99d5128a9a7471ecb574cf0d22a8a71e66598a0c67cb7b1c,True
2,794,L13,4100593109692095779,1,0c05378a62c6f06bcd8d329fc1efe1001a4065267219b55fa820161f4f8f4745,True
2,794,L31,16964082202904069322,1,4ad3813e7b313be83b8607fdcb0bfbd0fc2300b93821fc1572c7e393ad923762,True
2,794,L23,6803045407924199460,1,ec2ad6946fff01f4bce683e9d9f37e7a4b66137a88c90f56b741ca9a8a2b87a2,True
2,794,L32,13899908736295740514,1,df341d3ec4186c4c62e5a226c2b5952d3f836592a0cba715c82664d31be87692,True
2,795,L12,2060613816451820640,1,dd851cc2973366a515fe92d1e48e50110b99bfbc928a05ddebf4d379717587d0,True
2,795,L21,17004416164937808663,1,bf34aac09eb5a8e5636a5ac8d171ce8e6df7c88cdc6f913a24d334c998f1eff1,True
2,795,L13,3944624271022139013,1,c4b529f46cb7713a3905609563373393ad8bd879c049b2f2a02f750cc870545c,True
2,795,L31,6499169009203545808,1,d5f24a04ff6fc4837cee17e3d202dbb54061e761afd0fd6694525dfb46a5c418,True
2,795,L23,5179251141516327445,1,061b7afb806bf97e252b08cd63fd44a75e2fa7fd49bacc63611c6d0a98cf1757,True
2,795,L32,14425502033939268313,1,33a33ea44d3b12dd46305363e9c18147eb51ea04f281404b269cf61e2eb6a4a8,True
2,796,L12,382683738969826261,1,e6632357c8ca0a14cb2ea847f4e157ab1cd98bb9b101d4a0cb194753e56c0313,True
2,796,L21,9834307434662480378,1,6e1a41e769f9e0f1db572151ea04ece9252bce169c666f90f2fe4dc74edca9c4,True
2,796,L13,12535280097968484704,1,34db01f18a61770800fddb78ec08d7a8a14f70c4eebe4daae3d9330ff932bc85,True
2,796,L31,4448651245515077383,1,d5b0064daced0957695909aa4a572246a621c6e4f3269e5ff5b09b54ae45b2f8,True
2,796,L23,2715115823155158361,1,90476366095059461eba76993aa9a005e22f920369563abc82cd523beff7dd0e,True
2,796,L32,1691094229758623754,1,819e1a87411680a1ca823e86f6399cbe1b27e0fb8f61e2cb72b3d2ea5d65be2a,True
2,797,L12,5965982820399945291,1,b4345d70be961cb1907d3403dcd5b40629eade5aba00808fb0c370c042cf89f1,True
2,797,L21,18251396314796730867,1,abe09dd031532aa8b904fb7b42dd5d0f1583b5f4c7c2da240d4817e5f5011c6e,True
2,797,L13,9824366082387808284,1,090b0e229b92b1ac269b7500a5fae803a86b8694f775f387235bc7b93f51fd37,True
2,797,L31,16911434335334764998,1,1f1938ad3002ead382f78865b8a709cd60d5d8090ba6aed88f70843928d47aeb,True
2,797,L23,15795151816799443788,1,fa1027dbd6340b27dbe4284b2896a5376a3ec46e137548846f4eba1cbdb9eacc,True
2,797,L32,1387152290782950825,1,ec4aa43c3ab35dd518e11a27e7b804905921f56c7156911a54cdfa72e05aced3,True
2,798,L12,15692420268701926191,1,f8a74ea2f599a650669fc6dfc630e1997c0dcfdbf9bf7902a9f7ab83d5a03fd9,True
2,798,L21,8481235541865327298,1,3eb45e05e869c7e567fea25236f074f48eaef7d695b9a222860ab5aed52ecf92,True
2,798,L13,4631265750433853108,1,0a238c3f55b9912589824c94f3278538f0a797bd91bdfc9f86081470be460047,True
2,798,L31,322361377227519402,1,b3e4cb338536e192551e3eb7d58de335cac26a9a4833d991793b564402e80a83,True
2,798,L23,8803147496944350945,1,c7d1878c438d6133c691bc5f4e7ba07fe99ff92d6afbb2745f77f580ff943079,True
2,798,L32,496447542919288459,1,9867080d8af18b567e4c7df293f94bfaaed6b05425895646b4197df97866d228,True
2,799,L12,15056394401580819512,1,e336fde8a624e1cca3b097c9f154e1ce3c0a11c3beff9fb66f16c5e178f8a4d0,True
2,799,L21,6221254540764876494,1,d39911a93af6b13ba41d3c5be421b53b113c89dc70fdf689c40b95de2ff06fd4,True
2,799,L13,13620609595558806041,1,06f9e937e57be8930bc3c9cb531f2d655b249bd7f0d422d8e42a996ffcf3c11f,True
2,799,L31,17956485275485404053,1,8e6dea7a07d2632900172d61d1101bd6855ef45f1bb5f6b9e4a1b35f06424ee0,True
2,799,L23,9176612009057208466,1,533361deaa37218ba11abdc42247c2519f3fd69bc4fe230bdada9b4bbbe0923f,True
2,799,L32,13540648616172995709,1,028dd0fdc11f91489d28218c00adacd504253d606f00ccec44c145b796bfd35e,True
2,800,L12,2087279916527136257,1,f9aa7708cb58cced02fb0d897fd0adee513e159922df8aa357ea716d69c242eb,True
2,800,L21,16148539457102387853,1,5d2280e6b6d61cad8b81221c8e320e08f6bed97e2a973a145d280c60bf1a9018,True
2,800,L13,7959198226393069686,1,3eaeaa742b701c61a81fad092769377223e9bdfc6053fae67810f28a3652dafb,True
2,800,L31,1350185057184409100,1,01b06081dd22da55c886b189f35c512246950f165ea947dd7b10cf150b2957ea,True
2,800,L23,10924777888693072723,1,909c18a4476dd1b59178646171ff67f272ea11635564289895ed02c141cbfb70,True
2,800,L32,12678218566228583393,1,ac3a70046adb5a7c7c21b38649c404b08353e1521a5e299eef25cba429e4876f,True
2,801,L12,7748036240276843609,1,bc612968254d8d89c3083bc574704f9103e0622fcb25609f267406a13c801ef0,True
2,801,L21,13183546535473662928,1,67ab63d80e20c5bb7715645c3609d78e46472bdee037fcbb345b37eb0fdf0637,True
2,801,L13,10179814612985076996,1,27586e7674b98d38d69e621933ce7cfe0e8803b1c65b40f4d90ddd916e5a4144,True
2,801,L31,1310138815182047777,1,628ec29adacd400047ff88ec420ec5ddf56b75b4793eae1e065eb1323e8a2a79,True
2,801,L23,13808846506814212584,1,9a35a2128b9e76883c569167b8bca56d825854f1fd8efdc324fd2c9e40a7003b,True
2,801,L32,11337215574734414190,1,a1e7f537eb55895a59a9415cb11f04e36b64fb7bc81a928d98058aa50f0269e3,True
2,802,L12,8614667509361152005,1,75885ec946ef1585fa1ea87420e1e6f63159ebfea01d1ed452c08b4ce8369163,True
2,802,L21,3377269464556140252,1,f0ce56b65b302ea1314a8e70c19cd29da40d16994bdffcd6fbf5c0a183b9ac8b,True
2,802,L13,8628622359411893020,1,e26bfa581b35544ea974dec46ef531a53b7de508e755cb5793b2c50c5fd7968a,True
2,802,L31,1758696740666148274,1,4e508630bf67e81a3c325be783bb9627fdff9069d7768f071aa6a31dded61f5e,True
2,802,L23,9907284088477908898,1,e237140446e354ff1ed4683c86fb8dd45f48a145be04495dade6dad978e4e755,True
2,802,L32,1137111766807999620,1,e0bec941c24af7f05fad1499aec7d5741b58639d58c9b893b9594c815af46c43,True
2,803,L12,2199644887767448728,1,eea2385695871e12ad728f92ba9dad2ec9a3c21b83ab2fc35d51688e2965821c,True
2,803,L21,865308652850040271,1,e1e11d5b640286d19b94369aa41fc8eac44c2e2e1d40f6356da8562bddddab35,True
2,803,L13,368721891618433087,1,12544b8674d04f73a75f1626acb5b44c61b20234440bac403421bdef26544c4a,True
2,803,L31,12085132493572857076,1,dcce9747414005df597d280bf9e7cb8adebea234027f42b4db173eacf31cdd7e,True
2,803,L23,4863212186517377981,1,38a21ee8ad5fda5b7aad1225b4536f6957e4fa5f51606b59f6bc606d64486699,True
2,803,L32,11658093294745371137,1,a7c6dfb100a2b9489132ce2601bcca462cff7e143a211e90eb4c67d047dd145f,True
2,804,L12,4229943431240622108,1,2cd0eff0e37f1778bd57679ca624e681d06e84b67db60c086414d70e683bb458,True
2,804,L21,15012480519585804288,1,8d548a3bbd621181a46a1396fbfa6b4c888f4dff0a767ba8792281aa0eb69465,True
2,804,L13,1243650490949742279,1,6ad14f725afaa7e3ba34961721e48731de61e0e6283330e4cabf61e787533dec,True
2,804,L31,191656813791570555,1,5b218837eeb31384ef5d4d0ff97f4fdd5e44c2231ebca5885704cd84e62a846e,True
2,804,L23,2646262308340622956,1,c9fc5bc14c91ad653beefb742b9ec142107770819ba23c4ed13673dda5ca75b1,True
2,804,L32,12021376279682406369,1,642fae5c0f7c3483a6526a44c838c7a45b7e286615522f8e67452bc1899cf9bc,True
2,805,L12,7635471242481226491,1,1a73831f1ebaed3bd09e10d6761030ce02edb8bdffa185f9876a78808e17041f,True
2,805,L21,10643458448714248586,1,1b7481f316d14d0bdcecb1b41f95909095e7b2359659230331bae6cf49999af8,True
2,805,L13,5760082068204794705,1,204141620dc9975848b0ea67190f85b2774d776cd6e6959c248c657f18e02f8e,True
2,805,L31,15318231161761149242,1,9516be3113056c0efd249fd39729677a7e68b6c9cd2d87d8dbe75619109b3573,True
2,805,L23,15645435646103772886,1,b3f4cdd9954cc7d188699a11548110cbb0470836425bb3caa2254fa41aab0218,True
2,805,L32,6896804862255317287,1,1859a775a407c7056844c5da5c457e2ec792220bace5e6f8191352166d4183a4,True
2,806,L12,4780675034882894290,1,96cb9d6bc9384ac4ee94a77409402b70c0b6b950baddba1b2f6aafeee7db5d50,True
2,806,L21,10045456118964322933,1,9b0c8790d9e32ebd8c7d9889d6fb8d8f5dae69d0cc70571f096cc1de5d99c446,True
2,806,L13,5037160626043479587,1,dabf8478dea92f7e29737e0a85cc9d198376073b0b10aa9793f4a60dec6d1cd2,True
2,806,L31,1665738574923765103,1,700e3bc37dbcb48b826af3b9a728d5dd6641a0168ab4f25727fd61cd26889e42,True
2,806,L23,7257605843403884016,1,591ca8663f61188cd98669f62b6c6809d06feb3f1fa80a582f73738619f635a6,True
2,806,L32,14060196000989094649,1,73561bd9416b0712fb704e5ddee2c07491ae3ed2799370b2e9e5c859cf7cce68,True
2,807,L12,3281312653287511121,1,21791d09700131db20f55b3d335b916c6ac4e467698d05ef07104a0172c99a94,True
2,807,L21,15882468126924958755,1,9ee9d2c0162c6330270fb7212d99445968fd6e088abbefbbe3b98f5cbbefb740,True
2,807,L13,6642111728010291883,1,1e1147bdc1d3d4b9d3d99e4e95d8ab8febc053922a5fce4550c9659619f68015,True
2,807,L31,16729323620879472317,1,11d0b576b2b7aee5813195b64021c45a880b76f4919a6574a4bc97f5b4522131,True
2,807,L23,7781948186614754056,1,0c9e72051a5e9681ff916040516820679ee2d8b15e10d791eecce40849f353d9,True
2,807,L32,3544534342313767689,1,8d2e0fac74f43771f54177d7435dab57f9c01bc70ff49b0fbbbcd2d48a3371a0,True
2,808,L12,15650471753682873531,1,9a07181282d557ef3b5c3750cf19660f159e5b1e92d19fd3e16cbc7022e0de87,True
2,808,L21,7146103097373892029,1,584a3542c3fb34378c40c74b3899273f876cf2a969a3205de35918a993efb0a4,True
2,808,L13,1562904658334453667,1,421799b06af3efe853b4e4431249bc8d244bea341e6e765f84f7305ef4bcdf41,True
2,808,L31,15576604551856467382,1,9fc3ebb98fb091ca415d945a19b1ca66c08cf2e708db40c1038b0f171b91aa86,True
2,808,L23,13226540208189263004,1,5aabb4ab32d7f1628362535420169f39d9492a28ec8ba2fbc387a5c1f11a72f6,True
2,808,L32,15928923592189011230,1,1b3237856a9d77bc625801077a621fa7bcb16b97fedb46be9c04a8d36d479f5c,True
2,809,L12,15480043319112954363,1,69b00b8d8f440dd108b3267ed9fa0c5045f789198702929d736c14998e57c35b,True
2,809,L21,18339166979832715063,1,b2c1258147be8bb387b20224f44b0e08d5545efb1e3880ad10721d68eee4b7f4,True
2,809,L13,8722345293814212379,1,2ccb5b64408d93bb1943e152db69020472a1f4d322bd099b21d2100285a5f4a6,True
2,809,L31,844895063442090501,1,5acaf6cb5dc8f86ba8c2d34bef48d254036167381c5c17ac893c572c891e14db,True
2,809,L23,14504509018382671524,1,040bfab7c2eff6ff61567ac60685fb315f600ae4e84d1b385e1b5585784c2357,True
2,809,L32,4253230561721070176,1,b631d70a5b06afb9b5b5256c04b3a2af02ba40148fb284441be9eb9ffdddad1d,True
2,810,L12,11422276466674682971,1,ef68f868b620dbac4a6285c71db5f9de30ceb6a5a3764bbc1cfa09c7abfd2685,True
2,810,L21,3211310917783922751,1,fe2c21585a1d04b524eb13cf0dd979772b1d4a697381ec13487cecbce48c9f0f,True
2,810,L13,16677278429411511066,1,a3428c18ff10858ad6623193992adcd5720c250201d87fb42b748bcc5f69f210,True
2,810,L31,15175703592050795648,1,692a05dd39220eebb756374aaba8bb7c35a392fddee247787f512bf2036f7bf1,True
2,810,L23,647348931756690885,1,57656fc26d20283aca66130cf5b545658d5aaf0f116f53fd29a45935f370cabc,True
2,810,L32,2866605897958901316,1,a326bd7041cda2283c347e81005263441f9c53c5022efed08bd0c421e06ab4d2,True
2,811,L12,9551053075090719437,1,0d8fc8efdf36664a44022a7ae58a62de97d7d147f4c88179af756312b06efc30,True
2,811,L21,6306801418414229089,1,c1b4b5142a4ed58b2af0a5026ee17cf8d1c0d9d63f43076b07297f460d8567e8,True
2,811,L13,11646418287003692005,1,f6c23a8d20a303a23b73e114b1606061139c4639ba14c58c6a16f20bb897dac2,True
2,811,L31,17729046196507865040,1,3ed14c608aebd3b80af4173a85be73796cf11b45cdb08b1776cfed6692808cc5,True
2,811,L23,8045080253913413998,1,f5ddd4618015277410cb96faa67cd22bb9412f1c0459736d857c98f16943a208,True
2,811,L32,16199655971977947355,1,835114f29b6a3ba9d7ec74db9433b33c9ba165c59d99de5b6b3da85c4d33a67e,True
2,812,L12,2759973790150197213,1,afbb46685e4b2559e967cdb6e6d2eb42615a4375d20ff45dbdd6dfbceebec213,True
2,812,L21,6756809534813515059,1,993912cecb1a593923f4f7ac5200c82d1bd327b38b775f1b590526af99e443b3,True
2,812,L13,10457684842434347475,1,0fd2f53c0af930c997d29b6ebb648f53e6b011c2c106f0d0f65f467c71216f91,True
2,812,L31,8002293417292112968,1,d001d67286a91a8ba7f9adefe7e604339dfc359788b77567741a0640a34b496c,True
2,812,L23,12597698078228191228,1,39d95807caa1857095c94cfac2fb30583e7d36fe5961da2a2f4e786a50020e2f,True
2,812,L32,14361055925772695992,1,6897031c8087f5b4e6b3c81587e9484b968017b3362e16af06dae6b6bedf73ea,True
2,813,L12,5789141748081039328,1,671b5c06755bb01f12680e4729a14816e15fb2f17ee5a0403e5131704a9d2ecf,True
2,813,L21,2175762827828647790,1,1524aa9a2168972fc21f65cdc8f0967340628b989c05065cb14d6053a311c76a,True
2,813,L13,10015626734981183018,1,51373c2b8a2b0762a30d9a18bf0e29867d80bcd85ee249eb845063efa66d0942,True
2,813,L31,658771930958929668,1,57f552499e488fe101200053f73953a23a377bec5123be2cfe416cce8ab7c63f,True
2,813,L23,4488797336533437186,1,ffafe8b6940c4f887016d8af7ada7fcda4d506fc8268e0460f1bb963d0d5c95e,True
2,813,L32,6600492673140090447,1,bff5988fa7d61e8ef8c4239ccd34c7096d3f8d6c9985247832997daeb24a6053,True
2,814,L12,10395269989211699264,1,ac80b45bddc1803c5c8525a541504dd9c966f3dc4a4c8dd16cb2711ce931a26e,True
2,814,L21,13063168755133924893,1,c82616a4bf45910c57597579285bfc593107ac837c2c7dc41f518b1dbfaa63ab,True
2,814,L13,17667702655541546622,1,9d9d24efc1fd24ba3e91783fa437db11fd692da25b2bf8eeda0ab554d2f682d4,True
2,814,L31,2866078657671283758,1,71938de4fd1f51a350e6f8244f163a1298bb640c1c0b1aac128da1f887c3ab1d,True
2,814,L23,4947026991156901997,1,f68b248e36c7a1f1e19d7f8e4145c4a81f00f9ef28bb3c13622e59f80a578ff5,True
2,814,L32,4909234699367483626,1,fb56366d6bf783f57980247e418c94c5b6e56bf6b33d9fb7d4a9e7211b9abbc4,True
2,815,L12,9505100254409901301,1,14646cf1f781191139b0a7b551cfe35c7bbc282ff309e91a70fe3d22f3630b1e,True
2,815,L21,11585842889517257715,1,d82b124060be3a136a40ee52b5cf0684ec6ca8136cd0946ad731215e777dad94,True
2,815,L13,9257093701638369929,1,fc9fe5b644aae113a49a183549fa3b08b9faceb9601c2dd88dce2931e57fdae6,True
2,815,L31,2239509895287498941,1,0a695770747fbb95a4c958d603b39b185f1a7c3f3ce28d908a1f9ce11b4e747f,True
2,815,L23,3669504866382791864,1,07f8953e0cbcab5cc6cf9554dd11403aeb8504625fb05d06420d5a80f035df1a,True
2,815,L32,2307430778863681444,1,240317810f72d94dc7b6428863be231f63682917742364947aaf278c18068985,True
2,816,L12,5217181367991524236,1,1c9adfba6435629bf4c415590208a0ba9065fa39974b982952c439188b7d048e,True
2,816,L21,6177594186488243878,1,3e47e53b030749ac08b496c964154a8d24a82deb289238955cc19171dfda9a21,True
2,816,L13,4992103548028626378,1,221fc4159f8036a618cb3c3baa8d6d931011e8114e41a8f1af5261a0ca0c8b23,True
2,816,L31,6291748432959980024,1,03da5fc210036a927558870a246bd0214cd6f44a6eeb75256dc57a475138ef67,True
2,816,L23,12334310383169204111,1,da8edbdedbf57572da1a183164857ac5fe8d1fc98052221d574870b4f559156b,True
2,816,L32,2907403920395348937,1,71dacabdf95893ad38e40ed5214ae6ea8a28af3011d1b387f12425ef5c4faa85,True
2,817,L12,17180540168830575547,1,bc3a5d5e81730c9454581b2c80c9d662e9592e6cf003bc54b2e66e8919aafc9d,True
2,817,L21,3741730569079983137,1,d18797529d2ae90a277ce71ca1f1dc3d596d7e99b64a25d828bf7669db875992,True
2,817,L13,18054011184595753749,1,a1444dd91244d16d3b43e9ff30fffda368e739c0a47e74f07b24c726e89ac226,True
2,817,L31,6187272333068858329,1,38f3c1d3b52cf4ac812a3cbd6dca640433c9a916c0049c14cb154b502137fd0d,True
2,817,L23,11197266681142493174,1,69e5fd42b901838985492e651935917f8ca50044cee09a0a593a61634416b1f1,True
2,817,L32,13419948291560558240,1,c170dfc3020fc908271670bc23c8efd5bcc27ae9e99d37b895801e73a1907223,True
2,818,L12,15192342338346315877,1,f9072a13b22a8716679482ea22093f30d7e9bebb2f1462c907bbeb4120a5a8c2,True
2,818,L21,18326812261625421060,1,092d7cb0bb3bd4fa1cfb53240b2f32306bab9be29e716db8c142a260aaf951e8,True
2,818,L13,5354448610896933429,1,2969981be1b7a67e44e66bc9741f65e98213c1e3655664bbff6e4f702a9f6912,True
2,818,L31,13516361741992745940,1,b73305b1ca2490f9e5c14ab096203f125e89106ae3d9df9ce523d13607fde631,True
2,818,L23,12681145054425292177,1,aa37520c3e6000683ee2bba7d3b00d25cc69b37a6574209007e49b0a1b0754bf,True
2,818,L32,15420138008457691746,1,85e6ab81d15129cb7e8507b52280d069f9934206c3e4cbcc7857eb16cf853020,True
2,819,L12,11965525897463850794,1,97325e6a57b88a34829893c0f1d6a919c0c61fe4f5346b682342ae4c68e2560b,True
2,819,L21,12888064660043340379,1,66d4cfda607153a8af97017b67fb8eff87b70f7bcfc50578925b585a78016436,True
2,819,L13,10471586058049788717,1,cdd8073d16a886a0e48fb5b5f7aec20a2d72d30927bac556c892798ba5fec390,True
2,819,L31,32986479102814297,1,5ed5d79cede04f3d0c5936b9af5fd7927e7abbf6dff49215d1a6aad3532fcd8c,True
2,819,L23,15331614943384322146,1,33279d177e320825e3e7ad206f5a6711638da98efeaa46b38693dbbcb7553494,True
2,819,L32,18209059879437939925,1,2393ad6df3a7d13f3a3d2305a8c79a66bf1d94b632cb57f848ce92b01353a698,True
2,820,L12,17376677227601319657,1,0997569017c9a097598f8e23039eee99571df07f4ad0e94d8ce235e1d52d7087,True
2,820,L21,5772492512851668453,1,bef8c6f323f67bb8ca19553e9fb526d0eaca3ddf12fceee73d98887196e63503,True
2,820,L13,18283869394573317224,1,9ec050228edac9413512809b4ac8cc047e014d8591e6b8cb2e15708dfefa9981,True
2,820,L31,82612180834866956,1,852e113d771a6567c9a0daf344713fc1373acc60f487f71766ed635b07e7ff1c,True
2,820,L23,13864189254983255783,1,d5bce15117f3e1ddcb42498cc09fc1e0c44670eb77453fe50d23295bc924d7c7,True
2,820,L32,2151539315488582639,1,da877b70fa2e09121086011bf6c9abecb33b89f0f8b6dfb7531de38914066ecf,True
2,821,L12,8650720039514572505,1,8d3599cac53738782e0afc2b1684d9865cc2233751d2b874e34b7a8856dda898,True
2,821,L21,412675451806357917,1,e01d1c4c1417d8c93cad8527dfcdebc20612b0aad337953f0915bc7f697247c5,True
2,821,L13,4809371682535200701,1,8f72b4e65a93cf65c8312152bfff0869811a33e084c0701d2f26ddd7b0323209,True
2,821,L31,10677752402241583791,1,3a8c2b8199d7941eb27a2414e41dd192a91962633de5553091d758d4b675db16,True
2,821,L23,7550803574534259638,1,a27b09983482b9e31e451bee8fc74ab69838d285aa51cd78a0e7b4503b242529,True
2,821,L32,4053228496240087169,1,5cd73e4193bed8188b13746db0d9654b7cc650afa44aed44cde7f4e57fb8e9e2,True
2,822,L12,3136317767759384269,1,2fbd54572ee86e7b2cd00f14b4faf281941ceec15bc8446db856942dd43e92bd,True
2,822,L21,5753346242277482125,1,198cda673f54c94597063a443516b39db17356b5dbe08e4bf47111cfa3608100,True
2,822,L13,7953980597580905035,1,dc4051e07c5007a5be7ebc7502e4fd38c47fb49efb10b8c3b3a2305a4bb33307,True
2,822,L31,4550701401361449957,1,6bdddbe73960d7b04b879a8bb37014bfc63f37df5ce82f5073f705c38bcc304b,True
2,822,L23,10879316849087623720,1,de0b8ac60017e83f82942d84765a000410a98400b9d6f6b0fffc915ad1c585f8,True
2,822,L32,8869091483502818501,1,bd4bda6d156aae9ca54eca6db11bc12e1801fd768c99b4411656f33a2e6792d5,True
2,823,L12,16271030310939842037,1,0b20876665945cc33481ac8dcbca52ca60163b4236f00b5fbc9a9be25dc34c08,True
2,823,L21,1322322731087273357,1,1936649121b1d6b4c51f49c68f48a2a980db3b9e17825b4b5b3a3aca333835ca,True
2,823,L13,10399734995743090611,1,29a2a87ab5826bc95da49e4be4bd4c9ab27855965668ac8173fa69163f1f84af,True
2,823,L31,1462570305146655417,1,2fc70858ee0ae26d4f74dad7f140fa17e7defd288fae5b45302a22940c0d4bce,True
2,823,L23,15474582979367197626,1,ca34a375989cbc14a26aa14f2090dc49966d9129bff6f187421ccef5d8f647c2,True
2,823,L32,18323283841542247921,1,b3620b0e7f2364202162d08f75782dc80a901644e6a5f5ff8278a52d92bddea6,True
2,824,L12,17148254655650064614,1,dbee3c2ad3962359b6ee9128509cc9e2f655319c7d3f4429afb13a4aaef8ef80,True
2,824,L21,219812593800533155,1,fea51e2b899416c29417ad37929c824ca26dcaaa07aec576f891aee13075393c,True
2,824,L13,5692489539381412989,1,6a6f947adbc3289d8ecce0d70535fb2f5d20e6b6b87c45915664f474a1385c68,True
2,824,L31,3106779755033952217,1,75c696909ba1531671d1ba4636933cdbddb863093e38c4be3851fdc306885fb5,True
2,824,L23,6312603147013757521,1,705b2993bd2263f5c7d5d246d1126be372c33db3c3e1fff51462e23896622949,True
2,824,L32,17986288308965737183,1,8fb181394299a2c6dd369f54edfbd0f32b9a6cf4df5e963fdb5d4a79bf3e8aa9,True
2,825,L12,3067716763873473202,1,0ed40b1df9d6d76cfe03061fecdac460dc760432cd8cbd1bb1e63d77d7fd8873,True
2,825,L21,8117026452294864499,1,04d113c8669190b8b7c3e1710138682e0fa78a3f8dfcdcc9182eff5255faa856,True
2,825,L13,6845471602920412636,1,210823f126995d12be7978dc6ec55532a919e375edce86e8d56f0bd6aa52223b,True
2,825,L31,8002981578084692584,1,adf45809e0b96e3ef691fb4aa6678a3752c7f5dff76c0b6ec690a60b801fa40f,True
2,825,L23,14777005478073631948,1,7eb12f89b4f3a8ec20e868d912bd749eabc05456da3df44f92295990971629ad,True
2,825,L32,5977991640497939468,1,c81d55d2ae682af709671ad8e3dd8b7dffc26be924db39e1fc6522844837f6d1,True
2,826,L12,4196565973520217462,1,70139567dab9b565976df00821dc549df240b329046dd52aae45acd9d04d9db5,True
2,826,L21,6719097206031602177,1,75bbe866e67d9ba070456fe58fed121d05ba719ead85c849a693a730c0c47fda,True
2,826,L13,15194548755777064908,1,141301d0717bb7e77ab58beb9e28862666c7bcebc35bfa878716b61efc87234f,True
2,826,L31,9704513042841036677,1,7cd67b9fbc674de8233951473fc45a55cc59413476b5d9a5af87055124c4c9cf,True
2,826,L23,4689521656085584007,1,fc1b5d5560320aa3831909428ab453f1f35670abe47ff8cdb3f062d2bc26a67b,True
2,826,L32,7534262869830690491,1,c51e6465d069a9f74a41387dc633d0130379ad3f4413b11a3d00334b9718ad22,True
2,827,L12,5508085597362684361,1,cbca830435bd2e6e1520995d5c8d93c8119c4a91e2f6315e728578a2f09baddf,True
2,827,L21,5472598345540960294,1,f0d9548111e42a15b3ed28977b4694bae5c2c6528e06c59003866aca2bd3e3ea,True
2,827,L13,9949155387510157539,1,49eba2ddfcb8c40756a4106a5e5e35dbba1e1fc0a97e5631465f6c0410102915,True
2,827,L31,15552800903219581306,1,9b4ed12eaac447fc37e06d5dff43c5adafe864e80b838080e68c01d6eac44038,True
2,827,L23,12583148901389523002,1,83687f21ea295512ee84c2de183dc68599202762efc823669510aeedb58b97e3,True
2,827,L32,7649948975881690823,1,5cf96f754d214eefba0bea8a1b38ad8ba2e330e2e31465176044af77cc1a609c,True
2,828,L12,5825670257815501904,1,57bb789f86ed7cf45e00624f11cde2fec9d94c0d04cd680bcee4061df9c99a5a,True
2,828,L21,11176980453041649088,1,addb01d126b2ac69e92f793f73f98cfc8058bbce4df385cc4148dc863143ebfc,True
2,828,L13,10162215211013297340,1,7f2ab66423f3ab96c5a7b65e851dcab591a16fd39d26e8774ff285439bcd1c61,True
2,828,L31,2362239322723608848,1,a38d84149416554716c63ea49f8dfd991fa70a1f50c639d9d290e64e438599ac,True
2,828,L23,11976172895096473041,1,56850a1ffcc59df2043170ceb2ad65894db9a081f1ef1b9597354a60140df706,True
2,828,L32,5388211721337799095,1,aab1bdc0569bb1dae3b6b03b4d765e3cafcdd3b4dcd6821b6e81c94d9cff33d7,True
2,829,L12,16602311932797618902,1,65d9a36178f178b60fdc88ab3f3ef1fad1f1e75cc7afd8fd5688022f785b3931,True
2,829,L21,12992392880583265030,1,2d082b35f5ac71b16b93c15ae5d7f34b7342858afcabda8417dbdc4da3e9078d,True
2,829,L13,7583799113640787140,1,265c5f1e441ed47745371651353b3467dd13d3d89c1e01c176f059f1a49313ff,True
2,829,L31,14714341002618062709,1,626d4af99f9dadef33b18dcffe784e2f3685c05a57534c3a97a04de0312955f1,True
2,829,L23,12268873514921980189,1,66e9ee3f205a546f03dfc5255b65befb3faed3de5d6425d950751f9d3914e4bd,True
2,829,L32,2210427557839034686,1,89a0591d82a98d8998bb601504726d5d598e895b17cc9e342a91ca57bd018fb8,True
2,830,L12,14118852609670731569,1,dd49f71f9f853f52955ed6149b6ca30c6cfac0c2ee786b26e2ff3c5b3fd7e2d5,True
2,830,L21,10853647550309456245,1,f26b5337dc4035ef27b3c8571d98657e2466ca340bc568fd6c56242d65e03490,True
2,830,L13,11658193374258305775,1,bb3fa1a5a877475f1273b2d6c10bc04023cf9a44308344640f3bd31a66d172ff,True
2,830,L31,10049459368607155596,1,51c79c7dd4187a09b0ed1ce9cba00dc236a337e9c7eed8e9497d8c9559beab1b,True
2,830,L23,2381757814917746566,1,e097573be6e0023f4e3615e195b4062c57106110d050579040d3e38054197d2a,True
2,830,L32,10605481833169769761,1,33d48c8d7b4986c2ce6bd366b01fed18fbdcd3fe31bf2db94fe79aaf42badf44,True
2,831,L12,7404173007849048895,1,212bd37f166e5dc88c551470783a14eccb01e205201b87b84a2413159a77d382,True
2,831,L21,9609465025177870421,1,c660b09d959c3fc8c65c00542555ce1ccf7db8d9be474ef9712d6869b35c909e,True
2,831,L13,15069805581811464807,1,44a44735795d9012e26e24f9a222f67a616a948c253b2f3cf0d97eab1a87bbf9,True
2,831,L31,7551262696973175838,1,685d123466616d586ec7fa296e87f6015eb7defe113d4653cb6395e92390fbc3,True
2,831,L23,2629366417775249685,1,f69a156044ea1ef2453dfdd933e6ca03032fbdaa09fa4d225746bb56f581f25f,True
2,831,L32,10976473325582452655,1,a3fa8d19a4fb25c7f173451a9735a3af1ed1c2113c3ba7cb77a93a4227e7ee3e,True
2,832,L12,10488607886540573221,1,5d68a821fd59497eafa7369f207ffb38dca301140873d136623446beace0a258,True
2,832,L21,8360580809937706927,1,a7325ae8fa92f5065c9a53997550666dc87581794c2df2b21341c5d414c9bec9,True
2,832,L13,16491572347510834503,1,889ce108d8313ee57534dc91849cfe73e3b92231cdad40b78d9a7e05ed1f519d,True
2,832,L31,11640470173329985146,1,d5696fc33587847fee7cd7c34ca2869f0b455c24b99c2d9d4f42da46901d5aec,True
2,832,L23,9549663798296083867,1,2ba0daff34790336178898b2f6b57abecc271e66487386f7a9d4b186a46039ce,True
2,832,L32,2162676123016066697,1,a69ba6b4fc8f3a69e8ec853193cbad353dbbc62e58166237f568d79a8bc40f47,True
2,833,L12,17468854090271117263,1,a04039a1cd84781d7aa5abe12bcbbeec1cf9aa5a2e8e612ac3e2d59bd98ff922,True
2,833,L21,17732100588511762444,1,294c3f7ea0e43a9a78086de4f837738c67da132af07e3e425587961eeeba875a,True
2,833,L13,10801075486847918955,1,ce356abc1c5be7d386e29c9195e3813480064a74187f3eacb3c5c2269678e97e,True
2,833,L31,7836480654421963456,1,bf795b37ada8e886e71cb5256ca83e2811cb809e9dd284b0823995340eadfd59,True
2,833,L23,2696755443032978060,1,3750e48322a088d316def83d3c720dca2724ccaf6df00459e9885c5e4028578a,True
2,833,L32,12910402809055379769,1,16f37eea5ad8834423463d05e3b3e9afa051a5bbc7e823daff13d7d8662650cc,True
2,834,L12,14384910571149941019,1,df934017ba701330405c0d596bae66dced0dc45339f97a5c71469ed939d3ff6c,True
2,834,L21,14890186538433048749,1,3f509efe718f9385044cc72f3dbb3fb0b4b2b60cbde3de0e9031d4bcbff89776,True
2,834,L13,5011843996902400931,1,02a3f58c17b2098a99ce8ca6ece316cc218c29cf65c850f54f50b017d6f0b420,True
2,834,L31,11838429619918953689,1,250802e42f7add5afdc67b3b2dd3eaa0cc67ef51236d24327c8e9b75079c09ad,True
2,834,L23,14009956808876355378,1,82b41eebb09d8e48ca7e7d2a5f870a087660647b5ed18e1abe25ed721ad39566,True
2,834,L32,12127307348778862580,1,188781bd606b48bbf1b6dd0f7d66cda6a0721284af9d7de06928c8f953a6e50e,True
2,835,L12,14276272702446416782,1,6e88c3a88bc48e5b26906f58a54d71adc413a182715abc18da2196d35f68fe4d,True
2,835,L21,11497511494079821023,1,3130ddf02e482856201c994c6627ddd435d8e374f9a4c83e4c72a3ec5f911da2,True
2,835,L13,15203341214050795749,1,aa857cb399e2ba036b6f712d8b6693874d55fbe25aa55d59ad74672a9b3e5d1d,True
2,835,L31,10693706744398660513,1,162d50934c298c6cd6c224050326a46826a44e941df57ce54dabe18ac2516008,True
2,835,L23,14161881915462385779,1,885fc6af4203c3c1d69120e355a01d24e77ac8972a583cb7a9d153ec6a30d91b,True
2,835,L32,724620544703840234,1,bdb797bfcd7ad6e78f5f3a4c79b78e33a0ddc8226183c94aee8023ee3eabe3c0,True
2,836,L12,10764529993648416881,1,dc5324d977654b44e13e55d3533e90776e3b4d16f542e12e67d57877ab6fc713,True
2,836,L21,9925417437134050501,1,58c6234c74913502f99fcfd9704cf1520946b7b0c0539b8345c38cbf4a9bf1f9,True
2,836,L13,13266328560943874689,1,1cd44c4a6a7189a245681adfc5815ae318379a4080e00fea35154ef4bb8abd33,True
2,836,L31,16919835702983245706,1,bd72b23796c94efa45830941423431bfebaa55613b4efae7e426a730eec40760,True
2,836,L23,13017814744301712870,1,2f552b34844d8f89da87891c33e4cec9a058519a77269194902b619bb0992652,True
2,836,L32,5676961714743494018,1,ab499b8673c0dbe9914db577c38f810e316582efd9df85a741c838731463fd60,True
2,837,L12,11448845148309018351,1,e77581ff5ee7947e24c9b9a3ceaa6f970b1a6d1b3b1255c4a9bb0f8d84be1c97,True
2,837,L21,7208085433765634294,1,a2c8ad47e1baf70b30bb49a62ed82a0055444cd62ad5a6744f7f63a22d6b58e9,True
2,837,L13,88602391382011711,1,4205052c7d323b93e1683eb7eba3f35cbb4550f6ed709f2efc05d7b8c42504e8,True
2,837,L31,11847887875031175937,1,d03b419e629dc1186a52711589bbd73bca223fb3a0329250f22d91c72d7b1a62,True
2,837,L23,15680633593311789185,1,9537ad144472df44644047b5b3e27bd4857fd65c4e7194651eed7acd7b186983,True
2,837,L32,10847541621616794348,1,8d42f0e92ff5952c47145b7a690aeff92a29306a59fb698f6e85e0f0ef1edfea,True
2,838,L12,11400252988980694428,1,9feafbeb3c0de06c6a8662b9deae0f075ec1b6e95f652f3d9034d6cc8b808d97,True
2,838,L21,1895691444852597156,1,3f193ae6481314d600638e5b28d03770f7481cfbf37bdaa4f695ac04f18d16be,True
2,838,L13,3536830632475217167,1,868d90934be5287ab4fcea82f26270dd93133ebf4a507c5f5030281be8eeb0d4,True
2,838,L31,1533346389005000925,1,75b46e220b02c95d90a3f6befa3674791071e392328484b5ceae37b78c0f2aa6,True
2,838,L23,13083534838934382180,1,35dcdc32cc649c98c17fe66ac65cd8162816f6538dd5aa3f257eb4e01cae66c5,True
2,838,L32,5932681527595063040,1,e275e622df84dd6a67c154be550a4d94db77bb48c472aa0dcbc5a4d39218c6eb,True
2,839,L12,18047716949879426533,1,353d387d10f9b1b26c9a14ea38c1a5dce05b9d410636dc0bf921f5b1bad0246e,True
2,839,L21,15755906599488969470,1,cf81d74621ffbf32fe4b202a2ec35e883ff067d37b96761b9cde3924b30578e9,True
2,839,L13,3310953724084860519,1,936a82ff92005663a526bfb371d51a8d1456bf4d7ffb567069018deb96cc601a,True
2,839,L31,14610073053743155653,1,5c75bc83d482b1cc4ff3a6dd80ea836c4ac3248481ec75c8e863bf9b2a7fb4aa,True
2,839,L23,7030183522620257371,1,098d814d482f1487c57e1307733f333158c1abf665df23dd1f474f6d1d640599,True
2,839,L32,13964512828315977883,1,6f238cd8d4dfd5411c86c6cf7f62cba800a16dee75fa5b5984915222b45bfc06,True
2,840,L12,63234578838388377,1,a4fa500394d143db63856a73e78c53eeb72f141360383418dbe154e2a57be2df,True
2,840,L21,18175871102825240870,1,fd72d3624359a91b9ddcf8506e99fd875e4f4b98c9c09f27e789c2998d245ee5,True
2,840,L13,6448942581521114138,1,29aa4152cc17368ccc8b71d003ba362fd1a12a190f5070ead5c2dad43d87b76d,True
2,840,L31,4063892912949634454,1,6c6d0bd97bd526d359cbfd40c11a8d63b5ba84e6f0cbcab31acbed8e46275a00,True
2,840,L23,5958473235652914686,1,d1b4cbb91b7f3aacb2fb1706bc2f87c2be03c9e5a6585c45ec332552db52790f,True
2,840,L32,12996268163783337195,1,e360f27089387bbfd64c875815568796d5bc3d1ba271317d42444adf5f809c2c,True
2,841,L12,12173886281283092074,1,d49d952637b2682db813170e1d742cd75498a7ea5289710fcb28323a2f199934,True
2,841,L21,14668909673162336122,1,c651fe4fdd0ee44cfb322b3434fd6916b9d83a0f0423d78c822250db9a893829,True
2,841,L13,5465222557536691183,1,bc2e0d1dd2ba0c6a4657cfe5460eb090d9019031e1cdc1cc854fdc41673c7edd,True
2,841,L31,569467199893356407,1,5bfcef4efe7848cdbc6a463264ceeb03b2b8734aef27186fda331aabb16a819a,True
2,841,L23,5312883969523700984,1,e38723471f59f944dc9390c1e331c5cad3827838162822201b23eb4cace3065f,True
2,841,L32,17330830224713123273,1,ced476c0ed4f93423ee02945e23e478b443b859a01aa7fed4e30b9c158e6f92c,True
2,842,L12,3334366815127263654,1,eab7a95144c7b8a3a5bbf8d114878ebca27d3a59c67ca9f7c0e0f76fae0af0f6,True
2,842,L21,6399601608863160071,1,1cb5462001c2c0c1344608c6c91023f873a2a1de7b9090e3c1d068257d70342a,True
2,842,L13,10026822073423113886,1,0e5eb14034a6b655965af6491ea351fcd5567bde391134ddfc5323d370baeaf3,True
2,842,L31,6558668367936918174,1,03ba4ea5c0026dbe95e936836f966b4b9abee1e01ff92b18a75d401ed1bddd84,True
2,842,L23,4993939421756507856,1,127940a5df7c65a0856539a3859abf6bb6b0c74caa55e1f292f9c2e4756e40ef,True
2,842,L32,12379931854624364368,1,ca38c340ab1f0d990b92ab05985031eca0e085a225727f1b48daf130e4475260,True
2,843,L12,9798734346417993563,1,d58e000895a09924e18e7a247eb4bd4197d74bab79cc32888ff6aa68ca5f3cd4,True
2,843,L21,1668964634910296991,1,9361b05c105017b7298136e7b6494f381284a622bfb54262207d8dd604f7f94e,True
2,843,L13,11081028155917664935,1,8d0476a97487b434fcaae9d8c48f150c2b094a59dccfd37d3798706f21d607a9,True
2,843,L31,6600025961429849949,1,c736be46a70e90b46c17b5cedf0bcc48638ff72fc90f628218230b77605fc82a,True
2,843,L23,16465680201482518081,1,d6058dffad7440755c1e530c8b9fdb414b96b9b19d97faf6028c87e39456911b,True
2,843,L32,18386410090425992843,1,8355664eb900750e2b1a6c9f8d15ff9358922d680aa7886109dae204731f7b52,True
2,844,L12,7758483347386999652,1,010a8da8ae09d54d093a04f54ed496b26a7426b788fdd239bde0fbdfeb8e2bca,True
2,844,L21,5957710389390003461,1,e313837a32bc16274682658224ea919bf0dc45bd56de0d8418adbeb5147b18d4,True
2,844,L13,14991337521794085025,1,cb37dde981914e070f682d68e987bdbbad1af64cc605a9478b738ce9f5f44cd3,True
2,844,L31,4617760641430243557,1,80723787b12ed51212b821847afa927fa5708a953517b196c8983956976a0652,True
2,844,L23,14440088231204326230,1,4df32887e1cd53e2a9c3ef694bb9387dde339fbb6c377c6d414bc9f17e732920,True
2,844,L32,18110829552431149987,1,98ed9024fcb5434cf5e239707d43ee9daffe100d4f39611003607fbac63c5c17,True
2,845,L12,9931921996442401259,1,8fe8e047714ac5440951bf046ea53ad866a8114491153e85b782690ea1da6eba,True
2,845,L21,598607097614859246,1,b7f4c8daeb48415e791addb8babf3aa44858a2120624838b4e3d778ead033481,True
2,845,L13,5912768006305031558,1,1ae36b48f9162c8c7ea4c48e6807bb558d4d408a0ed94df50af1d694a5f2e95d,True
2,845,L31,16614033281289912873,1,16bbbeb8161a9aab0a64b020496abdacb8f6a1832bc1a6dc3af4c41828cfe152,True
2,845,L23,1994645956788606847,1,bc1b14e5315a4797fabccf819d7c5c690f809757e6eff00422e30c86c2e79f43,True
2,845,L32,15292110894486702505,1,b718fe664c1c51f9e1d032460d10536f46ae9480f1adc6e1bb91aae7fac85ac7,True
2,846,L12,7756608106426255744,1,400f5052cf4b4490d61457b879bffce5b3be0e3bc8e4cdcd3ed70692b0c422d8,True
2,846,L21,9311036020079076660,1,0dead72cb051178f308cdbdc740ff9ea3788354b64b3ff9c9031c02cf1caf00a,True
2,846,L13,13002182306560424791,1,8ff63e78def78717d7d27cde4137ed0e5c1360b119df68b835a9332c510e450b,True
2,846,L31,6320856949052879679,1,8ff030bd1c1173014d1679283f2ac91c0db414894fe13ddcb5dd16a228b83177,True
2,846,L23,4816010764771298633,1,eb1a13e308b6251dca337af02a39e6b6c5de297c75ab90f1834fd53f24c7eb11,True
2,846,L32,9740501182051116874,1,7d9c4ee223a29b7d7d1953b2b568cf64227647e419ba5e7c7bb20cebeb5006df,True
2,847,L12,4628507777033719193,1,26ce7847868ce4beb3b3334521df7f3cf8fcd1e6b43f125b9535bb0f5be505dd,True
2,847,L21,16678395229654521791,1,c714f7aaac2addcb585649e489ab0ce5915dca2393901fe5e80b41086f15156b,True
2,847,L13,457580357224260776,1,5e1b3428123271d6a43a4746c7c5fe94efdefb264832fbbc77624580dc12a1c4,True
2,847,L31,15434527473395140916,1,05ab74a8ec8cd1e52fb458e271f314108b2ecbc622d99f32a9a07bc6b7cd28d6,True
2,847,L23,16926208440285371471,1,3997410a3ea9f86b5089d3fd5d1507b21dea93db5b65df6a495909bd2e7363f2,True
2,847,L32,18224323366131212435,1,650a2c764b4bda15e9f37a54b6a9cb32afd9b39d6014195232bbd4958d085b9e,True
2,848,L12,12811614281356172856,1,94bb7ddcea12c15e7b3ae4340264bf071521af6b7e065fe01e2a97e0fd745010,True
2,848,L21,6704574068715972891,1,7ce86c45bb8756f21ec9a7f495f66443520ab4cc4ab67d557553d7e70a692d6c,True
2,848,L13,124452651841523481,1,b1a35d4b1d2ec6dbcb0c2c706d4d0b5f8e8902ea83f7fcc0f00690541dc00794,True
2,848,L31,6840738777510743123,1,16c827f5b0f93cd81c6fbb1558ec7daee8a7353cf226065cb1595979b9e0335e,True
2,848,L23,11680615933049763110,1,2de951b8dc2b30c11c296cb76e0a39dcc77491ffdfb862d6376d408217388085,True
2,848,L32,7292417718934646345,1,fdf9cf05afe2bc4e8672f9eeddf74cb0057a0ef3e958be0cb7820bea28289b9c,True
2,849,L12,10650481186059237299,1,a2bb20267a1c9a6f35774f03f83886437cc2150197c2474ef458750350fa5c26,True
2,849,L21,8430376945708176307,1,05b4ce571ce0242924a1d8aec802c02bf0f09369389bef95a4d987109953dec2,True
2,849,L13,12178390995590635920,1,9293325ffad88c4c4e35b2e9c0213ce90b11af800d354f051caebedc715b7ee8,True
2,849,L31,5559224665645359814,1,24b4d698e39c0ca5dc2c7d52e153c7a5ad266fcb03a8925ee851f42cbd7681b8,True
2,849,L23,5164696560517013497,1,e574480c50e0d12a86b00ac05f3bd7633d769068b318ded3545d88689fe2e9ba,True
2,849,L32,11739333105382109242,1,714e71a32dc0082e960f4d369ffcae16d98a7124e248b7f0fc63b617321f1f1d,True
2,850,L12,12458559089263878550,1,4112c80a1e4edc456ddedee1046a74a43b6aceb6fb3777193dd9026530180ece,True
2,850,L21,6092848656897099266,1,a6240d73b0048aeff6d059d80e78fa91253accff8f6dfb5b32d928624e83f16b,True
2,850,L13,4006777149952273732,1,142f0e4bfcb2bd14cccceaa9b9b4922dd87377ff5fd790f5d4910a822ad8e03b,True
2,850,L31,18343475558671726988,1,016fe86272ca33135b4f78c0b583ef5b941a28ab9e5bc5d173be7a1e926e5e85,True
2,850,L23,34395451122049615,1,e916ee2a2e0f885379cbcbe0eddd747480683692802aa49d1fa7e314dd869605,True
2,850,L32,14878277565018146008,1,8ac850418ab8ec489864220960702b1a581d2f75d91c9cd7e598f15380d256bd,True
2,851,L12,15350213948732253846,1,202464095f11da141ee00cb2f90773420aef987380110bf68cbe548a7a261557,True
2,851,L21,12011330618011158595,1,5b365eb9fe6437def99aa23a59b61e373b797392a674a03df6d0143139736b82,True
2,851,L13,519093372643287807,1,eb0be0adca8476b82f969dac8bfefb137195ed2e300e95898a95746361b2d099,True
2,851,L31,8779919800031132936,1,e51151fd2791ec5e656d4b935dbbc1b336644435889d66420f8b9233f92f4f64,True
2,851,L23,15224135820930267689,1,8379b20a4259f3c2d202ab6529546e237a36bcf764199edbcab4502b77b60775,True
2,851,L32,1495308193629770233,1,253817cd01cad4b37257915e3d0e32fa6d0493d718ee699a30973d7ef561f24a,True
2,852,L12,16508252087067849862,1,f6fde34bef71ef99979149037ccf03894e32e32d000b261befdc465dae413b59,True
2,852,L21,11736561894461802883,1,b7a3e6d7cb8752f649ae4f0d7273cbc5018394ef68b983991455d77d3ae7d8b9,True
2,852,L13,6006418348288497096,1,59d043a8f2ac916e567686e85445f4ec8e403c8dceea7e2086a6c1778b1ceae1,True
2,852,L31,3079281931606631686,1,c7d88a09d71ea295941b11cafdd1bce6dd8bad246276d3da1c6c814df02e2277,True
2,852,L23,6259910067318875387,1,ab4d5b2e6771fc5cc375383038100c97956564e343b3fb1af60c7577d0298239,True
2,852,L32,11883077256535321002,1,e0b4c94b6fd00d11a1ff48d52b8e87df32dedaf704e9bc5057ed9cd54d508dbd,True
2,853,L12,16149010338577095312,1,595cc76d76d806ec739d7377b9830e6ab215311d9546057c04383b906f200db9,True
2,853,L21,8720769342190931626,1,7ce61261af65017d908c4c11ba6ca737a7421b91231ae4841fad82eb57168741,True
2,853,L13,13686946874110598324,1,684fea4a20170bc653d494fb8bb2a4fcfe4bb222bbeea3dd4e0e1732307d6742,True
2,853,L31,2253428916855005478,1,67456093413eb03e57493b67745be3b6321d6713f123bd93d71c14e097afc73d,True
2,853,L23,6402018940221033334,1,60b79d16516bd41af19b99b002bc50ec93378dd601b88880bd214bd2857b2cf8,True
2,853,L32,13002157114966770853,1,c5ca97ed411454ea2208f26bd98927fed1d723b31224d6b0dd650e1686656afa,True
2,854,L12,12484179838183881696,1,d2867df7d49bae4a946e6c06f7a377106c3a40a95666a5504ff3d27639dd7ecb,True
2,854,L21,16031386981632579007,1,f4f250119f8a7458bb8bcc8adb63663c959eea72d8534c0eecfa42839a33addf,True
2,854,L13,12807536027597006781,1,e5e8ce509dd35d1f9c0fb12c4ca1afd11fd8aa076ddb08144d272ca96df5b7c6,True
2,854,L31,2856616899176708017,1,51b739d33eae663e97f82f6171947bd3a847249271127d9548113fd77f0576c1,True
2,854,L23,11442791941277263636,1,c7d9480f22ecd45f6193b2b075a1807642149984cc93f1fb179d82a372dbedf0,True
2,854,L32,9769677989720361767,1,1c62cf3b58f15daac5f371a9e6facd5d8c8750fb89d63306a03caee7b8ed6631,True
2,855,L12,15171909382485160869,1,d64e29c00af53efc8a18afa28d9548bf954e1759848ad96d097f5f2021d7315b,True
2,855,L21,18333885340710521813,1,86c9782b454256562944f79f027362435c5da852102a2c5bb610c1d43be0a7df,True
2,855,L13,3512907983748336201,1,49cc5cbe4756f495e57760ee0f777ccb1ae01d30a5c4fce000b9d59ad4688edb,True
2,855,L31,8729479430688514262,1,f13b18e0a26edeb7adba887b14c0f06dce2582e06a5867699dbe632bc7b703a5,True
2,855,L23,16916888756098141047,1,cfea9f010d03e5e836d3036edb925e358d574196b56b125209b387d0b9a498db,True
2,855,L32,1371565611653882644,1,83adc8be56d4a3ab6451dace2f4e1b7f00aad3a52568abb65465a21db9539f98,True
2,856,L12,15068139297104461813,1,b978b4ac3541226647febaff69f5017d24b1855280fa3feea189350fcee05dd5,True
2,856,L21,13389866123700767693,1,4aa33fc74e572c8509214ed0da4d69e58f29b5184692ba9cce6b8b49b765f504,True
2,856,L13,5362419610940821991,1,e904b1e163adcb5bf148d9848b75de1b204cd764dd10a522df2a2dbf2a1b59d0,True
2,856,L31,1153286016966240708,1,874f300c1bdba2d47b0b7b5cc68186d6609e09b8e19532da6cae3fbc4fbf5596,True
2,856,L23,718018350737600248,1,7a3ac9b879c91ddac48f6f68da7e8cce9ec299fb932bc536c4c954aeb780d244,True
2,856,L32,16146052167556013057,1,049c8f65888711bf90cdf14026d59ace0bf8519f0fda4cf3837a7e1f95f50e01,True
2,857,L12,3049856481018805534,1,50a00f841cc60faf680c31fa28b923c2a1687d93c080aea8526637a594b3abc2,True
2,857,L21,6381549926103976872,1,129c5da28b5cca29da7354e52c492e146f4b00bfcc2d273505f24d9d4fae23a5,True
2,857,L13,4986516207278768804,1,8d826d2ba2a2b556a7169f3c2feda3414ef91103989c9c5722890d3cd199be66,True
2,857,L31,17114876460207122443,1,8ebc70408227608052f31f709d47a5fb8af2836e7ddd1a3d47a0bdd6c62bbb3a,True
2,857,L23,15780838243945922616,1,e38a0df3f939ef88dcc3f1dbfe3750e7b02beef0124b907aeffa68a79e101a6b,True
2,857,L32,15421824152722463150,1,15b2e7fadffe5124f2cde6c0f8e01a515ed54cf3554e5ff20431d9eb9c9f9a1c,True
2,858,L12,8735350556866236739,1,36945aa3f8f0b0751081e3e0814c22aadad2740b4499ebf22d35035ea0671575,True
2,858,L21,5950402501458891348,1,6ab7e7f0ff0266e102ac4036309ca4a04dbd5b8d533564b42e2800828a368b4b,True
2,858,L13,1160174847510365376,1,4b35873f03781d4cab663ccaa61f520b2a439fcd20bdf39b1087e383cce03b05,True
2,858,L31,3892656875834098946,1,1a6008ec082fcaa9c8e54175f423e8d17daa300c7715cbc9f2e0b7246437537a,True
2,858,L23,16932750822096079556,1,6c3c81d9e1ab84c54aca04e8f3ed3a8a69b6a21ccafa5ed7fedd93d177476a00,True
2,858,L32,11896361171573367965,1,f3a1caf209575b9908dc67ac4cd67b5b446e542f288737107da7cf0b996fa0ff,True
2,859,L12,16371868089196378215,1,a2f4b0e59e4452a88a55cff718a713702474a231f0fc19d3519396d2ad9792f8,True
2,859,L21,6394944180951817111,1,c4b21281514995a0a4863c3f5e0ad87cf3c1a98f1b312aa01c9f6388b125b809,True
2,859,L13,6389129025462945109,1,deaf66e0599cdd3dba6abe56ef5936fe6b1b2a0cb3a0745f1b7bf1594e9f320e,True
2,859,L31,18385013577547851772,1,b017bba1b5663fa74b2216296128bf7acf170e34b34f392521b27e674c549d0d,True
2,859,L23,12693681232285325233,1,2cf18edf182b54ff38acb2818a8e1758e5aa15a4c08a80b88c4eb4a3d7d3d4b0,True
2,859,L32,3845096234509982587,1,e1a0e68062753cdd7e401508cecd2f1aab91c3f791e311ae67754e4c6cfcff13,True
2,860,L12,16089380591033925532,1,ed8373a326c364a1fec0d23b04ebce48abad60a79052733df97366c2e2ac6a78,True
2,860,L21,1882487145151674184,1,235199830c563a4c3fb7f7e677d911401639bc32507f7a95f45da05af65f0de4,True
2,860,L13,11883169735318610320,1,9d6afcc7663ece28af02351d6da2106cfe756319559633cb89621bbcf7155ebd,True
2,860,L31,564879594066505288,1,a76b6a6b9589e93415b647e34899a25428e26067408dbf574cc7331fcf15d5c7,True
2,860,L23,15310560144515213461,1,02da474e9a847231c0f69f8ee56e585a6a920c954ac6d0ad7a5359b02e2d2d8b,True
2,860,L32,14936136421393404140,1,bab2ec3c467a4b1007304ddcaba6d2531bcc9274a6946aeceef3ecb7e2cc7186,True
2,861,L12,18071013315806491963,1,e56e783d263cc00b321d9f7fc84d1b3ada9bfa0542d991c7a53d5658cb9dc20a,True
2,861,L21,7034512975435938316,1,11479f9977364e18bc56b7cff43ba4a33c41369c50ecd9acabfb800c2ab05b15,True
2,861,L13,940576079031755718,1,168fead4d077b97b68635b711fb22a6fa85e233c3ee56cbc76ff6691c8f98fb6,True
2,861,L31,15780562421373555790,1,1f98e3e6f88301cb044f604b42690e9435a8e5b828bd61eae94d9416a22ada39,True
2,861,L23,7100122491460058396,1,897cb269eae77353e96c0c0f73a819d80bea82b578c1b589f998ac6ae4fc5f9f,True
2,861,L32,3823579146057169538,1,0edd2946faddccb0309f595f90732fe77ed5e0dad77ac42d7a85e799934e6499,True
2,862,L12,6326216565775490518,1,303bd91c11e3f407b7c291ef6f14f46f5af7ea358da42c4e86e4ba21573c0b15,True
2,862,L21,3245863733805346590,1,e96342888f2437c69afff2da0e94af4ddb37060c89a3fb6304b6b0b5d919f59b,True
2,862,L13,1160874514315188463,1,0804fd96039cb55ad8e167bfd723b962a8e52117e0dcf40f7445e089760f2a1c,True
2,862,L31,5502325028838029167,1,5f8f6e95f9a8370a9e11ebf7268013f685207c099afb0b39cdac072864dd3e28,True
2,862,L23,12214472181671332639,1,dacef3f51df519efe68ae043df6bf5fd1059f04d1757f0513aa658266ec0fae0,True
2,862,L32,9685616876946446636,1,50a5f69a74c6f995b82ee9bf0025896103476a3895b19d166a31d37143896e9c,True
2,863,L12,18299705179803159250,1,936793dd1c2e6b652fe72e283c8b7e63e360fd7a0a725c55cc070b26de9071e2,True
2,863,L21,8688495548496680988,1,cb2e56dfc67794665ca24010f275076706219d7cd7886d58e6ea32b7e2be2157,True
2,863,L13,5245081368926546406,1,bbd67a6922806153c1c8322afe159b25aed27d3c88f3616322d7045dad8ee831,True
2,863,L31,7774981935150245030,1,80ce77a0416b1fb5a50bdfe0e0e9ad8599d710b338a16b7ff25dc36a20057d3a,True
2,863,L23,4780467314328191845,1,ddb6ad11c066d9798a21c2322f68f1d8ad9a8035cf8cbdf957401ca807fc8b4d,True
2,863,L32,8014951903805760320,1,e399b0bab5cea8818e7f8d08a84548e48fe6b712d4b17110097644aa39f245ff,True
2,864,L12,5823976771470143798,1,49479f42d499254ee484b78f13ca199ecc26821d0e6692e5a44a902b09f69fac,True
2,864,L21,14107239749293831550,1,5bcad71447b95c8afcfa40795a2a9f2bfbd8aa5c8e0b5a79025c4f2ff08a80fb,True
2,864,L13,17477418307747443800,1,fcaf0bc248ed2841615924f383d8ed3ced5388c33a82fca655ba1010620335d5,True
2,864,L31,10407524771154306970,1,c6b43dde416b3a9d52ed1832ac4b5098f49a689eb392000b0fb883f5091ac243,True
2,864,L23,4973056483410739556,1,03ad9369bc6de071cb44a3da0670d08aad9fb94891ff72e4054b77cd2b53ba7b,True
2,864,L32,6860788662379212383,1,6bf7e3f769ea59b3d0cfdc990cea2a73e2875d825586397605e7b2d4557649fa,True
2,865,L12,5037119072150875781,1,5948602b4e883ff74c04255f156f6c5b5cac4b73fcbd5f71f2e79a57179b74ee,True
2,865,L21,11334825680437977976,1,f0d3c2db046318130b6ca0c5ffd3b9e2812b726efc04b3231cf10dd90e10c550,True
2,865,L13,1443584580656430410,1,5506844ee2fcc3f1aece1038805db2e474b449edc46956e08b02a7aff8f15516,True
2,865,L31,12855366487963968963,1,12577b8ac7c4a1485bab471d16ab868a87139e5a9f7241a451ede4b1e82019a6,True
2,865,L23,5384345356060464842,1,5e78c335659395acc712c394ff1b692e13e0daf0d736127a9ecc830d8b49eeb7,True
2,865,L32,7454973074231047778,1,3f55ed591b6a32307dc0446a5a3ea86b6748dd8628f17c28fa4fd54419372cf7,True
2,866,L12,6711167912594252623,1,c9556dfb887c75fea411e576bd9aa958026148b05ef4f3a50687bce6e5987ade,True
2,866,L21,16168727370151140015,1,02f715f1037a700169b8b51c8be0ff74b812f5a97bae9c4af84a26f8ca7c8899,True
2,866,L13,14475022922148399124,1,c385c5c58babbeb403a015e8ce57bc672f997d106d45449ab2dca1e73af3ef0a,True
2,866,L31,5615358044542612894,1,f50e18a3073c7e6a5e60497cd42fc9908d3ad7e93a245c6546d75017212d9a24,True
2,866,L23,13072477929642725437,1,1b54a6e2938fe30cb6a4eda598cf9aff613c4f1313903fd47a80a22a64693f26,True
2,866,L32,3752871970178951126,1,1661619bb5e719a1e2a2d63e2e83693afe0288fa6f9e921f07b1cbf1efe054ea,True
2,867,L12,15308504722971637110,1,f64c71a323fd310b32033a146c0176bddd2a5340b00a9327bdfa88e9b19d3d72,True
2,867,L21,13224841515642837877,1,e144ee2e30fba7ceeffa9ba42b4da4dfcfb9c802a1b8d05a07325c81ffdfc799,True
2,867,L13,12345600302681321799,1,5b45c2cbcbe3f4cde0c3e18beb0ab92a0707141736175173d8718eb2bc338d64,True
2,867,L31,14605967158320096590,1,421f420b5108d30656c477436cff70befc02fb02556396c810219921e83bd44e,True
2,867,L23,9893120436252782816,1,9fe160b0636d54693c097b2bd23a63a610acd3c3fdc80f78a7400bd749692ca2,True
2,867,L32,221838744212985265,1,8ddbca11ddc886885c544bca16e055857e185a8681a5358c27f0e309d1a68ba5,True
2,868,L12,1497123717272641700,1,fb2f0d05bea49fbc5340d3ac83b33cf660d2217a3c422f6f406bb28b7424ce40,True
2,868,L21,16902491185878891624,1,8b810b1141900d8191e7d36399a9378dc6cfaa6353b5215a6fdb2de42369e7cc,True
2,868,L13,17081267253825565441,1,4004bf24d5b13a55038aa26d0b93a0a1cc411e8bdc3df8acf41879f7dbadda0f,True
2,868,L31,8865667162146756271,1,c848e4a2c1cd322d768f1c90b4f673bd42d1dd07730ccf9e42d1a4c37ca2c14b,True
2,868,L23,10500262497614650396,1,73182f77ceca3c9c12ae1ff9cadf3cc551abad8b3aec7b62dc16c4d0d121c2ad,True
2,868,L32,16870717089263166585,1,282c06e3d6e7e9ab66665cc9857cc941f1798fd2e70f9985c4687f04ebb1a3aa,True
2,869,L12,1330677617764548552,1,5b8e30c23bb1f9df2c8c5a647670db9c82e3278aab568269d59cf8614c47a6f7,True
2,869,L21,4321396395028973562,1,122ad7e981de7bc218817880224fb4a96030b950a0b160af28d90ab7469cf78a,True
2,869,L13,14819715143623158209,1,0a7578c69a48a9a97576c075c287a0cfda7f8e3f1c1b61887efb86bc7d5dda71,True
2,869,L31,14460195431313527612,1,8f5462ffa4a8585cf0a8ffca5860903d1b75cd39b3ba15ca98f5c3c6fc756042,True
2,869,L23,7462530448358878680,1,c0157096d74531e265472131d7f7d306ba06da5ad7bc3b7d8931a6aac764190e,True
2,869,L32,9183163848170220444,1,49a0c8e596e5fd0f785f8075b205a5e8c46033d5ca2cb8a9e26908b17b8f4cb7,True
2,870,L12,711865462633226979,1,5d73d23fe28d3692f833f3bcec93bde3ff95a67b4a6cfcdfdce1250fc53d7323,True
2,870,L21,13442954383395421908,1,ba1a0c9cf5ffb023aac13626872e67394a047b05467fa50b437e052f19c537c7,True
2,870,L13,14432288150364701569,1,b6d2ad0dc6b5a73216cbdf0a1ec6ba5923e39cf0fdadb28e21083c2a8d13631f,True
2,870,L31,20869914975370617,1,5d79153c455a0178f431850f3e5592279ad05c3f7ac74c00dec273123ca14c0d,True
2,870,L23,3120151291280249889,1,5ca30000c13ca06953a3443c41ba3db606af23a495c8798376f18916d8b5e5da,True
2,870,L32,2003995634958768784,1,4ca047e3205ff7f3ff5ad3e961cb3da4b7c0567e696fb167ac02b3e63765b5e2,True
2,871,L12,8204115934670579658,1,84a18545889eb5eb48b7955888e30cff6453b34847a1225d714fb0634c093d9a,True
2,871,L21,10435574411107748268,1,42b6311eb7c9f61146b9e79a810e8906932b69a2229243a704e2dbaffb7fb2ce,True
2,871,L13,6193388235523174334,1,3ae55d3166e45b085847389ff66d0fcf9a83fc2d6c1f663dd8a058bb75f0f1a4,True
2,871,L31,17820119255659509224,1,30110698767779063e8faee2314053bb633919a93447f4ba10f7a4872503fc5c,True
2,871,L23,13661726436796618806,1,7c107c96fada6f12f03e3420f092f1e436d8e83727f534a506b0957236031ca9,True
2,871,L32,11531758444599804063,1,510944603de569101179a7a263e3b77b76f0f8731edc506dfa634b516e5507fb,True
2,872,L12,8157266809936073959,1,c6bf5b857f75cdaefba0900e62a54fdd8bb94e5df5e81dc337cb36a9f50e43fe,True
2,872,L21,17361397297026393383,1,6f82af767260c6aab98d535d02d2a6c8d76f215af6518b7fd3219fc5d3323997,True
2,872,L13,9117259327674620351,1,ee5ad7138f9bae6cc2a3620a797b91f779d7cab618ea2288ccbd991a4351d2f2,True
2,872,L31,15980105813831868143,1,0bf6f693263450c6075f05138340a6e17f69436df7d319169df066be36a8a93f,True
2,872,L23,9250813209297392190,1,9441aebe03b21266940dce0b549268ea947135b6ffcb9e9c3c83890d80b6fd1d,True
2,872,L32,17669910075056089562,1,b026ddcc5d49123c70a0b71e34e27bc4a1869eeccffbb5084fee68defe7cdd70,True
2,873,L12,13436525705152109948,1,1db9134df10492938bb3b093c2cd5701c49db9d238ff25e3335f0cd7afd9de9c,True
2,873,L21,7626722282860657129,1,2d8e2828a31f2061aefc5da33a032701de0bda4d19ed18121466d28a65fe1bb7,True
2,873,L13,10686882598772736627,1,a99d7ef75797117e07422950b74ff7c8706a0c5412ecb892d1d8c6de3ee7765d,True
2,873,L31,4781403507043834581,1,3a70d4ea4a0a6441ce254c415bae4c622cd813b4b097de12b905751b1937d35a,True
2,873,L23,15690659134662428503,1,42ee9913a70b62928582a0641928731c4311e37f20f5f8a4579dbef185b5e43b,True
2,873,L32,16319240908547133070,1,071b182fc0a2d2991d1a63f3df097aba5d66d9835f95940659dde16772f08aba,True
2,874,L12,14747534334439418948,1,4dc06ce08ef7778cab1db6a09d3aee073105822a39e21eaf194599f465f6407f,True
2,874,L21,11022276748755238988,1,45ae9581b60ff1b73c4a1b7ccfa59b54fc6ebf3428b2ef92acfa59509bd2cd53,True
2,874,L13,5181077870127636539,1,09cba491f1af935d3c61d3d50cfee487262aab213470fae20ea713de9ad34b65,True
2,874,L31,348520093350140113,1,51a82cbdc6f08bb6ec32ce002e09d4fc1261628da8f64dfa76d58384f28d765f,True
2,874,L23,6729391562010924859,1,7febfb4558419854853a6c3c19a013c0f49b3a57da286d7e3c66325dd1d2f79c,True
2,874,L32,9364522636251122799,1,b52406ba8c20acb978cd09a555b1bedd4d85fd7255f38d9f697b23a88f7833a1,True
2,875,L12,1170251532342660418,1,491188926d54f7dd6ba6ff007e9139e082da0bcad521270707bc7186b0f110b0,True
2,875,L21,10510138688258652424,1,7a5904e4ee99796e780a3fb612225aa54d5599f073dda95fc2e860944550bbbb,True
2,875,L13,6891663956080937758,1,87c8fb9475d0e2378edd078f15790e8f97e69d532b42898fe720a252304d3319,True
2,875,L31,5692339742395380600,1,0075af3cdf1243ab25ad72fc539cdb8127986e3d447f04dc958f4eea964882c9,True
2,875,L23,812085862920923797,1,a2753c5197c276bd4f68e33fbabbe93beabafaa7bcddddc228c3c7a920317201,True
2,875,L32,640501371010966822,1,27523aae1a21135ac6194717f7d5c978bd2a5e6793f60050ae2f6ea0f51cb3ea,True
2,876,L12,13812373039338119252,1,fe371c0c10a4fb64b139094f67ded115f26d79c30528966295b555c13055adbf,True
2,876,L21,8752494328703333317,1,36a1f07aa26e0bd40810e48d0f601871f2010b2c2a9e07d369101282da0789e4,True
2,876,L13,5812630453234220950,1,294c5b990d476c9047c4bc0969cb65d3b8e34af66ebd74811b7b8db046f293d1,True
2,876,L31,3066362850960544032,1,f5252d53b8bf886567200d85525104f8666823f2f32c7d5e18e52d80f5fc6b9d,True
2,876,L23,17850730021186475248,1,12dfebd9afc5ce02ee086730279d52d22ac85a32a8d6c940fb0506e0f459fad3,True
2,876,L32,6413374812695113987,1,16ab12fc15d6e59a4c65d051da2e2ce3fdbc93fef5bde7dbfb7e2e7a781e9049,True
2,877,L12,17669903114924086973,1,06a78677609ec4d061e9b4434c422601fa7274524d902e2782c2519d789b81cf,True
2,877,L21,8033972905395453037,1,953b491142489b0a0f02d4d7572cf4241e0a6ed5363cb29df0d74a4ad713aa14,True
2,877,L13,16093651259761977249,1,d3145e45d8d87a20b9d1da4536fabdf936bbe3204f525fa3012d0dc6d36c2b75,True
2,877,L31,6445396044458990304,1,f0835aacb3923913ea4abdddf80ea5e3ec700df4c9601bc1e539d3090abf09d5,True
2,877,L23,8421819599822595899,1,2316d167359d0177906b6c1bcb8cff2ade71f2ed011af0dc08c73e1e8b8567bb,True
2,877,L32,8487897604657449206,1,b704740093e5bafb97a84f7da62be1c80bca8cc3044be743f57e41107821c315,True
2,878,L12,17501288389006046738,1,8c63fbdc50a1e8b9f2cea35deea6f4d14b7244b748f3ea8f5fdeb1509c9d95dd,True
2,878,L21,1226578668482278741,1,1fa74d2e3a6c5c9987d00347611b178c7b15036754b35afbc682909096269c6e,True
2,878,L13,12435022493388515601,1,7628c4e8e731cd90cb03e4589f877b6acadd04136dec62e88b86eac3b019cd49,True
2,878,L31,10332598155543046137,1,3fe326aa083ca0234d6b11045ffddee95d0fcf433ab3d241e189dd73a0285783,True
2,878,L23,9498128006321354657,1,f997e1d9b5f8a3d29f339016a5172404aabb207005642ea5f2d93cf3ae1da198,True
2,878,L32,9603890917127494399,1,e1b6f1b2dcdefa3fe078dc721de03b56a45f2766a47c0bee6efac5d50c6609aa,True
2,879,L12,7086224581676329557,1,1d8fc0c4c5ac94f0fd3f27f81d8cac7a683c14a8484b5adb9dc0f008543c940e,True
2,879,L21,17113408327247345167,1,ba8a406f908a7fb19328b46a5f7d783307068a44299df241868010e6d33269f2,True
2,879,L13,11533304671286763774,1,2ca13850b75caaecc8220162e9a96af7b2c186b589b05aea30161d9a0e57ba29,True
2,879,L31,15436025404773868212,1,38c733233cdc14df8d5a6e5dd685cef2a82dafb5032d5a7cc3d1a134ee3a5447,True
2,879,L23,1560630376702636679,1,3e7581c45ba02709617bb144eb0b453598f47af312f072bd7a1a5fb6ce1157bb,True
2,879,L32,11341315550806534656,1,9ceac8c0f87a3e069b474f9c4d7e645878a53b678fe2f24ef216770b7f633fbf,True
2,880,L12,1412331011753968697,1,54db9d256fb30bf7c32a292222cb2ed6eb23f2366ecfdc600e60242dc019e219,True
2,880,L21,13084508397416173586,1,55e8ac2ece65c3d4fbdce90da7e46464246dd4505badd061915efd16dcc84501,True
2,880,L13,11185279382068389627,1,6b4b5a8294cb7b1c1b69ac27393ddc9e6b31f8968d00952563ffd48aecb81b4d,True
2,880,L31,5519308756329272762,1,3cbc63d6401e28a74875af2d0e9f72eabae190da4618150b8cdb3b963fe640e9,True
2,880,L23,11110950893220534968,1,12282d6cbc61468567c40cd9d76d73c6245cab05ba1daa8a744a1e28c5e1d14a,True
2,880,L32,3291397815809164345,1,7b6fc587c0607410af67d701a72ebcf746ff8c863286f3ae05e60ba2f1840c85,True
2,881,L12,2382839476194665296,1,d9939a1fad425235b1f8f3bb747b6ab7e2143992ced6ad4e2b59a734de454a0a,True
2,881,L21,6707932397704389674,1,866dfb2c2ef40d609fbf2b0f615edb22fbf9e81e9357ad1802206473cb7c0a88,True
2,881,L13,2035030801555625215,1,1b68a0b16b580ad8d33916d1dbb9e959b79eeb85646a10f03e361bf807300d2a,True
2,881,L31,15764844912887177224,1,9d307c87191cae6550b2f3beb62779091a3ef879388cb3d46fbfc8feeb38a8fb,True
2,881,L23,15604615133482183434,1,03c7157a68e722bf01e138fe7fb0149886c398da003abfcad48f6cd0e4e9a4dc,True
2,881,L32,1734044711598745636,1,d6270bdb3491c217ee27fcb17e60441006ba63155cf65282ef1ff5296e2e4f1c,True
2,882,L12,7954191905908880194,1,6198901d62a4f25cf8f4fae859897e8a53bfb6a1945c2eb96b3fdd71f350d51b,True
2,882,L21,9927156202476608900,1,5a5e1aa70d021919392143050572e69e245b56c48a4ff8488f3e4c3c09437711,True
2,882,L13,14550060292765728227,1,9f287b93fce05ecaf77208c9d4537870701a0a2e37b24900ddcc7732692beff8,True
2,882,L31,7042762410635469746,1,90cd4f8b5d3837383defa74626902c51dd18141383883ba6daa341c30cc3561d,True
2,882,L23,5169151382958735323,1,c0a5be439109db95cfa60047d77f6d74f59616def64584de41c5c738c7cc8950,True
2,882,L32,10678792963103123721,1,66c2aa2051a24c6efe566242cda8b4683730bb61057a76e7b1f308ca09bd08d2,True
2,883,L12,10541384360548440618,1,0a3644b1f6b8adb135a2555af0e6a50868ad5dcadd7f575d78470d94968a9953,True
2,883,L21,16663779753443012632,1,170998cf725d0c6b9afe670f88729667e3e8f22fcf55ec3972a23c5d7c19e2cf,True
2,883,L13,9707183109117974031,1,527feab21453383a6bc6b1a9eaaded834d7c56e2ac919ca42a36a392162bdcce,True
2,883,L31,13177797369597996485,1,dff6445ba8a0b58342f345a0c0bd18358cc062572cc0097d828ded27f2019461,True
2,883,L23,5945563841000386907,1,e4372298414af71301b240cc6aeba66ceb933c4ff66b43ef111e095bd5bfbce2,True
2,883,L32,15588248351077361917,1,1c3e4a9905cfb006433549d8207fadf184b75080b5d2ba8fd92ff8351d27eded,True
2,884,L12,12034688919454915296,1,90d9bd482a541ce8c34ecac84788dc5c24ec50b3e0a78c2c5c1fdaacdb46ce47,True
2,884,L21,3485509907087617687,1,ae6bcf4ab6f65a5e334b9262fe6033a9af75fd84f75a05ce79bec653c74e7eb8,True
2,884,L13,50008091613949267,1,e487f6dee168cb921cf38f7c77d13fa4af42e68ce6309e1942a7096d5bb72f41,True
2,884,L31,13292648727567819248,1,8859549bb5cc4041ac992dbb90f592bb21b99e9701801043980c52d202b5e087,True
2,884,L23,9327300454650638759,1,cf86f5f93f06fc574f9b4dd2bb03187199888fa3bfdb4810a8ff26f1364acc4a,True
2,884,L32,13015381338566939769,1,16bbe7a6e02edadf5e22595a86ea19654c672164e1d5b91a74143d1d58ecae27,True
2,885,L12,10721933831643607912,1,c47c58c38dbb27813c26736f96f2446267545b81d9606ab9f061e5283cc8b717,True
2,885,L21,17136130253461752225,1,7e2b0e21ee495ec35efd1bea732ab9e9c13a414fc4cf77f2460f3f1363a51258,True
2,885,L13,1063737746348241497,1,c9a363441572f24ecf12476ee4143e376cbd47dee2dd9eafdb0aefbc14ec2ed8,True
2,885,L31,10345542755752853158,1,1f6dc83e33eee72c00570eb19cf7d68ed0064ef78229810e9dd302c8c479d670,True
2,885,L23,11536281123171607582,1,2e2c7e2b37a5b1096b30cb29e3575b999165c6947090a97debd5d47cc1f85d3d,True
2,885,L32,5329217655314204197,1,944f5ff8ead2d3f80d8b5979ee5fe0accd2f6ea1776760cb183de66b4a4c57da,True
2,886,L12,7296241460071586093,1,0e19680890fbd3299bfffb42560253681aabf0d4f5457df84151499953b116bc,True
2,886,L21,15814707427603130755,1,217ba8a8b30c9609c770826be1f6371cc1e4f7f192bbe0d1823f4c3248168050,True
2,886,L13,13500870439678109337,1,33ae55c54956f9420053945dade13f0541dde250be87f23623e00df7b92865d7,True
2,886,L31,14270110620014005069,1,900a1ec0c2c59821bbdfee1c288e608c3a2bea231dce70884fa8d35e64919362,True
2,886,L23,7531617128364384868,1,982b0f560aea737abf6a3715a808acf5c5da70a1e7ced6845a1f91b8e397b32e,True
2,886,L32,11679648500458881296,1,7e52b030e1cd05c091a87640a617567f5c6bb4fb4f372e3904de8b9a96c934f5,True
2,887,L12,4409464348944707264,1,ae7dbbafbc86e440b48ec56b8f56b8b32c78b5a9295dfb2d74275c9140be7915,True
2,887,L21,162486857453650521,1,e2fc259248e8b1171f96aa60d88ce3dc4f850e88d25057a13dcd6e3b2f6e13cf,True
2,887,L13,1029309628972818526,1,5e959d5974d9010a931c54745e2eae3fc8d2944a73d68dbf7f368558c31cb22b,True
2,887,L31,7282363138051488285,1,d2432313ac636d58e0641476b94f2ef8a341c2d7e27a4c1dd9fd72b454c56cfc,True
2,887,L23,1795526552494355306,1,676345c2282a40950bb384b47acfeb7b33effdd8b72f6d52164275f3c51d0be9,True
2,887,L32,15262338863233297652,1,bd077799276afa6fbc83dbc3a3ee3614928c7542cd95b1b64e1ed5e31d0c688e,True
2,888,L12,14107052594967986391,1,4481c1188e1a8ba70dbf837c63709d8af214e87bf6ef5810b589ee75ad159b7a,True
2,888,L21,3544678169748717718,1,089f0be7074ad674d4726e3aa9941e018737954ac554dad70d43c962facd15bd,True
2,888,L13,3313520869876415697,1,85de5a2f459c05ed404b22a149ba662fe36882059c3437c7805111e8baee7a5b,True
2,888,L31,5235914035092292487,1,9c4a3f2619cbdbd629f6278fb1306771eb5dd1e4739ff693304dfb22c1314202,True
2,888,L23,14357206506455225076,1,348b4143ebcddf05479045cc97441cbb44f176b1483353de3eac63ea25a4c6a0,True
2,888,L32,6848785796858817834,1,50a5abfde4e407a28e829a97be65cd4f952b2be759449f389e4158cd851d2eef,True
2,889,L12,12730024899951758761,1,d7515468d894cb96ce67397952646c2882a3da020d11c80ced17dcb0d16aae83,True
2,889,L21,11460950607064096893,1,723bc0a66c9006656d4bf1f081e165763e0afe236f3311fb2029685412accb1e,True
2,889,L13,12113254043560251006,1,383f8292c66d68b616d72f6668f50693204b84573f022b214d216483001f1a7d,True
2,889,L31,1340285105297657633,1,b3bae8f71891fd15e57ab8131d29dbe7c7ad101ac29389b66f2843df6f17af95,True
2,889,L23,1307485602743401995,1,22531e21b3e8e48dc1c55e9ecfc7d71668b2d207d6ac77107b89f3d399ba3314,True
2,889,L32,13331466721034223531,1,b814b520b04d8fe2efcda7d0d2ffed3b960911bf328874130aaff9c44db5b292,True
2,890,L12,16305706218934656675,1,420af3cde664b431377a97c92ad000f66a4e35a20c1b2c937523bc58f9fe1962,True
2,890,L21,1880070877505777417,1,423eb2778536f800820399d20be8d1b71749ebf9ceae312e6b192033af23b27b,True
2,890,L13,4068666119998399335,1,cf4a5d4928536d1a8d587870d3d8121b7285daafed01d01235de5cd23eb80697,True
2,890,L31,4084611256091619123,1,1b75198fa8bb289bf245b502adc69b18081a145c0c093b5daf2a5925b7163b07,True
2,890,L23,8948756005218355101,1,e365b181bfd273a73544bdb92bc9d1a6543729be3854d4ed991362e907359e4c,True
2,890,L32,6309118173635063727,1,ec2ef19d087bb041959db7714e8309d5f5a33e08ea110c309cd5ec4ad78ac3bd,True
2,891,L12,14113307378524849725,1,1b92ba98717ae5199afcfa9e63568d307803a3084afa70203735c6e406c91a63,True
2,891,L21,18214248858864148581,1,cc8eb115adf219ab8b7fc8c274cd3311dd7ff130d596909cc108c1cc01ada64e,True
2,891,L13,11443872210505870879,1,efda5d42c7d72ce9cabc7f5e00b4b1b2f98b3ce3e0d4025901a1d8d43ee5f45f,True
2,891,L31,15007144218187077768,1,b5ce56c4627df0f66d269d2cc325ae91b94b4563eb8c55b279dc189073bc0dac,True
2,891,L23,6435746913427760028,1,0dfc8d18f7bee9d1d0ea7817d5ec48f014ef808eccadd28602f82d2f924e0216,True
2,891,L32,13645238414137599925,1,e5634bce7136e7a278c2716d998e7da25766897771d04e32c6f3e5fc68aec767,True
2,892,L12,11370889832350333137,1,28811e07b85882e418159d6da57d2ca214b80af7a17614652d6af3d6b98282bd,True
2,892,L21,1808778449749269626,1,5e8f09705c541a663cf0b28b422bfc76fe247757743911a2022bce647385da7f,True
2,892,L13,4041287780373158513,1,a38e61de24c30a5801cfc379903b3229b130ffbab02cec91bdeb37c75a9c6391,True
2,892,L31,4272699823015788511,1,7595ae6814945d3874d2743fe483a50309281c0f8fc6cd3f693e182ac4774f01,True
2,892,L23,2172876733576132796,1,39eb140291d536392ec927a41234ecb9f273547d6349306b7d6d0cc58b2902dc,True
2,892,L32,12874696418890920612,1,5ab285048a6fafca95406c796a27a5386f3ffe1fdc9d92eaac8d8778cc03b081,True
2,893,L12,480589165523388857,1,c5479c394f9ff24bb61558b5c50c1908f3778acb8f9c38ea1dbe1833aa907040,True
2,893,L21,13001429000100243678,1,447a7d82f1fb1cd20f860f016515c6e7eaadac4ef3a98b604e2feff8c2e59e95,True
2,893,L13,7975912955014296538,1,9fe2feba656de16ccdef7c200e75166fecafa6fa477cb98ce970698969223c40,True
2,893,L31,17220204937788799924,1,482f5d9e30f9b07caa6dca8716d2aa13dbfa4364e822c1bca705ae83f0e36d03,True
2,893,L23,7679590513676463864,1,2e05789846967d40d6249a1031e541ff2ea2325e3308c089488b879938d90e49,True
2,893,L32,6356026986239575855,1,2f6f465f20ae7cf1add84e66ec86dc778a78090660f0e962047301cdf4e71700,True
2,894,L12,14111225483021541009,1,13b7b07b56983f81b3aac8150185471aa426b9a1a301629147a8fb3111a6f385,True
2,894,L21,12087219746998629640,1,77bcf10112f4fdb77a15e78a300965414f4e3bc87c26ab99039647d8d5dba5db,True
2,894,L13,17223791807285834531,1,b5dcff5c3479aed77baea2261cb1a3b08bd4a7d9b6971a4342379a68436a1aad,True
2,894,L31,7375516045894424086,1,325fdd7f4880f337aeb05c1f73394ca2d9ab690c29366117d006cfb78b24baeb,True
2,894,L23,18076763517383803715,1,7191b9e06fafe9d72e221e5a5825abf99aa03c0f77fabb781c1d7914fa0c3122,True
2,894,L32,8673196029004090807,1,dd768d06809ee45c1d555232e2733d8279a0ed8894a2fc2c72f9942f99bf20c2,True
2,895,L12,13055732730327362014,1,8a0b48ccdb02eb1d72cb66944c583619b3fc5423ac5f75af9be8751ac39b511d,True
2,895,L21,8969456070557402829,1,f8d99340abe6ec0de90d0c31f07889aafd9edcec51fee1112a7410bc792304b3,True
2,895,L13,1603556841388884102,1,8317f8c8006d19d3edb3d61aa7bd400c398fb8f024598919e5cadd597d063533,True
2,895,L31,8249689053887723146,1,2dbc1c2d730eee308b343f7cc3fd36a83c639e384a8e3b6867ed297eef39fa34,True
2,895,L23,282926800198785879,1,5bd04de389b1cb1821754de2575c3b1094592faad98df976c9a5215d86154b60,True
2,895,L32,16266475138877357166,1,094c60feb3d1a7b697789e7a5b0705d65b35bcd58abfd5866a72ca2895b9c35d,True
2,896,L12,3443296214894678739,1,d1576cf3abc1d8be0e2966962c8d38efb0836100170912fd7db9c5c7136404f6,True
2,896,L21,17241214490874713320,1,a43f94bd49d699a6f8ac371ca2c15b7ab1b88b8ae12d177759a1aca4b3f70cff,True
2,896,L13,12493211549539199979,1,f5ac560671b45bb3dc4b1d1f3057eac9d83f81f19fc2c6ddd845b2c72a12226e,True
2,896,L31,15046728141689479610,1,eb90ba1bb96c78e498c8e2d5bb5575c6e7edb56d56c98c391ea4900e4f8417e9,True
2,896,L23,17244370087792533689,1,d58fb70e08666304f337867bbde064628d6a17684454cc36145da6518189b8af,True
2,896,L32,11700850496093673125,1,d2e8193f194bcbea42d25deb82333ab8e75091bd8828042f55eb60a8186331af,True
2,897,L12,3463537071334400025,1,3f1020d7716e87a421a3af25c638b5a4e514c9f8b53ba0051ba85f2a4e04da7e,True
2,897,L21,4697845998973451528,1,cd8ce592e95868aa83623fb668265c3dac044f9dc53f4bb61eeb240123a261a5,True
2,897,L13,14822220369702659931,1,a34caa367c2ff8e3662d10059df05a9005c5dada1d2f0ed573409098b54ff4b1,True
2,897,L31,2781638037575062666,1,5579c6e8b1e995e4eacd216827034fd4dae9f281b0796a5b5cdc264e804656d2,True
2,897,L23,11012320011569585400,1,3a9795ff6640b2315fd1efbdd0d50168a3e25d32cfe1a4fd0b173ca16ee41c1e,True
2,897,L32,4658140748674774542,1,4c99564b2cf21194afdcc4b41f23bb823dfa3d8a5fc9874d29a5d4a55da3029a,True
2,898,L12,4253172572547691200,1,c7e2f88ff83f79d0c80be1fe7407eb9f740daa86160880a4c7fecd76762622e7,True
2,898,L21,16981343600674121150,1,3dce6f842c9ec176d0c7d70d3aa84f028ce6c7b5268db29dd691452603b174ed,True
2,898,L13,7420604618412742861,1,77e7e266e9014488a04d9537c0e0631938cec04a56afc4282fdb23a0c6ad4bdf,True
2,898,L31,9458676469175777758,1,5ab2b09c936cb96be3b7de0f004650449e5a7de8b57a5a6191650ae1fa47d3f1,True
2,898,L23,1804067121153389308,1,aec3fcc3fd03bd32ce57aeb76e43908053aa038175df3e1863a0513fbe97dac0,True
2,898,L32,736465249707045890,1,7fb18680727037d31c4afdbc1edd6ee819f1ebece6b8203ef4dd1f81c2720c19,True
2,899,L12,1179199084439610120,1,e27924da00dc985fcfe9511e80765cb5cfce0e0bb0c02435f1b6b816af1185f2,True
2,899,L21,15164606173720306073,1,e891561ae5455bb5dd87564717b7e8b0fa608c400635cdf980ecd2c16378f0dd,True
2,899,L13,60894481240383336,1,64d574ef21fa00e8574d19f2b59fc266e146599df4632c55c52aeceab2afba1a,True
2,899,L31,2599436432212414628,1,ebeb8f0a5101a08ccf2819b1dfc2af0e6e6233200c0359a17df57f7d94ccbb4d,True
2,899,L23,2030578199817121980,1,ea827d2149818d2f5707cdea737e0fce6018fec746e9c8436f1b55686d730013,True
2,899,L32,6465041586261078877,1,0a7e0fb86ab3d52eaad67dbab26622beaf3eaa404431446c9765728844add78b,True
2,900,L12,9643972265417216806,1,f8ad892d9c2880aed1097279af946e7adf9b15f13d3f317e1237b364157e1628,True
2,900,L21,6986365208452891438,1,c9ef9b32e3d996f41370c5be4ac7ad0f4be905a1ca56c1c2bea2361c1a9363fb,True
2,900,L13,10382900627508048368,1,100e383b7096f84338a12655f0cd690e77650bf910fcc3d5d8b7a55555ceb5c0,True
2,900,L31,6480534153905164454,1,28fd33404f14342976e50933cf826c6cc2e0d6b0c791288065f8ae49300af162,True
2,900,L23,14714088467003484907,1,73137ccb5eb797abfc783e3a498e4736e1d0f3910c5c42fe82a2b8263a59962f,True
2,900,L32,16583839159442692288,1,a4b19cdd4ed7edf54fdc8035d6d929e4e45970a6210b045f489f54da88397072,True
2,901,L12,15412182183834425955,1,651e39697c7a86c33f7dc23047dd3fe33e088a5a5344e9a0428e7d08880d7059,True
2,901,L21,11146351652902621104,1,13e2b24480edcbfad059a19aa69a8f1f1bad3b62a89e324eb7969a13da0ba5e6,True
2,901,L13,1617182974829282331,1,57dfe5135a3510475570cf87506c55bfe72a91e79b300489d31bd2129d02f5c3,True
2,901,L31,4978905805510754382,1,42f114ab647365816a2e4a699ee357a0ad213aa424bbfa5bfbe4c004fa6d92bc,True
2,901,L23,7751978443168959920,1,423f06abace4626b98929bab1e0678d7e167398cdc0c2d7d0403316a29979fe9,True
2,901,L32,4296568523209279481,1,52faef9181a529681a6edb477b7049eacc3fbb9c22ddc6c6466f2b1aa6bdcea0,True
2,902,L12,4403555319728213509,1,7d6733afa4a882c7dc5ed1665809909b9327d4f56ea59e5dbbc187a3f17f0aab,True
2,902,L21,16453476189814735013,1,3108a636bcc9051ec9dcf9d1d8e4ba0286ab85ad9d72b00153a5f085f30c1eb9,True
2,902,L13,17303462239794438263,1,46f7c987721d1f8cdff58cf58de8302bf4d96569b6be5fa96a36114f7edb3baf,True
2,902,L31,4927207318125356797,1,54c64f351833787758fcf7bc739995bf58ae69defd0dd7c8d46b417bc7f1f71d,True
2,902,L23,10113563921669543631,1,2dfe5df6867f43cc8c7b5f2fe7aed75a8fe294faf94b9022da0d7b349ef63e0a,True
2,902,L32,434366359895746967,1,88ccff06a73e02023d0d518c1fa0c5a1a847ae97ddc60d11350dcd909314c91f,True
2,903,L12,9507470331927593772,1,5994be8a47bb716a807d2e431da5176e3cfec1706054c1d726f20ccec0f20172,True
2,903,L21,14528677415292577206,1,f8af7583ce5ef407b1a0422ecf865e1be47f3ed2252955d0f00a21dd787b52ce,True
2,903,L13,6696649877610498405,1,78a1ea2220dfb226c78e9cfd1d1f0d4a465a06a676eb2806076c3f0004e41472,True
2,903,L31,9261162235751270774,1,d1d3ea65dddd31328dd5e7fed214f3d498b817fd693beac3652ae7761f05b414,True
2,903,L23,5594237433612002292,1,fff38fc0e1cd7a64a3ac1270f1a8c8b3dfee0cb5bfc756920802345f6460d0ca,True
2,903,L32,14321512774764443296,1,e40e0187ada3beae109e26812b0a1ebd9a5a8647fd3a87fed1381e0901b21198,True
2,904,L12,17683053769224342328,1,cbdb9022ef6b1461872ecb550564d9ef063ee8a50dd80db94618bedac4ae9554,True
2,904,L21,15867949167668196544,1,69c18f5ebee6da6120ab3728d15755cab8a316701b69e0cf2bfa6082fb826a39,True
2,904,L13,11983744727605241119,1,12580787bb7f49465b490aacaddcda1180ed15d9af56a2aead55888b94832dfb,True
2,904,L31,8884370977274491859,1,5e489e585b4cd8b3f6e8b0c211e02e6ae22583e3b8061ba33f59044396361b29,True
2,904,L23,7410358071051636404,1,1b368d4a32d7c297e13967bb8fe3823de7d89dd2cdefddac2cc4131201af188a,True
2,904,L32,8524826023454149420,1,6daf2132f9dabf5886e5925d4b5c955946e446a31710187200f5e12184847217,True
2,905,L12,851136957478675739,1,f22dcbbb10131014c3aca9c653ed7b57db29e38c3b88259332680a52f0e6872e,True
2,905,L21,11385770430182826153,1,fec976f7af263a050ec6c4db66c0e9f24709899cbaf8a5d6ab9b250cd5c5dd1a,True
2,905,L13,7606046422034022309,1,03f817a2eaf76e9e47024eddc864d6a9bc1decfdc9082828e28cd7cb1ff6f38e,True
2,905,L31,16008782472279320261,1,d1272301c64082c71da46bec6e8976cf1f93923ddec8d081282f29210148e41b,True
2,905,L23,3681942537421460920,1,9acbad63c4ffcb9b395c472d3b61b98795126c9b5efb139a2ebea9b3b4255c88,True
2,905,L32,3409621332446987016,1,b6cd4893b8ca4ac1ea5809276891abab1bddace32717b5a1307d8d14f5b392d0,True
2,906,L12,9177651167585116573,1,20c5caf78100a2fdd9e395382cf41f1f6a29317dae07fe48f652e869698e6f31,True
2,906,L21,1786664736658369834,1,374bb7c107a215b581a4c54a14cc9a9494901d39f20012b29e4950b298accd3a,True
2,906,L13,11417912962565761423,1,2efe141730b3e39ab36593c99f1c70b5e10f6a2be19bfd4c978db9b81b7aa95d,True
2,906,L31,11323503638447994844,1,69307320535a0a79b2cfe55c2a084a560e98f7644ec245651587eb2ca05caeae,True
2,906,L23,15055873356024481452,1,e7830ebc3b3ce30e7fd2e2dcb76f08085054fae4f46e7be455b1639cf32caa3e,True
2,906,L32,17209913339759698408,1,4052971e75eee87d1ee70603fcb5358b71e253bc3417f938dc71f2d51c2d4578,True
2,907,L12,14260241767206000741,1,041f6a1d728d1d5e5452089b63cdd34a0ba2ac9e5c3f4beb162791459f16ab05,True
2,907,L21,12471263709128390691,1,2f4fd37b423191dcd050aed845213b55ec6dec974b98e2e4e3716dcc2e8f3acb,True
2,907,L13,8153905177581587671,1,7584ca7ccc3d279d353a57ff345819a96c0e432b822bb00c9c5ef90693b43af8,True
2,907,L31,10239824950099224925,1,bab82e397406bf6b1387d4f76eaa614c32aacdcbe09ebb91671a15763b3240b4,True
2,907,L23,8620831576800005618,1,35748f820ef7f02d4e0210cef2d97e2e2cb3b0bbeb9831dbd228dbf3f5b1dfd6,True
2,907,L32,13068014784971614492,1,0002b2e298e8aa4301070866f21b4c13d1471c3dc5a17be0d4172ef07169c6a5,True
2,908,L12,16556743157591719644,1,307209fca99491ed73e6658c8b42bfb4fe902122f751c74b586bed7d1b8bc4d6,True
2,908,L21,290085257607640369,1,dc75401c2a5e116f9c3fdbe817a42e251cf75d864d6a56cf503b6a111bdee9bb,True
2,908,L13,1860617582154073159,1,762c21513830492c969c1e7de9fa00c9348b765e432f964d13357efdf3366ca0,True
2,908,L31,12731957794531270917,1,6e485c3c2923548686627444a32dd3688ea529b3f07699dbb5b1c8eb8f0a913f,True
2,908,L23,12790615955073978679,1,c9b0923be357a216e204f2d3cd86a3a70a23ab2e90b5fe70d03f5cf5a16631de,True
2,908,L32,7126620725307319174,1,7273823cb01f81389f3e1e97a32fc544e3c16684f0b1725ee75cbeaa8064fe3f,True
2,909,L12,18036389079451606000,1,e4ee8ba7f534c583926acee894b2972c1d6b1f1f16db199029840c7b4b451cf4,True
2,909,L21,8787061667329369838,1,176251f721b0d3cdd55fc42f8e107e2080969a3c66dbdfdadef6ac3a113231ef,True
2,909,L13,8361710034558088418,1,76f132459623356fc91a95df8871d8b7b8d622b61afc724995e3c0c7cdff87f6,True
2,909,L31,18348268702888075017,1,c13643f77051e94102face81584140180f338a1c04814a95ed040f73cd7f1518,True
2,909,L23,14798399769451788911,1,41ead0870a30d39109aa625c6897ab3896ee3f3ee1a65c7fd5cc97b4eb77c8b3,True
2,909,L32,15524987841323295054,1,9c49bf526155ac017752cd10380af67835083446b0a8e041a15e7f158c44781b,True
2,910,L12,13349112373859220373,1,8f71a9c8badb4481c5fc2ec399403e3d26abf370e1ad8cc474f4cf9578aaecd2,True
2,910,L21,15415466185888080399,1,547b1a1d3764a12c02e1e5025e5a6d3bb83823037312aef98a7db1cdadaa32cb,True
2,910,L13,423229410574726481,1,803e9fd999370960a0f2c2c66a884cd9c6438ebb705a3c91dfffdbac559481c7,True
2,910,L31,6437515159663502169,1,9da732a3c4c4772d35166d1d30d079e90172d9c4f94a9b3ac9f31ccee14208c1,True
2,910,L23,4089835769817237367,1,517147e6e12e696130533408dd6f7a0b14b17f649625e1583ad669097fefc8d1,True
2,910,L32,9744792649407673961,1,807d886037115c8f6cbbfa6f7e6e2d3516c77fb98c8782ac1aeec1ef88f9ba61,True
2,911,L12,9736048965390695825,1,b65d2850082cf251a05e331b86bb7aa4c62634bd27a3411e645bb59ec66bdaf4,True
2,911,L21,2888577263965983573,1,4d3061983080e75dd2f423f8cc6ebfc3b26480cffca1260c1f1993f6fa3d0cac,True
2,911,L13,7526925145001682874,1,161bf1565dd81feda71a7aa199a01545459f5f3852ad7888e8573dedb3bb3b6a,True
2,911,L31,12884000507274936852,1,ae0a30b16163e6f4e4426c31c01364c3bb963d28697ef97c76990b009c3c1878,True
2,911,L23,3906576966165205852,1,9e239fa38ea5f37b9b72069ca2203a61e8eca7c289de57772e23f9cc73c7cc55,True
2,911,L32,13186119483997026427,1,69fb8bdb6fcd3844a6ebcb85ae3f889c4f69ad2c5bf87187d6681b0e48872a5f,True
2,912,L12,2528805147235309686,1,b882993e21e04689a02963819f92fc9fc361d2ef68e4030faf7390e8ca5e2b2f,True
2,912,L21,1659357420485052289,1,86f6da1ff50ceec918966aaba541084bf0979b8d42cdf6f1f76a129dadd6a8ba,True
2,912,L13,11794002724853566665,1,6e3848c02105cde78f983dd8f76559efe2cf3b065cfeb851b976ef2bcd105123,True
2,912,L31,1939853003659578236,1,1e75b033132bfe49f3ce0447c186fce2d7a064224db5a5f6f6508a61bc043904,True
2,912,L23,4306257290966217216,1,0f5f1ebdab4d94fc5f73161cb31b11961848e46027b97b5b1210d3fba79d6398,True
2,912,L32,1955759700474196044,1,c568f664d78149895e45c496f8e039f7a3352424546d259c8ae16e7ce711081e,True
2,913,L12,7132679091376851754,1,91f46bc0c77bfd6b31d4430e4f92635168967e63d628fe190ca31864cdd9350c,True
2,913,L21,6864172186331576274,1,3f5a506686aa15273a4fb87cf13d34c152ebf7c9c4fa71d4673c08b50a61e8e7,True
2,913,L13,7165764570548705851,1,340ebc13fc7b21cb4520b01db5012a2572ea102f0c06c431cb1277caf3fe4372,True
2,913,L31,13044410876475658551,1,cb35f1f4121b79004acdd1aac9cdeb173c0b10c5470be68c94f60afcddba9ce0,True
2,913,L23,9928208494383044391,1,ec6f7d6cb1b84d79583fda7b5148d055e02f7a0a5a8f257e1af97ae58ee604c7,True
2,913,L32,18106738140152873701,1,6f1009f8ba40bfbedb2c78e32ec4cdabf93e57a6a1e8807a180fc5babfa5e046,True
2,914,L12,8475442431048421424,1,06c71e849848bcb27dd29bed3091405cff9610a56a29266206637251bf054039,True
2,914,L21,12988054273252741762,1,a8f3557b07323eacef99312f216fcacd107db59a5079d05afb73068bfe95d68a,True
2,914,L13,5075130157051355669,1,c9c358502099f33720cd14f406982c2bd19a5bbb70efc9df5cac133b65ac3e9e,True
2,914,L31,2420637472470150153,1,36725601684a7577c00727f2e02cbf7f5be4b077bc8f15300ee4dbba79c02188,True
2,914,L23,7408222942219907809,1,94d3319a598417507bf7c4a94bd9bec9e25594f381a03a95d4db442a2b348f9f,True
2,914,L32,8806669718089179360,1,da0e0d485b6517defe2b8fb83e95813ca9150948f73cb3c418f0024968d18ae0,True
2,915,L12,2048207391334858987,1,b92f62edde4d3e7be879ab098362d321e14ce1c094659bb4ab03f2c78c35b68e,True
2,915,L21,9722211357078153975,1,76217b74c4ee2a0591db8fd06584545d4a168a065ccf101a4c8af01ffc380a3b,True
2,915,L13,11774768583059678374,1,b9ec931d2572432325352d858dd7411571d0784f547b9048c8823d98fd4ecf89,True
2,915,L31,17336764203778768505,1,8e343b5ee9c4566eb164e9563604f97f1ad6e43be59c6b9936ca6bb88dd5698d,True
2,915,L23,14466659524948194855,1,0e6e817aaacb0ad575f77f64a70e1a16a4bf759e323923682d35d92ff4504c3d,True
2,915,L32,16808598435548377121,1,3d04b892913d493479a9039aeb4316d5284de40b382cee5b776eeed2a4f39bda,True
2,916,L12,1589307770388129350,1,b368e945294707ed5186ed9e7065dd9b0e3a665e5922db36c50ba4b62871b9cd,True
2,916,L21,16090087092163335650,1,5e1f4fde1b6648ab5258a42bbc2efeb21475f8808fa99116dfdb3691362ba29b,True
2,916,L13,7042497930188971181,1,8840e46050b47d17c0dc4f0744ea39c5946074d6b3e750aa4bcaa3ad5ee36b05,True
2,916,L31,14826090325917536323,1,5228749f139f57bd8f023cb07d623ed9991045faa1030b7e71d012ccba8fb019,True
2,916,L23,8761389034660268143,1,523d3762f1ff5ce9fc199c186cbc29a3ace62e313eb28dfcc9889e254e0e27ef,True
2,916,L32,7807063911948999007,1,d6d1959f8a915a39c7e1b21343e040658394016d845997dba9e4158900ff0bc6,True
2,917,L12,13520223521136075639,1,469b3a616bd04c1fb493ed80a9ce3e8ffef645e83cd327b99147f2f3f0938f99,True
2,917,L21,15696972202400294982,1,c185c2da26ae79630892d0fbdd6a5da317e98833f1506eb8b2f1b211f0a72a98,True
2,917,L13,14493096327716253175,1,aa8be58c131891bffaca3e735384dd68da67f0b7324df4aaca04f4a30d8fbf48,True
2,917,L31,6657509333606940895,1,5b6552731f178c275192f6b6a2d8f10a2e7d306a009138b0375c7cb6985766da,True
2,917,L23,17576328963723992255,1,143e69702361ad017fefef59b60e6e44e436ae6d9062a0038a4e2136521ca85a,True
2,917,L32,5672887715403874846,1,acad375d1ce5493a4431b63b949260a2514ae36698fae11f40c975a6a7e05a44,True
2,918,L12,8284776829422154961,1,c3fde7e8df8931e95b69056fb5a0d3a4fc513f5850087322283e2980492229c3,True
2,918,L21,3546676266646517140,1,b4680ab6beb55ab985ac0d45bc1e8caa3d3390a049b007f6cd08fe258e59ced1,True
2,918,L13,7983239059286111692,1,df9fcd1d5230d1a2ba872ed493c2e229cc8d6c81b1ce702ea9d304183d24741c,True
2,918,L31,8798685896524554134,1,f941cde74aefc20d692178eddf2aca167920348e5f5e0d75c27f619145fb7f79,True
2,918,L23,54648991535164073,1,2a7caaccd7223f081c8d57857b1b2d1434ea0682f18d8b9700cdefecee67b6aa,True
2,918,L32,4505505038819849129,1,579f4b209e3f26c407328144aab681509136b886533995f5eba711e21b19bab8,True
2,919,L12,16318700364481613394,1,a1363c4cad1dc0b1001003a6230313a3587e477762c4ab51bb273b9bf9d362b9,True
2,919,L21,3399485102516017675,1,8731de739ffdc1d9f5ce85f991e3407878a05f9c61ab4c312a1481f000866d30,True
2,919,L13,8500849025565675127,1,83ae18e397db45a7a7e360155e7190e20657c497bc0b7d41dfa9006f44281f34,True
2,919,L31,15715764622257909469,1,1b8c8412fc063dbdf0b2267f1ba3d30397738980c2fc871f2c1fcc3b80c0fdac,True
2,919,L23,13746935589294388472,1,9e99ec0f027d69322a311aef16fab14a915630ddda357e00e9c318fee5b78294,True
2,919,L32,912127786087971134,1,cf15176d5d56d4a12e58aa55f6ff65d332a5d12befb744b928da7cfc21d98813,True
2,920,L12,1554717718898038801,1,7fd1b5e992b3d72eafefcafa51bf6ca982aa14c5e61aa7a0c99a7fb73672807d,True
2,920,L21,10656936257322407324,1,920990d7f44353efcae4350dc981f47465906ee0a45deec516bbb9c973ba7a8a,True
2,920,L13,12566388364731224385,1,2e046ae5e9f1b6a40505b24801b16e4fc2bdd3842547334fcc510610333a5656,True
2,920,L31,17580645698788154743,1,d23f9a7e2d0b44e59ae6a1e60ca3e8d536fd1296239be1a0c50dedd146fd1542,True
2,920,L23,15175399373254778670,1,743fdf96cd65a2b370873f1cc141f4d2d6fc706c7f53d4b2e5d0dbded59ddc55,True
2,920,L32,11041149103434738145,1,e7e7794640c51116cc4de98c5a2155af1f4db63747151bc77d7df1609fbfd964,True
2,921,L12,15258532422165361309,1,75e45edaf33b6582da02cf17660c564db7a931a2d23b810299fc90233be854df,True
2,921,L21,13906418956659019383,1,fc3df7f9e3a6870e4a191b4be9e6a7e8b87270d877b1ba0446d09668be7f25ce,True
2,921,L13,6239293336484656913,1,31066dc1fdcce178ab3f42d0f50253089d70a2fc6f7533fc71a5445949b8c667,True
2,921,L31,8960093671023651702,1,12ef506055968e09282bb774cf5ea3c10c4e08bf19103539ac5997cfe0e563bd,True
2,921,L23,9654781574678913599,1,ae203cc52b185ecc121187b53bef84ac15f750b31428eb1235b531a54571c83a,True
2,921,L32,11552701819760749882,1,77f9749f4eb71fa7534d4408b8700ab64bb98fe181e0435afc7b1bd874350fa1,True
2,922,L12,11875064904654744514,1,c20e800072927815e0daa3d9094a3f3701e9ba3749ee4649d7bd4302457656fb,True
2,922,L21,6765400754126747880,1,cfff0ae090b6f7b7604a68626ea800ccbabe9fff667791d56ee41cecc19aa9c9,True
2,922,L13,18220268334039378657,1,3165c6c8bdacd7da90b992d4c527cba560bb3842830614192263f3e4772f926c,True
2,922,L31,7092607734993426435,1,06e8c5ab59ee7dcb61806012dc758ffcad05611e2b0ecba3db531b65905f9406,True
2,922,L23,1477425610089942645,1,ef97e5a41892397da224ea89b66262a8c7bcca920c81fad7b8b5d187937ec35a,True
2,922,L32,8360682773099156168,1,2c045e7acde000c7815205a127f1d3ef787e91d0d9aa33b1441c260e8c463abd,True
2,923,L12,1009460670996144702,1,d86939db17a0a7cd956dab746edd672d0eb3071c45f9cee391584818f284fb62,True
2,923,L21,9070575977513529349,1,21b8cf5f5938e4dae90fa1b5f59f594d6134bb66d32d1927c04aa53764cd086d,True
2,923,L13,6434874056444787033,1,3fd3ea410dfd1f52875b89b7a21e0fcb5989b9855ec236daaed12b9ad609f84d,True
2,923,L31,14942194325528653798,1,91a9df101f7519da320a61a534868abf838b0b057b1b307f50daa8c202cf76a2,True
2,923,L23,2204810477864508667,1,33a8c6deeb1b984aaf569f0eaaea798965acf0c547cd367627a2a40632e3c15c,True
2,923,L32,11977416209868379657,1,f0e472791dd73c5ee093345da739295c565291f5cac11c609bb2f79f94aed24b,True
2,924,L12,13721163945936146684,1,6dc04b75e2a79b7b490fd9f146aa549a4d34856a62270d7529710381c5103002,True
2,924,L21,16699832430057952352,1,e49a1dd5902c9bd185b3e6a3f4f5b15b8f78bf99448cb758d036c0224088ae24,True
2,924,L13,8403401197376695831,1,50ca952c65a0ed28c12c099d1c86d475a27d9f8e6e8fba0b1aae9e5e6048a644,True
2,924,L31,8436901068314232540,1,6714cf766efb7ff5cc07f1e2a3fc17aa242456121ec0fd66c9d87786a39e2a85,True
2,924,L23,17846748528510080997,1,4fd11c55cc8efcd59b7f59569f56035382f73cc1e906998ca0912bfcea06ee22,True
2,924,L32,16873196613257707287,1,c279e70d573d081374e728ec385dda65a804fec7285dd80739bc9a795271b91e,True
2,925,L12,12738394856170788931,1,22efb779e59a8ce7d78a2e62b26b0e51d36827cbd3e0e2b78d74f3b80083e6c8,True
2,925,L21,11509759647330039330,1,46f694ed4246afda9368c434fe610964ce5a9350a94539fd155fb7607a4533ea,True
2,925,L13,262587275897269340,1,6b7577502b79fc7f0dd4091ed14b37dc29203536fc87509821493512f82401db,True
2,925,L31,11677433934606709511,1,2579e7f9dec6c2acf17cb99a03fd676f95ecb5785a82cc2666e4c2be5662be1d,True
2,925,L23,4917457509101360178,1,12c9972994b75b4af8682fad74aeb39248a0efacdf715f18154f099eed72a114,True
2,925,L32,13915474927211878479,1,a37c42c077baa876bccfdd57f0be4f856da65faaac1b31d98c447c48bdfe44af,True
2,926,L12,1490432159046739756,1,e7b83b5d01066d7483e41630625cf31f31bd282e574111d2febc3e24bfa176a7,True
2,926,L21,16417578128335274153,1,ac878fab268d96ed355c192f4e05e8e50e0d68a6d9d03bb865d9e00cccd0b936,True
2,926,L13,11025843639915215074,1,2767bfdba10bb9eeebd19db384ab469cd8aed0b0830d8c2e02c8c61d69ad4cee,True
2,926,L31,4106376222720241805,1,dee200166c804af47417846acd750a69ae85fd293c746184a84c5db0108b0c7d,True
2,926,L23,14477178744311061414,1,bc539a43729230611a5e816a415ef89b108b6a8a8c648d9912e12d73736d5718,True
2,926,L32,8721753173955738570,1,0d9bfb43bb918a94a2c4ff42c2f51cdc8de062da9a46c0ee16687b7fe11159a9,True
2,927,L12,6961068410469847443,1,fdec2bf37cb626e60dadd9103c7084e72b8f1210c1744e45118b7a4e5775f9b4,True
2,927,L21,1212532703637057648,1,62c3d8252dcebd3d2c6bdc97de09319e0787abd4c9aed471d1b9cfac2bc77dbd,True
2,927,L13,7975624836041514215,1,f649781fff38ce40a01673799da69893e83f1de9db1db068573467a5e33d83a5,True
2,927,L31,9565737113365112803,1,b1c119258d0ea08a3cdf928593f4708244fef9fbd698cb6942e0d1a9db6f3a70,True
2,927,L23,13208944264475508597,1,3d025d7ddc2612802de91daf1b294ca8d0c911bbfaacd06e940fe96ceccd5b7e,True
2,927,L32,6666456617594150667,1,58974cdf5692cbf60f8ff788e0bf53c79ac57478a5819bbbe3403826b26b727d,True
2,928,L12,133360113893083667,1,3257039838701c6251e21f156a679d95ee6bc32aecc5e11dde5e76823acc71ea,True
2,928,L21,15638608096391289531,1,1918c89ae5a00cd0921bbd7c8cb12977a76c6390b5a28e32116ca9bd6562243b,True
2,928,L13,11275782426893561967,1,ede8ff897055e4cf7c5f290f24fc5c4a41dab2fe7461ea10da92a52c8e24c200,True
2,928,L31,5825716272377123717,1,485b0748e71df40c81992f1559f27ee8717bcb1fc90ea8eebb6667db21bacf81,True
2,928,L23,13577583233508692807,1,4640d199a02fdcd1ebd27c40871cd1a4d60aa77bf8cd3afe851c6315bd41f7f1,True
2,928,L32,13512762325087309133,1,09e16113ce50e61f72cc6156d74469e9ece244ee236873faa3a1c9134cedf9ec,True
2,929,L12,13610188030926083471,1,94fe811e2871fb203cf043da565f09374bdffee20e8eb6ed5ffca22e1b02e893,True
2,929,L21,8620934937738341861,1,0f2db3c0020ae9c2e6260c3efe62f02fe64b55480745f968b5f8aaf786f7c5d1,True
2,929,L13,7166229955495291663,1,36c68c52d6982ae9e4362768b2e127fc973bdb5c5ec2f9a87d20145c01d2c8e4,True
2,929,L31,3439833224152166386,1,0db9504328fc9339d81907c6f95daf11a4b67193e509d55655e637a3fa997815,True
2,929,L23,11459226559271227555,1,06007adf813456f6eda25929c41e624b413a3dfac5fcac2ec02a5bf0bee8a662,True
2,929,L32,91033582544292024,1,3982c071ae2876668eb5f55686750bb43b8040b495d3e8bc744cccfc2ca080d6,True
2,930,L12,8615300265251326529,1,b5d353908ac22dab8e07660714c0c1f37ae3f4eea0c744a2988479170723d6d5,True
2,930,L21,8507775080791146236,1,5e0211f32a93d8c08cff0d9c632ded0f351eeb2eb8cae9293b34bf4e48ff0f83,True
2,930,L13,3013577344544393290,1,875db0bd36a760465ea81b5271441024941935bf9cf53d3a4cb353a84f4d99f5,True
2,930,L31,6938755275578798104,1,f13f9f802c205c75bf8819cbf276978ccd3f2454abc05241e99270f6a69c1cb9,True
2,930,L23,13271405497797622124,1,0636d5be50a907ae65f62f3dd702457baa3271ac923310c104caf8c9a6c8d0a4,True
2,930,L32,3212631900204925204,1,cb4226ee5b081635a8981975bec974da17c6bfcf0a5e216b56e68d6e56b8b157,True
2,931,L12,8410516653441546343,1,b5db8976fd986b7516c71c2b5cd3e66113780473eeceafd8d14a9fd2390ee1f8,True
2,931,L21,2528327165081598220,1,dc93537a55d934acaf601e27200cc4183e4a58f745f3ef03fe460c26102f7fe9,True
2,931,L13,17843413856951847329,1,af5212a9e519b5eecb5e9aa0055e70d4b1432340a475e0cd4b74c888c36f3ca1,True
2,931,L31,9769060407472104946,1,02c9261370b4711350418747fce831fc30302d5de74a16911e74ae9febeae7c3,True
2,931,L23,13388185859130534998,1,55d89aa0e48a8c97663bf361821a7232768867441e894e8e0455a2651655847e,True
2,931,L32,5355118537678679185,1,9e24d4624df5852f2d35efb9587a34112d5545ad81b134934eef4f33d93ea536,True
2,932,L12,9210326300397760810,1,a97aeb881f9a30f4cee670d7030cb6673c79fac4b99d8bdbc2e379546bfda95d,True
2,932,L21,17556054391416669017,1,13d0812be8337e5db6d5d710b4db72f6c94f0fc474c310bf0b57986b29af3307,True
2,932,L13,12651071034227613297,1,77861595dcaf508037d72dfdbea44fcc08a900fbe959c003e56a8b2a4f7f77cc,True
2,932,L31,7858992866506196315,1,c0c021536b77f71c83b95cb40f8ae8957ea8b7710cbc9ec089ebad4c860f6629,True
2,932,L23,2066195937505544765,1,7f138fabcdd87b3e38764e728570620eebe7ba0fd094579d12158723aeae7f5a,True
2,932,L32,17797153854031836867,1,ee44a4e3b0116e86776f9b2cd90cbf23a8229266e4ea280a95f45ad6eb6a4608,True
2,933,L12,12495478354128604035,1,fe13b103f3b356fc87dd09e6465107c00e58836553e15ea7346cd3ddf47b1775,True
2,933,L21,5511255708937788886,1,546e069971e6b5ab5c001c186922272b0a7b9603dbbb1317b78cdf291efa3795,True
2,933,L13,18241928571521794145,1,8091730dc768e5cac50e201e4e932c401a955964377614ccc0ecf3bc35772ff1,True
2,933,L31,12180581571677346040,1,8f48ea380c23c0d59ac9f6844ecfc85204b457d1990a4fddb0057c2567cf753f,True
2,933,L23,16386875771736598767,1,5df66dbf2253f7b72e7230f41071290e0cb5ced37e92c7a2196b6974be5c69e2,True
2,933,L32,13339852699246753363,1,ba7c20eb80e4b4363b71742769ebc74bd50b7d2d0242a3380b6116573cee9378,True
2,934,L12,4097482799836041699,1,b339ce092b724c333d4a9b0d5290b720326d5b17143363662d381c85597b1004,True
2,934,L21,5647758396298631338,1,1b6d0bfa2ce5792f6c733c12c388b8d41e47e73c9892f4ae994cc890be6b84ae,True
2,934,L13,8545957661809399993,1,59a219f403aacab940830a272d53357b1b983862380a93bb5e16c40ca9ab1482,True
2,934,L31,7078230919043487688,1,c38213b3d15414f8e0968d1eb62e3e4939f5f564ff0efa6a0253e20a6ef77f96,True
2,934,L23,17569827920601232536,1,76b6161186d69668f666667dee5b5026ca8a766aae48350cb9ef18a4e9e104c3,True
2,934,L32,10817451075909393311,1,16c989f88b241c80c25e0a28ffcc801e6ec6d4f8d771a33a37eb265bd2ded5f4,True
2,935,L12,1471425099517987991,1,08c1f1ff074298da8141761cd28791a7b522fc8eab8fe8e763726befbc850c63,True
2,935,L21,17373356934023070265,1,5dfb4979e5344f38979ee7a4f5c4a2f2ae15cc5802e3f9105758d860cfbacc96,True
2,935,L13,4259253812783181451,1,623b4ade142a8354bbd7aad070da9bfbc9fb32650ebe00e97cc90c0b5b7eafc1,True
2,935,L31,15181133162653915844,1,489dc5006f7fd97ef5307ed00bfce25d8cc68ab4d07bbe40100952d6417740aa,True
2,935,L23,8468663325366302098,1,05ed85e54be5c836c1107e416b57f97dcceafa45de064d3e2e79a9fd9810b9c8,True
2,935,L32,9018394234569902435,1,6f76e20ed9806ec3070c3eb03cea22d9648380c1d0b92e5c2c22da3aa50ae040,True
2,936,L12,15428422743521053261,1,cfd6be9f4d57cce294a61e630657984387232f5f7738820359ee97ceb72ac6b0,True
2,936,L21,8920457001613202914,1,4e04a7e6bc9ead57342cbc55fe47ea078b2a96f29dffdc65b0fcbcda0a5bf9b5,True
2,936,L13,5308342958242967274,1,150d52f62707bbb07932bbc42e6752bca2383b25b7bb4c53eaf6f0cc514fad72,True
2,936,L31,12074678579785072841,1,2a3c34d07d739a18c2c0bcc66edd40ea200814e3095725a8289117eab5ba5570,True
2,936,L23,2580417527468724778,1,bea2da782595c5f436a6df466e86b537020cc13948d07e00026b261d1d43f894,True
2,936,L32,15172751564920496581,1,f7b2759db47cfe05484f68a628f111a88a6434794cd4cdb28ef55fb992c80a2b,True
2,937,L12,10610300973373077002,1,35a7e68caaaf222d6a51ecc4314dc7f391f5ea78d8082e7c95a902efa8c0d832,True
2,937,L21,6862156594850610442,1,e3739415342bf605f8b0008db9f1b98af196b28cf57ff911f4fad48a35cd4c2f,True
2,937,L13,11104019829417502123,1,d9740d0232e439fb80bdafbc07bee2a0239e29b79dda62118a71e6f725e08e98,True
2,937,L31,7060544157059626917,1,7cb8ed0c097e16b324da4364f5ca19a4e921707986f62884a7388888f695fef5,True
2,937,L23,14297079280101247244,1,97520ae4460a25f28c17b94c3411b640c0b6d847ca2dbfabdcd5d449f18658db,True
2,937,L32,17860140165218809623,1,6dfca5a1c79d47c7e6f0a8dd4999e6af7e7006e052b9f3506ae220556d524efd,True
2,938,L12,13690779229087914328,1,0df089dd370d9b15c530a1dd0af61f49d3bbf9c147891d9c08f7c76dacd95d86,True
2,938,L21,3890391535958785247,1,70f02688656c40d705a637a6f46dd354aff7ddee127b38b1e69a9166a91a3a52,True
2,938,L13,16032977017469047079,1,d6c49f9b491b7dc4419dc5247bf9cca91d1a75458be6993dab88d505c136714f,True
2,938,L31,14233349311226820495,1,b586242b9f3faa2fb8b9b0760919eab70a1a41a3bdf81c4b403ccdd91f8fd824,True
2,938,L23,1846392603586175189,1,0a1a665cb54d3beb87af0f3c76a0b1d7b0cdbe2cca69b9e2212027d4fbf1ef7f,True
2,938,L32,4787835290065577872,1,98c7ae79394817592a4b30b7c0d91c86264283d8dbd6d6d36aeb7e41560126a5,True
2,939,L12,13357173497692578506,1,725a1b4c6869d7033130d59d5b58595ff1352a3a9b958f408465d4465fd271bc,True
2,939,L21,1646134325971232337,1,9e2a16b5d6f5777ce5efaef365054772b4b7958de17fcf1a4ac2ba3c3ba69acd,True
2,939,L13,8294974284397978903,1,15eee5813cecc76fa5ac96bf3f3e5fd1a26596d7f893fc90430ab395a70b52aa,True
2,939,L31,11977648288161230519,1,9758b6eb453965b6349e2855ccb1f9f861810a2a83d143f49d74fe89ac346bf4,True
2,939,L23,6755163790728679010,1,29f7897506323476a82bc86c1f074b3ac932f3185de7a6b19700641dbd389220,True
2,939,L32,2062818757241474613,1,543da66249cbf282b13b8120f234e2bf18a009af8cbc660bd4d85095ee20ad15,True
2,940,L12,13733672006180771366,1,f733e945bb6f15c9f613068b93474deccccf1dd2a69e85d6d3640a9b69c91b4e,True
2,940,L21,14712627707775072113,1,bdbfcb1a0fef6aaffaa6c467ffdc2ce40f3806cffa7752b824641b089db7a600,True
2,940,L13,9162859446019596662,1,1ed7e18f7ac791602c776fc1b40c380ab207fbe509ab2d0dddc53175587174dc,True
2,940,L31,201027832729298201,1,83cc0f1dfa64faecc27a2b88cef1318e858b2e8eab42caa019aae3643f34a690,True
2,940,L23,10036599593135594713,1,9face34f32bc9de233492c2f5a5c6ab4ac3195de9b22f83070901a6193b13db9,True
2,940,L32,1211979422807561384,1,d1b6b155c4bb2bc3fef2b92bc268933f3e9a9257df3b83eeb645444e9a628ad1,True
2,941,L12,17575158201032334551,1,6ff4d743a4292bbd1d448fe875498439dab77a4b377491ea7dfcf31d418e662a,True
2,941,L21,15613516823320405744,1,f20f8998d2f0bf0ca8e306a49b2974a4888bc3bd40c39df153b83c7daf08dad9,True
2,941,L13,9772504162596806131,1,68ffa595625a429f73796f403236e769363778ec94f1ad68a158666d37329931,True
2,941,L31,17449937209532213619,1,9ef1705c61e0ee0ee56b2bff5d1e9911619260cf4efb834ba1536e1dc81f575b,True
2,941,L23,11235124303763838616,1,d10c1bd812c2e210058eed55d32314dd9863eed7269f4cec00dc2961846e9e9e,True
2,941,L32,10214683165099210403,1,68233c0587a85e2fe34d8207beff6530b7d725992e6a34729ce957069effd508,True
2,942,L12,13823285824484711008,1,055fc10a73583e4168d7e3b8117bee4fa7a0e4994322997d210070374ce8e119,True
2,942,L21,5840663482737847754,1,4660068b71c39a35c49d171f6dbfa79fd3044fd26dc01626b077fa6f168a2eb8,True
2,942,L13,12221627699348383587,1,312b7d9d7da70c5223be89e914349f5410c3d67784062e4b35d4ad7a89781c6a,True
2,942,L31,2570610395554212238,1,1c8c41e3ae736002dc842d0c16c36f6055513f0ff908b77f6cbfc5f37c5e330a,True
2,942,L23,1707692136090267096,1,9b28304b4523d52642e18c627e52d908618078f636259d18df9d40048a3fddf8,True
2,942,L32,6070523738329780643,1,52d1d7e7151807e84483dd68807f6fdcc49bab5838e0d1936d9a255c7c5428a5,True
2,943,L12,15149967145052967195,1,b599162939c240d1da0faf628120baff44eb346d6929d5e6ab8188cf81bd8263,True
2,943,L21,5100934195076232891,1,2f543e60b54d0f38d06cce9ab9f6b2a14959b62a59a96857602e0a603d88985f,True
2,943,L13,11115202067718290525,1,be5348ee691d3f80ee64eb60e96554623d9454d2a4492c2ac109ab854ae738ef,True
2,943,L31,1055569364573777510,1,5ede43e0f2d3adec72ea49bc0dd4fe502e7425b7cb6ed214a2c4aefff48a7e4b,True
2,943,L23,15657693871359100225,1,3ab38718dd2e8673b2b211c5946595103a2b08421dd1f390699751f6049754ec,True
2,943,L32,8784213832736143101,1,4ad04e7826061605f8a8660ee10eaa26f91891c78fd7fa7af0f8aa23e917a8c8,True
2,944,L12,4798540015052396890,1,a8c5fe256ba5efa7a15aa460e16d993bbbc33bfb8fa0849703137f94cd27824c,True
2,944,L21,2359417062542146957,1,c3691ee83a1e20c08a68af9874c05ef2962ac3b8f3c5938b0d2cebdc20599abe,True
2,944,L13,6705089700400192520,1,1ee2ae2695a97df357a85f0344727b9cd0c134ffcb78bcb179176660b246c881,True
2,944,L31,16852119395692111397,1,7c55286a38a6c633a678d58b14c4262a1ffdadf5cd3a9a4bad877f06263ad499,True
2,944,L23,12370773583505246360,1,c532a609ddf6ce28e97417d7518b1ad838f1425d77a85db062da8cc6bf0988b1,True
2,944,L32,148385578158407930,1,ae9b7af8793ae78e93fbf90d1d880a8e0d79005ae0e911cbe9e3d3cde6d80b99,True
2,945,L12,17075268599048798149,1,8a9d2f7d5163bd130d8bbb88a466750ae650d5295981a2cffb45bac23f0af47c,True
2,945,L21,18424292821222353203,1,7a56979868a70821dc202b6918453ab7e2ac38d619cf4e018077a4ac88b537c7,True
2,945,L13,8354302408818273507,1,25fa167e6036fa7db4df94b3de2782ec929384715b3326e74cda00bd3076ceae,True
2,945,L31,14151243491195219816,1,c6ee44573f167cf9e1399af8b912ce3045a17827a7aa0cb2440b2c45581b2edf,True
2,945,L23,3661522719057688482,1,e7433375e79a184b8fe3f75bdc480bb2bd3032a4b3fffbebf55f557c4ad8f532,True
2,945,L32,14253569675216907912,1,ce7c06fac2f9dd99b571a5c86f1eff38105c8237d499b3db4739409f1b11e805,True
2,946,L12,10769588124865327382,1,b75e0141bd9157c302536ec25bc27d9e7c2136234b6588921a78fa1e42656970,True
2,946,L21,2709258472638650931,1,6fe4849d9df119dad9f752135f946f898346465bf0710e0475e5aae4af0498fa,True
2,946,L13,5776403228866600217,1,c2210565af441f678e2c1e109474e5ce385096c3e24ae574ebe79b2178c39651,True
2,946,L31,13885891175854336136,1,a2a1705e4471576349bc5bb92a8463d1b2dc406caa7a4c8a590ff67d1e234a62,True
2,946,L23,12487677485795235995,1,385a2efa24d802467f29570243e3d5cf73b3ab102e56a00717f26a45dee1e203,True
2,946,L32,14556180387576715888,1,0bf90a03c51ad5eb142f05e787a057faab21f4bb4e79996053d8fa7ea503f397,True
2,947,L12,989345091125202036,1,2c1f1464b62757b397b50053bfb046b8ba8fe1fec2aefae2d3ba6009625dcce8,True
2,947,L21,5159270321304109572,1,0850d00248521d68d5f47d0f0fd1c9692c20d1b9cfaeb8e3ea6a530ab722b629,True
2,947,L13,1974147267349578924,1,07d38083dc1b878067d376e223f8dbb365dcf50c03ae70012103e8e5dfa6fc8d,True
2,947,L31,235563412284460928,1,f316ecd3b747cb43ac6a1d9b52149a6b33f0fc67fdf1dd203cf9dd6477184881,True
2,947,L23,4520368136825641128,1,cd8ee3d2615b5b9bc7664fa1b71884291fa7bca0046f572ef00fef6338840361,True
2,947,L32,1024521701467753789,1,6b68ae5b6356711936c557b7b1eeec34237cbc8cb0d1dae74746367be761b804,True
2,948,L12,3064141783634647912,1,b3705f7bbd4aefb75003c86b289bb9a9636f11eb7df551401680642e7677564e,True
2,948,L21,7876615493814023428,1,0f6d00bc651ada5ffb2cf802ad1f2d0138d05b3505661c8cb9efda2cfc03f32a,True
2,948,L13,17218263371276767721,1,456764c8d74d567f32d668dd7299e0a64afaf2386f224f2770bc19185c978427,True
2,948,L31,17427856324768727188,1,ca10ca1ac63f7114e04c98262cb17ffe1290a7748c692357ebc34ebe8f715075,True
2,948,L23,1369237676890954657,1,d70766f8aea644f2c2924513ffb2c6b393ea944dd9ba9e9096e1e7dced8b6998,True
2,948,L32,13799403361293298870,1,5b5693392bb2a190b03590488d3c15bf3e7fb6173f2be44c88078fe29bdb31eb,True
2,949,L12,11719936212337671368,1,3369fecd2adc6933ed3390c7473736317d8a21d172d56a49c38f50ba724d477b,True
2,949,L21,13079342648113468784,1,0e3b2f3eb88e2d278135538c29d6869c1b87f205a80e69230c7c2bc6fbcd87a7,True
2,949,L13,13263737796390887366,1,32871ddc173f41f922340e584eba3b43463567724ad759984e53ddfeef00c525,True
2,949,L31,16374047471323124121,1,58f3abfcb51110be0d644efe1e48bca14177691ee685adeb57952ea031367096,True
2,949,L23,4642690159033632854,1,6b6713ac44a94d253db3037bbee039c60b77907964f90a0c72f8a7bffa2dc4e6,True
2,949,L32,14917974095936701453,1,86a3705b4af25740de508f6e00389f4003a264174db961d1b45385593f86927d,True
2,950,L12,16152301318158973189,1,0dead9e48dd73171d02980620bc6f1edefa99166a6e774f9efd33fa14418e72b,True
2,950,L21,6421953806823868779,1,a709d4441aa9e943b64a7a5286f6755e59b425507b81d3d52c7e0708093b8cb2,True
2,950,L13,13740125476906588756,1,2ff62df1e5bd95465823d2df83e0922564d6d92520096078ec3bb4da8e2c4e6b,True
2,950,L31,1426164633814860578,1,54aac6058f45f9679d31ab965a3e130228fe32b065be8360a21e079e63804920,True
2,950,L23,3696066498575540195,1,a4a6fd2ef083bb819e4bcf06c51bf54745e96f65e226f8ed850d1866dd0a8e69,True
2,950,L32,3285380097712570369,1,ad3dcbd25d6c191357a870fb3fb580ed1b775feb7b9b26187cf67e8447c9e4e1,True
2,951,L12,11757675007205679070,1,2fb0c8e0c15e635b0f0230864675fc8c7eade63413db9601d40873a4e8854153,True
2,951,L21,2954972877410340957,1,3dfb62ab86cc78af2706f8ea8bf47360fbd629a96262400c602e6192179b5e2b,True
2,951,L13,7971261077775792505,1,6f8b55ccdb93ab3b83c2230371733206b2abaa2fab1e15d7e9eb18ae2ac0a07f,True
2,951,L31,9351280563357865516,1,5591ced3c2d1e9a97a5d5bf4fdc7d548994791cce5cce9452eaad73639d252f8,True
2,951,L23,16307104946495418648,1,f77fe5eaac5ff960338aaf019447e9f45c8e886283771d77f6e26a3ca93d2887,True
2,951,L32,4073170191780036011,1,ddf1bc4f8ba4724dffd897ec5c3275c3abc4801dc6665a04d5d7d7f20a75e7be,True
2,952,L12,11632893154868476458,1,03a137ad7b10858b2e15e13ad5969b8991cc96565dd87b5a619a01c7fab45444,True
2,952,L21,10487235703147599713,1,28487ec825b5422098dd32cbe34413b1e0e298270b6ba44de4721dfe86ef4dd2,True
2,952,L13,8267954808034683569,1,6240ddeb8f1c8e69f4404ab7047d76423492af6e80218f35ada4749d39a33755,True
2,952,L31,12211567548767186007,1,1cb7fe7c646f4b6fa6c99a49cc816e1490acdcc06a4119c7f687f295d986003c,True
2,952,L23,1003485990790875502,1,036083702b5eb55355c0da574f20a38cbdf3c725f94624c11f359cc8310c8c58,True
2,952,L32,9217439350201321783,1,012c8a4c7fce012e01584133143bdfdd23c581ed8cbf2a64e973c0f86c995e14,True
2,953,L12,14790204431418029300,1,9dcd1a151ac358ae88f506c3c9f8ca0dcb27c0507d7ff933bb79f2560d72cf00,True
2,953,L21,2576655295845835931,1,8ad435869d099e487efa9f42eed989d38ad8d7c44f63207c9880ed7a4a8342c6,True
2,953,L13,3341583925473028294,1,fda06b013513ced63666ebc51d385e01d8d13320ed4cf525685d20f1a058ab38,True
2,953,L31,14715407755207242015,1,ed8917e6e92f23c4ec38fc00006271945976434d7adf023872b7e018c83cc751,True
2,953,L23,210353593256262780,1,8723833bfefd11313fba6db8934ea6a4f5a2d753915c26fcef4a059e4c40957e,True
2,953,L32,16479104906465971255,1,aed50ab1508031d378416bfacd711f7f5b2e42ad4a14533fcd14457b15ed4a6d,True
2,954,L12,5845485743312996549,1,11f2176a84a3d997ee01029f62e4a03269b33fa708772f20441c5af6d97d560b,True
2,954,L21,14627159095373740236,1,04e96e1a71fa29dff758c99878dc5daa603078749d93bd195e8323790860ea65,True
2,954,L13,11523858751604623185,1,e4dc2770dbaf94345a9161fa0d55101dd01bc171e40e5ef11bd65cf4cdf1ff24,True
2,954,L31,9199313144928857158,1,c40214a440c2b72fbc482e6fa328a646a84aca44d156f239b5b05992dada3e20,True
2,954,L23,18325401721966454199,1,d0dddc3c02ff7604e1e7349afbc9eabbcfc02125c5f5fe780d2927a9c74dfb61,True
2,954,L32,6712151143340585491,1,d15b68e77cb241fa447262e5327c1ff38696f457106c20999c17c720f83df866,True
2,955,L12,4090351837583235026,1,e271b8ece0f50b2f0e67f94101fbde8825d61407ca727e4eed6d52859fb1048c,True
2,955,L21,15067825937323837152,1,7c3745bc405bae6b94f9b091b76be1b64126fce1d8b54e0a574488f6f4995f4d,True
2,955,L13,3789080131349574149,1,8e250e1e19099d81f0dc1e5680349190b17a0f19ed548b6e6829ce9e703c960f,True
2,955,L31,11063949837971123624,1,25aa22a2c208b94d49ea4206035c57765461c0b1a54a981e6ba1bdd02cfef396,True
2,955,L23,16843452657494134275,1,0db203d7e305c1c9de74888cda2e71a708f965b3e79e5cf607418b157998cf73,True
2,955,L32,4831571822253236303,1,4c2bd92f3e540c1fca17c59be908e5a4ecccd2e2d7fe445a05f02b8e942e9975,True
2,956,L12,11713958720921730613,1,37ec3a5a790df71633838c189abb91d542ea7a4ec667839ba5749ac3caf39450,True
2,956,L21,11534280645145064214,1,0c9e6a38f4c7e7c5af0bc50131a8098dc135e09b794cad6818d8e0e3e0d2982d,True
2,956,L13,9213028121292257007,1,3932c1f67b9e2d19815262276e8bedd85420763c754ad52365fa9ed60d18926d,True
2,956,L31,9778653423995179048,1,75f12c601268f4125e1e35b51a93d45354084bed31415cad5dd8a9539679a106,True
2,956,L23,14614910424410392751,1,2124be9ccf24b35a97fec00683af286261d3db7d261a028f8e51e23396d80c57,True
2,956,L32,12748863665473401170,1,6c905d182cc7fcb9ae80bf4b7b5abef5a5cda409252283d7c44c38be0299de3e,True
2,957,L12,17403412382907616833,1,c2236fc189256d1294e1643ed659ad3ce242f9536c862dc6171adbd230971cf4,True
2,957,L21,5365397103343453569,1,4c5ebb423703833d4954752ab1dfebcce7157c61c23d592e2fd256f22ca1086e,True
2,957,L13,11575583196184307816,1,948ecedf86cfd8e10b50b578bff7ba5959394716b0da04f76678d4f24bf7b3c5,True
2,957,L31,2472796474774496635,1,18d5425668522dd7ad640482e8d5c5bfb641de030198788ef362d8b7256b826a,True
2,957,L23,13446992056650478113,1,6bb377bc41f31c50e1c519fef01e94f365eeb002fc439de4a1006e6b07200607,True
2,957,L32,10159621733608733886,1,a97dcd0f8553ea01c4e4ef698eaab05e46fa42c436ac7d692dcdcc200919c1f8,True
2,958,L12,14824234812555372654,1,cf71a3b5390ec183d7843f3ee965c382842d650a4e111e49298c17484b4410d3,True
2,958,L21,11696778697959053528,1,5bd6873e385ea78e6e5ab8aaa3bae8ae80eaa68de012c522fa2cca0cbbcadbb8,True
2,958,L13,10174832537214473506,1,8344206630ba5f7ff7bde1eeb2a1a4cddc65bb0224cafe5a4100d17f85cf0076,True
2,958,L31,3787456825373431884,1,6ff6f5bd12d6ca47bb26e37873d1a513b7429fe3b283d4b91d0aa06513a0bc40,True
2,958,L23,7399216272959103329,1,8b56da0200cf2d7d04fc1fe8e0222d550bf43767ef9927242bce3ae3cdcae16f,True
2,958,L32,3396854044534362411,1,7f2d53a29be9f1186307dfdbac2681c595ad18c80dcd5d886313aa9ad7506d72,True
2,959,L12,13423696725959470900,1,550ac59cd4e3764db5824c283139a510be0d85d6d17deb7753067c59e53e7111,True
2,959,L21,3021315143486393019,1,f757bad26b3620a163a26b6d760f5b9b297dac02be610bfbce1ff906871750db,True
2,959,L13,10235651065803451790,1,066c3dca0c97981fb8f9e5cc683ad7d421b7489470956dc3a92918e4b0710cb3,True
2,959,L31,14351764381862936820,1,bbb7436207fbae4fd6cceebedc86ec956a1e5a81de77e3c67a2d4362e2d18a67,True
2,959,L23,16661302451108810935,1,35e416de82f4d49d084f98ab2482671fc9560b55d5df8b4636ee5d0cc300755d,True
2,959,L32,11837706921790311620,1,544b75fb15b57be83ca55b3e6233c9bd0b9450d2d859706bb7bdb93b542b9c0a,True
2,960,L12,6129998828949255397,1,93ca9adfcf2109c0443dc1ba60917ad759e41a7c60952510eae53fb0b0f35524,True
2,960,L21,6249848647455262611,1,c2eb8c447ec16575cb830c35bfa3c01c7df711015529fdded8258f67a1822f5c,True
2,960,L13,11954053985726954855,1,0150cb377feed235463b13a41cddbaf7aa912d8653ee4aff4dfc5643925a9a56,True
2,960,L31,6490340534308482022,1,011a613165d7a3cff8c270a75c03c7ff2fabd2b25833d564cc3800c127698dfd,True
2,960,L23,5499439407620878667,1,2d04685dadddafff00bfef38c228b4fed53d20710f66c52b36599e8c120f6f68,True
2,960,L32,7442791365988318550,1,7c3cf35445cd89bd486aeb5031d2231ca4ade37ab0f15605ddbac0cc2e241367,True
2,961,L12,16461506760000347019,1,248ed44be48be2838262ad6f0359f86a57962f20cffb73eef4f19c9a69c768c3,True
2,961,L21,6680872334598285956,1,473ce69428fddbb1a0dc28ff3f376856c22caa528856ab8fa76e8b69f707985f,True
2,961,L13,14102929998939369891,1,0ef41f0c628ee73d43ea20b8f03b3a00b003ab878cf82c8239274872553c1c0b,True
2,961,L31,8624148613234529958,1,4e9741cc266e0949940bec62d2927ba3c6758abd7ad8c16634e33802e42581d8,True
2,961,L23,1789484890996377760,1,87f5e4175059647b7d23cc4faa1737a194e5dc9159094edc55c2322b6e8988c0,True
2,961,L32,8978397520604290093,1,3dcaff08715e67ee8caafe28d58192d100d2eb4b37edc1b721793f85f81809e8,True
2,962,L12,505543070551573652,1,af7082fb7107ce8dbfc2cda6ac9d546761c618492e078ee6b4401276c3bcd048,True
2,962,L21,893649831231958361,1,4a23593deb5d2afc032e954b4683dbdfa3d6b41d9483e0d3da3dde4543aa0966,True
2,962,L13,15157254339110705213,1,8b3f738929ff42ac82c45e6388e5a95055282c72e82f799204d3e1fbcfb78829,True
2,962,L31,1673380092147416478,1,ca15ae9fbf9c06737e4abca6f29a8c0f6f85aed0d96c66c6264fd6da532c0c40,True
2,962,L23,13821338892337095554,1,266b986e150c0bf6a614b3087b034e311f56820aae4b2b87745b5d7459c820ad,True
2,962,L32,18357397487961201871,1,bee5d7b7bdbe078f3cc5d5cc27539bdb8804b0050e629a4462de93942ed73236,True
2,963,L12,9913067141106596542,1,def0d4c24a5ccb7c5674f560aa3c64d9ba2a171f93819d9cd3fb0292da2ed7b3,True
2,963,L21,16439584826587031458,1,4341abb9b35ad464f46b138d5d4677dd4af502ed9dad8d0061a4e650cb39d541,True
2,963,L13,5840573942252517343,1,e304495837e5f687ac4abaa508c2619673b326bacbec618d1d43fdf2d7b83fc2,True
2,963,L31,15856461067083346819,1,435888e0dbdee93b9ac231100a3756b0a758c1123ab7eb5042d68d294735be63,True
2,963,L23,18407048150726650679,1,c05053f42027a37776d38b334df96279d90ab13bbfde5d99f6e5321400f4b777,True
2,963,L32,13904584621084537108,1,a2150440cca003321d80af5c6e4ce297eac4934a83fb412f23b9c55674e2ca57,True
2,964,L12,4844113012159029464,1,f030e1a637ef0428f28a3479b537b3aa5968aa4ac6ebaaf5e312d2a5473ed887,True
2,964,L21,16044051998071717330,1,525ad4e3c947ba9801a3f11f01b7594c94d9115f140c9e8ec49d6eb68605b743,True
2,964,L13,6534027123504157411,1,4d5644ae3c5a45e1246e07b3276485141815674c26ac4d6a98918c6b9512840c,True
2,964,L31,5468274302439512407,1,797fa968640ce713d14676167582a7eaf6ca95cf7ebd4be29038df75f73580c3,True
2,964,L23,10719450627224368595,1,39c3fddce721480e03929d889c700efbe20bb48e028837d60815f2183d9b7146,True
2,964,L32,17647464017339078382,1,57954a45d563c3d29735f187977d0b5997ed59bee1f76b6d11eafe2c72287343,True
2,965,L12,17598938288116582118,1,deff31f42882b83cb1d0ba66fb9828f808ca749dbfe91d37fc0736b2ac034eef,True
2,965,L21,9502483790366421763,1,339afe66fcb65da9b089b642a15d6e000c45fd61de28fdbb722237d3738464e7,True
2,965,L13,16453674943797110699,1,47bd48faae59f5a30f58413269d8c8556bd583f8a0cd2f49a5a2609e4321ad62,True
2,965,L31,14357863243749104045,1,eb5e414ada7a85dbc8b3edca02e803ba27508b43c982146c60294b39d85dfc11,True
2,965,L23,7110823436947658085,1,ab617eb194b8043ba8d9d621d480dd432277038b64655b4bab96d1a17ce10b0a,True
2,965,L32,11736658019289476808,1,f34f11c7263c34f899501ab01c303e4c0095af68ea8b9d058f921a5326d2e6b2,True
2,966,L12,6084501318064902602,1,6897c31e7f411570b285291e3932b04fb7ae673c7cd7ebdd0918d85f0a3d1a54,True
2,966,L21,1476458464678501138,1,5cdceb5eee9c88df6686906830fc2cc3549696e838ddbec565f0a7db9c7ed521,True
2,966,L13,12062504982015923943,1,a7828823dd54c08dfdb2275d89f0130419f61ea66601e2436217495f9fede3e4,True
2,966,L31,6518666597415002900,1,c1e1372619ce110d704a0fbc6a1e431230683f660a263af26d7ce209792ec6b2,True
2,966,L23,3988634956376835963,1,016475f394f4caebeb529876fc51651fbab846041b7f7aa02d4c656faa2f4201,True
2,966,L32,9010020370458392438,1,bb1a724881618107fdf6ee6c22be161cc186c0576c20b6c60597af8f1171999a,True
2,967,L12,5108790384636313025,1,12cfe3ca6a3ec99bacf713790feeda6dd3306d6d9fb8d1ac15d93da865c1ac7c,True
2,967,L21,17796268086711461848,1,19b026ac0fcdb7baf594bb0289a33e4b64f829ef118eec09ceb9b6c6f88b47ab,True
2,967,L13,6594121422607849633,1,382541ddc5627b00d1a931d2ca66b2e7f6c0d3b93562e1cb0ff1a67c846d78e9,True
2,967,L31,12374078648379197232,1,f04df97a510bbd524f0ae8744cd3968fef9e0bbd68bdbb59a6b8573cb343d213,True
2,967,L23,8548676131847825566,1,a5ee8ba49142a5be60a692c28b00928802616b94bfa411fa44db1f02320820ba,True
2,967,L32,6711565355931871803,1,d173171ad3c88c81b75b9316a0248522ea12a03613a1a7d0c5b60f4c97680c77,True
2,968,L12,8454710576384564492,1,2b1eb148083efc7f562c80a0d450d9f483fd85c910216cce41847e2bef7384c8,True
2,968,L21,18015270024842906630,1,1d1bfc20330157d55f57ba1004c459107aa9327dbdc15ec64e7bc1c08f417181,True
2,968,L13,9204901650366334715,1,6c2f5be560ad0249433f0ccc6b3cfa65b8d45a0e175d3b76a87bc3c859979b05,True
2,968,L31,3360935922411739315,1,f44f29b1ea5334e88cb632bf067dd1122741ba60729bf3b5724186aaf28bb10a,True
2,968,L23,3203927732911141340,1,d04334b7ac12249861646697b9e247c32377455c5568481fd4637300c1d1c716,True
2,968,L32,18237716682928390638,1,7ddff77f822e15ae312eb5d6bcc6b006e9e59f0ba0acc6dcb9d472e4410b6b96,True
2,969,L12,4875956634766497033,1,b846291b835dea6d5efec207faa07074861806977ea746c0abaa0febf619fa84,True
2,969,L21,11278349057250123580,1,360477472c9d9629c9340a6ed23cc64e2aa0dae5b016b9d2dce3119fdfdd67a4,True
2,969,L13,1075161898291207148,1,11c66e6ecd47832ba3dbe195eebc95cff5ef7e7e7be8c8f86c139a73241bffb9,True
2,969,L31,3081503121227927566,1,17172dd16456cbdb516c3eb25762437a7a9e7cce531afe692b0dfd82aac1a4b9,True
2,969,L23,9892425134253331571,1,6ea39b1f42a43d21ca3fe779e96f5014ce6e77a42b9601ce040f6f8a67bbe3e9,True
2,969,L32,5621675373594710675,1,185a4758986916db11705fb966456afe4cfde764b21bd926fc0d379d22fd54cc,True
2,970,L12,7175705687550557138,1,905db5497bee08e7b153293839795aa0af5ffcabd211d32cc7b58c8c1dee4e4b,True
2,970,L21,16849886757694057752,1,afbd3ba3b37e3957f00530cf74ac62a38c785b73fefb35e321e9c47a355c75a9,True
2,970,L13,8538665719927547598,1,b0322274e309112a723c9229e57b3aeebdb05c3f5ada15eb5314e40076249473,True
2,970,L31,1963496759202238093,1,5c6ea8e7ff71575e56291e8fe709bcbfffffb87495c2199095c1177127aa7bce,True
2,970,L23,5986948246987877235,1,4f990b4db7c5a450cb560e03b000f703e2350ec68ee0e8da6e78ef762c1e2220,True
2,970,L32,4979373193650216837,1,ddeb628cded5832e9c766bd8bd75540222806a6581374dee103c97f3e824636b,True
2,971,L12,12723461816386274015,1,7cbf196e4eb0c6e3dbbd7adc6fbab49716890da42a07fc42529a91101dd5c598,True
2,971,L21,16176915718578927937,1,8f3dd9928c264cc1a8e37b5d57cd73ee9c2df058c653cc49e4bf5e5d326844ee,True
2,971,L13,9617502477462682196,1,83b5b47e3c1750d823054addfc2670f7423247b827a33d62a05c21189f5fd8d2,True
2,971,L31,12741241077648999473,1,b33faa971a72a458fd569fc2c6c662d59670211da9de1cd5e93b625700639808,True
2,971,L23,12776271310919697442,1,8ea16df5cb1a06d5d1a33c4d287fde1c228f771f6d8f369c0b49839d9fc7c305,True
2,971,L32,10142388196502694051,1,f3d2e8c3e57441d6671557871760134913afa253ffc2d63793e581a9968a8740,True
2,972,L12,8691598957347635633,1,dcb6c492c47f001c18890f543470c3e0f10c2828551f5b3035442d1d6c8469b4,True
2,972,L21,13320225362894172719,1,3742abea2262336a8d612a8a02ee5b925f21d2997f83842683f7f27a3e5da050,True
2,972,L13,15072364772375494753,1,a3a081e75e0f103f827b5ef7f96ac0c8994bc1955c3f2df4e750c3053a13589d,True
2,972,L31,16134062359545624243,1,831ef2b48096ce5fc8919cb88496ad9a0dafd52172cbfa562144a7d2728d46a3,True
2,972,L23,8059742236018784442,1,9969fa1ec051d62edbb8eaa4de23535c6a3537fcdc46fe1b96f29d8082403bec,True
2,972,L32,11251648710223302687,1,f0a651a2c83dc2f57b867bb54390dcd420516754f6a7225bee5de4eb67ed3b21,True
2,973,L12,6457617276385320726,1,ca9870ce967df43cce8b27563396e6fa2eefeb15767f984e2483f0776294b1da,True
2,973,L21,7558992353489420329,1,759decf90524ba0c3205006f493520b0ca83bfabaa31d12eebe5735ff56bf320,True
2,973,L13,15230383873249999239,1,dee2d89cfe53a6f95218bb669f2f4f97e0490c68b53e8a4cbaa9b9870fd5ac4f,True
2,973,L31,3484051385839965372,1,7419021a759e6ab085d191b5a2c2db1d114ad97451b5ce12bc8aa7d5675fb2ce,True
2,973,L23,14746637372381094464,1,a368499c30c0d1a9934327318726b57163d3ebcb7ece3cb2c0dfe8dd4b9b0a15,True
2,973,L32,14906003184508069484,1,e5434f7ebfefb8978e70dbef21c211fc4696abda26ebd6057918c22fab37ed85,True
2,974,L12,16413366322573896679,1,d1b387643d309c00fa6ec4f8ba51e9414613a8c69f479c75147f667c1a49d0bf,True
2,974,L21,11418270967859947792,1,bf62a23ac16b741e81da53be3489e58fea338ee448ba9cd0961a050da8ead497,True
2,974,L13,11966132034718233680,1,58e2c2f323a4738c7c0b3129b00daa34fdc8f7501f7992e01e41c3e3968c2298,True
2,974,L31,2424522746299730891,1,655e2a242f1de5985865d5fab46b3710c48814f1f0888e6fd76713653d239e38,True
2,974,L23,4598953560159886643,1,33b954f436207b3ec94fa6403f8c8358416d8507e913436945e0efef1d1d3f00,True
2,974,L32,14056086216510635125,1,d8f8efa930f8b0ed0fb3fbbdc2bf83a28be2dfbfa7b372704933b0fb1fd8d260,True
2,975,L12,11815670884569554029,1,0550f74ddcc1e52b3c4f33a74fb7306f8bb2101565473d5d2920a8d97215ed22,True
2,975,L21,11564129485851450335,1,a0a23b0c12f4a51a9add96ec71c73833c4ff9103c16bb446a25ae3f1328d1792,True
2,975,L13,16522986124960347404,1,54969153e9af9ef8051ef687dc8e67d641b26f0ee73a4f572805d261bc3a1daf,True
2,975,L31,18243816530889030186,1,1d3e0f8d7165110d55cd05e01bc0ba96bb28df59bfa9d141a376ad7d5933f460,True
2,975,L23,13722621941996555594,1,08a33291dc19a9148f8767cc221fb41917e55b972d99a84df868c2dc67f83feb,True
2,975,L32,9887494964615314555,1,3191682721d438c58dd0ac4f65414a30314780f40821d17eb26b12315c47d03c,True
2,976,L12,8901653097053619203,1,c2500043c07d78976334579212e65537d5ff80725929204bfad5a04050c4dd4d,True
2,976,L21,9829330741021466522,1,52a51febb273664c183c42c3371b283ee637cc950212b68132864504125ceb1b,True
2,976,L13,8950326470990452189,1,3d924bf4234909ddcaa55f1b0455fb19a1cfee96d9087dda635965fbaba1b7be,True
2,976,L31,11581364454911421745,1,440c63902362a7c3c59cf5d6e97a9d232f46cadea69ca97156d27092be9566e7,True
2,976,L23,14312813898956046671,1,c2528cffe1c9ef2111832017200da095b966b2a5ab18bf532450056a6f4687a5,True
2,976,L32,4374193148008192575,1,c9f4e6e301dbfb3bb1b9c49921513abf7d78a85746a06c1f86629f7a3a55c2cd,True
2,977,L12,3522802104321467734,1,212967aa2b969acd894cf4f69c3d1b2d6f2c475d01b2a3d920ac13c6c867f060,True
2,977,L21,142902914640017140,1,fd6a27d666631421c6fe7b2c51da743c42bd51e71dd807c75a1495bf374b8236,True
2,977,L13,9218864420235393489,1,88c408fd50aa7c3ac050170d8afe62328b50b22367812815d3322bbb044833c5,True
2,977,L31,4229632303300892404,1,f101b8ee547a0747347a95c118b287d003629f116f491f894c4a9dc6ca876472,True
2,977,L23,16396278706860143935,1,02d94ba06a30d6cef823726d2e524d1aa797bba5ee4d837434b7caed649a6efc,True
2,977,L32,15077318567325756553,1,43035c09c45bfd37e1db0d2f26e9073857f5d82354fd17c07d04c2cfa21cdb82,True
2,978,L12,17095668560631394325,1,1d2a9f6394c64608a9e3d8ed444886badd94faa6937ec100895f1db57707cf32,True
2,978,L21,3147775670896381575,1,c61256eaf7e05c4dd18facd3ebf8dc8420415fa708565934a01b8a8e723da04a,True
2,978,L13,6887179084554466882,1,9cafabdd9ae2b2722dab500e1ecc436ad1404f368a08e902c0c2c8e8d3a18439,True
2,978,L31,1821273415495940377,1,ea8e08f248412642dc5706c9cc40ea04ce8c8902a44a0158a6ce75b22b9c905b,True
2,978,L23,9820135215904153369,1,e82a1df0ebb92f5c25dd8d27b5090be72b58730e3a71fc3a95fd598ce3b93e81,True
2,978,L32,9376859637047750463,1,654765c711ca3b48518fd6cfd8ef69ae8107fc6e01f87ee28333f160732f450b,True
2,979,L12,2795485394583768042,1,1273935889aa939b3f741b8a001463a69e59847782aa25084c3e224b1e7f79b8,True
2,979,L21,70091980034740103,1,876db22f889f9f01f0bc41712022dc94fecd3ea3f473cc6ac304b4fa8a04cd39,True
2,979,L13,16049867940928351008,1,411c31d6a241415d5d4e264d1d287ae4ac627d7b1a20297b2d5c5a74e060aef2,True
2,979,L31,11042297916210314569,1,e850b1670389f45bd943a49ce46efe58884f065f6f558bfbd8bce874ce284dad,True
2,979,L23,7245136789812912910,1,c4640a4f8e3042cdb3fa5dc533580880014d80d048f5c0634654b048fb431d12,True
2,979,L32,8632752851922211083,1,4dc79c6964f48149345f1c958256a37b2c9c49450369e0104a1af8251bd55a0b,True
2,980,L12,11050996050398405998,1,9e67cce5e3fe3c8521657809a427b50f14361cede56dd31d1773f933ef8a79c9,True
2,980,L21,17231565759395830964,1,9ba8ec401b99f729360b1a20c95115c796eadefab0bb320b553bef5a69aedd65,True
2,980,L13,14819611207708293088,1,8f8540206f3a0feb21f73edb864108d66e69477930b7f260884913a489afa888,True
2,980,L31,11583876152983733957,1,a9119ac5236f3f01f7567b597563e17c60f980b395a3da760437d6c86e742e95,True
2,980,L23,9041643765197144923,1,03d12857ad8a8673516ddfe8c9bbf9a0dedf46fb8e15f7d24be516f82854f15c,True
2,980,L32,4255195884025302695,1,f70db848b3ba33a9b8853d7c9033a235b7e0c5a7ac220f4960dec642eae5b619,True
2,981,L12,15180248532660520561,1,de3c2c4ac2ee2ccd1f2a6bd4635a7fc552606b98f10a25a6bf98bc35acf2a688,True
2,981,L21,15596788482176999347,1,d6f0c1c8bb887176992641f429070b3e3d2bf2de135ee67a451ff098374a17d8,True
2,981,L13,11003388585078029157,1,f1e2e0e16aa28242f95f1da4c850d2363b888bc04c5c7cb859b1abcd78d2e5f0,True
2,981,L31,11914956075102842501,1,ec5dce8b2e0e99111b0120804860fd325cb142bde40fbcfa4304e7b73cc10a16,True
2,981,L23,12952314724061954500,1,19a71eb9f7ff56860c6705574df8e6206111d08131e8c70172e1a58c9e16a6b3,True
2,981,L32,17712978814829390915,1,fb4e1faf7ed156647c1a18f4238883a57da11742b28b5edf1d620e492e7d69e8,True
2,982,L12,1719628794303621137,1,6b9159bbb1fa3f866b9bbf4a8fa334194b462cd49375d1a0fd83358f3c7b3f80,True
2,982,L21,4044570555682944227,1,3673ca64c3ea42073a8edd62175aee3237caabb028b4a40a4c9a3af1a72b0465,True
2,982,L13,6750950086708523917,1,05158c18e32b442fc966fd09f187a5893bdf44659684c6eef86f6a71f84abccd,True
2,982,L31,16325152633090433863,1,82b304f33fa1405e9d2f2bb9b24587390d908346e2d3baff8ca1721d2ff7a2b5,True
2,982,L23,892732138724613199,1,4715d33db6188b1333205d24df5b4e1521e1630ca878c800fcf774ec22cc0544,True
2,982,L32,8910785094864510943,1,032b2485b1201d467c5c571361ff58a7161598f8f666c4292bcda70308d2d5f4,True
2,983,L12,12714657052289994090,1,86578ca0589bb6232c99f1db8af7d05c478bb7e6e970afa1cc94fe9e9ad21f17,True
2,983,L21,6559330180649816173,1,ed3c7811b050105b34227e33a10569c3e6584170b263e27de7bfe67855bccdff,True
2,983,L13,7935223588691987190,1,c808a5731547d39b7b752ae0351e002140f6e56c29b065c6fd5a9036b1dd1160,True
2,983,L31,4297442424986742878,1,f548c4da725e544e39486648d836d7fd77733e455b604609fb6c0141071271d2,True
2,983,L23,9199803335305889591,1,988e1c95a4b8fecc3fff481a0929a1dccc2be07b2965f1c47eb46c70bb245c42,True
2,983,L32,636011082844354410,1,5dc72100ab939cf7a79cecd294b33b4057dd449a4ded9f85274b4c60ea1a5526,True
2,984,L12,9557801881302327197,1,e121bf924b3beadd1d03ec1c51c5769e7d61da409773fb0ea2980b3e8b2d0730,True
2,984,L21,11084806341708101757,1,8a9f0d4d62f091ea767156131950a65d679091b7801bd14167a84c0b0942d3e0,True
2,984,L13,15556820483504804974,1,d4492d2d3a39a09eaa968e21d42385382101475c7cdcd5219eee87356a23ff33,True
2,984,L31,6825727025906614880,1,2aaedeb27b8da7c7b8e810e292113547c71dcdd9c4935f7482df6d060cd9a559,True
2,984,L23,3549749975348239167,1,7b6ae29f2a6b2eee8d4deec3665465202aeb14322ed9681232551593b1a8a594,True
2,984,L32,5471458884786539685,1,af7e44bfdb4373e4f5b3c9d893d05478181a9824a6c5aed70150f7f31e0dd506,True
2,985,L12,14894147858329796821,1,a56ccbf2511aee75082cba8f47cd9db0c9777085b2bb63b11a8df6715d8d1226,True
2,985,L21,1157587314627976162,1,4e5f98897f5ed78be71740bfde27c0c2b029faaff2c709ded2a0bb4a85c8b0e9,True
2,985,L13,5667473267853335954,1,ab730a8fc16d39e57f4fa5e2953989029b32b47fe7ca5b2982382432e3948216,True
2,985,L31,2870192695712738079,1,db7d1c8da8b2dad753eea25ecdfdd976856004857022eb8ce4d2e312a7803c4d,True
2,985,L23,7645139504395981323,1,1475894d2ac114fb903c175b898c8e0e04bd7b19667ab615b2aea09ca714166f,True
2,985,L32,10902020009084572155,1,fc4fe469f4afa638b4009922a4a6594e61e264b3c2960f3ebd115731624d2337,True
2,986,L12,5596071146898303048,1,51251353d61d2c2c4cc5342176c66effaae9e9f163f46e86ecdda08a595fb3c6,True
2,986,L21,2127700586084271704,1,9cc22b111b7d41d59103eb075383ca0935d6f9e717388c1008eb7b427653e9ac,True
2,986,L13,6525308419316281872,1,20e4ca5ba5b6338a26c56f651e2706cec6cff9f578bb069d12ff2710445f99c2,True
2,986,L31,12202287583133864608,1,954afe0a7ae81928b9893824583f7cd38306db9b9887d2c26c743ccf7282af09,True
2,986,L23,16229876272301964754,1,948d7c693f3db46daa82d76505677117324d6083b7023a14eff38e61ebeaee3e,True
2,986,L32,7344328051179736708,1,149d8e45ace6fb7bbd7a636667f5595529dbc8d624162450dda8491820064d03,True
2,987,L12,994394486896476053,1,a825c5384d9a31dbca90e9f94dfb00e1a11f2e05a3f0f2bdacb06e6bff95a0b4,True
2,987,L21,8006262542928647197,1,ccf2a7b1d4cd4d72efc210a0263f012e30001ce52b313f7154b09820b4bf8df2,True
2,987,L13,9151826054063699744,1,3edba350da7a0a97caec349813f106a08829a8f403c95642882a5112837c481e,True
2,987,L31,12146356510811345653,1,c77b365f5d57f613ed71c331034a8244e8ed2454a0ebbe3b2d65e6cc7bb923ee,True
2,987,L23,2146266164865963122,1,047f7e448b706c55f4bdbd6f92ef1a5942e64cc784c9726074afd2d8f460ce5d,True
2,987,L32,2717770764783154264,1,b6bde1d3847d9632a0c3ae4d169f8445824903f63a4e3db2c979e8455bd1c823,True
2,988,L12,17530030766653658382,1,3c2353a26c2a79755ec5560102d75a2e213e2ad760192cd40f21d6ef2a4ab9ea,True
2,988,L21,16500553875799589216,1,2d2b32f6e9c15a9543414c4d815ec3987fd3c1a21f7a2c826ee15f1547aaa39d,True
2,988,L13,2325708872926408306,1,94cb66c48ae1bceb515ea45dab7ea745ad7c09d673bcb14d8ccfbcda1aa555d0,True
2,988,L31,814315375767585469,1,96ba13734589ddc11bda583f8148844a20942052e7865347b4d1639fb68d9994,True
2,988,L23,7496425033179480255,1,e809c399af0d6cd9d8dc3882c7e59568edd02fa185a8a10e872ddfb32f31cf9a,True
2,988,L32,16680885910704748633,1,d2845c44ed4b263c861c97f6749ecef4c7ac17a982b4227ad324931f6fd80254,True
2,989,L12,2917984415230886730,1,c7e23db9c9b7aa6396bd8b9c05d7d7c45e00a0700aab491d181c5af9888061d7,True
2,989,L21,8322866650485753875,1,50c24078f4028e9703d35e77bc5a2c5c295dd2f1f9cf58fe6d34d9c0d8fff693,True
2,989,L13,11409901974546752379,1,0dd6a7a78319da0aa647c73f19e6d154eb5e250dd86313f871f16f97263af2f0,True
2,989,L31,17710014822093906699,1,2da99662948c587136a75f5d0d04d7e7b5bdff9934386e85354afb38e7d7c8d7,True
2,989,L23,15067913718150625358,1,c5b68dfd2a7727f22ec237a693611fa004fabe35cd2e7422282f825e908cd450,True
2,989,L32,6550615444833986547,1,afc93fd063edc007798cba438deafdde8be3e0d2665aa703af3e2e42be3bb0c3,True
2,990,L12,2224767921185253047,1,fc2b4130c657923da8f64ab3bfbffefb45755fc2c5e03a524fed635fff3296cf,True
2,990,L21,4468765311875942357,1,f09aa24b2b6e05a8af0d03b6098be8ed7851710b89329a730b894ca09601c174,True
2,990,L13,6559100303624479227,1,7309231ea0b3e5b9c97ece52257f81d4f729971c24c77b0b13b372ec65987d2e,True
2,990,L31,15135630773380116015,1,1e0efd37822d02dda46d9c07ac9b156821bdd34502fbee2b425eadff700608e9,True
2,990,L23,5439869262815209438,1,9eac5deac6836e53859846d42c85259a2a71eee8943f045ad9a7f1a7c9fdee26,True
2,990,L32,10247435697308255688,1,f8e476c800f78695e8cee5b7dbaaed382ec5b4991a42e1bb97d7b9ae9774ce1a,True
2,991,L12,1021040298367860329,1,afd16199ca9aee9bba7905700aadda29e88b1d9d6ada5af2f34b0b928dfe37f1,True
2,991,L21,15492674013559301661,1,e6e75f753f924f607ce49d173cad5c802a4c801ddf6745828549d3c2df2d62fc,True
2,991,L13,6700603516204957638,1,d52fc7054852ea7355a638ae821c3a632bf64eb6a21f647491499e4e9ab58322,True
2,991,L31,8222102066184525819,1,8fe9a65f3bf507647fe8fcd0794511c596ebc1ebd05e67eb2bc87df92d6ba36c,True
2,991,L23,10144106841800484176,1,061db869f8d97195936fe9db955084119224bce1a1fae8cb0b1362c11edc03d4,True
2,991,L32,17192991742268871780,1,4dbd51ffa855f423931853b2b39196e03c36d9c7bb4ad91f456b9475b3862338,True
2,992,L12,14756427823997173628,1,c60bbf8a3f71df52086a3127b93ca1b1db49560acd57cbe12df42b6bc532f9f5,True
2,992,L21,8111694163946937725,1,3f77106950456b02c97d58c8f6eaffa511140db8fbc07ae207406ca2279f040d,True
2,992,L13,9450806439188946625,1,c383dfe6cbc4120776c5032f98bdcf731e1f48d1d69dc4cb237c9b190edc5ef8,True
2,992,L31,17329627406324032923,1,4875aa66b37487fac3b02311672bf922a6c96c2ad7ae9bbbdbdd24cc470470ea,True
2,992,L23,9395147086062320072,1,14c644c3df043fc4ab1c2d79fee62b5b5512c1bb4eb3b706d0fc2a0258761040,True
2,992,L32,7707521172359638090,1,e9824afe274b0d290e9fbb60e025ca0a4feaf28f1144f50bb29fe55def92343b,True
2,993,L12,12505047037625088040,1,efa3a7cea748bdae9c56ba41a37039a342db471de78b850e74b68b0abe6a5418,True
2,993,L21,16418744063109532957,1,1cb4532ff0d80d3258fefa638df3249e853bb84922a0bba4608abf5448322b4d,True
2,993,L13,2736615076363568783,1,7562b9e07e6df0dc5ac523a78995279ef8ae8f907ce0df2480af1678213372f0,True
2,993,L31,16228487147814380055,1,a20f8f6df64c89da0592e4233546633b4f3436b817c41e20692b06e342d47b45,True
2,993,L23,775803223727853117,1,36a698780c92cff0cdc31ae765817c389197ee9f2d31de54339ce9a01c302795,True
2,993,L32,11311469659318530158,1,f57ed027d6a2b3ed61ebe721da9f2962fe283ea49fe52eabb732d4bf2bb99b04,True
2,994,L12,12676937047153458569,1,20ad7831f48a80172e0379d0243ae81ca787db3a01d74862316f998e31c3c908,True
2,994,L21,3396216616586260380,1,d6d25fa0d5170f1c6d63a19ca84befa4d7e3190b954b710ee514b897300e6bf0,True
2,994,L13,13898494091017576381,1,2e9c335b4e8b3be13bcff4ff9d26e9f4ebf916684d23f37b5a093345d0e9de10,True
2,994,L31,9445163834047514865,1,7759e36ea4b9c8a04395bf54178c89c96ef2dc3d0b0cb9585ef18cbf1ca75ee7,True
2,994,L23,8155012596011998121,1,f8c7b80f1f750afe29e161b12d9a12c717db48ff6e6bd4ca20a8bf484bb0b447,True
2,994,L32,2511062030780496999,1,b2900184bda1f728d7b3e9ea6c36aaca56aedad9af42d40e97d3425272df7da8,True
2,995,L12,8302946579591720131,1,b07762ebfd2911559fbe33f08fdd2662c2a8671659aaad69c00a27c34bbfe122,True
2,995,L21,18391214158414952865,1,30d1e1675d7b8c080c3d7ec1145ecbb9402ac830834ad71160d76f62f31f71bc,True
2,995,L13,16272935364558398600,1,1d29b66a254629e2efaf07ca920a2602ae7dc4e0b068e38e612710281824db29,True
2,995,L31,7585352249862926568,1,da19c9e61a5a138204aa9bc66ee05b30208f733b3c78c0e99e539a1909edfece,True
2,995,L23,12966830098396626323,1,2262381dafbae58c208b6229b093e7764a8fb135141cf8a61fde99395a20e118,True
2,995,L32,13733285915372592136,1,17f2a5a6fac7820fb8ad9f87f5fc40322dd03b60d0e151eed5c2cc5b05b51dd9,True
2,996,L12,8793810674949123687,1,ccfd80624046e5ae31406c623fed98764760150c12881cc806f9c7fb3f5f9fcc,True
2,996,L21,17673062983467930359,1,8df2c2c07a4ef0b64e76076bfb75c124ae965734b668a70df6394eee9e8c06a3,True
2,996,L13,3994888600034111401,1,206389c9f021389835a2939f929a26f349e7e5e3665addfe8a83dd63d4faab97,True
2,996,L31,1598391460902611269,1,bac5d5d5fb16c9a887dc94083529601e71a77a4b63880a7799a87359760d4c36,True
2,996,L23,14519957428615561070,1,91fdc4a0d9fb865a9b0a73a1f24cf80bfa4e93ac2819ab0e61efb32b1fb8f1df,True
2,996,L32,17810480948385942134,1,0642dc6b7f2ed922cd9c2e1da646408cbe6e4c00b523166afc93518798fc8b8a,True
2,997,L12,13334442275246460236,1,182c9d478af118e4a84f3ecd320dbbeadc10f0a2ab2ee17bfd479a8b8ae546e3,True
2,997,L21,2893449152133485456,1,17ecd2c930765eff124bf21189c529709e3cddf06f15a5926b23a95ab53694fd,True
2,997,L13,16952277472685470083,1,47282cf775f20f98facade89ce40ca320845e31673c753cf94c7bd1865407174,True
2,997,L31,4882599051636707553,1,eee874bb8b0f36fa997d5d08d7190d1cf06ada262817a3e1e519ad643b8cb33b,True
2,997,L23,10947457700425896943,1,fa2c0ee0ec678d1b8ef3a375ebe12c0a6674ef31c0aff427c6d01ba565ff9058,True
2,997,L32,11192117295050800560,1,f622882a957ab712023b724042fb988b520a3a42f6e0a8d6824026f908c73f23,True
2,998,L12,2782602218543055943,1,c450b5a0f50f1699ce18c3a2640158d77833c71682e3e205b51b09769666db6a,True
2,998,L21,5978988056075806741,1,ad96e8de57d991c48fec162e33c65630eaee8d49e70ba7c14eb5a681d0386ced,True
2,998,L13,3087624030841516339,1,81f57dff0c550a8009aa746c36d92d26e6d4617bc02f585fae50adc6a25be183,True
2,998,L31,11941320704460946537,1,fe859e898f0b1ba8b60bb995343e900aede45b22cd0f829ca5a8a87721e7af11,True
2,998,L23,16477613048655071188,1,b63cb351f424b9dc990b9c87a84b17ce570fb25ac3b48f050789f3c23c38fd64,True
2,998,L32,39206413696189185,1,6361e43e3cdb413283bbf5c6e0a2a51238f5c90af95d06db16a5dafc2bd3e0b8,True
2,999,L12,6154139520471012120,1,07801f105867dc3ab9ee2473c9238c02df67c0bcfc07208a4e62a96881e2acb3,True
2,999,L21,8208875226423394823,1,7faf510c0487e48dd48b9447e267f0d0a903cfa6e8be89393559332351f15c82,True
2,999,L13,10889627479162412074,1,cf42bb4968affa59e8004697d09af6c065c9629eaf47069c7188ac8e537ae103,True
2,999,L31,9406281510310012069,1,3e800a2fbe857a77dd15975160036bcad582c39e80b22a88e4de9d6b325ab8e5,True
2,999,L23,15214117011502799122,1,a0ef33c469d504e73ce3772279fd46c387e5f004e471c87da38f13d320a630ec,True
2,999,L32,40123566109360916,1,7b0c06aba53c9089e9c347d57b5e8eed64f9dd8fc14de21706032b5d5cd0a059,True
2,1000,L12,4536319363031160618,1,2e8ac049c7f9e83df9e83b3f15f24150296e8a2a6133b94f167a350d2bcd4ca0,True
2,1000,L21,13747941144655148054,1,47ddc1ef92c5b7d7ebaa44a49d63c3a41980467e88bbb47c02e9df530b41b0eb,True
2,1000,L13,5825570006185248888,1,efeaa440fe393a01a86204acc1984a14500aff59a58618c03332bede9238f87d,True
2,1000,L31,5836271884116295175,1,b9b9185beceb7efe35403f02e4e675477f1e8f48aad02f719ea9589bc36ccd5e,True
2,1000,L23,8343975995335851567,1,269063ada9e4d112fba9cf38e1ef7af132440ef8aeafc3702f239246a3550b4c,True
2,1000,L32,7188838398019380751,1,5e630425d0004ef72665958d504d74649bcc046664acd409b0fc820d3ae0853c,True
2,1001,L12,9406651151783297222,1,9edd1bdeda25ab4cd547f6cf9a040541087735708b2550cf0a4236f0f6efc310,True
2,1001,L21,9571594575473835733,1,04158c2da5e45c00749bc3671134a2ecce49e88490d417cd496b5341c60dec39,True
2,1001,L13,353802856601244295,1,a411704029190d8eb9bbd1719c963d93fc2b10ed9e3833867083598081c1238d,True
2,1001,L31,3184044276125796947,1,0330b5a3d4be0a84a9bb30cf64ee611bc8c701c2ae0f601ef71aaddc00eef92a,True
2,1001,L23,7441505344554025096,1,0d57cae63a9ac666380444901370ed420b04782acf9f26b53bfc8a3d5edadfe0,True
2,1001,L32,17552821605267807260,1,232c5d1984d9960161d4022966861c1f942bfe74c4b5d1d407e84d1a1c1fa1b9,True
2,1002,L12,14797243353197083125,1,9731a3155996762ce2fe3a119f0d93f842d64819608805e9ebd31781e67a9362,True
2,1002,L21,2586610306269166991,1,b2e6bfab6e0788240228c39b592aa1cecb3548268fa675fd994754a75f40959d,True
2,1002,L13,769373754450222528,1,21c1ec1db3d350f32da3dcced8e8cfc259a80ee12f437427bb3a7dd79fc6837f,True
2,1002,L31,9160594872612319339,1,e11b7af743ca40ae75b9bfe0f28be7115cafd24e8a76802848b2d8e07b7fc00c,True
2,1002,L23,3920837847925723186,1,7f3e04c0f9ee07f95e172194fa874741f47a14011add9908dbbb0123f4099d91,True
2,1002,L32,15691236925431807359,1,ded427b16f1144d1d1f3688cce595d9afaebd31c0cc4569dc868d4d4b20eacfc,True
2,1003,L12,12380592085981119242,1,bda8888df64a005223d888b568e850d8f89ce16951971af33e7e5cf414e7387a,True
2,1003,L21,315547680371468463,1,2da0169228c66ff7d83045f7e1ee00c08203400cf1fe126953a3c72a1283eb9b,True
2,1003,L13,756918375333544514,1,562260d1fc90c809f73fc2d20af5cb0a4d650032dc021204fd8236d3f7c2e953,True
2,1003,L31,4231972069071849316,1,02c405a714e68aa508d40533c74bc4ba6a9e532f200c526ff9d6a6cb07e3229e,True
2,1003,L23,16517100238244248036,1,b76b7f70534b266d7bb39e6f1a9ad68c6637ce12684ee902d43976cdd9dfea04,True
2,1003,L32,7254257517997746494,1,26bc597d6e8049a5d1a8b52db3b6e736bda7fe6a3a16d04268edd1b442811870,True
2,1004,L12,18272921632157038132,1,45f490ba240c0513acd01b661c4fde44f279c2b693c215d7d6b0fd741356aa84,True
2,1004,L21,9438936575831631893,1,fe9e786f9c668b06a70ac23b88c26f08e0e6d496fbca18978477740c579cb1fd,True
2,1004,L13,16950301553744593877,1,e05da3ada335e32360de0e9452e34b650dfb7d566b7056578b13abbff986b397,True
2,1004,L31,14216967602729939121,1,b01348a8280e2a3460ffa4f1ff7a05e799bc0fd5b640fe864aecf5e9a9603abd,True
2,1004,L23,5328953063093189569,1,e6ea01be8c37fc339c45f98bad9a7ce58bd1e394390d1fb1b020506d20ec327f,True
2,1004,L32,15849491350205588334,1,c396aef41faf5559588417c770569d334a99e1c36712a7be6bed055dcf60ff3f,True
2,1005,L12,15415525808668392695,1,5bdf05469dc8b11772218f041398126469f08a4fda8a337c085ae8bda64e0692,True
2,1005,L21,10701095614057796641,1,cbde88b8b3ecadb65456f9ca49150d84ff9d864906532b545494d4b2b9236773,True
2,1005,L13,10257588829185782717,1,33069c8f7c2a491afd5607ae2872110c6140f95634c5aa921e6b45e0d40a9f1f,True
2,1005,L31,15661239999491617439,1,3c179d8e441640ef8a683a4112f25c042fabfc80b0d62af97989d4ae5c339c32,True
2,1005,L23,3883830069635146845,1,b97d63afe5e16bc65129fe9845a1ca5fd358cea6ca652e7fa1aa5ef7cbc0b565,True
2,1005,L32,9203919355581864601,1,074294aa12b636f183c6fe2e7d5afaf42d36b08c889b16eb484179f01cf1214d,True
2,1006,L12,16234736073994990309,1,1756268d5c2dfb25f5791529521e15b12b3d6923180cb0bcc2dd87f38699119a,True
2,1006,L21,8918935343422764305,1,ae8ae8e18b87329b26d877d5513bc74c1d04e2f9f776ab04da2685cdad4a3d74,True
2,1006,L13,12849364502522795412,1,2b614a13ef0950a4ed4a57a62aa8b5e232b919b23f5d8a301b93dcdf6549e2cd,True
2,1006,L31,9211156296868384664,1,468364325b667a660d02076386f7e715d13c4dbd341c130dd0489a422a3d32b6,True
2,1006,L23,14894419616866920020,1,b7744e1ad91f3a615abfbcc77abf2013e48ccb86b1f7565f47fd4403d9f25330,True
2,1006,L32,1950336714728921289,1,edcad756117744bd3a522b8ad4f8791406ef03bef23ebac9746cd42b83b88a3c,True
2,1007,L12,2336986567629199327,1,55d317953cb6f155ca23296bc32af6ebbe713c073111617a98afa5f9ffaa3423,True
2,1007,L21,4129241078646684446,1,694c01061f476b1e7734145367eb80342b52003c538dab8199be323d200fa3cc,True
2,1007,L13,15866665522924519144,1,fda4ee25eecc76a5be4effd117b953acad6f51bc1207acadede9867dc316e6c6,True
2,1007,L31,9344377887515123933,1,9365739d7e49c906dc250c4abb5a196c58dea3e3a3507da1e9eeb38849cee5f4,True
2,1007,L23,280026445675248898,1,e5fa2cb83f38029335c106e2ff6178eb81a195121c72c0026cb916b032e5e721,True
2,1007,L32,9929933972992469520,1,e62ad0ea4e73076ecdbd09e879a9b9a3d77a791169a1439ade972c9fa3795931,True
2,1008,L12,1907961066214556531,1,b9f1337756974897a9808956b06b1bea2e41edbf9cbc3044fbfca7f8ff3f2919,True
2,1008,L21,8698237159631480190,1,410eccfe5004fe4679d0f6059b731695d2badd274c807a310e82ccb7910b0d8a,True
2,1008,L13,5450001529770522486,1,d105765ed868c0afc4358f8df4510a2d56f7eb6154e903ef9f55f2deb8bc5cac,True
2,1008,L31,1076571722890710870,1,87ef87c1170f9e4b03b0d58e64bf4daf3e664a1618ef15ecb883594a3e5cb5e6,True
2,1008,L23,3217251439464659547,1,63cd6d3ec83354191810c1409684f40444640be508896c96ce127b42044d2452,True
2,1008,L32,1435254949890734949,1,b9986d8a90a463307a8234b7553a237e45361439b4cf1b2c0957f7de35331bbd,True
2,1009,L12,9886967916640227588,1,950f5bb3b01c4e479f16f627c1d095100a5218302a74c34ffa771c0035b3ea8a,True
2,1009,L21,14689371500694678694,1,71763ce8c1813817586774820727426a2ac6fa80e64106cec082244f75029c44,True
2,1009,L13,512667049288395359,1,ffc2d560eea5669d90a6b67544fbff36b7b467f3586a29795f696210153726db,True
2,1009,L31,3548534818666835045,1,467e5181719cdbc5f6e4b8bfa62a028b1790ac1ea2b89ea6f0f8f8db01871b70,True
2,1009,L23,4901372581306898527,1,9d3c7ecb64e0fbc9c200fbeb4411cea94963921abd3f90c676c100dea6ddd9a9,True
2,1009,L32,12698085016812742584,1,6af45b734c7dbadcf4b98fbe38529d3d7fe623993fcad26d4bff5123fea00d26,True
2,1010,L12,15100538843979513078,1,ce9039328f3aac1be375924d6f628f42a8a6aa23e1f4219778fcd7506970dd25,True
2,1010,L21,17246719087336677507,1,6a05b2110ea83cc01c7032ff60596bba080af5b09f870e39930b12bc20251120,True
2,1010,L13,8998299533628871796,1,c1ead05e82645b6a38e45e60cda65eaba54022ade44249709673c330db243556,True
2,1010,L31,17699145211519311407,1,77255703313348551d3584bc5464a8cf378278e0e16c949196a1081e6207ca1c,True
2,1010,L23,3181942068010941913,1,d4c29bec35484bb0f277a1c164ffffdf9fa633a1fc5f64507fe4187a9ffe4638,True
2,1010,L32,8065349762062227489,1,bb5978cbb21629f14b999e73d39fad666a6a4139b9bdbbde0b734f8defce8b87,True
2,1011,L12,8201960583594851589,1,12cc0803a16b00c4a16ccb41aeaf12e3909c12902b697fea1e1742f5e4151774,True
2,1011,L21,250691533765368881,1,72b4c5965b6c92be5d1c3389f94b2e5aeb9a408eb55953aa810b638529245551,True
2,1011,L13,8026063656733860494,1,54c51c5f0f3ed755685ecb56fb21a1f79160938b1e1cb16b7aa5701204268f97,True
2,1011,L31,1653557124436999726,1,c917092a9cab37bc5f156c3e2c6ea9d2eee67dd856843234bbca004cfae0980c,True
2,1011,L23,2683617409527008458,1,5ea6d3acf56df562b38a553df0e4412c55736a56818efb1262646ce9dc1b6700,True
2,1011,L32,9294127976464597136,1,d919f5534abbd8a2c34887d54615b1d687c3833f454e69b690bfcda3c788269c,True
2,1012,L12,10477452537594097009,1,8b8256b185ee84c036f003c640feab0087969d3393709eb07f618df248363f41,True
2,1012,L21,3149533598102940309,1,6babc53d7a45b5e26b0cc427683472f596529634bf268b5d4454e5675b2d29d7,True
2,1012,L13,9621892295028326390,1,41d733b8dc2435b0240ff2ab0a6f83f227f401cd122967934446e1b64055d9a0,True
2,1012,L31,6313164594697491620,1,5306741ce6c42e6c3023afb466dded152b3ff9ad84e2639961ca95c32f0bbb66,True
2,1012,L23,7336157922674589629,1,d54eabf667fdf991472d50467b5df5fd0935e51992e789d8439d26eae24a8d9d,True
2,1012,L32,18336915597811886242,1,a6420221b2ff377b0160d0780fb6891db68e8f1da3f8785ee1a3c7e3f0adedc8,True
2,1013,L12,8323662564951863319,1,f485f0e527244b86aeab3f5779892871f9175fb3f2cfa2062ff9ec475c753c8a,True
2,1013,L21,65064826346373476,1,aec5765e6607881e940e82671edc4a6d82695a8ce7eb3a3755338da1e93f8118,True
2,1013,L13,16466395973863557058,1,2180dbe9b1805a581a77cacd73c63babf78a867731c13dadb68a9517c35e70b2,True
2,1013,L31,7619335072330782698,1,abd43dd143cc615ff27eeb3299a46ab3a8491e7c9a8089c35ead747c565d20da,True
2,1013,L23,14345573352120515725,1,3aec39a137ab5057ec7949bf0987d6d9596bbfef7e9876141ee40cf7ac4433c1,True
2,1013,L32,13996782852264153698,1,ea31b234216bb9cedfb3c0d2ea10e54b7794918afd43b2a049cbee407805171e,True
2,1014,L12,4411480328190789139,1,dc1ca2c6a40e116b5166d50f24941aac1a9f235e1a6b2934a62dd21dcf616ee4,True
2,1014,L21,8946246024217547188,1,d2c1931ac09d37e7645b82604faa6c0321dcb19cea3a55d5e5d99b78d65faeff,True
2,1014,L13,4067505295343091853,1,825a782e52ebc37260d680070c638b33d12cac4e87b05b34b0e76b54ede0006b,True
2,1014,L31,8906037559178495125,1,d8e5877b2726aa1e0a95bf46dfed4d3008a6f8ef479a1a6f900858f8614d0bad,True
2,1014,L23,16810814026359737399,1,ae72c97507ab310c12f37efdf608b150ee0e5c17c8907a9c701ee77f088d17fb,True
2,1014,L32,1758989787771878332,1,f8077a815e9c3a9ce380c9016d3040df8c40f497f954095c0877cc85786365ee,True
2,1015,L12,9299554192718235161,1,610b827e682126afe538d1ee2979c9e2320606d6bac5a9811ca77486b9103ed2,True
2,1015,L21,3421443155767624960,1,7334c1d3bd400dc575ae940e4dcf3698c05e83ca46ea8d8522dc5988d8d6e472,True
2,1015,L13,12675666210932053601,1,2643ef1c549f6b50e7acb878e797bb919738613ee87cf304c0b6aee1b3b83407,True
2,1015,L31,8124715209497132735,1,73958f19e376fd060ecb407a57438cffb148d1bf249ef375f562ab9883c6cf67,True
2,1015,L23,12679172897552310726,1,dddb7868a6734eaaa27973f6d573008ea035ed9caa6c0a8d1235b6a158084d4a,True
2,1015,L32,11469594356728173632,1,d18e2a7da44ade3426762f02497f4fa7e3351f420359eddc2e62114397cf6439,True
2,1016,L12,5278297477377977811,1,49db70204d3b1ec79eabe677a90379d19acf0458837117e2aaf2343e457135d8,True
2,1016,L21,5586693945137150824,1,c1a67414be5005cbb4600e81b3c80fd3994d931e2144941dfd95988864c3156d,True
2,1016,L13,2750137075671948622,1,ea59ddf13af8bea51073dd3f8ed76346a16ee98da91b5afb425df71785a23b1f,True
2,1016,L31,14966692411769490118,1,5f75659be26e1a36a04665d5a38dc7363a3a3a2843d57dff08b35d55c92a9bf4,True
2,1016,L23,8996583769931119778,1,82135eabd9e408ed31bcc0e8e86d9d8ba78556944b6ab701c2afc45b322ff3bb,True
2,1016,L32,11492192478953924330,1,d660e035da24531b2b151037cf00b79fec915a88aecfa71f76d422e081e69170,True
2,1017,L12,13831987827686339384,1,18748115e8113e691bc7c4288f3de13d63ba3dd08b6647682896a378947b52e1,True
2,1017,L21,1853478120216753276,1,9143c4d4610ff27b70a03c7b0b736383bfaaf75b4a15de5f1063df94da43dce7,True
2,1017,L13,7604780727506397680,1,58e37ea9415d195ba8c06d3227d22df70c1c5d9f39de1e2a56b7541eae3ed56e,True
2,1017,L31,9258724597475282660,1,80556881c498a20d0b0dfb3852f733aaea1c20636105090c1633f886dfbeec04,True
2,1017,L23,4159971040182159731,1,7604f8de70db770989604a9f4105137a8dab3dfe5cd7d2a7ba0f0fc7609602ef,True
2,1017,L32,18209258579781591870,1,c126f5f3590972acf4e9b4ed3c98f60be8cb8a652f5e7f48bec12a83453e4472,True
2,1018,L12,17272939149422901441,1,ea8401bcfe10f137a4dfa05285d12f6bbd25fce9ff4b32b7bb1cdcab2b3db625,True
2,1018,L21,1398245192825382085,1,5cde45858b3082e83061c6d8c861732203acad2cb357b0b21c5b2b1e66f1d3e1,True
2,1018,L13,8661166859887804496,1,180184df1871b1a31d620996581bf1db2bb0267edcda33879a744c2fc3eda86d,True
2,1018,L31,17016709004802139123,1,94ea94c0a2936ef814e27d5fd738448141659971d605625358e5eec71a252ac0,True
2,1018,L23,16091466867833443316,1,1973106ecb468e59a46a73effd7846171e160206fbb3b8df2941212c705b80d2,True
2,1018,L32,6964561541554661721,1,9bdc65b1856d3d4148430be1ff94618d45166f9c956621cebcf622a5c1a4a974,True
2,1019,L12,21126193134972038,1,b882f5983ac18a4e534ffc6262cc0adc43cd0b135245738bacfee4088c120518,True
2,1019,L21,3485416595187195569,1,19ba4759cd87dfbb29366b2d464581fa88ab68ef4f7aab93289a074cacbbfee4,True
2,1019,L13,12592082500073108397,1,8abf92072352c4b798b5ff1608ef54a2c963115983f729e030583f3649aebf42,True
2,1019,L31,13975569458889603721,1,cb400638929dde7ff028aec431cf08bcb5975951f9d7132e3068ce79af8a014d,True
2,1019,L23,13273069933851500829,1,d5295826346c937ecebdbe791ecc4d890b51f59b870ff557cbe28af88473c036,True
2,1019,L32,11956981873312161345,1,3d52d1efa70a35c6750b7d3421000c1e56e4e340a995aae1d087c2e87f8df1c1,True
2,1020,L12,13310876653039873317,1,05d668af8f769c4b29bc93d42ea594c4bd7f48e4f1607bc2987b104899495bc7,True
2,1020,L21,11526682026082045271,1,d706d46576c2eb55945c1093d81aac996898eb3ecc4a789aaea29217108d75ea,True
2,1020,L13,9899585174299651673,1,28799010cb01fd693f07eef472458c3a94cf383f12f6823daa07ca5cae266dd6,True
2,1020,L31,13163768051361733203,1,93fa50912305adb9ce10b9c8da4ec922f0138c365c0a0f40e6f4530aa3598f9f,True
2,1020,L23,2313694896331576110,1,6d93a47ff2051cacd69f9b8f6f7d5c3f1040950302f03e871a86c3d41a3058a1,True
2,1020,L32,7566656231836387181,1,1bb45c1c6e2f47585defd4dd825ab2375dba430d647a0ad5f2979a9c6f9ecd84,True
2,1021,L12,15228041398292750536,1,7e6e556da7e935ecfd3b71b935d4435c312603bac1b4e4dfa14147ac60d7ddbc,True
2,1021,L21,9475721718133644277,1,02c9eab7e3e796d25d348c53740b097775ee9dc69d97c2b0b16d8ba6ce2366f8,True
2,1021,L13,16489365342587091301,1,5346b8422987ca42fc0be8812c6df1f1d53c89c393473c4024c6bf089052a4ed,True
2,1021,L31,1862284015875861690,1,7d3cd837fd1365e5d793dc15e17bd56b310ecc568974ac4af55f89c1e9b313e8,True
2,1021,L23,539733921199270704,1,14fdbccacfd59fa44f84cd1c6a7af0c34afe99a94198686df85533bce174a2c2,True
2,1021,L32,15016506970065973096,1,30bfe4ec771fb13737bc69c9819caa1367802419a18c1fdc58017b5110034cb2,True
2,1022,L12,6050673415449993941,1,e4dc11e68969cc27b951cecc0455078e11e409513a6a55be19bdceee80b09e54,True
2,1022,L21,10514736051865434985,1,b7ada776a344a8fa31d2eee982af8908300bf4bbb2238db8004329b037050ac3,True
2,1022,L13,3436915093472179085,1,78d7aba8e9c1c3e1e51eddcc61a514c1074fbda8a627b06c42fb3a52e39e4cd9,True
2,1022,L31,14383525715480613269,1,f9ec12b8039acf7708d54aa4d8cd8def2f2aa44cf1b023e7df9bd736e840f677,True
2,1022,L23,649360666639056360,1,b00cba9cc6565f714fc1ce4b3727defd80b399beaa9691133e81f4ccdcf160ec,True
2,1022,L32,7825683434442092819,1,945847326f0c00deeb21f3a814fe39efc0fe6d2d5b22ee9a2d44154743c8cb3e,True
2,1023,L12,9038378766349810010,1,588d6351e546a4f5136faffa1746b7f672c3eac1ab6475a434298656d87eef98,True
2,1023,L21,1627583797062129483,1,0c6cd89af2b77689886a9d51aa5b34bc6fbaeb12c910507565ceef7f91e0905e,True
2,1023,L13,7693344001141884382,1,b0366330f74ca5020eaaf7d6775afb849f7afd780f2ac0779f516b389825fc8f,True
2,1023,L31,6013183450768759597,1,59f454a0570b091c01817165aba3cade9942ce5d76610535e6053430d9ad8ce0,True
2,1023,L23,11825190008649693417,1,625b8d507b9d8b0e0b70d612ac3976da8f416c4ec55ea89112e84df056edafdb,True
2,1023,L32,11149392682191118207,1,c42ff83cdc6c378b2f52f321d9caaa076997c3cbfaf7a4ceb63dd5b94662efd1,True
